priority,poi_id,name,location,category,latitude,longitude,fields_to_check,source_url
1,osm:node:445345255,Nhà 48 phố Hàng Ngang,Hà Nội,museum,21.0343278,105.8504388,opening_hours|factual_description,https://www.openstreetmap.org/node/445345255
1,osm:relation:16640104,Đền Bà Kiệu,Hà Nội,temple,21.03115965,105.8536002,verified_entrance|opening_hours|factual_description,https://www.openstreetmap.org/relation/16640104
1,osm:relation:17877970,Đài tưởng niệm các Anh hùng liệt sĩ,Hà Nội,historic,21.0360376,105.83869174406043,verified_entrance|opening_hours|factual_description,https://www.openstreetmap.org/relation/17877970
1,osm:relation:19179452,Đền Hai Bà Trưng,Hà Nội,temple,21.0121985,105.85518243956656,verified_entrance|opening_hours|factual_description,https://www.openstreetmap.org/relation/19179452
1,osm:relation:21390321,Vườn hoa Lý Thái Tổ,Hà Nội,park,21.02746485,105.85474948997958,verified_entrance|opening_hours|factual_description,https://www.openstreetmap.org/relation/21390321
1,osm:way:1019050231,Bảo tàng Chiến thắng B52,Hà Nội,museum,21.0355466,105.82609515205144,verified_entrance|opening_hours|factual_description,https://www.openstreetmap.org/way/1019050231
1,osm:way:1103182086,Công viên Võ Thị Sáu,Hà Nội,park,21.0055661,105.85695349767632,verified_entrance|factual_description,https://www.openstreetmap.org/way/1103182086
1,osm:way:1118494921,Chùa Hà,Hà Nội,temple,21.0371673,105.7951808651609,verified_entrance|opening_hours|factual_description,https://www.openstreetmap.org/way/1118494921
1,osm:way:1140667038,Chùa Phúc Khánh,Hà Nội,temple,21.00442585,105.8211646488508,verified_entrance|opening_hours|factual_description,https://www.openstreetmap.org/way/1140667038
1,osm:way:1219524639,Bảo tàng Phòng không - Không quân,Hà Nội,museum,20.99954075,105.82924209574325,verified_entrance|opening_hours|factual_description,https://www.openstreetmap.org/way/1219524639
1,osm:way:1481550721,Đền Voi Phục,Hà Nội,temple,21.03001975,105.80481563823562,verified_entrance|factual_description,https://www.openstreetmap.org/way/1481550721
1,osm:way:178995262,Đền Ngọc Sơn,Hà Nội,temple,21.0307272,105.85237633402963,verified_entrance|factual_description,https://www.openstreetmap.org/way/178995262
1,osm:way:185540946,Công viên Lê-nin,Hà Nội,park,21.03183055,105.83936962866082,verified_entrance|opening_hours|factual_description,https://www.openstreetmap.org/way/185540946
1,osm:way:207178320,Đền Quán Thánh,Hà Nội,temple,21.04300585,105.8365874325718,verified_entrance|opening_hours|factual_description,https://www.openstreetmap.org/way/207178320
1,osm:way:208255133,Bảo tàng Hà Nội,Hà Nội,museum,21.010013049999998,105.78630904389652,verified_entrance|factual_description,https://www.openstreetmap.org/way/208255133
1,osm:way:220302249,Chùa Trấn Quốc,Hà Nội,temple,21.0478837,105.8368374555966,verified_entrance|opening_hours|factual_description,https://www.openstreetmap.org/way/220302249
1,osm:way:28912942,Nhà thờ Lớn,Hà Nội,temple,21.0286483,105.84885664697529,verified_entrance|opening_hours|factual_description,https://www.openstreetmap.org/way/28912942
1,osm:way:339936730,Bảo tàng Dân tộc học Việt Nam,Hà Nội,museum,21.04007745,105.79884026629223,verified_entrance|factual_description,https://www.openstreetmap.org/way/339936730
1,osm:way:340128580,Nhà tù Hoả Lò,Hà Nội,museum,21.02542215,105.84650929170047,verified_entrance|factual_description,https://www.openstreetmap.org/way/340128580
1,osm:way:37933256,Viện Bảo tàng Lịch sử Việt Nam,Hà Nội,museum,21.02413995,105.85975990051139,verified_entrance|factual_description,https://www.openstreetmap.org/way/37933256
1,osm:way:700145152,Bảo tàng Mỹ thuật Việt Nam,Hà Nội,museum,21.03064175,105.83703600260962,verified_entrance|factual_description,https://www.openstreetmap.org/way/700145152
1,osm:way:700840711,Đền Bạch Mã,Hà Nội,temple,21.035934400000002,105.85098754596936,verified_entrance|factual_description,https://www.openstreetmap.org/way/700840711
1,osm:way:704134588,Chùa Quán Sứ,Hà Nội,temple,21.0244671,105.84541894356802,verified_entrance|opening_hours|factual_description,https://www.openstreetmap.org/way/704134588
1,osm:way:704147278,Bảo tàng Phụ nữ Việt Nam,Hà Nội,museum,21.023350649999998,105.85159581561891,verified_entrance|factual_description,https://www.openstreetmap.org/way/704147278
1,osm:way:879841441,Vườn hoa Diên Hồng,Hà Nội,park,21.0264781,105.8559750910072,verified_entrance|factual_description,https://www.openstreetmap.org/way/879841441
1,osm:way:941901613,Phủ Tây Hồ,Hà Nội,temple,21.0557278,105.8196419125835,verified_entrance|opening_hours|factual_description,https://www.openstreetmap.org/way/941901613
1,osm:way:947089943,Đền Kim Liên,Hà Nội,temple,21.0106804,105.8381394309297,verified_entrance|opening_hours|factual_description,https://www.openstreetmap.org/way/947089943
1,osm:node:12344125229,Di San Vô Giá,Đà Nẵng,museum,15.8771754,108.3342411,factual_description,https://www.openstreetmap.org/node/12344125229
1,osm:node:2076855866,Nhà cổ Đức An,Đà Nẵng,museum,15.8770533,108.3273582,opening_hours|factual_description,https://www.openstreetmap.org/node/2076855866
1,osm:node:2076855954,Nhà cổ Quân Thắng,Đà Nẵng,museum,15.8770968,108.3292876,opening_hours|factual_description,https://www.openstreetmap.org/node/2076855954
1,osm:node:2076856032,Boa tang gom su mau dich,Đà Nẵng,museum,15.8772671,108.329548,opening_hours|factual_description,https://www.openstreetmap.org/node/2076856032
1,osm:node:3189923484,Sa Huynh,Đà Nẵng,museum,15.8770347,108.3264247,opening_hours|factual_description,https://www.openstreetmap.org/node/3189923484
1,osm:node:4279640089,Nhà cổ Phùng Hưng,Đà Nẵng,museum,15.8772193,108.3257902,opening_hours|factual_description,https://www.openstreetmap.org/node/4279640089
1,osm:node:4537530289,Tháp Chiên Đàn,Đà Nẵng,historic,15.6158093,108.442489,opening_hours|factual_description,https://www.openstreetmap.org/node/4537530289
1,osm:node:5513474821,Terracotta Park,Đà Nẵng,museum,15.8778967,108.3001365,factual_description,https://www.openstreetmap.org/node/5513474821
1,osm:node:5674096859,Diep Dong Nguyen,Đà Nẵng,museum,15.8766285,108.3285601,opening_hours|factual_description,https://www.openstreetmap.org/node/5674096859
1,osm:node:5817580453,Art in Paradise Da Nang 3D Museum,Đà Nẵng,museum,16.0953807,108.2430769,opening_hours|factual_description,https://www.openstreetmap.org/node/5817580453
1,osm:node:7127464285,Hoi An Museum of Traditional Medicine,Đà Nẵng,museum,15.8766492,108.3298384,factual_description,https://www.openstreetmap.org/node/7127464285
1,osm:node:7520818185,Tháp Bằng An,Đà Nẵng,historic,15.8845159,108.2326904,opening_hours|factual_description,https://www.openstreetmap.org/node/7520818185
1,osm:node:7523625285,Tháp Khương Mỹ,Đà Nẵng,historic,15.5478107,108.5056326,opening_hours|factual_description,https://www.openstreetmap.org/node/7523625285
1,osm:node:8474743417,Bảo tàng Phật giáo,Đà Nẵng,museum,15.9994308,108.2545831,factual_description,https://www.openstreetmap.org/node/8474743417
1,osm:way:1077108382,Công viên Hội An,Đà Nẵng,park,15.88022145,108.33409755776162,verified_entrance|opening_hours|factual_description,https://www.openstreetmap.org/way/1077108382
1,osm:way:118609193,Thành Điện Hải,Đà Nẵng,historic,16.076325349999998,108.22176080170689,verified_entrance|opening_hours|factual_description,https://www.openstreetmap.org/way/118609193
1,osm:way:118691767,Bảo tàng Quân khu 5,Đà Nẵng,museum,16.04784955,108.21736029574272,verified_entrance|opening_hours|factual_description,https://www.openstreetmap.org/way/118691767
1,osm:way:1254909519,Công viên Nguyễn Văn Linh,Đà Nẵng,park,16.06136925,108.21997788865056,verified_entrance|opening_hours|factual_description,https://www.openstreetmap.org/way/1254909519
1,osm:way:1368599361,Bảo tàng Đà Nẵng,Đà Nẵng,museum,16.0750129,108.22393469245961,verified_entrance|factual_description,https://www.openstreetmap.org/way/1368599361
1,osm:way:302872188,Bảo tàng Nghệ thuật Điêu khắc Chăm Đà Nẵng,Đà Nẵng,museum,16.06012085,108.22308403997005,verified_entrance|factual_description,https://www.openstreetmap.org/way/302872188
1,osm:way:303341669,Bảo tàng Hồ Chí Minh,Đà Nẵng,museum,16.046445050000003,108.21824705334258,verified_entrance|opening_hours|factual_description,https://www.openstreetmap.org/way/303341669
1,osm:way:565592419,Bảo tàng Hội An,Đà Nẵng,museum,15.880301549999999,108.32946746079631,verified_entrance|factual_description,https://www.openstreetmap.org/way/565592419
1,osm:way:584941415,Bảo tàng Điện Bàn,Đà Nẵng,museum,15.88742105,108.25506137689874,verified_entrance|opening_hours|factual_description,https://www.openstreetmap.org/way/584941415
1,osm:way:595299310,Tan Ky,Đà Nẵng,museum,15.8764553,108.32783105,verified_entrance|opening_hours|factual_description,https://www.openstreetmap.org/way/595299310
1,osm:way:595471597,Bảo tàng Đà Nẵng (cơ sở 2),Đà Nẵng,museum,15.579491749999999,108.47581319569812,verified_entrance|factual_description,https://www.openstreetmap.org/way/595471597
1,osm:way:627379326,My Son Museum,Đà Nẵng,museum,15.7723562,108.10927905418927,verified_entrance|factual_description,https://www.openstreetmap.org/way/627379326
1,osm:way:675604354,Công Viên APEC,Đà Nẵng,park,16.05875315,108.22351227103643,verified_entrance|opening_hours|factual_description,https://www.openstreetmap.org/way/675604354
1,osm:way:759913076,Bảo tàng Mỹ thuật Đà Nẵng,Đà Nẵng,museum,16.0713664,108.21768617893152,verified_entrance|opening_hours|factual_description,https://www.openstreetmap.org/way/759913076
1,osm:way:961973763,Công viên Đầm Rong,Đà Nẵng,park,16.0836496,108.21792916978188,verified_entrance|opening_hours|factual_description,https://www.openstreetmap.org/way/961973763
1,osm:way:962129075,Công viên Hà Thân,Đà Nẵng,park,16.064907249999997,108.23182447297484,verified_entrance|opening_hours|factual_description,https://www.openstreetmap.org/way/962129075
1,osm:way:962130353,Công viên Hồ Nghinh,Đà Nẵng,park,16.0761981,108.24240329478714,verified_entrance|opening_hours|factual_description,https://www.openstreetmap.org/way/962130353
2,osm:node:1000087403,Nguyen Art Gallery,Hà Nội,gallery,21.0285199,105.8364926,opening_hours|independent_source_review|factual_description,https://www.openstreetmap.org/node/1000087403
2,osm:node:10091771745,Nguyễn Trãi,Hà Nội,historic,20.9727763,105.7815108,opening_hours|independent_source_review|factual_description,https://www.openstreetmap.org/node/10091771745
2,osm:node:10565072143,Điểm Nhìn Cây Cô Đơn,Hà Nội,viewpoint,21.3138919,105.7832552,opening_hours|independent_source_review|factual_description,https://www.openstreetmap.org/node/10565072143
2,osm:node:10647941388,Top Hill,Hà Nội,viewpoint,21.3446622,105.7978888,opening_hours|independent_source_review|factual_description,https://www.openstreetmap.org/node/10647941388
2,osm:node:10707281480,Tượng Nguyên Phi Ỷ Lan,Hà Nội,historic,21.000473,105.9680689,opening_hours|independent_source_review|factual_description,https://www.openstreetmap.org/node/10707281480
2,osm:node:10707281481,Chùa Linh Nhân Tư Phúc,Hà Nội,temple,21.0007507,105.968795,opening_hours|independent_source_review|factual_description,https://www.openstreetmap.org/node/10707281481
2,osm:node:10707281482,Đền Bà Tấm,Hà Nội,temple,21.000909,105.968635,opening_hours|independent_source_review|factual_description,https://www.openstreetmap.org/node/10707281482
2,osm:node:10707281483,Điện Mẫu,Hà Nội,temple,21.0005975,105.9689499,opening_hours|independent_source_review|factual_description,https://www.openstreetmap.org/node/10707281483
2,osm:node:10707300738,Khu khảo cổ,Hà Nội,historic,21.000814,105.9688638,opening_hours|independent_source_review|factual_description,https://www.openstreetmap.org/node/10707300738
2,osm:node:10709724111,Làng tết cỏ tế Lưu Thượng,Hà Nội,attraction,20.7655951,105.8125742,opening_hours|independent_source_review|factual_description,https://www.openstreetmap.org/node/10709724111
2,osm:node:10709724112,Làng giang Phù Yên,Hà Nội,attraction,20.9059837,105.6465455,opening_hours|independent_source_review|factual_description,https://www.openstreetmap.org/node/10709724112
2,osm:node:10709724408,Làng nghề dát vàng Kiêu Kỵ,Hà Nội,attraction,20.9827715,105.953726,opening_hours|independent_source_review|factual_description,https://www.openstreetmap.org/node/10709724408
2,osm:node:10709724410,Làng lụa La Phù,Hà Nội,attraction,20.9783903,105.7317022,opening_hours|independent_source_review|factual_description,https://www.openstreetmap.org/node/10709724410
2,osm:node:10709724411,Làng tiện gỗ Nhị Khê,Hà Nội,attraction,20.89621,105.8379955,opening_hours|independent_source_review|factual_description,https://www.openstreetmap.org/node/10709724411
2,osm:node:10709724412,Làng khảm trái Thôn Thượng,Hà Nội,attraction,20.7421626,105.8641791,opening_hours|independent_source_review|factual_description,https://www.openstreetmap.org/node/10709724412
2,osm:node:10709724413,Làng khảm trai Thôn Trung,Hà Nội,attraction,20.7387677,105.8663633,opening_hours|independent_source_review|factual_description,https://www.openstreetmap.org/node/10709724413
2,osm:node:10709724414,Đình làng Tự Nhiên,Hà Nội,attraction,20.8634559,105.9185044,opening_hours|independent_source_review|factual_description,https://www.openstreetmap.org/node/10709724414
2,osm:node:10709724415,Đền Đại Lộ,Hà Nội,attraction,20.9090748,105.8926442,opening_hours|independent_source_review|factual_description,https://www.openstreetmap.org/node/10709724415
2,osm:node:10709724416,Làng nón Chuông,Hà Nội,attraction,20.8319703,105.760651,opening_hours|independent_source_review|factual_description,https://www.openstreetmap.org/node/10709724416
2,osm:node:10709724417,Làng quạt và lồng chim Can Hoạch,Hà Nội,attraction,20.8104603,105.7782026,opening_hours|independent_source_review|factual_description,https://www.openstreetmap.org/node/10709724417
2,osm:node:10709724418,Làng tre Yên Kiện,Hà Nội,attraction,20.9279079,105.633816,opening_hours|independent_source_review|factual_description,https://www.openstreetmap.org/node/10709724418
2,osm:node:10709724421,Làng mộc Áng Phao,Hà Nội,attraction,20.8043906,105.7670815,opening_hours|independent_source_review|factual_description,https://www.openstreetmap.org/node/10709724421
2,osm:node:10709738007,Đền thờ nguyên phi Ỷ Lan,Hà Nội,attraction,21.0004912,105.9681829,opening_hours|independent_source_review|factual_description,https://www.openstreetmap.org/node/10709738007
2,osm:node:10709738010,Làng điêu khắc gỗ Dư Dụ,Hà Nội,attraction,20.8679575,105.8185921,opening_hours|independent_source_review|factual_description,https://www.openstreetmap.org/node/10709738010
2,osm:node:10709738012,Làng thêu ren Quất Động,Hà Nội,attraction,20.8413504,105.8777725,opening_hours|independent_source_review|factual_description,https://www.openstreetmap.org/node/10709738012
2,osm:node:10709738013,Làng khảm trai Thôn Ngọ,Hà Nội,attraction,20.7327174,105.8717211,opening_hours|independent_source_review|factual_description,https://www.openstreetmap.org/node/10709738013
2,osm:node:10709738014,đền Đại Lộ,Hà Nội,attraction,20.8787348,105.9155355,opening_hours|independent_source_review|factual_description,https://www.openstreetmap.org/node/10709738014
2,osm:node:10709738015,Làng làm hương thẻ Quảng Phú Cầu,Hà Nội,attraction,20.779619,105.7848349,opening_hours|independent_source_review|factual_description,https://www.openstreetmap.org/node/10709738015
2,osm:node:10709738016,Làng mây tre đan Phú Vinh,Hà Nội,attraction,20.9364693,105.6475969,opening_hours|independent_source_review|factual_description,https://www.openstreetmap.org/node/10709738016
2,osm:node:10709738107,Làng sơn mài Hạ Thái,Hà Nội,attraction,20.9033168,105.8666987,opening_hours|independent_source_review|factual_description,https://www.openstreetmap.org/node/10709738107
2,osm:node:10709738108,Làng điêu khắc và sản xuất đồ Mỹ nghệ bằng sừng Thụy Ứng,Hà Nội,attraction,20.874175,105.8407791,opening_hours|independent_source_review|factual_description,https://www.openstreetmap.org/node/10709738108
2,osm:node:10709738109,đền Chử Đồng Tử,Hà Nội,attraction,20.8698006,105.9210353,opening_hours|independent_source_review|factual_description,https://www.openstreetmap.org/node/10709738109
2,osm:node:10709738905,Làng khảm trai Bối Khê,Hà Nội,attraction,20.7203704,105.8668981,opening_hours|independent_source_review|factual_description,https://www.openstreetmap.org/node/10709738905
2,osm:node:10709762806,đình Chu Quyến,Hà Nội,temple,21.1964217,105.4427916,opening_hours|independent_source_review|factual_description,https://www.openstreetmap.org/node/10709762806
2,osm:node:10711731005,Đình Làng Nghiêm Xá,Hà Nội,temple,20.8072915,105.8519944,opening_hours|independent_source_review|factual_description,https://www.openstreetmap.org/node/10711731005
2,osm:node:10712262605,Đình Phương Châu,Hà Nội,temple,21.2471574,105.4233913,opening_hours|independent_source_review|factual_description,https://www.openstreetmap.org/node/10712262605
2,osm:node:10712524505,đền Chu Quyến,Hà Nội,temple,21.1974086,105.4433637,opening_hours|independent_source_review|factual_description,https://www.openstreetmap.org/node/10712524505
2,osm:node:10796214322,Đình làng Tri Chỉ,Hà Nội,temple,20.7845464,105.8295455,opening_hours|independent_source_review|factual_description,https://www.openstreetmap.org/node/10796214322
2,osm:node:10796252680,Đình Hạ thôn Đông,Hà Nội,temple,20.7853766,105.8307366,opening_hours|independent_source_review|factual_description,https://www.openstreetmap.org/node/10796252680
2,osm:node:10796252681,Miếu Cầu Đông,Hà Nội,temple,20.7837015,105.8326302,opening_hours|independent_source_review|factual_description,https://www.openstreetmap.org/node/10796252681
2,osm:node:10796252682,Chùa Trung Đồng,Hà Nội,temple,20.7832025,105.8283762,opening_hours|independent_source_review|factual_description,https://www.openstreetmap.org/node/10796252682
2,osm:node:10796252683,Đình Nghè làng Tri Chỉ,Hà Nội,temple,20.7875056,105.8256833,opening_hours|independent_source_review|factual_description,https://www.openstreetmap.org/node/10796252683
2,osm:node:10839104679,Tiệm Cắt Lông MiMi Pet - Ngõ 42 An Dương Vương,Hà Nội,temple,21.0862468,105.8170748,opening_hours|independent_source_review|factual_description,https://www.openstreetmap.org/node/10839104679
2,osm:node:10839148596,Công ty Cổ phần Thương mại Dịch vụ Kadoki Việt Nam,Hà Nội,temple,21.0874318,105.8161173,opening_hours|independent_source_review|factual_description,https://www.openstreetmap.org/node/10839148596
2,osm:node:10839148972,Mật ong thiên nhiên số 1,Hà Nội,temple,21.0884522,105.8147659,opening_hours|independent_source_review|factual_description,https://www.openstreetmap.org/node/10839148972
2,osm:node:10839162706,MTdoggycamp,Hà Nội,temple,21.0856742,105.8169632,opening_hours|independent_source_review|factual_description,https://www.openstreetmap.org/node/10839162706
2,osm:node:10855401087,Cung cấp bán buôn thiết bị âm thanh bãi,Hà Nội,temple,20.9256634,105.8877734,opening_hours|independent_source_review|factual_description,https://www.openstreetmap.org/node/10855401087
2,osm:node:10855401101,Miếu Tranh Khúc,Hà Nội,temple,20.9270463,105.8862195,opening_hours|independent_source_review|factual_description,https://www.openstreetmap.org/node/10855401101
2,osm:node:10855443206,Chùa Tranh Khúc,Hà Nội,temple,20.9249559,105.8887657,opening_hours|independent_source_review|factual_description,https://www.openstreetmap.org/node/10855443206
2,osm:node:10855443210,Cơ Sở Sản Xuất Đồ Gỗ Nội Thất Cao Cấp Trọng Nguyễn,Hà Nội,temple,20.9243782,105.8907875,opening_hours|independent_source_review|factual_description,https://www.openstreetmap.org/node/10855443210
2,osm:node:10856178288,Nhà Thờ Giáo Xứ Vạn Phúc,Hà Nội,temple,20.91148,105.8935274,opening_hours|independent_source_review|factual_description,https://www.openstreetmap.org/node/10856178288
2,osm:node:10856178293,Nhà vườn Phú Khanh,Hà Nội,temple,20.9113615,105.8923173,opening_hours|independent_source_review|factual_description,https://www.openstreetmap.org/node/10856178293
2,osm:node:10856178304,công ty cp thép Việt Xô,Hà Nội,temple,20.9094372,105.8933711,opening_hours|independent_source_review|factual_description,https://www.openstreetmap.org/node/10856178304
2,osm:node:10856207109,Panel Việt Xô,Hà Nội,temple,20.9086212,105.8936199,opening_hours|independent_source_review|factual_description,https://www.openstreetmap.org/node/10856207109
2,osm:node:10856207114,Đền mẫu Đại Lộ,Hà Nội,temple,20.9084908,105.8927824,opening_hours|independent_source_review|factual_description,https://www.openstreetmap.org/node/10856207114
2,osm:node:10856207119,Miếu Cậu Quận,Hà Nội,temple,20.907834,105.8930142,opening_hours|independent_source_review|factual_description,https://www.openstreetmap.org/node/10856207119
2,osm:node:10856207127,Dam Temple,Hà Nội,temple,20.9059881,105.8925965,opening_hours|independent_source_review|factual_description,https://www.openstreetmap.org/node/10856207127
2,osm:node:10872867309,Chùa Mật Dụng,Hà Nội,temple,21.0477921,105.8109189,opening_hours|independent_source_review|factual_description,https://www.openstreetmap.org/node/10872867309
2,osm:node:10927941369,Chùa Phượng Vũ,Hà Nội,temple,20.7982782,105.8496957,opening_hours|independent_source_review|factual_description,https://www.openstreetmap.org/node/10927941369
2,osm:node:10967377350,Miếu Vật,Hà Nội,temple,20.8107653,105.8504346,opening_hours|independent_source_review|factual_description,https://www.openstreetmap.org/node/10967377350
2,osm:node:10967377351,Miếu Dộc,Hà Nội,temple,20.8120766,105.8515383,opening_hours|independent_source_review|factual_description,https://www.openstreetmap.org/node/10967377351
2,osm:node:10967377352,Miếu Văn Chỉ,Hà Nội,temple,20.8126871,105.8542675,opening_hours|independent_source_review|factual_description,https://www.openstreetmap.org/node/10967377352
2,osm:node:10967377372,Chùa Làng Nghiêm Xá,Hà Nội,temple,20.8075862,105.852103,opening_hours|independent_source_review|factual_description,https://www.openstreetmap.org/node/10967377372
2,osm:node:10967377396,Miếu Đình Lẹm,Hà Nội,temple,20.8060517,105.8518951,opening_hours|independent_source_review|factual_description,https://www.openstreetmap.org/node/10967377396
2,osm:node:11025863783,Đài tưởng niệm liệt sĩ phường Phúc Lợi,Hà Nội,historic,21.0419097,105.9271755,opening_hours|independent_source_review|factual_description,https://www.openstreetmap.org/node/11025863783
2,osm:node:11043816631,Cây BMW NSC 30525,Hà Nội,historic,21.0135953,105.86053,opening_hours|independent_source_review|factual_description,https://www.openstreetmap.org/node/11043816631
2,osm:node:11081071414,Khu trưng bày máy bay,Hà Nội,museum,21.1403976,105.5049193,opening_hours|independent_source_review|factual_description,https://www.openstreetmap.org/node/11081071414
2,osm:node:11086025940,Bia khánh thành Hồ Suối Hai,Hà Nội,historic,21.1655582,105.3819923,opening_hours|independent_source_review|factual_description,https://www.openstreetmap.org/node/11086025940
2,osm:node:11112006405,Xác máy bay B52,Hà Nội,attraction,21.0379386,105.8270934,opening_hours|independent_source_review|factual_description,https://www.openstreetmap.org/node/11112006405
2,osm:node:11166198534,Phế tích Pháp – 400 m,Hà Nội,historic,21.086867,105.3747421,opening_hours|independent_source_review|factual_description,https://www.openstreetmap.org/node/11166198534
2,osm:node:11240584042,Đền Quán Đôi,Hà Nội,temple,21.0406157,105.8054486,opening_hours|independent_source_review|factual_description,https://www.openstreetmap.org/node/11240584042
2,osm:node:11387469601,Đình Chùa Vàng,Hà Nội,historic,21.0348324,105.9393792,opening_hours|independent_source_review|factual_description,https://www.openstreetmap.org/node/11387469601
2,osm:node:11397903985,Đài tưởng niệm liệt sỹ Dịch Vọng Hậu,Hà Nội,historic,21.0312557,105.7871724,opening_hours|independent_source_review|factual_description,https://www.openstreetmap.org/node/11397903985
2,osm:node:11449233337,Blue Gallery,Hà Nội,gallery,21.0249365,105.8556143,opening_hours|independent_source_review|factual_description,https://www.openstreetmap.org/node/11449233337
2,osm:node:11502465296,Ngày hôm nay...,Hà Nội,historic,21.1184841,105.3218221,opening_hours|independent_source_review|factual_description,https://www.openstreetmap.org/node/11502465296
2,osm:node:11502465299,Nhớ ngày Bác tới...,Hà Nội,historic,21.1182522,105.3216292,opening_hours|independent_source_review|factual_description,https://www.openstreetmap.org/node/11502465299
2,osm:node:11534640150,Đài tưởng niệm liệt sĩ phường Lê Đại Hành,Hà Nội,historic,21.0139917,105.8493943,opening_hours|independent_source_review|factual_description,https://www.openstreetmap.org/node/11534640150
2,osm:node:11621684847,Chùa Tràng An,Hà Nội,temple,21.0178196,105.850751,opening_hours|independent_source_review|factual_description,https://www.openstreetmap.org/node/11621684847
2,osm:node:11634634900,Cối xay nước,Hà Nội,attraction,21.040142,105.7989211,opening_hours|independent_source_review|factual_description,https://www.openstreetmap.org/node/11634634900
2,osm:node:11636607297,50 năm giải phóng thủ đô,Hà Nội,historic,21.0404313,105.7972331,opening_hours|independent_source_review|factual_description,https://www.openstreetmap.org/node/11636607297
2,osm:node:11681012714,Bảo tàng Tố Hữu,Hà Nội,museum,21.0398614,105.7938659,opening_hours|independent_source_review|factual_description,https://www.openstreetmap.org/node/11681012714
2,osm:node:11691256822,Vĩnh Long Gallery,Hà Nội,gallery,21.010054,105.8513401,opening_hours|independent_source_review|factual_description,https://www.openstreetmap.org/node/11691256822
2,osm:node:11696067917,Điểm Nhìn DT35,Hà Nội,viewpoint,21.2939097,105.795214,opening_hours|independent_source_review|factual_description,https://www.openstreetmap.org/node/11696067917
2,osm:node:11882942765,Đình làng Phú Thứ,Hà Nội,temple,21.0023443,105.7506069,opening_hours|independent_source_review|factual_description,https://www.openstreetmap.org/node/11882942765
2,osm:node:11934159272,Chùa Đỏ,Hà Nội,temple,20.9751906,105.783403,opening_hours|independent_source_review|factual_description,https://www.openstreetmap.org/node/11934159272
2,osm:node:12057863165,Bia tưởng niệm liệt sĩ phường Điện Biên,Hà Nội,historic,21.0327149,105.8327812,opening_hours|independent_source_review|factual_description,https://www.openstreetmap.org/node/12057863165
2,osm:node:12090398186,Lunet Art Galerie,Hà Nội,gallery,21.029912,105.8387223,independent_source_review|factual_description,https://www.openstreetmap.org/node/12090398186
2,osm:node:12281167165,Vườn Chuối,Hà Nội,historic,21.0563167,105.7250219,opening_hours|independent_source_review|factual_description,https://www.openstreetmap.org/node/12281167165
2,osm:node:12284557543,Công Ty TNHH IZISolution,Hà Nội,temple,21.0297845,105.7850495,opening_hours|independent_source_review|factual_description,https://www.openstreetmap.org/node/12284557543
2,osm:node:12343629708,Đình Cổ Vũ,Hà Nội,temple,21.0316547,105.8499022,opening_hours|independent_source_review|factual_description,https://www.openstreetmap.org/node/12343629708
2,osm:node:12369171254,Đình làng Thôn An Cư,Hà Nội,temple,20.6912345,105.8354428,opening_hours|independent_source_review|factual_description,https://www.openstreetmap.org/node/12369171254
2,osm:node:12404222239,Chùa Hoà Phúc,Hà Nội,temple,20.9538442,105.5709252,opening_hours|independent_source_review|factual_description,https://www.openstreetmap.org/node/12404222239
2,osm:node:12447043443,Đình Làng Thanh Trì,Hà Nội,temple,20.9993313,105.884113,opening_hours|independent_source_review|factual_description,https://www.openstreetmap.org/node/12447043443
2,osm:node:12458510813,Công viên Long Biên,Hà Nội,historic,21.061563,105.9025195,opening_hours|independent_source_review|factual_description,https://www.openstreetmap.org/node/12458510813
2,osm:node:12473783268,Công viên Long Biên,Hà Nội,historic,21.059922,105.9043856,opening_hours|independent_source_review|factual_description,https://www.openstreetmap.org/node/12473783268
2,osm:node:12492157862,Hươu cao cổ,Hà Nội,attraction,21.0314072,105.8060383,opening_hours|independent_source_review|factual_description,https://www.openstreetmap.org/node/12492157862
2,osm:node:12492265364,Khỉ vàng,Hà Nội,attraction,21.0305385,105.80549,opening_hours|independent_source_review|factual_description,https://www.openstreetmap.org/node/12492265364
2,osm:node:12492265365,Khỉ đuôi lợn,Hà Nội,attraction,21.030144,105.8061354,opening_hours|independent_source_review|factual_description,https://www.openstreetmap.org/node/12492265365
2,osm:node:12492265366,Khỉ vàng,Hà Nội,attraction,21.0303348,105.8079384,opening_hours|independent_source_review|factual_description,https://www.openstreetmap.org/node/12492265366
2,osm:node:12492282606,Vẹt Nam Mỹ,Hà Nội,attraction,21.0309435,105.8035834,opening_hours|independent_source_review|factual_description,https://www.openstreetmap.org/node/12492282606
2,osm:node:12492282607,Cá sấu,Hà Nội,attraction,21.0307332,105.803498,opening_hours|independent_source_review|factual_description,https://www.openstreetmap.org/node/12492282607
2,osm:node:12492282609,Quạ đen,Hà Nội,attraction,21.0306777,105.8037148,opening_hours|independent_source_review|factual_description,https://www.openstreetmap.org/node/12492282609
2,osm:node:12492282610,Ngỗng,Hà Nội,attraction,21.0307254,105.8033144,opening_hours|independent_source_review|factual_description,https://www.openstreetmap.org/node/12492282610
2,osm:node:12492282611,Đà điểu,Hà Nội,attraction,21.030527,105.8034262,opening_hours|independent_source_review|factual_description,https://www.openstreetmap.org/node/12492282611
2,osm:node:12492282612,Sáo,Hà Nội,attraction,21.0305695,105.8032136,opening_hours|independent_source_review|factual_description,https://www.openstreetmap.org/node/12492282612
2,osm:node:12492282614,Bồ câu,Hà Nội,attraction,21.0304637,105.8032509,opening_hours|independent_source_review|factual_description,https://www.openstreetmap.org/node/12492282614
2,osm:node:12492282615,Cu li nhỏ,Hà Nội,attraction,21.0303546,105.8032667,opening_hours|independent_source_review|factual_description,https://www.openstreetmap.org/node/12492282615
2,osm:node:12492282616,Yểng,Hà Nội,attraction,21.0303294,105.8035096,opening_hours|independent_source_review|factual_description,https://www.openstreetmap.org/node/12492282616
2,osm:node:12492282617,Khu chim họ Trĩ,Hà Nội,attraction,21.0300312,105.8035816,opening_hours|independent_source_review|factual_description,https://www.openstreetmap.org/node/12492282617
2,osm:node:12492282618,Công,Hà Nội,attraction,21.0302979,105.8038132,opening_hours|independent_source_review|factual_description,https://www.openstreetmap.org/node/12492282618
2,osm:node:12492282619,Công Việt Nam,Hà Nội,attraction,21.0299494,105.8039144,opening_hours|independent_source_review|factual_description,https://www.openstreetmap.org/node/12492282619
2,osm:node:12492282620,Cu ngói,Hà Nội,attraction,21.0302097,105.8040314,opening_hours|independent_source_review|factual_description,https://www.openstreetmap.org/node/12492282620
2,osm:node:12492282621,Gà rừng tai trắng,Hà Nội,attraction,21.0299683,105.8040921,opening_hours|independent_source_review|factual_description,https://www.openstreetmap.org/node/12492282621
2,osm:node:12492282622,Gà lôi vằn,Hà Nội,attraction,21.0300984,105.8044003,opening_hours|independent_source_review|factual_description,https://www.openstreetmap.org/node/12492282622
2,osm:node:12492282623,Gà rừng tai đỏ,Hà Nội,attraction,21.0301929,105.8042113,opening_hours|independent_source_review|factual_description,https://www.openstreetmap.org/node/12492282623
2,osm:node:12492312457,Nai,Hà Nội,attraction,21.031641,105.8058252,opening_hours|independent_source_review|factual_description,https://www.openstreetmap.org/node/12492312457
2,osm:node:12492312458,Vượn cáo đuôi vòng,Hà Nội,attraction,21.0313563,105.8054624,opening_hours|independent_source_review|factual_description,https://www.openstreetmap.org/node/12492312458
2,osm:node:12492312459,Nhím đuôi ngắn,Hà Nội,attraction,21.0313139,105.8056376,opening_hours|independent_source_review|factual_description,https://www.openstreetmap.org/node/12492312459
2,osm:node:12492312460,Khỉ mặt đỏ,Hà Nội,attraction,21.0311004,105.8060787,opening_hours|independent_source_review|factual_description,https://www.openstreetmap.org/node/12492312460
2,osm:node:12492312461,Cầy mực,Hà Nội,attraction,21.0309792,105.8062869,opening_hours|independent_source_review|factual_description,https://www.openstreetmap.org/node/12492312461
2,osm:node:12492312462,Báo lửa,Hà Nội,attraction,21.0309253,105.8065342,opening_hours|independent_source_review|factual_description,https://www.openstreetmap.org/node/12492312462
2,osm:node:12492312463,Cầy hương,Hà Nội,attraction,21.0309292,105.8067218,opening_hours|independent_source_review|factual_description,https://www.openstreetmap.org/node/12492312463
2,osm:node:12492312464,Vượn đen má trắng,Hà Nội,attraction,21.0310946,105.8070165,opening_hours|independent_source_review|factual_description,https://www.openstreetmap.org/node/12492312464
2,osm:node:12492312475,Ngựa vằn,Hà Nội,attraction,21.0314074,105.806799,opening_hours|independent_source_review|factual_description,https://www.openstreetmap.org/node/12492312475
2,osm:node:12492312476,Ngựa,Hà Nội,attraction,21.0315119,105.8068333,opening_hours|independent_source_review|factual_description,https://www.openstreetmap.org/node/12492312476
2,osm:node:12492312480,Voi,Hà Nội,attraction,21.0311815,105.8074705,opening_hours|independent_source_review|factual_description,https://www.openstreetmap.org/node/12492312480
2,osm:node:12492312481,Hà mã,Hà Nội,attraction,21.0317677,105.8072969,opening_hours|independent_source_review|factual_description,https://www.openstreetmap.org/node/12492312481
2,osm:node:12492312482,Hổ,Hà Nội,attraction,21.0317933,105.8076418,opening_hours|independent_source_review|factual_description,https://www.openstreetmap.org/node/12492312482
2,osm:node:12555926214,Propaganda,Hà Nội,gallery,21.0301098,105.8491126,opening_hours|independent_source_review|factual_description,https://www.openstreetmap.org/node/12555926214
2,osm:node:12564327261,B3 BT05,Hà Nội,temple,21.0612317,105.9087829,opening_hours|independent_source_review|factual_description,https://www.openstreetmap.org/node/12564327261
2,osm:node:12669561801,Steers to the Sky,Hà Nội,attraction,21.0793631,105.835389,opening_hours|independent_source_review|factual_description,https://www.openstreetmap.org/node/12669561801
2,osm:node:12669568802,Kid's House on the tree,Hà Nội,attraction,21.0806267,105.8349415,opening_hours|independent_source_review|factual_description,https://www.openstreetmap.org/node/12669568802
2,osm:node:12669955901,Sculpture Park,Hà Nội,gallery,21.0840171,105.8218277,opening_hours|independent_source_review|factual_description,https://www.openstreetmap.org/node/12669955901
2,osm:node:12690384420,kho 02,Hà Nội,park,21.0025332,105.9439386,opening_hours|independent_source_review|factual_description,https://www.openstreetmap.org/node/12690384420
2,osm:node:12723387900,Đền Sơn Hải,Hà Nội,temple,21.0313225,105.8601604,opening_hours|independent_source_review|factual_description,https://www.openstreetmap.org/node/12723387900
2,osm:node:12876453886,Đền Thiên Vương Thịnh,Hà Nội,temple,20.992428,105.908065,opening_hours|independent_source_review|factual_description,https://www.openstreetmap.org/node/12876453886
2,osm:node:12880304063,Nhà thờ Họ Nghiêm Bá,Hà Nội,temple,21.0032772,105.7454263,opening_hours|independent_source_review|factual_description,https://www.openstreetmap.org/node/12880304063
2,osm:node:13008625317,Đền Bà Tễu,Hà Nội,temple,21.0094199,105.8644649,opening_hours|independent_source_review|factual_description,https://www.openstreetmap.org/node/13008625317
2,osm:node:13068552233,Điểm Nhìn Dốc Cam,Hà Nội,viewpoint,21.3183909,105.7953856,opening_hours|independent_source_review|factual_description,https://www.openstreetmap.org/node/13068552233
2,osm:node:13100959743,Công viên Ngọc Thụy,Hà Nội,historic,21.0585375,105.8704392,opening_hours|independent_source_review|factual_description,https://www.openstreetmap.org/node/13100959743
2,osm:node:13247300818,ĐÌNH LÀNG NAM QUẤT,Hà Nội,temple,20.7453657,105.9290169,opening_hours|independent_source_review|factual_description,https://www.openstreetmap.org/node/13247300818
2,osm:node:13247300819,NHÀ VĂN HOÁ THÔN NAM QUẤT,Hà Nội,park,20.7421432,105.9292439,opening_hours|independent_source_review|factual_description,https://www.openstreetmap.org/node/13247300819
2,osm:node:13274958663,Chùa Phú Đôi,Hà Nội,temple,20.7781321,105.8652082,opening_hours|independent_source_review|factual_description,https://www.openstreetmap.org/node/13274958663
2,osm:node:13352652760,Đình Thuận Quang,Hà Nội,temple,21.0012824,105.9709392,opening_hours|independent_source_review|factual_description,https://www.openstreetmap.org/node/13352652760
2,osm:node:13358927688,Học viện Nông nghiệp Việt Nam,Hà Nội,historic,21.0113408,105.9351732,opening_hours|independent_source_review|factual_description,https://www.openstreetmap.org/node/13358927688
2,osm:node:13415760108,Rose Kitchen Cooking Classes,Hà Nội,attraction,21.0377959,105.8232303,opening_hours|independent_source_review|factual_description,https://www.openstreetmap.org/node/13415760108
2,osm:node:13483667183,Miếu Hai Cô,Hà Nội,temple,21.0458105,105.8569907,opening_hours|independent_source_review|factual_description,https://www.openstreetmap.org/node/13483667183
2,osm:node:13565935464,Ban Tien Lake Viewpoint,Hà Nội,viewpoint,21.3090374,105.7837593,opening_hours|independent_source_review|factual_description,https://www.openstreetmap.org/node/13565935464
2,osm:node:13595549341,Vì lợi ích mười năm...,Hà Nội,historic,20.9904862,105.8383771,opening_hours|independent_source_review|factual_description,https://www.openstreetmap.org/node/13595549341
2,osm:node:13649888269,Điểm Nhìn Minh Trí,Hà Nội,viewpoint,21.3187996,105.7943619,opening_hours|independent_source_review|factual_description,https://www.openstreetmap.org/node/13649888269
2,osm:node:13684800176,0 km,Hà Nội,attraction,21.0266691,105.8536485,opening_hours|independent_source_review|factual_description,https://www.openstreetmap.org/node/13684800176
2,osm:node:13793120391,E-Software Jsc,Hà Nội,temple,20.9902756,105.7841879,opening_hours|independent_source_review|factual_description,https://www.openstreetmap.org/node/13793120391
2,osm:node:13830351880,Bia chiến thắng B.52,Hà Nội,historic,20.9833713,105.8260046,opening_hours|independent_source_review|factual_description,https://www.openstreetmap.org/node/13830351880
2,osm:node:13860996057,Đình Thụy Khuê,Hà Nội,temple,21.0235409,105.646211,opening_hours|independent_source_review|factual_description,https://www.openstreetmap.org/node/13860996057
2,osm:node:13860996058,Đền Thượng,Hà Nội,temple,21.0234129,105.6424833,opening_hours|independent_source_review|factual_description,https://www.openstreetmap.org/node/13860996058
2,osm:node:13860996059,Thủy Đình,Hà Nội,temple,21.0222777,105.6456134,opening_hours|independent_source_review|factual_description,https://www.openstreetmap.org/node/13860996059
2,osm:node:13915583550,置屋街,Hà Nội,attraction,20.9234227,105.8512266,opening_hours|independent_source_review|factual_description,https://www.openstreetmap.org/node/13915583550
2,osm:node:14084618401,Bà ngoại,Hà Nội,historic,21.2482784,105.3996771,opening_hours|independent_source_review|factual_description,https://www.openstreetmap.org/node/14084618401
2,osm:node:14095752086,Thương yêu cô gái nhỏ,Hà Nội,historic,21.0135969,105.8605993,opening_hours|independent_source_review|factual_description,https://www.openstreetmap.org/node/14095752086
2,osm:node:14096883184,Hanoi Train Street,Hà Nội,attraction,21.0301529,105.8440687,opening_hours|independent_source_review|factual_description,https://www.openstreetmap.org/node/14096883184
2,osm:node:14137142367,Miếu thờ Đức Thánh Cả,Hà Nội,temple,21.0162574,105.7787798,opening_hours|independent_source_review|factual_description,https://www.openstreetmap.org/node/14137142367
2,osm:node:14148043050,Trận địa tên lửa Chèm,Hà Nội,historic,21.0793852,105.7678793,opening_hours|independent_source_review|factual_description,https://www.openstreetmap.org/node/14148043050
2,osm:node:14157170460,Chùa Kiến Bái,Hà Nội,temple,21.0554316,105.9604847,opening_hours|independent_source_review|factual_description,https://www.openstreetmap.org/node/14157170460
2,osm:node:14157170488,Đền Phù Đổng,Hà Nội,temple,21.0550812,105.9609112,opening_hours|independent_source_review|factual_description,https://www.openstreetmap.org/node/14157170488
2,osm:node:1498111667,Di Tích Lịch Sử Chùa Láng,Hà Nội,historic,21.0234337,105.802772,opening_hours|independent_source_review|factual_description,https://www.openstreetmap.org/node/1498111667
2,osm:node:1716371376,Ô Thuỵ Chương,Hà Nội,historic,21.0395242,105.8284048,opening_hours|independent_source_review|factual_description,https://www.openstreetmap.org/node/1716371376
2,osm:node:2607827391,Cầu Mậu Lương,Hà Nội,attraction,20.952708,105.786903,opening_hours|independent_source_review|factual_description,https://www.openstreetmap.org/node/2607827391
2,osm:node:2669659389,Đền Trình Ngũ Lạc Linh Từ,Hà Nội,temple,20.6052845,105.7739536,opening_hours|independent_source_review|factual_description,https://www.openstreetmap.org/node/2669659389
2,osm:node:2810302635,Bảo tàng Binh chủng Thông tin liên lạc,Hà Nội,museum,21.0303429,105.8266305,opening_hours|independent_source_review|factual_description,https://www.openstreetmap.org/node/2810302635
2,osm:node:3370127645,Nhà thờ họ Hoa Văn,Hà Nội,temple,21.0621324,105.7815484,opening_hours|independent_source_review|factual_description,https://www.openstreetmap.org/node/3370127645
2,osm:node:3426500755,Đài tưởng niệm Liệt sĩ Cổ Nhuế,Hà Nội,historic,21.054713,105.7871894,opening_hours|independent_source_review|factual_description,https://www.openstreetmap.org/node/3426500755
2,osm:node:3544879981,Đền Thờ Họ Hà,Hà Nội,temple,21.0551362,105.9644008,opening_hours|independent_source_review|factual_description,https://www.openstreetmap.org/node/3544879981
2,osm:node:3794435557,Đình Làng Quảng Bá,Hà Nội,temple,21.0668682,105.8230321,opening_hours|independent_source_review|factual_description,https://www.openstreetmap.org/node/3794435557
2,osm:node:3860801614,Tượng đài Phụ nữ Ba đảm đang,Hà Nội,historic,21.0865459,105.6628766,opening_hours|independent_source_review|factual_description,https://www.openstreetmap.org/node/3860801614
2,osm:node:3885748393,Nhà thờ Giáo xứ Lập Trí,Hà Nội,temple,21.2820357,105.7433873,opening_hours|independent_source_review|factual_description,https://www.openstreetmap.org/node/3885748393
2,osm:node:3885764176,Đình Làng Lập Trí,Hà Nội,temple,21.2844785,105.7472912,opening_hours|independent_source_review|factual_description,https://www.openstreetmap.org/node/3885764176
2,osm:node:4020097320,Chùa Khai Nguyên,Hà Nội,temple,21.0696249,105.5050075,opening_hours|independent_source_review|factual_description,https://www.openstreetmap.org/node/4020097320
2,osm:node:4171889289,Thanh Chuong Viet Palace,Hà Nội,attraction,21.2769005,105.8031488,opening_hours|independent_source_review|factual_description,https://www.openstreetmap.org/node/4171889289
2,osm:node:4212619289,Đền Quan Ông,Hà Nội,temple,21.0476238,105.7013928,opening_hours|independent_source_review|factual_description,https://www.openstreetmap.org/node/4212619289
2,osm:node:4231475589,Đình So,Hà Nội,temple,20.9753255,105.676935,opening_hours|independent_source_review|factual_description,https://www.openstreetmap.org/node/4231475589
2,osm:node:4266207090,Tempo,Hà Nội,temple,21.0100798,105.8098881,opening_hours|independent_source_review|factual_description,https://www.openstreetmap.org/node/4266207090
2,osm:node:4277824433,Đền Án,Hà Nội,temple,20.9788753,105.8029263,opening_hours|independent_source_review|factual_description,https://www.openstreetmap.org/node/4277824433
2,osm:node:4357664005,Thử,Hà Nội,viewpoint,20.7839003,105.8160157,opening_hours|independent_source_review|factual_description,https://www.openstreetmap.org/node/4357664005
2,osm:node:443033827,Tượng đài Lý Thái Tổ,Hà Nội,historic,21.0274885,105.854501,opening_hours|independent_source_review|factual_description,https://www.openstreetmap.org/node/443033827
2,osm:node:445345257,Chùa Lý Triều Quốc Sư,Hà Nội,temple,21.0295101,105.8491717,opening_hours|independent_source_review|factual_description,https://www.openstreetmap.org/node/445345257
2,osm:node:446031978,Chùa Trung Kính Thượng,Hà Nội,temple,21.0133523,105.80608,opening_hours|independent_source_review|factual_description,https://www.openstreetmap.org/node/446031978
2,osm:node:4489385889,Chợ Đêm Hàng Đào – Đồng Xuân,Hà Nội,attraction,21.0335078,105.8509571,independent_source_review|factual_description,https://www.openstreetmap.org/node/4489385889
2,osm:node:449628162,Đình Khương Đình,Hà Nội,temple,20.9922894,105.8164724,opening_hours|independent_source_review|factual_description,https://www.openstreetmap.org/node/449628162
2,osm:node:4497819206,Sinh viên Công giáo Phú Mỹ,Hà Nội,temple,21.0298442,105.7723062,opening_hours|independent_source_review|factual_description,https://www.openstreetmap.org/node/4497819206
2,osm:node:4499978190,Bảo tàng Địa chất Việt Nam,Hà Nội,museum,21.0235524,105.8587723,independent_source_review|factual_description,https://www.openstreetmap.org/node/4499978190
2,osm:node:4544230189,Chùa Kim Liên,Hà Nội,temple,21.0585267,105.83297,opening_hours|independent_source_review|factual_description,https://www.openstreetmap.org/node/4544230189
2,osm:node:4550329090,Chùa Vạn Niên,Hà Nội,temple,21.0662068,105.8109485,opening_hours|independent_source_review|factual_description,https://www.openstreetmap.org/node/4550329090
2,osm:node:4551057513,Đình Nghi Tàm,Hà Nội,temple,21.0566582,105.8329656,opening_hours|independent_source_review|factual_description,https://www.openstreetmap.org/node/4551057513
2,osm:node:4572907889,Chợ Đêm,Hà Nội,attraction,21.0332192,105.8523763,independent_source_review|factual_description,https://www.openstreetmap.org/node/4572907889
2,osm:node:4664696291,Đền Thiên Hoa,Hà Nội,temple,21.1414057,105.4699952,opening_hours|independent_source_review|factual_description,https://www.openstreetmap.org/node/4664696291
2,osm:node:4664732689,Đền Thiên Hoa,Hà Nội,temple,21.15803,105.47581,opening_hours|independent_source_review|factual_description,https://www.openstreetmap.org/node/4664732689
2,osm:node:4687830590,Spa and swimming pool,Hà Nội,attraction,21.1039807,105.4210661,opening_hours|independent_source_review|factual_description,https://www.openstreetmap.org/node/4687830590
2,osm:node:4711541290,Nhà,Hà Nội,viewpoint,21.0515543,105.7387975,opening_hours|independent_source_review|factual_description,https://www.openstreetmap.org/node/4711541290
2,osm:node:4716177261,Sư tử châu Phi,Hà Nội,attraction,21.0318122,105.8080483,opening_hours|independent_source_review|factual_description,https://www.openstreetmap.org/node/4716177261
2,osm:node:4716178909,Khỉ mốc,Hà Nội,attraction,21.030165,105.8066066,opening_hours|independent_source_review|factual_description,https://www.openstreetmap.org/node/4716178909
2,osm:node:4716178910,Khỉ đuôi dài,Hà Nội,attraction,21.0302841,105.8073716,opening_hours|independent_source_review|factual_description,https://www.openstreetmap.org/node/4716178910
2,osm:node:4716178925,Hổ Đông Dương,Hà Nội,attraction,21.031493,105.808439,opening_hours|independent_source_review|factual_description,https://www.openstreetmap.org/node/4716178925
2,osm:node:4716178989,Cá sấu,Hà Nội,attraction,21.0303758,105.8084714,opening_hours|independent_source_review|factual_description,https://www.openstreetmap.org/node/4716178989
2,osm:node:4742507123,Đài Tưởng Niệm Vua Lê Thái Tổ,Hà Nội,historic,21.0290553,105.8509582,opening_hours|independent_source_review|factual_description,https://www.openstreetmap.org/node/4742507123
2,osm:node:4750059323,Chùa Linh Quang,Hà Nội,temple,21.1556392,105.7131534,opening_hours|independent_source_review|factual_description,https://www.openstreetmap.org/node/4750059323
2,osm:node:4750059324,Chùa Linh Quang,Hà Nội,temple,21.1613134,105.7164823,opening_hours|independent_source_review|factual_description,https://www.openstreetmap.org/node/4750059324
2,osm:node:4783069521,Trang trại học đường Vạn An,Hà Nội,viewpoint,20.9337281,105.8660709,opening_hours|independent_source_review|factual_description,https://www.openstreetmap.org/node/4783069521
2,osm:node:4887078501,Đình Làng Văn Tinh,Hà Nội,temple,21.0906632,105.8504764,opening_hours|independent_source_review|factual_description,https://www.openstreetmap.org/node/4887078501
2,osm:node:4888934656,Tượng Thánh Gióng,Hà Nội,historic,21.2911289,105.8240612,opening_hours|independent_source_review|factual_description,https://www.openstreetmap.org/node/4888934656
2,osm:node:4889087244,Bảo Tàng Hậu Cần,Hà Nội,museum,21.0189071,105.7729992,opening_hours|independent_source_review|factual_description,https://www.openstreetmap.org/node/4889087244
2,osm:node:4899456166,Đình Yên Bệ - Yên Vĩnh,Hà Nội,temple,21.0476882,105.70866,opening_hours|independent_source_review|factual_description,https://www.openstreetmap.org/node/4899456166
2,osm:node:4900741321,chùa Hưng Khánh,Hà Nội,temple,20.6989445,105.7469273,opening_hours|independent_source_review|factual_description,https://www.openstreetmap.org/node/4900741321
2,osm:node:4924404514,Chùa Cầu Đen,Hà Nội,temple,21.2132624,105.7805192,opening_hours|independent_source_review|factual_description,https://www.openstreetmap.org/node/4924404514
2,osm:node:4927916321,Tượng kỷ niệm chiến thắng B52,Hà Nội,attraction,21.0468303,105.8368305,opening_hours|independent_source_review|factual_description,https://www.openstreetmap.org/node/4927916321
2,osm:node:5025409279,Tượng đài Lý Tự Trọng,Hà Nội,historic,21.0432273,105.8354367,opening_hours|independent_source_review|factual_description,https://www.openstreetmap.org/node/5025409279
2,osm:node:5129868129,Tượng Phật,Hà Nội,historic,21.070294,105.80512,opening_hours|independent_source_review|factual_description,https://www.openstreetmap.org/node/5129868129
2,osm:node:5132815623,Chùa Ngòi,Hà Nội,temple,20.9709372,105.7673153,opening_hours|independent_source_review|factual_description,https://www.openstreetmap.org/node/5132815623
2,osm:node:5177374223,Đình Bắc Lãm,Hà Nội,temple,20.9351768,105.7687113,opening_hours|independent_source_review|factual_description,https://www.openstreetmap.org/node/5177374223
2,osm:node:5244555569,Chùa Ngọc Hồi,Hà Nội,temple,20.9244656,105.8487949,opening_hours|independent_source_review|factual_description,https://www.openstreetmap.org/node/5244555569
2,osm:node:5244555570,Tượng đài chiến thắng Ngọc Hồi,Hà Nội,historic,20.9245483,105.8495834,opening_hours|independent_source_review|factual_description,https://www.openstreetmap.org/node/5244555570
2,osm:node:5285071606,Chùa Hoà Bình Green City,Hà Nội,temple,21.0001294,105.8701082,opening_hours|independent_source_review|factual_description,https://www.openstreetmap.org/node/5285071606
2,osm:node:5295229004,Chùa Hậu Ái,Hà Nội,temple,21.0394065,105.7269072,opening_hours|independent_source_review|factual_description,https://www.openstreetmap.org/node/5295229004
2,osm:node:5295283526,Đình An Trai,Hà Nội,temple,21.0307997,105.7344961,opening_hours|independent_source_review|factual_description,https://www.openstreetmap.org/node/5295283526
2,osm:node:5295283528,Chùa An Trai,Hà Nội,temple,21.0307968,105.731609,opening_hours|independent_source_review|factual_description,https://www.openstreetmap.org/node/5295283528
2,osm:node:5295283529,Đình Làng Kim Hoàng,Hà Nội,temple,21.0336921,105.732005,opening_hours|independent_source_review|factual_description,https://www.openstreetmap.org/node/5295283529
2,osm:node:5295283535,Đài Tưởng Niệm Liệt Sĩ Vân Canh,Hà Nội,historic,21.0365162,105.7297663,opening_hours|independent_source_review|factual_description,https://www.openstreetmap.org/node/5295283535
2,osm:node:5295283540,Đình Làng Hậu Ái,Hà Nội,temple,21.0386095,105.7287353,opening_hours|independent_source_review|factual_description,https://www.openstreetmap.org/node/5295283540
2,osm:node:5295283541,Chùa Hương Đỗ,Hà Nội,temple,21.036848,105.738486,opening_hours|independent_source_review|factual_description,https://www.openstreetmap.org/node/5295283541
2,osm:node:5295283542,Đình Làng Hòe Thị,Hà Nội,temple,21.0357501,105.7404472,opening_hours|independent_source_review|factual_description,https://www.openstreetmap.org/node/5295283542
2,osm:node:5295304259,Nhà Truyền Thống Thôn Kim Hoàng,Hà Nội,temple,21.0334148,105.7322202,opening_hours|independent_source_review|factual_description,https://www.openstreetmap.org/node/5295304259
2,osm:node:5310080021,Chabad Of Hanoi,Hà Nội,temple,21.0677234,105.8252155,opening_hours|independent_source_review|factual_description,https://www.openstreetmap.org/node/5310080021
2,osm:node:5317498202,Chùa Một Mái,Hà Nội,temple,21.0237471,105.6410221,opening_hours|independent_source_review|factual_description,https://www.openstreetmap.org/node/5317498202
2,osm:node:5317498207,Chùa Cao,Hà Nội,temple,21.0223412,105.6438966,opening_hours|independent_source_review|factual_description,https://www.openstreetmap.org/node/5317498207
2,osm:node:5317498322,Chùa Long Đẩu,Hà Nội,temple,21.0247419,105.6438778,opening_hours|independent_source_review|factual_description,https://www.openstreetmap.org/node/5317498322
2,osm:node:5317498335,Đình Làng Đa Phúc,Hà Nội,temple,21.0216332,105.646445,opening_hours|independent_source_review|factual_description,https://www.openstreetmap.org/node/5317498335
2,osm:node:5317564016,Chùa Nam An Khánh,Hà Nội,temple,20.998619,105.7119196,opening_hours|independent_source_review|factual_description,https://www.openstreetmap.org/node/5317564016
2,osm:node:5370007621,Chùa Cực Lạc,Hà Nội,temple,21.0241616,105.5842281,opening_hours|independent_source_review|factual_description,https://www.openstreetmap.org/node/5370007621
2,osm:node:5370525523,대나무 공예마을,Hà Nội,attraction,20.9335652,105.6503526,opening_hours|independent_source_review|factual_description,https://www.openstreetmap.org/node/5370525523
2,osm:node:5385301222,Lăng Ngô Quyền,Hà Nội,temple,21.147143,105.4624923,opening_hours|independent_source_review|factual_description,https://www.openstreetmap.org/node/5385301222
2,osm:node:5395820990,Miếu Cửa Sông,Hà Nội,temple,21.0516895,105.8422722,opening_hours|independent_source_review|factual_description,https://www.openstreetmap.org/node/5395820990
2,osm:node:5406262022,Đài quan sát Lotte Skywalk,Hà Nội,attraction,21.0322019,105.8123288,independent_source_review,https://www.openstreetmap.org/node/5406262022
2,osm:node:5441412622,Iglesia Ni Cristo - Hanoi,Hà Nội,temple,21.0603113,105.8341526,independent_source_review|factual_description,https://www.openstreetmap.org/node/5441412622
2,osm:node:5485635750,Miếu Trung Liệt,Hà Nội,historic,21.0118709,105.8247833,opening_hours|independent_source_review|factual_description,https://www.openstreetmap.org/node/5485635750
2,osm:node:5485653498,Đình Mai Dịch,Hà Nội,temple,21.0368184,105.7791912,opening_hours|independent_source_review|factual_description,https://www.openstreetmap.org/node/5485653498
2,osm:node:5485779585,Tượng đài Lê Nin,Hà Nội,park,21.0320621,105.8272512,opening_hours|independent_source_review|factual_description,https://www.openstreetmap.org/node/5485779585
2,osm:node:5485835198,Nhà thờ Hoàng Thôn,Hà Nội,temple,21.0584872,105.7833981,opening_hours|independent_source_review|factual_description,https://www.openstreetmap.org/node/5485835198
2,osm:node:5519691323,Chùa Hưng Long,Hà Nội,temple,20.9325304,105.8258473,opening_hours|independent_source_review|factual_description,https://www.openstreetmap.org/node/5519691323
2,osm:node:5589923821,Nam Thiên Thiền Tự,Hà Nội,temple,21.2221089,105.8510113,opening_hours|independent_source_review|factual_description,https://www.openstreetmap.org/node/5589923821
2,osm:node:5630770368,Tượng đài Lý Tự Trọng,Hà Nội,historic,21.0040006,105.9333949,opening_hours|independent_source_review|factual_description,https://www.openstreetmap.org/node/5630770368
2,osm:node:5637455966,Chùa Mỗ Lao,Hà Nội,temple,20.9764033,105.7805346,opening_hours|independent_source_review|factual_description,https://www.openstreetmap.org/node/5637455966
2,osm:node:5662790840,Nhà thờ Tân Lạc,Hà Nội,temple,20.9968907,105.8474123,opening_hours|independent_source_review|factual_description,https://www.openstreetmap.org/node/5662790840
2,osm:node:5774687273,Nhà Thờ Phượng Bãi,Hà Nội,temple,20.9332033,105.7206073,opening_hours|independent_source_review|factual_description,https://www.openstreetmap.org/node/5774687273
2,osm:node:5880670767,Am Phường Thụy Khuê,Hà Nội,temple,21.0434983,105.8190462,opening_hours|independent_source_review|factual_description,https://www.openstreetmap.org/node/5880670767
2,osm:node:6046636103,Tượng Đức Mẹ,Hà Nội,historic,21.0289049,105.8493496,opening_hours|independent_source_review|factual_description,https://www.openstreetmap.org/node/6046636103
2,osm:node:6051320086,Green Palm Gallery,Hà Nội,gallery,21.0323859,105.8505481,opening_hours|independent_source_review|factual_description,https://www.openstreetmap.org/node/6051320086
2,osm:node:6053785702,Binh Minh Jazz Club,Hà Nội,attraction,21.0240162,105.8583591,opening_hours|independent_source_review|factual_description,https://www.openstreetmap.org/node/6053785702
2,osm:node:6184420090,Đình Làng Thế Trụ,Hà Nội,temple,20.9723244,105.6186889,opening_hours|independent_source_review|factual_description,https://www.openstreetmap.org/node/6184420090
2,osm:node:6282134029,Miếu Làng Bằng A,Hà Nội,temple,20.9635577,105.8191648,opening_hours|independent_source_review|factual_description,https://www.openstreetmap.org/node/6282134029
2,osm:node:6282143862,Đình thờ Danh nhân tiên triết Chu Văn An,Hà Nội,temple,20.9637104,105.817957,opening_hours|independent_source_review|factual_description,https://www.openstreetmap.org/node/6282143862
2,osm:node:6346457437,Thành hoàng làng,Hà Nội,temple,20.9473056,105.8692377,opening_hours|independent_source_review|factual_description,https://www.openstreetmap.org/node/6346457437
2,osm:node:6369688515,Nhà truyền thống,Hà Nội,historic,20.9459866,105.8714064,opening_hours|independent_source_review|factual_description,https://www.openstreetmap.org/node/6369688515
2,osm:node:6546220354,Rồng đá,Hà Nội,attraction,21.0365276,105.8404068,opening_hours|independent_source_review|factual_description,https://www.openstreetmap.org/node/6546220354
2,osm:node:6565918086,Am Mị Châu,Hà Nội,temple,21.1129945,105.8733121,opening_hours|independent_source_review|factual_description,https://www.openstreetmap.org/node/6565918086
2,osm:node:6579724624,Đền Hội Thống,Hà Nội,temple,21.0375698,105.8519882,opening_hours|independent_source_review|factual_description,https://www.openstreetmap.org/node/6579724624
2,osm:node:6581664929,Đền Trung Hạ,Hà Nội,temple,21.0343654,105.8538884,opening_hours|independent_source_review|factual_description,https://www.openstreetmap.org/node/6581664929
2,osm:node:6612623371,Đài Liệt Sĩ Phường Bồ Đề,Hà Nội,historic,21.0380946,105.8716574,opening_hours|independent_source_review|factual_description,https://www.openstreetmap.org/node/6612623371
2,osm:node:6612640826,Đài Tưởng Niệm Liệt Sĩ,Hà Nội,historic,21.0485554,105.8853789,opening_hours|independent_source_review|factual_description,https://www.openstreetmap.org/node/6612640826
2,osm:node:6612988434,Bia Tưởng Niệm Liệt Sĩ,Hà Nội,historic,21.0562808,105.8647701,opening_hours|independent_source_review|factual_description,https://www.openstreetmap.org/node/6612988434
2,osm:node:6677388085,Nhà thờ Giáo xứ Giảng Võ,Hà Nội,temple,21.0242512,105.8147196,opening_hours|independent_source_review|factual_description,https://www.openstreetmap.org/node/6677388085
2,osm:node:6707403387,Cầu Thong Tiêu,Hà Nội,attraction,20.5784413,105.7768908,opening_hours|independent_source_review|factual_description,https://www.openstreetmap.org/node/6707403387
2,osm:node:6801247419,Bảo tàng Thiên nhiên Việt Nam,Hà Nội,museum,21.0480728,105.8005373,opening_hours|independent_source_review,https://www.openstreetmap.org/node/6801247419
2,osm:node:6846267429,Tượng Alexandre Yersin,Hà Nội,historic,21.0134954,105.8606269,opening_hours|independent_source_review|factual_description,https://www.openstreetmap.org/node/6846267429
2,osm:node:6849218729,Đình Tứ Kỳ,Hà Nội,temple,20.9639461,105.8414169,opening_hours|independent_source_review|factual_description,https://www.openstreetmap.org/node/6849218729
2,osm:node:7055942204,Vườn thực vật,Hà Nội,park,20.9123178,105.5686983,opening_hours|independent_source_review|factual_description,https://www.openstreetmap.org/node/7055942204
2,osm:node:7087736276,Viên Thông Tự,Hà Nội,temple,21.1743736,105.8409905,opening_hours|independent_source_review|factual_description,https://www.openstreetmap.org/node/7087736276
2,osm:node:7124292917,Tượng Maria,Hà Nội,historic,20.7902989,105.6754551,opening_hours|independent_source_review|factual_description,https://www.openstreetmap.org/node/7124292917
2,osm:node:7160356204,Tượng Chúa Kitô Vua,Hà Nội,historic,20.7122592,105.7380424,opening_hours|independent_source_review|factual_description,https://www.openstreetmap.org/node/7160356204
2,osm:node:7176884224,Den Phu Ung,Hà Nội,temple,21.0304169,105.8490151,opening_hours|independent_source_review|factual_description,https://www.openstreetmap.org/node/7176884224
2,osm:node:718681985,Chùa Tây Phương,Hà Nội,temple,21.0444887,105.5696847,opening_hours|independent_source_review|factual_description,https://www.openstreetmap.org/node/718681985
2,osm:node:718681996,Chùa Thầy,Hà Nội,temple,21.0563439,105.6424691,opening_hours|independent_source_review|factual_description,https://www.openstreetmap.org/node/718681996
2,osm:node:7187541617,Chùa Văn Phú,Hà Nội,temple,20.8494386,105.6295767,opening_hours|independent_source_review|factual_description,https://www.openstreetmap.org/node/7187541617
2,osm:node:7187541618,Đình Văn Phú,Hà Nội,temple,20.848786,105.6297044,opening_hours|independent_source_review|factual_description,https://www.openstreetmap.org/node/7187541618
2,osm:node:7368395546,Tượng đài Sinh viên lên đường bảo vệ Tổ quốc,Hà Nội,historic,21.0062067,105.8426706,opening_hours|independent_source_review|factual_description,https://www.openstreetmap.org/node/7368395546
2,osm:node:7676180461,Chùa Bồ Đề,Hà Nội,temple,20.9999273,105.8095432,opening_hours|independent_source_review|factual_description,https://www.openstreetmap.org/node/7676180461
2,osm:node:7848823547,Đền Mẫu Linh,Hà Nội,temple,20.9528764,105.7077636,opening_hours|independent_source_review|factual_description,https://www.openstreetmap.org/node/7848823547
2,osm:node:7848823583,Chùa Long Tiên,Hà Nội,temple,20.9422143,105.6964426,opening_hours|independent_source_review|factual_description,https://www.openstreetmap.org/node/7848823583
2,osm:node:7848826889,Đình Phương Bản,Hà Nội,temple,20.9521626,105.6961684,opening_hours|independent_source_review|factual_description,https://www.openstreetmap.org/node/7848826889
2,osm:node:7860662424,Chùa Trầm,Hà Nội,temple,20.938536,105.6963292,opening_hours|independent_source_review|factual_description,https://www.openstreetmap.org/node/7860662424
2,osm:node:7860662425,Chùa Vô Vi,Hà Nội,temple,20.94216,105.6931208,opening_hours|independent_source_review|factual_description,https://www.openstreetmap.org/node/7860662425
2,osm:node:8090548315,Đài tưởng niệm liệt sĩ phường Kim Liên,Hà Nội,historic,21.0087758,105.8365455,opening_hours|independent_source_review|factual_description,https://www.openstreetmap.org/node/8090548315
2,osm:node:8221826976,Chùa Đức Hòa - Phật Giáo Nguyên Thủy,Hà Nội,temple,21.2264067,105.8935829,opening_hours|independent_source_review|factual_description,https://www.openstreetmap.org/node/8221826976
2,osm:node:8303360363,Miếu Đầm,Hà Nội,temple,21.0056715,105.7845594,opening_hours|independent_source_review|factual_description,https://www.openstreetmap.org/node/8303360363
2,osm:node:8318010619,Thung lũng hoa Hồ Tây,Hà Nội,attraction,21.0743999,105.8197632,opening_hours|independent_source_review|factual_description,https://www.openstreetmap.org/node/8318010619
2,osm:node:847468798,Chùa Pháp Văn,Hà Nội,temple,20.8779127,105.8608965,opening_hours|independent_source_review|factual_description,https://www.openstreetmap.org/node/847468798
2,osm:node:847878471,Chùa Tây Phương,Hà Nội,temple,21.0255718,105.5852566,opening_hours|independent_source_review|factual_description,https://www.openstreetmap.org/node/847878471
2,osm:node:847902246,Chùa Trăm Gian,Hà Nội,temple,20.9507777,105.6799343,opening_hours|independent_source_review|factual_description,https://www.openstreetmap.org/node/847902246
2,osm:node:848477166,Miếu Thượng Thành,Hà Nội,temple,20.8907667,105.7579007,opening_hours|independent_source_review|factual_description,https://www.openstreetmap.org/node/848477166
2,osm:node:8559636369,Tượng đài Ngô Quyền,Hà Nội,historic,21.1414292,105.5051543,opening_hours|independent_source_review|factual_description,https://www.openstreetmap.org/node/8559636369
2,osm:node:8678902014,Tập thể 829,Hà Nội,park,20.9716632,105.7946049,opening_hours|independent_source_review|factual_description,https://www.openstreetmap.org/node/8678902014
2,osm:node:8681483062,Đền Thượng,Hà Nội,temple,21.0621172,105.3611651,opening_hours|independent_source_review|factual_description,https://www.openstreetmap.org/node/8681483062
2,osm:node:8772191067,Tổ Quốc Ghi Công,Hà Nội,historic,21.1801277,105.3047912,opening_hours|independent_source_review|factual_description,https://www.openstreetmap.org/node/8772191067
2,osm:node:8850427515,Nhà Văn Hóa Thôn Hương trầm,Hà Nội,park,21.1689544,105.8943227,opening_hours|independent_source_review|factual_description,https://www.openstreetmap.org/node/8850427515
2,osm:node:8850546218,Chùa Viên Thành,Hà Nội,temple,21.1713799,105.8927827,opening_hours|independent_source_review|factual_description,https://www.openstreetmap.org/node/8850546218
2,osm:node:8935113418,Đình Làng Miêu Nha,Hà Nội,temple,21.0165607,105.7373117,opening_hours|independent_source_review|factual_description,https://www.openstreetmap.org/node/8935113418
2,osm:node:9034493609,Đài Tưởng Niệm Liệt Sĩ Phường Phương Canh,Hà Nội,historic,21.0346944,105.7396745,opening_hours|independent_source_review|factual_description,https://www.openstreetmap.org/node/9034493609
2,osm:node:9110435519,Vườn Hoa Babylon Orchids,Hà Nội,park,21.0175307,105.8518986,opening_hours|independent_source_review|factual_description,https://www.openstreetmap.org/node/9110435519
2,osm:node:9287505718,Thủy đình làng Trường Lâm,Hà Nội,attraction,21.0562674,105.8955179,opening_hours|independent_source_review|factual_description,https://www.openstreetmap.org/node/9287505718
2,osm:node:9287534420,Đình Trường Lâm,Hà Nội,temple,21.0570739,105.8949578,opening_hours|independent_source_review|factual_description,https://www.openstreetmap.org/node/9287534420
2,osm:node:9399202172,Bảo tàng Pháo binh,Hà Nội,museum,21.0385013,105.8081236,opening_hours|independent_source_review|factual_description,https://www.openstreetmap.org/node/9399202172
2,osm:node:9459474981,Chòi ông Vịt,Hà Nội,attraction,21.3361025,105.790878,opening_hours|independent_source_review|factual_description,https://www.openstreetmap.org/node/9459474981
2,osm:node:9459524155,Đền Họ Mạc,Hà Nội,temple,21.300972,105.8010318,opening_hours|independent_source_review|factual_description,https://www.openstreetmap.org/node/9459524155
2,osm:node:9497320880,Đồi Sim,Hà Nội,viewpoint,21.3175549,105.7937346,opening_hours|independent_source_review|factual_description,https://www.openstreetmap.org/node/9497320880
2,osm:node:9498047319,Khu Sinh Thái Thiên Phú Lâm,Hà Nội,park,21.2904347,105.7897608,independent_source_review|factual_description,https://www.openstreetmap.org/node/9498047319
2,osm:node:9587296896,Đền Bia Bà,Hà Nội,temple,20.9698022,105.7609275,opening_hours|independent_source_review|factual_description,https://www.openstreetmap.org/node/9587296896
2,osm:node:9627953236,Điểm Nhìn Đá Bạc,Hà Nội,viewpoint,21.3141452,105.793071,opening_hours|independent_source_review|factual_description,https://www.openstreetmap.org/node/9627953236
2,osm:node:9757095553,Chùa Hà Trì,Hà Nội,temple,20.9659856,105.7833537,independent_source_review|factual_description,https://www.openstreetmap.org/node/9757095553
2,osm:node:9809271757,Nghè Tư Đình - Đền Quang Cổ,Hà Nội,temple,21.0273585,105.8823816,opening_hours|independent_source_review|factual_description,https://www.openstreetmap.org/node/9809271757
2,osm:node:9821463689,Đình Mục Uyên,Hà Nội,temple,21.0170287,105.5446726,opening_hours|independent_source_review|factual_description,https://www.openstreetmap.org/node/9821463689
2,osm:node:9894718813,Đình Làng Vân Côn,Hà Nội,temple,20.9884768,105.6777796,opening_hours|independent_source_review|factual_description,https://www.openstreetmap.org/node/9894718813
2,osm:node:9894775630,Chùa Làng Vân Côn,Hà Nội,temple,20.9887569,105.6780307,opening_hours|independent_source_review|factual_description,https://www.openstreetmap.org/node/9894775630
2,osm:node:9923824085,Đàn Xã Tắc,Hà Nội,historic,21.0180195,105.8299531,opening_hours|independent_source_review|factual_description,https://www.openstreetmap.org/node/9923824085
2,osm:node:9931817258,Tượng đài Công an Nhân dân,Hà Nội,historic,21.0168986,105.8469442,opening_hours|independent_source_review|factual_description,https://www.openstreetmap.org/node/9931817258
2,osm:relation:14048545,Chùa Bồ Đề,Hà Nội,temple,21.035697550000002,105.86693775258149,verified_entrance|opening_hours|independent_source_review|factual_description,https://www.openstreetmap.org/relation/14048545
2,osm:relation:14048548,Đền Chầu Bà,Hà Nội,temple,21.035271299999998,105.86681840093487,verified_entrance|opening_hours|independent_source_review|factual_description,https://www.openstreetmap.org/relation/14048548
2,osm:relation:14048551,Đền Ghềnh,Hà Nội,temple,21.037725299999998,105.86568145229279,verified_entrance|opening_hours|independent_source_review|factual_description,https://www.openstreetmap.org/relation/14048551
2,osm:relation:14428278,Đình Phúc Xá,Hà Nội,temple,21.0552733,105.86472357300241,verified_entrance|opening_hours|independent_source_review|factual_description,https://www.openstreetmap.org/relation/14428278
2,osm:relation:14428279,Chùa Bắc Biên,Hà Nội,temple,21.055299599999998,105.86415434722483,verified_entrance|opening_hours|independent_source_review|factual_description,https://www.openstreetmap.org/relation/14428279
2,osm:relation:16109340,Làng Văn hóa - Du lịch các Dân tộc Việt Nam,Hà Nội,theme_park,21.04159645,105.46268166148069,verified_entrance|opening_hours|independent_source_review|factual_description,https://www.openstreetmap.org/relation/16109340
2,osm:relation:16705353,Chùa Âu Vàng,Hà Nội,temple,21.021831249999998,105.95731457344337,verified_entrance|opening_hours|independent_source_review|factual_description,https://www.openstreetmap.org/relation/16705353
2,osm:relation:16798725,Công viên Mỗ Lao,Hà Nội,park,20.982269549999998,105.78155515348027,verified_entrance|opening_hours|independent_source_review|factual_description,https://www.openstreetmap.org/relation/16798725
2,osm:relation:17228483,Vườn Kiến trúc,Hà Nội,park,21.040475200000003,105.7995428089181,verified_entrance|opening_hours|independent_source_review|factual_description,https://www.openstreetmap.org/relation/17228483
2,osm:relation:18849894,Vườn cảnh Nghệ thuật Xuân Lộc,Hà Nội,park,21.0741383,105.83547935602891,verified_entrance|opening_hours|independent_source_review|factual_description,https://www.openstreetmap.org/relation/18849894
2,osm:relation:20662634,Hội Quán Phúc Kiến,Hà Nội,temple,21.03562255,105.84891090312502,verified_entrance|opening_hours|independent_source_review|factual_description,https://www.openstreetmap.org/relation/20662634
2,osm:relation:20965271,Đình đền Đông Thiên Vĩnh Hưng,Hà Nội,temple,20.990015800000002,105.87924885463697,verified_entrance|opening_hours|independent_source_review|factual_description,https://www.openstreetmap.org/relation/20965271
2,osm:relation:21390097,Nhà triển lãm Mỹ thuật,Hà Nội,gallery,21.0251127,105.85500076552741,verified_entrance|opening_hours|independent_source_review|factual_description,https://www.openstreetmap.org/relation/21390097
2,osm:relation:21395416,Tu viện Dòng mến Thánh Giá,Hà Nội,temple,21.02744455,105.85048515414627,verified_entrance|opening_hours|independent_source_review|factual_description,https://www.openstreetmap.org/relation/21395416
2,osm:way:1002534081,Vườn hoa,Hà Nội,park,20.985851,105.78275683080852,verified_entrance|opening_hours|independent_source_review|factual_description,https://www.openstreetmap.org/way/1002534081
2,osm:way:1002535124,Vườn hoa,Hà Nội,park,20.9847083,105.78786283878799,verified_entrance|opening_hours|independent_source_review|factual_description,https://www.openstreetmap.org/way/1002535124
2,osm:way:1019040798,Bảo tàng Tài nguyên rừng Việt Nam,Hà Nội,museum,20.9296212,105.84689954568024,verified_entrance|opening_hours|independent_source_review|factual_description,https://www.openstreetmap.org/way/1019040798
2,osm:way:1019050228,Bảo tàng Công binh,Hà Nội,museum,21.056194150000003,105.80925781969613,verified_entrance|opening_hours|independent_source_review|factual_description,https://www.openstreetmap.org/way/1019050228
2,osm:way:1019050229,Bảo tàng Binh chủng Hóa học,Hà Nội,museum,21.03912875,105.78644369117578,verified_entrance|independent_source_review|factual_description,https://www.openstreetmap.org/way/1019050229
2,osm:way:1021332447,Chùa Đồng Quang,Hà Nội,temple,21.010986850000002,105.82619675181354,verified_entrance|opening_hours|independent_source_review|factual_description,https://www.openstreetmap.org/way/1021332447
2,osm:way:1028823316,Chùa Thiên Phúc,Hà Nội,temple,21.09904595,105.53627751642193,verified_entrance|opening_hours|independent_source_review|factual_description,https://www.openstreetmap.org/way/1028823316
2,osm:way:1034955370,Nhà thờ Giáo xứ Kẻ Nghệ,Hà Nội,temple,20.76219795,105.91165395,verified_entrance|opening_hours|independent_source_review|factual_description,https://www.openstreetmap.org/way/1034955370
2,osm:way:1040486455,Nhà thờ An Thái,Hà Nội,temple,21.0489704,105.8113217321939,verified_entrance|opening_hours|independent_source_review|factual_description,https://www.openstreetmap.org/way/1040486455
2,osm:way:1040487957,Chùa An Quốc,Hà Nội,temple,21.0286674,105.83284896651375,verified_entrance|opening_hours|independent_source_review|factual_description,https://www.openstreetmap.org/way/1040487957
2,osm:way:1040742615,Biệt thự 49 Trần Hưng Đạo,Hà Nội,attraction,21.020837049999997,105.8519186044708,verified_entrance|opening_hours|independent_source_review|factual_description,https://www.openstreetmap.org/way/1040742615
2,osm:way:1041112515,Chùa Tứ Kỳ,Hà Nội,temple,20.963778599999998,105.84085133964032,verified_entrance|opening_hours|independent_source_review|factual_description,https://www.openstreetmap.org/way/1041112515
2,osm:way:1042562816,Đình Hạ Yên Quyết,Hà Nội,temple,21.0219527,105.79649607384172,verified_entrance|opening_hours|independent_source_review|factual_description,https://www.openstreetmap.org/way/1042562816
2,osm:way:1044485853,Vườn hoa,Hà Nội,park,20.9854965,105.74079579035674,verified_entrance|opening_hours|independent_source_review|factual_description,https://www.openstreetmap.org/way/1044485853
2,osm:way:1044486077,Vườn hoa,Hà Nội,park,20.9856027,105.73853430882286,verified_entrance|opening_hours|independent_source_review|factual_description,https://www.openstreetmap.org/way/1044486077
2,osm:way:1047537239,Chùa Cát Bi,Hà Nội,temple,20.7812691,105.92896829681833,verified_entrance|opening_hours|independent_source_review|factual_description,https://www.openstreetmap.org/way/1047537239
2,osm:way:1047537240,Đình Cát Bi,Hà Nội,temple,20.78138325,105.92910154549679,verified_entrance|opening_hours|independent_source_review|factual_description,https://www.openstreetmap.org/way/1047537240
2,osm:way:1051466849,Bãi đá Sông Hồng,Hà Nội,park,21.07850405,105.83565940571667,verified_entrance|opening_hours|independent_source_review|factual_description,https://www.openstreetmap.org/way/1051466849
2,osm:way:1063191474,Chùa Thọ Lão,Hà Nội,temple,21.01052125,105.8568726,verified_entrance|opening_hours|independent_source_review|factual_description,https://www.openstreetmap.org/way/1063191474
2,osm:way:1067639927,Đình làng Cam,Hà Nội,temple,21.02846005,105.94421408619641,verified_entrance|opening_hours|independent_source_review|factual_description,https://www.openstreetmap.org/way/1067639927
2,osm:way:1067639931,Đài tưởng niệm trận càn làng Cam 1947,Hà Nội,historic,21.029014150000002,105.9440467,verified_entrance|opening_hours|independent_source_review|factual_description,https://www.openstreetmap.org/way/1067639931
2,osm:way:1067639932,Chùa làng Cam,Hà Nội,temple,21.02868365,105.94307077656279,verified_entrance|opening_hours|independent_source_review|factual_description,https://www.openstreetmap.org/way/1067639932
2,osm:way:1071067175,Hành cung Cổ Bi,Hà Nội,temple,21.022323399999998,105.94276523207301,verified_entrance|opening_hours|independent_source_review|factual_description,https://www.openstreetmap.org/way/1071067175
2,osm:way:1073109287,Đình làng Đại Bản,Hà Nội,temple,21.02810745,105.97671030000001,verified_entrance|opening_hours|independent_source_review|factual_description,https://www.openstreetmap.org/way/1073109287
2,osm:way:1073260547,Chùa Đặng,Hà Nội,temple,21.02862725,105.95173607487328,verified_entrance|opening_hours|independent_source_review|factual_description,https://www.openstreetmap.org/way/1073260547
2,osm:way:1074490406,Đình Hội,Hà Nội,temple,21.03230415,105.94577214945937,verified_entrance|opening_hours|independent_source_review|factual_description,https://www.openstreetmap.org/way/1074490406
2,osm:way:1074490407,Chùa Hội,Hà Nội,temple,21.0325087,105.94601942376215,verified_entrance|opening_hours|independent_source_review|factual_description,https://www.openstreetmap.org/way/1074490407
2,osm:way:1080023296,Di tích Pháo đài Láng,Hà Nội,historic,21.020619600000003,105.80637489777976,verified_entrance|opening_hours|independent_source_review|factual_description,https://www.openstreetmap.org/way/1080023296
2,osm:way:1087731715,Vườn hoa Tao Đàn,Hà Nội,park,21.02161435,105.85775066102521,verified_entrance|independent_source_review|factual_description,https://www.openstreetmap.org/way/1087731715
2,osm:way:1089984777,Chùa Mía,Hà Nội,temple,21.161874599999997,105.46733353543607,verified_entrance|opening_hours|independent_source_review|factual_description,https://www.openstreetmap.org/way/1089984777
2,osm:way:1089984778,Đình Đông Sàng,Hà Nội,temple,21.161678,105.46811532526041,verified_entrance|opening_hours|independent_source_review|factual_description,https://www.openstreetmap.org/way/1089984778
2,osm:way:1090717264,Đình Phú Xuyên,Hà Nội,temple,21.231574950000002,105.42684910345585,verified_entrance|opening_hours|independent_source_review|factual_description,https://www.openstreetmap.org/way/1090717264
2,osm:way:1104102840,Chùa Liên Đàm,Hà Nội,temple,20.96534275,105.83574797961579,verified_entrance|opening_hours|independent_source_review|factual_description,https://www.openstreetmap.org/way/1104102840
2,osm:way:1104856388,Đình Kim Lũ,Hà Nội,temple,20.9796744,105.81911429992674,verified_entrance|opening_hours|independent_source_review|factual_description,https://www.openstreetmap.org/way/1104856388
2,osm:way:1104873499,Đình Tựu Liệt,Hà Nội,temple,20.953010499999998,105.83300982953712,verified_entrance|opening_hours|independent_source_review|factual_description,https://www.openstreetmap.org/way/1104873499
2,osm:way:1106811309,Nhà thờ Chu Chàng,Hà Nội,temple,21.2042796,105.45740027480747,verified_entrance|opening_hours|independent_source_review|factual_description,https://www.openstreetmap.org/way/1106811309
2,osm:way:1108118623,Vườn hoa Tăng Bạt Hổ,Hà Nội,park,21.018403749999997,105.85858775091694,verified_entrance|opening_hours|independent_source_review|factual_description,https://www.openstreetmap.org/way/1108118623
2,osm:way:1108445943,Vườn hoa Yersin,Hà Nội,park,21.0133724,105.86072284562573,verified_entrance|opening_hours|independent_source_review|factual_description,https://www.openstreetmap.org/way/1108445943
2,osm:way:1110686331,Chùa Xã Đàn,Hà Nội,temple,21.0154119,105.83041513464545,verified_entrance|opening_hours|independent_source_review|factual_description,https://www.openstreetmap.org/way/1110686331
2,osm:way:1111949860,Vườn hoa Lê Trực,Hà Nội,park,21.03265675,105.83320390559606,verified_entrance|opening_hours|independent_source_review|factual_description,https://www.openstreetmap.org/way/1111949860
2,osm:way:1112643378,Vườn hoa Hoàng Cầu,Hà Nội,park,21.0168516,105.8210061,verified_entrance|opening_hours|independent_source_review|factual_description,https://www.openstreetmap.org/way/1112643378
2,osm:way:1114717100,Di tích trại giam Nhà Tiền,Hà Nội,historic,21.0310755,105.83007455429319,verified_entrance|opening_hours|independent_source_review|factual_description,https://www.openstreetmap.org/way/1114717100
2,osm:way:1114717104,Đình Hào Nam,Hà Nội,temple,21.02730555,105.82653779291604,verified_entrance|opening_hours|independent_source_review|factual_description,https://www.openstreetmap.org/way/1114717104
2,osm:way:1118308342,Vườn hoa Nghĩa Tân,Hà Nội,park,21.042807500000002,105.79301812325777,verified_entrance|opening_hours|independent_source_review|factual_description,https://www.openstreetmap.org/way/1118308342
2,osm:way:1118788845,Chùa Sở Vòng,Hà Nội,temple,21.033896,105.77427333597959,verified_entrance|opening_hours|independent_source_review|factual_description,https://www.openstreetmap.org/way/1118788845
2,osm:way:1118788847,Đình Dịch Vọng Sở,Hà Nội,temple,21.0348481,105.77548920120253,verified_entrance|opening_hours|independent_source_review|factual_description,https://www.openstreetmap.org/way/1118788847
2,osm:way:1119201289,Chùa Ngô,Hà Nội,temple,21.0198999,105.91274021347584,verified_entrance|opening_hours|independent_source_review|factual_description,https://www.openstreetmap.org/way/1119201289
2,osm:way:1119231769,Vườn An Viên,Hà Nội,park,21.00681715,105.94574025338997,verified_entrance|opening_hours|independent_source_review|factual_description,https://www.openstreetmap.org/way/1119231769
2,osm:way:1119231770,Vườn Lam Viên,Hà Nội,park,21.0076918,105.94647023730079,verified_entrance|opening_hours|independent_source_review|factual_description,https://www.openstreetmap.org/way/1119231770
2,osm:way:1119231771,Vườn Long Viên,Hà Nội,park,21.0085943,105.94725494305214,verified_entrance|opening_hours|independent_source_review|factual_description,https://www.openstreetmap.org/way/1119231771
2,osm:way:1120491144,Vườn hoa Đặng Thuỳ Trâm,Hà Nội,park,21.04416265,105.78554222044744,verified_entrance|opening_hours|independent_source_review|factual_description,https://www.openstreetmap.org/way/1120491144
2,osm:way:1121940859,Bao Quyen farm,Hà Nội,park,21.1205596,105.8472181854682,verified_entrance|opening_hours|independent_source_review|factual_description,https://www.openstreetmap.org/way/1121940859
2,osm:way:1122930521,Chùa Vo Đông,Hà Nội,temple,21.038506400000003,105.93610727061012,verified_entrance|opening_hours|independent_source_review|factual_description,https://www.openstreetmap.org/way/1122930521
2,osm:way:1122930524,Đình Vo Đông,Hà Nội,temple,21.039926649999998,105.93395215227991,verified_entrance|opening_hours|independent_source_review|factual_description,https://www.openstreetmap.org/way/1122930524
2,osm:way:1122930525,Nhà thờ Giáo họ Nông Vụ,Hà Nội,temple,21.04107915,105.93044269919332,verified_entrance|opening_hours|independent_source_review|factual_description,https://www.openstreetmap.org/way/1122930525
2,osm:way:1122937024,Đài tưởng niệm Liệt sĩ Phường Mai Dịch,Hà Nội,historic,21.036194700000003,105.7792786,verified_entrance|opening_hours|independent_source_review|factual_description,https://www.openstreetmap.org/way/1122937024
2,osm:way:1123050055,Đài tưởng niệm liệt sĩ Nghĩa Tân,Hà Nội,historic,21.04290025,105.7933748090093,verified_entrance|opening_hours|independent_source_review|factual_description,https://www.openstreetmap.org/way/1123050055
2,osm:way:1124817467,Đài tưởng niệm các anh hùng liệt sĩ Trâu Quỳ,Hà Nội,historic,21.0065177,105.9392143,verified_entrance|opening_hours|independent_source_review|factual_description,https://www.openstreetmap.org/way/1124817467
2,osm:way:1124817477,Phủ Thừa Thiên,Hà Nội,temple,20.99203645,105.91873276643177,verified_entrance|opening_hours|independent_source_review|factual_description,https://www.openstreetmap.org/way/1124817477
2,osm:way:1128232751,Thanh đàm cổ từ,Hà Nội,temple,20.9755549,105.8124072600946,verified_entrance|opening_hours|independent_source_review|factual_description,https://www.openstreetmap.org/way/1128232751
2,osm:way:1128232777,Chùa Quang Phúc,Hà Nội,temple,20.969549200000003,105.821901898781,verified_entrance|opening_hours|independent_source_review|factual_description,https://www.openstreetmap.org/way/1128232777
2,osm:way:1135119283,Tổ quốc ghi công,Hà Nội,historic,21.02683985,105.98109392055113,verified_entrance|opening_hours|independent_source_review|factual_description,https://www.openstreetmap.org/way/1135119283
2,osm:way:1135736683,Chùa Long Quang,Hà Nội,temple,20.96128775,105.81267185109522,verified_entrance|opening_hours|independent_source_review|factual_description,https://www.openstreetmap.org/way/1135736683
2,osm:way:1137325940,Đài tưởng niệm các anh hùng liệt sĩ Sài Đồng,Hà Nội,historic,21.03180245,105.9111744,verified_entrance|opening_hours|independent_source_review|factual_description,https://www.openstreetmap.org/way/1137325940
2,osm:way:1137325943,Chùa Thổ Khối,Hà Nội,temple,21.0078252,105.90557771710871,verified_entrance|opening_hours|independent_source_review|factual_description,https://www.openstreetmap.org/way/1137325943
2,osm:way:1137325945,Vườn hoa Cự Khối,Hà Nội,park,21.0080928,105.91311562520755,verified_entrance|opening_hours|independent_source_review|factual_description,https://www.openstreetmap.org/way/1137325945
2,osm:way:1138955996,Chùa Thanh An,Hà Nội,temple,20.9696096,105.79299412104181,verified_entrance|opening_hours|independent_source_review|factual_description,https://www.openstreetmap.org/way/1138955996
2,osm:way:1141562511,Liệt sĩ bất diệt,Hà Nội,historic,21.03454585,105.91446749460394,verified_entrance|opening_hours|independent_source_review|factual_description,https://www.openstreetmap.org/way/1141562511
2,osm:way:1144130583,Đền Mẫu Đầm Sen,Hà Nội,temple,20.975285999999997,105.83213212191475,verified_entrance|opening_hours|independent_source_review|factual_description,https://www.openstreetmap.org/way/1144130583
2,osm:way:1144267188,Vườn hoa Thượng Thanh,Hà Nội,park,21.0568491,105.8744341392053,verified_entrance|opening_hours|independent_source_review|factual_description,https://www.openstreetmap.org/way/1144267188
2,osm:way:1144867249,Chùa Lệ Mật,Hà Nội,temple,21.053000750000002,105.89949545650452,verified_entrance|opening_hours|independent_source_review|factual_description,https://www.openstreetmap.org/way/1144867249
2,osm:way:1144867250,Đình Lệ Mật,Hà Nội,temple,21.05341575,105.90024836500967,verified_entrance|opening_hours|independent_source_review|factual_description,https://www.openstreetmap.org/way/1144867250
2,osm:way:1147083161,Chùa Sùng Tích,Hà Nội,temple,21.03444075,105.95184338192078,verified_entrance|opening_hours|independent_source_review|factual_description,https://www.openstreetmap.org/way/1147083161
2,osm:way:1147083166,Đình thôn Đặng,Hà Nội,temple,21.0309236,105.95313353300685,verified_entrance|opening_hours|independent_source_review|factual_description,https://www.openstreetmap.org/way/1147083166
2,osm:way:1147629014,Chùa Thiên Phúc,Hà Nội,temple,20.98151545,105.81945151602582,verified_entrance|opening_hours|independent_source_review|factual_description,https://www.openstreetmap.org/way/1147629014
2,osm:way:1147665704,Nhà thờ Giáo xứ Đồng Trì,Hà Nội,temple,20.94273205,105.86206976874999,verified_entrance|opening_hours|independent_source_review|factual_description,https://www.openstreetmap.org/way/1147665704
2,osm:way:1148571536,Bảo tàng Lịch sử Quân sự Việt Nam,Hà Nội,museum,21.01158675,105.7547058599987,verified_entrance|opening_hours|independent_source_review|factual_description,https://www.openstreetmap.org/way/1148571536
2,osm:way:1149372974,Công viên Hải Âu,Hà Nội,park,20.9886416,105.95352212801964,verified_entrance|opening_hours|independent_source_review|factual_description,https://www.openstreetmap.org/way/1149372974
2,osm:way:1151001168,Đền – Chùa Nguyên Phi Ỷ Lan,Hà Nội,attraction,21.000593600000002,105.9683740214806,verified_entrance|opening_hours|independent_source_review|factual_description,https://www.openstreetmap.org/way/1151001168
2,osm:way:1151001172,Thủy đình đền Bà Tấm,Hà Nội,temple,21.00065945,105.968228175,verified_entrance|opening_hours|independent_source_review|factual_description,https://www.openstreetmap.org/way/1151001172
2,osm:way:1157172128,Đình Chung,Hà Nội,temple,20.9441353,105.85365844857267,verified_entrance|opening_hours|independent_source_review|factual_description,https://www.openstreetmap.org/way/1157172128
2,osm:way:1157172141,Đình Đồng Trì,Hà Nội,temple,20.941738100000002,105.86254766307718,verified_entrance|opening_hours|independent_source_review|factual_description,https://www.openstreetmap.org/way/1157172141
2,osm:way:1159101822,Công viên Khởi nghiệp,Hà Nội,park,21.01230135,105.53792844242015,verified_entrance|opening_hours|independent_source_review|factual_description,https://www.openstreetmap.org/way/1159101822
2,osm:way:1162603502,Quảng trường Ba Đình,Hà Nội,attraction,21.03698665,105.8357924731149,verified_entrance|opening_hours|independent_source_review|factual_description,https://www.openstreetmap.org/way/1162603502
2,osm:way:1162837200,Vườn hoa Nguyễn Đình Thi,Hà Nội,park,21.0432476,105.82533418406062,verified_entrance|opening_hours|independent_source_review|factual_description,https://www.openstreetmap.org/way/1162837200
2,osm:way:1164583083,Đình An Thái,Hà Nội,temple,21.04890915,105.80689814792767,verified_entrance|opening_hours|independent_source_review|factual_description,https://www.openstreetmap.org/way/1164583083
2,osm:way:1166293260,Đình An Thọ,Hà Nội,temple,21.04844775,105.80880745429425,verified_entrance|opening_hours|independent_source_review|factual_description,https://www.openstreetmap.org/way/1166293260
2,osm:way:1169249141,Chùa Tĩnh Lâu,Hà Nội,temple,21.050122350000002,105.8129761046875,verified_entrance|opening_hours|independent_source_review|factual_description,https://www.openstreetmap.org/way/1169249141
2,osm:way:1171597387,Đình Hoà Mục,Hà Nội,temple,21.01021695,105.80889936402508,verified_entrance|opening_hours|independent_source_review|factual_description,https://www.openstreetmap.org/way/1171597387
2,osm:way:1171597396,Chùa Cót,Hà Nội,temple,21.0237038,105.79280313317074,verified_entrance|opening_hours|independent_source_review|factual_description,https://www.openstreetmap.org/way/1171597396
2,osm:way:1173092162,Vườn hoa Việt Hưng,Hà Nội,park,21.050068850000002,105.8975282336674,verified_entrance|opening_hours|independent_source_review|factual_description,https://www.openstreetmap.org/way/1173092162
2,osm:way:1173092164,Vườn hoa Phúc Đồng,Hà Nội,park,21.04738565,105.90084235448418,verified_entrance|opening_hours|independent_source_review|factual_description,https://www.openstreetmap.org/way/1173092164
2,osm:way:1173092165,Vườn hoa Tân Thụy,Hà Nội,park,21.04499655,105.897203444768,verified_entrance|opening_hours|independent_source_review|factual_description,https://www.openstreetmap.org/way/1173092165
2,osm:way:1174290221,Vườn hoa Gia Quất,Hà Nội,park,21.0551393,105.87093544913765,verified_entrance|opening_hours|independent_source_review|factual_description,https://www.openstreetmap.org/way/1174290221
2,osm:way:1174490259,Vườn hoa Ái Mộ,Hà Nội,park,21.038871049999997,105.87222355245011,verified_entrance|opening_hours|independent_source_review|factual_description,https://www.openstreetmap.org/way/1174490259
2,osm:way:1175724558,Công viên Ngọc Thụy,Hà Nội,park,21.0585092,105.87199985105548,verified_entrance|opening_hours|independent_source_review|factual_description,https://www.openstreetmap.org/way/1175724558
2,osm:way:1180466134,Chùa Dâu,Hà Nội,temple,21.00428605,105.93920841412974,verified_entrance|opening_hours|independent_source_review|factual_description,https://www.openstreetmap.org/way/1180466134
2,osm:way:1181062127,Chùa Đại Bi,Hà Nội,temple,20.9742821,105.86793318309748,verified_entrance|opening_hours|independent_source_review|factual_description,https://www.openstreetmap.org/way/1181062127
2,osm:way:1182376980,Vườn hoa nhỏ Đền Lừ,Hà Nội,park,20.98582025,105.86101080124274,verified_entrance|opening_hours|independent_source_review|factual_description,https://www.openstreetmap.org/way/1182376980
2,osm:way:1185901865,Đình Đản Dị,Hà Nội,temple,21.1410342,105.85367835434505,verified_entrance|opening_hours|independent_source_review|factual_description,https://www.openstreetmap.org/way/1185901865
2,osm:way:1187726804,Đình Kim Quan,Hà Nội,temple,21.0581313,105.90081379502757,verified_entrance|opening_hours|independent_source_review|factual_description,https://www.openstreetmap.org/way/1187726804
2,osm:way:1187726805,Vườn hoa Kim Quan,Hà Nội,park,21.05815295,105.90147103388759,verified_entrance|opening_hours|independent_source_review|factual_description,https://www.openstreetmap.org/way/1187726805
2,osm:way:1188004485,Dự án cải tạo hồ Đầu Băng,Hà Nội,park,21.02696895,105.88847492599756,verified_entrance|opening_hours|independent_source_review|factual_description,https://www.openstreetmap.org/way/1188004485
2,osm:way:1189078913,Miếu Kim Quan,Hà Nội,temple,21.062716,105.90230809506849,verified_entrance|opening_hours|independent_source_review|factual_description,https://www.openstreetmap.org/way/1189078913
2,osm:way:1189163511,Đình Tiên Tân,Hà Nội,temple,21.12725395,105.68104809837905,verified_entrance|opening_hours|independent_source_review|factual_description,https://www.openstreetmap.org/way/1189163511
2,osm:way:1189163517,Chùa Tiên Tân,Hà Nội,temple,21.1266897,105.68137787476213,verified_entrance|opening_hours|independent_source_review|factual_description,https://www.openstreetmap.org/way/1189163517
2,osm:way:1189163519,Miếu Bản,Hà Nội,temple,20.98172175,105.91352813412365,verified_entrance|opening_hours|independent_source_review|factual_description,https://www.openstreetmap.org/way/1189163519
2,osm:way:1189163524,Đình Thuận Tiến,Hà Nội,temple,21.000685599999997,105.97037339804709,verified_entrance|opening_hours|independent_source_review|factual_description,https://www.openstreetmap.org/way/1189163524
2,osm:way:1189163525,Chùa Bình Nguyên,Hà Nội,temple,20.983617350000003,105.92110894079553,verified_entrance|opening_hours|independent_source_review|factual_description,https://www.openstreetmap.org/way/1189163525
2,osm:way:1190841554,Vườn hoa Mai Phúc,Hà Nội,park,21.04477045,105.90263145816832,verified_entrance|opening_hours|independent_source_review|factual_description,https://www.openstreetmap.org/way/1190841554
2,osm:way:1192418437,Đền Khải Thánh,Hà Nội,temple,21.15426445,105.48347939977602,verified_entrance|opening_hours|independent_source_review|factual_description,https://www.openstreetmap.org/way/1192418437
2,osm:way:1192418443,Thượng Điện,Hà Nội,temple,21.1542406,105.4836678,verified_entrance|opening_hours|independent_source_review|factual_description,https://www.openstreetmap.org/way/1192418443
2,osm:way:1193271461,Chùa Linh Thông,Hà Nội,temple,21.1225499,105.44889383544768,verified_entrance|opening_hours|independent_source_review|factual_description,https://www.openstreetmap.org/way/1193271461
2,osm:way:1193781063,Công viên Thành cổ Sơn Tây,Hà Nội,park,21.139809049999997,105.50574626051989,verified_entrance|opening_hours|independent_source_review|factual_description,https://www.openstreetmap.org/way/1193781063
2,osm:way:1193800376,Đình Mông Phụ,Hà Nội,temple,21.15851355,105.47044162864621,verified_entrance|opening_hours|independent_source_review|factual_description,https://www.openstreetmap.org/way/1193800376
2,osm:way:1194336118,Du lịch Ðầm Long Xanh,Hà Nội,theme_park,21.1697401,105.34473984381924,verified_entrance|opening_hours|independent_source_review|factual_description,https://www.openstreetmap.org/way/1194336118
2,osm:way:1197139579,Chùa Đông Dư Thượng,Hà Nội,temple,21.00146655,105.912122673961,verified_entrance|opening_hours|independent_source_review|factual_description,https://www.openstreetmap.org/way/1197139579
2,osm:way:1197139580,Đình Đông Dư Thượng,Hà Nội,temple,21.001831799999998,105.91174708558242,verified_entrance|opening_hours|independent_source_review|factual_description,https://www.openstreetmap.org/way/1197139580
2,osm:way:1201121655,Đài tưởng niệm liệt sĩ Cự Khối,Hà Nội,historic,21.01177055,105.9044868,verified_entrance|opening_hours|independent_source_review|factual_description,https://www.openstreetmap.org/way/1201121655
2,osm:way:1202245901,Di tích lưu niệm Tản Đà - Nguyễn Khắc Hiếu,Hà Nội,museum,21.1853458,105.30765612180656,verified_entrance|opening_hours|independent_source_review|factual_description,https://www.openstreetmap.org/way/1202245901
2,osm:way:1205258208,Lăng Tổ 5,Hà Nội,temple,21.007880200000002,105.91142097204697,verified_entrance|opening_hours|independent_source_review|factual_description,https://www.openstreetmap.org/way/1205258208
2,osm:way:1206331027,Bảo tàng Đặc công,Hà Nội,museum,20.916621,105.87447360394859,verified_entrance|opening_hours|independent_source_review|factual_description,https://www.openstreetmap.org/way/1206331027
2,osm:way:1207063057,Abandoned Van,Hà Nội,attraction,21.0127919,105.8856211346465,verified_entrance|opening_hours|independent_source_review,https://www.openstreetmap.org/way/1207063057
2,osm:way:1207157078,Đinh Mai Phúc,Hà Nội,temple,21.0410891,105.90064711262772,verified_entrance|opening_hours|independent_source_review|factual_description,https://www.openstreetmap.org/way/1207157078
2,osm:way:1207157084,Nghè Hoa,Hà Nội,temple,21.0437249,105.89525081566862,verified_entrance|opening_hours|independent_source_review|factual_description,https://www.openstreetmap.org/way/1207157084
2,osm:way:1209822359,Công viên - Bãi xe ngầm Mễ Trì Hạ,Hà Nội,park,21.0139622,105.78162670975962,verified_entrance|opening_hours|independent_source_review|factual_description,https://www.openstreetmap.org/way/1209822359
2,osm:way:1210566297,Chùa Vân Hồ,Hà Nội,temple,21.0111683,105.84886424124727,verified_entrance|opening_hours|independent_source_review|factual_description,https://www.openstreetmap.org/way/1210566297
2,osm:way:1210984005,Vườn hoa 1-6,Hà Nội,park,21.0164772,105.82731409752881,verified_entrance|opening_hours|independent_source_review|factual_description,https://www.openstreetmap.org/way/1210984005
2,osm:way:1211530678,Lăng tổ Chu tộc Hoàng Đống,Hà Nội,temple,21.0479281,105.78362005,verified_entrance|opening_hours|independent_source_review|factual_description,https://www.openstreetmap.org/way/1211530678
2,osm:way:1211556646,Công viên Hồ Xã Đàn,Hà Nội,park,21.012728799999998,105.83090716182136,verified_entrance|opening_hours|independent_source_review|factual_description,https://www.openstreetmap.org/way/1211556646
2,osm:way:1211729749,Đình An Phú,Hà Nội,temple,21.044905,105.80415131687252,verified_entrance|opening_hours|independent_source_review|factual_description,https://www.openstreetmap.org/way/1211729749
2,osm:way:1213235641,Chùa Duệ Tú,Hà Nội,temple,21.0359329,105.80231483708775,verified_entrance|opening_hours|independent_source_review|factual_description,https://www.openstreetmap.org/way/1213235641
2,osm:way:1213238767,Chùa Quan Hoa,Hà Nội,temple,21.03385635,105.80370758337901,verified_entrance|opening_hours|independent_source_review|factual_description,https://www.openstreetmap.org/way/1213238767
2,osm:way:1213628318,Chùa Tăng Phúc,Hà Nội,temple,21.038489900000002,105.79847410831519,verified_entrance|opening_hours|independent_source_review|factual_description,https://www.openstreetmap.org/way/1213628318
2,osm:way:1213872795,Chùa Dâu,Hà Nội,temple,21.04656305,105.80300775038022,verified_entrance|opening_hours|independent_source_review|factual_description,https://www.openstreetmap.org/way/1213872795
2,osm:way:1213872798,Đền Trung Nha,Hà Nội,temple,21.0500008,105.80423555992292,verified_entrance|opening_hours|independent_source_review|factual_description,https://www.openstreetmap.org/way/1213872798
2,osm:way:1213883587,Đình Bái Ân,Hà Nội,temple,21.0532939,105.80791992381698,verified_entrance|opening_hours|independent_source_review|factual_description,https://www.openstreetmap.org/way/1213883587
2,osm:way:1213883588,Chùa Bái Ân,Hà Nội,temple,21.055254599999998,105.80628551911813,verified_entrance|opening_hours|independent_source_review|factual_description,https://www.openstreetmap.org/way/1213883588
2,osm:way:1213885335,Chùa Báo Ân,Hà Nội,temple,21.0288533,105.7989602533739,verified_entrance|opening_hours|independent_source_review|factual_description,https://www.openstreetmap.org/way/1213885335
2,osm:way:1215489700,Vườn hoa Trạm,Hà Nội,park,21.02601415,105.89279786391809,verified_entrance|opening_hours|independent_source_review|factual_description,https://www.openstreetmap.org/way/1215489700
2,osm:way:1216770910,Nhà bia Tưởng niệm Liệt sỹ phường Cát Linh,Hà Nội,historic,21.0284762,105.82979330463839,verified_entrance|opening_hours|independent_source_review|factual_description,https://www.openstreetmap.org/way/1216770910
2,osm:way:1216978705,Bãi biển sông Hồng,Hà Nội,beach,21.0119009,105.87746340713653,verified_entrance|opening_hours|independent_source_review|factual_description,https://www.openstreetmap.org/way/1216978705
2,osm:way:1217390576,Bích Câu Đạo Quán,Hà Nội,temple,21.02873525,105.83272602225396,verified_entrance|opening_hours|independent_source_review|factual_description,https://www.openstreetmap.org/way/1217390576
2,osm:way:1217933369,Vườn hoa Lâm Hạ,Hà Nội,park,21.04085005,105.88139407377511,verified_entrance|opening_hours|independent_source_review|factual_description,https://www.openstreetmap.org/way/1217933369
2,osm:way:1218673065,Đền Thủy Trung Tiên,Hà Nội,temple,21.0486665,105.8389317,verified_entrance|opening_hours|independent_source_review|factual_description,https://www.openstreetmap.org/way/1218673065
2,osm:way:1218848971,Ánh Dương Garden,Hà Nội,park,21.068209699999997,105.88680673295289,verified_entrance|opening_hours|independent_source_review|factual_description,https://www.openstreetmap.org/way/1218848971
2,osm:way:1219991538,Tháp Hòa Phong,Hà Nội,attraction,21.02633625,105.853313,verified_entrance|opening_hours|independent_source_review|factual_description,https://www.openstreetmap.org/way/1219991538
2,osm:way:1222783976,Đình An Đà,Hà Nội,temple,21.02562845,105.95934059091118,verified_entrance|opening_hours|independent_source_review|factual_description,https://www.openstreetmap.org/way/1222783976
2,osm:way:1223159241,Đình Chùa thôn Hoàng Xá,Hà Nội,temple,20.96653735,105.95962888575738,verified_entrance|opening_hours|independent_source_review|factual_description,https://www.openstreetmap.org/way/1223159241
2,osm:way:1223159261,Chùa Minh Ngộ,Hà Nội,temple,20.970768149999998,105.95431748120126,verified_entrance|opening_hours|independent_source_review|factual_description,https://www.openstreetmap.org/way/1223159261
2,osm:way:1223159275,Đình Báo Đáp,Hà Nội,temple,20.969404,105.94999390620124,verified_entrance|opening_hours|independent_source_review|factual_description,https://www.openstreetmap.org/way/1223159275
2,osm:way:1223159277,Chùa Báo Đáp,Hà Nội,temple,20.96905785,105.95021100690789,verified_entrance|opening_hours|independent_source_review|factual_description,https://www.openstreetmap.org/way/1223159277
2,osm:way:1223169238,Công viên Hồ Ngọc Trai-San Hô,Hà Nội,park,20.9912247,105.95017918966074,verified_entrance|opening_hours|independent_source_review|factual_description,https://www.openstreetmap.org/way/1223169238
2,osm:way:1223384698,Tonkin's park,Hà Nội,park,20.99736545,105.7388959337834,verified_entrance|independent_source_review|factual_description,https://www.openstreetmap.org/way/1223384698
2,osm:way:1223490974,Công Viên Biển Hồ,Hà Nội,park,21.000083699999998,105.9481964060518,verified_entrance|opening_hours|independent_source_review|factual_description,https://www.openstreetmap.org/way/1223490974
2,osm:way:1223749451,Đền thờ Mẫu Đệ nhị thượng ngàn,Hà Nội,temple,21.02729075,105.95838144459299,verified_entrance|opening_hours|independent_source_review|factual_description,https://www.openstreetmap.org/way/1223749451
2,osm:way:1224486078,Vườn Hồng,Hà Nội,park,20.9878472,105.94304859487792,verified_entrance|opening_hours|independent_source_review|factual_description,https://www.openstreetmap.org/way/1224486078
2,osm:way:1224542073,Đình Kim Âu,Hà Nội,temple,21.02174335,105.95697249079342,verified_entrance|opening_hours|independent_source_review|factual_description,https://www.openstreetmap.org/way/1224542073
2,osm:way:1224784663,Chùa Nhân Lễ,Hà Nội,temple,21.02568465,105.96440757773598,verified_entrance|opening_hours|independent_source_review|factual_description,https://www.openstreetmap.org/way/1224784663
2,osm:way:1224796552,Đình Hàn Lạc,Hà Nội,temple,21.0300613,105.97083960333248,verified_entrance|opening_hours|independent_source_review|factual_description,https://www.openstreetmap.org/way/1224796552
2,osm:way:1229058095,Chùa Tháp,Hà Nội,temple,21.0324874,105.79372590494876,verified_entrance|opening_hours|independent_source_review|factual_description,https://www.openstreetmap.org/way/1229058095
2,osm:way:1229058096,Đình Tháp,Hà Nội,temple,21.032605,105.79355461374927,verified_entrance|opening_hours|independent_source_review|factual_description,https://www.openstreetmap.org/way/1229058096
2,osm:way:1229062099,Đình Thọ Cầu,Hà Nội,temple,21.03456475,105.79160996054918,verified_entrance|opening_hours|independent_source_review|factual_description,https://www.openstreetmap.org/way/1229062099
2,osm:way:1229062101,Chùa Thọ Cầu,Hà Nội,temple,21.0347036,105.79132691775092,verified_entrance|opening_hours|independent_source_review|factual_description,https://www.openstreetmap.org/way/1229062101
2,osm:way:1229267979,Đình Ô Cách,Hà Nội,temple,21.060990500000003,105.89499273676122,verified_entrance|opening_hours|independent_source_review|factual_description,https://www.openstreetmap.org/way/1229267979
2,osm:way:1229270358,Chùa Cả,Hà Nội,temple,21.0039831,105.7684419170773,verified_entrance|opening_hours|independent_source_review|factual_description,https://www.openstreetmap.org/way/1229270358
2,osm:way:1229451553,Đài tưởng niệm liệt sĩ phường Quan Hoa,Hà Nội,historic,21.0381302,105.7981514,verified_entrance|opening_hours|independent_source_review|factual_description,https://www.openstreetmap.org/way/1229451553
2,osm:way:1229711415,Chùa Cửu Việt,Hà Nội,temple,21.00986925,105.93483416441694,verified_entrance|opening_hours|independent_source_review|factual_description,https://www.openstreetmap.org/way/1229711415
2,osm:way:1230498807,Chùa Hoa Lăng,Hà Nội,temple,21.038410849999998,105.80535062339214,verified_entrance|opening_hours|independent_source_review|factual_description,https://www.openstreetmap.org/way/1230498807
2,osm:way:1230498810,Chùa Nền,Hà Nội,temple,21.0266083,105.80019510756071,verified_entrance|opening_hours|independent_source_review|factual_description,https://www.openstreetmap.org/way/1230498810
2,osm:way:1230498813,Chùa Cây Quế,Hà Nội,temple,21.01101,105.80856670947597,verified_entrance|opening_hours|independent_source_review|factual_description,https://www.openstreetmap.org/way/1230498813
2,osm:way:1231803011,Đình An Lạc,Hà Nội,temple,21.0157375,105.92612436700969,verified_entrance|opening_hours|independent_source_review|factual_description,https://www.openstreetmap.org/way/1231803011
2,osm:way:1231813009,Đình Chính Trung,Hà Nội,temple,21.0155366,105.93737813367875,verified_entrance|opening_hours|independent_source_review|factual_description,https://www.openstreetmap.org/way/1231813009
2,osm:way:1231813013,Chùa Phúc Long,Hà Nội,temple,21.015184750000003,105.93672717403402,verified_entrance|opening_hours|independent_source_review|factual_description,https://www.openstreetmap.org/way/1231813013
2,osm:way:1232642185,Miếu Công chúa,Hà Nội,temple,21.0530841,105.89986249688745,verified_entrance|opening_hours|independent_source_review|factual_description,https://www.openstreetmap.org/way/1232642185
2,osm:way:1232706726,Chùa Phượng Nghĩa,Hà Nội,temple,20.95507415,105.71266633043831,verified_entrance|opening_hours|independent_source_review|factual_description,https://www.openstreetmap.org/way/1232706726
2,osm:way:1234036432,Đông Phong Art Gallery,Hà Nội,gallery,21.02521475,105.8573158278754,verified_entrance|independent_source_review|factual_description,https://www.openstreetmap.org/way/1234036432
2,osm:way:1234036437,Music Garden,Hà Nội,park,21.023829499999998,105.85774596392665,verified_entrance|opening_hours|independent_source_review|factual_description,https://www.openstreetmap.org/way/1234036437
2,osm:way:1238050566,Chùa Đông Tân,Hà Nội,temple,21.01490785,105.850652275467,verified_entrance|opening_hours|independent_source_review|factual_description,https://www.openstreetmap.org/way/1238050566
2,osm:way:1238243357,Nhà tưởng niệm Chủ tịch Hồ Chí Minh,Hà Nội,temple,21.118629249999998,105.3213567,verified_entrance|opening_hours|independent_source_review|factual_description,https://www.openstreetmap.org/way/1238243357
2,osm:way:1238255167,Phòng trưng bày K9,Hà Nội,museum,21.11691695,105.32624740286519,verified_entrance|opening_hours|independent_source_review|factual_description,https://www.openstreetmap.org/way/1238255167
2,osm:way:1239425732,Chùa Chân Tiên,Hà Nội,temple,21.0141032,105.84954809628378,verified_entrance|opening_hours|independent_source_review|factual_description,https://www.openstreetmap.org/way/1239425732
2,osm:way:1240363497,Chùa Linh Thông,Hà Nội,temple,21.00820695,105.81080489397996,verified_entrance|opening_hours|independent_source_review|factual_description,https://www.openstreetmap.org/way/1240363497
2,osm:way:1241284759,Nghè Lê Xá,Hà Nội,temple,20.9885847,105.93675862697552,verified_entrance|opening_hours|independent_source_review|factual_description,https://www.openstreetmap.org/way/1241284759
2,osm:way:1241284774,Đình Lê Xá,Hà Nội,temple,20.988107499999998,105.93614908582776,verified_entrance|opening_hours|independent_source_review|factual_description,https://www.openstreetmap.org/way/1241284774
2,osm:way:1241856352,Đình Đại Lan,Hà Nội,temple,20.932259549999998,105.86755951526492,verified_entrance|opening_hours|independent_source_review|factual_description,https://www.openstreetmap.org/way/1241856352
2,osm:way:1246953698,Chùa Ngọc Động,Hà Nội,temple,20.98260535,105.93963069381846,verified_entrance|opening_hours|independent_source_review|factual_description,https://www.openstreetmap.org/way/1246953698
2,osm:way:1246953700,Đình Ngọc Động,Hà Nội,temple,20.98102685,105.94240724659069,verified_entrance|opening_hours|independent_source_review|factual_description,https://www.openstreetmap.org/way/1246953700
2,osm:way:1246953701,Nhà thờ Giáo họ Ngọc Động,Hà Nội,temple,20.98051715,105.9393779,verified_entrance|opening_hours|independent_source_review|factual_description,https://www.openstreetmap.org/way/1246953701
2,osm:way:1247135450,Phố đường tàu Hà Nội,Hà Nội,attraction,21.0295823,105.8433205950041,verified_entrance|opening_hours|independent_source_review|factual_description,https://www.openstreetmap.org/way/1247135450
2,osm:way:124877385,Vườn hoa Pasteur,Hà Nội,park,21.01415135,105.85950374824816,verified_entrance|opening_hours|independent_source_review|factual_description,https://www.openstreetmap.org/way/124877385
2,osm:way:1248970095,Vườn thực vật,Hà Nội,park,21.0400164,105.78559700033452,verified_entrance|opening_hours|independent_source_review|factual_description,https://www.openstreetmap.org/way/1248970095
2,osm:way:1249796827,Nhà lưu niệm Đại tướng Văn Tiến Dũng,Hà Nội,historic,21.06153285,105.77676853113357,verified_entrance|opening_hours|independent_source_review|factual_description,https://www.openstreetmap.org/way/1249796827
2,osm:way:1250193564,Vườn hoa Đàn Nam,Hà Nội,park,21.0108788,105.8500089944186,verified_entrance|opening_hours|independent_source_review|factual_description,https://www.openstreetmap.org/way/1250193564
2,osm:way:1250198544,Đình Tân Thụy,Hà Nội,temple,21.0434707,105.89921144817217,verified_entrance|opening_hours|independent_source_review|factual_description,https://www.openstreetmap.org/way/1250198544
2,osm:way:1250726825,Đình Cự Đồng,Hà Nội,temple,21.03079885,105.90852268759707,verified_entrance|opening_hours|independent_source_review|factual_description,https://www.openstreetmap.org/way/1250726825
2,osm:way:1250830091,Chùa Đống Lim,Hà Nội,temple,21.02830915,105.90963153058487,verified_entrance|opening_hours|independent_source_review|factual_description,https://www.openstreetmap.org/way/1250830091
2,osm:way:1251537883,Đài tưởng niệm liệt sĩ phường Giang Biên,Hà Nội,historic,21.0628861,105.91901515,verified_entrance|opening_hours|independent_source_review|factual_description,https://www.openstreetmap.org/way/1251537883
2,osm:way:1251617787,Nhà Chăm,Hà Nội,attraction,21.039877699999998,105.79899195644921,verified_entrance|opening_hours|independent_source_review|factual_description,https://www.openstreetmap.org/way/1251617787
2,osm:way:1251617788,Nhà Việt,Hà Nội,attraction,21.039781,105.79941125513439,verified_entrance|opening_hours|independent_source_review|factual_description,https://www.openstreetmap.org/way/1251617788
2,osm:way:1251617810,Nhà Hà Nhì,Hà Nội,attraction,21.04130645,105.79914490181136,verified_entrance|opening_hours|independent_source_review|factual_description,https://www.openstreetmap.org/way/1251617810
2,osm:way:1253201592,Đài tưởng niệm các anh hùng liệt sỹ phường Vĩnh Tuy,Hà Nội,historic,20.99818135,105.87329288004858,verified_entrance|opening_hours|independent_source_review|factual_description,https://www.openstreetmap.org/way/1253201592
2,osm:way:1253839879,Công viên hồ Cần,Hà Nội,park,20.99669,105.8753214764285,verified_entrance|independent_source_review|factual_description,https://www.openstreetmap.org/way/1253839879
2,osm:way:1253905584,Khu cảnh quan,Hà Nội,park,21.01893275,105.93368511131243,verified_entrance|opening_hours|independent_source_review|factual_description,https://www.openstreetmap.org/way/1253905584
2,osm:way:1255802866,Hội thánh Tin lành Hà Nội,Hà Nội,temple,21.0310247,105.84602284997206,verified_entrance|opening_hours|independent_source_review|factual_description,https://www.openstreetmap.org/way/1255802866
2,osm:way:1257492050,Sân betong bóng rổ + đá bóng mini,Hà Nội,park,20.96205085,105.80190740555557,verified_entrance|opening_hours|independent_source_review|factual_description,https://www.openstreetmap.org/way/1257492050
2,osm:way:1258166110,Trung tâm sinh thái giáo dục V-Eco,Hà Nội,park,21.01594465,105.93022288273107,verified_entrance|opening_hours|independent_source_review|factual_description,https://www.openstreetmap.org/way/1258166110
2,osm:way:1264135486,Chùa Kim Liên,Hà Nội,temple,21.01165265,105.83791342222858,verified_entrance|opening_hours|independent_source_review|factual_description,https://www.openstreetmap.org/way/1264135486
2,osm:way:1273307132,Chùa Vua,Hà Nội,temple,21.0104474,105.8531513287455,verified_entrance|opening_hours|independent_source_review|factual_description,https://www.openstreetmap.org/way/1273307132
2,osm:way:1273594368,Đền Hương Tượng,Hà Nội,temple,21.034965,105.85329011240204,verified_entrance|opening_hours|independent_source_review|factual_description,https://www.openstreetmap.org/way/1273594368
2,osm:way:1274306485,Đình Đồng Nhân,Hà Nội,temple,21.01199325,105.8551249285166,verified_entrance|opening_hours|independent_source_review|factual_description,https://www.openstreetmap.org/way/1274306485
2,osm:way:1286509443,Đình Cống Vị,Hà Nội,temple,21.0372511,105.80827224738158,verified_entrance|opening_hours|independent_source_review|factual_description,https://www.openstreetmap.org/way/1286509443
2,osm:way:1286509450,Đình Kim Mã Thượng,Hà Nội,temple,21.037634699999998,105.81270801490442,verified_entrance|opening_hours|independent_source_review|factual_description,https://www.openstreetmap.org/way/1286509450
2,osm:way:1286509452,Chùa Thanh Ninh,Hà Nội,temple,21.032686499999997,105.83257860928506,verified_entrance|opening_hours|independent_source_review|factual_description,https://www.openstreetmap.org/way/1286509452
2,osm:way:1286509472,Chùa Kim Sơn,Hà Nội,temple,21.0315971,105.82639423168922,verified_entrance|opening_hours|independent_source_review|factual_description,https://www.openstreetmap.org/way/1286509472
2,osm:way:1286509474,Đình Kim Mã,Hà Nội,temple,21.03128015,105.82324884616412,verified_entrance|opening_hours|independent_source_review|factual_description,https://www.openstreetmap.org/way/1286509474
2,osm:way:1286509477,Đình Xuân Biểu,Hà Nội,temple,21.0332169,105.83084170022545,verified_entrance|opening_hours|independent_source_review|factual_description,https://www.openstreetmap.org/way/1286509477
2,osm:way:1287926762,Chùa Phụng Thánh,Hà Nội,temple,21.01747785,105.83684495850054,verified_entrance|opening_hours|independent_source_review|factual_description,https://www.openstreetmap.org/way/1287926762
2,osm:way:1287926779,Đình Thổ Quan,Hà Nội,temple,21.01626385,105.8347039090443,verified_entrance|opening_hours|independent_source_review|factual_description,https://www.openstreetmap.org/way/1287926779
2,osm:way:1287926787,Chùa Linh Ứng,Hà Nội,temple,21.0196207,105.83371136900958,verified_entrance|opening_hours|independent_source_review|factual_description,https://www.openstreetmap.org/way/1287926787
2,osm:way:1287926793,"Đình, đền Trung Tả",Hà Nội,temple,21.01995995,105.8345900180921,verified_entrance|opening_hours|independent_source_review|factual_description,https://www.openstreetmap.org/way/1287926793
2,osm:way:1287926794,Chùa Bụt Mọc,Hà Nội,temple,21.021112000000002,105.83430627309784,verified_entrance|opening_hours|independent_source_review|factual_description,https://www.openstreetmap.org/way/1287926794
2,osm:way:1287926795,Điện Huy Văn,Hà Nội,temple,21.02287295,105.83265195994964,verified_entrance|opening_hours|independent_source_review|factual_description,https://www.openstreetmap.org/way/1287926795
2,osm:way:1287926796,Chùa Huy Văn,Hà Nội,temple,21.0229854,105.8327441953659,verified_entrance|opening_hours|independent_source_review|factual_description,https://www.openstreetmap.org/way/1287926796
2,osm:way:1287926805,Đền Văn Chỉ,Hà Nội,temple,21.02358205,105.83301364336904,verified_entrance|opening_hours|independent_source_review|factual_description,https://www.openstreetmap.org/way/1287926805
2,osm:way:1287926806,Đền Lương Sử,Hà Nội,temple,21.02555045,105.83615264498141,verified_entrance|opening_hours|independent_source_review|factual_description,https://www.openstreetmap.org/way/1287926806
2,osm:way:1287926808,Chùa Linh Quang,Hà Nội,temple,21.0224658,105.83664206274463,verified_entrance|opening_hours|independent_source_review|factual_description,https://www.openstreetmap.org/way/1287926808
2,osm:way:1287926810,Đình Linh Quang,Hà Nội,temple,21.02253495,105.83650055164773,verified_entrance|opening_hours|independent_source_review|factual_description,https://www.openstreetmap.org/way/1287926810
2,osm:way:1287959198,Đình Hữu Tiệp,Hà Nội,temple,21.0385651,105.82715542626437,verified_entrance|opening_hours|independent_source_review|factual_description,https://www.openstreetmap.org/way/1287959198
2,osm:way:1289252431,Đền chính - Đền Voi Phục,Hà Nội,temple,21.0306303,105.80421019034013,verified_entrance|opening_hours|independent_source_review|factual_description,https://www.openstreetmap.org/way/1289252431
2,osm:way:1289252432,Nhà mẫu - Đền Voi Phục,Hà Nội,temple,21.0305842,105.80398523341992,verified_entrance|opening_hours|independent_source_review|factual_description,https://www.openstreetmap.org/way/1289252432
2,osm:way:1289252433,Nhà Tả Vu - Đền Voi Phục,Hà Nội,temple,21.0308247,105.80415201256201,verified_entrance|opening_hours|independent_source_review|factual_description,https://www.openstreetmap.org/way/1289252433
2,osm:way:1289252435,Chùa Phúc Lâm,Hà Nội,temple,21.04086135,105.84941964382733,verified_entrance|opening_hours|independent_source_review|factual_description,https://www.openstreetmap.org/way/1289252435
2,osm:way:1289252444,Đền Cống Yên,Hà Nội,temple,21.0455951,105.807421449727,verified_entrance|opening_hours|independent_source_review|factual_description,https://www.openstreetmap.org/way/1289252444
2,osm:way:1289252451,Đình Hoàng,Hà Nội,temple,21.05660705,105.78402540356115,verified_entrance|opening_hours|independent_source_review|factual_description,https://www.openstreetmap.org/way/1289252451
2,osm:way:1289605166,Vườn hoa Công đoàn,Hà Nội,park,21.010039550000002,105.82517445523553,verified_entrance|opening_hours|independent_source_review|factual_description,https://www.openstreetmap.org/way/1289605166
2,osm:way:1290167945,Vườn hoa Hoàng Văn Thụ,Hà Nội,park,21.03867175,105.83950553768398,verified_entrance|opening_hours|independent_source_review|factual_description,https://www.openstreetmap.org/way/1290167945
2,osm:way:1292544276,Công viên Ba Mẫu,Hà Nội,park,21.0125686,105.8401108811898,verified_entrance|opening_hours|independent_source_review|factual_description,https://www.openstreetmap.org/way/1292544276
2,osm:way:1292544286,Vườn hoa Hàng Vôi,Hà Nội,park,21.02927095,105.85673118576653,verified_entrance|opening_hours|independent_source_review|factual_description,https://www.openstreetmap.org/way/1292544286
2,osm:way:1296795442,Vietgangz Farm,Hà Nội,zoo,20.9857035,105.94741216213154,verified_entrance|independent_source_review|factual_description,https://www.openstreetmap.org/way/1296795442
2,osm:way:1303883233,Khu Di tích Phủ Chủ tịch,Hà Nội,park,21.03880525,105.83396451695229,verified_entrance|opening_hours|independent_source_review|factual_description,https://www.openstreetmap.org/way/1303883233
2,osm:way:1304386629,Khu khảo cổ học 18 Hoàng Diệu,Hà Nội,park,21.03752725,105.83874963944383,verified_entrance|opening_hours|independent_source_review,https://www.openstreetmap.org/way/1304386629
2,osm:way:1305895368,Vườn hoa Kính Thiên,Hà Nội,park,21.03505565,105.8374822948593,verified_entrance|opening_hours|independent_source_review,https://www.openstreetmap.org/way/1305895368
2,osm:way:1307631429,Vườn hoa Nghè Ngô,Hà Nội,park,21.014901199999997,105.90554183054314,verified_entrance|independent_source_review|factual_description,https://www.openstreetmap.org/way/1307631429
2,osm:way:1308852107,Đền Sái,Hà Nội,temple,21.182973699999998,105.91582276492231,verified_entrance|opening_hours|independent_source_review|factual_description,https://www.openstreetmap.org/way/1308852107
2,osm:way:1308852108,Đền Thượng,Hà Nội,temple,21.181485449999997,105.91631343354476,verified_entrance|opening_hours|independent_source_review|factual_description,https://www.openstreetmap.org/way/1308852108
2,osm:way:1313264566,Đình Thành Công,Hà Nội,temple,21.02128325,105.81569694999999,verified_entrance|opening_hours|independent_source_review|factual_description,https://www.openstreetmap.org/way/1313264566
2,osm:way:1313406166,Đài tưởng niệm các anh hùng liệt sĩ,Hà Nội,historic,21.00385995,105.96675603338414,verified_entrance|opening_hours|independent_source_review|factual_description,https://www.openstreetmap.org/way/1313406166
2,osm:way:1313890202,Đình Nhị Khê,Hà Nội,temple,20.7493555,105.8206810228584,verified_entrance|opening_hours|independent_source_review|factual_description,https://www.openstreetmap.org/way/1313890202
2,osm:way:1313890206,Đình Thuỵ Phú,Hà Nội,temple,20.773417549999998,105.93561484402588,verified_entrance|opening_hours|independent_source_review|factual_description,https://www.openstreetmap.org/way/1313890206
2,osm:way:1313890212,Đình Đồng Xung,Hà Nội,temple,20.7095173,105.84336486065573,verified_entrance|opening_hours|independent_source_review|factual_description,https://www.openstreetmap.org/way/1313890212
2,osm:way:1313890218,Đình Kim Bồng,Hà Nội,temple,20.66151,105.86253963318126,verified_entrance|opening_hours|independent_source_review|factual_description,https://www.openstreetmap.org/way/1313890218
2,osm:way:1313890223,Chùa Đào Xá,Hà Nội,temple,20.6529527,105.87439155641201,verified_entrance|opening_hours|independent_source_review|factual_description,https://www.openstreetmap.org/way/1313890223
2,osm:way:1314278481,Chùa Báo Ân,Hà Nội,temple,20.83294555,105.80454316503096,verified_entrance|opening_hours|independent_source_review|factual_description,https://www.openstreetmap.org/way/1314278481
2,osm:way:1314807820,Đình Hạ Mã,Hà Nội,temple,21.05537485,105.96173537724752,verified_entrance|opening_hours|independent_source_review|factual_description,https://www.openstreetmap.org/way/1314807820
2,osm:way:1315344012,Lăng Phùng Hưng,Hà Nội,temple,21.0313363,105.82899963190252,verified_entrance|opening_hours|independent_source_review|factual_description,https://www.openstreetmap.org/way/1315344012
2,osm:way:1315344014,Đình Thịnh Hào,Hà Nội,temple,21.0227163,105.83156121805982,verified_entrance|opening_hours|independent_source_review|factual_description,https://www.openstreetmap.org/way/1315344014
2,osm:way:1315344017,Đình Văn Hương,Hà Nội,temple,21.023812300000003,105.83547728766231,verified_entrance|opening_hours|independent_source_review|factual_description,https://www.openstreetmap.org/way/1315344017
2,osm:way:1315473380,Chùa Thạch Cầu,Hà Nội,temple,21.02007935,105.91890529203,verified_entrance|opening_hours|independent_source_review|factual_description,https://www.openstreetmap.org/way/1315473380
2,osm:way:1315473393,Đình Thạch Cầu,Hà Nội,temple,21.021889450000003,105.91940269188302,verified_entrance|opening_hours|independent_source_review|factual_description,https://www.openstreetmap.org/way/1315473393
2,osm:way:1316353973,Bảo tàng Vũ Khí,Hà Nội,museum,21.06756865,105.88132249934279,verified_entrance|opening_hours|independent_source_review|factual_description,https://www.openstreetmap.org/way/1316353973
2,osm:way:1317836184,Đình Trung Tự,Hà Nội,temple,21.01208665,105.83820221387097,verified_entrance|opening_hours|independent_source_review|factual_description,https://www.openstreetmap.org/way/1317836184
2,osm:way:1317836196,Chùa Trung Tự,Hà Nội,temple,21.012985,105.83634299050917,verified_entrance|opening_hours|independent_source_review|factual_description,https://www.openstreetmap.org/way/1317836196
2,osm:way:1317836198,Đền Trung Phụng,Hà Nội,temple,21.0153456,105.83824753126936,verified_entrance|opening_hours|independent_source_review|factual_description,https://www.openstreetmap.org/way/1317836198
2,osm:way:1319176641,Chùa Tựu Liệt,Hà Nội,temple,20.953517650000002,105.83294578912222,verified_entrance|opening_hours|independent_source_review|factual_description,https://www.openstreetmap.org/way/1319176641
2,osm:way:1322156151,Đình An Đào,Hà Nội,temple,21.00085165,105.94014758969679,verified_entrance|opening_hours|independent_source_review|factual_description,https://www.openstreetmap.org/way/1322156151
2,osm:way:1323789771,Chùa Nga My,Hà Nội,temple,20.9908242,105.85223142602214,verified_entrance|opening_hours|independent_source_review|factual_description,https://www.openstreetmap.org/way/1323789771
2,osm:way:1323789772,Đình Hoàng Mai,Hà Nội,temple,20.9906692,105.85255961916656,verified_entrance|opening_hours|independent_source_review|factual_description,https://www.openstreetmap.org/way/1323789772
2,osm:way:1323789774,Đình Ông,Hà Nội,temple,20.99147585,105.85752554999999,verified_entrance|opening_hours|independent_source_review|factual_description,https://www.openstreetmap.org/way/1323789774
2,osm:way:1323789775,Đền Lư Giang,Hà Nội,temple,20.9850064,105.86323042081105,verified_entrance|opening_hours|independent_source_review|factual_description,https://www.openstreetmap.org/way/1323789775
2,osm:way:1326230608,Vườn hoa Phúc Lợi,Hà Nội,park,21.05449005,105.91983888030929,verified_entrance|opening_hours|independent_source_review|factual_description,https://www.openstreetmap.org/way/1326230608
2,osm:way:1326230610,Đình Hội Xá,Hà Nội,temple,21.05491835,105.92065939921332,verified_entrance|opening_hours|independent_source_review|factual_description,https://www.openstreetmap.org/way/1326230610
2,osm:way:1326230611,Chùa Hội Xá,Hà Nội,temple,21.054529549999998,105.92071218240795,verified_entrance|opening_hours|independent_source_review|factual_description,https://www.openstreetmap.org/way/1326230611
2,osm:way:1327204797,Landmark72 Garden,Hà Nội,park,21.01784635,105.7842296367142,verified_entrance|opening_hours|independent_source_review|factual_description,https://www.openstreetmap.org/way/1327204797
2,osm:way:1329826250,Đền tưởng niệm các Anh Hùng - Liệt Sĩ,Hà Nội,historic,21.01222065,105.75460219578977,verified_entrance|opening_hours|independent_source_review|factual_description,https://www.openstreetmap.org/way/1329826250
2,osm:way:1330415427,Chùa Giao Quang,Hà Nội,temple,21.0059955,105.75956508563567,verified_entrance|opening_hours|independent_source_review|factual_description,https://www.openstreetmap.org/way/1330415427
2,osm:way:1337578715,The Matrix One Private Park,Hà Nội,park,21.0093572,105.77452232698423,verified_entrance|opening_hours|independent_source_review|factual_description,https://www.openstreetmap.org/way/1337578715
2,osm:way:1350620262,Tàu lượn siêu tốc,Hà Nội,attraction,21.0304845,105.80569449211974,verified_entrance|opening_hours|independent_source_review|factual_description,https://www.openstreetmap.org/way/1350620262
2,osm:way:1351157610,Vườn hoa phường Thượng Thanh,Hà Nội,park,21.06658875,105.8965891286469,verified_entrance|opening_hours|independent_source_review|factual_description,https://www.openstreetmap.org/way/1351157610
2,osm:way:1359818523,Đền Bà Ả Lanh,Hà Nội,temple,20.728302149999998,105.90084505313015,verified_entrance|opening_hours|independent_source_review|factual_description,https://www.openstreetmap.org/way/1359818523
2,osm:way:1359818524,Nhà thờ Giáo xứ Phú Mỹ,Hà Nội,temple,20.7507405,105.9121319559018,verified_entrance|opening_hours|independent_source_review|factual_description,https://www.openstreetmap.org/way/1359818524
2,osm:way:1359824052,Quảng trường ASEAN,Hà Nội,park,21.0225049,105.80629516875157,verified_entrance|opening_hours|independent_source_review|factual_description,https://www.openstreetmap.org/way/1359824052
2,osm:way:1360062821,Đình Giang Xá,Hà Nội,temple,21.0653515,105.7048134350573,verified_entrance|opening_hours|independent_source_review|factual_description,https://www.openstreetmap.org/way/1360062821
2,osm:way:1360062833,Chùa Cả,Hà Nội,temple,21.0062793,105.71944026975976,verified_entrance|opening_hours|independent_source_review|factual_description,https://www.openstreetmap.org/way/1360062833
2,osm:way:1360062836,Chùa Ngãi Cầu,Hà Nội,temple,20.98880915,105.71600098224775,verified_entrance|opening_hours|independent_source_review|factual_description,https://www.openstreetmap.org/way/1360062836
2,osm:way:1360095267,Nhà thờ Giáo xứ Thuỷ Trú,Hà Nội,temple,20.69766295,105.9520420859004,verified_entrance|opening_hours|independent_source_review|factual_description,https://www.openstreetmap.org/way/1360095267
2,osm:way:1360095272,Đình Thuỷ Trú,Hà Nội,temple,20.69659685,105.94937760399017,verified_entrance|opening_hours|independent_source_review|factual_description,https://www.openstreetmap.org/way/1360095272
2,osm:way:1361713922,Chùa Đại Lan,Hà Nội,temple,20.9321708,105.86771281107718,verified_entrance|opening_hours|independent_source_review|factual_description,https://www.openstreetmap.org/way/1361713922
2,osm:way:136176176,Công viên hồ Đền Lừ,Hà Nội,park,20.98508365,105.85568849742782,verified_entrance|independent_source_review|factual_description,https://www.openstreetmap.org/way/136176176
2,osm:way:136247704,H6 - Nhà truyền thống,Hà Nội,museum,21.04883015,105.7847783,verified_entrance|opening_hours|independent_source_review|factual_description,https://www.openstreetmap.org/way/136247704
2,osm:way:1365437934,Sân chơi khu đô thị Tân Tây Đô,Hà Nội,park,21.0742666,105.7015293463573,verified_entrance|independent_source_review|factual_description,https://www.openstreetmap.org/way/1365437934
2,osm:way:1365674215,Chùa Vo Trung,Hà Nội,temple,21.043268949999998,105.93047416457634,verified_entrance|opening_hours|independent_source_review|factual_description,https://www.openstreetmap.org/way/1365674215
2,osm:way:1365938694,Đình Vo Trung,Hà Nội,temple,21.04301435,105.93074874953578,verified_entrance|opening_hours|independent_source_review|factual_description,https://www.openstreetmap.org/way/1365938694
2,osm:way:1368360528,Shaun the Sheep,Hà Nội,zoo,21.076556,105.83673992593168,verified_entrance|opening_hours|independent_source_review|factual_description,https://www.openstreetmap.org/way/1368360528
2,osm:way:1371658512,Vườn hoa,Hà Nội,park,20.9820366,105.74394886786146,verified_entrance|opening_hours|independent_source_review|factual_description,https://www.openstreetmap.org/way/1371658512
2,osm:way:1372585241,Đình làng Yên Duyên,Hà Nội,temple,20.97439885,105.86722392425563,verified_entrance|opening_hours|independent_source_review|factual_description,https://www.openstreetmap.org/way/1372585241
2,osm:way:1390007814,Đình Tây Đằng,Hà Nội,temple,21.19646485,105.42111476539331,verified_entrance|opening_hours|independent_source_review|factual_description,https://www.openstreetmap.org/way/1390007814
2,osm:way:1390007820,Đình Đại Phùng,Hà Nội,temple,21.0910021,105.66248182287879,verified_entrance|opening_hours|independent_source_review|factual_description,https://www.openstreetmap.org/way/1390007820
2,osm:way:1390007831,Chùa Viên Minh,Hà Nội,temple,21.0123578,105.85518265972325,verified_entrance|opening_hours|independent_source_review|factual_description,https://www.openstreetmap.org/way/1390007831
2,osm:way:1390007833,Đình Chèm,Hà Nội,temple,21.09403565,105.77420664412747,verified_entrance|opening_hours|independent_source_review|factual_description,https://www.openstreetmap.org/way/1390007833
2,osm:way:1410876631,Công viên Gia Lâm,Hà Nội,park,21.0111825,105.94262735564871,verified_entrance|opening_hours|independent_source_review|factual_description,https://www.openstreetmap.org/way/1410876631
2,osm:way:1412509585,Center Musical Park,Hà Nội,park,21.0250815,105.72953195563386,verified_entrance|opening_hours|independent_source_review|factual_description,https://www.openstreetmap.org/way/1412509585
2,osm:way:1414855571,Đình làng Hữu Bằng,Hà Nội,temple,21.0246899,105.61275980482506,verified_entrance|opening_hours|independent_source_review|factual_description,https://www.openstreetmap.org/way/1414855571
2,osm:way:1416330430,Vườn hoa Thường Tín,Hà Nội,park,20.87366095,105.85899815421115,verified_entrance|opening_hours|independent_source_review|factual_description,https://www.openstreetmap.org/way/1416330430
2,osm:way:1418338727,Đình Trạm,Hà Nội,temple,21.0232824,105.88970607613498,verified_entrance|opening_hours|independent_source_review|factual_description,https://www.openstreetmap.org/way/1418338727
2,osm:way:1418338747,Đài tưởng niệm các anh hùng liệt sĩ Thạch Bàn,Hà Nội,historic,21.0230052,105.90601260173025,verified_entrance|opening_hours|independent_source_review|factual_description,https://www.openstreetmap.org/way/1418338747
2,osm:way:1418338748,Nghè Đằng Đông,Hà Nội,temple,21.0222268,105.91012668478223,verified_entrance|opening_hours|independent_source_review|factual_description,https://www.openstreetmap.org/way/1418338748
2,osm:way:1422082081,Đình Thượng Đồng,Hà Nội,temple,21.04537865,105.92925255512449,verified_entrance|opening_hours|independent_source_review|factual_description,https://www.openstreetmap.org/way/1422082081
2,osm:way:1422082082,Chùa Thượng Đồng,Hà Nội,temple,21.04554925,105.92903017945142,verified_entrance|opening_hours|independent_source_review|factual_description,https://www.openstreetmap.org/way/1422082082
2,osm:way:1422082088,Đình Sài Đồng,Hà Nội,temple,21.03815025,105.90001332931274,verified_entrance|opening_hours|independent_source_review|factual_description,https://www.openstreetmap.org/way/1422082088
2,osm:way:1425907446,Chùa Xuân Thụy,Hà Nội,temple,20.9758626,105.94544981951881,verified_entrance|opening_hours|independent_source_review|factual_description,https://www.openstreetmap.org/way/1425907446
2,osm:way:1444241100,Vườn hoa Học viện Ngân Hàng,Hà Nội,park,21.00908775,105.82885497044943,verified_entrance|opening_hours|independent_source_review|factual_description,https://www.openstreetmap.org/way/1444241100
2,osm:way:1445339600,Chùa Tương Mai,Hà Nội,temple,20.9897675,105.84788392005329,verified_entrance|opening_hours|independent_source_review|factual_description,https://www.openstreetmap.org/way/1445339600
2,osm:way:1446285673,Đình Tương Mai,Hà Nội,temple,20.987878199999997,105.84769933372888,verified_entrance|opening_hours|independent_source_review|factual_description,https://www.openstreetmap.org/way/1446285673
2,osm:way:1446303895,Chùa Sét,Hà Nội,temple,20.98309305,105.84628650894228,verified_entrance|opening_hours|independent_source_review|factual_description,https://www.openstreetmap.org/way/1446303895
2,osm:way:1446303897,Đền thờ Đức Vua Cha Bát Hải (Trương Định),Hà Nội,temple,20.98237515,105.84600811017441,verified_entrance|opening_hours|independent_source_review|factual_description,https://www.openstreetmap.org/way/1446303897
2,osm:way:1446455174,Kim Quy Linh Điện,Hà Nội,temple,21.0847561,105.8605949283525,verified_entrance|opening_hours|independent_source_review|factual_description,https://www.openstreetmap.org/way/1446455174
2,osm:way:1446455180,Công Viên Hoa Hồng,Hà Nội,park,21.09539405,105.85651796310876,verified_entrance|opening_hours|independent_source_review|factual_description,https://www.openstreetmap.org/way/1446455180
2,osm:way:1446455181,Công Viên Thiên Nga,Hà Nội,park,21.0978297,105.85426211811179,verified_entrance|opening_hours|independent_source_review|factual_description,https://www.openstreetmap.org/way/1446455181
2,osm:way:1446781469,Công Viên Ngọc Trai,Hà Nội,park,21.091603300000003,105.85449750000001,verified_entrance|opening_hours|independent_source_review|factual_description,https://www.openstreetmap.org/way/1446781469
2,osm:way:1446967923,Công Viên Boutique Park,Hà Nội,park,21.10064355,105.85852034257167,verified_entrance|opening_hours|independent_source_review|factual_description,https://www.openstreetmap.org/way/1446967923
2,osm:way:1446967932,Công Viên Ven Hồ,Hà Nội,park,21.09559325,105.86177095372153,verified_entrance|opening_hours|independent_source_review|factual_description,https://www.openstreetmap.org/way/1446967932
2,osm:way:1446967948,Công Viên The Indochine Park,Hà Nội,park,21.0905353,105.86682435737116,verified_entrance|opening_hours|independent_source_review|factual_description,https://www.openstreetmap.org/way/1446967948
2,osm:way:1450036328,Chùa Phổ Linh,Hà Nội,temple,21.060602000000003,105.82258701759908,verified_entrance|opening_hours|independent_source_review|factual_description,https://www.openstreetmap.org/way/1450036328
2,osm:way:1450094984,Chùa Tiêu Giao,Hà Nội,temple,21.0628874,105.8629252208278,verified_entrance|opening_hours|independent_source_review|factual_description,https://www.openstreetmap.org/way/1450094984
2,osm:way:1450733934,Chùa Tỉnh Âm,Hà Nội,temple,21.11419465,105.80793522729536,verified_entrance|opening_hours|independent_source_review|factual_description,https://www.openstreetmap.org/way/1450733934
2,osm:way:1451722446,Lãng Garden,Hà Nội,park,21.069564550000003,105.87820734205681,verified_entrance|opening_hours|independent_source_review|factual_description,https://www.openstreetmap.org/way/1451722446
2,osm:way:1452566130,Nhà thờ Giáo xứ Kẻ Sét,Hà Nội,temple,20.9877763,105.84314512369946,verified_entrance|opening_hours|independent_source_review|factual_description,https://www.openstreetmap.org/way/1452566130
2,osm:way:1452786220,Chùa Hưng Ký,Hà Nội,temple,20.99440975,105.85490295285854,verified_entrance|opening_hours|independent_source_review|factual_description,https://www.openstreetmap.org/way/1452786220
2,osm:way:1452786221,Đền Mai Sau,Hà Nội,temple,20.99411355,105.8552304144734,verified_entrance|opening_hours|independent_source_review|factual_description,https://www.openstreetmap.org/way/1452786221
2,osm:way:1453329154,Công viên cây xanh Viện Nhiệt Đới,Hà Nội,park,21.1311653,105.77504917382198,verified_entrance|opening_hours|independent_source_review|factual_description,https://www.openstreetmap.org/way/1453329154
2,osm:way:1453522513,Công Viên Royal Park,Hà Nội,park,21.0980791,105.86039049546932,verified_entrance|opening_hours|independent_source_review|factual_description,https://www.openstreetmap.org/way/1453522513
2,osm:way:1453522531,Công viên xứ sở thần tiên,Hà Nội,park,21.09275765,105.85846290409036,verified_entrance|opening_hours|independent_source_review|factual_description,https://www.openstreetmap.org/way/1453522531
2,osm:way:1453524272,Công Viên Rainbow Park,Hà Nội,park,21.09785395,105.86207246587367,verified_entrance|opening_hours|independent_source_review|factual_description,https://www.openstreetmap.org/way/1453524272
2,osm:way:1453735878,Công Viên Tropical Oasis Park,Hà Nội,park,21.0925109,105.87499833402288,verified_entrance|opening_hours|independent_source_review|factual_description,https://www.openstreetmap.org/way/1453735878
2,osm:way:1454205938,Chùa Tề Đồng Vật Ngã,Hà Nội,temple,20.99040635,105.84907402245432,verified_entrance|opening_hours|independent_source_review|factual_description,https://www.openstreetmap.org/way/1454205938
2,osm:way:1454208910,Đền Mai Hoa,Hà Nội,temple,20.98811725,105.84682371778351,verified_entrance|opening_hours|independent_source_review|factual_description,https://www.openstreetmap.org/way/1454208910
2,osm:way:1454600982,Công viên Nỏ Thần,Hà Nội,park,21.0882076,105.86478285158134,verified_entrance|opening_hours|independent_source_review|factual_description,https://www.openstreetmap.org/way/1454600982
2,osm:way:1454630438,Chùa Linh Quang,Hà Nội,temple,20.99540265,105.84233142308426,verified_entrance|opening_hours|independent_source_review|factual_description,https://www.openstreetmap.org/way/1454630438
2,osm:way:1455095013,Công viên Chợ xanh Văn Quán,Hà Nội,park,20.97257805,105.79009312151031,verified_entrance|opening_hours|independent_source_review|factual_description,https://www.openstreetmap.org/way/1455095013
2,osm:way:1455209065,Đền thờ cha thánh Martino Tạ Đức Thịnh,Hà Nội,temple,20.987126500000002,105.84307170619111,verified_entrance|opening_hours|independent_source_review|factual_description,https://www.openstreetmap.org/way/1455209065
2,osm:way:1456418654,Công viên Kỷ niệm 70 năm Giải phóng Thủ đô,Hà Nội,park,20.9589861,105.83184201110657,verified_entrance|opening_hours|independent_source_review|factual_description,https://www.openstreetmap.org/way/1456418654
2,osm:way:1458358677,Công Viên Ven Hồ,Hà Nội,park,21.0967059,105.86310785639161,verified_entrance|opening_hours|independent_source_review|factual_description,https://www.openstreetmap.org/way/1458358677
2,osm:way:1459891788,Công Viên Tàm Xá,Hà Nội,park,21.1129126,105.84237996256256,verified_entrance|opening_hours|independent_source_review|factual_description,https://www.openstreetmap.org/way/1459891788
2,osm:way:1460190471,Vườn hoa,Hà Nội,park,20.974308100000002,105.74692694009434,verified_entrance|opening_hours|independent_source_review|factual_description,https://www.openstreetmap.org/way/1460190471
2,osm:way:1460319955,Liên Hoa Viên,Hà Nội,park,21.1126951,105.87009644687296,verified_entrance|opening_hours|independent_source_review|factual_description,https://www.openstreetmap.org/way/1460319955
2,osm:way:1460746033,Nhà bia tưởng niệm liệt sỹ,Hà Nội,historic,20.9935257,105.8419385,verified_entrance|opening_hours|independent_source_review|factual_description,https://www.openstreetmap.org/way/1460746033
2,osm:way:1461315292,Đền Cổ Mai,Hà Nội,temple,20.99277875,105.84978273035715,verified_entrance|opening_hours|independent_source_review|factual_description,https://www.openstreetmap.org/way/1461315292
2,osm:way:1462051681,Đình làng Mai Động,Hà Nội,temple,20.99242045,105.8589826847984,verified_entrance|opening_hours|independent_source_review|factual_description,https://www.openstreetmap.org/way/1462051681
2,osm:way:1462245643,Chùa Thiện Khánh Mai Động,Hà Nội,temple,20.99355375,105.85848416061074,verified_entrance|opening_hours|independent_source_review|factual_description,https://www.openstreetmap.org/way/1462245643
2,osm:way:1462245644,Nghe Mai Động,Hà Nội,temple,20.993515600000002,105.85805542204947,verified_entrance|opening_hours|independent_source_review|factual_description,https://www.openstreetmap.org/way/1462245644
2,osm:way:1462920019,Công viên Xuân Trạch,Hà Nội,park,21.080962800000002,105.85439855257539,verified_entrance|opening_hours|independent_source_review|factual_description,https://www.openstreetmap.org/way/1462920019
2,osm:way:1465114039,Nắng Sông Hồng,Hà Nội,park,21.02692755,105.87070094910828,verified_entrance|opening_hours|independent_source_review|factual_description,https://www.openstreetmap.org/way/1465114039
2,osm:way:1465114043,Nông Trại Vui Vẻ - Phùng Gia Trang,Hà Nội,park,21.02289835,105.87419996532157,verified_entrance|opening_hours|independent_source_review|factual_description,https://www.openstreetmap.org/way/1465114043
2,osm:way:1465390658,Công Viên Xóm Hậu,Hà Nội,park,21.1295465,105.88458244851029,verified_entrance|opening_hours|independent_source_review|factual_description,https://www.openstreetmap.org/way/1465390658
2,osm:way:1467843082,Chùa A Phái,Hà Nội,temple,21.084106900000002,105.87222776956523,verified_entrance|opening_hours|independent_source_review|factual_description,https://www.openstreetmap.org/way/1467843082
2,osm:way:1470908225,Landscape 68 - Rừng trong phố,Hà Nội,park,21.0488313,105.8693805023083,verified_entrance|opening_hours|independent_source_review|factual_description,https://www.openstreetmap.org/way/1470908225
2,osm:way:1471597874,Đình Gia Thượng,Hà Nội,temple,21.06431495,105.86657010962551,verified_entrance|opening_hours|independent_source_review|factual_description,https://www.openstreetmap.org/way/1471597874
2,osm:way:1471931001,Đền Rừng,Hà Nội,temple,21.05899505,105.8614802338567,verified_entrance|opening_hours|independent_source_review|factual_description,https://www.openstreetmap.org/way/1471931001
2,osm:way:1471931002,Đền Mẫu Thoải Phúc Xá,Hà Nội,temple,21.05717895,105.86188177368207,verified_entrance|opening_hours|independent_source_review|factual_description,https://www.openstreetmap.org/way/1471931002
2,osm:way:1471931003,Đền Đức Ông Đào Kỳ,Hà Nội,temple,21.056554499999997,105.86204443345952,verified_entrance|opening_hours|independent_source_review|factual_description,https://www.openstreetmap.org/way/1471931003
2,osm:way:1472559887,Công viên KĐT Đồng Tàu,Hà Nội,park,20.970769500000003,105.84875574766434,verified_entrance|opening_hours|independent_source_review|factual_description,https://www.openstreetmap.org/way/1472559887
2,osm:way:1472559893,Vườn hoa Đăng Phương,Hà Nội,park,20.97188065,105.84683810514596,verified_entrance|opening_hours|independent_source_review|factual_description,https://www.openstreetmap.org/way/1472559893
2,osm:way:1472559894,Công viên Cổng Trường Tiểu học Thịnh Liệt,Hà Nội,park,20.97141865,105.84792349208004,verified_entrance|opening_hours|independent_source_review|factual_description,https://www.openstreetmap.org/way/1472559894
2,osm:way:1473331895,Chùa Liên Hoa,Hà Nội,temple,20.9826076,105.8308400927258,verified_entrance|opening_hours|independent_source_review|factual_description,https://www.openstreetmap.org/way/1473331895
2,osm:way:1473331896,Đình thôn Hạ,Hà Nội,temple,20.982174049999998,105.83027319691958,verified_entrance|opening_hours|independent_source_review|factual_description,https://www.openstreetmap.org/way/1473331896
2,osm:way:1474138678,Bến hoa Phúc xá,Hà Nội,park,21.0426532,105.85346570656384,verified_entrance|opening_hours|independent_source_review|factual_description,https://www.openstreetmap.org/way/1474138678
2,osm:way:1474141780,Đông Trù Riverside,Hà Nội,park,21.071764700000003,105.8762034707733,verified_entrance|opening_hours|independent_source_review|factual_description,https://www.openstreetmap.org/way/1474141780
2,osm:way:1474962118,Chùa Ái Mộ,Hà Nội,temple,21.04133435,105.86582903302829,verified_entrance|opening_hours|independent_source_review|factual_description,https://www.openstreetmap.org/way/1474962118
2,osm:way:1474970180,Lệ Mật Snake Kingdom,Hà Nội,zoo,21.0563239,105.90340215004021,verified_entrance|opening_hours|independent_source_review|factual_description,https://www.openstreetmap.org/way/1474970180
2,osm:way:1475290263,Đài tưởng niệm Hồ Chí Minh (Định Công Hạ),Hà Nội,historic,20.981558200000002,105.83006429970172,verified_entrance|opening_hours|independent_source_review|factual_description,https://www.openstreetmap.org/way/1475290263
2,osm:way:1475521544,Đình Quán Tình,Hà Nội,temple,21.0593977,105.91974680856765,verified_entrance|opening_hours|independent_source_review|factual_description,https://www.openstreetmap.org/way/1475521544
2,osm:way:1475521545,Chùa Quán Tình,Hà Nội,temple,21.059743349999998,105.92002863779527,verified_entrance|opening_hours|independent_source_review|factual_description,https://www.openstreetmap.org/way/1475521545
2,osm:way:1475521546,Văn chỉ Quán Tình,Hà Nội,temple,21.06039785,105.92067361983466,verified_entrance|opening_hours|independent_source_review|factual_description,https://www.openstreetmap.org/way/1475521546
2,osm:way:1475629306,Đình thôn Thượng,Hà Nội,temple,20.98445655,105.82020682230836,verified_entrance|opening_hours|independent_source_review|factual_description,https://www.openstreetmap.org/way/1475629306
2,osm:way:1476135877,Chùa Mai Phúc,Hà Nội,temple,21.04017115,105.89868058381958,verified_entrance|opening_hours|independent_source_review|factual_description,https://www.openstreetmap.org/way/1476135877
2,osm:way:1476571872,Nghĩa trang Liệt sỹ Phường Định Công,Hà Nội,historic,20.98229425,105.8278,verified_entrance|opening_hours|independent_source_review|factual_description,https://www.openstreetmap.org/way/1476571872
2,osm:way:1479282621,Miếu Hoàng Anh,Hà Nội,temple,20.9792845,105.828614,verified_entrance|opening_hours|independent_source_review|factual_description,https://www.openstreetmap.org/way/1479282621
2,osm:way:1479289989,Công viên cây xanh Lạc Hồng,Hà Nội,park,20.990550849999998,105.82668659550374,verified_entrance|opening_hours|independent_source_review|factual_description,https://www.openstreetmap.org/way/1479289989
2,osm:way:1481173156,Đình Phương Liệt,Hà Nội,temple,20.99600485,105.8401149253099,verified_entrance|opening_hours|independent_source_review|factual_description,https://www.openstreetmap.org/way/1481173156
2,osm:way:1481550728,Đài tưởng niệm liệt sĩ,Hà Nội,historic,21.030986,105.80437244999999,verified_entrance|opening_hours|independent_source_review|factual_description,https://www.openstreetmap.org/way/1481550728
2,osm:way:1481550735,Nhà Quản tượng,Hà Nội,temple,21.03081965,105.8042753,verified_entrance|opening_hours|independent_source_review|factual_description,https://www.openstreetmap.org/way/1481550735
2,osm:way:1481550737,Miếu Hữu,Hà Nội,temple,21.029365249999998,105.80558825,verified_entrance|opening_hours|independent_source_review|factual_description,https://www.openstreetmap.org/way/1481550737
2,osm:way:1481550747,Ban thần nông,Hà Nội,temple,21.03051445,105.80405825,verified_entrance|opening_hours|independent_source_review|factual_description,https://www.openstreetmap.org/way/1481550747
2,osm:way:1481550749,Nhà Hữu Vu - Đền Voi Phục,Hà Nội,temple,21.03049145,105.8042214,verified_entrance|opening_hours|independent_source_review|factual_description,https://www.openstreetmap.org/way/1481550749
2,osm:way:1481550751,Miếu chúa sơn trang - Đền Voi Phục,Hà Nội,temple,21.030847899999998,105.80434392088236,verified_entrance|opening_hours|independent_source_review|factual_description,https://www.openstreetmap.org/way/1481550751
2,osm:way:1481550752,Miếu cô bơ,Hà Nội,temple,21.0308001,105.80440060135747,verified_entrance|opening_hours|independent_source_review|factual_description,https://www.openstreetmap.org/way/1481550752
2,osm:way:1481981858,Vườn hoa F3,Hà Nội,park,20.9724212,105.83674487228294,verified_entrance|opening_hours|independent_source_review|factual_description,https://www.openstreetmap.org/way/1481981858
2,osm:way:1482440124,Đình Đại Từ,Hà Nội,temple,20.9704539,105.8303856810559,verified_entrance|opening_hours|independent_source_review|factual_description,https://www.openstreetmap.org/way/1482440124
2,osm:way:1482440125,Chùa Đại Từ,Hà Nội,temple,20.9699268,105.83039176208058,verified_entrance|opening_hours|independent_source_review|factual_description,https://www.openstreetmap.org/way/1482440125
2,osm:way:1482440126,Đài tưởng niệm Chủ tịch Hồ Chí Minh (Đại Từ),Hà Nội,historic,20.9704539,105.83094287073553,verified_entrance|opening_hours|independent_source_review|factual_description,https://www.openstreetmap.org/way/1482440126
2,osm:way:1482572128,Đình Trung Kính Thượng,Hà Nội,temple,21.0128728,105.80493772347225,verified_entrance|opening_hours|independent_source_review|factual_description,https://www.openstreetmap.org/way/1482572128
2,osm:way:1482787842,Đình Kim Văn,Hà Nội,temple,20.975653299999998,105.8235716359845,verified_entrance|opening_hours|independent_source_review|factual_description,https://www.openstreetmap.org/way/1482787842
2,osm:way:1482908197,Nhà bia tưởng niệm liệt sỹ Đại Kim,Hà Nội,historic,20.97803395,105.82277807685747,verified_entrance|opening_hours|independent_source_review|factual_description,https://www.openstreetmap.org/way/1482908197
2,osm:way:1482908222,Đền Vua Lê,Hà Nội,temple,20.9766239,105.82069989427774,verified_entrance|opening_hours|independent_source_review|factual_description,https://www.openstreetmap.org/way/1482908222
2,osm:way:1483308246,Đình Giáp Lục,Hà Nội,temple,20.980783600000002,105.8463764833158,verified_entrance|opening_hours|independent_source_review|factual_description,https://www.openstreetmap.org/way/1483308246
2,osm:way:1484092477,Đền Bà Bụi - Miếu Tổng Thịnh Liệt,Hà Nội,temple,20.97858545,105.84708116428757,verified_entrance|opening_hours|independent_source_review|factual_description,https://www.openstreetmap.org/way/1484092477
2,osm:way:1484425457,Đình làng Giáp Nhị,Hà Nội,temple,20.9763807,105.8462234023614,verified_entrance|opening_hours|independent_source_review|factual_description,https://www.openstreetmap.org/way/1484425457
2,osm:way:1484793110,Đình làng Giáp Tứ,Hà Nội,temple,20.97636205,105.8509424136198,verified_entrance|opening_hours|independent_source_review|factual_description,https://www.openstreetmap.org/way/1484793110
2,osm:way:1488809948,Vườn hoa Thi Sách,Hà Nội,park,21.01432865,105.85456164181757,verified_entrance|opening_hours|independent_source_review|factual_description,https://www.openstreetmap.org/way/1488809948
2,osm:way:1488889320,Nhà thờ giáo xứ Yên Duyên,Hà Nội,temple,20.9658759,105.87452966178395,verified_entrance|opening_hours|independent_source_review|factual_description,https://www.openstreetmap.org/way/1488889320
2,osm:way:1488891322,Chùa Pháp Vân,Hà Nội,temple,20.968533700000002,105.84249978547876,verified_entrance|opening_hours|independent_source_review|factual_description,https://www.openstreetmap.org/way/1488891322
2,osm:way:1488891323,Đình làng Pháp Vân,Hà Nội,temple,20.969030250000003,105.84210893984904,verified_entrance|opening_hours|independent_source_review|factual_description,https://www.openstreetmap.org/way/1488891323
2,osm:way:1489635599,Chùa Tâm Pháp - Giáp Nhị,Hà Nội,temple,20.976533699999997,105.84673522110266,verified_entrance|opening_hours|independent_source_review|factual_description,https://www.openstreetmap.org/way/1489635599
2,osm:way:1490993007,Đình Linh Đàm,Hà Nội,temple,20.968224300000003,105.83539453136564,verified_entrance|opening_hours|independent_source_review|factual_description,https://www.openstreetmap.org/way/1490993007
2,osm:way:1497569902,Tượng đài “Quyết tử để Tổ quốc quyết sinh”,Hà Nội,historic,21.0401583,105.84605535,verified_entrance|opening_hours|independent_source_review|factual_description,https://www.openstreetmap.org/way/1497569902
2,osm:way:1497572243,Điện Kính Thiên,Hà Nội,historic,21.036792,105.84042643723532,verified_entrance|opening_hours|independent_source_review|factual_description,https://www.openstreetmap.org/way/1497572243
2,osm:way:1498023643,Nhà tưởng niệm liệt sĩ,Hà Nội,temple,21.042811450000002,105.83639839412879,verified_entrance|opening_hours|independent_source_review|factual_description,https://www.openstreetmap.org/way/1498023643
2,osm:way:1498023650,Non bộ,Hà Nội,park,21.043034499999997,105.8363941,verified_entrance|opening_hours|independent_source_review|factual_description,https://www.openstreetmap.org/way/1498023650
2,osm:way:1498334120,Chùa Cống Yên,Hà Nội,temple,21.0457189,105.80728420394857,verified_entrance|opening_hours|independent_source_review|factual_description,https://www.openstreetmap.org/way/1498334120
2,osm:way:1501058506,Chùa Tình Quang,Hà Nội,temple,21.0698659,105.91630695430132,verified_entrance|opening_hours|independent_source_review|factual_description,https://www.openstreetmap.org/way/1501058506
2,osm:way:1501058522,Đình Tình Quang,Hà Nội,temple,21.07216905,105.91849012099685,verified_entrance|opening_hours|independent_source_review|factual_description,https://www.openstreetmap.org/way/1501058522
2,osm:way:1501058523,Miếu Tình Quang,Hà Nội,temple,21.07221715,105.91750681011587,verified_entrance|opening_hours|independent_source_review|factual_description,https://www.openstreetmap.org/way/1501058523
2,osm:way:1504468787,Công viên Park Hill - Times City,Hà Nội,park,20.9916293,105.86833995654999,verified_entrance|opening_hours|independent_source_review|factual_description,https://www.openstreetmap.org/way/1504468787
2,osm:way:1504807179,Vườn hoa ao cá Bác Hồ (Vĩnh Tuy),Hà Nội,park,20.99504055,105.87293364945651,verified_entrance|opening_hours|independent_source_review|factual_description,https://www.openstreetmap.org/way/1504807179
2,osm:way:1506412528,Chùa Phả Quang,Hà Nội,temple,20.7722081,105.90230292160469,verified_entrance|opening_hours|independent_source_review|factual_description,https://www.openstreetmap.org/way/1506412528
2,osm:way:1507387390,Đình làng Hậu,Hà Nội,temple,21.036004249999998,105.78987143414946,verified_entrance|opening_hours|independent_source_review|factual_description,https://www.openstreetmap.org/way/1507387390
2,osm:way:1507639919,Đình Tân Khai,Hà Nội,temple,20.988888199999998,105.87476243214286,verified_entrance|opening_hours|independent_source_review|factual_description,https://www.openstreetmap.org/way/1507639919
2,osm:way:1507896803,Chùa Vĩnh Trù,Hà Nội,temple,21.03753815,105.84852520011728,verified_entrance|opening_hours|independent_source_review|factual_description,https://www.openstreetmap.org/way/1507896803
2,osm:way:1507906001,Đền Thọ Nam,Hà Nội,temple,21.032297800000002,105.85429620309782,verified_entrance|opening_hours|independent_source_review|factual_description,https://www.openstreetmap.org/way/1507906001
2,osm:way:1507957173,Đền Nhân Nội,Hà Nội,temple,21.03400475,105.84821598704454,verified_entrance|opening_hours|independent_source_review,https://www.openstreetmap.org/way/1507957173
2,osm:way:1509740862,Miếu thờ Kim Giang,Hà Nội,temple,20.97831925,105.81570853647919,verified_entrance|opening_hours|independent_source_review|factual_description,https://www.openstreetmap.org/way/1509740862
2,osm:way:1510322144,Công viên The Manor,Hà Nội,park,20.9734238,105.81473469584411,verified_entrance|opening_hours|independent_source_review|factual_description,https://www.openstreetmap.org/way/1510322144
2,osm:way:1510322146,Công viên The Manor,Hà Nội,park,20.97186335,105.81366818639817,verified_entrance|opening_hours|independent_source_review|factual_description,https://www.openstreetmap.org/way/1510322146
2,osm:way:1510706883,Đình Đồng Lạc,Hà Nội,temple,21.033420749999998,105.85076125774421,verified_entrance|opening_hours|independent_source_review|factual_description,https://www.openstreetmap.org/way/1510706883
2,osm:way:1510723411,Đền Cổ Lương,Hà Nội,temple,21.0369283,105.85155713706897,verified_entrance|opening_hours|independent_source_review|factual_description,https://www.openstreetmap.org/way/1510723411
2,osm:way:1510732443,Đền Quan Đế,Hà Nội,temple,21.0361504,105.85198320314126,verified_entrance|opening_hours|independent_source_review|factual_description,https://www.openstreetmap.org/way/1510732443
2,osm:way:1510802054,Phố Sách Hà Nội,Hà Nội,park,21.02488975,105.84784835773819,verified_entrance|opening_hours|independent_source_review|factual_description,https://www.openstreetmap.org/way/1510802054
2,osm:way:1511124667,Đình Đông Thành,Hà Nội,temple,21.035208150000003,105.84787948419913,verified_entrance|opening_hours|independent_source_review|factual_description,https://www.openstreetmap.org/way/1511124667
2,osm:way:1511193587,Đền Bích Tiêu,Hà Nội,temple,20.982793100000002,105.8462058,verified_entrance|opening_hours|independent_source_review|factual_description,https://www.openstreetmap.org/way/1511193587
2,osm:way:1511491224,Khu công viên sinh thái Vĩnh Hưng,Hà Nội,park,20.9933252,105.87652060839227,verified_entrance|opening_hours|independent_source_review|factual_description,https://www.openstreetmap.org/way/1511491224
2,osm:way:1511502932,Nhà thờ Pháp Vân,Hà Nội,temple,20.9672871,105.84354810238568,verified_entrance|opening_hours|independent_source_review|factual_description,https://www.openstreetmap.org/way/1511502932
2,osm:way:1512814817,Đình làng Giáp Thất,Hà Nội,temple,20.98323295,105.84418848625575,verified_entrance|opening_hours|independent_source_review|factual_description,https://www.openstreetmap.org/way/1512814817
2,osm:way:1512814818,Chùa Giáp Bát,Hà Nội,temple,20.982991249999998,105.84393789112153,verified_entrance|opening_hours|independent_source_review|factual_description,https://www.openstreetmap.org/way/1512814818
2,osm:way:1513549273,Chùa Giấy,Hà Nội,temple,20.98706385,105.92488824514088,verified_entrance|opening_hours|independent_source_review|factual_description,https://www.openstreetmap.org/way/1513549273
2,osm:way:1513549276,Đình Thuận Tốn,Hà Nội,temple,20.98931155,105.9276674415666,verified_entrance|opening_hours|independent_source_review|factual_description,https://www.openstreetmap.org/way/1513549276
2,osm:way:1513549277,Miếu Thuận Tốn,Hà Nội,temple,20.9926399,105.92772598875916,verified_entrance|opening_hours|independent_source_review|factual_description,https://www.openstreetmap.org/way/1513549277
2,osm:way:1513549278,Chùa Thuận Tốn,Hà Nội,temple,20.9891081,105.92679945764331,verified_entrance|opening_hours|independent_source_review|factual_description,https://www.openstreetmap.org/way/1513549278
2,osm:way:1514726261,Sakura Park,Hà Nội,park,21.0032668,105.7363787082242,verified_entrance|opening_hours|independent_source_review|factual_description,https://www.openstreetmap.org/way/1514726261
2,osm:way:1519545462,Di tích ngôi nhà số 5D phố Hàm Long,Hà Nội,museum,21.018413250000002,105.85451568524627,verified_entrance|opening_hours|independent_source_review|factual_description,https://www.openstreetmap.org/way/1519545462
2,osm:way:1519545465,Nhà lưu niệm Chủ tịch Hồ Chí Minh,Hà Nội,museum,20.977456349999997,105.7767367799633,verified_entrance|opening_hours|independent_source_review|factual_description,https://www.openstreetmap.org/way/1519545465
2,osm:way:1519567585,Đình Thanh Điềm,Hà Nội,temple,21.1205856,105.64966432586165,verified_entrance|opening_hours|independent_source_review|factual_description,https://www.openstreetmap.org/way/1519567585
2,osm:way:1520930701,Đền Cuông Vọng Tử,Hà Nội,temple,20.99559155,105.84601665342386,verified_entrance|opening_hours|independent_source_review|factual_description,https://www.openstreetmap.org/way/1520930701
2,osm:way:1524880478,Đình Nam Dư Hạ,Hà Nội,temple,20.97692695,105.8858719884414,verified_entrance|opening_hours|independent_source_review|factual_description,https://www.openstreetmap.org/way/1524880478
2,osm:way:1524880482,Chùa Nam Dư Hạ,Hà Nội,temple,20.97776355,105.88426010019313,verified_entrance|opening_hours|independent_source_review|factual_description,https://www.openstreetmap.org/way/1524880482
2,osm:way:1524880483,Vườn hoa Tây Trà,Hà Nội,park,20.97785735,105.88351197215653,verified_entrance|opening_hours|independent_source_review|factual_description,https://www.openstreetmap.org/way/1524880483
2,osm:way:1524880491,Chùa Trung Lập,Hà Nội,temple,20.981228299999998,105.88563335196599,verified_entrance|opening_hours|independent_source_review|factual_description,https://www.openstreetmap.org/way/1524880491
2,osm:way:1524880492,Đình Trung Lâp,Hà Nội,temple,20.9809604,105.88447410941268,verified_entrance|opening_hours|independent_source_review|factual_description,https://www.openstreetmap.org/way/1524880492
2,osm:way:1524880571,Chùa Nam Dư Thượng,Hà Nội,temple,20.98306495,105.88073575338404,verified_entrance|opening_hours|independent_source_review|factual_description,https://www.openstreetmap.org/way/1524880571
2,osm:way:1524880599,Đình Nam Dư Thượng,Hà Nội,temple,20.9849565,105.88513768563752,verified_entrance|opening_hours|independent_source_review|factual_description,https://www.openstreetmap.org/way/1524880599
2,osm:way:1527119265,Chùa Phúc Khánh,Hà Nội,temple,20.98891005,105.877476041027,verified_entrance|opening_hours|independent_source_review|factual_description,https://www.openstreetmap.org/way/1527119265
2,osm:way:1527119269,Đài tưởng niệm liệt sĩ Vĩnh Hưng,Hà Nội,historic,20.98864825,105.87797538058821,verified_entrance|opening_hours|independent_source_review|factual_description,https://www.openstreetmap.org/way/1527119269
2,osm:way:1527583716,Chùa Sen Hồ,Hà Nội,temple,21.0368561,106.00007876618491,verified_entrance|opening_hours|independent_source_review|factual_description,https://www.openstreetmap.org/way/1527583716
2,osm:way:1527831362,Đình Thịnh Quang,Hà Nội,temple,21.00800195,105.81786104590958,verified_entrance|opening_hours|independent_source_review|factual_description,https://www.openstreetmap.org/way/1527831362
2,osm:way:1530151890,Vườn nhiệt đới Feliz Homes,Hà Nội,park,20.98887375,105.85957142997488,verified_entrance|opening_hours|independent_source_review|factual_description,https://www.openstreetmap.org/way/1530151890
2,osm:way:1533203862,Nhà thờ giáo họ Yên Lương,Hà Nội,temple,20.97276505,105.88825399863823,verified_entrance|opening_hours|independent_source_review|factual_description,https://www.openstreetmap.org/way/1533203862
2,osm:way:1533203887,Đài tưởng niệm Liệt sĩ phường Lĩnh Nam,Hà Nội,park,20.9721864,105.8842262316281,verified_entrance|opening_hours|independent_source_review|factual_description,https://www.openstreetmap.org/way/1533203887
2,osm:way:1533203890,Công viên Cây xanh Ao Bồ Kết,Hà Nội,park,20.973232799999998,105.88311376585568,verified_entrance|opening_hours|independent_source_review|factual_description,https://www.openstreetmap.org/way/1533203890
2,osm:way:1533257370,Nhà thờ giáo xứ Nam Dư,Hà Nội,temple,20.98418445,105.8890292528394,verified_entrance|opening_hours|independent_source_review|factual_description,https://www.openstreetmap.org/way/1533257370
2,osm:way:1535786880,Chùa Yên Kiện,Hà Nội,temple,20.92279235,105.84234821860005,verified_entrance|opening_hours|independent_source_review|factual_description,https://www.openstreetmap.org/way/1535786880
2,osm:way:1535786901,Đình Yên Kiện,Hà Nội,temple,20.9218816,105.8427141953888,verified_entrance|opening_hours|independent_source_review|factual_description,https://www.openstreetmap.org/way/1535786901
2,osm:way:1537614274,Đình Sở Thượng,Hà Nội,temple,20.96263595,105.86675806004709,verified_entrance|opening_hours|independent_source_review|factual_description,https://www.openstreetmap.org/way/1537614274
2,osm:way:1537614282,Chùa Hưng Phúc,Hà Nội,temple,20.963295100000003,105.86728103281422,verified_entrance|opening_hours|independent_source_review|factual_description,https://www.openstreetmap.org/way/1537614282
2,osm:way:1537614323,Đền Kim Quyết,Hà Nội,temple,20.959899749999998,105.8692637406894,verified_entrance|opening_hours|independent_source_review|factual_description,https://www.openstreetmap.org/way/1537614323
2,osm:way:1538978464,Đền Thọ Chi,Hà Nội,temple,20.9729035,105.8516363011183,verified_entrance|opening_hours|independent_source_review|factual_description,https://www.openstreetmap.org/way/1538978464
2,osm:way:1540178622,Chùa Hưng Phúc,Hà Nội,temple,20.925475849999998,105.85466305010505,verified_entrance|opening_hours|independent_source_review|factual_description,https://www.openstreetmap.org/way/1540178622
2,osm:way:1540217672,Đình/Đền Ba Cây (Mơ Táo),Hà Nội,temple,20.99240555,105.86332897062654,verified_entrance|opening_hours|independent_source_review|factual_description,https://www.openstreetmap.org/way/1540217672
2,osm:way:1540217673,Chùa Phúc Khánh (Mơ Táo),Hà Nội,temple,20.99278175,105.86375712079979,verified_entrance|opening_hours|independent_source_review|factual_description,https://www.openstreetmap.org/way/1540217673
2,osm:way:1540391256,Phế tích Pháp,Hà Nội,historic,21.07432405,105.36337655600431,verified_entrance|opening_hours|independent_source_review|factual_description,https://www.openstreetmap.org/way/1540391256
2,osm:way:1547645326,Miếu Nam Dư,Hà Nội,temple,20.987524399999998,105.88278355,verified_entrance|opening_hours|independent_source_review|factual_description,https://www.openstreetmap.org/way/1547645326
2,osm:way:1547651214,Công viên Đầm Sòi,Hà Nội,park,20.99172235,105.82988426083375,verified_entrance|opening_hours|independent_source_review|factual_description,https://www.openstreetmap.org/way/1547651214
2,osm:way:1549322185,Chùa Chung Linh,Hà Nội,temple,21.064546149999998,105.63675513783079,verified_entrance|opening_hours|independent_source_review|factual_description,https://www.openstreetmap.org/way/1549322185
2,osm:way:1549322191,Đình Hiếu Hiệp,Hà Nội,temple,21.06412485,105.63645244186475,verified_entrance|opening_hours|independent_source_review|factual_description,https://www.openstreetmap.org/way/1549322191
2,osm:way:1549322196,Nhà thờ Giáo họ Hiếu Hiệp,Hà Nội,temple,21.0638534,105.6374629,verified_entrance|opening_hours|independent_source_review|factual_description,https://www.openstreetmap.org/way/1549322196
2,osm:way:1549322198,Đình Hạ Hiệp,Hà Nội,temple,21.060648049999998,105.64114890336542,verified_entrance|opening_hours|independent_source_review|factual_description,https://www.openstreetmap.org/way/1549322198
2,osm:way:1549322209,Nhà thờ Giáo xứ Hạ Hiệp,Hà Nội,temple,21.0600978,105.6409943636921,verified_entrance|opening_hours|independent_source_review|factual_description,https://www.openstreetmap.org/way/1549322209
2,osm:way:1549322215,Chùa Diên Phúc,Hà Nội,temple,21.05714655,105.63909778055285,verified_entrance|opening_hours|independent_source_review|factual_description,https://www.openstreetmap.org/way/1549322215
2,osm:way:1552224970,Đình làng Tiên Tảo,Hà Nội,temple,21.2438399,105.90866642630294,verified_entrance|opening_hours|independent_source_review|factual_description,https://www.openstreetmap.org/way/1552224970
2,osm:way:1554222171,Đền Đông Lô,Hà Nội,temple,20.9691258,105.89362973686568,verified_entrance|opening_hours|independent_source_review|factual_description,https://www.openstreetmap.org/way/1554222171
2,osm:way:1554222174,Chùa Diên Khánh Thúy Lĩnh,Hà Nội,temple,20.975457249999998,105.89378958417296,verified_entrance|opening_hours|independent_source_review|factual_description,https://www.openstreetmap.org/way/1554222174
2,osm:way:1554222175,Đình Thúy Lĩnh,Hà Nội,temple,20.97509045,105.893966822344,verified_entrance|opening_hours|independent_source_review|factual_description,https://www.openstreetmap.org/way/1554222175
2,osm:way:1554222193,Chùa Đông Phương,Hà Nội,temple,20.98015655,105.89545336818827,verified_entrance|opening_hours|independent_source_review|factual_description,https://www.openstreetmap.org/way/1554222193
2,osm:way:1554222198,Đền Bà Chúa,Hà Nội,temple,20.9796453,105.89241361994564,verified_entrance|opening_hours|independent_source_review|factual_description,https://www.openstreetmap.org/way/1554222198
2,osm:way:1556452986,Khu Sinh Thái Anh An,Hà Nội,park,21.0026896,105.89045401979982,verified_entrance|opening_hours|independent_source_review|factual_description,https://www.openstreetmap.org/way/1556452986
2,osm:way:1556531178,Chùa Mạch Tràng,Hà Nội,temple,21.1099829,105.86252317210884,verified_entrance|opening_hours|independent_source_review|factual_description,https://www.openstreetmap.org/way/1556531178
2,osm:way:1556531179,Đình Mạch Tràng,Hà Nội,temple,21.10997695,105.86190663261041,verified_entrance|opening_hours|independent_source_review|factual_description,https://www.openstreetmap.org/way/1556531179
2,osm:way:1556531197,Chùa Cầu Cả,Hà Nội,temple,21.1168787,105.85289597839468,verified_entrance|opening_hours|independent_source_review|factual_description,https://www.openstreetmap.org/way/1556531197
2,osm:way:1556531202,Đình Cầu Cả,Hà Nội,temple,21.1156296,105.85387309814423,verified_entrance|opening_hours|independent_source_review|factual_description,https://www.openstreetmap.org/way/1556531202
2,osm:way:1556531206,Điếm xóm Chợ,Hà Nội,temple,21.1126653,105.87536585,verified_entrance|opening_hours|independent_source_review|factual_description,https://www.openstreetmap.org/way/1556531206
2,osm:way:1556531208,Đình Thư Cưu,Hà Nội,temple,21.1213653,105.88049651926877,verified_entrance|opening_hours|independent_source_review|factual_description,https://www.openstreetmap.org/way/1556531208
2,osm:way:1556531214,Chùa Thư Cưu,Hà Nội,temple,21.1205068,105.87835442501259,verified_entrance|opening_hours|independent_source_review|factual_description,https://www.openstreetmap.org/way/1556531214
2,osm:way:1556531222,Điếm xóm Thượng,Hà Nội,temple,21.12309875,105.87520006960409,verified_entrance|opening_hours|independent_source_review|factual_description,https://www.openstreetmap.org/way/1556531222
2,osm:way:1556531233,Am Mỵ Châu,Hà Nội,temple,21.11369105,105.87334899871468,verified_entrance|opening_hours|independent_source_review|factual_description,https://www.openstreetmap.org/way/1556531233
2,osm:way:1556531239,Điếm xóm Chùa,Hà Nội,temple,21.11249145,105.8734048,verified_entrance|opening_hours|independent_source_review|factual_description,https://www.openstreetmap.org/way/1556531239
2,osm:way:1556744119,Miếu Đồng Cổ,Hà Nội,temple,21.0499572,105.74109397238419,verified_entrance|opening_hours|independent_source_review|factual_description,https://www.openstreetmap.org/way/1556744119
2,osm:way:1556744125,Đình Hoàng Xá,Hà Nội,temple,21.088251800000002,105.76641104516068,verified_entrance|opening_hours|independent_source_review|factual_description,https://www.openstreetmap.org/way/1556744125
2,osm:way:1556744128,Đình Hoàng Liên,Hà Nội,temple,21.0861437,105.75841753155342,verified_entrance|opening_hours|independent_source_review|factual_description,https://www.openstreetmap.org/way/1556744128
2,osm:way:1556744133,Đình Yên Nội,Hà Nội,temple,21.08304605,105.75329431993092,verified_entrance|opening_hours|independent_source_review|factual_description,https://www.openstreetmap.org/way/1556744133
2,osm:way:1556744137,Chùa Yên Nội,Hà Nội,temple,21.083984549999997,105.75331996658105,verified_entrance|opening_hours|independent_source_review|factual_description,https://www.openstreetmap.org/way/1556744137
2,osm:way:1556744146,Đền Yên Nội,Hà Nội,temple,21.08383905,105.75060558624895,verified_entrance|opening_hours|independent_source_review|factual_description,https://www.openstreetmap.org/way/1556744146
2,osm:way:1556744150,Chùa Đại Cát,Hà Nội,temple,21.08064285,105.74006633828387,verified_entrance|opening_hours|independent_source_review|factual_description,https://www.openstreetmap.org/way/1556744150
2,osm:way:1556744151,Đình Đại Cát,Hà Nội,temple,21.08018045,105.73989262275215,verified_entrance|opening_hours|independent_source_review|factual_description,https://www.openstreetmap.org/way/1556744151
2,osm:way:1556744163,Đình Đông Ngạc,Hà Nội,temple,21.090585750000002,105.78766951771377,verified_entrance|opening_hours|independent_source_review|factual_description,https://www.openstreetmap.org/way/1556744163
2,osm:way:1556744167,Chùa Phúc Khánh,Hà Nội,temple,21.0880313,105.78848793722057,verified_entrance|opening_hours|independent_source_review|factual_description,https://www.openstreetmap.org/way/1556744167
2,osm:way:1556744174,Chùa Tự Khánh,Hà Nội,temple,21.0919919,105.77895404637553,verified_entrance|opening_hours|independent_source_review|factual_description,https://www.openstreetmap.org/way/1556744174
2,osm:way:1556744186,Đình Đông Ngạc,Hà Nội,temple,21.09118775,105.78388890545838,verified_entrance|opening_hours|independent_source_review|factual_description,https://www.openstreetmap.org/way/1556744186
2,osm:way:1556744203,Nhà thờ Danh y Nguyễn Đạo An,Hà Nội,temple,21.05503285,105.76130595000001,verified_entrance|opening_hours|independent_source_review|factual_description,https://www.openstreetmap.org/way/1556744203
2,osm:way:1557512897,Chùa Quang Minh,Hà Nội,temple,21.02680695,105.83950212158044,verified_entrance|opening_hours|independent_source_review|factual_description,https://www.openstreetmap.org/way/1557512897
2,osm:way:1557512900,Đình Trung Kính,Hà Nội,temple,21.01689425,105.83917463326591,verified_entrance|opening_hours|independent_source_review|factual_description,https://www.openstreetmap.org/way/1557512900
2,osm:way:1557512901,Chùa Mỹ Quang,Hà Nội,temple,21.017046649999997,105.83908042729131,verified_entrance|opening_hours|independent_source_review|factual_description,https://www.openstreetmap.org/way/1557512901
2,osm:way:1557512912,Chùa Cổ Miễu,Hà Nội,temple,21.007838999999997,105.81594910609536,verified_entrance|opening_hours|independent_source_review|factual_description,https://www.openstreetmap.org/way/1557512912
2,osm:way:1557512914,Chùa Cảm Ứng,Hà Nội,temple,21.012718149999998,105.81034517548818,verified_entrance|opening_hours|independent_source_review|factual_description,https://www.openstreetmap.org/way/1557512914
2,osm:way:1557512919,Đền Sòng Sơn,Hà Nội,temple,21.026878500000002,105.83402665,verified_entrance|opening_hours|independent_source_review|factual_description,https://www.openstreetmap.org/way/1557512919
2,osm:way:1557512929,Đền Nhà Bà,Hà Nội,temple,21.027684649999998,105.82656199848266,verified_entrance|opening_hours|independent_source_review|factual_description,https://www.openstreetmap.org/way/1557512929
2,osm:way:1557512956,Đền Tương Thuận,Hà Nội,temple,21.019254349999997,105.83920070760644,verified_entrance|opening_hours|independent_source_review|factual_description,https://www.openstreetmap.org/way/1557512956
2,osm:way:1557584568,Miếu,Hà Nội,temple,21.03328085,105.9046166408766,verified_entrance|opening_hours|independent_source_review|factual_description,https://www.openstreetmap.org/way/1557584568
2,osm:way:1557804638,Đình Tú Thị,Hà Nội,temple,21.03207935,105.84790860428416,verified_entrance|opening_hours|independent_source_review|factual_description,https://www.openstreetmap.org/way/1557804638
2,osm:way:1557804643,Đình Đức Môn,Hà Nội,temple,21.035978,105.84947635,verified_entrance|opening_hours|independent_source_review|factual_description,https://www.openstreetmap.org/way/1557804643
2,osm:way:1557804650,Chùa Thái Cam,Hà Nội,temple,21.03579645,105.8469274,verified_entrance|opening_hours|independent_source_review|factual_description,https://www.openstreetmap.org/way/1557804650
2,osm:way:1557804651,Đền Vũ Thạch,Hà Nội,temple,21.0252561,105.85179674544379,verified_entrance|opening_hours|independent_source_review|factual_description,https://www.openstreetmap.org/way/1557804651
2,osm:way:1557804659,Đền Hỏa Thần,Hà Nội,temple,21.03331945,105.84670256658654,verified_entrance|opening_hours|independent_source_review|factual_description,https://www.openstreetmap.org/way/1557804659
2,osm:way:1557811356,Miếu Hai Bà Trưng,Hà Nội,temple,21.013324349999998,105.86591284001337,verified_entrance|opening_hours|independent_source_review|factual_description,https://www.openstreetmap.org/way/1557811356
2,osm:way:1557811367,Chùa Hương Tuyết,Hà Nội,temple,21.0043929,105.85176400250143,verified_entrance|opening_hours|independent_source_review|factual_description,https://www.openstreetmap.org/way/1557811367
2,osm:way:1557811373,Đình Đại,Hà Nội,temple,21.004580349999998,105.85037071297063,verified_entrance|opening_hours|independent_source_review|factual_description,https://www.openstreetmap.org/way/1557811373
2,osm:way:1558489101,Công Viên Hoa Hồng,Hà Nội,park,21.01692005,105.90257708409425,verified_entrance|opening_hours|independent_source_review|factual_description,https://www.openstreetmap.org/way/1558489101
2,osm:way:175975025,Chùa Láng,Hà Nội,temple,21.023895250000002,105.80266347000865,verified_entrance|opening_hours|independent_source_review|factual_description,https://www.openstreetmap.org/way/175975025
2,osm:way:178995271,Đình Trấn Ba,Hà Nội,temple,21.03049,105.85242790000001,verified_entrance|opening_hours|independent_source_review|factual_description,https://www.openstreetmap.org/way/178995271
2,osm:way:178995315,Hồ Văn,Hà Nội,park,21.02671345,105.83521459233808,verified_entrance|opening_hours|independent_source_review|factual_description,https://www.openstreetmap.org/way/178995315
2,osm:way:181575389,Công viên Cầu Giấy,Hà Nội,park,21.028101149999998,105.79086554790888,verified_entrance|opening_hours|independent_source_review|factual_description,https://www.openstreetmap.org/way/181575389
2,osm:way:185531692,Hậu Lâu,Hà Nội,historic,21.03825415,105.84056252041961,verified_entrance|opening_hours|independent_source_review|factual_description,https://www.openstreetmap.org/way/185531692
2,osm:way:185535416,Nhà D67,Hà Nội,attraction,21.037327,105.84048251139731,verified_entrance|opening_hours|independent_source_review|factual_description,https://www.openstreetmap.org/way/185535416
2,osm:way:185536369,Triển lãm Tranh dân gian Việt Nam,Hà Nội,gallery,21.0363967,105.84011065457682,verified_entrance|opening_hours|independent_source_review|factual_description,https://www.openstreetmap.org/way/185536369
2,osm:way:185542284,Công trình Vaxuco,Hà Nội,historic,21.040146399999998,105.84025777964396,verified_entrance|opening_hours|independent_source_review|factual_description,https://www.openstreetmap.org/way/185542284
2,osm:way:194445558,Thung lũng hoa Hồ Tây,Hà Nội,park,21.074788249999997,105.82064335907117,verified_entrance|opening_hours|independent_source_review|factual_description,https://www.openstreetmap.org/way/194445558
2,osm:way:194852648,Đình Hoàng Cầu,Hà Nội,temple,21.02133255,105.82192988288676,verified_entrance|opening_hours|independent_source_review|factual_description,https://www.openstreetmap.org/way/194852648
2,osm:way:200108825,Đình Giảng Võ,Hà Nội,temple,21.0249382,105.81671306096257,verified_entrance|opening_hours|independent_source_review|factual_description,https://www.openstreetmap.org/way/200108825
2,osm:way:200130250,Đình Ngọc Khánh,Hà Nội,temple,21.029072399999997,105.81180172432602,verified_entrance|opening_hours|independent_source_review|factual_description,https://www.openstreetmap.org/way/200130250
2,osm:way:207178319,Vườn bách thảo Hà Nội,Hà Nội,park,21.040158050000002,105.83070040840849,verified_entrance|opening_hours|independent_source_review|factual_description,https://www.openstreetmap.org/way/207178319
2,osm:way:207178342,Nhà sàn Bác Hồ,Hà Nội,attraction,21.038171300000002,105.83315200000001,verified_entrance|opening_hours|independent_source_review|factual_description,https://www.openstreetmap.org/way/207178342
2,osm:way:208188482,Công viên Hòa Bình,Hà Nội,park,21.0663226,105.78671008972395,verified_entrance|opening_hours|independent_source_review|factual_description,https://www.openstreetmap.org/way/208188482
2,osm:way:208188525,Vườn Hoa Hữu Nghị,Hà Nội,park,21.063771850000002,105.7883925394982,verified_entrance|opening_hours|independent_source_review|factual_description,https://www.openstreetmap.org/way/208188525
2,osm:way:208197731,Công viên Nghĩa Đô,Hà Nội,park,21.040786400000002,105.79599771892313,verified_entrance|opening_hours|independent_source_review|factual_description,https://www.openstreetmap.org/way/208197731
2,osm:way:208572138,Vườn hoa Ngô Huy Quỳnh,Hà Nội,park,21.0566876,105.9092610976682,verified_entrance|opening_hours|independent_source_review|factual_description,https://www.openstreetmap.org/way/208572138
2,osm:way:217341345,Công viên Bắc Linh Đàm,Hà Nội,park,20.96674715,105.82671825256068,verified_entrance|opening_hours|independent_source_review|factual_description,https://www.openstreetmap.org/way/217341345
2,osm:way:217341918,Chùa Bằng,Hà Nội,temple,20.962585400000002,105.8189446304981,verified_entrance|opening_hours|independent_source_review|factual_description,https://www.openstreetmap.org/way/217341918
2,osm:way:218414273,Vườn hoa Hàng Trống,Hà Nội,park,21.02747085,105.84953750061798,verified_entrance|opening_hours|independent_source_review|factual_description,https://www.openstreetmap.org/way/218414273
2,osm:way:223798542,Vườn hoa Lý Tự Trọng,Hà Nội,park,21.043208800000002,105.83520126713049,verified_entrance|independent_source_review|factual_description,https://www.openstreetmap.org/way/223798542
2,osm:way:228075195,Cung Văn hóa Lao động Hữu nghị Việt Xô,Hà Nội,attraction,21.022373950000002,105.84428670114653,verified_entrance|opening_hours|independent_source_review|factual_description,https://www.openstreetmap.org/way/228075195
2,osm:way:242518340,Tháp nước Hàng Đậu,Hà Nội,attraction,21.040113249999997,105.84742808343114,verified_entrance|opening_hours|independent_source_review|factual_description,https://www.openstreetmap.org/way/242518340
2,osm:way:244378173,Đình Đào Xuyên,Hà Nội,temple,20.9916742,105.93279913367772,verified_entrance|opening_hours|independent_source_review|factual_description,https://www.openstreetmap.org/way/244378173
2,osm:way:244378176,Chùa Đào Xuyên,Hà Nội,temple,20.9930054,105.93202242830247,verified_entrance|opening_hours|independent_source_review|factual_description,https://www.openstreetmap.org/way/244378176
2,osm:way:251611780,Đình làng Bằng A,Hà Nội,temple,20.9616769,105.82160475174177,verified_entrance|opening_hours|independent_source_review|factual_description,https://www.openstreetmap.org/way/251611780
2,osm:way:257715376,Đình Liễu Giai,Hà Nội,temple,21.036780800000003,105.8178833,verified_entrance|opening_hours|independent_source_review|factual_description,https://www.openstreetmap.org/way/257715376
2,osm:way:258038370,Đền Liễu Giai,Hà Nội,temple,21.03689375,105.81743099095237,verified_entrance|opening_hours|independent_source_review|factual_description,https://www.openstreetmap.org/way/258038370
2,osm:way:267928226,Đền thờ Hai Bà Trưng,Hà Nội,temple,21.155646349999998,105.73472312422774,verified_entrance|opening_hours|independent_source_review|factual_description,https://www.openstreetmap.org/way/267928226
2,osm:way:267939019,Chùa Trung Hậu,Hà Nội,temple,21.154182,105.75049500727957,verified_entrance|opening_hours|independent_source_review|factual_description,https://www.openstreetmap.org/way/267939019
2,osm:way:267939021,Chùa Thiên Long,Hà Nội,temple,21.1495669,105.75365070860104,verified_entrance|opening_hours|independent_source_review|factual_description,https://www.openstreetmap.org/way/267939021
2,osm:way:267939024,Chùa Khai Quang,Hà Nội,temple,21.15270065,105.76241294935039,verified_entrance|opening_hours|independent_source_review|factual_description,https://www.openstreetmap.org/way/267939024
2,osm:way:28869502,Vườn hoa Mai Xuân Thưởng,Hà Nội,park,21.0421733,105.83567252418361,verified_entrance|opening_hours|independent_source_review|factual_description,https://www.openstreetmap.org/way/28869502
2,osm:way:28869503,Vườn hoa Vạn Xuân,Hà Nội,park,21.0401147,105.84632447906392,verified_entrance|opening_hours|independent_source_review|factual_description,https://www.openstreetmap.org/way/28869503
2,osm:way:28869505,Vườn hoa 19-8,Hà Nội,park,21.02359655,105.85701721351764,verified_entrance|opening_hours|independent_source_review|factual_description,https://www.openstreetmap.org/way/28869505
2,osm:way:28945667,Công viên Thủ Lệ,Hà Nội,zoo,21.03054045,105.80670201528105,verified_entrance|independent_source_review|factual_description,https://www.openstreetmap.org/way/28945667
2,osm:way:29133247,Gò Đống Đa,Hà Nội,park,21.01210055,105.82450905019448,verified_entrance|opening_hours|independent_source_review,https://www.openstreetmap.org/way/29133247
2,osm:way:291706038,Bảo tàng lực lượng Tăng Thiết Giáp,Hà Nội,museum,21.0466907,105.79433793824657,verified_entrance|opening_hours|independent_source_review|factual_description,https://www.openstreetmap.org/way/291706038
2,osm:way:316013412,Pomelo Park,Hà Nội,park,21.07669195,105.79931406474529,verified_entrance|opening_hours|independent_source_review|factual_description,https://www.openstreetmap.org/way/316013412
2,osm:way:316013428,Pineapple Park,Hà Nội,park,21.0777637,105.7965816066251,verified_entrance|opening_hours|independent_source_review|factual_description,https://www.openstreetmap.org/way/316013428
2,osm:way:316518839,Vườn hoa Bác Cổ,Hà Nội,park,21.02524455,105.85948436184947,verified_entrance|opening_hours|independent_source_review|factual_description,https://www.openstreetmap.org/way/316518839
2,osm:way:324550132,Đình Khương Hạ,Hà Nội,temple,20.9925529,105.81637820941052,verified_entrance|opening_hours|independent_source_review|factual_description,https://www.openstreetmap.org/way/324550132
2,osm:way:337895383,Đại Chủng viện Thánh Giuse Hà Nội - cơ sở 2,Hà Nội,temple,21.06468795,105.78103669067225,verified_entrance|opening_hours|independent_source_review|factual_description,https://www.openstreetmap.org/way/337895383
2,osm:way:351035449,Đài tưởng niệm liệt sĩ Phú Diễn,Hà Nội,historic,21.0544332,105.76321436900756,verified_entrance|opening_hours|independent_source_review|factual_description,https://www.openstreetmap.org/way/351035449
2,osm:way:37625751,Lăng Chủ tịch Hồ Chí Minh,Hà Nội,attraction,21.0367831,105.83468878252572,verified_entrance|independent_source_review|factual_description,https://www.openstreetmap.org/way/37625751
2,osm:way:37629143,Bảo tàng Hồ Chí Minh,Hà Nội,museum,21.035616750000003,105.83262940117086,verified_entrance|independent_source_review|factual_description,https://www.openstreetmap.org/way/37629143
2,osm:way:37629570,Phủ Chủ Tịch,Hà Nội,attraction,21.0393022,105.83443222982243,verified_entrance|opening_hours|independent_source_review|factual_description,https://www.openstreetmap.org/way/37629570
2,osm:way:37933050,Nhà hát Lớn,Hà Nội,attraction,21.02420215,105.85783435097258,verified_entrance|opening_hours|independent_source_review|factual_description,https://www.openstreetmap.org/way/37933050
2,osm:way:37933258,Viện Bảo tàng Cách mạng Việt Nam,Hà Nội,museum,21.0252412,105.85867158504117,verified_entrance|opening_hours|independent_source_review|factual_description,https://www.openstreetmap.org/way/37933258
2,osm:way:37933849,Công viên Thống Nhất,Hà Nội,park,21.01232865,105.84378966620366,verified_entrance|independent_source_review|factual_description,https://www.openstreetmap.org/way/37933849
2,osm:way:38137267,Công viên Indira Gandhi,Hà Nội,park,21.01874865,105.81403620773663,verified_entrance|opening_hours|independent_source_review|factual_description,https://www.openstreetmap.org/way/38137267
2,osm:way:384671191,Vườn hoa Thạch Bàn,Hà Nội,park,21.028875149999998,105.91055721577442,verified_entrance|opening_hours|independent_source_review|factual_description,https://www.openstreetmap.org/way/384671191
2,osm:way:384671209,Vườn hoa Sài Đồng,Hà Nội,park,21.03719195,105.90575937578117,verified_entrance|opening_hours|independent_source_review|factual_description,https://www.openstreetmap.org/way/384671209
2,osm:way:409390951,Trung tâm Lưu trữ và Triển lãm Ảnh Nghệ thuật Việt Nam,Hà Nội,museum,21.02616645,105.78525760158351,verified_entrance|opening_hours|independent_source_review|factual_description,https://www.openstreetmap.org/way/409390951
2,osm:way:412757511,Vườn hoa Nguyễn Biểu,Hà Nội,park,21.04354245,105.84026460566503,verified_entrance|opening_hours|independent_source_review|factual_description,https://www.openstreetmap.org/way/412757511
2,osm:way:412784309,Đình Làng Mễ Trì Hạ,Hà Nội,temple,21.0110765,105.77932097750866,verified_entrance|opening_hours|independent_source_review|factual_description,https://www.openstreetmap.org/way/412784309
2,osm:way:428850033,Đình Triều Khúc,Hà Nội,temple,20.9785288,105.8010863187809,verified_entrance|opening_hours|independent_source_review|factual_description,https://www.openstreetmap.org/way/428850033
2,osm:way:430133742,Chùa Hương Vân,Hà Nội,temple,20.980744,105.80048037863233,verified_entrance|opening_hours|independent_source_review|factual_description,https://www.openstreetmap.org/way/430133742
2,osm:way:430133921,Đình Thờ Sắc,Hà Nội,temple,20.980345200000002,105.80106290103883,verified_entrance|opening_hours|independent_source_review|factual_description,https://www.openstreetmap.org/way/430133921
2,osm:way:458799283,TinhLam church,Hà Nội,temple,20.961717550000003,105.71288346991237,verified_entrance|opening_hours|independent_source_review|factual_description,https://www.openstreetmap.org/way/458799283
2,osm:way:460267385,Đền Núi Sưa,Hà Nội,temple,21.039915999999998,105.8300055,verified_entrance|opening_hours|independent_source_review|factual_description,https://www.openstreetmap.org/way/460267385
2,osm:way:468640903,Phuc Thanh Garden,Hà Nội,park,21.0083766,105.80351708467879,verified_entrance|opening_hours|independent_source_review|factual_description,https://www.openstreetmap.org/way/468640903
2,osm:way:479832644,Công viên Trung tâm,Hà Nội,park,21.0175275,105.95105752796012,verified_entrance|opening_hours|independent_source_review|factual_description,https://www.openstreetmap.org/way/479832644
2,osm:way:480826771,Bảo tàng Văn học Việt Nam,Hà Nội,museum,21.070643150000002,105.82449561317972,verified_entrance|opening_hours|independent_source_review|factual_description,https://www.openstreetmap.org/way/480826771
2,osm:way:483273181,Vườn Thực vật Hà Nội,Hà Nội,attraction,21.05866605,105.7550488442278,verified_entrance|opening_hours|independent_source_review|factual_description,https://www.openstreetmap.org/way/483273181
2,osm:way:497037748,Công viên Thanh Xuân,Hà Nội,park,21.0026649,105.79724716843286,verified_entrance|opening_hours|independent_source_review|factual_description,https://www.openstreetmap.org/way/497037748
2,osm:way:497328755,Giếng Trọng Thủy,Hà Nội,park,21.11158615,105.87115970216736,verified_entrance|opening_hours|independent_source_review|factual_description,https://www.openstreetmap.org/way/497328755
2,osm:way:499096665,Đình làng Lã Côi,Hà Nội,temple,21.09774915,105.92373771612563,verified_entrance|opening_hours|independent_source_review|factual_description,https://www.openstreetmap.org/way/499096665
2,osm:way:500576514,Chùa Quan Âm,Hà Nội,temple,21.083946750000003,105.84734917095702,verified_entrance|opening_hours|independent_source_review|factual_description,https://www.openstreetmap.org/way/500576514
2,osm:way:501720086,Đình Điền Xá,Hà Nội,temple,21.2175983,105.78141058037512,verified_entrance|opening_hours|independent_source_review|factual_description,https://www.openstreetmap.org/way/501720086
2,osm:way:501720089,Chùa Điền Xá,Hà Nội,temple,21.219195300000003,105.78278358689221,verified_entrance|opening_hours|independent_source_review|factual_description,https://www.openstreetmap.org/way/501720089
2,osm:way:503604053,Chùa Phúc Long,Hà Nội,temple,20.93372075,105.832597434951,verified_entrance|opening_hours|independent_source_review|factual_description,https://www.openstreetmap.org/way/503604053
2,osm:way:523643145,Công viên Ngoại giao Đoàn,Hà Nội,park,21.064998449999997,105.79565550628736,verified_entrance|opening_hours|independent_source_review|factual_description,https://www.openstreetmap.org/way/523643145
2,osm:way:527709325,Chùa Khai Nguyên,Hà Nội,temple,21.0704068,105.80551909128283,verified_entrance|opening_hours|independent_source_review|factual_description,https://www.openstreetmap.org/way/527709325
2,osm:way:542382168,Vườn hoa Nguyễn Trãi,Hà Nội,park,20.9726299,105.78168111652977,verified_entrance|opening_hours|independent_source_review|factual_description,https://www.openstreetmap.org/way/542382168
2,osm:way:542382170,Vườn hoa Hà Đông,Hà Nội,park,20.973204199999998,105.77965067304575,verified_entrance|opening_hours|independent_source_review|factual_description,https://www.openstreetmap.org/way/542382170
2,osm:way:548066437,Công Viên A Khu Chung Cư Vân Canh,Hà Nội,park,21.040953450000003,105.73280709815069,verified_entrance|opening_hours|independent_source_review|factual_description,https://www.openstreetmap.org/way/548066437
2,osm:way:548066438,Công Viên B Khu Chung Cư Vân Canh,Hà Nội,park,21.0377213,105.73255232352338,verified_entrance|opening_hours|independent_source_review|factual_description,https://www.openstreetmap.org/way/548066438
2,osm:way:548070677,Đài Tưởng Niệm Liệt Sĩ Giảng Võ,Hà Nội,historic,21.0248143,105.81718727048764,verified_entrance|opening_hours|independent_source_review|factual_description,https://www.openstreetmap.org/way/548070677
2,osm:way:548076503,Vườn 12 Con Giáp,Hà Nội,park,20.96345625,105.85000313477444,verified_entrance|opening_hours|independent_source_review|factual_description,https://www.openstreetmap.org/way/548076503
2,osm:way:548076504,Làng Văn Hóa Công Viên Yên Sở,Hà Nội,park,20.95569115,105.85450609788202,verified_entrance|opening_hours|independent_source_review|factual_description,https://www.openstreetmap.org/way/548076504
2,osm:way:548076505,Vườn Tre,Hà Nội,park,20.9647143,105.85045809835444,verified_entrance|opening_hours|independent_source_review|factual_description,https://www.openstreetmap.org/way/548076505
2,osm:way:548079302,1,Hà Nội,park,21.03474225,105.73969802885853,verified_entrance|opening_hours|independent_source_review|factual_description,https://www.openstreetmap.org/way/548079302
2,osm:way:548081099,Chùa Thánh Chúa,Hà Nội,temple,21.039187249999998,105.78392012289224,verified_entrance|opening_hours|independent_source_review|factual_description,https://www.openstreetmap.org/way/548081099
2,osm:way:548084110,Công viên Mai Dịch,Hà Nội,park,21.03813125,105.76952704108072,verified_entrance|opening_hours|independent_source_review|factual_description,https://www.openstreetmap.org/way/548084110
2,osm:way:548086177,Đài tưởng niệm Liệt sĩ Vân Canh,Hà Nội,park,21.036404400000002,105.72971255676454,verified_entrance|opening_hours|independent_source_review|factual_description,https://www.openstreetmap.org/way/548086177
2,osm:way:548086179,Khu Mộ Đức Thánh Làng Hậu Ái,Hà Nội,temple,21.03743905,105.73064413210355,verified_entrance|opening_hours|independent_source_review|factual_description,https://www.openstreetmap.org/way/548086179
2,osm:way:548258526,Công Viên C Khu Chung Cư Vân Canh,Hà Nội,park,21.03686415,105.735990131692,verified_entrance|opening_hours|independent_source_review|factual_description,https://www.openstreetmap.org/way/548258526
2,osm:way:548259807,Đình Thị Cấm,Hà Nội,temple,21.0351036,105.74966499498072,verified_entrance|opening_hours|independent_source_review|factual_description,https://www.openstreetmap.org/way/548259807
2,osm:way:548259809,Đình Thị Cấm,Hà Nội,temple,21.03820115,105.75763987082598,verified_entrance|opening_hours|independent_source_review|factual_description,https://www.openstreetmap.org/way/548259809
2,osm:way:548262275,Chùa Bi,Hà Nội,temple,21.034653249999998,105.7300068480647,verified_entrance|opening_hours|independent_source_review|factual_description,https://www.openstreetmap.org/way/548262275
2,osm:way:548826269,Chùa Dậu,Hà Nội,temple,21.048377549999998,105.71722136366344,verified_entrance|opening_hours|independent_source_review|factual_description,https://www.openstreetmap.org/way/548826269
2,osm:way:548826270,Chùa Đa Phúc,Hà Nội,temple,21.046872999999998,105.71887431080535,verified_entrance|opening_hours|independent_source_review|factual_description,https://www.openstreetmap.org/way/548826270
2,osm:way:548826273,Đình Di Trạch,Hà Nội,temple,21.0447092,105.72246414086851,verified_entrance|opening_hours|independent_source_review|factual_description,https://www.openstreetmap.org/way/548826273
2,osm:way:548826274,Chùa Dền,Hà Nội,temple,21.046449099999997,105.72214743795112,verified_entrance|opening_hours|independent_source_review|factual_description,https://www.openstreetmap.org/way/548826274
2,osm:way:548826275,Chùa Vực,Hà Nội,temple,21.04396585,105.71787970614591,verified_entrance|opening_hours|independent_source_review|factual_description,https://www.openstreetmap.org/way/548826275
2,osm:way:550537567,Chùa Thầy,Hà Nội,temple,21.0229435,105.6454457473005,verified_entrance|opening_hours|independent_source_review|factual_description,https://www.openstreetmap.org/way/550537567
2,osm:way:550543433,Công viên Nam An Khánh,Hà Nội,park,20.9990595,105.7121037788714,verified_entrance|opening_hours|independent_source_review|factual_description,https://www.openstreetmap.org/way/550543433
2,osm:way:556174775,Công viên Linh Đàm,Hà Nội,park,20.9645972,105.83589084994718,verified_entrance|opening_hours|independent_source_review|factual_description,https://www.openstreetmap.org/way/556174775
2,osm:way:560585059,Công viên Nghĩa trang Mai Dịch,Hà Nội,park,21.04090105,105.7706233347466,verified_entrance|opening_hours|independent_source_review|factual_description,https://www.openstreetmap.org/way/560585059
2,osm:way:561810063,Vườn hoa Đền Lừ,Hà Nội,park,20.985199299999998,105.86048004843279,verified_entrance|opening_hours|independent_source_review|factual_description,https://www.openstreetmap.org/way/561810063
2,osm:way:568314766,Chùa Quỳnh Lôi,Hà Nội,temple,20.999064349999998,105.85782609348654,verified_entrance|opening_hours|independent_source_review|factual_description,https://www.openstreetmap.org/way/568314766
2,osm:way:569804205,Sân Cây Đề,Hà Nội,park,21.01750105,105.77920464011618,verified_entrance|opening_hours|independent_source_review|factual_description,https://www.openstreetmap.org/way/569804205
2,osm:way:569804207,Công viên Yên Hòa,Hà Nội,park,21.0198728,105.79829592377473,verified_entrance|opening_hours|independent_source_review|factual_description,https://www.openstreetmap.org/way/569804207
2,osm:way:570582604,Chùa Lê Xá,Hà Nội,temple,20.985622,105.93537961431295,verified_entrance|opening_hours|independent_source_review|factual_description,https://www.openstreetmap.org/way/570582604
2,osm:way:570592053,Đình Thổ Khối,Hà Nội,temple,21.0085945,105.90583776390605,verified_entrance|opening_hours|independent_source_review|factual_description,https://www.openstreetmap.org/way/570592053
2,osm:way:570596477,Vườn hoa hồ Giảng Võ,Hà Nội,park,21.02881265,105.82123663771802,verified_entrance|opening_hours|independent_source_review|factual_description,https://www.openstreetmap.org/way/570596477
2,osm:way:582077342,Đài tưởng niệm các nạn nhân bị bom mìn sát hại làng Gia Thụy,Hà Nội,historic,21.05107005,105.88675089679731,verified_entrance|opening_hours|independent_source_review|factual_description,https://www.openstreetmap.org/way/582077342
2,osm:way:589969496,khu vui chơi giải trí công cộng,Hà Nội,park,21.00406765,105.9352200970886,verified_entrance|opening_hours|independent_source_review|factual_description,https://www.openstreetmap.org/way/589969496
2,osm:way:591023030,Vườn hoa Thanh Xuân Bắc,Hà Nội,park,20.99110225,105.7996219345642,verified_entrance|opening_hours|independent_source_review|factual_description,https://www.openstreetmap.org/way/591023030
2,osm:way:595185896,Chùa Bụt Mọc,Hà Nội,temple,21.0517727,105.75625354312967,verified_entrance|opening_hours|independent_source_review|factual_description,https://www.openstreetmap.org/way/595185896
2,osm:way:630921540,Nhà thờ Thái Hà,Hà Nội,temple,21.0148364,105.82685620000001,verified_entrance|opening_hours|independent_source_review|factual_description,https://www.openstreetmap.org/way/630921540
2,osm:way:633560232,chùa làng Mỹ Lâm,Hà Nội,temple,20.73530745,105.91562080640898,verified_entrance|opening_hours|independent_source_review|factual_description,https://www.openstreetmap.org/way/633560232
2,osm:way:641796611,Chùa Bảo Phúc,Hà Nội,temple,21.06705365,105.70307663955668,verified_entrance|opening_hours|independent_source_review|factual_description,https://www.openstreetmap.org/way/641796611
2,osm:way:642096217,Chùa Diên Khánh,Hà Nội,temple,21.06530875,105.69946786112368,verified_entrance|opening_hours|independent_source_review|factual_description,https://www.openstreetmap.org/way/642096217
2,osm:way:642181145,Đền ba làng Thượng Trung Hạ,Hà Nội,temple,21.06464975,105.69836157028885,verified_entrance|opening_hours|independent_source_review|factual_description,https://www.openstreetmap.org/way/642181145
2,osm:way:642181154,Đền Sơn Phượng,Hà Nội,temple,21.06486495,105.70056921600022,verified_entrance|opening_hours|independent_source_review|factual_description,https://www.openstreetmap.org/way/642181154
2,osm:way:642181155,Giáo xứ Giang Xá,Hà Nội,temple,21.0642455,105.70304748897824,verified_entrance|opening_hours|independent_source_review|factual_description,https://www.openstreetmap.org/way/642181155
2,osm:way:642181158,Chùa Kỳ Viên,Hà Nội,temple,21.063239000000003,105.70195734922564,verified_entrance|opening_hours|independent_source_review|factual_description,https://www.openstreetmap.org/way/642181158
2,osm:way:642181202,Đền Giang Xá,Hà Nội,temple,21.06345175,105.70335554455036,verified_entrance|opening_hours|independent_source_review|factual_description,https://www.openstreetmap.org/way/642181202
2,osm:way:642231203,Vườn hoa Tây Sơn,Hà Nội,park,21.02665785,105.85030558826634,verified_entrance|opening_hours|independent_source_review|factual_description,https://www.openstreetmap.org/way/642231203
2,osm:way:646377859,Nhà thờ họ Nguyễn Viết,Hà Nội,temple,21.04514215,105.70043068614072,verified_entrance|opening_hours|independent_source_review|factual_description,https://www.openstreetmap.org/way/646377859
2,osm:way:646377861,Chùa Kỳ Đà,Hà Nội,temple,21.0404409,105.69936081397125,verified_entrance|opening_hours|independent_source_review|factual_description,https://www.openstreetmap.org/way/646377861
2,osm:way:646377876,Đình làng Sơn Đồng,Hà Nội,temple,21.04315455,105.69872109077805,verified_entrance|opening_hours|independent_source_review|factual_description,https://www.openstreetmap.org/way/646377876
2,osm:way:646377983,Nhà thờ Di Trạch,Hà Nội,temple,21.04745895,105.71851146674669,verified_entrance|opening_hours|independent_source_review|factual_description,https://www.openstreetmap.org/way/646377983
2,osm:way:650430490,Khu vui chơi trẻ em,Hà Nội,park,20.97156245,105.87714473414879,verified_entrance|opening_hours|independent_source_review|factual_description,https://www.openstreetmap.org/way/650430490
2,osm:way:659837204,Đình Kim Quan,Hà Nội,temple,21.0831283,105.91669540030139,verified_entrance|opening_hours|independent_source_review|factual_description,https://www.openstreetmap.org/way/659837204
2,osm:way:659837212,Chùa Kim Quan,Hà Nội,temple,21.081261650000002,105.9168846982602,verified_entrance|opening_hours|independent_source_review|factual_description,https://www.openstreetmap.org/way/659837212
2,osm:way:659860808,Đình Thôn Thượng,Hà Nội,temple,21.0771728,105.92850850707889,verified_entrance|opening_hours|independent_source_review|factual_description,https://www.openstreetmap.org/way/659860808
2,osm:way:659860813,Chùa Dương Quang,Hà Nội,temple,21.077662750000002,105.92817075948143,verified_entrance|opening_hours|independent_source_review|factual_description,https://www.openstreetmap.org/way/659860813
2,osm:way:659860818,Chùa Phúc Khánh,Hà Nội,temple,21.0791897,105.92312249795397,verified_entrance|opening_hours|independent_source_review|factual_description,https://www.openstreetmap.org/way/659860818
2,osm:way:659860847,Đình Cống Thôn,Hà Nội,temple,21.0835866,105.9203874839099,verified_entrance|opening_hours|independent_source_review|factual_description,https://www.openstreetmap.org/way/659860847
2,osm:way:659909923,Đền Trúc Lâm,Hà Nội,temple,21.0778717,105.93722749338168,verified_entrance|opening_hours|independent_source_review|factual_description,https://www.openstreetmap.org/way/659909923
2,osm:way:659909926,Linh Quang Tự,Hà Nội,temple,21.075455249999997,105.93558724980144,verified_entrance|opening_hours|independent_source_review|factual_description,https://www.openstreetmap.org/way/659909926
2,osm:way:659909934,Miếu làng Công Đình,Hà Nội,temple,21.0747019,105.93762773708465,verified_entrance|opening_hours|independent_source_review|factual_description,https://www.openstreetmap.org/way/659909934
2,osm:way:659909945,Đình làng Công Đình,Hà Nội,temple,21.075134,105.93749553652759,verified_entrance|opening_hours|independent_source_review|factual_description,https://www.openstreetmap.org/way/659909945
2,osm:way:659909983,Nhà thờ Giáo họ Hạ Dương,Hà Nội,temple,21.0644109,105.93082944292492,verified_entrance|opening_hours|independent_source_review|factual_description,https://www.openstreetmap.org/way/659909983
2,osm:way:659909987,Chùa Hiển Quang,Hà Nội,temple,21.0615206,105.93344301730562,verified_entrance|opening_hours|independent_source_review|factual_description,https://www.openstreetmap.org/way/659909987
2,osm:way:659909990,Đình thôn Hạ,Hà Nội,temple,21.0620027,105.93409378035625,verified_entrance|opening_hours|independent_source_review|factual_description,https://www.openstreetmap.org/way/659909990
2,osm:way:659910060,Chùa Thôn Trung,Hà Nội,temple,21.070605399999998,105.92966094643782,verified_entrance|opening_hours|independent_source_review|factual_description,https://www.openstreetmap.org/way/659910060
2,osm:way:659910064,Đình thôn Trung,Hà Nội,temple,21.070628900000003,105.92927467831878,verified_entrance|opening_hours|independent_source_review|factual_description,https://www.openstreetmap.org/way/659910064
2,osm:way:659915523,Chùa Nành,Hà Nội,temple,21.08050925,105.94779129722731,verified_entrance|opening_hours|independent_source_review|factual_description,https://www.openstreetmap.org/way/659915523
2,osm:way:659915537,Chùa Khánh Linh,Hà Nội,temple,21.08221515,105.94195262334179,verified_entrance|opening_hours|independent_source_review|factual_description,https://www.openstreetmap.org/way/659915537
2,osm:way:659915539,Đình Ninh Hiệp,Hà Nội,temple,21.08228305,105.94251495,verified_entrance|opening_hours|independent_source_review|factual_description,https://www.openstreetmap.org/way/659915539
2,osm:way:659915634,Đình Tế Xuyên,Hà Nội,temple,21.080570299999998,105.93777819128141,verified_entrance|opening_hours|independent_source_review|factual_description,https://www.openstreetmap.org/way/659915634
2,osm:way:660703530,Đình Làng Yên Viên,Hà Nội,temple,21.0914285,105.9140743840708,verified_entrance|opening_hours|independent_source_review|factual_description,https://www.openstreetmap.org/way/660703530
2,osm:way:660703540,Chùa Thôn Yên Viên,Hà Nội,temple,21.0907359,105.91006430168667,verified_entrance|opening_hours|independent_source_review|factual_description,https://www.openstreetmap.org/way/660703540
2,osm:way:660703542,Miếu Thành hoàng Làng Yên Viên,Hà Nội,temple,21.0909424,105.9104506660449,verified_entrance|opening_hours|independent_source_review|factual_description,https://www.openstreetmap.org/way/660703542
2,osm:way:660703575,Đền Du Ngoại,Hà Nội,temple,21.08487425,105.90465069999999,verified_entrance|opening_hours|independent_source_review|factual_description,https://www.openstreetmap.org/way/660703575
2,osm:way:660703576,Chùa Nam Bảo,Hà Nội,temple,21.08354345,105.90466883373723,verified_entrance|opening_hours|independent_source_review|factual_description,https://www.openstreetmap.org/way/660703576
2,osm:way:660703580,Chùa Tiêu Giao,Hà Nội,temple,21.086661749999998,105.9058294410134,verified_entrance|opening_hours|independent_source_review|factual_description,https://www.openstreetmap.org/way/660703580
2,osm:way:660703666,Chùa Sùng Ân (Mới),Hà Nội,temple,21.09599925,105.92454772157214,verified_entrance|opening_hours|independent_source_review|factual_description,https://www.openstreetmap.org/way/660703666
2,osm:way:660703687,Đình Trùng Quán,Hà Nội,temple,21.09185515,105.93159194010786,verified_entrance|opening_hours|independent_source_review|factual_description,https://www.openstreetmap.org/way/660703687
2,osm:way:660703700,Chùa Trùng Quán,Hà Nội,temple,21.094407699999998,105.93068446522433,verified_entrance|opening_hours|independent_source_review|factual_description,https://www.openstreetmap.org/way/660703700
2,osm:way:660703729,Đình Quy Mông,Hà Nội,temple,21.0969652,105.93217047769589,verified_entrance|opening_hours|independent_source_review|factual_description,https://www.openstreetmap.org/way/660703729
2,osm:way:660703739,Chùa Cổ Hạc,Hà Nội,temple,21.09565705,105.93147465708657,verified_entrance|opening_hours|independent_source_review|factual_description,https://www.openstreetmap.org/way/660703739
2,osm:way:661138320,Chùa Sùng Ân,Hà Nội,temple,21.095606349999997,105.9032885262302,verified_entrance|opening_hours|independent_source_review|factual_description,https://www.openstreetmap.org/way/661138320
2,osm:way:661138331,Công viên Xuân Dục,Hà Nội,park,21.0922987,105.90610563968359,verified_entrance|opening_hours|independent_source_review|factual_description,https://www.openstreetmap.org/way/661138331
2,osm:way:661138333,Đình Thôn Xuân Dục,Hà Nội,temple,21.0941337,105.90528783291944,verified_entrance|opening_hours|independent_source_review|factual_description,https://www.openstreetmap.org/way/661138333
2,osm:way:661138364,Đền Yên Khê,Hà Nội,temple,21.0984632,105.91118813750637,verified_entrance|opening_hours|independent_source_review|factual_description,https://www.openstreetmap.org/way/661138364
2,osm:way:661138411,Đài liệt sĩ xã Yên Thường,Hà Nội,historic,21.097884550000003,105.91638319425692,verified_entrance|opening_hours|independent_source_review|factual_description,https://www.openstreetmap.org/way/661138411
2,osm:way:661138416,Chùa Phúc Nương,Hà Nội,temple,21.099074100000003,105.91865116973733,verified_entrance|opening_hours|independent_source_review|factual_description,https://www.openstreetmap.org/way/661138416
2,osm:way:661138430,Chùa thôn Đỗ Xá,Hà Nội,temple,21.1059921,105.92186407001657,verified_entrance|opening_hours|independent_source_review|factual_description,https://www.openstreetmap.org/way/661138430
2,osm:way:661138433,Đình làng Đỗ Xá,Hà Nội,temple,21.10647535,105.92244075021281,verified_entrance|opening_hours|independent_source_review|factual_description,https://www.openstreetmap.org/way/661138433
2,osm:way:661138458,Chùa thôn Đình Vỹ,Hà Nội,temple,21.10995725,105.9270089701264,verified_entrance|opening_hours|independent_source_review|factual_description,https://www.openstreetmap.org/way/661138458
2,osm:way:661138462,Đình Làng Đình Vỹ,Hà Nội,temple,21.110625,105.92791974288431,verified_entrance|opening_hours|independent_source_review|factual_description,https://www.openstreetmap.org/way/661138462
2,osm:way:661165879,Công viên Phùng Khoang,Hà Nội,park,20.997498,105.79036154002907,verified_entrance|opening_hours|independent_source_review|factual_description,https://www.openstreetmap.org/way/661165879
2,osm:way:673072446,Đền Hàm Rồng,Hà Nội,temple,20.9980441,105.76166658808631,verified_entrance|opening_hours|independent_source_review|factual_description,https://www.openstreetmap.org/way/673072446
2,osm:way:675949349,Núi chùa,Hà Nội,park,20.9483968,105.87023145321692,verified_entrance|opening_hours|independent_source_review|factual_description,https://www.openstreetmap.org/way/675949349
2,osm:way:675949350,Vườn Bách Thảo,Hà Nội,park,20.94831125,105.87098003129157,verified_entrance|opening_hours|independent_source_review|factual_description,https://www.openstreetmap.org/way/675949350
2,osm:way:679378178,Lăng Cậu,Hà Nội,temple,20.948141550000003,105.87335189418997,verified_entrance|opening_hours|independent_source_review|factual_description,https://www.openstreetmap.org/way/679378178
2,osm:way:696389268,Đoan Môn,Hà Nội,attraction,21.035256949999997,105.84017474254003,verified_entrance|opening_hours|independent_source_review|factual_description,https://www.openstreetmap.org/way/696389268
2,osm:way:696389287,Di tích nhà bát giác,Hà Nội,historic,21.03658905,105.83811975,verified_entrance|opening_hours|independent_source_review|factual_description,https://www.openstreetmap.org/way/696389287
2,osm:way:696668911,Dấu vết ngự đạo,Hà Nội,historic,21.0353827,105.84027495000001,verified_entrance|opening_hours|independent_source_review|factual_description,https://www.openstreetmap.org/way/696668911
2,osm:way:696913691,Hoàng thành Thăng Long,Hà Nội,historic,21.03839025,105.84062373806327,verified_entrance|independent_source_review|factual_description,https://www.openstreetmap.org/way/696913691
2,osm:way:697161740,Phủ Thủ tướng,Hà Nội,historic,21.04046235,105.83420070868422,verified_entrance|opening_hours|independent_source_review|factual_description,https://www.openstreetmap.org/way/697161740
2,osm:way:697326488,Gian thờ Tổ Mẫu,Hà Nội,temple,21.0356173,105.83355566083796,verified_entrance|opening_hours|independent_source_review|factual_description,https://www.openstreetmap.org/way/697326488
2,osm:way:697326489,Chính điện,Hà Nội,temple,21.0357172,105.83342635044643,verified_entrance|opening_hours|independent_source_review|factual_description,https://www.openstreetmap.org/way/697326489
2,osm:way:697326496,Chùa Một Cột,Hà Nội,attraction,21.035855499999997,105.83361434322288,verified_entrance|opening_hours|independent_source_review|factual_description,https://www.openstreetmap.org/way/697326496
2,osm:way:697791079,Đền Đống Nước,Hà Nội,temple,21.0393732,105.82350340550143,verified_entrance|opening_hours|independent_source_review|factual_description,https://www.openstreetmap.org/way/697791079
2,osm:way:697791083,Chùa Bát Mẫu,Hà Nội,temple,21.03828745,105.82617002350663,verified_entrance|opening_hours|independent_source_review|factual_description,https://www.openstreetmap.org/way/697791083
2,osm:way:697791086,Đền Cát Triệu,Hà Nội,temple,21.0385393,105.8270000328883,verified_entrance|opening_hours|independent_source_review|factual_description,https://www.openstreetmap.org/way/697791086
2,osm:way:697791109,Đình Ngọc Hà,Hà Nội,temple,21.03782705,105.82937094640702,verified_entrance|opening_hours|independent_source_review|factual_description,https://www.openstreetmap.org/way/697791109
2,osm:way:698018249,Nhà thờ Cửa Bắc,Hà Nội,attraction,21.0414367,105.84050719321756,verified_entrance|opening_hours|independent_source_review|factual_description,https://www.openstreetmap.org/way/698018249
2,osm:way:698273197,Đền Vĩnh Phúc,Hà Nội,temple,21.04055295,105.81901007205164,verified_entrance|opening_hours|independent_source_review|factual_description,https://www.openstreetmap.org/way/698273197
2,osm:way:698273199,Chùa Vĩnh Khánh,Hà Nội,temple,21.040989,105.81919072895164,verified_entrance|opening_hours|independent_source_review|factual_description,https://www.openstreetmap.org/way/698273199
2,osm:way:698659314,Đình Vĩnh Phúc,Hà Nội,temple,21.040466000000002,105.81927642061493,verified_entrance|opening_hours|independent_source_review|factual_description,https://www.openstreetmap.org/way/698659314
2,osm:way:698659336,Đình Đại Yên,Hà Nội,temple,21.03723575,105.8209515877495,verified_entrance|opening_hours|independent_source_review|factual_description,https://www.openstreetmap.org/way/698659336
2,osm:way:698659339,Chùa Bát Tháp,Hà Nội,temple,21.0359228,105.82245270080645,verified_entrance|opening_hours|independent_source_review|factual_description,https://www.openstreetmap.org/way/698659339
2,osm:way:698676698,Đình Vạn Phúc,Hà Nội,temple,21.03389005,105.8241246732839,verified_entrance|opening_hours|independent_source_review|factual_description,https://www.openstreetmap.org/way/698676698
2,osm:way:698676700,Đền Miếu Trắng,Hà Nội,temple,21.0340167,105.82357804820955,verified_entrance|opening_hours|independent_source_review|factual_description,https://www.openstreetmap.org/way/698676700
2,osm:way:699065697,Chùa Sùng Quang,Hà Nội,temple,21.06114345,105.7817902973043,verified_entrance|opening_hours|independent_source_review|factual_description,https://www.openstreetmap.org/way/699065697
2,osm:way:699218399,Đình thôn Viên,Hà Nội,temple,21.065569699999998,105.7792125,verified_entrance|opening_hours|independent_source_review|factual_description,https://www.openstreetmap.org/way/699218399
2,osm:way:699218413,Chùa Anh Linh,Hà Nội,temple,21.069773849999997,105.7797375845772,verified_entrance|opening_hours|independent_source_review|factual_description,https://www.openstreetmap.org/way/699218413
2,osm:way:699218417,Đền Bà Chúa,Hà Nội,temple,21.0686932,105.77891459415797,verified_entrance|opening_hours|independent_source_review|factual_description,https://www.openstreetmap.org/way/699218417
2,osm:way:699218421,Công viên OCT1,Hà Nội,park,21.06540715,105.7823286543017,verified_entrance|opening_hours|independent_source_review|factual_description,https://www.openstreetmap.org/way/699218421
2,osm:way:699218441,Nhà thờ Giáo xứ Cổ Nhuế,Hà Nội,temple,21.06428615,105.78049125000001,verified_entrance|opening_hours|independent_source_review|factual_description,https://www.openstreetmap.org/way/699218441
2,osm:way:699905184,Chùa Châu Lâm,Hà Nội,temple,21.04271395,105.82017309946724,verified_entrance|opening_hours|independent_source_review|factual_description,https://www.openstreetmap.org/way/699905184
2,osm:way:699905199,Miếu Thuỵ Ưng,Hà Nội,temple,21.0437287,105.81573747223031,verified_entrance|opening_hours|independent_source_review|factual_description,https://www.openstreetmap.org/way/699905199
2,osm:way:699905206,Đền Voi Phục,Hà Nội,temple,21.043791249999998,105.815487372359,verified_entrance|opening_hours|independent_source_review|factual_description,https://www.openstreetmap.org/way/699905206
2,osm:way:700620994,Chùa Pháp Bảo Tạng,Hà Nội,temple,21.0375264,105.84698435,verified_entrance|opening_hours|independent_source_review|factual_description,https://www.openstreetmap.org/way/700620994
2,osm:way:700620997,Thánh đường Hồi giáo Al-Noor,Hà Nội,temple,21.03789655,105.84757838441709,verified_entrance|opening_hours|independent_source_review|factual_description,https://www.openstreetmap.org/way/700620997
2,osm:way:700627463,Chùa Quán Huyền Thiên,Hà Nội,temple,21.0388274,105.8491214942346,verified_entrance|opening_hours|independent_source_review|factual_description,https://www.openstreetmap.org/way/700627463
2,osm:way:700654145,Đền Tứ Vị,Hà Nội,temple,21.0415081,105.847467495316,verified_entrance|opening_hours|independent_source_review|factual_description,https://www.openstreetmap.org/way/700654145
2,osm:way:700654146,Đền Yên Thuận Thượng,Hà Nội,temple,21.041921600000002,105.84746172000435,verified_entrance|opening_hours|independent_source_review|factual_description,https://www.openstreetmap.org/way/700654146
2,osm:way:700654152,Đình Tây Luông,Hà Nội,temple,21.04114855,105.84789423376046,verified_entrance|opening_hours|independent_source_review|factual_description,https://www.openstreetmap.org/way/700654152
2,osm:way:700671916,Đền Nghĩa Dũng,Hà Nội,temple,21.05020105,105.83906414519055,verified_entrance|opening_hours|independent_source_review|factual_description,https://www.openstreetmap.org/way/700671916
2,osm:way:700671918,Đình An Trí,Hà Nội,temple,21.048665649999997,105.84135203828303,verified_entrance|opening_hours|independent_source_review|factual_description,https://www.openstreetmap.org/way/700671918
2,osm:way:700671930,Chùa Thần Quang,Hà Nội,temple,21.04609185,105.84070424147019,verified_entrance|opening_hours|independent_source_review|factual_description,https://www.openstreetmap.org/way/700671930
2,osm:way:700671931,Đình Ngũ Xã,Hà Nội,temple,21.0463187,105.84074034618817,verified_entrance|opening_hours|independent_source_review|factual_description,https://www.openstreetmap.org/way/700671931
2,osm:way:700671940,Chùa Châu Long,Hà Nội,temple,21.044572000000002,105.84185159389915,verified_entrance|opening_hours|independent_source_review|factual_description,https://www.openstreetmap.org/way/700671940
2,osm:way:700671954,Đền Đức Vua,Hà Nội,temple,21.0435369,105.84694314834735,verified_entrance|opening_hours|independent_source_review|factual_description,https://www.openstreetmap.org/way/700671954
2,osm:way:700671962,Đền Yên Thành,Hà Nội,temple,21.0409165,105.84524402972973,verified_entrance|opening_hours|independent_source_review|factual_description,https://www.openstreetmap.org/way/700671962
2,osm:way:700671974,Chùa Hoè Nhai,Hà Nội,temple,21.04245025,105.84745446588425,verified_entrance|opening_hours|independent_source_review|factual_description,https://www.openstreetmap.org/way/700671974
2,osm:way:700840685,Đình Kim Ngân,Hà Nội,temple,21.0341289,105.85290393517965,verified_entrance|opening_hours|independent_source_review|factual_description,https://www.openstreetmap.org/way/700840685
2,osm:way:700840693,Đền Hương Nghĩa,Hà Nội,temple,21.0369873,105.8526385797251,verified_entrance|opening_hours|independent_source_review|factual_description,https://www.openstreetmap.org/way/700840693
2,osm:way:700840702,Trung tâm Giao lưu văn hóa phố cổ Hà Nội,Hà Nội,museum,21.0355059,105.85278159890109,verified_entrance|opening_hours|independent_source_review|factual_description,https://www.openstreetmap.org/way/700840702
2,osm:way:700840708,Hội quán Việt Đông,Hà Nội,temple,21.0363538,105.85227790061143,verified_entrance|opening_hours|independent_source_review|factual_description,https://www.openstreetmap.org/way/700840708
2,osm:way:700840718,Đình Thanh Hà,Hà Nội,temple,21.036568,105.85031356783617,verified_entrance|opening_hours|independent_source_review|factual_description,https://www.openstreetmap.org/way/700840718
2,osm:way:700840727,Chùa Cầu Đông,Hà Nội,temple,21.0358774,105.8494174863124,verified_entrance|opening_hours|independent_source_review|factual_description,https://www.openstreetmap.org/way/700840727
2,osm:way:700853374,Chủa Kim Cổ,Hà Nội,temple,21.03081335,105.84739422835051,verified_entrance|opening_hours|independent_source_review|factual_description,https://www.openstreetmap.org/way/700853374
2,osm:way:700853377,Đình Yên Thái,Hà Nội,temple,21.031388999999997,105.8477497150411,verified_entrance|opening_hours|independent_source_review|factual_description,https://www.openstreetmap.org/way/700853377
2,osm:way:700853380,Đình Tân Khai,Hà Nội,temple,21.035830400000002,105.84682774580382,verified_entrance|opening_hours|independent_source_review|factual_description,https://www.openstreetmap.org/way/700853380
2,osm:way:700853410,Cảm Tử Quân,Hà Nội,historic,21.0310639,105.85374725,verified_entrance|opening_hours|independent_source_review|factual_description,https://www.openstreetmap.org/way/700853410
2,osm:way:700853412,Đền Hàng Tre,Hà Nội,temple,21.03210005,105.85468744620019,verified_entrance|opening_hours|independent_source_review|factual_description,https://www.openstreetmap.org/way/700853412
2,osm:way:701605967,Chùa Bà Đá,Hà Nội,temple,21.02876405,105.85028299191566,verified_entrance|opening_hours|independent_source_review|factual_description,https://www.openstreetmap.org/way/701605967
2,osm:way:701882889,Chùa Vũ Thạch,Hà Nội,temple,21.0250677,105.85222195154867,verified_entrance|opening_hours|independent_source_review|factual_description,https://www.openstreetmap.org/way/701882889
2,osm:way:701882893,Đình Vũ Thạch,Hà Nội,temple,21.02518515,105.85178188956618,verified_entrance|opening_hours|independent_source_review|factual_description,https://www.openstreetmap.org/way/701882893
2,osm:way:701882971,Đình Nam Hương,Hà Nội,temple,21.02901255,105.85085435090696,verified_entrance|opening_hours|independent_source_review|factual_description,https://www.openstreetmap.org/way/701882971
2,osm:way:702185155,Khuê Văn Các,Hà Nội,attraction,21.0285774,105.83588755907374,verified_entrance|opening_hours|independent_source_review|factual_description,https://www.openstreetmap.org/way/702185155
2,osm:way:702241252,Vườn Giám,Hà Nội,park,21.0289173,105.83538155370522,verified_entrance|opening_hours|independent_source_review|factual_description,https://www.openstreetmap.org/way/702241252
2,osm:way:702456221,Đền Hàng Cà,Hà Nội,temple,21.02574345,105.83919395164216,verified_entrance|opening_hours|independent_source_review|factual_description,https://www.openstreetmap.org/way/702456221
2,osm:way:702456225,Y Miếu,Hà Nội,temple,21.0271339,105.83974530637856,verified_entrance|opening_hours|independent_source_review|factual_description,https://www.openstreetmap.org/way/702456225
2,osm:way:702456248,Chùa Phổ Giác,Hà Nội,temple,21.026471700000002,105.83800457460399,verified_entrance|opening_hours|independent_source_review|factual_description,https://www.openstreetmap.org/way/702456248
2,osm:way:702456268,Chùa Bà Nành,Hà Nội,temple,21.0289187,105.8366757921074,verified_entrance|opening_hours|independent_source_review|factual_description,https://www.openstreetmap.org/way/702456268
2,osm:way:702456270,Chùa Ngọc Hồ,Hà Nội,temple,21.0289036,105.83742763615679,verified_entrance|opening_hours|independent_source_review|factual_description,https://www.openstreetmap.org/way/702456270
2,osm:way:702651470,Công viên Yên Sở,Hà Nội,park,20.9601591,105.85591447322909,verified_entrance|opening_hours|independent_source_review|factual_description,https://www.openstreetmap.org/way/702651470
2,osm:way:704134587,Bảo tàng Công an Hà Nội,Hà Nội,museum,21.0242939,105.84584368108808,verified_entrance|opening_hours|independent_source_review|factual_description,https://www.openstreetmap.org/way/704134587
2,osm:way:704134606,Vườn hoa Quán Sứ,Hà Nội,park,21.026114,105.8453847010107,verified_entrance|opening_hours|independent_source_review|factual_description,https://www.openstreetmap.org/way/704134606
2,osm:way:704134611,Chùa Thiên Phúc,Hà Nội,temple,21.0273533,105.8432522335211,verified_entrance|opening_hours|independent_source_review|factual_description,https://www.openstreetmap.org/way/704134611
2,osm:way:704147262,Vườn hoa Cổ Tân,Hà Nội,park,21.0250713,105.85793736328614,verified_entrance|opening_hours|independent_source_review|factual_description,https://www.openstreetmap.org/way/704147262
2,osm:way:704147333,Bảo tàng Công an nhân dân,Hà Nội,museum,21.0225412,105.84554743619047,verified_entrance|opening_hours|independent_source_review|factual_description,https://www.openstreetmap.org/way/704147333
2,osm:way:704147390,Dòng Thánh Phao lô Hà Nội,Hà Nội,temple,21.024478,105.84990273536899,verified_entrance|opening_hours|independent_source_review|factual_description,https://www.openstreetmap.org/way/704147390
2,osm:way:704153616,Bắc Bộ Phủ,Hà Nội,attraction,21.02662255,105.85525725368277,verified_entrance|opening_hours|independent_source_review|factual_description,https://www.openstreetmap.org/way/704153616
2,osm:way:704153620,Tòa nhà trung tâm Bưu điện Hà Nội,Hà Nội,attraction,21.02642025,105.85364628345982,verified_entrance|opening_hours|independent_source_review|factual_description,https://www.openstreetmap.org/way/704153620
2,osm:way:704159177,Vườn hoa Ngọc Lâm,Hà Nội,park,21.0489853,105.87629720238783,verified_entrance|opening_hours|independent_source_review|factual_description,https://www.openstreetmap.org/way/704159177
2,osm:way:704159191,Đình Ngọc Lâm,Hà Nội,temple,21.0447211,105.87282565,verified_entrance|opening_hours|independent_source_review|factual_description,https://www.openstreetmap.org/way/704159191
2,osm:way:704250698,Vườn hoa Bồ Đề,Hà Nội,park,21.039740600000002,105.87771101947035,verified_entrance|opening_hours|independent_source_review|factual_description,https://www.openstreetmap.org/way/704250698
2,osm:way:704250703,Đền Lâm Du,Hà Nội,temple,21.03252685,105.87121667052138,verified_entrance|opening_hours|independent_source_review|factual_description,https://www.openstreetmap.org/way/704250703
2,osm:way:704250709,Chùa Lâm Du,Hà Nội,temple,21.033139300000002,105.87019061079906,verified_entrance|opening_hours|independent_source_review|factual_description,https://www.openstreetmap.org/way/704250709
2,osm:way:704250714,Đình Lâm Du,Hà Nội,temple,21.032798200000002,105.87062412457954,verified_entrance|opening_hours|independent_source_review|factual_description,https://www.openstreetmap.org/way/704250714
2,osm:way:704250754,Đình làng Ái Mộ,Hà Nội,temple,21.0388528,105.87047098361543,verified_entrance|opening_hours|independent_source_review|factual_description,https://www.openstreetmap.org/way/704250754
2,osm:way:704252312,Công viên Gia Thuỵ,Hà Nội,park,21.04851515,105.88531377009514,verified_entrance|opening_hours|independent_source_review|factual_description,https://www.openstreetmap.org/way/704252312
2,osm:way:704292564,Chùa Gia Quất,Hà Nội,temple,21.05606805,105.87794378301433,verified_entrance|opening_hours|independent_source_review|factual_description,https://www.openstreetmap.org/way/704292564
2,osm:way:704292568,Đình Gia Quất,Hà Nội,temple,21.055145,105.8775740754872,verified_entrance|opening_hours|independent_source_review|factual_description,https://www.openstreetmap.org/way/704292568
2,osm:way:704292580,Vườn hoa Gia Quất,Hà Nội,park,21.05305045,105.87895944752219,verified_entrance|opening_hours|independent_source_review|factual_description,https://www.openstreetmap.org/way/704292580
2,osm:way:708953648,Nhà thờ Ngọc Mạch,Hà Nội,temple,21.0304327,105.74011630356036,verified_entrance|opening_hours|independent_source_review|factual_description,https://www.openstreetmap.org/way/708953648
2,osm:way:729254692,Chùa Cát Linh,Hà Nội,temple,21.0286336,105.82961653745048,verified_entrance|opening_hours|independent_source_review|factual_description,https://www.openstreetmap.org/way/729254692
2,osm:way:750651737,Vườn hoa Trần Quang Diệu,Hà Nội,park,21.0141287,105.82464403526689,verified_entrance|opening_hours|independent_source_review|factual_description,https://www.openstreetmap.org/way/750651737
2,osm:way:755359595,Vườn hoa Định Công,Hà Nội,park,20.98676785,105.83168343343524,verified_entrance|opening_hours|independent_source_review|factual_description,https://www.openstreetmap.org/way/755359595
2,osm:way:762125891,Nhà thờ Thượng Lâm,Hà Nội,temple,20.802129200000003,105.67217378562802,verified_entrance|opening_hours|independent_source_review|factual_description,https://www.openstreetmap.org/way/762125891
2,osm:way:762128816,Nhà thờ Đồng Mít,Hà Nội,temple,20.8081009,105.6745741,verified_entrance|opening_hours|independent_source_review|factual_description,https://www.openstreetmap.org/way/762128816
2,osm:way:762128831,Đình Quán Thá,Hà Nội,temple,20.80599145,105.66934634599951,verified_entrance|opening_hours|independent_source_review|factual_description,https://www.openstreetmap.org/way/762128831
2,osm:way:762162568,Đình thôn Hoành,Hà Nội,temple,20.801227400000002,105.67797728457796,verified_entrance|opening_hours|independent_source_review|factual_description,https://www.openstreetmap.org/way/762162568
2,osm:way:762231844,Đình làng Thượng Lâm,Hà Nội,temple,20.796118200000002,105.68116889472904,verified_entrance|opening_hours|independent_source_review|factual_description,https://www.openstreetmap.org/way/762231844
2,osm:way:762231869,Chùa Thượng Lâm,Hà Nội,temple,20.796804899999998,105.67589318898928,verified_entrance|opening_hours|independent_source_review|factual_description,https://www.openstreetmap.org/way/762231869
2,osm:way:762456417,Đình thôn Cầu,Hà Nội,temple,20.7794344,105.68351151334826,verified_entrance|opening_hours|independent_source_review|factual_description,https://www.openstreetmap.org/way/762456417
2,osm:way:762456421,Nhà thờ Giáo họ Tuy Lai,Hà Nội,temple,20.777709799999997,105.68426948326379,verified_entrance|opening_hours|independent_source_review|factual_description,https://www.openstreetmap.org/way/762456421
2,osm:way:762456424,Đình thôn Thượng,Hà Nội,temple,20.7787388,105.68154726276956,verified_entrance|opening_hours|independent_source_review|factual_description,https://www.openstreetmap.org/way/762456424
2,osm:way:762456426,Chùa Quýt,Hà Nội,temple,20.77225285,105.67970240154631,verified_entrance|opening_hours|independent_source_review|factual_description,https://www.openstreetmap.org/way/762456426
2,osm:way:762456707,Nhà thờ Thượng Lâm,Hà Nội,temple,20.789995500000003,105.67552697973962,verified_entrance|opening_hours|independent_source_review|factual_description,https://www.openstreetmap.org/way/762456707
2,osm:way:762785878,Chùa Nghinh Phúc,Hà Nội,temple,20.7535129,105.69732887794117,verified_entrance|opening_hours|independent_source_review|factual_description,https://www.openstreetmap.org/way/762785878
2,osm:way:762857148,Nhà thờ Đoan Nữ,Hà Nội,temple,20.7492005,105.69611570541807,verified_entrance|opening_hours|independent_source_review|factual_description,https://www.openstreetmap.org/way/762857148
2,osm:way:762857149,Đình thôn Đoan Nữ,Hà Nội,temple,20.7510342,105.69530019277886,verified_entrance|opening_hours|independent_source_review|factual_description,https://www.openstreetmap.org/way/762857149
2,osm:way:762882338,Chùa Hương Vân,Hà Nội,temple,20.79499315,105.7066952478206,verified_entrance|opening_hours|independent_source_review|factual_description,https://www.openstreetmap.org/way/762882338
2,osm:way:763107728,Nhà thờ Vĩnh Xương,Hà Nội,temple,20.79237925,105.7060139159632,verified_entrance|opening_hours|independent_source_review|factual_description,https://www.openstreetmap.org/way/763107728
2,osm:way:763107733,Chùa Quế Lâm,Hà Nội,temple,20.78162315,105.70356800705184,verified_entrance|opening_hours|independent_source_review|factual_description,https://www.openstreetmap.org/way/763107733
2,osm:way:763352478,Đình Yên Lạc,Hà Nội,temple,20.8213595,105.68678636377123,verified_entrance|opening_hours|independent_source_review|factual_description,https://www.openstreetmap.org/way/763352478
2,osm:way:763352555,Chùa làng Yên Sơn,Hà Nội,temple,20.8165019,105.67666964390875,verified_entrance|opening_hours|independent_source_review|factual_description,https://www.openstreetmap.org/way/763352555
2,osm:way:763352556,Đình làng Yên Sơn,Hà Nội,temple,20.8164786,105.67889918740285,verified_entrance|opening_hours|independent_source_review|factual_description,https://www.openstreetmap.org/way/763352556
2,osm:way:763352566,Chùa thôn Dương Kệ,Hà Nội,temple,20.82555795,105.66757244808005,verified_entrance|opening_hours|independent_source_review|factual_description,https://www.openstreetmap.org/way/763352566
2,osm:way:763352571,Đình Làng Dương Kệ,Hà Nội,temple,20.8251763,105.66811340012978,verified_entrance|opening_hours|independent_source_review|factual_description,https://www.openstreetmap.org/way/763352571
2,osm:way:763352693,Đền Miếu Môn,Hà Nội,temple,20.81457575,105.64698775895931,verified_entrance|opening_hours|independent_source_review|factual_description,https://www.openstreetmap.org/way/763352693
2,osm:way:764094817,Chùa Phúc Lâm,Hà Nội,temple,20.813153149999998,105.70725340275321,verified_entrance|opening_hours|independent_source_review|factual_description,https://www.openstreetmap.org/way/764094817
2,osm:way:764094824,Đình Phúc Lâm,Hà Nội,temple,20.8132604,105.70797990069835,verified_entrance|opening_hours|independent_source_review|factual_description,https://www.openstreetmap.org/way/764094824
2,osm:way:764169939,Chùa Vĩnh Lạc,Hà Nội,temple,20.76987065,105.701794038598,verified_entrance|opening_hours|independent_source_review|factual_description,https://www.openstreetmap.org/way/764169939
2,osm:way:764169976,Tu đoàn Truyền Tin,Hà Nội,temple,20.8148171,105.70873174471032,verified_entrance|opening_hours|independent_source_review|factual_description,https://www.openstreetmap.org/way/764169976
2,osm:way:764169981,Nhà thờ Giáo xứ Phúc Lâm,Hà Nội,temple,20.8148688,105.70852070000001,verified_entrance|opening_hours|independent_source_review|factual_description,https://www.openstreetmap.org/way/764169981
2,osm:way:764357285,Chùa Hoàn Phúc,Hà Nội,temple,20.8357942,105.67099385967825,verified_entrance|opening_hours|independent_source_review|factual_description,https://www.openstreetmap.org/way/764357285
2,osm:way:764357318,Đình Thôn Nghè,Hà Nội,temple,20.82973905,105.67374679516152,verified_entrance|opening_hours|independent_source_review|factual_description,https://www.openstreetmap.org/way/764357318
2,osm:way:764357319,Chùa Thôn Nghè,Hà Nội,temple,20.829099550000002,105.67406774502683,verified_entrance|opening_hours|independent_source_review|factual_description,https://www.openstreetmap.org/way/764357319
2,osm:way:764553901,Chùa Bồ Đề,Hà Nội,temple,20.7346522,105.69434731487887,verified_entrance|opening_hours|independent_source_review|factual_description,https://www.openstreetmap.org/way/764553901
2,osm:way:764553905,Đình làng Vĩnh An,Hà Nội,temple,20.73420095,105.69553683230905,verified_entrance|opening_hours|independent_source_review|factual_description,https://www.openstreetmap.org/way/764553905
2,osm:way:764553909,Nhà thờ Giáo họ Cống Thượng,Hà Nội,temple,20.7336679,105.70518405000001,verified_entrance|opening_hours|independent_source_review|factual_description,https://www.openstreetmap.org/way/764553909
2,osm:way:764553914,Chùa làng Thượng,Hà Nội,temple,20.73548435,105.7035298494614,verified_entrance|opening_hours|independent_source_review|factual_description,https://www.openstreetmap.org/way/764553914
2,osm:way:764553915,Đình làng Thượng,Hà Nội,temple,20.7350002,105.7037717084361,verified_entrance|opening_hours|independent_source_review|factual_description,https://www.openstreetmap.org/way/764553915
2,osm:way:765136203,Chùa Tứ Xã,Hà Nội,temple,20.7810953,105.71655289543503,verified_entrance|opening_hours|independent_source_review|factual_description,https://www.openstreetmap.org/way/765136203
2,osm:way:765975780,Đình thôn Lê Xá,Hà Nội,temple,20.7270386,105.72022331512551,verified_entrance|opening_hours|independent_source_review|factual_description,https://www.openstreetmap.org/way/765975780
2,osm:way:765975781,Chùa Kim Quy,Hà Nội,temple,20.7280008,105.7244837772715,verified_entrance|opening_hours|independent_source_review|factual_description,https://www.openstreetmap.org/way/765975781
2,osm:way:766661825,Nhà thờ Giáo họ Thanh Áng,Hà Nội,temple,20.7403388,105.71095947751553,verified_entrance|opening_hours|independent_source_review|factual_description,https://www.openstreetmap.org/way/766661825
2,osm:way:766661840,Đình thôn Áng Hạ,Hà Nội,temple,20.738328950000003,105.71679867005409,verified_entrance|opening_hours|independent_source_review|factual_description,https://www.openstreetmap.org/way/766661840
2,osm:way:766661893,Chùa thôn Cống Trung,Hà Nội,temple,20.730259150000002,105.7061273862079,verified_entrance|opening_hours|independent_source_review|factual_description,https://www.openstreetmap.org/way/766661893
2,osm:way:766661894,Đình thôn Cống Trung,Hà Nội,temple,20.73002805,105.70602131552212,verified_entrance|opening_hours|independent_source_review|factual_description,https://www.openstreetmap.org/way/766661894
2,osm:way:766661910,Đình chùa thôn Cống Đặng,Hà Nội,temple,20.72632945,105.710433700042,verified_entrance|opening_hours|independent_source_review|factual_description,https://www.openstreetmap.org/way/766661910
2,osm:way:766661928,Chùa Lai,Hà Nội,temple,20.72751165,105.7164805810558,verified_entrance|opening_hours|independent_source_review|factual_description,https://www.openstreetmap.org/way/766661928
2,osm:way:766661949,Đình làng Đức Thụ,Hà Nội,temple,20.728690649999997,105.72520802825431,verified_entrance|opening_hours|independent_source_review|factual_description,https://www.openstreetmap.org/way/766661949
2,osm:way:766661988,Nhà thờ Giáo họ Hoan Hợp,Hà Nội,temple,20.727249049999998,105.7308222603117,verified_entrance|opening_hours|independent_source_review|factual_description,https://www.openstreetmap.org/way/766661988
2,osm:way:766662020,Đình thôn Nội,Hà Nội,temple,20.716336650000002,105.73511793767375,verified_entrance|opening_hours|independent_source_review|factual_description,https://www.openstreetmap.org/way/766662020
2,osm:way:766662028,Đình Thượng,Hà Nội,temple,20.721863399999997,105.73013718993872,verified_entrance|opening_hours|independent_source_review|factual_description,https://www.openstreetmap.org/way/766662028
2,osm:way:766662044,Nhà thờ Giáo xứ Xuy Xá,Hà Nội,temple,20.712994899999998,105.73907759402405,verified_entrance|opening_hours|independent_source_review|factual_description,https://www.openstreetmap.org/way/766662044
2,osm:way:766662108,Đình,Hà Nội,temple,20.7198991,105.73482963721482,verified_entrance|opening_hours|independent_source_review|factual_description,https://www.openstreetmap.org/way/766662108
2,osm:way:767121271,Nhà thờ Phùng Xá,Hà Nội,temple,20.72299545,105.7675769,verified_entrance|opening_hours|independent_source_review|factual_description,https://www.openstreetmap.org/way/767121271
2,osm:way:767859411,Trúc Lâm Tự,Hà Nội,temple,20.7221919,105.76265687894735,verified_entrance|opening_hours|independent_source_review|factual_description,https://www.openstreetmap.org/way/767859411
2,osm:way:767859412,Đình Thượng,Hà Nội,temple,20.7223228,105.76231952184071,verified_entrance|opening_hours|independent_source_review|factual_description,https://www.openstreetmap.org/way/767859412
2,osm:way:767860424,Nhà thờ Giáo họ Tân Độ,Hà Nội,temple,20.72459315,105.74666741793408,verified_entrance|opening_hours|independent_source_review|factual_description,https://www.openstreetmap.org/way/767860424
2,osm:way:768420567,Đền Trình Đục Khê,Hà Nội,temple,20.6158371,105.78533297963429,verified_entrance|opening_hours|independent_source_review|factual_description,https://www.openstreetmap.org/way/768420567
2,osm:way:768420585,Đình Yến Vỹ,Hà Nội,temple,20.61493,105.77799210767151,verified_entrance|opening_hours|independent_source_review|factual_description,https://www.openstreetmap.org/way/768420585
2,osm:way:768696743,Đền tưởng niệm liệt sĩ huyện Mỹ Đức,Hà Nội,temple,20.6877014,105.73942119126579,verified_entrance|opening_hours|independent_source_review|factual_description,https://www.openstreetmap.org/way/768696743
2,osm:way:768696748,Chùa Tế Tiêu,Hà Nội,temple,20.6868694,105.7427275282775,verified_entrance|opening_hours|independent_source_review|factual_description,https://www.openstreetmap.org/way/768696748
2,osm:way:768696776,Chùa Diên Khánh,Hà Nội,temple,20.68440615,105.74651311195461,verified_entrance|opening_hours|independent_source_review|factual_description,https://www.openstreetmap.org/way/768696776
2,osm:way:769918656,Vườn hoa Hoàng Văn Thụ,Hà Nội,park,20.98639085,105.85089176719714,verified_entrance|opening_hours|independent_source_review|factual_description,https://www.openstreetmap.org/way/769918656
2,osm:way:769934502,Chùa Thọ Sơn,Hà Nội,temple,20.671807299999998,105.74641424174641,verified_entrance|opening_hours|independent_source_review|factual_description,https://www.openstreetmap.org/way/769934502
2,osm:way:769948377,Nhà thờ Đông Mỹ,Hà Nội,temple,20.65333485,105.74499666004616,verified_entrance|opening_hours|independent_source_review|factual_description,https://www.openstreetmap.org/way/769948377
2,osm:way:769948435,Nhà thờ Giáo xứ Tuỵ Hiền,Hà Nội,temple,20.655804099999997,105.74034021105811,verified_entrance|opening_hours|independent_source_review|factual_description,https://www.openstreetmap.org/way/769948435
2,osm:way:769948478,Chùa Hà,Hà Nội,temple,20.66918295,105.74492535029084,verified_entrance|opening_hours|independent_source_review|factual_description,https://www.openstreetmap.org/way/769948478
2,osm:way:770272739,Công viên Bán đảo Linh Đàm,Hà Nội,park,20.9637289,105.82895476821895,verified_entrance|opening_hours|independent_source_review|factual_description,https://www.openstreetmap.org/way/770272739
2,osm:way:770299541,Văn Quán Lake Park,Hà Nội,park,20.97692755,105.79152372660803,verified_entrance|opening_hours|independent_source_review|factual_description,https://www.openstreetmap.org/way/770299541
2,osm:way:770299542,Vườn hoa Việt Kiều,Hà Nội,park,20.98402495,105.7859323784552,verified_entrance|opening_hours|independent_source_review|factual_description,https://www.openstreetmap.org/way/770299542
2,osm:way:770299543,Vườn Trung Văn,Hà Nội,park,20.99171465,105.78919647400431,verified_entrance|opening_hours|independent_source_review|factual_description,https://www.openstreetmap.org/way/770299543
2,osm:way:770299544,Vườn hoa Biệt thự Quốc Hội,Hà Nội,park,20.9934882,105.79404621145525,verified_entrance|opening_hours|independent_source_review|factual_description,https://www.openstreetmap.org/way/770299544
2,osm:way:770299545,Vườn hoa Trung Hòa - Nhân Chính,Hà Nội,park,21.0049809,105.80193642570724,verified_entrance|opening_hours|independent_source_review|factual_description,https://www.openstreetmap.org/way/770299545
2,osm:way:770299546,Công viên Trung Yên,Hà Nội,park,21.0158339,105.79930955435093,verified_entrance|opening_hours|independent_source_review|factual_description,https://www.openstreetmap.org/way/770299546
2,osm:way:770299547,Vườn hoa Yên Hòa,Hà Nội,park,21.02032685,105.79571470768789,verified_entrance|opening_hours|independent_source_review|factual_description,https://www.openstreetmap.org/way/770299547
2,osm:way:770299549,Vườn hoa Cửa Nam,Hà Nội,park,21.028125600000003,105.84329064427534,verified_entrance|opening_hours|independent_source_review|factual_description,https://www.openstreetmap.org/way/770299549
2,osm:way:770299552,Công viên hồ Vĩnh Hoàng,Hà Nội,park,20.98495895,105.86774553394666,verified_entrance|opening_hours|independent_source_review|factual_description,https://www.openstreetmap.org/way/770299552
2,osm:way:770299553,Công viên Yên Sở,Hà Nội,park,20.9701607,105.85857958847578,verified_entrance|opening_hours|independent_source_review|factual_description,https://www.openstreetmap.org/way/770299553
2,osm:way:770299554,Vườn hoa Bắc Long Biên,Hà Nội,park,21.046442749999997,105.86558370096363,verified_entrance|opening_hours|independent_source_review|factual_description,https://www.openstreetmap.org/way/770299554
2,osm:way:770328953,Công viên Bê Tông,Hà Nội,park,20.87953565,105.57466312344681,verified_entrance|opening_hours|independent_source_review|factual_description,https://www.openstreetmap.org/way/770328953
2,osm:way:770328954,Bảo tàng đường Hồ Chí Minh,Hà Nội,museum,20.95491925,105.74814173493971,verified_entrance|opening_hours|independent_source_review|factual_description,https://www.openstreetmap.org/way/770328954
2,osm:way:770328955,Công viên Văn Phú,Hà Nội,park,20.955979499999998,105.76642900925528,verified_entrance|opening_hours|independent_source_review|factual_description,https://www.openstreetmap.org/way/770328955
2,osm:way:770328956,Công viên Hà Cầu,Hà Nội,park,20.958964899999998,105.77938813437004,verified_entrance|opening_hours|independent_source_review|factual_description,https://www.openstreetmap.org/way/770328956
2,osm:way:770328958,Công viên Tổ 9 Mỗ Lao,Hà Nội,park,20.9786426,105.78226985736829,verified_entrance|opening_hours|independent_source_review|factual_description,https://www.openstreetmap.org/way/770328958
2,osm:way:770328959,Công viên Thiên văn học,Hà Nội,park,20.98073605,105.75762799048329,verified_entrance|opening_hours|independent_source_review|factual_description,https://www.openstreetmap.org/way/770328959
2,osm:way:770328960,Công viên Âm nhạc Đô Nghĩa,Hà Nội,park,20.9598552,105.73672457644355,verified_entrance|opening_hours|independent_source_review|factual_description,https://www.openstreetmap.org/way/770328960
2,osm:way:770336406,Vườn hoa Đại học Kinh tế Quốc dân,Hà Nội,park,20.99948195,105.84439620967372,verified_entrance|opening_hours|independent_source_review|factual_description,https://www.openstreetmap.org/way/770336406
2,osm:way:776437155,Co Loa Citadel,Hà Nội,attraction,21.114008300000002,105.87352871316303,verified_entrance|opening_hours|independent_source_review|factual_description,https://www.openstreetmap.org/way/776437155
2,osm:way:776437157,Chùa Cổ Loa,Hà Nội,temple,21.11401515,105.87351377540622,verified_entrance|opening_hours|independent_source_review|factual_description,https://www.openstreetmap.org/way/776437157
2,osm:way:776437158,Đình Cổ Loa,Hà Nội,temple,21.11372655,105.87357675124886,verified_entrance|opening_hours|independent_source_review|factual_description,https://www.openstreetmap.org/way/776437158
2,osm:way:776438252,Đền thờ An Dương Vương,Hà Nội,attraction,21.1125226,105.87151346496631,verified_entrance|opening_hours|independent_source_review|factual_description,https://www.openstreetmap.org/way/776438252
2,osm:way:777200131,Chùa Lủ,Hà Nội,temple,20.981593,105.81619633540575,verified_entrance|opening_hours|independent_source_review|factual_description,https://www.openstreetmap.org/way/777200131
2,osm:way:782864077,Vườn hoa Văn Quán,Hà Nội,park,20.97543605,105.78973741180147,verified_entrance|opening_hours|independent_source_review|factual_description,https://www.openstreetmap.org/way/782864077
2,osm:way:784360799,Nhà thờ Phùng Khoang,Hà Nội,temple,20.9899152,105.79208704683643,verified_entrance|opening_hours|independent_source_review|factual_description,https://www.openstreetmap.org/way/784360799
2,osm:way:784360800,Đình Phùng Khoang,Hà Nội,temple,20.9896156,105.7929458509758,verified_entrance|opening_hours|independent_source_review|factual_description,https://www.openstreetmap.org/way/784360800
2,osm:way:786580801,Vườn hoa,Hà Nội,park,20.971725749999997,105.78124470429594,verified_entrance|opening_hours|independent_source_review|factual_description,https://www.openstreetmap.org/way/786580801
2,osm:way:795142588,Vườn hoa,Hà Nội,park,20.9803404,105.73910430710164,verified_entrance|opening_hours|independent_source_review|factual_description,https://www.openstreetmap.org/way/795142588
2,osm:way:795142945,Vườn hoa,Hà Nội,park,20.982395500000003,105.7398417693411,verified_entrance|opening_hours|independent_source_review|factual_description,https://www.openstreetmap.org/way/795142945
2,osm:way:826029905,Đình Ứng Thiên,Hà Nội,temple,21.011345300000002,105.81204323157894,verified_entrance|opening_hours|independent_source_review|factual_description,https://www.openstreetmap.org/way/826029905
2,osm:way:838426608,Đền thờ Quang Trung,Hà Nội,temple,21.01294985,105.823860545362,verified_entrance|opening_hours|independent_source_review|factual_description,https://www.openstreetmap.org/way/838426608
2,osm:way:839663173,Vườn Nhật,Hà Nội,park,21.00370175,105.7547748138051,verified_entrance|opening_hours|independent_source_review|factual_description,https://www.openstreetmap.org/way/839663173
2,osm:way:839675222,Công viên Con Voi,Hà Nội,park,21.01049615,105.83318780766831,verified_entrance|opening_hours|independent_source_review|factual_description,https://www.openstreetmap.org/way/839675222
2,osm:way:839899602,Vườn hoa Kim Liên,Hà Nội,park,21.00812705,105.83933433661883,verified_entrance|opening_hours|independent_source_review|factual_description,https://www.openstreetmap.org/way/839899602
2,osm:way:840060448,Nhà Thờ Phượng Đồng,Hà Nội,temple,20.943935349999997,105.71038133311498,verified_entrance|opening_hours|independent_source_review|factual_description,https://www.openstreetmap.org/way/840060448
2,osm:way:840803791,Chùa Liên Phái,Hà Nội,temple,21.0053586,105.84891447204697,verified_entrance|opening_hours|independent_source_review|factual_description,https://www.openstreetmap.org/way/840803791
2,osm:way:840934114,Công viên Trung tâm,Hà Nội,park,20.99909795,105.74160973601485,verified_entrance|opening_hours|independent_source_review|factual_description,https://www.openstreetmap.org/way/840934114
2,osm:way:840934121,Công viên Thể thao,Hà Nội,park,21.00339165,105.74136877638796,verified_entrance|opening_hours|independent_source_review|factual_description,https://www.openstreetmap.org/way/840934121
2,osm:way:841154650,Công viên An Hoà,Hà Nội,park,21.0235591,105.78269474120748,verified_entrance|opening_hours|independent_source_review|factual_description,https://www.openstreetmap.org/way/841154650
2,osm:way:843085954,Thiên đường Bảo Sơn,Hà Nội,theme_park,20.998060449999997,105.73184582566336,verified_entrance|opening_hours|independent_source_review|factual_description,https://www.openstreetmap.org/way/843085954
2,osm:way:856836405,Nhà thờ họ Phí Trúc Động,Hà Nội,temple,20.998101499999997,105.57284948965889,verified_entrance|opening_hours|independent_source_review|factual_description,https://www.openstreetmap.org/way/856836405
2,osm:way:856836416,Đình Đồng Táng,Hà Nội,temple,20.989987399999997,105.57393102277248,verified_entrance|opening_hours|independent_source_review|factual_description,https://www.openstreetmap.org/way/856836416
2,osm:way:856836436,Đình Chùa Đồng Kho,Hà Nội,temple,20.9950646,105.57402385267822,verified_entrance|opening_hours|independent_source_review|factual_description,https://www.openstreetmap.org/way/856836436
2,osm:way:856836457,Đài tưởng niệm liệt sĩ xã Đồng Trúc,Hà Nội,temple,20.99371885,105.56927171537336,verified_entrance|opening_hours|independent_source_review|factual_description,https://www.openstreetmap.org/way/856836457
2,osm:way:856836499,Đình Trúc Động,Hà Nội,temple,20.9979327,105.57344075467229,verified_entrance|opening_hours|independent_source_review|factual_description,https://www.openstreetmap.org/way/856836499
2,osm:way:856836511,Chùa Trúc Động,Hà Nội,temple,20.99732115,105.5719663433631,verified_entrance|opening_hours|independent_source_review|factual_description,https://www.openstreetmap.org/way/856836511
2,osm:way:860294713,Nhà thờ Hàng Bột,Hà Nội,temple,21.024614550000003,105.83223586172633,verified_entrance|opening_hours|independent_source_review|factual_description,https://www.openstreetmap.org/way/860294713
2,osm:way:862095211,Chùa Thanh Nhàn,Hà Nội,temple,21.02289095,105.82495292585025,verified_entrance|opening_hours|independent_source_review|factual_description,https://www.openstreetmap.org/way/862095211
2,osm:way:867981976,Nhà lưu niệm Chủ tịch Hồ Chí Minh,Hà Nội,historic,21.0081407,105.83574635828496,verified_entrance|opening_hours|independent_source_review|factual_description,https://www.openstreetmap.org/way/867981976
2,osm:way:875488220,Chùa Đại An,Hà Nội,temple,21.02993645,105.76807879640191,verified_entrance|opening_hours|independent_source_review|factual_description,https://www.openstreetmap.org/way/875488220
2,osm:way:884063648,Chùa Nam Đồng,Hà Nội,temple,21.01768305,105.82833693530088,verified_entrance|opening_hours|independent_source_review|factual_description,https://www.openstreetmap.org/way/884063648
2,osm:way:888629812,Chùa Bộc,Hà Nội,temple,21.00839055,105.82760223375558,verified_entrance|opening_hours|independent_source_review|factual_description,https://www.openstreetmap.org/way/888629812
2,osm:way:889113701,Công viên Mễ Trì,Hà Nội,park,21.0076823,105.77143181961127,verified_entrance|opening_hours|independent_source_review|factual_description,https://www.openstreetmap.org/way/889113701
2,osm:way:891950562,Chùa Quan Nhân,Hà Nội,temple,21.004405900000002,105.8093612638328,verified_entrance|opening_hours|independent_source_review|factual_description,https://www.openstreetmap.org/way/891950562
2,osm:way:892577251,Trung tâm nghệ thuật VCCA,Hà Nội,gallery,21.00343855,105.81490707672546,verified_entrance|opening_hours|independent_source_review|factual_description,https://www.openstreetmap.org/way/892577251
2,osm:way:892583617,Vườn hoa,Hà Nội,park,20.96150685,105.74746746301878,verified_entrance|opening_hours|independent_source_review|factual_description,https://www.openstreetmap.org/way/892583617
2,osm:way:892583620,Quảng trường,Hà Nội,park,20.9608816,105.74701399058065,verified_entrance|opening_hours|independent_source_review|factual_description,https://www.openstreetmap.org/way/892583620
2,osm:way:894857495,Đình Yên Phụ,Hà Nội,temple,21.0521204,105.83612163215676,verified_entrance|opening_hours|independent_source_review|factual_description,https://www.openstreetmap.org/way/894857495
2,osm:way:899723249,Green Garden,Hà Nội,park,21.026999449999998,105.89915787657193,verified_entrance|opening_hours|independent_source_review|factual_description,https://www.openstreetmap.org/way/899723249
2,osm:way:902155098,Đình Thuỵ Hương,Hà Nội,temple,20.908866850000003,105.71387187313209,verified_entrance|opening_hours|independent_source_review|factual_description,https://www.openstreetmap.org/way/902155098
2,osm:way:908417669,Công viên Long Biên,Hà Nội,park,21.061025200000003,105.90430426863117,verified_entrance|independent_source_review|factual_description,https://www.openstreetmap.org/way/908417669
2,osm:way:908992974,Nhà truyền thống May 10,Hà Nội,historic,21.02943245,105.91965467188284,verified_entrance|opening_hours|independent_source_review|factual_description,https://www.openstreetmap.org/way/908992974
2,osm:way:909833203,Đình Chùa Vàng,Hà Nội,temple,21.03488745,105.93965676297086,verified_entrance|opening_hours|independent_source_review|factual_description,https://www.openstreetmap.org/way/909833203
2,osm:way:911561441,Vườn hoa Lạc Long Quân,Hà Nội,park,21.06914175,105.81203038357422,verified_entrance|opening_hours|independent_source_review|factual_description,https://www.openstreetmap.org/way/911561441
2,osm:way:916528084,Vườn hoa Thuỷ lợi,Hà Nội,park,21.0072293,105.82372192003659,verified_entrance|opening_hours|independent_source_review|factual_description,https://www.openstreetmap.org/way/916528084
2,osm:way:916879501,Đình Khương Thượng,Hà Nội,temple,21.003467800000003,105.82499880515292,verified_entrance|opening_hours|independent_source_review|factual_description,https://www.openstreetmap.org/way/916879501
2,osm:way:921987264,Vườn hoa Sơn Tây,Hà Nội,park,21.1413929,105.5051333669062,verified_entrance|opening_hours|independent_source_review|factual_description,https://www.openstreetmap.org/way/921987264
2,osm:way:921987266,Thành cổ Sơn Tây,Hà Nội,attraction,21.1391975,105.50451369314564,verified_entrance|opening_hours|independent_source_review|factual_description,https://www.openstreetmap.org/way/921987266
2,osm:way:925432867,Đài tưởng niệm liệt sỹ,Hà Nội,historic,21.0534209,105.8121621568282,verified_entrance|opening_hours|independent_source_review|factual_description,https://www.openstreetmap.org/way/925432867
2,osm:way:925432868,Đình làng Võng Thị,Hà Nội,temple,21.0531474,105.81232815289927,verified_entrance|opening_hours|independent_source_review|factual_description,https://www.openstreetmap.org/way/925432868
2,osm:way:925432869,Chùa Võng Thị,Hà Nội,temple,21.052771399999997,105.81180938157354,verified_entrance|opening_hours|independent_source_review|factual_description,https://www.openstreetmap.org/way/925432869
2,osm:way:925434570,Đình Đông Xã,Hà Nội,temple,21.0477351,105.8108993027814,verified_entrance|opening_hours|independent_source_review|factual_description,https://www.openstreetmap.org/way/925434570
2,osm:way:925434571,Đình làng Hồ Khẩu,Hà Nội,temple,21.04684075,105.81288159846596,verified_entrance|opening_hours|independent_source_review|factual_description,https://www.openstreetmap.org/way/925434571
2,osm:way:925434573,Đền Dực Thánh,Hà Nội,temple,21.0483848,105.81361199051814,verified_entrance|opening_hours|independent_source_review|factual_description,https://www.openstreetmap.org/way/925434573
2,osm:way:932101144,Vườn hoa Phạm Khắc Quảng,Hà Nội,park,21.0636398,105.91531988741866,verified_entrance|opening_hours|independent_source_review|factual_description,https://www.openstreetmap.org/way/932101144
2,osm:way:939812608,Nhà thờ Hà Đông,Hà Nội,temple,20.97172255,105.77818203044383,verified_entrance|opening_hours|independent_source_review|factual_description,https://www.openstreetmap.org/way/939812608
2,osm:way:941901612,Đền Kim Ngưu,Hà Nội,temple,21.05659165,105.81965189908752,verified_entrance|opening_hours|independent_source_review|factual_description,https://www.openstreetmap.org/way/941901612
2,osm:way:942762464,Vườn hoa Phùng Hưng,Hà Nội,park,21.03402715,105.84571565811554,verified_entrance|opening_hours|independent_source_review|factual_description,https://www.openstreetmap.org/way/942762464
2,osm:way:944100695,Chùa Khuyến Lương,Hà Nội,temple,20.973406400000002,105.88087257752127,verified_entrance|opening_hours|independent_source_review|factual_description,https://www.openstreetmap.org/way/944100695
2,osm:way:944513319,Nhà thờ Hàm Long,Hà Nội,temple,21.01868135,105.85351023477729,verified_entrance|opening_hours|independent_source_review|factual_description,https://www.openstreetmap.org/way/944513319
2,osm:way:947089976,Nhà thờ Sơn Tây,Hà Nội,temple,21.1429597,105.50604669991503,verified_entrance|opening_hours|independent_source_review|factual_description,https://www.openstreetmap.org/way/947089976
2,osm:way:951420405,Nhà thờ Sơn Lộc,Hà Nội,temple,21.111671,105.48861836449495,verified_entrance|opening_hours|independent_source_review|factual_description,https://www.openstreetmap.org/way/951420405
2,osm:way:951694398,Chùa Bà,Hà Nội,temple,21.0107699,105.71029858435728,verified_entrance|opening_hours|independent_source_review|factual_description,https://www.openstreetmap.org/way/951694398
2,osm:way:959984228,Vườn hoa Nông dân,Hà Nội,park,21.0957771,105.91621955943006,verified_entrance|independent_source_review|factual_description,https://www.openstreetmap.org/way/959984228
2,osm:way:959985390,Vườn hoa Thị trấn Yên Viên,Hà Nội,park,21.09030985,105.92255288440319,verified_entrance|opening_hours|independent_source_review|factual_description,https://www.openstreetmap.org/way/959985390
2,osm:way:959988676,Vườn đình Lã Côi,Hà Nội,park,21.0979935,105.92353344377992,verified_entrance|opening_hours|independent_source_review|factual_description,https://www.openstreetmap.org/way/959988676
2,osm:way:960170470,Khu vui chơi,Hà Nội,park,21.095958449999998,105.92134337200662,verified_entrance|opening_hours|independent_source_review|factual_description,https://www.openstreetmap.org/way/960170470
2,osm:way:960170705,Nhà tưởng niệm Chủ tịch Hồ Chí Minh,Hà Nội,temple,21.0955669,105.92081241898558,verified_entrance|opening_hours|independent_source_review|factual_description,https://www.openstreetmap.org/way/960170705
2,osm:way:960170728,Nhà bia tưởng niệm,Hà Nội,temple,21.095462849999997,105.92098176784387,verified_entrance|opening_hours|independent_source_review|factual_description,https://www.openstreetmap.org/way/960170728
2,osm:way:960175617,Chùa Sùng Ân (Cũ),Hà Nội,temple,21.09614495,105.92350456282142,verified_entrance|opening_hours|independent_source_review|factual_description,https://www.openstreetmap.org/way/960175617
2,osm:way:961664400,Vườn hoa Chợ Phúc Đồng,Hà Nội,park,21.039516749999997,105.90331530781532,verified_entrance|opening_hours|independent_source_review|factual_description,https://www.openstreetmap.org/way/961664400
2,osm:way:962108578,Vườn hoa Phụ nữ tự quản,Hà Nội,park,20.9786273,105.79506471618919,verified_entrance|opening_hours|independent_source_review|factual_description,https://www.openstreetmap.org/way/962108578
2,osm:way:9635893,Đầm Đông,Hà Nội,park,21.0682816,105.820193881795,verified_entrance|opening_hours|independent_source_review|factual_description,https://www.openstreetmap.org/way/9635893
2,osm:way:964908494,Nhà tưởng niệm Liệt sĩ phường Phú Thượng,Hà Nội,historic,21.08748705,105.80863305,verified_entrance|opening_hours|independent_source_review|factual_description,https://www.openstreetmap.org/way/964908494
2,osm:way:965856881,Sân chơi Trung Kính Hạ,Hà Nội,park,21.01257705,105.7952683437253,verified_entrance|opening_hours|independent_source_review|factual_description,https://www.openstreetmap.org/way/965856881
2,osm:way:977375277,Đình Nam Đồng,Hà Nội,temple,21.0169168,105.8293536484536,verified_entrance|opening_hours|independent_source_review|factual_description,https://www.openstreetmap.org/way/977375277
2,osm:way:977375279,Vườn hoa Đào Duy Anh,Hà Nội,park,21.0090322,105.83826303923539,verified_entrance|opening_hours|independent_source_review|factual_description,https://www.openstreetmap.org/way/977375279
2,osm:node:10171278941,Chùa Kim Bửu,Đà Nẵng,temple,15.8702083,108.3159055,opening_hours|independent_source_review|factual_description,https://www.openstreetmap.org/node/10171278941
2,osm:node:10175727317,Bho hoong village ethnique,Đà Nẵng,attraction,15.963165,107.7623158,opening_hours|independent_source_review|factual_description,https://www.openstreetmap.org/node/10175727317
2,osm:node:10272437963,Công Viên Vĩnh Hằng Huế,Đà Nẵng,temple,15.5464445,108.5201415,opening_hours|independent_source_review|factual_description,https://www.openstreetmap.org/node/10272437963
2,osm:node:1036552571,Đèo Hải Vân,Đà Nẵng,attraction,16.1874495,108.1307217,opening_hours|independent_source_review|factual_description,https://www.openstreetmap.org/node/1036552571
2,osm:node:10603622205,Pont main,Đà Nẵng,attraction,16.0520775,108.2156357,opening_hours|independent_source_review|factual_description,https://www.openstreetmap.org/node/10603622205
2,osm:node:10709724107,Làng đá mỹ nghệ Non Nước,Đà Nẵng,attraction,16.0009523,108.2666434,opening_hours|independent_source_review|factual_description,https://www.openstreetmap.org/node/10709724107
2,osm:node:10709724108,Làng đúc đồng Phước Kiều,Đà Nẵng,attraction,15.8700868,108.2613646,opening_hours|independent_source_review|factual_description,https://www.openstreetmap.org/node/10709724108
2,osm:node:10709724420,Làng mắm Cửa Khe,Đà Nẵng,attraction,15.8088145,108.4096566,opening_hours|independent_source_review|factual_description,https://www.openstreetmap.org/node/10709724420
2,osm:node:10709738005,Làng chiếu Cẩm Nê,Đà Nẵng,attraction,15.9867322,108.1772823,opening_hours|independent_source_review|factual_description,https://www.openstreetmap.org/node/10709738005
2,osm:node:10709738006,Làng mộc Kim Bồng,Đà Nẵng,attraction,15.8645169,108.3253021,opening_hours|independent_source_review|factual_description,https://www.openstreetmap.org/node/10709738006
2,osm:node:10709738105,Làng nước mắm Nam Ô,Đà Nẵng,attraction,16.1128315,108.1300902,opening_hours|independent_source_review|factual_description,https://www.openstreetmap.org/node/10709738105
2,osm:node:10709738405,Làng mộc Thanh Hà,Đà Nẵng,attraction,15.877712,108.3009146,opening_hours|independent_source_review|factual_description,https://www.openstreetmap.org/node/10709738405
2,osm:node:10723988763,Đài tưởng niệm thảm sát Hà My,Đà Nẵng,historic,15.9252377,108.3065476,opening_hours|independent_source_review|factual_description,https://www.openstreetmap.org/node/10723988763
2,osm:node:11161070774,Dragon's Tail,Đà Nẵng,attraction,16.06108,108.2248167,opening_hours|independent_source_review|factual_description,https://www.openstreetmap.org/node/11161070774
2,osm:node:11161070775,Dragon's Head,Đà Nẵng,attraction,16.0612476,108.2296554,opening_hours|independent_source_review|factual_description,https://www.openstreetmap.org/node/11161070775
2,osm:node:11176025737,Lang Bich hoa Da Nang,Đà Nẵng,attraction,16.0607097,108.2200254,opening_hours|independent_source_review|factual_description,https://www.openstreetmap.org/node/11176025737
2,osm:node:11259291337,Hội Quán Phước Kiến,Đà Nẵng,attraction,15.877412,108.3306003,opening_hours|independent_source_review|factual_description,https://www.openstreetmap.org/node/11259291337
2,osm:node:11359603957,Nam Son Pagoda,Đà Nẵng,attraction,15.9987986,108.2051036,opening_hours|independent_source_review|factual_description,https://www.openstreetmap.org/node/11359603957
2,osm:node:11374783349,Basket Boat Station,Đà Nẵng,attraction,15.8576323,108.3511567,opening_hours|independent_source_review|factual_description,https://www.openstreetmap.org/node/11374783349
2,osm:node:11374805869,Broken Bamboo Bridge and Palmoil Forest,Đà Nẵng,attraction,15.8581281,108.3508811,opening_hours|independent_source_review|factual_description,https://www.openstreetmap.org/node/11374805869
2,osm:node:11425562478,Crowd watching,Đà Nẵng,viewpoint,15.8764862,108.3268477,independent_source_review,https://www.openstreetmap.org/node/11425562478
2,osm:node:11555496744,Tượng Mẹ Nhu,Đà Nẵng,historic,16.0652606,108.1833538,opening_hours|independent_source_review|factual_description,https://www.openstreetmap.org/node/11555496744
2,osm:node:11575442748,DI TÍCH ĐỈNH HỘI AN,Đà Nẵng,attraction,15.8780362,108.328799,opening_hours|independent_source_review,https://www.openstreetmap.org/node/11575442748
2,osm:node:11581690669,Chùa Bảo Thắng,Đà Nẵng,temple,15.8780963,108.3375281,opening_hours|independent_source_review|factual_description,https://www.openstreetmap.org/node/11581690669
2,osm:node:11581700332,Military blockhouse ruins,Đà Nẵng,historic,15.8794937,108.3335921,opening_hours|independent_source_review|factual_description,https://www.openstreetmap.org/node/11581700332
2,osm:node:11586091345,DI TÍCH LỊCH SỬ CÁCH MẠNG,Đà Nẵng,historic,15.8857313,108.3360989,opening_hours|independent_source_review|factual_description,https://www.openstreetmap.org/node/11586091345
2,osm:node:11784634072,Phật viện Đồng Dương,Đà Nẵng,historic,15.6753292,108.2943955,opening_hours|independent_source_review|factual_description,https://www.openstreetmap.org/node/11784634072
2,osm:node:11832500969,Rào chắn,Đà Nẵng,viewpoint,16.1167482,108.3084376,opening_hours|independent_source_review|factual_description,https://www.openstreetmap.org/node/11832500969
2,osm:node:11896339273,CSO Gallery,Đà Nẵng,gallery,15.8855958,108.3505685,independent_source_review|factual_description,https://www.openstreetmap.org/node/11896339273
2,osm:node:11934093015,Trần Văn Tóc,Đà Nẵng,temple,15.858327,108.3496911,opening_hours|independent_source_review|factual_description,https://www.openstreetmap.org/node/11934093015
2,osm:node:11934169470,Queen Cobra,Đà Nẵng,attraction,16.0432987,108.22599,independent_source_review|factual_description,https://www.openstreetmap.org/node/11934169470
2,osm:node:12404434601,Khu Văn hóa Tâm linh Đà Sơn,Đà Nẵng,attraction,16.0418575,108.1477778,opening_hours|independent_source_review,https://www.openstreetmap.org/node/12404434601
2,osm:node:12603319867,Nhà thờ Thanh Bình,Đà Nẵng,temple,16.0766615,108.2132863,opening_hours|independent_source_review|factual_description,https://www.openstreetmap.org/node/12603319867
2,osm:node:12622064034,Marble Mountains Museum,Đà Nẵng,museum,16.003907,108.2660314,opening_hours|independent_source_review|factual_description,https://www.openstreetmap.org/node/12622064034
2,osm:node:12635232902,Thanh That Hoi An,Đà Nẵng,temple,15.8862701,108.3303681,opening_hours|independent_source_review|factual_description,https://www.openstreetmap.org/node/12635232902
2,osm:node:12701646101,Son Tra view,Đà Nẵng,viewpoint,16.109214,108.2517721,opening_hours|independent_source_review|factual_description,https://www.openstreetmap.org/node/12701646101
2,osm:node:12701675501,Small waterfall,Đà Nẵng,viewpoint,16.1145234,108.2556163,opening_hours|independent_source_review|factual_description,https://www.openstreetmap.org/node/12701675501
2,osm:node:12702192801,Chùa Quán Thé Âm,Đà Nẵng,temple,15.8445972,108.2665284,opening_hours|independent_source_review|factual_description,https://www.openstreetmap.org/node/12702192801
2,osm:node:12704133001,Di tích Miéu Son Tinh,Đà Nẵng,temple,15.8789894,108.2989062,opening_hours|independent_source_review|factual_description,https://www.openstreetmap.org/node/12704133001
2,osm:node:12815941401,7 wonders,Đà Nẵng,attraction,16.0988101,108.2244144,opening_hours|independent_source_review|factual_description,https://www.openstreetmap.org/node/12815941401
2,osm:node:12982910801,Dong Giang Gate of Heaven Eco-tourism Area,Đà Nẵng,attraction,15.865942,107.7355587,opening_hours|independent_source_review|factual_description,https://www.openstreetmap.org/node/12982910801
2,osm:node:13006863836,View To dumb,Đà Nẵng,viewpoint,15.8080737,107.7501168,opening_hours|independent_source_review|factual_description,https://www.openstreetmap.org/node/13006863836
2,osm:node:13008480396,Miếu xóm,Đà Nẵng,temple,16.0764344,108.2420467,opening_hours|independent_source_review|factual_description,https://www.openstreetmap.org/node/13008480396
2,osm:node:13040467529,Bãi Đá,Đà Nẵng,beach,16.0988527,108.3012745,opening_hours|independent_source_review|factual_description,https://www.openstreetmap.org/node/13040467529
2,osm:node:13091074901,Dy Ban Nhân Dân Tinh Quang Nam,Đà Nẵng,historic,15.50615,108.4643553,opening_hours|independent_source_review|factual_description,https://www.openstreetmap.org/node/13091074901
2,osm:node:13149084101,Mini-Golf Hoi An,Đà Nẵng,theme_park,15.912947,108.3386895,opening_hours|independent_source_review|factual_description,https://www.openstreetmap.org/node/13149084101
2,osm:node:13293830517,Bảo Tàng Thó Sản,Đà Nẵng,museum,15.8771924,108.3297946,opening_hours|independent_source_review|factual_description,https://www.openstreetmap.org/node/13293830517
2,osm:node:13525483833,Hard to climb,Đà Nẵng,viewpoint,16.0039418,108.2633507,opening_hours|independent_source_review|factual_description,https://www.openstreetmap.org/node/13525483833
2,osm:node:13734880501,Tượng Phật Phước Lý,Đà Nẵng,attraction,16.0405625,108.1489375,opening_hours|independent_source_review|factual_description,https://www.openstreetmap.org/node/13734880501
2,osm:node:13797708575,Hoi An Basket Boat,Đà Nẵng,attraction,15.8764766,108.3736311,opening_hours|independent_source_review|factual_description,https://www.openstreetmap.org/node/13797708575
2,osm:node:14074967004,Bia Nghĩa trủng Phước Ninh,Đà Nẵng,historic,16.0605316,108.2179028,opening_hours|independent_source_review|factual_description,https://www.openstreetmap.org/node/14074967004
2,osm:node:14078442086,Hoi An Hideout Fishing Barbecue Tour,Đà Nẵng,attraction,15.8696196,108.3670063,opening_hours|independent_source_review,https://www.openstreetmap.org/node/14078442086
2,osm:node:14130293535,Tượng đài Dũng sĩ Điện Ngọc,Đà Nẵng,historic,15.9555651,108.2555759,opening_hours|independent_source_review|factual_description,https://www.openstreetmap.org/node/14130293535
2,osm:node:1538334281,Đỉnh Bàn Cờ,Đà Nẵng,viewpoint,16.1189286,108.2720036,opening_hours|independent_source_review|factual_description,https://www.openstreetmap.org/node/1538334281
2,osm:node:1758586662,Thuỷ Sơn,Đà Nẵng,attraction,16.0043044,108.263527,opening_hours|independent_source_review|factual_description,https://www.openstreetmap.org/node/1758586662
2,osm:node:2076855890,Ho Hoa Temple,Đà Nẵng,temple,15.8769965,108.330989,opening_hours|independent_source_review|factual_description,https://www.openstreetmap.org/node/2076855890
2,osm:node:2091401445,Chua Long Tho,Đà Nẵng,temple,15.8748137,108.3257502,opening_hours|independent_source_review|factual_description,https://www.openstreetmap.org/node/2091401445
2,osm:node:2092582318,Tụy Tiên Đường Minh Hương,Đà Nẵng,temple,15.8778224,108.3316891,opening_hours|independent_source_review|factual_description,https://www.openstreetmap.org/node/2092582318
2,osm:node:2092582385,Hội quán Hải Nam,Đà Nẵng,attraction,15.8778696,108.3319964,opening_hours|independent_source_review|factual_description,https://www.openstreetmap.org/node/2092582385
2,osm:node:2093848428,Chùa Quán Thế Âm,Đà Nẵng,temple,15.9992662,108.2554077,opening_hours|independent_source_review|factual_description,https://www.openstreetmap.org/node/2093848428
2,osm:node:2617007574,Kazimierz Kwiatkowski,Đà Nẵng,historic,15.8772786,108.3277903,opening_hours|independent_source_review|factual_description,https://www.openstreetmap.org/node/2617007574
2,osm:node:2987273564,Minh Hương Phật Tự,Đà Nẵng,temple,15.8777257,108.3314763,opening_hours|independent_source_review|factual_description,https://www.openstreetmap.org/node/2987273564
2,osm:node:2987298385,Công Viên Vườn Tượng,Đà Nẵng,park,15.8764472,108.3248384,opening_hours|independent_source_review|factual_description,https://www.openstreetmap.org/node/2987298385
2,osm:node:3760247201,chùa Vu Lan,Đà Nẵng,temple,16.0520134,108.219568,opening_hours|independent_source_review|factual_description,https://www.openstreetmap.org/node/3760247201
2,osm:node:3760247202,chùa Sư Nữ,Đà Nẵng,temple,16.0533151,108.2195707,opening_hours|independent_source_review|factual_description,https://www.openstreetmap.org/node/3760247202
2,osm:node:3760272162,Chùa Tam Bảo,Đà Nẵng,temple,16.0581871,108.219347,opening_hours|independent_source_review|factual_description,https://www.openstreetmap.org/node/3760272162
2,osm:node:3763846156,Chùa Pháp Lâm,Đà Nẵng,temple,16.0622864,108.2155343,opening_hours|independent_source_review|factual_description,https://www.openstreetmap.org/node/3763846156
2,osm:node:3775971223,Trại gà Đông Tảo - 2 Lúa,Đà Nẵng,historic,15.6258291,108.3437402,opening_hours|independent_source_review|factual_description,https://www.openstreetmap.org/node/3775971223
2,osm:node:4000306508,Từ đường tộc Lương Phú Trà,Đà Nẵng,historic,15.5389887,108.4660736,opening_hours|independent_source_review|factual_description,https://www.openstreetmap.org/node/4000306508
2,osm:node:4005611262,Đền thờ Tiền Hiền làng Lổ Giang,Đà Nẵng,temple,15.9976102,108.2121686,opening_hours|independent_source_review|factual_description,https://www.openstreetmap.org/node/4005611262
2,osm:node:4005611263,Đình Lổ Giáng,Đà Nẵng,temple,15.9982955,108.2124711,opening_hours|independent_source_review|factual_description,https://www.openstreetmap.org/node/4005611263
2,osm:node:4012510801,Cây đa cổ thụ,Đà Nẵng,park,15.7836217,108.3206265,opening_hours|independent_source_review|factual_description,https://www.openstreetmap.org/node/4012510801
2,osm:node:4142676393,Nam Quang Tự,Đà Nẵng,temple,15.8810424,108.3439455,opening_hours|independent_source_review|factual_description,https://www.openstreetmap.org/node/4142676393
2,osm:node:4171964292,Cua Dai,Đà Nẵng,attraction,15.8980583,108.3662256,opening_hours|independent_source_review|factual_description,https://www.openstreetmap.org/node/4171964292
2,osm:node:4171964390,Thanh Ha Pottery Village,Đà Nẵng,attraction,15.8771257,108.2989875,opening_hours|independent_source_review|factual_description,https://www.openstreetmap.org/node/4171964390
2,osm:node:4171971289,Kim Bong Carpentry Village,Đà Nẵng,attraction,15.865593,108.3256188,opening_hours|independent_source_review|factual_description,https://www.openstreetmap.org/node/4171971289
2,osm:node:4171971589,כפר הקדרים טאן הא,Đà Nẵng,attraction,15.8832622,108.3314662,opening_hours|independent_source_review|factual_description,https://www.openstreetmap.org/node/4171971589
2,osm:node:4222784590,Saturday Option,Đà Nẵng,attraction,16.0991336,108.3011822,opening_hours|independent_source_review|factual_description,https://www.openstreetmap.org/node/4222784590
2,osm:node:4280016689,Chùa Giác Hoàng Viên,Đà Nẵng,temple,16.0056157,108.2546345,opening_hours|independent_source_review|factual_description,https://www.openstreetmap.org/node/4280016689
2,osm:node:4294135790,nhà thờ Phú Thượng,Đà Nẵng,temple,16.0463952,108.1052579,opening_hours|independent_source_review|factual_description,https://www.openstreetmap.org/node/4294135790
2,osm:node:4294139091,nhà thờ An Ngãi Tây,Đà Nẵng,temple,16.0681138,108.1043896,opening_hours|independent_source_review|factual_description,https://www.openstreetmap.org/node/4294139091
2,osm:node:4294143691,Nhà thờ Giáo xứ An Thượng,Đà Nẵng,temple,16.0480729,108.2408883,opening_hours|independent_source_review|factual_description,https://www.openstreetmap.org/node/4294143691
2,osm:node:4294167889,nhà thờ Tùng Sơn,Đà Nẵng,temple,16.0609642,108.096969,opening_hours|independent_source_review|factual_description,https://www.openstreetmap.org/node/4294167889
2,osm:node:4322936691,Làng Bích Hoạ,Đà Nẵng,attraction,15.6692997,108.4932353,opening_hours|independent_source_review|factual_description,https://www.openstreetmap.org/node/4322936691
2,osm:node:4359528394,"Lăng ngũ hành, Trà Quế, Cẩm Hà, Hội An",Đà Nẵng,temple,15.9039705,108.3322436,opening_hours|independent_source_review|factual_description,https://www.openstreetmap.org/node/4359528394
2,osm:node:4359539593,"Miếu Lùm Bà dàng, thanh hà, hội an",Đà Nẵng,temple,15.88287,108.30824,opening_hours|independent_source_review|factual_description,https://www.openstreetmap.org/node/4359539593
2,osm:node:4359542691,"Miếu bà chúa Ngọc, Trà Quế, Cẩm Hà, Hội An",Đà Nẵng,temple,15.8997686,108.3398347,opening_hours|independent_source_review|factual_description,https://www.openstreetmap.org/node/4359542691
2,osm:node:4359542692,"Lăng Ngũ hành, An mỹ, Cẩm An, Hội An",Đà Nẵng,temple,15.8978583,108.3605381,opening_hours|independent_source_review|factual_description,https://www.openstreetmap.org/node/4359542692
2,osm:node:4359751695,"Miếu Bà Vải, Thanh Quýt 1, Điện Thắng Trung, Điện Bàn",Đà Nẵng,temple,15.9241183,108.2274967,opening_hours|independent_source_review|factual_description,https://www.openstreetmap.org/node/4359751695
2,osm:node:4359773990,"Miếu Lục Vị (lăng cô), khối Thanh Chiếm, Thanh Hà, Hội An",Đà Nẵng,temple,15.88102,108.3094983,opening_hours|independent_source_review|factual_description,https://www.openstreetmap.org/node/4359773990
2,osm:node:4360186897,"miếu bà thiên y, thanh quýt 4, điện bàn",Đà Nẵng,temple,15.9268322,108.2330602,opening_hours|independent_source_review|factual_description,https://www.openstreetmap.org/node/4360186897
2,osm:node:4360186898,"Miếu Bà thái dương, điện minh, điện bàn",Đà Nẵng,temple,15.8734089,108.2509917,opening_hours|independent_source_review|factual_description,https://www.openstreetmap.org/node/4360186898
2,osm:node:4517387589,Triem Tay Village,Đà Nẵng,attraction,15.8721333,108.3055893,opening_hours|independent_source_review|factual_description,https://www.openstreetmap.org/node/4517387589
2,osm:node:4582592213,Nhà thờ tộc Trần,Đà Nẵng,temple,15.8786801,108.3287826,opening_hours|independent_source_review|factual_description,https://www.openstreetmap.org/node/4582592213
2,osm:node:4706189591,To Quoc Ghi Cong,Đà Nẵng,historic,16.023789,108.2477299,opening_hours|independent_source_review|factual_description,https://www.openstreetmap.org/node/4706189591
2,osm:node:4755620153,Chùa Vĩnh Gia đường ái nghĩa.,Đà Nẵng,temple,15.8863554,108.2358246,opening_hours|independent_source_review|factual_description,https://www.openstreetmap.org/node/4755620153
2,osm:node:4782520523,Tân Ninh,Đà Nẵng,temple,16.0733632,108.2210314,opening_hours|independent_source_review|factual_description,https://www.openstreetmap.org/node/4782520523
2,osm:node:4782540521,Trung Hung Buu Tôa,Đà Nẵng,temple,16.0719175,108.2170879,opening_hours|independent_source_review|factual_description,https://www.openstreetmap.org/node/4782540521
2,osm:node:4807957148,Trung tâm Giải trí Phức hợp Helio Center,Đà Nẵng,theme_park,16.0364559,108.2246715,opening_hours|independent_source_review|factual_description,https://www.openstreetmap.org/node/4807957148
2,osm:node:4845297821,Gần núi thần tài,Đà Nẵng,temple,15.9916479,108.0720997,opening_hours|independent_source_review|factual_description,https://www.openstreetmap.org/node/4845297821
2,osm:node:4955662821,Đài Kỷ Niệm Danh Nhân Chí Sĩ Quảng Nam,Đà Nẵng,historic,15.8791656,108.323789,opening_hours|independent_source_review|factual_description,https://www.openstreetmap.org/node/4955662821
2,osm:node:5153761923,Phùng Hung,Đà Nẵng,attraction,15.8770404,108.3263229,opening_hours|independent_source_review|factual_description,https://www.openstreetmap.org/node/5153761923
2,osm:node:5216168822,Thánh thất Cao Đài,Đà Nẵng,temple,16.0719495,108.2170919,independent_source_review|factual_description,https://www.openstreetmap.org/node/5216168822
2,osm:node:5273998822,Cầu Tiên Sơn,Đà Nẵng,attraction,16.0352694,108.2352722,opening_hours|independent_source_review|factual_description,https://www.openstreetmap.org/node/5273998822
2,osm:node:5273998823,Cầu Trần Thị Lý,Đà Nẵng,attraction,16.050179,108.2293814,independent_source_review|factual_description,https://www.openstreetmap.org/node/5273998823
2,osm:node:5276546923,Nguyen Duy Hieu,Đà Nẵng,historic,15.885147,108.3256249,opening_hours|independent_source_review|factual_description,https://www.openstreetmap.org/node/5276546923
2,osm:node:5276547123,Cau Nguyen Van Troi Bridge,Đà Nẵng,attraction,16.0510888,108.2292466,opening_hours|independent_source_review|factual_description,https://www.openstreetmap.org/node/5276547123
2,osm:node:5286977425,Núi Thần Tài,Đà Nẵng,attraction,15.9681262,108.0196301,opening_hours|independent_source_review|factual_description,https://www.openstreetmap.org/node/5286977425
2,osm:node:5383428522,Khu Du Lịch Sinh Thái Suối Lương,Đà Nẵng,attraction,16.1559167,108.1098007,opening_hours|independent_source_review|factual_description,https://www.openstreetmap.org/node/5383428522
2,osm:node:5397722195,Văn phòng BQLDA ASIA-VIETNAM,Đà Nẵng,viewpoint,15.5611143,108.4848496,opening_hours|independent_source_review|factual_description,https://www.openstreetmap.org/node/5397722195
2,osm:node:5403993021,Cua Dai Beach,Đà Nẵng,attraction,15.9031848,108.3572298,opening_hours|independent_source_review|factual_description,https://www.openstreetmap.org/node/5403993021
2,osm:node:5421670780,Chùa An Phước,Đà Nẵng,temple,16.0634477,108.2315996,opening_hours|independent_source_review|factual_description,https://www.openstreetmap.org/node/5421670780
2,osm:node:5431621223,Hội Thánh Tin Lành Dương Yên,Đà Nẵng,temple,15.3717514,108.2505503,opening_hours|independent_source_review|factual_description,https://www.openstreetmap.org/node/5431621223
2,osm:node:5432701004,Nhà thờ Hoà Cường,Đà Nẵng,temple,16.0440988,108.2097932,opening_hours|independent_source_review|factual_description,https://www.openstreetmap.org/node/5432701004
2,osm:node:5444978923,Nghĩa trang Liệt Sĩ,Đà Nẵng,historic,15.8898126,108.3179345,opening_hours|independent_source_review|factual_description,https://www.openstreetmap.org/node/5444978923
2,osm:node:5470865821,Boat Temple,Đà Nẵng,temple,15.8572125,108.3514377,opening_hours|independent_source_review|factual_description,https://www.openstreetmap.org/node/5470865821
2,osm:node:5512742621,Nhà thờ Tộc Nguyễn Văn,Đà Nẵng,museum,15.8200578,108.062161,opening_hours|independent_source_review|factual_description,https://www.openstreetmap.org/node/5512742621
2,osm:node:5558149723,Chùa Diên Khánh,Đà Nẵng,temple,15.4827383,108.6675299,opening_hours|independent_source_review|factual_description,https://www.openstreetmap.org/node/5558149723
2,osm:node:5600384025,Lễ Tân FPT Software,Đà Nẵng,temple,15.978392,108.2620769,opening_hours|independent_source_review|factual_description,https://www.openstreetmap.org/node/5600384025
2,osm:node:5668292422,Nhà thờ Họ Phan,Đà Nẵng,temple,15.8794966,108.3285896,opening_hours|independent_source_review|factual_description,https://www.openstreetmap.org/node/5668292422
2,osm:node:5747015021,Đỉnh Quế,Đà Nẵng,viewpoint,15.8364454,107.3820824,opening_hours|independent_source_review|factual_description,https://www.openstreetmap.org/node/5747015021
2,osm:node:5824328953,Điểm luồng phà chạy,Đà Nẵng,viewpoint,15.4733333,108.6807182,opening_hours|independent_source_review|factual_description,https://www.openstreetmap.org/node/5824328953
2,osm:node:5922491411,Vong Giang Dai,Đà Nẵng,temple,16.0035719,108.2621285,opening_hours|independent_source_review|factual_description,https://www.openstreetmap.org/node/5922491411
2,osm:node:6091196615,Phan Kim Chi Art Gallery,Đà Nẵng,gallery,15.8774754,108.3285499,opening_hours|independent_source_review|factual_description,https://www.openstreetmap.org/node/6091196615
2,osm:node:6099308589,Chợ Đêm,Đà Nẵng,attraction,15.8757772,108.3259285,independent_source_review|factual_description,https://www.openstreetmap.org/node/6099308589
2,osm:node:6151138385,Hội quán Ngũ Bang,Đà Nẵng,temple,15.8777566,108.3300591,opening_hours|independent_source_review|factual_description,https://www.openstreetmap.org/node/6151138385
2,osm:node:6332518185,Miếu Xóm An Mỹ,Đà Nẵng,temple,16.0662725,108.2306191,opening_hours|independent_source_review|factual_description,https://www.openstreetmap.org/node/6332518185
2,osm:node:6346486685,Cây đa đại thụ,Đà Nẵng,attraction,16.1226157,108.3316779,opening_hours|independent_source_review|factual_description,https://www.openstreetmap.org/node/6346486685
2,osm:node:6366523385,ĐứcMẹTràKiệu,Đà Nẵng,temple,15.8241008,108.2335543,opening_hours|independent_source_review|factual_description,https://www.openstreetmap.org/node/6366523385
2,osm:node:6369465978,Vietnamese Mother Statue,Đà Nẵng,temple,16.0409333,108.2238913,opening_hours|independent_source_review|factual_description,https://www.openstreetmap.org/node/6369465978
2,osm:node:6482020184,일본건설다리,Đà Nẵng,temple,15.8771871,108.3260313,opening_hours|independent_source_review|factual_description,https://www.openstreetmap.org/node/6482020184
2,osm:node:6512888885,Y Pha Nho cemetery - French-Spanish fallen soldiers,Đà Nẵng,historic,16.1223304,108.2200384,opening_hours|independent_source_review|factual_description,https://www.openstreetmap.org/node/6512888885
2,osm:node:6513792708,Đình Phục Đán,Đà Nẵng,temple,16.0745653,108.1745698,opening_hours|independent_source_review|factual_description,https://www.openstreetmap.org/node/6513792708
2,osm:node:6528451001,Cây đa Đò Xu,Đà Nẵng,attraction,16.0276784,108.2218873,opening_hours|independent_source_review|factual_description,https://www.openstreetmap.org/node/6528451001
2,osm:node:6627739386,Casa Tan my,Đà Nẵng,attraction,15.8764811,108.3270804,opening_hours|independent_source_review|factual_description,https://www.openstreetmap.org/node/6627739386
2,osm:node:6660364585,Viewpoint lake,Đà Nẵng,viewpoint,15.4604482,107.9251338,opening_hours|independent_source_review|factual_description,https://www.openstreetmap.org/node/6660364585
2,osm:node:6813411886,Giáo họ Thạnh Mỹ - Giáo phận Đà Nẵng,Đà Nẵng,temple,15.7568654,107.839285,opening_hours|independent_source_review|factual_description,https://www.openstreetmap.org/node/6813411886
2,osm:node:6873083990,Lantern street,Đà Nẵng,attraction,15.8761042,108.3284,opening_hours|independent_source_review,https://www.openstreetmap.org/node/6873083990
2,osm:node:7095169367,Art Gallery,Đà Nẵng,gallery,16.0857203,108.2194277,opening_hours|independent_source_review|factual_description,https://www.openstreetmap.org/node/7095169367
2,osm:node:7127442985,Hoi An Traditional Art Performance House,Đà Nẵng,attraction,15.8760742,108.3296451,opening_hours|independent_source_review|factual_description,https://www.openstreetmap.org/node/7127442985
2,osm:node:7259793385,Sauce Nuoc Mam,Đà Nẵng,museum,15.8651646,108.3889609,opening_hours|independent_source_review|factual_description,https://www.openstreetmap.org/node/7259793385
2,osm:node:7276380289,Cầu Sông Hàn,Đà Nẵng,attraction,16.0721398,108.2268106,opening_hours|independent_source_review|factual_description,https://www.openstreetmap.org/node/7276380289
2,osm:node:7298327487,ĐứcMẹTràKiệu,Đà Nẵng,historic,15.8243081,108.2334194,opening_hours|independent_source_review|factual_description,https://www.openstreetmap.org/node/7298327487
2,osm:node:7301996085,Chợ đêm Helio,Đà Nẵng,attraction,16.0370944,108.2248186,opening_hours|independent_source_review|factual_description,https://www.openstreetmap.org/node/7301996085
2,osm:node:7328902486,Graffiti village,Đà Nẵng,attraction,15.623757,108.5225217,independent_source_review|factual_description,https://www.openstreetmap.org/node/7328902486
2,osm:node:7689987500,Cẩm Kim,Đà Nẵng,attraction,15.8637945,108.3247834,opening_hours|independent_source_review|factual_description,https://www.openstreetmap.org/node/7689987500
2,osm:node:7836461885,Đức Mẹ Trà kiệu,Đà Nẵng,historic,15.8242869,108.2335612,opening_hours|independent_source_review|factual_description,https://www.openstreetmap.org/node/7836461885
2,osm:node:8422512000,Tượng đài anh hùng dân tộc Tây Giang,Đà Nẵng,historic,15.8912804,107.4936005,opening_hours|independent_source_review|factual_description,https://www.openstreetmap.org/node/8422512000
2,osm:node:8616526723,Cầu Gò Nổi mới,Đà Nẵng,historic,15.8512507,108.2626381,opening_hours|independent_source_review|factual_description,https://www.openstreetmap.org/node/8616526723
2,osm:node:8616526724,Chùa Hương Sơn,Đà Nẵng,temple,16.0042244,108.2520184,opening_hours|independent_source_review|factual_description,https://www.openstreetmap.org/node/8616526724
2,osm:node:8616536620,Nhà Thờ Bình An,Đà Nẵng,historic,15.8537286,108.2724278,opening_hours|independent_source_review|factual_description,https://www.openstreetmap.org/node/8616536620
2,osm:node:8883385553,TASY STUDIO,Đà Nẵng,gallery,15.9256934,108.2939032,independent_source_review,https://www.openstreetmap.org/node/8883385553
2,osm:node:9283475117,Cửa khẩu Nam Giang,Đà Nẵng,attraction,15.5412188,107.3716683,opening_hours|independent_source_review|factual_description,https://www.openstreetmap.org/node/9283475117
2,osm:node:9448910486,Thôn phú Nam,Đà Nẵng,park,15.5387773,108.5207988,opening_hours|independent_source_review|factual_description,https://www.openstreetmap.org/node/9448910486
2,osm:relation:2836882,Chùa Chúc Thánh,Đà Nẵng,temple,15.888974900000001,108.32703739759617,verified_entrance|opening_hours|independent_source_review|factual_description,https://www.openstreetmap.org/relation/2836882
2,osm:relation:3938690,Vườn Tượng An Hội,Đà Nẵng,park,15.876173349999998,108.32367568056002,verified_entrance|opening_hours|independent_source_review|factual_description,https://www.openstreetmap.org/relation/3938690
2,osm:relation:8552348,Ngũ Hành Sơn,Đà Nẵng,attraction,16.00402,108.26277454198583,verified_entrance|opening_hours|independent_source_review|factual_description,https://www.openstreetmap.org/relation/8552348
2,osm:way:1107633810,Ngũ Nhạc Linh Từ,Đà Nẵng,temple,16.026509349999998,108.031406675,verified_entrance|opening_hours|independent_source_review|factual_description,https://www.openstreetmap.org/way/1107633810
2,osm:way:1115788711,Công viên Ngũ Hành,Đà Nẵng,park,15.99736295,108.25107254092916,verified_entrance|opening_hours|independent_source_review|factual_description,https://www.openstreetmap.org/way/1115788711
2,osm:way:1115791518,Công viên Cổ Cò,Đà Nẵng,park,16.0020294,108.25008661956038,verified_entrance|opening_hours|independent_source_review|factual_description,https://www.openstreetmap.org/way/1115791518
2,osm:way:1115795402,Công viên Đầm Sen,Đà Nẵng,park,15.9997698,108.25128986413571,verified_entrance|opening_hours|independent_source_review|factual_description,https://www.openstreetmap.org/way/1115795402
2,osm:way:1126018374,Chùa Thanh Bình,Đà Nẵng,temple,16.081055149999997,108.21551459496965,verified_entrance|opening_hours|independent_source_review|factual_description,https://www.openstreetmap.org/way/1126018374
2,osm:way:1141876010,Cổng Chùa Bà Mụ,Đà Nẵng,temple,15.8780477,108.3270176746096,verified_entrance|opening_hours|independent_source_review|factual_description,https://www.openstreetmap.org/way/1141876010
2,osm:way:1152993502,Khu tưởng niệm Hà My,Đà Nẵng,historic,15.9251848,108.30649395,verified_entrance|opening_hours|independent_source_review|factual_description,https://www.openstreetmap.org/way/1152993502
2,osm:way:1169531150,Công viên Hói Kiểng,Đà Nẵng,park,16.0053735,108.24470080859015,verified_entrance|opening_hours|independent_source_review|factual_description,https://www.openstreetmap.org/way/1169531150
2,osm:way:1205388457,Chùa Linh Ứng,Đà Nẵng,temple,16.004283049999998,108.26434732431797,verified_entrance|opening_hours|independent_source_review|factual_description,https://www.openstreetmap.org/way/1205388457
2,osm:way:1205388470,Chùa Từ Tâm,Đà Nẵng,temple,16.00413155,108.2614605,verified_entrance|opening_hours|independent_source_review|factual_description,https://www.openstreetmap.org/way/1205388470
2,osm:way:1228356968,Nhà thờ Giáo xứ Sơn Trà,Đà Nẵng,temple,16.10101645,108.24856295705898,verified_entrance|opening_hours|independent_source_review|factual_description,https://www.openstreetmap.org/way/1228356968
2,osm:way:1228356978,GIÁO XÚ NHƯỢNG NGHĨA,Đà Nẵng,temple,16.0852352,108.22925859377669,verified_entrance|opening_hours|independent_source_review|factual_description,https://www.openstreetmap.org/way/1228356978
2,osm:way:1243468922,Nhà thờ Tin Lành An Hải,Đà Nẵng,temple,16.063092,108.23576691201265,verified_entrance|opening_hours|independent_source_review|factual_description,https://www.openstreetmap.org/way/1243468922
2,osm:way:1246229021,nghĩa trang liệt sĩ tổ quốc ghi công,Đà Nẵng,historic,15.884640749999999,108.34071225452433,verified_entrance|opening_hours|independent_source_review|factual_description,https://www.openstreetmap.org/way/1246229021
2,osm:way:1247489930,Chúa Bà Đa,Đà Nẵng,temple,16.03768795,108.24057554999999,verified_entrance|opening_hours|independent_source_review|factual_description,https://www.openstreetmap.org/way/1247489930
2,osm:way:1252368755,Công viên cầu Bờ Quan,Đà Nẵng,park,16.0117056,108.246209538407,verified_entrance|opening_hours|independent_source_review|factual_description,https://www.openstreetmap.org/way/1252368755
2,osm:way:1252486503,Công viên Bờ Quan,Đà Nẵng,park,16.0147343,108.23872138791631,verified_entrance|opening_hours|independent_source_review|factual_description,https://www.openstreetmap.org/way/1252486503
2,osm:way:1279556276,Chùa Mỹ Khê,Đà Nẵng,temple,16.0652013,108.24296795650193,verified_entrance|opening_hours|independent_source_review|factual_description,https://www.openstreetmap.org/way/1279556276
2,osm:way:1326441936,Chùa Phổ Đà,Đà Nẵng,temple,16.0559193,108.21822855338715,verified_entrance|opening_hours|independent_source_review|factual_description,https://www.openstreetmap.org/way/1326441936
2,osm:way:1326445079,Chùa Từ Tôn,Đà Nẵng,temple,16.060372049999998,108.21842770925895,verified_entrance|opening_hours|independent_source_review|factual_description,https://www.openstreetmap.org/way/1326445079
2,osm:way:1329689890,Chùa Báo Ân,Đà Nẵng,temple,16.0530659,108.20949589729199,verified_entrance|opening_hours|independent_source_review|factual_description,https://www.openstreetmap.org/way/1329689890
2,osm:way:1330726238,Bãi biển Bắc,Đà Nẵng,beach,16.1239466,108.30909294899939,verified_entrance|opening_hours|independent_source_review|factual_description,https://www.openstreetmap.org/way/1330726238
2,osm:way:1331565206,Đài Tưởng niệm Liệt sỹ thành phố Đà Nẵng,Đà Nẵng,historic,16.04096895,108.22432280791489,verified_entrance|opening_hours|independent_source_review|factual_description,https://www.openstreetmap.org/way/1331565206
2,osm:way:1336812874,Chùa Quang Minh,Đà Nẵng,temple,16.05988385,108.16437528942761,verified_entrance|opening_hours|independent_source_review|factual_description,https://www.openstreetmap.org/way/1336812874
2,osm:way:1374632791,Nhà thờ Giáo xứ Cồn Dầu,Đà Nẵng,temple,16.015139050000002,108.2253443985843,verified_entrance|opening_hours|independent_source_review|factual_description,https://www.openstreetmap.org/way/1374632791
2,osm:way:1375028004,Chùa An Long,Đà Nẵng,temple,16.05969195,108.22328706534503,verified_entrance|opening_hours|independent_source_review|factual_description,https://www.openstreetmap.org/way/1375028004
2,osm:way:1378265221,Chùa Kỳ Viên,Đà Nẵng,temple,16.05644435,108.21120083817681,verified_entrance|opening_hours|independent_source_review|factual_description,https://www.openstreetmap.org/way/1378265221
2,osm:way:1384907056,Công viên Nam Dương,Đà Nẵng,park,16.0605084,108.21772436286662,verified_entrance|opening_hours|independent_source_review|factual_description,https://www.openstreetmap.org/way/1384907056
2,osm:way:1384911812,Công viên Như Nguyệt,Đà Nẵng,park,16.09072285,108.21976349656924,verified_entrance|opening_hours|independent_source_review|factual_description,https://www.openstreetmap.org/way/1384911812
2,osm:way:1386932720,Tượng Phật Quan Âm - Chùa Mỹ Khê,Đà Nẵng,temple,16.0643605,108.24296714422208,verified_entrance|independent_source_review|factual_description,https://www.openstreetmap.org/way/1386932720
2,osm:way:14131302,Hoi An Memories Land,Đà Nẵng,theme_park,15.875062799999998,108.33998068724893,verified_entrance|opening_hours|independent_source_review|factual_description,https://www.openstreetmap.org/way/14131302
2,osm:way:1422444084,Chùa Thuận Thành,Đà Nẵng,temple,16.07439565,108.20859771532461,verified_entrance|opening_hours|independent_source_review|factual_description,https://www.openstreetmap.org/way/1422444084
2,osm:way:1474183572,Nhà thờ Lê Tộc - Tân Thái,Đà Nẵng,temple,16.08949835,108.24732667000627,verified_entrance|opening_hours|independent_source_review|factual_description,https://www.openstreetmap.org/way/1474183572
2,osm:way:1474183573,Chùa Tân Thái,Đà Nẵng,temple,16.08972835,108.24693942821892,verified_entrance|opening_hours|independent_source_review|factual_description,https://www.openstreetmap.org/way/1474183573
2,osm:way:1474308642,Vong Hai Dai,Đà Nẵng,temple,16.0037003,108.26424075,verified_entrance|opening_hours|independent_source_review|factual_description,https://www.openstreetmap.org/way/1474308642
2,osm:way:1481285653,Miếu Thành Hoàng Bổn Xứ,Đà Nẵng,temple,16.0157229,108.24950392034211,verified_entrance|opening_hours|independent_source_review|factual_description,https://www.openstreetmap.org/way/1481285653
2,osm:way:1481663044,Bản sao nhà sàn,Đà Nẵng,historic,16.04723635,108.21742904999999,verified_entrance|opening_hours|independent_source_review|factual_description,https://www.openstreetmap.org/way/1481663044
2,osm:way:1484919510,Xanh Design DN Tiệm Cây và Nước,Đà Nẵng,zoo,16.02016365,108.236873,verified_entrance|opening_hours|independent_source_review|factual_description,https://www.openstreetmap.org/way/1484919510
2,osm:way:1547483080,Đình làng Phước Ninh,Đà Nẵng,temple,16.06037645,108.21790442906125,verified_entrance|opening_hours|independent_source_review|factual_description,https://www.openstreetmap.org/way/1547483080
2,osm:way:1547483081,Đình Túy Loan,Đà Nẵng,temple,15.997568099999999,108.13645072520438,verified_entrance|opening_hours|independent_source_review|factual_description,https://www.openstreetmap.org/way/1547483081
2,osm:way:198804483,Thánh địa Mỹ Sơn,Đà Nẵng,attraction,15.76552015,108.12345311287017,verified_entrance|independent_source_review|factual_description,https://www.openstreetmap.org/way/198804483
2,osm:way:204790989,Chợ Cồn,Đà Nẵng,attraction,16.06812745,108.21452127507146,verified_entrance|opening_hours|independent_source_review|factual_description,https://www.openstreetmap.org/way/204790989
2,osm:way:209492808,Nhà thờ Công giáo Hội An,Đà Nẵng,temple,15.88273065,108.32910890965124,verified_entrance|opening_hours|independent_source_review|factual_description,https://www.openstreetmap.org/way/209492808
2,osm:way:209494258,Văn Miếu Hội An,Đà Nẵng,temple,15.87986445,108.3230054224651,verified_entrance|opening_hours|independent_source_review|factual_description,https://www.openstreetmap.org/way/209494258
2,osm:way:209494260,Nhà thờ Tin lành Hội An,Đà Nẵng,temple,15.87879405,108.32337894990727,verified_entrance|opening_hours|independent_source_review|factual_description,https://www.openstreetmap.org/way/209494260
2,osm:way:210933183,Di tích Đình Thanh Tẩy,Đà Nẵng,historic,15.89134315,108.35224639712521,verified_entrance|opening_hours|independent_source_review|factual_description,https://www.openstreetmap.org/way/210933183
2,osm:way:210966819,Nhà thờ tộc Nguyễn Tường,Đà Nẵng,temple,15.8775797,108.32570705,verified_entrance|opening_hours|independent_source_review|factual_description,https://www.openstreetmap.org/way/210966819
2,osm:way:295178277,Công viên,Đà Nẵng,park,16.06838065,108.22185202746428,verified_entrance|opening_hours|independent_source_review|factual_description,https://www.openstreetmap.org/way/295178277
2,osm:way:302944359,Chùa Trung Lương,Đà Nẵng,temple,16.002578900000003,108.21522810044202,verified_entrance|opening_hours|independent_source_review|factual_description,https://www.openstreetmap.org/way/302944359
2,osm:way:303499553,Đình Nại Nam,Đà Nẵng,temple,16.03734295,108.22748028539803,verified_entrance|opening_hours|independent_source_review|factual_description,https://www.openstreetmap.org/way/303499553
2,osm:way:320722329,Hội quán Phúc Kiến,Đà Nẵng,temple,15.87813885,108.33099215569638,verified_entrance|opening_hours|independent_source_review|factual_description,https://www.openstreetmap.org/way/320722329
2,osm:way:35952591,Chợ vải Hội An,Đà Nẵng,attraction,15.8769216,108.33258309269983,verified_entrance|independent_source_review|factual_description,https://www.openstreetmap.org/way/35952591
2,osm:way:363224651,Nhà thờ Đức Mẹ Sao Biển,Đà Nẵng,temple,16.0479488,108.24826270622754,verified_entrance|opening_hours|independent_source_review|factual_description,https://www.openstreetmap.org/way/363224651
2,osm:way:372172907,Tịnh xá Ngọc Giáng,Đà Nẵng,temple,16.068549599999997,108.20652036488045,verified_entrance|opening_hours|independent_source_review|factual_description,https://www.openstreetmap.org/way/372172907
2,osm:way:372196690,Nhà thờ Tin Lành,Đà Nẵng,temple,16.071042900000002,108.21295115000001,verified_entrance|opening_hours|independent_source_review|factual_description,https://www.openstreetmap.org/way/372196690
2,osm:way:372311082,Chùa Bồ Đề,Đà Nẵng,temple,16.0654931,108.17251733270578,verified_entrance|opening_hours|independent_source_review|factual_description,https://www.openstreetmap.org/way/372311082
2,osm:way:404714309,Nhà thờ Chính tòa Đà Nẵng,Đà Nẵng,temple,16.06668275,108.22305839831955,verified_entrance|opening_hours|independent_source_review|factual_description,https://www.openstreetmap.org/way/404714309
2,osm:way:420947244,Quan Âm,Đà Nẵng,historic,16.099675050000002,108.27701671467815,verified_entrance|opening_hours|independent_source_review|factual_description,https://www.openstreetmap.org/way/420947244
2,osm:way:448044645,Hội quán Triều Châu,Đà Nẵng,attraction,15.8779062,108.33303314260196,verified_entrance|opening_hours|independent_source_review|factual_description,https://www.openstreetmap.org/way/448044645
2,osm:way:466418347,Hải Vân Quan,Đà Nẵng,attraction,16.187747100000003,108.13128997546026,verified_entrance|opening_hours|independent_source_review|factual_description,https://www.openstreetmap.org/way/466418347
2,osm:way:474383101,Chùa Phước Lâm,Đà Nẵng,temple,15.892442899999999,108.32366564780375,verified_entrance|opening_hours|independent_source_review|factual_description,https://www.openstreetmap.org/way/474383101
2,osm:way:486703049,Chùa Linh Ứng,Đà Nẵng,temple,16.1001567,108.27841117186735,verified_entrance|opening_hours|independent_source_review|factual_description,https://www.openstreetmap.org/way/486703049
2,osm:way:531235869,Quảng trường 24 tháng 3,Đà Nẵng,park,15.574017699999999,108.47190644760286,verified_entrance|opening_hours|independent_source_review|factual_description,https://www.openstreetmap.org/way/531235869
2,osm:way:531448690,Thánh thất Trung Đức,Đà Nẵng,temple,15.9210306,108.29639375,verified_entrance|opening_hours|independent_source_review|factual_description,https://www.openstreetmap.org/way/531448690
2,osm:way:532520404,Chùa Kỳ Viên,Đà Nẵng,temple,15.55781365,108.49662092860584,verified_entrance|opening_hours|independent_source_review|factual_description,https://www.openstreetmap.org/way/532520404
2,osm:way:532520453,Nhà thờ Tam Kỳ,Đà Nẵng,temple,15.5558194,108.50538449692603,verified_entrance|opening_hours|independent_source_review|factual_description,https://www.openstreetmap.org/way/532520453
2,osm:way:554812139,Tượng Bồ Câu,Đà Nẵng,historic,16.0823344,108.2231944610478,verified_entrance|opening_hours|independent_source_review|factual_description,https://www.openstreetmap.org/way/554812139
2,osm:way:559969180,Nhà tu Phước Huệ Đan,Đà Nẵng,temple,15.55927845,108.48936671893537,verified_entrance|opening_hours|independent_source_review|factual_description,https://www.openstreetmap.org/way/559969180
2,osm:way:565186618,Đình Cẩm Phô,Đà Nẵng,temple,15.87832575,108.32419246567608,verified_entrance|opening_hours|independent_source_review|factual_description,https://www.openstreetmap.org/way/565186618
2,osm:way:565201327,Nhà thờ tộc,Đà Nẵng,temple,15.88202495,108.3230722,verified_entrance|opening_hours|independent_source_review|factual_description,https://www.openstreetmap.org/way/565201327
2,osm:way:565276813,Thanh That Cao Dai,Đà Nẵng,temple,15.88030465,108.31943113496968,verified_entrance|opening_hours|independent_source_review|factual_description,https://www.openstreetmap.org/way/565276813
2,osm:way:565300448,Hội Quán Quảng Triệu,Đà Nẵng,attraction,15.87731525,108.32656059703316,verified_entrance|opening_hours|independent_source_review|factual_description,https://www.openstreetmap.org/way/565300448
2,osm:way:565325074,Tượng Đài Nguyễn Duy Hiệu,Đà Nẵng,park,15.88504685,108.32532500099356,verified_entrance|opening_hours|independent_source_review|factual_description,https://www.openstreetmap.org/way/565325074
2,osm:way:565583657,Ngoc Cam,Đà Nẵng,temple,15.8813457,108.31947697152467,verified_entrance|opening_hours|independent_source_review|factual_description,https://www.openstreetmap.org/way/565583657
2,osm:way:565586453,Khu văn hóa thể thao phường Tân An,Đà Nẵng,park,15.890789,108.31947957160045,verified_entrance|opening_hours|independent_source_review|factual_description,https://www.openstreetmap.org/way/565586453
2,osm:way:570998848,Chùa An Hải,Đà Nẵng,temple,16.0679382,108.23294135681931,verified_entrance|opening_hours|independent_source_review|factual_description,https://www.openstreetmap.org/way/570998848
2,osm:way:594132349,Nhà Thờ Họ Vũ ĐÌnh,Đà Nẵng,temple,15.87920555,108.31685039999999,verified_entrance|opening_hours|independent_source_review|factual_description,https://www.openstreetmap.org/way/594132349
2,osm:way:597505233,Đình Bồ Bản,Đà Nẵng,temple,15.9879117,108.15184547820212,verified_entrance|opening_hours|independent_source_review|factual_description,https://www.openstreetmap.org/way/597505233
2,osm:way:622734394,Đền thờ anh hùng dân tộc Tây Giang,Đà Nẵng,temple,15.89145315,107.4934575,verified_entrance|opening_hours|independent_source_review|factual_description,https://www.openstreetmap.org/way/622734394
2,osm:way:622734399,Làng truyền thống Cơ Tu,Đà Nẵng,museum,15.8836624,107.49592890925388,verified_entrance|opening_hours|independent_source_review|factual_description,https://www.openstreetmap.org/way/622734399
2,osm:way:622734448,Công viên Thống Nhất,Đà Nẵng,park,15.8868265,107.49254105282021,verified_entrance|opening_hours|independent_source_review|factual_description,https://www.openstreetmap.org/way/622734448
2,osm:way:622734495,Quảng trường trung tâm Huyện Tây Giang,Đà Nẵng,park,15.884971700000001,107.49403360890634,verified_entrance|opening_hours|independent_source_review|factual_description,https://www.openstreetmap.org/way/622734495
2,osm:way:624211476,Công viên P'Rao,Đà Nẵng,park,15.91920245,107.6528656012476,verified_entrance|opening_hours|independent_source_review|factual_description,https://www.openstreetmap.org/way/624211476
2,osm:way:624217666,Hội thánh Tin lành Achôm 2,Đà Nẵng,temple,15.8809175,107.8365887,verified_entrance|opening_hours|independent_source_review|factual_description,https://www.openstreetmap.org/way/624217666
2,osm:way:626704914,Hùng Đông về và bạn tránh,Đà Nẵng,gallery,15.8774451,108.33036590088861,verified_entrance|opening_hours|independent_source_review|factual_description,https://www.openstreetmap.org/way/626704914
2,osm:way:627383447,Chùa Tam Tôn,Đà Nẵng,temple,16.0039649,108.26214247399463,verified_entrance|opening_hours|independent_source_review|factual_description,https://www.openstreetmap.org/way/627383447
2,osm:way:627383449,Tháp Xá Lợi,Đà Nẵng,temple,16.003551700000003,108.26424062125793,verified_entrance|opening_hours|independent_source_review|factual_description,https://www.openstreetmap.org/way/627383449
2,osm:way:627383451,Chùa Tam Thai,Đà Nẵng,temple,16.0038895,108.26279120148988,verified_entrance|opening_hours|independent_source_review|factual_description,https://www.openstreetmap.org/way/627383451
2,osm:way:630377259,Bãi biển Tiên Sa,Đà Nẵng,beach,16.1243646,108.22100094341054,verified_entrance|opening_hours|independent_source_review|factual_description,https://www.openstreetmap.org/way/630377259
2,osm:way:631064893,Quan Công Miếu,Đà Nẵng,attraction,15.87754035,108.33138950152286,verified_entrance|opening_hours|independent_source_review|factual_description,https://www.openstreetmap.org/way/631064893
2,osm:way:631070197,Chùa Pháp Bảo,Đà Nẵng,temple,15.87859035,108.3273082326159,verified_entrance|opening_hours|independent_source_review|factual_description,https://www.openstreetmap.org/way/631070197
2,osm:way:635620774,Giáo xứ An Ngãi Đông,Đà Nẵng,temple,16.0763673,108.11456450381007,verified_entrance|opening_hours|independent_source_review|factual_description,https://www.openstreetmap.org/way/635620774
2,osm:way:636068988,Văn chỉ Minh Hương,Đà Nẵng,temple,15.87873395,108.33046340358857,verified_entrance|opening_hours|independent_source_review|factual_description,https://www.openstreetmap.org/way/636068988
2,osm:way:693383334,Nhà thờ Giáo xứ An Hải,Đà Nẵng,temple,16.06909165,108.22981202701928,verified_entrance|opening_hours|independent_source_review|factual_description,https://www.openstreetmap.org/way/693383334
2,osm:way:693441028,Đình Mỹ Khê,Đà Nẵng,temple,16.0650452,108.2425921,verified_entrance|opening_hours|independent_source_review|factual_description,https://www.openstreetmap.org/way/693441028
2,osm:way:694479601,Nhà thờ Tin lành Tân An,Đà Nẵng,temple,16.06639375,108.20301293639156,verified_entrance|opening_hours|independent_source_review|factual_description,https://www.openstreetmap.org/way/694479601
2,osm:way:694831926,Cầu Rồng,Đà Nẵng,attraction,16.061168199999997,108.22789676392529,verified_entrance|independent_source_review,https://www.openstreetmap.org/way/694831926
2,osm:way:695008783,Miếu Cây Đa Đò Xu,Đà Nẵng,temple,16.02771015,108.2218037,verified_entrance|opening_hours|independent_source_review|factual_description,https://www.openstreetmap.org/way/695008783
2,osm:way:760601272,Chùa Long Thơ,Đà Nẵng,temple,16.0692558,108.22427229326604,verified_entrance|opening_hours|independent_source_review|factual_description,https://www.openstreetmap.org/way/760601272
2,osm:way:780484947,Nhà thờ Tin Lành,Đà Nẵng,temple,16.05200105,108.23505790427335,verified_entrance|opening_hours|independent_source_review|factual_description,https://www.openstreetmap.org/way/780484947
2,osm:way:782381624,VinWonders Nam Hội An,Đà Nẵng,theme_park,15.788779550000001,108.41078807504506,verified_entrance|opening_hours|independent_source_review|factual_description,https://www.openstreetmap.org/way/782381624
2,osm:way:834422404,EKOCENTER playground,Đà Nẵng,park,16.07403275,108.17000385175427,verified_entrance|opening_hours|independent_source_review|factual_description,https://www.openstreetmap.org/way/834422404
2,osm:way:834483808,Giáo xứ Hoà Minh,Đà Nẵng,temple,16.0708518,108.17186175172715,verified_entrance|opening_hours|independent_source_review|factual_description,https://www.openstreetmap.org/way/834483808
2,osm:way:843007161,Chùa Phục Đán,Đà Nẵng,temple,16.074955199999998,108.1750451929802,verified_entrance|opening_hours|independent_source_review|factual_description,https://www.openstreetmap.org/way/843007161
2,osm:way:846695791,Trung tâm Văn hóa - Thể thao quận Thanh Khê,Đà Nẵng,park,16.06128005,108.18321638850753,verified_entrance|independent_source_review|factual_description,https://www.openstreetmap.org/way/846695791
2,osm:way:902966818,Bảo tàng Quân đội tỉnh Quảng Nam,Đà Nẵng,museum,15.57169635,108.4681997917461,verified_entrance|opening_hours|independent_source_review|factual_description,https://www.openstreetmap.org/way/902966818
2,osm:way:961973996,Công viên Thanh Bình,Đà Nẵng,park,16.07951465,108.21183492877199,verified_entrance|opening_hours|independent_source_review|factual_description,https://www.openstreetmap.org/way/961973996
2,osm:way:962129076,Công viên An Hải,Đà Nẵng,park,16.081336450000002,108.2303036347442,verified_entrance|opening_hours|independent_source_review|factual_description,https://www.openstreetmap.org/way/962129076
2,osm:way:962129077,Công viên An Nhơn,Đà Nẵng,park,16.06895555,108.2328835454166,verified_entrance|opening_hours|independent_source_review|factual_description,https://www.openstreetmap.org/way/962129077
2,osm:way:962129078,Công viên An Nhơn,Đà Nẵng,park,16.0680497,108.23433577292437,verified_entrance|opening_hours|independent_source_review|factual_description,https://www.openstreetmap.org/way/962129078
2,osm:way:962129079,Công viên K20,Đà Nẵng,park,16.02254635,108.24304806787475,verified_entrance|opening_hours|independent_source_review|factual_description,https://www.openstreetmap.org/way/962129079
2,osm:way:962134784,Công viên Lê Cơ,Đà Nẵng,park,16.043470550000002,108.21957050433798,verified_entrance|opening_hours|independent_source_review|factual_description,https://www.openstreetmap.org/way/962134784
2,osm:way:962134785,Quảng trường Tượng Đài,Đà Nẵng,park,16.06547325,108.15366495928444,verified_entrance|opening_hours|independent_source_review|factual_description,https://www.openstreetmap.org/way/962134785
2,osm:way:966750005,Công viên Thanh Niên,Đà Nẵng,park,16.027106,108.21653401480856,verified_entrance|opening_hours|independent_source_review|factual_description,https://www.openstreetmap.org/way/966750005
3,osm:node:11166198530,Phế tích cốt Pháp,Hà Nội,historic,21.0895039,105.3576154,road_access:snap_too_far|opening_hours|independent_source_review,https://www.openstreetmap.org/node/11166198530
3,osm:node:2089305124,Chùa Thiên Trù,Hà Nội,temple,20.617877,105.7463786,road_access:snap_too_far|opening_hours|independent_source_review|factual_description,https://www.openstreetmap.org/node/2089305124
3,osm:node:2310466360,Đền Thờ Bác Hồ,Hà Nội,temple,21.0584304,105.3669528,road_access:snap_too_far|opening_hours|independent_source_review|factual_description,https://www.openstreetmap.org/node/2310466360
3,osm:node:2835735216,Chùa Giải Oan,Hà Nội,temple,20.615969,105.7413146,road_access:snap_too_far|opening_hours|independent_source_review|factual_description,https://www.openstreetmap.org/node/2835735216
3,osm:node:10154412164,Fantasy Park,Đà Nẵng,theme_park,15.9968339,107.9888036,road_access:snap_too_far|independent_source_review|factual_description,https://www.openstreetmap.org/node/10154412164
3,osm:node:13677406601,"Memorial to the victims of the Flight 229 plane crash on March 15, 1979.",Đà Nẵng,historic,16.121001,108.2572286,road_access:snap_too_far|opening_hours|independent_source_review|factual_description,https://www.openstreetmap.org/node/13677406601
3,osm:node:13687068650,Linh Phong Bảo Tháp,Đà Nẵng,attraction,15.9980969,107.985969,road_access:snap_too_far|opening_hours|independent_source_review|factual_description,https://www.openstreetmap.org/node/13687068650
3,osm:node:13846529850,Nhà Bia,Đà Nẵng,historic,15.9979511,107.9857628,road_access:snap_too_far|opening_hours|independent_source_review|factual_description,https://www.openstreetmap.org/node/13846529850
3,osm:node:14076086101,Di tích khảo cổ học Bãi Ông,Đà Nẵng,historic,15.9611558,108.4982853,road_access:snap_too_far|opening_hours|independent_source_review|factual_description,https://www.openstreetmap.org/node/14076086101
3,osm:node:1819451633,Chùa Hải Tạng,Đà Nẵng,temple,15.9606674,108.5065176,road_access:snap_too_far|opening_hours|independent_source_review|factual_description,https://www.openstreetmap.org/node/1819451633
3,osm:node:2177056870,Thác Tóc Tiên,Đà Nẵng,viewpoint,16.0244662,108.0262303,road_access:snap_too_far|opening_hours|independent_source_review|factual_description,https://www.openstreetmap.org/node/2177056870
3,osm:node:4171925609,Thuan Tinh Island,Đà Nẵng,attraction,15.8644172,108.3643815,road_access:snap_too_far|opening_hours|independent_source_review|factual_description,https://www.openstreetmap.org/node/4171925609
3,osm:node:4452884989,cầu tre,Đà Nẵng,attraction,15.816471,108.3569537,road_access:snap_too_far|opening_hours|independent_source_review|factual_description,https://www.openstreetmap.org/node/4452884989
3,osm:node:5273999121,Cầu Thuận Phước,Đà Nẵng,attraction,16.0948084,108.2200134,road_access:snap_too_far|opening_hours|independent_source_review|factual_description,https://www.openstreetmap.org/node/5273999121
3,osm:node:6372734486,Duy vinh,Đà Nẵng,attraction,15.8416131,108.349573,road_access:snap_too_far|opening_hours|independent_source_review|factual_description,https://www.openstreetmap.org/node/6372734486
3,osm:way:1109970002,Le Jardin D’Amour,Đà Nẵng,park,15.99644475,107.9946761263163,road_access:snap_too_far|verified_entrance|opening_hours|independent_source_review|factual_description,https://www.openstreetmap.org/way/1109970002
3,osm:way:1109970004,Đền Lĩnh Chúa Linh Từ,Đà Nẵng,temple,15.99756485,107.9856835,road_access:snap_too_far|verified_entrance|opening_hours|independent_source_review|factual_description,https://www.openstreetmap.org/way/1109970004
3,osm:way:1109970009,Nhà thờ Saint Denis,Đà Nẵng,attraction,15.9973624,107.98780996385166,road_access:snap_too_far|verified_entrance|opening_hours|independent_source_review|factual_description,https://www.openstreetmap.org/way/1109970009
3,osm:way:1109970012,Trú Vũ Trà Quán,Đà Nẵng,attraction,15.99783235,107.98628164717596,road_access:snap_too_far|verified_entrance|opening_hours|independent_source_review,https://www.openstreetmap.org/way/1109970012
3,osm:way:1109970072,Linh Phong Thiền Tự,Đà Nẵng,temple,15.998621700000001,107.98557375328836,road_access:snap_too_far|verified_entrance|opening_hours|independent_source_review|factual_description,https://www.openstreetmap.org/way/1109970072
3,osm:way:1265740821,Bãi Cát Vàng,Đà Nẵng,beach,16.14259575,108.23190283503541,road_access:snap_too_far|verified_entrance|opening_hours|independent_source_review|factual_description,https://www.openstreetmap.org/way/1265740821
3,osm:way:1462480876,ATV Quad Bike Hoi An Adventure,Đà Nẵng,attraction,15.808371600000001,108.1447030543571,road_access:snap_too_far|verified_entrance|opening_hours|independent_source_review|factual_description,https://www.openstreetmap.org/way/1462480876
3,osm:way:1511011826,Louvre,Đà Nẵng,attraction,15.9951834,107.98975840048956,road_access:snap_too_far|verified_entrance|opening_hours|independent_source_review|factual_description,https://www.openstreetmap.org/way/1511011826
3,osm:way:279353637,Bãi Bìm,Đà Nẵng,beach,15.93706625,108.52069877508026,road_access:snap_too_far|verified_entrance|opening_hours|independent_source_review|factual_description,https://www.openstreetmap.org/way/279353637
3,osm:way:359114064,Sun World Bà Nà Hills,Đà Nẵng,theme_park,15.99585685,107.98907120150818,road_access:snap_too_far|verified_entrance|opening_hours|independent_source_review|factual_description,https://www.openstreetmap.org/way/359114064
3,osm:way:508244759,Bãi Xoan,Đà Nẵng,beach,16.16654455,108.1508261723177,road_access:snap_too_far|verified_entrance|opening_hours|independent_source_review|factual_description,https://www.openstreetmap.org/way/508244759
3,osm:way:542867598,Luna Castle,Đà Nẵng,historic,15.9930536,107.99214838943807,road_access:snap_too_far|verified_entrance|opening_hours|independent_source_review|factual_description,https://www.openstreetmap.org/way/542867598
3,osm:way:596624577,Khu tưởng niệm vụ thảm sát đập Vĩnh Trinh,Đà Nẵng,historic,15.80336305,108.160534,road_access:snap_too_far|verified_entrance|opening_hours|independent_source_review|factual_description,https://www.openstreetmap.org/way/596624577
3,osm:way:746227054,Chùa Linh Ứng,Đà Nẵng,temple,15.99735525,107.99393110359418,road_access:snap_too_far|verified_entrance|opening_hours|independent_source_review|factual_description,https://www.openstreetmap.org/way/746227054
3,osm:way:746227058,Vườn Địa Đàng,Đà Nẵng,park,15.9965613,107.99504959131514,road_access:snap_too_far|verified_entrance|opening_hours|independent_source_review|factual_description,https://www.openstreetmap.org/way/746227058
