scenario_id,split,location,date,interests,categories,origin_latitude,origin_longitude,radius_km,poi_id,name,category,description,distance_km,source_url,relevance_0_3,notes
HN-DEV-01,development,Hà Nội,2026-09-20,"lịch sử, văn hóa","historic, museum",21.0285,105.8542,15.0,osm:way:409390951,Trung tâm Lưu trữ và Triển lãm Ảnh Nghệ thuật Việt Nam,museum,,7.16,https://www.openstreetmap.org/way/409390951,,
HN-DEV-01,development,Hà Nội,2026-09-20,"lịch sử, văn hóa","historic, museum",21.0285,105.8542,15.0,osm:node:4846983321,Cafe Nang (la belle rooftopi),cafe,,0.416,https://www.openstreetmap.org/node/4846983321,,
HN-DEV-01,development,Hà Nội,2026-09-20,"lịch sử, văn hóa","historic, museum",21.0285,105.8542,15.0,osm:node:12876453886,Đền Thiên Vương Thịnh,temple,"Điểm văn hóa tâm linh tại 20.992428, 105.908065, được phân loại từ dữ liệu OpenStreetMap/HOTOSM (amenity=place_of_worship).",6.881,https://www.openstreetmap.org/node/12876453886,,
HN-DEV-01,development,Hà Nội,2026-09-20,"lịch sử, văn hóa","historic, museum",21.0285,105.8542,15.0,osm:way:696913691,Hoàng thành Thăng Long,historic,,1.787,https://www.openstreetmap.org/way/696913691,,
HN-DEV-01,development,Hà Nội,2026-09-20,"lịch sử, văn hóa","historic, museum",21.0285,105.8542,15.0,osm:way:697326496,Chùa Một Cột,temple,"Điểm văn hóa tâm linh tại 21.067416, 106.764553, được phân loại từ dữ liệu OpenStreetMap/HOTOSM (amenity=place_of_worship).",2.288,https://www.openstreetmap.org/way/697326496,,
HN-DEV-01,development,Hà Nội,2026-09-20,"lịch sử, văn hóa","historic, museum",21.0285,105.8542,15.0,osm:node:13352652760,Đình Thuận Quang,temple,"Điểm văn hóa tâm linh tại Ngõ 533 Nguyễn Bình, Hà Nội, được phân loại từ dữ liệu OpenStreetMap/HOTOSM (amenity=place_of_worship).",12.49,https://www.openstreetmap.org/node/13352652760,,
HN-DEV-01,development,Hà Nội,2026-09-20,"lịch sử, văn hóa","historic, museum",21.0285,105.8542,15.0,osm:way:700840711,Đền Bạch Mã,temple,,0.891,https://www.openstreetmap.org/way/700840711,,
HN-DEV-01,development,Hà Nội,2026-09-20,"lịch sử, văn hóa","historic, museum",21.0285,105.8542,15.0,osm:node:12744754301,FU RONG HUA,restaurant,,0.447,https://www.openstreetmap.org/node/12744754301,,
HN-DEV-01,development,Hà Nội,2026-09-20,"lịch sử, văn hóa","historic, museum",21.0285,105.8542,15.0,osm:way:1117240270,Nhà hàng Thủy Tạ,restaurant,,0.435,https://www.openstreetmap.org/way/1117240270,,
HN-DEV-01,development,Hà Nội,2026-09-20,"lịch sử, văn hóa","historic, museum",21.0285,105.8542,15.0,osm:way:37625751,Lăng Chủ tịch Hồ Chí Minh,historic,"Lăng Chủ tịch Hồ Chí Minh (Hà Nội) là nơi lưu giữ thi hài của Chủ tịch Hồ Chí Minh, trở thành biểu tượng của lòng tôn kính và biết ơn của nhân dân Việt Nam.",2.225,https://www.openstreetmap.org/way/37625751,,
HN-DEV-01,development,Hà Nội,2026-09-20,"lịch sử, văn hóa","historic, museum",21.0285,105.8542,15.0,osm:way:340128580,Di tích Nhà tù Hỏa Lò,museum,,0.868,https://www.openstreetmap.org/way/340128580,,
HN-DEV-01,development,Hà Nội,2026-09-20,"lịch sử, văn hóa","historic, museum",21.0285,105.8542,15.0,osm:way:220302249,Chùa Trấn Quốc,temple,,2.809,https://www.openstreetmap.org/way/220302249,,
HN-DEV-01,development,Hà Nội,2026-09-20,"lịch sử, văn hóa","historic, museum",21.0285,105.8542,15.0,osm:node:3794435557,Đình Làng Quảng Bá,temple,"Điểm văn hóa tâm linh tại 21.066868, 105.823032, được phân loại từ dữ liệu OpenStreetMap/HOTOSM (amenity=place_of_worship).",5.354,https://www.openstreetmap.org/node/3794435557,,
HN-DEV-01,development,Hà Nội,2026-09-20,"lịch sử, văn hóa","historic, museum",21.0285,105.8542,15.0,osm:node:10855443206,Chùa Tranh Khúc,temple,"Điểm văn hóa tâm linh tại 20.924956, 105.888766, được phân loại từ dữ liệu OpenStreetMap/HOTOSM (amenity=place_of_worship).",12.06,https://www.openstreetmap.org/node/10855443206,,
HN-DEV-01,development,Hà Nội,2026-09-20,"lịch sử, văn hóa","historic, museum",21.0285,105.8542,15.0,osm:node:7162750926,Halo Coffee & Juices,cafe,,0.313,https://www.openstreetmap.org/node/7162750926,,
HN-DEV-01,development,Hà Nội,2026-09-20,"lịch sử, văn hóa","historic, museum",21.0285,105.8542,15.0,osm:way:704147278,Bảo tàng Phụ nữ Việt Nam,museum,,0.633,https://www.openstreetmap.org/way/704147278,,
HN-DEV-01,development,Hà Nội,2026-09-20,"lịch sử, văn hóa","historic, museum",21.0285,105.8542,15.0,osm:way:178995262,Đền Ngọc Sơn,temple,,0.312,https://www.openstreetmap.org/way/178995262,,
HN-DEV-01,development,Hà Nội,2026-09-20,"lịch sử, văn hóa","historic, museum",21.0285,105.8542,15.0,osm:way:37629143,Bảo tàng Hồ Chí Minh,museum,,2.374,https://www.openstreetmap.org/way/37629143,,
HN-DEV-01,development,Hà Nội,2026-09-20,"lịch sử, văn hóa","historic, museum",21.0285,105.8542,15.0,osm:node:10179892274,The East,restaurant,,1.054,https://www.openstreetmap.org/node/10179892274,,
HN-DEV-01,development,Hà Nội,2026-09-20,"lịch sử, văn hóa","historic, museum",21.0285,105.8542,15.0,osm:node:4486828192,Cafe Dinh,cafe,Best egg coffee with art latte,0.432,https://www.openstreetmap.org/node/4486828192,,
HN-DEV-01,development,Hà Nội,2026-09-20,"lịch sử, văn hóa","historic, museum",21.0285,105.8542,15.0,osm:node:4255651589,Wanna Waffle?,cafe,,0.425,https://www.openstreetmap.org/node/4255651589,,
HN-DEV-01,development,Hà Nội,2026-09-20,"lịch sử, văn hóa","historic, museum",21.0285,105.8542,15.0,osm:node:6533893985,Nhac cafe,restaurant,,0.449,https://www.openstreetmap.org/node/6533893985,,
HN-DEV-01,development,Hà Nội,2026-09-20,"lịch sử, văn hóa","historic, museum",21.0285,105.8542,15.0,osm:way:28912942,Nhà thờ Lớn Hà Nội,temple,,0.555,https://www.openstreetmap.org/way/28912942,,
HN-DEV-01,development,Hà Nội,2026-09-20,"lịch sử, văn hóa","historic, museum",21.0285,105.8542,15.0,osm:way:339936730,Bảo tàng Dân tộc học Việt Nam,museum,"Bảo tàng tại Đường Nguyễn Văn Huyên, Hà Nội, được phân loại từ dữ liệu OpenStreetMap/HOTOSM (tourism=museum).",5.888,https://www.openstreetmap.org/way/339936730,,
HN-DEV-01,development,Hà Nội,2026-09-20,"lịch sử, văn hóa","historic, museum",21.0285,105.8542,15.0,osm:node:10715935205,ACID8 Speciality Coffee,cafe,,1.15,https://www.openstreetmap.org/node/10715935205,,
HN-DEV-01,development,Hà Nội,2026-09-20,"lịch sử, văn hóa","historic, museum",21.0285,105.8542,15.0,osm:way:1019050229,Bảo tàng Binh chủng Hóa học,museum,,7.131,https://www.openstreetmap.org/way/1019050229,,
HN-DEV-01,development,Hà Nội,2026-09-20,"lịch sử, văn hóa","historic, museum",21.0285,105.8542,15.0,osm:way:1148571536,Bảo tàng Lịch sử Quân sự Việt Nam,museum,,10.497,https://www.openstreetmap.org/way/1148571536,,
HN-DEV-01,development,Hà Nội,2026-09-20,"lịch sử, văn hóa","historic, museum",21.0285,105.8542,15.0,osm:way:480826771,Bảo tàng Văn học Việt Nam,museum,,5.609,https://www.openstreetmap.org/way/480826771,,
HN-DEV-01,development,Hà Nội,2026-09-20,"lịch sử, văn hóa","historic, museum",21.0285,105.8542,15.0,osm:way:37933256,Viện Bảo tàng Lịch sử Việt Nam,museum,,0.754,https://www.openstreetmap.org/way/37933256,,
HN-DEV-01,development,Hà Nội,2026-09-20,"lịch sử, văn hóa","historic, museum",21.0285,105.8542,15.0,osm:node:4499978190,Bảo tàng Địa chất Việt Nam,museum,,0.727,https://www.openstreetmap.org/node/4499978190,,
HN-DEV-01,development,Hà Nội,2026-09-20,"lịch sử, văn hóa","historic, museum",21.0285,105.8542,15.0,osm:node:13516584409,The Banh Mi Station,restaurant,,0.429,https://www.openstreetmap.org/node/13516584409,,
HN-DEV-01,development,Hà Nội,2026-09-20,"lịch sử, văn hóa","historic, museum",21.0285,105.8542,15.0,osm:way:700145152,Bảo tàng Mỹ thuật Việt Nam,museum,,1.797,https://www.openstreetmap.org/way/700145152,,
HN-DEV-01,development,Hà Nội,2026-09-20,"lịch sử, văn hóa","historic, museum",21.0285,105.8542,15.0,osm:node:13275273171,Đây Đi,cafe,,0.316,https://www.openstreetmap.org/node/13275273171,,
HN-DEV-02,development,Hà Nội,2026-09-20,"bảo tàng, trong nhà",museum,21.0358,105.8342,15.0,osm:way:37625751,Lăng Chủ tịch Hồ Chí Minh,historic,"Lăng Chủ tịch Hồ Chí Minh (Hà Nội) là nơi lưu giữ thi hài của Chủ tịch Hồ Chí Minh, trở thành biểu tượng của lòng tôn kính và biết ơn của nhân dân Việt Nam.",0.121,https://www.openstreetmap.org/way/37625751,,
HN-DEV-02,development,Hà Nội,2026-09-20,"bảo tàng, trong nhà",museum,21.0358,105.8342,15.0,osm:node:3794435557,Đình Làng Quảng Bá,temple,"Điểm văn hóa tâm linh tại 21.066868, 105.823032, được phân loại từ dữ liệu OpenStreetMap/HOTOSM (amenity=place_of_worship).",3.644,https://www.openstreetmap.org/node/3794435557,,
HN-DEV-02,development,Hà Nội,2026-09-20,"bảo tàng, trong nhà",museum,21.0358,105.8342,15.0,osm:node:12090398186,Lunet Art Galerie,gallery,,0.806,https://www.openstreetmap.org/node/12090398186,,
HN-DEV-02,development,Hà Nội,2026-09-20,"bảo tàng, trong nhà",museum,21.0358,105.8342,15.0,osm:way:1302250723,Highlands Coffee,cafe,,0.697,https://www.openstreetmap.org/way/1302250723,,
HN-DEV-02,development,Hà Nội,2026-09-20,"bảo tàng, trong nhà",museum,21.0358,105.8342,15.0,osm:node:10179892274,The East,restaurant,,1.232,https://www.openstreetmap.org/node/10179892274,,
HN-DEV-02,development,Hà Nội,2026-09-20,"bảo tàng, trong nhà",museum,21.0358,105.8342,15.0,osm:node:12434838529,Highlands Coffee,cafe,,1.034,https://www.openstreetmap.org/node/12434838529,,
HN-DEV-02,development,Hà Nội,2026-09-20,"bảo tàng, trong nhà",museum,21.0358,105.8342,15.0,osm:way:339936730,Bảo tàng Dân tộc học Việt Nam,museum,"Bảo tàng tại Đường Nguyễn Văn Huyên, Hà Nội, được phân loại từ dữ liệu OpenStreetMap/HOTOSM (tourism=museum).",3.7,https://www.openstreetmap.org/way/339936730,,
HN-DEV-02,development,Hà Nội,2026-09-20,"bảo tàng, trong nhà",museum,21.0358,105.8342,15.0,osm:way:409390951,Trung tâm Lưu trữ và Triển lãm Ảnh Nghệ thuật Việt Nam,museum,,5.191,https://www.openstreetmap.org/way/409390951,,
HN-DEV-02,development,Hà Nội,2026-09-20,"bảo tàng, trong nhà",museum,21.0358,105.8342,15.0,osm:way:37629143,Bảo tàng Hồ Chí Minh,museum,,0.164,https://www.openstreetmap.org/way/37629143,,
HN-DEV-02,development,Hà Nội,2026-09-20,"bảo tàng, trong nhà",museum,21.0358,105.8342,15.0,osm:node:12876453886,Đền Thiên Vương Thịnh,temple,"Điểm văn hóa tâm linh tại 20.992428, 105.908065, được phân loại từ dữ liệu OpenStreetMap/HOTOSM (amenity=place_of_worship).",9.058,https://www.openstreetmap.org/node/12876453886,,
HN-DEV-02,development,Hà Nội,2026-09-20,"bảo tàng, trong nhà",museum,21.0358,105.8342,15.0,osm:way:340128580,Di tích Nhà tù Hỏa Lò,museum,,1.722,https://www.openstreetmap.org/way/340128580,,
HN-DEV-02,development,Hà Nội,2026-09-20,"bảo tàng, trong nhà",museum,21.0358,105.8342,15.0,osm:way:37933256,Viện Bảo tàng Lịch sử Việt Nam,museum,,2.953,https://www.openstreetmap.org/way/37933256,,
HN-DEV-02,development,Hà Nội,2026-09-20,"bảo tàng, trong nhà",museum,21.0358,105.8342,15.0,osm:node:10855443206,Chùa Tranh Khúc,temple,"Điểm văn hóa tâm linh tại 20.924956, 105.888766, được phân loại từ dữ liệu OpenStreetMap/HOTOSM (amenity=place_of_worship).",13.565,https://www.openstreetmap.org/node/10855443206,,
HN-DEV-02,development,Hà Nội,2026-09-20,"bảo tàng, trong nhà",museum,21.0358,105.8342,15.0,osm:way:480826771,Bảo tàng Văn học Việt Nam,museum,,4.003,https://www.openstreetmap.org/way/480826771,,
HN-DEV-02,development,Hà Nội,2026-09-20,"bảo tàng, trong nhà",museum,21.0358,105.8342,15.0,osm:way:28912942,Nhà thờ Lớn Hà Nội,temple,,1.716,https://www.openstreetmap.org/way/28912942,,
HN-DEV-02,development,Hà Nội,2026-09-20,"bảo tàng, trong nhà",museum,21.0358,105.8342,15.0,osm:node:10715935205,ACID8 Speciality Coffee,cafe,,2.054,https://www.openstreetmap.org/node/10715935205,,
HN-DEV-02,development,Hà Nội,2026-09-20,"bảo tàng, trong nhà",museum,21.0358,105.8342,15.0,osm:way:704147278,Bảo tàng Phụ nữ Việt Nam,museum,,2.275,https://www.openstreetmap.org/way/704147278,,
HN-DEV-02,development,Hà Nội,2026-09-20,"bảo tàng, trong nhà",museum,21.0358,105.8342,15.0,osm:way:1019050229,Bảo tàng Binh chủng Hóa học,museum,,4.97,https://www.openstreetmap.org/way/1019050229,,
HN-DEV-02,development,Hà Nội,2026-09-20,"bảo tàng, trong nhà",museum,21.0358,105.8342,15.0,osm:way:1301715443,Vinacafe,cafe,,0.2,https://www.openstreetmap.org/way/1301715443,,
HN-DEV-02,development,Hà Nội,2026-09-20,"bảo tàng, trong nhà",museum,21.0358,105.8342,15.0,osm:way:700145152,Bảo tàng Mỹ thuật Việt Nam,museum,,0.645,https://www.openstreetmap.org/way/700145152,,
HN-DEV-02,development,Hà Nội,2026-09-20,"bảo tàng, trong nhà",museum,21.0358,105.8342,15.0,osm:node:4576672189,Nhà Hàng Heritage,restaurant,,0.593,https://www.openstreetmap.org/node/4576672189,,
HN-DEV-02,development,Hà Nội,2026-09-20,"bảo tàng, trong nhà",museum,21.0358,105.8342,15.0,osm:node:4499978190,Bảo tàng Địa chất Việt Nam,museum,,2.891,https://www.openstreetmap.org/node/4499978190,,
HN-DEV-02,development,Hà Nội,2026-09-20,"bảo tàng, trong nhà",museum,21.0358,105.8342,15.0,osm:way:697326496,Chùa Một Cột,temple,"Điểm văn hóa tâm linh tại 21.067416, 106.764553, được phân loại từ dữ liệu OpenStreetMap/HOTOSM (amenity=place_of_worship).",0.061,https://www.openstreetmap.org/way/697326496,,
HN-DEV-02,development,Hà Nội,2026-09-20,"bảo tàng, trong nhà",museum,21.0358,105.8342,15.0,osm:way:1218337314,Hatoyama,restaurant,,0.439,https://www.openstreetmap.org/way/1218337314,,
HN-DEV-02,development,Hà Nội,2026-09-20,"bảo tàng, trong nhà",museum,21.0358,105.8342,15.0,osm:way:208255133,Bảo tàng Hà Nội,museum,"Bảo tàng tại Đường Phạm Hùng, Hà Nội, được phân loại từ dữ liệu OpenStreetMap/HOTOSM (tourism=museum).",5.739,https://www.openstreetmap.org/way/208255133,,
HN-DEV-02,development,Hà Nội,2026-09-20,"bảo tàng, trong nhà",museum,21.0358,105.8342,15.0,osm:way:1148571536,Bảo tàng Lịch sử Quân sự Việt Nam,museum,,8.679,https://www.openstreetmap.org/way/1148571536,,
HN-DEV-02,development,Hà Nội,2026-09-20,"bảo tàng, trong nhà",museum,21.0358,105.8342,15.0,osm:way:1218337313,Thế Giới Hải Sản,restaurant,,0.429,https://www.openstreetmap.org/way/1218337313,,
HN-DEV-02,development,Hà Nội,2026-09-20,"bảo tàng, trong nhà",museum,21.0358,105.8342,15.0,osm:node:13352652760,Đình Thuận Quang,temple,"Điểm văn hóa tâm linh tại Ngõ 533 Nguyễn Bình, Hà Nội, được phân loại từ dữ liệu OpenStreetMap/HOTOSM (amenity=place_of_worship).",14.703,https://www.openstreetmap.org/node/13352652760,,
HN-DEV-02,development,Hà Nội,2026-09-20,"bảo tàng, trong nhà",museum,21.0358,105.8342,15.0,osm:way:178995262,Đền Ngọc Sơn,temple,,1.969,https://www.openstreetmap.org/way/178995262,,
HN-HOLD-01,holdout,Hà Nội,2026-09-20,"thiên nhiên, thư giãn","park, nature_area",21.0608,105.8105,20.0,osm:way:223798542,Vườn hoa Lý Tự Trọng,park,,3.224,https://www.openstreetmap.org/way/223798542,,
HN-HOLD-01,holdout,Hà Nội,2026-09-20,"thiên nhiên, thư giãn","park, nature_area",21.0608,105.8105,20.0,osm:node:13702979501,Cơm Ann,restaurant,,1.783,https://www.openstreetmap.org/node/13702979501,,
HN-HOLD-01,holdout,Hà Nội,2026-09-20,"thiên nhiên, thư giãn","park, nature_area",21.0608,105.8105,20.0,osm:node:733355066,Cà Phê AnAn,cafe,,1.97,https://www.openstreetmap.org/node/733355066,,
HN-HOLD-01,holdout,Hà Nội,2026-09-20,"thiên nhiên, thư giãn","park, nature_area",21.0608,105.8105,20.0,osm:node:9869536950,TOP TOP CAFE MEDIA,cafe,,0.705,https://www.openstreetmap.org/node/9869536950,,
HN-HOLD-01,holdout,Hà Nội,2026-09-20,"thiên nhiên, thư giãn","park, nature_area",21.0608,105.8105,20.0,osm:node:6610502429,Jewel Diner,restaurant,,1.866,https://www.openstreetmap.org/node/6610502429,,
HN-HOLD-01,holdout,Hà Nội,2026-09-20,"thiên nhiên, thư giãn","park, nature_area",21.0608,105.8105,20.0,osm:node:5239158923,Ding Tea,cafe,,0.308,https://www.openstreetmap.org/node/5239158923,,
HN-HOLD-01,holdout,Hà Nội,2026-09-20,"thiên nhiên, thư giãn","park, nature_area",21.0608,105.8105,20.0,osm:way:1307631429,Vườn hoa Nghè Ngô,park,,11.106,https://www.openstreetmap.org/way/1307631429,,
HN-HOLD-01,holdout,Hà Nội,2026-09-20,"thiên nhiên, thư giãn","park, nature_area",21.0608,105.8105,20.0,osm:way:1253839879,Công viên hồ Cần,park,,9.802,https://www.openstreetmap.org/way/1253839879,,
HN-HOLD-01,holdout,Hà Nội,2026-09-20,"thiên nhiên, thư giãn","park, nature_area",21.0608,105.8105,20.0,osm:way:959984228,Vườn hoa Nông dân,park,,11.638,https://www.openstreetmap.org/way/959984228,,
HN-HOLD-01,holdout,Hà Nội,2026-09-20,"thiên nhiên, thư giãn","park, nature_area",21.0608,105.8105,20.0,osm:way:1103182086,Công viên Võ Thị Sáu,park,,7.808,https://www.openstreetmap.org/way/1103182086,,
HN-HOLD-01,holdout,Hà Nội,2026-09-20,"thiên nhiên, thư giãn","park, nature_area",21.0608,105.8105,20.0,osm:way:1223384698,Tonkin's park,park,,10.246,https://www.openstreetmap.org/way/1223384698,,
HN-HOLD-01,holdout,Hà Nội,2026-09-20,"thiên nhiên, thư giãn","park, nature_area",21.0608,105.8105,20.0,osm:way:178995262,Đền Ngọc Sơn,temple,,5.483,https://www.openstreetmap.org/way/178995262,,
HN-HOLD-01,holdout,Hà Nội,2026-09-20,"thiên nhiên, thư giãn","park, nature_area",21.0608,105.8105,20.0,osm:node:12876453886,Đền Thiên Vương Thịnh,temple,"Điểm văn hóa tâm linh tại 20.992428, 105.908065, được phân loại từ dữ liệu OpenStreetMap/HOTOSM (amenity=place_of_worship).",12.663,https://www.openstreetmap.org/node/12876453886,,
HN-HOLD-01,holdout,Hà Nội,2026-09-20,"thiên nhiên, thư giãn","park, nature_area",21.0608,105.8105,20.0,osm:way:908417669,Công viên Long Biên,park,,9.734,https://www.openstreetmap.org/way/908417669,,
HN-HOLD-01,holdout,Hà Nội,2026-09-20,"thiên nhiên, thư giãn","park, nature_area",21.0608,105.8105,20.0,osm:node:10855443206,Chùa Tranh Khúc,temple,"Điểm văn hóa tâm linh tại 20.924956, 105.888766, được phân loại từ dữ liệu OpenStreetMap/HOTOSM (amenity=place_of_worship).",17.152,https://www.openstreetmap.org/node/10855443206,,
HN-HOLD-01,holdout,Hà Nội,2026-09-20,"thiên nhiên, thư giãn","park, nature_area",21.0608,105.8105,20.0,osm:node:443000681,Sen Tây Hồ,restaurant,,1.571,https://www.openstreetmap.org/node/443000681,,
HN-HOLD-01,holdout,Hà Nội,2026-09-20,"thiên nhiên, thư giãn","park, nature_area",21.0608,105.8105,20.0,osm:node:5406262022,Lotte Observation Deck,viewpoint,253m (830ft),3.186,https://www.openstreetmap.org/node/5406262022,,
HN-HOLD-01,holdout,Hà Nội,2026-09-20,"thiên nhiên, thư giãn","park, nature_area",21.0608,105.8105,20.0,osm:way:28945667,Công viên Thủ Lệ,zoo,,3.388,https://www.openstreetmap.org/way/28945667,,
HN-HOLD-01,holdout,Hà Nội,2026-09-20,"thiên nhiên, thư giãn","park, nature_area",21.0608,105.8105,20.0,osm:way:37625751,Lăng Chủ tịch Hồ Chí Minh,historic,"Lăng Chủ tịch Hồ Chí Minh (Hà Nội) là nơi lưu giữ thi hài của Chủ tịch Hồ Chí Minh, trở thành biểu tượng của lòng tôn kính và biết ơn của nhân dân Việt Nam.",3.665,https://www.openstreetmap.org/way/37625751,,
HN-HOLD-01,holdout,Hà Nội,2026-09-20,"thiên nhiên, thư giãn","park, nature_area",21.0608,105.8105,20.0,osm:way:1087731715,Vườn hoa Tao Đàn,park,,6.56,https://www.openstreetmap.org/way/1087731715,,
HN-HOLD-01,holdout,Hà Nội,2026-09-20,"thiên nhiên, thư giãn","park, nature_area",21.0608,105.8105,20.0,osm:node:5218038121,Bia Hoi Cường Hói,restaurant,,1.891,https://www.openstreetmap.org/node/5218038121,,
HN-HOLD-01,holdout,Hà Nội,2026-09-20,"thiên nhiên, thư giãn","park, nature_area",21.0608,105.8105,20.0,osm:way:1365437934,Sân chơi khu đô thị Tân Tây Đô,park,,11.406,https://www.openstreetmap.org/way/1365437934,,
HN-HOLD-01,holdout,Hà Nội,2026-09-20,"thiên nhiên, thư giãn","park, nature_area",21.0608,105.8105,20.0,osm:way:37933849,Công viên Thống Nhất,park,,6.402,https://www.openstreetmap.org/way/37933849,,
HN-HOLD-01,holdout,Hà Nội,2026-09-20,"thiên nhiên, thư giãn","park, nature_area",21.0608,105.8105,20.0,osm:node:7222198618,Domino's,restaurant,,1.075,https://www.openstreetmap.org/node/7222198618,,
HN-HOLD-01,holdout,Hà Nội,2026-09-20,"thiên nhiên, thư giãn","park, nature_area",21.0608,105.8105,20.0,osm:way:1510802054,Phố Sách Hà Nội,park,"Điểm tham quan tại Phố 19 Tháng 12, Hà Nội, được phân loại từ dữ liệu OpenStreetMap/HOTOSM (tourism=attraction).",5.565,https://www.openstreetmap.org/way/1510802054,,
HN-HOLD-01,holdout,Hà Nội,2026-09-20,"thiên nhiên, thư giãn","park, nature_area",21.0608,105.8105,20.0,osm:node:12235167371,Sàn gỗ Nguyễn Kim,cafe,,1.331,https://www.openstreetmap.org/node/12235167371,,
HN-HOLD-01,holdout,Hà Nội,2026-09-20,"thiên nhiên, thư giãn","park, nature_area",21.0608,105.8105,20.0,osm:way:339936730,Bảo tàng Dân tộc học Việt Nam,museum,"Bảo tàng tại Đường Nguyễn Văn Huyên, Hà Nội, được phân loại từ dữ liệu OpenStreetMap/HOTOSM (tourism=museum).",2.603,https://www.openstreetmap.org/way/339936730,,
HN-HOLD-01,holdout,Hà Nội,2026-09-20,"thiên nhiên, thư giãn","park, nature_area",21.0608,105.8105,20.0,osm:node:13352652760,Đình Thuận Quang,temple,"Điểm văn hóa tâm linh tại Ngõ 533 Nguyễn Bình, Hà Nội, được phân loại từ dữ liệu OpenStreetMap/HOTOSM (amenity=place_of_worship).",17.919,https://www.openstreetmap.org/node/13352652760,,
HN-HOLD-01,holdout,Hà Nội,2026-09-20,"thiên nhiên, thư giãn","park, nature_area",21.0608,105.8105,20.0,osm:way:879841441,Vườn hoa Diên Hồng,park,,6.069,https://www.openstreetmap.org/way/879841441,,
HN-HOLD-01,holdout,Hà Nội,2026-09-20,"thiên nhiên, thư giãn","park, nature_area",21.0608,105.8105,20.0,osm:way:28912942,Nhà thờ Lớn Hà Nội,temple,,5.35,https://www.openstreetmap.org/way/28912942,,
HN-HOLD-01,holdout,Hà Nội,2026-09-20,"thiên nhiên, thư giãn","park, nature_area",21.0608,105.8105,20.0,osm:node:3794435557,Đình Làng Quảng Bá,temple,"Điểm văn hóa tâm linh tại 21.066868, 105.823032, được phân loại từ dữ liệu OpenStreetMap/HOTOSM (amenity=place_of_worship).",1.465,https://www.openstreetmap.org/node/3794435557,,
HN-HOLD-01,holdout,Hà Nội,2026-09-20,"thiên nhiên, thư giãn","park, nature_area",21.0608,105.8105,20.0,osm:node:10715935205,ACID8 Speciality Coffee,cafe,,5.763,https://www.openstreetmap.org/node/10715935205,,
HN-HOLD-01,holdout,Hà Nội,2026-09-20,"thiên nhiên, thư giãn","park, nature_area",21.0608,105.8105,20.0,osm:node:10179892274,The East,restaurant,,4.911,https://www.openstreetmap.org/node/10179892274,,
HN-HOLD-01,holdout,Hà Nội,2026-09-20,"thiên nhiên, thư giãn","park, nature_area",21.0608,105.8105,20.0,osm:way:136176176,Công viên hồ Đền Lừ,park,,9.638,https://www.openstreetmap.org/way/136176176,,
HN-HOLD-01,holdout,Hà Nội,2026-09-20,"thiên nhiên, thư giãn","park, nature_area",21.0608,105.8105,20.0,osm:node:12415047802,Phở Lý Quốc Sư,restaurant,,0.783,https://www.openstreetmap.org/node/12415047802,,
HN-HOLD-02,holdout,Hà Nội,2026-09-20,"tâm linh, lịch sử","temple, historic",21.0285,105.8542,18.0,osm:node:10179892274,The East,restaurant,,1.054,https://www.openstreetmap.org/node/10179892274,,
HN-HOLD-02,holdout,Hà Nội,2026-09-20,"tâm linh, lịch sử","temple, historic",21.0285,105.8542,18.0,osm:node:4846983321,Cafe Nang (la belle rooftopi),cafe,,0.416,https://www.openstreetmap.org/node/4846983321,,
HN-HOLD-02,holdout,Hà Nội,2026-09-20,"tâm linh, lịch sử","temple, historic",21.0285,105.8542,18.0,osm:node:4255651589,Wanna Waffle?,cafe,,0.425,https://www.openstreetmap.org/node/4255651589,,
HN-HOLD-02,holdout,Hà Nội,2026-09-20,"tâm linh, lịch sử","temple, historic",21.0285,105.8542,18.0,osm:way:178995262,Đền Ngọc Sơn,temple,,0.312,https://www.openstreetmap.org/way/178995262,,
HN-HOLD-02,holdout,Hà Nội,2026-09-20,"tâm linh, lịch sử","temple, historic",21.0285,105.8542,18.0,osm:way:1481550721,Đền Voi Phục,temple,,5.128,https://www.openstreetmap.org/way/1481550721,,
HN-HOLD-02,holdout,Hà Nội,2026-09-20,"tâm linh, lịch sử","temple, historic",21.0285,105.8542,18.0,osm:way:1117240270,Nhà hàng Thủy Tạ,restaurant,,0.435,https://www.openstreetmap.org/way/1117240270,,
HN-HOLD-02,holdout,Hà Nội,2026-09-20,"tâm linh, lịch sử","temple, historic",21.0285,105.8542,18.0,osm:node:7162750926,Halo Coffee & Juices,cafe,,0.313,https://www.openstreetmap.org/node/7162750926,,
HN-HOLD-02,holdout,Hà Nội,2026-09-20,"tâm linh, lịch sử","temple, historic",21.0285,105.8542,18.0,osm:node:5441412622,Iglesia Ni Cristo - Hanoi,temple,,4.104,https://www.openstreetmap.org/node/5441412622,,
HN-HOLD-02,holdout,Hà Nội,2026-09-20,"tâm linh, lịch sử","temple, historic",21.0285,105.8542,18.0,osm:way:220302249,Chùa Trấn Quốc,temple,,2.809,https://www.openstreetmap.org/way/220302249,,
HN-HOLD-02,holdout,Hà Nội,2026-09-20,"tâm linh, lịch sử","temple, historic",21.0285,105.8542,18.0,osm:way:37625751,Lăng Chủ tịch Hồ Chí Minh,historic,"Lăng Chủ tịch Hồ Chí Minh (Hà Nội) là nơi lưu giữ thi hài của Chủ tịch Hồ Chí Minh, trở thành biểu tượng của lòng tôn kính và biết ơn của nhân dân Việt Nam.",2.225,https://www.openstreetmap.org/way/37625751,,
HN-HOLD-02,holdout,Hà Nội,2026-09-20,"tâm linh, lịch sử","temple, historic",21.0285,105.8542,18.0,osm:node:3794435557,Đình Làng Quảng Bá,temple,"Điểm văn hóa tâm linh tại 21.066868, 105.823032, được phân loại từ dữ liệu OpenStreetMap/HOTOSM (amenity=place_of_worship).",5.354,https://www.openstreetmap.org/node/3794435557,,
HN-HOLD-02,holdout,Hà Nội,2026-09-20,"tâm linh, lịch sử","temple, historic",21.0285,105.8542,18.0,osm:node:12876453886,Đền Thiên Vương Thịnh,temple,"Điểm văn hóa tâm linh tại 20.992428, 105.908065, được phân loại từ dữ liệu OpenStreetMap/HOTOSM (amenity=place_of_worship).",6.881,https://www.openstreetmap.org/node/12876453886,,
HN-HOLD-02,holdout,Hà Nội,2026-09-20,"tâm linh, lịch sử","temple, historic",21.0285,105.8542,18.0,osm:node:13352652760,Đình Thuận Quang,temple,"Điểm văn hóa tâm linh tại Ngõ 533 Nguyễn Bình, Hà Nội, được phân loại từ dữ liệu OpenStreetMap/HOTOSM (amenity=place_of_worship).",12.49,https://www.openstreetmap.org/node/13352652760,,
HN-HOLD-02,holdout,Hà Nội,2026-09-20,"tâm linh, lịch sử","temple, historic",21.0285,105.8542,18.0,osm:node:6533893985,Nhac cafe,restaurant,,0.449,https://www.openstreetmap.org/node/6533893985,,
HN-HOLD-02,holdout,Hà Nội,2026-09-20,"tâm linh, lịch sử","temple, historic",21.0285,105.8542,18.0,osm:node:13516584409,The Banh Mi Station,restaurant,,0.429,https://www.openstreetmap.org/node/13516584409,,
HN-HOLD-02,holdout,Hà Nội,2026-09-20,"tâm linh, lịch sử","temple, historic",21.0285,105.8542,18.0,osm:node:9757095553,Chùa Hà Trì,temple,,10.12,https://www.openstreetmap.org/node/9757095553,,
HN-HOLD-02,holdout,Hà Nội,2026-09-20,"tâm linh, lịch sử","temple, historic",21.0285,105.8542,18.0,osm:node:12744754301,FU RONG HUA,restaurant,,0.447,https://www.openstreetmap.org/node/12744754301,,
HN-HOLD-02,holdout,Hà Nội,2026-09-20,"tâm linh, lịch sử","temple, historic",21.0285,105.8542,18.0,osm:node:10715935205,ACID8 Speciality Coffee,cafe,,1.15,https://www.openstreetmap.org/node/10715935205,,
HN-HOLD-02,holdout,Hà Nội,2026-09-20,"tâm linh, lịch sử","temple, historic",21.0285,105.8542,18.0,osm:way:697326496,Chùa Một Cột,temple,"Điểm văn hóa tâm linh tại 21.067416, 106.764553, được phân loại từ dữ liệu OpenStreetMap/HOTOSM (amenity=place_of_worship).",2.288,https://www.openstreetmap.org/way/697326496,,
HN-HOLD-02,holdout,Hà Nội,2026-09-20,"tâm linh, lịch sử","temple, historic",21.0285,105.8542,18.0,osm:node:4486828192,Cafe Dinh,cafe,Best egg coffee with art latte,0.432,https://www.openstreetmap.org/node/4486828192,,
HN-HOLD-02,holdout,Hà Nội,2026-09-20,"tâm linh, lịch sử","temple, historic",21.0285,105.8542,18.0,osm:way:700840711,Đền Bạch Mã,temple,,0.891,https://www.openstreetmap.org/way/700840711,,
HN-HOLD-02,holdout,Hà Nội,2026-09-20,"tâm linh, lịch sử","temple, historic",21.0285,105.8542,18.0,osm:node:13275273171,Đây Đi,cafe,,0.316,https://www.openstreetmap.org/node/13275273171,,
HN-HOLD-02,holdout,Hà Nội,2026-09-20,"tâm linh, lịch sử","temple, historic",21.0285,105.8542,18.0,osm:node:10855443206,Chùa Tranh Khúc,temple,"Điểm văn hóa tâm linh tại 20.924956, 105.888766, được phân loại từ dữ liệu OpenStreetMap/HOTOSM (amenity=place_of_worship).",12.06,https://www.openstreetmap.org/node/10855443206,,
HN-HOLD-02,holdout,Hà Nội,2026-09-20,"tâm linh, lịch sử","temple, historic",21.0285,105.8542,18.0,osm:way:339936730,Bảo tàng Dân tộc học Việt Nam,museum,"Bảo tàng tại Đường Nguyễn Văn Huyên, Hà Nội, được phân loại từ dữ liệu OpenStreetMap/HOTOSM (tourism=museum).",5.888,https://www.openstreetmap.org/way/339936730,,
HN-HOLD-02,holdout,Hà Nội,2026-09-20,"tâm linh, lịch sử","temple, historic",21.0285,105.8542,18.0,osm:way:28912942,Nhà thờ Lớn Hà Nội,temple,,0.555,https://www.openstreetmap.org/way/28912942,,
HN-HOLD-02,holdout,Hà Nội,2026-09-20,"tâm linh, lịch sử","temple, historic",21.0285,105.8542,18.0,osm:way:696913691,Hoàng thành Thăng Long,historic,,1.787,https://www.openstreetmap.org/way/696913691,,
HN-HOLD-03,holdout,Hà Nội,2026-09-20,"làng nghề, văn hóa, chụp ảnh","craft_village, historic",20.979,105.911,25.0,osm:node:10855443206,Chùa Tranh Khúc,temple,"Điểm văn hóa tâm linh tại 20.924956, 105.888766, được phân loại từ dữ liệu OpenStreetMap/HOTOSM (amenity=place_of_worship).",6.438,https://www.openstreetmap.org/node/10855443206,,
HN-HOLD-03,holdout,Hà Nội,2026-09-20,"làng nghề, văn hóa, chụp ảnh","craft_village, historic",20.979,105.911,25.0,osm:node:3794435557,Đình Làng Quảng Bá,temple,"Điểm văn hóa tâm linh tại 21.066868, 105.823032, được phân loại từ dữ liệu OpenStreetMap/HOTOSM (amenity=place_of_worship).",13.373,https://www.openstreetmap.org/node/3794435557,,
HN-HOLD-03,holdout,Hà Nội,2026-09-20,"làng nghề, văn hóa, chụp ảnh","craft_village, historic",20.979,105.911,25.0,osm:way:37625751,Lăng Chủ tịch Hồ Chí Minh,historic,"Lăng Chủ tịch Hồ Chí Minh (Hà Nội) là nơi lưu giữ thi hài của Chủ tịch Hồ Chí Minh, trở thành biểu tượng của lòng tôn kính và biết ơn của nhân dân Việt Nam.",10.2,https://www.openstreetmap.org/way/37625751,,
HN-HOLD-03,holdout,Hà Nội,2026-09-20,"làng nghề, văn hóa, chụp ảnh","craft_village, historic",20.979,105.911,25.0,osm:way:696913691,Hoàng thành Thăng Long,historic,,9.848,https://www.openstreetmap.org/way/696913691,,
HN-HOLD-03,holdout,Hà Nội,2026-09-20,"làng nghề, văn hóa, chụp ảnh","craft_village, historic",20.979,105.911,25.0,osm:way:1296795442,Vietgangz Farm,zoo,,3.853,https://www.openstreetmap.org/way/1296795442,,
HN-HOLD-03,holdout,Hà Nội,2026-09-20,"làng nghề, văn hóa, chụp ảnh","craft_village, historic",20.979,105.911,25.0,osm:way:704147278,Bảo tàng Phụ nữ Việt Nam,museum,,7.896,https://www.openstreetmap.org/way/704147278,,
HN-HOLD-03,holdout,Hà Nội,2026-09-20,"làng nghề, văn hóa, chụp ảnh","craft_village, historic",20.979,105.911,25.0,osm:node:4258046056,She Coffe,cafe,,4.187,https://www.openstreetmap.org/node/4258046056,,
HN-HOLD-03,holdout,Hà Nội,2026-09-20,"làng nghề, văn hóa, chụp ảnh","craft_village, historic",20.979,105.911,25.0,osm:node:11372720513,Nhà hàng Nhật Bản Minori,restaurant,,3.857,https://www.openstreetmap.org/node/11372720513,,
HN-HOLD-03,holdout,Hà Nội,2026-09-20,"làng nghề, văn hóa, chụp ảnh","craft_village, historic",20.979,105.911,25.0,osm:way:409390951,Trung tâm Lưu trữ và Triển lãm Ảnh Nghệ thuật Việt Nam,museum,,14.067,https://www.openstreetmap.org/way/409390951,,
HN-HOLD-03,holdout,Hà Nội,2026-09-20,"làng nghề, văn hóa, chụp ảnh","craft_village, historic",20.979,105.911,25.0,osm:node:9237323772,Chợ Tư Đình,market,"Chợ/điểm sinh hoạt địa phương tại 21.027388, 105.887153, được phân loại từ dữ liệu OpenStreetMap/HOTOSM (amenity=marketplace).",5.923,https://www.openstreetmap.org/node/9237323772,,
HN-HOLD-03,holdout,Hà Nội,2026-09-20,"làng nghề, văn hóa, chụp ảnh","craft_village, historic",20.979,105.911,25.0,osm:way:697326496,Chùa Một Cột,temple,"Điểm văn hóa tâm linh tại 21.067416, 106.764553, được phân loại từ dữ liệu OpenStreetMap/HOTOSM (amenity=place_of_worship).",10.222,https://www.openstreetmap.org/way/697326496,,
HN-HOLD-03,holdout,Hà Nội,2026-09-20,"làng nghề, văn hóa, chụp ảnh","craft_village, historic",20.979,105.911,25.0,osm:node:11372720517,Chao Quán,restaurant,,3.912,https://www.openstreetmap.org/node/11372720517,,
HN-HOLD-03,holdout,Hà Nội,2026-09-20,"làng nghề, văn hóa, chụp ảnh","craft_village, historic",20.979,105.911,25.0,osm:node:13352652760,Đình Thuận Quang,temple,"Điểm văn hóa tâm linh tại Ngõ 533 Nguyễn Bình, Hà Nội, được phân loại từ dữ liệu OpenStreetMap/HOTOSM (amenity=place_of_worship).",6.698,https://www.openstreetmap.org/node/13352652760,,
HN-HOLD-03,holdout,Hà Nội,2026-09-20,"làng nghề, văn hóa, chụp ảnh","craft_village, historic",20.979,105.911,25.0,osm:way:37933050,Nhà hát Lớn,performance_venue,,7.465,https://www.openstreetmap.org/way/37933050,,
HN-HOLD-03,holdout,Hà Nội,2026-09-20,"làng nghề, văn hóa, chụp ảnh","craft_village, historic",20.979,105.911,25.0,osm:node:13033222658,Chớp Coffee & Tea,cafe,,4.698,https://www.openstreetmap.org/node/13033222658,,
HN-HOLD-03,holdout,Hà Nội,2026-09-20,"làng nghề, văn hóa, chụp ảnh","craft_village, historic",20.979,105.911,25.0,osm:node:10709724414,Đình làng Tự Nhiên,attraction,"Điểm tham quan tại 20.863456, 105.918504, được phân loại từ dữ liệu OpenStreetMap/HOTOSM (tourism=attraction).",12.872,https://www.openstreetmap.org/node/10709724414,,
HN-HOLD-03,holdout,Hà Nội,2026-09-20,"làng nghề, văn hóa, chụp ảnh","craft_village, historic",20.979,105.911,25.0,osm:way:340128580,Di tích Nhà tù Hỏa Lò,museum,,8.454,https://www.openstreetmap.org/way/340128580,,
HN-HOLD-03,holdout,Hà Nội,2026-09-20,"làng nghề, văn hóa, chụp ảnh","craft_village, historic",20.979,105.911,25.0,osm:node:4745160523,MINH MINH QUÁN ( bánh mì chảo ),restaurant,,6.076,https://www.openstreetmap.org/node/4745160523,,
HN-HOLD-03,holdout,Hà Nội,2026-09-20,"làng nghề, văn hóa, chụp ảnh","craft_village, historic",20.979,105.911,25.0,osm:way:339936730,Bảo tàng Dân tộc học Việt Nam,museum,"Bảo tàng tại Đường Nguyễn Văn Huyên, Hà Nội, được phân loại từ dữ liệu OpenStreetMap/HOTOSM (tourism=museum).",13.479,https://www.openstreetmap.org/way/339936730,,
HN-HOLD-03,holdout,Hà Nội,2026-09-20,"làng nghề, văn hóa, chụp ảnh","craft_village, historic",20.979,105.911,25.0,osm:node:10715935205,ACID8 Speciality Coffee,cafe,,8.19,https://www.openstreetmap.org/node/10715935205,,
HN-HOLD-03,holdout,Hà Nội,2026-09-20,"làng nghề, văn hóa, chụp ảnh","craft_village, historic",20.979,105.911,25.0,osm:way:1307631429,Vườn hoa Nghè Ngô,park,,4.032,https://www.openstreetmap.org/way/1307631429,,
HN-HOLD-03,holdout,Hà Nội,2026-09-20,"làng nghề, văn hóa, chụp ảnh","craft_village, historic",20.979,105.911,25.0,osm:node:12876453886,Đền Thiên Vương Thịnh,temple,"Điểm văn hóa tâm linh tại 20.992428, 105.908065, được phân loại từ dữ liệu OpenStreetMap/HOTOSM (amenity=place_of_worship).",1.524,https://www.openstreetmap.org/node/12876453886,,
HN-HOLD-03,holdout,Hà Nội,2026-09-20,"làng nghề, văn hóa, chụp ảnh","craft_village, historic",20.979,105.911,25.0,osm:way:700145152,Bảo tàng Mỹ thuật Việt Nam,museum,,9.588,https://www.openstreetmap.org/way/700145152,,
HN-HOLD-03,holdout,Hà Nội,2026-09-20,"làng nghề, văn hóa, chụp ảnh","craft_village, historic",20.979,105.911,25.0,osm:way:178995262,Đền Ngọc Sơn,temple,,8.374,https://www.openstreetmap.org/way/178995262,,
HN-HOLD-03,holdout,Hà Nội,2026-09-20,"làng nghề, văn hóa, chụp ảnh","craft_village, historic",20.979,105.911,25.0,osm:node:10179892274,The East,restaurant,,8.945,https://www.openstreetmap.org/node/10179892274,,
HN-HOLD-03,holdout,Hà Nội,2026-09-20,"làng nghề, văn hóa, chụp ảnh","craft_village, historic",20.979,105.911,25.0,osm:way:28912942,Nhà thờ Lớn Hà Nội,temple,,8.491,https://www.openstreetmap.org/way/28912942,,
HN-HOLD-03,holdout,Hà Nội,2026-09-20,"làng nghề, văn hóa, chụp ảnh","craft_village, historic",20.979,105.911,25.0,osm:way:228075195,Cung Văn hóa Lao động Hữu nghị Việt Xô,attraction,,8.439,https://www.openstreetmap.org/way/228075195,,
HN-HOLD-03,holdout,Hà Nội,2026-09-20,"làng nghề, văn hóa, chụp ảnh","craft_village, historic",20.979,105.911,25.0,osm:node:4489385889,Chợ Đêm Hàng Đào – Đồng Xuân,attraction,,8.694,https://www.openstreetmap.org/node/4489385889,,
HN-HOLD-03,holdout,Hà Nội,2026-09-20,"làng nghề, văn hóa, chụp ảnh","craft_village, historic",20.979,105.911,25.0,osm:way:37933256,Viện Bảo tàng Lịch sử Việt Nam,museum,,7.313,https://www.openstreetmap.org/way/37933256,,
HN-HOLD-03,holdout,Hà Nội,2026-09-20,"làng nghề, văn hóa, chụp ảnh","craft_village, historic",20.979,105.911,25.0,osm:node:14021381656,Bánh Khúc Hoàng Thường,restaurant,Xôi Hoàng Thường,1.801,https://www.openstreetmap.org/node/14021381656,,
HN-HOLD-03,holdout,Hà Nội,2026-09-20,"làng nghề, văn hóa, chụp ảnh","craft_village, historic",20.979,105.911,25.0,osm:way:37629143,Bảo tàng Hồ Chí Minh,museum,,10.287,https://www.openstreetmap.org/way/37629143,,
HN-HOLD-03,holdout,Hà Nội,2026-09-20,"làng nghề, văn hóa, chụp ảnh","craft_village, historic",20.979,105.911,25.0,osm:way:1234036432,Đông Phong Art Gallery,gallery,,7.581,https://www.openstreetmap.org/way/1234036432,,
HN-HOLD-04,holdout,Hà Nội,2026-09-20,"gia đình, ngoài trời","park, zoo",21.0405,105.798,25.0,osm:way:28945667,Công viên Thủ Lệ,zoo,,1.429,https://www.openstreetmap.org/way/28945667,,
HN-HOLD-04,holdout,Hà Nội,2026-09-20,"gia đình, ngoài trời","park, zoo",21.0405,105.798,25.0,osm:node:13352652760,Đình Thuận Quang,temple,"Điểm văn hóa tâm linh tại Ngõ 533 Nguyễn Bình, Hà Nội, được phân loại từ dữ liệu OpenStreetMap/HOTOSM (amenity=place_of_worship).",18.472,https://www.openstreetmap.org/node/13352652760,,
HN-HOLD-04,holdout,Hà Nội,2026-09-20,"gia đình, ngoài trời","park, zoo",21.0405,105.798,25.0,osm:node:10715935205,ACID8 Speciality Coffee,cafe,,5.457,https://www.openstreetmap.org/node/10715935205,,
HN-HOLD-04,holdout,Hà Nội,2026-09-20,"gia đình, ngoài trời","park, zoo",21.0405,105.798,25.0,osm:node:9805222040,Timeline Coffee,cafe,,0.524,https://www.openstreetmap.org/node/9805222040,,
HN-HOLD-04,holdout,Hà Nội,2026-09-20,"gia đình, ngoài trời","park, zoo",21.0405,105.798,25.0,osm:way:1365437934,Sân chơi khu đô thị Tân Tây Đô,park,,10.692,https://www.openstreetmap.org/way/1365437934,,
HN-HOLD-04,holdout,Hà Nội,2026-09-20,"gia đình, ngoài trời","park, zoo",21.0405,105.798,25.0,osm:way:28912942,Nhà thờ Lớn Hà Nội,temple,,5.44,https://www.openstreetmap.org/way/28912942,,
HN-HOLD-04,holdout,Hà Nội,2026-09-20,"gia đình, ngoài trời","park, zoo",21.0405,105.798,25.0,osm:node:5485875291,Sinh Cafe,cafe,,0.562,https://www.openstreetmap.org/node/5485875291,,
HN-HOLD-04,holdout,Hà Nội,2026-09-20,"gia đình, ngoài trời","park, zoo",21.0405,105.798,25.0,osm:way:178995262,Đền Ngọc Sơn,temple,,5.747,https://www.openstreetmap.org/way/178995262,,
HN-HOLD-04,holdout,Hà Nội,2026-09-20,"gia đình, ngoài trời","park, zoo",21.0405,105.798,25.0,osm:way:1087731715,Vườn hoa Tao Đàn,park,,6.547,https://www.openstreetmap.org/way/1087731715,,
HN-HOLD-04,holdout,Hà Nội,2026-09-20,"gia đình, ngoài trời","park, zoo",21.0405,105.798,25.0,osm:way:37933849,Công viên Thống Nhất,park,,5.692,https://www.openstreetmap.org/way/37933849,,
HN-HOLD-04,holdout,Hà Nội,2026-09-20,"gia đình, ngoài trời","park, zoo",21.0405,105.798,25.0,osm:way:959984228,Vườn hoa Nông dân,park,,13.72,https://www.openstreetmap.org/way/959984228,,
HN-HOLD-04,holdout,Hà Nội,2026-09-20,"gia đình, ngoài trời","park, zoo",21.0405,105.798,25.0,osm:way:136176176,Công viên hồ Đền Lừ,park,,8.592,https://www.openstreetmap.org/way/136176176,,
HN-HOLD-04,holdout,Hà Nội,2026-09-20,"gia đình, ngoài trời","park, zoo",21.0405,105.798,25.0,osm:way:339936730,Bảo tàng Dân tộc học Việt Nam,museum,"Bảo tàng tại Đường Nguyễn Văn Huyên, Hà Nội, được phân loại từ dữ liệu OpenStreetMap/HOTOSM (tourism=museum).",0.099,https://www.openstreetmap.org/way/339936730,,
HN-HOLD-04,holdout,Hà Nội,2026-09-20,"gia đình, ngoài trời","park, zoo",21.0405,105.798,25.0,osm:way:1253839879,Công viên hồ Cần,park,,9.388,https://www.openstreetmap.org/way/1253839879,,
HN-HOLD-04,holdout,Hà Nội,2026-09-20,"gia đình, ngoài trời","park, zoo",21.0405,105.798,25.0,osm:node:12645515452,Mơ Coffee,cafe,,0.588,https://www.openstreetmap.org/node/12645515452,,
HN-HOLD-04,holdout,Hà Nội,2026-09-20,"gia đình, ngoài trời","park, zoo",21.0405,105.798,25.0,osm:way:1510802054,Phố Sách Hà Nội,park,"Điểm tham quan tại Phố 19 Tháng 12, Hà Nội, được phân loại từ dữ liệu OpenStreetMap/HOTOSM (tourism=attraction).",5.457,https://www.openstreetmap.org/way/1510802054,,
HN-HOLD-04,holdout,Hà Nội,2026-09-20,"gia đình, ngoài trời","park, zoo",21.0405,105.798,25.0,osm:way:908417669,Công viên Long Biên,park,,11.265,https://www.openstreetmap.org/way/908417669,,
HN-HOLD-04,holdout,Hà Nội,2026-09-20,"gia đình, ngoài trời","park, zoo",21.0405,105.798,25.0,osm:way:879841441,Vườn hoa Diên Hồng,park,,6.216,https://www.openstreetmap.org/way/879841441,,
HN-HOLD-04,holdout,Hà Nội,2026-09-20,"gia đình, ngoài trời","park, zoo",21.0405,105.798,25.0,osm:node:12876453886,Đền Thiên Vương Thịnh,temple,"Điểm văn hóa tâm linh tại 20.992428, 105.908065, được phân loại từ dữ liệu OpenStreetMap/HOTOSM (amenity=place_of_worship).",12.613,https://www.openstreetmap.org/node/12876453886,,
HN-HOLD-04,holdout,Hà Nội,2026-09-20,"gia đình, ngoài trời","park, zoo",21.0405,105.798,25.0,osm:way:1223384698,Tonkin's park,park,,7.787,https://www.openstreetmap.org/way/1223384698,,
HN-HOLD-04,holdout,Hà Nội,2026-09-20,"gia đình, ngoài trời","park, zoo",21.0405,105.798,25.0,osm:way:37625751,Lăng Chủ tịch Hồ Chí Minh,historic,"Lăng Chủ tịch Hồ Chí Minh (Hà Nội) là nơi lưu giữ thi hài của Chủ tịch Hồ Chí Minh, trở thành biểu tượng của lòng tôn kính và biết ơn của nhân dân Việt Nam.",3.83,https://www.openstreetmap.org/way/37625751,,
HN-HOLD-04,holdout,Hà Nội,2026-09-20,"gia đình, ngoài trời","park, zoo",21.0405,105.798,25.0,osm:node:423736651,Cà Phê Kafa,cafe,,0.428,https://www.openstreetmap.org/node/423736651,,
HN-HOLD-04,holdout,Hà Nội,2026-09-20,"gia đình, ngoài trời","park, zoo",21.0405,105.798,25.0,osm:way:1264582880,Nhà hàng Tam Vị Chân Hỏa 三味珍火,restaurant,,0.774,https://www.openstreetmap.org/way/1264582880,,
HN-HOLD-04,holdout,Hà Nội,2026-09-20,"gia đình, ngoài trời","park, zoo",21.0405,105.798,25.0,osm:node:3769973034,Nhà Hàng Bò Đội Nón,restaurant,,0.574,https://www.openstreetmap.org/node/3769973034,,
HN-HOLD-04,holdout,Hà Nội,2026-09-20,"gia đình, ngoài trời","park, zoo",21.0405,105.798,25.0,osm:node:10855443206,Chùa Tranh Khúc,temple,"Điểm văn hóa tâm linh tại 20.924956, 105.888766, được phân loại từ dữ liệu OpenStreetMap/HOTOSM (amenity=place_of_worship).",15.933,https://www.openstreetmap.org/node/10855443206,,
HN-HOLD-04,holdout,Hà Nội,2026-09-20,"gia đình, ngoài trời","park, zoo",21.0405,105.798,25.0,osm:way:223798542,Vườn hoa Lý Tự Trọng,park,,3.872,https://www.openstreetmap.org/way/223798542,,
HN-HOLD-04,holdout,Hà Nội,2026-09-20,"gia đình, ngoài trời","park, zoo",21.0405,105.798,25.0,osm:node:11644509069,Phương Nguyên Quán,restaurant,,0.539,https://www.openstreetmap.org/node/11644509069,,
HN-HOLD-04,holdout,Hà Nội,2026-09-20,"gia đình, ngoài trời","park, zoo",21.0405,105.798,25.0,osm:way:1103182086,Công viên Võ Thị Sáu,park,,7.248,https://www.openstreetmap.org/way/1103182086,,
HN-HOLD-04,holdout,Hà Nội,2026-09-20,"gia đình, ngoài trời","park, zoo",21.0405,105.798,25.0,osm:node:6946996147,Shichifuku Hanoi,restaurant,,1.239,https://www.openstreetmap.org/node/6946996147,,
HN-HOLD-04,holdout,Hà Nội,2026-09-20,"gia đình, ngoài trời","park, zoo",21.0405,105.798,25.0,osm:node:3794435557,Đình Làng Quảng Bá,temple,"Điểm văn hóa tâm linh tại 21.066868, 105.823032, được phân loại từ dữ liệu OpenStreetMap/HOTOSM (amenity=place_of_worship).",3.917,https://www.openstreetmap.org/node/3794435557,,
HN-HOLD-04,holdout,Hà Nội,2026-09-20,"gia đình, ngoài trời","park, zoo",21.0405,105.798,25.0,osm:node:733355066,Cà Phê AnAn,cafe,,0.673,https://www.openstreetmap.org/node/733355066,,
HN-HOLD-04,holdout,Hà Nội,2026-09-20,"gia đình, ngoài trời","park, zoo",21.0405,105.798,25.0,osm:node:10179892274,The East,restaurant,,4.935,https://www.openstreetmap.org/node/10179892274,,
HN-HOLD-05,holdout,Hà Nội,2026-09-20,"nghệ thuật, văn hóa","gallery, performance_venue",21.0285,105.8542,15.0,osm:way:37933256,Viện Bảo tàng Lịch sử Việt Nam,museum,,0.754,https://www.openstreetmap.org/way/37933256,,
HN-HOLD-05,holdout,Hà Nội,2026-09-20,"nghệ thuật, văn hóa","gallery, performance_venue",21.0285,105.8542,15.0,osm:way:1117240270,Nhà hàng Thủy Tạ,restaurant,,0.435,https://www.openstreetmap.org/way/1117240270,,
HN-HOLD-05,holdout,Hà Nội,2026-09-20,"nghệ thuật, văn hóa","gallery, performance_venue",21.0285,105.8542,15.0,osm:node:12744754301,FU RONG HUA,restaurant,,0.447,https://www.openstreetmap.org/node/12744754301,,
HN-HOLD-05,holdout,Hà Nội,2026-09-20,"nghệ thuật, văn hóa","gallery, performance_venue",21.0285,105.8542,15.0,osm:way:37629143,Bảo tàng Hồ Chí Minh,museum,,2.374,https://www.openstreetmap.org/way/37629143,,
HN-HOLD-05,holdout,Hà Nội,2026-09-20,"nghệ thuật, văn hóa","gallery, performance_venue",21.0285,105.8542,15.0,osm:way:700145152,Bảo tàng Mỹ thuật Việt Nam,museum,,1.797,https://www.openstreetmap.org/way/700145152,,
HN-HOLD-05,holdout,Hà Nội,2026-09-20,"nghệ thuật, văn hóa","gallery, performance_venue",21.0285,105.8542,15.0,osm:node:4499978190,Bảo tàng Địa chất Việt Nam,museum,,0.727,https://www.openstreetmap.org/node/4499978190,,
HN-HOLD-05,holdout,Hà Nội,2026-09-20,"nghệ thuật, văn hóa","gallery, performance_venue",21.0285,105.8542,15.0,osm:way:1148571536,Bảo tàng Lịch sử Quân sự Việt Nam,museum,,10.497,https://www.openstreetmap.org/way/1148571536,,
HN-HOLD-05,holdout,Hà Nội,2026-09-20,"nghệ thuật, văn hóa","gallery, performance_venue",21.0285,105.8542,15.0,osm:node:12876453886,Đền Thiên Vương Thịnh,temple,"Điểm văn hóa tâm linh tại 20.992428, 105.908065, được phân loại từ dữ liệu OpenStreetMap/HOTOSM (amenity=place_of_worship).",6.881,https://www.openstreetmap.org/node/12876453886,,
HN-HOLD-05,holdout,Hà Nội,2026-09-20,"nghệ thuật, văn hóa","gallery, performance_venue",21.0285,105.8542,15.0,osm:way:28912942,Nhà thờ Lớn Hà Nội,temple,,0.555,https://www.openstreetmap.org/way/28912942,,
HN-HOLD-05,holdout,Hà Nội,2026-09-20,"nghệ thuật, văn hóa","gallery, performance_venue",21.0285,105.8542,15.0,osm:way:480826771,Bảo tàng Văn học Việt Nam,museum,,5.609,https://www.openstreetmap.org/way/480826771,,
HN-HOLD-05,holdout,Hà Nội,2026-09-20,"nghệ thuật, văn hóa","gallery, performance_venue",21.0285,105.8542,15.0,osm:node:4255651589,Wanna Waffle?,cafe,,0.425,https://www.openstreetmap.org/node/4255651589,,
HN-HOLD-05,holdout,Hà Nội,2026-09-20,"nghệ thuật, văn hóa","gallery, performance_venue",21.0285,105.8542,15.0,osm:way:704147278,Bảo tàng Phụ nữ Việt Nam,museum,,0.633,https://www.openstreetmap.org/way/704147278,,
HN-HOLD-05,holdout,Hà Nội,2026-09-20,"nghệ thuật, văn hóa","gallery, performance_venue",21.0285,105.8542,15.0,osm:node:13275273171,Đây Đi,cafe,,0.316,https://www.openstreetmap.org/node/13275273171,,
HN-HOLD-05,holdout,Hà Nội,2026-09-20,"nghệ thuật, văn hóa","gallery, performance_venue",21.0285,105.8542,15.0,osm:node:13352652760,Đình Thuận Quang,temple,"Điểm văn hóa tâm linh tại Ngõ 533 Nguyễn Bình, Hà Nội, được phân loại từ dữ liệu OpenStreetMap/HOTOSM (amenity=place_of_worship).",12.49,https://www.openstreetmap.org/node/13352652760,,
HN-HOLD-05,holdout,Hà Nội,2026-09-20,"nghệ thuật, văn hóa","gallery, performance_venue",21.0285,105.8542,15.0,osm:way:340128580,Di tích Nhà tù Hỏa Lò,museum,,0.868,https://www.openstreetmap.org/way/340128580,,
HN-HOLD-05,holdout,Hà Nội,2026-09-20,"nghệ thuật, văn hóa","gallery, performance_venue",21.0285,105.8542,15.0,osm:node:6533893985,Nhac cafe,restaurant,,0.449,https://www.openstreetmap.org/node/6533893985,,
HN-HOLD-05,holdout,Hà Nội,2026-09-20,"nghệ thuật, văn hóa","gallery, performance_venue",21.0285,105.8542,15.0,osm:node:3794435557,Đình Làng Quảng Bá,temple,"Điểm văn hóa tâm linh tại 21.066868, 105.823032, được phân loại từ dữ liệu OpenStreetMap/HOTOSM (amenity=place_of_worship).",5.354,https://www.openstreetmap.org/node/3794435557,,
HN-HOLD-05,holdout,Hà Nội,2026-09-20,"nghệ thuật, văn hóa","gallery, performance_venue",21.0285,105.8542,15.0,osm:node:13516584409,The Banh Mi Station,restaurant,,0.429,https://www.openstreetmap.org/node/13516584409,,
HN-HOLD-05,holdout,Hà Nội,2026-09-20,"nghệ thuật, văn hóa","gallery, performance_venue",21.0285,105.8542,15.0,osm:way:409390951,Trung tâm Lưu trữ và Triển lãm Ảnh Nghệ thuật Việt Nam,museum,,7.16,https://www.openstreetmap.org/way/409390951,,
HN-HOLD-05,holdout,Hà Nội,2026-09-20,"nghệ thuật, văn hóa","gallery, performance_venue",21.0285,105.8542,15.0,osm:way:37933050,Nhà hát Lớn,performance_venue,,0.609,https://www.openstreetmap.org/way/37933050,,
HN-HOLD-05,holdout,Hà Nội,2026-09-20,"nghệ thuật, văn hóa","gallery, performance_venue",21.0285,105.8542,15.0,osm:way:1234036432,Đông Phong Art Gallery,gallery,,0.488,https://www.openstreetmap.org/way/1234036432,,
HN-HOLD-05,holdout,Hà Nội,2026-09-20,"nghệ thuật, văn hóa","gallery, performance_venue",21.0285,105.8542,15.0,osm:way:37625751,Lăng Chủ tịch Hồ Chí Minh,historic,"Lăng Chủ tịch Hồ Chí Minh (Hà Nội) là nơi lưu giữ thi hài của Chủ tịch Hồ Chí Minh, trở thành biểu tượng của lòng tôn kính và biết ơn của nhân dân Việt Nam.",2.225,https://www.openstreetmap.org/way/37625751,,
HN-HOLD-05,holdout,Hà Nội,2026-09-20,"nghệ thuật, văn hóa","gallery, performance_venue",21.0285,105.8542,15.0,osm:node:12090398186,Lunet Art Galerie,gallery,,1.614,https://www.openstreetmap.org/node/12090398186,,
HN-HOLD-05,holdout,Hà Nội,2026-09-20,"nghệ thuật, văn hóa","gallery, performance_venue",21.0285,105.8542,15.0,osm:node:7162750926,Halo Coffee & Juices,cafe,,0.313,https://www.openstreetmap.org/node/7162750926,,
HN-HOLD-05,holdout,Hà Nội,2026-09-20,"nghệ thuật, văn hóa","gallery, performance_venue",21.0285,105.8542,15.0,osm:node:10715935205,ACID8 Speciality Coffee,cafe,,1.15,https://www.openstreetmap.org/node/10715935205,,
HN-HOLD-05,holdout,Hà Nội,2026-09-20,"nghệ thuật, văn hóa","gallery, performance_venue",21.0285,105.8542,15.0,osm:node:4486828192,Cafe Dinh,cafe,Best egg coffee with art latte,0.432,https://www.openstreetmap.org/node/4486828192,,
HN-HOLD-05,holdout,Hà Nội,2026-09-20,"nghệ thuật, văn hóa","gallery, performance_venue",21.0285,105.8542,15.0,osm:node:4846983321,Cafe Nang (la belle rooftopi),cafe,,0.416,https://www.openstreetmap.org/node/4846983321,,
HN-HOLD-05,holdout,Hà Nội,2026-09-20,"nghệ thuật, văn hóa","gallery, performance_venue",21.0285,105.8542,15.0,osm:way:339936730,Bảo tàng Dân tộc học Việt Nam,museum,"Bảo tàng tại Đường Nguyễn Văn Huyên, Hà Nội, được phân loại từ dữ liệu OpenStreetMap/HOTOSM (tourism=museum).",5.888,https://www.openstreetmap.org/way/339936730,,
HN-HOLD-05,holdout,Hà Nội,2026-09-20,"nghệ thuật, văn hóa","gallery, performance_venue",21.0285,105.8542,15.0,osm:way:1019050229,Bảo tàng Binh chủng Hóa học,museum,,7.131,https://www.openstreetmap.org/way/1019050229,,
HN-HOLD-05,holdout,Hà Nội,2026-09-20,"nghệ thuật, văn hóa","gallery, performance_venue",21.0285,105.8542,15.0,osm:node:10855443206,Chùa Tranh Khúc,temple,"Điểm văn hóa tâm linh tại 20.924956, 105.888766, được phân loại từ dữ liệu OpenStreetMap/HOTOSM (amenity=place_of_worship).",12.06,https://www.openstreetmap.org/node/10855443206,,
HN-HOLD-05,holdout,Hà Nội,2026-09-20,"nghệ thuật, văn hóa","gallery, performance_venue",21.0285,105.8542,15.0,osm:node:10179892274,The East,restaurant,,1.054,https://www.openstreetmap.org/node/10179892274,,
HN-HOLD-05,holdout,Hà Nội,2026-09-20,"nghệ thuật, văn hóa","gallery, performance_venue",21.0285,105.8542,15.0,osm:way:178995262,Đền Ngọc Sơn,temple,,0.312,https://www.openstreetmap.org/way/178995262,,
HN-HOLD-06,holdout,Hà Nội,2026-09-20,,,21.0285,105.8542,12.0,osm:way:1148571536,Bảo tàng Lịch sử Quân sự Việt Nam,museum,,10.497,https://www.openstreetmap.org/way/1148571536,,
HN-HOLD-06,holdout,Hà Nội,2026-09-20,,,21.0285,105.8542,12.0,osm:node:13516584409,The Banh Mi Station,restaurant,,0.429,https://www.openstreetmap.org/node/13516584409,,
HN-HOLD-06,holdout,Hà Nội,2026-09-20,,,21.0285,105.8542,12.0,osm:node:10103088449,Tokachiya Ramen,restaurant,,4.901,https://www.openstreetmap.org/node/10103088449,,
HN-HOLD-06,holdout,Hà Nội,2026-09-20,,,21.0285,105.8542,12.0,osm:way:178995262,Đền Ngọc Sơn,temple,,0.312,https://www.openstreetmap.org/way/178995262,,
HN-HOLD-06,holdout,Hà Nội,2026-09-20,,,21.0285,105.8542,12.0,osm:node:10715935205,ACID8 Speciality Coffee,cafe,,1.15,https://www.openstreetmap.org/node/10715935205,,
HN-HOLD-06,holdout,Hà Nội,2026-09-20,,,21.0285,105.8542,12.0,osm:node:10098130619,Youone Hotdog,restaurant,,2.883,https://www.openstreetmap.org/node/10098130619,,
HN-HOLD-06,holdout,Hà Nội,2026-09-20,,,21.0285,105.8542,12.0,osm:node:6533893985,Nhac cafe,restaurant,,0.449,https://www.openstreetmap.org/node/6533893985,,
HN-HOLD-06,holdout,Hà Nội,2026-09-20,,,21.0285,105.8542,12.0,osm:way:704147278,Bảo tàng Phụ nữ Việt Nam,museum,,0.633,https://www.openstreetmap.org/way/704147278,,
HN-HOLD-06,holdout,Hà Nội,2026-09-20,,,21.0285,105.8542,12.0,osm:way:1234036432,Đông Phong Art Gallery,gallery,,0.488,https://www.openstreetmap.org/way/1234036432,,
HN-HOLD-06,holdout,Hà Nội,2026-09-20,,,21.0285,105.8542,12.0,osm:node:10098130620,Youone Hotdog,restaurant,,4.88,https://www.openstreetmap.org/node/10098130620,,
HN-HOLD-06,holdout,Hà Nội,2026-09-20,,,21.0285,105.8542,12.0,osm:way:339936730,Bảo tàng Dân tộc học Việt Nam,museum,"Bảo tàng tại Đường Nguyễn Văn Huyên, Hà Nội, được phân loại từ dữ liệu OpenStreetMap/HOTOSM (tourism=museum).",5.888,https://www.openstreetmap.org/way/339936730,,
HN-HOLD-06,holdout,Hà Nội,2026-09-20,,,21.0285,105.8542,12.0,osm:way:28912942,Nhà thờ Lớn Hà Nội,temple,,0.555,https://www.openstreetmap.org/way/28912942,,
HN-HOLD-06,holdout,Hà Nội,2026-09-20,,,21.0285,105.8542,12.0,osm:way:1117240270,Nhà hàng Thủy Tạ,restaurant,,0.435,https://www.openstreetmap.org/way/1117240270,,
HN-HOLD-06,holdout,Hà Nội,2026-09-20,,,21.0285,105.8542,12.0,osm:node:4255651589,Wanna Waffle?,cafe,,0.425,https://www.openstreetmap.org/node/4255651589,,
HN-HOLD-06,holdout,Hà Nội,2026-09-20,,,21.0285,105.8542,12.0,osm:node:12744754301,FU RONG HUA,restaurant,,0.447,https://www.openstreetmap.org/node/12744754301,,
HN-HOLD-06,holdout,Hà Nội,2026-09-20,,,21.0285,105.8542,12.0,osm:node:4846983321,Cafe Nang (la belle rooftopi),cafe,,0.416,https://www.openstreetmap.org/node/4846983321,,
HN-HOLD-06,holdout,Hà Nội,2026-09-20,,,21.0285,105.8542,12.0,osm:node:3794435557,Đình Làng Quảng Bá,temple,"Điểm văn hóa tâm linh tại 21.066868, 105.823032, được phân loại từ dữ liệu OpenStreetMap/HOTOSM (amenity=place_of_worship).",5.354,https://www.openstreetmap.org/node/3794435557,,
HN-HOLD-06,holdout,Hà Nội,2026-09-20,,,21.0285,105.8542,12.0,osm:way:1103182086,Công viên Võ Thị Sáu,park,,2.566,https://www.openstreetmap.org/way/1103182086,,
HN-HOLD-06,holdout,Hà Nội,2026-09-20,,,21.0285,105.8542,12.0,osm:node:10114776452,Skyline Coffee,cafe,,3.667,https://www.openstreetmap.org/node/10114776452,,
HN-HOLD-06,holdout,Hà Nội,2026-09-20,,,21.0285,105.8542,12.0,osm:way:37625751,Lăng Chủ tịch Hồ Chí Minh,historic,"Lăng Chủ tịch Hồ Chí Minh (Hà Nội) là nơi lưu giữ thi hài của Chủ tịch Hồ Chí Minh, trở thành biểu tượng của lòng tôn kính và biết ơn của nhân dân Việt Nam.",2.225,https://www.openstreetmap.org/way/37625751,,
HN-HOLD-06,holdout,Hà Nội,2026-09-20,,,21.0285,105.8542,12.0,osm:node:10011953034,Micasa - Tea & Coffee,cafe,,11.897,https://www.openstreetmap.org/node/10011953034,,
HN-HOLD-06,holdout,Hà Nội,2026-09-20,,,21.0285,105.8542,12.0,osm:way:1510802054,Phố Sách Hà Nội,park,"Điểm tham quan tại Phố 19 Tháng 12, Hà Nội, được phân loại từ dữ liệu OpenStreetMap/HOTOSM (tourism=attraction).",0.772,https://www.openstreetmap.org/way/1510802054,,
HN-HOLD-06,holdout,Hà Nội,2026-09-20,,,21.0285,105.8542,12.0,osm:node:10129864868,Itaewon Dakgalbi,restaurant,,4.934,https://www.openstreetmap.org/node/10129864868,,
HN-HOLD-06,holdout,Hà Nội,2026-09-20,,,21.0285,105.8542,12.0,osm:node:10098130622,Youone Hotdog,restaurant,,7.526,https://www.openstreetmap.org/node/10098130622,,
HN-HOLD-06,holdout,Hà Nội,2026-09-20,,,21.0285,105.8542,12.0,osm:node:10158964415,Lẩu&Nướng Ăndeee - 188 Phó Đức Chính,restaurant,,1.945,https://www.openstreetmap.org/node/10158964415,,
HN-HOLD-06,holdout,Hà Nội,2026-09-20,,,21.0285,105.8542,12.0,osm:node:10179892274,The East,restaurant,,1.054,https://www.openstreetmap.org/node/10179892274,,
HN-HOLD-06,holdout,Hà Nội,2026-09-20,,,21.0285,105.8542,12.0,osm:node:10098130621,Youone Hotdog,restaurant,,3.514,https://www.openstreetmap.org/node/10098130621,,
HN-HOLD-06,holdout,Hà Nội,2026-09-20,,,21.0285,105.8542,12.0,osm:node:12876453886,Đền Thiên Vương Thịnh,temple,"Điểm văn hóa tâm linh tại 20.992428, 105.908065, được phân loại từ dữ liệu OpenStreetMap/HOTOSM (amenity=place_of_worship).",6.881,https://www.openstreetmap.org/node/12876453886,,
HN-HOLD-06,holdout,Hà Nội,2026-09-20,,,21.0285,105.8542,12.0,osm:node:4486828192,Cafe Dinh,cafe,Best egg coffee with art latte,0.432,https://www.openstreetmap.org/node/4486828192,,
HN-HOLD-06,holdout,Hà Nội,2026-09-20,,,21.0285,105.8542,12.0,osm:node:7162750926,Halo Coffee & Juices,cafe,,0.313,https://www.openstreetmap.org/node/7162750926,,
HN-HOLD-06,holdout,Hà Nội,2026-09-20,,,21.0285,105.8542,12.0,osm:way:696913691,Hoàng thành Thăng Long,historic,,1.787,https://www.openstreetmap.org/way/696913691,,
HN-HOLD-06,holdout,Hà Nội,2026-09-20,,,21.0285,105.8542,12.0,osm:way:340128580,Di tích Nhà tù Hỏa Lò,museum,,0.868,https://www.openstreetmap.org/way/340128580,,
HN-HOLD-06,holdout,Hà Nội,2026-09-20,,,21.0285,105.8542,12.0,osm:node:12090398186,Lunet Art Galerie,gallery,,1.614,https://www.openstreetmap.org/node/12090398186,,
HN-HOLD-06,holdout,Hà Nội,2026-09-20,,,21.0285,105.8542,12.0,osm:node:10082412846,Highlands Coffee,cafe,,6.414,https://www.openstreetmap.org/node/10082412846,,
HN-HOLD-06,holdout,Hà Nội,2026-09-20,,,21.0285,105.8542,12.0,osm:node:13275273171,Đây Đi,cafe,,0.316,https://www.openstreetmap.org/node/13275273171,,
DN-DEV-01,development,Đà Nẵng,2026-09-20,"biển, thiên nhiên, chụp ảnh","beach, viewpoint",16.0544,108.2022,25.0,osm:node:13687068650,Linh Phong Bảo Tháp,attraction,,23.942,https://www.openstreetmap.org/node/13687068650,,
DN-DEV-01,development,Đà Nẵng,2026-09-20,"biển, thiên nhiên, chụp ảnh","beach, viewpoint",16.0544,108.2022,25.0,osm:relation:8552348,Ngũ Hành Sơn,nature_area,"Cụm núi đá vôi gồm 5 ngọn núi với hang động, chùa chiền, và khung cảnh thiên nhiên tuyệt đẹp. Nổi bật là động Huyền Không và chùa Tam Thai.",8.561,https://www.openstreetmap.org/relation/8552348,,
DN-DEV-01,development,Đà Nẵng,2026-09-20,"biển, thiên nhiên, chụp ảnh","beach, viewpoint",16.0544,108.2022,25.0,osm:node:5273998823,Cầu Trần Thị Lý,attraction,,2.942,https://www.openstreetmap.org/node/5273998823,,
DN-DEV-01,development,Đà Nẵng,2026-09-20,"biển, thiên nhiên, chụp ảnh","beach, viewpoint",16.0544,108.2022,25.0,osm:node:11665246470,Trình cà phê,cafe,,2.523,https://www.openstreetmap.org/node/11665246470,,
DN-DEV-01,development,Đà Nẵng,2026-09-20,"biển, thiên nhiên, chụp ảnh","beach, viewpoint",16.0544,108.2022,25.0,osm:relation:7055216,Bán đảo Sơn Trà,nature_area,,10.072,https://www.openstreetmap.org/relation/7055216,,
DN-DEV-01,development,Đà Nẵng,2026-09-20,"biển, thiên nhiên, chụp ảnh","beach, viewpoint",16.0544,108.2022,25.0,osm:node:7370362779,"Cơm trưa, lẫu nướng Rammus",restaurant,,1.052,https://www.openstreetmap.org/node/7370362779,,
DN-DEV-01,development,Đà Nẵng,2026-09-20,"biển, thiên nhiên, chụp ảnh","beach, viewpoint",16.0544,108.2022,25.0,osm:node:10709724107,Làng đá mỹ nghệ Non Nước,craft_village,,9.097,https://www.openstreetmap.org/node/10709724107,,
DN-DEV-01,development,Đà Nẵng,2026-09-20,"biển, thiên nhiên, chụp ảnh","beach, viewpoint",16.0544,108.2022,25.0,osm:node:8616537318,Cà phê 27,cafe,,1.177,https://www.openstreetmap.org/node/8616537318,,
DN-DEV-01,development,Đà Nẵng,2026-09-20,"biển, thiên nhiên, chụp ảnh","beach, viewpoint",16.0544,108.2022,25.0,osm:node:10310109109,KURUMI - Healthy Vegan Food & Desserts,restaurant,,4.975,https://www.openstreetmap.org/node/10310109109,,
DN-DEV-01,development,Đà Nẵng,2026-09-20,"biển, thiên nhiên, chụp ảnh","beach, viewpoint",16.0544,108.2022,25.0,osm:node:4571159189,Café 68,cafe,,1.398,https://www.openstreetmap.org/node/4571159189,,
DN-DEV-01,development,Đà Nẵng,2026-09-20,"biển, thiên nhiên, chụp ảnh","beach, viewpoint",16.0544,108.2022,25.0,osm:node:13340074016,Becoming Specialty Coffee,cafe,,0.36,https://www.openstreetmap.org/node/13340074016,,
DN-DEV-01,development,Đà Nẵng,2026-09-20,"biển, thiên nhiên, chụp ảnh","beach, viewpoint",16.0544,108.2022,25.0,osm:way:14131302,Hoi An Memories Land,theme_park,"Công viên giải trí tại 15.875074, 108.339847, được phân loại từ dữ liệu OpenStreetMap/HOTOSM (tourism=theme_park).",24.792,https://www.openstreetmap.org/way/14131302,,
DN-DEV-01,development,Đà Nẵng,2026-09-20,"biển, thiên nhiên, chụp ảnh","beach, viewpoint",16.0544,108.2022,25.0,osm:node:5293335937,Đổi gió,restaurant,,0.972,https://www.openstreetmap.org/node/5293335937,,
DN-DEV-01,development,Đà Nẵng,2026-09-20,"biển, thiên nhiên, chụp ảnh","beach, viewpoint",16.0544,108.2022,25.0,osm:node:13040467529,Bãi Đá,beach,"Điểm nghệ thuật tại 16.099266, 108.300740, được phân loại từ dữ liệu OpenStreetMap/HOTOSM (tourism=artwork).",11.683,https://www.openstreetmap.org/node/13040467529,,
DN-DEV-01,development,Đà Nẵng,2026-09-20,"biển, thiên nhiên, chụp ảnh","beach, viewpoint",16.0544,108.2022,25.0,osm:node:11934169470,Queen Cobra,attraction,,2.826,https://www.openstreetmap.org/node/11934169470,,
DN-DEV-01,development,Đà Nẵng,2026-09-20,"biển, thiên nhiên, chụp ảnh","beach, viewpoint",16.0544,108.2022,25.0,osm:relation:19000664,Bãi biển Mỹ Khê,beach,"Một trong những bãi biển đẹp nhất hành tinh, nổi tiếng với bãi cát trắng mịn, nước biển trong xanh, là nơi lý tưởng để tắm biển và các hoạt động thể thao dưới nước.",5.326,https://www.openstreetmap.org/relation/19000664,,
DN-DEV-01,development,Đà Nẵng,2026-09-20,"biển, thiên nhiên, chụp ảnh","beach, viewpoint",16.0544,108.2022,25.0,osm:node:5978084714,Nhà Hàng Chay Hoa Sen - Vegetarian Restaurant,restaurant,vegetarian food,1.101,https://www.openstreetmap.org/node/5978084714,,
DN-DEV-01,development,Đà Nẵng,2026-09-20,"biển, thiên nhiên, chụp ảnh","beach, viewpoint",16.0544,108.2022,25.0,osm:node:11715206469,Cơm gà Trần Tống,restaurant,,0.752,https://www.openstreetmap.org/node/11715206469,,
DN-DEV-01,development,Đà Nẵng,2026-09-20,"biển, thiên nhiên, chụp ảnh","beach, viewpoint",16.0544,108.2022,25.0,osm:node:2617007574,Kazimierz Kwiatkowski,historic,,23.836,https://www.openstreetmap.org/node/2617007574,,
DN-DEV-01,development,Đà Nẵng,2026-09-20,"biển, thiên nhiên, chụp ảnh","beach, viewpoint",16.0544,108.2022,25.0,osm:node:8616536517,Điểm tâm chị Út,restaurant,,1.396,https://www.openstreetmap.org/node/8616536517,,
DN-DEV-01,development,Đà Nẵng,2026-09-20,"biển, thiên nhiên, chụp ảnh","beach, viewpoint",16.0544,108.2022,25.0,osm:way:302944359,Chùa Trung Lương,temple,"Điểm văn hóa tâm linh tại 16.002579, 108.215228, được phân loại từ dữ liệu OpenStreetMap/HOTOSM (amenity=place_of_worship).",5.928,https://www.openstreetmap.org/way/302944359,,
DN-DEV-01,development,Đà Nẵng,2026-09-20,"biển, thiên nhiên, chụp ảnh","beach, viewpoint",16.0544,108.2022,25.0,osm:way:1109970012,Trú Vũ Trà Quán,attraction,"Trú Vũ Trà Quán — традиционный чайный домик в северном вьетнамском стиле. Здесь можно насладиться чайной церемонией, любуясь облаками, бескрайним первобытным лесом и величественным видом на Французскую деревню. Построен с низкими квадратными столиками в д",23.918,https://www.openstreetmap.org/way/1109970012,,
DN-DEV-01,development,Đà Nẵng,2026-09-20,"biển, thiên nhiên, chụp ảnh","beach, viewpoint",16.0544,108.2022,25.0,osm:node:4281489185,TiPi English Speaking Cafe,cafe,,0.899,https://www.openstreetmap.org/node/4281489185,,
DN-DEV-01,development,Đà Nẵng,2026-09-20,"biển, thiên nhiên, chụp ảnh","beach, viewpoint",16.0544,108.2022,25.0,osm:way:35952591,Chợ vải Hội An,attraction,,24.161,https://www.openstreetmap.org/way/35952591,,
DN-DEV-01,development,Đà Nẵng,2026-09-20,"biển, thiên nhiên, chụp ảnh","beach, viewpoint",16.0544,108.2022,25.0,poi-google:3aac3427ee25b18a817027e9,Phố cổ Hội An,old_quarter,,24.015,https://www.google.com/maps/place/Ph%E1%BB%91+C%E1%BB%95+H%E1%BB%99i+An/data=!4m7!3m6!1s0x31420f0062ae7c13:0xdea0701c8330039c!8m2!3d15.8786082!4d108.3326924!16s%2Fg%2F11m_62jvyq!19sChIJE3yuYgAPQjERnAMwgxxwoN4?authuser=0&hl=en&g_ep=EgoyMDI2MDkxNC4wIJJjKgBIAVAD&rclk=1,,
DN-DEV-01,development,Đà Nẵng,2026-09-20,"biển, thiên nhiên, chụp ảnh","beach, viewpoint",16.0544,108.2022,25.0,osm:node:10652658505,Peanuts - Vegan Vietnamese Food,restaurant,"At Peanuts, we serve traditional Vietnamese vegan cuisine, with a particular emphasis on my family’s own personal recipes.",24.719,https://www.openstreetmap.org/node/10652658505,,
DN-DEV-01,development,Đà Nẵng,2026-09-20,"biển, thiên nhiên, chụp ảnh","beach, viewpoint",16.0544,108.2022,25.0,osm:way:694831926,Cầu Rồng Đà Nẵng,attraction,"Saturday and Sunday, 9pm",2.847,https://www.openstreetmap.org/way/694831926,,
DN-DEV-01,development,Đà Nẵng,2026-09-20,"biển, thiên nhiên, chụp ảnh","beach, viewpoint",16.0544,108.2022,25.0,osm:node:10773540605,Art Coffee,cafe,,4.545,https://www.openstreetmap.org/node/10773540605,,
DN-DEV-01,development,Đà Nẵng,2026-09-20,"biển, thiên nhiên, chụp ảnh","beach, viewpoint",16.0544,108.2022,25.0,osm:node:10536187009,Dudu Cafe Hoi An,cafe,,24.062,https://www.openstreetmap.org/node/10536187009,,
DN-DEV-01,development,Đà Nẵng,2026-09-20,"biển, thiên nhiên, chụp ảnh","beach, viewpoint",16.0544,108.2022,25.0,osm:node:10959238968,Thom's Sourdough Bakery & Coffee - Tan Thanh Beach,cafe,"Located in the quiet seaside village of Tan Thanh, our spacious two-floor bakery is a destination for artisan food and relaxed productivity. On the ground floor, you will find our signature handcrafted sourdough, pastries, and a deli shop.",22.406,https://www.openstreetmap.org/node/10959238968,,
DN-DEV-01,development,Đà Nẵng,2026-09-20,"biển, thiên nhiên, chụp ảnh","beach, viewpoint",16.0544,108.2022,25.0,osm:node:12612220720,Sơn Hải,cafe,,1.004,https://www.openstreetmap.org/node/12612220720,,
DN-DEV-02,development,Đà Nẵng,2026-09-20,"phố cổ, lịch sử, ẩm thực","old_quarter, historic",15.8794,108.3278,20.0,osm:node:4706534566,Orivy,restaurant,,1.073,https://www.openstreetmap.org/node/4706534566,,
DN-DEV-02,development,Đà Nẵng,2026-09-20,"phố cổ, lịch sử, ẩm thực","old_quarter, historic",15.8794,108.3278,20.0,osm:node:10652658505,Peanuts - Vegan Vietnamese Food,restaurant,"At Peanuts, we serve traditional Vietnamese vegan cuisine, with a particular emphasis on my family’s own personal recipes.",1.789,https://www.openstreetmap.org/node/10652658505,,
DN-DEV-02,development,Đà Nẵng,2026-09-20,"phố cổ, lịch sử, ẩm thực","old_quarter, historic",15.8794,108.3278,20.0,osm:way:14131302,Hoi An Memories Land,theme_park,"Công viên giải trí tại 15.875074, 108.339847, được phân loại từ dữ liệu OpenStreetMap/HOTOSM (tourism=theme_park).",1.389,https://www.openstreetmap.org/way/14131302,,
DN-DEV-02,development,Đà Nẵng,2026-09-20,"phố cổ, lịch sử, ẩm thực","old_quarter, historic",15.8794,108.3278,20.0,osm:way:565186618,Đình Cẩm Phô,temple,"Điểm du lịch tại 15.878294, 108.324183, được phân loại từ dữ liệu OpenStreetMap/HOTOSM (tourism=yes, amenity=place_of_worship).",0.404,https://www.openstreetmap.org/way/565186618,,
DN-DEV-02,development,Đà Nẵng,2026-09-20,"phố cổ, lịch sử, ẩm thực","old_quarter, historic",15.8794,108.3278,20.0,osm:node:4253896690,The Espresso Station,cafe,,0.098,https://www.openstreetmap.org/node/4253896690,,
DN-DEV-02,development,Đà Nẵng,2026-09-20,"phố cổ, lịch sử, ẩm thực","old_quarter, historic",15.8794,108.3278,20.0,osm:way:782381624,VinWonders Nam Hội An,theme_park,,13.429,https://www.openstreetmap.org/way/782381624,,
DN-DEV-02,development,Đà Nẵng,2026-09-20,"phố cổ, lịch sử, ẩm thực","old_quarter, historic",15.8794,108.3278,20.0,osm:relation:2836882,Chùa Chúc Thánh,temple,"Điểm văn hóa tâm linh tại 15.888976, 108.327056, được phân loại từ dữ liệu OpenStreetMap/HOTOSM (amenity=place_of_worship).",1.068,https://www.openstreetmap.org/relation/2836882,,
DN-DEV-02,development,Đà Nẵng,2026-09-20,"phố cổ, lịch sử, ẩm thực","old_quarter, historic",15.8794,108.3278,20.0,osm:node:12344125229,Di San Vô Giá,museum,,0.732,https://www.openstreetmap.org/node/12344125229,,
DN-DEV-02,development,Đà Nẵng,2026-09-20,"phố cổ, lịch sử, ẩm thực","old_quarter, historic",15.8794,108.3278,20.0,osm:node:2617007574,Kazimierz Kwiatkowski,historic,,0.236,https://www.openstreetmap.org/node/2617007574,,
DN-DEV-02,development,Đà Nẵng,2026-09-20,"phố cổ, lịch sử, ẩm thực","old_quarter, historic",15.8794,108.3278,20.0,osm:way:565592419,Bảo tàng Hội An,museum,,0.205,https://www.openstreetmap.org/way/565592419,,
DN-DEV-02,development,Đà Nẵng,2026-09-20,"phố cổ, lịch sử, ẩm thực","old_quarter, historic",15.8794,108.3278,20.0,poi-google:3aac3427ee25b18a817027e9,Phố cổ Hội An,old_quarter,,0.531,https://www.google.com/maps/place/Ph%E1%BB%91+C%E1%BB%95+H%E1%BB%99i+An/data=!4m7!3m6!1s0x31420f0062ae7c13:0xdea0701c8330039c!8m2!3d15.8786082!4d108.3326924!16s%2Fg%2F11m_62jvyq!19sChIJE3yuYgAPQjERnAMwgxxwoN4?authuser=0&hl=en&g_ep=EgoyMDI2MDkxNC4wIJJjKgBIAVAD&rclk=1,,
DN-DEV-02,development,Đà Nẵng,2026-09-20,"phố cổ, lịch sử, ẩm thực","old_quarter, historic",15.8794,108.3278,20.0,osm:way:302944359,Chùa Trung Lương,temple,"Điểm văn hóa tâm linh tại 16.002579, 108.215228, được phân loại từ dữ liệu OpenStreetMap/HOTOSM (amenity=place_of_worship).",18.234,https://www.openstreetmap.org/way/302944359,,
DN-DEV-02,development,Đà Nẵng,2026-09-20,"phố cổ, lịch sử, ẩm thực","old_quarter, historic",15.8794,108.3278,20.0,poi-google:270efa89c4fa1b1bdeb4cdcd,Chùa Cầu Hội An,historic,,0.317,"https://www.google.com/maps/place/Ch%C3%B9a+C%E1%BA%A7u/@15.8770873,108.3260704,17z/data=!3m1!4b1!4m6!3m5!1s0x31420e7c2d02ec59:0x765864d6697d4846!8m2!3d15.8770873!4d108.3260704!16s%2Fg%2F122xw9sk?entry=ttu&g_ep=EgoyMDI2MDkxNC4wIKXMDSoASAFQAw%3D%3D&hl=en",,
DN-DEV-02,development,Đà Nẵng,2026-09-20,"phố cổ, lịch sử, ẩm thực","old_quarter, historic",15.8794,108.3278,20.0,osm:node:13888271701,Seeds,restaurant,,0.17,https://www.openstreetmap.org/node/13888271701,,
DN-DEV-02,development,Đà Nẵng,2026-09-20,"phố cổ, lịch sử, ẩm thực","old_quarter, historic",15.8794,108.3278,20.0,osm:node:10959238968,Thom's Sourdough Bakery & Coffee - Tan Thanh Beach,cafe,"Located in the quiet seaside village of Tan Thanh, our spacious two-floor bakery is a destination for artisan food and relaxed productivity. On the ground floor, you will find our signature handcrafted sourdough, pastries, and a deli shop.",3.843,https://www.openstreetmap.org/node/10959238968,,
DN-DEV-02,development,Đà Nẵng,2026-09-20,"phố cổ, lịch sử, ẩm thực","old_quarter, historic",15.8794,108.3278,20.0,osm:node:5444693768,Quán Phở Tiến,restaurant,,0.2,https://www.openstreetmap.org/node/5444693768,,
DN-DEV-02,development,Đà Nẵng,2026-09-20,"phố cổ, lịch sử, ẩm thực","old_quarter, historic",15.8794,108.3278,20.0,osm:way:565280048,JEERA,restaurant,,0.132,https://www.openstreetmap.org/way/565280048,,
DN-DEV-02,development,Đà Nẵng,2026-09-20,"phố cổ, lịch sử, ẩm thực","old_quarter, historic",15.8794,108.3278,20.0,osm:node:4352265289,Pho Sua,restaurant,,0.238,https://www.openstreetmap.org/node/4352265289,,
DN-DEV-02,development,Đà Nẵng,2026-09-20,"phố cổ, lịch sử, ẩm thực","old_quarter, historic",15.8794,108.3278,20.0,osm:node:13881156000,Yesh!,cafe,,4.031,https://www.openstreetmap.org/node/13881156000,,
DN-DEV-02,development,Đà Nẵng,2026-09-20,"phố cổ, lịch sử, ẩm thực","old_quarter, historic",15.8794,108.3278,20.0,osm:way:791093474,Chợ Mộc Bài,market,,9.318,https://www.openstreetmap.org/way/791093474,,
DN-DEV-02,development,Đà Nẵng,2026-09-20,"phố cổ, lịch sử, ẩm thực","old_quarter, historic",15.8794,108.3278,20.0,osm:node:10304609242,"Bánh Xèo, Thịt Nướng, Nem Lụi Bà 9",restaurant,,0.36,https://www.openstreetmap.org/node/10304609242,,
DN-DEV-02,development,Đà Nẵng,2026-09-20,"phố cổ, lịch sử, ẩm thực","old_quarter, historic",15.8794,108.3278,20.0,osm:node:13537125073,Bill Coffee & Tea,cafe,,0.095,https://www.openstreetmap.org/node/13537125073,,
DN-DEV-02,development,Đà Nẵng,2026-09-20,"phố cổ, lịch sử, ẩm thực","old_quarter, historic",15.8794,108.3278,20.0,osm:node:11934034253,VVegan,restaurant,,0.309,https://www.openstreetmap.org/node/11934034253,,
DN-DEV-02,development,Đà Nẵng,2026-09-20,"phố cổ, lịch sử, ẩm thực","old_quarter, historic",15.8794,108.3278,20.0,osm:node:13124293801,Cà phê Nhà Nguyên,cafe,,0.084,https://www.openstreetmap.org/node/13124293801,,
DN-DEV-02,development,Đà Nẵng,2026-09-20,"phố cổ, lịch sử, ẩm thực","old_quarter, historic",15.8794,108.3278,20.0,osm:node:5444645841,Tea Garden,restaurant,,0.174,https://www.openstreetmap.org/node/5444645841,,
DN-DEV-02,development,Đà Nẵng,2026-09-20,"phố cổ, lịch sử, ẩm thực","old_quarter, historic",15.8794,108.3278,20.0,osm:node:4905288121,Quan an Anh Vu,restaurant,,0.16,https://www.openstreetmap.org/node/4905288121,,
DN-DEV-02,development,Đà Nẵng,2026-09-20,"phố cổ, lịch sử, ẩm thực","old_quarter, historic",15.8794,108.3278,20.0,osm:node:14078442086,Hoi An Hideout Fishing Barbecue Tour,attraction,Family-run organizer of fishing and river tours,4.332,https://www.openstreetmap.org/node/14078442086,,
DN-DEV-02,development,Đà Nẵng,2026-09-20,"phố cổ, lịch sử, ẩm thực","old_quarter, historic",15.8794,108.3278,20.0,osm:way:212215308,Starbucks,cafe,,0.066,https://www.openstreetmap.org/way/212215308,,
DN-DEV-02,development,Đà Nẵng,2026-09-20,"phố cổ, lịch sử, ẩm thực","old_quarter, historic",15.8794,108.3278,20.0,osm:node:5444674051,Cafe Thiện Trung,cafe,,0.29,https://www.openstreetmap.org/node/5444674051,,
DN-DEV-02,development,Đà Nẵng,2026-09-20,"phố cổ, lịch sử, ẩm thực","old_quarter, historic",15.8794,108.3278,20.0,osm:node:10536187009,Dudu Cafe Hoi An,cafe,,0.473,https://www.openstreetmap.org/node/10536187009,,
DN-DEV-02,development,Đà Nẵng,2026-09-20,"phố cổ, lịch sử, ẩm thực","old_quarter, historic",15.8794,108.3278,20.0,osm:node:5444164055,Day & Night,restaurant,,0.098,https://www.openstreetmap.org/node/5444164055,,
DN-DEV-02,development,Đà Nẵng,2026-09-20,"phố cổ, lịch sử, ẩm thực","old_quarter, historic",15.8794,108.3278,20.0,osm:node:5809954055,Hoi An Smoothie,cafe,,0.103,https://www.openstreetmap.org/node/5809954055,,
DN-HOLD-01,holdout,Đà Nẵng,2026-09-20,"tâm linh, núi, chụp ảnh","temple, nature_area",16.0035,108.263,25.0,osm:node:10709724107,Làng đá mỹ nghệ Non Nước,craft_village,,0.482,https://www.openstreetmap.org/node/10709724107,,
DN-HOLD-01,holdout,Đà Nẵng,2026-09-20,"tâm linh, núi, chụp ảnh","temple, nature_area",16.0035,108.263,25.0,poi-google:3aac3427ee25b18a817027e9,Phố cổ Hội An,old_quarter,,15.76,https://www.google.com/maps/place/Ph%E1%BB%91+C%E1%BB%95+H%E1%BB%99i+An/data=!4m7!3m6!1s0x31420f0062ae7c13:0xdea0701c8330039c!8m2!3d15.8786082!4d108.3326924!16s%2Fg%2F11m_62jvyq!19sChIJE3yuYgAPQjERnAMwgxxwoN4?authuser=0&hl=en&g_ep=EgoyMDI2MDkxNC4wIJJjKgBIAVAD&rclk=1,,
DN-HOLD-01,holdout,Đà Nẵng,2026-09-20,"tâm linh, núi, chụp ảnh","temple, nature_area",16.0035,108.263,25.0,osm:node:5216168822,Thánh thất Cao Đài,temple,,9.055,https://www.openstreetmap.org/node/5216168822,,
DN-HOLD-01,holdout,Đà Nẵng,2026-09-20,"tâm linh, núi, chụp ảnh","temple, nature_area",16.0035,108.263,25.0,osm:node:11665246470,Trình cà phê,cafe,,8.366,https://www.openstreetmap.org/node/11665246470,,
DN-HOLD-01,holdout,Đà Nẵng,2026-09-20,"tâm linh, núi, chụp ảnh","temple, nature_area",16.0035,108.263,25.0,osm:node:13784209321,Tiệm cà phê Nắng,cafe,,2.828,https://www.openstreetmap.org/node/13784209321,,
DN-HOLD-01,holdout,Đà Nẵng,2026-09-20,"tâm linh, núi, chụp ảnh","temple, nature_area",16.0035,108.263,25.0,osm:node:14078442086,Hoi An Hideout Fishing Barbecue Tour,attraction,Family-run organizer of fishing and river tours,18.582,https://www.openstreetmap.org/node/14078442086,,
DN-HOLD-01,holdout,Đà Nẵng,2026-09-20,"tâm linh, núi, chụp ảnh","temple, nature_area",16.0035,108.263,25.0,osm:way:1422444084,Chùa Thuận Thành,temple,"Điểm văn hóa tâm linh tại 16.074391, 108.208597, được phân loại từ dữ liệu OpenStreetMap/HOTOSM (amenity=place_of_worship).",9.795,https://www.openstreetmap.org/way/1422444084,,
DN-HOLD-01,holdout,Đà Nẵng,2026-09-20,"tâm linh, núi, chụp ảnh","temple, nature_area",16.0035,108.263,25.0,osm:node:8474743417,Bảo tàng Phật giáo,museum,,1.007,https://www.openstreetmap.org/node/8474743417,,
DN-HOLD-01,holdout,Đà Nẵng,2026-09-20,"tâm linh, núi, chụp ảnh","temple, nature_area",16.0035,108.263,25.0,osm:relation:7055216,Bán đảo Sơn Trà,nature_area,,13.584,https://www.openstreetmap.org/relation/7055216,,
DN-HOLD-01,holdout,Đà Nẵng,2026-09-20,"tâm linh, núi, chụp ảnh","temple, nature_area",16.0035,108.263,25.0,osm:node:10959238968,Thom's Sourdough Bakery & Coffee - Tan Thanh Beach,cafe,"Located in the quiet seaside village of Tan Thanh, our spacious two-floor bakery is a destination for artisan food and relaxed productivity. On the ground floor, you will find our signature handcrafted sourdough, pastries, and a deli shop.",13.847,https://www.openstreetmap.org/node/10959238968,,
DN-HOLD-01,holdout,Đà Nẵng,2026-09-20,"tâm linh, núi, chụp ảnh","temple, nature_area",16.0035,108.263,25.0,osm:node:4280016689,Chùa Giác Hoàng Viên,temple,"Điểm văn hóa tâm linh tại 16.005616, 108.254634, được phân loại từ dữ liệu OpenStreetMap/HOTOSM (amenity=place_of_worship).",0.925,https://www.openstreetmap.org/node/4280016689,,
DN-HOLD-01,holdout,Đà Nẵng,2026-09-20,"tâm linh, núi, chụp ảnh","temple, nature_area",16.0035,108.263,25.0,osm:node:13040636501,Bo Ne 3 Ngon,restaurant,,4.357,https://www.openstreetmap.org/node/13040636501,,
DN-HOLD-01,holdout,Đà Nẵng,2026-09-20,"tâm linh, núi, chụp ảnh","temple, nature_area",16.0035,108.263,25.0,osm:way:565186618,Đình Cẩm Phô,temple,"Điểm du lịch tại 15.878294, 108.324183, được phân loại từ dữ liệu OpenStreetMap/HOTOSM (tourism=yes, amenity=place_of_worship).",15.38,https://www.openstreetmap.org/way/565186618,,
DN-HOLD-01,holdout,Đà Nẵng,2026-09-20,"tâm linh, núi, chụp ảnh","temple, nature_area",16.0035,108.263,25.0,osm:node:10652658505,Peanuts - Vegan Vietnamese Food,restaurant,"At Peanuts, we serve traditional Vietnamese vegan cuisine, with a particular emphasis on my family’s own personal recipes.",16.34,https://www.openstreetmap.org/node/10652658505,,
DN-HOLD-01,holdout,Đà Nẵng,2026-09-20,"tâm linh, núi, chụp ảnh","temple, nature_area",16.0035,108.263,25.0,osm:node:4352266089,Babylon Steakgarden,restaurant,,4.534,https://www.openstreetmap.org/node/4352266089,,
DN-HOLD-01,holdout,Đà Nẵng,2026-09-20,"tâm linh, núi, chụp ảnh","temple, nature_area",16.0035,108.263,25.0,osm:way:1463167266,Phở An,restaurant,,4.779,https://www.openstreetmap.org/way/1463167266,,
DN-HOLD-01,holdout,Đà Nẵng,2026-09-20,"tâm linh, núi, chụp ảnh","temple, nature_area",16.0035,108.263,25.0,osm:way:1076716243,Chợ Khuê Mỹ,market,"Chợ/điểm sinh hoạt địa phương tại 16.024993, 108.248247, được phân loại từ dữ liệu OpenStreetMap/HOTOSM (amenity=marketplace).",2.863,https://www.openstreetmap.org/way/1076716243,,
DN-HOLD-01,holdout,Đà Nẵng,2026-09-20,"tâm linh, núi, chụp ảnh","temple, nature_area",16.0035,108.263,25.0,osm:node:10310109109,KURUMI - Healthy Vegan Food & Desserts,restaurant,,4.965,https://www.openstreetmap.org/node/10310109109,,
DN-HOLD-01,holdout,Đà Nẵng,2026-09-20,"tâm linh, núi, chụp ảnh","temple, nature_area",16.0035,108.263,25.0,osm:relation:2836882,Chùa Chúc Thánh,temple,"Điểm văn hóa tâm linh tại 15.888976, 108.327056, được phân loại từ dữ liệu OpenStreetMap/HOTOSM (amenity=place_of_worship).",14.458,https://www.openstreetmap.org/relation/2836882,,
DN-HOLD-01,holdout,Đà Nẵng,2026-09-20,"tâm linh, núi, chụp ảnh","temple, nature_area",16.0035,108.263,25.0,osm:way:302944359,Chùa Trung Lương,temple,"Điểm văn hóa tâm linh tại 16.002579, 108.215228, được phân loại từ dữ liệu OpenStreetMap/HOTOSM (amenity=place_of_worship).",5.107,https://www.openstreetmap.org/way/302944359,,
DN-HOLD-01,holdout,Đà Nẵng,2026-09-20,"tâm linh, núi, chụp ảnh","temple, nature_area",16.0035,108.263,25.0,osm:node:8624261430,cá sấu nướng Đà Thành 2,restaurant,,4.025,https://www.openstreetmap.org/node/8624261430,,
DN-HOLD-01,holdout,Đà Nẵng,2026-09-20,"tâm linh, núi, chụp ảnh","temple, nature_area",16.0035,108.263,25.0,osm:relation:8552348,Ngũ Hành Sơn,nature_area,"Cụm núi đá vôi gồm 5 ngọn núi với hang động, chùa chiền, và khung cảnh thiên nhiên tuyệt đẹp. Nổi bật là động Huyền Không và chùa Tam Thai.",0.063,https://www.openstreetmap.org/relation/8552348,,
DN-HOLD-01,holdout,Đà Nẵng,2026-09-20,"tâm linh, núi, chụp ảnh","temple, nature_area",16.0035,108.263,25.0,osm:way:14131302,Hoi An Memories Land,theme_park,"Công viên giải trí tại 15.875074, 108.339847, được phân loại từ dữ liệu OpenStreetMap/HOTOSM (tourism=theme_park).",16.484,https://www.openstreetmap.org/way/14131302,,
DN-HOLD-01,holdout,Đà Nẵng,2026-09-20,"tâm linh, núi, chụp ảnh","temple, nature_area",16.0035,108.263,25.0,osm:node:10536187009,Dudu Cafe Hoi An,cafe,,15.827,https://www.openstreetmap.org/node/10536187009,,
DN-HOLD-01,holdout,Đà Nẵng,2026-09-20,"tâm linh, núi, chụp ảnh","temple, nature_area",16.0035,108.263,25.0,osm:way:1386932720,Tượng Phật Quan Âm - Chùa Mỹ Khê,temple,,7.098,https://www.openstreetmap.org/way/1386932720,,
DN-HOLD-01,holdout,Đà Nẵng,2026-09-20,"tâm linh, núi, chụp ảnh","temple, nature_area",16.0035,108.263,25.0,osm:node:10773540605,Art Coffee,cafe,,6.215,https://www.openstreetmap.org/node/10773540605,,
DN-HOLD-01,holdout,Đà Nẵng,2026-09-20,"tâm linh, núi, chụp ảnh","temple, nature_area",16.0035,108.263,25.0,osm:way:486703049,Chùa Linh Ứng Sơn Trà,temple,,10.873,https://www.openstreetmap.org/way/486703049,,
DN-HOLD-02,holdout,Đà Nẵng,2026-09-20,"bảo tàng, văn hóa",museum,16.0544,108.2022,20.0,osm:node:4571159189,Café 68,cafe,,1.398,https://www.openstreetmap.org/node/4571159189,,
DN-HOLD-02,holdout,Đà Nẵng,2026-09-20,"bảo tàng, văn hóa",museum,16.0544,108.2022,20.0,osm:node:5216168822,Thánh thất Cao Đài,temple,,2.518,https://www.openstreetmap.org/node/5216168822,,
DN-HOLD-02,holdout,Đà Nẵng,2026-09-20,"bảo tàng, văn hóa",museum,16.0544,108.2022,20.0,osm:node:8474743417,Bảo tàng Phật giáo,museum,,8.289,https://www.openstreetmap.org/node/8474743417,,
DN-HOLD-02,holdout,Đà Nẵng,2026-09-20,"bảo tàng, văn hóa",museum,16.0544,108.2022,20.0,osm:node:10709724107,Làng đá mỹ nghệ Non Nước,craft_village,,9.097,https://www.openstreetmap.org/node/10709724107,,
DN-HOLD-02,holdout,Đà Nẵng,2026-09-20,"bảo tàng, văn hóa",museum,16.0544,108.2022,20.0,osm:node:5301723622,Highlands Coffee,cafe,,1.713,https://www.openstreetmap.org/node/5301723622,,
DN-HOLD-02,holdout,Đà Nẵng,2026-09-20,"bảo tàng, văn hóa",museum,16.0544,108.2022,20.0,osm:node:11934169470,Queen Cobra,attraction,,2.826,https://www.openstreetmap.org/node/11934169470,,
DN-HOLD-02,holdout,Đà Nẵng,2026-09-20,"bảo tàng, văn hóa",museum,16.0544,108.2022,20.0,osm:node:11715206469,Cơm gà Trần Tống,restaurant,,0.752,https://www.openstreetmap.org/node/11715206469,,
DN-HOLD-02,holdout,Đà Nẵng,2026-09-20,"bảo tàng, văn hóa",museum,16.0544,108.2022,20.0,osm:way:204790989,Chợ Cồn,market,,2.016,https://www.openstreetmap.org/way/204790989,,
DN-HOLD-02,holdout,Đà Nẵng,2026-09-20,"bảo tàng, văn hóa",museum,16.0544,108.2022,20.0,osm:way:1422444084,Chùa Thuận Thành,temple,"Điểm văn hóa tâm linh tại 16.074391, 108.208597, được phân loại từ dữ liệu OpenStreetMap/HOTOSM (amenity=place_of_worship).",2.326,https://www.openstreetmap.org/way/1422444084,,
DN-HOLD-02,holdout,Đà Nẵng,2026-09-20,"bảo tàng, văn hóa",museum,16.0544,108.2022,20.0,osm:way:302872188,Bảo tàng Điêu khắc Chăm Đà Nẵng,museum,"Bảo tàng tại Đường Bạch Đằng, được phân loại từ dữ liệu OpenStreetMap/HOTOSM (tourism=museum).",2.32,https://www.openstreetmap.org/way/302872188,,
DN-HOLD-02,holdout,Đà Nẵng,2026-09-20,"bảo tàng, văn hóa",museum,16.0544,108.2022,20.0,osm:node:5293335937,Đổi gió,restaurant,,0.972,https://www.openstreetmap.org/node/5293335937,,
DN-HOLD-02,holdout,Đà Nẵng,2026-09-20,"bảo tàng, văn hóa",museum,16.0544,108.2022,20.0,osm:way:759913076,Bảo tàng Mỹ thuật Đà Nẵng,museum,"Điểm nghệ thuật tại 16.071262, 108.217714, được phân loại từ dữ liệu OpenStreetMap/HOTOSM (tourism=artwork).",2.509,https://www.openstreetmap.org/way/759913076,,
DN-HOLD-02,holdout,Đà Nẵng,2026-09-20,"bảo tàng, văn hóa",museum,16.0544,108.2022,20.0,osm:node:13340074016,Becoming Specialty Coffee,cafe,,0.36,https://www.openstreetmap.org/node/13340074016,,
DN-HOLD-02,holdout,Đà Nẵng,2026-09-20,"bảo tàng, văn hóa",museum,16.0544,108.2022,20.0,osm:way:1386932720,Tượng Phật Quan Âm - Chùa Mỹ Khê,temple,,4.495,https://www.openstreetmap.org/way/1386932720,,
DN-HOLD-02,holdout,Đà Nẵng,2026-09-20,"bảo tàng, văn hóa",museum,16.0544,108.2022,20.0,osm:node:10310109109,KURUMI - Healthy Vegan Food & Desserts,restaurant,,4.975,https://www.openstreetmap.org/node/10310109109,,
DN-HOLD-02,holdout,Đà Nẵng,2026-09-20,"bảo tàng, văn hóa",museum,16.0544,108.2022,20.0,osm:way:302944359,Chùa Trung Lương,temple,"Điểm văn hóa tâm linh tại 16.002579, 108.215228, được phân loại từ dữ liệu OpenStreetMap/HOTOSM (amenity=place_of_worship).",5.928,https://www.openstreetmap.org/way/302944359,,
DN-HOLD-02,holdout,Đà Nẵng,2026-09-20,"bảo tàng, văn hóa",museum,16.0544,108.2022,20.0,osm:node:11665246470,Trình cà phê,cafe,,2.523,https://www.openstreetmap.org/node/11665246470,,
DN-HOLD-02,holdout,Đà Nẵng,2026-09-20,"bảo tàng, văn hóa",museum,16.0544,108.2022,20.0,osm:node:10749874405,Roots Plant-Based Café,cafe,Healthy Vegan Restaurant,4.922,https://www.openstreetmap.org/node/10749874405,,
DN-HOLD-02,holdout,Đà Nẵng,2026-09-20,"bảo tàng, văn hóa",museum,16.0544,108.2022,20.0,osm:way:1326219930,Chợ Kỳ Đồng,market,"Chợ/điểm sinh hoạt địa phương tại Đà Nẵng, được phân loại từ dữ liệu OpenStreetMap/HOTOSM (amenity=marketplace).",2.347,https://www.openstreetmap.org/way/1326219930,,
DN-HOLD-02,holdout,Đà Nẵng,2026-09-20,"bảo tàng, văn hóa",museum,16.0544,108.2022,20.0,osm:node:8883385553,TASY STUDIO,gallery,Phòng Tranh,17.347,https://www.openstreetmap.org/node/8883385553,,
DN-HOLD-02,holdout,Đà Nẵng,2026-09-20,"bảo tàng, văn hóa",museum,16.0544,108.2022,20.0,osm:node:4280016689,Chùa Giác Hoàng Viên,temple,"Điểm văn hóa tâm linh tại 16.005616, 108.254634, được phân loại từ dữ liệu OpenStreetMap/HOTOSM (amenity=place_of_worship).",7.799,https://www.openstreetmap.org/node/4280016689,,
DN-HOLD-02,holdout,Đà Nẵng,2026-09-20,"bảo tàng, văn hóa",museum,16.0544,108.2022,20.0,osm:way:204885903,Chợ Hàn,market,,2.824,https://www.openstreetmap.org/way/204885903,,
DN-HOLD-02,holdout,Đà Nẵng,2026-09-20,"bảo tàng, văn hóa",museum,16.0544,108.2022,20.0,osm:node:5273998823,Cầu Trần Thị Lý,attraction,,2.942,https://www.openstreetmap.org/node/5273998823,,
DN-HOLD-02,holdout,Đà Nẵng,2026-09-20,"bảo tàng, văn hóa",museum,16.0544,108.2022,20.0,osm:node:5978084714,Nhà Hàng Chay Hoa Sen - Vegetarian Restaurant,restaurant,vegetarian food,1.101,https://www.openstreetmap.org/node/5978084714,,
DN-HOLD-02,holdout,Đà Nẵng,2026-09-20,"bảo tàng, văn hóa",museum,16.0544,108.2022,20.0,osm:node:12612220720,Sơn Hải,cafe,,1.004,https://www.openstreetmap.org/node/12612220720,,
DN-HOLD-02,holdout,Đà Nẵng,2026-09-20,"bảo tàng, văn hóa",museum,16.0544,108.2022,20.0,osm:relation:7055216,Bán đảo Sơn Trà,nature_area,,10.072,https://www.openstreetmap.org/relation/7055216,,
DN-HOLD-02,holdout,Đà Nẵng,2026-09-20,"bảo tàng, văn hóa",museum,16.0544,108.2022,20.0,osm:relation:19000664,Bãi biển Mỹ Khê,beach,"Một trong những bãi biển đẹp nhất hành tinh, nổi tiếng với bãi cát trắng mịn, nước biển trong xanh, là nơi lý tưởng để tắm biển và các hoạt động thể thao dưới nước.",5.326,https://www.openstreetmap.org/relation/19000664,,
DN-HOLD-02,holdout,Đà Nẵng,2026-09-20,"bảo tàng, văn hóa",museum,16.0544,108.2022,20.0,osm:node:4281489185,TiPi English Speaking Cafe,cafe,,0.899,https://www.openstreetmap.org/node/4281489185,,
DN-HOLD-02,holdout,Đà Nẵng,2026-09-20,"bảo tàng, văn hóa",museum,16.0544,108.2022,20.0,osm:node:10773540605,Art Coffee,cafe,,4.545,https://www.openstreetmap.org/node/10773540605,,
DN-HOLD-02,holdout,Đà Nẵng,2026-09-20,"bảo tàng, văn hóa",museum,16.0544,108.2022,20.0,osm:node:7370362779,"Cơm trưa, lẫu nướng Rammus",restaurant,,1.052,https://www.openstreetmap.org/node/7370362779,,
DN-HOLD-02,holdout,Đà Nẵng,2026-09-20,"bảo tàng, văn hóa",museum,16.0544,108.2022,20.0,osm:way:1368599361,Bảo tàng Đà Nẵng,museum,"Bảo tàng tại 24 Đường Trần Phú, được phân loại từ dữ liệu OpenStreetMap/HOTOSM (tourism=museum).",3.263,https://www.openstreetmap.org/way/1368599361,,
DN-HOLD-02,holdout,Đà Nẵng,2026-09-20,"bảo tàng, văn hóa",museum,16.0544,108.2022,20.0,osm:node:8616537318,Cà phê 27,cafe,,1.177,https://www.openstreetmap.org/node/8616537318,,
DN-HOLD-03,holdout,Đà Nẵng,2026-09-20,"làng nghề, văn hóa, nghệ thuật","craft_village, historic",15.8794,108.3278,30.0,osm:node:4253896690,The Espresso Station,cafe,,0.098,https://www.openstreetmap.org/node/4253896690,,
DN-HOLD-03,holdout,Đà Nẵng,2026-09-20,"làng nghề, văn hóa, nghệ thuật","craft_village, historic",15.8794,108.3278,30.0,osm:node:12043189706,Hiên Sushi Bar,restaurant,,0.089,https://www.openstreetmap.org/node/12043189706,,
DN-HOLD-03,holdout,Đà Nẵng,2026-09-20,"làng nghề, văn hóa, nghệ thuật","craft_village, historic",15.8794,108.3278,30.0,osm:way:198804483,Thánh địa Mỹ Sơn,historic,,25.264,https://www.openstreetmap.org/way/198804483,,
DN-HOLD-03,holdout,Đà Nẵng,2026-09-20,"làng nghề, văn hóa, nghệ thuật","craft_village, historic",15.8794,108.3278,30.0,osm:node:5513474821,Terracotta Park,museum,,2.963,https://www.openstreetmap.org/node/5513474821,,
DN-HOLD-03,holdout,Đà Nẵng,2026-09-20,"làng nghề, văn hóa, nghệ thuật","craft_village, historic",15.8794,108.3278,30.0,osm:node:10536187009,Dudu Cafe Hoi An,cafe,,0.473,https://www.openstreetmap.org/node/10536187009,,
DN-HOLD-03,holdout,Đà Nẵng,2026-09-20,"làng nghề, văn hóa, nghệ thuật","craft_village, historic",15.8794,108.3278,30.0,osm:node:10652658505,Peanuts - Vegan Vietnamese Food,restaurant,"At Peanuts, we serve traditional Vietnamese vegan cuisine, with a particular emphasis on my family’s own personal recipes.",1.789,https://www.openstreetmap.org/node/10652658505,,
DN-HOLD-03,holdout,Đà Nẵng,2026-09-20,"làng nghề, văn hóa, nghệ thuật","craft_village, historic",15.8794,108.3278,30.0,osm:way:782381624,VinWonders Nam Hội An,theme_park,,13.429,https://www.openstreetmap.org/way/782381624,,
DN-HOLD-03,holdout,Đà Nẵng,2026-09-20,"làng nghề, văn hóa, nghệ thuật","craft_village, historic",15.8794,108.3278,30.0,osm:node:8883385553,TASY STUDIO,gallery,Phòng Tranh,6.296,https://www.openstreetmap.org/node/8883385553,,
DN-HOLD-03,holdout,Đà Nẵng,2026-09-20,"làng nghề, văn hóa, nghệ thuật","craft_village, historic",15.8794,108.3278,30.0,poi-google:3aac3427ee25b18a817027e9,Phố cổ Hội An,old_quarter,,0.531,https://www.google.com/maps/place/Ph%E1%BB%91+C%E1%BB%95+H%E1%BB%99i+An/data=!4m7!3m6!1s0x31420f0062ae7c13:0xdea0701c8330039c!8m2!3d15.8786082!4d108.3326924!16s%2Fg%2F11m_62jvyq!19sChIJE3yuYgAPQjERnAMwgxxwoN4?authuser=0&hl=en&g_ep=EgoyMDI2MDkxNC4wIJJjKgBIAVAD&rclk=1,,
DN-HOLD-03,holdout,Đà Nẵng,2026-09-20,"làng nghề, văn hóa, nghệ thuật","craft_village, historic",15.8794,108.3278,30.0,osm:node:4171964390,Làng gốm Thanh Hà,craft_village,,3.092,https://www.openstreetmap.org/node/4171964390,,
DN-HOLD-03,holdout,Đà Nẵng,2026-09-20,"làng nghề, văn hóa, nghệ thuật","craft_village, historic",15.8794,108.3278,30.0,osm:node:10959238968,Thom's Sourdough Bakery & Coffee - Tan Thanh Beach,cafe,"Located in the quiet seaside village of Tan Thanh, our spacious two-floor bakery is a destination for artisan food and relaxed productivity. On the ground floor, you will find our signature handcrafted sourdough, pastries, and a deli shop.",3.843,https://www.openstreetmap.org/node/10959238968,,
DN-HOLD-03,holdout,Đà Nẵng,2026-09-20,"làng nghề, văn hóa, nghệ thuật","craft_village, historic",15.8794,108.3278,30.0,poi-google:270efa89c4fa1b1bdeb4cdcd,Chùa Cầu Hội An,historic,,0.317,"https://www.google.com/maps/place/Ch%C3%B9a+C%E1%BA%A7u/@15.8770873,108.3260704,17z/data=!3m1!4b1!4m6!3m5!1s0x31420e7c2d02ec59:0x765864d6697d4846!8m2!3d15.8770873!4d108.3260704!16s%2Fg%2F122xw9sk?entry=ttu&g_ep=EgoyMDI2MDkxNC4wIKXMDSoASAFQAw%3D%3D&hl=en",,
DN-HOLD-03,holdout,Đà Nẵng,2026-09-20,"làng nghề, văn hóa, nghệ thuật","craft_village, historic",15.8794,108.3278,30.0,osm:node:10310109109,KURUMI - Healthy Vegan Food & Desserts,restaurant,,20.372,https://www.openstreetmap.org/node/10310109109,,
DN-HOLD-03,holdout,Đà Nẵng,2026-09-20,"làng nghề, văn hóa, nghệ thuật","craft_village, historic",15.8794,108.3278,30.0,osm:node:11896339273,CSO Gallery,gallery,,2.531,https://www.openstreetmap.org/node/11896339273,,
DN-HOLD-03,holdout,Đà Nẵng,2026-09-20,"làng nghề, văn hóa, nghệ thuật","craft_village, historic",15.8794,108.3278,30.0,osm:node:7127464285,Hoi An Museum of Traditional Medicine,museum,,0.376,https://www.openstreetmap.org/node/7127464285,,
DN-HOLD-03,holdout,Đà Nẵng,2026-09-20,"làng nghề, văn hóa, nghệ thuật","craft_village, historic",15.8794,108.3278,30.0,osm:node:4171971289,Làng mộc Kim Bồng,craft_village,,1.553,https://www.openstreetmap.org/node/4171971289,,
DN-HOLD-03,holdout,Đà Nẵng,2026-09-20,"làng nghề, văn hóa, nghệ thuật","craft_village, historic",15.8794,108.3278,30.0,osm:node:5809954055,Hoi An Smoothie,cafe,,0.103,https://www.openstreetmap.org/node/5809954055,,
DN-HOLD-03,holdout,Đà Nẵng,2026-09-20,"làng nghề, văn hóa, nghệ thuật","craft_village, historic",15.8794,108.3278,30.0,osm:node:5444164055,Day & Night,restaurant,,0.098,https://www.openstreetmap.org/node/5444164055,,
DN-HOLD-03,holdout,Đà Nẵng,2026-09-20,"làng nghề, văn hóa, nghệ thuật","craft_village, historic",15.8794,108.3278,30.0,osm:node:11665246470,Trình cà phê,cafe,,23.784,https://www.openstreetmap.org/node/11665246470,,
DN-HOLD-03,holdout,Đà Nẵng,2026-09-20,"làng nghề, văn hóa, nghệ thuật","craft_village, historic",15.8794,108.3278,30.0,osm:way:212215308,Starbucks,cafe,,0.066,https://www.openstreetmap.org/way/212215308,,
DN-HOLD-03,holdout,Đà Nẵng,2026-09-20,"làng nghề, văn hóa, nghệ thuật","craft_village, historic",15.8794,108.3278,30.0,osm:node:11890992769,Hoa Sen Bánh Mì Chay,restaurant,,0.111,https://www.openstreetmap.org/node/11890992769,,
DN-HOLD-03,holdout,Đà Nẵng,2026-09-20,"làng nghề, văn hóa, nghệ thuật","craft_village, historic",15.8794,108.3278,30.0,osm:way:565280048,JEERA,restaurant,,0.132,https://www.openstreetmap.org/way/565280048,,
DN-HOLD-03,holdout,Đà Nẵng,2026-09-20,"làng nghề, văn hóa, nghệ thuật","craft_village, historic",15.8794,108.3278,30.0,osm:node:13124293801,Cà phê Nhà Nguyên,cafe,,0.084,https://www.openstreetmap.org/node/13124293801,,
DN-HOLD-03,holdout,Đà Nẵng,2026-09-20,"làng nghề, văn hóa, nghệ thuật","craft_village, historic",15.8794,108.3278,30.0,osm:way:302944359,Chùa Trung Lương,temple,"Điểm văn hóa tâm linh tại 16.002579, 108.215228, được phân loại từ dữ liệu OpenStreetMap/HOTOSM (amenity=place_of_worship).",18.234,https://www.openstreetmap.org/way/302944359,,
DN-HOLD-03,holdout,Đà Nẵng,2026-09-20,"làng nghề, văn hóa, nghệ thuật","craft_village, historic",15.8794,108.3278,30.0,osm:node:4905288121,Quan an Anh Vu,restaurant,,0.16,https://www.openstreetmap.org/node/4905288121,,
DN-HOLD-03,holdout,Đà Nẵng,2026-09-20,"làng nghề, văn hóa, nghệ thuật","craft_village, historic",15.8794,108.3278,30.0,osm:way:565592419,Bảo tàng Hội An,museum,,0.205,https://www.openstreetmap.org/way/565592419,,
DN-HOLD-03,holdout,Đà Nẵng,2026-09-20,"làng nghề, văn hóa, nghệ thuật","craft_village, historic",15.8794,108.3278,30.0,osm:node:13537125073,Bill Coffee & Tea,cafe,,0.095,https://www.openstreetmap.org/node/13537125073,,
DN-HOLD-03,holdout,Đà Nẵng,2026-09-20,"làng nghề, văn hóa, nghệ thuật","craft_village, historic",15.8794,108.3278,30.0,osm:node:10709724107,Làng đá mỹ nghệ Non Nước,craft_village,,15.015,https://www.openstreetmap.org/node/10709724107,,
DN-HOLD-03,holdout,Đà Nẵng,2026-09-20,"làng nghề, văn hóa, nghệ thuật","craft_village, historic",15.8794,108.3278,30.0,osm:node:2617007574,Kazimierz Kwiatkowski,historic,,0.236,https://www.openstreetmap.org/node/2617007574,,
DN-HOLD-03,holdout,Đà Nẵng,2026-09-20,"làng nghề, văn hóa, nghệ thuật","craft_village, historic",15.8794,108.3278,30.0,osm:node:14078442086,Hoi An Hideout Fishing Barbecue Tour,attraction,Family-run organizer of fishing and river tours,4.332,https://www.openstreetmap.org/node/14078442086,,
DN-HOLD-03,holdout,Đà Nẵng,2026-09-20,"làng nghề, văn hóa, nghệ thuật","craft_village, historic",15.8794,108.3278,30.0,osm:node:12344125229,Di San Vô Giá,museum,,0.732,https://www.openstreetmap.org/node/12344125229,,
DN-HOLD-03,holdout,Đà Nẵng,2026-09-20,"làng nghề, văn hóa, nghệ thuật","craft_village, historic",15.8794,108.3278,30.0,osm:way:627379326,My Son Museum,museum,,26.233,https://www.openstreetmap.org/way/627379326,,
DN-HOLD-03,holdout,Đà Nẵng,2026-09-20,"làng nghề, văn hóa, nghệ thuật","craft_village, historic",15.8794,108.3278,30.0,osm:node:10773540605,Art Coffee,cafe,,21.609,https://www.openstreetmap.org/node/10773540605,,
DN-HOLD-04,holdout,Đà Nẵng,2026-09-20,"di sản, lịch sử, thiên nhiên","historic, nature_area",15.7645,108.124,35.0,osm:node:5513474821,Terracotta Park,museum,,22.673,https://www.openstreetmap.org/node/5513474821,,
DN-HOLD-04,holdout,Đà Nẵng,2026-09-20,"di sản, lịch sử, thiên nhiên","historic, nature_area",15.7645,108.124,35.0,osm:node:7721404199,Caffe Cỏ Đá,cafe,,18.933,https://www.openstreetmap.org/node/7721404199,,
DN-HOLD-04,holdout,Đà Nẵng,2026-09-20,"di sản, lịch sử, thiên nhiên","historic, nature_area",15.7645,108.124,35.0,osm:node:8204536512,Bánh ép Huế,cafe,,18.065,https://www.openstreetmap.org/node/8204536512,,
DN-HOLD-04,holdout,Đà Nẵng,2026-09-20,"di sản, lịch sử, thiên nhiên","historic, nature_area",15.7645,108.124,35.0,osm:way:791093474,Chợ Mộc Bài,market,,20.485,https://www.openstreetmap.org/way/791093474,,
DN-HOLD-04,holdout,Đà Nẵng,2026-09-20,"di sản, lịch sử, thiên nhiên","historic, nature_area",15.7645,108.124,35.0,osm:way:746227054,Chùa Linh Ứng,temple,,29.393,https://www.openstreetmap.org/way/746227054,,
DN-HOLD-04,holdout,Đà Nẵng,2026-09-20,"di sản, lịch sử, thiên nhiên","historic, nature_area",15.7645,108.124,35.0,osm:node:7520823002,Chợ Đại Chánh,market,,10.082,https://www.openstreetmap.org/node/7520823002,,
DN-HOLD-04,holdout,Đà Nẵng,2026-09-20,"di sản, lịch sử, thiên nhiên","historic, nature_area",15.7645,108.124,35.0,osm:relation:2836882,Chùa Chúc Thánh,temple,"Điểm văn hóa tâm linh tại 15.888976, 108.327056, được phân loại từ dữ liệu OpenStreetMap/HOTOSM (amenity=place_of_worship).",25.756,https://www.openstreetmap.org/relation/2836882,,
DN-HOLD-04,holdout,Đà Nẵng,2026-09-20,"di sản, lịch sử, thiên nhiên","historic, nature_area",15.7645,108.124,35.0,osm:way:782381624,VinWonders Nam Hội An,theme_park,,30.807,https://www.openstreetmap.org/way/782381624,,
DN-HOLD-04,holdout,Đà Nẵng,2026-09-20,"di sản, lịch sử, thiên nhiên","historic, nature_area",15.7645,108.124,35.0,osm:way:198804483,Thánh địa Mỹ Sơn,historic,,0.128,https://www.openstreetmap.org/way/198804483,,
DN-HOLD-04,holdout,Đà Nẵng,2026-09-20,"di sản, lịch sử, thiên nhiên","historic, nature_area",15.7645,108.124,35.0,osm:node:10773540605,Art Coffee,cafe,,34.944,https://www.openstreetmap.org/node/10773540605,,
DN-HOLD-04,holdout,Đà Nẵng,2026-09-20,"di sản, lịch sử, thiên nhiên","historic, nature_area",15.7645,108.124,35.0,osm:way:627379326,My Son Museum,museum,,1.801,https://www.openstreetmap.org/way/627379326,,
DN-HOLD-04,holdout,Đà Nẵng,2026-09-20,"di sản, lịch sử, thiên nhiên","historic, nature_area",15.7645,108.124,35.0,osm:node:10536187009,Dudu Cafe Hoi An,cafe,,25.525,https://www.openstreetmap.org/node/10536187009,,
DN-HOLD-04,holdout,Đà Nẵng,2026-09-20,"di sản, lịch sử, thiên nhiên","historic, nature_area",15.7645,108.124,35.0,poi-google:3aac3427ee25b18a817027e9,Phố cổ Hội An,old_quarter,,25.68,https://www.google.com/maps/place/Ph%E1%BB%91+C%E1%BB%95+H%E1%BB%99i+An/data=!4m7!3m6!1s0x31420f0062ae7c13:0xdea0701c8330039c!8m2!3d15.8786082!4d108.3326924!16s%2Fg%2F11m_62jvyq!19sChIJE3yuYgAPQjERnAMwgxxwoN4?authuser=0&hl=en&g_ep=EgoyMDI2MDkxNC4wIJJjKgBIAVAD&rclk=1,,
DN-HOLD-04,holdout,Đà Nẵng,2026-09-20,"di sản, lịch sử, thiên nhiên","historic, nature_area",15.7645,108.124,35.0,osm:node:2617007574,Kazimierz Kwiatkowski,historic,,25.151,https://www.openstreetmap.org/node/2617007574,,
DN-HOLD-04,holdout,Đà Nẵng,2026-09-20,"di sản, lịch sử, thiên nhiên","historic, nature_area",15.7645,108.124,35.0,osm:node:8616536618,Thu Bồn Marina,cafe,,18.9,https://www.openstreetmap.org/node/8616536618,,
DN-HOLD-04,holdout,Đà Nẵng,2026-09-20,"di sản, lịch sử, thiên nhiên","historic, nature_area",15.7645,108.124,35.0,osm:way:1109970072,Linh Phong Thiền Tự,temple,,29.948,https://www.openstreetmap.org/way/1109970072,,
DN-HOLD-04,holdout,Đà Nẵng,2026-09-20,"di sản, lịch sử, thiên nhiên","historic, nature_area",15.7645,108.124,35.0,osm:relation:8552348,Ngũ Hành Sơn,nature_area,"Cụm núi đá vôi gồm 5 ngọn núi với hang động, chùa chiền, và khung cảnh thiên nhiên tuyệt đẹp. Nổi bật là động Huyền Không và chùa Tam Thai.",30.49,https://www.openstreetmap.org/relation/8552348,,
DN-HOLD-04,holdout,Đà Nẵng,2026-09-20,"di sản, lịch sử, thiên nhiên","historic, nature_area",15.7645,108.124,35.0,osm:node:10652658505,Peanuts - Vegan Vietnamese Food,restaurant,"At Peanuts, we serve traditional Vietnamese vegan cuisine, with a particular emphasis on my family’s own personal recipes.",26.82,https://www.openstreetmap.org/node/10652658505,,
DN-HOLD-04,holdout,Đà Nẵng,2026-09-20,"di sản, lịch sử, thiên nhiên","historic, nature_area",15.7645,108.124,35.0,osm:node:10310109109,KURUMI - Healthy Vegan Food & Desserts,restaurant,,33.96,https://www.openstreetmap.org/node/10310109109,,
DN-HOLD-04,holdout,Đà Nẵng,2026-09-20,"di sản, lịch sử, thiên nhiên","historic, nature_area",15.7645,108.124,35.0,poi-google:270efa89c4fa1b1bdeb4cdcd,Chùa Cầu Hội An,historic,,24.981,"https://www.google.com/maps/place/Ch%C3%B9a+C%E1%BA%A7u/@15.8770873,108.3260704,17z/data=!3m1!4b1!4m6!3m5!1s0x31420e7c2d02ec59:0x765864d6697d4846!8m2!3d15.8770873!4d108.3260704!16s%2Fg%2F122xw9sk?entry=ttu&g_ep=EgoyMDI2MDkxNC4wIKXMDSoASAFQAw%3D%3D&hl=en",,
DN-HOLD-04,holdout,Đà Nẵng,2026-09-20,"di sản, lịch sử, thiên nhiên","historic, nature_area",15.7645,108.124,35.0,osm:way:1109970004,Đền Lĩnh Chúa Linh Từ,temple,,29.84,https://www.openstreetmap.org/way/1109970004,,
DN-HOLD-04,holdout,Đà Nẵng,2026-09-20,"di sản, lịch sử, thiên nhiên","historic, nature_area",15.7645,108.124,35.0,osm:node:12344125229,Di San Vô Giá,museum,,25.746,https://www.openstreetmap.org/node/12344125229,,
DN-HOLD-04,holdout,Đà Nẵng,2026-09-20,"di sản, lịch sử, thiên nhiên","historic, nature_area",15.7645,108.124,35.0,osm:node:12702443401,Share Kafe,cafe,,18.857,https://www.openstreetmap.org/node/12702443401,,
DN-HOLD-04,holdout,Đà Nẵng,2026-09-20,"di sản, lịch sử, thiên nhiên","historic, nature_area",15.7645,108.124,35.0,osm:node:4171964390,Làng gốm Thanh Hà,craft_village,,22.523,https://www.openstreetmap.org/node/4171964390,,
DN-HOLD-04,holdout,Đà Nẵng,2026-09-20,"di sản, lịch sử, thiên nhiên","historic, nature_area",15.7645,108.124,35.0,osm:node:14078442086,Hoi An Hideout Fishing Barbecue Tour,attraction,Family-run organizer of fishing and river tours,28.505,https://www.openstreetmap.org/node/14078442086,,
DN-HOLD-04,holdout,Đà Nẵng,2026-09-20,"di sản, lịch sử, thiên nhiên","historic, nature_area",15.7645,108.124,35.0,osm:way:14131302,Hoi An Memories Land,theme_park,"Công viên giải trí tại 15.875074, 108.339847, được phân loại từ dữ liệu OpenStreetMap/HOTOSM (tourism=theme_park).",26.173,https://www.openstreetmap.org/way/14131302,,
DN-HOLD-04,holdout,Đà Nẵng,2026-09-20,"di sản, lịch sử, thiên nhiên","historic, nature_area",15.7645,108.124,35.0,osm:node:6422678433,Chợ Nam Phước market,market,chợ Nam Phước mới,18.934,https://www.openstreetmap.org/node/6422678433,,
DN-HOLD-04,holdout,Đà Nẵng,2026-09-20,"di sản, lịch sử, thiên nhiên","historic, nature_area",15.7645,108.124,35.0,osm:way:302944359,Chùa Trung Lương,temple,"Điểm văn hóa tâm linh tại 16.002579, 108.215228, được phân loại từ dữ liệu OpenStreetMap/HOTOSM (amenity=place_of_worship).",28.214,https://www.openstreetmap.org/way/302944359,,
DN-HOLD-04,holdout,Đà Nẵng,2026-09-20,"di sản, lịch sử, thiên nhiên","historic, nature_area",15.7645,108.124,35.0,osm:node:10959238968,Thom's Sourdough Bakery & Coffee - Tan Thanh Beach,cafe,"Located in the quiet seaside village of Tan Thanh, our spacious two-floor bakery is a destination for artisan food and relaxed productivity. On the ground floor, you will find our signature handcrafted sourdough, pastries, and a deli shop.",28.735,https://www.openstreetmap.org/node/10959238968,,
DN-HOLD-05,holdout,Đà Nẵng,2026-09-20,"gia đình, ngoài trời","park, theme_park",16.0544,108.2022,35.0,osm:node:10773540605,Art Coffee,cafe,,4.545,https://www.openstreetmap.org/node/10773540605,,
DN-HOLD-05,holdout,Đà Nẵng,2026-09-20,"gia đình, ngoài trời","park, theme_park",16.0544,108.2022,35.0,osm:node:13394279401,Oslow,cafe,,4.585,https://www.openstreetmap.org/node/13394279401,,
DN-HOLD-05,holdout,Đà Nẵng,2026-09-20,"gia đình, ngoài trời","park, theme_park",16.0544,108.2022,35.0,osm:node:5978084714,Nhà Hàng Chay Hoa Sen - Vegetarian Restaurant,restaurant,vegetarian food,1.101,https://www.openstreetmap.org/node/5978084714,,
DN-HOLD-05,holdout,Đà Nẵng,2026-09-20,"gia đình, ngoài trời","park, theme_park",16.0544,108.2022,35.0,osm:node:11715206469,Cơm gà Trần Tống,restaurant,,0.752,https://www.openstreetmap.org/node/11715206469,,
DN-HOLD-05,holdout,Đà Nẵng,2026-09-20,"gia đình, ngoài trời","park, theme_park",16.0544,108.2022,35.0,osm:node:4571159189,Café 68,cafe,,1.398,https://www.openstreetmap.org/node/4571159189,,
DN-HOLD-05,holdout,Đà Nẵng,2026-09-20,"gia đình, ngoài trời","park, theme_park",16.0544,108.2022,35.0,osm:node:13340074016,Becoming Specialty Coffee,cafe,,0.36,https://www.openstreetmap.org/node/13340074016,,
DN-HOLD-05,holdout,Đà Nẵng,2026-09-20,"gia đình, ngoài trời","park, theme_park",16.0544,108.2022,35.0,osm:node:7370362779,"Cơm trưa, lẫu nướng Rammus",restaurant,,1.052,https://www.openstreetmap.org/node/7370362779,,
DN-HOLD-05,holdout,Đà Nẵng,2026-09-20,"gia đình, ngoài trời","park, theme_park",16.0544,108.2022,35.0,osm:node:4281489185,TiPi English Speaking Cafe,cafe,,0.899,https://www.openstreetmap.org/node/4281489185,,
DN-HOLD-05,holdout,Đà Nẵng,2026-09-20,"gia đình, ngoài trời","park, theme_park",16.0544,108.2022,35.0,osm:node:10652658505,Peanuts - Vegan Vietnamese Food,restaurant,"At Peanuts, we serve traditional Vietnamese vegan cuisine, with a particular emphasis on my family’s own personal recipes.",24.719,https://www.openstreetmap.org/node/10652658505,,
DN-HOLD-05,holdout,Đà Nẵng,2026-09-20,"gia đình, ngoài trời","park, theme_park",16.0544,108.2022,35.0,osm:way:359114064,Sun World Bà Nà Hills,theme_park,,23.69,https://www.openstreetmap.org/way/359114064,,
DN-HOLD-05,holdout,Đà Nẵng,2026-09-20,"gia đình, ngoài trời","park, theme_park",16.0544,108.2022,35.0,osm:node:14078442086,Hoi An Hideout Fishing Barbecue Tour,attraction,Family-run organizer of fishing and river tours,27.067,https://www.openstreetmap.org/node/14078442086,,
DN-HOLD-05,holdout,Đà Nẵng,2026-09-20,"gia đình, ngoài trời","park, theme_park",16.0544,108.2022,35.0,osm:node:8616537318,Cà phê 27,cafe,,1.177,https://www.openstreetmap.org/node/8616537318,,
DN-HOLD-05,holdout,Đà Nẵng,2026-09-20,"gia đình, ngoài trời","park, theme_park",16.0544,108.2022,35.0,osm:node:12612220720,Sơn Hải,cafe,,1.004,https://www.openstreetmap.org/node/12612220720,,
DN-HOLD-05,holdout,Đà Nẵng,2026-09-20,"gia đình, ngoài trời","park, theme_park",16.0544,108.2022,35.0,osm:node:13881156000,Yesh!,cafe,,21.006,https://www.openstreetmap.org/node/13881156000,,
DN-HOLD-05,holdout,Đà Nẵng,2026-09-20,"gia đình, ngoài trời","park, theme_park",16.0544,108.2022,35.0,osm:node:8616536517,Điểm tâm chị Út,restaurant,,1.396,https://www.openstreetmap.org/node/8616536517,,
DN-HOLD-05,holdout,Đà Nẵng,2026-09-20,"gia đình, ngoài trời","park, theme_park",16.0544,108.2022,35.0,osm:node:10310109109,KURUMI - Healthy Vegan Food & Desserts,restaurant,,4.975,https://www.openstreetmap.org/node/10310109109,,
DN-HOLD-05,holdout,Đà Nẵng,2026-09-20,"gia đình, ngoài trời","park, theme_park",16.0544,108.2022,35.0,poi-google:3aac3427ee25b18a817027e9,Phố cổ Hội An,old_quarter,,24.015,https://www.google.com/maps/place/Ph%E1%BB%91+C%E1%BB%95+H%E1%BB%99i+An/data=!4m7!3m6!1s0x31420f0062ae7c13:0xdea0701c8330039c!8m2!3d15.8786082!4d108.3326924!16s%2Fg%2F11m_62jvyq!19sChIJE3yuYgAPQjERnAMwgxxwoN4?authuser=0&hl=en&g_ep=EgoyMDI2MDkxNC4wIJJjKgBIAVAD&rclk=1,,
DN-HOLD-05,holdout,Đà Nẵng,2026-09-20,"gia đình, ngoài trời","park, theme_park",16.0544,108.2022,35.0,osm:way:14131302,Hoi An Memories Land,theme_park,"Công viên giải trí tại 15.875074, 108.339847, được phân loại từ dữ liệu OpenStreetMap/HOTOSM (tourism=theme_park).",24.792,https://www.openstreetmap.org/way/14131302,,
DN-HOLD-05,holdout,Đà Nẵng,2026-09-20,"gia đình, ngoài trời","park, theme_park",16.0544,108.2022,35.0,osm:way:302944359,Chùa Trung Lương,temple,"Điểm văn hóa tâm linh tại 16.002579, 108.215228, được phân loại từ dữ liệu OpenStreetMap/HOTOSM (amenity=place_of_worship).",5.928,https://www.openstreetmap.org/way/302944359,,
DN-HOLD-05,holdout,Đà Nẵng,2026-09-20,"gia đình, ngoài trời","park, theme_park",16.0544,108.2022,35.0,osm:relation:7055216,Bán đảo Sơn Trà,nature_area,,10.072,https://www.openstreetmap.org/relation/7055216,,
DN-HOLD-05,holdout,Đà Nẵng,2026-09-20,"gia đình, ngoài trời","park, theme_park",16.0544,108.2022,35.0,osm:node:10959238968,Thom's Sourdough Bakery & Coffee - Tan Thanh Beach,cafe,"Located in the quiet seaside village of Tan Thanh, our spacious two-floor bakery is a destination for artisan food and relaxed productivity. On the ground floor, you will find our signature handcrafted sourdough, pastries, and a deli shop.",22.406,https://www.openstreetmap.org/node/10959238968,,
DN-HOLD-05,holdout,Đà Nẵng,2026-09-20,"gia đình, ngoài trời","park, theme_park",16.0544,108.2022,35.0,osm:node:11665246470,Trình cà phê,cafe,,2.523,https://www.openstreetmap.org/node/11665246470,,
DN-HOLD-05,holdout,Đà Nẵng,2026-09-20,"gia đình, ngoài trời","park, theme_park",16.0544,108.2022,35.0,osm:node:5293335937,Đổi gió,restaurant,,0.972,https://www.openstreetmap.org/node/5293335937,,
DN-HOLD-05,holdout,Đà Nẵng,2026-09-20,"gia đình, ngoài trời","park, theme_park",16.0544,108.2022,35.0,osm:relation:8552348,Ngũ Hành Sơn,nature_area,"Cụm núi đá vôi gồm 5 ngọn núi với hang động, chùa chiền, và khung cảnh thiên nhiên tuyệt đẹp. Nổi bật là động Huyền Không và chùa Tam Thai.",8.561,https://www.openstreetmap.org/relation/8552348,,
DN-HOLD-05,holdout,Đà Nẵng,2026-09-20,"gia đình, ngoài trời","park, theme_park",16.0544,108.2022,35.0,osm:node:4807957148,Trung tâm Giải trí Phức hợp Helio Center,theme_park,,3.122,https://www.openstreetmap.org/node/4807957148,,
DN-HOLD-05,holdout,Đà Nẵng,2026-09-20,"gia đình, ngoài trời","park, theme_park",16.0544,108.2022,35.0,osm:relation:19000664,Bãi biển Mỹ Khê,beach,"Một trong những bãi biển đẹp nhất hành tinh, nổi tiếng với bãi cát trắng mịn, nước biển trong xanh, là nơi lý tưởng để tắm biển và các hoạt động thể thao dưới nước.",5.326,https://www.openstreetmap.org/relation/19000664,,
DN-HOLD-05,holdout,Đà Nẵng,2026-09-20,"gia đình, ngoài trời","park, theme_park",16.0544,108.2022,35.0,osm:node:10154412164,Fantasy Park,theme_park,,23.688,https://www.openstreetmap.org/node/10154412164,,
DN-HOLD-05,holdout,Đà Nẵng,2026-09-20,"gia đình, ngoài trời","park, theme_park",16.0544,108.2022,35.0,osm:node:10536187009,Dudu Cafe Hoi An,cafe,,24.062,https://www.openstreetmap.org/node/10536187009,,
DN-HOLD-05,holdout,Đà Nẵng,2026-09-20,"gia đình, ngoài trời","park, theme_park",16.0544,108.2022,35.0,osm:node:13040467529,Bãi Đá,beach,"Điểm nghệ thuật tại 16.099266, 108.300740, được phân loại từ dữ liệu OpenStreetMap/HOTOSM (tourism=artwork).",11.683,https://www.openstreetmap.org/node/13040467529,,
DN-HOLD-06,holdout,Đà Nẵng,2026-09-20,,,16.0544,108.2022,20.0,osm:node:4571159189,Café 68,cafe,,1.398,https://www.openstreetmap.org/node/4571159189,,
DN-HOLD-06,holdout,Đà Nẵng,2026-09-20,,,16.0544,108.2022,20.0,osm:node:11934169470,Queen Cobra,attraction,,2.826,https://www.openstreetmap.org/node/11934169470,,
DN-HOLD-06,holdout,Đà Nẵng,2026-09-20,,,16.0544,108.2022,20.0,osm:node:10312895500,Cardi Pizzeria,restaurant,,2.839,https://www.openstreetmap.org/node/10312895500,,
DN-HOLD-06,holdout,Đà Nẵng,2026-09-20,,,16.0544,108.2022,20.0,osm:node:10709724107,Làng đá mỹ nghệ Non Nước,craft_village,,9.097,https://www.openstreetmap.org/node/10709724107,,
DN-HOLD-06,holdout,Đà Nẵng,2026-09-20,,,16.0544,108.2022,20.0,osm:node:5301723622,Highlands Coffee,cafe,,1.713,https://www.openstreetmap.org/node/5301723622,,
DN-HOLD-06,holdout,Đà Nẵng,2026-09-20,,,16.0544,108.2022,20.0,osm:node:4281489185,TiPi English Speaking Cafe,cafe,,0.899,https://www.openstreetmap.org/node/4281489185,,
DN-HOLD-06,holdout,Đà Nẵng,2026-09-20,,,16.0544,108.2022,20.0,osm:way:302872188,Bảo tàng Điêu khắc Chăm Đà Nẵng,museum,"Bảo tàng tại Đường Bạch Đằng, được phân loại từ dữ liệu OpenStreetMap/HOTOSM (tourism=museum).",2.32,https://www.openstreetmap.org/way/302872188,,
DN-HOLD-06,holdout,Đà Nẵng,2026-09-20,,,16.0544,108.2022,20.0,osm:node:10312969476,Mộc Nguyên Coffee,cafe,,6.201,https://www.openstreetmap.org/node/10312969476,,
DN-HOLD-06,holdout,Đà Nẵng,2026-09-20,,,16.0544,108.2022,20.0,osm:node:7370362779,"Cơm trưa, lẫu nướng Rammus",restaurant,,1.052,https://www.openstreetmap.org/node/7370362779,,
DN-HOLD-06,holdout,Đà Nẵng,2026-09-20,,,16.0544,108.2022,20.0,osm:way:1326219930,Chợ Kỳ Đồng,market,"Chợ/điểm sinh hoạt địa phương tại Đà Nẵng, được phân loại từ dữ liệu OpenStreetMap/HOTOSM (amenity=marketplace).",2.347,https://www.openstreetmap.org/way/1326219930,,
DN-HOLD-06,holdout,Đà Nẵng,2026-09-20,,,16.0544,108.2022,20.0,osm:node:10773540605,Art Coffee,cafe,,4.545,https://www.openstreetmap.org/node/10773540605,,
DN-HOLD-06,holdout,Đà Nẵng,2026-09-20,,,16.0544,108.2022,20.0,osm:node:10111546117,Bếp Hên,restaurant,,2.278,https://www.openstreetmap.org/node/10111546117,,
DN-HOLD-06,holdout,Đà Nẵng,2026-09-20,,,16.0544,108.2022,20.0,osm:relation:7055216,Bán đảo Sơn Trà,nature_area,,10.072,https://www.openstreetmap.org/relation/7055216,,
DN-HOLD-06,holdout,Đà Nẵng,2026-09-20,,,16.0544,108.2022,20.0,osm:node:13340074016,Becoming Specialty Coffee,cafe,,0.36,https://www.openstreetmap.org/node/13340074016,,
DN-HOLD-06,holdout,Đà Nẵng,2026-09-20,,,16.0544,108.2022,20.0,osm:node:10537046604,Carol Lounge,restaurant,,3.662,https://www.openstreetmap.org/node/10537046604,,
DN-HOLD-06,holdout,Đà Nẵng,2026-09-20,,,16.0544,108.2022,20.0,osm:node:8474743417,Bảo tàng Phật giáo,museum,,8.289,https://www.openstreetmap.org/node/8474743417,,
DN-HOLD-06,holdout,Đà Nẵng,2026-09-20,,,16.0544,108.2022,20.0,osm:node:5293335937,Đổi gió,restaurant,,0.972,https://www.openstreetmap.org/node/5293335937,,
DN-HOLD-06,holdout,Đà Nẵng,2026-09-20,,,16.0544,108.2022,20.0,osm:relation:19000664,Bãi biển Mỹ Khê,beach,"Một trong những bãi biển đẹp nhất hành tinh, nổi tiếng với bãi cát trắng mịn, nước biển trong xanh, là nơi lý tưởng để tắm biển và các hoạt động thể thao dưới nước.",5.326,https://www.openstreetmap.org/relation/19000664,,
DN-HOLD-06,holdout,Đà Nẵng,2026-09-20,,,16.0544,108.2022,20.0,osm:way:204790989,Chợ Cồn,market,,2.016,https://www.openstreetmap.org/way/204790989,,
DN-HOLD-06,holdout,Đà Nẵng,2026-09-20,,,16.0544,108.2022,20.0,osm:way:302944359,Chùa Trung Lương,temple,"Điểm văn hóa tâm linh tại 16.002579, 108.215228, được phân loại từ dữ liệu OpenStreetMap/HOTOSM (amenity=place_of_worship).",5.928,https://www.openstreetmap.org/way/302944359,,
DN-HOLD-06,holdout,Đà Nẵng,2026-09-20,,,16.0544,108.2022,20.0,osm:node:12612220720,Sơn Hải,cafe,,1.004,https://www.openstreetmap.org/node/12612220720,,
DN-HOLD-06,holdout,Đà Nẵng,2026-09-20,,,16.0544,108.2022,20.0,osm:way:118672509,Chợ Đầu mối Hoà Cường,market,"Chợ/điểm sinh hoạt địa phương tại Đường Lê Nổ, Đà Nẵng, được phân loại từ dữ liệu OpenStreetMap/HOTOSM (amenity=marketplace).",3.242,https://www.openstreetmap.org/way/118672509,,
DN-HOLD-06,holdout,Đà Nẵng,2026-09-20,,,16.0544,108.2022,20.0,osm:node:11665246470,Trình cà phê,cafe,,2.523,https://www.openstreetmap.org/node/11665246470,,
DN-HOLD-06,holdout,Đà Nẵng,2026-09-20,,,16.0544,108.2022,20.0,osm:node:5978084714,Nhà Hàng Chay Hoa Sen - Vegetarian Restaurant,restaurant,vegetarian food,1.101,https://www.openstreetmap.org/node/5978084714,,
DN-HOLD-06,holdout,Đà Nẵng,2026-09-20,,,16.0544,108.2022,20.0,osm:node:10749874405,Roots Plant-Based Café,cafe,Healthy Vegan Restaurant,4.922,https://www.openstreetmap.org/node/10749874405,,
DN-HOLD-06,holdout,Đà Nẵng,2026-09-20,,,16.0544,108.2022,20.0,osm:node:10295139993,Limoncello,restaurant,,2.5,https://www.openstreetmap.org/node/10295139993,,
DN-HOLD-06,holdout,Đà Nẵng,2026-09-20,,,16.0544,108.2022,20.0,osm:way:1422444084,Chùa Thuận Thành,temple,"Điểm văn hóa tâm linh tại 16.074391, 108.208597, được phân loại từ dữ liệu OpenStreetMap/HOTOSM (amenity=place_of_worship).",2.326,https://www.openstreetmap.org/way/1422444084,,
DN-HOLD-06,holdout,Đà Nẵng,2026-09-20,,,16.0544,108.2022,20.0,osm:node:10768300006,Bua No Nhau,restaurant,,4.388,https://www.openstreetmap.org/node/10768300006,,
DN-HOLD-06,holdout,Đà Nẵng,2026-09-20,,,16.0544,108.2022,20.0,osm:node:11715206469,Cơm gà Trần Tống,restaurant,,0.752,https://www.openstreetmap.org/node/11715206469,,
DN-HOLD-06,holdout,Đà Nẵng,2026-09-20,,,16.0544,108.2022,20.0,osm:way:1556362196,Chợ Đêm Sơn Trà,market,"Chợ/điểm sinh hoạt địa phương tại Cao Bá Quát, được phân loại từ dữ liệu OpenStreetMap/HOTOSM (amenity=marketplace).",3.211,https://www.openstreetmap.org/way/1556362196,,
DN-HOLD-06,holdout,Đà Nẵng,2026-09-20,,,16.0544,108.2022,20.0,osm:node:5273998823,Cầu Trần Thị Lý,attraction,,2.942,https://www.openstreetmap.org/node/5273998823,,
DN-HOLD-06,holdout,Đà Nẵng,2026-09-20,,,16.0544,108.2022,20.0,osm:node:4280016689,Chùa Giác Hoàng Viên,temple,"Điểm văn hóa tâm linh tại 16.005616, 108.254634, được phân loại từ dữ liệu OpenStreetMap/HOTOSM (amenity=place_of_worship).",7.799,https://www.openstreetmap.org/node/4280016689,,
DN-HOLD-06,holdout,Đà Nẵng,2026-09-20,,,16.0544,108.2022,20.0,osm:way:204885903,Chợ Hàn,market,,2.824,https://www.openstreetmap.org/way/204885903,,
DN-HOLD-06,holdout,Đà Nẵng,2026-09-20,,,16.0544,108.2022,20.0,osm:way:1368599361,Bảo tàng Đà Nẵng,museum,"Bảo tàng tại 24 Đường Trần Phú, được phân loại từ dữ liệu OpenStreetMap/HOTOSM (tourism=museum).",3.263,https://www.openstreetmap.org/way/1368599361,,
DN-HOLD-06,holdout,Đà Nẵng,2026-09-20,,,16.0544,108.2022,20.0,osm:node:10310109109,KURUMI - Healthy Vegan Food & Desserts,restaurant,,4.975,https://www.openstreetmap.org/node/10310109109,,
DN-HOLD-06,holdout,Đà Nẵng,2026-09-20,,,16.0544,108.2022,20.0,osm:node:10295259298,Mỳ Quảng Đà Nẵng Bà Mua,restaurant,,2.176,https://www.openstreetmap.org/node/10295259298,,
DN-HOLD-06,holdout,Đà Nẵng,2026-09-20,,,16.0544,108.2022,20.0,osm:node:8616537318,Cà phê 27,cafe,,1.177,https://www.openstreetmap.org/node/8616537318,,
