poi_id,name,location,category,reasons,evidence_count,source_url,dataset_version
osm:node:1000087283,Cà Phê Huy,Hà Nội,cafe,insufficient_service_evidence,0,https://www.openstreetmap.org/node/1000087283,v2-c829c8f3e2414108
osm:node:1000087403,Nguyen Art Gallery,Hà Nội,gallery,insufficient_service_evidence,0,https://www.openstreetmap.org/node/1000087403,v2-c829c8f3e2414108
osm:node:1000087449,Nhà Hàng Chả Cá Văn Miếu,Hà Nội,restaurant,insufficient_service_evidence,0,https://www.openstreetmap.org/node/1000087449,v2-c829c8f3e2414108
osm:node:10002371857,Highlands Coffee,Hà Nội,cafe,insufficient_service_evidence,0,https://www.openstreetmap.org/node/10002371857,v2-c829c8f3e2414108
osm:node:10002371862,Starbucks,Hà Nội,cafe,insufficient_service_evidence,0,https://www.openstreetmap.org/node/10002371862,v2-c829c8f3e2414108
osm:node:10002371867,Nét Huế,Hà Nội,restaurant,insufficient_service_evidence,0,https://www.openstreetmap.org/node/10002371867,v2-c829c8f3e2414108
osm:node:10002371882,Ding Tea,Hà Nội,cafe,insufficient_service_evidence,0,https://www.openstreetmap.org/node/10002371882,v2-c829c8f3e2414108
osm:node:10044381092,Old Hanoi Restaurant,Hà Nội,restaurant,insufficient_service_evidence,0,https://www.openstreetmap.org/node/10044381092,v2-c829c8f3e2414108
osm:node:10048501032,Coffee Golf Gach,Hà Nội,cafe,insufficient_service_evidence,0,https://www.openstreetmap.org/node/10048501032,v2-c829c8f3e2414108
osm:node:10048686918,Pao coffee,Hà Nội,cafe,insufficient_service_evidence,0,https://www.openstreetmap.org/node/10048686918,v2-c829c8f3e2414108
osm:node:10091771745,Nguyễn Trãi,Hà Nội,historic,insufficient_service_evidence,0,https://www.openstreetmap.org/node/10091771745,v2-c829c8f3e2414108
osm:node:10105860276,Pho Minh,Hà Nội,restaurant,insufficient_service_evidence,0,https://www.openstreetmap.org/node/10105860276,v2-c829c8f3e2414108
osm:node:10111472817,Hu Tieu,Đà Nẵng,restaurant,insufficient_service_evidence,0,https://www.openstreetmap.org/node/10111472817,v2-c829c8f3e2414108
osm:node:10111550317,Bánh Canh Ruộng,Đà Nẵng,restaurant,insufficient_service_evidence,0,https://www.openstreetmap.org/node/10111550317,v2-c829c8f3e2414108
osm:node:10120064768,Aha,Hà Nội,cafe,weak_or_generic_name|insufficient_service_evidence,0,https://www.openstreetmap.org/node/10120064768,v2-c829c8f3e2414108
osm:node:10120064773,Yu Tang,Hà Nội,restaurant,insufficient_service_evidence,0,https://www.openstreetmap.org/node/10120064773,v2-c829c8f3e2414108
osm:node:10120348018,Lu Coffee,Đà Nẵng,cafe,insufficient_service_evidence,0,https://www.openstreetmap.org/node/10120348018,v2-c829c8f3e2414108
osm:node:10126113417,Thia Go,Đà Nẵng,restaurant,insufficient_service_evidence,0,https://www.openstreetmap.org/node/10126113417,v2-c829c8f3e2414108
osm:node:10127588217,"Mrs Tam - Nem Lui, Bun Thit Nuong",Đà Nẵng,restaurant,insufficient_service_evidence,0,https://www.openstreetmap.org/node/10127588217,v2-c829c8f3e2414108
osm:node:10137315103,NĂM RẢNH HẢI SẢN,Đà Nẵng,restaurant,insufficient_service_evidence,0,https://www.openstreetmap.org/node/10137315103,v2-c829c8f3e2414108
osm:node:10154412491,Kungfu Noodle,Đà Nẵng,restaurant,insufficient_service_evidence,0,https://www.openstreetmap.org/node/10154412491,v2-c829c8f3e2414108
osm:node:10166537621,Quán bánh mì,Hà Nội,restaurant,insufficient_service_evidence,0,https://www.openstreetmap.org/node/10166537621,v2-c829c8f3e2414108
osm:node:10171278941,Chùa Kim Bửu,Đà Nẵng,temple,insufficient_service_evidence,0,https://www.openstreetmap.org/node/10171278941,v2-c829c8f3e2414108
osm:node:10175727317,Bho hoong village ethnique,Đà Nẵng,attraction,insufficient_service_evidence,0,https://www.openstreetmap.org/node/10175727317,v2-c829c8f3e2414108
osm:node:10183312317,Hanoi Train Track Cafe - Coffee 17,Hà Nội,cafe,insufficient_service_evidence,0,https://www.openstreetmap.org/node/10183312317,v2-c829c8f3e2414108
osm:node:10199648444,Nhà ăn Quân Sự,Hà Nội,restaurant,insufficient_service_evidence,0,https://www.openstreetmap.org/node/10199648444,v2-c829c8f3e2414108
osm:node:10213906581,Cơm bình dân,Hà Nội,restaurant,insufficient_service_evidence,0,https://www.openstreetmap.org/node/10213906581,v2-c829c8f3e2414108
osm:node:10216519958,d,Hà Nội,restaurant,weak_or_generic_name|insufficient_service_evidence,0,https://www.openstreetmap.org/node/10216519958,v2-c829c8f3e2414108
osm:node:10222614647,Colette,Hà Nội,restaurant,insufficient_service_evidence,0,https://www.openstreetmap.org/node/10222614647,v2-c829c8f3e2414108
osm:node:10230442790,Cafe Sakura,Đà Nẵng,cafe,insufficient_service_evidence,0,https://www.openstreetmap.org/node/10230442790,v2-c829c8f3e2414108
osm:node:10240244244,COZI Lẩu Nướng Bia Hàn Quốc,Hà Nội,restaurant,insufficient_service_evidence,0,https://www.openstreetmap.org/node/10240244244,v2-c829c8f3e2414108
osm:node:10240244246,Fin House - Buffet Lẩu Thái,Hà Nội,restaurant,insufficient_service_evidence,0,https://www.openstreetmap.org/node/10240244246,v2-c829c8f3e2414108
osm:node:10240244247,Lẩu Nướng Huyền Anh,Hà Nội,restaurant,insufficient_service_evidence,0,https://www.openstreetmap.org/node/10240244247,v2-c829c8f3e2414108
osm:node:10240244250,Quán cỏ restaurant,Hà Nội,restaurant,insufficient_service_evidence,0,https://www.openstreetmap.org/node/10240244250,v2-c829c8f3e2414108
osm:node:10240244251,345,Hà Nội,restaurant,weak_or_generic_name,1,https://www.openstreetmap.org/node/10240244251,v2-c829c8f3e2414108
osm:node:10244441610,Ca Bop,Hà Nội,cafe,insufficient_service_evidence,0,https://www.openstreetmap.org/node/10244441610,v2-c829c8f3e2414108
osm:node:10245738609,Gau Coffee & Bakery,Hà Nội,cafe,insufficient_service_evidence,0,https://www.openstreetmap.org/node/10245738609,v2-c829c8f3e2414108
osm:node:10247214096,cơm chị yến,Hà Nội,restaurant,insufficient_service_evidence,0,https://www.openstreetmap.org/node/10247214096,v2-c829c8f3e2414108
osm:node:10248628282,ToCoToCo,Hà Nội,cafe,insufficient_service_evidence,0,https://www.openstreetmap.org/node/10248628282,v2-c829c8f3e2414108
osm:node:10248628286,Tea & Coffee fixx,Hà Nội,cafe,insufficient_service_evidence,0,https://www.openstreetmap.org/node/10248628286,v2-c829c8f3e2414108
osm:node:10248628304,Ami Cafe,Hà Nội,cafe,insufficient_service_evidence,0,https://www.openstreetmap.org/node/10248628304,v2-c829c8f3e2414108
osm:node:10248628307,Nhà hàng Cơm Phố,Hà Nội,restaurant,insufficient_service_evidence,0,https://www.openstreetmap.org/node/10248628307,v2-c829c8f3e2414108
osm:node:10248661411,Café Bình Minh,Hà Nội,cafe,insufficient_service_evidence,0,https://www.openstreetmap.org/node/10248661411,v2-c829c8f3e2414108
osm:node:10250353711,garden houde 2,Hà Nội,restaurant,insufficient_service_evidence,0,https://www.openstreetmap.org/node/10250353711,v2-c829c8f3e2414108
osm:node:10254828330,Cửa hàng bánh ngọt Bảo Ngọc,Hà Nội,restaurant,insufficient_service_evidence,0,https://www.openstreetmap.org/node/10254828330,v2-c829c8f3e2414108
osm:node:10255177807,Café nhà kê,Hà Nội,cafe,insufficient_service_evidence,0,https://www.openstreetmap.org/node/10255177807,v2-c829c8f3e2414108
osm:node:10255192009,Fin BBQ,Hà Nội,restaurant,insufficient_service_evidence,0,https://www.openstreetmap.org/node/10255192009,v2-c829c8f3e2414108
osm:node:10255192016,Bún Riêu cá Trường Sa,Hà Nội,restaurant,insufficient_service_evidence,0,https://www.openstreetmap.org/node/10255192016,v2-c829c8f3e2414108
osm:node:10255708090,Cửa hàng hải sản tươi,Hà Nội,restaurant,insufficient_service_evidence,0,https://www.openstreetmap.org/node/10255708090,v2-c829c8f3e2414108
osm:node:10255708094,coffe chill,Hà Nội,cafe,insufficient_service_evidence,0,https://www.openstreetmap.org/node/10255708094,v2-c829c8f3e2414108
osm:node:10255708095,Trà sữa Lofi,Hà Nội,cafe,insufficient_service_evidence,0,https://www.openstreetmap.org/node/10255708095,v2-c829c8f3e2414108
osm:node:10255708096,Giải Khát Thúy Hằng,Hà Nội,restaurant,insufficient_service_evidence,0,https://www.openstreetmap.org/node/10255708096,v2-c829c8f3e2414108
osm:node:10258564239,Tháng 6 Cafe,Hà Nội,cafe,insufficient_service_evidence,0,https://www.openstreetmap.org/node/10258564239,v2-c829c8f3e2414108
osm:node:10258564245,Trà Sữa Park Tea,Hà Nội,cafe,insufficient_service_evidence,0,https://www.openstreetmap.org/node/10258564245,v2-c829c8f3e2414108
osm:node:10258564246,Bếp 88 - Nộm - Bánh bột lọc - Nem nướng - Đồ ăn vặt,Hà Nội,restaurant,insufficient_service_evidence,0,https://www.openstreetmap.org/node/10258564246,v2-c829c8f3e2414108
osm:node:10258564249,Bún Đậu Mẹt 37 Quán,Hà Nội,restaurant,insufficient_service_evidence,0,https://www.openstreetmap.org/node/10258564249,v2-c829c8f3e2414108
osm:node:10258564255,Cơm Ngon,Hà Nội,restaurant,insufficient_service_evidence,0,https://www.openstreetmap.org/node/10258564255,v2-c829c8f3e2414108
osm:node:10261572487,Takoyaki,Hà Nội,restaurant,insufficient_service_evidence,0,https://www.openstreetmap.org/node/10261572487,v2-c829c8f3e2414108
osm:node:10264303109,Bánh bao Bình Mỗ,Hà Nội,restaurant,insufficient_service_evidence,0,https://www.openstreetmap.org/node/10264303109,v2-c829c8f3e2414108
osm:node:10272437963,Công Viên Vĩnh Hằng Huế,Đà Nẵng,temple,insufficient_service_evidence,0,https://www.openstreetmap.org/node/10272437963,v2-c829c8f3e2414108
osm:node:10272739935,Highlands Coffee,Hà Nội,cafe,insufficient_service_evidence,0,https://www.openstreetmap.org/node/10272739935,v2-c829c8f3e2414108
osm:node:10274963509,ola's steak,Hà Nội,restaurant,insufficient_service_evidence,0,https://www.openstreetmap.org/node/10274963509,v2-c829c8f3e2414108
osm:node:10281779509,Pho Gon,Hà Nội,restaurant,insufficient_service_evidence,0,https://www.openstreetmap.org/node/10281779509,v2-c829c8f3e2414108
osm:node:10286931053,KEM MIXUE,Hà Nội,cafe,insufficient_service_evidence,0,https://www.openstreetmap.org/node/10286931053,v2-c829c8f3e2414108
osm:node:10292550606,Coffee Nano,Đà Nẵng,cafe,insufficient_service_evidence,0,https://www.openstreetmap.org/node/10292550606,v2-c829c8f3e2414108
osm:node:10293406415,Jollibee,Hà Nội,restaurant,insufficient_service_evidence,0,https://www.openstreetmap.org/node/10293406415,v2-c829c8f3e2414108
osm:node:10296348609,Pho Chuyen Bo,Hà Nội,restaurant,insufficient_service_evidence,0,https://www.openstreetmap.org/node/10296348609,v2-c829c8f3e2414108
osm:node:10298553019,Bánh mì Trâm,Hà Nội,restaurant,insufficient_service_evidence,0,https://www.openstreetmap.org/node/10298553019,v2-c829c8f3e2414108
osm:node:10298555575,Phở bưng Hàng Trống,Hà Nội,restaurant,insufficient_service_evidence,0,https://www.openstreetmap.org/node/10298555575,v2-c829c8f3e2414108
osm:node:10298693325,Miến trộn mực,Hà Nội,restaurant,insufficient_service_evidence,0,https://www.openstreetmap.org/node/10298693325,v2-c829c8f3e2414108
osm:node:10298693326,Hải Xệ,Hà Nội,restaurant,insufficient_service_evidence,0,https://www.openstreetmap.org/node/10298693326,v2-c829c8f3e2414108
osm:node:10298693327,Quán Cô Nhàn,Hà Nội,restaurant,insufficient_service_evidence,0,https://www.openstreetmap.org/node/10298693327,v2-c829c8f3e2414108
osm:node:10298693328,Bánh cuốn gia truyền thanh vân,Hà Nội,restaurant,insufficient_service_evidence,0,https://www.openstreetmap.org/node/10298693328,v2-c829c8f3e2414108
osm:node:10298693329,Phở Lâm,Hà Nội,restaurant,insufficient_service_evidence,0,https://www.openstreetmap.org/node/10298693329,v2-c829c8f3e2414108
osm:node:10298717234,Phở hà nội,Hà Nội,restaurant,insufficient_service_evidence,0,https://www.openstreetmap.org/node/10298717234,v2-c829c8f3e2414108
osm:node:10300504394,Mixue,Đà Nẵng,cafe,insufficient_service_evidence,0,https://www.openstreetmap.org/node/10300504394,v2-c829c8f3e2414108
osm:node:10302606217,Art Space,Đà Nẵng,restaurant,insufficient_service_evidence,0,https://www.openstreetmap.org/node/10302606217,v2-c829c8f3e2414108
osm:node:10303626687,Núi Phước Tường,Đà Nẵng,nature_area,insufficient_service_evidence,0,https://www.openstreetmap.org/node/10303626687,v2-c829c8f3e2414108
osm:node:10303626688,Núi Cẩm Khê,Đà Nẵng,nature_area,insufficient_service_evidence,0,https://www.openstreetmap.org/node/10303626688,v2-c829c8f3e2414108
osm:node:10303960960,Rivers and Lakes,Đà Nẵng,restaurant,insufficient_service_evidence,0,https://www.openstreetmap.org/node/10303960960,v2-c829c8f3e2414108
osm:node:10303960961,An My rest stop,Đà Nẵng,restaurant,insufficient_service_evidence,0,https://www.openstreetmap.org/node/10303960961,v2-c829c8f3e2414108
osm:node:10304278990,Zone coffee,Đà Nẵng,cafe,insufficient_service_evidence,0,https://www.openstreetmap.org/node/10304278990,v2-c829c8f3e2414108
osm:node:10304585640,Jan,Đà Nẵng,restaurant,weak_or_generic_name,1,https://www.openstreetmap.org/node/10304585640,v2-c829c8f3e2414108
osm:node:10304602674,Bánh Mì Bà Nga,Đà Nẵng,restaurant,insufficient_service_evidence,0,https://www.openstreetmap.org/node/10304602674,v2-c829c8f3e2414108
osm:node:10308130024,K7 burger,Đà Nẵng,restaurant,insufficient_service_evidence,0,https://www.openstreetmap.org/node/10308130024,v2-c829c8f3e2414108
osm:node:10312611228,KFC,Đà Nẵng,restaurant,weak_or_generic_name|insufficient_service_evidence,0,https://www.openstreetmap.org/node/10312611228,v2-c829c8f3e2414108
osm:node:1036552571,Đèo Hải Vân,Đà Nẵng,attraction,insufficient_service_evidence,0,https://www.openstreetmap.org/node/1036552571,v2-c829c8f3e2414108
osm:node:1037736905,Group E,Đà Nẵng,historic,weak_or_generic_name|insufficient_service_evidence,0,https://www.openstreetmap.org/node/1037736905,v2-c829c8f3e2414108
osm:node:1037737078,Group G,Đà Nẵng,historic,weak_or_generic_name|insufficient_service_evidence,0,https://www.openstreetmap.org/node/1037737078,v2-c829c8f3e2414108
osm:node:1037737131,Group H,Đà Nẵng,historic,weak_or_generic_name|insufficient_service_evidence,0,https://www.openstreetmap.org/node/1037737131,v2-c829c8f3e2414108
osm:node:1037737163,Group B,Đà Nẵng,historic,weak_or_generic_name|insufficient_service_evidence,0,https://www.openstreetmap.org/node/1037737163,v2-c829c8f3e2414108
osm:node:1037737181,Group A,Đà Nẵng,historic,weak_or_generic_name|insufficient_service_evidence,0,https://www.openstreetmap.org/node/1037737181,v2-c829c8f3e2414108
osm:node:1037737215,Group F,Đà Nẵng,historic,weak_or_generic_name|insufficient_service_evidence,0,https://www.openstreetmap.org/node/1037737215,v2-c829c8f3e2414108
osm:node:1037737395,Group C,Đà Nẵng,historic,weak_or_generic_name|insufficient_service_evidence,0,https://www.openstreetmap.org/node/1037737395,v2-c829c8f3e2414108
osm:node:104770283,Cửa Hàng Bò Nầm Nướng,Hà Nội,restaurant,insufficient_service_evidence,0,https://www.openstreetmap.org/node/104770283,v2-c829c8f3e2414108
osm:node:10539712109,Cafe 43,Đà Nẵng,restaurant,insufficient_service_evidence,0,https://www.openstreetmap.org/node/10539712109,v2-c829c8f3e2414108
osm:node:10557047309,Quan banh con Thanh van,Hà Nội,restaurant,insufficient_service_evidence,0,https://www.openstreetmap.org/node/10557047309,v2-c829c8f3e2414108
osm:node:10565072143,Điểm Nhìn Cây Cô Đơn,Hà Nội,viewpoint,insufficient_service_evidence,0,https://www.openstreetmap.org/node/10565072143,v2-c829c8f3e2414108
osm:node:10581567805,韓式BBQ,Hà Nội,restaurant,weak_or_generic_name|insufficient_service_evidence,0,https://www.openstreetmap.org/node/10581567805,v2-c829c8f3e2414108
osm:node:10593413006,Quán Ăn Ngon food court,Hà Nội,restaurant,insufficient_service_evidence,0,https://www.openstreetmap.org/node/10593413006,v2-c829c8f3e2414108
osm:node:10598314706,Reply 1988,Đà Nẵng,cafe,insufficient_service_evidence,0,https://www.openstreetmap.org/node/10598314706,v2-c829c8f3e2414108
osm:node:10600872413,Mì Quảng Bà Mua,Đà Nẵng,restaurant,insufficient_service_evidence,0,https://www.openstreetmap.org/node/10600872413,v2-c829c8f3e2414108
osm:node:10601264077,Quán Nhậu,Đà Nẵng,restaurant,insufficient_service_evidence,0,https://www.openstreetmap.org/node/10601264077,v2-c829c8f3e2414108
osm:node:10601264078,Quán Bến Tre,Đà Nẵng,restaurant,insufficient_service_evidence,0,https://www.openstreetmap.org/node/10601264078,v2-c829c8f3e2414108
osm:node:10601264079,Quán Phúc,Đà Nẵng,restaurant,insufficient_service_evidence,0,https://www.openstreetmap.org/node/10601264079,v2-c829c8f3e2414108
osm:node:10601264080,Quán Hường,Đà Nẵng,restaurant,insufficient_service_evidence,0,https://www.openstreetmap.org/node/10601264080,v2-c829c8f3e2414108
osm:node:10601265149,Quán Lân,Đà Nẵng,restaurant,insufficient_service_evidence,0,https://www.openstreetmap.org/node/10601265149,v2-c829c8f3e2414108
osm:node:10601269706,Quán Số 2,Đà Nẵng,restaurant,insufficient_service_evidence,0,https://www.openstreetmap.org/node/10601269706,v2-c829c8f3e2414108
osm:node:10601272420,Quán Ăn,Đà Nẵng,restaurant,insufficient_service_evidence,0,https://www.openstreetmap.org/node/10601272420,v2-c829c8f3e2414108
osm:node:10601275313,Quán Số 09,Đà Nẵng,restaurant,insufficient_service_evidence,0,https://www.openstreetmap.org/node/10601275313,v2-c829c8f3e2414108
osm:node:10603580456,Ni Bà Già,Đà Nẵng,restaurant,insufficient_service_evidence,0,https://www.openstreetmap.org/node/10603580456,v2-c829c8f3e2414108
osm:node:10603622205,Pont main,Đà Nẵng,attraction,weak_or_generic_name|insufficient_service_evidence,0,https://www.openstreetmap.org/node/10603622205,v2-c829c8f3e2414108
osm:node:10605564305,Lá Restaurant,Đà Nẵng,restaurant,insufficient_service_evidence,0,https://www.openstreetmap.org/node/10605564305,v2-c829c8f3e2414108
osm:node:10613708848,Việt Nam Coffee,Đà Nẵng,cafe,insufficient_service_evidence,0,https://www.openstreetmap.org/node/10613708848,v2-c829c8f3e2414108
osm:node:10617495454,Cà Phê Muối,Đà Nẵng,cafe,insufficient_service_evidence,0,https://www.openstreetmap.org/node/10617495454,v2-c829c8f3e2414108
osm:node:10621408647,Highlands Coffee,Hà Nội,cafe,insufficient_service_evidence,0,https://www.openstreetmap.org/node/10621408647,v2-c829c8f3e2414108
osm:node:10621408652,McDonald's,Hà Nội,restaurant,insufficient_service_evidence,0,https://www.openstreetmap.org/node/10621408652,v2-c829c8f3e2414108
osm:node:10628095751,Bún Ốc Hương Xưa,Hà Nội,restaurant,insufficient_service_evidence,0,https://www.openstreetmap.org/node/10628095751,v2-c829c8f3e2414108
osm:node:10632619359,Coffee Hub,Đà Nẵng,cafe,insufficient_service_evidence,0,https://www.openstreetmap.org/node/10632619359,v2-c829c8f3e2414108
osm:node:10647941388,Top Hill,Hà Nội,viewpoint,insufficient_service_evidence,0,https://www.openstreetmap.org/node/10647941388,v2-c829c8f3e2414108
osm:node:10648477405,Hậu Béo,Hà Nội,restaurant,insufficient_service_evidence,0,https://www.openstreetmap.org/node/10648477405,v2-c829c8f3e2414108
osm:node:10648787605,Bún đậu Thanh Hằng,Hà Nội,restaurant,insufficient_service_evidence,0,https://www.openstreetmap.org/node/10648787605,v2-c829c8f3e2414108
osm:node:10650885412,My vằn thắn sủi cảo,Hà Nội,restaurant,insufficient_service_evidence,0,https://www.openstreetmap.org/node/10650885412,v2-c829c8f3e2414108
osm:node:10651023006,Mỳ vằn thắn Bình Tây Phố,Hà Nội,restaurant,insufficient_service_evidence,0,https://www.openstreetmap.org/node/10651023006,v2-c829c8f3e2414108
osm:node:10651024105,Bánh rán mật đường,Hà Nội,restaurant,insufficient_service_evidence,0,https://www.openstreetmap.org/node/10651024105,v2-c829c8f3e2414108
osm:node:10653571405,Bún chả 17 Chương Dương Độ,Hà Nội,restaurant,insufficient_service_evidence,0,https://www.openstreetmap.org/node/10653571405,v2-c829c8f3e2414108
osm:node:10656829305,Đặc sản Bánh cuốn Cao Bằng,Hà Nội,restaurant,insufficient_service_evidence,0,https://www.openstreetmap.org/node/10656829305,v2-c829c8f3e2414108
osm:node:10669054405,Tiem Banh Mi Sum,Đà Nẵng,restaurant,insufficient_service_evidence,0,https://www.openstreetmap.org/node/10669054405,v2-c829c8f3e2414108
osm:node:10669108706,Sữa chua thạch lá nếp,Hà Nội,restaurant,insufficient_service_evidence,0,https://www.openstreetmap.org/node/10669108706,v2-c829c8f3e2414108
osm:node:10669431406,Chayfood,Hà Nội,restaurant,insufficient_service_evidence,0,https://www.openstreetmap.org/node/10669431406,v2-c829c8f3e2414108
osm:node:10674994906,Cháo sườn - Cháo trai,Hà Nội,restaurant,insufficient_service_evidence,0,https://www.openstreetmap.org/node/10674994906,v2-c829c8f3e2414108
osm:node:10676070107,Vi Lai,Hà Nội,restaurant,insufficient_service_evidence,0,https://www.openstreetmap.org/node/10676070107,v2-c829c8f3e2414108
osm:node:10678143902,Helios,Hà Nội,cafe,insufficient_service_evidence,0,https://www.openstreetmap.org/node/10678143902,v2-c829c8f3e2414108
osm:node:10678548055,Le Monde Steak,Hà Nội,restaurant,insufficient_service_evidence,0,https://www.openstreetmap.org/node/10678548055,v2-c829c8f3e2414108
osm:node:10679929000,Banh My Bit Tet (Vietnamese beef steak),Hà Nội,restaurant,insufficient_service_evidence,0,https://www.openstreetmap.org/node/10679929000,v2-c829c8f3e2414108
osm:node:10682748805,Cà Phê Vân,Hà Nội,cafe,insufficient_service_evidence,0,https://www.openstreetmap.org/node/10682748805,v2-c829c8f3e2414108
osm:node:10690742374,Highlands Coffee,Hà Nội,cafe,insufficient_service_evidence,0,https://www.openstreetmap.org/node/10690742374,v2-c829c8f3e2414108
osm:node:10694726603,Nga Hang Vinh Coi,Hà Nội,restaurant,insufficient_service_evidence,0,https://www.openstreetmap.org/node/10694726603,v2-c829c8f3e2414108
osm:node:10694763006,Nha Hang Loi Hai Duong,Hà Nội,restaurant,insufficient_service_evidence,0,https://www.openstreetmap.org/node/10694763006,v2-c829c8f3e2414108
osm:node:10697312199,STG coffee,Hà Nội,cafe,insufficient_service_evidence,0,https://www.openstreetmap.org/node/10697312199,v2-c829c8f3e2414108
osm:node:10707281480,Tượng Nguyên Phi Ỷ Lan,Hà Nội,historic,insufficient_service_evidence,0,https://www.openstreetmap.org/node/10707281480,v2-c829c8f3e2414108
osm:node:10707281481,Chùa Linh Nhân Tư Phúc,Hà Nội,temple,insufficient_service_evidence,0,https://www.openstreetmap.org/node/10707281481,v2-c829c8f3e2414108
osm:node:10707281482,Đền Bà Tấm,Hà Nội,temple,insufficient_service_evidence,0,https://www.openstreetmap.org/node/10707281482,v2-c829c8f3e2414108
osm:node:10707281483,Điện Mẫu,Hà Nội,temple,insufficient_service_evidence,0,https://www.openstreetmap.org/node/10707281483,v2-c829c8f3e2414108
osm:node:10707300738,Khu khảo cổ,Hà Nội,historic,insufficient_service_evidence,0,https://www.openstreetmap.org/node/10707300738,v2-c829c8f3e2414108
osm:node:10709724108,Làng đúc đồng Phước Kiều,Đà Nẵng,craft_village,insufficient_service_evidence,0,https://www.openstreetmap.org/node/10709724108,v2-c829c8f3e2414108
osm:node:10709724111,Làng tết cỏ tế Lưu Thượng,Hà Nội,attraction,insufficient_service_evidence,0,https://www.openstreetmap.org/node/10709724111,v2-c829c8f3e2414108
osm:node:10709724112,Làng giang Phù Yên,Hà Nội,attraction,insufficient_service_evidence,0,https://www.openstreetmap.org/node/10709724112,v2-c829c8f3e2414108
osm:node:10709724408,Làng nghề dát vàng Kiêu Kỵ,Hà Nội,craft_village,insufficient_service_evidence,0,https://www.openstreetmap.org/node/10709724408,v2-c829c8f3e2414108
osm:node:10709724410,Làng lụa La Phù,Hà Nội,attraction,insufficient_service_evidence,0,https://www.openstreetmap.org/node/10709724410,v2-c829c8f3e2414108
osm:node:10709724411,Làng tiện gỗ Nhị Khê,Hà Nội,attraction,insufficient_service_evidence,0,https://www.openstreetmap.org/node/10709724411,v2-c829c8f3e2414108
osm:node:10709724412,Làng khảm trái Thôn Thượng,Hà Nội,attraction,insufficient_service_evidence,0,https://www.openstreetmap.org/node/10709724412,v2-c829c8f3e2414108
osm:node:10709724413,Làng khảm trai Thôn Trung,Hà Nội,attraction,insufficient_service_evidence,0,https://www.openstreetmap.org/node/10709724413,v2-c829c8f3e2414108
osm:node:10709724415,Đền Đại Lộ,Hà Nội,attraction,insufficient_service_evidence,0,https://www.openstreetmap.org/node/10709724415,v2-c829c8f3e2414108
osm:node:10709724416,Làng nón Chuông,Hà Nội,attraction,insufficient_service_evidence,0,https://www.openstreetmap.org/node/10709724416,v2-c829c8f3e2414108
osm:node:10709724417,Làng quạt và lồng chim Can Hoạch,Hà Nội,attraction,insufficient_service_evidence,0,https://www.openstreetmap.org/node/10709724417,v2-c829c8f3e2414108
osm:node:10709724418,Làng tre Yên Kiện,Hà Nội,attraction,insufficient_service_evidence,0,https://www.openstreetmap.org/node/10709724418,v2-c829c8f3e2414108
osm:node:10709724420,Làng mắm Cửa Khe,Đà Nẵng,attraction,insufficient_service_evidence,0,https://www.openstreetmap.org/node/10709724420,v2-c829c8f3e2414108
osm:node:10709724421,Làng mộc Áng Phao,Hà Nội,craft_village,insufficient_service_evidence,0,https://www.openstreetmap.org/node/10709724421,v2-c829c8f3e2414108
osm:node:10709738005,Làng chiếu Cẩm Nê,Đà Nẵng,attraction,insufficient_service_evidence,0,https://www.openstreetmap.org/node/10709738005,v2-c829c8f3e2414108
osm:node:10709738006,Làng mộc Kim Bồng,Đà Nẵng,craft_village,insufficient_service_evidence,0,https://www.openstreetmap.org/node/10709738006,v2-c829c8f3e2414108
osm:node:10709738007,Đền thờ nguyên phi Ỷ Lan,Hà Nội,attraction,insufficient_service_evidence,0,https://www.openstreetmap.org/node/10709738007,v2-c829c8f3e2414108
osm:node:10709738010,Làng điêu khắc gỗ Dư Dụ,Hà Nội,attraction,insufficient_service_evidence,0,https://www.openstreetmap.org/node/10709738010,v2-c829c8f3e2414108
osm:node:10709738012,Làng thêu ren Quất Động,Hà Nội,attraction,insufficient_service_evidence,0,https://www.openstreetmap.org/node/10709738012,v2-c829c8f3e2414108
osm:node:10709738013,Làng khảm trai Thôn Ngọ,Hà Nội,attraction,insufficient_service_evidence,0,https://www.openstreetmap.org/node/10709738013,v2-c829c8f3e2414108
osm:node:10709738014,đền Đại Lộ,Hà Nội,attraction,insufficient_service_evidence,0,https://www.openstreetmap.org/node/10709738014,v2-c829c8f3e2414108
osm:node:10709738015,Làng làm hương thẻ Quảng Phú Cầu,Hà Nội,attraction,insufficient_service_evidence,0,https://www.openstreetmap.org/node/10709738015,v2-c829c8f3e2414108
osm:node:10709738016,Làng mây tre đan Phú Vinh,Hà Nội,attraction,insufficient_service_evidence,0,https://www.openstreetmap.org/node/10709738016,v2-c829c8f3e2414108
osm:node:10709738105,Làng nước mắm Nam Ô,Đà Nẵng,attraction,insufficient_service_evidence,0,https://www.openstreetmap.org/node/10709738105,v2-c829c8f3e2414108
osm:node:10709738107,Làng sơn mài Hạ Thái,Hà Nội,attraction,insufficient_service_evidence,0,https://www.openstreetmap.org/node/10709738107,v2-c829c8f3e2414108
osm:node:10709738108,Làng điêu khắc và sản xuất đồ Mỹ nghệ bằng sừng Thụy Ứng,Hà Nội,attraction,insufficient_service_evidence,0,https://www.openstreetmap.org/node/10709738108,v2-c829c8f3e2414108
osm:node:10709738109,đền Chử Đồng Tử,Hà Nội,attraction,insufficient_service_evidence,0,https://www.openstreetmap.org/node/10709738109,v2-c829c8f3e2414108
osm:node:10709738405,Làng mộc Thanh Hà,Đà Nẵng,craft_village,insufficient_service_evidence,0,https://www.openstreetmap.org/node/10709738405,v2-c829c8f3e2414108
osm:node:10709738905,Làng khảm trai Bối Khê,Hà Nội,attraction,insufficient_service_evidence,0,https://www.openstreetmap.org/node/10709738905,v2-c829c8f3e2414108
osm:node:10709762806,đình Chu Quyến,Hà Nội,temple,insufficient_service_evidence,0,https://www.openstreetmap.org/node/10709762806,v2-c829c8f3e2414108
osm:node:10711527705,An Thoi Restaurant,Đà Nẵng,restaurant,insufficient_service_evidence,0,https://www.openstreetmap.org/node/10711527705,v2-c829c8f3e2414108
osm:node:10711731005,Đình Làng Nghiêm Xá,Hà Nội,temple,insufficient_service_evidence,0,https://www.openstreetmap.org/node/10711731005,v2-c829c8f3e2414108
osm:node:10712262605,Đình Phương Châu,Hà Nội,temple,insufficient_service_evidence,0,https://www.openstreetmap.org/node/10712262605,v2-c829c8f3e2414108
osm:node:10712524505,đền Chu Quyến,Hà Nội,temple,insufficient_service_evidence,0,https://www.openstreetmap.org/node/10712524505,v2-c829c8f3e2414108
osm:node:10718073305,Ardor,Hà Nội,cafe,insufficient_service_evidence,0,https://www.openstreetmap.org/node/10718073305,v2-c829c8f3e2414108
osm:node:10720585225,Chợ Bách Khoa,Hà Nội,market,insufficient_service_evidence,0,https://www.openstreetmap.org/node/10720585225,v2-c829c8f3e2414108
osm:node:10723988763,Đài tưởng niệm thảm sát Hà My,Đà Nẵng,historic,insufficient_service_evidence,0,https://www.openstreetmap.org/node/10723988763,v2-c829c8f3e2414108
osm:node:10728843553,The Gourmet Corner,Hà Nội,restaurant,insufficient_service_evidence,0,https://www.openstreetmap.org/node/10728843553,v2-c829c8f3e2414108
osm:node:10731139483,Bún bò Huế – Cơm rang Đức Duy,Hà Nội,restaurant,insufficient_service_evidence,0,https://www.openstreetmap.org/node/10731139483,v2-c829c8f3e2414108
osm:node:10734202162,O Bun Cha,Hà Nội,restaurant,insufficient_service_evidence,0,https://www.openstreetmap.org/node/10734202162,v2-c829c8f3e2414108
osm:node:10736218504,A little kitchen,Đà Nẵng,restaurant,insufficient_service_evidence,0,https://www.openstreetmap.org/node/10736218504,v2-c829c8f3e2414108
osm:node:10736281451,Sam,Đà Nẵng,restaurant,weak_or_generic_name|insufficient_service_evidence,0,https://www.openstreetmap.org/node/10736281451,v2-c829c8f3e2414108
osm:node:10749951834,Sii Coffee,Hà Nội,cafe,insufficient_service_evidence,0,https://www.openstreetmap.org/node/10749951834,v2-c829c8f3e2414108
osm:node:10776337811,Quan an Dim Sum,Đà Nẵng,restaurant,insufficient_service_evidence,0,https://www.openstreetmap.org/node/10776337811,v2-c829c8f3e2414108
osm:node:10777150405,Quán chay Tỉnh Quán,Đà Nẵng,restaurant,insufficient_service_evidence,0,https://www.openstreetmap.org/node/10777150405,v2-c829c8f3e2414108
osm:node:10779089305,Khang Gia Quan,Đà Nẵng,restaurant,insufficient_service_evidence,0,https://www.openstreetmap.org/node/10779089305,v2-c829c8f3e2414108
osm:node:10779680205,Cau man,Hà Nội,restaurant,insufficient_service_evidence,0,https://www.openstreetmap.org/node/10779680205,v2-c829c8f3e2414108
osm:node:10781116908,Bểp Phượng Món Ngon Hà Nội,Đà Nẵng,restaurant,insufficient_service_evidence,0,https://www.openstreetmap.org/node/10781116908,v2-c829c8f3e2414108
osm:node:10781135505,Quán Bé Út - Nem Lụi & Bún Thịt Nướng,Đà Nẵng,restaurant,insufficient_service_evidence,0,https://www.openstreetmap.org/node/10781135505,v2-c829c8f3e2414108
osm:node:10783518305,Bánh Mì 25,Hà Nội,restaurant,insufficient_service_evidence,0,https://www.openstreetmap.org/node/10783518305,v2-c829c8f3e2414108
osm:node:10786488995,Bánh Mi Phó,Hà Nội,restaurant,insufficient_service_evidence,0,https://www.openstreetmap.org/node/10786488995,v2-c829c8f3e2414108
osm:node:10796214322,Đình làng Tri Chỉ,Hà Nội,temple,insufficient_service_evidence,0,https://www.openstreetmap.org/node/10796214322,v2-c829c8f3e2414108
osm:node:10796252680,Đình Hạ thôn Đông,Hà Nội,temple,insufficient_service_evidence,0,https://www.openstreetmap.org/node/10796252680,v2-c829c8f3e2414108
osm:node:10796252681,Miếu Cầu Đông,Hà Nội,temple,insufficient_service_evidence,0,https://www.openstreetmap.org/node/10796252681,v2-c829c8f3e2414108
osm:node:10796252682,Chùa Trung Đồng,Hà Nội,temple,insufficient_service_evidence,0,https://www.openstreetmap.org/node/10796252682,v2-c829c8f3e2414108
osm:node:10796252683,Đình Nghè làng Tri Chỉ,Hà Nội,temple,insufficient_service_evidence,0,https://www.openstreetmap.org/node/10796252683,v2-c829c8f3e2414108
osm:node:10796761307,Lenco Café,Đà Nẵng,cafe,insufficient_service_evidence,0,https://www.openstreetmap.org/node/10796761307,v2-c829c8f3e2414108
osm:node:10807491807,Quán Tý,Đà Nẵng,restaurant,insufficient_service_evidence,0,https://www.openstreetmap.org/node/10807491807,v2-c829c8f3e2414108
osm:node:10813726005,Phương Nguyên - Roma Coffee,Đà Nẵng,cafe,insufficient_service_evidence,0,https://www.openstreetmap.org/node/10813726005,v2-c829c8f3e2414108
osm:node:10819049905,Quán Mai - Bún chả Obama,Đà Nẵng,restaurant,insufficient_service_evidence,0,https://www.openstreetmap.org/node/10819049905,v2-c829c8f3e2414108
osm:node:10837001505,Bún bò Chum,Đà Nẵng,restaurant,insufficient_service_evidence,0,https://www.openstreetmap.org/node/10837001505,v2-c829c8f3e2414108
osm:node:10839094347,Nhật Tân Glamping,Hà Nội,restaurant,insufficient_service_evidence,0,https://www.openstreetmap.org/node/10839094347,v2-c829c8f3e2414108
osm:node:10839104679,Tiệm Cắt Lông MiMi Pet - Ngõ 42 An Dương Vương,Hà Nội,temple,insufficient_service_evidence,0,https://www.openstreetmap.org/node/10839104679,v2-c829c8f3e2414108
osm:node:10839122327,Nhà Hàng Bảo Vy,Hà Nội,restaurant,insufficient_service_evidence,0,https://www.openstreetmap.org/node/10839122327,v2-c829c8f3e2414108
osm:node:10839148596,Công ty Cổ phần Thương mại Dịch vụ Kadoki Việt Nam,Hà Nội,temple,insufficient_service_evidence,0,https://www.openstreetmap.org/node/10839148596,v2-c829c8f3e2414108
osm:node:10839148972,Mật ong thiên nhiên số 1,Hà Nội,temple,insufficient_service_evidence,0,https://www.openstreetmap.org/node/10839148972,v2-c829c8f3e2414108
osm:node:10839162706,MTdoggycamp,Hà Nội,temple,insufficient_service_evidence,0,https://www.openstreetmap.org/node/10839162706,v2-c829c8f3e2414108
osm:node:10848035601,Vua Phở,Hà Nội,restaurant,insufficient_service_evidence,0,https://www.openstreetmap.org/node/10848035601,v2-c829c8f3e2414108
osm:node:10848090099,Quán Vịt Zozo,Hà Nội,restaurant,insufficient_service_evidence,0,https://www.openstreetmap.org/node/10848090099,v2-c829c8f3e2414108
osm:node:10848092608,Cháo Niêu,Hà Nội,restaurant,insufficient_service_evidence,0,https://www.openstreetmap.org/node/10848092608,v2-c829c8f3e2414108
osm:node:10855401087,Cung cấp bán buôn thiết bị âm thanh bãi,Hà Nội,temple,insufficient_service_evidence,0,https://www.openstreetmap.org/node/10855401087,v2-c829c8f3e2414108
osm:node:10855401101,Miếu Tranh Khúc,Hà Nội,temple,insufficient_service_evidence,0,https://www.openstreetmap.org/node/10855401101,v2-c829c8f3e2414108
osm:node:10855443210,Cơ Sở Sản Xuất Đồ Gỗ Nội Thất Cao Cấp Trọng Nguyễn,Hà Nội,temple,insufficient_service_evidence,0,https://www.openstreetmap.org/node/10855443210,v2-c829c8f3e2414108
osm:node:10856105369,Lòng Bờm - Lòng lợn Thuỵ Khuê,Hà Nội,restaurant,insufficient_service_evidence,0,https://www.openstreetmap.org/node/10856105369,v2-c829c8f3e2414108
osm:node:10856105373,Chung Trường - Lòng lợn chợ Bưởi,Hà Nội,restaurant,insufficient_service_evidence,0,https://www.openstreetmap.org/node/10856105373,v2-c829c8f3e2414108
osm:node:10856178288,Nhà Thờ Giáo Xứ Vạn Phúc,Hà Nội,temple,insufficient_service_evidence,0,https://www.openstreetmap.org/node/10856178288,v2-c829c8f3e2414108
osm:node:10856178293,Nhà vườn Phú Khanh,Hà Nội,temple,insufficient_service_evidence,0,https://www.openstreetmap.org/node/10856178293,v2-c829c8f3e2414108
osm:node:10856178304,công ty cp thép Việt Xô,Hà Nội,temple,insufficient_service_evidence,0,https://www.openstreetmap.org/node/10856178304,v2-c829c8f3e2414108
osm:node:10856207109,Panel Việt Xô,Hà Nội,temple,insufficient_service_evidence,0,https://www.openstreetmap.org/node/10856207109,v2-c829c8f3e2414108
osm:node:10856207114,Đền mẫu Đại Lộ,Hà Nội,temple,insufficient_service_evidence,0,https://www.openstreetmap.org/node/10856207114,v2-c829c8f3e2414108
osm:node:10856207119,Miếu Cậu Quận,Hà Nội,temple,insufficient_service_evidence,0,https://www.openstreetmap.org/node/10856207119,v2-c829c8f3e2414108
osm:node:10856207127,Dam Temple,Hà Nội,temple,insufficient_service_evidence,0,https://www.openstreetmap.org/node/10856207127,v2-c829c8f3e2414108
osm:node:10858085458,Chợ Bưởi,Hà Nội,market,insufficient_service_evidence,0,https://www.openstreetmap.org/node/10858085458,v2-c829c8f3e2414108
osm:node:10860094783,Phở bò gốc gạo (158 Ngọc Hà),Hà Nội,restaurant,insufficient_service_evidence,0,https://www.openstreetmap.org/node/10860094783,v2-c829c8f3e2414108
osm:node:10860208388,Phở mặn (gầm cầu),Hà Nội,restaurant,insufficient_service_evidence,0,https://www.openstreetmap.org/node/10860208388,v2-c829c8f3e2414108
osm:node:10860208391,Phở bò Đức Khôi,Hà Nội,restaurant,insufficient_service_evidence,0,https://www.openstreetmap.org/node/10860208391,v2-c829c8f3e2414108
osm:node:10860234700,Phở bò Hồ Lợi,Hà Nội,restaurant,insufficient_service_evidence,0,https://www.openstreetmap.org/node/10860234700,v2-c829c8f3e2414108
osm:node:10867386005,Café Tú Anh,Hà Nội,cafe,insufficient_service_evidence,0,https://www.openstreetmap.org/node/10867386005,v2-c829c8f3e2414108
osm:node:10871003625,La badiane,Hà Nội,restaurant,insufficient_service_evidence,0,https://www.openstreetmap.org/node/10871003625,v2-c829c8f3e2414108
osm:node:10871037101,Luna d'automno,Hà Nội,restaurant,insufficient_service_evidence,0,https://www.openstreetmap.org/node/10871037101,v2-c829c8f3e2414108
osm:node:10872867309,Chùa Mật Dụng,Hà Nội,temple,insufficient_service_evidence,0,https://www.openstreetmap.org/node/10872867309,v2-c829c8f3e2414108
osm:node:10872881535,Cháo sườn sụn,Hà Nội,restaurant,insufficient_service_evidence,0,https://www.openstreetmap.org/node/10872881535,v2-c829c8f3e2414108
osm:node:10879583660,Phở Ty,Hà Nội,restaurant,insufficient_service_evidence,0,https://www.openstreetmap.org/node/10879583660,v2-c829c8f3e2414108
osm:node:10892129283,Núi Đồng Đen,Đà Nẵng,nature_area,insufficient_service_evidence,0,https://www.openstreetmap.org/node/10892129283,v2-c829c8f3e2414108
osm:node:10898498605,Son Cafe Hoi An,Đà Nẵng,cafe,insufficient_service_evidence,0,https://www.openstreetmap.org/node/10898498605,v2-c829c8f3e2414108
osm:node:10901074930,Kens Vegetarian,Đà Nẵng,restaurant,insufficient_service_evidence,0,https://www.openstreetmap.org/node/10901074930,v2-c829c8f3e2414108
osm:node:10927941369,Chùa Phượng Vũ,Hà Nội,temple,insufficient_service_evidence,0,https://www.openstreetmap.org/node/10927941369,v2-c829c8f3e2414108
osm:node:10957072405,My Quang Ba Mua,Đà Nẵng,restaurant,insufficient_service_evidence,0,https://www.openstreetmap.org/node/10957072405,v2-c829c8f3e2414108
osm:node:10967377350,Miếu Vật,Hà Nội,temple,insufficient_service_evidence,0,https://www.openstreetmap.org/node/10967377350,v2-c829c8f3e2414108
osm:node:10967377351,Miếu Dộc,Hà Nội,temple,insufficient_service_evidence,0,https://www.openstreetmap.org/node/10967377351,v2-c829c8f3e2414108
osm:node:10967377352,Miếu Văn Chỉ,Hà Nội,temple,insufficient_service_evidence,0,https://www.openstreetmap.org/node/10967377352,v2-c829c8f3e2414108
osm:node:10967377372,Chùa Làng Nghiêm Xá,Hà Nội,temple,insufficient_service_evidence,0,https://www.openstreetmap.org/node/10967377372,v2-c829c8f3e2414108
osm:node:10967377396,Miếu Đình Lẹm,Hà Nội,temple,insufficient_service_evidence,0,https://www.openstreetmap.org/node/10967377396,v2-c829c8f3e2414108
osm:node:10968039628,Bến Thủy,Hà Nội,cafe,insufficient_service_evidence,0,https://www.openstreetmap.org/node/10968039628,v2-c829c8f3e2414108
osm:node:11006300066,Đá Chẹ,Hà Nội,nature_area,insufficient_service_evidence,0,https://www.openstreetmap.org/node/11006300066,v2-c829c8f3e2414108
osm:node:11025863783,Đài tưởng niệm liệt sĩ phường Phúc Lợi,Hà Nội,historic,insufficient_service_evidence,0,https://www.openstreetmap.org/node/11025863783,v2-c829c8f3e2414108
osm:node:11039425483,The Coffee House,Hà Nội,cafe,insufficient_service_evidence,0,https://www.openstreetmap.org/node/11039425483,v2-c829c8f3e2414108
osm:node:11039425484,Aha Văn Khê,Hà Nội,cafe,insufficient_service_evidence,0,https://www.openstreetmap.org/node/11039425484,v2-c829c8f3e2414108
osm:node:11043816631,Cây BMW NSC 30525,Hà Nội,historic,insufficient_service_evidence,0,https://www.openstreetmap.org/node/11043816631,v2-c829c8f3e2414108
osm:node:11051415444,Đồi Kiên,Hà Nội,nature_area,insufficient_service_evidence,0,https://www.openstreetmap.org/node/11051415444,v2-c829c8f3e2414108
osm:node:11076398893,Núi Phượng Hoàng,Hà Nội,nature_area,insufficient_service_evidence,0,https://www.openstreetmap.org/node/11076398893,v2-c829c8f3e2414108
osm:node:11081071414,Khu trưng bày máy bay,Hà Nội,museum,insufficient_service_evidence,0,https://www.openstreetmap.org/node/11081071414,v2-c829c8f3e2414108
osm:node:11085187226,Chixmax,Hà Nội,restaurant,insufficient_service_evidence,0,https://www.openstreetmap.org/node/11085187226,v2-c829c8f3e2414108
osm:node:11086025940,Bia khánh thành Hồ Suối Hai,Hà Nội,historic,insufficient_service_evidence,0,https://www.openstreetmap.org/node/11086025940,v2-c829c8f3e2414108
osm:node:11093570357,Hương Quỳnh - Trâu Ngon 36 Món,Hà Nội,restaurant,insufficient_service_evidence,0,https://www.openstreetmap.org/node/11093570357,v2-c829c8f3e2414108
osm:node:11093672118,Thiên Vương Quán nhậu,Hà Nội,restaurant,insufficient_service_evidence,0,https://www.openstreetmap.org/node/11093672118,v2-c829c8f3e2414108
osm:node:11093672144,Chợt Nhỡ,Hà Nội,cafe,insufficient_service_evidence,0,https://www.openstreetmap.org/node/11093672144,v2-c829c8f3e2414108
osm:node:11093689620,Nhà hàng Việt Hoàng,Hà Nội,restaurant,insufficient_service_evidence,0,https://www.openstreetmap.org/node/11093689620,v2-c829c8f3e2414108
osm:node:11093689635,Cafe Thuỳ Dương,Hà Nội,cafe,insufficient_service_evidence,0,https://www.openstreetmap.org/node/11093689635,v2-c829c8f3e2414108
osm:node:11093689652,Nhà hàng Anh Vũ,Hà Nội,restaurant,insufficient_service_evidence,0,https://www.openstreetmap.org/node/11093689652,v2-c829c8f3e2414108
osm:node:11093721475,Hồng Mến Quán,Hà Nội,restaurant,insufficient_service_evidence,0,https://www.openstreetmap.org/node/11093721475,v2-c829c8f3e2414108
osm:node:11093749824,Anh Tùng Cafe,Hà Nội,cafe,insufficient_service_evidence,0,https://www.openstreetmap.org/node/11093749824,v2-c829c8f3e2414108
osm:node:11101248744,Quán thịt chó,Hà Nội,restaurant,insufficient_service_evidence,0,https://www.openstreetmap.org/node/11101248744,v2-c829c8f3e2414108
osm:node:11103953634,Cafe Dinh,Hà Nội,cafe,insufficient_service_evidence,0,https://www.openstreetmap.org/node/11103953634,v2-c829c8f3e2414108
osm:node:11112006405,Xác máy bay B52,Hà Nội,attraction,insufficient_service_evidence,0,https://www.openstreetmap.org/node/11112006405,v2-c829c8f3e2414108
osm:node:11113717505,Tony Seaview,Đà Nẵng,restaurant,insufficient_service_evidence,0,https://www.openstreetmap.org/node/11113717505,v2-c829c8f3e2414108
osm:node:11119046805,Bello Pizzeria,Đà Nẵng,restaurant,insufficient_service_evidence,0,https://www.openstreetmap.org/node/11119046805,v2-c829c8f3e2414108
osm:node:11128332583,Quán Ăn Sân Vườn Trường Mai,Đà Nẵng,restaurant,insufficient_service_evidence,0,https://www.openstreetmap.org/node/11128332583,v2-c829c8f3e2414108
osm:node:11152625107,Highlands coffee,Hà Nội,cafe,insufficient_service_evidence,0,https://www.openstreetmap.org/node/11152625107,v2-c829c8f3e2414108
osm:node:11152930458,"Trà sữa Mixue 139, Lê Văn Hiến",Hà Nội,cafe,insufficient_service_evidence,0,https://www.openstreetmap.org/node/11152930458,v2-c829c8f3e2414108
osm:node:11152960193,quán phở,Hà Nội,restaurant,insufficient_service_evidence,0,https://www.openstreetmap.org/node/11152960193,v2-c829c8f3e2414108
osm:node:11152981270,quán cà phê,Hà Nội,cafe,insufficient_service_evidence,0,https://www.openstreetmap.org/node/11152981270,v2-c829c8f3e2414108
osm:node:11152981271,quán phở gà,Hà Nội,restaurant,insufficient_service_evidence,0,https://www.openstreetmap.org/node/11152981271,v2-c829c8f3e2414108
osm:node:11158965079,Núi Hang Hùm,Hà Nội,nature_area,insufficient_service_evidence,0,https://www.openstreetmap.org/node/11158965079,v2-c829c8f3e2414108
osm:node:11160818006,Bà Nam Sea Food,Đà Nẵng,restaurant,insufficient_service_evidence,0,https://www.openstreetmap.org/node/11160818006,v2-c829c8f3e2414108
osm:node:11161070774,Dragon's Tail,Đà Nẵng,attraction,insufficient_service_evidence,0,https://www.openstreetmap.org/node/11161070774,v2-c829c8f3e2414108
osm:node:11161070775,Dragon's Head,Đà Nẵng,attraction,insufficient_service_evidence,0,https://www.openstreetmap.org/node/11161070775,v2-c829c8f3e2414108
osm:node:11164095931,Xin Chào Café Shibuya,Hà Nội,cafe,insufficient_service_evidence,0,https://www.openstreetmap.org/node/11164095931,v2-c829c8f3e2414108
osm:node:11164095942,Thai Express,Hà Nội,restaurant,insufficient_service_evidence,0,https://www.openstreetmap.org/node/11164095942,v2-c829c8f3e2414108
osm:node:11166198530,Phế tích cốt Pháp,Hà Nội,historic,insufficient_service_evidence,0,https://www.openstreetmap.org/node/11166198530,v2-c829c8f3e2414108
osm:node:11166198534,Phế tích Pháp – 400 m,Hà Nội,historic,insufficient_service_evidence,0,https://www.openstreetmap.org/node/11166198534,v2-c829c8f3e2414108
osm:node:11166285235,Đồi Con Ma,Hà Nội,nature_area,insufficient_service_evidence,0,https://www.openstreetmap.org/node/11166285235,v2-c829c8f3e2414108
osm:node:11166924808,Sasa,Đà Nẵng,restaurant,insufficient_service_evidence,0,https://www.openstreetmap.org/node/11166924808,v2-c829c8f3e2414108
osm:node:11167471044,Nhà hàng Hà Đăng,Hà Nội,restaurant,insufficient_service_evidence,0,https://www.openstreetmap.org/node/11167471044,v2-c829c8f3e2414108
osm:node:11167677289,nhà hàng 1,Hà Nội,restaurant,insufficient_service_evidence,0,https://www.openstreetmap.org/node/11167677289,v2-c829c8f3e2414108
osm:node:11167677290,nhà hàng 2,Hà Nội,restaurant,insufficient_service_evidence,0,https://www.openstreetmap.org/node/11167677290,v2-c829c8f3e2414108
osm:node:11168751430,Ngan chặt Gia Huy,Hà Nội,restaurant,insufficient_service_evidence,0,https://www.openstreetmap.org/node/11168751430,v2-c829c8f3e2414108
osm:node:11169202587,Duck Coffee,Hà Nội,cafe,insufficient_service_evidence,0,https://www.openstreetmap.org/node/11169202587,v2-c829c8f3e2414108
osm:node:11169202588,Duck Food,Hà Nội,restaurant,insufficient_service_evidence,0,https://www.openstreetmap.org/node/11169202588,v2-c829c8f3e2414108
osm:node:11171782637,SC Restaurant,Đà Nẵng,restaurant,insufficient_service_evidence,0,https://www.openstreetmap.org/node/11171782637,v2-c829c8f3e2414108
osm:node:11176025737,Lang Bich hoa Da Nang,Đà Nẵng,attraction,insufficient_service_evidence,0,https://www.openstreetmap.org/node/11176025737,v2-c829c8f3e2414108
osm:node:11185256460,COffee21,Hà Nội,cafe,insufficient_service_evidence,0,https://www.openstreetmap.org/node/11185256460,v2-c829c8f3e2414108
osm:node:11187188351,Highlands Coffee,Hà Nội,cafe,insufficient_service_evidence,0,https://www.openstreetmap.org/node/11187188351,v2-c829c8f3e2414108
osm:node:11190957358,Quan Com,Hà Nội,restaurant,insufficient_service_evidence,0,https://www.openstreetmap.org/node/11190957358,v2-c829c8f3e2414108
osm:node:11190957388,Tra Sua,Hà Nội,cafe,insufficient_service_evidence,0,https://www.openstreetmap.org/node/11190957388,v2-c829c8f3e2414108
osm:node:11197105037,Phở Thế Béo,Hà Nội,restaurant,insufficient_service_evidence,0,https://www.openstreetmap.org/node/11197105037,v2-c829c8f3e2414108
osm:node:11200436073,Tamaya,Hà Nội,restaurant,insufficient_service_evidence,0,https://www.openstreetmap.org/node/11200436073,v2-c829c8f3e2414108
osm:node:11205745790,Phố đi bộ Carnaby 214,Hà Nội,restaurant,insufficient_service_evidence,0,https://www.openstreetmap.org/node/11205745790,v2-c829c8f3e2414108
osm:node:11210560972,Cha Tra Thai,Hà Nội,cafe,insufficient_service_evidence,0,https://www.openstreetmap.org/node/11210560972,v2-c829c8f3e2414108
osm:node:11211915136,Cine Cafe,Hà Nội,cafe,insufficient_service_evidence,0,https://www.openstreetmap.org/node/11211915136,v2-c829c8f3e2414108
osm:node:11211935137,Moon Cafe,Hà Nội,cafe,insufficient_service_evidence,0,https://www.openstreetmap.org/node/11211935137,v2-c829c8f3e2414108
osm:node:11211935138,Bro's Coffee,Hà Nội,cafe,insufficient_service_evidence,0,https://www.openstreetmap.org/node/11211935138,v2-c829c8f3e2414108
osm:node:11211935139,Cafe Kỳ Ngộ,Hà Nội,cafe,insufficient_service_evidence,0,https://www.openstreetmap.org/node/11211935139,v2-c829c8f3e2414108
osm:node:11211967786,Tiny Post Cafe,Hà Nội,cafe,insufficient_service_evidence,0,https://www.openstreetmap.org/node/11211967786,v2-c829c8f3e2414108
osm:node:11212149481,Ding Tea,Hà Nội,cafe,insufficient_service_evidence,0,https://www.openstreetmap.org/node/11212149481,v2-c829c8f3e2414108
osm:node:11212149482,Cafe Muối,Hà Nội,cafe,insufficient_service_evidence,0,https://www.openstreetmap.org/node/11212149482,v2-c829c8f3e2414108
osm:node:11212149484,Mixue,Hà Nội,cafe,insufficient_service_evidence,0,https://www.openstreetmap.org/node/11212149484,v2-c829c8f3e2414108
osm:node:11212149486,Smuzi,Hà Nội,cafe,insufficient_service_evidence,0,https://www.openstreetmap.org/node/11212149486,v2-c829c8f3e2414108
osm:node:11212149494,Chim Xinh Quán,Hà Nội,restaurant,insufficient_service_evidence,0,https://www.openstreetmap.org/node/11212149494,v2-c829c8f3e2414108
osm:node:11212149496,Of Him Coffee,Hà Nội,cafe,insufficient_service_evidence,0,https://www.openstreetmap.org/node/11212149496,v2-c829c8f3e2414108
osm:node:11212149509,Pate Cột Đèn,Hà Nội,restaurant,insufficient_service_evidence,0,https://www.openstreetmap.org/node/11212149509,v2-c829c8f3e2414108
osm:node:11212149513,The Cha,Hà Nội,cafe,insufficient_service_evidence,0,https://www.openstreetmap.org/node/11212149513,v2-c829c8f3e2414108
osm:node:11212149523,Oh! Ze,Hà Nội,cafe,insufficient_service_evidence,0,https://www.openstreetmap.org/node/11212149523,v2-c829c8f3e2414108
osm:node:11212195503,Đô Đô,Hà Nội,cafe,insufficient_service_evidence,0,https://www.openstreetmap.org/node/11212195503,v2-c829c8f3e2414108
osm:node:11212195506,Phê La,Hà Nội,cafe,insufficient_service_evidence,0,https://www.openstreetmap.org/node/11212195506,v2-c829c8f3e2414108
osm:node:11212195515,KFC,Hà Nội,restaurant,weak_or_generic_name|insufficient_service_evidence,0,https://www.openstreetmap.org/node/11212195515,v2-c829c8f3e2414108
osm:node:11212195517,Mixue,Hà Nội,cafe,insufficient_service_evidence,0,https://www.openstreetmap.org/node/11212195517,v2-c829c8f3e2414108
osm:node:11212195520,Tmore - Tiệm Trà Chanh,Hà Nội,cafe,insufficient_service_evidence,0,https://www.openstreetmap.org/node/11212195520,v2-c829c8f3e2414108
osm:node:11212195523,Cafe'CITO,Hà Nội,cafe,insufficient_service_evidence,0,https://www.openstreetmap.org/node/11212195523,v2-c829c8f3e2414108
osm:node:11212195525,Café Cỏ,Hà Nội,cafe,insufficient_service_evidence,0,https://www.openstreetmap.org/node/11212195525,v2-c829c8f3e2414108
osm:node:11212195531,Bánh tráng Bé My,Hà Nội,restaurant,insufficient_service_evidence,0,https://www.openstreetmap.org/node/11212195531,v2-c829c8f3e2414108
osm:node:11212216794,Quạc Mía Mix,Hà Nội,restaurant,insufficient_service_evidence,0,https://www.openstreetmap.org/node/11212216794,v2-c829c8f3e2414108
osm:node:11212228033,Miele Pane,Hà Nội,restaurant,insufficient_service_evidence,0,https://www.openstreetmap.org/node/11212228033,v2-c829c8f3e2414108
osm:node:11212248141,Cơm tấm sườn nướng,Hà Nội,restaurant,insufficient_service_evidence,0,https://www.openstreetmap.org/node/11212248141,v2-c829c8f3e2414108
osm:node:11212544453,Cơm niêu Tố Uyên,Hà Nội,restaurant,insufficient_service_evidence,0,https://www.openstreetmap.org/node/11212544453,v2-c829c8f3e2414108
osm:node:11212544466,Ốc Lan Béo Hải Phòng,Hà Nội,restaurant,insufficient_service_evidence,0,https://www.openstreetmap.org/node/11212544466,v2-c829c8f3e2414108
osm:node:11215223962,Bún cá hạnh phúc,Hà Nội,restaurant,insufficient_service_evidence,0,https://www.openstreetmap.org/node/11215223962,v2-c829c8f3e2414108
osm:node:11215223970,Phở,Hà Nội,restaurant,weak_or_generic_name|insufficient_service_evidence,0,https://www.openstreetmap.org/node/11215223970,v2-c829c8f3e2414108
osm:node:11215223971,Bún cá Việt Nam,Hà Nội,restaurant,insufficient_service_evidence,0,https://www.openstreetmap.org/node/11215223971,v2-c829c8f3e2414108
osm:node:11215223972,Phở Vũ,Hà Nội,restaurant,insufficient_service_evidence,0,https://www.openstreetmap.org/node/11215223972,v2-c829c8f3e2414108
osm:node:11215223976,Minh Anh Bia - Bún chả,Hà Nội,restaurant,insufficient_service_evidence,0,https://www.openstreetmap.org/node/11215223976,v2-c829c8f3e2414108
osm:node:11215223983,Chảnh Nướng,Hà Nội,restaurant,insufficient_service_evidence,0,https://www.openstreetmap.org/node/11215223983,v2-c829c8f3e2414108
osm:node:11217641978,Bánh mì Anh Tuấn,Hà Nội,restaurant,insufficient_service_evidence,0,https://www.openstreetmap.org/node/11217641978,v2-c829c8f3e2414108
osm:node:11217641981,Gogi House,Hà Nội,restaurant,insufficient_service_evidence,0,https://www.openstreetmap.org/node/11217641981,v2-c829c8f3e2414108
osm:node:11219294718,Cơm gà 123,Hà Nội,restaurant,insufficient_service_evidence,0,https://www.openstreetmap.org/node/11219294718,v2-c829c8f3e2414108
osm:node:11226865496,Ficado Coffee,Hà Nội,cafe,insufficient_service_evidence,0,https://www.openstreetmap.org/node/11226865496,v2-c829c8f3e2414108
osm:node:11237992813,KFC,Hà Nội,restaurant,weak_or_generic_name|insufficient_service_evidence,0,https://www.openstreetmap.org/node/11237992813,v2-c829c8f3e2414108
osm:node:11240584042,Đền Quán Đôi,Hà Nội,temple,insufficient_service_evidence,0,https://www.openstreetmap.org/node/11240584042,v2-c829c8f3e2414108
osm:node:11240624141,bami king,Hà Nội,restaurant,insufficient_service_evidence,0,https://www.openstreetmap.org/node/11240624141,v2-c829c8f3e2414108
osm:node:11247434400,ROCK CAFE,Hà Nội,cafe,insufficient_service_evidence,0,https://www.openstreetmap.org/node/11247434400,v2-c829c8f3e2414108
osm:node:11254919074,KOPee coffee,Hà Nội,cafe,insufficient_service_evidence,0,https://www.openstreetmap.org/node/11254919074,v2-c829c8f3e2414108
osm:node:11254919076,Bún Ốc Chuối Đậu,Hà Nội,restaurant,insufficient_service_evidence,0,https://www.openstreetmap.org/node/11254919076,v2-c829c8f3e2414108
osm:node:11259291337,Hội Quán Phước Kiến,Đà Nẵng,attraction,insufficient_service_evidence,0,https://www.openstreetmap.org/node/11259291337,v2-c829c8f3e2414108
osm:node:11263842269,Bún Cá Rô Đồng Hương Quỳnh,Hà Nội,restaurant,insufficient_service_evidence,0,https://www.openstreetmap.org/node/11263842269,v2-c829c8f3e2414108
osm:node:11263842272,Phở Thìn Béo,Hà Nội,restaurant,insufficient_service_evidence,0,https://www.openstreetmap.org/node/11263842272,v2-c829c8f3e2414108
osm:node:11263842279,Bún Sườn Chua 63,Hà Nội,restaurant,insufficient_service_evidence,0,https://www.openstreetmap.org/node/11263842279,v2-c829c8f3e2414108
osm:node:11268257051,Núi Đền,Hà Nội,nature_area,insufficient_service_evidence,0,https://www.openstreetmap.org/node/11268257051,v2-c829c8f3e2414108
osm:node:11283541744,Highlands Coffee,Hà Nội,cafe,insufficient_service_evidence,0,https://www.openstreetmap.org/node/11283541744,v2-c829c8f3e2414108
osm:node:11285432532,Hanoi Metro Cafe & Canteen,Hà Nội,cafe,insufficient_service_evidence,0,https://www.openstreetmap.org/node/11285432532,v2-c829c8f3e2414108
osm:node:11286510032,Phở Bò 149,Hà Nội,restaurant,insufficient_service_evidence,0,https://www.openstreetmap.org/node/11286510032,v2-c829c8f3e2414108
osm:node:11290270603,Hermanas,Hà Nội,cafe,insufficient_service_evidence,0,https://www.openstreetmap.org/node/11290270603,v2-c829c8f3e2414108
osm:node:11290270604,Papa's Dessert Café,Hà Nội,cafe,insufficient_service_evidence,0,https://www.openstreetmap.org/node/11290270604,v2-c829c8f3e2414108
osm:node:11295820778,"Hi, Linh - Bữa Ăn Hoàn Hảo",Hà Nội,restaurant,insufficient_service_evidence,0,https://www.openstreetmap.org/node/11295820778,v2-c829c8f3e2414108
osm:node:11297601823,Cà phê Tháng Năm,Hà Nội,cafe,insufficient_service_evidence,0,https://www.openstreetmap.org/node/11297601823,v2-c829c8f3e2414108
osm:node:11299067890,Wisteria EME,Hà Nội,cafe,insufficient_service_evidence,0,https://www.openstreetmap.org/node/11299067890,v2-c829c8f3e2414108
osm:node:11301620093,Bún Chả Kim Oanh,Hà Nội,restaurant,insufficient_service_evidence,0,https://www.openstreetmap.org/node/11301620093,v2-c829c8f3e2414108
osm:node:11301620121,Hà Thành Cháo Sườn Sụn,Hà Nội,restaurant,insufficient_service_evidence,0,https://www.openstreetmap.org/node/11301620121,v2-c829c8f3e2414108
osm:node:11308694306,The Root Boardgame Cafe,Hà Nội,cafe,insufficient_service_evidence,0,https://www.openstreetmap.org/node/11308694306,v2-c829c8f3e2414108
osm:node:11335544623,Popeyes,Hà Nội,restaurant,insufficient_service_evidence,0,https://www.openstreetmap.org/node/11335544623,v2-c829c8f3e2414108
osm:node:11345867151,Bánh Cuốn Nong,Hà Nội,restaurant,insufficient_service_evidence,0,https://www.openstreetmap.org/node/11345867151,v2-c829c8f3e2414108
osm:node:11348093448,Green Lake Café,Hà Nội,cafe,insufficient_service_evidence,0,https://www.openstreetmap.org/node/11348093448,v2-c829c8f3e2414108
osm:node:11359603957,Nam Son Pagoda,Đà Nẵng,attraction,insufficient_service_evidence,0,https://www.openstreetmap.org/node/11359603957,v2-c829c8f3e2414108
osm:node:11360043569,Banh Mi,Hà Nội,restaurant,insufficient_service_evidence,0,https://www.openstreetmap.org/node/11360043569,v2-c829c8f3e2414108
osm:node:11360322717,Market Street,Đà Nẵng,market,insufficient_service_evidence,0,https://www.openstreetmap.org/node/11360322717,v2-c829c8f3e2414108
osm:node:11361296208,Bánh cuốn,Đà Nẵng,restaurant,insufficient_service_evidence,0,https://www.openstreetmap.org/node/11361296208,v2-c829c8f3e2414108
osm:node:11364104179,Fruits and vegetables,Đà Nẵng,market,insufficient_service_evidence,0,https://www.openstreetmap.org/node/11364104179,v2-c829c8f3e2414108
osm:node:11364117282,Produce,Đà Nẵng,market,insufficient_service_evidence,0,https://www.openstreetmap.org/node/11364117282,v2-c829c8f3e2414108
osm:node:11366111327,Thiên Bảo Quán,Đà Nẵng,restaurant,insufficient_service_evidence,0,https://www.openstreetmap.org/node/11366111327,v2-c829c8f3e2414108
osm:node:11368467354,Quán Cô Mai,Đà Nẵng,restaurant,insufficient_service_evidence,0,https://www.openstreetmap.org/node/11368467354,v2-c829c8f3e2414108
osm:node:11368472531,Quán Mười,Đà Nẵng,restaurant,insufficient_service_evidence,0,https://www.openstreetmap.org/node/11368472531,v2-c829c8f3e2414108
osm:node:11369879890,Banana fritters,Đà Nẵng,restaurant,insufficient_service_evidence,0,https://www.openstreetmap.org/node/11369879890,v2-c829c8f3e2414108
osm:node:11372720369,Highlands Coffee,Hà Nội,cafe,insufficient_service_evidence,0,https://www.openstreetmap.org/node/11372720369,v2-c829c8f3e2414108
osm:node:11372720514,Ngan Huế Thương,Hà Nội,restaurant,insufficient_service_evidence,0,https://www.openstreetmap.org/node/11372720514,v2-c829c8f3e2414108
osm:node:11372720516,Vựa Hải Sản Gió Biển,Hà Nội,restaurant,insufficient_service_evidence,0,https://www.openstreetmap.org/node/11372720516,v2-c829c8f3e2414108
osm:node:11374783349,Basket Boat Station,Đà Nẵng,attraction,insufficient_service_evidence,0,https://www.openstreetmap.org/node/11374783349,v2-c829c8f3e2414108
osm:node:11374805869,Broken Bamboo Bridge and Palmoil Forest,Đà Nẵng,attraction,insufficient_service_evidence,0,https://www.openstreetmap.org/node/11374805869,v2-c829c8f3e2414108
osm:node:11387469601,Đình Chùa Vàng,Hà Nội,historic,insufficient_service_evidence,0,https://www.openstreetmap.org/node/11387469601,v2-c829c8f3e2414108
osm:node:11388436462,Echitora Izakaya,Đà Nẵng,restaurant,insufficient_service_evidence,0,https://www.openstreetmap.org/node/11388436462,v2-c829c8f3e2414108
osm:node:11389436636,Highlands Coffee,Hà Nội,cafe,insufficient_service_evidence,0,https://www.openstreetmap.org/node/11389436636,v2-c829c8f3e2414108
osm:node:11389436637,Yi He Tang,Hà Nội,cafe,insufficient_service_evidence,0,https://www.openstreetmap.org/node/11389436637,v2-c829c8f3e2414108
osm:node:11397903985,Đài tưởng niệm liệt sỹ Dịch Vọng Hậu,Hà Nội,historic,insufficient_service_evidence,0,https://www.openstreetmap.org/node/11397903985,v2-c829c8f3e2414108
osm:node:11403395459,Núi Sư Tử,Hà Nội,nature_area,insufficient_service_evidence,0,https://www.openstreetmap.org/node/11403395459,v2-c829c8f3e2414108
osm:node:11409068697,Hải Sư - Cơm Niêu Singapore,Hà Nội,restaurant,insufficient_service_evidence,0,https://www.openstreetmap.org/node/11409068697,v2-c829c8f3e2414108
osm:node:11411581952,Domino's,Hà Nội,restaurant,insufficient_service_evidence,0,https://www.openstreetmap.org/node/11411581952,v2-c829c8f3e2414108
osm:node:11419728535,H+ Coffee,Hà Nội,cafe,insufficient_service_evidence,0,https://www.openstreetmap.org/node/11419728535,v2-c829c8f3e2414108
osm:node:11422445326,IVEGAN Supershop,Hà Nội,restaurant,insufficient_service_evidence,0,https://www.openstreetmap.org/node/11422445326,v2-c829c8f3e2414108
osm:node:11422445327,Hanoi Croissant & Coffee,Hà Nội,cafe,insufficient_service_evidence,0,https://www.openstreetmap.org/node/11422445327,v2-c829c8f3e2414108
osm:node:11422697875,La Crique,Đà Nẵng,restaurant,insufficient_service_evidence,0,https://www.openstreetmap.org/node/11422697875,v2-c829c8f3e2414108
osm:node:11422706022,El Fresco,Đà Nẵng,restaurant,insufficient_service_evidence,0,https://www.openstreetmap.org/node/11422706022,v2-c829c8f3e2414108
osm:node:11423769989,Postal Cafe,Đà Nẵng,cafe,insufficient_service_evidence,0,https://www.openstreetmap.org/node/11423769989,v2-c829c8f3e2414108
osm:node:11423812931,Lotteria,Đà Nẵng,restaurant,insufficient_service_evidence,0,https://www.openstreetmap.org/node/11423812931,v2-c829c8f3e2414108
osm:node:11423819121,Brasserie,Đà Nẵng,restaurant,insufficient_service_evidence,0,https://www.openstreetmap.org/node/11423819121,v2-c829c8f3e2414108
osm:node:11425562478,Crowd watching,Đà Nẵng,viewpoint,weak_or_generic_name,2,https://www.openstreetmap.org/node/11425562478,v2-c829c8f3e2414108
osm:node:11427582964,Thai Market,Đà Nẵng,market,insufficient_service_evidence,0,https://www.openstreetmap.org/node/11427582964,v2-c829c8f3e2414108
osm:node:11427627314,Nhà Hàng Việt,Đà Nẵng,restaurant,insufficient_service_evidence,0,https://www.openstreetmap.org/node/11427627314,v2-c829c8f3e2414108
osm:node:11434545361,Pizza 4P's,Đà Nẵng,restaurant,insufficient_service_evidence,0,https://www.openstreetmap.org/node/11434545361,v2-c829c8f3e2414108
osm:node:11436132931,Meet Coffee,Đà Nẵng,cafe,insufficient_service_evidence,0,https://www.openstreetmap.org/node/11436132931,v2-c829c8f3e2414108
osm:node:11436139139,Lotteria,Đà Nẵng,restaurant,insufficient_service_evidence,0,https://www.openstreetmap.org/node/11436139139,v2-c829c8f3e2414108
osm:node:11449233337,Blue Gallery,Hà Nội,gallery,insufficient_service_evidence,0,https://www.openstreetmap.org/node/11449233337,v2-c829c8f3e2414108
osm:node:11449233364,Highlands Coffee,Hà Nội,cafe,insufficient_service_evidence,0,https://www.openstreetmap.org/node/11449233364,v2-c829c8f3e2414108
osm:node:11449243270,Le Faubourg,Hà Nội,cafe,insufficient_service_evidence,0,https://www.openstreetmap.org/node/11449243270,v2-c829c8f3e2414108
osm:node:11449677581,Caffè Italia,Hà Nội,cafe,insufficient_service_evidence,0,https://www.openstreetmap.org/node/11449677581,v2-c829c8f3e2414108
osm:node:11449677586,Lý Club,Hà Nội,restaurant,insufficient_service_evidence,0,https://www.openstreetmap.org/node/11449677586,v2-c829c8f3e2414108
osm:node:11449677587,Club América Latina,Hà Nội,restaurant,insufficient_service_evidence,0,https://www.openstreetmap.org/node/11449677587,v2-c829c8f3e2414108
osm:node:11452175807,Ăn Vặt Mẹ Sữa,Hà Nội,cafe,insufficient_service_evidence,0,https://www.openstreetmap.org/node/11452175807,v2-c829c8f3e2414108
osm:node:11452175808,Kimmy House,Hà Nội,cafe,insufficient_service_evidence,0,https://www.openstreetmap.org/node/11452175808,v2-c829c8f3e2414108
osm:node:11452175822,Ebi Coffee,Hà Nội,cafe,insufficient_service_evidence,0,https://www.openstreetmap.org/node/11452175822,v2-c829c8f3e2414108
osm:node:11462471439,Bánh Canh Ghẹ Mama's No. 1,Hà Nội,restaurant,insufficient_service_evidence,0,https://www.openstreetmap.org/node/11462471439,v2-c829c8f3e2414108
osm:node:11462471441,An Coffee,Hà Nội,cafe,insufficient_service_evidence,0,https://www.openstreetmap.org/node/11462471441,v2-c829c8f3e2414108
osm:node:11462471452,Trà Sữa 172,Hà Nội,cafe,insufficient_service_evidence,0,https://www.openstreetmap.org/node/11462471452,v2-c829c8f3e2414108
osm:node:11462471453,Chân Cánh Gà Rang Muối,Hà Nội,restaurant,insufficient_service_evidence,0,https://www.openstreetmap.org/node/11462471453,v2-c829c8f3e2414108
osm:node:11463192514,Cơm Văn Phòng,Hà Nội,restaurant,insufficient_service_evidence,0,https://www.openstreetmap.org/node/11463192514,v2-c829c8f3e2414108
osm:node:11463192515,Bún - Miến ngan Hạnh Lan,Hà Nội,restaurant,insufficient_service_evidence,0,https://www.openstreetmap.org/node/11463192515,v2-c829c8f3e2414108
osm:node:11464505970,Xoi Cat Lam,Hà Nội,restaurant,insufficient_service_evidence,0,https://www.openstreetmap.org/node/11464505970,v2-c829c8f3e2414108
osm:node:11468643063,Vintage 1976 Cafe,Hà Nội,cafe,insufficient_service_evidence,0,https://www.openstreetmap.org/node/11468643063,v2-c829c8f3e2414108
osm:node:11468718378,Bánh cuốn nóng 101 Bà Triệu,Hà Nội,restaurant,insufficient_service_evidence,0,https://www.openstreetmap.org/node/11468718378,v2-c829c8f3e2414108
osm:node:11468718408,SID Coffee,Hà Nội,cafe,insufficient_service_evidence,0,https://www.openstreetmap.org/node/11468718408,v2-c829c8f3e2414108
osm:node:11468718409,3am Coffee & Tea,Hà Nội,cafe,insufficient_service_evidence,0,https://www.openstreetmap.org/node/11468718409,v2-c829c8f3e2414108
osm:node:11468718411,Bún ngon Bình Huyền,Hà Nội,restaurant,insufficient_service_evidence,0,https://www.openstreetmap.org/node/11468718411,v2-c829c8f3e2414108
osm:node:11470110667,Cơm Tấm Tỷ Đô,Hà Nội,restaurant,insufficient_service_evidence,0,https://www.openstreetmap.org/node/11470110667,v2-c829c8f3e2414108
osm:node:11472333361,Story Café,Hà Nội,cafe,insufficient_service_evidence,0,https://www.openstreetmap.org/node/11472333361,v2-c829c8f3e2414108
osm:node:11472430139,Coffee Chi,Hà Nội,cafe,insufficient_service_evidence,0,https://www.openstreetmap.org/node/11472430139,v2-c829c8f3e2414108
osm:node:11472430141,Cơm Lệ,Hà Nội,restaurant,insufficient_service_evidence,0,https://www.openstreetmap.org/node/11472430141,v2-c829c8f3e2414108
osm:node:11472430142,Cafe Năng,Hà Nội,cafe,insufficient_service_evidence,0,https://www.openstreetmap.org/node/11472430142,v2-c829c8f3e2414108
osm:node:11475342476,Café Restaurant Thung Lung Hoa,Hà Nội,restaurant,insufficient_service_evidence,0,https://www.openstreetmap.org/node/11475342476,v2-c829c8f3e2414108
osm:node:11478383159,Check Point Cafe,Hà Nội,cafe,insufficient_service_evidence,0,https://www.openstreetmap.org/node/11478383159,v2-c829c8f3e2414108
osm:node:11478449863,Highlands Coffee,Hà Nội,cafe,insufficient_service_evidence,0,https://www.openstreetmap.org/node/11478449863,v2-c829c8f3e2414108
osm:node:11478449864,KOI Thé,Hà Nội,cafe,insufficient_service_evidence,0,https://www.openstreetmap.org/node/11478449864,v2-c829c8f3e2414108
osm:node:11478728726,Eggmong Sandwiches,Hà Nội,restaurant,insufficient_service_evidence,0,https://www.openstreetmap.org/node/11478728726,v2-c829c8f3e2414108
osm:node:11481532729,Cà Phê Lam,Hà Nội,cafe,insufficient_service_evidence,0,https://www.openstreetmap.org/node/11481532729,v2-c829c8f3e2414108
osm:node:11482335144,Cafe 177,Hà Nội,cafe,insufficient_service_evidence,0,https://www.openstreetmap.org/node/11482335144,v2-c829c8f3e2414108
osm:node:11482387880,AnAn Juice House,Hà Nội,restaurant,insufficient_service_evidence,0,https://www.openstreetmap.org/node/11482387880,v2-c829c8f3e2414108
osm:node:11482387942,Cơm 140 Bùi Thị Xuân,Hà Nội,restaurant,insufficient_service_evidence,0,https://www.openstreetmap.org/node/11482387942,v2-c829c8f3e2414108
osm:node:11482387990,Phở Hương,Hà Nội,restaurant,insufficient_service_evidence,0,https://www.openstreetmap.org/node/11482387990,v2-c829c8f3e2414108
osm:node:11486942533,Bánh Mỳ Pate Cô Thu,Hà Nội,restaurant,insufficient_service_evidence,0,https://www.openstreetmap.org/node/11486942533,v2-c829c8f3e2414108
osm:node:11486942534,Tonkin Coffee,Hà Nội,cafe,insufficient_service_evidence,0,https://www.openstreetmap.org/node/11486942534,v2-c829c8f3e2414108
osm:node:11490090670,Don Duck,Hà Nội,restaurant,insufficient_service_evidence,0,https://www.openstreetmap.org/node/11490090670,v2-c829c8f3e2414108
osm:node:11491092580,Bún Bò Huế Huyền Anh 2,Hà Nội,restaurant,insufficient_service_evidence,0,https://www.openstreetmap.org/node/11491092580,v2-c829c8f3e2414108
osm:node:11491290544,Phở Anh,Hà Nội,restaurant,insufficient_service_evidence,0,https://www.openstreetmap.org/node/11491290544,v2-c829c8f3e2414108
osm:node:11491305569,Cafe Hoàng Tùng,Hà Nội,cafe,insufficient_service_evidence,0,https://www.openstreetmap.org/node/11491305569,v2-c829c8f3e2414108
osm:node:11491305591,Bếp Chay Huệ Nhiên,Hà Nội,restaurant,insufficient_service_evidence,0,https://www.openstreetmap.org/node/11491305591,v2-c829c8f3e2414108
osm:node:11491397157,Chả Cá Lã Vọng,Hà Nội,restaurant,insufficient_service_evidence,0,https://www.openstreetmap.org/node/11491397157,v2-c829c8f3e2414108
osm:node:11491405059,Chả Cá Thăng Long,Hà Nội,restaurant,insufficient_service_evidence,0,https://www.openstreetmap.org/node/11491405059,v2-c829c8f3e2414108
osm:node:11500070694,Hùng Xồm Cafe,Hà Nội,cafe,insufficient_service_evidence,0,https://www.openstreetmap.org/node/11500070694,v2-c829c8f3e2414108
osm:node:11500070696,Phở bò Tam Giang,Hà Nội,restaurant,insufficient_service_evidence,0,https://www.openstreetmap.org/node/11500070696,v2-c829c8f3e2414108
osm:node:11500070699,Cafe Hương,Hà Nội,cafe,insufficient_service_evidence,0,https://www.openstreetmap.org/node/11500070699,v2-c829c8f3e2414108
osm:node:11500070700,CaCa FeFe,Hà Nội,cafe,insufficient_service_evidence,0,https://www.openstreetmap.org/node/11500070700,v2-c829c8f3e2414108
osm:node:11500070701,Bún bò Huế O Xuân,Hà Nội,restaurant,insufficient_service_evidence,0,https://www.openstreetmap.org/node/11500070701,v2-c829c8f3e2414108
osm:node:11500070704,Miến lươn Tân Tân,Hà Nội,restaurant,insufficient_service_evidence,0,https://www.openstreetmap.org/node/11500070704,v2-c829c8f3e2414108
osm:node:11500070705,Cafe 15,Hà Nội,cafe,insufficient_service_evidence,0,https://www.openstreetmap.org/node/11500070705,v2-c829c8f3e2414108
osm:node:11500070708,Bún Chả Nem Cua Bể,Hà Nội,restaurant,insufficient_service_evidence,0,https://www.openstreetmap.org/node/11500070708,v2-c829c8f3e2414108
osm:node:11502465296,Ngày hôm nay...,Hà Nội,historic,insufficient_service_evidence,0,https://www.openstreetmap.org/node/11502465296,v2-c829c8f3e2414108
osm:node:11502465299,Nhớ ngày Bác tới...,Hà Nội,historic,insufficient_service_evidence,0,https://www.openstreetmap.org/node/11502465299,v2-c829c8f3e2414108
osm:node:11505669840,Una Family,Hà Nội,restaurant,insufficient_service_evidence,0,https://www.openstreetmap.org/node/11505669840,v2-c829c8f3e2414108
osm:node:11505669841,Nhà hàng Tonchan,Hà Nội,restaurant,insufficient_service_evidence,0,https://www.openstreetmap.org/node/11505669841,v2-c829c8f3e2414108
osm:node:11505669843,Sumibozu - Gà Nướng Than,Hà Nội,restaurant,insufficient_service_evidence,0,https://www.openstreetmap.org/node/11505669843,v2-c829c8f3e2414108
osm:node:11505669844,Cafe Thọ,Hà Nội,cafe,insufficient_service_evidence,0,https://www.openstreetmap.org/node/11505669844,v2-c829c8f3e2414108
osm:node:11505669845,Chops,Hà Nội,restaurant,insufficient_service_evidence,0,https://www.openstreetmap.org/node/11505669845,v2-c829c8f3e2414108
osm:node:11505669846,Ikazaya Yancha,Hà Nội,restaurant,insufficient_service_evidence,0,https://www.openstreetmap.org/node/11505669846,v2-c829c8f3e2414108
osm:node:11505968806,Phở Gà 18,Hà Nội,restaurant,insufficient_service_evidence,0,https://www.openstreetmap.org/node/11505968806,v2-c829c8f3e2414108
osm:node:11505968809,Cafe Toàn,Hà Nội,cafe,insufficient_service_evidence,0,https://www.openstreetmap.org/node/11505968809,v2-c829c8f3e2414108
osm:node:11506051549,Chợ dân sinh HH,Hà Nội,market,insufficient_service_evidence,0,https://www.openstreetmap.org/node/11506051549,v2-c829c8f3e2414108
osm:node:11510069939,Mint Cafe,Đà Nẵng,cafe,insufficient_service_evidence,0,https://www.openstreetmap.org/node/11510069939,v2-c829c8f3e2414108
osm:node:11510383979,Yakiniku Sakura,Hà Nội,restaurant,insufficient_service_evidence,0,https://www.openstreetmap.org/node/11510383979,v2-c829c8f3e2414108
osm:node:11521920506,JOTAKO,Hà Nội,restaurant,insufficient_service_evidence,0,https://www.openstreetmap.org/node/11521920506,v2-c829c8f3e2414108
osm:node:11521920507,washoku IKEDA,Hà Nội,restaurant,insufficient_service_evidence,0,https://www.openstreetmap.org/node/11521920507,v2-c829c8f3e2414108
osm:node:11521920510,Street Sushi,Hà Nội,restaurant,insufficient_service_evidence,0,https://www.openstreetmap.org/node/11521920510,v2-c829c8f3e2414108
osm:node:11521920511,chikuan,Hà Nội,restaurant,insufficient_service_evidence,0,https://www.openstreetmap.org/node/11521920511,v2-c829c8f3e2414108
osm:node:11521920516,らーめん喰龍,Hà Nội,restaurant,weak_or_generic_name|insufficient_service_evidence,0,https://www.openstreetmap.org/node/11521920516,v2-c829c8f3e2414108
osm:node:11521920517,Happy Brew Coffee,Hà Nội,cafe,insufficient_service_evidence,0,https://www.openstreetmap.org/node/11521920517,v2-c829c8f3e2414108
osm:node:11521920518,AHA Cafe,Hà Nội,cafe,insufficient_service_evidence,0,https://www.openstreetmap.org/node/11521920518,v2-c829c8f3e2414108
osm:node:11521920520,The Sipping Bar,Hà Nội,cafe,insufficient_service_evidence,0,https://www.openstreetmap.org/node/11521920520,v2-c829c8f3e2414108
osm:node:11521920521,Quán Quân,Hà Nội,restaurant,insufficient_service_evidence,0,https://www.openstreetmap.org/node/11521920521,v2-c829c8f3e2414108
osm:node:11529383669,Uncle Huan Coffee,Đà Nẵng,cafe,insufficient_service_evidence,0,https://www.openstreetmap.org/node/11529383669,v2-c829c8f3e2414108
osm:node:11529627513,Nhà hàng Hoa An Viên,Hà Nội,restaurant,insufficient_service_evidence,0,https://www.openstreetmap.org/node/11529627513,v2-c829c8f3e2414108
osm:node:11530496869,Cô Lâu,Đà Nẵng,restaurant,insufficient_service_evidence,0,https://www.openstreetmap.org/node/11530496869,v2-c829c8f3e2414108
osm:node:11533284294,Lucky Cafe & Restaurant,Đà Nẵng,cafe,insufficient_service_evidence,0,https://www.openstreetmap.org/node/11533284294,v2-c829c8f3e2414108
osm:node:11534640150,Đài tưởng niệm liệt sĩ phường Lê Đại Hành,Hà Nội,historic,insufficient_service_evidence,0,https://www.openstreetmap.org/node/11534640150,v2-c829c8f3e2414108
osm:node:11534643037,Đạt Coffee & Tea,Hà Nội,cafe,insufficient_service_evidence,0,https://www.openstreetmap.org/node/11534643037,v2-c829c8f3e2414108
osm:node:11534643043,Lạ Dessert,Hà Nội,restaurant,insufficient_service_evidence,0,https://www.openstreetmap.org/node/11534643043,v2-c829c8f3e2414108
osm:node:11534643044,An Cà Phê,Hà Nội,cafe,insufficient_service_evidence,0,https://www.openstreetmap.org/node/11534643044,v2-c829c8f3e2414108
osm:node:11534643046,Hudu Sweet,Hà Nội,restaurant,insufficient_service_evidence,0,https://www.openstreetmap.org/node/11534643046,v2-c829c8f3e2414108
osm:node:11534643047,How Cafe,Hà Nội,cafe,insufficient_service_evidence,0,https://www.openstreetmap.org/node/11534643047,v2-c829c8f3e2414108
osm:node:11536272574,Starbucks,Hà Nội,cafe,insufficient_service_evidence,0,https://www.openstreetmap.org/node/11536272574,v2-c829c8f3e2414108
osm:node:11555496744,Tượng Mẹ Nhu,Đà Nẵng,historic,insufficient_service_evidence,0,https://www.openstreetmap.org/node/11555496744,v2-c829c8f3e2414108
osm:node:11556866469,Pho Ha Noi Hosana,Đà Nẵng,cafe,insufficient_service_evidence,0,https://www.openstreetmap.org/node/11556866469,v2-c829c8f3e2414108
osm:node:11559465246,Quán Bếp Hàng Xóm,Hà Nội,restaurant,insufficient_service_evidence,0,https://www.openstreetmap.org/node/11559465246,v2-c829c8f3e2414108
osm:node:11563334815,Mixue,Hà Nội,cafe,insufficient_service_evidence,0,https://www.openstreetmap.org/node/11563334815,v2-c829c8f3e2414108
osm:node:11563394778,Phở Cồ,Hà Nội,restaurant,insufficient_service_evidence,0,https://www.openstreetmap.org/node/11563394778,v2-c829c8f3e2414108
osm:node:11563394779,Mì cay Sa Sin,Hà Nội,restaurant,insufficient_service_evidence,0,https://www.openstreetmap.org/node/11563394779,v2-c829c8f3e2414108
osm:node:11563394783,Cơm ngon Bình dân,Hà Nội,restaurant,insufficient_service_evidence,0,https://www.openstreetmap.org/node/11563394783,v2-c829c8f3e2414108
osm:node:11563394785,Én Cafe,Hà Nội,cafe,insufficient_service_evidence,0,https://www.openstreetmap.org/node/11563394785,v2-c829c8f3e2414108
osm:node:11563407269,Mixue,Đà Nẵng,cafe,insufficient_service_evidence,0,https://www.openstreetmap.org/node/11563407269,v2-c829c8f3e2414108
osm:node:11563520039,Café Nguyên,Hà Nội,cafe,insufficient_service_evidence,0,https://www.openstreetmap.org/node/11563520039,v2-c829c8f3e2414108
osm:node:11563520044,Hà Nội Phố,Hà Nội,cafe,insufficient_service_evidence,0,https://www.openstreetmap.org/node/11563520044,v2-c829c8f3e2414108
osm:node:11563562477,Coffee Góc Phố,Hà Nội,cafe,insufficient_service_evidence,0,https://www.openstreetmap.org/node/11563562477,v2-c829c8f3e2414108
osm:node:11563562483,Nhót Coffee,Hà Nội,cafe,insufficient_service_evidence,0,https://www.openstreetmap.org/node/11563562483,v2-c829c8f3e2414108
osm:node:11564316616,Xèo Xèo,Hà Nội,restaurant,insufficient_service_evidence,0,https://www.openstreetmap.org/node/11564316616,v2-c829c8f3e2414108
osm:node:11564316618,ROHI,Hà Nội,restaurant,insufficient_service_evidence,0,https://www.openstreetmap.org/node/11564316618,v2-c829c8f3e2414108
osm:node:11564608169,Café Nhung Kute,Hà Nội,cafe,insufficient_service_evidence,0,https://www.openstreetmap.org/node/11564608169,v2-c829c8f3e2414108
osm:node:11564769580,Vị Cà Phê,Hà Nội,cafe,insufficient_service_evidence,0,https://www.openstreetmap.org/node/11564769580,v2-c829c8f3e2414108
osm:node:11566583269,Mixue,Đà Nẵng,cafe,insufficient_service_evidence,0,https://www.openstreetmap.org/node/11566583269,v2-c829c8f3e2414108
osm:node:11568539974,Nhà hàng Phúc Lâm,Hà Nội,restaurant,insufficient_service_evidence,0,https://www.openstreetmap.org/node/11568539974,v2-c829c8f3e2414108
osm:node:11568829087,BeMine Teahouse,Hà Nội,cafe,insufficient_service_evidence,0,https://www.openstreetmap.org/node/11568829087,v2-c829c8f3e2414108
osm:node:11568902926,Cháo lòng Hợp Lý 4,Hà Nội,restaurant,insufficient_service_evidence,0,https://www.openstreetmap.org/node/11568902926,v2-c829c8f3e2414108
osm:node:11568902927,Cơm Ngon Quán,Hà Nội,restaurant,insufficient_service_evidence,0,https://www.openstreetmap.org/node/11568902927,v2-c829c8f3e2414108
osm:node:11568902928,Phở trâu giật Minh Quân,Hà Nội,restaurant,insufficient_service_evidence,0,https://www.openstreetmap.org/node/11568902928,v2-c829c8f3e2414108
osm:node:11568902930,Quán Cừu Vui Vẻ,Hà Nội,restaurant,insufficient_service_evidence,0,https://www.openstreetmap.org/node/11568902930,v2-c829c8f3e2414108
osm:node:11568902932,Minh Sushi,Hà Nội,restaurant,insufficient_service_evidence,0,https://www.openstreetmap.org/node/11568902932,v2-c829c8f3e2414108
osm:node:11568902935,Lòng Ngon Quán,Hà Nội,restaurant,insufficient_service_evidence,0,https://www.openstreetmap.org/node/11568902935,v2-c829c8f3e2414108
osm:node:11568907805,Phố Xưa Café,Hà Nội,cafe,insufficient_service_evidence,0,https://www.openstreetmap.org/node/11568907805,v2-c829c8f3e2414108
osm:node:11569613666,HUB,Hà Nội,cafe,weak_or_generic_name|insufficient_service_evidence,0,https://www.openstreetmap.org/node/11569613666,v2-c829c8f3e2414108
osm:node:11572113154,Cafe Góc Phố,Hà Nội,cafe,insufficient_service_evidence,0,https://www.openstreetmap.org/node/11572113154,v2-c829c8f3e2414108
osm:node:11572142327,Bánh mì Du mục,Hà Nội,restaurant,insufficient_service_evidence,0,https://www.openstreetmap.org/node/11572142327,v2-c829c8f3e2414108
osm:node:11572142338,Samcheop Topokki,Hà Nội,restaurant,insufficient_service_evidence,0,https://www.openstreetmap.org/node/11572142338,v2-c829c8f3e2414108
osm:node:11572546708,Nhà hàng Ngọc Hiếu,Hà Nội,restaurant,insufficient_service_evidence,0,https://www.openstreetmap.org/node/11572546708,v2-c829c8f3e2414108
osm:node:11573034195,K+ Garden Coffee,Hà Nội,cafe,insufficient_service_evidence,0,https://www.openstreetmap.org/node/11573034195,v2-c829c8f3e2414108
osm:node:11573034201,G46,Hà Nội,restaurant,weak_or_generic_name|insufficient_service_evidence,0,https://www.openstreetmap.org/node/11573034201,v2-c829c8f3e2414108
osm:node:11573034207,Minh Anh Cafe,Hà Nội,cafe,insufficient_service_evidence,0,https://www.openstreetmap.org/node/11573034207,v2-c829c8f3e2414108
osm:node:11573225471,Cafe 96,Hà Nội,cafe,insufficient_service_evidence,0,https://www.openstreetmap.org/node/11573225471,v2-c829c8f3e2414108
osm:node:11573225483,Café Phương Anh,Hà Nội,cafe,insufficient_service_evidence,0,https://www.openstreetmap.org/node/11573225483,v2-c829c8f3e2414108
osm:node:11575442748,DI TÍCH ĐỈNH HỘI AN,Đà Nẵng,attraction,insufficient_service_evidence,1,https://www.openstreetmap.org/node/11575442748,v2-c829c8f3e2414108
osm:node:11578133306,Nhà hàng Dũng Quyên,Hà Nội,restaurant,insufficient_service_evidence,0,https://www.openstreetmap.org/node/11578133306,v2-c829c8f3e2414108
osm:node:11581320169,Butcher Grilled,Đà Nẵng,restaurant,insufficient_service_evidence,0,https://www.openstreetmap.org/node/11581320169,v2-c829c8f3e2414108
osm:node:11581690669,Chùa Bảo Thắng,Đà Nẵng,temple,insufficient_service_evidence,0,https://www.openstreetmap.org/node/11581690669,v2-c829c8f3e2414108
osm:node:11581700332,Military blockhouse ruins,Đà Nẵng,historic,weak_or_generic_name|insufficient_service_evidence,0,https://www.openstreetmap.org/node/11581700332,v2-c829c8f3e2414108
osm:node:11583782969,Dac San Hoi An,Đà Nẵng,restaurant,insufficient_service_evidence,0,https://www.openstreetmap.org/node/11583782969,v2-c829c8f3e2414108
osm:node:11584471212,Dũng Thuỷ,Hà Nội,restaurant,insufficient_service_evidence,0,https://www.openstreetmap.org/node/11584471212,v2-c829c8f3e2414108
osm:node:11586091345,DI TÍCH LỊCH SỬ CÁCH MẠNG,Đà Nẵng,historic,insufficient_service_evidence,0,https://www.openstreetmap.org/node/11586091345,v2-c829c8f3e2414108
osm:node:11586911182,Kiều Hoa Quán,Hà Nội,restaurant,insufficient_service_evidence,0,https://www.openstreetmap.org/node/11586911182,v2-c829c8f3e2414108
osm:node:11586915429,Bún đậu Cúc Cu,Hà Nội,restaurant,insufficient_service_evidence,0,https://www.openstreetmap.org/node/11586915429,v2-c829c8f3e2414108
osm:node:11586987532,Tiệm Ấm,Hà Nội,cafe,insufficient_service_evidence,0,https://www.openstreetmap.org/node/11586987532,v2-c829c8f3e2414108
osm:node:11586987534,Thiên Lộc Quán,Hà Nội,restaurant,insufficient_service_evidence,0,https://www.openstreetmap.org/node/11586987534,v2-c829c8f3e2414108
osm:node:11590640347,Cơm Quê Phố Cổ,Hà Nội,restaurant,insufficient_service_evidence,0,https://www.openstreetmap.org/node/11590640347,v2-c829c8f3e2414108
osm:node:11590640352,Cồ Dạt - Phở Bò Nam Định,Hà Nội,restaurant,insufficient_service_evidence,0,https://www.openstreetmap.org/node/11590640352,v2-c829c8f3e2414108
osm:node:11590640359,Bánh cuốn nóng,Hà Nội,restaurant,insufficient_service_evidence,0,https://www.openstreetmap.org/node/11590640359,v2-c829c8f3e2414108
osm:node:11590640365,Hoàng Nam 89,Hà Nội,restaurant,insufficient_service_evidence,0,https://www.openstreetmap.org/node/11590640365,v2-c829c8f3e2414108
osm:node:11590657173,Hải Anh Cafe,Hà Nội,cafe,insufficient_service_evidence,0,https://www.openstreetmap.org/node/11590657173,v2-c829c8f3e2414108
osm:node:11590657186,Yêu Huế,Hà Nội,restaurant,insufficient_service_evidence,0,https://www.openstreetmap.org/node/11590657186,v2-c829c8f3e2414108
osm:node:11591201348,Café 65,Hà Nội,cafe,insufficient_service_evidence,0,https://www.openstreetmap.org/node/11591201348,v2-c829c8f3e2414108
osm:node:11591201349,Rosier,Hà Nội,cafe,insufficient_service_evidence,0,https://www.openstreetmap.org/node/11591201349,v2-c829c8f3e2414108
osm:node:11591201351,Bún Chả Quê,Hà Nội,restaurant,insufficient_service_evidence,0,https://www.openstreetmap.org/node/11591201351,v2-c829c8f3e2414108
osm:node:11591740418,Coffee Mạc Tộc,Hà Nội,cafe,insufficient_service_evidence,0,https://www.openstreetmap.org/node/11591740418,v2-c829c8f3e2414108
osm:node:11591740419,Bánh cuốn gia truyền Thanh Vân,Hà Nội,restaurant,insufficient_service_evidence,0,https://www.openstreetmap.org/node/11591740419,v2-c829c8f3e2414108
osm:node:11591740426,Bánh Mỳ Ngon,Hà Nội,restaurant,insufficient_service_evidence,0,https://www.openstreetmap.org/node/11591740426,v2-c829c8f3e2414108
osm:node:11594624969,Cơm Sườn,Hà Nội,cafe,insufficient_service_evidence,0,https://www.openstreetmap.org/node/11594624969,v2-c829c8f3e2414108
osm:node:11597884064,Cơm sinh viên,Hà Nội,restaurant,insufficient_service_evidence,0,https://www.openstreetmap.org/node/11597884064,v2-c829c8f3e2414108
osm:node:11598930306,Bánh cuốn nóng 117 Bà Triệu,Hà Nội,restaurant,insufficient_service_evidence,0,https://www.openstreetmap.org/node/11598930306,v2-c829c8f3e2414108
osm:node:11598936895,Com Ga 30 000,Đà Nẵng,cafe,insufficient_service_evidence,0,https://www.openstreetmap.org/node/11598936895,v2-c829c8f3e2414108
osm:node:11601353643,Hiệu Cơm Việt Nam,Hà Nội,restaurant,insufficient_service_evidence,0,https://www.openstreetmap.org/node/11601353643,v2-c829c8f3e2414108
osm:node:11601645095,Cơm Rang - Phở - Bún Cháo,Hà Nội,restaurant,insufficient_service_evidence,0,https://www.openstreetmap.org/node/11601645095,v2-c829c8f3e2414108
osm:node:11601645100,Bún Ốc Cổ Hà Nội,Hà Nội,restaurant,insufficient_service_evidence,0,https://www.openstreetmap.org/node/11601645100,v2-c829c8f3e2414108
osm:node:11601645102,Juice Corner,Hà Nội,cafe,insufficient_service_evidence,0,https://www.openstreetmap.org/node/11601645102,v2-c829c8f3e2414108
osm:node:11602260469,Ùmm,Đà Nẵng,cafe,weak_or_generic_name,1,https://www.openstreetmap.org/node/11602260469,v2-c829c8f3e2414108
osm:node:11609564692,Highlands Coffee,Đà Nẵng,cafe,insufficient_service_evidence,0,https://www.openstreetmap.org/node/11609564692,v2-c829c8f3e2414108
osm:node:11609617209,The Hanoi Cafe,Hà Nội,restaurant,insufficient_service_evidence,0,https://www.openstreetmap.org/node/11609617209,v2-c829c8f3e2414108
osm:node:11609629180,80+ coffee roastery,Hà Nội,cafe,insufficient_service_evidence,0,https://www.openstreetmap.org/node/11609629180,v2-c829c8f3e2414108
osm:node:11613547706,Mỳ Vằn Thắn - Mỳ gia Quảng Đông Kố Kiên,Hà Nội,restaurant,insufficient_service_evidence,0,https://www.openstreetmap.org/node/11613547706,v2-c829c8f3e2414108
osm:node:11613547708,Broho Beer,Hà Nội,restaurant,insufficient_service_evidence,0,https://www.openstreetmap.org/node/11613547708,v2-c829c8f3e2414108
osm:node:11613547709,Binbo,Hà Nội,restaurant,insufficient_service_evidence,0,https://www.openstreetmap.org/node/11613547709,v2-c829c8f3e2414108
osm:node:11613547721,Lẩu cua đồng Hòa Lạc,Hà Nội,restaurant,insufficient_service_evidence,0,https://www.openstreetmap.org/node/11613547721,v2-c829c8f3e2414108
osm:node:11613547722,Bánh Cuốn 86,Hà Nội,restaurant,insufficient_service_evidence,0,https://www.openstreetmap.org/node/11613547722,v2-c829c8f3e2414108
osm:node:11614903233,Mini Food Court,Hà Nội,restaurant,insufficient_service_evidence,0,https://www.openstreetmap.org/node/11614903233,v2-c829c8f3e2414108
osm:node:11615025550,Win Cafe,Hà Nội,cafe,insufficient_service_evidence,0,https://www.openstreetmap.org/node/11615025550,v2-c829c8f3e2414108
osm:node:11615961387,Hồ Lô Quán,Hà Nội,restaurant,insufficient_service_evidence,0,https://www.openstreetmap.org/node/11615961387,v2-c829c8f3e2414108
osm:node:11615961392,Cháo 37,Hà Nội,restaurant,insufficient_service_evidence,0,https://www.openstreetmap.org/node/11615961392,v2-c829c8f3e2414108
osm:node:11615961396,Bún Chả - Nem Rán,Hà Nội,restaurant,insufficient_service_evidence,0,https://www.openstreetmap.org/node/11615961396,v2-c829c8f3e2414108
osm:node:11615961404,Quán cơm Minh Hiền,Hà Nội,restaurant,insufficient_service_evidence,0,https://www.openstreetmap.org/node/11615961404,v2-c829c8f3e2414108
osm:node:11617459419,Ydo!,Hà Nội,restaurant,weak_or_generic_name|insufficient_service_evidence,0,https://www.openstreetmap.org/node/11617459419,v2-c829c8f3e2414108
osm:node:11617757743,Quán cơm Đại Long,Hà Nội,restaurant,insufficient_service_evidence,0,https://www.openstreetmap.org/node/11617757743,v2-c829c8f3e2414108
osm:node:11617804908,Olo Tea&Coffee,Hà Nội,cafe,insufficient_service_evidence,0,https://www.openstreetmap.org/node/11617804908,v2-c829c8f3e2414108
osm:node:11617804909,Canteen A10,Hà Nội,restaurant,insufficient_service_evidence,0,https://www.openstreetmap.org/node/11617804909,v2-c829c8f3e2414108
osm:node:11617804910,Bánh cuốn Bà Khê,Hà Nội,restaurant,insufficient_service_evidence,0,https://www.openstreetmap.org/node/11617804910,v2-c829c8f3e2414108
osm:node:11618566160,Military blockhouse ruins,Đà Nẵng,historic,weak_or_generic_name|insufficient_service_evidence,0,https://www.openstreetmap.org/node/11618566160,v2-c829c8f3e2414108
osm:node:11618566518,Quầy ăn nhanh Bảo Sơn,Hà Nội,restaurant,insufficient_service_evidence,0,https://www.openstreetmap.org/node/11618566518,v2-c829c8f3e2414108
osm:node:11618566519,Rubic 8,Hà Nội,restaurant,insufficient_service_evidence,0,https://www.openstreetmap.org/node/11618566519,v2-c829c8f3e2414108
osm:node:11618566522,Summer Tea & Cafe,Hà Nội,cafe,insufficient_service_evidence,0,https://www.openstreetmap.org/node/11618566522,v2-c829c8f3e2414108
osm:node:11618566524,F City,Hà Nội,cafe,insufficient_service_evidence,0,https://www.openstreetmap.org/node/11618566524,v2-c829c8f3e2414108
osm:node:11618566525,Đào Garden Coffee,Hà Nội,cafe,insufficient_service_evidence,0,https://www.openstreetmap.org/node/11618566525,v2-c829c8f3e2414108
osm:node:11618566526,Cơm Nam Đen,Hà Nội,restaurant,insufficient_service_evidence,0,https://www.openstreetmap.org/node/11618566526,v2-c829c8f3e2414108
osm:node:11618566527,Quán 286,Hà Nội,restaurant,insufficient_service_evidence,0,https://www.openstreetmap.org/node/11618566527,v2-c829c8f3e2414108
osm:node:11618566528,Bún đậu Tú Kiểu,Hà Nội,restaurant,insufficient_service_evidence,0,https://www.openstreetmap.org/node/11618566528,v2-c829c8f3e2414108
osm:node:11618566529,Korea Food,Hà Nội,restaurant,insufficient_service_evidence,0,https://www.openstreetmap.org/node/11618566529,v2-c829c8f3e2414108
osm:node:11618566530,Xu-Xẻng,Hà Nội,cafe,insufficient_service_evidence,0,https://www.openstreetmap.org/node/11618566530,v2-c829c8f3e2414108
osm:node:11618566533,Trường Sa Quán,Hà Nội,restaurant,insufficient_service_evidence,0,https://www.openstreetmap.org/node/11618566533,v2-c829c8f3e2414108
osm:node:11618650227,Royaltea,Hà Nội,cafe,insufficient_service_evidence,0,https://www.openstreetmap.org/node/11618650227,v2-c829c8f3e2414108
osm:node:11618650230,Bánh mì A Phúc,Hà Nội,restaurant,insufficient_service_evidence,0,https://www.openstreetmap.org/node/11618650230,v2-c829c8f3e2414108
osm:node:11618650232,Phở,Hà Nội,restaurant,weak_or_generic_name|insufficient_service_evidence,0,https://www.openstreetmap.org/node/11618650232,v2-c829c8f3e2414108
osm:node:11618650233,Thái Phở Cuốn,Hà Nội,restaurant,insufficient_service_evidence,0,https://www.openstreetmap.org/node/11618650233,v2-c829c8f3e2414108
osm:node:11618650234,Dynamic Cafe,Hà Nội,cafe,insufficient_service_evidence,0,https://www.openstreetmap.org/node/11618650234,v2-c829c8f3e2414108
osm:node:11618650236,Fresh Garden,Hà Nội,restaurant,insufficient_service_evidence,0,https://www.openstreetmap.org/node/11618650236,v2-c829c8f3e2414108
osm:node:11618650240,Hanoi Corner Cafe,Hà Nội,cafe,insufficient_service_evidence,0,https://www.openstreetmap.org/node/11618650240,v2-c829c8f3e2414108
osm:node:11621684847,Chùa Tràng An,Hà Nội,temple,insufficient_service_evidence,0,https://www.openstreetmap.org/node/11621684847,v2-c829c8f3e2414108
osm:node:11625397932,Gumiho,Hà Nội,restaurant,insufficient_service_evidence,0,https://www.openstreetmap.org/node/11625397932,v2-c829c8f3e2414108
osm:node:11625397939,Lãm,Hà Nội,cafe,weak_or_generic_name|insufficient_service_evidence,0,https://www.openstreetmap.org/node/11625397939,v2-c829c8f3e2414108
osm:node:11626870546,Quan Ga Coi,Hà Nội,restaurant,insufficient_service_evidence,0,https://www.openstreetmap.org/node/11626870546,v2-c829c8f3e2414108
osm:node:11626870547,Quan Pho Huong,Hà Nội,restaurant,insufficient_service_evidence,0,https://www.openstreetmap.org/node/11626870547,v2-c829c8f3e2414108
osm:node:11629841009,Núi Khe Xương,Đà Nẵng,nature_area,insufficient_service_evidence,0,https://www.openstreetmap.org/node/11629841009,v2-c829c8f3e2414108
osm:node:11629996926,Núi Hải Vân,Đà Nẵng,nature_area,insufficient_service_evidence,0,https://www.openstreetmap.org/node/11629996926,v2-c829c8f3e2414108
osm:node:11632218898,Hòn Biền,Đà Nẵng,nature_area,insufficient_service_evidence,0,https://www.openstreetmap.org/node/11632218898,v2-c829c8f3e2414108
osm:node:11634557496,Truc Lam Coffee,Hà Nội,cafe,insufficient_service_evidence,0,https://www.openstreetmap.org/node/11634557496,v2-c829c8f3e2414108
osm:node:11634634900,Cối xay nước,Hà Nội,attraction,insufficient_service_evidence,0,https://www.openstreetmap.org/node/11634634900,v2-c829c8f3e2414108
osm:node:11636607297,50 năm giải phóng thủ đô,Hà Nội,historic,insufficient_service_evidence,0,https://www.openstreetmap.org/node/11636607297,v2-c829c8f3e2414108
osm:node:11637243469,A Mó Re Coffe n Cakey,Hà Nội,cafe,insufficient_service_evidence,0,https://www.openstreetmap.org/node/11637243469,v2-c829c8f3e2414108
osm:node:11649543053,Cafe Bánh Mỳ,Hà Nội,cafe,insufficient_service_evidence,0,https://www.openstreetmap.org/node/11649543053,v2-c829c8f3e2414108
osm:node:11649543054,Coffee 26,Hà Nội,cafe,insufficient_service_evidence,0,https://www.openstreetmap.org/node/11649543054,v2-c829c8f3e2414108
osm:node:11649543061,Phở Sướng Cô Mười,Hà Nội,restaurant,insufficient_service_evidence,0,https://www.openstreetmap.org/node/11649543061,v2-c829c8f3e2414108
osm:node:11649543062,Coffee Mặn,Hà Nội,cafe,insufficient_service_evidence,0,https://www.openstreetmap.org/node/11649543062,v2-c829c8f3e2414108
osm:node:11649693309,Bún Ốc Phong,Hà Nội,restaurant,insufficient_service_evidence,0,https://www.openstreetmap.org/node/11649693309,v2-c829c8f3e2414108
osm:node:11652644710,Rajbhog,Hà Nội,restaurant,insufficient_service_evidence,0,https://www.openstreetmap.org/node/11652644710,v2-c829c8f3e2414108
osm:node:11652724264,Ramkrishna,Hà Nội,restaurant,insufficient_service_evidence,0,https://www.openstreetmap.org/node/11652724264,v2-c829c8f3e2414108
osm:node:11652855477,Phở Dũng cơ sở 3,Hà Nội,restaurant,insufficient_service_evidence,0,https://www.openstreetmap.org/node/11652855477,v2-c829c8f3e2414108
osm:node:11652991633,Mr. Kebab,Hà Nội,restaurant,insufficient_service_evidence,0,https://www.openstreetmap.org/node/11652991633,v2-c829c8f3e2414108
osm:node:11653040776,Donar Kebab Antony,Hà Nội,restaurant,insufficient_service_evidence,0,https://www.openstreetmap.org/node/11653040776,v2-c829c8f3e2414108
osm:node:11653040784,O'Coffee,Hà Nội,cafe,insufficient_service_evidence,0,https://www.openstreetmap.org/node/11653040784,v2-c829c8f3e2414108
osm:node:11653040789,Mành Cà phê,Hà Nội,cafe,insufficient_service_evidence,0,https://www.openstreetmap.org/node/11653040789,v2-c829c8f3e2414108
osm:node:11655341876,Bamichao,Hà Nội,restaurant,insufficient_service_evidence,0,https://www.openstreetmap.org/node/11655341876,v2-c829c8f3e2414108
osm:node:11655427673,Hill Top Curry,Hà Nội,restaurant,insufficient_service_evidence,0,https://www.openstreetmap.org/node/11655427673,v2-c829c8f3e2414108
osm:node:11655444080,Laika Café,Hà Nội,cafe,insufficient_service_evidence,0,https://www.openstreetmap.org/node/11655444080,v2-c829c8f3e2414108
osm:node:11655592469,1,Hà Nội,restaurant,weak_or_generic_name|insufficient_service_evidence,0,https://www.openstreetmap.org/node/11655592469,v2-c829c8f3e2414108
osm:node:11655877372,Căng-tin,Hà Nội,restaurant,insufficient_service_evidence,0,https://www.openstreetmap.org/node/11655877372,v2-c829c8f3e2414108
osm:node:11659995712,Ah Ma Handmade,Hà Nội,cafe,insufficient_service_evidence,0,https://www.openstreetmap.org/node/11659995712,v2-c829c8f3e2414108
osm:node:11659995714,Wheel Coffee Adventure,Hà Nội,cafe,insufficient_service_evidence,0,https://www.openstreetmap.org/node/11659995714,v2-c829c8f3e2414108
osm:node:11662192866,Gia Linh Coffee & Juice,Hà Nội,cafe,insufficient_service_evidence,0,https://www.openstreetmap.org/node/11662192866,v2-c829c8f3e2414108
osm:node:11662192867,Bống Cafe & Juice,Hà Nội,cafe,insufficient_service_evidence,0,https://www.openstreetmap.org/node/11662192867,v2-c829c8f3e2414108
osm:node:11662204172,Coffee Hải Anh,Hà Nội,cafe,insufficient_service_evidence,0,https://www.openstreetmap.org/node/11662204172,v2-c829c8f3e2414108
osm:node:11662204173,Wehome - Ms Tram,Hà Nội,cafe,insufficient_service_evidence,0,https://www.openstreetmap.org/node/11662204173,v2-c829c8f3e2414108
osm:node:11662204174,Bảo Vy,Hà Nội,restaurant,insufficient_service_evidence,0,https://www.openstreetmap.org/node/11662204174,v2-c829c8f3e2414108
osm:node:11662204175,Bún Bung,Hà Nội,restaurant,insufficient_service_evidence,0,https://www.openstreetmap.org/node/11662204175,v2-c829c8f3e2414108
osm:node:11662252388,Banhmi Station,Hà Nội,restaurant,insufficient_service_evidence,0,https://www.openstreetmap.org/node/11662252388,v2-c829c8f3e2414108
osm:node:11662267270,Cà phê Trung Nguyên,Hà Nội,cafe,insufficient_service_evidence,0,https://www.openstreetmap.org/node/11662267270,v2-c829c8f3e2414108
osm:node:11662619725,Dream Beans Coffee,Hà Nội,cafe,insufficient_service_evidence,0,https://www.openstreetmap.org/node/11662619725,v2-c829c8f3e2414108
osm:node:11663033697,Phở Thìn 1979,Hà Nội,restaurant,insufficient_service_evidence,0,https://www.openstreetmap.org/node/11663033697,v2-c829c8f3e2414108
osm:node:11668818569,"Bún Bò, Bò Kho, Mỳ, Cháo Bò, Ốp La, Bánh My",Đà Nẵng,restaurant,insufficient_service_evidence,0,https://www.openstreetmap.org/node/11668818569,v2-c829c8f3e2414108
osm:node:11671738915,Hanoi Bami,Hà Nội,restaurant,insufficient_service_evidence,0,https://www.openstreetmap.org/node/11671738915,v2-c829c8f3e2414108
osm:node:11671750165,Banh Mi Mama,Hà Nội,cafe,insufficient_service_evidence,0,https://www.openstreetmap.org/node/11671750165,v2-c829c8f3e2414108
osm:node:11671757252,Chicken Zozo,Hà Nội,restaurant,insufficient_service_evidence,0,https://www.openstreetmap.org/node/11671757252,v2-c829c8f3e2414108
osm:node:11671757415,Briques,Hà Nội,restaurant,insufficient_service_evidence,0,https://www.openstreetmap.org/node/11671757415,v2-c829c8f3e2414108
osm:node:11671779517,Olive,Hà Nội,cafe,insufficient_service_evidence,0,https://www.openstreetmap.org/node/11671779517,v2-c829c8f3e2414108
osm:node:11671779518,Bia 23,Hà Nội,restaurant,insufficient_service_evidence,0,https://www.openstreetmap.org/node/11671779518,v2-c829c8f3e2414108
osm:node:11671813065,V-cuisine,Hà Nội,cafe,insufficient_service_evidence,0,https://www.openstreetmap.org/node/11671813065,v2-c829c8f3e2414108
osm:node:11671828321,Hai Yen,Hà Nội,restaurant,insufficient_service_evidence,0,https://www.openstreetmap.org/node/11671828321,v2-c829c8f3e2414108
osm:node:11671842647,Thinh Vuong,Hà Nội,restaurant,insufficient_service_evidence,0,https://www.openstreetmap.org/node/11671842647,v2-c829c8f3e2414108
osm:node:11671848849,Com Nien Viet,Hà Nội,restaurant,insufficient_service_evidence,0,https://www.openstreetmap.org/node/11671848849,v2-c829c8f3e2414108
osm:node:11672848991,Bánh Mì Giò Chả Dũng Hạnh,Hà Nội,restaurant,insufficient_service_evidence,0,https://www.openstreetmap.org/node/11672848991,v2-c829c8f3e2414108
osm:node:11672848998,Lynh's Coffee & Tea,Hà Nội,cafe,insufficient_service_evidence,0,https://www.openstreetmap.org/node/11672848998,v2-c829c8f3e2414108
osm:node:11672849014,Bún Chả Chan,Hà Nội,restaurant,insufficient_service_evidence,0,https://www.openstreetmap.org/node/11672849014,v2-c829c8f3e2414108
osm:node:11675985402,"Bún đậu, giả cày",Hà Nội,restaurant,insufficient_service_evidence,0,https://www.openstreetmap.org/node/11675985402,v2-c829c8f3e2414108
osm:node:11675985403,Chả cá lăng Toàn Xuân,Hà Nội,restaurant,insufficient_service_evidence,0,https://www.openstreetmap.org/node/11675985403,v2-c829c8f3e2414108
osm:node:11675985407,Nhà hàng Đồng Đội,Hà Nội,restaurant,insufficient_service_evidence,0,https://www.openstreetmap.org/node/11675985407,v2-c829c8f3e2414108
osm:node:11675985408,Phố nướng xứ Lạng,Hà Nội,restaurant,insufficient_service_evidence,0,https://www.openstreetmap.org/node/11675985408,v2-c829c8f3e2414108
osm:node:11675985410,Nhà hàng Quả Trám,Hà Nội,restaurant,insufficient_service_evidence,0,https://www.openstreetmap.org/node/11675985410,v2-c829c8f3e2414108
osm:node:11675985412,Lươn đồng xứ Nghệ,Hà Nội,restaurant,insufficient_service_evidence,0,https://www.openstreetmap.org/node/11675985412,v2-c829c8f3e2414108
osm:node:11675985413,White Coffee,Hà Nội,cafe,insufficient_service_evidence,0,https://www.openstreetmap.org/node/11675985413,v2-c829c8f3e2414108
osm:node:11675985415,Bò nầm nướng Puka,Hà Nội,restaurant,insufficient_service_evidence,0,https://www.openstreetmap.org/node/11675985415,v2-c829c8f3e2414108
osm:node:11675985416,Dung Hoà,Hà Nội,restaurant,insufficient_service_evidence,0,https://www.openstreetmap.org/node/11675985416,v2-c829c8f3e2414108
osm:node:11675985417,Mộng Cook,Hà Nội,restaurant,insufficient_service_evidence,0,https://www.openstreetmap.org/node/11675985417,v2-c829c8f3e2414108
osm:node:11675985421,Cửa hàng Mai Phương,Hà Nội,restaurant,insufficient_service_evidence,0,https://www.openstreetmap.org/node/11675985421,v2-c829c8f3e2414108
osm:node:11675985428,Nhà hàng Bít tết Ngọc Hiếu,Hà Nội,restaurant,insufficient_service_evidence,0,https://www.openstreetmap.org/node/11675985428,v2-c829c8f3e2414108
osm:node:11680203169,Izakaya Man,Đà Nẵng,restaurant,insufficient_service_evidence,0,https://www.openstreetmap.org/node/11680203169,v2-c829c8f3e2414108
osm:node:11681012714,Bảo tàng Tố Hữu,Hà Nội,museum,insufficient_service_evidence,0,https://www.openstreetmap.org/node/11681012714,v2-c829c8f3e2414108
osm:node:11683982774,Nhà hàng Thanh Thủy,Hà Nội,restaurant,insufficient_service_evidence,0,https://www.openstreetmap.org/node/11683982774,v2-c829c8f3e2414108
osm:node:11683982775,Lẩu dê Nhất Ly,Hà Nội,restaurant,insufficient_service_evidence,0,https://www.openstreetmap.org/node/11683982775,v2-c829c8f3e2414108
osm:node:11683982777,Long Wang,Hà Nội,restaurant,insufficient_service_evidence,0,https://www.openstreetmap.org/node/11683982777,v2-c829c8f3e2414108
osm:node:11683982786,Bò khô Phương Dung,Hà Nội,restaurant,insufficient_service_evidence,0,https://www.openstreetmap.org/node/11683982786,v2-c829c8f3e2414108
osm:node:11683982790,Bò khô Hiệu 22,Hà Nội,restaurant,insufficient_service_evidence,0,https://www.openstreetmap.org/node/11683982790,v2-c829c8f3e2414108
osm:node:11683982791,Bò khô Mỹ Hương,Hà Nội,restaurant,insufficient_service_evidence,0,https://www.openstreetmap.org/node/11683982791,v2-c829c8f3e2414108
osm:node:11683982793,Quẩy Tuyết,Hà Nội,restaurant,insufficient_service_evidence,0,https://www.openstreetmap.org/node/11683982793,v2-c829c8f3e2414108
osm:node:11683982795,Bà Hoa Lẩu nướng,Hà Nội,restaurant,insufficient_service_evidence,0,https://www.openstreetmap.org/node/11683982795,v2-c829c8f3e2414108
osm:node:11685045538,Bún Ốc Chúc Thúy,Hà Nội,restaurant,insufficient_service_evidence,0,https://www.openstreetmap.org/node/11685045538,v2-c829c8f3e2414108
osm:node:11691256822,Vĩnh Long Gallery,Hà Nội,gallery,insufficient_service_evidence,0,https://www.openstreetmap.org/node/11691256822,v2-c829c8f3e2414108
osm:node:11696067917,Điểm Nhìn DT35,Hà Nội,viewpoint,insufficient_service_evidence,0,https://www.openstreetmap.org/node/11696067917,v2-c829c8f3e2414108
osm:node:11696224408,Na Huy Restaurant,Đà Nẵng,restaurant,insufficient_service_evidence,0,https://www.openstreetmap.org/node/11696224408,v2-c829c8f3e2414108
osm:node:11697674105,Phở Gà Ta,Hà Nội,restaurant,insufficient_service_evidence,0,https://www.openstreetmap.org/node/11697674105,v2-c829c8f3e2414108
osm:node:11697674106,Bò Nhúng Dấm,Hà Nội,restaurant,insufficient_service_evidence,0,https://www.openstreetmap.org/node/11697674106,v2-c829c8f3e2414108
osm:node:11697674115,Nhà hàng Tuấn Hải,Hà Nội,restaurant,insufficient_service_evidence,0,https://www.openstreetmap.org/node/11697674115,v2-c829c8f3e2414108
osm:node:11701254693,Mam's Restaurant,Đà Nẵng,restaurant,insufficient_service_evidence,0,https://www.openstreetmap.org/node/11701254693,v2-c829c8f3e2414108
osm:node:11731450953,Núi Mang,Đà Nẵng,nature_area,insufficient_service_evidence,0,https://www.openstreetmap.org/node/11731450953,v2-c829c8f3e2414108
osm:node:11738458934,Núi Vành,Hà Nội,nature_area,insufficient_service_evidence,0,https://www.openstreetmap.org/node/11738458934,v2-c829c8f3e2414108
osm:node:11747145342,Núi Hàm Lợn,Hà Nội,nature_area,insufficient_service_evidence,0,https://www.openstreetmap.org/node/11747145342,v2-c829c8f3e2414108
osm:node:11762324215,Hòn Giọc,Đà Nẵng,nature_area,insufficient_service_evidence,0,https://www.openstreetmap.org/node/11762324215,v2-c829c8f3e2414108
osm:node:11762365154,Núi Khe Kha To,Đà Nẵng,nature_area,insufficient_service_evidence,0,https://www.openstreetmap.org/node/11762365154,v2-c829c8f3e2414108
osm:node:11762365155,Núi Hòng Chan,Đà Nẵng,nature_area,insufficient_service_evidence,0,https://www.openstreetmap.org/node/11762365155,v2-c829c8f3e2414108
osm:node:11763432128,Núi Mỏ,Hà Nội,nature_area,insufficient_service_evidence,0,https://www.openstreetmap.org/node/11763432128,v2-c829c8f3e2414108
osm:node:11772843570,ThirstT Nước Ép,Hà Nội,cafe,insufficient_service_evidence,0,https://www.openstreetmap.org/node/11772843570,v2-c829c8f3e2414108
osm:node:11777328869,Skyline Coffee,Hà Nội,cafe,insufficient_service_evidence,0,https://www.openstreetmap.org/node/11777328869,v2-c829c8f3e2414108
osm:node:11782012514,Núi Eo,Đà Nẵng,nature_area,insufficient_service_evidence,0,https://www.openstreetmap.org/node/11782012514,v2-c829c8f3e2414108
osm:node:11782452951,KOPee coffee,Hà Nội,cafe,insufficient_service_evidence,0,https://www.openstreetmap.org/node/11782452951,v2-c829c8f3e2414108
osm:node:11782452955,Cafe Lộc,Hà Nội,cafe,insufficient_service_evidence,0,https://www.openstreetmap.org/node/11782452955,v2-c829c8f3e2414108
osm:node:11782452956,Phở Vân Anh,Hà Nội,restaurant,insufficient_service_evidence,0,https://www.openstreetmap.org/node/11782452956,v2-c829c8f3e2414108
osm:node:11784634072,Phật viện Đồng Dương,Đà Nẵng,historic,insufficient_service_evidence,0,https://www.openstreetmap.org/node/11784634072,v2-c829c8f3e2414108
osm:node:11799743443,Lotteria,Hà Nội,restaurant,insufficient_service_evidence,0,https://www.openstreetmap.org/node/11799743443,v2-c829c8f3e2414108
osm:node:11803994227,nhà hàng thịnh lùn,Hà Nội,restaurant,insufficient_service_evidence,0,https://www.openstreetmap.org/node/11803994227,v2-c829c8f3e2414108
osm:node:11804234603,Weekend Night Market food stalls,Hà Nội,restaurant,insufficient_service_evidence,0,https://www.openstreetmap.org/node/11804234603,v2-c829c8f3e2414108
osm:node:11806445371,Tiệm nhà mộc,Hà Nội,cafe,insufficient_service_evidence,0,https://www.openstreetmap.org/node/11806445371,v2-c829c8f3e2414108
osm:node:11806446769,Bún bò huể Nhân Khôi,Hà Nội,restaurant,insufficient_service_evidence,0,https://www.openstreetmap.org/node/11806446769,v2-c829c8f3e2414108
osm:node:11817368172,Núi Thiên Trù,Hà Nội,nature_area,insufficient_service_evidence,0,https://www.openstreetmap.org/node/11817368172,v2-c829c8f3e2414108
osm:node:11829544969,Bami King,Hà Nội,restaurant,insufficient_service_evidence,0,https://www.openstreetmap.org/node/11829544969,v2-c829c8f3e2414108
osm:node:11830396516,Nhà ăn sinh viên quốc tế,Hà Nội,restaurant,insufficient_service_evidence,0,https://www.openstreetmap.org/node/11830396516,v2-c829c8f3e2414108
osm:node:11830565369,Mixue,Hà Nội,cafe,insufficient_service_evidence,0,https://www.openstreetmap.org/node/11830565369,v2-c829c8f3e2414108
osm:node:11832114469,King Coffee,Hà Nội,cafe,insufficient_service_evidence,0,https://www.openstreetmap.org/node/11832114469,v2-c829c8f3e2414108
osm:node:11832115990,Bánh Cuôn Gia Truyền,Hà Nội,restaurant,insufficient_service_evidence,0,https://www.openstreetmap.org/node/11832115990,v2-c829c8f3e2414108
osm:node:11832117000,La Boong,Hà Nội,cafe,insufficient_service_evidence,0,https://www.openstreetmap.org/node/11832117000,v2-c829c8f3e2414108
osm:node:11832123383,The Corner Café,Hà Nội,cafe,insufficient_service_evidence,0,https://www.openstreetmap.org/node/11832123383,v2-c829c8f3e2414108
osm:node:11832141669,Mixue,Hà Nội,cafe,insufficient_service_evidence,0,https://www.openstreetmap.org/node/11832141669,v2-c829c8f3e2414108
osm:node:11832188470,Mixue,Hà Nội,cafe,insufficient_service_evidence,0,https://www.openstreetmap.org/node/11832188470,v2-c829c8f3e2414108
osm:node:11832500969,Rào chắn,Đà Nẵng,viewpoint,weak_or_generic_name|category_name_conflict|insufficient_service_evidence,0,https://www.openstreetmap.org/node/11832500969,v2-c829c8f3e2414108
osm:node:11834016869,Mixue,Hà Nội,cafe,insufficient_service_evidence,0,https://www.openstreetmap.org/node/11834016869,v2-c829c8f3e2414108
osm:node:11840580772,DIY Coffee,Hà Nội,cafe,insufficient_service_evidence,0,https://www.openstreetmap.org/node/11840580772,v2-c829c8f3e2414108
osm:node:11840976337,V vegan cafe & restaurant,Đà Nẵng,restaurant,insufficient_service_evidence,0,https://www.openstreetmap.org/node/11840976337,v2-c829c8f3e2414108
osm:node:11841019755,Chops Restaurant,Đà Nẵng,restaurant,insufficient_service_evidence,0,https://www.openstreetmap.org/node/11841019755,v2-c829c8f3e2414108
osm:node:11841027358,Lối Nhỏ Food & Drink,Đà Nẵng,restaurant,insufficient_service_evidence,0,https://www.openstreetmap.org/node/11841027358,v2-c829c8f3e2414108
osm:node:11846667370,Cơm thợ xây,Hà Nội,restaurant,insufficient_service_evidence,0,https://www.openstreetmap.org/node/11846667370,v2-c829c8f3e2414108
osm:node:11846922569,Cơm văn phòng,Hà Nội,restaurant,insufficient_service_evidence,0,https://www.openstreetmap.org/node/11846922569,v2-c829c8f3e2414108
osm:node:11846982469,Quán bún chả,Hà Nội,restaurant,insufficient_service_evidence,0,https://www.openstreetmap.org/node/11846982469,v2-c829c8f3e2414108
osm:node:11847015969,Nhậu tự do,Hà Nội,restaurant,insufficient_service_evidence,0,https://www.openstreetmap.org/node/11847015969,v2-c829c8f3e2414108
osm:node:11864413311,With Us,Hà Nội,cafe,insufficient_service_evidence,0,https://www.openstreetmap.org/node/11864413311,v2-c829c8f3e2414108
osm:node:11865412258,1998 Coffee,Hà Nội,cafe,insufficient_service_evidence,0,https://www.openstreetmap.org/node/11865412258,v2-c829c8f3e2414108
osm:node:11866085369,Nhà Hàng Chay Me&An Vegetarian,Hà Nội,restaurant,insufficient_service_evidence,0,https://www.openstreetmap.org/node/11866085369,v2-c829c8f3e2414108
osm:node:11867796889,Burger King,Hà Nội,restaurant,insufficient_service_evidence,0,https://www.openstreetmap.org/node/11867796889,v2-c829c8f3e2414108
osm:node:11873418469,Chè Ngon Quán Nước Ép Trái Cây - Cafe,Hà Nội,cafe,insufficient_service_evidence,0,https://www.openstreetmap.org/node/11873418469,v2-c829c8f3e2414108
osm:node:11873758664,Châu Kitchen & Bar,Đà Nẵng,restaurant,insufficient_service_evidence,0,https://www.openstreetmap.org/node/11873758664,v2-c829c8f3e2414108
osm:node:11878408547,Lazeez Indian Restaurant,Đà Nẵng,restaurant,insufficient_service_evidence,0,https://www.openstreetmap.org/node/11878408547,v2-c829c8f3e2414108
osm:node:11878410784,Huong Que,Đà Nẵng,restaurant,insufficient_service_evidence,0,https://www.openstreetmap.org/node/11878410784,v2-c829c8f3e2414108
osm:node:11882942765,Đình làng Phú Thứ,Hà Nội,temple,insufficient_service_evidence,0,https://www.openstreetmap.org/node/11882942765,v2-c829c8f3e2414108
osm:node:11883399469,LAIKA Café,Hà Nội,cafe,insufficient_service_evidence,0,https://www.openstreetmap.org/node/11883399469,v2-c829c8f3e2414108
osm:node:11888968769,Quán ăn cô phưởng,Đà Nẵng,restaurant,insufficient_service_evidence,0,https://www.openstreetmap.org/node/11888968769,v2-c829c8f3e2414108
osm:node:11890733169,Quáng Chay Diệu Hoa,Đà Nẵng,restaurant,insufficient_service_evidence,0,https://www.openstreetmap.org/node/11890733169,v2-c829c8f3e2414108
osm:node:11890753269,Bên Xua,Đà Nẵng,restaurant,insufficient_service_evidence,0,https://www.openstreetmap.org/node/11890753269,v2-c829c8f3e2414108
osm:node:11890753369,Cơm Gà Hội An,Đà Nẵng,restaurant,insufficient_service_evidence,0,https://www.openstreetmap.org/node/11890753369,v2-c829c8f3e2414108
osm:node:11912084366,MONO Coffee Lab,Hà Nội,cafe,insufficient_service_evidence,0,https://www.openstreetmap.org/node/11912084366,v2-c829c8f3e2414108
osm:node:11916970127,Highlands Coffee,Hà Nội,cafe,insufficient_service_evidence,0,https://www.openstreetmap.org/node/11916970127,v2-c829c8f3e2414108
osm:node:11919147369,Lẩu nấm thiên nhiên,Hà Nội,restaurant,insufficient_service_evidence,0,https://www.openstreetmap.org/node/11919147369,v2-c829c8f3e2414108
osm:node:11927409769,Nom Restaurant,Đà Nẵng,restaurant,insufficient_service_evidence,0,https://www.openstreetmap.org/node/11927409769,v2-c829c8f3e2414108
osm:node:11929860879,Lotteria,Hà Nội,restaurant,insufficient_service_evidence,0,https://www.openstreetmap.org/node/11929860879,v2-c829c8f3e2414108
osm:node:11934049164,Classic Coffee,Đà Nẵng,cafe,insufficient_service_evidence,0,https://www.openstreetmap.org/node/11934049164,v2-c829c8f3e2414108
osm:node:11934093015,Trần Văn Tóc,Đà Nẵng,temple,insufficient_service_evidence,0,https://www.openstreetmap.org/node/11934093015,v2-c829c8f3e2414108
osm:node:11934159272,Chùa Đỏ,Hà Nội,temple,insufficient_service_evidence,0,https://www.openstreetmap.org/node/11934159272,v2-c829c8f3e2414108
osm:node:11934161570,Dimsum ba thim - dumplings,Đà Nẵng,cafe,insufficient_service_evidence,0,https://www.openstreetmap.org/node/11934161570,v2-c829c8f3e2414108
osm:node:11960886745,Bún bò Huế O Lộc,Hà Nội,restaurant,insufficient_service_evidence,0,https://www.openstreetmap.org/node/11960886745,v2-c829c8f3e2414108
osm:node:11989415196,Chợ Baza,Hà Nội,market,insufficient_service_evidence,0,https://www.openstreetmap.org/node/11989415196,v2-c829c8f3e2414108
osm:node:12000107441,Bún chả 309,Hà Nội,restaurant,insufficient_service_evidence,0,https://www.openstreetmap.org/node/12000107441,v2-c829c8f3e2414108
osm:node:12017316256,Siêu thị bánh tráng TANA (cơ sở Lê Lai - Hà Đông,Hà Nội,restaurant,insufficient_service_evidence,0,https://www.openstreetmap.org/node/12017316256,v2-c829c8f3e2414108
osm:node:12033021597,Hà Đăng Mart,Hà Nội,market,insufficient_service_evidence,0,https://www.openstreetmap.org/node/12033021597,v2-c829c8f3e2414108
osm:node:12050985870,Bánh Cuốn Ngon,Hà Nội,restaurant,insufficient_service_evidence,0,https://www.openstreetmap.org/node/12050985870,v2-c829c8f3e2414108
osm:node:12050985873,Ding Dimsum,Hà Nội,restaurant,insufficient_service_evidence,0,https://www.openstreetmap.org/node/12050985873,v2-c829c8f3e2414108
osm:node:12050985874,Hẹn Coffee,Hà Nội,cafe,insufficient_service_evidence,0,https://www.openstreetmap.org/node/12050985874,v2-c829c8f3e2414108
osm:node:12050991770,Café Số 2,Hà Nội,cafe,insufficient_service_evidence,0,https://www.openstreetmap.org/node/12050991770,v2-c829c8f3e2414108
osm:node:12050991969,Chick Garden,Hà Nội,restaurant,insufficient_service_evidence,0,https://www.openstreetmap.org/node/12050991969,v2-c829c8f3e2414108
osm:node:12055579963,Aha Coffee,Hà Nội,cafe,insufficient_service_evidence,0,https://www.openstreetmap.org/node/12055579963,v2-c829c8f3e2414108
osm:node:12057863165,Bia tưởng niệm liệt sĩ phường Điện Biên,Hà Nội,historic,insufficient_service_evidence,0,https://www.openstreetmap.org/node/12057863165,v2-c829c8f3e2414108
osm:node:12064276069,Tocotoco,Hà Nội,cafe,insufficient_service_evidence,0,https://www.openstreetmap.org/node/12064276069,v2-c829c8f3e2414108
osm:node:12065583507,Giếng Bá Lễ,Đà Nẵng,restaurant,insufficient_service_evidence,0,https://www.openstreetmap.org/node/12065583507,v2-c829c8f3e2414108
osm:node:12067360419,Eggyolk,Hà Nội,cafe,insufficient_service_evidence,0,https://www.openstreetmap.org/node/12067360419,v2-c829c8f3e2414108
osm:node:12067360424,Mien with eel,Hà Nội,restaurant,insufficient_service_evidence,0,https://www.openstreetmap.org/node/12067360424,v2-c829c8f3e2414108
osm:node:12076522969,Giao Mua Coffee,Hà Nội,cafe,insufficient_service_evidence,0,https://www.openstreetmap.org/node/12076522969,v2-c829c8f3e2414108
osm:node:12078106227,1977 Station Cafe,Hà Nội,cafe,insufficient_service_evidence,0,https://www.openstreetmap.org/node/12078106227,v2-c829c8f3e2414108
osm:node:12078106228,Huyền Coffee,Hà Nội,cafe,insufficient_service_evidence,0,https://www.openstreetmap.org/node/12078106228,v2-c829c8f3e2414108
osm:node:12078106229,Hanoian,Hà Nội,cafe,insufficient_service_evidence,0,https://www.openstreetmap.org/node/12078106229,v2-c829c8f3e2414108
osm:node:12078106230,Coffee Bình Minh,Hà Nội,cafe,insufficient_service_evidence,0,https://www.openstreetmap.org/node/12078106230,v2-c829c8f3e2414108
osm:node:12078106232,Giao’s Coffee,Hà Nội,cafe,insufficient_service_evidence,0,https://www.openstreetmap.org/node/12078106232,v2-c829c8f3e2414108
osm:node:12078106233,Coffee Station 16,Hà Nội,cafe,insufficient_service_evidence,0,https://www.openstreetmap.org/node/12078106233,v2-c829c8f3e2414108
osm:node:12078106234,mincolin,Hà Nội,cafe,insufficient_service_evidence,0,https://www.openstreetmap.org/node/12078106234,v2-c829c8f3e2414108
osm:node:12078106235,20 Railway,Hà Nội,cafe,insufficient_service_evidence,0,https://www.openstreetmap.org/node/12078106235,v2-c829c8f3e2414108
osm:node:12078106236,24 The Small Station,Hà Nội,cafe,insufficient_service_evidence,0,https://www.openstreetmap.org/node/12078106236,v2-c829c8f3e2414108
osm:node:12078106237,Coffee - Cold Beer,Hà Nội,cafe,insufficient_service_evidence,0,https://www.openstreetmap.org/node/12078106237,v2-c829c8f3e2414108
osm:node:12078106239,Gold Coffee,Hà Nội,cafe,insufficient_service_evidence,0,https://www.openstreetmap.org/node/12078106239,v2-c829c8f3e2414108
osm:node:12078106240,34 Railway,Hà Nội,restaurant,insufficient_service_evidence,0,https://www.openstreetmap.org/node/12078106240,v2-c829c8f3e2414108
osm:node:12078106241,Coffee Như Ý,Hà Nội,restaurant,insufficient_service_evidence,0,https://www.openstreetmap.org/node/12078106241,v2-c829c8f3e2414108
osm:node:12078112267,May Hanoi Cafe,Hà Nội,cafe,insufficient_service_evidence,0,https://www.openstreetmap.org/node/12078112267,v2-c829c8f3e2414108
osm:node:12078112268,Railways Tuan Café,Hà Nội,cafe,insufficient_service_evidence,0,https://www.openstreetmap.org/node/12078112268,v2-c829c8f3e2414108
osm:node:12078122269,Coffee 40,Hà Nội,cafe,insufficient_service_evidence,0,https://www.openstreetmap.org/node/12078122269,v2-c829c8f3e2414108
osm:node:12078122270,Cafe Bắp 42,Hà Nội,cafe,insufficient_service_evidence,0,https://www.openstreetmap.org/node/12078122270,v2-c829c8f3e2414108
osm:node:12078122271,Ms Hương Ly,Hà Nội,cafe,insufficient_service_evidence,0,https://www.openstreetmap.org/node/12078122271,v2-c829c8f3e2414108
osm:node:12078122273,Ann Coffee & Tea,Hà Nội,cafe,insufficient_service_evidence,0,https://www.openstreetmap.org/node/12078122273,v2-c829c8f3e2414108
osm:node:12078122274,Cat Coffee,Hà Nội,cafe,insufficient_service_evidence,0,https://www.openstreetmap.org/node/12078122274,v2-c829c8f3e2414108
osm:node:12078122275,Coffee 54 - 58,Hà Nội,cafe,insufficient_service_evidence,0,https://www.openstreetmap.org/node/12078122275,v2-c829c8f3e2414108
osm:node:12078122276,Coffee - Sân Ga,Hà Nội,cafe,insufficient_service_evidence,0,https://www.openstreetmap.org/node/12078122276,v2-c829c8f3e2414108
osm:node:12078122277,Coffee 64,Hà Nội,cafe,insufficient_service_evidence,0,https://www.openstreetmap.org/node/12078122277,v2-c829c8f3e2414108
osm:node:12078122278,Sixty Six Coffee,Hà Nội,cafe,insufficient_service_evidence,0,https://www.openstreetmap.org/node/12078122278,v2-c829c8f3e2414108
osm:node:12078122279,The Train Since 1881,Hà Nội,cafe,insufficient_service_evidence,0,https://www.openstreetmap.org/node/12078122279,v2-c829c8f3e2414108
osm:node:12078122280,Cofee 70,Hà Nội,cafe,insufficient_service_evidence,0,https://www.openstreetmap.org/node/12078122280,v2-c829c8f3e2414108
osm:node:12078122283,Coffee Vân 78,Hà Nội,cafe,insufficient_service_evidence,0,https://www.openstreetmap.org/node/12078122283,v2-c829c8f3e2414108
osm:node:12078122284,Hảo Hảo Coffee,Hà Nội,cafe,insufficient_service_evidence,0,https://www.openstreetmap.org/node/12078122284,v2-c829c8f3e2414108
osm:node:12078122286,Coffee Bends 84,Hà Nội,cafe,insufficient_service_evidence,0,https://www.openstreetmap.org/node/12078122286,v2-c829c8f3e2414108
osm:node:12078122289,90 Đường Tàu,Hà Nội,cafe,insufficient_service_evidence,0,https://www.openstreetmap.org/node/12078122289,v2-c829c8f3e2414108
osm:node:12078122291,Coffee Chill 96,Hà Nội,cafe,insufficient_service_evidence,0,https://www.openstreetmap.org/node/12078122291,v2-c829c8f3e2414108
osm:node:12078122292,Choo Choo Coffee,Hà Nội,cafe,insufficient_service_evidence,0,https://www.openstreetmap.org/node/12078122292,v2-c829c8f3e2414108
osm:node:12078122293,An An Coffee,Hà Nội,cafe,insufficient_service_evidence,0,https://www.openstreetmap.org/node/12078122293,v2-c829c8f3e2414108
osm:node:12078134469,Ga Đông Dương,Hà Nội,restaurant,insufficient_service_evidence,0,https://www.openstreetmap.org/node/12078134469,v2-c829c8f3e2414108
osm:node:12078134470,Eisenbahn Kaffee,Hà Nội,cafe,insufficient_service_evidence,0,https://www.openstreetmap.org/node/12078134470,v2-c829c8f3e2414108
osm:node:12078134471,Cà Phê Ga Đông Dương,Hà Nội,cafe,insufficient_service_evidence,0,https://www.openstreetmap.org/node/12078134471,v2-c829c8f3e2414108
osm:node:12078134473,Railway Tuan Cafe,Hà Nội,cafe,insufficient_service_evidence,0,https://www.openstreetmap.org/node/12078134473,v2-c829c8f3e2414108
osm:node:12078134475,Nhà Lê,Hà Nội,cafe,insufficient_service_evidence,0,https://www.openstreetmap.org/node/12078134475,v2-c829c8f3e2414108
osm:node:12078134483,Càfê Vân,Hà Nội,cafe,insufficient_service_evidence,0,https://www.openstreetmap.org/node/12078134483,v2-c829c8f3e2414108
osm:node:12078134484,76 Train Street,Hà Nội,cafe,insufficient_service_evidence,0,https://www.openstreetmap.org/node/12078134484,v2-c829c8f3e2414108
osm:node:12078134485,74 Train Street,Hà Nội,cafe,insufficient_service_evidence,0,https://www.openstreetmap.org/node/12078134485,v2-c829c8f3e2414108
osm:node:12078134486,72 Train Street,Hà Nội,cafe,insufficient_service_evidence,0,https://www.openstreetmap.org/node/12078134486,v2-c829c8f3e2414108
osm:node:12078134487,70 Train Street,Hà Nội,cafe,insufficient_service_evidence,0,https://www.openstreetmap.org/node/12078134487,v2-c829c8f3e2414108
osm:node:12086810588,Nhà hàng Hoa Lư,Hà Nội,restaurant,insufficient_service_evidence,0,https://www.openstreetmap.org/node/12086810588,v2-c829c8f3e2414108
osm:node:12088736973,Miyo Café,Hà Nội,cafe,insufficient_service_evidence,0,https://www.openstreetmap.org/node/12088736973,v2-c829c8f3e2414108
osm:node:12090162463,Chợ quê Nghiêm Xá,Hà Nội,market,insufficient_service_evidence,0,https://www.openstreetmap.org/node/12090162463,v2-c829c8f3e2414108
osm:node:12092826928,An Nhiên,Hà Nội,restaurant,insufficient_service_evidence,0,https://www.openstreetmap.org/node/12092826928,v2-c829c8f3e2414108
osm:node:12092826929,Giang Restaurant,Hà Nội,restaurant,insufficient_service_evidence,0,https://www.openstreetmap.org/node/12092826929,v2-c829c8f3e2414108
osm:node:12104684986,Bánh Mì Phố Huế,Hà Nội,restaurant,insufficient_service_evidence,0,https://www.openstreetmap.org/node/12104684986,v2-c829c8f3e2414108
osm:node:12105915319,Lẩu Cua,Hà Nội,restaurant,insufficient_service_evidence,0,https://www.openstreetmap.org/node/12105915319,v2-c829c8f3e2414108
osm:node:12106408165,Nem Phùng - Nem Chua,Hà Nội,restaurant,insufficient_service_evidence,0,https://www.openstreetmap.org/node/12106408165,v2-c829c8f3e2414108
osm:node:12106756164,Dream catchers,Hà Nội,restaurant,insufficient_service_evidence,0,https://www.openstreetmap.org/node/12106756164,v2-c829c8f3e2414108
osm:node:12109633453,Mixue,Hà Nội,cafe,insufficient_service_evidence,0,https://www.openstreetmap.org/node/12109633453,v2-c829c8f3e2414108
osm:node:12116589717,Neo Cafe,Hà Nội,cafe,insufficient_service_evidence,0,https://www.openstreetmap.org/node/12116589717,v2-c829c8f3e2414108
osm:node:12116589721,Cà phê Hai Bốn,Hà Nội,cafe,insufficient_service_evidence,0,https://www.openstreetmap.org/node/12116589721,v2-c829c8f3e2414108
osm:node:12116589723,Góc Phố Cafe,Hà Nội,cafe,insufficient_service_evidence,0,https://www.openstreetmap.org/node/12116589723,v2-c829c8f3e2414108
osm:node:12118199552,Highlands Coffee,Hà Nội,cafe,insufficient_service_evidence,0,https://www.openstreetmap.org/node/12118199552,v2-c829c8f3e2414108
osm:node:12118199553,Starbucks,Hà Nội,cafe,insufficient_service_evidence,0,https://www.openstreetmap.org/node/12118199553,v2-c829c8f3e2414108
osm:node:12118199554,Pizza 4P's,Hà Nội,restaurant,insufficient_service_evidence,0,https://www.openstreetmap.org/node/12118199554,v2-c829c8f3e2414108
osm:node:12118199559,Som ตำ Thai,Hà Nội,restaurant,insufficient_service_evidence,0,https://www.openstreetmap.org/node/12118199559,v2-c829c8f3e2414108
osm:node:12135488901,Cafe Hà,Hà Nội,cafe,insufficient_service_evidence,0,https://www.openstreetmap.org/node/12135488901,v2-c829c8f3e2414108
osm:node:12135516703,Day Off Coffee,Hà Nội,cafe,insufficient_service_evidence,0,https://www.openstreetmap.org/node/12135516703,v2-c829c8f3e2414108
osm:node:12141480950,Quán Lee,Hà Nội,restaurant,insufficient_service_evidence,0,https://www.openstreetmap.org/node/12141480950,v2-c829c8f3e2414108
osm:node:12147949702,ONE MORE CRAFT BEER,Đà Nẵng,restaurant,insufficient_service_evidence,0,https://www.openstreetmap.org/node/12147949702,v2-c829c8f3e2414108
osm:node:12149714102,Cau Go,Hà Nội,restaurant,insufficient_service_evidence,0,https://www.openstreetmap.org/node/12149714102,v2-c829c8f3e2414108
osm:node:12151158201,BREAD FACTORY,Hà Nội,cafe,insufficient_service_evidence,0,https://www.openstreetmap.org/node/12151158201,v2-c829c8f3e2414108
osm:node:12155433304,Moo Coffee,Hà Nội,cafe,insufficient_service_evidence,0,https://www.openstreetmap.org/node/12155433304,v2-c829c8f3e2414108
osm:node:12164856801,Lotteria,Hà Nội,restaurant,insufficient_service_evidence,0,https://www.openstreetmap.org/node/12164856801,v2-c829c8f3e2414108
osm:node:12164856802,Bún Miến Ngan Phở Bò,Hà Nội,restaurant,insufficient_service_evidence,0,https://www.openstreetmap.org/node/12164856802,v2-c829c8f3e2414108
osm:node:12164856901,Phở bò,Hà Nội,restaurant,insufficient_service_evidence,0,https://www.openstreetmap.org/node/12164856901,v2-c829c8f3e2414108
osm:node:12164857001,Coffee 42,Hà Nội,cafe,insufficient_service_evidence,0,https://www.openstreetmap.org/node/12164857001,v2-c829c8f3e2414108
osm:node:12164910901,Cafe 54,Hà Nội,cafe,insufficient_service_evidence,0,https://www.openstreetmap.org/node/12164910901,v2-c829c8f3e2414108
osm:node:12164911001,Kaede Food Restaurant,Hà Nội,restaurant,insufficient_service_evidence,0,https://www.openstreetmap.org/node/12164911001,v2-c829c8f3e2414108
osm:node:12165016301,Nhà Hàng  Khiêm,Hà Nội,restaurant,insufficient_service_evidence,0,https://www.openstreetmap.org/node/12165016301,v2-c829c8f3e2414108
osm:node:12165835662,Cơm tấm Út Vân,Đà Nẵng,restaurant,insufficient_service_evidence,0,https://www.openstreetmap.org/node/12165835662,v2-c829c8f3e2414108
osm:node:12165838991,All Seasons,Đà Nẵng,restaurant,insufficient_service_evidence,0,https://www.openstreetmap.org/node/12165838991,v2-c829c8f3e2414108
osm:node:12167363605,Diner 66,Đà Nẵng,cafe,insufficient_service_evidence,0,https://www.openstreetmap.org/node/12167363605,v2-c829c8f3e2414108
osm:node:12167404635,BBQ Chicken,Đà Nẵng,restaurant,insufficient_service_evidence,0,https://www.openstreetmap.org/node/12167404635,v2-c829c8f3e2414108
osm:node:12167609715,The Pizza Company,Đà Nẵng,restaurant,insufficient_service_evidence,0,https://www.openstreetmap.org/node/12167609715,v2-c829c8f3e2414108
osm:node:12167609716,McDonald's,Đà Nẵng,restaurant,insufficient_service_evidence,0,https://www.openstreetmap.org/node/12167609716,v2-c829c8f3e2414108
osm:node:12167609718,Phuc Long,Đà Nẵng,cafe,insufficient_service_evidence,0,https://www.openstreetmap.org/node/12167609718,v2-c829c8f3e2414108
osm:node:12167609731,Don Chicken,Đà Nẵng,cafe,insufficient_service_evidence,0,https://www.openstreetmap.org/node/12167609731,v2-c829c8f3e2414108
osm:node:12167609733,RIN Cafe,Đà Nẵng,cafe,insufficient_service_evidence,0,https://www.openstreetmap.org/node/12167609733,v2-c829c8f3e2414108
osm:node:12167716633,Domino's,Đà Nẵng,restaurant,insufficient_service_evidence,0,https://www.openstreetmap.org/node/12167716633,v2-c829c8f3e2414108
osm:node:12167716635,Tigon Coffee,Đà Nẵng,cafe,insufficient_service_evidence,0,https://www.openstreetmap.org/node/12167716635,v2-c829c8f3e2414108
osm:node:12167716636,Katinat,Đà Nẵng,cafe,insufficient_service_evidence,0,https://www.openstreetmap.org/node/12167716636,v2-c829c8f3e2414108
osm:node:12167891426,Kungfu Panda,Đà Nẵng,restaurant,insufficient_service_evidence,0,https://www.openstreetmap.org/node/12167891426,v2-c829c8f3e2414108
osm:node:12167898650,Yen Yakiniku,Đà Nẵng,restaurant,insufficient_service_evidence,0,https://www.openstreetmap.org/node/12167898650,v2-c829c8f3e2414108
osm:node:12167898651,Bep Hue,Đà Nẵng,restaurant,insufficient_service_evidence,0,https://www.openstreetmap.org/node/12167898651,v2-c829c8f3e2414108
osm:node:12167898652,Azzan,Đà Nẵng,cafe,insufficient_service_evidence,0,https://www.openstreetmap.org/node/12167898652,v2-c829c8f3e2414108
osm:node:12168408873,Pizza,Đà Nẵng,restaurant,insufficient_service_evidence,0,https://www.openstreetmap.org/node/12168408873,v2-c829c8f3e2414108
osm:node:12168408876,Benaras Central,Đà Nẵng,restaurant,insufficient_service_evidence,0,https://www.openstreetmap.org/node/12168408876,v2-c829c8f3e2414108
osm:node:12168408882,Seomin,Đà Nẵng,restaurant,insufficient_service_evidence,0,https://www.openstreetmap.org/node/12168408882,v2-c829c8f3e2414108
osm:node:12168408889,Maruten,Đà Nẵng,restaurant,insufficient_service_evidence,0,https://www.openstreetmap.org/node/12168408889,v2-c829c8f3e2414108
osm:node:12168408890,Vegan Cafe,Đà Nẵng,cafe,insufficient_service_evidence,0,https://www.openstreetmap.org/node/12168408890,v2-c829c8f3e2414108
osm:node:12168408891,Five Senses,Đà Nẵng,restaurant,insufficient_service_evidence,0,https://www.openstreetmap.org/node/12168408891,v2-c829c8f3e2414108
osm:node:12168408896,Dhaba,Đà Nẵng,restaurant,insufficient_service_evidence,0,https://www.openstreetmap.org/node/12168408896,v2-c829c8f3e2414108
osm:node:12169109801,Hẽm,Đà Nẵng,restaurant,weak_or_generic_name|insufficient_service_evidence,0,https://www.openstreetmap.org/node/12169109801,v2-c829c8f3e2414108
osm:node:12169174293,Minh Coffee,Đà Nẵng,cafe,insufficient_service_evidence,0,https://www.openstreetmap.org/node/12169174293,v2-c829c8f3e2414108
osm:node:12169278140,Da Thanh Quan,Đà Nẵng,restaurant,insufficient_service_evidence,0,https://www.openstreetmap.org/node/12169278140,v2-c829c8f3e2414108
osm:node:12169278141,Thai Market,Đà Nẵng,restaurant,insufficient_service_evidence,0,https://www.openstreetmap.org/node/12169278141,v2-c829c8f3e2414108
osm:node:12169339370,Sake House,Đà Nẵng,cafe,insufficient_service_evidence,0,https://www.openstreetmap.org/node/12169339370,v2-c829c8f3e2414108
osm:node:12169339371,Vatthe,Đà Nẵng,cafe,insufficient_service_evidence,0,https://www.openstreetmap.org/node/12169339371,v2-c829c8f3e2414108
osm:node:12169743812,Koi Spa & Coffee,Đà Nẵng,cafe,insufficient_service_evidence,0,https://www.openstreetmap.org/node/12169743812,v2-c829c8f3e2414108
osm:node:12169743825,Papis,Đà Nẵng,restaurant,insufficient_service_evidence,0,https://www.openstreetmap.org/node/12169743825,v2-c829c8f3e2414108
osm:node:12169743829,Istanbul Kebab,Đà Nẵng,restaurant,insufficient_service_evidence,0,https://www.openstreetmap.org/node/12169743829,v2-c829c8f3e2414108
osm:node:12169743830,Bhojan,Đà Nẵng,restaurant,insufficient_service_evidence,0,https://www.openstreetmap.org/node/12169743830,v2-c829c8f3e2414108
osm:node:12169743837,Pizza House,Đà Nẵng,restaurant,insufficient_service_evidence,0,https://www.openstreetmap.org/node/12169743837,v2-c829c8f3e2414108
osm:node:12169743843,An An,Đà Nẵng,cafe,insufficient_service_evidence,0,https://www.openstreetmap.org/node/12169743843,v2-c829c8f3e2414108
osm:node:12169835016,Ending Coffee,Đà Nẵng,cafe,insufficient_service_evidence,0,https://www.openstreetmap.org/node/12169835016,v2-c829c8f3e2414108
osm:node:12169835031,Ba Mua,Đà Nẵng,restaurant,insufficient_service_evidence,0,https://www.openstreetmap.org/node/12169835031,v2-c829c8f3e2414108
osm:node:12169835032,Moon Cafe,Đà Nẵng,cafe,insufficient_service_evidence,0,https://www.openstreetmap.org/node/12169835032,v2-c829c8f3e2414108
osm:node:12169835034,Garden Coffee,Đà Nẵng,cafe,insufficient_service_evidence,0,https://www.openstreetmap.org/node/12169835034,v2-c829c8f3e2414108
osm:node:12169835035,Quan Muoi Muoi,Đà Nẵng,restaurant,insufficient_service_evidence,0,https://www.openstreetmap.org/node/12169835035,v2-c829c8f3e2414108
osm:node:12169835054,Champa,Đà Nẵng,restaurant,insufficient_service_evidence,0,https://www.openstreetmap.org/node/12169835054,v2-c829c8f3e2414108
osm:node:12169835056,Recharged,Đà Nẵng,restaurant,insufficient_service_evidence,0,https://www.openstreetmap.org/node/12169835056,v2-c829c8f3e2414108
osm:node:12171092711,Che Lien 387,Đà Nẵng,restaurant,insufficient_service_evidence,0,https://www.openstreetmap.org/node/12171092711,v2-c829c8f3e2414108
osm:node:12171092713,Nam Hien,Đà Nẵng,cafe,insufficient_service_evidence,0,https://www.openstreetmap.org/node/12171092713,v2-c829c8f3e2414108
osm:node:12171219555,Anh Kim Quan,Đà Nẵng,restaurant,insufficient_service_evidence,0,https://www.openstreetmap.org/node/12171219555,v2-c829c8f3e2414108
osm:node:12171219569,Quan Be Bi,Đà Nẵng,restaurant,insufficient_service_evidence,0,https://www.openstreetmap.org/node/12171219569,v2-c829c8f3e2414108
osm:node:12173072805,Dom Dom,Đà Nẵng,restaurant,insufficient_service_evidence,0,https://www.openstreetmap.org/node/12173072805,v2-c829c8f3e2414108
osm:node:12173072811,The Place,Đà Nẵng,restaurant,insufficient_service_evidence,0,https://www.openstreetmap.org/node/12173072811,v2-c829c8f3e2414108
osm:node:12174005650,Mayaca Coffee,Đà Nẵng,cafe,insufficient_service_evidence,0,https://www.openstreetmap.org/node/12174005650,v2-c829c8f3e2414108
osm:node:12174018926,NO LIMITS Coffee & Juice,Đà Nẵng,cafe,insufficient_service_evidence,0,https://www.openstreetmap.org/node/12174018926,v2-c829c8f3e2414108
osm:node:12174018927,Joki,Đà Nẵng,restaurant,insufficient_service_evidence,0,https://www.openstreetmap.org/node/12174018927,v2-c829c8f3e2414108
osm:node:12174890733,Nha Gua Gio,Đà Nẵng,cafe,insufficient_service_evidence,0,https://www.openstreetmap.org/node/12174890733,v2-c829c8f3e2414108
osm:node:12174890740,Doc Moc Buffet,Đà Nẵng,cafe,insufficient_service_evidence,0,https://www.openstreetmap.org/node/12174890740,v2-c829c8f3e2414108
osm:node:12174890753,Gozar Coffee,Đà Nẵng,cafe,insufficient_service_evidence,0,https://www.openstreetmap.org/node/12174890753,v2-c829c8f3e2414108
osm:node:12174890754,Serenity,Đà Nẵng,cafe,insufficient_service_evidence,0,https://www.openstreetmap.org/node/12174890754,v2-c829c8f3e2414108
osm:node:12174890755,Yoshino Shoten,Đà Nẵng,restaurant,insufficient_service_evidence,0,https://www.openstreetmap.org/node/12174890755,v2-c829c8f3e2414108
osm:node:12175071921,Green Coffee,Đà Nẵng,cafe,insufficient_service_evidence,0,https://www.openstreetmap.org/node/12175071921,v2-c829c8f3e2414108
osm:node:12175071924,Loco,Đà Nẵng,restaurant,insufficient_service_evidence,0,https://www.openstreetmap.org/node/12175071924,v2-c829c8f3e2414108
osm:node:12175071925,Rup’s,Đà Nẵng,cafe,insufficient_service_evidence,0,https://www.openstreetmap.org/node/12175071925,v2-c829c8f3e2414108
osm:node:12175071926,Ut Tich,Đà Nẵng,cafe,insufficient_service_evidence,0,https://www.openstreetmap.org/node/12175071926,v2-c829c8f3e2414108
osm:node:12175071932,Gordon’s New York Pizza,Đà Nẵng,restaurant,insufficient_service_evidence,0,https://www.openstreetmap.org/node/12175071932,v2-c829c8f3e2414108
osm:node:12175129740,Bong,Đà Nẵng,restaurant,insufficient_service_evidence,0,https://www.openstreetmap.org/node/12175129740,v2-c829c8f3e2414108
osm:node:12176034355,Kichi-Kichi,Đà Nẵng,cafe,insufficient_service_evidence,0,https://www.openstreetmap.org/node/12176034355,v2-c829c8f3e2414108
osm:node:12177717116,Chợ Mễ Trì,Hà Nội,market,insufficient_service_evidence,0,https://www.openstreetmap.org/node/12177717116,v2-c829c8f3e2414108
osm:node:12177718901,Gasfein,Hà Nội,cafe,insufficient_service_evidence,0,https://www.openstreetmap.org/node/12177718901,v2-c829c8f3e2414108
osm:node:12177771169,Adobo,Đà Nẵng,cafe,insufficient_service_evidence,0,https://www.openstreetmap.org/node/12177771169,v2-c829c8f3e2414108
osm:node:12178416219,Toninni Caffe,Hà Nội,cafe,insufficient_service_evidence,0,https://www.openstreetmap.org/node/12178416219,v2-c829c8f3e2414108
osm:node:12188220611,Phê La (Thành Thái),Hà Nội,cafe,insufficient_service_evidence,0,https://www.openstreetmap.org/node/12188220611,v2-c829c8f3e2414108
osm:node:12188220612,The Cafein,Hà Nội,cafe,insufficient_service_evidence,0,https://www.openstreetmap.org/node/12188220612,v2-c829c8f3e2414108
osm:node:12189287501,JA café,Hà Nội,cafe,insufficient_service_evidence,0,https://www.openstreetmap.org/node/12189287501,v2-c829c8f3e2414108
osm:node:12205513201,Quán Ăn Hai Ðao,Đà Nẵng,restaurant,insufficient_service_evidence,0,https://www.openstreetmap.org/node/12205513201,v2-c829c8f3e2414108
osm:node:12213572601,PHỞ BÒ - CƠM RANG - BÚN BÒ HUẾ,Hà Nội,restaurant,insufficient_service_evidence,0,https://www.openstreetmap.org/node/12213572601,v2-c829c8f3e2414108
osm:node:12230059534,Phở Bò Yến,Hà Nội,restaurant,insufficient_service_evidence,0,https://www.openstreetmap.org/node/12230059534,v2-c829c8f3e2414108
osm:node:12240739575,Highlands Coffee,Hà Nội,cafe,insufficient_service_evidence,0,https://www.openstreetmap.org/node/12240739575,v2-c829c8f3e2414108
osm:node:12240739576,Dookki,Hà Nội,restaurant,insufficient_service_evidence,0,https://www.openstreetmap.org/node/12240739576,v2-c829c8f3e2414108
osm:node:12240823471,Zaocha,Hà Nội,cafe,insufficient_service_evidence,0,https://www.openstreetmap.org/node/12240823471,v2-c829c8f3e2414108
osm:node:12241087810,Cơm gà Mạnh Hoa,Hà Nội,restaurant,insufficient_service_evidence,0,https://www.openstreetmap.org/node/12241087810,v2-c829c8f3e2414108
osm:node:12243190801,Highlands Coffee,Hà Nội,cafe,insufficient_service_evidence,0,https://www.openstreetmap.org/node/12243190801,v2-c829c8f3e2414108
osm:node:12244336365,Kafa Cafe,Hà Nội,cafe,insufficient_service_evidence,0,https://www.openstreetmap.org/node/12244336365,v2-c829c8f3e2414108
osm:node:12245679303,Joy House,Hà Nội,cafe,insufficient_service_evidence,0,https://www.openstreetmap.org/node/12245679303,v2-c829c8f3e2414108
osm:node:12245679304,Thai Restaurant Seafood,Hà Nội,restaurant,insufficient_service_evidence,0,https://www.openstreetmap.org/node/12245679304,v2-c829c8f3e2414108
osm:node:12245679305,Nhà hàng Nhất Linh,Hà Nội,restaurant,insufficient_service_evidence,0,https://www.openstreetmap.org/node/12245679305,v2-c829c8f3e2414108
osm:node:12245679309,Le Monde Steak,Hà Nội,restaurant,insufficient_service_evidence,0,https://www.openstreetmap.org/node/12245679309,v2-c829c8f3e2414108
osm:node:12245679310,Shang Chi,Hà Nội,restaurant,insufficient_service_evidence,0,https://www.openstreetmap.org/node/12245679310,v2-c829c8f3e2414108
osm:node:12245679311,C.O.C Flavor,Hà Nội,cafe,insufficient_service_evidence,0,https://www.openstreetmap.org/node/12245679311,v2-c829c8f3e2414108
osm:node:12252622818,Chilling - Coffee & Toast,Hà Nội,cafe,insufficient_service_evidence,0,https://www.openstreetmap.org/node/12252622818,v2-c829c8f3e2414108
osm:node:12277048842,Starbucks,Hà Nội,cafe,insufficient_service_evidence,0,https://www.openstreetmap.org/node/12277048842,v2-c829c8f3e2414108
osm:node:12277048843,Lotteria,Hà Nội,restaurant,insufficient_service_evidence,0,https://www.openstreetmap.org/node/12277048843,v2-c829c8f3e2414108
osm:node:12277048845,Pizza 4P's,Hà Nội,restaurant,insufficient_service_evidence,0,https://www.openstreetmap.org/node/12277048845,v2-c829c8f3e2414108
osm:node:12277048849,Big Mama Restaurant,Hà Nội,restaurant,insufficient_service_evidence,0,https://www.openstreetmap.org/node/12277048849,v2-c829c8f3e2414108
osm:node:12277048850,Hanoi Gwang Hae,Hà Nội,restaurant,insufficient_service_evidence,0,https://www.openstreetmap.org/node/12277048850,v2-c829c8f3e2414108
osm:node:12277048851,Caffe Grigio,Hà Nội,cafe,insufficient_service_evidence,0,https://www.openstreetmap.org/node/12277048851,v2-c829c8f3e2414108
osm:node:12277786601,Sappia Cafe & Bar,Đà Nẵng,cafe,insufficient_service_evidence,0,https://www.openstreetmap.org/node/12277786601,v2-c829c8f3e2414108
osm:node:12281167165,Vườn Chuối,Hà Nội,historic,insufficient_service_evidence,0,https://www.openstreetmap.org/node/12281167165,v2-c829c8f3e2414108
osm:node:12281937801,Giang My,Hà Nội,restaurant,insufficient_service_evidence,0,https://www.openstreetmap.org/node/12281937801,v2-c829c8f3e2414108
osm:node:12284557543,Công Ty TNHH IZISolution,Hà Nội,temple,insufficient_service_evidence,0,https://www.openstreetmap.org/node/12284557543,v2-c829c8f3e2414108
osm:node:12287492375,CoCo Ichibanya,Hà Nội,restaurant,insufficient_service_evidence,0,https://www.openstreetmap.org/node/12287492375,v2-c829c8f3e2414108
osm:node:12287492382,Marugame Udon,Hà Nội,restaurant,insufficient_service_evidence,0,https://www.openstreetmap.org/node/12287492382,v2-c829c8f3e2414108
osm:node:12287492384,Lotteria,Hà Nội,restaurant,insufficient_service_evidence,0,https://www.openstreetmap.org/node/12287492384,v2-c829c8f3e2414108
osm:node:12289120139,"Hanoi Corner, Madame Yen",Hà Nội,restaurant,insufficient_service_evidence,0,https://www.openstreetmap.org/node/12289120139,v2-c829c8f3e2414108
osm:node:12291667703,Chay Nhà An,Hà Nội,restaurant,insufficient_service_evidence,0,https://www.openstreetmap.org/node/12291667703,v2-c829c8f3e2414108
osm:node:12292912836,Núi Da Dê,Hà Nội,nature_area,insufficient_service_evidence,0,https://www.openstreetmap.org/node/12292912836,v2-c829c8f3e2414108
osm:node:12293316018,Second Home,Hà Nội,cafe,insufficient_service_evidence,0,https://www.openstreetmap.org/node/12293316018,v2-c829c8f3e2414108
osm:node:12300636545,"The Root, Boardgame Cafe",Hà Nội,cafe,insufficient_service_evidence,0,https://www.openstreetmap.org/node/12300636545,v2-c829c8f3e2414108
osm:node:12313888820,Phở hiền,Hà Nội,restaurant,insufficient_service_evidence,0,https://www.openstreetmap.org/node/12313888820,v2-c829c8f3e2414108
osm:node:12313923069,Phở bò,Hà Nội,restaurant,insufficient_service_evidence,0,https://www.openstreetmap.org/node/12313923069,v2-c829c8f3e2414108
osm:node:12313947065,Phở Tuấn C8 Giảng Võ,Hà Nội,restaurant,insufficient_service_evidence,0,https://www.openstreetmap.org/node/12313947065,v2-c829c8f3e2414108
osm:node:12320456602,Môi Ngày Everyday,Đà Nẵng,restaurant,insufficient_service_evidence,0,https://www.openstreetmap.org/node/12320456602,v2-c829c8f3e2414108
osm:node:12323008801,Silent Garden,Đà Nẵng,restaurant,insufficient_service_evidence,0,https://www.openstreetmap.org/node/12323008801,v2-c829c8f3e2414108
osm:node:12323861042,Highlands Coffee,Hà Nội,cafe,insufficient_service_evidence,0,https://www.openstreetmap.org/node/12323861042,v2-c829c8f3e2414108
osm:node:12323871101,Madam Kieu,Đà Nẵng,restaurant,insufficient_service_evidence,0,https://www.openstreetmap.org/node/12323871101,v2-c829c8f3e2414108
osm:node:12331430862,KFC,Hà Nội,restaurant,weak_or_generic_name|insufficient_service_evidence,0,https://www.openstreetmap.org/node/12331430862,v2-c829c8f3e2414108
osm:node:12331430863,Starbucks,Hà Nội,cafe,insufficient_service_evidence,0,https://www.openstreetmap.org/node/12331430863,v2-c829c8f3e2414108
osm:node:12331430864,Katinat,Hà Nội,cafe,insufficient_service_evidence,0,https://www.openstreetmap.org/node/12331430864,v2-c829c8f3e2414108
osm:node:12343563164,Chay vỉa hè,Hà Nội,restaurant,insufficient_service_evidence,0,https://www.openstreetmap.org/node/12343563164,v2-c829c8f3e2414108
osm:node:12343629708,Đình Cổ Vũ,Hà Nội,temple,insufficient_service_evidence,0,https://www.openstreetmap.org/node/12343629708,v2-c829c8f3e2414108
osm:node:12343630750,King Roti,Hà Nội,restaurant,insufficient_service_evidence,0,https://www.openstreetmap.org/node/12343630750,v2-c829c8f3e2414108
osm:node:12345255101,Gé Cafe,Đà Nẵng,cafe,insufficient_service_evidence,0,https://www.openstreetmap.org/node/12345255101,v2-c829c8f3e2414108
osm:node:12350543701,Bún chả cá Hờn,Đà Nẵng,restaurant,insufficient_service_evidence,0,https://www.openstreetmap.org/node/12350543701,v2-c829c8f3e2414108
osm:node:12361006001,Rang - Internationally Indian,Đà Nẵng,restaurant,insufficient_service_evidence,0,https://www.openstreetmap.org/node/12361006001,v2-c829c8f3e2414108
osm:node:12364330149,Hoang Duong Garden Restaurant,Hà Nội,restaurant,insufficient_service_evidence,0,https://www.openstreetmap.org/node/12364330149,v2-c829c8f3e2414108
osm:node:12364714192,Coffee TTG,Hà Nội,cafe,insufficient_service_evidence,0,https://www.openstreetmap.org/node/12364714192,v2-c829c8f3e2414108
osm:node:12364718085,Cafe Bonsai,Hà Nội,restaurant,insufficient_service_evidence,0,https://www.openstreetmap.org/node/12364718085,v2-c829c8f3e2414108
osm:node:12364719053,Tha Hoa Sua,Hà Nội,restaurant,insufficient_service_evidence,0,https://www.openstreetmap.org/node/12364719053,v2-c829c8f3e2414108
osm:node:12364730577,Hai Nga,Hà Nội,restaurant,insufficient_service_evidence,0,https://www.openstreetmap.org/node/12364730577,v2-c829c8f3e2414108
osm:node:12369171254,Đình làng Thôn An Cư,Hà Nội,temple,insufficient_service_evidence,0,https://www.openstreetmap.org/node/12369171254,v2-c829c8f3e2414108
osm:node:12369648101,Mumtaz - Indian Aroma Restaurant,Đà Nẵng,restaurant,insufficient_service_evidence,0,https://www.openstreetmap.org/node/12369648101,v2-c829c8f3e2414108
osm:node:12372781004,K’lang Coffee,Đà Nẵng,cafe,insufficient_service_evidence,0,https://www.openstreetmap.org/node/12372781004,v2-c829c8f3e2414108
osm:node:12372805702,Quán cháo vịt cô chủ nhỏ,Đà Nẵng,restaurant,insufficient_service_evidence,0,https://www.openstreetmap.org/node/12372805702,v2-c829c8f3e2414108
osm:node:12372807901,Bếp Của Ngoại,Đà Nẵng,restaurant,insufficient_service_evidence,0,https://www.openstreetmap.org/node/12372807901,v2-c829c8f3e2414108
osm:node:12372816702,Bún Bò Bà Rơi,Đà Nẵng,restaurant,insufficient_service_evidence,0,https://www.openstreetmap.org/node/12372816702,v2-c829c8f3e2414108
osm:node:12372824402,Mi Quảng Hồng Vân,Đà Nẵng,restaurant,insufficient_service_evidence,0,https://www.openstreetmap.org/node/12372824402,v2-c829c8f3e2414108
osm:node:12373107601,Bravo Pizzeria,Đà Nẵng,restaurant,insufficient_service_evidence,0,https://www.openstreetmap.org/node/12373107601,v2-c829c8f3e2414108
osm:node:12376456301,Hideout Cafe,Đà Nẵng,cafe,insufficient_service_evidence,0,https://www.openstreetmap.org/node/12376456301,v2-c829c8f3e2414108
osm:node:12376456401,Pacô Café,Đà Nẵng,cafe,insufficient_service_evidence,0,https://www.openstreetmap.org/node/12376456401,v2-c829c8f3e2414108
osm:node:12377587601,Sa Ke Café & Pub,Đà Nẵng,cafe,insufficient_service_evidence,0,https://www.openstreetmap.org/node/12377587601,v2-c829c8f3e2414108
osm:node:12381362601,Chillax -Eatery & Hangout,Đà Nẵng,restaurant,insufficient_service_evidence,0,https://www.openstreetmap.org/node/12381362601,v2-c829c8f3e2414108
osm:node:12381746001,The Inner Hoi An by Ala,Đà Nẵng,cafe,insufficient_service_evidence,0,https://www.openstreetmap.org/node/12381746001,v2-c829c8f3e2414108
osm:node:12381767301,Nu Deli,Đà Nẵng,restaurant,insufficient_service_evidence,0,https://www.openstreetmap.org/node/12381767301,v2-c829c8f3e2414108
osm:node:12382429401,Lanzhou Beef Noodles,Đà Nẵng,restaurant,insufficient_service_evidence,0,https://www.openstreetmap.org/node/12382429401,v2-c829c8f3e2414108
osm:node:12383633201,Cong ca phe,Đà Nẵng,cafe,insufficient_service_evidence,0,https://www.openstreetmap.org/node/12383633201,v2-c829c8f3e2414108
osm:node:12392855201,D & D Café & Homestay,Đà Nẵng,cafe,insufficient_service_evidence,0,https://www.openstreetmap.org/node/12392855201,v2-c829c8f3e2414108
osm:node:12393607701,Quan Tâm Bun Thit Nuong & Nem Lui,Đà Nẵng,restaurant,insufficient_service_evidence,0,https://www.openstreetmap.org/node/12393607701,v2-c829c8f3e2414108
osm:node:12394092001,Pho Ga 26,Hà Nội,restaurant,insufficient_service_evidence,0,https://www.openstreetmap.org/node/12394092001,v2-c829c8f3e2414108
osm:node:12395065901,Belgian Waffle Bar,Đà Nẵng,restaurant,insufficient_service_evidence,0,https://www.openstreetmap.org/node/12395065901,v2-c829c8f3e2414108
osm:node:12395066001,The Wagon,Đà Nẵng,cafe,insufficient_service_evidence,0,https://www.openstreetmap.org/node/12395066001,v2-c829c8f3e2414108
osm:node:12395083301,Chuyen Café,Đà Nẵng,cafe,insufficient_service_evidence,0,https://www.openstreetmap.org/node/12395083301,v2-c829c8f3e2414108
osm:node:12395826102,Com Chay Vegan Buffet (120k),Hà Nội,restaurant,insufficient_service_evidence,0,https://www.openstreetmap.org/node/12395826102,v2-c829c8f3e2414108
osm:node:12401459401,Cơm Gà Gia Vĩnh - Lê Thanh Nghị,Đà Nẵng,restaurant,insufficient_service_evidence,0,https://www.openstreetmap.org/node/12401459401,v2-c829c8f3e2414108
osm:node:12402101301,CinCin Pizzeria - Wood Oven Pizza In DaNang,Đà Nẵng,restaurant,insufficient_service_evidence,0,https://www.openstreetmap.org/node/12402101301,v2-c829c8f3e2414108
osm:node:12402103601,Burger House Da Nang,Đà Nẵng,restaurant,insufficient_service_evidence,0,https://www.openstreetmap.org/node/12402103601,v2-c829c8f3e2414108
osm:node:12402104801,Nhà hàng Nhật Miyoshi,Đà Nẵng,restaurant,insufficient_service_evidence,0,https://www.openstreetmap.org/node/12402104801,v2-c829c8f3e2414108
osm:node:12402867901,Katze,Hà Nội,restaurant,insufficient_service_evidence,0,https://www.openstreetmap.org/node/12402867901,v2-c829c8f3e2414108
osm:node:12404434601,Khu Văn hóa Tâm linh Đà Sơn,Đà Nẵng,attraction,insufficient_service_evidence,1,https://www.openstreetmap.org/node/12404434601,v2-c829c8f3e2414108
osm:node:12404466212,Trang Nhi,Hà Nội,restaurant,insufficient_service_evidence,0,https://www.openstreetmap.org/node/12404466212,v2-c829c8f3e2414108
osm:node:12406436201,Huế Thương Quán,Đà Nẵng,restaurant,insufficient_service_evidence,0,https://www.openstreetmap.org/node/12406436201,v2-c829c8f3e2414108
osm:node:12418996101,Hủ Tiếu Mực,Đà Nẵng,restaurant,insufficient_service_evidence,0,https://www.openstreetmap.org/node/12418996101,v2-c829c8f3e2414108
osm:node:12422104201,Hủ Tiếu Kỳ Kỳ,Đà Nẵng,restaurant,insufficient_service_evidence,0,https://www.openstreetmap.org/node/12422104201,v2-c829c8f3e2414108
osm:node:12429018977,Bun Cha Ta,Đà Nẵng,restaurant,insufficient_service_evidence,0,https://www.openstreetmap.org/node/12429018977,v2-c829c8f3e2414108
osm:node:12434838561,Coffee QG,Hà Nội,cafe,insufficient_service_evidence,0,https://www.openstreetmap.org/node/12434838561,v2-c829c8f3e2414108
osm:node:12447043443,Đình Làng Thanh Trì,Hà Nội,temple,insufficient_service_evidence,0,https://www.openstreetmap.org/node/12447043443,v2-c829c8f3e2414108
osm:node:12458510813,Công viên Long Biên,Hà Nội,historic,insufficient_service_evidence,0,https://www.openstreetmap.org/node/12458510813,v2-c829c8f3e2414108
osm:node:12460426420,San Coffee,Hà Nội,cafe,insufficient_service_evidence,0,https://www.openstreetmap.org/node/12460426420,v2-c829c8f3e2414108
osm:node:12463420847,SoftWater Restaurant,Hà Nội,restaurant,insufficient_service_evidence,0,https://www.openstreetmap.org/node/12463420847,v2-c829c8f3e2414108
osm:node:12466871301,Minh Hien Vegetarian Restaurant,Đà Nẵng,restaurant,insufficient_service_evidence,0,https://www.openstreetmap.org/node/12466871301,v2-c829c8f3e2414108
osm:node:12468906501,Masa Taqueria - Nhà hàng Masa,Đà Nẵng,restaurant,insufficient_service_evidence,0,https://www.openstreetmap.org/node/12468906501,v2-c829c8f3e2414108
osm:node:12473089401,Bami - Plant Based Vegan,Đà Nẵng,restaurant,insufficient_service_evidence,0,https://www.openstreetmap.org/node/12473089401,v2-c829c8f3e2414108
osm:node:12473783268,Công viên Long Biên,Hà Nội,historic,insufficient_service_evidence,0,https://www.openstreetmap.org/node/12473783268,v2-c829c8f3e2414108
osm:node:12491797196,Pho Xua Riverside,Đà Nẵng,restaurant,insufficient_service_evidence,0,https://www.openstreetmap.org/node/12491797196,v2-c829c8f3e2414108
osm:node:12492157862,Hươu cao cổ,Hà Nội,attraction,insufficient_service_evidence,0,https://www.openstreetmap.org/node/12492157862,v2-c829c8f3e2414108
osm:node:12492265364,Khỉ vàng,Hà Nội,attraction,insufficient_service_evidence,0,https://www.openstreetmap.org/node/12492265364,v2-c829c8f3e2414108
osm:node:12492265365,Khỉ đuôi lợn,Hà Nội,attraction,insufficient_service_evidence,0,https://www.openstreetmap.org/node/12492265365,v2-c829c8f3e2414108
osm:node:12492265366,Khỉ vàng,Hà Nội,attraction,insufficient_service_evidence,0,https://www.openstreetmap.org/node/12492265366,v2-c829c8f3e2414108
osm:node:12492282606,Vẹt Nam Mỹ,Hà Nội,attraction,insufficient_service_evidence,0,https://www.openstreetmap.org/node/12492282606,v2-c829c8f3e2414108
osm:node:12492282607,Cá sấu,Hà Nội,attraction,insufficient_service_evidence,0,https://www.openstreetmap.org/node/12492282607,v2-c829c8f3e2414108
osm:node:12492282609,Quạ đen,Hà Nội,attraction,insufficient_service_evidence,0,https://www.openstreetmap.org/node/12492282609,v2-c829c8f3e2414108
osm:node:12492282610,Ngỗng,Hà Nội,attraction,insufficient_service_evidence,0,https://www.openstreetmap.org/node/12492282610,v2-c829c8f3e2414108
osm:node:12492282611,Đà điểu,Hà Nội,attraction,insufficient_service_evidence,0,https://www.openstreetmap.org/node/12492282611,v2-c829c8f3e2414108
osm:node:12492282612,Sáo,Hà Nội,attraction,weak_or_generic_name|insufficient_service_evidence,0,https://www.openstreetmap.org/node/12492282612,v2-c829c8f3e2414108
osm:node:12492282614,Bồ câu,Hà Nội,attraction,insufficient_service_evidence,0,https://www.openstreetmap.org/node/12492282614,v2-c829c8f3e2414108
osm:node:12492282615,Cu li nhỏ,Hà Nội,attraction,insufficient_service_evidence,0,https://www.openstreetmap.org/node/12492282615,v2-c829c8f3e2414108
osm:node:12492282616,Yểng,Hà Nội,attraction,insufficient_service_evidence,0,https://www.openstreetmap.org/node/12492282616,v2-c829c8f3e2414108
osm:node:12492282617,Khu chim họ Trĩ,Hà Nội,attraction,insufficient_service_evidence,0,https://www.openstreetmap.org/node/12492282617,v2-c829c8f3e2414108
osm:node:12492282618,Công,Hà Nội,attraction,insufficient_service_evidence,0,https://www.openstreetmap.org/node/12492282618,v2-c829c8f3e2414108
osm:node:12492282619,Công Việt Nam,Hà Nội,attraction,insufficient_service_evidence,0,https://www.openstreetmap.org/node/12492282619,v2-c829c8f3e2414108
osm:node:12492282620,Cu ngói,Hà Nội,attraction,insufficient_service_evidence,0,https://www.openstreetmap.org/node/12492282620,v2-c829c8f3e2414108
osm:node:12492282621,Gà rừng tai trắng,Hà Nội,attraction,insufficient_service_evidence,0,https://www.openstreetmap.org/node/12492282621,v2-c829c8f3e2414108
osm:node:12492282622,Gà lôi vằn,Hà Nội,attraction,insufficient_service_evidence,0,https://www.openstreetmap.org/node/12492282622,v2-c829c8f3e2414108
osm:node:12492282623,Gà rừng tai đỏ,Hà Nội,attraction,insufficient_service_evidence,0,https://www.openstreetmap.org/node/12492282623,v2-c829c8f3e2414108
osm:node:12492312457,Nai,Hà Nội,attraction,weak_or_generic_name|insufficient_service_evidence,0,https://www.openstreetmap.org/node/12492312457,v2-c829c8f3e2414108
osm:node:12492312458,Vượn cáo đuôi vòng,Hà Nội,attraction,insufficient_service_evidence,0,https://www.openstreetmap.org/node/12492312458,v2-c829c8f3e2414108
osm:node:12492312459,Nhím đuôi ngắn,Hà Nội,attraction,insufficient_service_evidence,0,https://www.openstreetmap.org/node/12492312459,v2-c829c8f3e2414108
osm:node:12492312460,Khỉ mặt đỏ,Hà Nội,attraction,insufficient_service_evidence,0,https://www.openstreetmap.org/node/12492312460,v2-c829c8f3e2414108
osm:node:12492312461,Cầy mực,Hà Nội,attraction,insufficient_service_evidence,0,https://www.openstreetmap.org/node/12492312461,v2-c829c8f3e2414108
osm:node:12492312462,Báo lửa,Hà Nội,attraction,insufficient_service_evidence,0,https://www.openstreetmap.org/node/12492312462,v2-c829c8f3e2414108
osm:node:12492312463,Cầy hương,Hà Nội,attraction,insufficient_service_evidence,0,https://www.openstreetmap.org/node/12492312463,v2-c829c8f3e2414108
osm:node:12492312464,Vượn đen má trắng,Hà Nội,attraction,insufficient_service_evidence,0,https://www.openstreetmap.org/node/12492312464,v2-c829c8f3e2414108
osm:node:12492312473,Nai,Hà Nội,attraction,weak_or_generic_name|insufficient_service_evidence,0,https://www.openstreetmap.org/node/12492312473,v2-c829c8f3e2414108
osm:node:12492312475,Ngựa vằn,Hà Nội,attraction,insufficient_service_evidence,0,https://www.openstreetmap.org/node/12492312475,v2-c829c8f3e2414108
osm:node:12492312476,Ngựa,Hà Nội,attraction,insufficient_service_evidence,0,https://www.openstreetmap.org/node/12492312476,v2-c829c8f3e2414108
osm:node:12492312480,Voi,Hà Nội,attraction,weak_or_generic_name|insufficient_service_evidence,0,https://www.openstreetmap.org/node/12492312480,v2-c829c8f3e2414108
osm:node:12492312481,Hà mã,Hà Nội,attraction,insufficient_service_evidence,0,https://www.openstreetmap.org/node/12492312481,v2-c829c8f3e2414108
osm:node:12492312482,Hổ,Hà Nội,attraction,weak_or_generic_name|insufficient_service_evidence,0,https://www.openstreetmap.org/node/12492312482,v2-c829c8f3e2414108
osm:node:12495717721,Xưởng Cafe Hoàng Cầu,Hà Nội,cafe,insufficient_service_evidence,0,https://www.openstreetmap.org/node/12495717721,v2-c829c8f3e2414108
osm:node:12495759251,Canteen,Hà Nội,restaurant,insufficient_service_evidence,0,https://www.openstreetmap.org/node/12495759251,v2-c829c8f3e2414108
osm:node:12529008404,190.Bami,Hà Nội,restaurant,insufficient_service_evidence,0,https://www.openstreetmap.org/node/12529008404,v2-c829c8f3e2414108
osm:node:12533367105,aha Cafe,Hà Nội,cafe,insufficient_service_evidence,0,https://www.openstreetmap.org/node/12533367105,v2-c829c8f3e2414108
osm:node:12533527901,145 cafe,Đà Nẵng,cafe,insufficient_service_evidence,0,https://www.openstreetmap.org/node/12533527901,v2-c829c8f3e2414108
osm:node:12538510201,Hà Nội phố coffee,Hà Nội,cafe,insufficient_service_evidence,0,https://www.openstreetmap.org/node/12538510201,v2-c829c8f3e2414108
osm:node:12538794303,Two Tigers Noodles and Bar,Hà Nội,cafe,insufficient_service_evidence,0,https://www.openstreetmap.org/node/12538794303,v2-c829c8f3e2414108
osm:node:12538794702,Bamboo Fast Food,Hà Nội,restaurant,insufficient_service_evidence,0,https://www.openstreetmap.org/node/12538794702,v2-c829c8f3e2414108
osm:node:12539089098,Thai Dat,Hà Nội,restaurant,insufficient_service_evidence,0,https://www.openstreetmap.org/node/12539089098,v2-c829c8f3e2414108
osm:node:12540668406,Báhn Mì & Café,Hà Nội,cafe,insufficient_service_evidence,0,https://www.openstreetmap.org/node/12540668406,v2-c829c8f3e2414108
osm:node:12540668501,Phó Viêt,Hà Nội,cafe,insufficient_service_evidence,0,https://www.openstreetmap.org/node/12540668501,v2-c829c8f3e2414108
osm:node:12540668601,Phó Hà Nôi,Hà Nội,cafe,insufficient_service_evidence,0,https://www.openstreetmap.org/node/12540668601,v2-c829c8f3e2414108
osm:node:12540668604,Popeyes,Hà Nội,restaurant,insufficient_service_evidence,0,https://www.openstreetmap.org/node/12540668604,v2-c829c8f3e2414108
osm:node:12540668701,Hanoi Delicious Foods,Hà Nội,cafe,insufficient_service_evidence,0,https://www.openstreetmap.org/node/12540668701,v2-c829c8f3e2414108
osm:node:12540668703,Burger King,Hà Nội,restaurant,insufficient_service_evidence,0,https://www.openstreetmap.org/node/12540668703,v2-c829c8f3e2414108
osm:node:12540668712,Big Bowl,Hà Nội,cafe,insufficient_service_evidence,0,https://www.openstreetmap.org/node/12540668712,v2-c829c8f3e2414108
osm:node:12540669103,Sky Cafe & Fast Food,Hà Nội,cafe,insufficient_service_evidence,0,https://www.openstreetmap.org/node/12540669103,v2-c829c8f3e2414108
osm:node:12549262760,Highlands Coffee,Hà Nội,cafe,insufficient_service_evidence,0,https://www.openstreetmap.org/node/12549262760,v2-c829c8f3e2414108
osm:node:12555926213,Quan Gocda,Hà Nội,restaurant,insufficient_service_evidence,0,https://www.openstreetmap.org/node/12555926213,v2-c829c8f3e2414108
osm:node:12555926214,Propaganda,Hà Nội,gallery,insufficient_service_evidence,0,https://www.openstreetmap.org/node/12555926214,v2-c829c8f3e2414108
osm:node:12564327261,B3 BT05,Hà Nội,temple,insufficient_service_evidence,0,https://www.openstreetmap.org/node/12564327261,v2-c829c8f3e2414108
osm:node:12587465201,Pho Thu,Đà Nẵng,restaurant,insufficient_service_evidence,0,https://www.openstreetmap.org/node/12587465201,v2-c829c8f3e2414108
osm:node:12589868465,Ding Tea,Hà Nội,cafe,insufficient_service_evidence,0,https://www.openstreetmap.org/node/12589868465,v2-c829c8f3e2414108
osm:node:12589868466,Texas Chicken,Hà Nội,restaurant,insufficient_service_evidence,0,https://www.openstreetmap.org/node/12589868466,v2-c829c8f3e2414108
osm:node:12589868467,Kuma Pizza,Hà Nội,restaurant,insufficient_service_evidence,0,https://www.openstreetmap.org/node/12589868467,v2-c829c8f3e2414108
osm:node:12589868468,Mr. Dakgalbi,Hà Nội,restaurant,insufficient_service_evidence,0,https://www.openstreetmap.org/node/12589868468,v2-c829c8f3e2414108
osm:node:12592577201,Bo Ne,Đà Nẵng,cafe,insufficient_service_evidence,0,https://www.openstreetmap.org/node/12592577201,v2-c829c8f3e2414108
osm:node:12600686584,Phinn Cafe,Đà Nẵng,cafe,insufficient_service_evidence,0,https://www.openstreetmap.org/node/12600686584,v2-c829c8f3e2414108
osm:node:12600764839,Cơm tấm Bà Lang,Đà Nẵng,restaurant,insufficient_service_evidence,0,https://www.openstreetmap.org/node/12600764839,v2-c829c8f3e2414108
osm:node:12603294638,Mia Coffee Roastery,Đà Nẵng,cafe,insufficient_service_evidence,0,https://www.openstreetmap.org/node/12603294638,v2-c829c8f3e2414108
osm:node:12603314868,Bánh Bèo Nóng,Đà Nẵng,restaurant,insufficient_service_evidence,0,https://www.openstreetmap.org/node/12603314868,v2-c829c8f3e2414108
osm:node:12603319867,Nhà thờ Thanh Bình,Đà Nẵng,temple,insufficient_service_evidence,0,https://www.openstreetmap.org/node/12603319867,v2-c829c8f3e2414108
osm:node:12603332725,Soncha Roastery,Đà Nẵng,cafe,insufficient_service_evidence,0,https://www.openstreetmap.org/node/12603332725,v2-c829c8f3e2414108
osm:node:12603545131,Quán Kem Xôi,Hà Nội,restaurant,insufficient_service_evidence,0,https://www.openstreetmap.org/node/12603545131,v2-c829c8f3e2414108
osm:node:12603960658,Sinh Tố Chè Thái A.Bé,Đà Nẵng,restaurant,insufficient_service_evidence,0,https://www.openstreetmap.org/node/12603960658,v2-c829c8f3e2414108
osm:node:12603966960,Bún thịt nướng,Đà Nẵng,restaurant,insufficient_service_evidence,0,https://www.openstreetmap.org/node/12603966960,v2-c829c8f3e2414108
osm:node:12606953537,Quán Nhân,Đà Nẵng,restaurant,insufficient_service_evidence,0,https://www.openstreetmap.org/node/12606953537,v2-c829c8f3e2414108
osm:node:12608970059,Slow Breeze,Đà Nẵng,cafe,insufficient_service_evidence,0,https://www.openstreetmap.org/node/12608970059,v2-c829c8f3e2414108
osm:node:12609103130,Bánh mì Chang Chang,Đà Nẵng,restaurant,insufficient_service_evidence,0,https://www.openstreetmap.org/node/12609103130,v2-c829c8f3e2414108
osm:node:12611808584,V7 Tab,Đà Nẵng,cafe,insufficient_service_evidence,0,https://www.openstreetmap.org/node/12611808584,v2-c829c8f3e2414108
osm:node:12612220044,Bánh cuốn Kim Cúc,Đà Nẵng,restaurant,insufficient_service_evidence,0,https://www.openstreetmap.org/node/12612220044,v2-c829c8f3e2414108
osm:node:12612220045,Quán Đại Lộc,Đà Nẵng,restaurant,insufficient_service_evidence,0,https://www.openstreetmap.org/node/12612220045,v2-c829c8f3e2414108
osm:node:12612220933,Quán Hồng Nguyệt,Đà Nẵng,restaurant,insufficient_service_evidence,0,https://www.openstreetmap.org/node/12612220933,v2-c829c8f3e2414108
osm:node:12615288667,Bánh Tráng Cô Tý,Đà Nẵng,restaurant,insufficient_service_evidence,0,https://www.openstreetmap.org/node/12615288667,v2-c829c8f3e2414108
osm:node:12615300356,2AM Coffee,Đà Nẵng,cafe,insufficient_service_evidence,0,https://www.openstreetmap.org/node/12615300356,v2-c829c8f3e2414108
osm:node:12615301813,Quán Nga 2,Đà Nẵng,restaurant,insufficient_service_evidence,0,https://www.openstreetmap.org/node/12615301813,v2-c829c8f3e2414108
osm:node:12615312425,Quán 99,Đà Nẵng,restaurant,insufficient_service_evidence,0,https://www.openstreetmap.org/node/12615312425,v2-c829c8f3e2414108
osm:node:12615314159,Bảng Giá,Đà Nẵng,restaurant,insufficient_service_evidence,0,https://www.openstreetmap.org/node/12615314159,v2-c829c8f3e2414108
osm:node:12615586301,Tie Tag coffeeshop,Đà Nẵng,cafe,insufficient_service_evidence,0,https://www.openstreetmap.org/node/12615586301,v2-c829c8f3e2414108
osm:node:12618428066,Bánh Tráng Dì Em,Đà Nẵng,restaurant,insufficient_service_evidence,0,https://www.openstreetmap.org/node/12618428066,v2-c829c8f3e2414108
osm:node:12622064034,Marble Mountains Museum,Đà Nẵng,museum,insufficient_service_evidence,0,https://www.openstreetmap.org/node/12622064034,v2-c829c8f3e2414108
osm:node:12622667701,Pho Long Hoi,Đà Nẵng,restaurant,insufficient_service_evidence,0,https://www.openstreetmap.org/node/12622667701,v2-c829c8f3e2414108
osm:node:12627864901,Everyday Vegan,Đà Nẵng,restaurant,insufficient_service_evidence,0,https://www.openstreetmap.org/node/12627864901,v2-c829c8f3e2414108
osm:node:12628082301,Quan Com Truong Tho 25k,Đà Nẵng,cafe,insufficient_service_evidence,0,https://www.openstreetmap.org/node/12628082301,v2-c829c8f3e2414108
osm:node:12635232901,Phuc An Quan Chay,Đà Nẵng,restaurant,insufficient_service_evidence,0,https://www.openstreetmap.org/node/12635232901,v2-c829c8f3e2414108
osm:node:12635232902,Thanh That Hoi An,Đà Nẵng,temple,insufficient_service_evidence,0,https://www.openstreetmap.org/node/12635232902,v2-c829c8f3e2414108
osm:node:12635894201,Moc Garden,Đà Nẵng,restaurant,insufficient_service_evidence,0,https://www.openstreetmap.org/node/12635894201,v2-c829c8f3e2414108
osm:node:12635894501,Dac San Hoi An,Đà Nẵng,restaurant,insufficient_service_evidence,0,https://www.openstreetmap.org/node/12635894501,v2-c829c8f3e2414108
osm:node:12638763579,Nhà hàng Thu Hằng 2,Hà Nội,restaurant,insufficient_service_evidence,0,https://www.openstreetmap.org/node/12638763579,v2-c829c8f3e2414108
osm:node:12639849340,Kem Caramen Dương Hoa,Hà Nội,restaurant,insufficient_service_evidence,0,https://www.openstreetmap.org/node/12639849340,v2-c829c8f3e2414108
osm:node:12639862094,Aramour Coffee,Hà Nội,cafe,insufficient_service_evidence,0,https://www.openstreetmap.org/node/12639862094,v2-c829c8f3e2414108
osm:node:12639898403,Fuku Coffee,Hà Nội,cafe,insufficient_service_evidence,0,https://www.openstreetmap.org/node/12639898403,v2-c829c8f3e2414108
osm:node:12640249102,Com Ty chicken rice,Đà Nẵng,restaurant,insufficient_service_evidence,0,https://www.openstreetmap.org/node/12640249102,v2-c829c8f3e2414108
osm:node:12640254001,Cyclo  Cafe,Đà Nẵng,cafe,insufficient_service_evidence,0,https://www.openstreetmap.org/node/12640254001,v2-c829c8f3e2414108
osm:node:12640258901,Com Ga Ba Van,Đà Nẵng,restaurant,insufficient_service_evidence,0,https://www.openstreetmap.org/node/12640258901,v2-c829c8f3e2414108
osm:node:12641992401,Tron Hoi An Hidden coffee shop,Đà Nẵng,cafe,insufficient_service_evidence,0,https://www.openstreetmap.org/node/12641992401,v2-c829c8f3e2414108
osm:node:12641992501,Lotteria,Đà Nẵng,restaurant,insufficient_service_evidence,0,https://www.openstreetmap.org/node/12641992501,v2-c829c8f3e2414108
osm:node:12644660556,Bún riêu Cô Hoàn,Hà Nội,restaurant,insufficient_service_evidence,0,https://www.openstreetmap.org/node/12644660556,v2-c829c8f3e2414108
osm:node:12644690080,Bánh Tráng Bé My,Hà Nội,restaurant,insufficient_service_evidence,0,https://www.openstreetmap.org/node/12644690080,v2-c829c8f3e2414108
osm:node:12644690081,Chè Nhà Suvy,Hà Nội,restaurant,insufficient_service_evidence,0,https://www.openstreetmap.org/node/12644690081,v2-c829c8f3e2414108
osm:node:12644694250,rand,Hà Nội,cafe,insufficient_service_evidence,0,https://www.openstreetmap.org/node/12644694250,v2-c829c8f3e2414108
osm:node:12644694251,TOKA COFFEE,Hà Nội,cafe,insufficient_service_evidence,0,https://www.openstreetmap.org/node/12644694251,v2-c829c8f3e2414108
osm:node:12645462057,Nem nướng Nha Trang,Hà Nội,restaurant,insufficient_service_evidence,0,https://www.openstreetmap.org/node/12645462057,v2-c829c8f3e2414108
osm:node:12645509921,Bún cá rô đồng Hải Dương,Hà Nội,restaurant,insufficient_service_evidence,0,https://www.openstreetmap.org/node/12645509921,v2-c829c8f3e2414108
osm:node:12645513347,Ka Coffee,Hà Nội,cafe,insufficient_service_evidence,0,https://www.openstreetmap.org/node/12645513347,v2-c829c8f3e2414108
osm:node:12645523372,Cơm tấm Út Thắng,Hà Nội,restaurant,insufficient_service_evidence,0,https://www.openstreetmap.org/node/12645523372,v2-c829c8f3e2414108
osm:node:12645523678,Lim Donuts,Hà Nội,restaurant,insufficient_service_evidence,0,https://www.openstreetmap.org/node/12645523678,v2-c829c8f3e2414108
osm:node:12645524101,Lam Café,Hà Nội,cafe,insufficient_service_evidence,0,https://www.openstreetmap.org/node/12645524101,v2-c829c8f3e2414108
osm:node:12646622201,Mau Dich 37,Hà Nội,restaurant,insufficient_service_evidence,0,https://www.openstreetmap.org/node/12646622201,v2-c829c8f3e2414108
osm:node:12646627101,Sawasdee Quan Ngon Thai,Hà Nội,restaurant,insufficient_service_evidence,0,https://www.openstreetmap.org/node/12646627101,v2-c829c8f3e2414108
osm:node:12647009501,Com Ship Tam Noi 30k,Đà Nẵng,restaurant,insufficient_service_evidence,0,https://www.openstreetmap.org/node/12647009501,v2-c829c8f3e2414108
osm:node:12649549801,Chay Au Lac vegetarian,Đà Nẵng,restaurant,insufficient_service_evidence,0,https://www.openstreetmap.org/node/12649549801,v2-c829c8f3e2414108
osm:node:12649550201,Lotteria,Đà Nẵng,restaurant,insufficient_service_evidence,0,https://www.openstreetmap.org/node/12649550201,v2-c829c8f3e2414108
osm:node:12651048262,Simple Kafé,Hà Nội,cafe,insufficient_service_evidence,0,https://www.openstreetmap.org/node/12651048262,v2-c829c8f3e2414108
osm:node:12651070191,Adrenaline,Hà Nội,cafe,insufficient_service_evidence,0,https://www.openstreetmap.org/node/12651070191,v2-c829c8f3e2414108
osm:node:12651094220,Bún chả 29,Hà Nội,restaurant,insufficient_service_evidence,0,https://www.openstreetmap.org/node/12651094220,v2-c829c8f3e2414108
osm:node:12651100308,Ăn Vặt Mẹ Sữa,Hà Nội,restaurant,insufficient_service_evidence,0,https://www.openstreetmap.org/node/12651100308,v2-c829c8f3e2414108
osm:node:12651108933,Clover Coffee & Tea,Hà Nội,cafe,insufficient_service_evidence,0,https://www.openstreetmap.org/node/12651108933,v2-c829c8f3e2414108
osm:node:12651116208,Hub de Tana,Hà Nội,cafe,insufficient_service_evidence,0,https://www.openstreetmap.org/node/12651116208,v2-c829c8f3e2414108
osm:node:12651694601,Cafeholic,Đà Nẵng,cafe,insufficient_service_evidence,0,https://www.openstreetmap.org/node/12651694601,v2-c829c8f3e2414108
osm:node:12651858498,Tokyo Tantan Ramen,Hà Nội,restaurant,insufficient_service_evidence,0,https://www.openstreetmap.org/node/12651858498,v2-c829c8f3e2414108
osm:node:12651916755,Galbi Roman,Hà Nội,cafe,insufficient_service_evidence,0,https://www.openstreetmap.org/node/12651916755,v2-c829c8f3e2414108
osm:node:12654222689,바보아저씨,Hà Nội,restaurant,weak_or_generic_name|insufficient_service_evidence,0,https://www.openstreetmap.org/node/12654222689,v2-c829c8f3e2414108
osm:node:12654225081,Weekend Cafe,Hà Nội,cafe,insufficient_service_evidence,0,https://www.openstreetmap.org/node/12654225081,v2-c829c8f3e2414108
osm:node:12654261909,Ngan Yến,Hà Nội,restaurant,insufficient_service_evidence,0,https://www.openstreetmap.org/node/12654261909,v2-c829c8f3e2414108
osm:node:12654299492,Bánh cuốn Hồ Tây,Hà Nội,restaurant,insufficient_service_evidence,0,https://www.openstreetmap.org/node/12654299492,v2-c829c8f3e2414108
osm:node:12655225301,Angel Coffee,Đà Nẵng,cafe,insufficient_service_evidence,0,https://www.openstreetmap.org/node/12655225301,v2-c829c8f3e2414108
osm:node:12657776443,Bún chả que tre,Hà Nội,restaurant,insufficient_service_evidence,0,https://www.openstreetmap.org/node/12657776443,v2-c829c8f3e2414108
osm:node:12658827301,Bia Bat Dan,Đà Nẵng,restaurant,insufficient_service_evidence,0,https://www.openstreetmap.org/node/12658827301,v2-c829c8f3e2414108
osm:node:12659337379,Hương bánh xèo,Hà Nội,restaurant,insufficient_service_evidence,0,https://www.openstreetmap.org/node/12659337379,v2-c829c8f3e2414108
osm:node:12659367887,Bún Đậu Mẹt Tuấn Trọc,Hà Nội,restaurant,insufficient_service_evidence,0,https://www.openstreetmap.org/node/12659367887,v2-c829c8f3e2414108
osm:node:12669561801,Steers to the Sky,Hà Nội,attraction,insufficient_service_evidence,0,https://www.openstreetmap.org/node/12669561801,v2-c829c8f3e2414108
osm:node:12669568802,Kid's House on the tree,Hà Nội,attraction,insufficient_service_evidence,0,https://www.openstreetmap.org/node/12669568802,v2-c829c8f3e2414108
osm:node:12669656001,Thơi Garden,Hà Nội,cafe,insufficient_service_evidence,0,https://www.openstreetmap.org/node/12669656001,v2-c829c8f3e2414108
osm:node:12669955901,Sculpture Park,Hà Nội,gallery,insufficient_service_evidence,0,https://www.openstreetmap.org/node/12669955901,v2-c829c8f3e2414108
osm:node:12672794729,Coffee apple,Hà Nội,cafe,insufficient_service_evidence,0,https://www.openstreetmap.org/node/12672794729,v2-c829c8f3e2414108
osm:node:12679316801,Cang Tin Minh Nu,Hà Nội,cafe,insufficient_service_evidence,0,https://www.openstreetmap.org/node/12679316801,v2-c829c8f3e2414108
osm:node:12683994801,Bao Minh,Hà Nội,cafe,insufficient_service_evidence,0,https://www.openstreetmap.org/node/12683994801,v2-c829c8f3e2414108
osm:node:12686191701,Кофейня норм,Đà Nẵng,cafe,weak_or_generic_name|insufficient_service_evidence,0,https://www.openstreetmap.org/node/12686191701,v2-c829c8f3e2414108
osm:node:12686254101,Com Phu Quynh,Hà Nội,restaurant,insufficient_service_evidence,0,https://www.openstreetmap.org/node/12686254101,v2-c829c8f3e2414108
osm:node:12690384420,kho 02,Hà Nội,park,insufficient_service_evidence,0,https://www.openstreetmap.org/node/12690384420,v2-c829c8f3e2414108
osm:node:12701646101,Son Tra view,Đà Nẵng,viewpoint,insufficient_service_evidence,0,https://www.openstreetmap.org/node/12701646101,v2-c829c8f3e2414108
osm:node:12701675501,Small waterfall,Đà Nẵng,viewpoint,insufficient_service_evidence,0,https://www.openstreetmap.org/node/12701675501,v2-c829c8f3e2414108
osm:node:12701797001,Quan Chay Bo De,Đà Nẵng,cafe,insufficient_service_evidence,0,https://www.openstreetmap.org/node/12701797001,v2-c829c8f3e2414108
osm:node:12702192801,Chùa Quán Thé Âm,Đà Nẵng,temple,insufficient_service_evidence,0,https://www.openstreetmap.org/node/12702192801,v2-c829c8f3e2414108
osm:node:12702609501,Kmay,Đà Nẵng,cafe,insufficient_service_evidence,0,https://www.openstreetmap.org/node/12702609501,v2-c829c8f3e2414108
osm:node:12704133001,Di tích Miéu Son Tinh,Đà Nẵng,temple,insufficient_service_evidence,0,https://www.openstreetmap.org/node/12704133001,v2-c829c8f3e2414108
osm:node:12704382801,Quan Chay,Đà Nẵng,restaurant,insufficient_service_evidence,0,https://www.openstreetmap.org/node/12704382801,v2-c829c8f3e2414108
osm:node:12706601016,Local Buffet,Hà Nội,restaurant,insufficient_service_evidence,0,https://www.openstreetmap.org/node/12706601016,v2-c829c8f3e2414108
osm:node:12723387900,Đền Sơn Hải,Hà Nội,temple,insufficient_service_evidence,0,https://www.openstreetmap.org/node/12723387900,v2-c829c8f3e2414108
osm:node:12769662336,Chợ Phú Diễn,Hà Nội,market,insufficient_service_evidence,0,https://www.openstreetmap.org/node/12769662336,v2-c829c8f3e2414108
osm:node:12769681330,Chợ Canh,Hà Nội,market,insufficient_service_evidence,0,https://www.openstreetmap.org/node/12769681330,v2-c829c8f3e2414108
osm:node:12770598086,Tapies,Hà Nội,cafe,insufficient_service_evidence,0,https://www.openstreetmap.org/node/12770598086,v2-c829c8f3e2414108
osm:node:12791001622,PlantLab,Đà Nẵng,restaurant,insufficient_service_evidence,0,https://www.openstreetmap.org/node/12791001622,v2-c829c8f3e2414108
osm:node:1279138536,Cà Phê Newlife,Hà Nội,cafe,insufficient_service_evidence,0,https://www.openstreetmap.org/node/1279138536,v2-c829c8f3e2414108
osm:node:12793459694,Nhà Hàng Bia Tươi Thanh Hoàng,Hà Nội,restaurant,insufficient_service_evidence,0,https://www.openstreetmap.org/node/12793459694,v2-c829c8f3e2414108
osm:node:1280194195,Cà Phê 4 Seasons,Hà Nội,cafe,insufficient_service_evidence,0,https://www.openstreetmap.org/node/1280194195,v2-c829c8f3e2414108
osm:node:12804215601,Umi Izakaya,Đà Nẵng,restaurant,insufficient_service_evidence,0,https://www.openstreetmap.org/node/12804215601,v2-c829c8f3e2414108
osm:node:12814048286,My Phuc,Đà Nẵng,restaurant,insufficient_service_evidence,0,https://www.openstreetmap.org/node/12814048286,v2-c829c8f3e2414108
osm:node:12815906301,Am coffee,Đà Nẵng,cafe,insufficient_service_evidence,0,https://www.openstreetmap.org/node/12815906301,v2-c829c8f3e2414108
osm:node:12815918402,Golden coffee,Đà Nẵng,cafe,insufficient_service_evidence,0,https://www.openstreetmap.org/node/12815918402,v2-c829c8f3e2414108
osm:node:12815918601,Pho hoa,Đà Nẵng,restaurant,insufficient_service_evidence,0,https://www.openstreetmap.org/node/12815918601,v2-c829c8f3e2414108
osm:node:12815941401,7 wonders,Đà Nẵng,attraction,insufficient_service_evidence,0,https://www.openstreetmap.org/node/12815941401,v2-c829c8f3e2414108
osm:node:12821562701,MẸT Vietnamese restaurant & Vegetarian Food Met 8,Hà Nội,restaurant,insufficient_service_evidence,0,https://www.openstreetmap.org/node/12821562701,v2-c829c8f3e2414108
osm:node:12823270593,Lotteria,Hà Nội,restaurant,insufficient_service_evidence,0,https://www.openstreetmap.org/node/12823270593,v2-c829c8f3e2414108
osm:node:12828171056,Dong Phuong,Đà Nẵng,restaurant,insufficient_service_evidence,0,https://www.openstreetmap.org/node/12828171056,v2-c829c8f3e2414108
osm:node:12828171064,Maharaja,Đà Nẵng,restaurant,insufficient_service_evidence,0,https://www.openstreetmap.org/node/12828171064,v2-c829c8f3e2414108
osm:node:12828541766,Starbucks,Hà Nội,cafe,insufficient_service_evidence,0,https://www.openstreetmap.org/node/12828541766,v2-c829c8f3e2414108
osm:node:12830376535,Tom82,Đà Nẵng,restaurant,insufficient_service_evidence,0,https://www.openstreetmap.org/node/12830376535,v2-c829c8f3e2414108
osm:node:12830376536,Phu Sa,Đà Nẵng,restaurant,insufficient_service_evidence,0,https://www.openstreetmap.org/node/12830376536,v2-c829c8f3e2414108
osm:node:12830575016,Bottegas,Đà Nẵng,restaurant,insufficient_service_evidence,0,https://www.openstreetmap.org/node/12830575016,v2-c829c8f3e2414108
osm:node:12830575037,Pizza Lo,Đà Nẵng,restaurant,insufficient_service_evidence,0,https://www.openstreetmap.org/node/12830575037,v2-c829c8f3e2414108
osm:node:12830575038,Korea BBQ,Đà Nẵng,restaurant,insufficient_service_evidence,0,https://www.openstreetmap.org/node/12830575038,v2-c829c8f3e2414108
osm:node:12833350533,Zozo Seafood,Đà Nẵng,restaurant,insufficient_service_evidence,0,https://www.openstreetmap.org/node/12833350533,v2-c829c8f3e2414108
osm:node:12833350534,Them Hai San,Đà Nẵng,restaurant,insufficient_service_evidence,0,https://www.openstreetmap.org/node/12833350534,v2-c829c8f3e2414108
osm:node:12833350535,Hải Sản Ốc 68,Đà Nẵng,restaurant,insufficient_service_evidence,0,https://www.openstreetmap.org/node/12833350535,v2-c829c8f3e2414108
osm:node:12836656104,Butcher Steak,Đà Nẵng,restaurant,insufficient_service_evidence,0,https://www.openstreetmap.org/node/12836656104,v2-c829c8f3e2414108
osm:node:12836656107,Gyu Sachi,Đà Nẵng,restaurant,insufficient_service_evidence,0,https://www.openstreetmap.org/node/12836656107,v2-c829c8f3e2414108
osm:node:12836656108,Phin,Đà Nẵng,cafe,insufficient_service_evidence,0,https://www.openstreetmap.org/node/12836656108,v2-c829c8f3e2414108
osm:node:12836656109,Il Stand,Đà Nẵng,cafe,insufficient_service_evidence,0,https://www.openstreetmap.org/node/12836656109,v2-c829c8f3e2414108
osm:node:12836783201,188 Hoa Vang,Đà Nẵng,restaurant,insufficient_service_evidence,0,https://www.openstreetmap.org/node/12836783201,v2-c829c8f3e2414108
osm:node:12837179234,Gao,Đà Nẵng,restaurant,weak_or_generic_name|insufficient_service_evidence,0,https://www.openstreetmap.org/node/12837179234,v2-c829c8f3e2414108
osm:node:12837179237,Noi Dat,Đà Nẵng,restaurant,insufficient_service_evidence,0,https://www.openstreetmap.org/node/12837179237,v2-c829c8f3e2414108
osm:node:12839284943,Katinat,Đà Nẵng,cafe,insufficient_service_evidence,0,https://www.openstreetmap.org/node/12839284943,v2-c829c8f3e2414108
osm:node:12839774218,Danang Noodle Cafe,Đà Nẵng,cafe,insufficient_service_evidence,0,https://www.openstreetmap.org/node/12839774218,v2-c829c8f3e2414108
osm:node:12839791079,Banh Mi,Đà Nẵng,cafe,insufficient_service_evidence,0,https://www.openstreetmap.org/node/12839791079,v2-c829c8f3e2414108
osm:node:12839791081,Chidori Izakaya,Đà Nẵng,restaurant,insufficient_service_evidence,0,https://www.openstreetmap.org/node/12839791081,v2-c829c8f3e2414108
osm:node:12839895643,Ya Xua,Đà Nẵng,restaurant,insufficient_service_evidence,0,https://www.openstreetmap.org/node/12839895643,v2-c829c8f3e2414108
osm:node:12839895651,Uni,Đà Nẵng,cafe,weak_or_generic_name|insufficient_service_evidence,0,https://www.openstreetmap.org/node/12839895651,v2-c829c8f3e2414108
osm:node:12839895657,Du Muc,Đà Nẵng,restaurant,insufficient_service_evidence,0,https://www.openstreetmap.org/node/12839895657,v2-c829c8f3e2414108
osm:node:12839895660,Juice,Đà Nẵng,cafe,insufficient_service_evidence,0,https://www.openstreetmap.org/node/12839895660,v2-c829c8f3e2414108
osm:node:12839895662,Mason De Coffee&SPA,Đà Nẵng,cafe,insufficient_service_evidence,0,https://www.openstreetmap.org/node/12839895662,v2-c829c8f3e2414108
osm:node:12839895663,Gajun Boil,Đà Nẵng,cafe,insufficient_service_evidence,0,https://www.openstreetmap.org/node/12839895663,v2-c829c8f3e2414108
osm:node:12839895664,Good Folk,Đà Nẵng,cafe,insufficient_service_evidence,0,https://www.openstreetmap.org/node/12839895664,v2-c829c8f3e2414108
osm:node:12839895665,Outpost,Đà Nẵng,cafe,insufficient_service_evidence,0,https://www.openstreetmap.org/node/12839895665,v2-c829c8f3e2414108
osm:node:12839924376,Bep Ngon Viet,Đà Nẵng,cafe,insufficient_service_evidence,0,https://www.openstreetmap.org/node/12839924376,v2-c829c8f3e2414108
osm:node:12841001961,Bếp Cuốn,Đà Nẵng,restaurant,insufficient_service_evidence,0,https://www.openstreetmap.org/node/12841001961,v2-c829c8f3e2414108
osm:node:12841001962,Ca Nhay,Đà Nẵng,restaurant,insufficient_service_evidence,0,https://www.openstreetmap.org/node/12841001962,v2-c829c8f3e2414108
osm:node:12841001963,Huong Viet,Đà Nẵng,cafe,insufficient_service_evidence,0,https://www.openstreetmap.org/node/12841001963,v2-c829c8f3e2414108
osm:node:12841078460,Nieu Do,Đà Nẵng,restaurant,insufficient_service_evidence,0,https://www.openstreetmap.org/node/12841078460,v2-c829c8f3e2414108
osm:node:12841078462,Ri7,Đà Nẵng,cafe,weak_or_generic_name|insufficient_service_evidence,0,https://www.openstreetmap.org/node/12841078462,v2-c829c8f3e2414108
osm:node:12841078464,Baek Je,Đà Nẵng,restaurant,insufficient_service_evidence,0,https://www.openstreetmap.org/node/12841078464,v2-c829c8f3e2414108
osm:node:12841142102,Transylvania Nest,Đà Nẵng,restaurant,insufficient_service_evidence,0,https://www.openstreetmap.org/node/12841142102,v2-c829c8f3e2414108
osm:node:12841142108,Garden,Đà Nẵng,cafe,insufficient_service_evidence,0,https://www.openstreetmap.org/node/12841142108,v2-c829c8f3e2414108
osm:node:12841142109,Nha,Đà Nẵng,cafe,weak_or_generic_name|insufficient_service_evidence,0,https://www.openstreetmap.org/node/12841142109,v2-c829c8f3e2414108
osm:node:12841766767,Forest,Đà Nẵng,cafe,insufficient_service_evidence,0,https://www.openstreetmap.org/node/12841766767,v2-c829c8f3e2414108
osm:node:12841766769,Casa Loco,Đà Nẵng,restaurant,insufficient_service_evidence,0,https://www.openstreetmap.org/node/12841766769,v2-c829c8f3e2414108
osm:node:12842150962,Banju,Đà Nẵng,restaurant,insufficient_service_evidence,0,https://www.openstreetmap.org/node/12842150962,v2-c829c8f3e2414108
osm:node:12843891482,Dalky,Đà Nẵng,cafe,insufficient_service_evidence,0,https://www.openstreetmap.org/node/12843891482,v2-c829c8f3e2414108
osm:node:12843891485,Patakka,Đà Nẵng,cafe,insufficient_service_evidence,0,https://www.openstreetmap.org/node/12843891485,v2-c829c8f3e2414108
osm:node:12843891489,Palm Pizza,Đà Nẵng,restaurant,insufficient_service_evidence,0,https://www.openstreetmap.org/node/12843891489,v2-c829c8f3e2414108
osm:node:12843903344,Zeytun,Đà Nẵng,cafe,insufficient_service_evidence,0,https://www.openstreetmap.org/node/12843903344,v2-c829c8f3e2414108
osm:node:12843905562,DNG,Đà Nẵng,cafe,weak_or_generic_name|insufficient_service_evidence,0,https://www.openstreetmap.org/node/12843905562,v2-c829c8f3e2414108
osm:node:12843905563,Bunker,Đà Nẵng,cafe,insufficient_service_evidence,0,https://www.openstreetmap.org/node/12843905563,v2-c829c8f3e2414108
osm:node:12843905565,New York Pizza,Đà Nẵng,restaurant,insufficient_service_evidence,0,https://www.openstreetmap.org/node/12843905565,v2-c829c8f3e2414108
osm:node:12843905568,Kaylin’s,Đà Nẵng,cafe,insufficient_service_evidence,0,https://www.openstreetmap.org/node/12843905568,v2-c829c8f3e2414108
osm:node:12846565758,Pine,Đà Nẵng,cafe,insufficient_service_evidence,0,https://www.openstreetmap.org/node/12846565758,v2-c829c8f3e2414108
osm:node:12846565760,Sun Coffee Bakery,Đà Nẵng,cafe,insufficient_service_evidence,0,https://www.openstreetmap.org/node/12846565760,v2-c829c8f3e2414108
osm:node:12846565763,Danang Moments,Đà Nẵng,restaurant,insufficient_service_evidence,0,https://www.openstreetmap.org/node/12846565763,v2-c829c8f3e2414108
osm:node:12846565771,Dagi,Đà Nẵng,cafe,insufficient_service_evidence,0,https://www.openstreetmap.org/node/12846565771,v2-c829c8f3e2414108
osm:node:12846671301,Ganh,Đà Nẵng,restaurant,insufficient_service_evidence,0,https://www.openstreetmap.org/node/12846671301,v2-c829c8f3e2414108
osm:node:12846671304,Last Hope,Đà Nẵng,cafe,insufficient_service_evidence,0,https://www.openstreetmap.org/node/12846671304,v2-c829c8f3e2414108
osm:node:12846671305,Korean traditional,Đà Nẵng,restaurant,insufficient_service_evidence,0,https://www.openstreetmap.org/node/12846671305,v2-c829c8f3e2414108
osm:node:12846671901,Mr. India,Đà Nẵng,restaurant,insufficient_service_evidence,0,https://www.openstreetmap.org/node/12846671901,v2-c829c8f3e2414108
osm:node:12846672202,Garden by Bottegas,Đà Nẵng,restaurant,insufficient_service_evidence,0,https://www.openstreetmap.org/node/12846672202,v2-c829c8f3e2414108
osm:node:12846741802,Rasoi Indian,Đà Nẵng,restaurant,insufficient_service_evidence,0,https://www.openstreetmap.org/node/12846741802,v2-c829c8f3e2414108
osm:node:12846757401,Gainn,Đà Nẵng,restaurant,insufficient_service_evidence,0,https://www.openstreetmap.org/node/12846757401,v2-c829c8f3e2414108
osm:node:12848643539,Alo Coffee,Đà Nẵng,cafe,insufficient_service_evidence,0,https://www.openstreetmap.org/node/12848643539,v2-c829c8f3e2414108
osm:node:12848643549,Me45 Coffee,Đà Nẵng,cafe,insufficient_service_evidence,0,https://www.openstreetmap.org/node/12848643549,v2-c829c8f3e2414108
osm:node:12848643553,Ngon,Đà Nẵng,cafe,insufficient_service_evidence,0,https://www.openstreetmap.org/node/12848643553,v2-c829c8f3e2414108
osm:node:12848662377,Com Gia Dinh,Đà Nẵng,cafe,insufficient_service_evidence,0,https://www.openstreetmap.org/node/12848662377,v2-c829c8f3e2414108
osm:node:12850617065,Quan 129,Đà Nẵng,restaurant,insufficient_service_evidence,0,https://www.openstreetmap.org/node/12850617065,v2-c829c8f3e2414108
osm:node:12850675077,Laban,Đà Nẵng,cafe,insufficient_service_evidence,0,https://www.openstreetmap.org/node/12850675077,v2-c829c8f3e2414108
osm:node:12850675080,Tourane,Đà Nẵng,cafe,insufficient_service_evidence,0,https://www.openstreetmap.org/node/12850675080,v2-c829c8f3e2414108
osm:node:12850675085,Sakura,Đà Nẵng,cafe,insufficient_service_evidence,0,https://www.openstreetmap.org/node/12850675085,v2-c829c8f3e2414108
osm:node:12850675086,Chan Ga Cho,Đà Nẵng,restaurant,insufficient_service_evidence,0,https://www.openstreetmap.org/node/12850675086,v2-c829c8f3e2414108
osm:node:12850675088,Cucina Luca,Đà Nẵng,cafe,insufficient_service_evidence,0,https://www.openstreetmap.org/node/12850675088,v2-c829c8f3e2414108
osm:node:12853200236,Pure Veg&Vegan,Đà Nẵng,restaurant,insufficient_service_evidence,0,https://www.openstreetmap.org/node/12853200236,v2-c829c8f3e2414108
osm:node:12853200238,Herbal Pizza&Steak,Đà Nẵng,restaurant,insufficient_service_evidence,0,https://www.openstreetmap.org/node/12853200238,v2-c829c8f3e2414108
osm:node:12853200242,Phuong,Đà Nẵng,cafe,insufficient_service_evidence,0,https://www.openstreetmap.org/node/12853200242,v2-c829c8f3e2414108
osm:node:12853339262,Bahn Xeo Cuoi,Đà Nẵng,cafe,insufficient_service_evidence,0,https://www.openstreetmap.org/node/12853339262,v2-c829c8f3e2414108
osm:node:12853339264,Aespa,Đà Nẵng,cafe,insufficient_service_evidence,0,https://www.openstreetmap.org/node/12853339264,v2-c829c8f3e2414108
osm:node:12856967333,Pizza-Sandwich-Burger,Đà Nẵng,restaurant,insufficient_service_evidence,0,https://www.openstreetmap.org/node/12856967333,v2-c829c8f3e2414108
osm:node:12856967335,MeatX,Đà Nẵng,restaurant,insufficient_service_evidence,0,https://www.openstreetmap.org/node/12856967335,v2-c829c8f3e2414108
osm:node:12857894304,Hot Hot,Đà Nẵng,cafe,insufficient_service_evidence,0,https://www.openstreetmap.org/node/12857894304,v2-c829c8f3e2414108
osm:node:12857894311,Korean BBQ,Đà Nẵng,restaurant,insufficient_service_evidence,0,https://www.openstreetmap.org/node/12857894311,v2-c829c8f3e2414108
osm:node:12857894314,Long Beach Seafood,Đà Nẵng,restaurant,insufficient_service_evidence,0,https://www.openstreetmap.org/node/12857894314,v2-c829c8f3e2414108
osm:node:12857894318,Seoul Garden,Đà Nẵng,restaurant,insufficient_service_evidence,0,https://www.openstreetmap.org/node/12857894318,v2-c829c8f3e2414108
osm:node:12857894322,Pallet,Đà Nẵng,cafe,insufficient_service_evidence,0,https://www.openstreetmap.org/node/12857894322,v2-c829c8f3e2414108
osm:node:12857901313,Yellow,Đà Nẵng,cafe,insufficient_service_evidence,0,https://www.openstreetmap.org/node/12857901313,v2-c829c8f3e2414108
osm:node:12857901316,Hop Garden,Đà Nẵng,restaurant,insufficient_service_evidence,0,https://www.openstreetmap.org/node/12857901316,v2-c829c8f3e2414108
osm:node:12860550503,Cơm Thố Anh Nguyễn,Hà Nội,restaurant,insufficient_service_evidence,0,https://www.openstreetmap.org/node/12860550503,v2-c829c8f3e2414108
osm:node:12860550504,Ngọc Thạch Quán,Hà Nội,restaurant,insufficient_service_evidence,0,https://www.openstreetmap.org/node/12860550504,v2-c829c8f3e2414108
osm:node:12860550543,Bún bò Huế O Hường,Hà Nội,restaurant,insufficient_service_evidence,0,https://www.openstreetmap.org/node/12860550543,v2-c829c8f3e2414108
osm:node:12860787925,Tian Patisserie,Đà Nẵng,cafe,insufficient_service_evidence,0,https://www.openstreetmap.org/node/12860787925,v2-c829c8f3e2414108
osm:node:12862167224,Detroit Style Pizza,Đà Nẵng,restaurant,insufficient_service_evidence,0,https://www.openstreetmap.org/node/12862167224,v2-c829c8f3e2414108
osm:node:12862390801,Milk & Honey,Hà Nội,cafe,insufficient_service_evidence,0,https://www.openstreetmap.org/node/12862390801,v2-c829c8f3e2414108
osm:node:12862421502,An Lạc Chay Quán,Hà Nội,restaurant,insufficient_service_evidence,0,https://www.openstreetmap.org/node/12862421502,v2-c829c8f3e2414108
osm:node:12866042121,Nick & The Juice,Đà Nẵng,cafe,insufficient_service_evidence,0,https://www.openstreetmap.org/node/12866042121,v2-c829c8f3e2414108
osm:node:12866042122,Pizza Hut,Đà Nẵng,restaurant,insufficient_service_evidence,0,https://www.openstreetmap.org/node/12866042122,v2-c829c8f3e2414108
osm:node:12866278357,Tian Patisserie,Đà Nẵng,cafe,insufficient_service_evidence,0,https://www.openstreetmap.org/node/12866278357,v2-c829c8f3e2414108
osm:node:12870331347,Yomma Grill,Đà Nẵng,restaurant,insufficient_service_evidence,0,https://www.openstreetmap.org/node/12870331347,v2-c829c8f3e2414108
osm:node:12880304063,Nhà thờ Họ Nghiêm Bá,Hà Nội,temple,insufficient_service_evidence,0,https://www.openstreetmap.org/node/12880304063,v2-c829c8f3e2414108
osm:node:12889153801,Bentley Coffee,Đà Nẵng,cafe,insufficient_service_evidence,0,https://www.openstreetmap.org/node/12889153801,v2-c829c8f3e2414108
osm:node:12889154101,vintea,Đà Nẵng,cafe,insufficient_service_evidence,0,https://www.openstreetmap.org/node/12889154101,v2-c829c8f3e2414108
osm:node:12905689342,Quán Chay Chay Corner,Đà Nẵng,restaurant,insufficient_service_evidence,0,https://www.openstreetmap.org/node/12905689342,v2-c829c8f3e2414108
osm:node:12908986801,Coffee Gánh,Đà Nẵng,cafe,insufficient_service_evidence,0,https://www.openstreetmap.org/node/12908986801,v2-c829c8f3e2414108
osm:node:12909090902,Tuấn Cúc (30k a plate),Đà Nẵng,restaurant,insufficient_service_evidence,0,https://www.openstreetmap.org/node/12909090902,v2-c829c8f3e2414108
osm:node:12909099501,Hoài Thương,Đà Nẵng,restaurant,insufficient_service_evidence,0,https://www.openstreetmap.org/node/12909099501,v2-c829c8f3e2414108
osm:node:12909458932,Sangha Chay,Đà Nẵng,restaurant,insufficient_service_evidence,0,https://www.openstreetmap.org/node/12909458932,v2-c829c8f3e2414108
osm:node:12911938774,Quán Chay Đồng Hạnh,Đà Nẵng,restaurant,insufficient_service_evidence,0,https://www.openstreetmap.org/node/12911938774,v2-c829c8f3e2414108
osm:node:12914092002,Chops,Đà Nẵng,restaurant,insufficient_service_evidence,0,https://www.openstreetmap.org/node/12914092002,v2-c829c8f3e2414108
osm:node:12914854201,Lẩu Gái,Đà Nẵng,restaurant,insufficient_service_evidence,0,https://www.openstreetmap.org/node/12914854201,v2-c829c8f3e2414108
osm:node:12918696002,Bún Dậu Mắm Tôm,Đà Nẵng,restaurant,insufficient_service_evidence,0,https://www.openstreetmap.org/node/12918696002,v2-c829c8f3e2414108
osm:node:12918696102,Hil,Đà Nẵng,cafe,weak_or_generic_name|insufficient_service_evidence,0,https://www.openstreetmap.org/node/12918696102,v2-c829c8f3e2414108
osm:node:12918696401,Lối Về,Đà Nẵng,cafe,insufficient_service_evidence,0,https://www.openstreetmap.org/node/12918696401,v2-c829c8f3e2414108
osm:node:12918696501,Po,Đà Nẵng,cafe,weak_or_generic_name|insufficient_service_evidence,0,https://www.openstreetmap.org/node/12918696501,v2-c829c8f3e2414108
osm:node:12925703402,N&H Milk Tea,Đà Nẵng,cafe,insufficient_service_evidence,0,https://www.openstreetmap.org/node/12925703402,v2-c829c8f3e2414108
osm:node:12925720801,Hủ Tiếu,Đà Nẵng,restaurant,insufficient_service_evidence,0,https://www.openstreetmap.org/node/12925720801,v2-c829c8f3e2414108
osm:node:12959087697,Rosa,Đà Nẵng,restaurant,insufficient_service_evidence,0,https://www.openstreetmap.org/node/12959087697,v2-c829c8f3e2414108
osm:node:12969157885,Tak Coffee,Hà Nội,cafe,insufficient_service_evidence,0,https://www.openstreetmap.org/node/12969157885,v2-c829c8f3e2414108
osm:node:12973006071,Maharaja Indian Restaurant Hoi An,Đà Nẵng,restaurant,insufficient_service_evidence,0,https://www.openstreetmap.org/node/12973006071,v2-c829c8f3e2414108
osm:node:12980196296,Chợ Vân Canh,Hà Nội,market,insufficient_service_evidence,0,https://www.openstreetmap.org/node/12980196296,v2-c829c8f3e2414108
osm:node:12981698362,Bingxue,Hà Nội,cafe,insufficient_service_evidence,0,https://www.openstreetmap.org/node/12981698362,v2-c829c8f3e2414108
osm:node:12982910801,Dong Giang Gate of Heaven Eco-tourism Area,Đà Nẵng,attraction,insufficient_service_evidence,0,https://www.openstreetmap.org/node/12982910801,v2-c829c8f3e2414108
osm:node:12995529901,The Corner Food,Hà Nội,restaurant,insufficient_service_evidence,0,https://www.openstreetmap.org/node/12995529901,v2-c829c8f3e2414108
osm:node:12995557127,Chợ Mỗ Lao,Hà Nội,market,insufficient_service_evidence,0,https://www.openstreetmap.org/node/12995557127,v2-c829c8f3e2414108
osm:node:13001923688,Nhà Cafe,Hà Nội,cafe,insufficient_service_evidence,0,https://www.openstreetmap.org/node/13001923688,v2-c829c8f3e2414108
osm:node:13003601101,Cafe Mậu Dịch,Hà Nội,cafe,insufficient_service_evidence,0,https://www.openstreetmap.org/node/13003601101,v2-c829c8f3e2414108
osm:node:13003770803,Aha cafe,Hà Nội,cafe,insufficient_service_evidence,0,https://www.openstreetmap.org/node/13003770803,v2-c829c8f3e2414108
osm:node:13006863836,View To dumb,Đà Nẵng,viewpoint,insufficient_service_evidence,0,https://www.openstreetmap.org/node/13006863836,v2-c829c8f3e2414108
osm:node:13008480396,Miếu xóm,Đà Nẵng,temple,insufficient_service_evidence,0,https://www.openstreetmap.org/node/13008480396,v2-c829c8f3e2414108
osm:node:13008625317,Đền Bà Tễu,Hà Nội,temple,insufficient_service_evidence,0,https://www.openstreetmap.org/node/13008625317,v2-c829c8f3e2414108
osm:node:13015752219,Ngoan Coffee,Đà Nẵng,cafe,insufficient_service_evidence,0,https://www.openstreetmap.org/node/13015752219,v2-c829c8f3e2414108
osm:node:13027856695,Nam Phở Gà,Hà Nội,restaurant,insufficient_service_evidence,0,https://www.openstreetmap.org/node/13027856695,v2-c829c8f3e2414108
osm:node:13027900308,Phở Thành,Hà Nội,restaurant,insufficient_service_evidence,0,https://www.openstreetmap.org/node/13027900308,v2-c829c8f3e2414108
osm:node:13027946101,Quan hanh Com,Đà Nẵng,restaurant,insufficient_service_evidence,0,https://www.openstreetmap.org/node/13027946101,v2-c829c8f3e2414108
osm:node:13031029701,Nhà Hàng Quê,Đà Nẵng,restaurant,insufficient_service_evidence,0,https://www.openstreetmap.org/node/13031029701,v2-c829c8f3e2414108
osm:node:13033335901,Hải Hồ Restaurant,Đà Nẵng,restaurant,insufficient_service_evidence,0,https://www.openstreetmap.org/node/13033335901,v2-c829c8f3e2414108
osm:node:13033490185,Cofeli,Hà Nội,cafe,insufficient_service_evidence,0,https://www.openstreetmap.org/node/13033490185,v2-c829c8f3e2414108
osm:node:13033490186,Cơm Thố Anh Nguyễn,Hà Nội,restaurant,insufficient_service_evidence,0,https://www.openstreetmap.org/node/13033490186,v2-c829c8f3e2414108
osm:node:13033490188,Miến Lươn,Hà Nội,restaurant,insufficient_service_evidence,0,https://www.openstreetmap.org/node/13033490188,v2-c829c8f3e2414108
osm:node:13033490189,Ép Station,Hà Nội,cafe,insufficient_service_evidence,0,https://www.openstreetmap.org/node/13033490189,v2-c829c8f3e2414108
osm:node:13035949202,La Riva,Đà Nẵng,restaurant,insufficient_service_evidence,0,https://www.openstreetmap.org/node/13035949202,v2-c829c8f3e2414108
osm:node:13036529160,Highlands Coffee,Đà Nẵng,cafe,insufficient_service_evidence,0,https://www.openstreetmap.org/node/13036529160,v2-c829c8f3e2414108
osm:node:13038496601,Coffee Sumo,Đà Nẵng,cafe,insufficient_service_evidence,0,https://www.openstreetmap.org/node/13038496601,v2-c829c8f3e2414108
osm:node:13039561898,Thưc Đơn,Hà Nội,restaurant,insufficient_service_evidence,0,https://www.openstreetmap.org/node/13039561898,v2-c829c8f3e2414108
osm:node:13039615001,Coconut Café,Hà Nội,cafe,insufficient_service_evidence,0,https://www.openstreetmap.org/node/13039615001,v2-c829c8f3e2414108
osm:node:13039615002,Highlands Coffee,Hà Nội,cafe,insufficient_service_evidence,0,https://www.openstreetmap.org/node/13039615002,v2-c829c8f3e2414108
osm:node:13039615004,Oude Kafe,Hà Nội,cafe,insufficient_service_evidence,0,https://www.openstreetmap.org/node/13039615004,v2-c829c8f3e2414108
osm:node:13039615005,Aha Café,Hà Nội,cafe,insufficient_service_evidence,0,https://www.openstreetmap.org/node/13039615005,v2-c829c8f3e2414108
osm:node:13039615006,Thủy Bún Ốc,Hà Nội,restaurant,insufficient_service_evidence,0,https://www.openstreetmap.org/node/13039615006,v2-c829c8f3e2414108
osm:node:13039615007,Bánh Mỳ 73,Hà Nội,restaurant,insufficient_service_evidence,0,https://www.openstreetmap.org/node/13039615007,v2-c829c8f3e2414108
osm:node:13039615010,Katinat,Hà Nội,cafe,insufficient_service_evidence,0,https://www.openstreetmap.org/node/13039615010,v2-c829c8f3e2414108
osm:node:13042655301,Bo Bo 2,Đà Nẵng,restaurant,insufficient_service_evidence,0,https://www.openstreetmap.org/node/13042655301,v2-c829c8f3e2414108
osm:node:13049313107,All Day Báhn Mi,Đà Nẵng,restaurant,insufficient_service_evidence,0,https://www.openstreetmap.org/node/13049313107,v2-c829c8f3e2414108
osm:node:13049315104,Hat A,Đà Nẵng,cafe,insufficient_service_evidence,0,https://www.openstreetmap.org/node/13049315104,v2-c829c8f3e2414108
osm:node:13068552233,Điểm Nhìn Dốc Cam,Hà Nội,viewpoint,insufficient_service_evidence,0,https://www.openstreetmap.org/node/13068552233,v2-c829c8f3e2414108
osm:node:13074118001,Anywhere,Đà Nẵng,cafe,insufficient_service_evidence,0,https://www.openstreetmap.org/node/13074118001,v2-c829c8f3e2414108
osm:node:13074118701,My quang Bun bo,Đà Nẵng,restaurant,insufficient_service_evidence,0,https://www.openstreetmap.org/node/13074118701,v2-c829c8f3e2414108
osm:node:13075369202,Pho,Đà Nẵng,restaurant,weak_or_generic_name|insufficient_service_evidence,0,https://www.openstreetmap.org/node/13075369202,v2-c829c8f3e2414108
osm:node:13077378901,BÁNH MỲ Xuân Hội An,Hà Nội,restaurant,insufficient_service_evidence,0,https://www.openstreetmap.org/node/13077378901,v2-c829c8f3e2414108
osm:node:13078092631,Amare,Đà Nẵng,restaurant,insufficient_service_evidence,0,https://www.openstreetmap.org/node/13078092631,v2-c829c8f3e2414108
osm:node:1308439468,Cà Phê MVTTS,Hà Nội,cafe,insufficient_service_evidence,0,https://www.openstreetmap.org/node/1308439468,v2-c829c8f3e2414108
osm:node:13091074901,Dy Ban Nhân Dân Tinh Quang Nam,Đà Nẵng,historic,insufficient_service_evidence,0,https://www.openstreetmap.org/node/13091074901,v2-c829c8f3e2414108
osm:node:13091490894,Saat Indian Restaurant,Đà Nẵng,restaurant,insufficient_service_evidence,0,https://www.openstreetmap.org/node/13091490894,v2-c829c8f3e2414108
osm:node:13091727382,Nhà Hàng ARồi,Đà Nẵng,cafe,insufficient_service_evidence,0,https://www.openstreetmap.org/node/13091727382,v2-c829c8f3e2414108
osm:node:13092516850,Nang Tuong,Hà Nội,cafe,insufficient_service_evidence,0,https://www.openstreetmap.org/node/13092516850,v2-c829c8f3e2414108
osm:node:13097955401,Cơm gà Duyên,Đà Nẵng,restaurant,insufficient_service_evidence,0,https://www.openstreetmap.org/node/13097955401,v2-c829c8f3e2414108
osm:node:13100959743,Công viên Ngọc Thụy,Hà Nội,historic,insufficient_service_evidence,0,https://www.openstreetmap.org/node/13100959743,v2-c829c8f3e2414108
osm:node:13108908653,Buffet Mogu Mogu,Đà Nẵng,restaurant,insufficient_service_evidence,0,https://www.openstreetmap.org/node/13108908653,v2-c829c8f3e2414108
osm:node:13110584901,AHA Cafe,Hà Nội,cafe,insufficient_service_evidence,0,https://www.openstreetmap.org/node/13110584901,v2-c829c8f3e2414108
osm:node:13118797501,Bun cha ca 17k,Đà Nẵng,restaurant,insufficient_service_evidence,0,https://www.openstreetmap.org/node/13118797501,v2-c829c8f3e2414108
osm:node:13120433101,Bún bò Huế - lẩu đuôi bò,Hà Nội,restaurant,insufficient_service_evidence,0,https://www.openstreetmap.org/node/13120433101,v2-c829c8f3e2414108
osm:node:13120821501,Ni Sushi Hội An - Japanese Street Food,Đà Nẵng,restaurant,insufficient_service_evidence,0,https://www.openstreetmap.org/node/13120821501,v2-c829c8f3e2414108
osm:node:13120821601,Phở Liến Nga,Đà Nẵng,restaurant,insufficient_service_evidence,0,https://www.openstreetmap.org/node/13120821601,v2-c829c8f3e2414108
osm:node:13149082601,Hoi An Roastary,Đà Nẵng,cafe,insufficient_service_evidence,0,https://www.openstreetmap.org/node/13149082601,v2-c829c8f3e2414108
osm:node:13149084101,Mini-Golf Hoi An,Đà Nẵng,theme_park,insufficient_service_evidence,0,https://www.openstreetmap.org/node/13149084101,v2-c829c8f3e2414108
osm:node:13153027101,Ẩm Thực Chay Bảo Long,Đà Nẵng,cafe,insufficient_service_evidence,0,https://www.openstreetmap.org/node/13153027101,v2-c829c8f3e2414108
osm:node:13153046003,Green Avocado,Đà Nẵng,restaurant,insufficient_service_evidence,0,https://www.openstreetmap.org/node/13153046003,v2-c829c8f3e2414108
osm:node:13164780805,Bep Chai Hue Nhien,Hà Nội,restaurant,insufficient_service_evidence,0,https://www.openstreetmap.org/node/13164780805,v2-c829c8f3e2414108
osm:node:13169500606,Bonbagu vegan,Hà Nội,restaurant,insufficient_service_evidence,0,https://www.openstreetmap.org/node/13169500606,v2-c829c8f3e2414108
osm:node:13172568302,Quán Cẩm Nam,Đà Nẵng,restaurant,insufficient_service_evidence,0,https://www.openstreetmap.org/node/13172568302,v2-c829c8f3e2414108
osm:node:13200355902,Ngọc Coffee and Tea,Hà Nội,cafe,insufficient_service_evidence,0,https://www.openstreetmap.org/node/13200355902,v2-c829c8f3e2414108
osm:node:13200843861,Star Cafe,Đà Nẵng,cafe,insufficient_service_evidence,0,https://www.openstreetmap.org/node/13200843861,v2-c829c8f3e2414108
osm:node:13202605155,Crystal Jade Kitchen,Đà Nẵng,restaurant,insufficient_service_evidence,0,https://www.openstreetmap.org/node/13202605155,v2-c829c8f3e2414108
osm:node:13204937554,Highlands Coffee,Đà Nẵng,cafe,insufficient_service_evidence,0,https://www.openstreetmap.org/node/13204937554,v2-c829c8f3e2414108
osm:node:13231908801,"Chill Hub - Brunch, Workspace & More",Đà Nẵng,cafe,insufficient_service_evidence,0,https://www.openstreetmap.org/node/13231908801,v2-c829c8f3e2414108
osm:node:13240113920,Cafe Phương Việt,Hà Nội,cafe,insufficient_service_evidence,0,https://www.openstreetmap.org/node/13240113920,v2-c829c8f3e2414108
osm:node:13247300818,ĐÌNH LÀNG NAM QUẤT,Hà Nội,temple,insufficient_service_evidence,0,https://www.openstreetmap.org/node/13247300818,v2-c829c8f3e2414108
osm:node:13247300819,NHÀ VĂN HOÁ THÔN NAM QUẤT,Hà Nội,park,insufficient_service_evidence,0,https://www.openstreetmap.org/node/13247300819,v2-c829c8f3e2414108
osm:node:13255711109,cà phê bao Long,Đà Nẵng,cafe,insufficient_service_evidence,0,https://www.openstreetmap.org/node/13255711109,v2-c829c8f3e2414108
osm:node:13264236601,Bina coffee,Hà Nội,cafe,insufficient_service_evidence,0,https://www.openstreetmap.org/node/13264236601,v2-c829c8f3e2414108
osm:node:13264733255,Pho Bay,Hà Nội,restaurant,insufficient_service_evidence,0,https://www.openstreetmap.org/node/13264733255,v2-c829c8f3e2414108
osm:node:13266767124,Long Vi Dung - Gia Truyen,Hà Nội,restaurant,insufficient_service_evidence,0,https://www.openstreetmap.org/node/13266767124,v2-c829c8f3e2414108
osm:node:13271495391,Everything Coffee 'N Bagel,Hà Nội,cafe,insufficient_service_evidence,0,https://www.openstreetmap.org/node/13271495391,v2-c829c8f3e2414108
osm:node:13271879878,Highlands Coffee,Hà Nội,cafe,insufficient_service_evidence,0,https://www.openstreetmap.org/node/13271879878,v2-c829c8f3e2414108
osm:node:13271879880,K5 Coffee,Hà Nội,cafe,insufficient_service_evidence,0,https://www.openstreetmap.org/node/13271879880,v2-c829c8f3e2414108
osm:node:13272057352,A Ga Đông Dương,Hà Nội,cafe,insufficient_service_evidence,0,https://www.openstreetmap.org/node/13272057352,v2-c829c8f3e2414108
osm:node:13273415410,Za Café,Hà Nội,cafe,insufficient_service_evidence,0,https://www.openstreetmap.org/node/13273415410,v2-c829c8f3e2414108
osm:node:13274843742,E-Paso Coffee,Hà Nội,cafe,insufficient_service_evidence,0,https://www.openstreetmap.org/node/13274843742,v2-c829c8f3e2414108
osm:node:13274958663,Chùa Phú Đôi,Hà Nội,temple,insufficient_service_evidence,0,https://www.openstreetmap.org/node/13274958663,v2-c829c8f3e2414108
osm:node:13275142601,Nhung Phở gà Bún thang,Hà Nội,restaurant,insufficient_service_evidence,0,https://www.openstreetmap.org/node/13275142601,v2-c829c8f3e2414108
osm:node:13275142701,DoubleB’s Specialty Coffee & Brunch,Hà Nội,cafe,insufficient_service_evidence,0,https://www.openstreetmap.org/node/13275142701,v2-c829c8f3e2414108
osm:node:13276630905,Lam Diên,Hà Nội,restaurant,insufficient_service_evidence,0,https://www.openstreetmap.org/node/13276630905,v2-c829c8f3e2414108
osm:node:13284285485,Lucky Café & Fastfood,Hà Nội,restaurant,insufficient_service_evidence,0,https://www.openstreetmap.org/node/13284285485,v2-c829c8f3e2414108
osm:node:13284285486,Zano Café,Hà Nội,cafe,insufficient_service_evidence,0,https://www.openstreetmap.org/node/13284285486,v2-c829c8f3e2414108
osm:node:13284316425,Star Café,Hà Nội,cafe,insufficient_service_evidence,0,https://www.openstreetmap.org/node/13284316425,v2-c829c8f3e2414108
osm:node:13284316426,Big Bowl,Hà Nội,restaurant,insufficient_service_evidence,0,https://www.openstreetmap.org/node/13284316426,v2-c829c8f3e2414108
osm:node:13284316427,Louis,Hà Nội,restaurant,insufficient_service_evidence,0,https://www.openstreetmap.org/node/13284316427,v2-c829c8f3e2414108
osm:node:13284316428,Starbucks,Hà Nội,cafe,insufficient_service_evidence,0,https://www.openstreetmap.org/node/13284316428,v2-c829c8f3e2414108
osm:node:13284316430,Memos,Hà Nội,restaurant,insufficient_service_evidence,0,https://www.openstreetmap.org/node/13284316430,v2-c829c8f3e2414108
osm:node:13284316431,Hoa Anh,Hà Nội,restaurant,insufficient_service_evidence,0,https://www.openstreetmap.org/node/13284316431,v2-c829c8f3e2414108
osm:node:13284330528,Starbucks,Hà Nội,cafe,insufficient_service_evidence,0,https://www.openstreetmap.org/node/13284330528,v2-c829c8f3e2414108
osm:node:13286644419,Wow Cơm Gà,Đà Nẵng,restaurant,insufficient_service_evidence,0,https://www.openstreetmap.org/node/13286644419,v2-c829c8f3e2414108
osm:node:13287246425,Long Qiao,Đà Nẵng,restaurant,insufficient_service_evidence,0,https://www.openstreetmap.org/node/13287246425,v2-c829c8f3e2414108
osm:node:13287334836,Gôn Coffee,Đà Nẵng,cafe,insufficient_service_evidence,0,https://www.openstreetmap.org/node/13287334836,v2-c829c8f3e2414108
osm:node:13287336511,Cà Phê Dặc Sản Việt Nam,Đà Nẵng,cafe,insufficient_service_evidence,0,https://www.openstreetmap.org/node/13287336511,v2-c829c8f3e2414108
osm:node:13288463801,BBQ Nuong Khoi Hoi An,Đà Nẵng,restaurant,insufficient_service_evidence,0,https://www.openstreetmap.org/node/13288463801,v2-c829c8f3e2414108
osm:node:13288544261,Khâu Cà Phê,Đà Nẵng,cafe,insufficient_service_evidence,0,https://www.openstreetmap.org/node/13288544261,v2-c829c8f3e2414108
osm:node:13288936111,Highlands Coffee,Đà Nẵng,cafe,insufficient_service_evidence,0,https://www.openstreetmap.org/node/13288936111,v2-c829c8f3e2414108
osm:node:13289050126,Bún Ốc Chả Nem Bà Bảy Đang,Hà Nội,restaurant,insufficient_service_evidence,0,https://www.openstreetmap.org/node/13289050126,v2-c829c8f3e2414108
osm:node:13290069643,Kim Seafood,Đà Nẵng,restaurant,insufficient_service_evidence,0,https://www.openstreetmap.org/node/13290069643,v2-c829c8f3e2414108
osm:node:13290098752,Highlands Coffee,Đà Nẵng,cafe,insufficient_service_evidence,0,https://www.openstreetmap.org/node/13290098752,v2-c829c8f3e2414108
osm:node:13290246921,Jollibee,Đà Nẵng,restaurant,insufficient_service_evidence,0,https://www.openstreetmap.org/node/13290246921,v2-c829c8f3e2414108
osm:node:13290249591,Thư Viện Coffee,Đà Nẵng,cafe,insufficient_service_evidence,0,https://www.openstreetmap.org/node/13290249591,v2-c829c8f3e2414108
osm:node:13290679526,Đây Coffee,Hà Nội,cafe,insufficient_service_evidence,0,https://www.openstreetmap.org/node/13290679526,v2-c829c8f3e2414108
osm:node:13293652523,Cà Phê Muôi,Đà Nẵng,cafe,insufficient_service_evidence,0,https://www.openstreetmap.org/node/13293652523,v2-c829c8f3e2414108
osm:node:13293830517,Bảo Tàng Thó Sản,Đà Nẵng,museum,insufficient_service_evidence,0,https://www.openstreetmap.org/node/13293830517,v2-c829c8f3e2414108
osm:node:13293946192,Thirty3,Đà Nẵng,restaurant,insufficient_service_evidence,0,https://www.openstreetmap.org/node/13293946192,v2-c829c8f3e2414108
osm:node:13294582700,Kem Trà Huyền Linh,Hà Nội,restaurant,insufficient_service_evidence,0,https://www.openstreetmap.org/node/13294582700,v2-c829c8f3e2414108
osm:node:13299175525,Kite,Đà Nẵng,cafe,insufficient_service_evidence,0,https://www.openstreetmap.org/node/13299175525,v2-c829c8f3e2414108
osm:node:13300836210,Phuc Long,Đà Nẵng,cafe,insufficient_service_evidence,0,https://www.openstreetmap.org/node/13300836210,v2-c829c8f3e2414108
osm:node:13300862300,Pho 24,Đà Nẵng,restaurant,insufficient_service_evidence,0,https://www.openstreetmap.org/node/13300862300,v2-c829c8f3e2414108
osm:node:13300877728,Asia Express,Đà Nẵng,restaurant,insufficient_service_evidence,0,https://www.openstreetmap.org/node/13300877728,v2-c829c8f3e2414108
osm:node:13301356140,Big Bowl,Đà Nẵng,restaurant,insufficient_service_evidence,0,https://www.openstreetmap.org/node/13301356140,v2-c829c8f3e2414108
osm:node:13305914302,Eland Coffee,Hà Nội,cafe,insufficient_service_evidence,0,https://www.openstreetmap.org/node/13305914302,v2-c829c8f3e2414108
osm:node:13306417601,Si Dining,Đà Nẵng,restaurant,insufficient_service_evidence,0,https://www.openstreetmap.org/node/13306417601,v2-c829c8f3e2414108
osm:node:13310182802,Coba Pho Bo,Đà Nẵng,restaurant,insufficient_service_evidence,0,https://www.openstreetmap.org/node/13310182802,v2-c829c8f3e2414108
osm:node:13310757631,Infinitea,Hà Nội,cafe,insufficient_service_evidence,0,https://www.openstreetmap.org/node/13310757631,v2-c829c8f3e2414108
osm:node:13310960312,Kohi Coffee,Hà Nội,cafe,insufficient_service_evidence,0,https://www.openstreetmap.org/node/13310960312,v2-c829c8f3e2414108
osm:node:13313754818,The Gate Café,Hà Nội,cafe,insufficient_service_evidence,0,https://www.openstreetmap.org/node/13313754818,v2-c829c8f3e2414108
osm:node:13313754819,Cốm Thu Huệ,Hà Nội,restaurant,insufficient_service_evidence,0,https://www.openstreetmap.org/node/13313754819,v2-c829c8f3e2414108
osm:node:13313754821,Bún chả - Phở Gà Ta,Hà Nội,restaurant,insufficient_service_evidence,0,https://www.openstreetmap.org/node/13313754821,v2-c829c8f3e2414108
osm:node:13323296092,Cafe Cát Tường,Hà Nội,cafe,insufficient_service_evidence,0,https://www.openstreetmap.org/node/13323296092,v2-c829c8f3e2414108
osm:node:13329827901,Fuku Coffee & Matcha,Hà Nội,cafe,insufficient_service_evidence,0,https://www.openstreetmap.org/node/13329827901,v2-c829c8f3e2414108
osm:node:1333372843,Cafe Truc Xinh,Đà Nẵng,cafe,insufficient_service_evidence,0,https://www.openstreetmap.org/node/1333372843,v2-c829c8f3e2414108
osm:node:13336702955,Chợ Trương Định,Hà Nội,market,insufficient_service_evidence,0,https://www.openstreetmap.org/node/13336702955,v2-c829c8f3e2414108
osm:node:13338530701,Nem Nướng Nha Trang Quế Hoa,Hà Nội,restaurant,insufficient_service_evidence,0,https://www.openstreetmap.org/node/13338530701,v2-c829c8f3e2414108
osm:node:13340597206,Nem nướng quế hoa,Hà Nội,restaurant,insufficient_service_evidence,0,https://www.openstreetmap.org/node/13340597206,v2-c829c8f3e2414108
osm:node:13340608690,Feday Coffee,Hà Nội,cafe,insufficient_service_evidence,0,https://www.openstreetmap.org/node/13340608690,v2-c829c8f3e2414108
osm:node:13340636131,Quán ăn,Hà Nội,restaurant,insufficient_service_evidence,0,https://www.openstreetmap.org/node/13340636131,v2-c829c8f3e2414108
osm:node:13340704387,Bún chả,Hà Nội,restaurant,insufficient_service_evidence,0,https://www.openstreetmap.org/node/13340704387,v2-c829c8f3e2414108
osm:node:13342409262,Camy Café,Hà Nội,cafe,insufficient_service_evidence,0,https://www.openstreetmap.org/node/13342409262,v2-c829c8f3e2414108
osm:node:13351377859,Mexican Fusion Bites,Hà Nội,restaurant,insufficient_service_evidence,0,https://www.openstreetmap.org/node/13351377859,v2-c829c8f3e2414108
osm:node:13357600202,Al Fresco's,Đà Nẵng,restaurant,insufficient_service_evidence,0,https://www.openstreetmap.org/node/13357600202,v2-c829c8f3e2414108
osm:node:13358927688,Học viện Nông nghiệp Việt Nam,Hà Nội,historic,insufficient_service_evidence,0,https://www.openstreetmap.org/node/13358927688,v2-c829c8f3e2414108
osm:node:13358949501,Poison Cafe,Đà Nẵng,restaurant,insufficient_service_evidence,0,https://www.openstreetmap.org/node/13358949501,v2-c829c8f3e2414108
osm:node:13362942201,Quan Chay Thu,Đà Nẵng,restaurant,insufficient_service_evidence,0,https://www.openstreetmap.org/node/13362942201,v2-c829c8f3e2414108
osm:node:13362942301,Quan Chay xinh,Đà Nẵng,restaurant,insufficient_service_evidence,0,https://www.openstreetmap.org/node/13362942301,v2-c829c8f3e2414108
osm:node:13363428401,Passport Coffee Lab,Đà Nẵng,cafe,insufficient_service_evidence,0,https://www.openstreetmap.org/node/13363428401,v2-c829c8f3e2414108
osm:node:13368831001,Um Mani,Đà Nẵng,restaurant,insufficient_service_evidence,0,https://www.openstreetmap.org/node/13368831001,v2-c829c8f3e2414108
osm:node:13368831101,Ikigai,Đà Nẵng,cafe,insufficient_service_evidence,0,https://www.openstreetmap.org/node/13368831101,v2-c829c8f3e2414108
osm:node:13371126001,Passport Coffee Roastery,Đà Nẵng,cafe,insufficient_service_evidence,0,https://www.openstreetmap.org/node/13371126001,v2-c829c8f3e2414108
osm:node:13371161201,Pho Tin - 13 Lò Dúc,Đà Nẵng,restaurant,insufficient_service_evidence,0,https://www.openstreetmap.org/node/13371161201,v2-c829c8f3e2414108
osm:node:13373300801,Roost Roasters,Đà Nẵng,cafe,insufficient_service_evidence,0,https://www.openstreetmap.org/node/13373300801,v2-c829c8f3e2414108
osm:node:13380454601,O2O First Roast Coffee,Đà Nẵng,cafe,insufficient_service_evidence,0,https://www.openstreetmap.org/node/13380454601,v2-c829c8f3e2414108
osm:node:13380475142,Nơm Bistro,Đà Nẵng,restaurant,insufficient_service_evidence,0,https://www.openstreetmap.org/node/13380475142,v2-c829c8f3e2414108
osm:node:13380507401,Puna Coffee,Đà Nẵng,cafe,insufficient_service_evidence,0,https://www.openstreetmap.org/node/13380507401,v2-c829c8f3e2414108
osm:node:13382556801,Outta Da Blue Specialty Coffee,Đà Nẵng,cafe,insufficient_service_evidence,0,https://www.openstreetmap.org/node/13382556801,v2-c829c8f3e2414108
osm:node:13382556901,Pho Tin,Đà Nẵng,restaurant,insufficient_service_evidence,0,https://www.openstreetmap.org/node/13382556901,v2-c829c8f3e2414108
osm:node:13385701701,Kafe de June,Đà Nẵng,cafe,insufficient_service_evidence,0,https://www.openstreetmap.org/node/13385701701,v2-c829c8f3e2414108
osm:node:13389926201,Cafe Dô,Hà Nội,cafe,insufficient_service_evidence,0,https://www.openstreetmap.org/node/13389926201,v2-c829c8f3e2414108
osm:node:13390919015,Amoring café,Hà Nội,cafe,insufficient_service_evidence,0,https://www.openstreetmap.org/node/13390919015,v2-c829c8f3e2414108
osm:node:13390938833,Hanoï Corner,Hà Nội,restaurant,insufficient_service_evidence,0,https://www.openstreetmap.org/node/13390938833,v2-c829c8f3e2414108
osm:node:13391091702,Mom's,Hà Nội,restaurant,insufficient_service_evidence,0,https://www.openstreetmap.org/node/13391091702,v2-c829c8f3e2414108
osm:node:13392414601,Brewinghood,Đà Nẵng,cafe,insufficient_service_evidence,0,https://www.openstreetmap.org/node/13392414601,v2-c829c8f3e2414108
osm:node:13392416701,D.coffee,Đà Nẵng,cafe,insufficient_service_evidence,0,https://www.openstreetmap.org/node/13392416701,v2-c829c8f3e2414108
osm:node:13392766014,Com Tam Suon,Hà Nội,restaurant,insufficient_service_evidence,0,https://www.openstreetmap.org/node/13392766014,v2-c829c8f3e2414108
osm:node:13392766185,La Do Mi,Hà Nội,cafe,insufficient_service_evidence,0,https://www.openstreetmap.org/node/13392766185,v2-c829c8f3e2414108
osm:node:13403678801,The Third House Coffee,Đà Nẵng,cafe,insufficient_service_evidence,0,https://www.openstreetmap.org/node/13403678801,v2-c829c8f3e2414108
osm:node:13408172097,Bánh mì Dân Tổ,Hà Nội,restaurant,insufficient_service_evidence,0,https://www.openstreetmap.org/node/13408172097,v2-c829c8f3e2414108
osm:node:13408720219,Sogogi Buffet Lẩu Nướng,Hà Nội,restaurant,insufficient_service_evidence,0,https://www.openstreetmap.org/node/13408720219,v2-c829c8f3e2414108
osm:node:13410156348,Philo Garden,Hà Nội,cafe,insufficient_service_evidence,0,https://www.openstreetmap.org/node/13410156348,v2-c829c8f3e2414108
osm:node:13412701101,Nhật Tân,Hà Nội,market,insufficient_service_evidence,0,https://www.openstreetmap.org/node/13412701101,v2-c829c8f3e2414108
osm:node:13413349866,Ollivier coffee,Đà Nẵng,cafe,insufficient_service_evidence,0,https://www.openstreetmap.org/node/13413349866,v2-c829c8f3e2414108
osm:node:13413354268,Basket boat café,Đà Nẵng,restaurant,insufficient_service_evidence,0,https://www.openstreetmap.org/node/13413354268,v2-c829c8f3e2414108
osm:node:13413376902,Bánh mì 33,Hà Nội,restaurant,insufficient_service_evidence,0,https://www.openstreetmap.org/node/13413376902,v2-c829c8f3e2414108
osm:node:13415150801,Bánh mì,Hà Nội,restaurant,insufficient_service_evidence,0,https://www.openstreetmap.org/node/13415150801,v2-c829c8f3e2414108
osm:node:13415593504,Nha Do,Đà Nẵng,restaurant,insufficient_service_evidence,0,https://www.openstreetmap.org/node/13415593504,v2-c829c8f3e2414108
osm:node:13415594401,King Coffee,Đà Nẵng,cafe,insufficient_service_evidence,0,https://www.openstreetmap.org/node/13415594401,v2-c829c8f3e2414108
osm:node:13415710101,Mr. Quế,Đà Nẵng,restaurant,insufficient_service_evidence,0,https://www.openstreetmap.org/node/13415710101,v2-c829c8f3e2414108
osm:node:13415760108,Rose Kitchen Cooking Classes,Hà Nội,attraction,insufficient_service_evidence,0,https://www.openstreetmap.org/node/13415760108,v2-c829c8f3e2414108
osm:node:13417231501,Lighthouse,Đà Nẵng,cafe,insufficient_service_evidence,0,https://www.openstreetmap.org/node/13417231501,v2-c829c8f3e2414108
osm:node:13417562101,Quyen's House,Đà Nẵng,restaurant,insufficient_service_evidence,0,https://www.openstreetmap.org/node/13417562101,v2-c829c8f3e2414108
osm:node:13417562201,Pho Bien,Đà Nẵng,cafe,insufficient_service_evidence,0,https://www.openstreetmap.org/node/13417562201,v2-c829c8f3e2414108
osm:node:13417598901,Quan Ut Com,Đà Nẵng,restaurant,insufficient_service_evidence,0,https://www.openstreetmap.org/node/13417598901,v2-c829c8f3e2414108
osm:node:13417690601,Milano Coffee,Đà Nẵng,cafe,insufficient_service_evidence,0,https://www.openstreetmap.org/node/13417690601,v2-c829c8f3e2414108
osm:node:13418020264,Mixue,Hà Nội,cafe,insufficient_service_evidence,0,https://www.openstreetmap.org/node/13418020264,v2-c829c8f3e2414108
osm:node:13420475901,Raku,Đà Nẵng,restaurant,insufficient_service_evidence,0,https://www.openstreetmap.org/node/13420475901,v2-c829c8f3e2414108
osm:node:13420522101,H.E.M. Coffee,Đà Nẵng,cafe,insufficient_service_evidence,0,https://www.openstreetmap.org/node/13420522101,v2-c829c8f3e2414108
osm:node:13420628459,Babylon Steak Garden,Đà Nẵng,restaurant,insufficient_service_evidence,0,https://www.openstreetmap.org/node/13420628459,v2-c829c8f3e2414108
osm:node:13420734701,Banh Mi Co Na,Đà Nẵng,restaurant,insufficient_service_evidence,0,https://www.openstreetmap.org/node/13420734701,v2-c829c8f3e2414108
osm:node:13421486901,Highlands Coffee,Đà Nẵng,cafe,insufficient_service_evidence,0,https://www.openstreetmap.org/node/13421486901,v2-c829c8f3e2414108
osm:node:13422957797,Cheers,Đà Nẵng,restaurant,insufficient_service_evidence,0,https://www.openstreetmap.org/node/13422957797,v2-c829c8f3e2414108
osm:node:13423568934,Khánh garden,Đà Nẵng,restaurant,insufficient_service_evidence,0,https://www.openstreetmap.org/node/13423568934,v2-c829c8f3e2414108
osm:node:13426161601,Com Binh Dan,Đà Nẵng,restaurant,insufficient_service_evidence,0,https://www.openstreetmap.org/node/13426161601,v2-c829c8f3e2414108
osm:node:13426342501,Sunny,Đà Nẵng,cafe,insufficient_service_evidence,0,https://www.openstreetmap.org/node/13426342501,v2-c829c8f3e2414108
osm:node:13426342801,Vegan Banh Mi,Đà Nẵng,restaurant,insufficient_service_evidence,0,https://www.openstreetmap.org/node/13426342801,v2-c829c8f3e2414108
osm:node:13427923801,Niem Khuc Coffee,Đà Nẵng,cafe,insufficient_service_evidence,0,https://www.openstreetmap.org/node/13427923801,v2-c829c8f3e2414108
osm:node:13428383201,May Garden,Đà Nẵng,cafe,insufficient_service_evidence,0,https://www.openstreetmap.org/node/13428383201,v2-c829c8f3e2414108
osm:node:13434534374,Culture Station Thong nhat Park,Hà Nội,cafe,insufficient_service_evidence,0,https://www.openstreetmap.org/node/13434534374,v2-c829c8f3e2414108
osm:node:13438953067,Canteen VinUni Tòa E,Hà Nội,restaurant,insufficient_service_evidence,0,https://www.openstreetmap.org/node/13438953067,v2-c829c8f3e2414108
osm:node:13439745601,Hẻm Vegan,Hà Nội,restaurant,insufficient_service_evidence,0,https://www.openstreetmap.org/node/13439745601,v2-c829c8f3e2414108
osm:node:13442524001,Banh My Kim (banh mi),Đà Nẵng,restaurant,insufficient_service_evidence,0,https://www.openstreetmap.org/node/13442524001,v2-c829c8f3e2414108
osm:node:13442835138,Mha La,Đà Nẵng,cafe,insufficient_service_evidence,0,https://www.openstreetmap.org/node/13442835138,v2-c829c8f3e2414108
osm:node:13442835141,Lila Coffee & Tea,Đà Nẵng,cafe,insufficient_service_evidence,0,https://www.openstreetmap.org/node/13442835141,v2-c829c8f3e2414108
osm:node:13449488301,The Tamarind Tree,Đà Nẵng,restaurant,insufficient_service_evidence,0,https://www.openstreetmap.org/node/13449488301,v2-c829c8f3e2414108
osm:node:13456830173,The Orange Project,Hà Nội,cafe,insufficient_service_evidence,0,https://www.openstreetmap.org/node/13456830173,v2-c829c8f3e2414108
osm:node:13459658479,Chợ Tứ Liên,Hà Nội,market,insufficient_service_evidence,0,https://www.openstreetmap.org/node/13459658479,v2-c829c8f3e2414108
osm:node:13459713601,Bánh Mì 17,Hà Nội,restaurant,insufficient_service_evidence,0,https://www.openstreetmap.org/node/13459713601,v2-c829c8f3e2414108
osm:node:13463740401,Loving Vegetarian Restaurant,Hà Nội,restaurant,insufficient_service_evidence,0,https://www.openstreetmap.org/node/13463740401,v2-c829c8f3e2414108
osm:node:13464169251,Chợ tạm Thanh Hà,Hà Nội,market,insufficient_service_evidence,0,https://www.openstreetmap.org/node/13464169251,v2-c829c8f3e2414108
osm:node:13475283215,Nhà Của Ngoại,Hà Nội,restaurant,insufficient_service_evidence,0,https://www.openstreetmap.org/node/13475283215,v2-c829c8f3e2414108
osm:node:13475283216,Phở Gà 46,Hà Nội,restaurant,insufficient_service_evidence,0,https://www.openstreetmap.org/node/13475283216,v2-c829c8f3e2414108
osm:node:13479188547,Bánh Rán Cô Huế,Hà Nội,restaurant,insufficient_service_evidence,0,https://www.openstreetmap.org/node/13479188547,v2-c829c8f3e2414108
osm:node:13483667183,Miếu Hai Cô,Hà Nội,temple,insufficient_service_evidence,0,https://www.openstreetmap.org/node/13483667183,v2-c829c8f3e2414108
osm:node:13485169201,iVegan,Hà Nội,restaurant,insufficient_service_evidence,0,https://www.openstreetmap.org/node/13485169201,v2-c829c8f3e2414108
osm:node:13506385429,Bếp Ngư ông,Hà Nội,restaurant,insufficient_service_evidence,0,https://www.openstreetmap.org/node/13506385429,v2-c829c8f3e2414108
osm:node:13508339002,Ẩm Thực Chay,Đà Nẵng,restaurant,insufficient_service_evidence,0,https://www.openstreetmap.org/node/13508339002,v2-c829c8f3e2414108
osm:node:13511150201,Pho Cuon Chinh Thang,Hà Nội,restaurant,insufficient_service_evidence,0,https://www.openstreetmap.org/node/13511150201,v2-c829c8f3e2414108
osm:node:13511421001,Chay Tâm Phúc,Đà Nẵng,restaurant,insufficient_service_evidence,0,https://www.openstreetmap.org/node/13511421001,v2-c829c8f3e2414108
osm:node:13521587473,Be Den,Đà Nẵng,cafe,insufficient_service_evidence,0,https://www.openstreetmap.org/node/13521587473,v2-c829c8f3e2414108
osm:node:13523255967,Cam Tam,Đà Nẵng,cafe,insufficient_service_evidence,0,https://www.openstreetmap.org/node/13523255967,v2-c829c8f3e2414108
osm:node:13524052772,Quán Nhúý,Đà Nẵng,cafe,insufficient_service_evidence,0,https://www.openstreetmap.org/node/13524052772,v2-c829c8f3e2414108
osm:node:13525483833,Hard to climb,Đà Nẵng,viewpoint,weak_or_generic_name|category_name_conflict|insufficient_service_evidence,0,https://www.openstreetmap.org/node/13525483833,v2-c829c8f3e2414108
osm:node:13525505845,Cóm Bà Tí,Đà Nẵng,cafe,insufficient_service_evidence,0,https://www.openstreetmap.org/node/13525505845,v2-c829c8f3e2414108
osm:node:13525536984,Com Tam,Đà Nẵng,cafe,insufficient_service_evidence,0,https://www.openstreetmap.org/node/13525536984,v2-c829c8f3e2414108
osm:node:13531432207,Nosan,Hà Nội,cafe,insufficient_service_evidence,0,https://www.openstreetmap.org/node/13531432207,v2-c829c8f3e2414108
osm:node:13533791795,Off street fine coffee,Hà Nội,cafe,insufficient_service_evidence,0,https://www.openstreetmap.org/node/13533791795,v2-c829c8f3e2414108
osm:node:13535945401,Bridge Coffee,Hà Nội,cafe,insufficient_service_evidence,0,https://www.openstreetmap.org/node/13535945401,v2-c829c8f3e2414108
osm:node:13539338201,Umami Coffee,Hà Nội,cafe,insufficient_service_evidence,0,https://www.openstreetmap.org/node/13539338201,v2-c829c8f3e2414108
osm:node:13539765901,Pho Lanh,Hà Nội,restaurant,insufficient_service_evidence,0,https://www.openstreetmap.org/node/13539765901,v2-c829c8f3e2414108
osm:node:13539949246,E5,Đà Nẵng,historic,weak_or_generic_name|insufficient_service_evidence,0,https://www.openstreetmap.org/node/13539949246,v2-c829c8f3e2414108
osm:node:13539949250,E2,Đà Nẵng,historic,weak_or_generic_name|insufficient_service_evidence,0,https://www.openstreetmap.org/node/13539949250,v2-c829c8f3e2414108
osm:node:13539949252,H4,Đà Nẵng,historic,weak_or_generic_name|insufficient_service_evidence,0,https://www.openstreetmap.org/node/13539949252,v2-c829c8f3e2414108
osm:node:13539949253,H2,Đà Nẵng,historic,weak_or_generic_name|insufficient_service_evidence,0,https://www.openstreetmap.org/node/13539949253,v2-c829c8f3e2414108
osm:node:13539949254,H3,Đà Nẵng,historic,weak_or_generic_name|insufficient_service_evidence,0,https://www.openstreetmap.org/node/13539949254,v2-c829c8f3e2414108
osm:node:13539949257,E6,Đà Nẵng,historic,weak_or_generic_name|insufficient_service_evidence,0,https://www.openstreetmap.org/node/13539949257,v2-c829c8f3e2414108
osm:node:13539949259,H1,Đà Nẵng,historic,weak_or_generic_name|insufficient_service_evidence,0,https://www.openstreetmap.org/node/13539949259,v2-c829c8f3e2414108
osm:node:13539949272,E3,Đà Nẵng,historic,weak_or_generic_name|insufficient_service_evidence,0,https://www.openstreetmap.org/node/13539949272,v2-c829c8f3e2414108
osm:node:13542561081,Lady Buddha,Đà Nẵng,cafe,insufficient_service_evidence,0,https://www.openstreetmap.org/node/13542561081,v2-c829c8f3e2414108
osm:node:13542865076,Highlands Coffee,Đà Nẵng,cafe,insufficient_service_evidence,0,https://www.openstreetmap.org/node/13542865076,v2-c829c8f3e2414108
osm:node:13542877616,Banh Mi Pho Cias,Đà Nẵng,restaurant,insufficient_service_evidence,0,https://www.openstreetmap.org/node/13542877616,v2-c829c8f3e2414108
osm:node:13542877625,Lucky Restaurant,Đà Nẵng,restaurant,insufficient_service_evidence,0,https://www.openstreetmap.org/node/13542877625,v2-c829c8f3e2414108
osm:node:13546015635,Bahn Mi & cafe,Đà Nẵng,cafe,insufficient_service_evidence,0,https://www.openstreetmap.org/node/13546015635,v2-c829c8f3e2414108
osm:node:13546039219,Katinat,Đà Nẵng,cafe,insufficient_service_evidence,0,https://www.openstreetmap.org/node/13546039219,v2-c829c8f3e2414108
osm:node:13551354601,Bun Cha Ha Noi,Hà Nội,restaurant,insufficient_service_evidence,0,https://www.openstreetmap.org/node/13551354601,v2-c829c8f3e2414108
osm:node:13565935464,Ban Tien Lake Viewpoint,Hà Nội,viewpoint,insufficient_service_evidence,0,https://www.openstreetmap.org/node/13565935464,v2-c829c8f3e2414108
osm:node:13566150243,Anh Tuyet,Đà Nẵng,restaurant,insufficient_service_evidence,0,https://www.openstreetmap.org/node/13566150243,v2-c829c8f3e2414108
osm:node:13575417501,Ẩm Thực Chay HẠNH THIỆN - Quán Chay - Vegan Restaurant,Đà Nẵng,restaurant,insufficient_service_evidence,0,https://www.openstreetmap.org/node/13575417501,v2-c829c8f3e2414108
osm:node:13584160701,Coffee Roaster 60,Hà Nội,cafe,insufficient_service_evidence,0,https://www.openstreetmap.org/node/13584160701,v2-c829c8f3e2414108
osm:node:13584161501,Sweet As Coffee,Hà Nội,cafe,insufficient_service_evidence,0,https://www.openstreetmap.org/node/13584161501,v2-c829c8f3e2414108
osm:node:13586088101,Tranquil Coffee,Hà Nội,cafe,insufficient_service_evidence,0,https://www.openstreetmap.org/node/13586088101,v2-c829c8f3e2414108
osm:node:13586131301,ECO Coffee and Restaurant,Đà Nẵng,cafe,insufficient_service_evidence,0,https://www.openstreetmap.org/node/13586131301,v2-c829c8f3e2414108
osm:node:13586132302,Coffe-Khu viu choi (Indoor Playground),Đà Nẵng,cafe,insufficient_service_evidence,0,https://www.openstreetmap.org/node/13586132302,v2-c829c8f3e2414108
osm:node:13586534601,Room 501,Hà Nội,cafe,insufficient_service_evidence,0,https://www.openstreetmap.org/node/13586534601,v2-c829c8f3e2414108
osm:node:13587488508,Nhà hàng 4 mùa,Đà Nẵng,restaurant,insufficient_service_evidence,0,https://www.openstreetmap.org/node/13587488508,v2-c829c8f3e2414108
osm:node:13588757753,Solis,Đà Nẵng,cafe,insufficient_service_evidence,0,https://www.openstreetmap.org/node/13588757753,v2-c829c8f3e2414108
osm:node:13592363601,Chay Vỉa Hè,Hà Nội,restaurant,insufficient_service_evidence,0,https://www.openstreetmap.org/node/13592363601,v2-c829c8f3e2414108
osm:node:13595549341,Vì lợi ích mười năm...,Hà Nội,historic,insufficient_service_evidence,0,https://www.openstreetmap.org/node/13595549341,v2-c829c8f3e2414108
osm:node:13597200502,Viết Space,Hà Nội,cafe,insufficient_service_evidence,0,https://www.openstreetmap.org/node/13597200502,v2-c829c8f3e2414108
osm:node:13597200503,xiu café,Hà Nội,cafe,insufficient_service_evidence,0,https://www.openstreetmap.org/node/13597200503,v2-c829c8f3e2414108
osm:node:13597246829,cà phê Thanh Thảo,Đà Nẵng,cafe,insufficient_service_evidence,0,https://www.openstreetmap.org/node/13597246829,v2-c829c8f3e2414108
osm:node:13597246831,04 Nguyễn Huy Tự,Đà Nẵng,restaurant,insufficient_service_evidence,0,https://www.openstreetmap.org/node/13597246831,v2-c829c8f3e2414108
osm:node:13600463820,43 Hòa Phú 9,Đà Nẵng,restaurant,insufficient_service_evidence,0,https://www.openstreetmap.org/node/13600463820,v2-c829c8f3e2414108
osm:node:13605453003,Banh doner,Hà Nội,restaurant,insufficient_service_evidence,0,https://www.openstreetmap.org/node/13605453003,v2-c829c8f3e2414108
osm:node:13605534101,Bami king,Hà Nội,restaurant,insufficient_service_evidence,0,https://www.openstreetmap.org/node/13605534101,v2-c829c8f3e2414108
osm:node:13608808901,Capella Coffee Roaster,Hà Nội,cafe,insufficient_service_evidence,0,https://www.openstreetmap.org/node/13608808901,v2-c829c8f3e2414108
osm:node:13608814601,Pizza via he,Hà Nội,restaurant,insufficient_service_evidence,0,https://www.openstreetmap.org/node/13608814601,v2-c829c8f3e2414108
osm:node:13609089059,nhà của Chung Tuyết,Hà Nội,restaurant,insufficient_service_evidence,0,https://www.openstreetmap.org/node/13609089059,v2-c829c8f3e2414108
osm:node:13610849401,Bun Cha 40k,Hà Nội,restaurant,insufficient_service_evidence,0,https://www.openstreetmap.org/node/13610849401,v2-c829c8f3e2414108
osm:node:13610849501,Tux-tax,Hà Nội,restaurant,insufficient_service_evidence,0,https://www.openstreetmap.org/node/13610849501,v2-c829c8f3e2414108
osm:node:13610945002,Highland Coffee Tòa I Building,Hà Nội,cafe,insufficient_service_evidence,0,https://www.openstreetmap.org/node/13610945002,v2-c829c8f3e2414108
osm:node:13611774001,Local restaurant,Hà Nội,restaurant,insufficient_service_evidence,0,https://www.openstreetmap.org/node/13611774001,v2-c829c8f3e2414108
osm:node:13611818006,"FIVE STAR (Fried chicken, Ga Ran)",Hà Nội,restaurant,insufficient_service_evidence,0,https://www.openstreetmap.org/node/13611818006,v2-c829c8f3e2414108
osm:node:13611906802,Bamboo snakes garden,Hà Nội,restaurant,insufficient_service_evidence,0,https://www.openstreetmap.org/node/13611906802,v2-c829c8f3e2414108
osm:node:13614010303,Oriberry,Hà Nội,cafe,insufficient_service_evidence,0,https://www.openstreetmap.org/node/13614010303,v2-c829c8f3e2414108
osm:node:13617118603,Refined,Hà Nội,cafe,insufficient_service_evidence,0,https://www.openstreetmap.org/node/13617118603,v2-c829c8f3e2414108
osm:node:13617875701,Bac Cafe,Hà Nội,cafe,insufficient_service_evidence,0,https://www.openstreetmap.org/node/13617875701,v2-c829c8f3e2414108
osm:node:13619314947,Starbucks,Đà Nẵng,cafe,insufficient_service_evidence,0,https://www.openstreetmap.org/node/13619314947,v2-c829c8f3e2414108
osm:node:13619374553,Quán Chè Bác Chinh,Hà Nội,restaurant,insufficient_service_evidence,0,https://www.openstreetmap.org/node/13619374553,v2-c829c8f3e2414108
osm:node:13619626204,Fried chicken,Hà Nội,restaurant,insufficient_service_evidence,0,https://www.openstreetmap.org/node/13619626204,v2-c829c8f3e2414108
osm:node:13619633802,Banh mi & Tea,Hà Nội,restaurant,insufficient_service_evidence,0,https://www.openstreetmap.org/node/13619633802,v2-c829c8f3e2414108
osm:node:13619843501,Ga Ran Viet,Hà Nội,restaurant,insufficient_service_evidence,0,https://www.openstreetmap.org/node/13619843501,v2-c829c8f3e2414108
osm:node:13623400001,Mai,Đà Nẵng,restaurant,weak_or_generic_name|insufficient_service_evidence,0,https://www.openstreetmap.org/node/13623400001,v2-c829c8f3e2414108
osm:node:13624265424,An's Cafe,Đà Nẵng,cafe,insufficient_service_evidence,0,https://www.openstreetmap.org/node/13624265424,v2-c829c8f3e2414108
osm:node:13624907701,Hoian Cusine,Đà Nẵng,restaurant,insufficient_service_evidence,0,https://www.openstreetmap.org/node/13624907701,v2-c829c8f3e2414108
osm:node:13626848101,Flavours of India,Đà Nẵng,restaurant,insufficient_service_evidence,0,https://www.openstreetmap.org/node/13626848101,v2-c829c8f3e2414108
osm:node:13631246007,Pho ga,Hà Nội,restaurant,insufficient_service_evidence,0,https://www.openstreetmap.org/node/13631246007,v2-c829c8f3e2414108
osm:node:13631246203,1985,Hà Nội,cafe,insufficient_service_evidence,0,https://www.openstreetmap.org/node/13631246203,v2-c829c8f3e2414108
osm:node:13631246205,Cafe gom,Hà Nội,cafe,insufficient_service_evidence,0,https://www.openstreetmap.org/node/13631246205,v2-c829c8f3e2414108
osm:node:13632874202,Pho,Hà Nội,restaurant,weak_or_generic_name|insufficient_service_evidence,0,https://www.openstreetmap.org/node/13632874202,v2-c829c8f3e2414108
osm:node:13632874302,Lotteria,Hà Nội,restaurant,insufficient_service_evidence,0,https://www.openstreetmap.org/node/13632874302,v2-c829c8f3e2414108
osm:node:13632874402,Bun,Hà Nội,restaurant,weak_or_generic_name|insufficient_service_evidence,0,https://www.openstreetmap.org/node/13632874402,v2-c829c8f3e2414108
osm:node:13632874403,Bun,Hà Nội,restaurant,weak_or_generic_name|insufficient_service_evidence,0,https://www.openstreetmap.org/node/13632874403,v2-c829c8f3e2414108
osm:node:13632874415,Pho,Hà Nội,restaurant,weak_or_generic_name|insufficient_service_evidence,0,https://www.openstreetmap.org/node/13632874415,v2-c829c8f3e2414108
osm:node:13632874604,Bun cha,Hà Nội,restaurant,insufficient_service_evidence,0,https://www.openstreetmap.org/node/13632874604,v2-c829c8f3e2414108
osm:node:13632874613,Pho,Hà Nội,restaurant,weak_or_generic_name|insufficient_service_evidence,0,https://www.openstreetmap.org/node/13632874613,v2-c829c8f3e2414108
osm:node:13632874616,Garden,Hà Nội,cafe,insufficient_service_evidence,0,https://www.openstreetmap.org/node/13632874616,v2-c829c8f3e2414108
osm:node:13632874701,Bun,Hà Nội,restaurant,weak_or_generic_name|insufficient_service_evidence,0,https://www.openstreetmap.org/node/13632874701,v2-c829c8f3e2414108
osm:node:13632947701,Cà Bóp - Eggcoffee & Art Corner,Hà Nội,cafe,insufficient_service_evidence,0,https://www.openstreetmap.org/node/13632947701,v2-c829c8f3e2414108
osm:node:13633101424,Vie Coffee and Tea,Hà Nội,cafe,insufficient_service_evidence,0,https://www.openstreetmap.org/node/13633101424,v2-c829c8f3e2414108
osm:node:13633371975,Odin Coffee,Hà Nội,cafe,insufficient_service_evidence,0,https://www.openstreetmap.org/node/13633371975,v2-c829c8f3e2414108
osm:node:13633434601,River View Restaurant,Đà Nẵng,restaurant,insufficient_service_evidence,0,https://www.openstreetmap.org/node/13633434601,v2-c829c8f3e2414108
osm:node:13633560801,Rice,Hà Nội,restaurant,insufficient_service_evidence,0,https://www.openstreetmap.org/node/13633560801,v2-c829c8f3e2414108
osm:node:13633561602,Soc,Hà Nội,cafe,weak_or_generic_name|insufficient_service_evidence,0,https://www.openstreetmap.org/node/13633561602,v2-c829c8f3e2414108
osm:node:13634157802,Nhà Hàng,Đà Nẵng,restaurant,insufficient_service_evidence,0,https://www.openstreetmap.org/node/13634157802,v2-c829c8f3e2414108
osm:node:13637673905,Bún Bò Huế Hiền Hạnh,Hà Nội,restaurant,insufficient_service_evidence,0,https://www.openstreetmap.org/node/13637673905,v2-c829c8f3e2414108
osm:node:13637938424,Mê Rooftop,Đà Nẵng,cafe,insufficient_service_evidence,0,https://www.openstreetmap.org/node/13637938424,v2-c829c8f3e2414108
osm:node:13639997900,Susu,Đà Nẵng,restaurant,insufficient_service_evidence,0,https://www.openstreetmap.org/node/13639997900,v2-c829c8f3e2414108
osm:node:13640024701,Bánh MÌ Sài Gòn,Hà Nội,restaurant,insufficient_service_evidence,0,https://www.openstreetmap.org/node/13640024701,v2-c829c8f3e2414108
osm:node:13640707701,Bún Chả Hạnh Béo,Hà Nội,restaurant,insufficient_service_evidence,0,https://www.openstreetmap.org/node/13640707701,v2-c829c8f3e2414108
osm:node:13641014101,Kitchen Town Restaurant,Đà Nẵng,restaurant,insufficient_service_evidence,0,https://www.openstreetmap.org/node/13641014101,v2-c829c8f3e2414108
osm:node:13644445201,Bánh Cuốn Nóng Gia Truyền,Hà Nội,restaurant,insufficient_service_evidence,0,https://www.openstreetmap.org/node/13644445201,v2-c829c8f3e2414108
osm:node:13644532801,Trang Cafe,Hà Nội,cafe,insufficient_service_evidence,0,https://www.openstreetmap.org/node/13644532801,v2-c829c8f3e2414108
osm:node:13647364502,Met Vietnamese Restaurant,Hà Nội,restaurant,insufficient_service_evidence,0,https://www.openstreetmap.org/node/13647364502,v2-c829c8f3e2414108
osm:node:13649888269,Điểm Nhìn Minh Trí,Hà Nội,viewpoint,insufficient_service_evidence,0,https://www.openstreetmap.org/node/13649888269,v2-c829c8f3e2414108
osm:node:13651316901,Firstroast Coffee,Đà Nẵng,cafe,insufficient_service_evidence,0,https://www.openstreetmap.org/node/13651316901,v2-c829c8f3e2414108
osm:node:13651666401,"Chã - Coffee, Banh Mi, Juice, Beer, Vegetarian Food",Hà Nội,restaurant,insufficient_service_evidence,0,https://www.openstreetmap.org/node/13651666401,v2-c829c8f3e2414108
osm:node:13654191001,Ban Xeo,Hà Nội,restaurant,insufficient_service_evidence,0,https://www.openstreetmap.org/node/13654191001,v2-c829c8f3e2414108
osm:node:13664368901,Banh Mi Vendor,Hà Nội,restaurant,insufficient_service_evidence,0,https://www.openstreetmap.org/node/13664368901,v2-c829c8f3e2414108
osm:node:13665939379,Bánh Mì Lan,Đà Nẵng,cafe,insufficient_service_evidence,0,https://www.openstreetmap.org/node/13665939379,v2-c829c8f3e2414108
osm:node:13666228501,Highlands Coffee,Hà Nội,cafe,insufficient_service_evidence,0,https://www.openstreetmap.org/node/13666228501,v2-c829c8f3e2414108
osm:node:13671225501,Cherry coffee,Đà Nẵng,cafe,insufficient_service_evidence,0,https://www.openstreetmap.org/node/13671225501,v2-c829c8f3e2414108
osm:node:13677406601,"Memorial to the victims of the Flight 229 plane crash on March 15, 1979.",Đà Nẵng,historic,insufficient_service_evidence,0,https://www.openstreetmap.org/node/13677406601,v2-c829c8f3e2414108
osm:node:13684800176,0 km,Hà Nội,attraction,weak_or_generic_name|insufficient_service_evidence,0,https://www.openstreetmap.org/node/13684800176,v2-c829c8f3e2414108
osm:node:13687660701,Nyna Cafe 24/7,Hà Nội,cafe,insufficient_service_evidence,0,https://www.openstreetmap.org/node/13687660701,v2-c829c8f3e2414108
osm:node:13687990703,The Son Bistro,Đà Nẵng,restaurant,insufficient_service_evidence,0,https://www.openstreetmap.org/node/13687990703,v2-c829c8f3e2414108
osm:node:13688584883,Phi hong,Hà Nội,restaurant,insufficient_service_evidence,0,https://www.openstreetmap.org/node/13688584883,v2-c829c8f3e2414108
osm:node:13688591630,Moc,Hà Nội,cafe,weak_or_generic_name|insufficient_service_evidence,0,https://www.openstreetmap.org/node/13688591630,v2-c829c8f3e2414108
osm:node:13690375426,Egg coffee & more,Hà Nội,cafe,insufficient_service_evidence,0,https://www.openstreetmap.org/node/13690375426,v2-c829c8f3e2414108
osm:node:13701085701,Xóm Chiêu,Đà Nẵng,cafe,insufficient_service_evidence,0,https://www.openstreetmap.org/node/13701085701,v2-c829c8f3e2414108
osm:node:13703831902,Hông Loan Quán,Hà Nội,restaurant,insufficient_service_evidence,0,https://www.openstreetmap.org/node/13703831902,v2-c829c8f3e2414108
osm:node:13703841401,Izakaya Matsuki,Hà Nội,restaurant,insufficient_service_evidence,0,https://www.openstreetmap.org/node/13703841401,v2-c829c8f3e2414108
osm:node:13712858876,Chợ đồ cũ hồ Đền Lừ,Hà Nội,market,insufficient_service_evidence,0,https://www.openstreetmap.org/node/13712858876,v2-c829c8f3e2414108
osm:node:13731592801,I am chicken,Hà Nội,restaurant,insufficient_service_evidence,0,https://www.openstreetmap.org/node/13731592801,v2-c829c8f3e2414108
osm:node:13734880501,Tượng Phật Phước Lý,Đà Nẵng,attraction,insufficient_service_evidence,0,https://www.openstreetmap.org/node/13734880501,v2-c829c8f3e2414108
osm:node:13738874785,Quán Bún chả Hà Nội Thanh Nga,Đà Nẵng,restaurant,insufficient_service_evidence,0,https://www.openstreetmap.org/node/13738874785,v2-c829c8f3e2414108
osm:node:13747554001,50 Cửa Đại,Đà Nẵng,restaurant,insufficient_service_evidence,0,https://www.openstreetmap.org/node/13747554001,v2-c829c8f3e2414108
osm:node:13747558901,Giai Khat,Đà Nẵng,cafe,insufficient_service_evidence,0,https://www.openstreetmap.org/node/13747558901,v2-c829c8f3e2414108
osm:node:13747614901,Chăm Chỉ,Đà Nẵng,restaurant,insufficient_service_evidence,0,https://www.openstreetmap.org/node/13747614901,v2-c829c8f3e2414108
osm:node:13747996002,Subi,Đà Nẵng,restaurant,insufficient_service_evidence,0,https://www.openstreetmap.org/node/13747996002,v2-c829c8f3e2414108
osm:node:13748852404,Irini Greek Food,Đà Nẵng,restaurant,insufficient_service_evidence,0,https://www.openstreetmap.org/node/13748852404,v2-c829c8f3e2414108
osm:node:13760498701,Cửa Ngõ Café,Đà Nẵng,cafe,insufficient_service_evidence,0,https://www.openstreetmap.org/node/13760498701,v2-c829c8f3e2414108
osm:node:13766193775,Cô Tới Coffee,Đà Nẵng,cafe,insufficient_service_evidence,0,https://www.openstreetmap.org/node/13766193775,v2-c829c8f3e2414108
osm:node:13789184102,naia,Đà Nẵng,cafe,insufficient_service_evidence,0,https://www.openstreetmap.org/node/13789184102,v2-c829c8f3e2414108
osm:node:13789184402,Ramblers,Đà Nẵng,restaurant,insufficient_service_evidence,0,https://www.openstreetmap.org/node/13789184402,v2-c829c8f3e2414108
osm:node:13789184503,The Taste of Sea Restaurant & Coffee,Đà Nẵng,restaurant,insufficient_service_evidence,0,https://www.openstreetmap.org/node/13789184503,v2-c829c8f3e2414108
osm:node:13793120391,E-Software Jsc,Hà Nội,temple,insufficient_service_evidence,0,https://www.openstreetmap.org/node/13793120391,v2-c829c8f3e2414108
osm:node:13794298537,The Moose & Roo Pub & Grill,Hà Nội,restaurant,insufficient_service_evidence,0,https://www.openstreetmap.org/node/13794298537,v2-c829c8f3e2414108
osm:node:13796566164,Artination,Hà Nội,cafe,insufficient_service_evidence,0,https://www.openstreetmap.org/node/13796566164,v2-c829c8f3e2414108
osm:node:13806229567,Starbucks,Hà Nội,cafe,insufficient_service_evidence,0,https://www.openstreetmap.org/node/13806229567,v2-c829c8f3e2414108
osm:node:13806229568,McDonald's,Hà Nội,restaurant,insufficient_service_evidence,0,https://www.openstreetmap.org/node/13806229568,v2-c829c8f3e2414108
osm:node:13806229569,Jollibee,Hà Nội,restaurant,insufficient_service_evidence,0,https://www.openstreetmap.org/node/13806229569,v2-c829c8f3e2414108
osm:node:13806229577,KFC,Hà Nội,restaurant,weak_or_generic_name|insufficient_service_evidence,0,https://www.openstreetmap.org/node/13806229577,v2-c829c8f3e2414108
osm:node:13806229589,Gong Cha,Hà Nội,cafe,insufficient_service_evidence,0,https://www.openstreetmap.org/node/13806229589,v2-c829c8f3e2414108
osm:node:13806229590,Highlands Coffee,Hà Nội,cafe,insufficient_service_evidence,0,https://www.openstreetmap.org/node/13806229590,v2-c829c8f3e2414108
osm:node:13806229591,Pizza 4P's,Hà Nội,restaurant,insufficient_service_evidence,0,https://www.openstreetmap.org/node/13806229591,v2-c829c8f3e2414108
osm:node:13806229592,Pepper Lunch,Hà Nội,restaurant,insufficient_service_evidence,0,https://www.openstreetmap.org/node/13806229592,v2-c829c8f3e2414108
osm:node:13826146101,Quán Chay,Đà Nẵng,restaurant,insufficient_service_evidence,0,https://www.openstreetmap.org/node/13826146101,v2-c829c8f3e2414108
osm:node:13830351880,Bia chiến thắng B.52,Hà Nội,historic,insufficient_service_evidence,0,https://www.openstreetmap.org/node/13830351880,v2-c829c8f3e2414108
osm:node:13832187701,Bánh Mì Chay,Đà Nẵng,restaurant,insufficient_service_evidence,0,https://www.openstreetmap.org/node/13832187701,v2-c829c8f3e2414108
osm:node:13836157612,Highlands Coffee,Hà Nội,cafe,insufficient_service_evidence,0,https://www.openstreetmap.org/node/13836157612,v2-c829c8f3e2414108
osm:node:13846529850,Nhà Bia,Đà Nẵng,historic,weak_or_generic_name,1,https://www.openstreetmap.org/node/13846529850,v2-c829c8f3e2414108
osm:node:13848456402,Phin Cũ Cafe,Đà Nẵng,cafe,insufficient_service_evidence,0,https://www.openstreetmap.org/node/13848456402,v2-c829c8f3e2414108
osm:node:13848478903,Pho,Đà Nẵng,restaurant,weak_or_generic_name|insufficient_service_evidence,0,https://www.openstreetmap.org/node/13848478903,v2-c829c8f3e2414108
osm:node:13848479101,Mi quang,Đà Nẵng,restaurant,insufficient_service_evidence,0,https://www.openstreetmap.org/node/13848479101,v2-c829c8f3e2414108
osm:node:13848891001,Bollywood Kitchen,Đà Nẵng,restaurant,insufficient_service_evidence,0,https://www.openstreetmap.org/node/13848891001,v2-c829c8f3e2414108
osm:node:13852137401,Zamia Coffe,Hà Nội,cafe,insufficient_service_evidence,0,https://www.openstreetmap.org/node/13852137401,v2-c829c8f3e2414108
osm:node:13853214801,Starbucks,Đà Nẵng,cafe,insufficient_service_evidence,0,https://www.openstreetmap.org/node/13853214801,v2-c829c8f3e2414108
osm:node:13853225601,Gan,Đà Nẵng,cafe,weak_or_generic_name|insufficient_service_evidence,0,https://www.openstreetmap.org/node/13853225601,v2-c829c8f3e2414108
osm:node:13853226001,Bun thit nuong,Đà Nẵng,restaurant,insufficient_service_evidence,0,https://www.openstreetmap.org/node/13853226001,v2-c829c8f3e2414108
osm:node:13853226101,Ikigai,Đà Nẵng,cafe,insufficient_service_evidence,0,https://www.openstreetmap.org/node/13853226101,v2-c829c8f3e2414108
osm:node:13853226201,Ngo coffee,Đà Nẵng,cafe,insufficient_service_evidence,0,https://www.openstreetmap.org/node/13853226201,v2-c829c8f3e2414108
osm:node:13855440601,McDonald's,Đà Nẵng,restaurant,insufficient_service_evidence,0,https://www.openstreetmap.org/node/13855440601,v2-c829c8f3e2414108
osm:node:13857080401,The Ketchup,Đà Nẵng,restaurant,insufficient_service_evidence,0,https://www.openstreetmap.org/node/13857080401,v2-c829c8f3e2414108
osm:node:13860986975,ABC Bakery,Đà Nẵng,cafe,insufficient_service_evidence,0,https://www.openstreetmap.org/node/13860986975,v2-c829c8f3e2414108
osm:node:13860996033,Tuần Châu Beach Coffee & Beer Chill,Hà Nội,cafe,insufficient_service_evidence,0,https://www.openstreetmap.org/node/13860996033,v2-c829c8f3e2414108
osm:node:13860996057,Đình Thụy Khuê,Hà Nội,temple,insufficient_service_evidence,0,https://www.openstreetmap.org/node/13860996057,v2-c829c8f3e2414108
osm:node:13860996058,Đền Thượng,Hà Nội,temple,insufficient_service_evidence,0,https://www.openstreetmap.org/node/13860996058,v2-c829c8f3e2414108
osm:node:13860996059,Thủy Đình,Hà Nội,temple,insufficient_service_evidence,0,https://www.openstreetmap.org/node/13860996059,v2-c829c8f3e2414108
osm:node:13876689984,Thảo Viên Gió Sông Hồng,Hà Nội,restaurant,insufficient_service_evidence,0,https://www.openstreetmap.org/node/13876689984,v2-c829c8f3e2414108
osm:node:13881291562,Sport coffee,Đà Nẵng,cafe,insufficient_service_evidence,0,https://www.openstreetmap.org/node/13881291562,v2-c829c8f3e2414108
osm:node:13884420696,Highlands Coffee,Hà Nội,cafe,insufficient_service_evidence,0,https://www.openstreetmap.org/node/13884420696,v2-c829c8f3e2414108
osm:node:13888717612,Mixue,Hà Nội,cafe,insufficient_service_evidence,0,https://www.openstreetmap.org/node/13888717612,v2-c829c8f3e2414108
osm:node:13888717614,Highlands Coffee,Hà Nội,cafe,insufficient_service_evidence,0,https://www.openstreetmap.org/node/13888717614,v2-c829c8f3e2414108
osm:node:13893487516,Duyen Com ga - mien ga,Đà Nẵng,restaurant,insufficient_service_evidence,0,https://www.openstreetmap.org/node/13893487516,v2-c829c8f3e2414108
osm:node:13893487517,Banh canh ghe,Đà Nẵng,restaurant,insufficient_service_evidence,0,https://www.openstreetmap.org/node/13893487517,v2-c829c8f3e2414108
osm:node:13893487518,Pho lien hoi an,Đà Nẵng,restaurant,insufficient_service_evidence,0,https://www.openstreetmap.org/node/13893487518,v2-c829c8f3e2414108
osm:node:13893487519,Coffee & kem,Đà Nẵng,cafe,insufficient_service_evidence,0,https://www.openstreetmap.org/node/13893487519,v2-c829c8f3e2414108
osm:node:13893488115,Vinh cat cafe,Đà Nẵng,cafe,insufficient_service_evidence,0,https://www.openstreetmap.org/node/13893488115,v2-c829c8f3e2414108
osm:node:13893639501,Co tam com ga - mien ga,Đà Nẵng,restaurant,insufficient_service_evidence,0,https://www.openstreetmap.org/node/13893639501,v2-c829c8f3e2414108
osm:node:13893913112,Pho lien,Đà Nẵng,restaurant,insufficient_service_evidence,0,https://www.openstreetmap.org/node/13893913112,v2-c829c8f3e2414108
osm:node:13895395503,Pho a.hung,Đà Nẵng,restaurant,insufficient_service_evidence,0,https://www.openstreetmap.org/node/13895395503,v2-c829c8f3e2414108
osm:node:13895997882,Yatai Ramen,Hà Nội,restaurant,insufficient_service_evidence,0,https://www.openstreetmap.org/node/13895997882,v2-c829c8f3e2414108
osm:node:13895997883,Highlands Coffee,Hà Nội,cafe,insufficient_service_evidence,0,https://www.openstreetmap.org/node/13895997883,v2-c829c8f3e2414108
osm:node:13898121701,Wind Bell,Đà Nẵng,cafe,insufficient_service_evidence,0,https://www.openstreetmap.org/node/13898121701,v2-c829c8f3e2414108
osm:node:13898773058,Nhà hàng đảo bên hồ,Hà Nội,restaurant,insufficient_service_evidence,0,https://www.openstreetmap.org/node/13898773058,v2-c829c8f3e2414108
osm:node:13898953317,Chợ Lòng Thuyền,Hà Nội,market,insufficient_service_evidence,0,https://www.openstreetmap.org/node/13898953317,v2-c829c8f3e2414108
osm:node:13901304302,Hu tieu,Đà Nẵng,restaurant,insufficient_service_evidence,0,https://www.openstreetmap.org/node/13901304302,v2-c829c8f3e2414108
osm:node:13901304501,Quan nhau binh dan,Đà Nẵng,restaurant,insufficient_service_evidence,0,https://www.openstreetmap.org/node/13901304501,v2-c829c8f3e2414108
osm:node:13901304801,Banh canh,Đà Nẵng,restaurant,insufficient_service_evidence,0,https://www.openstreetmap.org/node/13901304801,v2-c829c8f3e2414108
osm:node:13904093350,Đỉnh Ngạo Thiên,Hà Nội,nature_area,insufficient_service_evidence,0,https://www.openstreetmap.org/node/13904093350,v2-c829c8f3e2414108
osm:node:13912129701,TIỆM CƠM CHÚ TÈO,Đà Nẵng,restaurant,insufficient_service_evidence,0,https://www.openstreetmap.org/node/13912129701,v2-c829c8f3e2414108
osm:node:13912681353,Pizza Hut,Hà Nội,restaurant,insufficient_service_evidence,0,https://www.openstreetmap.org/node/13912681353,v2-c829c8f3e2414108
osm:node:13912681354,KFC,Hà Nội,restaurant,weak_or_generic_name|insufficient_service_evidence,0,https://www.openstreetmap.org/node/13912681354,v2-c829c8f3e2414108
osm:node:13912681355,Lotteria,Hà Nội,restaurant,insufficient_service_evidence,0,https://www.openstreetmap.org/node/13912681355,v2-c829c8f3e2414108
osm:node:13912681356,Highlands Coffee,Hà Nội,cafe,insufficient_service_evidence,0,https://www.openstreetmap.org/node/13912681356,v2-c829c8f3e2414108
osm:node:13915583550,置屋街,Hà Nội,attraction,weak_or_generic_name|insufficient_service_evidence,0,https://www.openstreetmap.org/node/13915583550,v2-c829c8f3e2414108
osm:node:13916784573,Chợ đêm Lĩnh Nam,Hà Nội,market,insufficient_service_evidence,0,https://www.openstreetmap.org/node/13916784573,v2-c829c8f3e2414108
osm:node:13917253901,Maazi,Đà Nẵng,restaurant,insufficient_service_evidence,0,https://www.openstreetmap.org/node/13917253901,v2-c829c8f3e2414108
osm:node:13920078214,MONKEY BEACH BAR,Đà Nẵng,cafe,insufficient_service_evidence,0,https://www.openstreetmap.org/node/13920078214,v2-c829c8f3e2414108
osm:node:13922225984,Trúc Lượng,Đà Nẵng,restaurant,insufficient_service_evidence,0,https://www.openstreetmap.org/node/13922225984,v2-c829c8f3e2414108
osm:node:13922503279,Cay Bang,Đà Nẵng,restaurant,insufficient_service_evidence,0,https://www.openstreetmap.org/node/13922503279,v2-c829c8f3e2414108
osm:node:13922739901,Hammock,Đà Nẵng,restaurant,insufficient_service_evidence,0,https://www.openstreetmap.org/node/13922739901,v2-c829c8f3e2414108
osm:node:13930281701,Ngô Khánh Restaurant,Đà Nẵng,restaurant,insufficient_service_evidence,0,https://www.openstreetmap.org/node/13930281701,v2-c829c8f3e2414108
osm:node:13936946801,Cashew Tree Restaurant,Đà Nẵng,restaurant,insufficient_service_evidence,0,https://www.openstreetmap.org/node/13936946801,v2-c829c8f3e2414108
osm:node:13937758901,Ngọc Phụng,Đà Nẵng,cafe,insufficient_service_evidence,0,https://www.openstreetmap.org/node/13937758901,v2-c829c8f3e2414108
osm:node:13938249951,Tomo Sushi,Đà Nẵng,restaurant,insufficient_service_evidence,0,https://www.openstreetmap.org/node/13938249951,v2-c829c8f3e2414108
osm:node:13944634965,Highlands Coffee,Hà Nội,cafe,insufficient_service_evidence,0,https://www.openstreetmap.org/node/13944634965,v2-c829c8f3e2414108
osm:node:13945910808,Highlands Coffee,Hà Nội,cafe,insufficient_service_evidence,0,https://www.openstreetmap.org/node/13945910808,v2-c829c8f3e2414108
osm:node:13947450701,Family Ramen,Hà Nội,restaurant,insufficient_service_evidence,0,https://www.openstreetmap.org/node/13947450701,v2-c829c8f3e2414108
osm:node:13949090703,Pho van cu,Hà Nội,restaurant,insufficient_service_evidence,0,https://www.openstreetmap.org/node/13949090703,v2-c829c8f3e2414108
osm:node:13955136101,Movitas,Hà Nội,restaurant,insufficient_service_evidence,0,https://www.openstreetmap.org/node/13955136101,v2-c829c8f3e2414108
osm:node:13964921201,Nune (smoothie),Đà Nẵng,cafe,insufficient_service_evidence,0,https://www.openstreetmap.org/node/13964921201,v2-c829c8f3e2414108
osm:node:13971665001,FOREST98COFFEE,Đà Nẵng,cafe,insufficient_service_evidence,0,https://www.openstreetmap.org/node/13971665001,v2-c829c8f3e2414108
osm:node:13974031901,Tiệm cà phê Hoa Giấy,Đà Nẵng,cafe,insufficient_service_evidence,0,https://www.openstreetmap.org/node/13974031901,v2-c829c8f3e2414108
osm:node:13981943861,Bánh Mì Chay SQ,Hà Nội,restaurant,insufficient_service_evidence,0,https://www.openstreetmap.org/node/13981943861,v2-c829c8f3e2414108
osm:node:13982143275,Nhà Hàng Chay Rasa,Hà Nội,restaurant,insufficient_service_evidence,0,https://www.openstreetmap.org/node/13982143275,v2-c829c8f3e2414108
osm:node:13982886474,Nhà Chay Tara,Hà Nội,restaurant,insufficient_service_evidence,0,https://www.openstreetmap.org/node/13982886474,v2-c829c8f3e2414108
osm:node:13986170474,Kepp.,Hà Nội,restaurant,insufficient_service_evidence,0,https://www.openstreetmap.org/node/13986170474,v2-c829c8f3e2414108
osm:node:13986170475,Bo Beo,Hà Nội,restaurant,insufficient_service_evidence,0,https://www.openstreetmap.org/node/13986170475,v2-c829c8f3e2414108
osm:node:13990162759,Phuc Long,Đà Nẵng,cafe,insufficient_service_evidence,0,https://www.openstreetmap.org/node/13990162759,v2-c829c8f3e2414108
osm:node:13990162765,Highlands Coffee,Đà Nẵng,cafe,insufficient_service_evidence,0,https://www.openstreetmap.org/node/13990162765,v2-c829c8f3e2414108
osm:node:13990162778,Starbucks,Đà Nẵng,cafe,insufficient_service_evidence,0,https://www.openstreetmap.org/node/13990162778,v2-c829c8f3e2414108
osm:node:13990311204,GEN SUSHI,Đà Nẵng,restaurant,insufficient_service_evidence,0,https://www.openstreetmap.org/node/13990311204,v2-c829c8f3e2414108
osm:node:14004104302,At Ca Phe,Đà Nẵng,cafe,insufficient_service_evidence,0,https://www.openstreetmap.org/node/14004104302,v2-c829c8f3e2414108
osm:node:14005747112,Chợ cá Yên Sở,Hà Nội,market,insufficient_service_evidence,0,https://www.openstreetmap.org/node/14005747112,v2-c829c8f3e2414108
osm:node:14023367049,Phong Tranh Gieng troi Pati Art Gallery,Đà Nẵng,cafe,insufficient_service_evidence,0,https://www.openstreetmap.org/node/14023367049,v2-c829c8f3e2414108
osm:node:14025305349,Home Paste,Đà Nẵng,restaurant,insufficient_service_evidence,0,https://www.openstreetmap.org/node/14025305349,v2-c829c8f3e2414108
osm:node:14028555001,HT COFFEE - Bed and Rooftop,Đà Nẵng,cafe,insufficient_service_evidence,0,https://www.openstreetmap.org/node/14028555001,v2-c829c8f3e2414108
osm:node:14033302445,An An,Hà Nội,cafe,insufficient_service_evidence,0,https://www.openstreetmap.org/node/14033302445,v2-c829c8f3e2414108
osm:node:14039014101,BLACK PEARL World Foods,Đà Nẵng,restaurant,insufficient_service_evidence,0,https://www.openstreetmap.org/node/14039014101,v2-c829c8f3e2414108
osm:node:14041035701,Chay Như Ỹ,Đà Nẵng,restaurant,insufficient_service_evidence,0,https://www.openstreetmap.org/node/14041035701,v2-c829c8f3e2414108
osm:node:14042791962,Café Quyên Minh,Đà Nẵng,cafe,insufficient_service_evidence,0,https://www.openstreetmap.org/node/14042791962,v2-c829c8f3e2414108
osm:node:14045216801,Kanpai,Đà Nẵng,restaurant,insufficient_service_evidence,0,https://www.openstreetmap.org/node/14045216801,v2-c829c8f3e2414108
osm:node:14049103101,Banh Duc,Hà Nội,restaurant,insufficient_service_evidence,0,https://www.openstreetmap.org/node/14049103101,v2-c829c8f3e2414108
osm:node:14049103201,Huong Mai,Hà Nội,restaurant,insufficient_service_evidence,0,https://www.openstreetmap.org/node/14049103201,v2-c829c8f3e2414108
osm:node:14049103301,Bun Bo Nam Bo,Hà Nội,restaurant,insufficient_service_evidence,0,https://www.openstreetmap.org/node/14049103301,v2-c829c8f3e2414108
osm:node:14054774703,Bun Dau,Hà Nội,restaurant,insufficient_service_evidence,0,https://www.openstreetmap.org/node/14054774703,v2-c829c8f3e2414108
osm:node:14054791601,C.O.C Legacy,Hà Nội,cafe,insufficient_service_evidence,0,https://www.openstreetmap.org/node/14054791601,v2-c829c8f3e2414108
osm:node:14056041723,RAMEN ICHIBANKEN,Hà Nội,restaurant,insufficient_service_evidence,0,https://www.openstreetmap.org/node/14056041723,v2-c829c8f3e2414108
osm:node:14063548122,Five Star,Đà Nẵng,cafe,insufficient_service_evidence,0,https://www.openstreetmap.org/node/14063548122,v2-c829c8f3e2414108
osm:node:14064309334,AMP,Đà Nẵng,cafe,weak_or_generic_name|insufficient_service_evidence,0,https://www.openstreetmap.org/node/14064309334,v2-c829c8f3e2414108
osm:node:14064309335,Zôtopia,Đà Nẵng,restaurant,insufficient_service_evidence,0,https://www.openstreetmap.org/node/14064309335,v2-c829c8f3e2414108
osm:node:14064309337,Đặc Sản Trần,Đà Nẵng,restaurant,insufficient_service_evidence,0,https://www.openstreetmap.org/node/14064309337,v2-c829c8f3e2414108
osm:node:14064309338,Kem Bo,Đà Nẵng,cafe,insufficient_service_evidence,0,https://www.openstreetmap.org/node/14064309338,v2-c829c8f3e2414108
osm:node:14064444702,Công Ca Phê,Hà Nội,restaurant,insufficient_service_evidence,0,https://www.openstreetmap.org/node/14064444702,v2-c829c8f3e2414108
osm:node:14067561403,Milano Coffee,Đà Nẵng,cafe,insufficient_service_evidence,0,https://www.openstreetmap.org/node/14067561403,v2-c829c8f3e2414108
osm:node:14074419959,Moc,Hà Nội,cafe,weak_or_generic_name|insufficient_service_evidence,0,https://www.openstreetmap.org/node/14074419959,v2-c829c8f3e2414108
osm:node:14074419963,Aha,Hà Nội,cafe,weak_or_generic_name|insufficient_service_evidence,0,https://www.openstreetmap.org/node/14074419963,v2-c829c8f3e2414108
osm:node:14074419965,Bun,Hà Nội,restaurant,weak_or_generic_name|insufficient_service_evidence,0,https://www.openstreetmap.org/node/14074419965,v2-c829c8f3e2414108
osm:node:14074419966,Banh Bao,Hà Nội,restaurant,insufficient_service_evidence,0,https://www.openstreetmap.org/node/14074419966,v2-c829c8f3e2414108
osm:node:14074967004,Bia Nghĩa trủng Phước Ninh,Đà Nẵng,historic,insufficient_service_evidence,0,https://www.openstreetmap.org/node/14074967004,v2-c829c8f3e2414108
osm:node:14076086101,Di tích khảo cổ học Bãi Ông,Đà Nẵng,historic,insufficient_service_evidence,0,https://www.openstreetmap.org/node/14076086101,v2-c829c8f3e2414108
osm:node:14080138202,Luon 51,Đà Nẵng,restaurant,insufficient_service_evidence,0,https://www.openstreetmap.org/node/14080138202,v2-c829c8f3e2414108
osm:node:14080252351,Mate Restaurant and Coffee,Đà Nẵng,restaurant,insufficient_service_evidence,0,https://www.openstreetmap.org/node/14080252351,v2-c829c8f3e2414108
osm:node:14084618401,Bà ngoại,Hà Nội,historic,insufficient_service_evidence,0,https://www.openstreetmap.org/node/14084618401,v2-c829c8f3e2414108
osm:node:14086172301,"Bao Nguyen Bolero (Pho, Bun, Mien)",Hà Nội,restaurant,insufficient_service_evidence,0,https://www.openstreetmap.org/node/14086172301,v2-c829c8f3e2414108
osm:node:14086684701,Bun Rieu; Com,Hà Nội,restaurant,insufficient_service_evidence,0,https://www.openstreetmap.org/node/14086684701,v2-c829c8f3e2414108
osm:node:14086736701,Bun,Hà Nội,restaurant,weak_or_generic_name|insufficient_service_evidence,0,https://www.openstreetmap.org/node/14086736701,v2-c829c8f3e2414108
osm:node:14087058901,Pho,Hà Nội,restaurant,weak_or_generic_name|insufficient_service_evidence,0,https://www.openstreetmap.org/node/14087058901,v2-c829c8f3e2414108
osm:node:14089289793,Boulevard,Đà Nẵng,cafe,insufficient_service_evidence,0,https://www.openstreetmap.org/node/14089289793,v2-c829c8f3e2414108
osm:node:14095752086,Thương yêu cô gái nhỏ,Hà Nội,historic,insufficient_service_evidence,0,https://www.openstreetmap.org/node/14095752086,v2-c829c8f3e2414108
osm:node:14096883184,Hanoi Train Street,Hà Nội,attraction,insufficient_service_evidence,0,https://www.openstreetmap.org/node/14096883184,v2-c829c8f3e2414108
osm:node:14119231102,186 Coffee Roasters,Hà Nội,cafe,insufficient_service_evidence,0,https://www.openstreetmap.org/node/14119231102,v2-c829c8f3e2414108
osm:node:14125298501,Nhà hàng NHÀ BÊP CHÓ HÀN,Đà Nẵng,restaurant,insufficient_service_evidence,0,https://www.openstreetmap.org/node/14125298501,v2-c829c8f3e2414108
osm:node:14128486001,The Secret Oasis,Đà Nẵng,restaurant,insufficient_service_evidence,0,https://www.openstreetmap.org/node/14128486001,v2-c829c8f3e2414108
osm:node:14128486201,Bún bò hué Na,Đà Nẵng,restaurant,insufficient_service_evidence,0,https://www.openstreetmap.org/node/14128486201,v2-c829c8f3e2414108
osm:node:14130293535,Tượng đài Dũng sĩ Điện Ngọc,Đà Nẵng,historic,insufficient_service_evidence,0,https://www.openstreetmap.org/node/14130293535,v2-c829c8f3e2414108
osm:node:14134320601,Dinh phong,Đà Nẵng,restaurant,insufficient_service_evidence,0,https://www.openstreetmap.org/node/14134320601,v2-c829c8f3e2414108
osm:node:14137142367,Miếu thờ Đức Thánh Cả,Hà Nội,temple,insufficient_service_evidence,0,https://www.openstreetmap.org/node/14137142367,v2-c829c8f3e2414108
osm:node:14137358101,DOM,Hà Nội,cafe,weak_or_generic_name|insufficient_service_evidence,0,https://www.openstreetmap.org/node/14137358101,v2-c829c8f3e2414108
osm:node:14137358201,Cafe Kim Dùa,Hà Nội,cafe,insufficient_service_evidence,0,https://www.openstreetmap.org/node/14137358201,v2-c829c8f3e2414108
osm:node:14137447501,ểnh ương,Hà Nội,cafe,insufficient_service_evidence,0,https://www.openstreetmap.org/node/14137447501,v2-c829c8f3e2414108
osm:node:14137451402,Coffee Nhi,Hà Nội,cafe,insufficient_service_evidence,0,https://www.openstreetmap.org/node/14137451402,v2-c829c8f3e2414108
osm:node:14141370201,Tomini’s Pizza,Đà Nẵng,restaurant,insufficient_service_evidence,0,https://www.openstreetmap.org/node/14141370201,v2-c829c8f3e2414108
osm:node:14143592101,Auspice,Hà Nội,cafe,insufficient_service_evidence,0,https://www.openstreetmap.org/node/14143592101,v2-c829c8f3e2414108
osm:node:14144385001,Phở Gà - Hủ Tíu Gà,Hà Nội,restaurant,insufficient_service_evidence,0,https://www.openstreetmap.org/node/14144385001,v2-c829c8f3e2414108
osm:node:14144414801,Cô Lan,Hà Nội,restaurant,insufficient_service_evidence,0,https://www.openstreetmap.org/node/14144414801,v2-c829c8f3e2414108
osm:node:14148043050,Trận địa tên lửa Chèm,Hà Nội,historic,insufficient_service_evidence,0,https://www.openstreetmap.org/node/14148043050,v2-c829c8f3e2414108
osm:node:14148128101,Lan Ong,Hà Nội,restaurant,insufficient_service_evidence,0,https://www.openstreetmap.org/node/14148128101,v2-c829c8f3e2414108
osm:node:14152831901,Phương Bẻo (amazing phở gà),Hà Nội,restaurant,insufficient_service_evidence,0,https://www.openstreetmap.org/node/14152831901,v2-c829c8f3e2414108
osm:node:14155930001,Ly Quoc Su,Hà Nội,cafe,insufficient_service_evidence,0,https://www.openstreetmap.org/node/14155930001,v2-c829c8f3e2414108
osm:node:14156570901,MR BEER,Hà Nội,restaurant,insufficient_service_evidence,0,https://www.openstreetmap.org/node/14156570901,v2-c829c8f3e2414108
osm:node:14156600501,Na Na,Hà Nội,cafe,insufficient_service_evidence,0,https://www.openstreetmap.org/node/14156600501,v2-c829c8f3e2414108
osm:node:14157170460,Chùa Kiến Bái,Hà Nội,temple,insufficient_service_evidence,0,https://www.openstreetmap.org/node/14157170460,v2-c829c8f3e2414108
osm:node:14157170488,Đền Phù Đổng,Hà Nội,temple,insufficient_service_evidence,0,https://www.openstreetmap.org/node/14157170488,v2-c829c8f3e2414108
osm:node:14159492602,Com,Đà Nẵng,restaurant,weak_or_generic_name|insufficient_service_evidence,0,https://www.openstreetmap.org/node/14159492602,v2-c829c8f3e2414108
osm:node:14159493501,Bun,Đà Nẵng,restaurant,weak_or_generic_name|insufficient_service_evidence,0,https://www.openstreetmap.org/node/14159493501,v2-c829c8f3e2414108
osm:node:14161856907,Milano,Đà Nẵng,cafe,insufficient_service_evidence,0,https://www.openstreetmap.org/node/14161856907,v2-c829c8f3e2414108
osm:node:14165243301,Thien an coffee,Đà Nẵng,cafe,insufficient_service_evidence,0,https://www.openstreetmap.org/node/14165243301,v2-c829c8f3e2414108
osm:node:14165243401,Com ga mam toi Khanh,Đà Nẵng,restaurant,insufficient_service_evidence,0,https://www.openstreetmap.org/node/14165243401,v2-c829c8f3e2414108
osm:node:14173236801,Lơ Fleur,Hà Nội,cafe,insufficient_service_evidence,0,https://www.openstreetmap.org/node/14173236801,v2-c829c8f3e2414108
osm:node:14174721301,Cơm Gà Mìn,Hà Nội,restaurant,insufficient_service_evidence,0,https://www.openstreetmap.org/node/14174721301,v2-c829c8f3e2414108
osm:node:14182195402,Tiệm Chay Nhà Mình,Hà Nội,restaurant,insufficient_service_evidence,0,https://www.openstreetmap.org/node/14182195402,v2-c829c8f3e2414108
osm:node:14182850490,Bánh bèo sũa dâu nành,Đà Nẵng,restaurant,insufficient_service_evidence,0,https://www.openstreetmap.org/node/14182850490,v2-c829c8f3e2414108
osm:node:14183047001,Lẩu nướng Tây Bắc,Hà Nội,restaurant,insufficient_service_evidence,0,https://www.openstreetmap.org/node/14183047001,v2-c829c8f3e2414108
osm:node:1497544853,Cà Phê Trang,Hà Nội,cafe,insufficient_service_evidence,0,https://www.openstreetmap.org/node/1497544853,v2-c829c8f3e2414108
osm:node:1498111667,Di Tích Lịch Sử Chùa Láng,Hà Nội,historic,insufficient_service_evidence,0,https://www.openstreetmap.org/node/1498111667,v2-c829c8f3e2414108
osm:node:1538334281,Đỉnh Bàn Cờ,Đà Nẵng,viewpoint,insufficient_service_evidence,0,https://www.openstreetmap.org/node/1538334281,v2-c829c8f3e2414108
osm:node:1623183649,Núi Sơn Trà,Đà Nẵng,nature_area,insufficient_service_evidence,0,https://www.openstreetmap.org/node/1623183649,v2-c829c8f3e2414108
osm:node:1685291681,Chợ Chiều Thắng Lợi,Hà Nội,market,insufficient_service_evidence,0,https://www.openstreetmap.org/node/1685291681,v2-c829c8f3e2414108
osm:node:1708540209,Cơm Trịnh,Hà Nội,restaurant,insufficient_service_evidence,0,https://www.openstreetmap.org/node/1708540209,v2-c829c8f3e2414108
osm:node:1711447439,Nhà Hàng Lâm Ký,Hà Nội,restaurant,insufficient_service_evidence,0,https://www.openstreetmap.org/node/1711447439,v2-c829c8f3e2414108
osm:node:1711447442,Siêu thị Thành Sơn,Hà Nội,market,insufficient_service_evidence,0,https://www.openstreetmap.org/node/1711447442,v2-c829c8f3e2414108
osm:node:1711457407,Nhà hàng Đông Thành,Hà Nội,restaurant,insufficient_service_evidence,0,https://www.openstreetmap.org/node/1711457407,v2-c829c8f3e2414108
osm:node:1716371376,Ô Thuỵ Chương,Hà Nội,historic,insufficient_service_evidence,0,https://www.openstreetmap.org/node/1716371376,v2-c829c8f3e2414108
osm:node:1726805065,Vanilla,Đà Nẵng,cafe,insufficient_service_evidence,0,https://www.openstreetmap.org/node/1726805065,v2-c829c8f3e2414108
osm:node:1758586662,Thuỷ Sơn,Đà Nẵng,attraction,insufficient_service_evidence,0,https://www.openstreetmap.org/node/1758586662,v2-c829c8f3e2414108
osm:node:1769334889,Cafe Phong,Đà Nẵng,cafe,insufficient_service_evidence,0,https://www.openstreetmap.org/node/1769334889,v2-c829c8f3e2414108
osm:node:1769566984,Nhà Hàng BBQ Chicken,Hà Nội,restaurant,insufficient_service_evidence,0,https://www.openstreetmap.org/node/1769566984,v2-c829c8f3e2414108
osm:node:1989505263,caFe Hoàng Anh,Đà Nẵng,cafe,insufficient_service_evidence,0,https://www.openstreetmap.org/node/1989505263,v2-c829c8f3e2414108
osm:node:1992479743,Tao Do,Đà Nẵng,restaurant,insufficient_service_evidence,0,https://www.openstreetmap.org/node/1992479743,v2-c829c8f3e2414108
osm:node:1997671803,Day & Night Café,Đà Nẵng,restaurant,insufficient_service_evidence,0,https://www.openstreetmap.org/node/1997671803,v2-c829c8f3e2414108
osm:node:2076855759,Banana Leaf,Đà Nẵng,cafe,insufficient_service_evidence,0,https://www.openstreetmap.org/node/2076855759,v2-c829c8f3e2414108
osm:node:2076855765,Blue Dragon,Đà Nẵng,restaurant,insufficient_service_evidence,0,https://www.openstreetmap.org/node/2076855765,v2-c829c8f3e2414108
osm:node:2076855779,Can 화이트로즈 프ㅏ이드 완탕,Đà Nẵng,cafe,weak_or_generic_name|insufficient_service_evidence,0,https://www.openstreetmap.org/node/2076855779,v2-c829c8f3e2414108
osm:node:2076855785,Cordon Bleu,Đà Nẵng,restaurant,insufficient_service_evidence,0,https://www.openstreetmap.org/node/2076855785,v2-c829c8f3e2414108
osm:node:2076855790,Dac San Hoi An,Đà Nẵng,restaurant,insufficient_service_evidence,0,https://www.openstreetmap.org/node/2076855790,v2-c829c8f3e2414108
osm:node:2076855801,Du Port,Đà Nẵng,restaurant,insufficient_service_evidence,0,https://www.openstreetmap.org/node/2076855801,v2-c829c8f3e2414108
osm:node:2076855807,Faifoo,Đà Nẵng,restaurant,insufficient_service_evidence,0,https://www.openstreetmap.org/node/2076855807,v2-c829c8f3e2414108
osm:node:2076855824,Green Chili,Đà Nẵng,restaurant,insufficient_service_evidence,0,https://www.openstreetmap.org/node/2076855824,v2-c829c8f3e2414108
osm:node:2076855840,Green Mango,Đà Nẵng,restaurant,insufficient_service_evidence,0,https://www.openstreetmap.org/node/2076855840,v2-c829c8f3e2414108
osm:node:2076855847,Hải Café,Đà Nẵng,cafe,insufficient_service_evidence,0,https://www.openstreetmap.org/node/2076855847,v2-c829c8f3e2414108
osm:node:2076855854,Hai San,Đà Nẵng,restaurant,insufficient_service_evidence,0,https://www.openstreetmap.org/node/2076855854,v2-c829c8f3e2414108
osm:node:2076855866,Nhà cổ Đức An,Đà Nẵng,museum,insufficient_service_evidence,0,https://www.openstreetmap.org/node/2076855866,v2-c829c8f3e2414108
osm:node:2076855890,Ho Hoa Temple,Đà Nẵng,temple,insufficient_service_evidence,0,https://www.openstreetmap.org/node/2076855890,v2-c829c8f3e2414108
osm:node:2076855897,Hong Phuc II,Đà Nẵng,restaurant,insufficient_service_evidence,0,https://www.openstreetmap.org/node/2076855897,v2-c829c8f3e2414108
osm:node:2076855902,Hong Phuc,Đà Nẵng,restaurant,insufficient_service_evidence,0,https://www.openstreetmap.org/node/2076855902,v2-c829c8f3e2414108
osm:node:2076855925,Kisetsu,Đà Nẵng,cafe,insufficient_service_evidence,0,https://www.openstreetmap.org/node/2076855925,v2-c829c8f3e2414108
osm:node:2076855941,Lantern Town,Đà Nẵng,restaurant,insufficient_service_evidence,0,https://www.openstreetmap.org/node/2076855941,v2-c829c8f3e2414108
osm:node:2076855954,Nhà cổ Quân Thắng,Đà Nẵng,museum,insufficient_service_evidence,0,https://www.openstreetmap.org/node/2076855954,v2-c829c8f3e2414108
osm:node:2076855958,Cafe Phôn,Đà Nẵng,cafe,insufficient_service_evidence,0,https://www.openstreetmap.org/node/2076855958,v2-c829c8f3e2414108
osm:node:2076855988,Quang Thang,Đà Nẵng,restaurant,insufficient_service_evidence,0,https://www.openstreetmap.org/node/2076855988,v2-c829c8f3e2414108
osm:node:2076855994,Red Sail,Đà Nẵng,restaurant,insufficient_service_evidence,0,https://www.openstreetmap.org/node/2076855994,v2-c829c8f3e2414108
osm:node:2076856005,Sao Mai,Đà Nẵng,restaurant,insufficient_service_evidence,0,https://www.openstreetmap.org/node/2076856005,v2-c829c8f3e2414108
osm:node:2076856011,Tam Tam Cafe,Đà Nẵng,cafe,insufficient_service_evidence,0,https://www.openstreetmap.org/node/2076856011,v2-c829c8f3e2414108
osm:node:2076856015,Tam Tam Jardin,Đà Nẵng,cafe,insufficient_service_evidence,0,https://www.openstreetmap.org/node/2076856015,v2-c829c8f3e2414108
osm:node:2076856027,Thanh Hien,Đà Nẵng,restaurant,insufficient_service_evidence,0,https://www.openstreetmap.org/node/2076856027,v2-c829c8f3e2414108
osm:node:2076856032,Boa tang gom su mau dich,Đà Nẵng,museum,insufficient_service_evidence,0,https://www.openstreetmap.org/node/2076856032,v2-c829c8f3e2414108
osm:node:2076856052,Viet Vic,Đà Nẵng,restaurant,insufficient_service_evidence,0,https://www.openstreetmap.org/node/2076856052,v2-c829c8f3e2414108
osm:node:2076856059,White Marble,Đà Nẵng,restaurant,insufficient_service_evidence,0,https://www.openstreetmap.org/node/2076856059,v2-c829c8f3e2414108
osm:node:2088919707,A11,Đà Nẵng,historic,weak_or_generic_name|insufficient_service_evidence,0,https://www.openstreetmap.org/node/2088919707,v2-c829c8f3e2414108
osm:node:2088919708,A2,Đà Nẵng,historic,weak_or_generic_name|insufficient_service_evidence,0,https://www.openstreetmap.org/node/2088919708,v2-c829c8f3e2414108
osm:node:2088919709,A3,Đà Nẵng,historic,weak_or_generic_name|insufficient_service_evidence,0,https://www.openstreetmap.org/node/2088919709,v2-c829c8f3e2414108
osm:node:2088919710,A4,Đà Nẵng,historic,weak_or_generic_name|insufficient_service_evidence,0,https://www.openstreetmap.org/node/2088919710,v2-c829c8f3e2414108
osm:node:2088919712,A5,Đà Nẵng,historic,weak_or_generic_name|insufficient_service_evidence,0,https://www.openstreetmap.org/node/2088919712,v2-c829c8f3e2414108
osm:node:2088919713,A6,Đà Nẵng,historic,weak_or_generic_name|insufficient_service_evidence,0,https://www.openstreetmap.org/node/2088919713,v2-c829c8f3e2414108
osm:node:2088919714,A7,Đà Nẵng,historic,weak_or_generic_name|insufficient_service_evidence,0,https://www.openstreetmap.org/node/2088919714,v2-c829c8f3e2414108
osm:node:2088919715,A8,Đà Nẵng,historic,weak_or_generic_name|insufficient_service_evidence,0,https://www.openstreetmap.org/node/2088919715,v2-c829c8f3e2414108
osm:node:2088919716,B1,Đà Nẵng,historic,weak_or_generic_name|insufficient_service_evidence,0,https://www.openstreetmap.org/node/2088919716,v2-c829c8f3e2414108
osm:node:2088919717,B2,Đà Nẵng,historic,weak_or_generic_name|insufficient_service_evidence,0,https://www.openstreetmap.org/node/2088919717,v2-c829c8f3e2414108
osm:node:2088919719,B4,Đà Nẵng,historic,weak_or_generic_name|insufficient_service_evidence,0,https://www.openstreetmap.org/node/2088919719,v2-c829c8f3e2414108
osm:node:2088919721,B6,Đà Nẵng,historic,weak_or_generic_name|insufficient_service_evidence,0,https://www.openstreetmap.org/node/2088919721,v2-c829c8f3e2414108
osm:node:2088919723,C2,Đà Nẵng,historic,weak_or_generic_name|insufficient_service_evidence,0,https://www.openstreetmap.org/node/2088919723,v2-c829c8f3e2414108
osm:node:2088919725,C3,Đà Nẵng,historic,weak_or_generic_name|insufficient_service_evidence,0,https://www.openstreetmap.org/node/2088919725,v2-c829c8f3e2414108
osm:node:2088919726,C4,Đà Nẵng,historic,weak_or_generic_name|insufficient_service_evidence,0,https://www.openstreetmap.org/node/2088919726,v2-c829c8f3e2414108
osm:node:2088919727,C5,Đà Nẵng,historic,weak_or_generic_name|insufficient_service_evidence,0,https://www.openstreetmap.org/node/2088919727,v2-c829c8f3e2414108
osm:node:2088919728,C6,Đà Nẵng,historic,weak_or_generic_name|insufficient_service_evidence,0,https://www.openstreetmap.org/node/2088919728,v2-c829c8f3e2414108
osm:node:2088919729,C7,Đà Nẵng,historic,weak_or_generic_name|insufficient_service_evidence,0,https://www.openstreetmap.org/node/2088919729,v2-c829c8f3e2414108
osm:node:2088919730,D4,Đà Nẵng,historic,weak_or_generic_name|insufficient_service_evidence,0,https://www.openstreetmap.org/node/2088919730,v2-c829c8f3e2414108
osm:node:2088919731,D5,Đà Nẵng,historic,weak_or_generic_name|insufficient_service_evidence,0,https://www.openstreetmap.org/node/2088919731,v2-c829c8f3e2414108
osm:node:2088919732,F4,Đà Nẵng,historic,weak_or_generic_name|insufficient_service_evidence,0,https://www.openstreetmap.org/node/2088919732,v2-c829c8f3e2414108
osm:node:2088919734,F2,Đà Nẵng,historic,weak_or_generic_name|insufficient_service_evidence,0,https://www.openstreetmap.org/node/2088919734,v2-c829c8f3e2414108
osm:node:2088919735,G2,Đà Nẵng,historic,weak_or_generic_name|insufficient_service_evidence,0,https://www.openstreetmap.org/node/2088919735,v2-c829c8f3e2414108
osm:node:2088919736,Group D,Đà Nẵng,historic,weak_or_generic_name|insufficient_service_evidence,0,https://www.openstreetmap.org/node/2088919736,v2-c829c8f3e2414108
osm:node:2088919737,Group K,Đà Nẵng,historic,weak_or_generic_name|insufficient_service_evidence,0,https://www.openstreetmap.org/node/2088919737,v2-c829c8f3e2414108
osm:node:2088919905,My Son Valley Restaurant,Đà Nẵng,restaurant,insufficient_service_evidence,0,https://www.openstreetmap.org/node/2088919905,v2-c829c8f3e2414108
osm:node:2089305124,Chùa Thiên Trù,Hà Nội,temple,insufficient_service_evidence,0,https://www.openstreetmap.org/node/2089305124,v2-c829c8f3e2414108
osm:node:2091401440,An Hoi,Đà Nẵng,restaurant,insufficient_service_evidence,0,https://www.openstreetmap.org/node/2091401440,v2-c829c8f3e2414108
osm:node:2091401442,Binh MI,Đà Nẵng,restaurant,insufficient_service_evidence,0,https://www.openstreetmap.org/node/2091401442,v2-c829c8f3e2414108
osm:node:2091401443,Cava,Đà Nẵng,restaurant,insufficient_service_evidence,0,https://www.openstreetmap.org/node/2091401443,v2-c829c8f3e2414108
osm:node:2091401444,Cho Ban,Đà Nẵng,restaurant,insufficient_service_evidence,0,https://www.openstreetmap.org/node/2091401444,v2-c829c8f3e2414108
osm:node:2091401445,Chua Long Tho,Đà Nẵng,temple,insufficient_service_evidence,0,https://www.openstreetmap.org/node/2091401445,v2-c829c8f3e2414108
osm:node:2091401448,Guava and Mango,Đà Nẵng,restaurant,insufficient_service_evidence,0,https://www.openstreetmap.org/node/2091401448,v2-c829c8f3e2414108
osm:node:2091401451,Hi Restaurant,Đà Nẵng,restaurant,insufficient_service_evidence,0,https://www.openstreetmap.org/node/2091401451,v2-c829c8f3e2414108
osm:node:2091401453,Khoai Tay Va Ca,Đà Nẵng,restaurant,insufficient_service_evidence,0,https://www.openstreetmap.org/node/2091401453,v2-c829c8f3e2414108
osm:node:2091401455,Mai Fish,Đà Nẵng,restaurant,insufficient_service_evidence,0,https://www.openstreetmap.org/node/2091401455,v2-c829c8f3e2414108
osm:node:2091401456,Man Nguyen,Đà Nẵng,restaurant,insufficient_service_evidence,0,https://www.openstreetmap.org/node/2091401456,v2-c829c8f3e2414108
osm:node:2091401474,Quan An Sau,Đà Nẵng,restaurant,insufficient_service_evidence,0,https://www.openstreetmap.org/node/2091401474,v2-c829c8f3e2414108
osm:node:2091401475,Seafood Garden,Đà Nẵng,restaurant,insufficient_service_evidence,0,https://www.openstreetmap.org/node/2091401475,v2-c829c8f3e2414108
osm:node:2091401476,Thanh Phuong,Đà Nẵng,restaurant,insufficient_service_evidence,0,https://www.openstreetmap.org/node/2091401476,v2-c829c8f3e2414108
osm:node:2091401477,Van Phi,Đà Nẵng,restaurant,insufficient_service_evidence,0,https://www.openstreetmap.org/node/2091401477,v2-c829c8f3e2414108
osm:node:2091401478,Yellow Flower,Đà Nẵng,restaurant,insufficient_service_evidence,0,https://www.openstreetmap.org/node/2091401478,v2-c829c8f3e2414108
osm:node:2092582318,Tụy Tiên Đường Minh Hương,Đà Nẵng,temple,insufficient_service_evidence,0,https://www.openstreetmap.org/node/2092582318,v2-c829c8f3e2414108
osm:node:2092582328,Gourmet Garden,Đà Nẵng,restaurant,insufficient_service_evidence,0,https://www.openstreetmap.org/node/2092582328,v2-c829c8f3e2414108
osm:node:2092582344,Huong Vien,Đà Nẵng,cafe,insufficient_service_evidence,0,https://www.openstreetmap.org/node/2092582344,v2-c829c8f3e2414108
osm:node:2092582351,Old Garden,Đà Nẵng,restaurant,insufficient_service_evidence,0,https://www.openstreetmap.org/node/2092582351,v2-c829c8f3e2414108
osm:node:2092582383,The Pear Tree,Đà Nẵng,restaurant,insufficient_service_evidence,0,https://www.openstreetmap.org/node/2092582383,v2-c829c8f3e2414108
osm:node:2092582385,Hội quán Hải Nam,Đà Nẵng,attraction,insufficient_service_evidence,0,https://www.openstreetmap.org/node/2092582385,v2-c829c8f3e2414108
osm:node:2093848427,Hỏa Sơn,Đà Nẵng,nature_area,insufficient_service_evidence,0,https://www.openstreetmap.org/node/2093848427,v2-c829c8f3e2414108
osm:node:2093848428,Chùa Quán Thế Âm,Đà Nẵng,temple,insufficient_service_evidence,0,https://www.openstreetmap.org/node/2093848428,v2-c829c8f3e2414108
osm:node:2093848429,Kim Sơn,Đà Nẵng,nature_area,insufficient_service_evidence,0,https://www.openstreetmap.org/node/2093848429,v2-c829c8f3e2414108
osm:node:2093848431,Mộc Sơn,Đà Nẵng,nature_area,insufficient_service_evidence,0,https://www.openstreetmap.org/node/2093848431,v2-c829c8f3e2414108
osm:node:2093848443,Thổ Sơn,Đà Nẵng,nature_area,insufficient_service_evidence,0,https://www.openstreetmap.org/node/2093848443,v2-c829c8f3e2414108
osm:node:2136318858,Chợ Hoa Quảng Bá,Hà Nội,market,insufficient_service_evidence,0,https://www.openstreetmap.org/node/2136318858,v2-c829c8f3e2414108
osm:node:2136341357,Osihi,Hà Nội,restaurant,insufficient_service_evidence,0,https://www.openstreetmap.org/node/2136341357,v2-c829c8f3e2414108
osm:node:2177056870,Thác Tóc Tiên,Đà Nẵng,viewpoint,insufficient_service_evidence,0,https://www.openstreetmap.org/node/2177056870,v2-c829c8f3e2414108
osm:node:2217387213,Kim Cuc,Đà Nẵng,restaurant,insufficient_service_evidence,0,https://www.openstreetmap.org/node/2217387213,v2-c829c8f3e2414108
osm:node:2256217984,Nhà Hàng Gecko,Hà Nội,restaurant,insufficient_service_evidence,0,https://www.openstreetmap.org/node/2256217984,v2-c829c8f3e2414108
osm:node:2256217985,Cà Phê Linh,Hà Nội,cafe,insufficient_service_evidence,0,https://www.openstreetmap.org/node/2256217985,v2-c829c8f3e2414108
osm:node:2256217991,Nhà Hàng Essence,Hà Nội,restaurant,insufficient_service_evidence,0,https://www.openstreetmap.org/node/2256217991,v2-c829c8f3e2414108
osm:node:2259067320,Chả Cá Cà Cuống,Hà Nội,restaurant,insufficient_service_evidence,0,https://www.openstreetmap.org/node/2259067320,v2-c829c8f3e2414108
osm:node:2267838861,the Dublin Gate,Đà Nẵng,restaurant,insufficient_service_evidence,0,https://www.openstreetmap.org/node/2267838861,v2-c829c8f3e2414108
osm:node:2269957315,Miss Ly,Đà Nẵng,restaurant,insufficient_service_evidence,0,https://www.openstreetmap.org/node/2269957315,v2-c829c8f3e2414108
osm:node:2269957326,Golden Bridge,Đà Nẵng,restaurant,insufficient_service_evidence,0,https://www.openstreetmap.org/node/2269957326,v2-c829c8f3e2414108
osm:node:2269957329,Fusion Lounge,Đà Nẵng,restaurant,insufficient_service_evidence,0,https://www.openstreetmap.org/node/2269957329,v2-c829c8f3e2414108
osm:node:2272708929,Cà Phê Aha,Hà Nội,cafe,insufficient_service_evidence,0,https://www.openstreetmap.org/node/2272708929,v2-c829c8f3e2414108
osm:node:2276420302,Cà Phê Kiến,Hà Nội,cafe,insufficient_service_evidence,0,https://www.openstreetmap.org/node/2276420302,v2-c829c8f3e2414108
osm:node:2308781230,Aroma cafe,Hà Nội,cafe,insufficient_service_evidence,0,https://www.openstreetmap.org/node/2308781230,v2-c829c8f3e2414108
osm:node:2310466360,Đền Thờ Bác Hồ,Hà Nội,temple,insufficient_service_evidence,0,https://www.openstreetmap.org/node/2310466360,v2-c829c8f3e2414108
osm:node:2366849406,Cà Phê Mai,Hà Nội,cafe,insufficient_service_evidence,0,https://www.openstreetmap.org/node/2366849406,v2-c829c8f3e2414108
osm:node:2366849408,Cơm Cường,Hà Nội,restaurant,insufficient_service_evidence,0,https://www.openstreetmap.org/node/2366849408,v2-c829c8f3e2414108
osm:node:2399180441,Nhà Hàng New Sake 1,Hà Nội,restaurant,insufficient_service_evidence,0,https://www.openstreetmap.org/node/2399180441,v2-c829c8f3e2414108
osm:node:2399180442,PAKU PAKU(波食波食）,Hà Nội,restaurant,insufficient_service_evidence,0,https://www.openstreetmap.org/node/2399180442,v2-c829c8f3e2414108
osm:node:2399188052,Nhà Hàng Koto,Hà Nội,restaurant,insufficient_service_evidence,0,https://www.openstreetmap.org/node/2399188052,v2-c829c8f3e2414108
osm:node:2399188053,Nhà Hàng Kurama(蔵馬）,Hà Nội,restaurant,insufficient_service_evidence,0,https://www.openstreetmap.org/node/2399188053,v2-c829c8f3e2414108
osm:node:2399188054,Totoya(ととや）,Hà Nội,restaurant,insufficient_service_evidence,0,https://www.openstreetmap.org/node/2399188054,v2-c829c8f3e2414108
osm:node:2399239576,Ofukuro,Hà Nội,restaurant,insufficient_service_evidence,0,https://www.openstreetmap.org/node/2399239576,v2-c829c8f3e2414108
osm:node:2461400746,Market,Đà Nẵng,restaurant,insufficient_service_evidence,0,https://www.openstreetmap.org/node/2461400746,v2-c829c8f3e2414108
osm:node:2495836898,True Viet,Hà Nội,restaurant,insufficient_service_evidence,0,https://www.openstreetmap.org/node/2495836898,v2-c829c8f3e2414108
osm:node:2523425211,Cà Phê Giang,Hà Nội,cafe,insufficient_service_evidence,0,https://www.openstreetmap.org/node/2523425211,v2-c829c8f3e2414108
osm:node:2571023220,Quán Ăn Nhanh Lam Giang,Hà Nội,restaurant,insufficient_service_evidence,0,https://www.openstreetmap.org/node/2571023220,v2-c829c8f3e2414108
osm:node:2577863960,Cà Phê Chuối,Hà Nội,cafe,insufficient_service_evidence,0,https://www.openstreetmap.org/node/2577863960,v2-c829c8f3e2414108
osm:node:2587491495,Phở Cường,Hà Nội,restaurant,insufficient_service_evidence,0,https://www.openstreetmap.org/node/2587491495,v2-c829c8f3e2414108
osm:node:2607827391,Cầu Mậu Lương,Hà Nội,attraction,insufficient_service_evidence,0,https://www.openstreetmap.org/node/2607827391,v2-c829c8f3e2414108
osm:node:2623768438,Thang Bom,Đà Nẵng,restaurant,insufficient_service_evidence,0,https://www.openstreetmap.org/node/2623768438,v2-c829c8f3e2414108
osm:node:2669659389,Đền Trình Ngũ Lạc Linh Từ,Hà Nội,temple,insufficient_service_evidence,0,https://www.openstreetmap.org/node/2669659389,v2-c829c8f3e2414108
osm:node:2747371589,Mr Duc's,Đà Nẵng,restaurant,insufficient_service_evidence,0,https://www.openstreetmap.org/node/2747371589,v2-c829c8f3e2414108
osm:node:2763237579,Cà Phê Yến,Hà Nội,cafe,insufficient_service_evidence,0,https://www.openstreetmap.org/node/2763237579,v2-c829c8f3e2414108
osm:node:2810302635,Bảo tàng Binh chủng Thông tin liên lạc,Hà Nội,museum,insufficient_service_evidence,0,https://www.openstreetmap.org/node/2810302635,v2-c829c8f3e2414108
osm:node:2835669193,Rẫy Ông Bàng,Đà Nẵng,cafe,insufficient_service_evidence,0,https://www.openstreetmap.org/node/2835669193,v2-c829c8f3e2414108
osm:node:2835735216,Chùa Giải Oan,Hà Nội,temple,insufficient_service_evidence,0,https://www.openstreetmap.org/node/2835735216,v2-c829c8f3e2414108
osm:node:2904499001,Red Gecko Restaurant,Đà Nẵng,restaurant,insufficient_service_evidence,0,https://www.openstreetmap.org/node/2904499001,v2-c829c8f3e2414108
osm:node:2987254233,Phượt Cafe,Đà Nẵng,cafe,insufficient_service_evidence,0,https://www.openstreetmap.org/node/2987254233,v2-c829c8f3e2414108
osm:node:2987273564,Minh Hương Phật Tự,Đà Nẵng,temple,insufficient_service_evidence,0,https://www.openstreetmap.org/node/2987273564,v2-c829c8f3e2414108
osm:node:2987298385,Công Viên Vườn Tượng,Đà Nẵng,park,insufficient_service_evidence,0,https://www.openstreetmap.org/node/2987298385,v2-c829c8f3e2414108
osm:node:2987520133,BoA,Đà Nẵng,cafe,weak_or_generic_name|insufficient_service_evidence,0,https://www.openstreetmap.org/node/2987520133,v2-c829c8f3e2414108
osm:node:2987520837,Dừa Bến Tre,Đà Nẵng,cafe,insufficient_service_evidence,0,https://www.openstreetmap.org/node/2987520837,v2-c829c8f3e2414108
osm:node:2987520841,Luxury,Đà Nẵng,cafe,insufficient_service_evidence,0,https://www.openstreetmap.org/node/2987520841,v2-c829c8f3e2414108
osm:node:2987522033,218,Đà Nẵng,cafe,weak_or_generic_name|insufficient_service_evidence,0,https://www.openstreetmap.org/node/2987522033,v2-c829c8f3e2414108
osm:node:2987526034,Dừa 186,Đà Nẵng,cafe,insufficient_service_evidence,0,https://www.openstreetmap.org/node/2987526034,v2-c829c8f3e2414108
osm:node:2988814633,Bánh bèo 291 Nguyễn Chí Thanh,Đà Nẵng,restaurant,insufficient_service_evidence,0,https://www.openstreetmap.org/node/2988814633,v2-c829c8f3e2414108
osm:node:2988973933,N&M,Đà Nẵng,restaurant,weak_or_generic_name|insufficient_service_evidence,0,https://www.openstreetmap.org/node/2988973933,v2-c829c8f3e2414108
osm:node:2988974233,Phúc Đại Hỷ,Đà Nẵng,restaurant,insufficient_service_evidence,0,https://www.openstreetmap.org/node/2988974233,v2-c829c8f3e2414108
osm:node:2988974433,Phú Gia 1,Đà Nẵng,restaurant,insufficient_service_evidence,0,https://www.openstreetmap.org/node/2988974433,v2-c829c8f3e2414108
osm:node:2988975433,Queen's Palace,Đà Nẵng,restaurant,insufficient_service_evidence,0,https://www.openstreetmap.org/node/2988975433,v2-c829c8f3e2414108
osm:node:2988975533,Cát Tường,Đà Nẵng,restaurant,insufficient_service_evidence,0,https://www.openstreetmap.org/node/2988975533,v2-c829c8f3e2414108
osm:node:2988981633,Newsworld,Đà Nẵng,cafe,insufficient_service_evidence,0,https://www.openstreetmap.org/node/2988981633,v2-c829c8f3e2414108
osm:node:2989006133,Neko,Đà Nẵng,cafe,insufficient_service_evidence,0,https://www.openstreetmap.org/node/2989006133,v2-c829c8f3e2414108
osm:node:2989007533,Thiên Ý,Đà Nẵng,cafe,insufficient_service_evidence,0,https://www.openstreetmap.org/node/2989007533,v2-c829c8f3e2414108
osm:node:3036397234,Highlands Coffee,Hà Nội,cafe,insufficient_service_evidence,0,https://www.openstreetmap.org/node/3036397234,v2-c829c8f3e2414108
osm:node:310727632,Bánh tôm Hồ Tây,Hà Nội,restaurant,insufficient_service_evidence,0,https://www.openstreetmap.org/node/310727632,v2-c829c8f3e2414108
osm:node:3145009062,OM Cafe,Đà Nẵng,restaurant,insufficient_service_evidence,0,https://www.openstreetmap.org/node/3145009062,v2-c829c8f3e2414108
osm:node:3154342340,Đỉnh Ngọc Hoa,Hà Nội,nature_area,insufficient_service_evidence,0,https://www.openstreetmap.org/node/3154342340,v2-c829c8f3e2414108
osm:node:3157491491,Tra Que Water Wheel,Đà Nẵng,restaurant,insufficient_service_evidence,0,https://www.openstreetmap.org/node/3157491491,v2-c829c8f3e2414108
osm:node:3189922817,San Ho,Hà Nội,restaurant,insufficient_service_evidence,0,https://www.openstreetmap.org/node/3189922817,v2-c829c8f3e2414108
osm:node:3189923484,Sa Huynh,Đà Nẵng,museum,insufficient_service_evidence,0,https://www.openstreetmap.org/node/3189923484,v2-c829c8f3e2414108
osm:node:3222863929,Casa Italia,Đà Nẵng,restaurant,insufficient_service_evidence,0,https://www.openstreetmap.org/node/3222863929,v2-c829c8f3e2414108
osm:node:3281664612,Cà phê Trung Nguyên,Hà Nội,cafe,insufficient_service_evidence,0,https://www.openstreetmap.org/node/3281664612,v2-c829c8f3e2414108
osm:node:3304244852,NP Green,Hà Nội,restaurant,insufficient_service_evidence,0,https://www.openstreetmap.org/node/3304244852,v2-c829c8f3e2414108
osm:node:3370127645,Nhà thờ họ Hoa Văn,Hà Nội,temple,insufficient_service_evidence,0,https://www.openstreetmap.org/node/3370127645,v2-c829c8f3e2414108
osm:node:3370369424,Nhà Hàng Wa Japanese Cuisine,Hà Nội,restaurant,insufficient_service_evidence,0,https://www.openstreetmap.org/node/3370369424,v2-c829c8f3e2414108
osm:node:3389007927,Chợ Nhân Chính,Hà Nội,market,insufficient_service_evidence,0,https://www.openstreetmap.org/node/3389007927,v2-c829c8f3e2414108
osm:node:3398307725,Nhà Hàng Da Paolo Westlake,Hà Nội,restaurant,insufficient_service_evidence,0,https://www.openstreetmap.org/node/3398307725,v2-c829c8f3e2414108
osm:node:3426500755,Đài tưởng niệm Liệt sĩ Cổ Nhuế,Hà Nội,historic,insufficient_service_evidence,0,https://www.openstreetmap.org/node/3426500755,v2-c829c8f3e2414108
osm:node:3440266925,Twitterbeans Coffee,Hà Nội,cafe,insufficient_service_evidence,0,https://www.openstreetmap.org/node/3440266925,v2-c829c8f3e2414108
osm:node:3440273722,Twitterbeans Coffee,Hà Nội,cafe,insufficient_service_evidence,0,https://www.openstreetmap.org/node/3440273722,v2-c829c8f3e2414108
osm:node:3440273951,TwitterBeans Coffee,Hà Nội,cafe,insufficient_service_evidence,0,https://www.openstreetmap.org/node/3440273951,v2-c829c8f3e2414108
osm:node:3471347680,Cà Phê 46,Hà Nội,cafe,insufficient_service_evidence,0,https://www.openstreetmap.org/node/3471347680,v2-c829c8f3e2414108
osm:node:3471350605,True Coffee,Hà Nội,cafe,insufficient_service_evidence,0,https://www.openstreetmap.org/node/3471350605,v2-c829c8f3e2414108
osm:node:3496464405,Quán Cơm Mậu Dịch,Hà Nội,restaurant,insufficient_service_evidence,0,https://www.openstreetmap.org/node/3496464405,v2-c829c8f3e2414108
osm:node:3541565709,Cà Phê Việt,Hà Nội,cafe,insufficient_service_evidence,0,https://www.openstreetmap.org/node/3541565709,v2-c829c8f3e2414108
osm:node:3544879981,Đền Thờ Họ Hà,Hà Nội,temple,insufficient_service_evidence,0,https://www.openstreetmap.org/node/3544879981,v2-c829c8f3e2414108
osm:node:3575188505,Onion Cellar Ham Hanh,Hà Nội,cafe,insufficient_service_evidence,0,https://www.openstreetmap.org/node/3575188505,v2-c829c8f3e2414108
osm:node:3640168109,Four Plates,Đà Nẵng,restaurant,insufficient_service_evidence,0,https://www.openstreetmap.org/node/3640168109,v2-c829c8f3e2414108
osm:node:3647132544,The Kebab Shack,Đà Nẵng,cafe,insufficient_service_evidence,0,https://www.openstreetmap.org/node/3647132544,v2-c829c8f3e2414108
osm:node:3670041629,Lẩu Gà Ó O - Chicken Hotpot,Hà Nội,restaurant,insufficient_service_evidence,0,https://www.openstreetmap.org/node/3670041629,v2-c829c8f3e2414108
osm:node:3671198536,Nhà Hàng Moto-san,Hà Nội,restaurant,insufficient_service_evidence,0,https://www.openstreetmap.org/node/3671198536,v2-c829c8f3e2414108
osm:node:3678371141,Nhà Hàng Kamasutra,Hà Nội,restaurant,insufficient_service_evidence,0,https://www.openstreetmap.org/node/3678371141,v2-c829c8f3e2414108
osm:node:3679951225,Cà Phê Goethe,Hà Nội,cafe,insufficient_service_evidence,0,https://www.openstreetmap.org/node/3679951225,v2-c829c8f3e2414108
osm:node:3684699441,Mia Coffee,Đà Nẵng,cafe,insufficient_service_evidence,0,https://www.openstreetmap.org/node/3684699441,v2-c829c8f3e2414108
osm:node:3684899299,Quán Thị Mẹt,Hà Nội,restaurant,insufficient_service_evidence,0,https://www.openstreetmap.org/node/3684899299,v2-c829c8f3e2414108
osm:node:3684980414,Quán Thị Mẹt,Hà Nội,restaurant,insufficient_service_evidence,0,https://www.openstreetmap.org/node/3684980414,v2-c829c8f3e2414108
osm:node:3688951425,Pho Reu,Đà Nẵng,restaurant,insufficient_service_evidence,0,https://www.openstreetmap.org/node/3688951425,v2-c829c8f3e2414108
osm:node:3715457786,KFC,Hà Nội,restaurant,weak_or_generic_name|insufficient_service_evidence,0,https://www.openstreetmap.org/node/3715457786,v2-c829c8f3e2414108
osm:node:3715467249,Cà Phê Havanna,Hà Nội,cafe,insufficient_service_evidence,0,https://www.openstreetmap.org/node/3715467249,v2-c829c8f3e2414108
osm:node:3746853894,Cà Phê KOK,Hà Nội,cafe,insufficient_service_evidence,0,https://www.openstreetmap.org/node/3746853894,v2-c829c8f3e2414108
osm:node:3747365124,Cà Phê Grazio's,Hà Nội,cafe,insufficient_service_evidence,0,https://www.openstreetmap.org/node/3747365124,v2-c829c8f3e2414108
osm:node:3760247201,chùa Vu Lan,Đà Nẵng,temple,insufficient_service_evidence,0,https://www.openstreetmap.org/node/3760247201,v2-c829c8f3e2414108
osm:node:3760247202,chùa Sư Nữ,Đà Nẵng,temple,insufficient_service_evidence,0,https://www.openstreetmap.org/node/3760247202,v2-c829c8f3e2414108
osm:node:3760272162,Chùa Tam Bảo,Đà Nẵng,temple,insufficient_service_evidence,0,https://www.openstreetmap.org/node/3760272162,v2-c829c8f3e2414108
osm:node:3763846156,Chùa Pháp Lâm,Đà Nẵng,temple,insufficient_service_evidence,0,https://www.openstreetmap.org/node/3763846156,v2-c829c8f3e2414108
osm:node:3775971223,Trại gà Đông Tảo - 2 Lúa,Đà Nẵng,historic,category_name_conflict|insufficient_service_evidence,0,https://www.openstreetmap.org/node/3775971223,v2-c829c8f3e2414108
osm:node:3850502770,Nhà hàng chay,Đà Nẵng,restaurant,insufficient_service_evidence,0,https://www.openstreetmap.org/node/3850502770,v2-c829c8f3e2414108
osm:node:3860801614,Tượng đài Phụ nữ Ba đảm đang,Hà Nội,historic,insufficient_service_evidence,0,https://www.openstreetmap.org/node/3860801614,v2-c829c8f3e2414108
osm:node:3885748393,Nhà thờ Giáo xứ Lập Trí,Hà Nội,temple,insufficient_service_evidence,0,https://www.openstreetmap.org/node/3885748393,v2-c829c8f3e2414108
osm:node:3885764176,Đình Làng Lập Trí,Hà Nội,temple,insufficient_service_evidence,0,https://www.openstreetmap.org/node/3885764176,v2-c829c8f3e2414108
osm:node:3887708818,Khách sạn Hội Phố,Đà Nẵng,restaurant,insufficient_service_evidence,0,https://www.openstreetmap.org/node/3887708818,v2-c829c8f3e2414108
osm:node:3888954277,Fa Dan,Đà Nẵng,restaurant,insufficient_service_evidence,0,https://www.openstreetmap.org/node/3888954277,v2-c829c8f3e2414108
osm:node:3888955324,Cloud Garden Cafe,Đà Nẵng,cafe,insufficient_service_evidence,0,https://www.openstreetmap.org/node/3888955324,v2-c829c8f3e2414108
osm:node:3975723741,Cà Phê Bạch Thảo,Hà Nội,cafe,insufficient_service_evidence,0,https://www.openstreetmap.org/node/3975723741,v2-c829c8f3e2414108
osm:node:4000306508,Từ đường tộc Lương Phú Trà,Đà Nẵng,historic,insufficient_service_evidence,0,https://www.openstreetmap.org/node/4000306508,v2-c829c8f3e2414108
osm:node:4005611262,Đền thờ Tiền Hiền làng Lổ Giang,Đà Nẵng,temple,insufficient_service_evidence,0,https://www.openstreetmap.org/node/4005611262,v2-c829c8f3e2414108
osm:node:4005611263,Đình Lổ Giáng,Đà Nẵng,temple,insufficient_service_evidence,0,https://www.openstreetmap.org/node/4005611263,v2-c829c8f3e2414108
osm:node:4012510801,Cây đa cổ thụ,Đà Nẵng,park,insufficient_service_evidence,0,https://www.openstreetmap.org/node/4012510801,v2-c829c8f3e2414108
osm:node:4025752976,Cà Phê MV,Hà Nội,cafe,insufficient_service_evidence,0,https://www.openstreetmap.org/node/4025752976,v2-c829c8f3e2414108
osm:node:4040096162,Vina Ngon,Đà Nẵng,restaurant,insufficient_service_evidence,0,https://www.openstreetmap.org/node/4040096162,v2-c829c8f3e2414108
osm:node:4041668788,Vina Ngon 2,Đà Nẵng,restaurant,insufficient_service_evidence,0,https://www.openstreetmap.org/node/4041668788,v2-c829c8f3e2414108
osm:node:4076168082,Cafe Phố,Đà Nẵng,cafe,insufficient_service_evidence,0,https://www.openstreetmap.org/node/4076168082,v2-c829c8f3e2414108
osm:node:4076169309,Quán cơm 08,Đà Nẵng,restaurant,insufficient_service_evidence,0,https://www.openstreetmap.org/node/4076169309,v2-c829c8f3e2414108
osm:node:4076171123,Quán bún Liễu,Đà Nẵng,restaurant,insufficient_service_evidence,0,https://www.openstreetmap.org/node/4076171123,v2-c829c8f3e2414108
osm:node:4076177424,Cafe 35,Đà Nẵng,cafe,insufficient_service_evidence,0,https://www.openstreetmap.org/node/4076177424,v2-c829c8f3e2414108
osm:node:4080898314,Bún chả cá Thủy,Đà Nẵng,restaurant,insufficient_service_evidence,0,https://www.openstreetmap.org/node/4080898314,v2-c829c8f3e2414108
osm:node:4109054391,bê thui 100,Đà Nẵng,restaurant,insufficient_service_evidence,0,https://www.openstreetmap.org/node/4109054391,v2-c829c8f3e2414108
osm:node:4115830290,Sua Ba Vi,Hà Nội,restaurant,insufficient_service_evidence,0,https://www.openstreetmap.org/node/4115830290,v2-c829c8f3e2414108
osm:node:4115830291,Pho Co BaVi,Hà Nội,restaurant,insufficient_service_evidence,0,https://www.openstreetmap.org/node/4115830291,v2-c829c8f3e2414108
osm:node:4115863790,Sua Ba Vi ThanhHoa,Hà Nội,restaurant,insufficient_service_evidence,0,https://www.openstreetmap.org/node/4115863790,v2-c829c8f3e2414108
osm:node:4118223690,phở phú gia,Đà Nẵng,restaurant,insufficient_service_evidence,0,https://www.openstreetmap.org/node/4118223690,v2-c829c8f3e2414108
osm:node:4118223691,Bê thui,Đà Nẵng,restaurant,insufficient_service_evidence,0,https://www.openstreetmap.org/node/4118223691,v2-c829c8f3e2414108
osm:node:4118236589,Dê nghia,Đà Nẵng,restaurant,insufficient_service_evidence,0,https://www.openstreetmap.org/node/4118236589,v2-c829c8f3e2414108
osm:node:4120329099,Đặc sản Bê Thui MƯỜI,Đà Nẵng,restaurant,insufficient_service_evidence,0,https://www.openstreetmap.org/node/4120329099,v2-c829c8f3e2414108
osm:node:4120953690,Cơm gà Bà Bụi,Đà Nẵng,restaurant,insufficient_service_evidence,0,https://www.openstreetmap.org/node/4120953690,v2-c829c8f3e2414108
osm:node:4122433690,Núi Bà Nà,Đà Nẵng,nature_area,insufficient_service_evidence,0,https://www.openstreetmap.org/node/4122433690,v2-c829c8f3e2414108
osm:node:4125659916,Nhà Hàng A La Folie,Hà Nội,restaurant,insufficient_service_evidence,0,https://www.openstreetmap.org/node/4125659916,v2-c829c8f3e2414108
osm:node:4127549394,Little Vietnam,Hà Nội,restaurant,insufficient_service_evidence,0,https://www.openstreetmap.org/node/4127549394,v2-c829c8f3e2414108
osm:node:4133218490,하노이 부라더스,Hà Nội,restaurant,weak_or_generic_name|insufficient_service_evidence,0,https://www.openstreetmap.org/node/4133218490,v2-c829c8f3e2414108
osm:node:4135161589,Nhà Hàng ATMan,Hà Nội,restaurant,insufficient_service_evidence,0,https://www.openstreetmap.org/node/4135161589,v2-c829c8f3e2414108
osm:node:4141060177,Facetime Cafe & Bar,Đà Nẵng,cafe,insufficient_service_evidence,0,https://www.openstreetmap.org/node/4141060177,v2-c829c8f3e2414108
osm:node:4142676096,The Chef,Đà Nẵng,restaurant,insufficient_service_evidence,0,https://www.openstreetmap.org/node/4142676096,v2-c829c8f3e2414108
osm:node:4142676393,Nam Quang Tự,Đà Nẵng,temple,insufficient_service_evidence,0,https://www.openstreetmap.org/node/4142676393,v2-c829c8f3e2414108
osm:node:4143968589,Minh Hien,Đà Nẵng,restaurant,insufficient_service_evidence,0,https://www.openstreetmap.org/node/4143968589,v2-c829c8f3e2414108
osm:node:4150312890,The American Club,Hà Nội,restaurant,insufficient_service_evidence,0,https://www.openstreetmap.org/node/4150312890,v2-c829c8f3e2414108
osm:node:4150312989,Cà Phê Canopee,Hà Nội,cafe,insufficient_service_evidence,0,https://www.openstreetmap.org/node/4150312989,v2-c829c8f3e2414108
osm:node:4150425790,La Luna,Đà Nẵng,restaurant,insufficient_service_evidence,0,https://www.openstreetmap.org/node/4150425790,v2-c829c8f3e2414108
osm:node:4150844990,Nhà Hàng Linh's Kitchen,Hà Nội,restaurant,insufficient_service_evidence,0,https://www.openstreetmap.org/node/4150844990,v2-c829c8f3e2414108
osm:node:4154752890,Cafe Sinh Thai,Đà Nẵng,cafe,insufficient_service_evidence,0,https://www.openstreetmap.org/node/4154752890,v2-c829c8f3e2414108
osm:node:4158540590,Nhà Hàng Gecko,Hà Nội,restaurant,insufficient_service_evidence,0,https://www.openstreetmap.org/node/4158540590,v2-c829c8f3e2414108
osm:node:4158619590,huế xưa,Đà Nẵng,cafe,insufficient_service_evidence,0,https://www.openstreetmap.org/node/4158619590,v2-c829c8f3e2414108
osm:node:4164213689,Nhà Hàng Daluva,Hà Nội,restaurant,insufficient_service_evidence,0,https://www.openstreetmap.org/node/4164213689,v2-c829c8f3e2414108
osm:node:4164893394,Curry House Maiya,Hà Nội,restaurant,insufficient_service_evidence,0,https://www.openstreetmap.org/node/4164893394,v2-c829c8f3e2414108
osm:node:4164895891,Nhà Hàng The Moose & Roo Pub & Grill,Hà Nội,restaurant,insufficient_service_evidence,0,https://www.openstreetmap.org/node/4164895891,v2-c829c8f3e2414108
osm:node:4166771189,Boulevard,Đà Nẵng,cafe,insufficient_service_evidence,0,https://www.openstreetmap.org/node/4166771189,v2-c829c8f3e2414108
osm:node:4171889289,Thanh Chuong Viet Palace,Hà Nội,attraction,insufficient_service_evidence,0,https://www.openstreetmap.org/node/4171889289,v2-c829c8f3e2414108
osm:node:4171925609,Thuan Tinh Island,Đà Nẵng,attraction,insufficient_service_evidence,0,https://www.openstreetmap.org/node/4171925609,v2-c829c8f3e2414108
osm:node:4171964292,Cua Dai,Đà Nẵng,attraction,insufficient_service_evidence,0,https://www.openstreetmap.org/node/4171964292,v2-c829c8f3e2414108
osm:node:4171971589,כפר הקדרים טאן הא,Đà Nẵng,attraction,weak_or_generic_name|insufficient_service_evidence,0,https://www.openstreetmap.org/node/4171971589,v2-c829c8f3e2414108
osm:node:4176320992,Rue Lamblot,Hà Nội,restaurant,insufficient_service_evidence,0,https://www.openstreetmap.org/node/4176320992,v2-c829c8f3e2414108
osm:node:4178588390,Nhà Hàng Green Tangerine,Hà Nội,restaurant,insufficient_service_evidence,0,https://www.openstreetmap.org/node/4178588390,v2-c829c8f3e2414108
osm:node:4180461689,number 1,Hà Nội,restaurant,insufficient_service_evidence,0,https://www.openstreetmap.org/node/4180461689,v2-c829c8f3e2414108
osm:node:4185463513,Cà Phê Heaven,Hà Nội,cafe,insufficient_service_evidence,0,https://www.openstreetmap.org/node/4185463513,v2-c829c8f3e2414108
osm:node:4193558991,Nhà Hàng Lotus Blanc,Hà Nội,restaurant,insufficient_service_evidence,0,https://www.openstreetmap.org/node/4193558991,v2-c829c8f3e2414108
osm:node:4196677589,lunchplace,Đà Nẵng,restaurant,insufficient_service_evidence,0,https://www.openstreetmap.org/node/4196677589,v2-c829c8f3e2414108
osm:node:4196680289,DIY Box,Hà Nội,cafe,insufficient_service_evidence,0,https://www.openstreetmap.org/node/4196680289,v2-c829c8f3e2414108
osm:node:4201523889,Khanh Hoa II,Đà Nẵng,restaurant,insufficient_service_evidence,0,https://www.openstreetmap.org/node/4201523889,v2-c829c8f3e2414108
osm:node:4205001489,Vườn sinh thái Ngọc Linh,Hà Nội,restaurant,insufficient_service_evidence,0,https://www.openstreetmap.org/node/4205001489,v2-c829c8f3e2414108
osm:node:4210788994,rau hung,Đà Nẵng,restaurant,insufficient_service_evidence,0,https://www.openstreetmap.org/node/4210788994,v2-c829c8f3e2414108
osm:node:4212619289,Đền Quan Ông,Hà Nội,temple,insufficient_service_evidence,0,https://www.openstreetmap.org/node/4212619289,v2-c829c8f3e2414108
osm:node:4215685989,Cà Phê HD,Hà Nội,cafe,insufficient_service_evidence,0,https://www.openstreetmap.org/node/4215685989,v2-c829c8f3e2414108
osm:node:4219337689,Quán thịt trâu,Hà Nội,restaurant,insufficient_service_evidence,0,https://www.openstreetmap.org/node/4219337689,v2-c829c8f3e2414108
osm:node:4222784590,Saturday Option,Đà Nẵng,attraction,insufficient_service_evidence,0,https://www.openstreetmap.org/node/4222784590,v2-c829c8f3e2414108
osm:node:422416741,Cà Phê Cây Bàng Đổ,Hà Nội,cafe,insufficient_service_evidence,0,https://www.openstreetmap.org/node/422416741,v2-c829c8f3e2414108
osm:node:4225587390,Chefhung's Home Kitchen,Đà Nẵng,restaurant,insufficient_service_evidence,0,https://www.openstreetmap.org/node/4225587390,v2-c829c8f3e2414108
osm:node:4226766214,Cửa Hàng Bia Hơi Hà Nội,Hà Nội,restaurant,insufficient_service_evidence,0,https://www.openstreetmap.org/node/4226766214,v2-c829c8f3e2414108
osm:node:4229244689,Quan kien - bug place,Hà Nội,restaurant,insufficient_service_evidence,0,https://www.openstreetmap.org/node/4229244689,v2-c829c8f3e2414108
osm:node:4229244789,Ray Quan,Hà Nội,restaurant,insufficient_service_evidence,0,https://www.openstreetmap.org/node/4229244789,v2-c829c8f3e2414108
osm:node:4231475589,Đình So,Hà Nội,temple,insufficient_service_evidence,0,https://www.openstreetmap.org/node/4231475589,v2-c829c8f3e2414108
osm:node:4234157989,Cà Phê Gardenista,Hà Nội,cafe,insufficient_service_evidence,0,https://www.openstreetmap.org/node/4234157989,v2-c829c8f3e2414108
osm:node:4239650889,KIẾN GỖ coffee SHOP,Đà Nẵng,cafe,insufficient_service_evidence,0,https://www.openstreetmap.org/node/4239650889,v2-c829c8f3e2414108
osm:node:4240313697,Cà Phê Apple Tart,Hà Nội,cafe,insufficient_service_evidence,0,https://www.openstreetmap.org/node/4240313697,v2-c829c8f3e2414108
osm:node:4242831484,Nhà Hàng Gia Ngu,Hà Nội,restaurant,insufficient_service_evidence,0,https://www.openstreetmap.org/node/4242831484,v2-c829c8f3e2414108
osm:node:4242941489,Nun Changed Dac Kim-분짜,Hà Nội,restaurant,insufficient_service_evidence,0,https://www.openstreetmap.org/node/4242941489,v2-c829c8f3e2414108
osm:node:4245855589,Baby Mustard,Đà Nẵng,restaurant,insufficient_service_evidence,0,https://www.openstreetmap.org/node/4245855589,v2-c829c8f3e2414108
osm:node:4252334691,CocoBox,Đà Nẵng,cafe,insufficient_service_evidence,0,https://www.openstreetmap.org/node/4252334691,v2-c829c8f3e2414108
osm:node:4254168216,cornercorner,Đà Nẵng,restaurant,insufficient_service_evidence,0,https://www.openstreetmap.org/node/4254168216,v2-c829c8f3e2414108
osm:node:4257319094,The Hung Snake Rétaurant,Hà Nội,restaurant,insufficient_service_evidence,0,https://www.openstreetmap.org/node/4257319094,v2-c829c8f3e2414108
osm:node:4259583468,Au Lac,Đà Nẵng,restaurant,insufficient_service_evidence,0,https://www.openstreetmap.org/node/4259583468,v2-c829c8f3e2414108
osm:node:4264066489,Bánh Xèo Zòn,Hà Nội,restaurant,insufficient_service_evidence,0,https://www.openstreetmap.org/node/4264066489,v2-c829c8f3e2414108
osm:node:4265463792,Tre cafe,Đà Nẵng,cafe,insufficient_service_evidence,0,https://www.openstreetmap.org/node/4265463792,v2-c829c8f3e2414108
osm:node:4266207090,Tempo,Hà Nội,temple,insufficient_service_evidence,0,https://www.openstreetmap.org/node/4266207090,v2-c829c8f3e2414108
osm:node:4267912389,Tran,Đà Nẵng,restaurant,insufficient_service_evidence,0,https://www.openstreetmap.org/node/4267912389,v2-c829c8f3e2414108
osm:node:4271299190,Quan An 19,Đà Nẵng,restaurant,insufficient_service_evidence,0,https://www.openstreetmap.org/node/4271299190,v2-c829c8f3e2414108
osm:node:4277824433,Đền Án,Hà Nội,temple,insufficient_service_evidence,0,https://www.openstreetmap.org/node/4277824433,v2-c829c8f3e2414108
osm:node:4278085689,Boating restaurant,Đà Nẵng,restaurant,insufficient_service_evidence,0,https://www.openstreetmap.org/node/4278085689,v2-c829c8f3e2414108
osm:node:4279240691,Cửa Hàng Bít Tết Hai Tý,Hà Nội,restaurant,insufficient_service_evidence,0,https://www.openstreetmap.org/node/4279240691,v2-c829c8f3e2414108
osm:node:4279367889,LAU & NUONG HA NOI,Đà Nẵng,restaurant,insufficient_service_evidence,0,https://www.openstreetmap.org/node/4279367889,v2-c829c8f3e2414108
osm:node:4279382289,Quan Com Hue Ngon BBQ,Đà Nẵng,restaurant,insufficient_service_evidence,0,https://www.openstreetmap.org/node/4279382289,v2-c829c8f3e2414108
osm:node:4279640089,Nhà cổ Phùng Hưng,Đà Nẵng,museum,insufficient_service_evidence,0,https://www.openstreetmap.org/node/4279640089,v2-c829c8f3e2414108
osm:node:4281489900,Quán cóc liêu xiêu một câu thơ - B+ cafe,Hà Nội,cafe,insufficient_service_evidence,0,https://www.openstreetmap.org/node/4281489900,v2-c829c8f3e2414108
osm:node:4289580589,KFC,Đà Nẵng,restaurant,weak_or_generic_name|insufficient_service_evidence,0,https://www.openstreetmap.org/node/4289580589,v2-c829c8f3e2414108
osm:node:4292145190,Cà Phê 26,Hà Nội,cafe,insufficient_service_evidence,0,https://www.openstreetmap.org/node/4292145190,v2-c829c8f3e2414108
osm:node:4294135790,nhà thờ Phú Thượng,Đà Nẵng,temple,insufficient_service_evidence,0,https://www.openstreetmap.org/node/4294135790,v2-c829c8f3e2414108
osm:node:4294139091,nhà thờ An Ngãi Tây,Đà Nẵng,temple,insufficient_service_evidence,0,https://www.openstreetmap.org/node/4294139091,v2-c829c8f3e2414108
osm:node:4294143691,Nhà thờ Giáo xứ An Thượng,Đà Nẵng,temple,insufficient_service_evidence,0,https://www.openstreetmap.org/node/4294143691,v2-c829c8f3e2414108
osm:node:4294167889,nhà thờ Tùng Sơn,Đà Nẵng,temple,insufficient_service_evidence,0,https://www.openstreetmap.org/node/4294167889,v2-c829c8f3e2414108
osm:node:4295458892,Nhà Hàng Hot Pot BBQ,Hà Nội,restaurant,insufficient_service_evidence,0,https://www.openstreetmap.org/node/4295458892,v2-c829c8f3e2414108
osm:node:4295603189,Pateta,Hà Nội,restaurant,insufficient_service_evidence,0,https://www.openstreetmap.org/node/4295603189,v2-c829c8f3e2414108
osm:node:4296008295,Bánh Gối,Hà Nội,restaurant,insufficient_service_evidence,0,https://www.openstreetmap.org/node/4296008295,v2-c829c8f3e2414108
osm:node:4301483689,Sơn,Đà Nẵng,cafe,weak_or_generic_name,1,https://www.openstreetmap.org/node/4301483689,v2-c829c8f3e2414108
osm:node:4301927190,Cà Phê Hanoi House,Hà Nội,cafe,insufficient_service_evidence,0,https://www.openstreetmap.org/node/4301927190,v2-c829c8f3e2414108
osm:node:4306911795,Cà Phê Giang,Hà Nội,cafe,insufficient_service_evidence,0,https://www.openstreetmap.org/node/4306911795,v2-c829c8f3e2414108
osm:node:4309556992,Căng Buồm Trắng,Đà Nẵng,restaurant,insufficient_service_evidence,0,https://www.openstreetmap.org/node/4309556992,v2-c829c8f3e2414108
osm:node:4312279989,Cafe,Đà Nẵng,cafe,insufficient_service_evidence,0,https://www.openstreetmap.org/node/4312279989,v2-c829c8f3e2414108
osm:node:4320366025,Cà Phê Anh 2,Hà Nội,cafe,insufficient_service_evidence,0,https://www.openstreetmap.org/node/4320366025,v2-c829c8f3e2414108
osm:node:4320668189,Oh bread,Hà Nội,restaurant,insufficient_service_evidence,0,https://www.openstreetmap.org/node/4320668189,v2-c829c8f3e2414108
osm:node:4320825493,Bao Han,Đà Nẵng,restaurant,insufficient_service_evidence,0,https://www.openstreetmap.org/node/4320825493,v2-c829c8f3e2414108
osm:node:4320867591,Phi bánh mì,Đà Nẵng,restaurant,insufficient_service_evidence,0,https://www.openstreetmap.org/node/4320867591,v2-c829c8f3e2414108
osm:node:4322936691,Làng Bích Hoạ,Đà Nẵng,attraction,insufficient_service_evidence,0,https://www.openstreetmap.org/node/4322936691,v2-c829c8f3e2414108
osm:node:4326474789,Bánh tráng Trần,Đà Nẵng,restaurant,insufficient_service_evidence,0,https://www.openstreetmap.org/node/4326474789,v2-c829c8f3e2414108
osm:node:4326819390,Aquarium cafe,Đà Nẵng,cafe,insufficient_service_evidence,0,https://www.openstreetmap.org/node/4326819390,v2-c829c8f3e2414108
osm:node:4327575690,Little Hanoi,Hà Nội,restaurant,insufficient_service_evidence,0,https://www.openstreetmap.org/node/4327575690,v2-c829c8f3e2414108
osm:node:4327575691,Nhà Hàng Cari Trường,Hà Nội,restaurant,insufficient_service_evidence,0,https://www.openstreetmap.org/node/4327575691,v2-c829c8f3e2414108
osm:node:4327649345,Cà Phê Thái,Hà Nội,cafe,insufficient_service_evidence,0,https://www.openstreetmap.org/node/4327649345,v2-c829c8f3e2414108
osm:node:4328960193,Raw Juicery,Hà Nội,cafe,insufficient_service_evidence,0,https://www.openstreetmap.org/node/4328960193,v2-c829c8f3e2414108
osm:node:4333252489,Dingo Deli Vietnam,Đà Nẵng,restaurant,insufficient_service_evidence,0,https://www.openstreetmap.org/node/4333252489,v2-c829c8f3e2414108
osm:node:4333492797,Nguyên Tuygên,Đà Nẵng,restaurant,insufficient_service_evidence,0,https://www.openstreetmap.org/node/4333492797,v2-c829c8f3e2414108
osm:node:4333838495,Good Morning Vietnam,Đà Nẵng,restaurant,insufficient_service_evidence,0,https://www.openstreetmap.org/node/4333838495,v2-c829c8f3e2414108
osm:node:4339353889,The Purple Lantern,Đà Nẵng,restaurant,insufficient_service_evidence,0,https://www.openstreetmap.org/node/4339353889,v2-c829c8f3e2414108
osm:node:4339694191,Cafe Han Pho,Đà Nẵng,cafe,insufficient_service_evidence,0,https://www.openstreetmap.org/node/4339694191,v2-c829c8f3e2414108
osm:node:4341891090,Nhà Hàng Banana Tree,Hà Nội,restaurant,insufficient_service_evidence,0,https://www.openstreetmap.org/node/4341891090,v2-c829c8f3e2414108
osm:node:4342021090,Drift Wood,Đà Nẵng,restaurant,insufficient_service_evidence,0,https://www.openstreetmap.org/node/4342021090,v2-c829c8f3e2414108
osm:node:4345292789,Lame Cafe,Đà Nẵng,cafe,insufficient_service_evidence,0,https://www.openstreetmap.org/node/4345292789,v2-c829c8f3e2414108
osm:node:4345669518,Café,Đà Nẵng,cafe,insufficient_service_evidence,0,https://www.openstreetmap.org/node/4345669518,v2-c829c8f3e2414108
osm:node:4346678690,Sieu Thi Qua Vat,Hà Nội,restaurant,insufficient_service_evidence,0,https://www.openstreetmap.org/node/4346678690,v2-c829c8f3e2414108
osm:node:4347044555,Suong,Đà Nẵng,restaurant,insufficient_service_evidence,0,https://www.openstreetmap.org/node/4347044555,v2-c829c8f3e2414108
osm:node:4347046685,Luna d'Autunno,Đà Nẵng,restaurant,insufficient_service_evidence,0,https://www.openstreetmap.org/node/4347046685,v2-c829c8f3e2414108
osm:node:4347046687,Hong Hanh,Đà Nẵng,restaurant,insufficient_service_evidence,0,https://www.openstreetmap.org/node/4347046687,v2-c829c8f3e2414108
osm:node:4347046700,Hai Trang,Đà Nẵng,restaurant,insufficient_service_evidence,0,https://www.openstreetmap.org/node/4347046700,v2-c829c8f3e2414108
osm:node:4347046702,Chay,Đà Nẵng,restaurant,insufficient_service_evidence,0,https://www.openstreetmap.org/node/4347046702,v2-c829c8f3e2414108
osm:node:4347046705,Wood Fish Restaurant,Đà Nẵng,restaurant,insufficient_service_evidence,0,https://www.openstreetmap.org/node/4347046705,v2-c829c8f3e2414108
osm:node:4347237778,Marimba,Đà Nẵng,restaurant,insufficient_service_evidence,0,https://www.openstreetmap.org/node/4347237778,v2-c829c8f3e2414108
osm:node:4347237779,Seaweed,Đà Nẵng,restaurant,insufficient_service_evidence,0,https://www.openstreetmap.org/node/4347237779,v2-c829c8f3e2414108
osm:node:4347237781,Tuan Trung,Đà Nẵng,restaurant,insufficient_service_evidence,0,https://www.openstreetmap.org/node/4347237781,v2-c829c8f3e2414108
osm:node:4347237782,Hoa T...,Đà Nẵng,restaurant,insufficient_service_evidence,0,https://www.openstreetmap.org/node/4347237782,v2-c829c8f3e2414108
osm:node:4352140189,Cửa Hàng Bánh Mì Aha,Hà Nội,restaurant,insufficient_service_evidence,0,https://www.openstreetmap.org/node/4352140189,v2-c829c8f3e2414108
osm:node:4352240896,Cộng Cà Phê,Đà Nẵng,cafe,insufficient_service_evidence,0,https://www.openstreetmap.org/node/4352240896,v2-c829c8f3e2414108
osm:node:4352241691,Pho Bac 63,Đà Nẵng,restaurant,insufficient_service_evidence,0,https://www.openstreetmap.org/node/4352241691,v2-c829c8f3e2414108
osm:node:4352241993,Nha Hang Dong Duong,Đà Nẵng,restaurant,insufficient_service_evidence,0,https://www.openstreetmap.org/node/4352241993,v2-c829c8f3e2414108
osm:node:4352241994,Quan Mi Quang,Đà Nẵng,restaurant,insufficient_service_evidence,0,https://www.openstreetmap.org/node/4352241994,v2-c829c8f3e2414108
osm:node:4352264489,까오러우,Đà Nẵng,restaurant,weak_or_generic_name|insufficient_service_evidence,0,https://www.openstreetmap.org/node/4352264489,v2-c829c8f3e2414108
osm:node:4352266389,Burger Bros,Đà Nẵng,restaurant,insufficient_service_evidence,0,https://www.openstreetmap.org/node/4352266389,v2-c829c8f3e2414108
osm:node:4352309392,Madame Lan,Đà Nẵng,restaurant,insufficient_service_evidence,0,https://www.openstreetmap.org/node/4352309392,v2-c829c8f3e2414108
osm:node:4352309491,Family Indian Restraurant,Đà Nẵng,restaurant,insufficient_service_evidence,0,https://www.openstreetmap.org/node/4352309491,v2-c829c8f3e2414108
osm:node:4353372191,Zenith Yoga Studio II & Café,Hà Nội,restaurant,insufficient_service_evidence,0,https://www.openstreetmap.org/node/4353372191,v2-c829c8f3e2414108
osm:node:4353913989,Quán Ân,Đà Nẵng,restaurant,insufficient_service_evidence,0,https://www.openstreetmap.org/node/4353913989,v2-c829c8f3e2414108
osm:node:4355692621,Nhà Hàng Mum's,Hà Nội,restaurant,insufficient_service_evidence,0,https://www.openstreetmap.org/node/4355692621,v2-c829c8f3e2414108
osm:node:4355761091,Paolo & Chi Pizzeria Old Quarter,Hà Nội,restaurant,insufficient_service_evidence,0,https://www.openstreetmap.org/node/4355761091,v2-c829c8f3e2414108
osm:node:4357173000,Nām Giã,Đà Nẵng,restaurant,insufficient_service_evidence,0,https://www.openstreetmap.org/node/4357173000,v2-c829c8f3e2414108
osm:node:4357664005,Thử,Hà Nội,viewpoint,weak_or_generic_name|insufficient_service_evidence,0,https://www.openstreetmap.org/node/4357664005,v2-c829c8f3e2414108
osm:node:4358179090,Miss Quyên,Đà Nẵng,restaurant,insufficient_service_evidence,0,https://www.openstreetmap.org/node/4358179090,v2-c829c8f3e2414108
osm:node:4358622593,Nhà Hàng Foodshop 45 - Indian Cuisine,Hà Nội,restaurant,insufficient_service_evidence,0,https://www.openstreetmap.org/node/4358622593,v2-c829c8f3e2414108
osm:node:4358629195,Cà Phê Glamour,Hà Nội,cafe,insufficient_service_evidence,0,https://www.openstreetmap.org/node/4358629195,v2-c829c8f3e2414108
osm:node:4358971989,Nhà Hàng Highway 4,Hà Nội,restaurant,insufficient_service_evidence,0,https://www.openstreetmap.org/node/4358971989,v2-c829c8f3e2414108
osm:node:4359528394,"Lăng ngũ hành, Trà Quế, Cẩm Hà, Hội An",Đà Nẵng,temple,insufficient_service_evidence,0,https://www.openstreetmap.org/node/4359528394,v2-c829c8f3e2414108
osm:node:4359539593,"Miếu Lùm Bà dàng, thanh hà, hội an",Đà Nẵng,temple,insufficient_service_evidence,0,https://www.openstreetmap.org/node/4359539593,v2-c829c8f3e2414108
osm:node:4359542691,"Miếu bà chúa Ngọc, Trà Quế, Cẩm Hà, Hội An",Đà Nẵng,temple,insufficient_service_evidence,0,https://www.openstreetmap.org/node/4359542691,v2-c829c8f3e2414108
osm:node:4359542692,"Lăng Ngũ hành, An mỹ, Cẩm An, Hội An",Đà Nẵng,temple,insufficient_service_evidence,0,https://www.openstreetmap.org/node/4359542692,v2-c829c8f3e2414108
osm:node:4359751695,"Miếu Bà Vải, Thanh Quýt 1, Điện Thắng Trung, Điện Bàn",Đà Nẵng,temple,insufficient_service_evidence,0,https://www.openstreetmap.org/node/4359751695,v2-c829c8f3e2414108
osm:node:4359773990,"Miếu Lục Vị (lăng cô), khối Thanh Chiếm, Thanh Hà, Hội An",Đà Nẵng,temple,insufficient_service_evidence,0,https://www.openstreetmap.org/node/4359773990,v2-c829c8f3e2414108
osm:node:4360186897,"miếu bà thiên y, thanh quýt 4, điện bàn",Đà Nẵng,temple,insufficient_service_evidence,0,https://www.openstreetmap.org/node/4360186897,v2-c829c8f3e2414108
osm:node:4360186898,"Miếu Bà thái dương, điện minh, điện bàn",Đà Nẵng,temple,insufficient_service_evidence,0,https://www.openstreetmap.org/node/4360186898,v2-c829c8f3e2414108
osm:node:4364343294,Steakout,Hà Nội,restaurant,insufficient_service_evidence,0,https://www.openstreetmap.org/node/4364343294,v2-c829c8f3e2414108
osm:node:4364361735,Nhà Hàng & Cà Phê EMM's,Hà Nội,restaurant,insufficient_service_evidence,0,https://www.openstreetmap.org/node/4364361735,v2-c829c8f3e2414108
osm:node:4365096489,Hoi An Food Court,Đà Nẵng,restaurant,insufficient_service_evidence,0,https://www.openstreetmap.org/node/4365096489,v2-c829c8f3e2414108
osm:node:4366360798,Pho Ga,Hà Nội,restaurant,insufficient_service_evidence,0,https://www.openstreetmap.org/node/4366360798,v2-c829c8f3e2414108
osm:node:4369340191,Café Phú Lich,Đà Nẵng,cafe,insufficient_service_evidence,0,https://www.openstreetmap.org/node/4369340191,v2-c829c8f3e2414108
osm:node:4377349889,Mr. Son,Đà Nẵng,restaurant,insufficient_service_evidence,0,https://www.openstreetmap.org/node/4377349889,v2-c829c8f3e2414108
osm:node:4381861689,Quan Bia Minh,Hà Nội,cafe,insufficient_service_evidence,0,https://www.openstreetmap.org/node/4381861689,v2-c829c8f3e2414108
osm:node:4381937591,Cà Phê Duy Trí,Hà Nội,cafe,insufficient_service_evidence,0,https://www.openstreetmap.org/node/4381937591,v2-c829c8f3e2414108
osm:node:4382109792,bánh mỳ Doner Kebab Hùng Jock,Hà Nội,restaurant,insufficient_service_evidence,0,https://www.openstreetmap.org/node/4382109792,v2-c829c8f3e2414108
osm:node:4383692291,aha Cafe,Hà Nội,cafe,insufficient_service_evidence,0,https://www.openstreetmap.org/node/4383692291,v2-c829c8f3e2414108
osm:node:4386676224,Chợ Miếu Bông,Đà Nẵng,market,insufficient_service_evidence,0,https://www.openstreetmap.org/node/4386676224,v2-c829c8f3e2414108
osm:node:4386749689,phong kham da koa,Hà Nội,restaurant,insufficient_service_evidence,0,https://www.openstreetmap.org/node/4386749689,v2-c829c8f3e2414108
osm:node:4388677795,Coffee house,Hà Nội,cafe,insufficient_service_evidence,0,https://www.openstreetmap.org/node/4388677795,v2-c829c8f3e2414108
osm:node:4388677798,Coffee family,Hà Nội,cafe,insufficient_service_evidence,0,https://www.openstreetmap.org/node/4388677798,v2-c829c8f3e2414108
osm:node:4388677799,Nhà hàng Lẩu dê Tuấn Hằng,Hà Nội,restaurant,insufficient_service_evidence,0,https://www.openstreetmap.org/node/4388677799,v2-c829c8f3e2414108
osm:node:4388733103,Hải Đăng coffee,Hà Nội,cafe,insufficient_service_evidence,0,https://www.openstreetmap.org/node/4388733103,v2-c829c8f3e2414108
osm:node:4395825999,vuon nam kha,Đà Nẵng,restaurant,insufficient_service_evidence,0,https://www.openstreetmap.org/node/4395825999,v2-c829c8f3e2414108
osm:node:4401168601,Nha Hang Le Ba Truyen ll,Đà Nẵng,restaurant,insufficient_service_evidence,0,https://www.openstreetmap.org/node/4401168601,v2-c829c8f3e2414108
osm:node:4401168602,Nha Hang Com Nieu Hong Phuc 3,Đà Nẵng,restaurant,insufficient_service_evidence,0,https://www.openstreetmap.org/node/4401168602,v2-c829c8f3e2414108
osm:node:4401378391,Red Beach Resort & Spa,Đà Nẵng,restaurant,insufficient_service_evidence,0,https://www.openstreetmap.org/node/4401378391,v2-c829c8f3e2414108
osm:node:4403884590,Highlands Coffee,Đà Nẵng,cafe,insufficient_service_evidence,0,https://www.openstreetmap.org/node/4403884590,v2-c829c8f3e2414108
osm:node:4408947190,Faifo Grill & Buffet Restaurant,Đà Nẵng,restaurant,insufficient_service_evidence,0,https://www.openstreetmap.org/node/4408947190,v2-c829c8f3e2414108
osm:node:4409057989,Thúy Hồng,Đà Nẵng,restaurant,insufficient_service_evidence,0,https://www.openstreetmap.org/node/4409057989,v2-c829c8f3e2414108
osm:node:4413364391,KFC,Hà Nội,restaurant,weak_or_generic_name|insufficient_service_evidence,0,https://www.openstreetmap.org/node/4413364391,v2-c829c8f3e2414108
osm:node:4414110689,EZ Cafe,Hà Nội,cafe,insufficient_service_evidence,0,https://www.openstreetmap.org/node/4414110689,v2-c829c8f3e2414108
osm:node:4417630567,Highlands Coffee,Hà Nội,cafe,insufficient_service_evidence,0,https://www.openstreetmap.org/node/4417630567,v2-c829c8f3e2414108
osm:node:442030353,Nhà Hàng Chay Phương Nam,Hà Nội,restaurant,insufficient_service_evidence,0,https://www.openstreetmap.org/node/442030353,v2-c829c8f3e2414108
osm:node:442030367,Nhà hàng Nam Phương,Hà Nội,restaurant,insufficient_service_evidence,0,https://www.openstreetmap.org/node/442030367,v2-c829c8f3e2414108
osm:node:442030389,Nha Hang Little Italian,Hà Nội,restaurant,insufficient_service_evidence,0,https://www.openstreetmap.org/node/442030389,v2-c829c8f3e2414108
osm:node:442031761,Nha Hang Indochine,Hà Nội,restaurant,insufficient_service_evidence,0,https://www.openstreetmap.org/node/442031761,v2-c829c8f3e2414108
osm:node:442910045,Cà Phê Big One,Hà Nội,cafe,insufficient_service_evidence,0,https://www.openstreetmap.org/node/442910045,v2-c829c8f3e2414108
osm:node:442913494,KFC,Hà Nội,restaurant,weak_or_generic_name|insufficient_service_evidence,0,https://www.openstreetmap.org/node/442913494,v2-c829c8f3e2414108
osm:node:442994566,Sushi Tiger,Hà Nội,restaurant,insufficient_service_evidence,0,https://www.openstreetmap.org/node/442994566,v2-c829c8f3e2414108
osm:node:443033827,Tượng đài Lý Thái Tổ,Hà Nội,historic,insufficient_service_evidence,0,https://www.openstreetmap.org/node/443033827,v2-c829c8f3e2414108
osm:node:4440898391,ha noi deli,Hà Nội,cafe,insufficient_service_evidence,0,https://www.openstreetmap.org/node/4440898391,v2-c829c8f3e2414108
osm:node:4450138703,Nhà Hàng Hoàng Minh,Hà Nội,restaurant,insufficient_service_evidence,0,https://www.openstreetmap.org/node/4450138703,v2-c829c8f3e2414108
osm:node:4452884989,cầu tre,Đà Nẵng,attraction,insufficient_service_evidence,0,https://www.openstreetmap.org/node/4452884989,v2-c829c8f3e2414108
osm:node:4453120690,Cộng Cà Phê,Hà Nội,cafe,insufficient_service_evidence,0,https://www.openstreetmap.org/node/4453120690,v2-c829c8f3e2414108
osm:node:445345255,Nhà 48 phố Hàng Ngang,Hà Nội,museum,insufficient_service_evidence,0,https://www.openstreetmap.org/node/445345255,v2-c829c8f3e2414108
osm:node:445345257,Chùa Lý Triều Quốc Sư,Hà Nội,temple,insufficient_service_evidence,0,https://www.openstreetmap.org/node/445345257,v2-c829c8f3e2414108
osm:node:4454402594,Coffee roasters,Đà Nẵng,cafe,insufficient_service_evidence,0,https://www.openstreetmap.org/node/4454402594,v2-c829c8f3e2414108
osm:node:4456468089,Loft Stop Cafe,Hà Nội,cafe,insufficient_service_evidence,0,https://www.openstreetmap.org/node/4456468089,v2-c829c8f3e2414108
osm:node:4457996689,Cafe Fast food,Hà Nội,restaurant,insufficient_service_evidence,0,https://www.openstreetmap.org/node/4457996689,v2-c829c8f3e2414108
osm:node:4458823390,Cafe 68,Hà Nội,cafe,insufficient_service_evidence,0,https://www.openstreetmap.org/node/4458823390,v2-c829c8f3e2414108
osm:node:4460217491,Cà Phê Countryside,Hà Nội,cafe,insufficient_service_evidence,0,https://www.openstreetmap.org/node/4460217491,v2-c829c8f3e2414108
osm:node:446031978,Chùa Trung Kính Thượng,Hà Nội,temple,insufficient_service_evidence,0,https://www.openstreetmap.org/node/446031978,v2-c829c8f3e2414108
osm:node:446043000,Trà Xuân Tửu,Hà Nội,restaurant,insufficient_service_evidence,0,https://www.openstreetmap.org/node/446043000,v2-c829c8f3e2414108
osm:node:446043425,Cây Si,Hà Nội,restaurant,insufficient_service_evidence,0,https://www.openstreetmap.org/node/446043425,v2-c829c8f3e2414108
osm:node:446044222,Nhà hàng Thành Lộc,Hà Nội,restaurant,insufficient_service_evidence,0,https://www.openstreetmap.org/node/446044222,v2-c829c8f3e2414108
osm:node:4481034394,Bun Ca sam Cay Si,Hà Nội,restaurant,insufficient_service_evidence,0,https://www.openstreetmap.org/node/4481034394,v2-c829c8f3e2414108
osm:node:4481407690,Chay Aummee,Hà Nội,restaurant,insufficient_service_evidence,0,https://www.openstreetmap.org/node/4481407690,v2-c829c8f3e2414108
osm:node:4483425089,Bromingo Fine Street BBQ,Hà Nội,restaurant,insufficient_service_evidence,0,https://www.openstreetmap.org/node/4483425089,v2-c829c8f3e2414108
osm:node:4485096895,Tuyet Restaurant,Đà Nẵng,restaurant,insufficient_service_evidence,0,https://www.openstreetmap.org/node/4485096895,v2-c829c8f3e2414108
osm:node:4485441589,Cà Phê J'Adore,Hà Nội,cafe,insufficient_service_evidence,0,https://www.openstreetmap.org/node/4485441589,v2-c829c8f3e2414108
osm:node:4485511691,Stamp Coffee,Hà Nội,cafe,insufficient_service_evidence,0,https://www.openstreetmap.org/node/4485511691,v2-c829c8f3e2414108
osm:node:4485546292,L'Étage,Hà Nội,cafe,insufficient_service_evidence,0,https://www.openstreetmap.org/node/4485546292,v2-c829c8f3e2414108
osm:node:4485547089,The Balcony,Hà Nội,cafe,insufficient_service_evidence,0,https://www.openstreetmap.org/node/4485547089,v2-c829c8f3e2414108
osm:node:4486254298,The Note Coffee,Hà Nội,cafe,insufficient_service_evidence,0,https://www.openstreetmap.org/node/4486254298,v2-c829c8f3e2414108
osm:node:4486692390,Nhà Hàng Hưng Phát,Hà Nội,restaurant,insufficient_service_evidence,0,https://www.openstreetmap.org/node/4486692390,v2-c829c8f3e2414108
osm:node:4486827794,Son Duong Quan,Hà Nội,restaurant,insufficient_service_evidence,0,https://www.openstreetmap.org/node/4486827794,v2-c829c8f3e2414108
osm:node:449628162,Đình Khương Đình,Hà Nội,temple,insufficient_service_evidence,0,https://www.openstreetmap.org/node/449628162,v2-c829c8f3e2414108
osm:node:4496285792,Vueng Beo Hoi Quan,Đà Nẵng,restaurant,insufficient_service_evidence,0,https://www.openstreetmap.org/node/4496285792,v2-c829c8f3e2414108
osm:node:4496363513,Cà Phê Huế Organic,Hà Nội,cafe,insufficient_service_evidence,0,https://www.openstreetmap.org/node/4496363513,v2-c829c8f3e2414108
osm:node:4497819206,Sinh viên Công giáo Phú Mỹ,Hà Nội,temple,insufficient_service_evidence,0,https://www.openstreetmap.org/node/4497819206,v2-c829c8f3e2414108
osm:node:4497894667,Nhà Hàng Buk Buk,Hà Nội,restaurant,insufficient_service_evidence,0,https://www.openstreetmap.org/node/4497894667,v2-c829c8f3e2414108
osm:node:4504307491,Tacos Fresh And More,Hà Nội,restaurant,insufficient_service_evidence,0,https://www.openstreetmap.org/node/4504307491,v2-c829c8f3e2414108
osm:node:4507417291,Lotteria,Hà Nội,restaurant,insufficient_service_evidence,0,https://www.openstreetmap.org/node/4507417291,v2-c829c8f3e2414108
osm:node:4508014325,Quán Cơm Chay Bồ Đề,Hà Nội,restaurant,insufficient_service_evidence,0,https://www.openstreetmap.org/node/4508014325,v2-c829c8f3e2414108
osm:node:4511484589,chachago,Hà Nội,cafe,insufficient_service_evidence,0,https://www.openstreetmap.org/node/4511484589,v2-c829c8f3e2414108
osm:node:4511873490,Restaurant - Cafe Tuân,Đà Nẵng,restaurant,insufficient_service_evidence,0,https://www.openstreetmap.org/node/4511873490,v2-c829c8f3e2414108
osm:node:4516705495,La Place Cafe,Hà Nội,cafe,insufficient_service_evidence,0,https://www.openstreetmap.org/node/4516705495,v2-c829c8f3e2414108
osm:node:4517337393,Thuy Ta Song Que,Đà Nẵng,restaurant,insufficient_service_evidence,0,https://www.openstreetmap.org/node/4517337393,v2-c829c8f3e2414108
osm:node:4517387589,Triem Tay Village,Đà Nẵng,attraction,insufficient_service_evidence,0,https://www.openstreetmap.org/node/4517387589,v2-c829c8f3e2414108
osm:node:4520425992,Vân,Đà Nẵng,restaurant,weak_or_generic_name,1,https://www.openstreetmap.org/node/4520425992,v2-c829c8f3e2414108
osm:node:4523072389,Cơm Chay Sala Quán,Hà Nội,restaurant,insufficient_service_evidence,0,https://www.openstreetmap.org/node/4523072389,v2-c829c8f3e2414108
osm:node:4523211689,Hương Việt,Hà Nội,restaurant,insufficient_service_evidence,0,https://www.openstreetmap.org/node/4523211689,v2-c829c8f3e2414108
osm:node:4531907991,Quán ăn vặt,Hà Nội,restaurant,insufficient_service_evidence,0,https://www.openstreetmap.org/node/4531907991,v2-c829c8f3e2414108
osm:node:4532459295,cà phê nhi,Hà Nội,cafe,insufficient_service_evidence,0,https://www.openstreetmap.org/node/4532459295,v2-c829c8f3e2414108
osm:node:4532459296,cà phê mộc,Hà Nội,cafe,insufficient_service_evidence,0,https://www.openstreetmap.org/node/4532459296,v2-c829c8f3e2414108
osm:node:4532462397,chợ đêm,Hà Nội,market,weak_or_generic_name,1,https://www.openstreetmap.org/node/4532462397,v2-c829c8f3e2414108
osm:node:4532490893,quán cà phê,Hà Nội,cafe,insufficient_service_evidence,0,https://www.openstreetmap.org/node/4532490893,v2-c829c8f3e2414108
osm:node:4532514193,quán phở bà béo,Hà Nội,restaurant,insufficient_service_evidence,0,https://www.openstreetmap.org/node/4532514193,v2-c829c8f3e2414108
osm:node:4532521390,cà phê mây,Hà Nội,cafe,insufficient_service_evidence,0,https://www.openstreetmap.org/node/4532521390,v2-c829c8f3e2414108
osm:node:4535978495,Lotteria,Hà Nội,restaurant,insufficient_service_evidence,0,https://www.openstreetmap.org/node/4535978495,v2-c829c8f3e2414108
osm:node:4536058093,Nhà hàng Vua Tôm Hùm,Hà Nội,restaurant,insufficient_service_evidence,0,https://www.openstreetmap.org/node/4536058093,v2-c829c8f3e2414108
osm:node:4536058096,Cà Phê Monaco,Hà Nội,cafe,insufficient_service_evidence,0,https://www.openstreetmap.org/node/4536058096,v2-c829c8f3e2414108
osm:node:4537530289,Tháp Chiên Đàn,Đà Nẵng,historic,insufficient_service_evidence,0,https://www.openstreetmap.org/node/4537530289,v2-c829c8f3e2414108
osm:node:4538467361,KFC,Hà Nội,restaurant,weak_or_generic_name,1,https://www.openstreetmap.org/node/4538467361,v2-c829c8f3e2414108
osm:node:4541140991,Ba Vi,Đà Nẵng,restaurant,insufficient_service_evidence,0,https://www.openstreetmap.org/node/4541140991,v2-c829c8f3e2414108
osm:node:4541141193,Ba Duong,Đà Nẵng,restaurant,insufficient_service_evidence,0,https://www.openstreetmap.org/node/4541141193,v2-c829c8f3e2414108
osm:node:4541146990,Pho 75,Đà Nẵng,restaurant,insufficient_service_evidence,0,https://www.openstreetmap.org/node/4541146990,v2-c829c8f3e2414108
osm:node:4541170290,Hoa Tu,Đà Nẵng,restaurant,insufficient_service_evidence,0,https://www.openstreetmap.org/node/4541170290,v2-c829c8f3e2414108
osm:node:4541197390,Mi Total,Đà Nẵng,restaurant,insufficient_service_evidence,0,https://www.openstreetmap.org/node/4541197390,v2-c829c8f3e2414108
osm:node:4541198589,Suan Trang,Đà Nẵng,restaurant,insufficient_service_evidence,0,https://www.openstreetmap.org/node/4541198589,v2-c829c8f3e2414108
osm:node:4544230189,Chùa Kim Liên,Hà Nội,temple,insufficient_service_evidence,0,https://www.openstreetmap.org/node/4544230189,v2-c829c8f3e2414108
osm:node:4549010614,Cà Phê Cabine,Hà Nội,cafe,insufficient_service_evidence,0,https://www.openstreetmap.org/node/4549010614,v2-c829c8f3e2414108
osm:node:4550329090,Chùa Vạn Niên,Hà Nội,temple,insufficient_service_evidence,0,https://www.openstreetmap.org/node/4550329090,v2-c829c8f3e2414108
osm:node:4550335190,NHÀ HÀNG THÚY HĂNG,Hà Nội,restaurant,insufficient_service_evidence,0,https://www.openstreetmap.org/node/4550335190,v2-c829c8f3e2414108
osm:node:4550335291,Sixty Six,Hà Nội,restaurant,insufficient_service_evidence,0,https://www.openstreetmap.org/node/4550335291,v2-c829c8f3e2414108
osm:node:4551057513,Đình Nghi Tàm,Hà Nội,temple,insufficient_service_evidence,0,https://www.openstreetmap.org/node/4551057513,v2-c829c8f3e2414108
osm:node:4551757589,cà phê cường hiền,Đà Nẵng,cafe,insufficient_service_evidence,0,https://www.openstreetmap.org/node/4551757589,v2-c829c8f3e2414108
osm:node:4557009772,Bia Bắc Sơn,Hà Nội,restaurant,insufficient_service_evidence,0,https://www.openstreetmap.org/node/4557009772,v2-c829c8f3e2414108
osm:node:4557999389,Bách Phương - Bún Bò Nam Bộ,Hà Nội,restaurant,insufficient_service_evidence,0,https://www.openstreetmap.org/node/4557999389,v2-c829c8f3e2414108
osm:node:4560198562,Petit Jardin Coffee,Hà Nội,cafe,insufficient_service_evidence,0,https://www.openstreetmap.org/node/4560198562,v2-c829c8f3e2414108
osm:node:4564371397,Nhà đất Hữu Lành,Đà Nẵng,cafe,insufficient_service_evidence,0,https://www.openstreetmap.org/node/4564371397,v2-c829c8f3e2414108
osm:node:4566446897,Cửa Hàng Bún Chả Hương Liên,Hà Nội,restaurant,insufficient_service_evidence,0,https://www.openstreetmap.org/node/4566446897,v2-c829c8f3e2414108
osm:node:4568160621,Yum Yum,Đà Nẵng,restaurant,insufficient_service_evidence,0,https://www.openstreetmap.org/node/4568160621,v2-c829c8f3e2414108
osm:node:4568161390,cay me,Đà Nẵng,restaurant,insufficient_service_evidence,0,https://www.openstreetmap.org/node/4568161390,v2-c829c8f3e2414108
osm:node:4569768690,Nhà Hàng India Palace,Hà Nội,restaurant,insufficient_service_evidence,0,https://www.openstreetmap.org/node/4569768690,v2-c829c8f3e2414108
osm:node:4570650495,Nhat Mon,Hà Nội,restaurant,insufficient_service_evidence,0,https://www.openstreetmap.org/node/4570650495,v2-c829c8f3e2414108
osm:node:4572907889,Chợ Đêm,Hà Nội,attraction,weak_or_generic_name,1,https://www.openstreetmap.org/node/4572907889,v2-c829c8f3e2414108
osm:node:4578685691,cafe mint,Đà Nẵng,cafe,insufficient_service_evidence,0,https://www.openstreetmap.org/node/4578685691,v2-c829c8f3e2414108
osm:node:4578730792,Quán Gà 36,Hà Nội,restaurant,insufficient_service_evidence,0,https://www.openstreetmap.org/node/4578730792,v2-c829c8f3e2414108
osm:node:4580702592,Nhà Hàng Don Duck,Hà Nội,restaurant,insufficient_service_evidence,0,https://www.openstreetmap.org/node/4580702592,v2-c829c8f3e2414108
osm:node:4580736991,Ding Tea,Hà Nội,cafe,insufficient_service_evidence,0,https://www.openstreetmap.org/node/4580736991,v2-c829c8f3e2414108
osm:node:4582592213,Nhà thờ tộc Trần,Đà Nẵng,temple,insufficient_service_evidence,0,https://www.openstreetmap.org/node/4582592213,v2-c829c8f3e2414108
osm:node:4582707890,CaPhe Giai Khat 78,Đà Nẵng,cafe,insufficient_service_evidence,0,https://www.openstreetmap.org/node/4582707890,v2-c829c8f3e2414108
osm:node:4585008801,Dung Sau Rieng,Đà Nẵng,restaurant,insufficient_service_evidence,0,https://www.openstreetmap.org/node/4585008801,v2-c829c8f3e2414108
osm:node:4586351390,Lẩu dê nhất ly,Hà Nội,restaurant,insufficient_service_evidence,0,https://www.openstreetmap.org/node/4586351390,v2-c829c8f3e2414108
osm:node:4586483090,Café Công Nghê,Hà Nội,restaurant,insufficient_service_evidence,0,https://www.openstreetmap.org/node/4586483090,v2-c829c8f3e2414108
osm:node:4588674490,Pho Lien,Đà Nẵng,restaurant,insufficient_service_evidence,0,https://www.openstreetmap.org/node/4588674490,v2-c829c8f3e2414108
osm:node:4589086092,Bang Mi,Hà Nội,restaurant,insufficient_service_evidence,0,https://www.openstreetmap.org/node/4589086092,v2-c829c8f3e2414108
osm:node:4589196789,Roast Pork,Hà Nội,restaurant,insufficient_service_evidence,0,https://www.openstreetmap.org/node/4589196789,v2-c829c8f3e2414108
osm:node:4592563890,Quán an Bong,Đà Nẵng,restaurant,insufficient_service_evidence,0,https://www.openstreetmap.org/node/4592563890,v2-c829c8f3e2414108
osm:node:4592627190,Le Tonkin,Hà Nội,restaurant,insufficient_service_evidence,0,https://www.openstreetmap.org/node/4592627190,v2-c829c8f3e2414108
osm:node:4597386289,Cây Lúa Non,Đà Nẵng,restaurant,insufficient_service_evidence,0,https://www.openstreetmap.org/node/4597386289,v2-c829c8f3e2414108
osm:node:4601307889,Cộng Cà Phê,Hà Nội,cafe,insufficient_service_evidence,0,https://www.openstreetmap.org/node/4601307889,v2-c829c8f3e2414108
osm:node:4601957293,The kafe,Hà Nội,cafe,insufficient_service_evidence,0,https://www.openstreetmap.org/node/4601957293,v2-c829c8f3e2414108
osm:node:4605114489,Com Tâm Cô Nga,Đà Nẵng,restaurant,insufficient_service_evidence,0,https://www.openstreetmap.org/node/4605114489,v2-c829c8f3e2414108
osm:node:4610041489,Blue Gecko,Đà Nẵng,restaurant,insufficient_service_evidence,0,https://www.openstreetmap.org/node/4610041489,v2-c829c8f3e2414108
osm:node:4611124990,Bo De Quan,Hà Nội,restaurant,insufficient_service_evidence,0,https://www.openstreetmap.org/node/4611124990,v2-c829c8f3e2414108
osm:node:4621586790,Bon Restaurant & Bar,Đà Nẵng,restaurant,insufficient_service_evidence,0,https://www.openstreetmap.org/node/4621586790,v2-c829c8f3e2414108
osm:node:4622570694,Street Sushi,Hà Nội,restaurant,insufficient_service_evidence,0,https://www.openstreetmap.org/node/4622570694,v2-c829c8f3e2414108
osm:node:4623090493,Vape store,Hà Nội,cafe,insufficient_service_evidence,0,https://www.openstreetmap.org/node/4623090493,v2-c829c8f3e2414108
osm:node:4631390665,Pho Ganh Dam Trau,Hà Nội,restaurant,insufficient_service_evidence,0,https://www.openstreetmap.org/node/4631390665,v2-c829c8f3e2414108
osm:node:4634652689,Frozen Yogurt,Hà Nội,restaurant,insufficient_service_evidence,0,https://www.openstreetmap.org/node/4634652689,v2-c829c8f3e2414108
osm:node:4639673391,nom thit bo kho,Hà Nội,restaurant,insufficient_service_evidence,0,https://www.openstreetmap.org/node/4639673391,v2-c829c8f3e2414108
osm:node:4646371594,Chay,Đà Nẵng,restaurant,insufficient_service_evidence,0,https://www.openstreetmap.org/node/4646371594,v2-c829c8f3e2414108
osm:node:4647225192,Hoa giấy,Đà Nẵng,cafe,insufficient_service_evidence,0,https://www.openstreetmap.org/node/4647225192,v2-c829c8f3e2414108
osm:node:4648364790,Bên trăng,Hà Nội,restaurant,insufficient_service_evidence,0,https://www.openstreetmap.org/node/4648364790,v2-c829c8f3e2414108
osm:node:4650868860,Cao Lầo,Đà Nẵng,restaurant,insufficient_service_evidence,0,https://www.openstreetmap.org/node/4650868860,v2-c829c8f3e2414108
osm:node:4654743090,Cà phê koke mang vê,Đà Nẵng,cafe,insufficient_service_evidence,0,https://www.openstreetmap.org/node/4654743090,v2-c829c8f3e2414108
osm:node:4656790491,Bánh mì,Đà Nẵng,restaurant,insufficient_service_evidence,0,https://www.openstreetmap.org/node/4656790491,v2-c829c8f3e2414108
osm:node:4659379693,Al Fresco's,Hà Nội,restaurant,insufficient_service_evidence,0,https://www.openstreetmap.org/node/4659379693,v2-c829c8f3e2414108
osm:node:4659648591,Nhà Hàng Maison de Têt décor,Hà Nội,restaurant,insufficient_service_evidence,0,https://www.openstreetmap.org/node/4659648591,v2-c829c8f3e2414108
osm:node:4664490692,Nhà Hàng ABC,Hà Nội,restaurant,insufficient_service_evidence,0,https://www.openstreetmap.org/node/4664490692,v2-c829c8f3e2414108
osm:node:4664696291,Đền Thiên Hoa,Hà Nội,temple,insufficient_service_evidence,0,https://www.openstreetmap.org/node/4664696291,v2-c829c8f3e2414108
osm:node:4664732689,Đền Thiên Hoa,Hà Nội,temple,insufficient_service_evidence,0,https://www.openstreetmap.org/node/4664732689,v2-c829c8f3e2414108
osm:node:4664835790,Cà Phê Kufu,Hà Nội,cafe,insufficient_service_evidence,0,https://www.openstreetmap.org/node/4664835790,v2-c829c8f3e2414108
osm:node:4676484190,Cafe 36,Hà Nội,cafe,insufficient_service_evidence,0,https://www.openstreetmap.org/node/4676484190,v2-c829c8f3e2414108
osm:node:4678138390,Kebab King,Hà Nội,restaurant,insufficient_service_evidence,0,https://www.openstreetmap.org/node/4678138390,v2-c829c8f3e2414108
osm:node:4683465390,Café Runam,Hà Nội,cafe,insufficient_service_evidence,0,https://www.openstreetmap.org/node/4683465390,v2-c829c8f3e2414108
osm:node:4687830590,Spa and swimming pool,Hà Nội,attraction,insufficient_service_evidence,0,https://www.openstreetmap.org/node/4687830590,v2-c829c8f3e2414108
osm:node:4691764092,nhac xua cafe,Hà Nội,cafe,insufficient_service_evidence,0,https://www.openstreetmap.org/node/4691764092,v2-c829c8f3e2414108
osm:node:4694598590,339 Restaurant and Bar,Đà Nẵng,restaurant,insufficient_service_evidence,0,https://www.openstreetmap.org/node/4694598590,v2-c829c8f3e2414108
osm:node:4694633889,Minh Chay Vegan Restaurant,Hà Nội,restaurant,insufficient_service_evidence,0,https://www.openstreetmap.org/node/4694633889,v2-c829c8f3e2414108
osm:node:4694770090,Rockstone cafe,Đà Nẵng,cafe,insufficient_service_evidence,0,https://www.openstreetmap.org/node/4694770090,v2-c829c8f3e2414108
osm:node:4697126892,Red Sun The Best Burger,Đà Nẵng,restaurant,insufficient_service_evidence,0,https://www.openstreetmap.org/node/4697126892,v2-c829c8f3e2414108
osm:node:4697346784,The Coffee House,Hà Nội,cafe,insufficient_service_evidence,0,https://www.openstreetmap.org/node/4697346784,v2-c829c8f3e2414108
osm:node:4697346785,Cà Phê JoJo,Hà Nội,cafe,insufficient_service_evidence,0,https://www.openstreetmap.org/node/4697346785,v2-c829c8f3e2414108
osm:node:4698571438,Noodle soup,Hà Nội,restaurant,insufficient_service_evidence,0,https://www.openstreetmap.org/node/4698571438,v2-c829c8f3e2414108
osm:node:4698639589,bamboo,Đà Nẵng,restaurant,insufficient_service_evidence,0,https://www.openstreetmap.org/node/4698639589,v2-c829c8f3e2414108
osm:node:4703186899,Mót Hội An - Trà thảo mộc & Sả chanh,Đà Nẵng,restaurant,insufficient_service_evidence,0,https://www.openstreetmap.org/node/4703186899,v2-c829c8f3e2414108
osm:node:4704906892,Cafe Mrs Diep,Đà Nẵng,restaurant,insufficient_service_evidence,0,https://www.openstreetmap.org/node/4704906892,v2-c829c8f3e2414108
osm:node:4706189591,To Quoc Ghi Cong,Đà Nẵng,historic,insufficient_service_evidence,0,https://www.openstreetmap.org/node/4706189591,v2-c829c8f3e2414108
osm:node:4706268891,Google- Café Bar,Đà Nẵng,cafe,insufficient_service_evidence,0,https://www.openstreetmap.org/node/4706268891,v2-c829c8f3e2414108
osm:node:4706290190,The on off - Café,Đà Nẵng,cafe,insufficient_service_evidence,0,https://www.openstreetmap.org/node/4706290190,v2-c829c8f3e2414108
osm:node:4707967855,Hoi An Curry,Đà Nẵng,restaurant,insufficient_service_evidence,0,https://www.openstreetmap.org/node/4707967855,v2-c829c8f3e2414108
osm:node:4709218790,Talky cafe $,Hà Nội,restaurant,insufficient_service_evidence,0,https://www.openstreetmap.org/node/4709218790,v2-c829c8f3e2414108
osm:node:4709218791,Com Chay Cafe,Hà Nội,cafe,insufficient_service_evidence,0,https://www.openstreetmap.org/node/4709218791,v2-c829c8f3e2414108
osm:node:4709222689,Bestea House,Hà Nội,cafe,insufficient_service_evidence,0,https://www.openstreetmap.org/node/4709222689,v2-c829c8f3e2414108
osm:node:4710075490,Binh Minh Restaurant,Đà Nẵng,restaurant,insufficient_service_evidence,0,https://www.openstreetmap.org/node/4710075490,v2-c829c8f3e2414108
osm:node:4711541290,Nhà,Hà Nội,viewpoint,weak_or_generic_name|insufficient_service_evidence,0,https://www.openstreetmap.org/node/4711541290,v2-c829c8f3e2414108
osm:node:4712922689,Gelato Italia,Hà Nội,restaurant,insufficient_service_evidence,0,https://www.openstreetmap.org/node/4712922689,v2-c829c8f3e2414108
osm:node:4715945591,Dim Sum Corner,Hà Nội,restaurant,insufficient_service_evidence,0,https://www.openstreetmap.org/node/4715945591,v2-c829c8f3e2414108
osm:node:4716177261,Sư tử châu Phi,Hà Nội,attraction,insufficient_service_evidence,0,https://www.openstreetmap.org/node/4716177261,v2-c829c8f3e2414108
osm:node:4716178797,Khỉ vàng,Hà Nội,attraction,insufficient_service_evidence,0,https://www.openstreetmap.org/node/4716178797,v2-c829c8f3e2414108
osm:node:4716178909,Khỉ mốc,Hà Nội,attraction,insufficient_service_evidence,0,https://www.openstreetmap.org/node/4716178909,v2-c829c8f3e2414108
osm:node:4716178910,Khỉ đuôi dài,Hà Nội,attraction,insufficient_service_evidence,0,https://www.openstreetmap.org/node/4716178910,v2-c829c8f3e2414108
osm:node:4716178925,Hổ Đông Dương,Hà Nội,attraction,insufficient_service_evidence,0,https://www.openstreetmap.org/node/4716178925,v2-c829c8f3e2414108
osm:node:4716178989,Cá sấu,Hà Nội,attraction,insufficient_service_evidence,0,https://www.openstreetmap.org/node/4716178989,v2-c829c8f3e2414108
osm:node:4724189189,Mote pizza,Đà Nẵng,restaurant,insufficient_service_evidence,0,https://www.openstreetmap.org/node/4724189189,v2-c829c8f3e2414108
osm:node:4735444121,trà đào 42,Hà Nội,restaurant,insufficient_service_evidence,0,https://www.openstreetmap.org/node/4735444121,v2-c829c8f3e2414108
osm:node:4735624525,quán góc hà nội,Hà Nội,restaurant,insufficient_service_evidence,0,https://www.openstreetmap.org/node/4735624525,v2-c829c8f3e2414108
osm:node:4735627523,Cửa Hàng Bít Tết 53 Cô Mẫu,Hà Nội,restaurant,insufficient_service_evidence,0,https://www.openstreetmap.org/node/4735627523,v2-c829c8f3e2414108
osm:node:4735784822,Cà Phê Dose,Hà Nội,cafe,insufficient_service_evidence,0,https://www.openstreetmap.org/node/4735784822,v2-c829c8f3e2414108
osm:node:4737497823,Cà Phê Lộc,Hà Nội,cafe,insufficient_service_evidence,0,https://www.openstreetmap.org/node/4737497823,v2-c829c8f3e2414108
osm:node:4738001522,Cà Phê Aroi,Hà Nội,cafe,insufficient_service_evidence,0,https://www.openstreetmap.org/node/4738001522,v2-c829c8f3e2414108
osm:node:4738179024,Cà Phê Đề,Hà Nội,cafe,insufficient_service_evidence,0,https://www.openstreetmap.org/node/4738179024,v2-c829c8f3e2414108
osm:node:4740905221,Kem Xôi Thu Nga,Hà Nội,restaurant,insufficient_service_evidence,0,https://www.openstreetmap.org/node/4740905221,v2-c829c8f3e2414108
osm:node:4740929425,Net Hue,Hà Nội,restaurant,insufficient_service_evidence,0,https://www.openstreetmap.org/node/4740929425,v2-c829c8f3e2414108
osm:node:4740988545,Vuvuzela,Hà Nội,restaurant,insufficient_service_evidence,0,https://www.openstreetmap.org/node/4740988545,v2-c829c8f3e2414108
osm:node:4741269970,Cà Phê 246 Tựu Liệt,Hà Nội,cafe,insufficient_service_evidence,0,https://www.openstreetmap.org/node/4741269970,v2-c829c8f3e2414108
osm:node:4741290223,Cà Phê Vân,Hà Nội,cafe,insufficient_service_evidence,0,https://www.openstreetmap.org/node/4741290223,v2-c829c8f3e2414108
osm:node:4741290341,Cà Phê Thảo,Hà Nội,cafe,insufficient_service_evidence,0,https://www.openstreetmap.org/node/4741290341,v2-c829c8f3e2414108
osm:node:4741566930,The Kneipe,Hà Nội,restaurant,insufficient_service_evidence,0,https://www.openstreetmap.org/node/4741566930,v2-c829c8f3e2414108
osm:node:4742507123,Đài Tưởng Niệm Vua Lê Thái Tổ,Hà Nội,historic,insufficient_service_evidence,0,https://www.openstreetmap.org/node/4742507123,v2-c829c8f3e2414108
osm:node:4747792522,Son Tay,Hà Nội,cafe,insufficient_service_evidence,0,https://www.openstreetmap.org/node/4747792522,v2-c829c8f3e2414108
osm:node:4748084125,Cửa Hàng Bia Minh,Hà Nội,restaurant,insufficient_service_evidence,0,https://www.openstreetmap.org/node/4748084125,v2-c829c8f3e2414108
osm:node:4748803213,Nhà Hàng New York Sports Bar,Hà Nội,restaurant,insufficient_service_evidence,0,https://www.openstreetmap.org/node/4748803213,v2-c829c8f3e2414108
osm:node:4749010039,Nhà hàng Lục Thuỷ,Hà Nội,restaurant,insufficient_service_evidence,0,https://www.openstreetmap.org/node/4749010039,v2-c829c8f3e2414108
osm:node:4750059323,Chùa Linh Quang,Hà Nội,temple,insufficient_service_evidence,0,https://www.openstreetmap.org/node/4750059323,v2-c829c8f3e2414108
osm:node:4750059324,Chùa Linh Quang,Hà Nội,temple,insufficient_service_evidence,0,https://www.openstreetmap.org/node/4750059324,v2-c829c8f3e2414108
osm:node:4750266796,Nhà Hàng Kiếu Gia,Hà Nội,restaurant,insufficient_service_evidence,0,https://www.openstreetmap.org/node/4750266796,v2-c829c8f3e2414108
osm:node:4750519422,Mành,Hà Nội,cafe,insufficient_service_evidence,0,https://www.openstreetmap.org/node/4750519422,v2-c829c8f3e2414108
osm:node:4750520221,Tim coffee,Hà Nội,cafe,insufficient_service_evidence,0,https://www.openstreetmap.org/node/4750520221,v2-c829c8f3e2414108
osm:node:4753094285,Nhà Hàng Apron Up,Hà Nội,restaurant,insufficient_service_evidence,0,https://www.openstreetmap.org/node/4753094285,v2-c829c8f3e2414108
osm:node:4755620153,Chùa Vĩnh Gia đường ái nghĩa.,Đà Nẵng,temple,insufficient_service_evidence,0,https://www.openstreetmap.org/node/4755620153,v2-c829c8f3e2414108
osm:node:4755650721,Bò Né Quôc Minh,Đà Nẵng,restaurant,insufficient_service_evidence,0,https://www.openstreetmap.org/node/4755650721,v2-c829c8f3e2414108
osm:node:4755851322,Bún Thịt Nướng Bà Ngọc,Đà Nẵng,restaurant,insufficient_service_evidence,0,https://www.openstreetmap.org/node/4755851322,v2-c829c8f3e2414108
osm:node:4757552923,Cafe Sạch,Hà Nội,cafe,insufficient_service_evidence,0,https://www.openstreetmap.org/node/4757552923,v2-c829c8f3e2414108
osm:node:4759123029,Cà Phê Alo,Hà Nội,cafe,insufficient_service_evidence,0,https://www.openstreetmap.org/node/4759123029,v2-c829c8f3e2414108
osm:node:4759244736,Coffee A,Hà Nội,cafe,insufficient_service_evidence,0,https://www.openstreetmap.org/node/4759244736,v2-c829c8f3e2414108
osm:node:4759752150,Phố nướng Tokyo,Đà Nẵng,restaurant,insufficient_service_evidence,0,https://www.openstreetmap.org/node/4759752150,v2-c829c8f3e2414108
osm:node:4769356229,Doncook,Hà Nội,restaurant,insufficient_service_evidence,0,https://www.openstreetmap.org/node/4769356229,v2-c829c8f3e2414108
osm:node:4770510621,Trà Chanh Phô cô,Hà Nội,cafe,insufficient_service_evidence,0,https://www.openstreetmap.org/node/4770510621,v2-c829c8f3e2414108
osm:node:4772143024,vân châu ( p102 e7 thanh xuân bắc),Hà Nội,restaurant,insufficient_service_evidence,0,https://www.openstreetmap.org/node/4772143024,v2-c829c8f3e2414108
osm:node:4772351821,Cà Phê Hiến,Hà Nội,cafe,insufficient_service_evidence,0,https://www.openstreetmap.org/node/4772351821,v2-c829c8f3e2414108
osm:node:4773733664,Cà Phê Kim Lài,Hà Nội,cafe,insufficient_service_evidence,0,https://www.openstreetmap.org/node/4773733664,v2-c829c8f3e2414108
osm:node:4774193722,quang minh,Hà Nội,restaurant,insufficient_service_evidence,0,https://www.openstreetmap.org/node/4774193722,v2-c829c8f3e2414108
osm:node:4775007929,Sông Thu,Đà Nẵng,restaurant,insufficient_service_evidence,0,https://www.openstreetmap.org/node/4775007929,v2-c829c8f3e2414108
osm:node:4776322224,Cà Phê 67 Phùng Hưng,Hà Nội,cafe,insufficient_service_evidence,0,https://www.openstreetmap.org/node/4776322224,v2-c829c8f3e2414108
osm:node:4776442424,Cà Phê Bibi,Hà Nội,cafe,insufficient_service_evidence,0,https://www.openstreetmap.org/node/4776442424,v2-c829c8f3e2414108
osm:node:4776679721,Xofa,Hà Nội,cafe,insufficient_service_evidence,0,https://www.openstreetmap.org/node/4776679721,v2-c829c8f3e2414108
osm:node:4778168447,Cà Phê Kool Off,Hà Nội,cafe,insufficient_service_evidence,0,https://www.openstreetmap.org/node/4778168447,v2-c829c8f3e2414108
osm:node:4779272261,Hoang,Đà Nẵng,restaurant,insufficient_service_evidence,0,https://www.openstreetmap.org/node/4779272261,v2-c829c8f3e2414108
osm:node:4780440024,Nhà Hàng 8393 Hanoi,Hà Nội,restaurant,insufficient_service_evidence,0,https://www.openstreetmap.org/node/4780440024,v2-c829c8f3e2414108
osm:node:4782240721,Trúc Lâm Station,Hà Nội,cafe,insufficient_service_evidence,0,https://www.openstreetmap.org/node/4782240721,v2-c829c8f3e2414108
osm:node:4782419524,Happy Heart Cafe,Đà Nẵng,cafe,insufficient_service_evidence,0,https://www.openstreetmap.org/node/4782419524,v2-c829c8f3e2414108
osm:node:4782520523,Tân Ninh,Đà Nẵng,temple,insufficient_service_evidence,0,https://www.openstreetmap.org/node/4782520523,v2-c829c8f3e2414108
osm:node:4782540521,Trung Hung Buu Tôa,Đà Nẵng,temple,insufficient_service_evidence,0,https://www.openstreetmap.org/node/4782540521,v2-c829c8f3e2414108
osm:node:4783069521,Trang trại học đường Vạn An,Hà Nội,viewpoint,insufficient_service_evidence,0,https://www.openstreetmap.org/node/4783069521,v2-c829c8f3e2414108
osm:node:4784096021,Highlands Coffee,Hà Nội,cafe,insufficient_service_evidence,0,https://www.openstreetmap.org/node/4784096021,v2-c829c8f3e2414108
osm:node:4784122321,Quán Bún Bò Nam Bộ,Hà Nội,restaurant,insufficient_service_evidence,0,https://www.openstreetmap.org/node/4784122321,v2-c829c8f3e2414108
osm:node:4791005121,Cà Phê No.1,Hà Nội,cafe,insufficient_service_evidence,0,https://www.openstreetmap.org/node/4791005121,v2-c829c8f3e2414108
osm:node:4794363125,Cafe 99,Đà Nẵng,cafe,insufficient_service_evidence,0,https://www.openstreetmap.org/node/4794363125,v2-c829c8f3e2414108
osm:node:4794363622,Yaour Van Béo,Đà Nẵng,restaurant,insufficient_service_evidence,0,https://www.openstreetmap.org/node/4794363622,v2-c829c8f3e2414108
osm:node:4796680522,Lucky Luke,Đà Nẵng,restaurant,insufficient_service_evidence,0,https://www.openstreetmap.org/node/4796680522,v2-c829c8f3e2414108
osm:node:4799118141,Vườn Xoài,Hà Nội,cafe,insufficient_service_evidence,0,https://www.openstreetmap.org/node/4799118141,v2-c829c8f3e2414108
osm:node:4800023939,Nhà Hàng Nét Huế,Hà Nội,restaurant,insufficient_service_evidence,0,https://www.openstreetmap.org/node/4800023939,v2-c829c8f3e2414108
osm:node:4805279021,Quán Lươn Bà Liên,Hà Nội,restaurant,insufficient_service_evidence,0,https://www.openstreetmap.org/node/4805279021,v2-c829c8f3e2414108
osm:node:4806864570,Cà Phê Financial,Hà Nội,cafe,insufficient_service_evidence,0,https://www.openstreetmap.org/node/4806864570,v2-c829c8f3e2414108
osm:node:4810067542,An Gia Cottage,Đà Nẵng,restaurant,insufficient_service_evidence,0,https://www.openstreetmap.org/node/4810067542,v2-c829c8f3e2414108
osm:node:4810074525,COM GA Houng,Đà Nẵng,restaurant,insufficient_service_evidence,0,https://www.openstreetmap.org/node/4810074525,v2-c829c8f3e2414108
osm:node:4810074527,Ho Lo Qu'an,Đà Nẵng,restaurant,insufficient_service_evidence,0,https://www.openstreetmap.org/node/4810074527,v2-c829c8f3e2414108
osm:node:4810696421,Nhà Hàng Chicken Street,Hà Nội,restaurant,insufficient_service_evidence,0,https://www.openstreetmap.org/node/4810696421,v2-c829c8f3e2414108
osm:node:4810807524,Lapin Tea & Coffee House,Đà Nẵng,cafe,insufficient_service_evidence,0,https://www.openstreetmap.org/node/4810807524,v2-c829c8f3e2414108
osm:node:4810840721,Nhà Hàng Goodfellas,Hà Nội,restaurant,insufficient_service_evidence,0,https://www.openstreetmap.org/node/4810840721,v2-c829c8f3e2414108
osm:node:4813809430,TT Bit Board (Milk tea - Video game - Board game),Hà Nội,cafe,insufficient_service_evidence,0,https://www.openstreetmap.org/node/4813809430,v2-c829c8f3e2414108
osm:node:4814994722,The Chói's Kitchen,Đà Nẵng,restaurant,insufficient_service_evidence,0,https://www.openstreetmap.org/node/4814994722,v2-c829c8f3e2414108
osm:node:4817238922,restaurant thằng bờm,Đà Nẵng,cafe,insufficient_service_evidence,0,https://www.openstreetmap.org/node/4817238922,v2-c829c8f3e2414108
osm:node:481837528,Cà Phê Hao,Hà Nội,cafe,insufficient_service_evidence,0,https://www.openstreetmap.org/node/481837528,v2-c829c8f3e2414108
osm:node:481837568,KFC,Hà Nội,restaurant,weak_or_generic_name|insufficient_service_evidence,0,https://www.openstreetmap.org/node/481837568,v2-c829c8f3e2414108
osm:node:4831974121,Cộng Cà Phê,Hà Nội,cafe,insufficient_service_evidence,0,https://www.openstreetmap.org/node/4831974121,v2-c829c8f3e2414108
osm:node:4837243922,Le Fê,Đà Nẵng,cafe,insufficient_service_evidence,0,https://www.openstreetmap.org/node/4837243922,v2-c829c8f3e2414108
osm:node:4845297821,Gần núi thần tài,Đà Nẵng,temple,insufficient_service_evidence,0,https://www.openstreetmap.org/node/4845297821,v2-c829c8f3e2414108
osm:node:4846011326,O TreeCoffe,Hà Nội,cafe,insufficient_service_evidence,0,https://www.openstreetmap.org/node/4846011326,v2-c829c8f3e2414108
osm:node:4851083723,Nhà Hàng Amato,Hà Nội,restaurant,insufficient_service_evidence,0,https://www.openstreetmap.org/node/4851083723,v2-c829c8f3e2414108
osm:node:4853418821,Vân Huy,Đà Nẵng,restaurant,insufficient_service_evidence,0,https://www.openstreetmap.org/node/4853418821,v2-c829c8f3e2414108
osm:node:4859558525,KFC,Hà Nội,restaurant,weak_or_generic_name|insufficient_service_evidence,0,https://www.openstreetmap.org/node/4859558525,v2-c829c8f3e2414108
osm:node:4860107522,phú mỹ thành nhà hàng,Đà Nẵng,restaurant,insufficient_service_evidence,0,https://www.openstreetmap.org/node/4860107522,v2-c829c8f3e2414108
osm:node:4867426122,Nhà Hàng Guan Nem,Hà Nội,restaurant,insufficient_service_evidence,0,https://www.openstreetmap.org/node/4867426122,v2-c829c8f3e2414108
osm:node:4867743422,Minh,Đà Nẵng,restaurant,insufficient_service_evidence,0,https://www.openstreetmap.org/node/4867743422,v2-c829c8f3e2414108
osm:node:4867743921,Thuân viêt restaurant,Đà Nẵng,restaurant,insufficient_service_evidence,0,https://www.openstreetmap.org/node/4867743921,v2-c829c8f3e2414108
osm:node:4869278321,IVegan Supershop,Hà Nội,cafe,insufficient_service_evidence,0,https://www.openstreetmap.org/node/4869278321,v2-c829c8f3e2414108
osm:node:4873409223,Thuc Quyen Coffee,Đà Nẵng,cafe,insufficient_service_evidence,0,https://www.openstreetmap.org/node/4873409223,v2-c829c8f3e2414108
osm:node:4875985021,quán nhậu lộc viên,Đà Nẵng,restaurant,insufficient_service_evidence,0,https://www.openstreetmap.org/node/4875985021,v2-c829c8f3e2414108
osm:node:4887068321,Restaurant SeaSun,Đà Nẵng,restaurant,insufficient_service_evidence,0,https://www.openstreetmap.org/node/4887068321,v2-c829c8f3e2414108
osm:node:4887075112,Núi Đôi,Hà Nội,nature_area,insufficient_service_evidence,0,https://www.openstreetmap.org/node/4887075112,v2-c829c8f3e2414108
osm:node:4887078501,Đình Làng Văn Tinh,Hà Nội,temple,insufficient_service_evidence,0,https://www.openstreetmap.org/node/4887078501,v2-c829c8f3e2414108
osm:node:4888934656,Tượng Thánh Gióng,Hà Nội,historic,insufficient_service_evidence,0,https://www.openstreetmap.org/node/4888934656,v2-c829c8f3e2414108
osm:node:4888948921,Restaurant Phuong,Đà Nẵng,restaurant,insufficient_service_evidence,0,https://www.openstreetmap.org/node/4888948921,v2-c829c8f3e2414108
osm:node:4889087244,Bảo Tàng Hậu Cần,Hà Nội,museum,insufficient_service_evidence,0,https://www.openstreetmap.org/node/4889087244,v2-c829c8f3e2414108
osm:node:4889357333,Faifo Coffee,Đà Nẵng,cafe,insufficient_service_evidence,0,https://www.openstreetmap.org/node/4889357333,v2-c829c8f3e2414108
osm:node:4897173121,Phu' O'ng Beo,Hà Nội,restaurant,insufficient_service_evidence,0,https://www.openstreetmap.org/node/4897173121,v2-c829c8f3e2414108
osm:node:4899456166,Đình Yên Bệ - Yên Vĩnh,Hà Nội,temple,insufficient_service_evidence,0,https://www.openstreetmap.org/node/4899456166,v2-c829c8f3e2414108
osm:node:4900701521,Quán Chay XUÂN,Đà Nẵng,restaurant,insufficient_service_evidence,0,https://www.openstreetmap.org/node/4900701521,v2-c829c8f3e2414108
osm:node:4900741321,chùa Hưng Khánh,Hà Nội,temple,insufficient_service_evidence,0,https://www.openstreetmap.org/node/4900741321,v2-c829c8f3e2414108
osm:node:4905288125,Minh Dang,Đà Nẵng,cafe,insufficient_service_evidence,0,https://www.openstreetmap.org/node/4905288125,v2-c829c8f3e2414108
osm:node:4905672622,Phở Sướng,Hà Nội,restaurant,insufficient_service_evidence,0,https://www.openstreetmap.org/node/4905672622,v2-c829c8f3e2414108
osm:node:4908254926,nha hang,Đà Nẵng,restaurant,insufficient_service_evidence,0,https://www.openstreetmap.org/node/4908254926,v2-c829c8f3e2414108
osm:node:4908284522,Hon,Đà Nẵng,restaurant,weak_or_generic_name|insufficient_service_evidence,0,https://www.openstreetmap.org/node/4908284522,v2-c829c8f3e2414108
osm:node:4908284523,Man,Đà Nẵng,restaurant,weak_or_generic_name|insufficient_service_evidence,0,https://www.openstreetmap.org/node/4908284523,v2-c829c8f3e2414108
osm:node:4908284621,Hai Long,Đà Nẵng,restaurant,insufficient_service_evidence,0,https://www.openstreetmap.org/node/4908284621,v2-c829c8f3e2414108
osm:node:4908284721,Phuong Tinh,Đà Nẵng,restaurant,insufficient_service_evidence,0,https://www.openstreetmap.org/node/4908284721,v2-c829c8f3e2414108
osm:node:4914175221,Cà Phê Cô Hoa Cơm,Hà Nội,cafe,insufficient_service_evidence,0,https://www.openstreetmap.org/node/4914175221,v2-c829c8f3e2414108
osm:node:4918155625,Quán ĐƯỢC,Đà Nẵng,restaurant,insufficient_service_evidence,0,https://www.openstreetmap.org/node/4918155625,v2-c829c8f3e2414108
osm:node:4924404514,Chùa Cầu Đen,Hà Nội,temple,insufficient_service_evidence,0,https://www.openstreetmap.org/node/4924404514,v2-c829c8f3e2414108
osm:node:4927916321,Tượng kỷ niệm chiến thắng B52,Hà Nội,attraction,insufficient_service_evidence,0,https://www.openstreetmap.org/node/4927916321,v2-c829c8f3e2414108
osm:node:4936488121,Hoang Tam - Xoi,Hà Nội,restaurant,insufficient_service_evidence,0,https://www.openstreetmap.org/node/4936488121,v2-c829c8f3e2414108
osm:node:4937240921,Vi cafe,Đà Nẵng,restaurant,insufficient_service_evidence,0,https://www.openstreetmap.org/node/4937240921,v2-c829c8f3e2414108
osm:node:4937240922,Thanh mai,Đà Nẵng,cafe,insufficient_service_evidence,0,https://www.openstreetmap.org/node/4937240922,v2-c829c8f3e2414108
osm:node:4944084523,Tuên an,Hà Nội,restaurant,insufficient_service_evidence,0,https://www.openstreetmap.org/node/4944084523,v2-c829c8f3e2414108
osm:node:4944084524,Quán Goc Da,Hà Nội,restaurant,insufficient_service_evidence,0,https://www.openstreetmap.org/node/4944084524,v2-c829c8f3e2414108
osm:node:4945171421,Hai,Đà Nẵng,restaurant,weak_or_generic_name|insufficient_service_evidence,0,https://www.openstreetmap.org/node/4945171421,v2-c829c8f3e2414108
osm:node:4945450411,Nêm,Đà Nẵng,restaurant,weak_or_generic_name|insufficient_service_evidence,0,https://www.openstreetmap.org/node/4945450411,v2-c829c8f3e2414108
osm:node:4945472073,Quán Bà Mười,Đà Nẵng,restaurant,insufficient_service_evidence,0,https://www.openstreetmap.org/node/4945472073,v2-c829c8f3e2414108
osm:node:4946500322,Xofa,Đà Nẵng,cafe,insufficient_service_evidence,0,https://www.openstreetmap.org/node/4946500322,v2-c829c8f3e2414108
osm:node:4946500323,Thạch Thảo,Đà Nẵng,cafe,insufficient_service_evidence,0,https://www.openstreetmap.org/node/4946500323,v2-c829c8f3e2414108
osm:node:4948013624,Quán An Bún Chả Cá,Đà Nẵng,restaurant,insufficient_service_evidence,0,https://www.openstreetmap.org/node/4948013624,v2-c829c8f3e2414108
osm:node:4955662821,Đài Kỷ Niệm Danh Nhân Chí Sĩ Quảng Nam,Đà Nẵng,historic,insufficient_service_evidence,0,https://www.openstreetmap.org/node/4955662821,v2-c829c8f3e2414108
osm:node:4968634722,Coffee Zone,Hà Nội,cafe,insufficient_service_evidence,0,https://www.openstreetmap.org/node/4968634722,v2-c829c8f3e2414108
osm:node:4973295321,orchid,Hà Nội,restaurant,insufficient_service_evidence,0,https://www.openstreetmap.org/node/4973295321,v2-c829c8f3e2414108
osm:node:4974704122,icafe,Đà Nẵng,cafe,insufficient_service_evidence,0,https://www.openstreetmap.org/node/4974704122,v2-c829c8f3e2414108
osm:node:4981745321,nhà hàng tuấn vương,Hà Nội,restaurant,insufficient_service_evidence,0,https://www.openstreetmap.org/node/4981745321,v2-c829c8f3e2414108
osm:node:4985355119,Lotteria,Đà Nẵng,restaurant,insufficient_service_evidence,0,https://www.openstreetmap.org/node/4985355119,v2-c829c8f3e2414108
osm:node:4995292621,A la folie,Hà Nội,restaurant,insufficient_service_evidence,0,https://www.openstreetmap.org/node/4995292621,v2-c829c8f3e2414108
osm:node:5009603223,Cánh Buồm Trắng,Đà Nẵng,restaurant,insufficient_service_evidence,0,https://www.openstreetmap.org/node/5009603223,v2-c829c8f3e2414108
osm:node:5011380221,Hoang Café,Đà Nẵng,cafe,insufficient_service_evidence,0,https://www.openstreetmap.org/node/5011380221,v2-c829c8f3e2414108
osm:node:5023232349,Broccoli,Đà Nẵng,restaurant,insufficient_service_evidence,0,https://www.openstreetmap.org/node/5023232349,v2-c829c8f3e2414108
osm:node:5023232351,Nhà hàng Bến Tàu,Đà Nẵng,cafe,insufficient_service_evidence,0,https://www.openstreetmap.org/node/5023232351,v2-c829c8f3e2414108
osm:node:5023232352,Nhà hàng The Golden Fish,Đà Nẵng,cafe,insufficient_service_evidence,0,https://www.openstreetmap.org/node/5023232352,v2-c829c8f3e2414108
osm:node:5023232353,Golden Lotus Restaurant,Đà Nẵng,cafe,insufficient_service_evidence,0,https://www.openstreetmap.org/node/5023232353,v2-c829c8f3e2414108
osm:node:5023232354,An Gia Cottage,Đà Nẵng,cafe,insufficient_service_evidence,0,https://www.openstreetmap.org/node/5023232354,v2-c829c8f3e2414108
osm:node:5023232357,Nhà hàng Ớt Đỏ,Đà Nẵng,cafe,insufficient_service_evidence,0,https://www.openstreetmap.org/node/5023232357,v2-c829c8f3e2414108
osm:node:5023232358,Nhà hàng Vân Biển,Đà Nẵng,cafe,insufficient_service_evidence,0,https://www.openstreetmap.org/node/5023232358,v2-c829c8f3e2414108
osm:node:5023232359,Nhà hàng Cỏ Hồng,Đà Nẵng,cafe,insufficient_service_evidence,0,https://www.openstreetmap.org/node/5023232359,v2-c829c8f3e2414108
osm:node:5025409279,Tượng đài Lý Tự Trọng,Hà Nội,historic,insufficient_service_evidence,0,https://www.openstreetmap.org/node/5025409279,v2-c829c8f3e2414108
osm:node:5027573621,Highlands coffee,Hà Nội,cafe,insufficient_service_evidence,0,https://www.openstreetmap.org/node/5027573621,v2-c829c8f3e2414108
osm:node:5030121722,Cộng Cà Phê,Hà Nội,cafe,insufficient_service_evidence,0,https://www.openstreetmap.org/node/5030121722,v2-c829c8f3e2414108
osm:node:5031536021,Pizza Callo,Hà Nội,restaurant,insufficient_service_evidence,0,https://www.openstreetmap.org/node/5031536021,v2-c829c8f3e2414108
osm:node:5031854026,Anh Ti,Đà Nẵng,restaurant,insufficient_service_evidence,0,https://www.openstreetmap.org/node/5031854026,v2-c829c8f3e2414108
osm:node:5033961122,Hoa Cafe,Hà Nội,cafe,insufficient_service_evidence,0,https://www.openstreetmap.org/node/5033961122,v2-c829c8f3e2414108
osm:node:5034214722,Mrs Hay,Đà Nẵng,restaurant,insufficient_service_evidence,0,https://www.openstreetmap.org/node/5034214722,v2-c829c8f3e2414108
osm:node:5035878823,Highlands Coffee,Hà Nội,cafe,insufficient_service_evidence,0,https://www.openstreetmap.org/node/5035878823,v2-c829c8f3e2414108
osm:node:5035941024,Biblio Cafe Sach,Hà Nội,cafe,insufficient_service_evidence,0,https://www.openstreetmap.org/node/5035941024,v2-c829c8f3e2414108
osm:node:5036642922,Lotteria,Hà Nội,restaurant,insufficient_service_evidence,0,https://www.openstreetmap.org/node/5036642922,v2-c829c8f3e2414108
osm:node:5038087223,Karaoke 103,Hà Nội,cafe,insufficient_service_evidence,0,https://www.openstreetmap.org/node/5038087223,v2-c829c8f3e2414108
osm:node:5042413525,Barista Frank Coffee Bar,Hà Nội,cafe,insufficient_service_evidence,0,https://www.openstreetmap.org/node/5042413525,v2-c829c8f3e2414108
osm:node:5043921422,Cà phê Trung Nguyên,Hà Nội,cafe,insufficient_service_evidence,0,https://www.openstreetmap.org/node/5043921422,v2-c829c8f3e2414108
osm:node:5044649521,Wrap & Roll,Hà Nội,restaurant,insufficient_service_evidence,0,https://www.openstreetmap.org/node/5044649521,v2-c829c8f3e2414108
osm:node:5047614532,Quán Ăn Tuk Tuk,Đà Nẵng,restaurant,insufficient_service_evidence,0,https://www.openstreetmap.org/node/5047614532,v2-c829c8f3e2414108
osm:node:5050452761,Trọng thơm,Hà Nội,restaurant,insufficient_service_evidence,0,https://www.openstreetmap.org/node/5050452761,v2-c829c8f3e2414108
osm:node:5070534521,Highlands Coffee,Hà Nội,cafe,insufficient_service_evidence,0,https://www.openstreetmap.org/node/5070534521,v2-c829c8f3e2414108
osm:node:5072875424,Cộng Cà Phê,Hà Nội,cafe,insufficient_service_evidence,0,https://www.openstreetmap.org/node/5072875424,v2-c829c8f3e2414108
osm:node:5076808721,Cay Me,Đà Nẵng,restaurant,insufficient_service_evidence,0,https://www.openstreetmap.org/node/5076808721,v2-c829c8f3e2414108
osm:node:5076808821,Thuoc Duong Bao An,Đà Nẵng,restaurant,insufficient_service_evidence,0,https://www.openstreetmap.org/node/5076808821,v2-c829c8f3e2414108
osm:node:5076909022,Giac NGO,Đà Nẵng,restaurant,insufficient_service_evidence,0,https://www.openstreetmap.org/node/5076909022,v2-c829c8f3e2414108
osm:node:5079445026,Quán Chay An Nhu,Đà Nẵng,restaurant,insufficient_service_evidence,0,https://www.openstreetmap.org/node/5079445026,v2-c829c8f3e2414108
osm:node:5079448132,Hoi Bahn My Chay,Đà Nẵng,restaurant,insufficient_service_evidence,0,https://www.openstreetmap.org/node/5079448132,v2-c829c8f3e2414108
osm:node:5083724023,Bahn My Chay,Đà Nẵng,restaurant,insufficient_service_evidence,0,https://www.openstreetmap.org/node/5083724023,v2-c829c8f3e2414108
osm:node:5088087021,Nhà Hàng An Lạc Chay,Hà Nội,restaurant,insufficient_service_evidence,0,https://www.openstreetmap.org/node/5088087021,v2-c829c8f3e2414108
osm:node:5104738222,Cà Phê Anh Hoàng,Hà Nội,cafe,insufficient_service_evidence,0,https://www.openstreetmap.org/node/5104738222,v2-c829c8f3e2414108
osm:node:5107463623,Red Bridge Restaurant and Cooking School,Đà Nẵng,cafe,insufficient_service_evidence,0,https://www.openstreetmap.org/node/5107463623,v2-c829c8f3e2414108
osm:node:5107802322,Com Linh,Đà Nẵng,restaurant,insufficient_service_evidence,0,https://www.openstreetmap.org/node/5107802322,v2-c829c8f3e2414108
osm:node:5110691331,Tiem An Vu Gia,Đà Nẵng,restaurant,insufficient_service_evidence,0,https://www.openstreetmap.org/node/5110691331,v2-c829c8f3e2414108
osm:node:5112142021,KFC,Hà Nội,restaurant,weak_or_generic_name|insufficient_service_evidence,0,https://www.openstreetmap.org/node/5112142021,v2-c829c8f3e2414108
osm:node:5116302621,Nha hang Cha Ca La Vong,Hà Nội,restaurant,insufficient_service_evidence,0,https://www.openstreetmap.org/node/5116302621,v2-c829c8f3e2414108
osm:node:5126355923,Bánh Bao Ngọc Hương,Hà Nội,restaurant,insufficient_service_evidence,0,https://www.openstreetmap.org/node/5126355923,v2-c829c8f3e2414108
osm:node:5129868129,Tượng Phật,Hà Nội,historic,insufficient_service_evidence,0,https://www.openstreetmap.org/node/5129868129,v2-c829c8f3e2414108
osm:node:5132815623,Chùa Ngòi,Hà Nội,temple,insufficient_service_evidence,0,https://www.openstreetmap.org/node/5132815623,v2-c829c8f3e2414108
osm:node:5133284823,Cộng Cà Phê,Hà Nội,cafe,insufficient_service_evidence,0,https://www.openstreetmap.org/node/5133284823,v2-c829c8f3e2414108
osm:node:5136805421,오뎅국수집(노상),Đà Nẵng,restaurant,weak_or_generic_name|insufficient_service_evidence,0,https://www.openstreetmap.org/node/5136805421,v2-c829c8f3e2414108
osm:node:5140817327,Cafe Moc,Hà Nội,cafe,insufficient_service_evidence,0,https://www.openstreetmap.org/node/5140817327,v2-c829c8f3e2414108
osm:node:5141997421,Cà Phê Aha,Hà Nội,cafe,insufficient_service_evidence,0,https://www.openstreetmap.org/node/5141997421,v2-c829c8f3e2414108
osm:node:5144954321,Nhà Hàng Ẩm Thực Ba Miền,Hà Nội,restaurant,insufficient_service_evidence,0,https://www.openstreetmap.org/node/5144954321,v2-c829c8f3e2414108
osm:node:5151048421,Burger King,Hà Nội,restaurant,insufficient_service_evidence,0,https://www.openstreetmap.org/node/5151048421,v2-c829c8f3e2414108
osm:node:5153761923,Phùng Hung,Đà Nẵng,attraction,insufficient_service_evidence,0,https://www.openstreetmap.org/node/5153761923,v2-c829c8f3e2414108
osm:node:5154881121,The Coffee Bean,Đà Nẵng,cafe,insufficient_service_evidence,0,https://www.openstreetmap.org/node/5154881121,v2-c829c8f3e2414108
osm:node:5176350821,Cà Phê Hát Cho Nhau Nghe,Hà Nội,cafe,insufficient_service_evidence,0,https://www.openstreetmap.org/node/5176350821,v2-c829c8f3e2414108
osm:node:5177374223,Đình Bắc Lãm,Hà Nội,temple,insufficient_service_evidence,0,https://www.openstreetmap.org/node/5177374223,v2-c829c8f3e2414108
osm:node:5183252822,Cà Phê 34,Hà Nội,cafe,insufficient_service_evidence,0,https://www.openstreetmap.org/node/5183252822,v2-c829c8f3e2414108
osm:node:5185178721,Phước Đức,Đà Nẵng,restaurant,insufficient_service_evidence,0,https://www.openstreetmap.org/node/5185178721,v2-c829c8f3e2414108
osm:node:5188122821,Little bowl,Hà Nội,cafe,insufficient_service_evidence,0,https://www.openstreetmap.org/node/5188122821,v2-c829c8f3e2414108
osm:node:5201147328,Phở bò 21,Hà Nội,restaurant,insufficient_service_evidence,0,https://www.openstreetmap.org/node/5201147328,v2-c829c8f3e2414108
osm:node:5217494823,Soup kitchen,Hà Nội,restaurant,insufficient_service_evidence,0,https://www.openstreetmap.org/node/5217494823,v2-c829c8f3e2414108
osm:node:5227122539,Nhà Hàng Matto,Hà Nội,restaurant,insufficient_service_evidence,0,https://www.openstreetmap.org/node/5227122539,v2-c829c8f3e2414108
osm:node:5231386951,Gold Moon,Đà Nẵng,restaurant,insufficient_service_evidence,0,https://www.openstreetmap.org/node/5231386951,v2-c829c8f3e2414108
osm:node:5233487022,Cà Phê Helio,Hà Nội,cafe,insufficient_service_evidence,0,https://www.openstreetmap.org/node/5233487022,v2-c829c8f3e2414108
osm:node:5237565059,Bao Phuong,Đà Nẵng,restaurant,insufficient_service_evidence,0,https://www.openstreetmap.org/node/5237565059,v2-c829c8f3e2414108
osm:node:5237566149,Ms. Nam,Đà Nẵng,restaurant,insufficient_service_evidence,0,https://www.openstreetmap.org/node/5237566149,v2-c829c8f3e2414108
osm:node:5237566151,Ha Lan,Đà Nẵng,restaurant,insufficient_service_evidence,0,https://www.openstreetmap.org/node/5237566151,v2-c829c8f3e2414108
osm:node:5242789221,Dong Phu,Hà Nội,restaurant,insufficient_service_evidence,0,https://www.openstreetmap.org/node/5242789221,v2-c829c8f3e2414108
osm:node:5244555569,Chùa Ngọc Hồi,Hà Nội,temple,insufficient_service_evidence,0,https://www.openstreetmap.org/node/5244555569,v2-c829c8f3e2414108
osm:node:5244555570,Tượng đài chiến thắng Ngọc Hồi,Hà Nội,historic,insufficient_service_evidence,0,https://www.openstreetmap.org/node/5244555570,v2-c829c8f3e2414108
osm:node:5259710923,Cà Phê Align,Hà Nội,cafe,insufficient_service_evidence,0,https://www.openstreetmap.org/node/5259710923,v2-c829c8f3e2414108
osm:node:5270082921,Song Thanh,Đà Nẵng,restaurant,insufficient_service_evidence,0,https://www.openstreetmap.org/node/5270082921,v2-c829c8f3e2414108
osm:node:5273753991,QUấn bún riêu Đền Lừ,Hà Nội,restaurant,insufficient_service_evidence,0,https://www.openstreetmap.org/node/5273753991,v2-c829c8f3e2414108
osm:node:5273830623,Khaî Vi,Đà Nẵng,restaurant,insufficient_service_evidence,0,https://www.openstreetmap.org/node/5273830623,v2-c829c8f3e2414108
osm:node:5273998822,Cầu Tiên Sơn,Đà Nẵng,attraction,insufficient_service_evidence,0,https://www.openstreetmap.org/node/5273998822,v2-c829c8f3e2414108
osm:node:5273999121,Cầu Thuận Phước,Đà Nẵng,attraction,insufficient_service_evidence,0,https://www.openstreetmap.org/node/5273999121,v2-c829c8f3e2414108
osm:node:5274464021,Little Tokyo,Đà Nẵng,restaurant,insufficient_service_evidence,0,https://www.openstreetmap.org/node/5274464021,v2-c829c8f3e2414108
osm:node:5274931721,Cửa Hàng Bánh Mì Hội An,Hà Nội,restaurant,insufficient_service_evidence,0,https://www.openstreetmap.org/node/5274931721,v2-c829c8f3e2414108
osm:node:5276546923,Nguyen Duy Hieu,Đà Nẵng,historic,insufficient_service_evidence,0,https://www.openstreetmap.org/node/5276546923,v2-c829c8f3e2414108
osm:node:5276547123,Cau Nguyen Van Troi Bridge,Đà Nẵng,attraction,insufficient_service_evidence,0,https://www.openstreetmap.org/node/5276547123,v2-c829c8f3e2414108
osm:node:5285071606,Chùa Hoà Bình Green City,Hà Nội,temple,insufficient_service_evidence,0,https://www.openstreetmap.org/node/5285071606,v2-c829c8f3e2414108
osm:node:5285524951,Cà Phê Shop,Hà Nội,cafe,insufficient_service_evidence,0,https://www.openstreetmap.org/node/5285524951,v2-c829c8f3e2414108
osm:node:5286977425,Núi Thần Tài,Đà Nẵng,attraction,insufficient_service_evidence,0,https://www.openstreetmap.org/node/5286977425,v2-c829c8f3e2414108
osm:node:5288964825,tiem banh mi,Hà Nội,restaurant,insufficient_service_evidence,0,https://www.openstreetmap.org/node/5288964825,v2-c829c8f3e2414108
osm:node:5289860021,Cà Phê Phương Linh,Hà Nội,cafe,insufficient_service_evidence,0,https://www.openstreetmap.org/node/5289860021,v2-c829c8f3e2414108
osm:node:5290990021,Quan Suoi Chanh,Đà Nẵng,restaurant,insufficient_service_evidence,0,https://www.openstreetmap.org/node/5290990021,v2-c829c8f3e2414108
osm:node:5291584123,Eva Beer,Đà Nẵng,cafe,insufficient_service_evidence,0,https://www.openstreetmap.org/node/5291584123,v2-c829c8f3e2414108
osm:node:5291676421,Red Windows,Đà Nẵng,restaurant,insufficient_service_evidence,0,https://www.openstreetmap.org/node/5291676421,v2-c829c8f3e2414108
osm:node:5292796321,Hong Phúc 2,Đà Nẵng,restaurant,insufficient_service_evidence,0,https://www.openstreetmap.org/node/5292796321,v2-c829c8f3e2414108
osm:node:5295229004,Chùa Hậu Ái,Hà Nội,temple,insufficient_service_evidence,0,https://www.openstreetmap.org/node/5295229004,v2-c829c8f3e2414108
osm:node:5295283526,Đình An Trai,Hà Nội,temple,insufficient_service_evidence,0,https://www.openstreetmap.org/node/5295283526,v2-c829c8f3e2414108
osm:node:5295283528,Chùa An Trai,Hà Nội,temple,insufficient_service_evidence,0,https://www.openstreetmap.org/node/5295283528,v2-c829c8f3e2414108
osm:node:5295283529,Đình Làng Kim Hoàng,Hà Nội,temple,insufficient_service_evidence,0,https://www.openstreetmap.org/node/5295283529,v2-c829c8f3e2414108
osm:node:5295283535,Đài Tưởng Niệm Liệt Sĩ Vân Canh,Hà Nội,historic,insufficient_service_evidence,0,https://www.openstreetmap.org/node/5295283535,v2-c829c8f3e2414108
osm:node:5295283540,Đình Làng Hậu Ái,Hà Nội,temple,insufficient_service_evidence,0,https://www.openstreetmap.org/node/5295283540,v2-c829c8f3e2414108
osm:node:5295283541,Chùa Hương Đỗ,Hà Nội,temple,insufficient_service_evidence,0,https://www.openstreetmap.org/node/5295283541,v2-c829c8f3e2414108
osm:node:5295283542,Đình Làng Hòe Thị,Hà Nội,temple,insufficient_service_evidence,0,https://www.openstreetmap.org/node/5295283542,v2-c829c8f3e2414108
osm:node:5295304259,Nhà Truyền Thống Thôn Kim Hoàng,Hà Nội,temple,insufficient_service_evidence,0,https://www.openstreetmap.org/node/5295304259,v2-c829c8f3e2414108
osm:node:5295623723,Miss Lien Thao,Đà Nẵng,restaurant,insufficient_service_evidence,0,https://www.openstreetmap.org/node/5295623723,v2-c829c8f3e2414108
osm:node:5300299624,Solo,Đà Nẵng,restaurant,insufficient_service_evidence,0,https://www.openstreetmap.org/node/5300299624,v2-c829c8f3e2414108
osm:node:5309704611,Nhà Hàng Hanoi Tan Tan,Hà Nội,restaurant,insufficient_service_evidence,0,https://www.openstreetmap.org/node/5309704611,v2-c829c8f3e2414108
osm:node:5310080021,Chabad Of Hanoi,Hà Nội,temple,insufficient_service_evidence,0,https://www.openstreetmap.org/node/5310080021,v2-c829c8f3e2414108
osm:node:5313158823,Bún Mọc,Hà Nội,restaurant,insufficient_service_evidence,0,https://www.openstreetmap.org/node/5313158823,v2-c829c8f3e2414108
osm:node:5315672621,Bún Bò Huế O Uông,Hà Nội,restaurant,insufficient_service_evidence,0,https://www.openstreetmap.org/node/5315672621,v2-c829c8f3e2414108
osm:node:5316033922,Pizza oi,Đà Nẵng,restaurant,insufficient_service_evidence,0,https://www.openstreetmap.org/node/5316033922,v2-c829c8f3e2414108
osm:node:5317498202,Chùa Một Mái,Hà Nội,temple,insufficient_service_evidence,0,https://www.openstreetmap.org/node/5317498202,v2-c829c8f3e2414108
osm:node:5317498207,Chùa Cao,Hà Nội,temple,insufficient_service_evidence,0,https://www.openstreetmap.org/node/5317498207,v2-c829c8f3e2414108
osm:node:5317498322,Chùa Long Đẩu,Hà Nội,temple,insufficient_service_evidence,0,https://www.openstreetmap.org/node/5317498322,v2-c829c8f3e2414108
osm:node:5317498335,Đình Làng Đa Phúc,Hà Nội,temple,insufficient_service_evidence,0,https://www.openstreetmap.org/node/5317498335,v2-c829c8f3e2414108
osm:node:5317564016,Chùa Nam An Khánh,Hà Nội,temple,insufficient_service_evidence,0,https://www.openstreetmap.org/node/5317564016,v2-c829c8f3e2414108
osm:node:5317630414,The Salt Field,Đà Nẵng,restaurant,insufficient_service_evidence,0,https://www.openstreetmap.org/node/5317630414,v2-c829c8f3e2414108
osm:node:5319275725,Cafe Thu Kiet,Đà Nẵng,cafe,insufficient_service_evidence,0,https://www.openstreetmap.org/node/5319275725,v2-c829c8f3e2414108
osm:node:5319295035,Nhà Hàng Hanoi Tan Tan,Hà Nội,restaurant,insufficient_service_evidence,0,https://www.openstreetmap.org/node/5319295035,v2-c829c8f3e2414108
osm:node:5321972321,Nhà Hàng Gòn - Bites & Veggies,Hà Nội,restaurant,insufficient_service_evidence,0,https://www.openstreetmap.org/node/5321972321,v2-c829c8f3e2414108
osm:node:5323152623,Bún Chả - Nem Cua Bê,Hà Nội,restaurant,insufficient_service_evidence,0,https://www.openstreetmap.org/node/5323152623,v2-c829c8f3e2414108
osm:node:5334178022,Quán Phở Thìn,Hà Nội,restaurant,insufficient_service_evidence,0,https://www.openstreetmap.org/node/5334178022,v2-c829c8f3e2414108
osm:node:5336155723,Cà Phê AG,Hà Nội,cafe,insufficient_service_evidence,0,https://www.openstreetmap.org/node/5336155723,v2-c829c8f3e2414108
osm:node:5336675921,Chay 99 vegetarian,Đà Nẵng,restaurant,insufficient_service_evidence,0,https://www.openstreetmap.org/node/5336675921,v2-c829c8f3e2414108
osm:node:5339917521,An Niem,Đà Nẵng,restaurant,insufficient_service_evidence,0,https://www.openstreetmap.org/node/5339917521,v2-c829c8f3e2414108
osm:node:5340681121,Pho Ga,Hà Nội,restaurant,insufficient_service_evidence,0,https://www.openstreetmap.org/node/5340681121,v2-c829c8f3e2414108
osm:node:5342538321,Quán Ốc Nóng Hà Trang,Hà Nội,restaurant,insufficient_service_evidence,0,https://www.openstreetmap.org/node/5342538321,v2-c829c8f3e2414108
osm:node:5342660823,Bánh Cuốn Hàng Cót,Hà Nội,restaurant,insufficient_service_evidence,0,https://www.openstreetmap.org/node/5342660823,v2-c829c8f3e2414108
osm:node:5344268497,Thang Long,Đà Nẵng,restaurant,insufficient_service_evidence,0,https://www.openstreetmap.org/node/5344268497,v2-c829c8f3e2414108
osm:node:5346397200,Riverside cafe,Đà Nẵng,restaurant,insufficient_service_evidence,0,https://www.openstreetmap.org/node/5346397200,v2-c829c8f3e2414108
osm:node:5350734821,Nhà Hàng Chim Quay Móc Mật,Hà Nội,restaurant,insufficient_service_evidence,0,https://www.openstreetmap.org/node/5350734821,v2-c829c8f3e2414108
osm:node:5354677369,Quán Bún Lòng A Cay,Hà Nội,restaurant,insufficient_service_evidence,0,https://www.openstreetmap.org/node/5354677369,v2-c829c8f3e2414108
osm:node:5358473822,Mi Quang street food,Đà Nẵng,restaurant,insufficient_service_evidence,0,https://www.openstreetmap.org/node/5358473822,v2-c829c8f3e2414108
osm:node:5360440323,Simpur,Đà Nẵng,restaurant,insufficient_service_evidence,0,https://www.openstreetmap.org/node/5360440323,v2-c829c8f3e2414108
osm:node:5360601721,Passion Fruit Cafe,Đà Nẵng,cafe,insufficient_service_evidence,0,https://www.openstreetmap.org/node/5360601721,v2-c829c8f3e2414108
osm:node:5363739921,Nhà Hàng Sushi Japanese,Hà Nội,restaurant,insufficient_service_evidence,0,https://www.openstreetmap.org/node/5363739921,v2-c829c8f3e2414108
osm:node:5363740021,Zamba Beer and BBQ,Hà Nội,restaurant,insufficient_service_evidence,0,https://www.openstreetmap.org/node/5363740021,v2-c829c8f3e2414108
osm:node:5365206721,Nhà Hàng Kaiser Kaffee,Hà Nội,restaurant,insufficient_service_evidence,0,https://www.openstreetmap.org/node/5365206721,v2-c829c8f3e2414108
osm:node:5370007621,Chùa Cực Lạc,Hà Nội,temple,insufficient_service_evidence,0,https://www.openstreetmap.org/node/5370007621,v2-c829c8f3e2414108
osm:node:5370525523,대나무 공예마을,Hà Nội,attraction,weak_or_generic_name|insufficient_service_evidence,0,https://www.openstreetmap.org/node/5370525523,v2-c829c8f3e2414108
osm:node:5374163922,Restaurant 328,Đà Nẵng,restaurant,insufficient_service_evidence,0,https://www.openstreetmap.org/node/5374163922,v2-c829c8f3e2414108
osm:node:5374286257,Cà Phê Ban Mê,Hà Nội,cafe,insufficient_service_evidence,0,https://www.openstreetmap.org/node/5374286257,v2-c829c8f3e2414108
osm:node:5375190021,Loving Hut,Hà Nội,restaurant,insufficient_service_evidence,0,https://www.openstreetmap.org/node/5375190021,v2-c829c8f3e2414108
osm:node:5379859323,Cà Phê Vui,Hà Nội,cafe,insufficient_service_evidence,0,https://www.openstreetmap.org/node/5379859323,v2-c829c8f3e2414108
osm:node:5380097221,Cà Phê Mystic,Hà Nội,cafe,insufficient_service_evidence,0,https://www.openstreetmap.org/node/5380097221,v2-c829c8f3e2414108
osm:node:5382673622,Phin Coffee,Đà Nẵng,cafe,insufficient_service_evidence,0,https://www.openstreetmap.org/node/5382673622,v2-c829c8f3e2414108
osm:node:5382673724,Moc Mien - Coffee and more,Đà Nẵng,cafe,insufficient_service_evidence,0,https://www.openstreetmap.org/node/5382673724,v2-c829c8f3e2414108
osm:node:5382678421,Nam House,Đà Nẵng,cafe,insufficient_service_evidence,0,https://www.openstreetmap.org/node/5382678421,v2-c829c8f3e2414108
osm:node:5382808621,Funky Coffee,Đà Nẵng,cafe,insufficient_service_evidence,0,https://www.openstreetmap.org/node/5382808621,v2-c829c8f3e2414108
osm:node:5383428522,Khu Du Lịch Sinh Thái Suối Lương,Đà Nẵng,attraction,insufficient_service_evidence,0,https://www.openstreetmap.org/node/5383428522,v2-c829c8f3e2414108
osm:node:5384962122,Bánh Cuốn Bà Hoanh,Hà Nội,restaurant,insufficient_service_evidence,0,https://www.openstreetmap.org/node/5384962122,v2-c829c8f3e2414108
osm:node:5384962124,Xôi Gà,Hà Nội,restaurant,insufficient_service_evidence,0,https://www.openstreetmap.org/node/5384962124,v2-c829c8f3e2414108
osm:node:5384986721,Cửa Hàng Chả Cá Anh Vũ,Hà Nội,restaurant,insufficient_service_evidence,0,https://www.openstreetmap.org/node/5384986721,v2-c829c8f3e2414108
osm:node:5384986723,Phở Cuốn Hương Mai,Hà Nội,restaurant,insufficient_service_evidence,0,https://www.openstreetmap.org/node/5384986723,v2-c829c8f3e2414108
osm:node:5385096023,Cửa Hàng Mai Nga Bún Cá Hà Thành,Hà Nội,restaurant,insufficient_service_evidence,0,https://www.openstreetmap.org/node/5385096023,v2-c829c8f3e2414108
osm:node:5385096024,Thanh Vân Bánh Cuốn Gia Truyền,Hà Nội,restaurant,insufficient_service_evidence,0,https://www.openstreetmap.org/node/5385096024,v2-c829c8f3e2414108
osm:node:5385301222,Lăng Ngô Quyền,Hà Nội,temple,insufficient_service_evidence,0,https://www.openstreetmap.org/node/5385301222,v2-c829c8f3e2414108
osm:node:5385333722,Quán Chè Mười Sáu,Hà Nội,restaurant,insufficient_service_evidence,0,https://www.openstreetmap.org/node/5385333722,v2-c829c8f3e2414108
osm:node:5388438022,"Ice cream - ice cream, milk tea and coffee",Đà Nẵng,cafe,insufficient_service_evidence,0,https://www.openstreetmap.org/node/5388438022,v2-c829c8f3e2414108
osm:node:5388603121,Cơm Chay Tú Hảo,Hà Nội,restaurant,insufficient_service_evidence,0,https://www.openstreetmap.org/node/5388603121,v2-c829c8f3e2414108
osm:node:5395627822,Kebab & Co,Hà Nội,restaurant,insufficient_service_evidence,0,https://www.openstreetmap.org/node/5395627822,v2-c829c8f3e2414108
osm:node:5395820990,Miếu Cửa Sông,Hà Nội,temple,insufficient_service_evidence,0,https://www.openstreetmap.org/node/5395820990,v2-c829c8f3e2414108
osm:node:5397611521,Nhà Háng,Hà Nội,restaurant,insufficient_service_evidence,0,https://www.openstreetmap.org/node/5397611521,v2-c829c8f3e2414108
osm:node:5397722195,Văn phòng BQLDA ASIA-VIETNAM,Đà Nẵng,viewpoint,insufficient_service_evidence,0,https://www.openstreetmap.org/node/5397722195,v2-c829c8f3e2414108
osm:node:5397868005,milk coffee,Đà Nẵng,cafe,insufficient_service_evidence,0,https://www.openstreetmap.org/node/5397868005,v2-c829c8f3e2414108
osm:node:5400129922,pho viet 46,Đà Nẵng,restaurant,insufficient_service_evidence,0,https://www.openstreetmap.org/node/5400129922,v2-c829c8f3e2414108
osm:node:5400169222,Khong Cam Quan,Đà Nẵng,restaurant,insufficient_service_evidence,0,https://www.openstreetmap.org/node/5400169222,v2-c829c8f3e2414108
osm:node:5400169223,pho 29,Đà Nẵng,restaurant,insufficient_service_evidence,0,https://www.openstreetmap.org/node/5400169223,v2-c829c8f3e2414108
osm:node:5401363321,Cơm Gà Bà Buội 2,Đà Nẵng,restaurant,insufficient_service_evidence,0,https://www.openstreetmap.org/node/5401363321,v2-c829c8f3e2414108
osm:node:5401407621,미꽝 24 7,Đà Nẵng,restaurant,insufficient_service_evidence,0,https://www.openstreetmap.org/node/5401407621,v2-c829c8f3e2414108
osm:node:5402607721,Cà Phê Trung,Hà Nội,cafe,insufficient_service_evidence,0,https://www.openstreetmap.org/node/5402607721,v2-c829c8f3e2414108
osm:node:5402627723,Cà Phê 39 Tạ Hiển,Hà Nội,cafe,insufficient_service_evidence,0,https://www.openstreetmap.org/node/5402627723,v2-c829c8f3e2414108
osm:node:5403043721,Bánh Cuôn Ký Dông,Hà Nội,restaurant,insufficient_service_evidence,0,https://www.openstreetmap.org/node/5403043721,v2-c829c8f3e2414108
osm:node:5403993021,Cua Dai Beach,Đà Nẵng,attraction,insufficient_service_evidence,0,https://www.openstreetmap.org/node/5403993021,v2-c829c8f3e2414108
osm:node:5411550522,Tâm An Lạc,Hà Nội,restaurant,insufficient_service_evidence,0,https://www.openstreetmap.org/node/5411550522,v2-c829c8f3e2414108
osm:node:5421670777,Time Coffee,Đà Nẵng,cafe,insufficient_service_evidence,0,https://www.openstreetmap.org/node/5421670777,v2-c829c8f3e2414108
osm:node:5421670780,Chùa An Phước,Đà Nẵng,temple,insufficient_service_evidence,0,https://www.openstreetmap.org/node/5421670780,v2-c829c8f3e2414108
osm:node:5421932025,Cà Phê Câu,Hà Nội,cafe,insufficient_service_evidence,0,https://www.openstreetmap.org/node/5421932025,v2-c829c8f3e2414108
osm:node:5422454521,Quan 66,Hà Nội,restaurant,insufficient_service_evidence,0,https://www.openstreetmap.org/node/5422454521,v2-c829c8f3e2414108
osm:node:5424118323,Cà Phê Cu Bảo,Hà Nội,cafe,insufficient_service_evidence,0,https://www.openstreetmap.org/node/5424118323,v2-c829c8f3e2414108
osm:node:5427872028,Phu Thien,Đà Nẵng,restaurant,insufficient_service_evidence,0,https://www.openstreetmap.org/node/5427872028,v2-c829c8f3e2414108
osm:node:5431621223,Hội Thánh Tin Lành Dương Yên,Đà Nẵng,temple,insufficient_service_evidence,0,https://www.openstreetmap.org/node/5431621223,v2-c829c8f3e2414108
osm:node:5432701004,Nhà thờ Hoà Cường,Đà Nẵng,temple,insufficient_service_evidence,0,https://www.openstreetmap.org/node/5432701004,v2-c829c8f3e2414108
osm:node:5437839417,Samwon,Đà Nẵng,restaurant,insufficient_service_evidence,0,https://www.openstreetmap.org/node/5437839417,v2-c829c8f3e2414108
osm:node:5439329981,Cafe 25,Đà Nẵng,cafe,insufficient_service_evidence,0,https://www.openstreetmap.org/node/5439329981,v2-c829c8f3e2414108
osm:node:5442110822,Peace Vegan,Hà Nội,restaurant,insufficient_service_evidence,0,https://www.openstreetmap.org/node/5442110822,v2-c829c8f3e2414108
osm:node:5443041521,Hue Pub,Đà Nẵng,restaurant,insufficient_service_evidence,0,https://www.openstreetmap.org/node/5443041521,v2-c829c8f3e2414108
osm:node:5444674050,Thein Trung,Đà Nẵng,cafe,insufficient_service_evidence,0,https://www.openstreetmap.org/node/5444674050,v2-c829c8f3e2414108
osm:node:5444689515,The Sai Gon Times Club,Đà Nẵng,restaurant,insufficient_service_evidence,0,https://www.openstreetmap.org/node/5444689515,v2-c829c8f3e2414108
osm:node:5444797566,Ba Ghiền,Đà Nẵng,restaurant,insufficient_service_evidence,0,https://www.openstreetmap.org/node/5444797566,v2-c829c8f3e2414108
osm:node:5444874593,Thai Market,Đà Nẵng,restaurant,insufficient_service_evidence,0,https://www.openstreetmap.org/node/5444874593,v2-c829c8f3e2414108
osm:node:5444875113,Đen Đá Hội An,Đà Nẵng,cafe,insufficient_service_evidence,0,https://www.openstreetmap.org/node/5444875113,v2-c829c8f3e2414108
osm:node:5444978923,Nghĩa trang Liệt Sĩ,Đà Nẵng,historic,insufficient_service_evidence,0,https://www.openstreetmap.org/node/5444978923,v2-c829c8f3e2414108
osm:node:5446969109,Làng Việt,Đà Nẵng,cafe,insufficient_service_evidence,0,https://www.openstreetmap.org/node/5446969109,v2-c829c8f3e2414108
osm:node:5447317937,Phở Mười,Đà Nẵng,restaurant,insufficient_service_evidence,0,https://www.openstreetmap.org/node/5447317937,v2-c829c8f3e2414108
osm:node:5454345419,Sea food local restaurant,Đà Nẵng,restaurant,insufficient_service_evidence,0,https://www.openstreetmap.org/node/5454345419,v2-c829c8f3e2414108
osm:node:5455776023,Lyty Bread - banh mi,Đà Nẵng,restaurant,insufficient_service_evidence,0,https://www.openstreetmap.org/node/5455776023,v2-c829c8f3e2414108
osm:node:5456680521,An Hien Com Ga,Đà Nẵng,restaurant,insufficient_service_evidence,0,https://www.openstreetmap.org/node/5456680521,v2-c829c8f3e2414108
osm:node:5459555822,Phở Tư Lùn,Hà Nội,restaurant,insufficient_service_evidence,0,https://www.openstreetmap.org/node/5459555822,v2-c829c8f3e2414108
osm:node:5460934221,Hero Bar Coffee,Đà Nẵng,cafe,insufficient_service_evidence,0,https://www.openstreetmap.org/node/5460934221,v2-c829c8f3e2414108
osm:node:5461718921,Banh Mi,Đà Nẵng,restaurant,insufficient_service_evidence,0,https://www.openstreetmap.org/node/5461718921,v2-c829c8f3e2414108
osm:node:5470865821,Boat Temple,Đà Nẵng,temple,insufficient_service_evidence,0,https://www.openstreetmap.org/node/5470865821,v2-c829c8f3e2414108
osm:node:5474212423,Bancaphe,Đà Nẵng,cafe,insufficient_service_evidence,0,https://www.openstreetmap.org/node/5474212423,v2-c829c8f3e2414108
osm:node:5475930399,Vân Hiền,Hà Nội,restaurant,insufficient_service_evidence,0,https://www.openstreetmap.org/node/5475930399,v2-c829c8f3e2414108
osm:node:5483840025,Kihn moi,Đà Nẵng,restaurant,insufficient_service_evidence,0,https://www.openstreetmap.org/node/5483840025,v2-c829c8f3e2414108
osm:node:5484083323,Paris Deli,Hà Nội,cafe,insufficient_service_evidence,0,https://www.openstreetmap.org/node/5484083323,v2-c829c8f3e2414108
osm:node:5484764821,Bún chả cá 109,Đà Nẵng,restaurant,insufficient_service_evidence,0,https://www.openstreetmap.org/node/5484764821,v2-c829c8f3e2414108
osm:node:5484776621,Phở 29,Đà Nẵng,restaurant,insufficient_service_evidence,0,https://www.openstreetmap.org/node/5484776621,v2-c829c8f3e2414108
osm:node:5484788221,Tre việt Rétaurant,Đà Nẵng,restaurant,insufficient_service_evidence,0,https://www.openstreetmap.org/node/5484788221,v2-c829c8f3e2414108
osm:node:5484963321,Hông,Đà Nẵng,restaurant,insufficient_service_evidence,0,https://www.openstreetmap.org/node/5484963321,v2-c829c8f3e2414108
osm:node:5485635750,Miếu Trung Liệt,Hà Nội,historic,insufficient_service_evidence,0,https://www.openstreetmap.org/node/5485635750,v2-c829c8f3e2414108
osm:node:5485648577,Highlands Coffee,Hà Nội,cafe,insufficient_service_evidence,0,https://www.openstreetmap.org/node/5485648577,v2-c829c8f3e2414108
osm:node:5485649434,Cà Phê Moonlight,Hà Nội,cafe,insufficient_service_evidence,0,https://www.openstreetmap.org/node/5485649434,v2-c829c8f3e2414108
osm:node:5485651759,Chợ Sáng Trần Quang Diệu,Hà Nội,market,insufficient_service_evidence,0,https://www.openstreetmap.org/node/5485651759,v2-c829c8f3e2414108
osm:node:5485653498,Đình Mai Dịch,Hà Nội,temple,insufficient_service_evidence,0,https://www.openstreetmap.org/node/5485653498,v2-c829c8f3e2414108
osm:node:5485653510,Cà Phê Sách,Hà Nội,cafe,insufficient_service_evidence,0,https://www.openstreetmap.org/node/5485653510,v2-c829c8f3e2414108
osm:node:5485657266,Chợ Tình Sapa,Hà Nội,market,insufficient_service_evidence,0,https://www.openstreetmap.org/node/5485657266,v2-c829c8f3e2414108
osm:node:5485657752,Wrap and Roll,Hà Nội,restaurant,insufficient_service_evidence,0,https://www.openstreetmap.org/node/5485657752,v2-c829c8f3e2414108
osm:node:5485660083,Chợ Láng Thượng,Hà Nội,market,insufficient_service_evidence,0,https://www.openstreetmap.org/node/5485660083,v2-c829c8f3e2414108
osm:node:5485663097,Cà Phê Aroi,Hà Nội,cafe,insufficient_service_evidence,0,https://www.openstreetmap.org/node/5485663097,v2-c829c8f3e2414108
osm:node:5485663514,Nhà Hàng Cơm Niêu Kombo,Hà Nội,restaurant,insufficient_service_evidence,0,https://www.openstreetmap.org/node/5485663514,v2-c829c8f3e2414108
osm:node:5485664399,Cà Phê Maxx,Hà Nội,cafe,insufficient_service_evidence,0,https://www.openstreetmap.org/node/5485664399,v2-c829c8f3e2414108
osm:node:5485665267,Chợ Hoa Quảng An,Hà Nội,market,insufficient_service_evidence,0,https://www.openstreetmap.org/node/5485665267,v2-c829c8f3e2414108
osm:node:5485665297,T+ Beer Club,Hà Nội,restaurant,insufficient_service_evidence,0,https://www.openstreetmap.org/node/5485665297,v2-c829c8f3e2414108
osm:node:5485670666,VNUA restaurant,Hà Nội,restaurant,insufficient_service_evidence,0,https://www.openstreetmap.org/node/5485670666,v2-c829c8f3e2414108
osm:node:5485670670,Nhà Hàng Bít Tết Ngon,Hà Nội,restaurant,insufficient_service_evidence,0,https://www.openstreetmap.org/node/5485670670,v2-c829c8f3e2414108
osm:node:5485670930,Lotteria,Hà Nội,restaurant,insufficient_service_evidence,0,https://www.openstreetmap.org/node/5485670930,v2-c829c8f3e2414108
osm:node:5485674588,Highlands Coffee,Hà Nội,cafe,insufficient_service_evidence,0,https://www.openstreetmap.org/node/5485674588,v2-c829c8f3e2414108
osm:node:5485690545,Gong Cha,Hà Nội,cafe,insufficient_service_evidence,0,https://www.openstreetmap.org/node/5485690545,v2-c829c8f3e2414108
osm:node:5485710758,Nhà hàng Phương Nam,Hà Nội,restaurant,insufficient_service_evidence,0,https://www.openstreetmap.org/node/5485710758,v2-c829c8f3e2414108
osm:node:5485713617,Quán vịt nướng,Hà Nội,restaurant,insufficient_service_evidence,0,https://www.openstreetmap.org/node/5485713617,v2-c829c8f3e2414108
osm:node:5485716152,Trà sữa Cha Go Tea,Hà Nội,cafe,insufficient_service_evidence,0,https://www.openstreetmap.org/node/5485716152,v2-c829c8f3e2414108
osm:node:5485717488,Trà sữa Tea Station,Hà Nội,cafe,insufficient_service_evidence,0,https://www.openstreetmap.org/node/5485717488,v2-c829c8f3e2414108
osm:node:5485722446,Ding Tea,Hà Nội,cafe,insufficient_service_evidence,0,https://www.openstreetmap.org/node/5485722446,v2-c829c8f3e2414108
osm:node:5485722931,Cà Phê Feeling Tea,Hà Nội,cafe,insufficient_service_evidence,0,https://www.openstreetmap.org/node/5485722931,v2-c829c8f3e2414108
osm:node:5485723847,Phở Cồ,Hà Nội,restaurant,insufficient_service_evidence,0,https://www.openstreetmap.org/node/5485723847,v2-c829c8f3e2414108
osm:node:5485724273,Quán chè Đầu Bếp,Hà Nội,restaurant,insufficient_service_evidence,0,https://www.openstreetmap.org/node/5485724273,v2-c829c8f3e2414108
osm:node:5485733700,Cà Phê Mộc,Hà Nội,cafe,insufficient_service_evidence,0,https://www.openstreetmap.org/node/5485733700,v2-c829c8f3e2414108
osm:node:5485735851,Cộng Cà Phê,Hà Nội,cafe,insufficient_service_evidence,0,https://www.openstreetmap.org/node/5485735851,v2-c829c8f3e2414108
osm:node:5485739806,Nhà hàng Chef Dzung,Hà Nội,restaurant,insufficient_service_evidence,0,https://www.openstreetmap.org/node/5485739806,v2-c829c8f3e2414108
osm:node:5485756823,Gà Mạnh Hoạch,Hà Nội,restaurant,insufficient_service_evidence,0,https://www.openstreetmap.org/node/5485756823,v2-c829c8f3e2414108
osm:node:5485756832,Cà Phê Daily,Hà Nội,cafe,insufficient_service_evidence,0,https://www.openstreetmap.org/node/5485756832,v2-c829c8f3e2414108
osm:node:5485760263,Nhà Hàng Làng Tôi,Hà Nội,restaurant,insufficient_service_evidence,0,https://www.openstreetmap.org/node/5485760263,v2-c829c8f3e2414108
osm:node:5485760264,Nhà hàng Món Huế,Hà Nội,restaurant,insufficient_service_evidence,0,https://www.openstreetmap.org/node/5485760264,v2-c829c8f3e2414108
osm:node:5485766418,Cửa Hàng Bánh Ngọt Paris Gateaux,Hà Nội,restaurant,insufficient_service_evidence,0,https://www.openstreetmap.org/node/5485766418,v2-c829c8f3e2414108
osm:node:5485768199,Nhà hàng Nét Huế,Hà Nội,restaurant,insufficient_service_evidence,0,https://www.openstreetmap.org/node/5485768199,v2-c829c8f3e2414108
osm:node:5485772100,Nhà hàng Cơm niêu Thúy Nga,Hà Nội,restaurant,insufficient_service_evidence,0,https://www.openstreetmap.org/node/5485772100,v2-c829c8f3e2414108
osm:node:5485777635,Phủi Quán,Hà Nội,restaurant,insufficient_service_evidence,0,https://www.openstreetmap.org/node/5485777635,v2-c829c8f3e2414108
osm:node:5485777714,KFC,Hà Nội,restaurant,weak_or_generic_name,1,https://www.openstreetmap.org/node/5485777714,v2-c829c8f3e2414108
osm:node:5485779171,Bánh Mỳ Cô Long,Hà Nội,restaurant,insufficient_service_evidence,0,https://www.openstreetmap.org/node/5485779171,v2-c829c8f3e2414108
osm:node:5485779295,Star Cafe - Nhà Hàng Sân Vườn Trên Cao,Hà Nội,cafe,insufficient_service_evidence,0,https://www.openstreetmap.org/node/5485779295,v2-c829c8f3e2414108
osm:node:5485779585,Tượng đài Lê Nin,Hà Nội,park,insufficient_service_evidence,0,https://www.openstreetmap.org/node/5485779585,v2-c829c8f3e2414108
osm:node:5485779587,Soya Garden,Hà Nội,restaurant,insufficient_service_evidence,0,https://www.openstreetmap.org/node/5485779587,v2-c829c8f3e2414108
osm:node:5485779646,Nhà Hàng Han Kook Kwan,Hà Nội,restaurant,insufficient_service_evidence,0,https://www.openstreetmap.org/node/5485779646,v2-c829c8f3e2414108
osm:node:5485779798,Nhà hàng Như Quỳnh,Hà Nội,restaurant,insufficient_service_evidence,0,https://www.openstreetmap.org/node/5485779798,v2-c829c8f3e2414108
osm:node:5485788108,Nhà hàng cô tô,Hà Nội,restaurant,insufficient_service_evidence,0,https://www.openstreetmap.org/node/5485788108,v2-c829c8f3e2414108
osm:node:5485791236,Tocotoco,Hà Nội,cafe,insufficient_service_evidence,0,https://www.openstreetmap.org/node/5485791236,v2-c829c8f3e2414108
osm:node:5485791237,Royaltea,Hà Nội,cafe,insufficient_service_evidence,0,https://www.openstreetmap.org/node/5485791237,v2-c829c8f3e2414108
osm:node:5485794302,Vị Quảng,Hà Nội,restaurant,insufficient_service_evidence,0,https://www.openstreetmap.org/node/5485794302,v2-c829c8f3e2414108
osm:node:5485795886,Nhà hàng Ngọc Thúy,Hà Nội,restaurant,insufficient_service_evidence,0,https://www.openstreetmap.org/node/5485795886,v2-c829c8f3e2414108
osm:node:5485796749,Nhà hàng 123 Kim Mã,Hà Nội,restaurant,insufficient_service_evidence,0,https://www.openstreetmap.org/node/5485796749,v2-c829c8f3e2414108
osm:node:5485803769,Nhà hàng Kim Long,Hà Nội,restaurant,insufficient_service_evidence,0,https://www.openstreetmap.org/node/5485803769,v2-c829c8f3e2414108
osm:node:5485807457,Nhà hàng Mẹt Đồng Quê,Hà Nội,restaurant,insufficient_service_evidence,0,https://www.openstreetmap.org/node/5485807457,v2-c829c8f3e2414108
osm:node:5485808073,Bánh Cuốn Gia An,Hà Nội,restaurant,insufficient_service_evidence,0,https://www.openstreetmap.org/node/5485808073,v2-c829c8f3e2414108
osm:node:5485810344,Cà Phê Maxx,Hà Nội,cafe,insufficient_service_evidence,0,https://www.openstreetmap.org/node/5485810344,v2-c829c8f3e2414108
osm:node:5485810348,Gà rán,Hà Nội,restaurant,insufficient_service_evidence,0,https://www.openstreetmap.org/node/5485810348,v2-c829c8f3e2414108
osm:node:5485810349,Nhà Hàng Lemon House,Hà Nội,restaurant,insufficient_service_evidence,0,https://www.openstreetmap.org/node/5485810349,v2-c829c8f3e2414108
osm:node:5485810350,Nhà Hàng Lẩu Hơi Cosmos,Hà Nội,restaurant,insufficient_service_evidence,0,https://www.openstreetmap.org/node/5485810350,v2-c829c8f3e2414108
osm:node:5485825582,Nhà Hàng Lẩu Bà Téo,Hà Nội,restaurant,insufficient_service_evidence,0,https://www.openstreetmap.org/node/5485825582,v2-c829c8f3e2414108
osm:node:5485835198,Nhà thờ Hoàng Thôn,Hà Nội,temple,insufficient_service_evidence,0,https://www.openstreetmap.org/node/5485835198,v2-c829c8f3e2414108
osm:node:5485844195,Cà Phê Container,Hà Nội,cafe,insufficient_service_evidence,0,https://www.openstreetmap.org/node/5485844195,v2-c829c8f3e2414108
osm:node:5485848998,Lẩu Nấm Gia Khánh,Hà Nội,restaurant,insufficient_service_evidence,0,https://www.openstreetmap.org/node/5485848998,v2-c829c8f3e2414108
osm:node:5485850655,Cà Phê First,Hà Nội,cafe,insufficient_service_evidence,0,https://www.openstreetmap.org/node/5485850655,v2-c829c8f3e2414108
osm:node:5485850796,Lẩu Dê Vạn Xuân,Hà Nội,restaurant,insufficient_service_evidence,0,https://www.openstreetmap.org/node/5485850796,v2-c829c8f3e2414108
osm:node:5485852162,Xưởng Cafe,Hà Nội,cafe,insufficient_service_evidence,0,https://www.openstreetmap.org/node/5485852162,v2-c829c8f3e2414108
osm:node:5485858161,Nhà hàng bún chả 25,Hà Nội,restaurant,insufficient_service_evidence,0,https://www.openstreetmap.org/node/5485858161,v2-c829c8f3e2414108
osm:node:5485862923,Quán bia Hà Nội,Hà Nội,restaurant,insufficient_service_evidence,0,https://www.openstreetmap.org/node/5485862923,v2-c829c8f3e2414108
osm:node:5485868225,Hong,Đà Nẵng,restaurant,insufficient_service_evidence,0,https://www.openstreetmap.org/node/5485868225,v2-c829c8f3e2414108
osm:node:5485869058,Cà Phê Mimesa,Hà Nội,cafe,insufficient_service_evidence,0,https://www.openstreetmap.org/node/5485869058,v2-c829c8f3e2414108
osm:node:5485869374,Cà Phê Happyland,Hà Nội,cafe,insufficient_service_evidence,0,https://www.openstreetmap.org/node/5485869374,v2-c829c8f3e2414108
osm:node:5485871410,Nhà Hàng Bia Hải Hói,Hà Nội,restaurant,insufficient_service_evidence,0,https://www.openstreetmap.org/node/5485871410,v2-c829c8f3e2414108
osm:node:5485871780,Cà Phê Firefly,Hà Nội,cafe,insufficient_service_evidence,0,https://www.openstreetmap.org/node/5485871780,v2-c829c8f3e2414108
osm:node:5485874465,Nhà hàng Cảnh Hồ,Hà Nội,restaurant,insufficient_service_evidence,0,https://www.openstreetmap.org/node/5485874465,v2-c829c8f3e2414108
osm:node:5485877092,Soya Garden,Hà Nội,cafe,insufficient_service_evidence,0,https://www.openstreetmap.org/node/5485877092,v2-c829c8f3e2414108
osm:node:5485879965,KFC,Hà Nội,restaurant,weak_or_generic_name,2,https://www.openstreetmap.org/node/5485879965,v2-c829c8f3e2414108
osm:node:5486075337,Nhà Hàng Bia Lan Chín,Hà Nội,restaurant,insufficient_service_evidence,0,https://www.openstreetmap.org/node/5486075337,v2-c829c8f3e2414108
osm:node:5489944413,Cà Phê Long Biên,Hà Nội,cafe,insufficient_service_evidence,0,https://www.openstreetmap.org/node/5489944413,v2-c829c8f3e2414108
osm:node:5490223222,Taco King,Hà Nội,restaurant,insufficient_service_evidence,0,https://www.openstreetmap.org/node/5490223222,v2-c829c8f3e2414108
osm:node:5490298321,Cửa Hàng Bia Hơi Duy Thái,Hà Nội,restaurant,insufficient_service_evidence,0,https://www.openstreetmap.org/node/5490298321,v2-c829c8f3e2414108
osm:node:5491050400,Mỳ Vịt Tiềm A Cường,Hà Nội,restaurant,insufficient_service_evidence,0,https://www.openstreetmap.org/node/5491050400,v2-c829c8f3e2414108
osm:node:5491060637,Nhà Hàng Mì Vịt Tiềm A Cường,Hà Nội,restaurant,insufficient_service_evidence,0,https://www.openstreetmap.org/node/5491060637,v2-c829c8f3e2414108
osm:node:5491288621,Nhà Hàng Garden House,Hà Nội,restaurant,insufficient_service_evidence,0,https://www.openstreetmap.org/node/5491288621,v2-c829c8f3e2414108
osm:node:5492615625,M Bistro,Đà Nẵng,restaurant,insufficient_service_evidence,0,https://www.openstreetmap.org/node/5492615625,v2-c829c8f3e2414108
osm:node:5498983329,Sóng Biển,Đà Nẵng,restaurant,insufficient_service_evidence,0,https://www.openstreetmap.org/node/5498983329,v2-c829c8f3e2414108
osm:node:5504330621,Song Thu,Hà Nội,restaurant,insufficient_service_evidence,0,https://www.openstreetmap.org/node/5504330621,v2-c829c8f3e2414108
osm:node:5510010523,Nhà Hàng Linh Vy,Hà Nội,restaurant,insufficient_service_evidence,0,https://www.openstreetmap.org/node/5510010523,v2-c829c8f3e2414108
osm:node:5512742621,Nhà thờ Tộc Nguyễn Văn,Đà Nẵng,museum,insufficient_service_evidence,0,https://www.openstreetmap.org/node/5512742621,v2-c829c8f3e2414108
osm:node:5518348822,việt xưa house,Hà Nội,restaurant,insufficient_service_evidence,0,https://www.openstreetmap.org/node/5518348822,v2-c829c8f3e2414108
osm:node:5519691323,Chùa Hưng Long,Hà Nội,temple,insufficient_service_evidence,0,https://www.openstreetmap.org/node/5519691323,v2-c829c8f3e2414108
osm:node:5535172928,Chops Wagyu BBQ,Hà Nội,restaurant,insufficient_service_evidence,0,https://www.openstreetmap.org/node/5535172928,v2-c829c8f3e2414108
osm:node:5539359023,Nhà Hàng Moonview,Hà Nội,restaurant,insufficient_service_evidence,0,https://www.openstreetmap.org/node/5539359023,v2-c829c8f3e2414108
osm:node:5539964821,KFC,Đà Nẵng,restaurant,weak_or_generic_name|insufficient_service_evidence,0,https://www.openstreetmap.org/node/5539964821,v2-c829c8f3e2414108
osm:node:5541768485,Tâm Quán Trà,Hà Nội,cafe,insufficient_service_evidence,0,https://www.openstreetmap.org/node/5541768485,v2-c829c8f3e2414108
osm:node:5542149321,Vietnam Speciality Coffee,Hà Nội,cafe,insufficient_service_evidence,0,https://www.openstreetmap.org/node/5542149321,v2-c829c8f3e2414108
osm:node:5555933421,TwitterBeans Coffee,Hà Nội,cafe,insufficient_service_evidence,0,https://www.openstreetmap.org/node/5555933421,v2-c829c8f3e2414108
osm:node:5558149723,Chùa Diên Khánh,Đà Nẵng,temple,insufficient_service_evidence,0,https://www.openstreetmap.org/node/5558149723,v2-c829c8f3e2414108
osm:node:5558491521,Pavilion,Đà Nẵng,restaurant,insufficient_service_evidence,0,https://www.openstreetmap.org/node/5558491521,v2-c829c8f3e2414108
osm:node:5564179948,Win Win,Đà Nẵng,restaurant,insufficient_service_evidence,0,https://www.openstreetmap.org/node/5564179948,v2-c829c8f3e2414108
osm:node:5570585621,Cà Phê Fruits With Jogurt,Hà Nội,cafe,insufficient_service_evidence,0,https://www.openstreetmap.org/node/5570585621,v2-c829c8f3e2414108
osm:node:5576733921,Cà Phê 1 Hàng Bụt,Hà Nội,cafe,insufficient_service_evidence,0,https://www.openstreetmap.org/node/5576733921,v2-c829c8f3e2414108
osm:node:5579667221,Quán Bông,Hà Nội,restaurant,insufficient_service_evidence,0,https://www.openstreetmap.org/node/5579667221,v2-c829c8f3e2414108
osm:node:5582157521,Đà Nẵng cơm chay,Đà Nẵng,restaurant,insufficient_service_evidence,0,https://www.openstreetmap.org/node/5582157521,v2-c829c8f3e2414108
osm:node:5583714422,The Juicer,Đà Nẵng,cafe,insufficient_service_evidence,0,https://www.openstreetmap.org/node/5583714422,v2-c829c8f3e2414108
osm:node:5589923821,Nam Thiên Thiền Tự,Hà Nội,temple,insufficient_service_evidence,0,https://www.openstreetmap.org/node/5589923821,v2-c829c8f3e2414108
osm:node:5592076021,Cà Phê Kiều,Hà Nội,cafe,insufficient_service_evidence,0,https://www.openstreetmap.org/node/5592076021,v2-c829c8f3e2414108
osm:node:5600384025,Lễ Tân FPT Software,Đà Nẵng,temple,insufficient_service_evidence,0,https://www.openstreetmap.org/node/5600384025,v2-c829c8f3e2414108
osm:node:5600384026,Căn Tin FPT Software Right,Đà Nẵng,cafe,insufficient_service_evidence,0,https://www.openstreetmap.org/node/5600384026,v2-c829c8f3e2414108
osm:node:5600384027,Căn Tin FPT Software Left,Đà Nẵng,cafe,insufficient_service_evidence,0,https://www.openstreetmap.org/node/5600384027,v2-c829c8f3e2414108
osm:node:5600384028,Căn Tin FPT Software Top,Đà Nẵng,cafe,insufficient_service_evidence,0,https://www.openstreetmap.org/node/5600384028,v2-c829c8f3e2414108
osm:node:5600384029,Căn Tin FPT Software Bottom,Đà Nẵng,cafe,insufficient_service_evidence,0,https://www.openstreetmap.org/node/5600384029,v2-c829c8f3e2414108
osm:node:5602029922,Tran local foods,Đà Nẵng,restaurant,insufficient_service_evidence,0,https://www.openstreetmap.org/node/5602029922,v2-c829c8f3e2414108
osm:node:5604576821,Quán Ốc Vi Sài Gòn,Hà Nội,restaurant,insufficient_service_evidence,0,https://www.openstreetmap.org/node/5604576821,v2-c829c8f3e2414108
osm:node:5613512523,Con Tan Thinh,Đà Nẵng,restaurant,insufficient_service_evidence,0,https://www.openstreetmap.org/node/5613512523,v2-c829c8f3e2414108
osm:node:5614494624,The Pizza Company,Hà Nội,restaurant,insufficient_service_evidence,0,https://www.openstreetmap.org/node/5614494624,v2-c829c8f3e2414108
osm:node:5616462621,Nhà Hàng Bún Chả - Nem Cua Bê,Hà Nội,restaurant,insufficient_service_evidence,0,https://www.openstreetmap.org/node/5616462621,v2-c829c8f3e2414108
osm:node:5621040322,The Coffee House,Hà Nội,cafe,insufficient_service_evidence,0,https://www.openstreetmap.org/node/5621040322,v2-c829c8f3e2414108
osm:node:5621040324,Nhà Hàng Akaari,Hà Nội,restaurant,insufficient_service_evidence,0,https://www.openstreetmap.org/node/5621040324,v2-c829c8f3e2414108
osm:node:5623291946,Cửa Hàng Chả Cá Kình Ký,Hà Nội,restaurant,insufficient_service_evidence,0,https://www.openstreetmap.org/node/5623291946,v2-c829c8f3e2414108
osm:node:5630770368,Tượng đài Lý Tự Trọng,Hà Nội,historic,insufficient_service_evidence,0,https://www.openstreetmap.org/node/5630770368,v2-c829c8f3e2414108
osm:node:5633972331,Bún Riêu Mì Gà,Đà Nẵng,cafe,insufficient_service_evidence,0,https://www.openstreetmap.org/node/5633972331,v2-c829c8f3e2414108
osm:node:5640067721,Nhà Hàng MNA,Hà Nội,restaurant,insufficient_service_evidence,0,https://www.openstreetmap.org/node/5640067721,v2-c829c8f3e2414108
osm:node:5648757522,banana split cafe,Đà Nẵng,cafe,insufficient_service_evidence,0,https://www.openstreetmap.org/node/5648757522,v2-c829c8f3e2414108
osm:node:5652771521,Starbucks,Đà Nẵng,cafe,insufficient_service_evidence,0,https://www.openstreetmap.org/node/5652771521,v2-c829c8f3e2414108
osm:node:5658315323,loving hut - vegan restaurant,Đà Nẵng,restaurant,insufficient_service_evidence,0,https://www.openstreetmap.org/node/5658315323,v2-c829c8f3e2414108
osm:node:5659806722,Panam',Hà Nội,restaurant,insufficient_service_evidence,0,https://www.openstreetmap.org/node/5659806722,v2-c829c8f3e2414108
osm:node:5662790840,Nhà thờ Tân Lạc,Hà Nội,temple,insufficient_service_evidence,0,https://www.openstreetmap.org/node/5662790840,v2-c829c8f3e2414108
osm:node:5662831628,Ding Tea,Hà Nội,cafe,insufficient_service_evidence,0,https://www.openstreetmap.org/node/5662831628,v2-c829c8f3e2414108
osm:node:5662869723,Wild Lotus,Hà Nội,restaurant,insufficient_service_evidence,0,https://www.openstreetmap.org/node/5662869723,v2-c829c8f3e2414108
osm:node:5662890235,Quán Vịt Phúc,Hà Nội,restaurant,insufficient_service_evidence,0,https://www.openstreetmap.org/node/5662890235,v2-c829c8f3e2414108
osm:node:5662897536,Coffee House,Đà Nẵng,cafe,insufficient_service_evidence,0,https://www.openstreetmap.org/node/5662897536,v2-c829c8f3e2414108
osm:node:5662912593,Tam Kỳ Phố,Đà Nẵng,cafe,insufficient_service_evidence,0,https://www.openstreetmap.org/node/5662912593,v2-c829c8f3e2414108
osm:node:5662972421,Cửa Hàng Chè Xưa Và Nay,Hà Nội,restaurant,insufficient_service_evidence,0,https://www.openstreetmap.org/node/5662972421,v2-c829c8f3e2414108
osm:node:5665302953,Oanh,Đà Nẵng,cafe,insufficient_service_evidence,0,https://www.openstreetmap.org/node/5665302953,v2-c829c8f3e2414108
osm:node:5665302954,Nunoo,Đà Nẵng,cafe,insufficient_service_evidence,0,https://www.openstreetmap.org/node/5665302954,v2-c829c8f3e2414108
osm:node:5665320721,Gia Huy,Đà Nẵng,restaurant,insufficient_service_evidence,0,https://www.openstreetmap.org/node/5665320721,v2-c829c8f3e2414108
osm:node:5665324625,Trung Nguyen Coffee no 1,Đà Nẵng,cafe,insufficient_service_evidence,0,https://www.openstreetmap.org/node/5665324625,v2-c829c8f3e2414108
osm:node:5668274822,Vườn Gấu,Đà Nẵng,cafe,insufficient_service_evidence,0,https://www.openstreetmap.org/node/5668274822,v2-c829c8f3e2414108
osm:node:5668285923,Cà phê Bobo,Đà Nẵng,cafe,insufficient_service_evidence,0,https://www.openstreetmap.org/node/5668285923,v2-c829c8f3e2414108
osm:node:5668291323,Ẩm thực Ớt Ta,Đà Nẵng,restaurant,insufficient_service_evidence,0,https://www.openstreetmap.org/node/5668291323,v2-c829c8f3e2414108
osm:node:5668292422,Nhà thờ Họ Phan,Đà Nẵng,temple,insufficient_service_evidence,0,https://www.openstreetmap.org/node/5668292422,v2-c829c8f3e2414108
osm:node:5668292522,Quán cô Sáu Mì Quảng,Đà Nẵng,restaurant,insufficient_service_evidence,0,https://www.openstreetmap.org/node/5668292522,v2-c829c8f3e2414108
osm:node:5672798426,Cafe Nit,Đà Nẵng,cafe,insufficient_service_evidence,0,https://www.openstreetmap.org/node/5672798426,v2-c829c8f3e2414108
osm:node:5672798427,Minh Hein,Đà Nẵng,restaurant,insufficient_service_evidence,0,https://www.openstreetmap.org/node/5672798427,v2-c829c8f3e2414108
osm:node:5672801721,Loc Tan,Đà Nẵng,restaurant,insufficient_service_evidence,0,https://www.openstreetmap.org/node/5672801721,v2-c829c8f3e2414108
osm:node:5674096859,Diep Dong Nguyen,Đà Nẵng,museum,insufficient_service_evidence,0,https://www.openstreetmap.org/node/5674096859,v2-c829c8f3e2414108
osm:node:5674096905,Thuan Y,Đà Nẵng,restaurant,insufficient_service_evidence,0,https://www.openstreetmap.org/node/5674096905,v2-c829c8f3e2414108
osm:node:5674096907,Gloan,Đà Nẵng,restaurant,insufficient_service_evidence,0,https://www.openstreetmap.org/node/5674096907,v2-c829c8f3e2414108
osm:node:5674096909,Cafe 96,Đà Nẵng,cafe,insufficient_service_evidence,0,https://www.openstreetmap.org/node/5674096909,v2-c829c8f3e2414108
osm:node:5678846121,Nhà Hang 33 Trúc Bạch,Hà Nội,restaurant,insufficient_service_evidence,0,https://www.openstreetmap.org/node/5678846121,v2-c829c8f3e2414108
osm:node:5679236108,Nhà Hàng Long Hà,Hà Nội,restaurant,insufficient_service_evidence,0,https://www.openstreetmap.org/node/5679236108,v2-c829c8f3e2414108
osm:node:5680772376,Lotteria,Hà Nội,restaurant,insufficient_service_evidence,0,https://www.openstreetmap.org/node/5680772376,v2-c829c8f3e2414108
osm:node:5684863921,phì lũ,Đà Nẵng,restaurant,insufficient_service_evidence,0,https://www.openstreetmap.org/node/5684863921,v2-c829c8f3e2414108
osm:node:5698458607,Nhà Hàng Gia An,Hà Nội,restaurant,insufficient_service_evidence,0,https://www.openstreetmap.org/node/5698458607,v2-c829c8f3e2414108
osm:node:5698458608,Phở Hùng,Hà Nội,restaurant,insufficient_service_evidence,0,https://www.openstreetmap.org/node/5698458608,v2-c829c8f3e2414108
osm:node:5699726168,KFC,Đà Nẵng,restaurant,weak_or_generic_name,2,https://www.openstreetmap.org/node/5699726168,v2-c829c8f3e2414108
osm:node:5719446321,Cà Phê Tour,Hà Nội,cafe,insufficient_service_evidence,0,https://www.openstreetmap.org/node/5719446321,v2-c829c8f3e2414108
osm:node:5719880925,Nhà Hàng Mộc Chay,Hà Nội,restaurant,insufficient_service_evidence,0,https://www.openstreetmap.org/node/5719880925,v2-c829c8f3e2414108
osm:node:5726345965,Viet. Com Café,Đà Nẵng,cafe,insufficient_service_evidence,0,https://www.openstreetmap.org/node/5726345965,v2-c829c8f3e2414108
osm:node:5729394302,Cà Phê Kafa,Hà Nội,cafe,insufficient_service_evidence,0,https://www.openstreetmap.org/node/5729394302,v2-c829c8f3e2414108
osm:node:5753700123,Nhà Hàng Hot Rock,Hà Nội,restaurant,insufficient_service_evidence,0,https://www.openstreetmap.org/node/5753700123,v2-c829c8f3e2414108
osm:node:5757794021,Cà Phê Conifer,Hà Nội,cafe,insufficient_service_evidence,0,https://www.openstreetmap.org/node/5757794021,v2-c829c8f3e2414108
osm:node:5758797421,Nhà hàng Phủ Lý,Hà Nội,restaurant,insufficient_service_evidence,0,https://www.openstreetmap.org/node/5758797421,v2-c829c8f3e2414108
osm:node:5760494421,Pizza place,Hà Nội,restaurant,insufficient_service_evidence,0,https://www.openstreetmap.org/node/5760494421,v2-c829c8f3e2414108
osm:node:5761335023,Cộng Cà Phê,Hà Nội,cafe,insufficient_service_evidence,0,https://www.openstreetmap.org/node/5761335023,v2-c829c8f3e2414108
osm:node:5774687273,Nhà Thờ Phượng Bãi,Hà Nội,temple,insufficient_service_evidence,0,https://www.openstreetmap.org/node/5774687273,v2-c829c8f3e2414108
osm:node:5781047753,Lotteria-Burger and more,Hà Nội,restaurant,insufficient_service_evidence,0,https://www.openstreetmap.org/node/5781047753,v2-c829c8f3e2414108
osm:node:5791597253,Nhà Hàng Cơm Việt Nam,Hà Nội,restaurant,insufficient_service_evidence,0,https://www.openstreetmap.org/node/5791597253,v2-c829c8f3e2414108
osm:node:5791814653,Qquán Chay Ďiêu Hoa,Đà Nẵng,restaurant,insufficient_service_evidence,0,https://www.openstreetmap.org/node/5791814653,v2-c829c8f3e2414108
osm:node:5791962853,Huong Khach Vegetarian,Đà Nẵng,restaurant,insufficient_service_evidence,0,https://www.openstreetmap.org/node/5791962853,v2-c829c8f3e2414108
osm:node:5795904835,Nhà Hàng Grandma's,Hà Nội,restaurant,insufficient_service_evidence,0,https://www.openstreetmap.org/node/5795904835,v2-c829c8f3e2414108
osm:node:5804674553,Dau Lang,Đà Nẵng,restaurant,insufficient_service_evidence,0,https://www.openstreetmap.org/node/5804674553,v2-c829c8f3e2414108
osm:node:5810353653,BIEN,Đà Nẵng,restaurant,insufficient_service_evidence,0,https://www.openstreetmap.org/node/5810353653,v2-c829c8f3e2414108
osm:node:5817580453,Art in Paradise Da Nang 3D Museum,Đà Nẵng,museum,insufficient_service_evidence,0,https://www.openstreetmap.org/node/5817580453,v2-c829c8f3e2414108
osm:node:5822647453,Nhà Hàng Hanoi Taco Bar,Hà Nội,restaurant,insufficient_service_evidence,0,https://www.openstreetmap.org/node/5822647453,v2-c829c8f3e2414108
osm:node:5824328953,Điểm luồng phà chạy,Đà Nẵng,viewpoint,insufficient_service_evidence,0,https://www.openstreetmap.org/node/5824328953,v2-c829c8f3e2414108
osm:node:5826775185,Verticale,Hà Nội,restaurant,insufficient_service_evidence,0,https://www.openstreetmap.org/node/5826775185,v2-c829c8f3e2414108
osm:node:5838270900,Smile coffee,Hà Nội,cafe,insufficient_service_evidence,0,https://www.openstreetmap.org/node/5838270900,v2-c829c8f3e2414108
osm:node:5842314385,Quán Miên - Bánh Da Cua Ly Quõc Su,Hà Nội,restaurant,insufficient_service_evidence,0,https://www.openstreetmap.org/node/5842314385,v2-c829c8f3e2414108
osm:node:5850967685,Cafe Restaurant 144,Đà Nẵng,restaurant,insufficient_service_evidence,0,https://www.openstreetmap.org/node/5850967685,v2-c829c8f3e2414108
osm:node:5855279285,Little Flower,Đà Nẵng,restaurant,insufficient_service_evidence,0,https://www.openstreetmap.org/node/5855279285,v2-c829c8f3e2414108
osm:node:5859449689,Highlands Coffee,Hà Nội,cafe,insufficient_service_evidence,0,https://www.openstreetmap.org/node/5859449689,v2-c829c8f3e2414108
osm:node:5870096885,Nhà Hàng Dim Sum Minh Ký,Hà Nội,restaurant,insufficient_service_evidence,0,https://www.openstreetmap.org/node/5870096885,v2-c829c8f3e2414108
osm:node:5878061588,Cà Phê Hưng - Mộc,Hà Nội,cafe,insufficient_service_evidence,0,https://www.openstreetmap.org/node/5878061588,v2-c829c8f3e2414108
osm:node:5880291585,Bánh Đa Cua Hải Phòng,Hà Nội,restaurant,insufficient_service_evidence,0,https://www.openstreetmap.org/node/5880291585,v2-c829c8f3e2414108
osm:node:5880670767,Am Phường Thụy Khuê,Hà Nội,temple,insufficient_service_evidence,0,https://www.openstreetmap.org/node/5880670767,v2-c829c8f3e2414108
osm:node:5898266285,Bún Chả Hà Nội,Đà Nẵng,restaurant,insufficient_service_evidence,0,https://www.openstreetmap.org/node/5898266285,v2-c829c8f3e2414108
osm:node:5899363276,Đỉnh Quế,Đà Nẵng,nature_area,insufficient_service_evidence,0,https://www.openstreetmap.org/node/5899363276,v2-c829c8f3e2414108
osm:node:5899363279,Arung,Đà Nẵng,nature_area,insufficient_service_evidence,0,https://www.openstreetmap.org/node/5899363279,v2-c829c8f3e2414108
osm:node:5901161285,Hiri,Đà Nẵng,restaurant,insufficient_service_evidence,0,https://www.openstreetmap.org/node/5901161285,v2-c829c8f3e2414108
osm:node:5915365601,TwitterBeans Coffee,Hà Nội,cafe,insufficient_service_evidence,0,https://www.openstreetmap.org/node/5915365601,v2-c829c8f3e2414108
osm:node:5920327386,Búng & Miến Ngân Mộc,Hà Nội,restaurant,insufficient_service_evidence,0,https://www.openstreetmap.org/node/5920327386,v2-c829c8f3e2414108
osm:node:5920353327,Pho Ga Nguyet,Hà Nội,restaurant,insufficient_service_evidence,0,https://www.openstreetmap.org/node/5920353327,v2-c829c8f3e2414108
osm:node:5921911585,Me Coffee,Đà Nẵng,cafe,insufficient_service_evidence,0,https://www.openstreetmap.org/node/5921911585,v2-c829c8f3e2414108
osm:node:5922491411,Vong Giang Dai,Đà Nẵng,temple,insufficient_service_evidence,0,https://www.openstreetmap.org/node/5922491411,v2-c829c8f3e2414108
osm:node:5922537305,Golem,Đà Nẵng,cafe,insufficient_service_evidence,0,https://www.openstreetmap.org/node/5922537305,v2-c829c8f3e2414108
osm:node:5942228486,Phở hà nội,Đà Nẵng,restaurant,insufficient_service_evidence,0,https://www.openstreetmap.org/node/5942228486,v2-c829c8f3e2414108
osm:node:5942230789,Bò né,Đà Nẵng,restaurant,insufficient_service_evidence,0,https://www.openstreetmap.org/node/5942230789,v2-c829c8f3e2414108
osm:node:5942463385,RAM Spring roll,Đà Nẵng,restaurant,insufficient_service_evidence,0,https://www.openstreetmap.org/node/5942463385,v2-c829c8f3e2414108
osm:node:5947469388,Pho 139,Đà Nẵng,restaurant,insufficient_service_evidence,0,https://www.openstreetmap.org/node/5947469388,v2-c829c8f3e2414108
osm:node:5947469389,"Quán chay Thúy, 122",Đà Nẵng,restaurant,insufficient_service_evidence,0,https://www.openstreetmap.org/node/5947469389,v2-c829c8f3e2414108
osm:node:5947469391,com ga,Đà Nẵng,restaurant,insufficient_service_evidence,0,https://www.openstreetmap.org/node/5947469391,v2-c829c8f3e2414108
osm:node:5947469394,bun cha ha noi 58 Thái phien,Đà Nẵng,restaurant,insufficient_service_evidence,0,https://www.openstreetmap.org/node/5947469394,v2-c829c8f3e2414108
osm:node:5947493985,Korean restaurant,Đà Nẵng,restaurant,insufficient_service_evidence,0,https://www.openstreetmap.org/node/5947493985,v2-c829c8f3e2414108
osm:node:5947905986,koko Green kafe 63,Đà Nẵng,restaurant,insufficient_service_evidence,0,https://www.openstreetmap.org/node/5947905986,v2-c829c8f3e2414108
osm:node:5948634786,com hen 105,Đà Nẵng,restaurant,insufficient_service_evidence,0,https://www.openstreetmap.org/node/5948634786,v2-c829c8f3e2414108
osm:node:5964310288,Sổ Zách,Đà Nẵng,restaurant,insufficient_service_evidence,0,https://www.openstreetmap.org/node/5964310288,v2-c829c8f3e2414108
osm:node:5965444342,Dong Au,Đà Nẵng,restaurant,insufficient_service_evidence,0,https://www.openstreetmap.org/node/5965444342,v2-c829c8f3e2414108
osm:node:5966485585,Xôi Yên,Hà Nội,restaurant,insufficient_service_evidence,0,https://www.openstreetmap.org/node/5966485585,v2-c829c8f3e2414108
osm:node:5977538086,"Bánh xèo, Bún thịt nướng k25/16",Đà Nẵng,restaurant,insufficient_service_evidence,0,https://www.openstreetmap.org/node/5977538086,v2-c829c8f3e2414108
osm:node:5977814886,"Manh Cafe, Beer & Banh Mi place",Hà Nội,cafe,insufficient_service_evidence,0,https://www.openstreetmap.org/node/5977814886,v2-c829c8f3e2414108
osm:node:5977978686,Cơm Gà,Đà Nẵng,restaurant,insufficient_service_evidence,0,https://www.openstreetmap.org/node/5977978686,v2-c829c8f3e2414108
osm:node:5983039285,Mi Quang Thi 251,Đà Nẵng,restaurant,insufficient_service_evidence,0,https://www.openstreetmap.org/node/5983039285,v2-c829c8f3e2414108
osm:node:5983124785,Bánh Cuốn Bà Hạnh,Hà Nội,restaurant,insufficient_service_evidence,0,https://www.openstreetmap.org/node/5983124785,v2-c829c8f3e2414108
osm:node:5985205286,Bun thịt nướng,Đà Nẵng,restaurant,insufficient_service_evidence,0,https://www.openstreetmap.org/node/5985205286,v2-c829c8f3e2414108
osm:node:5987797085,Nhat Long Coffee,Hà Nội,cafe,insufficient_service_evidence,0,https://www.openstreetmap.org/node/5987797085,v2-c829c8f3e2414108
osm:node:5989958289,Cafe X70,Đà Nẵng,cafe,insufficient_service_evidence,0,https://www.openstreetmap.org/node/5989958289,v2-c829c8f3e2414108
osm:node:5993039994,Bun cha va beo 120,Đà Nẵng,restaurant,insufficient_service_evidence,0,https://www.openstreetmap.org/node/5993039994,v2-c829c8f3e2414108
osm:node:5998097585,Korean 30-17 Tran phu,Đà Nẵng,restaurant,insufficient_service_evidence,0,https://www.openstreetmap.org/node/5998097585,v2-c829c8f3e2414108
osm:node:6001904585,Bun thit nuong Nga 191,Đà Nẵng,restaurant,insufficient_service_evidence,0,https://www.openstreetmap.org/node/6001904585,v2-c829c8f3e2414108
osm:node:6009487787,Highlands Coffee,Hà Nội,cafe,insufficient_service_evidence,0,https://www.openstreetmap.org/node/6009487787,v2-c829c8f3e2414108
osm:node:6012884346,Nhà Hàng G-Grab,Hà Nội,restaurant,insufficient_service_evidence,0,https://www.openstreetmap.org/node/6012884346,v2-c829c8f3e2414108
osm:node:6024401286,Cộng Cà Phê,Hà Nội,cafe,insufficient_service_evidence,0,https://www.openstreetmap.org/node/6024401286,v2-c829c8f3e2414108
osm:node:6027206187,Cộng Cà Phê,Hà Nội,cafe,insufficient_service_evidence,0,https://www.openstreetmap.org/node/6027206187,v2-c829c8f3e2414108
osm:node:6035928576,Quán Cá Lăng Toàn Thắng,Hà Nội,restaurant,insufficient_service_evidence,0,https://www.openstreetmap.org/node/6035928576,v2-c829c8f3e2414108
osm:node:6036359888,Ẩm Thực Chay Tịnh Nghiệp,Hà Nội,restaurant,insufficient_service_evidence,0,https://www.openstreetmap.org/node/6036359888,v2-c829c8f3e2414108
osm:node:6046203687,Yin & Yang,Hà Nội,restaurant,insufficient_service_evidence,0,https://www.openstreetmap.org/node/6046203687,v2-c829c8f3e2414108
osm:node:6046636103,Tượng Đức Mẹ,Hà Nội,historic,insufficient_service_evidence,0,https://www.openstreetmap.org/node/6046636103,v2-c829c8f3e2414108
osm:node:6046688530,Cà Phê Liah's,Hà Nội,cafe,insufficient_service_evidence,0,https://www.openstreetmap.org/node/6046688530,v2-c829c8f3e2414108
osm:node:6049078889,Riva coffee,Đà Nẵng,cafe,insufficient_service_evidence,0,https://www.openstreetmap.org/node/6049078889,v2-c829c8f3e2414108
osm:node:6049079085,400 Cùa Dai,Đà Nẵng,restaurant,insufficient_service_evidence,0,https://www.openstreetmap.org/node/6049079085,v2-c829c8f3e2414108
osm:node:6049182299,Phở Thật,Hà Nội,restaurant,insufficient_service_evidence,0,https://www.openstreetmap.org/node/6049182299,v2-c829c8f3e2414108
osm:node:6051320086,Green Palm Gallery,Hà Nội,gallery,insufficient_service_evidence,0,https://www.openstreetmap.org/node/6051320086,v2-c829c8f3e2414108
osm:node:6052877571,Núi Ngok Linh,Đà Nẵng,nature_area,insufficient_service_evidence,0,https://www.openstreetmap.org/node/6052877571,v2-c829c8f3e2414108
osm:node:6053037215,Nhà Hàng Le Beaulieu,Hà Nội,restaurant,insufficient_service_evidence,0,https://www.openstreetmap.org/node/6053037215,v2-c829c8f3e2414108
osm:node:6053785702,Binh Minh Jazz Club,Hà Nội,attraction,insufficient_service_evidence,0,https://www.openstreetmap.org/node/6053785702,v2-c829c8f3e2414108
osm:node:6079848286,Teddy Garden burgers,Đà Nẵng,restaurant,insufficient_service_evidence,0,https://www.openstreetmap.org/node/6079848286,v2-c829c8f3e2414108
osm:node:6087404571,Bo Bo,Đà Nẵng,restaurant,insufficient_service_evidence,0,https://www.openstreetmap.org/node/6087404571,v2-c829c8f3e2414108
osm:node:6087404572,Hoang Thu,Đà Nẵng,cafe,insufficient_service_evidence,0,https://www.openstreetmap.org/node/6087404572,v2-c829c8f3e2414108
osm:node:6089314164,Dolphin Bar & Kitchen,Đà Nẵng,restaurant,insufficient_service_evidence,0,https://www.openstreetmap.org/node/6089314164,v2-c829c8f3e2414108
osm:node:6091196615,Phan Kim Chi Art Gallery,Đà Nẵng,gallery,insufficient_service_evidence,0,https://www.openstreetmap.org/node/6091196615,v2-c829c8f3e2414108
osm:node:6094494886,Hạnh Riêu Cua Ốc,Hà Nội,restaurant,insufficient_service_evidence,0,https://www.openstreetmap.org/node/6094494886,v2-c829c8f3e2414108
osm:node:6099308589,Chợ Đêm,Đà Nẵng,attraction,weak_or_generic_name,1,https://www.openstreetmap.org/node/6099308589,v2-c829c8f3e2414108
osm:node:6112241785,Cà Phê Dream Beans,Hà Nội,cafe,insufficient_service_evidence,0,https://www.openstreetmap.org/node/6112241785,v2-c829c8f3e2414108
osm:node:6114429391,Bông Hông Trâng,Đà Nẵng,restaurant,insufficient_service_evidence,0,https://www.openstreetmap.org/node/6114429391,v2-c829c8f3e2414108
osm:node:6127555185,Veggie castle,Hà Nội,restaurant,insufficient_service_evidence,0,https://www.openstreetmap.org/node/6127555185,v2-c829c8f3e2414108
osm:node:6133949185,Cà Phê 3k,Hà Nội,cafe,insufficient_service_evidence,0,https://www.openstreetmap.org/node/6133949185,v2-c829c8f3e2414108
osm:node:6136355785,Valhalla grill,Hà Nội,restaurant,insufficient_service_evidence,0,https://www.openstreetmap.org/node/6136355785,v2-c829c8f3e2414108
osm:node:6139814449,Cộng Cà Phê,Hà Nội,cafe,insufficient_service_evidence,0,https://www.openstreetmap.org/node/6139814449,v2-c829c8f3e2414108
osm:node:6142520285,Nhà Hàng Garden House 2,Hà Nội,restaurant,insufficient_service_evidence,0,https://www.openstreetmap.org/node/6142520285,v2-c829c8f3e2414108
osm:node:6146935685,Bún Chå Nem Cua Bê,Hà Nội,restaurant,insufficient_service_evidence,0,https://www.openstreetmap.org/node/6146935685,v2-c829c8f3e2414108
osm:node:6146988786,Nối Café,Đà Nẵng,cafe,insufficient_service_evidence,0,https://www.openstreetmap.org/node/6146988786,v2-c829c8f3e2414108
osm:node:6147088185,Bún Bò Bà Diệu,Đà Nẵng,restaurant,insufficient_service_evidence,0,https://www.openstreetmap.org/node/6147088185,v2-c829c8f3e2414108
osm:node:6151138385,Hội quán Ngũ Bang,Đà Nẵng,temple,insufficient_service_evidence,0,https://www.openstreetmap.org/node/6151138385,v2-c829c8f3e2414108
osm:node:6151185387,Chè Thái Liên,Đà Nẵng,restaurant,insufficient_service_evidence,0,https://www.openstreetmap.org/node/6151185387,v2-c829c8f3e2414108
osm:node:6151186386,Hải sản Năm Đảnh,Đà Nẵng,restaurant,insufficient_service_evidence,0,https://www.openstreetmap.org/node/6151186386,v2-c829c8f3e2414108
osm:node:6151202685,Chè Xuân Trang,Đà Nẵng,restaurant,insufficient_service_evidence,0,https://www.openstreetmap.org/node/6151202685,v2-c829c8f3e2414108
osm:node:6151202686,Yaourt muối Cây Bàng,Đà Nẵng,restaurant,insufficient_service_evidence,0,https://www.openstreetmap.org/node/6151202686,v2-c829c8f3e2414108
osm:node:6152585585,Sữa chua nếp cẩm Cô Phúc,Đà Nẵng,restaurant,insufficient_service_evidence,0,https://www.openstreetmap.org/node/6152585585,v2-c829c8f3e2414108
osm:node:6152615685,Cút lộn me Bà Lanh,Đà Nẵng,restaurant,insufficient_service_evidence,0,https://www.openstreetmap.org/node/6152615685,v2-c829c8f3e2414108
osm:node:6152620185,Bánh bèo Cô Tú Hẻm,Đà Nẵng,restaurant,insufficient_service_evidence,0,https://www.openstreetmap.org/node/6152620185,v2-c829c8f3e2414108
osm:node:6152679485,Quán Mậu - Bánh tráng thịt heo,Đà Nẵng,restaurant,insufficient_service_evidence,0,https://www.openstreetmap.org/node/6152679485,v2-c829c8f3e2414108
osm:node:6152809585,Nha Hang Q&Q,Đà Nẵng,restaurant,insufficient_service_evidence,0,https://www.openstreetmap.org/node/6152809585,v2-c829c8f3e2414108
osm:node:6152907486,Cơm gà (Chicken Rice),Đà Nẵng,restaurant,insufficient_service_evidence,0,https://www.openstreetmap.org/node/6152907486,v2-c829c8f3e2414108
osm:node:6155720189,Nhà Hàng Trung Tâm Rooftop Bar,Hà Nội,restaurant,insufficient_service_evidence,0,https://www.openstreetmap.org/node/6155720189,v2-c829c8f3e2414108
osm:node:6158174786,Basil,Đà Nẵng,restaurant,insufficient_service_evidence,0,https://www.openstreetmap.org/node/6158174786,v2-c829c8f3e2414108
osm:node:6161201219,Dòng Sông Xanh,Đà Nẵng,cafe,insufficient_service_evidence,0,https://www.openstreetmap.org/node/6161201219,v2-c829c8f3e2414108
osm:node:6161201220,Quán Bún Cô Nga,Đà Nẵng,restaurant,insufficient_service_evidence,0,https://www.openstreetmap.org/node/6161201220,v2-c829c8f3e2414108
osm:node:6162359986,Lẩu Hơi Lãng Bạc,Hà Nội,restaurant,insufficient_service_evidence,0,https://www.openstreetmap.org/node/6162359986,v2-c829c8f3e2414108
osm:node:6162869585,Cà Phê Cuối Ngõ,Hà Nội,cafe,insufficient_service_evidence,0,https://www.openstreetmap.org/node/6162869585,v2-c829c8f3e2414108
osm:node:6169695785,Thảo Linh,Hà Nội,restaurant,insufficient_service_evidence,0,https://www.openstreetmap.org/node/6169695785,v2-c829c8f3e2414108
osm:node:6172518285,RuNam,Đà Nẵng,restaurant,insufficient_service_evidence,0,https://www.openstreetmap.org/node/6172518285,v2-c829c8f3e2414108
osm:node:6176851685,tròn,Hà Nội,restaurant,insufficient_service_evidence,0,https://www.openstreetmap.org/node/6176851685,v2-c829c8f3e2414108
osm:node:6176888285,Cà Phê & Nhà Hàng Downtown,Hà Nội,restaurant,insufficient_service_evidence,0,https://www.openstreetmap.org/node/6176888285,v2-c829c8f3e2414108
osm:node:6178444203,Quán ān ty ty,Đà Nẵng,restaurant,insufficient_service_evidence,0,https://www.openstreetmap.org/node/6178444203,v2-c829c8f3e2414108
osm:node:6184420090,Đình Làng Thế Trụ,Hà Nội,temple,insufficient_service_evidence,0,https://www.openstreetmap.org/node/6184420090,v2-c829c8f3e2414108
osm:node:6187320293,Kukun,Đà Nẵng,restaurant,insufficient_service_evidence,0,https://www.openstreetmap.org/node/6187320293,v2-c829c8f3e2414108
osm:node:6187334685,Nhà Hàng 96,Hà Nội,restaurant,insufficient_service_evidence,0,https://www.openstreetmap.org/node/6187334685,v2-c829c8f3e2414108
osm:node:6187831686,Minh Hien,Đà Nẵng,restaurant,insufficient_service_evidence,0,https://www.openstreetmap.org/node/6187831686,v2-c829c8f3e2414108
osm:node:6188987458,K coffee,Đà Nẵng,cafe,insufficient_service_evidence,0,https://www.openstreetmap.org/node/6188987458,v2-c829c8f3e2414108
osm:node:6191887885,Hai Lúa (phố - miền - cơm),Đà Nẵng,restaurant,insufficient_service_evidence,0,https://www.openstreetmap.org/node/6191887885,v2-c829c8f3e2414108
osm:node:6192163686,Cheap and good restaurant,Đà Nẵng,restaurant,insufficient_service_evidence,0,https://www.openstreetmap.org/node/6192163686,v2-c829c8f3e2414108
osm:node:6209227285,Good Banh My,Đà Nẵng,restaurant,insufficient_service_evidence,0,https://www.openstreetmap.org/node/6209227285,v2-c829c8f3e2414108
osm:node:6209501185,vang khe,Hà Nội,restaurant,insufficient_service_evidence,0,https://www.openstreetmap.org/node/6209501185,v2-c829c8f3e2414108
osm:node:6212367385,Xin chao!!,Hà Nội,restaurant,insufficient_service_evidence,0,https://www.openstreetmap.org/node/6212367385,v2-c829c8f3e2414108
osm:node:6224015609,Lotteria,Hà Nội,restaurant,insufficient_service_evidence,0,https://www.openstreetmap.org/node/6224015609,v2-c829c8f3e2414108
osm:node:6228818585,Bánh xèo - Nem cuốn - Quẩy,Hà Nội,restaurant,insufficient_service_evidence,0,https://www.openstreetmap.org/node/6228818585,v2-c829c8f3e2414108
osm:node:6235477385,Cà Phê Huy Hoàng,Hà Nội,cafe,insufficient_service_evidence,0,https://www.openstreetmap.org/node/6235477385,v2-c829c8f3e2414108
osm:node:6237489387,Hoàng Thu,Đà Nẵng,restaurant,insufficient_service_evidence,0,https://www.openstreetmap.org/node/6237489387,v2-c829c8f3e2414108
osm:node:6244230085,well coffee,Đà Nẵng,cafe,insufficient_service_evidence,0,https://www.openstreetmap.org/node/6244230085,v2-c829c8f3e2414108
osm:node:6244257285,Hoi an Patisserie,Đà Nẵng,cafe,insufficient_service_evidence,0,https://www.openstreetmap.org/node/6244257285,v2-c829c8f3e2414108
osm:node:6255746085,Vivienne,Hà Nội,restaurant,insufficient_service_evidence,0,https://www.openstreetmap.org/node/6255746085,v2-c829c8f3e2414108
osm:node:6257200887,Quan Chay,Đà Nẵng,restaurant,insufficient_service_evidence,0,https://www.openstreetmap.org/node/6257200887,v2-c829c8f3e2414108
osm:node:6259384087,Thung Mai Quan Chay,Đà Nẵng,restaurant,insufficient_service_evidence,0,https://www.openstreetmap.org/node/6259384087,v2-c829c8f3e2414108
osm:node:6276364585,Dân tri,Đà Nẵng,restaurant,insufficient_service_evidence,0,https://www.openstreetmap.org/node/6276364585,v2-c829c8f3e2414108
osm:node:6280152385,Co Mai restaurang,Đà Nẵng,restaurant,insufficient_service_evidence,0,https://www.openstreetmap.org/node/6280152385,v2-c829c8f3e2414108
osm:node:6282134029,Miếu Làng Bằng A,Hà Nội,temple,insufficient_service_evidence,0,https://www.openstreetmap.org/node/6282134029,v2-c829c8f3e2414108
osm:node:6282143862,Đình thờ Danh nhân tiên triết Chu Văn An,Hà Nội,temple,insufficient_service_evidence,0,https://www.openstreetmap.org/node/6282143862,v2-c829c8f3e2414108
osm:node:6288275185,Valhalla grill,Hà Nội,restaurant,insufficient_service_evidence,0,https://www.openstreetmap.org/node/6288275185,v2-c829c8f3e2414108
osm:node:6290450885,Cửa Hàng Doner Kebab,Hà Nội,restaurant,insufficient_service_evidence,0,https://www.openstreetmap.org/node/6290450885,v2-c829c8f3e2414108
osm:node:6297025485,Taco Ngon,Đà Nẵng,restaurant,insufficient_service_evidence,0,https://www.openstreetmap.org/node/6297025485,v2-c829c8f3e2414108
osm:node:6298416099,Cafe Lang Moe,Đà Nẵng,cafe,insufficient_service_evidence,0,https://www.openstreetmap.org/node/6298416099,v2-c829c8f3e2414108
osm:node:6304938185,Cà Phê Nga,Hà Nội,cafe,insufficient_service_evidence,0,https://www.openstreetmap.org/node/6304938185,v2-c829c8f3e2414108
osm:node:6310610390,Quán Chay Dam,Đà Nẵng,restaurant,insufficient_service_evidence,0,https://www.openstreetmap.org/node/6310610390,v2-c829c8f3e2414108
osm:node:6313622387,Đồ Ăn Nhanh Kebab Anh Hùng,Hà Nội,restaurant,insufficient_service_evidence,0,https://www.openstreetmap.org/node/6313622387,v2-c829c8f3e2414108
osm:node:6317648886,Com 30k,Đà Nẵng,restaurant,insufficient_service_evidence,0,https://www.openstreetmap.org/node/6317648886,v2-c829c8f3e2414108
osm:node:6324767985,Nhà Hàng Hỏa Lò,Hà Nội,restaurant,insufficient_service_evidence,0,https://www.openstreetmap.org/node/6324767985,v2-c829c8f3e2414108
osm:node:6325568188,Sushis - Fish dance cafe,Đà Nẵng,restaurant,insufficient_service_evidence,0,https://www.openstreetmap.org/node/6325568188,v2-c829c8f3e2414108
osm:node:6326715286,Sushi holic,Hà Nội,restaurant,insufficient_service_evidence,0,https://www.openstreetmap.org/node/6326715286,v2-c829c8f3e2414108
osm:node:6326716386,"Bún Cá, Chá",Hà Nội,restaurant,insufficient_service_evidence,0,https://www.openstreetmap.org/node/6326716386,v2-c829c8f3e2414108
osm:node:6328318486,Chill spot with hammocks,Đà Nẵng,cafe,insufficient_service_evidence,0,https://www.openstreetmap.org/node/6328318486,v2-c829c8f3e2414108
osm:node:6332518185,Miếu Xóm An Mỹ,Đà Nẵng,temple,insufficient_service_evidence,0,https://www.openstreetmap.org/node/6332518185,v2-c829c8f3e2414108
osm:node:6334894587,Cà Phê Hanoi,Hà Nội,cafe,insufficient_service_evidence,0,https://www.openstreetmap.org/node/6334894587,v2-c829c8f3e2414108
osm:node:6335523385,Nhà Hàng Eel Soup,Hà Nội,restaurant,insufficient_service_evidence,0,https://www.openstreetmap.org/node/6335523385,v2-c829c8f3e2414108
osm:node:6337147973,Tin Tin,Đà Nẵng,cafe,insufficient_service_evidence,0,https://www.openstreetmap.org/node/6337147973,v2-c829c8f3e2414108
osm:node:6337147976,Greek Souvlaki,Đà Nẵng,restaurant,insufficient_service_evidence,0,https://www.openstreetmap.org/node/6337147976,v2-c829c8f3e2414108
osm:node:6341340536,Bubble Tea,Đà Nẵng,cafe,insufficient_service_evidence,0,https://www.openstreetmap.org/node/6341340536,v2-c829c8f3e2414108
osm:node:6342469227,Quán Vĩnh,Đà Nẵng,restaurant,insufficient_service_evidence,0,https://www.openstreetmap.org/node/6342469227,v2-c829c8f3e2414108
osm:node:6346457437,Thành hoàng làng,Hà Nội,temple,insufficient_service_evidence,0,https://www.openstreetmap.org/node/6346457437,v2-c829c8f3e2414108
osm:node:6346486685,Cây đa đại thụ,Đà Nẵng,attraction,insufficient_service_evidence,0,https://www.openstreetmap.org/node/6346486685,v2-c829c8f3e2414108
osm:node:6348009201,Kong Cafe,Đà Nẵng,cafe,insufficient_service_evidence,0,https://www.openstreetmap.org/node/6348009201,v2-c829c8f3e2414108
osm:node:6348014013,Madame Ngon,Đà Nẵng,restaurant,insufficient_service_evidence,0,https://www.openstreetmap.org/node/6348014013,v2-c829c8f3e2414108
osm:node:6348025536,Cafe and Drinks,Đà Nẵng,cafe,insufficient_service_evidence,0,https://www.openstreetmap.org/node/6348025536,v2-c829c8f3e2414108
osm:node:6348025566,Coffee Anh Do,Đà Nẵng,cafe,insufficient_service_evidence,0,https://www.openstreetmap.org/node/6348025566,v2-c829c8f3e2414108
osm:node:6348033625,Cay Me,Đà Nẵng,restaurant,insufficient_service_evidence,0,https://www.openstreetmap.org/node/6348033625,v2-c829c8f3e2414108
osm:node:6348643089,Vegetarian Banh My 15k,Hà Nội,restaurant,insufficient_service_evidence,0,https://www.openstreetmap.org/node/6348643089,v2-c829c8f3e2414108
osm:node:6350067907,Anh Do,Đà Nẵng,restaurant,insufficient_service_evidence,0,https://www.openstreetmap.org/node/6350067907,v2-c829c8f3e2414108
osm:node:6354097485,Nhà Hàng Dragoncello,Hà Nội,restaurant,insufficient_service_evidence,0,https://www.openstreetmap.org/node/6354097485,v2-c829c8f3e2414108
osm:node:6356358445,Nhà Hàng Hanoi 1983,Hà Nội,restaurant,insufficient_service_evidence,0,https://www.openstreetmap.org/node/6356358445,v2-c829c8f3e2414108
osm:node:6357894213,Chè Tâm Ý,Đà Nẵng,restaurant,insufficient_service_evidence,0,https://www.openstreetmap.org/node/6357894213,v2-c829c8f3e2414108
osm:node:6357894214,Lotteria,Đà Nẵng,restaurant,insufficient_service_evidence,0,https://www.openstreetmap.org/node/6357894214,v2-c829c8f3e2414108
osm:node:6361078788,Nhà Hàng Mắm,Hà Nội,restaurant,insufficient_service_evidence,0,https://www.openstreetmap.org/node/6361078788,v2-c829c8f3e2414108
osm:node:6361078887,Cà Phê Brother's,Hà Nội,cafe,insufficient_service_evidence,0,https://www.openstreetmap.org/node/6361078887,v2-c829c8f3e2414108
osm:node:6362798786,589 Hoang Dieu,Đà Nẵng,restaurant,insufficient_service_evidence,0,https://www.openstreetmap.org/node/6362798786,v2-c829c8f3e2414108
osm:node:6363596370,Nhà Hàng Fish,Hà Nội,restaurant,insufficient_service_evidence,0,https://www.openstreetmap.org/node/6363596370,v2-c829c8f3e2414108
osm:node:6363671560,Nhà hàng Trúc Lâm,Hà Nội,restaurant,insufficient_service_evidence,0,https://www.openstreetmap.org/node/6363671560,v2-c829c8f3e2414108
osm:node:6366523385,ĐứcMẹTràKiệu,Đà Nẵng,temple,insufficient_service_evidence,0,https://www.openstreetmap.org/node/6366523385,v2-c829c8f3e2414108
osm:node:6369465978,Vietnamese Mother Statue,Đà Nẵng,temple,insufficient_service_evidence,0,https://www.openstreetmap.org/node/6369465978,v2-c829c8f3e2414108
osm:node:6369688515,Nhà truyền thống,Hà Nội,historic,insufficient_service_evidence,0,https://www.openstreetmap.org/node/6369688515,v2-c829c8f3e2414108
osm:node:6370513486,Quan Phuoc Thai - Hai san tuoi song tu chon,Đà Nẵng,restaurant,insufficient_service_evidence,0,https://www.openstreetmap.org/node/6370513486,v2-c829c8f3e2414108
osm:node:6372734486,Duy vinh,Đà Nẵng,attraction,insufficient_service_evidence,0,https://www.openstreetmap.org/node/6372734486,v2-c829c8f3e2414108
osm:node:6380485085,Nhà Hàng Bun Bêbê,Hà Nội,restaurant,insufficient_service_evidence,0,https://www.openstreetmap.org/node/6380485085,v2-c829c8f3e2414108
osm:node:6384815908,Nguyễn Hoàng Nhơn,Đà Nẵng,cafe,insufficient_service_evidence,0,https://www.openstreetmap.org/node/6384815908,v2-c829c8f3e2414108
osm:node:6385048425,Phat Ky,Hà Nội,restaurant,insufficient_service_evidence,0,https://www.openstreetmap.org/node/6385048425,v2-c829c8f3e2414108
osm:node:6385048454,Cà Phê Mayfaire,Hà Nội,cafe,insufficient_service_evidence,0,https://www.openstreetmap.org/node/6385048454,v2-c829c8f3e2414108
osm:node:6388438486,Coffee Buôn,Đà Nẵng,cafe,insufficient_service_evidence,0,https://www.openstreetmap.org/node/6388438486,v2-c829c8f3e2414108
osm:node:6388936746,Cà Phê Mọc,Hà Nội,cafe,insufficient_service_evidence,0,https://www.openstreetmap.org/node/6388936746,v2-c829c8f3e2414108
osm:node:6388936779,Cà Phê Bầu,Hà Nội,cafe,insufficient_service_evidence,0,https://www.openstreetmap.org/node/6388936779,v2-c829c8f3e2414108
osm:node:6393783189,Cà Phê Kin,Hà Nội,cafe,insufficient_service_evidence,0,https://www.openstreetmap.org/node/6393783189,v2-c829c8f3e2414108
osm:node:6393817286,Cà Phê 1988,Hà Nội,cafe,insufficient_service_evidence,0,https://www.openstreetmap.org/node/6393817286,v2-c829c8f3e2414108
osm:node:6400809288,markets’s b&b,Đà Nẵng,cafe,insufficient_service_evidence,0,https://www.openstreetmap.org/node/6400809288,v2-c829c8f3e2414108
osm:node:6402570088,Cửa Hàng Mihimihi,Hà Nội,restaurant,insufficient_service_evidence,0,https://www.openstreetmap.org/node/6402570088,v2-c829c8f3e2414108
osm:node:6402581586,Pho 10,Hà Nội,restaurant,insufficient_service_evidence,0,https://www.openstreetmap.org/node/6402581586,v2-c829c8f3e2414108
osm:node:6402581685,The Little Hanoi Caffe and tea,Hà Nội,cafe,insufficient_service_evidence,0,https://www.openstreetmap.org/node/6402581685,v2-c829c8f3e2414108
osm:node:6413902290,Dung map,Đà Nẵng,restaurant,insufficient_service_evidence,0,https://www.openstreetmap.org/node/6413902290,v2-c829c8f3e2414108
osm:node:6418870085,Nhà Hàng Chick Garden,Hà Nội,restaurant,insufficient_service_evidence,0,https://www.openstreetmap.org/node/6418870085,v2-c829c8f3e2414108
osm:node:6422686392,Melody Coffee,Đà Nẵng,cafe,insufficient_service_evidence,0,https://www.openstreetmap.org/node/6422686392,v2-c829c8f3e2414108
osm:node:6424773086,Cà Phê KOK,Hà Nội,cafe,insufficient_service_evidence,0,https://www.openstreetmap.org/node/6424773086,v2-c829c8f3e2414108
osm:node:6425005085,Bún Riêu Cua Thu,Hà Nội,restaurant,insufficient_service_evidence,0,https://www.openstreetmap.org/node/6425005085,v2-c829c8f3e2414108
osm:node:6429800386,Cha Cha Cake,Hà Nội,cafe,insufficient_service_evidence,0,https://www.openstreetmap.org/node/6429800386,v2-c829c8f3e2414108
osm:node:6429921485,Quán Chay Thanh Tâm,Đà Nẵng,restaurant,insufficient_service_evidence,0,https://www.openstreetmap.org/node/6429921485,v2-c829c8f3e2414108
osm:node:6432302585,Water buffalo,Đà Nẵng,restaurant,insufficient_service_evidence,0,https://www.openstreetmap.org/node/6432302585,v2-c829c8f3e2414108
osm:node:6432355685,Kafa Cafe,Hà Nội,cafe,insufficient_service_evidence,0,https://www.openstreetmap.org/node/6432355685,v2-c829c8f3e2414108
osm:node:6433573987,Laika Café,Hà Nội,cafe,insufficient_service_evidence,0,https://www.openstreetmap.org/node/6433573987,v2-c829c8f3e2414108
osm:node:6440125286,Cafe Nguyên Ly,Đà Nẵng,cafe,insufficient_service_evidence,0,https://www.openstreetmap.org/node/6440125286,v2-c829c8f3e2414108
osm:node:6442982885,Nhà Hàng Home Kitchen,Hà Nội,restaurant,insufficient_service_evidence,0,https://www.openstreetmap.org/node/6442982885,v2-c829c8f3e2414108
osm:node:6448940987,Thắng Hằng (bún chả),Hà Nội,restaurant,insufficient_service_evidence,0,https://www.openstreetmap.org/node/6448940987,v2-c829c8f3e2414108
osm:node:6462514385,Nhà Hàng Cháo Sườn Sụn 101,Hà Nội,restaurant,insufficient_service_evidence,0,https://www.openstreetmap.org/node/6462514385,v2-c829c8f3e2414108
osm:node:6466304585,My Quang Ba Mua,Đà Nẵng,restaurant,insufficient_service_evidence,0,https://www.openstreetmap.org/node/6466304585,v2-c829c8f3e2414108
osm:node:6466509649,Nhà Hàng Dimsum Hongkong,Hà Nội,restaurant,insufficient_service_evidence,0,https://www.openstreetmap.org/node/6466509649,v2-c829c8f3e2414108
osm:node:6466624059,Highlands Coffee,Hà Nội,cafe,insufficient_service_evidence,0,https://www.openstreetmap.org/node/6466624059,v2-c829c8f3e2414108
osm:node:6469566385,Banh xeo Co Ba,Đà Nẵng,restaurant,insufficient_service_evidence,0,https://www.openstreetmap.org/node/6469566385,v2-c829c8f3e2414108
osm:node:6479964400,1986,Đà Nẵng,restaurant,insufficient_service_evidence,0,https://www.openstreetmap.org/node/6479964400,v2-c829c8f3e2414108
osm:node:6480695787,E-Paso,Hà Nội,cafe,insufficient_service_evidence,0,https://www.openstreetmap.org/node/6480695787,v2-c829c8f3e2414108
osm:node:6480695791,Cà Phê Trà Chanh,Hà Nội,cafe,insufficient_service_evidence,0,https://www.openstreetmap.org/node/6480695791,v2-c829c8f3e2414108
osm:node:6480762785,Cà Phê Cham,Hà Nội,cafe,insufficient_service_evidence,0,https://www.openstreetmap.org/node/6480762785,v2-c829c8f3e2414108
osm:node:6480933285,Burger Craft,Đà Nẵng,restaurant,insufficient_service_evidence,0,https://www.openstreetmap.org/node/6480933285,v2-c829c8f3e2414108
osm:node:6482020184,일본건설다리,Đà Nẵng,temple,weak_or_generic_name|insufficient_service_evidence,0,https://www.openstreetmap.org/node/6482020184,v2-c829c8f3e2414108
osm:node:6483119385,Cơm Nấm Việt Hà Thành,Hà Nội,restaurant,insufficient_service_evidence,0,https://www.openstreetmap.org/node/6483119385,v2-c829c8f3e2414108
osm:node:6488009486,CIAO Giang Vo,Hà Nội,restaurant,insufficient_service_evidence,0,https://www.openstreetmap.org/node/6488009486,v2-c829c8f3e2414108
osm:node:6490182686,Hidden Alley,Hà Nội,cafe,insufficient_service_evidence,0,https://www.openstreetmap.org/node/6490182686,v2-c829c8f3e2414108
osm:node:6491366585,Lotteria,Hà Nội,restaurant,insufficient_service_evidence,0,https://www.openstreetmap.org/node/6491366585,v2-c829c8f3e2414108
osm:node:6496942485,Nhà Hàng Dim Sum Đại Hùng,Hà Nội,restaurant,insufficient_service_evidence,0,https://www.openstreetmap.org/node/6496942485,v2-c829c8f3e2414108
osm:node:6505293885,Cà Phê Quang,Hà Nội,cafe,insufficient_service_evidence,0,https://www.openstreetmap.org/node/6505293885,v2-c829c8f3e2414108
osm:node:6510504586,Cà Phê Meo,Hà Nội,cafe,insufficient_service_evidence,0,https://www.openstreetmap.org/node/6510504586,v2-c829c8f3e2414108
osm:node:6512888885,Y Pha Nho cemetery - French-Spanish fallen soldiers,Đà Nẵng,historic,insufficient_service_evidence,0,https://www.openstreetmap.org/node/6512888885,v2-c829c8f3e2414108
osm:node:6513792708,Đình Phục Đán,Đà Nẵng,temple,insufficient_service_evidence,0,https://www.openstreetmap.org/node/6513792708,v2-c829c8f3e2414108
osm:node:6515867786,Bún Riêu Gánh,Hà Nội,restaurant,insufficient_service_evidence,0,https://www.openstreetmap.org/node/6515867786,v2-c829c8f3e2414108
osm:node:6518159595,Tiem Com Mot Ngay Moi,Hà Nội,restaurant,insufficient_service_evidence,0,https://www.openstreetmap.org/node/6518159595,v2-c829c8f3e2414108
osm:node:6518159596,Nhà Hàng Ha Noi Xura,Hà Nội,restaurant,insufficient_service_evidence,0,https://www.openstreetmap.org/node/6518159596,v2-c829c8f3e2414108
osm:node:6518159608,Cao Lau,Đà Nẵng,restaurant,insufficient_service_evidence,0,https://www.openstreetmap.org/node/6518159608,v2-c829c8f3e2414108
osm:node:6518899995,Mì Quảng Đại Lộc,Đà Nẵng,restaurant,insufficient_service_evidence,0,https://www.openstreetmap.org/node/6518899995,v2-c829c8f3e2414108
osm:node:6520610586,Samdi Coffee,Đà Nẵng,cafe,insufficient_service_evidence,0,https://www.openstreetmap.org/node/6520610586,v2-c829c8f3e2414108
osm:node:6520653785,Nhà Hàng Fresh Crab,Hà Nội,restaurant,insufficient_service_evidence,0,https://www.openstreetmap.org/node/6520653785,v2-c829c8f3e2414108
osm:node:6520665188,Thịt Quay Vạn Thanh,Hà Nội,restaurant,insufficient_service_evidence,0,https://www.openstreetmap.org/node/6520665188,v2-c829c8f3e2414108
osm:node:6520986631,Highlands Coffee,Đà Nẵng,cafe,insufficient_service_evidence,0,https://www.openstreetmap.org/node/6520986631,v2-c829c8f3e2414108
osm:node:6521208886,Cà Phê Gotham,Hà Nội,cafe,insufficient_service_evidence,0,https://www.openstreetmap.org/node/6521208886,v2-c829c8f3e2414108
osm:node:6524311185,Không Gian Xanh,Đà Nẵng,restaurant,insufficient_service_evidence,0,https://www.openstreetmap.org/node/6524311185,v2-c829c8f3e2414108
osm:node:6524320292,Bún Bò - Mì Quảng,Đà Nẵng,restaurant,insufficient_service_evidence,0,https://www.openstreetmap.org/node/6524320292,v2-c829c8f3e2414108
osm:node:6525009326,Tiần Lê,Đà Nẵng,restaurant,insufficient_service_evidence,0,https://www.openstreetmap.org/node/6525009326,v2-c829c8f3e2414108
osm:node:6528451001,Cây đa Đò Xu,Đà Nẵng,attraction,insufficient_service_evidence,0,https://www.openstreetmap.org/node/6528451001,v2-c829c8f3e2414108
osm:node:6528451118,Đà Thành,Đà Nẵng,cafe,insufficient_service_evidence,0,https://www.openstreetmap.org/node/6528451118,v2-c829c8f3e2414108
osm:node:6533686688,Sapio Coffee,Hà Nội,cafe,insufficient_service_evidence,0,https://www.openstreetmap.org/node/6533686688,v2-c829c8f3e2414108
osm:node:6533979925,Nhà Hàng Cutisun,Hà Nội,restaurant,insufficient_service_evidence,0,https://www.openstreetmap.org/node/6533979925,v2-c829c8f3e2414108
osm:node:6533984893,Cà Phê Green,Hà Nội,cafe,insufficient_service_evidence,0,https://www.openstreetmap.org/node/6533984893,v2-c829c8f3e2414108
osm:node:6544086586,Nhà Hàng Viako Garden,Hà Nội,restaurant,insufficient_service_evidence,0,https://www.openstreetmap.org/node/6544086586,v2-c829c8f3e2414108
osm:node:6544417155,Sunrise,Đà Nẵng,cafe,insufficient_service_evidence,0,https://www.openstreetmap.org/node/6544417155,v2-c829c8f3e2414108
osm:node:6546220354,Rồng đá,Hà Nội,attraction,insufficient_service_evidence,0,https://www.openstreetmap.org/node/6546220354,v2-c829c8f3e2414108
osm:node:6546414571,Bún Chả Thanh Hà,Hà Nội,restaurant,insufficient_service_evidence,0,https://www.openstreetmap.org/node/6546414571,v2-c829c8f3e2414108
osm:node:6551006685,Nhà Hàng Nabesu,Hà Nội,restaurant,insufficient_service_evidence,0,https://www.openstreetmap.org/node/6551006685,v2-c829c8f3e2414108
osm:node:6551069588,Noble Moment,Hà Nội,restaurant,insufficient_service_evidence,0,https://www.openstreetmap.org/node/6551069588,v2-c829c8f3e2414108
osm:node:6553580441,Green Coffee,Đà Nẵng,cafe,insufficient_service_evidence,0,https://www.openstreetmap.org/node/6553580441,v2-c829c8f3e2414108
osm:node:6560957861,Forest Coffee & Milk Tea,Đà Nẵng,cafe,insufficient_service_evidence,0,https://www.openstreetmap.org/node/6560957861,v2-c829c8f3e2414108
osm:node:6561157585,Le Monde Steak,Hà Nội,restaurant,insufficient_service_evidence,0,https://www.openstreetmap.org/node/6561157585,v2-c829c8f3e2414108
osm:node:6562291992,Nhà Hàng Cà Phê Hub,Hà Nội,restaurant,insufficient_service_evidence,0,https://www.openstreetmap.org/node/6562291992,v2-c829c8f3e2414108
osm:node:6563400562,Coffee 279,Đà Nẵng,cafe,insufficient_service_evidence,0,https://www.openstreetmap.org/node/6563400562,v2-c829c8f3e2414108
osm:node:6563961976,Highlands Coffee,Đà Nẵng,cafe,insufficient_service_evidence,0,https://www.openstreetmap.org/node/6563961976,v2-c829c8f3e2414108
osm:node:6565918086,Am Mị Châu,Hà Nội,temple,insufficient_service_evidence,0,https://www.openstreetmap.org/node/6565918086,v2-c829c8f3e2414108
osm:node:6570954851,Molly's,Đà Nẵng,cafe,insufficient_service_evidence,0,https://www.openstreetmap.org/node/6570954851,v2-c829c8f3e2414108
osm:node:6572623644,Phở Hợp,Hà Nội,restaurant,insufficient_service_evidence,0,https://www.openstreetmap.org/node/6572623644,v2-c829c8f3e2414108
osm:node:6579724624,Đền Hội Thống,Hà Nội,temple,insufficient_service_evidence,0,https://www.openstreetmap.org/node/6579724624,v2-c829c8f3e2414108
osm:node:6581613985,Cửa Hàng Doner Kebab,Hà Nội,restaurant,insufficient_service_evidence,0,https://www.openstreetmap.org/node/6581613985,v2-c829c8f3e2414108
osm:node:6581664929,Đền Trung Hạ,Hà Nội,temple,insufficient_service_evidence,0,https://www.openstreetmap.org/node/6581664929,v2-c829c8f3e2414108
osm:node:6600726754,Cà Phê Buddha Tarot,Hà Nội,cafe,insufficient_service_evidence,0,https://www.openstreetmap.org/node/6600726754,v2-c829c8f3e2414108
osm:node:6600726758,Cửa Hàng Ăn Nhanh M' Tacos,Hà Nội,restaurant,insufficient_service_evidence,0,https://www.openstreetmap.org/node/6600726758,v2-c829c8f3e2414108
osm:node:6600935365,VPRESSO COFFEE,Hà Nội,cafe,insufficient_service_evidence,0,https://www.openstreetmap.org/node/6600935365,v2-c829c8f3e2414108
osm:node:6602466805,Chao,Đà Nẵng,restaurant,insufficient_service_evidence,0,https://www.openstreetmap.org/node/6602466805,v2-c829c8f3e2414108
osm:node:6602470279,Phiêu,Hà Nội,cafe,insufficient_service_evidence,0,https://www.openstreetmap.org/node/6602470279,v2-c829c8f3e2414108
osm:node:6602483403,Square Food Restaurant,Đà Nẵng,restaurant,insufficient_service_evidence,0,https://www.openstreetmap.org/node/6602483403,v2-c829c8f3e2414108
osm:node:6602491457,Cửa Hàng Bánh Mì Hội An,Hà Nội,restaurant,insufficient_service_evidence,0,https://www.openstreetmap.org/node/6602491457,v2-c829c8f3e2414108
osm:node:6603275733,Nhà Hàng 92 Garden,Hà Nội,restaurant,insufficient_service_evidence,0,https://www.openstreetmap.org/node/6603275733,v2-c829c8f3e2414108
osm:node:6603990855,Phuc Long,Hà Nội,cafe,insufficient_service_evidence,0,https://www.openstreetmap.org/node/6603990855,v2-c829c8f3e2414108
osm:node:6605676242,Cà Phê 22,Hà Nội,cafe,insufficient_service_evidence,0,https://www.openstreetmap.org/node/6605676242,v2-c829c8f3e2414108
osm:node:6609648487,Songhan BBQ,Hà Nội,restaurant,insufficient_service_evidence,0,https://www.openstreetmap.org/node/6609648487,v2-c829c8f3e2414108
osm:node:6609648488,Nhà Hàng Good Sun,Hà Nội,restaurant,insufficient_service_evidence,0,https://www.openstreetmap.org/node/6609648488,v2-c829c8f3e2414108
osm:node:6609660791,Cà Phê Aha,Hà Nội,cafe,insufficient_service_evidence,0,https://www.openstreetmap.org/node/6609660791,v2-c829c8f3e2414108
osm:node:6611456185,Ốc Bông Quán,Hà Nội,restaurant,insufficient_service_evidence,0,https://www.openstreetmap.org/node/6611456185,v2-c829c8f3e2414108
osm:node:6611606687,Nhà Hàng Al Fresco's,Hà Nội,restaurant,insufficient_service_evidence,0,https://www.openstreetmap.org/node/6611606687,v2-c829c8f3e2414108
osm:node:6611696185,KFC,Hà Nội,restaurant,weak_or_generic_name|insufficient_service_evidence,0,https://www.openstreetmap.org/node/6611696185,v2-c829c8f3e2414108
osm:node:6612623371,Đài Liệt Sĩ Phường Bồ Đề,Hà Nội,historic,insufficient_service_evidence,0,https://www.openstreetmap.org/node/6612623371,v2-c829c8f3e2414108
osm:node:6612640826,Đài Tưởng Niệm Liệt Sĩ,Hà Nội,historic,insufficient_service_evidence,0,https://www.openstreetmap.org/node/6612640826,v2-c829c8f3e2414108
osm:node:6612988434,Bia Tưởng Niệm Liệt Sĩ,Hà Nội,historic,insufficient_service_evidence,0,https://www.openstreetmap.org/node/6612988434,v2-c829c8f3e2414108
osm:node:6616671217,Phở Đường Tăng,Hà Nội,restaurant,insufficient_service_evidence,0,https://www.openstreetmap.org/node/6616671217,v2-c829c8f3e2414108
osm:node:6616774268,The Taj,Hà Nội,restaurant,insufficient_service_evidence,0,https://www.openstreetmap.org/node/6616774268,v2-c829c8f3e2414108
osm:node:6617189371,Thai Market,Đà Nẵng,restaurant,insufficient_service_evidence,0,https://www.openstreetmap.org/node/6617189371,v2-c829c8f3e2414108
osm:node:6617387576,Cà Phê Events,Hà Nội,cafe,insufficient_service_evidence,0,https://www.openstreetmap.org/node/6617387576,v2-c829c8f3e2414108
osm:node:6617783881,Zin Cafe,Hà Nội,cafe,insufficient_service_evidence,0,https://www.openstreetmap.org/node/6617783881,v2-c829c8f3e2414108
osm:node:6621163197,Hồng Trà Ngô Gia,Hà Nội,cafe,insufficient_service_evidence,0,https://www.openstreetmap.org/node/6621163197,v2-c829c8f3e2414108
osm:node:6627739386,Casa Tan my,Đà Nẵng,attraction,insufficient_service_evidence,0,https://www.openstreetmap.org/node/6627739386,v2-c829c8f3e2414108
osm:node:6628638085,Nhà Hàng Hương Mai,Hà Nội,restaurant,insufficient_service_evidence,0,https://www.openstreetmap.org/node/6628638085,v2-c829c8f3e2414108
osm:node:6631591487,BBQ Un In,Đà Nẵng,restaurant,insufficient_service_evidence,0,https://www.openstreetmap.org/node/6631591487,v2-c829c8f3e2414108
osm:node:6631654131,Cà Phê T3,Hà Nội,cafe,insufficient_service_evidence,0,https://www.openstreetmap.org/node/6631654131,v2-c829c8f3e2414108
osm:node:6632062624,Cà Phê 37,Hà Nội,cafe,insufficient_service_evidence,0,https://www.openstreetmap.org/node/6632062624,v2-c829c8f3e2414108
osm:node:6634700021,Papa’s Coffee,Đà Nẵng,cafe,insufficient_service_evidence,0,https://www.openstreetmap.org/node/6634700021,v2-c829c8f3e2414108
osm:node:6634800266,Wind & Moon,Đà Nẵng,restaurant,insufficient_service_evidence,0,https://www.openstreetmap.org/node/6634800266,v2-c829c8f3e2414108
osm:node:6638267047,One Piece,Hà Nội,restaurant,insufficient_service_evidence,0,https://www.openstreetmap.org/node/6638267047,v2-c829c8f3e2414108
osm:node:6638909104,Cà Phê Đào Đình,Hà Nội,cafe,insufficient_service_evidence,0,https://www.openstreetmap.org/node/6638909104,v2-c829c8f3e2414108
osm:node:6640326787,Nhà Hàng Local,Hà Nội,restaurant,insufficient_service_evidence,0,https://www.openstreetmap.org/node/6640326787,v2-c829c8f3e2414108
osm:node:6640913832,Bún cá Văn,Hà Nội,restaurant,insufficient_service_evidence,0,https://www.openstreetmap.org/node/6640913832,v2-c829c8f3e2414108
osm:node:6641719844,Cà Phê 708,Hà Nội,cafe,insufficient_service_evidence,0,https://www.openstreetmap.org/node/6641719844,v2-c829c8f3e2414108
osm:node:6643877703,Cà Phê 131,Hà Nội,cafe,insufficient_service_evidence,0,https://www.openstreetmap.org/node/6643877703,v2-c829c8f3e2414108
osm:node:6644038282,VP5 New Epoch 6,Hà Nội,cafe,insufficient_service_evidence,0,https://www.openstreetmap.org/node/6644038282,v2-c829c8f3e2414108
osm:node:6651901849,Cofy,Hà Nội,cafe,insufficient_service_evidence,0,https://www.openstreetmap.org/node/6651901849,v2-c829c8f3e2414108
osm:node:6652587509,GoGi House,Đà Nẵng,restaurant,insufficient_service_evidence,0,https://www.openstreetmap.org/node/6652587509,v2-c829c8f3e2414108
osm:node:6652587510,Kichi-Kichi,Đà Nẵng,restaurant,insufficient_service_evidence,0,https://www.openstreetmap.org/node/6652587510,v2-c829c8f3e2414108
osm:node:6656456339,Kaiba Sushi Việt Nam,Hà Nội,restaurant,insufficient_service_evidence,0,https://www.openstreetmap.org/node/6656456339,v2-c829c8f3e2414108
osm:node:6657842582,Cà Phê Maxx,Hà Nội,cafe,insufficient_service_evidence,0,https://www.openstreetmap.org/node/6657842582,v2-c829c8f3e2414108
osm:node:6658017286,ToCoToCo,Hà Nội,restaurant,insufficient_service_evidence,0,https://www.openstreetmap.org/node/6658017286,v2-c829c8f3e2414108
osm:node:6658026112,KFC,Hà Nội,restaurant,weak_or_generic_name|insufficient_service_evidence,0,https://www.openstreetmap.org/node/6658026112,v2-c829c8f3e2414108
osm:node:6658873504,Lotteria,Hà Nội,restaurant,insufficient_service_evidence,0,https://www.openstreetmap.org/node/6658873504,v2-c829c8f3e2414108
osm:node:6658873511,KFC,Hà Nội,restaurant,weak_or_generic_name,2,https://www.openstreetmap.org/node/6658873511,v2-c829c8f3e2414108
osm:node:6660364585,Viewpoint lake,Đà Nẵng,viewpoint,insufficient_service_evidence,0,https://www.openstreetmap.org/node/6660364585,v2-c829c8f3e2414108
osm:node:6670499436,Cà Phê Erato,Hà Nội,cafe,insufficient_service_evidence,0,https://www.openstreetmap.org/node/6670499436,v2-c829c8f3e2414108
osm:node:6670760408,Cà Phê 102,Hà Nội,cafe,insufficient_service_evidence,0,https://www.openstreetmap.org/node/6670760408,v2-c829c8f3e2414108
osm:node:6675647538,KFC,Đà Nẵng,restaurant,weak_or_generic_name|insufficient_service_evidence,0,https://www.openstreetmap.org/node/6675647538,v2-c829c8f3e2414108
osm:node:6677388085,Nhà thờ Giáo xứ Giảng Võ,Hà Nội,temple,insufficient_service_evidence,0,https://www.openstreetmap.org/node/6677388085,v2-c829c8f3e2414108
osm:node:6678249499,Pureza,Đà Nẵng,cafe,insufficient_service_evidence,0,https://www.openstreetmap.org/node/6678249499,v2-c829c8f3e2414108
osm:node:6679645374,SUSHI GARDEN - NHÀ HÀNG NHẬT BẢN,Hà Nội,restaurant,insufficient_service_evidence,0,https://www.openstreetmap.org/node/6679645374,v2-c829c8f3e2414108
osm:node:6679685131,Cà Phê Gemax,Hà Nội,cafe,insufficient_service_evidence,0,https://www.openstreetmap.org/node/6679685131,v2-c829c8f3e2414108
osm:node:6679712288,Phở Lý Quốc Sư,Hà Nội,restaurant,insufficient_service_evidence,0,https://www.openstreetmap.org/node/6679712288,v2-c829c8f3e2414108
osm:node:6679881359,Cherry Coffee,Đà Nẵng,cafe,insufficient_service_evidence,0,https://www.openstreetmap.org/node/6679881359,v2-c829c8f3e2414108
osm:node:6680247851,Highlands Coffee,Đà Nẵng,cafe,insufficient_service_evidence,0,https://www.openstreetmap.org/node/6680247851,v2-c829c8f3e2414108
osm:node:6681015018,Mr. Banh Mi,Đà Nẵng,restaurant,insufficient_service_evidence,0,https://www.openstreetmap.org/node/6681015018,v2-c829c8f3e2414108
osm:node:6681348985,Nhà Hàng Món Huế,Hà Nội,restaurant,insufficient_service_evidence,0,https://www.openstreetmap.org/node/6681348985,v2-c829c8f3e2414108
osm:node:6682508516,Nhà Hàng Grill Mapa,Hà Nội,restaurant,insufficient_service_evidence,0,https://www.openstreetmap.org/node/6682508516,v2-c829c8f3e2414108
osm:node:6684647589,Cà Phê Kafa,Hà Nội,cafe,insufficient_service_evidence,0,https://www.openstreetmap.org/node/6684647589,v2-c829c8f3e2414108
osm:node:6685192250,Cà Phê Phố Xưa,Hà Nội,cafe,insufficient_service_evidence,0,https://www.openstreetmap.org/node/6685192250,v2-c829c8f3e2414108
osm:node:6685404399,Viet Mark,Hà Nội,market,insufficient_service_evidence,0,https://www.openstreetmap.org/node/6685404399,v2-c829c8f3e2414108
osm:node:6685528631,Aventus Coffee,Hà Nội,cafe,insufficient_service_evidence,0,https://www.openstreetmap.org/node/6685528631,v2-c829c8f3e2414108
osm:node:6688119238,nohu xoak·win,Hà Nội,cafe,insufficient_service_evidence,0,https://www.openstreetmap.org/node/6688119238,v2-c829c8f3e2414108
osm:node:6689625508,Nộm Mai Nga,Hà Nội,restaurant,insufficient_service_evidence,0,https://www.openstreetmap.org/node/6689625508,v2-c829c8f3e2414108
osm:node:6691284967,Cà Phê Góc Phố,Hà Nội,cafe,insufficient_service_evidence,0,https://www.openstreetmap.org/node/6691284967,v2-c829c8f3e2414108
osm:node:6693830420,Trung Hoa Đệ Nhất Sủi Cảo,Hà Nội,restaurant,insufficient_service_evidence,0,https://www.openstreetmap.org/node/6693830420,v2-c829c8f3e2414108
osm:node:6694131285,Cà Phê DC,Hà Nội,cafe,insufficient_service_evidence,0,https://www.openstreetmap.org/node/6694131285,v2-c829c8f3e2414108
osm:node:6694170141,Noble Moment Café,Hà Nội,cafe,insufficient_service_evidence,0,https://www.openstreetmap.org/node/6694170141,v2-c829c8f3e2414108
osm:node:6696115885,Nhà Hàng Lanterne,Hà Nội,restaurant,insufficient_service_evidence,0,https://www.openstreetmap.org/node/6696115885,v2-c829c8f3e2414108
osm:node:6696115987,herbs and spices cooking classes,Đà Nẵng,restaurant,insufficient_service_evidence,0,https://www.openstreetmap.org/node/6696115987,v2-c829c8f3e2414108
osm:node:6698271431,Highlands Coffee,Đà Nẵng,cafe,insufficient_service_evidence,0,https://www.openstreetmap.org/node/6698271431,v2-c829c8f3e2414108
osm:node:6698378750,Star Cafe,Đà Nẵng,cafe,insufficient_service_evidence,0,https://www.openstreetmap.org/node/6698378750,v2-c829c8f3e2414108
osm:node:6698378755,Burger King,Đà Nẵng,restaurant,insufficient_service_evidence,0,https://www.openstreetmap.org/node/6698378755,v2-c829c8f3e2414108
osm:node:6698878885,Nhà Hàng Cugini,Hà Nội,restaurant,insufficient_service_evidence,0,https://www.openstreetmap.org/node/6698878885,v2-c829c8f3e2414108
osm:node:6699204786,Bố Đế Quán,Hà Nội,restaurant,insufficient_service_evidence,0,https://www.openstreetmap.org/node/6699204786,v2-c829c8f3e2414108
osm:node:6702180256,Nhà Hàng Mr Lee's Snack Bar,Hà Nội,restaurant,insufficient_service_evidence,0,https://www.openstreetmap.org/node/6702180256,v2-c829c8f3e2414108
osm:node:6705413677,Dua Viet,Đà Nẵng,restaurant,insufficient_service_evidence,0,https://www.openstreetmap.org/node/6705413677,v2-c829c8f3e2414108
osm:node:6705528525,Chợ Cô Dần - Cơm Sườn & Phá Lấu,Hà Nội,restaurant,insufficient_service_evidence,0,https://www.openstreetmap.org/node/6705528525,v2-c829c8f3e2414108
osm:node:6707403387,Cầu Thong Tiêu,Hà Nội,attraction,insufficient_service_evidence,0,https://www.openstreetmap.org/node/6707403387,v2-c829c8f3e2414108
osm:node:6707911785,Duyên,Đà Nẵng,restaurant,insufficient_service_evidence,0,https://www.openstreetmap.org/node/6707911785,v2-c829c8f3e2414108
osm:node:6707981385,Oc Duyên,Đà Nẵng,restaurant,insufficient_service_evidence,0,https://www.openstreetmap.org/node/6707981385,v2-c829c8f3e2414108
osm:node:6711375785,Khamy Cafe,Đà Nẵng,cafe,insufficient_service_evidence,0,https://www.openstreetmap.org/node/6711375785,v2-c829c8f3e2414108
osm:node:6728910455,Nhà hàng Wen Xing HongKong,Hà Nội,restaurant,insufficient_service_evidence,0,https://www.openstreetmap.org/node/6728910455,v2-c829c8f3e2414108
osm:node:6742138876,Cà Phê Cô Hàng Xóm,Hà Nội,cafe,insufficient_service_evidence,0,https://www.openstreetmap.org/node/6742138876,v2-c829c8f3e2414108
osm:node:6742138884,Phở Minh - Phở Gánh Hà Nội Xưa,Hà Nội,restaurant,insufficient_service_evidence,0,https://www.openstreetmap.org/node/6742138884,v2-c829c8f3e2414108
osm:node:6751621885,Quán Lẩu Bò,Hà Nội,restaurant,insufficient_service_evidence,0,https://www.openstreetmap.org/node/6751621885,v2-c829c8f3e2414108
osm:node:6751770911,Smile Coffee,Hà Nội,cafe,insufficient_service_evidence,0,https://www.openstreetmap.org/node/6751770911,v2-c829c8f3e2414108
osm:node:6769599588,Cuisine D'annam Rsetaurant & Cafe,Đà Nẵng,restaurant,insufficient_service_evidence,0,https://www.openstreetmap.org/node/6769599588,v2-c829c8f3e2414108
osm:node:6786458285,Limocello,Đà Nẵng,restaurant,insufficient_service_evidence,0,https://www.openstreetmap.org/node/6786458285,v2-c829c8f3e2414108
osm:node:6798156542,Cà Phê Almond,Hà Nội,cafe,insufficient_service_evidence,0,https://www.openstreetmap.org/node/6798156542,v2-c829c8f3e2414108
osm:node:6801247418,Cafe Bảo Tàng Thiên Nhiên,Hà Nội,cafe,insufficient_service_evidence,0,https://www.openstreetmap.org/node/6801247418,v2-c829c8f3e2414108
osm:node:6801247419,Bảo tàng Thiên nhiên Việt Nam,Hà Nội,museum,insufficient_service_evidence,1,https://www.openstreetmap.org/node/6801247419,v2-c829c8f3e2414108
osm:node:6801285895,Nhà Hàng Cousins,Hà Nội,restaurant,insufficient_service_evidence,0,https://www.openstreetmap.org/node/6801285895,v2-c829c8f3e2414108
osm:node:6804757885,Art for Life coffe,Đà Nẵng,cafe,insufficient_service_evidence,0,https://www.openstreetmap.org/node/6804757885,v2-c829c8f3e2414108
osm:node:6807367429,Cà Phê La Ka,Hà Nội,cafe,insufficient_service_evidence,0,https://www.openstreetmap.org/node/6807367429,v2-c829c8f3e2414108
osm:node:6807375326,Nhà Hàng Sio Sushi,Hà Nội,restaurant,insufficient_service_evidence,0,https://www.openstreetmap.org/node/6807375326,v2-c829c8f3e2414108
osm:node:6811824695,Nhà Hàng & Cà Phê Joc,Hà Nội,restaurant,insufficient_service_evidence,0,https://www.openstreetmap.org/node/6811824695,v2-c829c8f3e2414108
osm:node:6811944354,Highlands Coffee,Hà Nội,cafe,insufficient_service_evidence,0,https://www.openstreetmap.org/node/6811944354,v2-c829c8f3e2414108
osm:node:6811944355,Cà Phê Lack Tack,Hà Nội,cafe,insufficient_service_evidence,0,https://www.openstreetmap.org/node/6811944355,v2-c829c8f3e2414108
osm:node:6811944356,Piano Cafe,Hà Nội,cafe,insufficient_service_evidence,0,https://www.openstreetmap.org/node/6811944356,v2-c829c8f3e2414108
osm:node:6811944358,Cửa Hàng Alo Bami - Breads & Drinks,Hà Nội,restaurant,insufficient_service_evidence,0,https://www.openstreetmap.org/node/6811944358,v2-c829c8f3e2414108
osm:node:6811944359,Phở Thiện,Hà Nội,restaurant,insufficient_service_evidence,0,https://www.openstreetmap.org/node/6811944359,v2-c829c8f3e2414108
osm:node:6813391168,Cà Phê Athena,Hà Nội,cafe,insufficient_service_evidence,0,https://www.openstreetmap.org/node/6813391168,v2-c829c8f3e2414108
osm:node:6813411886,Giáo họ Thạnh Mỹ - Giáo phận Đà Nẵng,Đà Nẵng,temple,insufficient_service_evidence,0,https://www.openstreetmap.org/node/6813411886,v2-c829c8f3e2414108
osm:node:6813490789,NGO,Đà Nẵng,cafe,weak_or_generic_name|insufficient_service_evidence,0,https://www.openstreetmap.org/node/6813490789,v2-c829c8f3e2414108
osm:node:6818210326,Top of Hanoi,Hà Nội,restaurant,insufficient_service_evidence,0,https://www.openstreetmap.org/node/6818210326,v2-c829c8f3e2414108
osm:node:6822174389,Cơm 123,Hà Nội,restaurant,insufficient_service_evidence,0,https://www.openstreetmap.org/node/6822174389,v2-c829c8f3e2414108
osm:node:6842653487,Tâm Chay,Hà Nội,restaurant,insufficient_service_evidence,0,https://www.openstreetmap.org/node/6842653487,v2-c829c8f3e2414108
osm:node:6842888086,Quán Cà Phê 1945,Hà Nội,cafe,insufficient_service_evidence,0,https://www.openstreetmap.org/node/6842888086,v2-c829c8f3e2414108
osm:node:6846162967,The Coffee House,Hà Nội,cafe,insufficient_service_evidence,0,https://www.openstreetmap.org/node/6846162967,v2-c829c8f3e2414108
osm:node:6846162970,Cộng Cà Phê,Hà Nội,cafe,insufficient_service_evidence,0,https://www.openstreetmap.org/node/6846162970,v2-c829c8f3e2414108
osm:node:6846162971,Nhà Hàng GoGi House,Hà Nội,restaurant,insufficient_service_evidence,0,https://www.openstreetmap.org/node/6846162971,v2-c829c8f3e2414108
osm:node:6846162972,Pizza Hut,Hà Nội,restaurant,insufficient_service_evidence,0,https://www.openstreetmap.org/node/6846162972,v2-c829c8f3e2414108
osm:node:6846224624,Nhà Hàng Kichi Kichi Linh Đàm,Hà Nội,restaurant,insufficient_service_evidence,0,https://www.openstreetmap.org/node/6846224624,v2-c829c8f3e2414108
osm:node:6846267429,Tượng Alexandre Yersin,Hà Nội,historic,insufficient_service_evidence,0,https://www.openstreetmap.org/node/6846267429,v2-c829c8f3e2414108
osm:node:6849218729,Đình Tứ Kỳ,Hà Nội,temple,insufficient_service_evidence,0,https://www.openstreetmap.org/node/6849218729,v2-c829c8f3e2414108
osm:node:6854811085,quan pho tuan anh,Đà Nẵng,restaurant,insufficient_service_evidence,0,https://www.openstreetmap.org/node/6854811085,v2-c829c8f3e2414108
osm:node:6856563729,Cà Phê Aha,Hà Nội,cafe,insufficient_service_evidence,0,https://www.openstreetmap.org/node/6856563729,v2-c829c8f3e2414108
osm:node:6856563730,Lẩu Cua Đồng Hai Lạc,Hà Nội,restaurant,insufficient_service_evidence,0,https://www.openstreetmap.org/node/6856563730,v2-c829c8f3e2414108
osm:node:6860578686,Cafe Long,Đà Nẵng,cafe,insufficient_service_evidence,0,https://www.openstreetmap.org/node/6860578686,v2-c829c8f3e2414108
osm:node:6863053585,Cafe Tranh Cat Bui Restaurant,Đà Nẵng,restaurant,insufficient_service_evidence,0,https://www.openstreetmap.org/node/6863053585,v2-c829c8f3e2414108
osm:node:6865517248,Nhà Hàng Binh Chung,Hà Nội,restaurant,insufficient_service_evidence,0,https://www.openstreetmap.org/node/6865517248,v2-c829c8f3e2414108
osm:node:6873081198,Nhà Hàng Chusa,Hà Nội,restaurant,insufficient_service_evidence,0,https://www.openstreetmap.org/node/6873081198,v2-c829c8f3e2414108
osm:node:6873083889,Tre & Gô - Bamboo and Wood,Đà Nẵng,restaurant,insufficient_service_evidence,0,https://www.openstreetmap.org/node/6873083889,v2-c829c8f3e2414108
osm:node:6873083990,Lantern street,Đà Nẵng,attraction,insufficient_service_evidence,1,https://www.openstreetmap.org/node/6873083990,v2-c829c8f3e2414108
osm:node:6880982195,McDonald's,Hà Nội,restaurant,insufficient_service_evidence,0,https://www.openstreetmap.org/node/6880982195,v2-c829c8f3e2414108
osm:node:6880982196,McDonald's,Hà Nội,restaurant,insufficient_service_evidence,0,https://www.openstreetmap.org/node/6880982196,v2-c829c8f3e2414108
osm:node:6880982198,McDonald's,Hà Nội,restaurant,insufficient_service_evidence,0,https://www.openstreetmap.org/node/6880982198,v2-c829c8f3e2414108
osm:node:6882889996,Vũ Kiều Tú / Sen Trang An / Cumulus,Hà Nội,restaurant,insufficient_service_evidence,0,https://www.openstreetmap.org/node/6882889996,v2-c829c8f3e2414108
osm:node:6892599587,Quan Cao Lau Ba Le,Đà Nẵng,restaurant,insufficient_service_evidence,0,https://www.openstreetmap.org/node/6892599587,v2-c829c8f3e2414108
osm:node:6904450115,Umiga,Hà Nội,restaurant,insufficient_service_evidence,0,https://www.openstreetmap.org/node/6904450115,v2-c829c8f3e2414108
osm:node:6911968086,Banh Mi,Đà Nẵng,restaurant,insufficient_service_evidence,0,https://www.openstreetmap.org/node/6911968086,v2-c829c8f3e2414108
osm:node:6913191587,Cà Phê Green Life,Hà Nội,cafe,insufficient_service_evidence,0,https://www.openstreetmap.org/node/6913191587,v2-c829c8f3e2414108
osm:node:6914357685,Cà Phê Affett,Hà Nội,cafe,insufficient_service_evidence,0,https://www.openstreetmap.org/node/6914357685,v2-c829c8f3e2414108
osm:node:6917941497,Bánh Mì Thanh Tâm,Hà Nội,restaurant,insufficient_service_evidence,0,https://www.openstreetmap.org/node/6917941497,v2-c829c8f3e2414108
osm:node:6917941539,Sam Cam,Hà Nội,restaurant,insufficient_service_evidence,0,https://www.openstreetmap.org/node/6917941539,v2-c829c8f3e2414108
osm:node:6917941552,Cà Phê Ly,Hà Nội,cafe,insufficient_service_evidence,0,https://www.openstreetmap.org/node/6917941552,v2-c829c8f3e2414108
osm:node:6919278357,Cà Phê Ma Xo,Hà Nội,cafe,insufficient_service_evidence,0,https://www.openstreetmap.org/node/6919278357,v2-c829c8f3e2414108
osm:node:6919616659,Gong Cha,Hà Nội,cafe,insufficient_service_evidence,0,https://www.openstreetmap.org/node/6919616659,v2-c829c8f3e2414108
osm:node:6924038649,Tokyo deli,Hà Nội,restaurant,insufficient_service_evidence,0,https://www.openstreetmap.org/node/6924038649,v2-c829c8f3e2414108
osm:node:6924044103,Cà Phê 85,Hà Nội,cafe,insufficient_service_evidence,0,https://www.openstreetmap.org/node/6924044103,v2-c829c8f3e2414108
osm:node:6924044135,Hieu,Hà Nội,cafe,insufficient_service_evidence,0,https://www.openstreetmap.org/node/6924044135,v2-c829c8f3e2414108
osm:node:6929060211,Làng Bia Quán Mộc,Hà Nội,restaurant,insufficient_service_evidence,0,https://www.openstreetmap.org/node/6929060211,v2-c829c8f3e2414108
osm:node:6939015485,Bup Café,Đà Nẵng,restaurant,insufficient_service_evidence,0,https://www.openstreetmap.org/node/6939015485,v2-c829c8f3e2414108
osm:node:6956741551,Cửa Hàng Burger & Buns,Hà Nội,restaurant,insufficient_service_evidence,0,https://www.openstreetmap.org/node/6956741551,v2-c829c8f3e2414108
osm:node:6957615503,Nhà Hàng Minci,Hà Nội,restaurant,insufficient_service_evidence,0,https://www.openstreetmap.org/node/6957615503,v2-c829c8f3e2414108
osm:node:6957667188,Bún Chả Đắc Kim,Hà Nội,restaurant,insufficient_service_evidence,0,https://www.openstreetmap.org/node/6957667188,v2-c829c8f3e2414108
osm:node:6966288908,Cô hiên,Đà Nẵng,restaurant,insufficient_service_evidence,0,https://www.openstreetmap.org/node/6966288908,v2-c829c8f3e2414108
osm:node:6966288909,Đoi gio,Đà Nẵng,restaurant,insufficient_service_evidence,0,https://www.openstreetmap.org/node/6966288909,v2-c829c8f3e2414108
osm:node:6975273686,saint-Honore,Đà Nẵng,restaurant,insufficient_service_evidence,0,https://www.openstreetmap.org/node/6975273686,v2-c829c8f3e2414108
osm:node:6975785986,Nhà Hàng Bodhi,Hà Nội,restaurant,insufficient_service_evidence,0,https://www.openstreetmap.org/node/6975785986,v2-c829c8f3e2414108
osm:node:6976178457,KFC,Đà Nẵng,restaurant,weak_or_generic_name|insufficient_service_evidence,0,https://www.openstreetmap.org/node/6976178457,v2-c829c8f3e2414108
osm:node:6976180285,Cà Phê Hanoi 1990,Hà Nội,cafe,insufficient_service_evidence,0,https://www.openstreetmap.org/node/6976180285,v2-c829c8f3e2414108
osm:node:7005924186,Nhà Hánh,Đà Nẵng,restaurant,insufficient_service_evidence,0,https://www.openstreetmap.org/node/7005924186,v2-c829c8f3e2414108
osm:node:7012076142,Nhà Hàng Mai Ly 63,Hà Nội,restaurant,insufficient_service_evidence,0,https://www.openstreetmap.org/node/7012076142,v2-c829c8f3e2414108
osm:node:7013061485,Nhà Hàng Jackbo,Hà Nội,restaurant,insufficient_service_evidence,0,https://www.openstreetmap.org/node/7013061485,v2-c829c8f3e2414108
osm:node:7019044914,The N°3 coffee,Hà Nội,cafe,insufficient_service_evidence,0,https://www.openstreetmap.org/node/7019044914,v2-c829c8f3e2414108
osm:node:7019049229,Cà Phê An,Hà Nội,cafe,insufficient_service_evidence,0,https://www.openstreetmap.org/node/7019049229,v2-c829c8f3e2414108
osm:node:7022966185,Cà Phê Aha,Hà Nội,cafe,insufficient_service_evidence,0,https://www.openstreetmap.org/node/7022966185,v2-c829c8f3e2414108
osm:node:7025533318,Giang Nam Restaurant,Hà Nội,restaurant,insufficient_service_evidence,0,https://www.openstreetmap.org/node/7025533318,v2-c829c8f3e2414108
osm:node:7025957986,Nha Hàng Hạnh Ngan Dé,Hà Nội,restaurant,insufficient_service_evidence,0,https://www.openstreetmap.org/node/7025957986,v2-c829c8f3e2414108
osm:node:7027695786,Cà Phê Memoria,Hà Nội,cafe,insufficient_service_evidence,0,https://www.openstreetmap.org/node/7027695786,v2-c829c8f3e2414108
osm:node:7027837085,Nha Ngon - La Maison Deli,Đà Nẵng,restaurant,insufficient_service_evidence,0,https://www.openstreetmap.org/node/7027837085,v2-c829c8f3e2414108
osm:node:7034941085,Cay Thi Coffee,Đà Nẵng,cafe,insufficient_service_evidence,0,https://www.openstreetmap.org/node/7034941085,v2-c829c8f3e2414108
osm:node:7041239592,My Ly,Đà Nẵng,restaurant,insufficient_service_evidence,0,https://www.openstreetmap.org/node/7041239592,v2-c829c8f3e2414108
osm:node:7043719985,Cửa Hàng Bánh Mì Phố,Hà Nội,restaurant,insufficient_service_evidence,0,https://www.openstreetmap.org/node/7043719985,v2-c829c8f3e2414108
osm:node:7043720085,Cà Phê Sóc,Hà Nội,cafe,insufficient_service_evidence,0,https://www.openstreetmap.org/node/7043720085,v2-c829c8f3e2414108
osm:node:7048452385,Phở Tùng,Đà Nẵng,restaurant,insufficient_service_evidence,0,https://www.openstreetmap.org/node/7048452385,v2-c829c8f3e2414108
osm:node:7052229286,Mira Coffee,Hà Nội,cafe,insufficient_service_evidence,0,https://www.openstreetmap.org/node/7052229286,v2-c829c8f3e2414108
osm:node:7053793591,Starbucks,Hà Nội,cafe,insufficient_service_evidence,0,https://www.openstreetmap.org/node/7053793591,v2-c829c8f3e2414108
osm:node:7055897074,Nhà Hàng Đồi Thông,Hà Nội,restaurant,insufficient_service_evidence,0,https://www.openstreetmap.org/node/7055897074,v2-c829c8f3e2414108
osm:node:7055897253,Nhà hàng Phương Linh,Hà Nội,restaurant,insufficient_service_evidence,0,https://www.openstreetmap.org/node/7055897253,v2-c829c8f3e2414108
osm:node:7055903537,Cà Phê Kafa,Hà Nội,cafe,insufficient_service_evidence,0,https://www.openstreetmap.org/node/7055903537,v2-c829c8f3e2414108
osm:node:7055904082,TocoToco,Hà Nội,cafe,insufficient_service_evidence,0,https://www.openstreetmap.org/node/7055904082,v2-c829c8f3e2414108
osm:node:7055928225,Cà Phê Cocos,Hà Nội,cafe,insufficient_service_evidence,0,https://www.openstreetmap.org/node/7055928225,v2-c829c8f3e2414108
osm:node:7055931225,Nhà hàng Thảo Nguyên 2,Hà Nội,restaurant,insufficient_service_evidence,0,https://www.openstreetmap.org/node/7055931225,v2-c829c8f3e2414108
osm:node:7055937763,Kafa Cafe,Hà Nội,cafe,insufficient_service_evidence,0,https://www.openstreetmap.org/node/7055937763,v2-c829c8f3e2414108
osm:node:7055939352,The Home,Hà Nội,cafe,insufficient_service_evidence,0,https://www.openstreetmap.org/node/7055939352,v2-c829c8f3e2414108
osm:node:7055939353,Cà Phê Freddo,Hà Nội,cafe,insufficient_service_evidence,0,https://www.openstreetmap.org/node/7055939353,v2-c829c8f3e2414108
osm:node:7055939354,Nhà Hàng A Sửu,Hà Nội,restaurant,insufficient_service_evidence,0,https://www.openstreetmap.org/node/7055939354,v2-c829c8f3e2414108
osm:node:7055939358,Wang tea,Hà Nội,cafe,insufficient_service_evidence,0,https://www.openstreetmap.org/node/7055939358,v2-c829c8f3e2414108
osm:node:7055939380,Bún Bò Huế Ngự Uyển,Hà Nội,restaurant,insufficient_service_evidence,0,https://www.openstreetmap.org/node/7055939380,v2-c829c8f3e2414108
osm:node:7055939499,Nhà Hàng Lăng Kiên,Hà Nội,restaurant,insufficient_service_evidence,0,https://www.openstreetmap.org/node/7055939499,v2-c829c8f3e2414108
osm:node:7055939500,Nhà Hàng Đồng Quê,Hà Nội,restaurant,insufficient_service_evidence,0,https://www.openstreetmap.org/node/7055939500,v2-c829c8f3e2414108
osm:node:7055939501,Nhà Hàng Dê Duy Hùng,Hà Nội,restaurant,insufficient_service_evidence,0,https://www.openstreetmap.org/node/7055939501,v2-c829c8f3e2414108
osm:node:7055939502,Quán Kệ,Hà Nội,restaurant,insufficient_service_evidence,0,https://www.openstreetmap.org/node/7055939502,v2-c829c8f3e2414108
osm:node:7055939503,Gà Mạnh Hoạch,Hà Nội,restaurant,insufficient_service_evidence,0,https://www.openstreetmap.org/node/7055939503,v2-c829c8f3e2414108
osm:node:7055939507,Nhà Hàng Pacific,Hà Nội,restaurant,insufficient_service_evidence,0,https://www.openstreetmap.org/node/7055939507,v2-c829c8f3e2414108
osm:node:7055939508,Nhà Hàng Hải Hà,Hà Nội,restaurant,insufficient_service_evidence,0,https://www.openstreetmap.org/node/7055939508,v2-c829c8f3e2414108
osm:node:7055941263,Highlands Coffee,Hà Nội,cafe,insufficient_service_evidence,0,https://www.openstreetmap.org/node/7055941263,v2-c829c8f3e2414108
osm:node:7055942203,Núi Luốt,Hà Nội,nature_area,insufficient_service_evidence,0,https://www.openstreetmap.org/node/7055942203,v2-c829c8f3e2414108
osm:node:7055942204,Vườn thực vật,Hà Nội,park,insufficient_service_evidence,0,https://www.openstreetmap.org/node/7055942204,v2-c829c8f3e2414108
osm:node:7055951496,Cà Phê Nhất Long 2,Hà Nội,cafe,insufficient_service_evidence,0,https://www.openstreetmap.org/node/7055951496,v2-c829c8f3e2414108
osm:node:7055963340,nhà hàng hoàng đạt,Hà Nội,restaurant,insufficient_service_evidence,0,https://www.openstreetmap.org/node/7055963340,v2-c829c8f3e2414108
osm:node:7055967521,Cà Phê Parkland,Hà Nội,cafe,insufficient_service_evidence,0,https://www.openstreetmap.org/node/7055967521,v2-c829c8f3e2414108
osm:node:7055968812,quán ăn vân anh,Hà Nội,restaurant,insufficient_service_evidence,0,https://www.openstreetmap.org/node/7055968812,v2-c829c8f3e2414108
osm:node:7055975987,TK mark,Hà Nội,market,insufficient_service_evidence,0,https://www.openstreetmap.org/node/7055975987,v2-c829c8f3e2414108
osm:node:7055976832,Cà Phê Huyền,Hà Nội,cafe,insufficient_service_evidence,0,https://www.openstreetmap.org/node/7055976832,v2-c829c8f3e2414108
osm:node:7055985628,Ba Ba Sơn Đông,Hà Nội,restaurant,insufficient_service_evidence,0,https://www.openstreetmap.org/node/7055985628,v2-c829c8f3e2414108
osm:node:7055986053,Nhà hàng Gà Cựa,Hà Nội,restaurant,insufficient_service_evidence,0,https://www.openstreetmap.org/node/7055986053,v2-c829c8f3e2414108
osm:node:7055989888,Cà Phê An,Hà Nội,cafe,insufficient_service_evidence,0,https://www.openstreetmap.org/node/7055989888,v2-c829c8f3e2414108
osm:node:7055990036,Cà Phê Hải Yến,Hà Nội,cafe,insufficient_service_evidence,0,https://www.openstreetmap.org/node/7055990036,v2-c829c8f3e2414108
osm:node:7055990037,Nhà hàng Habit BBQ,Hà Nội,restaurant,insufficient_service_evidence,0,https://www.openstreetmap.org/node/7055990037,v2-c829c8f3e2414108
osm:node:7056001845,Quán Bún Miến Ngan Số 10,Hà Nội,restaurant,insufficient_service_evidence,0,https://www.openstreetmap.org/node/7056001845,v2-c829c8f3e2414108
osm:node:7056002812,Cửa Hàng Gà Tươi Mạnh Hoạch,Hà Nội,restaurant,insufficient_service_evidence,0,https://www.openstreetmap.org/node/7056002812,v2-c829c8f3e2414108
osm:node:7056010045,Cơm Tấm Tường Hân,Hà Nội,restaurant,insufficient_service_evidence,0,https://www.openstreetmap.org/node/7056010045,v2-c829c8f3e2414108
osm:node:7056013975,Bún Ngan Chùa Hà,Hà Nội,restaurant,insufficient_service_evidence,0,https://www.openstreetmap.org/node/7056013975,v2-c829c8f3e2414108
osm:node:7056015915,Cà Phê Red Dawn,Hà Nội,cafe,insufficient_service_evidence,0,https://www.openstreetmap.org/node/7056015915,v2-c829c8f3e2414108
osm:node:7056017420,Lotteria,Hà Nội,restaurant,insufficient_service_evidence,0,https://www.openstreetmap.org/node/7056017420,v2-c829c8f3e2414108
osm:node:7056021081,KFC,Hà Nội,restaurant,weak_or_generic_name|insufficient_service_evidence,0,https://www.openstreetmap.org/node/7056021081,v2-c829c8f3e2414108
osm:node:7056022256,Cá Thùy Linh,Hà Nội,restaurant,insufficient_service_evidence,0,https://www.openstreetmap.org/node/7056022256,v2-c829c8f3e2414108
osm:node:7056022904,Cà Phê Moon,Hà Nội,cafe,insufficient_service_evidence,0,https://www.openstreetmap.org/node/7056022904,v2-c829c8f3e2414108
osm:node:7056027929,Bún Chả Sinh Từ,Hà Nội,restaurant,insufficient_service_evidence,0,https://www.openstreetmap.org/node/7056027929,v2-c829c8f3e2414108
osm:node:7056034217,Cà Phê Aha,Hà Nội,cafe,insufficient_service_evidence,0,https://www.openstreetmap.org/node/7056034217,v2-c829c8f3e2414108
osm:node:7056037715,thịt mát MEAT - DELI,Hà Nội,restaurant,insufficient_service_evidence,0,https://www.openstreetmap.org/node/7056037715,v2-c829c8f3e2414108
osm:node:7056038703,tổ 15A,Hà Nội,cafe,insufficient_service_evidence,0,https://www.openstreetmap.org/node/7056038703,v2-c829c8f3e2414108
osm:node:7056042399,phở gà Minh Vũ,Hà Nội,restaurant,insufficient_service_evidence,0,https://www.openstreetmap.org/node/7056042399,v2-c829c8f3e2414108
osm:node:7056055192,The Coffee House,Hà Nội,cafe,insufficient_service_evidence,0,https://www.openstreetmap.org/node/7056055192,v2-c829c8f3e2414108
osm:node:7056055193,The Coffee House,Hà Nội,cafe,insufficient_service_evidence,0,https://www.openstreetmap.org/node/7056055193,v2-c829c8f3e2414108
osm:node:7056055194,The Coffee House,Hà Nội,cafe,insufficient_service_evidence,0,https://www.openstreetmap.org/node/7056055194,v2-c829c8f3e2414108
osm:node:7056055197,The Coffee House,Hà Nội,cafe,insufficient_service_evidence,0,https://www.openstreetmap.org/node/7056055197,v2-c829c8f3e2414108
osm:node:7056055198,The Coffee House,Hà Nội,cafe,insufficient_service_evidence,0,https://www.openstreetmap.org/node/7056055198,v2-c829c8f3e2414108
osm:node:7056055199,The Coffee House,Hà Nội,cafe,insufficient_service_evidence,0,https://www.openstreetmap.org/node/7056055199,v2-c829c8f3e2414108
osm:node:7056055201,The Coffee House,Hà Nội,cafe,insufficient_service_evidence,0,https://www.openstreetmap.org/node/7056055201,v2-c829c8f3e2414108
osm:node:7056055202,The Coffee House,Hà Nội,cafe,insufficient_service_evidence,0,https://www.openstreetmap.org/node/7056055202,v2-c829c8f3e2414108
osm:node:7056055203,The Coffee House,Hà Nội,cafe,insufficient_service_evidence,0,https://www.openstreetmap.org/node/7056055203,v2-c829c8f3e2414108
osm:node:7056055204,The Coffee House,Hà Nội,cafe,insufficient_service_evidence,0,https://www.openstreetmap.org/node/7056055204,v2-c829c8f3e2414108
osm:node:7056055205,The Coffee House,Hà Nội,cafe,insufficient_service_evidence,0,https://www.openstreetmap.org/node/7056055205,v2-c829c8f3e2414108
osm:node:7056055206,The Coffee House;Cà Phê Aha,Hà Nội,cafe,insufficient_service_evidence,0,https://www.openstreetmap.org/node/7056055206,v2-c829c8f3e2414108
osm:node:7056055208,The Coffee House,Hà Nội,cafe,insufficient_service_evidence,0,https://www.openstreetmap.org/node/7056055208,v2-c829c8f3e2414108
osm:node:7056055209,The Coffee House,Hà Nội,cafe,insufficient_service_evidence,0,https://www.openstreetmap.org/node/7056055209,v2-c829c8f3e2414108
osm:node:7056055211,The Coffee House,Hà Nội,cafe,insufficient_service_evidence,0,https://www.openstreetmap.org/node/7056055211,v2-c829c8f3e2414108
osm:node:7056055212,The Coffee House,Hà Nội,cafe,insufficient_service_evidence,0,https://www.openstreetmap.org/node/7056055212,v2-c829c8f3e2414108
osm:node:7056055213,The Coffee House,Hà Nội,cafe,insufficient_service_evidence,0,https://www.openstreetmap.org/node/7056055213,v2-c829c8f3e2414108
osm:node:7056055214,The Coffee House,Hà Nội,cafe,insufficient_service_evidence,0,https://www.openstreetmap.org/node/7056055214,v2-c829c8f3e2414108
osm:node:7056055216,The Coffee House,Hà Nội,cafe,insufficient_service_evidence,0,https://www.openstreetmap.org/node/7056055216,v2-c829c8f3e2414108
osm:node:7056055217,The Coffee House,Hà Nội,cafe,insufficient_service_evidence,0,https://www.openstreetmap.org/node/7056055217,v2-c829c8f3e2414108
osm:node:7056055218,The Coffee House,Hà Nội,cafe,insufficient_service_evidence,0,https://www.openstreetmap.org/node/7056055218,v2-c829c8f3e2414108
osm:node:7056055219,Spaghetti Box,Hà Nội,restaurant,insufficient_service_evidence,0,https://www.openstreetmap.org/node/7056055219,v2-c829c8f3e2414108
osm:node:7056177585,Highlands Coffee,Hà Nội,cafe,insufficient_service_evidence,0,https://www.openstreetmap.org/node/7056177585,v2-c829c8f3e2414108
osm:node:7059653585,Cà Phê Bamidon,Hà Nội,cafe,insufficient_service_evidence,0,https://www.openstreetmap.org/node/7059653585,v2-c829c8f3e2414108
osm:node:7064981285,Mộc Quán,Đà Nẵng,restaurant,insufficient_service_evidence,0,https://www.openstreetmap.org/node/7064981285,v2-c829c8f3e2414108
osm:node:7076684971,IVO DELI - Burger & Gelato,Đà Nẵng,restaurant,insufficient_service_evidence,0,https://www.openstreetmap.org/node/7076684971,v2-c829c8f3e2414108
osm:node:7076693601,Bánh Mì Bamidon,Đà Nẵng,restaurant,insufficient_service_evidence,0,https://www.openstreetmap.org/node/7076693601,v2-c829c8f3e2414108
osm:node:7076705485,Mia food&drink,Đà Nẵng,cafe,insufficient_service_evidence,0,https://www.openstreetmap.org/node/7076705485,v2-c829c8f3e2414108
osm:node:7076707481,Cửa Hàng Bánh Mì Phố,Hà Nội,restaurant,insufficient_service_evidence,0,https://www.openstreetmap.org/node/7076707481,v2-c829c8f3e2414108
osm:node:7076707520,Noodle shop,Đà Nẵng,restaurant,insufficient_service_evidence,0,https://www.openstreetmap.org/node/7076707520,v2-c829c8f3e2414108
osm:node:7076714787,The Coffee House,Đà Nẵng,cafe,insufficient_service_evidence,0,https://www.openstreetmap.org/node/7076714787,v2-c829c8f3e2414108
osm:node:7076962085,Pizza Hut,Hà Nội,restaurant,insufficient_service_evidence,0,https://www.openstreetmap.org/node/7076962085,v2-c829c8f3e2414108
osm:node:7077138885,Bosgaurus Coffee,Đà Nẵng,cafe,insufficient_service_evidence,0,https://www.openstreetmap.org/node/7077138885,v2-c829c8f3e2414108
osm:node:7081635538,The Cups Coffee,Đà Nẵng,cafe,insufficient_service_evidence,0,https://www.openstreetmap.org/node/7081635538,v2-c829c8f3e2414108
osm:node:7081937686,Sỏn Vân,Đà Nẵng,restaurant,insufficient_service_evidence,0,https://www.openstreetmap.org/node/7081937686,v2-c829c8f3e2414108
osm:node:7082209711,Bread of Life,Đà Nẵng,restaurant,insufficient_service_evidence,0,https://www.openstreetmap.org/node/7082209711,v2-c829c8f3e2414108
osm:node:7082243339,Work Cafe,Đà Nẵng,cafe,insufficient_service_evidence,0,https://www.openstreetmap.org/node/7082243339,v2-c829c8f3e2414108
osm:node:7082258884,Com Tam Tram,Đà Nẵng,restaurant,insufficient_service_evidence,0,https://www.openstreetmap.org/node/7082258884,v2-c829c8f3e2414108
osm:node:7082640385,Mix,Đà Nẵng,restaurant,weak_or_generic_name,1,https://www.openstreetmap.org/node/7082640385,v2-c829c8f3e2414108
osm:node:7083401152,Trọng Nghĩa Cà Phê,Hà Nội,cafe,insufficient_service_evidence,0,https://www.openstreetmap.org/node/7083401152,v2-c829c8f3e2414108
osm:node:7083733985,DMZ Bar,Đà Nẵng,restaurant,insufficient_service_evidence,0,https://www.openstreetmap.org/node/7083733985,v2-c829c8f3e2414108
osm:node:7085692622,Cà Phê Dilmah,Hà Nội,cafe,insufficient_service_evidence,0,https://www.openstreetmap.org/node/7085692622,v2-c829c8f3e2414108
osm:node:7085739056,Cong Hua Xa,Đà Nẵng,market,insufficient_service_evidence,0,https://www.openstreetmap.org/node/7085739056,v2-c829c8f3e2414108
osm:node:7085762965,Highlands Coffee,Đà Nẵng,cafe,insufficient_service_evidence,0,https://www.openstreetmap.org/node/7085762965,v2-c829c8f3e2414108
osm:node:7087736276,Viên Thông Tự,Hà Nội,temple,insufficient_service_evidence,0,https://www.openstreetmap.org/node/7087736276,v2-c829c8f3e2414108
osm:node:7089184180,Bin,Đà Nẵng,restaurant,weak_or_generic_name|insufficient_service_evidence,0,https://www.openstreetmap.org/node/7089184180,v2-c829c8f3e2414108
osm:node:7089218624,Thuy Tien Coffee,Đà Nẵng,cafe,insufficient_service_evidence,0,https://www.openstreetmap.org/node/7089218624,v2-c829c8f3e2414108
osm:node:7089229992,Arcadia Coffee,Đà Nẵng,cafe,insufficient_service_evidence,0,https://www.openstreetmap.org/node/7089229992,v2-c829c8f3e2414108
osm:node:7090399807,The Coffee House,Hà Nội,cafe,insufficient_service_evidence,0,https://www.openstreetmap.org/node/7090399807,v2-c829c8f3e2414108
osm:node:7090678884,Han Coffee,Đà Nẵng,cafe,insufficient_service_evidence,0,https://www.openstreetmap.org/node/7090678884,v2-c829c8f3e2414108
osm:node:7090693027,Hanh,Đà Nẵng,restaurant,insufficient_service_evidence,0,https://www.openstreetmap.org/node/7090693027,v2-c829c8f3e2414108
osm:node:7090695981,Hosttin,Đà Nẵng,cafe,insufficient_service_evidence,0,https://www.openstreetmap.org/node/7090695981,v2-c829c8f3e2414108
osm:node:7090699270,My Home Coffee,Đà Nẵng,cafe,insufficient_service_evidence,0,https://www.openstreetmap.org/node/7090699270,v2-c829c8f3e2414108
osm:node:7090725785,Bún Chả - Nem Cua Bê,Hà Nội,restaurant,insufficient_service_evidence,0,https://www.openstreetmap.org/node/7090725785,v2-c829c8f3e2414108
osm:node:7092768885,The Blue Wave,Đà Nẵng,restaurant,insufficient_service_evidence,0,https://www.openstreetmap.org/node/7092768885,v2-c829c8f3e2414108
osm:node:7094770702,Aira Garden,Đà Nẵng,restaurant,insufficient_service_evidence,0,https://www.openstreetmap.org/node/7094770702,v2-c829c8f3e2414108
osm:node:7095169367,Art Gallery,Đà Nẵng,gallery,weak_or_generic_name|insufficient_service_evidence,0,https://www.openstreetmap.org/node/7095169367,v2-c829c8f3e2414108
osm:node:7095169371,Monza Coffee,Đà Nẵng,cafe,insufficient_service_evidence,0,https://www.openstreetmap.org/node/7095169371,v2-c829c8f3e2414108
osm:node:7095169373,Coffee House,Đà Nẵng,cafe,insufficient_service_evidence,0,https://www.openstreetmap.org/node/7095169373,v2-c829c8f3e2414108
osm:node:7095169375,Coffee 0609,Đà Nẵng,cafe,insufficient_service_evidence,0,https://www.openstreetmap.org/node/7095169375,v2-c829c8f3e2414108
osm:node:7095169377,Kimura Coffee,Đà Nẵng,cafe,insufficient_service_evidence,0,https://www.openstreetmap.org/node/7095169377,v2-c829c8f3e2414108
osm:node:7095169378,Bánh canh Cá Nướng Tư Lên,Đà Nẵng,restaurant,insufficient_service_evidence,0,https://www.openstreetmap.org/node/7095169378,v2-c829c8f3e2414108
osm:node:7095169379,Xôi Anh,Đà Nẵng,restaurant,insufficient_service_evidence,0,https://www.openstreetmap.org/node/7095169379,v2-c829c8f3e2414108
osm:node:7095169382,Com Ga Quay Thanh Nhan,Đà Nẵng,restaurant,insufficient_service_evidence,0,https://www.openstreetmap.org/node/7095169382,v2-c829c8f3e2414108
osm:node:7095259586,Rau Câu Dừa,Đà Nẵng,cafe,insufficient_service_evidence,0,https://www.openstreetmap.org/node/7095259586,v2-c829c8f3e2414108
osm:node:7095259597,Phở 29,Đà Nẵng,restaurant,insufficient_service_evidence,0,https://www.openstreetmap.org/node/7095259597,v2-c829c8f3e2414108
osm:node:7095259603,Cafe 122,Đà Nẵng,cafe,insufficient_service_evidence,0,https://www.openstreetmap.org/node/7095259603,v2-c829c8f3e2414108
osm:node:7095259611,Quán Cây Đa,Đà Nẵng,cafe,insufficient_service_evidence,0,https://www.openstreetmap.org/node/7095259611,v2-c829c8f3e2414108
osm:node:7095259615,Phở,Đà Nẵng,restaurant,weak_or_generic_name|insufficient_service_evidence,0,https://www.openstreetmap.org/node/7095259615,v2-c829c8f3e2414108
osm:node:7095259622,Kon Cofi,Đà Nẵng,cafe,insufficient_service_evidence,0,https://www.openstreetmap.org/node/7095259622,v2-c829c8f3e2414108
osm:node:7095281753,Hai Cử,Đà Nẵng,restaurant,insufficient_service_evidence,0,https://www.openstreetmap.org/node/7095281753,v2-c829c8f3e2414108
osm:node:7095281755,El Gaucho,Đà Nẵng,restaurant,insufficient_service_evidence,0,https://www.openstreetmap.org/node/7095281755,v2-c829c8f3e2414108
osm:node:7095485485,Quán Sõ 7,Đà Nẵng,restaurant,insufficient_service_evidence,0,https://www.openstreetmap.org/node/7095485485,v2-c829c8f3e2414108
osm:node:7095806776,Cà Phê Heaven,Hà Nội,cafe,insufficient_service_evidence,0,https://www.openstreetmap.org/node/7095806776,v2-c829c8f3e2414108
osm:node:7096082208,Nhà Rốt,Đà Nẵng,cafe,insufficient_service_evidence,0,https://www.openstreetmap.org/node/7096082208,v2-c829c8f3e2414108
osm:node:7097051823,NOS House Coffee,Đà Nẵng,cafe,insufficient_service_evidence,0,https://www.openstreetmap.org/node/7097051823,v2-c829c8f3e2414108
osm:node:7098077085,Cà Phê Aha,Hà Nội,cafe,insufficient_service_evidence,0,https://www.openstreetmap.org/node/7098077085,v2-c829c8f3e2414108
osm:node:7099271385,Cộng Cà Phê,Hà Nội,cafe,insufficient_service_evidence,0,https://www.openstreetmap.org/node/7099271385,v2-c829c8f3e2414108
osm:node:7099445386,Con Duong Ca Phe,Đà Nẵng,cafe,insufficient_service_evidence,0,https://www.openstreetmap.org/node/7099445386,v2-c829c8f3e2414108
osm:node:7103226688,I Love Bánh Mì,Đà Nẵng,restaurant,insufficient_service_evidence,0,https://www.openstreetmap.org/node/7103226688,v2-c829c8f3e2414108
osm:node:7103226692,Aroma Italian Oven,Đà Nẵng,restaurant,insufficient_service_evidence,0,https://www.openstreetmap.org/node/7103226692,v2-c829c8f3e2414108
osm:node:7103226698,Café 76,Đà Nẵng,cafe,insufficient_service_evidence,0,https://www.openstreetmap.org/node/7103226698,v2-c829c8f3e2414108
osm:node:7103226699,Pizza M,Đà Nẵng,restaurant,insufficient_service_evidence,0,https://www.openstreetmap.org/node/7103226699,v2-c829c8f3e2414108
osm:node:7103874622,Am Thuc Chay Huong Tu Bi,Đà Nẵng,restaurant,insufficient_service_evidence,0,https://www.openstreetmap.org/node/7103874622,v2-c829c8f3e2414108
osm:node:7105366874,Đông Thu Luxury,Đà Nẵng,restaurant,insufficient_service_evidence,0,https://www.openstreetmap.org/node/7105366874,v2-c829c8f3e2414108
osm:node:7105401487,Bún Xương,Đà Nẵng,restaurant,insufficient_service_evidence,0,https://www.openstreetmap.org/node/7105401487,v2-c829c8f3e2414108
osm:node:7105401498,Bương Nam Binh Gia,Đà Nẵng,restaurant,insufficient_service_evidence,0,https://www.openstreetmap.org/node/7105401498,v2-c829c8f3e2414108
osm:node:7105401501,Côba Bánh Mỳ,Đà Nẵng,restaurant,insufficient_service_evidence,0,https://www.openstreetmap.org/node/7105401501,v2-c829c8f3e2414108
osm:node:7105401509,Evelyn Coffee Bar,Đà Nẵng,cafe,insufficient_service_evidence,0,https://www.openstreetmap.org/node/7105401509,v2-c829c8f3e2414108
osm:node:7106090086,Cà Phê Cá Chép,Hà Nội,cafe,insufficient_service_evidence,0,https://www.openstreetmap.org/node/7106090086,v2-c829c8f3e2414108
osm:node:7111581785,Cà Phê Tú,Hà Nội,cafe,insufficient_service_evidence,0,https://www.openstreetmap.org/node/7111581785,v2-c829c8f3e2414108
osm:node:7114448486,Nhà Hàng Eat List,Hà Nội,restaurant,insufficient_service_evidence,0,https://www.openstreetmap.org/node/7114448486,v2-c829c8f3e2414108
osm:node:7118329785,King Cafe,Đà Nẵng,cafe,insufficient_service_evidence,0,https://www.openstreetmap.org/node/7118329785,v2-c829c8f3e2414108
osm:node:7118329885,The Nr. 1 Coffee,Đà Nẵng,cafe,insufficient_service_evidence,0,https://www.openstreetmap.org/node/7118329885,v2-c829c8f3e2414108
osm:node:7118928274,Fatfish,Đà Nẵng,restaurant,insufficient_service_evidence,0,https://www.openstreetmap.org/node/7118928274,v2-c829c8f3e2414108
osm:node:7122136269,Núi Găng,Hà Nội,nature_area,insufficient_service_evidence,0,https://www.openstreetmap.org/node/7122136269,v2-c829c8f3e2414108
osm:node:7122136270,Núi Cửa Đền,Hà Nội,nature_area,insufficient_service_evidence,0,https://www.openstreetmap.org/node/7122136270,v2-c829c8f3e2414108
osm:node:7123582887,Nhà Hàng La Place,Hà Nội,restaurant,insufficient_service_evidence,0,https://www.openstreetmap.org/node/7123582887,v2-c829c8f3e2414108
osm:node:7124292917,Tượng Maria,Hà Nội,historic,insufficient_service_evidence,0,https://www.openstreetmap.org/node/7124292917,v2-c829c8f3e2414108
osm:node:7127442985,Hoi An Traditional Art Performance House,Đà Nẵng,performance_venue,insufficient_service_evidence,0,https://www.openstreetmap.org/node/7127442985,v2-c829c8f3e2414108
osm:node:7130574385,Anh Xi,Đà Nẵng,restaurant,insufficient_service_evidence,0,https://www.openstreetmap.org/node/7130574385,v2-c829c8f3e2414108
osm:node:7133019619,Núi Sáo,Hà Nội,nature_area,insufficient_service_evidence,0,https://www.openstreetmap.org/node/7133019619,v2-c829c8f3e2414108
osm:node:7138184861,Phương Sự,Hà Nội,restaurant,insufficient_service_evidence,0,https://www.openstreetmap.org/node/7138184861,v2-c829c8f3e2414108
osm:node:7138184862,Nhà Hàng Khánh Phương,Hà Nội,restaurant,insufficient_service_evidence,0,https://www.openstreetmap.org/node/7138184862,v2-c829c8f3e2414108
osm:node:7138469885,Gong Cha ชาไข่มุก,Đà Nẵng,cafe,insufficient_service_evidence,0,https://www.openstreetmap.org/node/7138469885,v2-c829c8f3e2414108
osm:node:7138650085,Ador Coffee,Đà Nẵng,cafe,insufficient_service_evidence,0,https://www.openstreetmap.org/node/7138650085,v2-c829c8f3e2414108
osm:node:7140635331,Cà Phê 8,Hà Nội,cafe,insufficient_service_evidence,0,https://www.openstreetmap.org/node/7140635331,v2-c829c8f3e2414108
osm:node:7141012186,Bep Nha Mi,Đà Nẵng,restaurant,insufficient_service_evidence,0,https://www.openstreetmap.org/node/7141012186,v2-c829c8f3e2414108
osm:node:7141021585,Nam Danh - AMAZING CHEAP SEAFOOD,Đà Nẵng,restaurant,insufficient_service_evidence,0,https://www.openstreetmap.org/node/7141021585,v2-c829c8f3e2414108
osm:node:7142716803,Sky Lake,Hà Nội,restaurant,insufficient_service_evidence,0,https://www.openstreetmap.org/node/7142716803,v2-c829c8f3e2414108
osm:node:7144561732,Thành An Quán,Đà Nẵng,restaurant,insufficient_service_evidence,0,https://www.openstreetmap.org/node/7144561732,v2-c829c8f3e2414108
osm:node:7147171685,Mrs Tuat Banh Can,Đà Nẵng,restaurant,insufficient_service_evidence,0,https://www.openstreetmap.org/node/7147171685,v2-c829c8f3e2414108
osm:node:7147171785,Quan Cao Lau Thanh noodle shop,Đà Nẵng,restaurant,insufficient_service_evidence,0,https://www.openstreetmap.org/node/7147171785,v2-c829c8f3e2414108
osm:node:7148361385,ADOD-Coffee & Bottle,Đà Nẵng,cafe,insufficient_service_evidence,0,https://www.openstreetmap.org/node/7148361385,v2-c829c8f3e2414108
osm:node:7148520378,Chợ Thôn Hoành,Hà Nội,market,insufficient_service_evidence,0,https://www.openstreetmap.org/node/7148520378,v2-c829c8f3e2414108
osm:node:7157934885,Tram Lang café y Bar,Đà Nẵng,cafe,insufficient_service_evidence,0,https://www.openstreetmap.org/node/7157934885,v2-c829c8f3e2414108
osm:node:7158215103,The Noodle House,Đà Nẵng,restaurant,insufficient_service_evidence,0,https://www.openstreetmap.org/node/7158215103,v2-c829c8f3e2414108
osm:node:7158215307,Golden Beach,Đà Nẵng,restaurant,insufficient_service_evidence,0,https://www.openstreetmap.org/node/7158215307,v2-c829c8f3e2414108
osm:node:7159315198,Nhà Hàng El Gaucho,Hà Nội,restaurant,insufficient_service_evidence,0,https://www.openstreetmap.org/node/7159315198,v2-c829c8f3e2414108
osm:node:7160356204,Tượng Chúa Kitô Vua,Hà Nội,historic,insufficient_service_evidence,0,https://www.openstreetmap.org/node/7160356204,v2-c829c8f3e2414108
osm:node:7160691492,Highlands Coffee,Hà Nội,cafe,insufficient_service_evidence,0,https://www.openstreetmap.org/node/7160691492,v2-c829c8f3e2414108
osm:node:7161867585,Cah Dieu,Đà Nẵng,cafe,insufficient_service_evidence,0,https://www.openstreetmap.org/node/7161867585,v2-c829c8f3e2414108
osm:node:7162750209,Chè Hai Lúa,Hà Nội,restaurant,insufficient_service_evidence,0,https://www.openstreetmap.org/node/7162750209,v2-c829c8f3e2414108
osm:node:7162755064,The Coffee,Hà Nội,cafe,insufficient_service_evidence,0,https://www.openstreetmap.org/node/7162755064,v2-c829c8f3e2414108
osm:node:7164305620,Phuc Lam,Hà Nội,restaurant,insufficient_service_evidence,0,https://www.openstreetmap.org/node/7164305620,v2-c829c8f3e2414108
osm:node:7164329169,Xoài Xoài,Hà Nội,restaurant,insufficient_service_evidence,0,https://www.openstreetmap.org/node/7164329169,v2-c829c8f3e2414108
osm:node:7164330038,Nhà Hàng Green Farm,Hà Nội,restaurant,insufficient_service_evidence,0,https://www.openstreetmap.org/node/7164330038,v2-c829c8f3e2414108
osm:node:7168579669,Nhà Hàng Minh Chay,Hà Nội,restaurant,insufficient_service_evidence,0,https://www.openstreetmap.org/node/7168579669,v2-c829c8f3e2414108
osm:node:7168595490,Thuc Duong Tinh Tam,Hà Nội,restaurant,insufficient_service_evidence,0,https://www.openstreetmap.org/node/7168595490,v2-c829c8f3e2414108
osm:node:7168918108,Tocotoco,Hà Nội,cafe,insufficient_service_evidence,0,https://www.openstreetmap.org/node/7168918108,v2-c829c8f3e2414108
osm:node:7170633138,Pablo Coffee,Hà Nội,cafe,insufficient_service_evidence,0,https://www.openstreetmap.org/node/7170633138,v2-c829c8f3e2414108
osm:node:7170708485,Cà phê Trung Nguyên,Hà Nội,cafe,insufficient_service_evidence,0,https://www.openstreetmap.org/node/7170708485,v2-c829c8f3e2414108
osm:node:7176626328,Cà Phê C'est Si Bon,Hà Nội,cafe,insufficient_service_evidence,0,https://www.openstreetmap.org/node/7176626328,v2-c829c8f3e2414108
osm:node:7176633879,Cà Phê Sách,Hà Nội,cafe,insufficient_service_evidence,0,https://www.openstreetmap.org/node/7176633879,v2-c829c8f3e2414108
osm:node:7176643237,Nhà Hàng Gimbap House,Hà Nội,restaurant,insufficient_service_evidence,0,https://www.openstreetmap.org/node/7176643237,v2-c829c8f3e2414108
osm:node:7176652317,Savor,Hà Nội,restaurant,insufficient_service_evidence,0,https://www.openstreetmap.org/node/7176652317,v2-c829c8f3e2414108
osm:node:7176655057,Cà Phê Kịch,Hà Nội,cafe,insufficient_service_evidence,0,https://www.openstreetmap.org/node/7176655057,v2-c829c8f3e2414108
osm:node:7176657654,Cà Phê Kalina,Hà Nội,cafe,insufficient_service_evidence,0,https://www.openstreetmap.org/node/7176657654,v2-c829c8f3e2414108
osm:node:7176660014,Cà Phê Lofita,Hà Nội,cafe,insufficient_service_evidence,0,https://www.openstreetmap.org/node/7176660014,v2-c829c8f3e2414108
osm:node:7176669037,Nhà Hàng La Chapelle,Hà Nội,restaurant,insufficient_service_evidence,0,https://www.openstreetmap.org/node/7176669037,v2-c829c8f3e2414108
osm:node:7176669284,Cà Phê Aha,Hà Nội,cafe,insufficient_service_evidence,0,https://www.openstreetmap.org/node/7176669284,v2-c829c8f3e2414108
osm:node:7176671001,Starbucks,Hà Nội,cafe,insufficient_service_evidence,0,https://www.openstreetmap.org/node/7176671001,v2-c829c8f3e2414108
osm:node:7176674340,Cà Phê Kadi,Hà Nội,cafe,insufficient_service_evidence,0,https://www.openstreetmap.org/node/7176674340,v2-c829c8f3e2414108
osm:node:7176674453,Cà Phê Cây Đa,Hà Nội,cafe,insufficient_service_evidence,0,https://www.openstreetmap.org/node/7176674453,v2-c829c8f3e2414108
osm:node:7176677649,Nghien Cafe Museum,Hà Nội,cafe,insufficient_service_evidence,0,https://www.openstreetmap.org/node/7176677649,v2-c829c8f3e2414108
osm:node:7176870555,Watanabe,Hà Nội,cafe,insufficient_service_evidence,0,https://www.openstreetmap.org/node/7176870555,v2-c829c8f3e2414108
osm:node:7176880436,Open Space,Hà Nội,cafe,insufficient_service_evidence,0,https://www.openstreetmap.org/node/7176880436,v2-c829c8f3e2414108
osm:node:7176886994,Cà Phê Connect,Hà Nội,cafe,insufficient_service_evidence,0,https://www.openstreetmap.org/node/7176886994,v2-c829c8f3e2414108
osm:node:7176888410,Saits,Hà Nội,restaurant,insufficient_service_evidence,0,https://www.openstreetmap.org/node/7176888410,v2-c829c8f3e2414108
osm:node:7176890504,AU,Hà Nội,cafe,weak_or_generic_name|insufficient_service_evidence,0,https://www.openstreetmap.org/node/7176890504,v2-c829c8f3e2414108
osm:node:7176894910,Cà Phê Leetee,Hà Nội,cafe,insufficient_service_evidence,0,https://www.openstreetmap.org/node/7176894910,v2-c829c8f3e2414108
osm:node:7176898622,Shop 34,Hà Nội,cafe,insufficient_service_evidence,0,https://www.openstreetmap.org/node/7176898622,v2-c829c8f3e2414108
osm:node:7176899124,Cà Phê Lalang,Hà Nội,cafe,insufficient_service_evidence,0,https://www.openstreetmap.org/node/7176899124,v2-c829c8f3e2414108
osm:node:7177118185,Nhà Hàng Nam Bít Tết,Hà Nội,restaurant,insufficient_service_evidence,0,https://www.openstreetmap.org/node/7177118185,v2-c829c8f3e2414108
osm:node:7178785436,Zulu Coffee,Hà Nội,cafe,insufficient_service_evidence,0,https://www.openstreetmap.org/node/7178785436,v2-c829c8f3e2414108
osm:node:7178800608,The Alley,Hà Nội,cafe,insufficient_service_evidence,0,https://www.openstreetmap.org/node/7178800608,v2-c829c8f3e2414108
osm:node:7178803971,Cà Phê Jmax,Hà Nội,cafe,insufficient_service_evidence,0,https://www.openstreetmap.org/node/7178803971,v2-c829c8f3e2414108
osm:node:7178810031,Cà Phê Mộc,Hà Nội,cafe,insufficient_service_evidence,0,https://www.openstreetmap.org/node/7178810031,v2-c829c8f3e2414108
osm:node:7178813096,Cà Phê Helio,Hà Nội,cafe,insufficient_service_evidence,0,https://www.openstreetmap.org/node/7178813096,v2-c829c8f3e2414108
osm:node:7178815623,Highlands Coffee,Hà Nội,cafe,insufficient_service_evidence,0,https://www.openstreetmap.org/node/7178815623,v2-c829c8f3e2414108
osm:node:7178815905,Cà Phê Aha,Hà Nội,cafe,insufficient_service_evidence,0,https://www.openstreetmap.org/node/7178815905,v2-c829c8f3e2414108
osm:node:7181130685,Kaoya,Hà Nội,restaurant,insufficient_service_evidence,0,https://www.openstreetmap.org/node/7181130685,v2-c829c8f3e2414108
osm:node:7182304985,Nhu Bau Restaurant,Đà Nẵng,restaurant,insufficient_service_evidence,0,https://www.openstreetmap.org/node/7182304985,v2-c829c8f3e2414108
osm:node:7182324085,Mỳ cay single,Đà Nẵng,restaurant,insufficient_service_evidence,0,https://www.openstreetmap.org/node/7182324085,v2-c829c8f3e2414108
osm:node:718681985,Chùa Tây Phương,Hà Nội,temple,insufficient_service_evidence,0,https://www.openstreetmap.org/node/718681985,v2-c829c8f3e2414108
osm:node:718681996,Chùa Thầy,Hà Nội,temple,insufficient_service_evidence,0,https://www.openstreetmap.org/node/718681996,v2-c829c8f3e2414108
osm:node:7187541617,Chùa Văn Phú,Hà Nội,temple,insufficient_service_evidence,0,https://www.openstreetmap.org/node/7187541617,v2-c829c8f3e2414108
osm:node:7187541618,Đình Văn Phú,Hà Nội,temple,insufficient_service_evidence,0,https://www.openstreetmap.org/node/7187541618,v2-c829c8f3e2414108
osm:node:7189825573,Tiem Banh Mi,Hà Nội,restaurant,insufficient_service_evidence,0,https://www.openstreetmap.org/node/7189825573,v2-c829c8f3e2414108
osm:node:7190335220,The Quiet American Coffee,Đà Nẵng,cafe,insufficient_service_evidence,0,https://www.openstreetmap.org/node/7190335220,v2-c829c8f3e2414108
osm:node:7190335228,Corner Corner,Đà Nẵng,restaurant,insufficient_service_evidence,0,https://www.openstreetmap.org/node/7190335228,v2-c829c8f3e2414108
osm:node:7191990350,Đồi Hà,Hà Nội,nature_area,insufficient_service_evidence,0,https://www.openstreetmap.org/node/7191990350,v2-c829c8f3e2414108
osm:node:7192113286,Pho Vinh Thinh,Hà Nội,restaurant,insufficient_service_evidence,0,https://www.openstreetmap.org/node/7192113286,v2-c829c8f3e2414108
osm:node:7192525585,Thực Phẩm Chay Âu Lạc,Hà Nội,restaurant,insufficient_service_evidence,0,https://www.openstreetmap.org/node/7192525585,v2-c829c8f3e2414108
osm:node:7196773685,Ca Phe Xanh,Đà Nẵng,cafe,insufficient_service_evidence,0,https://www.openstreetmap.org/node/7196773685,v2-c829c8f3e2414108
osm:node:7197033085,Trúc Xanh,Đà Nẵng,restaurant,insufficient_service_evidence,0,https://www.openstreetmap.org/node/7197033085,v2-c829c8f3e2414108
osm:node:7204095885,Quan Com Pho,Hà Nội,restaurant,insufficient_service_evidence,0,https://www.openstreetmap.org/node/7204095885,v2-c829c8f3e2414108
osm:node:7205751930,Nhà Hàng Ầu Ơ Bếp Việt,Hà Nội,restaurant,insufficient_service_evidence,0,https://www.openstreetmap.org/node/7205751930,v2-c829c8f3e2414108
osm:node:7210505486,Eco coffee,Đà Nẵng,cafe,insufficient_service_evidence,0,https://www.openstreetmap.org/node/7210505486,v2-c829c8f3e2414108
osm:node:7213953186,Bún Bò Huế O Xuân,Hà Nội,restaurant,insufficient_service_evidence,0,https://www.openstreetmap.org/node/7213953186,v2-c829c8f3e2414108
osm:node:7215657985,Miss Nhi,Đà Nẵng,restaurant,insufficient_service_evidence,0,https://www.openstreetmap.org/node/7215657985,v2-c829c8f3e2414108
osm:node:7217547685,Pho Thìn,Hà Nội,restaurant,insufficient_service_evidence,0,https://www.openstreetmap.org/node/7217547685,v2-c829c8f3e2414108
osm:node:721788305,Nhà Hàng Little Hanoi,Hà Nội,restaurant,insufficient_service_evidence,0,https://www.openstreetmap.org/node/721788305,v2-c829c8f3e2414108
osm:node:721788307,Nhà Hàng New Day,Hà Nội,restaurant,insufficient_service_evidence,0,https://www.openstreetmap.org/node/721788307,v2-c829c8f3e2414108
osm:node:721836727,Xoi Van Anh,Hà Nội,restaurant,insufficient_service_evidence,0,https://www.openstreetmap.org/node/721836727,v2-c829c8f3e2414108
osm:node:721836730,Cà Phê Nola,Hà Nội,cafe,insufficient_service_evidence,0,https://www.openstreetmap.org/node/721836730,v2-c829c8f3e2414108
osm:node:721906718,Nhà Hàng Khazaana Indian,Hà Nội,restaurant,insufficient_service_evidence,0,https://www.openstreetmap.org/node/721906718,v2-c829c8f3e2414108
osm:node:721906721,Tandoor Indian Cuisine,Hà Nội,restaurant,insufficient_service_evidence,0,https://www.openstreetmap.org/node/721906721,v2-c829c8f3e2414108
osm:node:7222014985,Nha Hang Mr.Anh,Đà Nẵng,restaurant,insufficient_service_evidence,0,https://www.openstreetmap.org/node/7222014985,v2-c829c8f3e2414108
osm:node:7222198617,Cà Phê Helio Daewoo,Hà Nội,cafe,insufficient_service_evidence,0,https://www.openstreetmap.org/node/7222198617,v2-c829c8f3e2414108
osm:node:7229538885,Cà Phê Hanoi Sandwich House,Hà Nội,cafe,insufficient_service_evidence,0,https://www.openstreetmap.org/node/7229538885,v2-c829c8f3e2414108
osm:node:7232139885,Cửa Hàng Bún Chả 77,Hà Nội,restaurant,insufficient_service_evidence,0,https://www.openstreetmap.org/node/7232139885,v2-c829c8f3e2414108
osm:node:723642233,The King Cafe,Hà Nội,restaurant,insufficient_service_evidence,0,https://www.openstreetmap.org/node/723642233,v2-c829c8f3e2414108
osm:node:723642240,Nhà Hàng Ladybird,Hà Nội,restaurant,insufficient_service_evidence,0,https://www.openstreetmap.org/node/723642240,v2-c829c8f3e2414108
osm:node:723642244,Nhà Hàng Gecko,Hà Nội,restaurant,insufficient_service_evidence,0,https://www.openstreetmap.org/node/723642244,v2-c829c8f3e2414108
osm:node:723642373,Tamarind Cafe,Hà Nội,restaurant,insufficient_service_evidence,0,https://www.openstreetmap.org/node/723642373,v2-c829c8f3e2414108
osm:node:723671517,Nhà Hàng Âu Lạc Brazil II,Hà Nội,restaurant,insufficient_service_evidence,0,https://www.openstreetmap.org/node/723671517,v2-c829c8f3e2414108
osm:node:723671523,Nhà Hàng Mediterraneo,Hà Nội,restaurant,insufficient_service_evidence,0,https://www.openstreetmap.org/node/723671523,v2-c829c8f3e2414108
osm:node:723671525,Nhà Hàng Classico,Hà Nội,restaurant,insufficient_service_evidence,0,https://www.openstreetmap.org/node/723671525,v2-c829c8f3e2414108
osm:node:723684563,Nhà Hàng La Badiane,Hà Nội,restaurant,insufficient_service_evidence,0,https://www.openstreetmap.org/node/723684563,v2-c829c8f3e2414108
osm:node:723684568,Nhà Hàng Hoa Sữa,Hà Nội,restaurant,insufficient_service_evidence,0,https://www.openstreetmap.org/node/723684568,v2-c829c8f3e2414108
osm:node:723795403,Nhà Hàng Half Man Half Noodle,Hà Nội,restaurant,insufficient_service_evidence,0,https://www.openstreetmap.org/node/723795403,v2-c829c8f3e2414108
osm:node:7242739086,Dam chay vegan,Đà Nẵng,restaurant,insufficient_service_evidence,0,https://www.openstreetmap.org/node/7242739086,v2-c829c8f3e2414108
osm:node:7244106587,"Lady selling Banh Canh Ga for 20,000 Dong",Đà Nẵng,restaurant,insufficient_service_evidence,0,https://www.openstreetmap.org/node/7244106587,v2-c829c8f3e2414108
osm:node:7244252685,S cafe,Hà Nội,restaurant,insufficient_service_evidence,0,https://www.openstreetmap.org/node/7244252685,v2-c829c8f3e2414108
osm:node:7246990985,Take Eat Easy,Hà Nội,cafe,insufficient_service_evidence,0,https://www.openstreetmap.org/node/7246990985,v2-c829c8f3e2414108
osm:node:7259793385,Sauce Nuoc Mam,Đà Nẵng,museum,insufficient_service_evidence,0,https://www.openstreetmap.org/node/7259793385,v2-c829c8f3e2414108
osm:node:7262851085,BACAMA,Đà Nẵng,cafe,insufficient_service_evidence,0,https://www.openstreetmap.org/node/7262851085,v2-c829c8f3e2414108
osm:node:7265622785,Ying and Yang,Hà Nội,restaurant,insufficient_service_evidence,0,https://www.openstreetmap.org/node/7265622785,v2-c829c8f3e2414108
osm:node:7273815986,Ivo Deli,Đà Nẵng,restaurant,insufficient_service_evidence,0,https://www.openstreetmap.org/node/7273815986,v2-c829c8f3e2414108
osm:node:7276380289,Cầu Sông Hàn,Đà Nẵng,attraction,insufficient_service_evidence,0,https://www.openstreetmap.org/node/7276380289,v2-c829c8f3e2414108
osm:node:7279545186,Cao Lau,Đà Nẵng,restaurant,insufficient_service_evidence,0,https://www.openstreetmap.org/node/7279545186,v2-c829c8f3e2414108
osm:node:7281943185,Trung Hoa,Đà Nẵng,cafe,insufficient_service_evidence,0,https://www.openstreetmap.org/node/7281943185,v2-c829c8f3e2414108
osm:node:7281943485,Tiêm Cafè,Đà Nẵng,cafe,insufficient_service_evidence,0,https://www.openstreetmap.org/node/7281943485,v2-c829c8f3e2414108
osm:node:7282442185,Cafe Anh,Đà Nẵng,cafe,insufficient_service_evidence,0,https://www.openstreetmap.org/node/7282442185,v2-c829c8f3e2414108
osm:node:7283053385,Red bean restaurant,Đà Nẵng,restaurant,insufficient_service_evidence,0,https://www.openstreetmap.org/node/7283053385,v2-c829c8f3e2414108
osm:node:7283053485,Non villa hoian,Đà Nẵng,restaurant,insufficient_service_evidence,0,https://www.openstreetmap.org/node/7283053485,v2-c829c8f3e2414108
osm:node:7283053486,Lefe dining place,Đà Nẵng,restaurant,insufficient_service_evidence,0,https://www.openstreetmap.org/node/7283053486,v2-c829c8f3e2414108
osm:node:7283053585,Mai home Hoi an,Đà Nẵng,restaurant,insufficient_service_evidence,0,https://www.openstreetmap.org/node/7283053585,v2-c829c8f3e2414108
osm:node:7290826385,May Coffee,Đà Nẵng,cafe,insufficient_service_evidence,0,https://www.openstreetmap.org/node/7290826385,v2-c829c8f3e2414108
osm:node:729406384,CaPhe Thu Uyen,Đà Nẵng,cafe,insufficient_service_evidence,0,https://www.openstreetmap.org/node/729406384,v2-c829c8f3e2414108
osm:node:729406385,Cafe Win,Đà Nẵng,cafe,insufficient_service_evidence,0,https://www.openstreetmap.org/node/729406385,v2-c829c8f3e2414108
osm:node:729406386,CafeKhanh Ly,Đà Nẵng,cafe,insufficient_service_evidence,0,https://www.openstreetmap.org/node/729406386,v2-c829c8f3e2414108
osm:node:729406387,ThanhBinh Coffee,Đà Nẵng,cafe,insufficient_service_evidence,0,https://www.openstreetmap.org/node/729406387,v2-c829c8f3e2414108
osm:node:729406388,CaPhe Fantasy,Đà Nẵng,cafe,insufficient_service_evidence,0,https://www.openstreetmap.org/node/729406388,v2-c829c8f3e2414108
osm:node:729406389,CaPhe Lang Tien,Đà Nẵng,cafe,insufficient_service_evidence,0,https://www.openstreetmap.org/node/729406389,v2-c829c8f3e2414108
osm:node:729406390,KieuLien Coffee,Đà Nẵng,cafe,insufficient_service_evidence,0,https://www.openstreetmap.org/node/729406390,v2-c829c8f3e2414108
osm:node:729406391,Cafe Truc Phuong,Đà Nẵng,cafe,insufficient_service_evidence,0,https://www.openstreetmap.org/node/729406391,v2-c829c8f3e2414108
osm:node:729406392,Ca Phe 83,Đà Nẵng,cafe,insufficient_service_evidence,0,https://www.openstreetmap.org/node/729406392,v2-c829c8f3e2414108
osm:node:729406393,Cafe Dong Xanh,Đà Nẵng,cafe,insufficient_service_evidence,0,https://www.openstreetmap.org/node/729406393,v2-c829c8f3e2414108
osm:node:729406394,CafeTo Be,Đà Nẵng,cafe,insufficient_service_evidence,0,https://www.openstreetmap.org/node/729406394,v2-c829c8f3e2414108
osm:node:729406396,MuoiChau Coffee,Đà Nẵng,cafe,insufficient_service_evidence,0,https://www.openstreetmap.org/node/729406396,v2-c829c8f3e2414108
osm:node:729406397,CaPhe Sao Mai,Đà Nẵng,cafe,insufficient_service_evidence,0,https://www.openstreetmap.org/node/729406397,v2-c829c8f3e2414108
osm:node:729406398,MienThao Coffee,Đà Nẵng,cafe,insufficient_service_evidence,0,https://www.openstreetmap.org/node/729406398,v2-c829c8f3e2414108
osm:node:729406399,GmcCoffee,Đà Nẵng,cafe,insufficient_service_evidence,0,https://www.openstreetmap.org/node/729406399,v2-c829c8f3e2414108
osm:node:729406400,CaPhe 3 Ladies,Đà Nẵng,cafe,insufficient_service_evidence,0,https://www.openstreetmap.org/node/729406400,v2-c829c8f3e2414108
osm:node:729406401,OnenineCoffee,Đà Nẵng,cafe,insufficient_service_evidence,0,https://www.openstreetmap.org/node/729406401,v2-c829c8f3e2414108
osm:node:729406402,Ca Phe Thuan,Đà Nẵng,cafe,insufficient_service_evidence,0,https://www.openstreetmap.org/node/729406402,v2-c829c8f3e2414108
osm:node:729406403,CafeGiai Khat 204,Đà Nẵng,cafe,insufficient_service_evidence,0,https://www.openstreetmap.org/node/729406403,v2-c829c8f3e2414108
osm:node:729406404,CaPhe Konia,Đà Nẵng,cafe,insufficient_service_evidence,0,https://www.openstreetmap.org/node/729406404,v2-c829c8f3e2414108
osm:node:729406405,VuonNguyet Khue Vien Coffee,Đà Nẵng,cafe,insufficient_service_evidence,0,https://www.openstreetmap.org/node/729406405,v2-c829c8f3e2414108
osm:node:729406406,CafeNguyen,Đà Nẵng,cafe,insufficient_service_evidence,0,https://www.openstreetmap.org/node/729406406,v2-c829c8f3e2414108
osm:node:729406407,NgocVan Coffee,Đà Nẵng,cafe,insufficient_service_evidence,0,https://www.openstreetmap.org/node/729406407,v2-c829c8f3e2414108
osm:node:729406408,CafeLuna,Đà Nẵng,cafe,insufficient_service_evidence,0,https://www.openstreetmap.org/node/729406408,v2-c829c8f3e2414108
osm:node:729406410,CafeBao Dang,Đà Nẵng,cafe,insufficient_service_evidence,0,https://www.openstreetmap.org/node/729406410,v2-c829c8f3e2414108
osm:node:729406411,AnhLinh Coffee,Đà Nẵng,cafe,insufficient_service_evidence,0,https://www.openstreetmap.org/node/729406411,v2-c829c8f3e2414108
osm:node:729406412,HoaTieu Coffee,Đà Nẵng,cafe,insufficient_service_evidence,0,https://www.openstreetmap.org/node/729406412,v2-c829c8f3e2414108
osm:node:729406413,Giai Khat Quang,Đà Nẵng,cafe,insufficient_service_evidence,0,https://www.openstreetmap.org/node/729406413,v2-c829c8f3e2414108
osm:node:729406414,Cafe72,Đà Nẵng,cafe,insufficient_service_evidence,0,https://www.openstreetmap.org/node/729406414,v2-c829c8f3e2414108
osm:node:729406415,ThanhHuong Coffee,Đà Nẵng,cafe,insufficient_service_evidence,0,https://www.openstreetmap.org/node/729406415,v2-c829c8f3e2414108
osm:node:729406416,CaPhe Hoang Anh,Đà Nẵng,cafe,insufficient_service_evidence,0,https://www.openstreetmap.org/node/729406416,v2-c829c8f3e2414108
osm:node:729406417,AnhLinh Coffee,Đà Nẵng,cafe,insufficient_service_evidence,0,https://www.openstreetmap.org/node/729406417,v2-c829c8f3e2414108
osm:node:729406418,VuonThao Coffee,Đà Nẵng,cafe,insufficient_service_evidence,0,https://www.openstreetmap.org/node/729406418,v2-c829c8f3e2414108
osm:node:729406419,324Coffee,Đà Nẵng,cafe,insufficient_service_evidence,0,https://www.openstreetmap.org/node/729406419,v2-c829c8f3e2414108
osm:node:729406420,Nhà Hàng Chay & Cà Phê Thúp An,Đà Nẵng,restaurant,insufficient_service_evidence,0,https://www.openstreetmap.org/node/729406420,v2-c829c8f3e2414108
osm:node:729406421,PhoSao Coffee,Đà Nẵng,cafe,insufficient_service_evidence,0,https://www.openstreetmap.org/node/729406421,v2-c829c8f3e2414108
osm:node:729406422,BaoNhi Coffee,Đà Nẵng,cafe,insufficient_service_evidence,0,https://www.openstreetmap.org/node/729406422,v2-c829c8f3e2414108
osm:node:729406423,CafeBan Toi,Đà Nẵng,cafe,insufficient_service_evidence,0,https://www.openstreetmap.org/node/729406423,v2-c829c8f3e2414108
osm:node:729406424,CaPhe Nhat Linh,Đà Nẵng,cafe,insufficient_service_evidence,0,https://www.openstreetmap.org/node/729406424,v2-c829c8f3e2414108
osm:node:729406425,CafeThoang Sai Gon,Đà Nẵng,cafe,insufficient_service_evidence,0,https://www.openstreetmap.org/node/729406425,v2-c829c8f3e2414108
osm:node:729406426,CaPhe Trung,Đà Nẵng,cafe,insufficient_service_evidence,0,https://www.openstreetmap.org/node/729406426,v2-c829c8f3e2414108
osm:node:729406427,CaPhe Thu Dung,Đà Nẵng,cafe,insufficient_service_evidence,0,https://www.openstreetmap.org/node/729406427,v2-c829c8f3e2414108
osm:node:729406428,Cafe219,Đà Nẵng,cafe,insufficient_service_evidence,0,https://www.openstreetmap.org/node/729406428,v2-c829c8f3e2414108
osm:node:729406429,ThanhThuy Coffee,Đà Nẵng,cafe,insufficient_service_evidence,0,https://www.openstreetmap.org/node/729406429,v2-c829c8f3e2414108
osm:node:729406430,CaPhe Long,Đà Nẵng,cafe,insufficient_service_evidence,0,https://www.openstreetmap.org/node/729406430,v2-c829c8f3e2414108
osm:node:729406431,MyDuyen Coffee,Đà Nẵng,cafe,insufficient_service_evidence,0,https://www.openstreetmap.org/node/729406431,v2-c829c8f3e2414108
osm:node:729406432,Ca Phe New Life,Đà Nẵng,cafe,insufficient_service_evidence,0,https://www.openstreetmap.org/node/729406432,v2-c829c8f3e2414108
osm:node:729406433,CaPhe Bong Da 14,Đà Nẵng,cafe,insufficient_service_evidence,0,https://www.openstreetmap.org/node/729406433,v2-c829c8f3e2414108
osm:node:729406434,CaPhe New Life,Đà Nẵng,cafe,insufficient_service_evidence,0,https://www.openstreetmap.org/node/729406434,v2-c829c8f3e2414108
osm:node:729406436,ThanhHuong Coffee,Đà Nẵng,cafe,insufficient_service_evidence,0,https://www.openstreetmap.org/node/729406436,v2-c829c8f3e2414108
osm:node:729406437,Ca Phe Chieu Tim,Đà Nẵng,cafe,insufficient_service_evidence,0,https://www.openstreetmap.org/node/729406437,v2-c829c8f3e2414108
osm:node:729406438,ThanhHong Coffee,Đà Nẵng,cafe,insufficient_service_evidence,0,https://www.openstreetmap.org/node/729406438,v2-c829c8f3e2414108
osm:node:729406439,Cafe153,Đà Nẵng,cafe,insufficient_service_evidence,0,https://www.openstreetmap.org/node/729406439,v2-c829c8f3e2414108
osm:node:729406440,TigonCoffee,Đà Nẵng,cafe,insufficient_service_evidence,0,https://www.openstreetmap.org/node/729406440,v2-c829c8f3e2414108
osm:node:729406441,LindaCoffee,Đà Nẵng,cafe,insufficient_service_evidence,0,https://www.openstreetmap.org/node/729406441,v2-c829c8f3e2414108
osm:node:729406442,MyPhuc Coffee,Đà Nẵng,cafe,insufficient_service_evidence,0,https://www.openstreetmap.org/node/729406442,v2-c829c8f3e2414108
osm:node:729406444,ThanhTruc Coffee,Đà Nẵng,cafe,insufficient_service_evidence,0,https://www.openstreetmap.org/node/729406444,v2-c829c8f3e2414108
osm:node:729406445,TrucTam Coffee,Đà Nẵng,cafe,insufficient_service_evidence,0,https://www.openstreetmap.org/node/729406445,v2-c829c8f3e2414108
osm:node:729406446,Ca Phe Giai Khat Yen Trang,Đà Nẵng,cafe,insufficient_service_evidence,0,https://www.openstreetmap.org/node/729406446,v2-c829c8f3e2414108
osm:node:729406447,NhatHa Coffee Ice Cream,Đà Nẵng,cafe,insufficient_service_evidence,0,https://www.openstreetmap.org/node/729406447,v2-c829c8f3e2414108
osm:node:729406448,CaPhe Kien Viet,Đà Nẵng,cafe,insufficient_service_evidence,0,https://www.openstreetmap.org/node/729406448,v2-c829c8f3e2414108
osm:node:729406449,HolidayCoffee,Đà Nẵng,cafe,insufficient_service_evidence,0,https://www.openstreetmap.org/node/729406449,v2-c829c8f3e2414108
osm:node:729406450,CaPhe Sao Mai,Đà Nẵng,cafe,insufficient_service_evidence,0,https://www.openstreetmap.org/node/729406450,v2-c829c8f3e2414108
osm:node:729406451,NgocAnh Coffee,Đà Nẵng,cafe,insufficient_service_evidence,0,https://www.openstreetmap.org/node/729406451,v2-c829c8f3e2414108
osm:node:729406452,Loc Thu,Đà Nẵng,cafe,insufficient_service_evidence,0,https://www.openstreetmap.org/node/729406452,v2-c829c8f3e2414108
osm:node:729406453,HongAn Coffee,Đà Nẵng,cafe,insufficient_service_evidence,0,https://www.openstreetmap.org/node/729406453,v2-c829c8f3e2414108
osm:node:729406454,GiaiKhat 115 Coffee,Đà Nẵng,cafe,insufficient_service_evidence,0,https://www.openstreetmap.org/node/729406454,v2-c829c8f3e2414108
osm:node:729406455,SaoMai Coffee,Đà Nẵng,cafe,insufficient_service_evidence,0,https://www.openstreetmap.org/node/729406455,v2-c829c8f3e2414108
osm:node:729406456,CafeThanh Hoa,Đà Nẵng,cafe,insufficient_service_evidence,0,https://www.openstreetmap.org/node/729406456,v2-c829c8f3e2414108
osm:node:729406457,Ca Phe Paris Da,Đà Nẵng,cafe,insufficient_service_evidence,0,https://www.openstreetmap.org/node/729406457,v2-c829c8f3e2414108
osm:node:729406458,CaPhe Delta,Đà Nẵng,cafe,insufficient_service_evidence,0,https://www.openstreetmap.org/node/729406458,v2-c829c8f3e2414108
osm:node:729406459,ThuyVan Coffee,Đà Nẵng,cafe,insufficient_service_evidence,0,https://www.openstreetmap.org/node/729406459,v2-c829c8f3e2414108
osm:node:729406460,NangMai Coffee,Đà Nẵng,cafe,insufficient_service_evidence,0,https://www.openstreetmap.org/node/729406460,v2-c829c8f3e2414108
osm:node:729406461,Ca Phe Trung,Đà Nẵng,cafe,insufficient_service_evidence,0,https://www.openstreetmap.org/node/729406461,v2-c829c8f3e2414108
osm:node:729406462,Ca Phe Cam Ni,Đà Nẵng,cafe,insufficient_service_evidence,0,https://www.openstreetmap.org/node/729406462,v2-c829c8f3e2414108
osm:node:729406463,Ca Phe Bien Nho,Đà Nẵng,cafe,insufficient_service_evidence,0,https://www.openstreetmap.org/node/729406463,v2-c829c8f3e2414108
osm:node:729406464,CayBang Coffee,Đà Nẵng,cafe,insufficient_service_evidence,0,https://www.openstreetmap.org/node/729406464,v2-c829c8f3e2414108
osm:node:729406465,Cafe Giai Khat 417,Đà Nẵng,cafe,insufficient_service_evidence,0,https://www.openstreetmap.org/node/729406465,v2-c829c8f3e2414108
osm:node:729406466,CaPhe Win Win,Đà Nẵng,cafe,insufficient_service_evidence,0,https://www.openstreetmap.org/node/729406466,v2-c829c8f3e2414108
osm:node:729406469,CaPhe Minh Khanh,Đà Nẵng,cafe,insufficient_service_evidence,0,https://www.openstreetmap.org/node/729406469,v2-c829c8f3e2414108
osm:node:729406470,CaPhe Hoa Co May,Đà Nẵng,cafe,insufficient_service_evidence,0,https://www.openstreetmap.org/node/729406470,v2-c829c8f3e2414108
osm:node:729406471,55Coffee,Đà Nẵng,cafe,insufficient_service_evidence,0,https://www.openstreetmap.org/node/729406471,v2-c829c8f3e2414108
osm:node:729406472,PlanttreesCoffee,Đà Nẵng,cafe,insufficient_service_evidence,0,https://www.openstreetmap.org/node/729406472,v2-c829c8f3e2414108
osm:node:729406473,PhuongMai Coffee,Đà Nẵng,cafe,insufficient_service_evidence,0,https://www.openstreetmap.org/node/729406473,v2-c829c8f3e2414108
osm:node:729406474,TigonCoffee,Đà Nẵng,cafe,insufficient_service_evidence,0,https://www.openstreetmap.org/node/729406474,v2-c829c8f3e2414108
osm:node:729406475,Cà phê Trung Nguyên,Đà Nẵng,cafe,insufficient_service_evidence,0,https://www.openstreetmap.org/node/729406475,v2-c829c8f3e2414108
osm:node:729406476,TrungDuong Coffee,Đà Nẵng,cafe,insufficient_service_evidence,0,https://www.openstreetmap.org/node/729406476,v2-c829c8f3e2414108
osm:node:729406477,Nha Que,Đà Nẵng,cafe,insufficient_service_evidence,0,https://www.openstreetmap.org/node/729406477,v2-c829c8f3e2414108
osm:node:729406478,CayTao Coffee,Đà Nẵng,cafe,insufficient_service_evidence,0,https://www.openstreetmap.org/node/729406478,v2-c829c8f3e2414108
osm:node:729406479,Ca Phe May Chieu,Đà Nẵng,cafe,insufficient_service_evidence,0,https://www.openstreetmap.org/node/729406479,v2-c829c8f3e2414108
osm:node:729406480,Ca Phe Vuon Noi,Đà Nẵng,cafe,insufficient_service_evidence,0,https://www.openstreetmap.org/node/729406480,v2-c829c8f3e2414108
osm:node:729406481,CafeMuzik,Đà Nẵng,cafe,insufficient_service_evidence,0,https://www.openstreetmap.org/node/729406481,v2-c829c8f3e2414108
osm:node:729406482,LyNa Coffee,Đà Nẵng,cafe,insufficient_service_evidence,0,https://www.openstreetmap.org/node/729406482,v2-c829c8f3e2414108
osm:node:729406483,CafeNhu Quynh,Đà Nẵng,cafe,insufficient_service_evidence,0,https://www.openstreetmap.org/node/729406483,v2-c829c8f3e2414108
osm:node:729406485,Cafe Yen Nhi,Đà Nẵng,cafe,insufficient_service_evidence,0,https://www.openstreetmap.org/node/729406485,v2-c829c8f3e2414108
osm:node:729406487,Homie Coffee,Đà Nẵng,cafe,insufficient_service_evidence,0,https://www.openstreetmap.org/node/729406487,v2-c829c8f3e2414108
osm:node:729406488,HongAn Coffee,Đà Nẵng,cafe,insufficient_service_evidence,0,https://www.openstreetmap.org/node/729406488,v2-c829c8f3e2414108
osm:node:729406489,N T Coffee,Đà Nẵng,cafe,insufficient_service_evidence,0,https://www.openstreetmap.org/node/729406489,v2-c829c8f3e2414108
osm:node:729406490,74Coffee,Đà Nẵng,cafe,insufficient_service_evidence,0,https://www.openstreetmap.org/node/729406490,v2-c829c8f3e2414108
osm:node:729406491,Cafe61,Đà Nẵng,cafe,insufficient_service_evidence,0,https://www.openstreetmap.org/node/729406491,v2-c829c8f3e2414108
osm:node:729406492,TamCoffee,Đà Nẵng,cafe,insufficient_service_evidence,0,https://www.openstreetmap.org/node/729406492,v2-c829c8f3e2414108
osm:node:729406493,MeTrang Coffee,Đà Nẵng,cafe,insufficient_service_evidence,0,https://www.openstreetmap.org/node/729406493,v2-c829c8f3e2414108
osm:node:729406494,CaPhe Rang Dong,Đà Nẵng,cafe,insufficient_service_evidence,0,https://www.openstreetmap.org/node/729406494,v2-c829c8f3e2414108
osm:node:729406496,Nhà in 240 Lê DUẪN,Đà Nẵng,cafe,insufficient_service_evidence,0,https://www.openstreetmap.org/node/729406496,v2-c829c8f3e2414108
osm:node:729406498,GiaiKhat Thanh Ha Coffee,Đà Nẵng,cafe,insufficient_service_evidence,0,https://www.openstreetmap.org/node/729406498,v2-c829c8f3e2414108
osm:node:729406499,ThaoUyen Coffee,Đà Nẵng,cafe,insufficient_service_evidence,0,https://www.openstreetmap.org/node/729406499,v2-c829c8f3e2414108
osm:node:729406500,Ca Phe Thanh Huyen,Đà Nẵng,cafe,insufficient_service_evidence,0,https://www.openstreetmap.org/node/729406500,v2-c829c8f3e2414108
osm:node:729406501,TuanCoffee,Đà Nẵng,cafe,insufficient_service_evidence,0,https://www.openstreetmap.org/node/729406501,v2-c829c8f3e2414108
osm:node:729406502,Ca Phe Phuong Nam,Đà Nẵng,cafe,insufficient_service_evidence,0,https://www.openstreetmap.org/node/729406502,v2-c829c8f3e2414108
osm:node:729406503,MinhAnh Coffee,Đà Nẵng,cafe,insufficient_service_evidence,0,https://www.openstreetmap.org/node/729406503,v2-c829c8f3e2414108
osm:node:729406504,CaPhe Chau,Đà Nẵng,cafe,insufficient_service_evidence,0,https://www.openstreetmap.org/node/729406504,v2-c829c8f3e2414108
osm:node:729406505,Cafe27,Đà Nẵng,cafe,insufficient_service_evidence,0,https://www.openstreetmap.org/node/729406505,v2-c829c8f3e2414108
osm:node:729406506,CaPhe Bar Diem Tam Nguyen Thy,Đà Nẵng,cafe,insufficient_service_evidence,0,https://www.openstreetmap.org/node/729406506,v2-c829c8f3e2414108
osm:node:729406507,GocNho Coffee,Đà Nẵng,cafe,insufficient_service_evidence,0,https://www.openstreetmap.org/node/729406507,v2-c829c8f3e2414108
osm:node:729406508,Cafe Manila,Đà Nẵng,cafe,insufficient_service_evidence,0,https://www.openstreetmap.org/node/729406508,v2-c829c8f3e2414108
osm:node:729406509,CaPhe Dragon,Đà Nẵng,cafe,insufficient_service_evidence,0,https://www.openstreetmap.org/node/729406509,v2-c829c8f3e2414108
osm:node:729406510,CaPhe Vao Ha,Đà Nẵng,cafe,insufficient_service_evidence,0,https://www.openstreetmap.org/node/729406510,v2-c829c8f3e2414108
osm:node:729406511,TinaCoffee,Đà Nẵng,cafe,insufficient_service_evidence,0,https://www.openstreetmap.org/node/729406511,v2-c829c8f3e2414108
osm:node:729406512,BaoNgoc Coffee,Đà Nẵng,cafe,insufficient_service_evidence,0,https://www.openstreetmap.org/node/729406512,v2-c829c8f3e2414108
osm:node:729406514,CaPhe Muoi Thuong,Đà Nẵng,cafe,insufficient_service_evidence,0,https://www.openstreetmap.org/node/729406514,v2-c829c8f3e2414108
osm:node:729406515,DaKhuc Coffee,Đà Nẵng,cafe,insufficient_service_evidence,0,https://www.openstreetmap.org/node/729406515,v2-c829c8f3e2414108
osm:node:729406516,CafeMusic,Đà Nẵng,cafe,insufficient_service_evidence,0,https://www.openstreetmap.org/node/729406516,v2-c829c8f3e2414108
osm:node:729406517,J T Coffee,Đà Nẵng,cafe,insufficient_service_evidence,0,https://www.openstreetmap.org/node/729406517,v2-c829c8f3e2414108
osm:node:729406518,Ca Phe Ly Thong,Đà Nẵng,cafe,insufficient_service_evidence,0,https://www.openstreetmap.org/node/729406518,v2-c829c8f3e2414108
osm:node:729406519,Cafe34,Đà Nẵng,cafe,insufficient_service_evidence,0,https://www.openstreetmap.org/node/729406519,v2-c829c8f3e2414108
osm:node:729406520,Ca Phe Phuong Linh,Đà Nẵng,cafe,insufficient_service_evidence,0,https://www.openstreetmap.org/node/729406520,v2-c829c8f3e2414108
osm:node:729406521,CafeHai Ha,Đà Nẵng,cafe,insufficient_service_evidence,0,https://www.openstreetmap.org/node/729406521,v2-c829c8f3e2414108
osm:node:729406522,GocPho Coffee,Đà Nẵng,cafe,insufficient_service_evidence,0,https://www.openstreetmap.org/node/729406522,v2-c829c8f3e2414108
osm:node:729406524,Cafe Thien Thanh,Đà Nẵng,cafe,insufficient_service_evidence,0,https://www.openstreetmap.org/node/729406524,v2-c829c8f3e2414108
osm:node:729406525,CaPhe Tung Lam,Đà Nẵng,cafe,insufficient_service_evidence,0,https://www.openstreetmap.org/node/729406525,v2-c829c8f3e2414108
osm:node:729406526,CafeTri,Đà Nẵng,cafe,insufficient_service_evidence,0,https://www.openstreetmap.org/node/729406526,v2-c829c8f3e2414108
osm:node:729406528,Ca Phe Thanh Tuan,Đà Nẵng,cafe,insufficient_service_evidence,0,https://www.openstreetmap.org/node/729406528,v2-c829c8f3e2414108
osm:node:729406529,YoungCafe,Đà Nẵng,cafe,insufficient_service_evidence,0,https://www.openstreetmap.org/node/729406529,v2-c829c8f3e2414108
osm:node:729406530,CafeBui,Đà Nẵng,cafe,insufficient_service_evidence,0,https://www.openstreetmap.org/node/729406530,v2-c829c8f3e2414108
osm:node:729406531,HoaCau Garden Coffee,Đà Nẵng,cafe,insufficient_service_evidence,0,https://www.openstreetmap.org/node/729406531,v2-c829c8f3e2414108
osm:node:729406532,SuminCoffee,Đà Nẵng,cafe,insufficient_service_evidence,0,https://www.openstreetmap.org/node/729406532,v2-c829c8f3e2414108
osm:node:729406533,CaPhe Tan The Thao,Đà Nẵng,cafe,insufficient_service_evidence,0,https://www.openstreetmap.org/node/729406533,v2-c829c8f3e2414108
osm:node:729406534,BarCa Phe Quynh Anh,Đà Nẵng,cafe,insufficient_service_evidence,0,https://www.openstreetmap.org/node/729406534,v2-c829c8f3e2414108
osm:node:729406535,KimChi Coffee,Đà Nẵng,cafe,insufficient_service_evidence,0,https://www.openstreetmap.org/node/729406535,v2-c829c8f3e2414108
osm:node:729406536,Cafe Matrix,Đà Nẵng,cafe,insufficient_service_evidence,0,https://www.openstreetmap.org/node/729406536,v2-c829c8f3e2414108
osm:node:729406537,NiceCoffee,Đà Nẵng,cafe,insufficient_service_evidence,0,https://www.openstreetmap.org/node/729406537,v2-c829c8f3e2414108
osm:node:729406538,Cafe Tây Sơn,Đà Nẵng,cafe,insufficient_service_evidence,0,https://www.openstreetmap.org/node/729406538,v2-c829c8f3e2414108
osm:node:729406539,GiaiKhat Robben Coffee,Đà Nẵng,cafe,insufficient_service_evidence,0,https://www.openstreetmap.org/node/729406539,v2-c829c8f3e2414108
osm:node:729406540,CafeCao Nguyen,Đà Nẵng,cafe,insufficient_service_evidence,0,https://www.openstreetmap.org/node/729406540,v2-c829c8f3e2414108
osm:node:729406541,LuuLy Coffee,Đà Nẵng,cafe,insufficient_service_evidence,0,https://www.openstreetmap.org/node/729406541,v2-c829c8f3e2414108
osm:node:729406542,CafeThao Uyen,Đà Nẵng,cafe,insufficient_service_evidence,0,https://www.openstreetmap.org/node/729406542,v2-c829c8f3e2414108
osm:node:729406543,CaPhe Luna,Đà Nẵng,cafe,insufficient_service_evidence,0,https://www.openstreetmap.org/node/729406543,v2-c829c8f3e2414108
osm:node:729406544,HaoHao Coffee,Đà Nẵng,cafe,insufficient_service_evidence,0,https://www.openstreetmap.org/node/729406544,v2-c829c8f3e2414108
osm:node:729406545,DuyThanh Coffee,Đà Nẵng,cafe,insufficient_service_evidence,0,https://www.openstreetmap.org/node/729406545,v2-c829c8f3e2414108
osm:node:729406546,CaPhe Vuon Da Bien,Đà Nẵng,cafe,insufficient_service_evidence,0,https://www.openstreetmap.org/node/729406546,v2-c829c8f3e2414108
osm:node:729406547,LuckyCoffee,Đà Nẵng,cafe,insufficient_service_evidence,0,https://www.openstreetmap.org/node/729406547,v2-c829c8f3e2414108
osm:node:729406548,CafeToday,Đà Nẵng,cafe,insufficient_service_evidence,0,https://www.openstreetmap.org/node/729406548,v2-c829c8f3e2414108
osm:node:729406549,PhoCoffee,Đà Nẵng,cafe,insufficient_service_evidence,0,https://www.openstreetmap.org/node/729406549,v2-c829c8f3e2414108
osm:node:729406550,Ca Phe Giai Khat Thanh Van,Đà Nẵng,cafe,insufficient_service_evidence,0,https://www.openstreetmap.org/node/729406550,v2-c829c8f3e2414108
osm:node:729406551,CaPhe Tuoi Hong,Đà Nẵng,cafe,insufficient_service_evidence,0,https://www.openstreetmap.org/node/729406551,v2-c829c8f3e2414108
osm:node:729406552,DinhCoffee,Đà Nẵng,cafe,insufficient_service_evidence,0,https://www.openstreetmap.org/node/729406552,v2-c829c8f3e2414108
osm:node:729406553,BaoTran Coffee,Đà Nẵng,cafe,insufficient_service_evidence,0,https://www.openstreetmap.org/node/729406553,v2-c829c8f3e2414108
osm:node:729406554,MatBien Coffee,Đà Nẵng,cafe,insufficient_service_evidence,0,https://www.openstreetmap.org/node/729406554,v2-c829c8f3e2414108
osm:node:729406555,CafeCat Tien,Đà Nẵng,cafe,insufficient_service_evidence,0,https://www.openstreetmap.org/node/729406555,v2-c829c8f3e2414108
osm:node:729406556,Ca Phe Thanh Thanh,Đà Nẵng,cafe,insufficient_service_evidence,0,https://www.openstreetmap.org/node/729406556,v2-c829c8f3e2414108
osm:node:729406557,BachDat Coffee,Đà Nẵng,cafe,insufficient_service_evidence,0,https://www.openstreetmap.org/node/729406557,v2-c829c8f3e2414108
osm:node:729406558,CafeNew Life,Đà Nẵng,cafe,insufficient_service_evidence,0,https://www.openstreetmap.org/node/729406558,v2-c829c8f3e2414108
osm:node:729406559,Ca Phe Van Anh,Đà Nẵng,cafe,insufficient_service_evidence,0,https://www.openstreetmap.org/node/729406559,v2-c829c8f3e2414108
osm:node:729406560,LongCoffee,Đà Nẵng,cafe,insufficient_service_evidence,0,https://www.openstreetmap.org/node/729406560,v2-c829c8f3e2414108
osm:node:729406562,QuynhThuy Coffee,Đà Nẵng,cafe,insufficient_service_evidence,0,https://www.openstreetmap.org/node/729406562,v2-c829c8f3e2414108
osm:node:729406563,TrucXinh Coffee,Đà Nẵng,cafe,insufficient_service_evidence,0,https://www.openstreetmap.org/node/729406563,v2-c829c8f3e2414108
osm:node:729406564,HoaLan Coffee,Đà Nẵng,cafe,insufficient_service_evidence,0,https://www.openstreetmap.org/node/729406564,v2-c829c8f3e2414108
osm:node:729406565,Cafe Anh Linh,Đà Nẵng,cafe,insufficient_service_evidence,0,https://www.openstreetmap.org/node/729406565,v2-c829c8f3e2414108
osm:node:729406566,CaPhe Dan,Đà Nẵng,cafe,insufficient_service_evidence,0,https://www.openstreetmap.org/node/729406566,v2-c829c8f3e2414108
osm:node:729406567,Cafe33,Đà Nẵng,cafe,insufficient_service_evidence,0,https://www.openstreetmap.org/node/729406567,v2-c829c8f3e2414108
osm:node:729406568,QuynhMai Coffee,Đà Nẵng,cafe,insufficient_service_evidence,0,https://www.openstreetmap.org/node/729406568,v2-c829c8f3e2414108
osm:node:729406569,CafePhuong Vy,Đà Nẵng,cafe,insufficient_service_evidence,0,https://www.openstreetmap.org/node/729406569,v2-c829c8f3e2414108
osm:node:729406570,CaPhe Relax,Đà Nẵng,cafe,insufficient_service_evidence,0,https://www.openstreetmap.org/node/729406570,v2-c829c8f3e2414108
osm:node:729406571,WifiThao Chi Coffee,Đà Nẵng,cafe,insufficient_service_evidence,0,https://www.openstreetmap.org/node/729406571,v2-c829c8f3e2414108
osm:node:729406572,HongAnh Coffee,Đà Nẵng,cafe,insufficient_service_evidence,0,https://www.openstreetmap.org/node/729406572,v2-c829c8f3e2414108
osm:node:729406573,CaPhe Mien Nhiet Doi,Đà Nẵng,cafe,insufficient_service_evidence,0,https://www.openstreetmap.org/node/729406573,v2-c829c8f3e2414108
osm:node:729406574,PhuongCoffee,Đà Nẵng,cafe,insufficient_service_evidence,0,https://www.openstreetmap.org/node/729406574,v2-c829c8f3e2414108
osm:node:729406575,Ca Phe Jet,Đà Nẵng,cafe,insufficient_service_evidence,0,https://www.openstreetmap.org/node/729406575,v2-c829c8f3e2414108
osm:node:729406576,CafeGarden,Đà Nẵng,cafe,insufficient_service_evidence,0,https://www.openstreetmap.org/node/729406576,v2-c829c8f3e2414108
osm:node:729406577,Ca Phe Huong Xuan,Đà Nẵng,cafe,insufficient_service_evidence,0,https://www.openstreetmap.org/node/729406577,v2-c829c8f3e2414108
osm:node:729406578,CafeBillards,Đà Nẵng,cafe,insufficient_service_evidence,0,https://www.openstreetmap.org/node/729406578,v2-c829c8f3e2414108
osm:node:729406580,CaPhe Huy,Đà Nẵng,cafe,insufficient_service_evidence,0,https://www.openstreetmap.org/node/729406580,v2-c829c8f3e2414108
osm:node:729406582,QanCafe Giai Khat,Đà Nẵng,cafe,insufficient_service_evidence,0,https://www.openstreetmap.org/node/729406582,v2-c829c8f3e2414108
osm:node:729406583,CafeThuy Duong,Đà Nẵng,cafe,insufficient_service_evidence,0,https://www.openstreetmap.org/node/729406583,v2-c829c8f3e2414108
osm:node:729406584,GiaiKhat Hong Anh Coffee,Đà Nẵng,cafe,insufficient_service_evidence,0,https://www.openstreetmap.org/node/729406584,v2-c829c8f3e2414108
osm:node:729406585,LyLy Coffee,Đà Nẵng,cafe,insufficient_service_evidence,0,https://www.openstreetmap.org/node/729406585,v2-c829c8f3e2414108
osm:node:729406586,NhaUyen Coffee,Đà Nẵng,cafe,insufficient_service_evidence,0,https://www.openstreetmap.org/node/729406586,v2-c829c8f3e2414108
osm:node:729406588,42Coffee,Đà Nẵng,cafe,insufficient_service_evidence,0,https://www.openstreetmap.org/node/729406588,v2-c829c8f3e2414108
osm:node:729406589,Ca Phe Hoang Uyen,Đà Nẵng,cafe,insufficient_service_evidence,0,https://www.openstreetmap.org/node/729406589,v2-c829c8f3e2414108
osm:node:729406590,DuyenCoffee,Đà Nẵng,cafe,insufficient_service_evidence,0,https://www.openstreetmap.org/node/729406590,v2-c829c8f3e2414108
osm:node:729406592,Cafe Giai Khat Loc Vung,Đà Nẵng,cafe,insufficient_service_evidence,0,https://www.openstreetmap.org/node/729406592,v2-c829c8f3e2414108
osm:node:729406593,QuynhAnh Coffee,Đà Nẵng,cafe,insufficient_service_evidence,0,https://www.openstreetmap.org/node/729406593,v2-c829c8f3e2414108
osm:node:729406594,352Coffee,Đà Nẵng,cafe,insufficient_service_evidence,0,https://www.openstreetmap.org/node/729406594,v2-c829c8f3e2414108
osm:node:729406596,CaPhe My,Đà Nẵng,cafe,insufficient_service_evidence,0,https://www.openstreetmap.org/node/729406596,v2-c829c8f3e2414108
osm:node:729406597,CaPhe Anh Tien,Đà Nẵng,cafe,insufficient_service_evidence,0,https://www.openstreetmap.org/node/729406597,v2-c829c8f3e2414108
osm:node:729406598,UyenPhuong Coffee,Đà Nẵng,cafe,insufficient_service_evidence,0,https://www.openstreetmap.org/node/729406598,v2-c829c8f3e2414108
osm:node:729406599,ThienAnh Coffee,Đà Nẵng,cafe,insufficient_service_evidence,0,https://www.openstreetmap.org/node/729406599,v2-c829c8f3e2414108
osm:node:729406600,HuongQue Coffee,Đà Nẵng,cafe,insufficient_service_evidence,0,https://www.openstreetmap.org/node/729406600,v2-c829c8f3e2414108
osm:node:729406601,Cà phê Thật,Đà Nẵng,cafe,insufficient_service_evidence,0,https://www.openstreetmap.org/node/729406601,v2-c829c8f3e2414108
osm:node:729406602,Cafe Thanh Thuy,Đà Nẵng,cafe,insufficient_service_evidence,0,https://www.openstreetmap.org/node/729406602,v2-c829c8f3e2414108
osm:node:729406603,HuongDuong Coffee,Đà Nẵng,cafe,insufficient_service_evidence,0,https://www.openstreetmap.org/node/729406603,v2-c829c8f3e2414108
osm:node:729406604,HongDuy Coffee,Đà Nẵng,cafe,insufficient_service_evidence,0,https://www.openstreetmap.org/node/729406604,v2-c829c8f3e2414108
osm:node:729406605,ChipChip Coffee,Đà Nẵng,cafe,insufficient_service_evidence,0,https://www.openstreetmap.org/node/729406605,v2-c829c8f3e2414108
osm:node:729406606,Cafe Mat Trang Xanh,Đà Nẵng,cafe,insufficient_service_evidence,0,https://www.openstreetmap.org/node/729406606,v2-c829c8f3e2414108
osm:node:729406607,Cafe153,Đà Nẵng,cafe,insufficient_service_evidence,0,https://www.openstreetmap.org/node/729406607,v2-c829c8f3e2414108
osm:node:729406608,Ca Phe Huong Ngoc Lan,Đà Nẵng,cafe,insufficient_service_evidence,0,https://www.openstreetmap.org/node/729406608,v2-c829c8f3e2414108
osm:node:729406609,ThanhLan Coffee,Đà Nẵng,cafe,insufficient_service_evidence,0,https://www.openstreetmap.org/node/729406609,v2-c829c8f3e2414108
osm:node:729406610,Ca Phe 54,Đà Nẵng,cafe,insufficient_service_evidence,0,https://www.openstreetmap.org/node/729406610,v2-c829c8f3e2414108
osm:node:729406611,Cafe Kieu Diem,Đà Nẵng,cafe,insufficient_service_evidence,0,https://www.openstreetmap.org/node/729406611,v2-c829c8f3e2414108
osm:node:729406612,Cafe461,Đà Nẵng,cafe,insufficient_service_evidence,0,https://www.openstreetmap.org/node/729406612,v2-c829c8f3e2414108
osm:node:729406613,Cafe Hai Quynh,Đà Nẵng,cafe,insufficient_service_evidence,0,https://www.openstreetmap.org/node/729406613,v2-c829c8f3e2414108
osm:node:729406614,CafeHuyen Trang,Đà Nẵng,cafe,insufficient_service_evidence,0,https://www.openstreetmap.org/node/729406614,v2-c829c8f3e2414108
osm:node:729406615,Ca Phe Hung,Đà Nẵng,cafe,insufficient_service_evidence,0,https://www.openstreetmap.org/node/729406615,v2-c829c8f3e2414108
osm:node:729406616,CaPhe Diem Hen,Đà Nẵng,cafe,insufficient_service_evidence,0,https://www.openstreetmap.org/node/729406616,v2-c829c8f3e2414108
osm:node:729406617,DieuThu Coffee,Đà Nẵng,cafe,insufficient_service_evidence,0,https://www.openstreetmap.org/node/729406617,v2-c829c8f3e2414108
osm:node:729406618,Ca Phe Brown,Đà Nẵng,cafe,insufficient_service_evidence,0,https://www.openstreetmap.org/node/729406618,v2-c829c8f3e2414108
osm:node:729406620,Cafe New Style,Đà Nẵng,cafe,insufficient_service_evidence,0,https://www.openstreetmap.org/node/729406620,v2-c829c8f3e2414108
osm:node:729406621,CaPhe Kim Trung,Đà Nẵng,cafe,insufficient_service_evidence,0,https://www.openstreetmap.org/node/729406621,v2-c829c8f3e2414108
osm:node:729406622,Cafe79,Đà Nẵng,cafe,insufficient_service_evidence,0,https://www.openstreetmap.org/node/729406622,v2-c829c8f3e2414108
osm:node:729406623,CaPhe Khanh Vy,Đà Nẵng,cafe,insufficient_service_evidence,0,https://www.openstreetmap.org/node/729406623,v2-c829c8f3e2414108
osm:node:729406624,CàPhê Da Nang Pho,Đà Nẵng,cafe,insufficient_service_evidence,0,https://www.openstreetmap.org/node/729406624,v2-c829c8f3e2414108
osm:node:729406625,TrungHien Coffee,Đà Nẵng,cafe,insufficient_service_evidence,0,https://www.openstreetmap.org/node/729406625,v2-c829c8f3e2414108
osm:node:729406626,Cafe 50,Đà Nẵng,cafe,insufficient_service_evidence,0,https://www.openstreetmap.org/node/729406626,v2-c829c8f3e2414108
osm:node:729406627,HongCoffee,Đà Nẵng,cafe,insufficient_service_evidence,0,https://www.openstreetmap.org/node/729406627,v2-c829c8f3e2414108
osm:node:729406628,CafeBen,Đà Nẵng,cafe,insufficient_service_evidence,0,https://www.openstreetmap.org/node/729406628,v2-c829c8f3e2414108
osm:node:729406629,Ca Phe Quynh Huong,Đà Nẵng,cafe,insufficient_service_evidence,0,https://www.openstreetmap.org/node/729406629,v2-c829c8f3e2414108
osm:node:729406630,Cafe Golden Fish,Đà Nẵng,cafe,insufficient_service_evidence,0,https://www.openstreetmap.org/node/729406630,v2-c829c8f3e2414108
osm:node:729406632,Ca Phe Trau Cau,Đà Nẵng,cafe,insufficient_service_evidence,0,https://www.openstreetmap.org/node/729406632,v2-c829c8f3e2414108
osm:node:729406633,157Coffee,Đà Nẵng,cafe,insufficient_service_evidence,0,https://www.openstreetmap.org/node/729406633,v2-c829c8f3e2414108
osm:node:729406634,CaPhe Nguyen Thao,Đà Nẵng,cafe,insufficient_service_evidence,0,https://www.openstreetmap.org/node/729406634,v2-c829c8f3e2414108
osm:node:729406635,PhucDuyen Coffee,Đà Nẵng,cafe,insufficient_service_evidence,0,https://www.openstreetmap.org/node/729406635,v2-c829c8f3e2414108
osm:node:729406636,TuUyen Coffee,Đà Nẵng,cafe,insufficient_service_evidence,0,https://www.openstreetmap.org/node/729406636,v2-c829c8f3e2414108
osm:node:729406637,Cafe Anh,Đà Nẵng,cafe,insufficient_service_evidence,0,https://www.openstreetmap.org/node/729406637,v2-c829c8f3e2414108
osm:node:729406638,CaPhe S Rock Coffee,Đà Nẵng,cafe,insufficient_service_evidence,0,https://www.openstreetmap.org/node/729406638,v2-c829c8f3e2414108
osm:node:729406639,CaPhe Han Pho,Đà Nẵng,cafe,insufficient_service_evidence,0,https://www.openstreetmap.org/node/729406639,v2-c829c8f3e2414108
osm:node:729406640,DiemHen Coffee,Đà Nẵng,cafe,insufficient_service_evidence,0,https://www.openstreetmap.org/node/729406640,v2-c829c8f3e2414108
osm:node:729406641,CaPhe Anh Hong,Đà Nẵng,cafe,insufficient_service_evidence,0,https://www.openstreetmap.org/node/729406641,v2-c829c8f3e2414108
osm:node:729406642,NhaKhuyen Coffee,Đà Nẵng,cafe,insufficient_service_evidence,0,https://www.openstreetmap.org/node/729406642,v2-c829c8f3e2414108
osm:node:729406643,Ca Phe Legend,Đà Nẵng,cafe,insufficient_service_evidence,0,https://www.openstreetmap.org/node/729406643,v2-c829c8f3e2414108
osm:node:729406644,CafeHang Me,Đà Nẵng,cafe,insufficient_service_evidence,0,https://www.openstreetmap.org/node/729406644,v2-c829c8f3e2414108
osm:node:729406645,Internet424 Coffee,Đà Nẵng,cafe,insufficient_service_evidence,0,https://www.openstreetmap.org/node/729406645,v2-c829c8f3e2414108
osm:node:729406646,CafeGiai Khat 35,Đà Nẵng,cafe,insufficient_service_evidence,0,https://www.openstreetmap.org/node/729406646,v2-c829c8f3e2414108
osm:node:729406647,CaPhe Khanh Van,Đà Nẵng,cafe,insufficient_service_evidence,0,https://www.openstreetmap.org/node/729406647,v2-c829c8f3e2414108
osm:node:729406648,GiaiKhat Duc Vuong,Đà Nẵng,cafe,insufficient_service_evidence,0,https://www.openstreetmap.org/node/729406648,v2-c829c8f3e2414108
osm:node:729406649,NgocCoffee,Đà Nẵng,cafe,insufficient_service_evidence,0,https://www.openstreetmap.org/node/729406649,v2-c829c8f3e2414108
osm:node:729406650,CafeVu Hai,Đà Nẵng,cafe,insufficient_service_evidence,0,https://www.openstreetmap.org/node/729406650,v2-c829c8f3e2414108
osm:node:729406651,Coffee New Sky,Đà Nẵng,cafe,insufficient_service_evidence,0,https://www.openstreetmap.org/node/729406651,v2-c829c8f3e2414108
osm:node:729406652,CaPhe Pho Xua,Đà Nẵng,cafe,insufficient_service_evidence,0,https://www.openstreetmap.org/node/729406652,v2-c829c8f3e2414108
osm:node:729406653,Cafe Den Bin,Đà Nẵng,cafe,insufficient_service_evidence,0,https://www.openstreetmap.org/node/729406653,v2-c829c8f3e2414108
osm:node:729406654,CaPhe Giai Khat Sinh Vien,Đà Nẵng,cafe,insufficient_service_evidence,0,https://www.openstreetmap.org/node/729406654,v2-c829c8f3e2414108
osm:node:729406655,CaPhe Hang,Đà Nẵng,cafe,insufficient_service_evidence,0,https://www.openstreetmap.org/node/729406655,v2-c829c8f3e2414108
osm:node:729406657,NhuY Coffee,Đà Nẵng,cafe,insufficient_service_evidence,0,https://www.openstreetmap.org/node/729406657,v2-c829c8f3e2414108
osm:node:729406658,CaPhe Truyen,Đà Nẵng,cafe,insufficient_service_evidence,0,https://www.openstreetmap.org/node/729406658,v2-c829c8f3e2414108
osm:node:729406659,KatynatCoffee,Đà Nẵng,cafe,insufficient_service_evidence,0,https://www.openstreetmap.org/node/729406659,v2-c829c8f3e2414108
osm:node:729406660,TitoCoffee,Đà Nẵng,cafe,insufficient_service_evidence,0,https://www.openstreetmap.org/node/729406660,v2-c829c8f3e2414108
osm:node:729406661,Cafe Giai Khat 59,Đà Nẵng,cafe,insufficient_service_evidence,0,https://www.openstreetmap.org/node/729406661,v2-c829c8f3e2414108
osm:node:729406662,ThaoNguyen Coffee,Đà Nẵng,cafe,insufficient_service_evidence,0,https://www.openstreetmap.org/node/729406662,v2-c829c8f3e2414108
osm:node:729406663,CaPhe Giai Khat Huong Vuon Cau,Đà Nẵng,cafe,insufficient_service_evidence,0,https://www.openstreetmap.org/node/729406663,v2-c829c8f3e2414108
osm:node:729406664,PhuCoffee,Đà Nẵng,cafe,insufficient_service_evidence,0,https://www.openstreetmap.org/node/729406664,v2-c829c8f3e2414108
osm:node:729406665,Ca Phe Giai Khat,Đà Nẵng,cafe,insufficient_service_evidence,0,https://www.openstreetmap.org/node/729406665,v2-c829c8f3e2414108
osm:node:729406666,BinBin Coffee,Đà Nẵng,cafe,insufficient_service_evidence,0,https://www.openstreetmap.org/node/729406666,v2-c829c8f3e2414108
osm:node:729406667,CafeBao Long,Đà Nẵng,cafe,insufficient_service_evidence,0,https://www.openstreetmap.org/node/729406667,v2-c829c8f3e2414108
osm:node:729406668,CafeLong,Đà Nẵng,cafe,insufficient_service_evidence,0,https://www.openstreetmap.org/node/729406668,v2-c829c8f3e2414108
osm:node:729406669,CaPhe Nu Tam Xuan,Đà Nẵng,cafe,insufficient_service_evidence,0,https://www.openstreetmap.org/node/729406669,v2-c829c8f3e2414108
osm:node:729406670,CayBang Coffee,Đà Nẵng,cafe,insufficient_service_evidence,0,https://www.openstreetmap.org/node/729406670,v2-c829c8f3e2414108
osm:node:729406671,CaPhe Nhu Phuong,Đà Nẵng,cafe,insufficient_service_evidence,0,https://www.openstreetmap.org/node/729406671,v2-c829c8f3e2414108
osm:node:729406672,DuyenAnh Coffee,Đà Nẵng,cafe,insufficient_service_evidence,0,https://www.openstreetmap.org/node/729406672,v2-c829c8f3e2414108
osm:node:729406673,CafeWin My,Đà Nẵng,cafe,insufficient_service_evidence,0,https://www.openstreetmap.org/node/729406673,v2-c829c8f3e2414108
osm:node:729406674,Cafe Thuan Tinh,Đà Nẵng,cafe,insufficient_service_evidence,0,https://www.openstreetmap.org/node/729406674,v2-c829c8f3e2414108
osm:node:729406675,Ca Phe Sari,Đà Nẵng,cafe,insufficient_service_evidence,0,https://www.openstreetmap.org/node/729406675,v2-c829c8f3e2414108
osm:node:729406677,CaPhe Khung Cua Hep,Đà Nẵng,cafe,insufficient_service_evidence,0,https://www.openstreetmap.org/node/729406677,v2-c829c8f3e2414108
osm:node:729406678,HuongHoa Coffee,Đà Nẵng,cafe,insufficient_service_evidence,0,https://www.openstreetmap.org/node/729406678,v2-c829c8f3e2414108
osm:node:729406679,Tạp hóa THANH SƠN,Đà Nẵng,cafe,insufficient_service_evidence,0,https://www.openstreetmap.org/node/729406679,v2-c829c8f3e2414108
osm:node:729406680,BoGia Coffee,Đà Nẵng,cafe,insufficient_service_evidence,0,https://www.openstreetmap.org/node/729406680,v2-c829c8f3e2414108
osm:node:729406681,Cafe Lipton,Đà Nẵng,cafe,insufficient_service_evidence,0,https://www.openstreetmap.org/node/729406681,v2-c829c8f3e2414108
osm:node:729406682,CaPhe Jet,Đà Nẵng,cafe,insufficient_service_evidence,0,https://www.openstreetmap.org/node/729406682,v2-c829c8f3e2414108
osm:node:729406683,CaPhe Quynh,Đà Nẵng,cafe,insufficient_service_evidence,0,https://www.openstreetmap.org/node/729406683,v2-c829c8f3e2414108
osm:node:729406684,Cafe Rex,Đà Nẵng,cafe,insufficient_service_evidence,0,https://www.openstreetmap.org/node/729406684,v2-c829c8f3e2414108
osm:node:729406685,MyLam Vien Coffee,Đà Nẵng,cafe,insufficient_service_evidence,0,https://www.openstreetmap.org/node/729406685,v2-c829c8f3e2414108
osm:node:729406686,CaPhe Thuy,Đà Nẵng,cafe,insufficient_service_evidence,0,https://www.openstreetmap.org/node/729406686,v2-c829c8f3e2414108
osm:node:729406687,NhatNang Coffee,Đà Nẵng,cafe,insufficient_service_evidence,0,https://www.openstreetmap.org/node/729406687,v2-c829c8f3e2414108
osm:node:729406688,CafeKieu Trang,Đà Nẵng,cafe,insufficient_service_evidence,0,https://www.openstreetmap.org/node/729406688,v2-c829c8f3e2414108
osm:node:729406689,CungDan Xua Coffee,Đà Nẵng,cafe,insufficient_service_evidence,0,https://www.openstreetmap.org/node/729406689,v2-c829c8f3e2414108
osm:node:729406690,Cafe155,Đà Nẵng,cafe,insufficient_service_evidence,0,https://www.openstreetmap.org/node/729406690,v2-c829c8f3e2414108
osm:node:729406691,VilanCoffee,Đà Nẵng,cafe,insufficient_service_evidence,0,https://www.openstreetmap.org/node/729406691,v2-c829c8f3e2414108
osm:node:729406692,CafeBa Map,Đà Nẵng,cafe,insufficient_service_evidence,0,https://www.openstreetmap.org/node/729406692,v2-c829c8f3e2414108
osm:node:729406693,Cafe9X,Đà Nẵng,cafe,insufficient_service_evidence,0,https://www.openstreetmap.org/node/729406693,v2-c829c8f3e2414108
osm:node:729406694,CaPhe Sinh Vien,Đà Nẵng,cafe,insufficient_service_evidence,0,https://www.openstreetmap.org/node/729406694,v2-c829c8f3e2414108
osm:node:729406695,CafeCo Vang,Đà Nẵng,cafe,insufficient_service_evidence,0,https://www.openstreetmap.org/node/729406695,v2-c829c8f3e2414108
osm:node:729406697,CaPhe Giot Dang,Đà Nẵng,cafe,insufficient_service_evidence,0,https://www.openstreetmap.org/node/729406697,v2-c829c8f3e2414108
osm:node:729406700,HongTrang Coffee,Đà Nẵng,cafe,insufficient_service_evidence,0,https://www.openstreetmap.org/node/729406700,v2-c829c8f3e2414108
osm:node:729406701,10Tran Quoc Toan Coffee,Đà Nẵng,cafe,insufficient_service_evidence,0,https://www.openstreetmap.org/node/729406701,v2-c829c8f3e2414108
osm:node:729406702,Ca Phe An Tuong,Đà Nẵng,cafe,insufficient_service_evidence,0,https://www.openstreetmap.org/node/729406702,v2-c829c8f3e2414108
osm:node:729406703,CafeThuy,Đà Nẵng,cafe,insufficient_service_evidence,0,https://www.openstreetmap.org/node/729406703,v2-c829c8f3e2414108
osm:node:729406704,Ca Phe Truc Duyen,Đà Nẵng,cafe,insufficient_service_evidence,0,https://www.openstreetmap.org/node/729406704,v2-c829c8f3e2414108
osm:node:729406705,Van,Đà Nẵng,cafe,weak_or_generic_name|insufficient_service_evidence,0,https://www.openstreetmap.org/node/729406705,v2-c829c8f3e2414108
osm:node:729406707,BambooCoffee,Đà Nẵng,cafe,insufficient_service_evidence,0,https://www.openstreetmap.org/node/729406707,v2-c829c8f3e2414108
osm:node:729406708,ValentineCoffee,Đà Nẵng,cafe,insufficient_service_evidence,0,https://www.openstreetmap.org/node/729406708,v2-c829c8f3e2414108
osm:node:729406709,ThanhAn Coffee,Đà Nẵng,cafe,insufficient_service_evidence,0,https://www.openstreetmap.org/node/729406709,v2-c829c8f3e2414108
osm:node:729406711,CaPhe Trang Le,Đà Nẵng,cafe,insufficient_service_evidence,0,https://www.openstreetmap.org/node/729406711,v2-c829c8f3e2414108
osm:node:729406712,CafeViolet,Đà Nẵng,cafe,insufficient_service_evidence,0,https://www.openstreetmap.org/node/729406712,v2-c829c8f3e2414108
osm:node:729406713,MaiTrang Coffee,Đà Nẵng,cafe,insufficient_service_evidence,0,https://www.openstreetmap.org/node/729406713,v2-c829c8f3e2414108
osm:node:729406714,204Coffee,Đà Nẵng,cafe,insufficient_service_evidence,0,https://www.openstreetmap.org/node/729406714,v2-c829c8f3e2414108
osm:node:729406715,Cafe78,Đà Nẵng,cafe,insufficient_service_evidence,0,https://www.openstreetmap.org/node/729406715,v2-c829c8f3e2414108
osm:node:729406716,CaPhe Dong Tay,Đà Nẵng,cafe,insufficient_service_evidence,0,https://www.openstreetmap.org/node/729406716,v2-c829c8f3e2414108
osm:node:729406717,CaPhe A. Ly,Đà Nẵng,cafe,insufficient_service_evidence,0,https://www.openstreetmap.org/node/729406717,v2-c829c8f3e2414108
osm:node:729406718,AnhThu Coffee,Đà Nẵng,cafe,insufficient_service_evidence,0,https://www.openstreetmap.org/node/729406718,v2-c829c8f3e2414108
osm:node:729406719,Cafe188,Đà Nẵng,cafe,insufficient_service_evidence,0,https://www.openstreetmap.org/node/729406719,v2-c829c8f3e2414108
osm:node:729406720,CafeHana,Đà Nẵng,cafe,insufficient_service_evidence,0,https://www.openstreetmap.org/node/729406720,v2-c829c8f3e2414108
osm:node:729406722,CafeThao Vy,Đà Nẵng,cafe,insufficient_service_evidence,0,https://www.openstreetmap.org/node/729406722,v2-c829c8f3e2414108
osm:node:729406723,CaPhe Uyen Phuong,Đà Nẵng,cafe,insufficient_service_evidence,0,https://www.openstreetmap.org/node/729406723,v2-c829c8f3e2414108
osm:node:729406724,MaiAnh Coffee,Đà Nẵng,cafe,insufficient_service_evidence,0,https://www.openstreetmap.org/node/729406724,v2-c829c8f3e2414108
osm:node:729406725,CafeVinh Phuc,Đà Nẵng,cafe,insufficient_service_evidence,0,https://www.openstreetmap.org/node/729406725,v2-c829c8f3e2414108
osm:node:729406726,Cafe Chot Nho,Đà Nẵng,cafe,insufficient_service_evidence,0,https://www.openstreetmap.org/node/729406726,v2-c829c8f3e2414108
osm:node:729406727,NgocLan Coffee,Đà Nẵng,cafe,insufficient_service_evidence,0,https://www.openstreetmap.org/node/729406727,v2-c829c8f3e2414108
osm:node:729406728,HoangViet Coffee,Đà Nẵng,cafe,insufficient_service_evidence,0,https://www.openstreetmap.org/node/729406728,v2-c829c8f3e2414108
osm:node:729406729,NewStar Coffee,Đà Nẵng,cafe,insufficient_service_evidence,0,https://www.openstreetmap.org/node/729406729,v2-c829c8f3e2414108
osm:node:729406730,37Coffee,Đà Nẵng,cafe,insufficient_service_evidence,0,https://www.openstreetmap.org/node/729406730,v2-c829c8f3e2414108
osm:node:729406731,HongAn Coffee,Đà Nẵng,cafe,insufficient_service_evidence,0,https://www.openstreetmap.org/node/729406731,v2-c829c8f3e2414108
osm:node:729406732,CaPhe Giai Khat Xiromi,Đà Nẵng,cafe,insufficient_service_evidence,0,https://www.openstreetmap.org/node/729406732,v2-c829c8f3e2414108
osm:node:729406733,GiaiKhat Truc Viet Coffee,Đà Nẵng,cafe,insufficient_service_evidence,0,https://www.openstreetmap.org/node/729406733,v2-c829c8f3e2414108
osm:node:729406734,Cà Phê Long,Đà Nẵng,cafe,insufficient_service_evidence,0,https://www.openstreetmap.org/node/729406734,v2-c829c8f3e2414108
osm:node:729406735,BaoHuong Coffee,Đà Nẵng,cafe,insufficient_service_evidence,0,https://www.openstreetmap.org/node/729406735,v2-c829c8f3e2414108
osm:node:729406736,CaPhe Phuong Nam,Đà Nẵng,cafe,insufficient_service_evidence,0,https://www.openstreetmap.org/node/729406736,v2-c829c8f3e2414108
osm:node:729406737,Ca Phe Thien Truc,Đà Nẵng,cafe,insufficient_service_evidence,0,https://www.openstreetmap.org/node/729406737,v2-c829c8f3e2414108
osm:node:729406738,Ca Phe San Vuon Da Thien Ly,Đà Nẵng,cafe,insufficient_service_evidence,0,https://www.openstreetmap.org/node/729406738,v2-c829c8f3e2414108
osm:node:729406739,DivaCoffee,Đà Nẵng,cafe,insufficient_service_evidence,0,https://www.openstreetmap.org/node/729406739,v2-c829c8f3e2414108
osm:node:729406740,Ca Phe U I,Đà Nẵng,cafe,insufficient_service_evidence,0,https://www.openstreetmap.org/node/729406740,v2-c829c8f3e2414108
osm:node:729406741,Cafe Giai Khat Tam,Đà Nẵng,cafe,insufficient_service_evidence,0,https://www.openstreetmap.org/node/729406741,v2-c829c8f3e2414108
osm:node:729406742,Cafe Giai Khat Thu Thao,Đà Nẵng,cafe,insufficient_service_evidence,0,https://www.openstreetmap.org/node/729406742,v2-c829c8f3e2414108
osm:node:729406743,QueenBell Coffee,Đà Nẵng,cafe,insufficient_service_evidence,0,https://www.openstreetmap.org/node/729406743,v2-c829c8f3e2414108
osm:node:729406744,Highlands Coffee,Đà Nẵng,cafe,insufficient_service_evidence,0,https://www.openstreetmap.org/node/729406744,v2-c829c8f3e2414108
osm:node:729406745,CafeMai La,Đà Nẵng,cafe,insufficient_service_evidence,0,https://www.openstreetmap.org/node/729406745,v2-c829c8f3e2414108
osm:node:729406746,CaPhe Tigon,Đà Nẵng,cafe,insufficient_service_evidence,0,https://www.openstreetmap.org/node/729406746,v2-c829c8f3e2414108
osm:node:729406747,CaPhe Giai Khat Tv,Đà Nẵng,cafe,insufficient_service_evidence,0,https://www.openstreetmap.org/node/729406747,v2-c829c8f3e2414108
osm:node:729406748,Ca Phe Anh Thu,Đà Nẵng,cafe,insufficient_service_evidence,0,https://www.openstreetmap.org/node/729406748,v2-c829c8f3e2414108
osm:node:729406749,GiaiKhat Bia Tuoi Coffee,Đà Nẵng,cafe,insufficient_service_evidence,0,https://www.openstreetmap.org/node/729406749,v2-c829c8f3e2414108
osm:node:729406750,CafeK.C.F,Đà Nẵng,cafe,insufficient_service_evidence,0,https://www.openstreetmap.org/node/729406750,v2-c829c8f3e2414108
osm:node:729406751,NgocLan Coffee,Đà Nẵng,cafe,insufficient_service_evidence,0,https://www.openstreetmap.org/node/729406751,v2-c829c8f3e2414108
osm:node:729406752,CaPhe Phuong Nam,Đà Nẵng,cafe,insufficient_service_evidence,0,https://www.openstreetmap.org/node/729406752,v2-c829c8f3e2414108
osm:node:729406753,Cafe Paradise,Đà Nẵng,cafe,insufficient_service_evidence,0,https://www.openstreetmap.org/node/729406753,v2-c829c8f3e2414108
osm:node:729406754,Ca Phe Thanh Tam,Đà Nẵng,cafe,insufficient_service_evidence,0,https://www.openstreetmap.org/node/729406754,v2-c829c8f3e2414108
osm:node:729406755,Piggy,Đà Nẵng,cafe,insufficient_service_evidence,0,https://www.openstreetmap.org/node/729406755,v2-c829c8f3e2414108
osm:node:729406756,CaPhe Cay Truc,Đà Nẵng,cafe,insufficient_service_evidence,0,https://www.openstreetmap.org/node/729406756,v2-c829c8f3e2414108
osm:node:729406757,Cafe Phuong,Đà Nẵng,cafe,insufficient_service_evidence,0,https://www.openstreetmap.org/node/729406757,v2-c829c8f3e2414108
osm:node:729406759,Cà phê Trung Nguyên,Đà Nẵng,cafe,insufficient_service_evidence,0,https://www.openstreetmap.org/node/729406759,v2-c829c8f3e2414108
osm:node:729406760,Ca Phe World Cup,Đà Nẵng,cafe,insufficient_service_evidence,0,https://www.openstreetmap.org/node/729406760,v2-c829c8f3e2414108
osm:node:729406761,HuongCau Coffee,Đà Nẵng,cafe,insufficient_service_evidence,0,https://www.openstreetmap.org/node/729406761,v2-c829c8f3e2414108
osm:node:729406763,CaPhe Hanh Ngan,Đà Nẵng,cafe,insufficient_service_evidence,0,https://www.openstreetmap.org/node/729406763,v2-c829c8f3e2414108
osm:node:729406764,HoangOanh Coffee,Đà Nẵng,cafe,insufficient_service_evidence,0,https://www.openstreetmap.org/node/729406764,v2-c829c8f3e2414108
osm:node:729406765,Cafe68,Đà Nẵng,cafe,insufficient_service_evidence,0,https://www.openstreetmap.org/node/729406765,v2-c829c8f3e2414108
osm:node:729406766,CaPhe Truc Lam Vien,Đà Nẵng,cafe,insufficient_service_evidence,0,https://www.openstreetmap.org/node/729406766,v2-c829c8f3e2414108
osm:node:729406767,Cafe Hen,Đà Nẵng,cafe,insufficient_service_evidence,0,https://www.openstreetmap.org/node/729406767,v2-c829c8f3e2414108
osm:node:729406768,NguyenThao Coffee,Đà Nẵng,cafe,insufficient_service_evidence,0,https://www.openstreetmap.org/node/729406768,v2-c829c8f3e2414108
osm:node:729406769,Cafe Ban Mai,Đà Nẵng,cafe,insufficient_service_evidence,0,https://www.openstreetmap.org/node/729406769,v2-c829c8f3e2414108
osm:node:729406770,CaPhe Melody,Đà Nẵng,cafe,insufficient_service_evidence,0,https://www.openstreetmap.org/node/729406770,v2-c829c8f3e2414108
osm:node:729406771,CaPhe Phuong Lam,Đà Nẵng,cafe,insufficient_service_evidence,0,https://www.openstreetmap.org/node/729406771,v2-c829c8f3e2414108
osm:node:729406772,Karty Coffee,Đà Nẵng,cafe,insufficient_service_evidence,0,https://www.openstreetmap.org/node/729406772,v2-c829c8f3e2414108
osm:node:729406773,PhuongThy Coffee S,Đà Nẵng,cafe,insufficient_service_evidence,0,https://www.openstreetmap.org/node/729406773,v2-c829c8f3e2414108
osm:node:729406774,CaPhe May Trang,Đà Nẵng,cafe,insufficient_service_evidence,0,https://www.openstreetmap.org/node/729406774,v2-c829c8f3e2414108
osm:node:729406775,ThienY Coffee,Đà Nẵng,cafe,insufficient_service_evidence,0,https://www.openstreetmap.org/node/729406775,v2-c829c8f3e2414108
osm:node:729406776,Cafe Giai Khat Thanh Thao,Đà Nẵng,cafe,insufficient_service_evidence,0,https://www.openstreetmap.org/node/729406776,v2-c829c8f3e2414108
osm:node:729406777,Bar Coffee Bonjour,Đà Nẵng,cafe,insufficient_service_evidence,0,https://www.openstreetmap.org/node/729406777,v2-c829c8f3e2414108
osm:node:729406778,HuongGiang Coffee,Đà Nẵng,cafe,insufficient_service_evidence,0,https://www.openstreetmap.org/node/729406778,v2-c829c8f3e2414108
osm:node:729406779,SanVuon Green Coffee,Đà Nẵng,cafe,insufficient_service_evidence,0,https://www.openstreetmap.org/node/729406779,v2-c829c8f3e2414108
osm:node:729406780,CafeDiem Nong,Đà Nẵng,cafe,insufficient_service_evidence,0,https://www.openstreetmap.org/node/729406780,v2-c829c8f3e2414108
osm:node:729406782,HuuTho Coffee,Đà Nẵng,cafe,insufficient_service_evidence,0,https://www.openstreetmap.org/node/729406782,v2-c829c8f3e2414108
osm:node:729406783,CafeSac Mau,Đà Nẵng,cafe,insufficient_service_evidence,0,https://www.openstreetmap.org/node/729406783,v2-c829c8f3e2414108
osm:node:729406785,CaPhe Vong Nguyet,Đà Nẵng,cafe,insufficient_service_evidence,0,https://www.openstreetmap.org/node/729406785,v2-c829c8f3e2414108
osm:node:729406786,Cafe333,Đà Nẵng,cafe,insufficient_service_evidence,0,https://www.openstreetmap.org/node/729406786,v2-c829c8f3e2414108
osm:node:729406787,CaPhe Win,Đà Nẵng,cafe,insufficient_service_evidence,0,https://www.openstreetmap.org/node/729406787,v2-c829c8f3e2414108
osm:node:729406788,CafeGiai Khat Hung Trang,Đà Nẵng,cafe,insufficient_service_evidence,0,https://www.openstreetmap.org/node/729406788,v2-c829c8f3e2414108
osm:node:729406789,CafeKim,Đà Nẵng,cafe,insufficient_service_evidence,0,https://www.openstreetmap.org/node/729406789,v2-c829c8f3e2414108
osm:node:729406790,DuyenCoffee,Đà Nẵng,cafe,insufficient_service_evidence,0,https://www.openstreetmap.org/node/729406790,v2-c829c8f3e2414108
osm:node:729406791,VuonChieu Coffee,Đà Nẵng,cafe,insufficient_service_evidence,0,https://www.openstreetmap.org/node/729406791,v2-c829c8f3e2414108
osm:node:729406794,Cafe May Hong,Đà Nẵng,cafe,insufficient_service_evidence,0,https://www.openstreetmap.org/node/729406794,v2-c829c8f3e2414108
osm:node:729406795,ThaoTam Coffee,Đà Nẵng,cafe,insufficient_service_evidence,0,https://www.openstreetmap.org/node/729406795,v2-c829c8f3e2414108
osm:node:729406796,CaPhe Giai Khat Bia Tuoi 370,Đà Nẵng,cafe,insufficient_service_evidence,0,https://www.openstreetmap.org/node/729406796,v2-c829c8f3e2414108
osm:node:729406797,8XCoffee,Đà Nẵng,cafe,insufficient_service_evidence,0,https://www.openstreetmap.org/node/729406797,v2-c829c8f3e2414108
osm:node:729406798,CafeLy Na,Đà Nẵng,cafe,insufficient_service_evidence,0,https://www.openstreetmap.org/node/729406798,v2-c829c8f3e2414108
osm:node:729406799,CaPhe My My,Đà Nẵng,cafe,insufficient_service_evidence,0,https://www.openstreetmap.org/node/729406799,v2-c829c8f3e2414108
osm:node:729406800,MinhThu Coffee,Đà Nẵng,cafe,insufficient_service_evidence,0,https://www.openstreetmap.org/node/729406800,v2-c829c8f3e2414108
osm:node:729406803,Ca Phe Hoang Gia,Đà Nẵng,cafe,insufficient_service_evidence,0,https://www.openstreetmap.org/node/729406803,v2-c829c8f3e2414108
osm:node:729406804,GotNgoc Coffee,Đà Nẵng,cafe,insufficient_service_evidence,0,https://www.openstreetmap.org/node/729406804,v2-c829c8f3e2414108
osm:node:729406805,CafeNhat Uyen,Đà Nẵng,cafe,insufficient_service_evidence,0,https://www.openstreetmap.org/node/729406805,v2-c829c8f3e2414108
osm:node:729406806,AnhDuong Coffee,Đà Nẵng,cafe,insufficient_service_evidence,0,https://www.openstreetmap.org/node/729406806,v2-c829c8f3e2414108
osm:node:729406807,CongTy TNHH Hong Ly,Đà Nẵng,cafe,insufficient_service_evidence,0,https://www.openstreetmap.org/node/729406807,v2-c829c8f3e2414108
osm:node:729406809,CafeThu Nguyen,Đà Nẵng,cafe,insufficient_service_evidence,0,https://www.openstreetmap.org/node/729406809,v2-c829c8f3e2414108
osm:node:729406810,Cafe Giai Khat 61,Đà Nẵng,cafe,insufficient_service_evidence,0,https://www.openstreetmap.org/node/729406810,v2-c829c8f3e2414108
osm:node:729406812,CafeTi Ti,Đà Nẵng,cafe,insufficient_service_evidence,0,https://www.openstreetmap.org/node/729406812,v2-c829c8f3e2414108
osm:node:729406813,CaPhe Giai Khat 64,Đà Nẵng,cafe,insufficient_service_evidence,0,https://www.openstreetmap.org/node/729406813,v2-c829c8f3e2414108
osm:node:729406816,LangVan Coffee,Đà Nẵng,cafe,insufficient_service_evidence,0,https://www.openstreetmap.org/node/729406816,v2-c829c8f3e2414108
osm:node:729406817,CaPhe Tinh Ban,Đà Nẵng,cafe,insufficient_service_evidence,0,https://www.openstreetmap.org/node/729406817,v2-c829c8f3e2414108
osm:node:729406818,CafeHoang Gia,Đà Nẵng,cafe,insufficient_service_evidence,0,https://www.openstreetmap.org/node/729406818,v2-c829c8f3e2414108
osm:node:729406819,Cafe Giai Khat 231,Đà Nẵng,cafe,insufficient_service_evidence,0,https://www.openstreetmap.org/node/729406819,v2-c829c8f3e2414108
osm:node:729406820,CafeDang Xua,Đà Nẵng,cafe,insufficient_service_evidence,0,https://www.openstreetmap.org/node/729406820,v2-c829c8f3e2414108
osm:node:729406821,CoThanh Coffee,Đà Nẵng,cafe,insufficient_service_evidence,0,https://www.openstreetmap.org/node/729406821,v2-c829c8f3e2414108
osm:node:729406822,CafeChat Chit,Đà Nẵng,cafe,insufficient_service_evidence,0,https://www.openstreetmap.org/node/729406822,v2-c829c8f3e2414108
osm:node:729406823,CaPhe Hong,Đà Nẵng,cafe,insufficient_service_evidence,0,https://www.openstreetmap.org/node/729406823,v2-c829c8f3e2414108
osm:node:729406824,Cafe Ca Phe Asenal,Đà Nẵng,cafe,insufficient_service_evidence,0,https://www.openstreetmap.org/node/729406824,v2-c829c8f3e2414108
osm:node:729406825,ThanhNien Coffee,Đà Nẵng,cafe,insufficient_service_evidence,0,https://www.openstreetmap.org/node/729406825,v2-c829c8f3e2414108
osm:node:729406826,HuyHoang Coffee,Đà Nẵng,cafe,insufficient_service_evidence,0,https://www.openstreetmap.org/node/729406826,v2-c829c8f3e2414108
osm:node:729406829,CafeBao Bao,Đà Nẵng,cafe,insufficient_service_evidence,0,https://www.openstreetmap.org/node/729406829,v2-c829c8f3e2414108
osm:node:729406831,CaPhe Hollywood,Đà Nẵng,cafe,insufficient_service_evidence,0,https://www.openstreetmap.org/node/729406831,v2-c829c8f3e2414108
osm:node:729406832,DoNa Coffee,Đà Nẵng,cafe,insufficient_service_evidence,0,https://www.openstreetmap.org/node/729406832,v2-c829c8f3e2414108
osm:node:729406833,Cafe M.Hoang,Đà Nẵng,cafe,insufficient_service_evidence,0,https://www.openstreetmap.org/node/729406833,v2-c829c8f3e2414108
osm:node:729406835,Ca Phe A. Hieu,Đà Nẵng,cafe,insufficient_service_evidence,0,https://www.openstreetmap.org/node/729406835,v2-c829c8f3e2414108
osm:node:729406836,AladinCoffee,Đà Nẵng,cafe,insufficient_service_evidence,0,https://www.openstreetmap.org/node/729406836,v2-c829c8f3e2414108
osm:node:729406838,AnhCoffee,Đà Nẵng,cafe,insufficient_service_evidence,0,https://www.openstreetmap.org/node/729406838,v2-c829c8f3e2414108
osm:node:729406839,Ca Phe Bay Cha,Đà Nẵng,cafe,insufficient_service_evidence,0,https://www.openstreetmap.org/node/729406839,v2-c829c8f3e2414108
osm:node:729406840,Ca Phe Thu Hai,Đà Nẵng,cafe,insufficient_service_evidence,0,https://www.openstreetmap.org/node/729406840,v2-c829c8f3e2414108
osm:node:729406841,CaPhe An Huy,Đà Nẵng,cafe,insufficient_service_evidence,0,https://www.openstreetmap.org/node/729406841,v2-c829c8f3e2414108
osm:node:729406843,Cafe Tran,Đà Nẵng,cafe,insufficient_service_evidence,0,https://www.openstreetmap.org/node/729406843,v2-c829c8f3e2414108
osm:node:729406844,TuyetAnh Coffee,Đà Nẵng,cafe,insufficient_service_evidence,0,https://www.openstreetmap.org/node/729406844,v2-c829c8f3e2414108
osm:node:729406845,NgocVy Coffee,Đà Nẵng,cafe,insufficient_service_evidence,0,https://www.openstreetmap.org/node/729406845,v2-c829c8f3e2414108
osm:node:729406846,ChanMay Coffee,Đà Nẵng,cafe,insufficient_service_evidence,0,https://www.openstreetmap.org/node/729406846,v2-c829c8f3e2414108
osm:node:729406847,54Coffee,Đà Nẵng,cafe,insufficient_service_evidence,0,https://www.openstreetmap.org/node/729406847,v2-c829c8f3e2414108
osm:node:729406848,Ca Phe Googol,Đà Nẵng,cafe,insufficient_service_evidence,0,https://www.openstreetmap.org/node/729406848,v2-c829c8f3e2414108
osm:node:729406850,Trung Nguyên Legend,Đà Nẵng,cafe,insufficient_service_evidence,0,https://www.openstreetmap.org/node/729406850,v2-c829c8f3e2414108
osm:node:729406851,161Coffee,Đà Nẵng,cafe,insufficient_service_evidence,0,https://www.openstreetmap.org/node/729406851,v2-c829c8f3e2414108
osm:node:729406852,ThuongCoffee,Đà Nẵng,cafe,insufficient_service_evidence,0,https://www.openstreetmap.org/node/729406852,v2-c829c8f3e2414108
osm:node:729406853,CaPhe Anh Thu,Đà Nẵng,cafe,insufficient_service_evidence,0,https://www.openstreetmap.org/node/729406853,v2-c829c8f3e2414108
osm:node:729406854,CaPhe San Vuon Bin Bin,Đà Nẵng,cafe,insufficient_service_evidence,0,https://www.openstreetmap.org/node/729406854,v2-c829c8f3e2414108
osm:node:729406856,NgocYen Coffee,Đà Nẵng,cafe,insufficient_service_evidence,0,https://www.openstreetmap.org/node/729406856,v2-c829c8f3e2414108
osm:node:729406857,CafeBao Tram,Đà Nẵng,cafe,insufficient_service_evidence,0,https://www.openstreetmap.org/node/729406857,v2-c829c8f3e2414108
osm:node:729406859,CaPhe Tieng Duong Cam,Đà Nẵng,cafe,insufficient_service_evidence,0,https://www.openstreetmap.org/node/729406859,v2-c829c8f3e2414108
osm:node:729406860,Cafe Vink,Đà Nẵng,cafe,insufficient_service_evidence,0,https://www.openstreetmap.org/node/729406860,v2-c829c8f3e2414108
osm:node:729406861,HoaCoffee,Đà Nẵng,cafe,insufficient_service_evidence,0,https://www.openstreetmap.org/node/729406861,v2-c829c8f3e2414108
osm:node:729406862,FriendCoffee,Đà Nẵng,cafe,insufficient_service_evidence,0,https://www.openstreetmap.org/node/729406862,v2-c829c8f3e2414108
osm:node:729406863,GiaiKhat 119 Coffee,Đà Nẵng,cafe,insufficient_service_evidence,0,https://www.openstreetmap.org/node/729406863,v2-c829c8f3e2414108
osm:node:729406865,Cafe Plasma,Đà Nẵng,cafe,insufficient_service_evidence,0,https://www.openstreetmap.org/node/729406865,v2-c829c8f3e2414108
osm:node:729406866,Cafe96,Đà Nẵng,cafe,insufficient_service_evidence,0,https://www.openstreetmap.org/node/729406866,v2-c829c8f3e2414108
osm:node:729406867,26 Coffee,Đà Nẵng,cafe,insufficient_service_evidence,0,https://www.openstreetmap.org/node/729406867,v2-c829c8f3e2414108
osm:node:729406868,TranChau Coffee,Đà Nẵng,cafe,insufficient_service_evidence,0,https://www.openstreetmap.org/node/729406868,v2-c829c8f3e2414108
osm:node:729406869,Cafe Giai Khat Ket,Đà Nẵng,cafe,insufficient_service_evidence,0,https://www.openstreetmap.org/node/729406869,v2-c829c8f3e2414108
osm:node:729406870,CaPhe Trung Nguyen Trung Khoa,Đà Nẵng,cafe,insufficient_service_evidence,0,https://www.openstreetmap.org/node/729406870,v2-c829c8f3e2414108
osm:node:729406871,Ca Phe Pho Xua 2,Đà Nẵng,cafe,insufficient_service_evidence,0,https://www.openstreetmap.org/node/729406871,v2-c829c8f3e2414108
osm:node:729406872,BarXua Nay Coffee,Đà Nẵng,cafe,insufficient_service_evidence,0,https://www.openstreetmap.org/node/729406872,v2-c829c8f3e2414108
osm:node:729406873,CafeTuy Anh,Đà Nẵng,cafe,insufficient_service_evidence,0,https://www.openstreetmap.org/node/729406873,v2-c829c8f3e2414108
osm:node:729406874,LienCoffee Bar,Đà Nẵng,cafe,insufficient_service_evidence,0,https://www.openstreetmap.org/node/729406874,v2-c829c8f3e2414108
osm:node:729406875,33Coffee,Đà Nẵng,cafe,insufficient_service_evidence,0,https://www.openstreetmap.org/node/729406875,v2-c829c8f3e2414108
osm:node:729406876,Cafe Blue - Chip,Đà Nẵng,cafe,insufficient_service_evidence,0,https://www.openstreetmap.org/node/729406876,v2-c829c8f3e2414108
osm:node:729406877,CafePhu,Đà Nẵng,cafe,insufficient_service_evidence,0,https://www.openstreetmap.org/node/729406877,v2-c829c8f3e2414108
osm:node:729406878,HoaSu Karaoke Coffee,Đà Nẵng,cafe,insufficient_service_evidence,0,https://www.openstreetmap.org/node/729406878,v2-c829c8f3e2414108
osm:node:729406879,CaPhe Ngoc Anh,Đà Nẵng,cafe,insufficient_service_evidence,0,https://www.openstreetmap.org/node/729406879,v2-c829c8f3e2414108
osm:node:729406880,CaPhe Phuong Dong,Đà Nẵng,cafe,insufficient_service_evidence,0,https://www.openstreetmap.org/node/729406880,v2-c829c8f3e2414108
osm:node:729406881,CaPhe Son Nhay,Đà Nẵng,cafe,insufficient_service_evidence,0,https://www.openstreetmap.org/node/729406881,v2-c829c8f3e2414108
osm:node:729406882,CaPhe Bar T. Piaggio,Đà Nẵng,cafe,insufficient_service_evidence,0,https://www.openstreetmap.org/node/729406882,v2-c829c8f3e2414108
osm:node:729406883,NhaMay Tuan,Đà Nẵng,cafe,insufficient_service_evidence,0,https://www.openstreetmap.org/node/729406883,v2-c829c8f3e2414108
osm:node:729406884,Cafe Nang Chieu,Đà Nẵng,cafe,insufficient_service_evidence,0,https://www.openstreetmap.org/node/729406884,v2-c829c8f3e2414108
osm:node:729406885,NgocAnh Coffee,Đà Nẵng,cafe,insufficient_service_evidence,0,https://www.openstreetmap.org/node/729406885,v2-c829c8f3e2414108
osm:node:729406886,LienHuong Coffee,Đà Nẵng,cafe,insufficient_service_evidence,0,https://www.openstreetmap.org/node/729406886,v2-c829c8f3e2414108
osm:node:729406887,DuAm Coffee,Đà Nẵng,cafe,insufficient_service_evidence,0,https://www.openstreetmap.org/node/729406887,v2-c829c8f3e2414108
osm:node:729406888,CafeQuynh Chi,Đà Nẵng,cafe,insufficient_service_evidence,0,https://www.openstreetmap.org/node/729406888,v2-c829c8f3e2414108
osm:node:729406889,ThuThao Coffee,Đà Nẵng,cafe,insufficient_service_evidence,0,https://www.openstreetmap.org/node/729406889,v2-c829c8f3e2414108
osm:node:729406890,CaPhe Thu Thao,Đà Nẵng,cafe,insufficient_service_evidence,0,https://www.openstreetmap.org/node/729406890,v2-c829c8f3e2414108
osm:node:729406891,GiaDinh Coffee,Đà Nẵng,cafe,insufficient_service_evidence,0,https://www.openstreetmap.org/node/729406891,v2-c829c8f3e2414108
osm:node:729406892,CafeCa Canh,Đà Nẵng,cafe,insufficient_service_evidence,0,https://www.openstreetmap.org/node/729406892,v2-c829c8f3e2414108
osm:node:729406893,HoangAnh Coffee,Đà Nẵng,cafe,insufficient_service_evidence,0,https://www.openstreetmap.org/node/729406893,v2-c829c8f3e2414108
osm:node:729406894,ThienAn Coffee,Đà Nẵng,cafe,insufficient_service_evidence,0,https://www.openstreetmap.org/node/729406894,v2-c829c8f3e2414108
osm:node:729406895,Cafe9X,Đà Nẵng,cafe,insufficient_service_evidence,0,https://www.openstreetmap.org/node/729406895,v2-c829c8f3e2414108
osm:node:729406896,ThanhNguyen Coffee,Đà Nẵng,cafe,insufficient_service_evidence,0,https://www.openstreetmap.org/node/729406896,v2-c829c8f3e2414108
osm:node:729406897,TinhBan Coffee,Đà Nẵng,cafe,insufficient_service_evidence,0,https://www.openstreetmap.org/node/729406897,v2-c829c8f3e2414108
osm:node:729406898,CaPhe Wonder,Đà Nẵng,cafe,insufficient_service_evidence,0,https://www.openstreetmap.org/node/729406898,v2-c829c8f3e2414108
osm:node:729406899,Cafe Giai Khat 550,Đà Nẵng,cafe,insufficient_service_evidence,0,https://www.openstreetmap.org/node/729406899,v2-c829c8f3e2414108
osm:node:729406900,CaPhe Roma,Đà Nẵng,cafe,insufficient_service_evidence,0,https://www.openstreetmap.org/node/729406900,v2-c829c8f3e2414108
osm:node:729406901,ALish Tong Coffee,Đà Nẵng,cafe,insufficient_service_evidence,0,https://www.openstreetmap.org/node/729406901,v2-c829c8f3e2414108
osm:node:729406902,CaPhe Nhu Y,Đà Nẵng,cafe,insufficient_service_evidence,0,https://www.openstreetmap.org/node/729406902,v2-c829c8f3e2414108
osm:node:729406903,CaPhe Win,Đà Nẵng,cafe,insufficient_service_evidence,0,https://www.openstreetmap.org/node/729406903,v2-c829c8f3e2414108
osm:node:729406904,CaPhe Double,Đà Nẵng,cafe,insufficient_service_evidence,0,https://www.openstreetmap.org/node/729406904,v2-c829c8f3e2414108
osm:node:729406905,GachDo Coffee,Đà Nẵng,cafe,insufficient_service_evidence,0,https://www.openstreetmap.org/node/729406905,v2-c829c8f3e2414108
osm:node:729406906,Ca Phe Tin Tin,Đà Nẵng,cafe,insufficient_service_evidence,0,https://www.openstreetmap.org/node/729406906,v2-c829c8f3e2414108
osm:node:729406907,ClassicCoffee,Đà Nẵng,cafe,insufficient_service_evidence,0,https://www.openstreetmap.org/node/729406907,v2-c829c8f3e2414108
osm:node:729406909,Cafe Thuy Lam Vien,Đà Nẵng,cafe,insufficient_service_evidence,0,https://www.openstreetmap.org/node/729406909,v2-c829c8f3e2414108
osm:node:729406911,HuongQue Coffee,Đà Nẵng,cafe,insufficient_service_evidence,0,https://www.openstreetmap.org/node/729406911,v2-c829c8f3e2414108
osm:node:729406912,Cafe Giai Khat,Đà Nẵng,cafe,insufficient_service_evidence,0,https://www.openstreetmap.org/node/729406912,v2-c829c8f3e2414108
osm:node:729406913,PhuongUyen Coffee,Đà Nẵng,cafe,insufficient_service_evidence,0,https://www.openstreetmap.org/node/729406913,v2-c829c8f3e2414108
osm:node:729406914,CaPhe 137,Đà Nẵng,cafe,insufficient_service_evidence,0,https://www.openstreetmap.org/node/729406914,v2-c829c8f3e2414108
osm:node:729406915,CaPhe Hoang Vy,Đà Nẵng,cafe,insufficient_service_evidence,0,https://www.openstreetmap.org/node/729406915,v2-c829c8f3e2414108
osm:node:729406916,PhuongUyen Coffee,Đà Nẵng,cafe,insufficient_service_evidence,0,https://www.openstreetmap.org/node/729406916,v2-c829c8f3e2414108
osm:node:729406917,ThachThao Coffee,Đà Nẵng,cafe,insufficient_service_evidence,0,https://www.openstreetmap.org/node/729406917,v2-c829c8f3e2414108
osm:node:729406918,PhuongChi Coffee,Đà Nẵng,cafe,insufficient_service_evidence,0,https://www.openstreetmap.org/node/729406918,v2-c829c8f3e2414108
osm:node:729406919,Domino2 Coffee,Đà Nẵng,cafe,insufficient_service_evidence,0,https://www.openstreetmap.org/node/729406919,v2-c829c8f3e2414108
osm:node:729406920,CafeViet Nam,Đà Nẵng,cafe,insufficient_service_evidence,0,https://www.openstreetmap.org/node/729406920,v2-c829c8f3e2414108
osm:node:729406921,Cafe Giai Khat 266,Đà Nẵng,cafe,insufficient_service_evidence,0,https://www.openstreetmap.org/node/729406921,v2-c829c8f3e2414108
osm:node:729406923,HoaDa Coffee,Đà Nẵng,cafe,insufficient_service_evidence,0,https://www.openstreetmap.org/node/729406923,v2-c829c8f3e2414108
osm:node:729406924,Ca Phe Hau,Đà Nẵng,cafe,insufficient_service_evidence,0,https://www.openstreetmap.org/node/729406924,v2-c829c8f3e2414108
osm:node:729406925,Cafe Pho Xua,Đà Nẵng,cafe,insufficient_service_evidence,0,https://www.openstreetmap.org/node/729406925,v2-c829c8f3e2414108
osm:node:729406927,CaPhe Nhat Thu,Đà Nẵng,cafe,insufficient_service_evidence,0,https://www.openstreetmap.org/node/729406927,v2-c829c8f3e2414108
osm:node:729406928,411Coffee,Đà Nẵng,cafe,insufficient_service_evidence,0,https://www.openstreetmap.org/node/729406928,v2-c829c8f3e2414108
osm:node:729406929,TuongVy Coffee,Đà Nẵng,cafe,insufficient_service_evidence,0,https://www.openstreetmap.org/node/729406929,v2-c829c8f3e2414108
osm:node:729406930,Ca Phe Ngoc Lan,Đà Nẵng,cafe,insufficient_service_evidence,0,https://www.openstreetmap.org/node/729406930,v2-c829c8f3e2414108
osm:node:729406931,Cafe Giai Khat Yen Nhung,Đà Nẵng,cafe,insufficient_service_evidence,0,https://www.openstreetmap.org/node/729406931,v2-c829c8f3e2414108
osm:node:729406932,CafeSon Tra,Đà Nẵng,cafe,insufficient_service_evidence,0,https://www.openstreetmap.org/node/729406932,v2-c829c8f3e2414108
osm:node:729406933,HoaSua Coffee,Đà Nẵng,cafe,insufficient_service_evidence,0,https://www.openstreetmap.org/node/729406933,v2-c829c8f3e2414108
osm:node:729406934,CafeDong Doi,Đà Nẵng,cafe,insufficient_service_evidence,0,https://www.openstreetmap.org/node/729406934,v2-c829c8f3e2414108
osm:node:729406936,GiaiKhat Anh Tuan Coffee,Đà Nẵng,cafe,insufficient_service_evidence,0,https://www.openstreetmap.org/node/729406936,v2-c829c8f3e2414108
osm:node:729406937,MinhChau Coffee,Đà Nẵng,cafe,insufficient_service_evidence,0,https://www.openstreetmap.org/node/729406937,v2-c829c8f3e2414108
osm:node:729406938,CaPhe 78,Đà Nẵng,cafe,insufficient_service_evidence,0,https://www.openstreetmap.org/node/729406938,v2-c829c8f3e2414108
osm:node:729406939,Cafe Kachiusa,Đà Nẵng,cafe,insufficient_service_evidence,0,https://www.openstreetmap.org/node/729406939,v2-c829c8f3e2414108
osm:node:729406940,CafeLong,Đà Nẵng,cafe,insufficient_service_evidence,0,https://www.openstreetmap.org/node/729406940,v2-c829c8f3e2414108
osm:node:729406941,CaPhe Hoa Loc Vung,Đà Nẵng,cafe,insufficient_service_evidence,0,https://www.openstreetmap.org/node/729406941,v2-c829c8f3e2414108
osm:node:729406942,Cafe Giot Dang,Đà Nẵng,cafe,insufficient_service_evidence,0,https://www.openstreetmap.org/node/729406942,v2-c829c8f3e2414108
osm:node:729406943,CaPhe Viet Anh,Đà Nẵng,cafe,insufficient_service_evidence,0,https://www.openstreetmap.org/node/729406943,v2-c829c8f3e2414108
osm:node:729406944,Angles Coffee Bar,Đà Nẵng,cafe,insufficient_service_evidence,0,https://www.openstreetmap.org/node/729406944,v2-c829c8f3e2414108
osm:node:729406945,GiaiKhat Tuoi Hong Coffee,Đà Nẵng,cafe,insufficient_service_evidence,0,https://www.openstreetmap.org/node/729406945,v2-c829c8f3e2414108
osm:node:729406946,AnNa Coffee,Đà Nẵng,cafe,insufficient_service_evidence,0,https://www.openstreetmap.org/node/729406946,v2-c829c8f3e2414108
osm:node:729406947,Cafe 119,Đà Nẵng,cafe,insufficient_service_evidence,0,https://www.openstreetmap.org/node/729406947,v2-c829c8f3e2414108
osm:node:729406948,LiptonCoffee,Đà Nẵng,cafe,insufficient_service_evidence,0,https://www.openstreetmap.org/node/729406948,v2-c829c8f3e2414108
osm:node:729406949,MeTrang Coffee,Đà Nẵng,cafe,insufficient_service_evidence,0,https://www.openstreetmap.org/node/729406949,v2-c829c8f3e2414108
osm:node:729406950,Cafe131,Đà Nẵng,cafe,insufficient_service_evidence,0,https://www.openstreetmap.org/node/729406950,v2-c829c8f3e2414108
osm:node:729406951,ThuyDuong Coffee,Đà Nẵng,cafe,insufficient_service_evidence,0,https://www.openstreetmap.org/node/729406951,v2-c829c8f3e2414108
osm:node:729406952,CaPhe Diem Tam Bach Dat,Đà Nẵng,cafe,insufficient_service_evidence,0,https://www.openstreetmap.org/node/729406952,v2-c829c8f3e2414108
osm:node:729406953,93Coffee,Đà Nẵng,cafe,insufficient_service_evidence,0,https://www.openstreetmap.org/node/729406953,v2-c829c8f3e2414108
osm:node:729406954,89Coffee,Đà Nẵng,cafe,insufficient_service_evidence,0,https://www.openstreetmap.org/node/729406954,v2-c829c8f3e2414108
osm:node:729406955,TienSa Coffee,Đà Nẵng,cafe,insufficient_service_evidence,0,https://www.openstreetmap.org/node/729406955,v2-c829c8f3e2414108
osm:node:729406956,Ca Phe Vuon Toi,Đà Nẵng,cafe,insufficient_service_evidence,0,https://www.openstreetmap.org/node/729406956,v2-c829c8f3e2414108
osm:node:729406957,CaPhe Thao Ly,Đà Nẵng,cafe,insufficient_service_evidence,0,https://www.openstreetmap.org/node/729406957,v2-c829c8f3e2414108
osm:node:729406958,Ca Phe Bibon,Đà Nẵng,cafe,insufficient_service_evidence,0,https://www.openstreetmap.org/node/729406958,v2-c829c8f3e2414108
osm:node:729406959,MinhAnh Coffee,Đà Nẵng,cafe,insufficient_service_evidence,0,https://www.openstreetmap.org/node/729406959,v2-c829c8f3e2414108
osm:node:729406960,TiengTo Dong Coffee,Đà Nẵng,cafe,insufficient_service_evidence,0,https://www.openstreetmap.org/node/729406960,v2-c829c8f3e2414108
osm:node:729406961,BichHa Coffee,Đà Nẵng,cafe,insufficient_service_evidence,0,https://www.openstreetmap.org/node/729406961,v2-c829c8f3e2414108
osm:node:729406962,CaPhe Huyen Linh,Đà Nẵng,cafe,insufficient_service_evidence,0,https://www.openstreetmap.org/node/729406962,v2-c829c8f3e2414108
osm:node:729406963,ThuyTruc Coffee,Đà Nẵng,cafe,insufficient_service_evidence,0,https://www.openstreetmap.org/node/729406963,v2-c829c8f3e2414108
osm:node:729406964,Ca Phe Hong Minh,Đà Nẵng,cafe,insufficient_service_evidence,0,https://www.openstreetmap.org/node/729406964,v2-c829c8f3e2414108
osm:node:729406965,HuongCoffee,Đà Nẵng,cafe,insufficient_service_evidence,0,https://www.openstreetmap.org/node/729406965,v2-c829c8f3e2414108
osm:node:729406966,Cafe Giai Khat Nhung,Đà Nẵng,cafe,insufficient_service_evidence,0,https://www.openstreetmap.org/node/729406966,v2-c829c8f3e2414108
osm:node:729406967,Ca Phe Hong Trang,Đà Nẵng,cafe,insufficient_service_evidence,0,https://www.openstreetmap.org/node/729406967,v2-c829c8f3e2414108
osm:node:729406968,CafeCitano,Đà Nẵng,cafe,insufficient_service_evidence,0,https://www.openstreetmap.org/node/729406968,v2-c829c8f3e2414108
osm:node:729406969,LienHuong Coffee,Đà Nẵng,cafe,insufficient_service_evidence,0,https://www.openstreetmap.org/node/729406969,v2-c829c8f3e2414108
osm:node:729406970,CaPhe Chan Que,Đà Nẵng,cafe,insufficient_service_evidence,0,https://www.openstreetmap.org/node/729406970,v2-c829c8f3e2414108
osm:node:7298327487,ĐứcMẹTràKiệu,Đà Nẵng,historic,insufficient_service_evidence,0,https://www.openstreetmap.org/node/7298327487,v2-c829c8f3e2414108
osm:node:7298660639,Bò Né 3 Ngon,Đà Nẵng,restaurant,insufficient_service_evidence,0,https://www.openstreetmap.org/node/7298660639,v2-c829c8f3e2414108
osm:node:7300993186,ĐứcMẹTràKiệu,Đà Nẵng,temple,insufficient_service_evidence,0,https://www.openstreetmap.org/node/7300993186,v2-c829c8f3e2414108
osm:node:7301996085,Chợ đêm Helio,Đà Nẵng,attraction,insufficient_service_evidence,0,https://www.openstreetmap.org/node/7301996085,v2-c829c8f3e2414108
osm:node:7368395546,Tượng đài Sinh viên lên đường bảo vệ Tổ quốc,Hà Nội,historic,insufficient_service_evidence,0,https://www.openstreetmap.org/node/7368395546,v2-c829c8f3e2414108
osm:node:7383642461,Cà Phê Fimo Sp,Hà Nội,cafe,insufficient_service_evidence,0,https://www.openstreetmap.org/node/7383642461,v2-c829c8f3e2414108
osm:node:7383642463,Cà Phê Fimo Sp,Hà Nội,cafe,insufficient_service_evidence,0,https://www.openstreetmap.org/node/7383642463,v2-c829c8f3e2414108
osm:node:7383642464,Cà Phê Fimo Sp,Hà Nội,cafe,insufficient_service_evidence,0,https://www.openstreetmap.org/node/7383642464,v2-c829c8f3e2414108
osm:node:7383642466,Cà Phê Fimo Sp,Hà Nội,cafe,insufficient_service_evidence,0,https://www.openstreetmap.org/node/7383642466,v2-c829c8f3e2414108
osm:node:7383642467,Cà Phê Fimo Sp,Hà Nội,cafe,insufficient_service_evidence,0,https://www.openstreetmap.org/node/7383642467,v2-c829c8f3e2414108
osm:node:7383642468,Cà Phê Fimo Sp,Hà Nội,cafe,insufficient_service_evidence,0,https://www.openstreetmap.org/node/7383642468,v2-c829c8f3e2414108
osm:node:7383642470,Cà Phê Fimo Sp,Hà Nội,cafe,insufficient_service_evidence,0,https://www.openstreetmap.org/node/7383642470,v2-c829c8f3e2414108
osm:node:7417163291,Cơm gà Hồng Ngọc,Đà Nẵng,restaurant,insufficient_service_evidence,0,https://www.openstreetmap.org/node/7417163291,v2-c829c8f3e2414108
osm:node:7417168685,bánh mì cô Thông,Đà Nẵng,restaurant,insufficient_service_evidence,0,https://www.openstreetmap.org/node/7417168685,v2-c829c8f3e2414108
osm:node:7418417986,Ngon Hà Nội Quán,Đà Nẵng,restaurant,insufficient_service_evidence,0,https://www.openstreetmap.org/node/7418417986,v2-c829c8f3e2414108
osm:node:7491700987,Serene Garden Restaurant,Đà Nẵng,restaurant,insufficient_service_evidence,0,https://www.openstreetmap.org/node/7491700987,v2-c829c8f3e2414108
osm:node:7516955870,Bún Chả Sinh Từ,Hà Nội,restaurant,insufficient_service_evidence,0,https://www.openstreetmap.org/node/7516955870,v2-c829c8f3e2414108
osm:node:7516955871,Bún Chả Sinh Từ,Hà Nội,restaurant,insufficient_service_evidence,0,https://www.openstreetmap.org/node/7516955871,v2-c829c8f3e2414108
osm:node:7518538886,Street food corner,Đà Nẵng,restaurant,insufficient_service_evidence,0,https://www.openstreetmap.org/node/7518538886,v2-c829c8f3e2414108
osm:node:7518572085,Com 41 - amazing cheap 20k food,Đà Nẵng,restaurant,insufficient_service_evidence,0,https://www.openstreetmap.org/node/7518572085,v2-c829c8f3e2414108
osm:node:7518572086,Amazing cheap 20k food Com 41,Đà Nẵng,restaurant,insufficient_service_evidence,0,https://www.openstreetmap.org/node/7518572086,v2-c829c8f3e2414108
osm:node:7520818185,Tháp Bằng An,Đà Nẵng,historic,insufficient_service_evidence,0,https://www.openstreetmap.org/node/7520818185,v2-c829c8f3e2414108
osm:node:7523625285,Tháp Khương Mỹ,Đà Nẵng,historic,insufficient_service_evidence,0,https://www.openstreetmap.org/node/7523625285,v2-c829c8f3e2414108
osm:node:7540706332,Cà Phê 74,Hà Nội,cafe,insufficient_service_evidence,0,https://www.openstreetmap.org/node/7540706332,v2-c829c8f3e2414108
osm:node:7540706334,Cà Phê 82,Hà Nội,cafe,insufficient_service_evidence,0,https://www.openstreetmap.org/node/7540706334,v2-c829c8f3e2414108
osm:node:7540706335,Cửa Hàng Bánh Crepe,Hà Nội,restaurant,insufficient_service_evidence,0,https://www.openstreetmap.org/node/7540706335,v2-c829c8f3e2414108
osm:node:7612528482,Nhà hàng San Hô Đỏ,Hà Nội,restaurant,insufficient_service_evidence,0,https://www.openstreetmap.org/node/7612528482,v2-c829c8f3e2414108
osm:node:7621698685,Quan Ngon nha Ham,Hà Nội,restaurant,insufficient_service_evidence,0,https://www.openstreetmap.org/node/7621698685,v2-c829c8f3e2414108
osm:node:7622285286,Nem Lụi Huế,Hà Nội,restaurant,insufficient_service_evidence,0,https://www.openstreetmap.org/node/7622285286,v2-c829c8f3e2414108
osm:node:7631319085,Nem Nướng Xuân Dần,Hà Nội,restaurant,insufficient_service_evidence,0,https://www.openstreetmap.org/node/7631319085,v2-c829c8f3e2414108
osm:node:7644944385,Nhà Hàng Long Vi Dung,Hà Nội,restaurant,insufficient_service_evidence,0,https://www.openstreetmap.org/node/7644944385,v2-c829c8f3e2414108
osm:node:7673780895,Nhà Hàng Gia Đình Âu Lạc,Hà Nội,restaurant,insufficient_service_evidence,0,https://www.openstreetmap.org/node/7673780895,v2-c829c8f3e2414108
osm:node:7676180461,Chùa Bồ Đề,Hà Nội,temple,insufficient_service_evidence,0,https://www.openstreetmap.org/node/7676180461,v2-c829c8f3e2414108
osm:node:7689987500,Cẩm Kim,Đà Nẵng,attraction,insufficient_service_evidence,0,https://www.openstreetmap.org/node/7689987500,v2-c829c8f3e2414108
osm:node:7690141685,Quan Bun Dau Trung Huong,Hà Nội,restaurant,insufficient_service_evidence,0,https://www.openstreetmap.org/node/7690141685,v2-c829c8f3e2414108
osm:node:7705143789,KT ca phe,Đà Nẵng,cafe,insufficient_service_evidence,0,https://www.openstreetmap.org/node/7705143789,v2-c829c8f3e2414108
osm:node:773601263,Puku,Hà Nội,restaurant,insufficient_service_evidence,0,https://www.openstreetmap.org/node/773601263,v2-c829c8f3e2414108
osm:node:7772398585,Lẩu Thành Còi,Hà Nội,restaurant,insufficient_service_evidence,0,https://www.openstreetmap.org/node/7772398585,v2-c829c8f3e2414108
osm:node:7811691285,Thanh Tinh,Đà Nẵng,restaurant,insufficient_service_evidence,0,https://www.openstreetmap.org/node/7811691285,v2-c829c8f3e2414108
osm:node:7811731385,Yến,Đà Nẵng,restaurant,weak_or_generic_name|insufficient_service_evidence,0,https://www.openstreetmap.org/node/7811731385,v2-c829c8f3e2414108
osm:node:7836461885,Đức Mẹ Trà kiệu,Đà Nẵng,historic,insufficient_service_evidence,0,https://www.openstreetmap.org/node/7836461885,v2-c829c8f3e2414108
osm:node:7845431718,The Pizza Company,Hà Nội,restaurant,insufficient_service_evidence,0,https://www.openstreetmap.org/node/7845431718,v2-c829c8f3e2414108
osm:node:7848823546,Núi Trầm,Hà Nội,nature_area,insufficient_service_evidence,0,https://www.openstreetmap.org/node/7848823546,v2-c829c8f3e2414108
osm:node:7848823547,Đền Mẫu Linh,Hà Nội,temple,insufficient_service_evidence,0,https://www.openstreetmap.org/node/7848823547,v2-c829c8f3e2414108
osm:node:7848823583,Chùa Long Tiên,Hà Nội,temple,insufficient_service_evidence,0,https://www.openstreetmap.org/node/7848823583,v2-c829c8f3e2414108
osm:node:7848826889,Đình Phương Bản,Hà Nội,temple,insufficient_service_evidence,0,https://www.openstreetmap.org/node/7848826889,v2-c829c8f3e2414108
osm:node:7860662424,Chùa Trầm,Hà Nội,temple,insufficient_service_evidence,0,https://www.openstreetmap.org/node/7860662424,v2-c829c8f3e2414108
osm:node:7860662425,Chùa Vô Vi,Hà Nội,temple,insufficient_service_evidence,0,https://www.openstreetmap.org/node/7860662425,v2-c829c8f3e2414108
osm:node:7919363000,Zing Tea,Hà Nội,cafe,insufficient_service_evidence,0,https://www.openstreetmap.org/node/7919363000,v2-c829c8f3e2414108
osm:node:7966613194,Kem Trung Bà Khanh,Hà Nội,cafe,insufficient_service_evidence,0,https://www.openstreetmap.org/node/7966613194,v2-c829c8f3e2414108
osm:node:7966645588,Pho ga ta,Hà Nội,restaurant,insufficient_service_evidence,0,https://www.openstreetmap.org/node/7966645588,v2-c829c8f3e2414108
osm:node:8042087441,Quán Chú Béo,Hà Nội,restaurant,insufficient_service_evidence,0,https://www.openstreetmap.org/node/8042087441,v2-c829c8f3e2414108
osm:node:8083770306,Nhà Hàng Kalí,Hà Nội,restaurant,insufficient_service_evidence,0,https://www.openstreetmap.org/node/8083770306,v2-c829c8f3e2414108
osm:node:8083779134,Nhà Hàng Hanoi Taco Bar,Hà Nội,restaurant,insufficient_service_evidence,0,https://www.openstreetmap.org/node/8083779134,v2-c829c8f3e2414108
osm:node:8083794323,Cà Phê All Day,Hà Nội,cafe,insufficient_service_evidence,0,https://www.openstreetmap.org/node/8083794323,v2-c829c8f3e2414108
osm:node:8090548315,Đài tưởng niệm liệt sĩ phường Kim Liên,Hà Nội,historic,insufficient_service_evidence,0,https://www.openstreetmap.org/node/8090548315,v2-c829c8f3e2414108
osm:node:8128526728,Nhà Hàng Botanica,Hà Nội,restaurant,insufficient_service_evidence,0,https://www.openstreetmap.org/node/8128526728,v2-c829c8f3e2414108
osm:node:8145651191,Cafe Trung Trực,Đà Nẵng,cafe,insufficient_service_evidence,0,https://www.openstreetmap.org/node/8145651191,v2-c829c8f3e2414108
osm:node:8171527917,Cà Phê Sách,Hà Nội,cafe,insufficient_service_evidence,0,https://www.openstreetmap.org/node/8171527917,v2-c829c8f3e2414108
osm:node:8171537017,Cafe mèo lizzy house,Hà Nội,cafe,insufficient_service_evidence,0,https://www.openstreetmap.org/node/8171537017,v2-c829c8f3e2414108
osm:node:8171551917,Nọng ơi,Hà Nội,cafe,insufficient_service_evidence,0,https://www.openstreetmap.org/node/8171551917,v2-c829c8f3e2414108
osm:node:8185432737,Chợ Trước Cổng Trung Tâm Y Tế,Hà Nội,market,insufficient_service_evidence,0,https://www.openstreetmap.org/node/8185432737,v2-c829c8f3e2414108
osm:node:8221826976,Chùa Đức Hòa - Phật Giáo Nguyên Thủy,Hà Nội,temple,insufficient_service_evidence,0,https://www.openstreetmap.org/node/8221826976,v2-c829c8f3e2414108
osm:node:8234362986,Cà phê 102,Đà Nẵng,cafe,insufficient_service_evidence,0,https://www.openstreetmap.org/node/8234362986,v2-c829c8f3e2414108
osm:node:8234373233,Quán Lâm Béo,Đà Nẵng,restaurant,insufficient_service_evidence,0,https://www.openstreetmap.org/node/8234373233,v2-c829c8f3e2414108
osm:node:8285594817,Cà Phê Lovegan Kitchen,Hà Nội,cafe,insufficient_service_evidence,0,https://www.openstreetmap.org/node/8285594817,v2-c829c8f3e2414108
osm:node:8303360363,Miếu Đầm,Hà Nội,temple,insufficient_service_evidence,0,https://www.openstreetmap.org/node/8303360363,v2-c829c8f3e2414108
osm:node:8307082776,Cà Phê Aha,Hà Nội,cafe,insufficient_service_evidence,0,https://www.openstreetmap.org/node/8307082776,v2-c829c8f3e2414108
osm:node:8307654062,Phố núi,Đà Nẵng,cafe,insufficient_service_evidence,0,https://www.openstreetmap.org/node/8307654062,v2-c829c8f3e2414108
osm:node:8307654063,Nhà A Trường 17DTCLC,Đà Nẵng,restaurant,insufficient_service_evidence,0,https://www.openstreetmap.org/node/8307654063,v2-c829c8f3e2414108
osm:node:8307654065,Gia Gia Kfe ACT 1989,Đà Nẵng,cafe,insufficient_service_evidence,0,https://www.openstreetmap.org/node/8307654065,v2-c829c8f3e2414108
osm:node:8307654068,Cafe Tien Hai,Đà Nẵng,cafe,insufficient_service_evidence,0,https://www.openstreetmap.org/node/8307654068,v2-c829c8f3e2414108
osm:node:8307654069,Cafe Gia Gia,Đà Nẵng,cafe,insufficient_service_evidence,0,https://www.openstreetmap.org/node/8307654069,v2-c829c8f3e2414108
osm:node:8307656159,Quán cá bống suối quế sơn,Đà Nẵng,restaurant,insufficient_service_evidence,0,https://www.openstreetmap.org/node/8307656159,v2-c829c8f3e2414108
osm:node:8307656164,Cafe Thế Lâm,Đà Nẵng,cafe,insufficient_service_evidence,0,https://www.openstreetmap.org/node/8307656164,v2-c829c8f3e2414108
osm:node:8307656165,Tạp Hóa - CaFe Chị Sáu,Đà Nẵng,restaurant,insufficient_service_evidence,0,https://www.openstreetmap.org/node/8307656165,v2-c829c8f3e2414108
osm:node:8308342074,Quán Ăn Thìn Hậu,Đà Nẵng,restaurant,insufficient_service_evidence,0,https://www.openstreetmap.org/node/8308342074,v2-c829c8f3e2414108
osm:node:8318010619,Thung lũng hoa Hồ Tây,Hà Nội,attraction,insufficient_service_evidence,0,https://www.openstreetmap.org/node/8318010619,v2-c829c8f3e2414108
osm:node:8336847668,Nhà Hàng Buffer Win,Hà Nội,restaurant,insufficient_service_evidence,0,https://www.openstreetmap.org/node/8336847668,v2-c829c8f3e2414108
osm:node:8336901884,Cửa Hàng Bánh Mì Hẻm,Hà Nội,restaurant,insufficient_service_evidence,0,https://www.openstreetmap.org/node/8336901884,v2-c829c8f3e2414108
osm:node:8345973615,"nhom6,T01-5, Quán Cô Phượng",Hà Nội,restaurant,insufficient_service_evidence,0,https://www.openstreetmap.org/node/8345973615,v2-c829c8f3e2414108
osm:node:8345992041,"nhom6,T01-1, The buffet garden",Hà Nội,restaurant,insufficient_service_evidence,0,https://www.openstreetmap.org/node/8345992041,v2-c829c8f3e2414108
osm:node:8346010306,"nhom6,T01-6, Út Nướng",Hà Nội,restaurant,insufficient_service_evidence,0,https://www.openstreetmap.org/node/8346010306,v2-c829c8f3e2414108
osm:node:8346039058,"nhom6,T01-8, Lẩu lòng bò 32",Hà Nội,restaurant,insufficient_service_evidence,0,https://www.openstreetmap.org/node/8346039058,v2-c829c8f3e2414108
osm:node:8346051738,"nhom6,T01-12, Fin BBQ",Hà Nội,restaurant,insufficient_service_evidence,0,https://www.openstreetmap.org/node/8346051738,v2-c829c8f3e2414108
osm:node:8347330261,"nhom6,T01-16, Ốc Tài Chính",Hà Nội,restaurant,insufficient_service_evidence,0,https://www.openstreetmap.org/node/8347330261,v2-c829c8f3e2414108
osm:node:8347965394,Quán ăn,Hà Nội,restaurant,insufficient_service_evidence,0,https://www.openstreetmap.org/node/8347965394,v2-c829c8f3e2414108
osm:node:8347992048,Quán cơm bình dân,Hà Nội,restaurant,insufficient_service_evidence,0,https://www.openstreetmap.org/node/8347992048,v2-c829c8f3e2414108
osm:node:8354007215,Nhà hàng Quang Trung,Hà Nội,restaurant,insufficient_service_evidence,0,https://www.openstreetmap.org/node/8354007215,v2-c829c8f3e2414108
osm:node:8354810255,Quán Trà Chanh chú Hải,Hà Nội,cafe,insufficient_service_evidence,0,https://www.openstreetmap.org/node/8354810255,v2-c829c8f3e2414108
osm:node:8354997811,trà sữa HOUJICHA,Hà Nội,cafe,insufficient_service_evidence,0,https://www.openstreetmap.org/node/8354997811,v2-c829c8f3e2414108
osm:node:8357405573,Quán Coffee,Hà Nội,cafe,insufficient_service_evidence,0,https://www.openstreetmap.org/node/8357405573,v2-c829c8f3e2414108
osm:node:8357763617,Nhà Hàng Hotto,Hà Nội,restaurant,insufficient_service_evidence,0,https://www.openstreetmap.org/node/8357763617,v2-c829c8f3e2414108
osm:node:8357763618,Nhà Hàng Lẩu Gà Lá É,Hà Nội,restaurant,insufficient_service_evidence,0,https://www.openstreetmap.org/node/8357763618,v2-c829c8f3e2414108
osm:node:8357763619,Nhà Hàng Trung Tâm Hong Kong,Hà Nội,restaurant,insufficient_service_evidence,0,https://www.openstreetmap.org/node/8357763619,v2-c829c8f3e2414108
osm:node:8357763620,Nhà Hàng Bít Tết Ngon,Hà Nội,restaurant,insufficient_service_evidence,0,https://www.openstreetmap.org/node/8357763620,v2-c829c8f3e2414108
osm:node:8357763621,Nhà Hàng Ajisai Udon,Hà Nội,restaurant,insufficient_service_evidence,0,https://www.openstreetmap.org/node/8357763621,v2-c829c8f3e2414108
osm:node:8357763622,Yutang,Hà Nội,restaurant,insufficient_service_evidence,0,https://www.openstreetmap.org/node/8357763622,v2-c829c8f3e2414108
osm:node:8357763624,ToCoToCo,Hà Nội,cafe,insufficient_service_evidence,0,https://www.openstreetmap.org/node/8357763624,v2-c829c8f3e2414108
osm:node:8357763717,Quán Mộc,Hà Nội,restaurant,insufficient_service_evidence,0,https://www.openstreetmap.org/node/8357763717,v2-c829c8f3e2414108
osm:node:8357763718,Taiwan Chutang,Hà Nội,restaurant,insufficient_service_evidence,0,https://www.openstreetmap.org/node/8357763718,v2-c829c8f3e2414108
osm:node:8360184432,Nhà Hàng Hải Oanh,Hà Nội,restaurant,insufficient_service_evidence,0,https://www.openstreetmap.org/node/8360184432,v2-c829c8f3e2414108
osm:node:8360208002,Quán Phở,Hà Nội,restaurant,insufficient_service_evidence,0,https://www.openstreetmap.org/node/8360208002,v2-c829c8f3e2414108
osm:node:8360208006,Cà Phê Bob,Hà Nội,cafe,insufficient_service_evidence,0,https://www.openstreetmap.org/node/8360208006,v2-c829c8f3e2414108
osm:node:8360208012,Nhà Hàng Bia Thanh Hằng,Hà Nội,restaurant,insufficient_service_evidence,0,https://www.openstreetmap.org/node/8360208012,v2-c829c8f3e2414108
osm:node:8360657749,Thu Yến,Hà Nội,restaurant,insufficient_service_evidence,0,https://www.openstreetmap.org/node/8360657749,v2-c829c8f3e2414108
osm:node:8360818000,Quán Huân Béo,Hà Nội,restaurant,insufficient_service_evidence,0,https://www.openstreetmap.org/node/8360818000,v2-c829c8f3e2414108
osm:node:8360852078,Quán Huy Hoàng,Hà Nội,restaurant,insufficient_service_evidence,0,https://www.openstreetmap.org/node/8360852078,v2-c829c8f3e2414108
osm:node:8360897923,Phở Gà,Hà Nội,restaurant,insufficient_service_evidence,0,https://www.openstreetmap.org/node/8360897923,v2-c829c8f3e2414108
osm:node:8360897931,Cửa Hàng Bún Cá Thái Bình,Hà Nội,restaurant,insufficient_service_evidence,0,https://www.openstreetmap.org/node/8360897931,v2-c829c8f3e2414108
osm:node:8360897932,Nhà Hàng Canh Cá Rô Đồng,Hà Nội,restaurant,insufficient_service_evidence,0,https://www.openstreetmap.org/node/8360897932,v2-c829c8f3e2414108
osm:node:8360897935,Tiến Thoa,Hà Nội,restaurant,insufficient_service_evidence,0,https://www.openstreetmap.org/node/8360897935,v2-c829c8f3e2414108
osm:node:8360897936,Olympia,Hà Nội,cafe,insufficient_service_evidence,0,https://www.openstreetmap.org/node/8360897936,v2-c829c8f3e2414108
osm:node:8360897937,Cà Phê 1,Hà Nội,cafe,insufficient_service_evidence,0,https://www.openstreetmap.org/node/8360897937,v2-c829c8f3e2414108
osm:node:8360897979,Phú Yên,Hà Nội,restaurant,insufficient_service_evidence,0,https://www.openstreetmap.org/node/8360897979,v2-c829c8f3e2414108
osm:node:8360897981,Cà Phê Giải Khát Sophie,Hà Nội,cafe,insufficient_service_evidence,0,https://www.openstreetmap.org/node/8360897981,v2-c829c8f3e2414108
osm:node:8360966480,Quán phở Phố Cổ,Hà Nội,restaurant,insufficient_service_evidence,0,https://www.openstreetmap.org/node/8360966480,v2-c829c8f3e2414108
osm:node:8361021983,Quán Kiên Vịt,Hà Nội,restaurant,insufficient_service_evidence,0,https://www.openstreetmap.org/node/8361021983,v2-c829c8f3e2414108
osm:node:8361021984,Quán ốc sông lam,Hà Nội,restaurant,insufficient_service_evidence,0,https://www.openstreetmap.org/node/8361021984,v2-c829c8f3e2414108
osm:node:8361021985,Lẩu Cứu Hỏa Buffet,Hà Nội,restaurant,insufficient_service_evidence,0,https://www.openstreetmap.org/node/8361021985,v2-c829c8f3e2414108
osm:node:8361021986,Nhà Hàng A Béo Lẩu Nướng Buffet 99k,Hà Nội,restaurant,insufficient_service_evidence,0,https://www.openstreetmap.org/node/8361021986,v2-c829c8f3e2414108
osm:node:8361021988,Trà chanh Hồng Kong,Hà Nội,cafe,insufficient_service_evidence,0,https://www.openstreetmap.org/node/8361021988,v2-c829c8f3e2414108
osm:node:8361021989,Bún Đậu Mẹt A Đây Rồi,Hà Nội,restaurant,insufficient_service_evidence,0,https://www.openstreetmap.org/node/8361021989,v2-c829c8f3e2414108
osm:node:8361021994,Cơm Chay Hợp Nhất,Hà Nội,restaurant,insufficient_service_evidence,0,https://www.openstreetmap.org/node/8361021994,v2-c829c8f3e2414108
osm:node:8361022003,Cà Phê Melody,Hà Nội,cafe,insufficient_service_evidence,0,https://www.openstreetmap.org/node/8361022003,v2-c829c8f3e2414108
osm:node:8361022004,Cà Phê Homes,Hà Nội,cafe,insufficient_service_evidence,0,https://www.openstreetmap.org/node/8361022004,v2-c829c8f3e2414108
osm:node:8361022006,Tmore - Tiệm trà chanh 312 Cầu diễn,Hà Nội,cafe,insufficient_service_evidence,0,https://www.openstreetmap.org/node/8361022006,v2-c829c8f3e2414108
osm:node:8361022007,Tiệm trà ô Mai Chanh +,Hà Nội,cafe,insufficient_service_evidence,0,https://www.openstreetmap.org/node/8361022007,v2-c829c8f3e2414108
osm:node:8361022008,ỐC HUYỀN NGÃ TƯ NHỔN,Hà Nội,restaurant,insufficient_service_evidence,0,https://www.openstreetmap.org/node/8361022008,v2-c829c8f3e2414108
osm:node:8361022010,Quán Phở,Hà Nội,restaurant,insufficient_service_evidence,0,https://www.openstreetmap.org/node/8361022010,v2-c829c8f3e2414108
osm:node:8361022011,Cửa Hàng Bánh Mì Chảo - Thanh Cảnh,Hà Nội,restaurant,insufficient_service_evidence,0,https://www.openstreetmap.org/node/8361022011,v2-c829c8f3e2414108
osm:node:8361022012,Trà Chan 9k,Hà Nội,cafe,insufficient_service_evidence,0,https://www.openstreetmap.org/node/8361022012,v2-c829c8f3e2414108
osm:node:8361022013,Quán cơm dốp,Hà Nội,restaurant,insufficient_service_evidence,0,https://www.openstreetmap.org/node/8361022013,v2-c829c8f3e2414108
osm:node:8361022014,Quán bún hải sản,Hà Nội,restaurant,insufficient_service_evidence,0,https://www.openstreetmap.org/node/8361022014,v2-c829c8f3e2414108
osm:node:8361038517,Quán vịt Phương Thúy,Hà Nội,restaurant,insufficient_service_evidence,0,https://www.openstreetmap.org/node/8361038517,v2-c829c8f3e2414108
osm:node:8361038519,Quán chè sài gòn Ngọc Nhi,Hà Nội,restaurant,insufficient_service_evidence,0,https://www.openstreetmap.org/node/8361038519,v2-c829c8f3e2414108
osm:node:8361038520,Quán Ăn Cô Hiền,Hà Nội,restaurant,insufficient_service_evidence,0,https://www.openstreetmap.org/node/8361038520,v2-c829c8f3e2414108
osm:node:8370443701,Cà Phê Bụi Phố,Hà Nội,cafe,insufficient_service_evidence,0,https://www.openstreetmap.org/node/8370443701,v2-c829c8f3e2414108
osm:node:8370443706,Nhà Gạo,Hà Nội,cafe,insufficient_service_evidence,0,https://www.openstreetmap.org/node/8370443706,v2-c829c8f3e2414108
osm:node:8407277642,Highlands Coffee,Hà Nội,cafe,insufficient_service_evidence,0,https://www.openstreetmap.org/node/8407277642,v2-c829c8f3e2414108
osm:node:8422512000,Tượng đài anh hùng dân tộc Tây Giang,Đà Nẵng,historic,insufficient_service_evidence,0,https://www.openstreetmap.org/node/8422512000,v2-c829c8f3e2414108
osm:node:8422540935,Chợ chiều 5 ngàn,Đà Nẵng,market,insufficient_service_evidence,0,https://www.openstreetmap.org/node/8422540935,v2-c829c8f3e2414108
osm:node:8442251580,Bún đậu mẹt-Năm Râu Quán,Hà Nội,restaurant,insufficient_service_evidence,0,https://www.openstreetmap.org/node/8442251580,v2-c829c8f3e2414108
osm:node:8442251581,Phở 10 Hà Nội Xưa,Hà Nội,restaurant,insufficient_service_evidence,0,https://www.openstreetmap.org/node/8442251581,v2-c829c8f3e2414108
osm:node:8442251582,Sữa chua trân châu Hạ Long,Hà Nội,cafe,insufficient_service_evidence,0,https://www.openstreetmap.org/node/8442251582,v2-c829c8f3e2414108
osm:node:8446491618,Hồng Béo,Hà Nội,restaurant,insufficient_service_evidence,0,https://www.openstreetmap.org/node/8446491618,v2-c829c8f3e2414108
osm:node:8446491619,Nam Hải,Hà Nội,restaurant,insufficient_service_evidence,0,https://www.openstreetmap.org/node/8446491619,v2-c829c8f3e2414108
osm:node:847468798,Chùa Pháp Văn,Hà Nội,temple,insufficient_service_evidence,0,https://www.openstreetmap.org/node/847468798,v2-c829c8f3e2414108
osm:node:847878471,Chùa Tây Phương,Hà Nội,temple,insufficient_service_evidence,0,https://www.openstreetmap.org/node/847878471,v2-c829c8f3e2414108
osm:node:847902246,Chùa Trăm Gian,Hà Nội,temple,insufficient_service_evidence,0,https://www.openstreetmap.org/node/847902246,v2-c829c8f3e2414108
osm:node:848477166,Miếu Thượng Thành,Hà Nội,temple,insufficient_service_evidence,0,https://www.openstreetmap.org/node/848477166,v2-c829c8f3e2414108
osm:node:8519971305,Cà Phê Le Ciel,Hà Nội,cafe,insufficient_service_evidence,0,https://www.openstreetmap.org/node/8519971305,v2-c829c8f3e2414108
osm:node:8527541117,Bún Chả Que Tre,Hà Nội,restaurant,insufficient_service_evidence,0,https://www.openstreetmap.org/node/8527541117,v2-c829c8f3e2414108
osm:node:8559636369,Tượng đài Ngô Quyền,Hà Nội,historic,insufficient_service_evidence,0,https://www.openstreetmap.org/node/8559636369,v2-c829c8f3e2414108
osm:node:8563466266,Cà Phê KoPee,Hà Nội,cafe,insufficient_service_evidence,0,https://www.openstreetmap.org/node/8563466266,v2-c829c8f3e2414108
osm:node:8563466267,Time Coffee,Hà Nội,restaurant,insufficient_service_evidence,0,https://www.openstreetmap.org/node/8563466267,v2-c829c8f3e2414108
osm:node:8563466268,Cafe Ông Bầu,Hà Nội,cafe,insufficient_service_evidence,0,https://www.openstreetmap.org/node/8563466268,v2-c829c8f3e2414108
osm:node:8602235218,Tâm chay,Hà Nội,cafe,insufficient_service_evidence,0,https://www.openstreetmap.org/node/8602235218,v2-c829c8f3e2414108
osm:node:8616526718,Cà phê Làng,Đà Nẵng,cafe,insufficient_service_evidence,0,https://www.openstreetmap.org/node/8616526718,v2-c829c8f3e2414108
osm:node:8616526723,Cầu Gò Nổi mới,Đà Nẵng,historic,insufficient_service_evidence,0,https://www.openstreetmap.org/node/8616526723,v2-c829c8f3e2414108
osm:node:8616526724,Chùa Hương Sơn,Đà Nẵng,temple,insufficient_service_evidence,0,https://www.openstreetmap.org/node/8616526724,v2-c829c8f3e2414108
osm:node:8616536518,Indochine Box cà phê,Đà Nẵng,cafe,insufficient_service_evidence,0,https://www.openstreetmap.org/node/8616536518,v2-c829c8f3e2414108
osm:node:8616536620,Nhà Thờ Bình An,Đà Nẵng,historic,insufficient_service_evidence,0,https://www.openstreetmap.org/node/8616536620,v2-c829c8f3e2414108
osm:node:8616537417,1981 Coffee & Tea,Đà Nẵng,cafe,insufficient_service_evidence,0,https://www.openstreetmap.org/node/8616537417,v2-c829c8f3e2414108
osm:node:8642895213,Oanh Trúc Bún đậu,Hà Nội,restaurant,insufficient_service_evidence,0,https://www.openstreetmap.org/node/8642895213,v2-c829c8f3e2414108
osm:node:8656339979,Ding Tea,Hà Nội,cafe,insufficient_service_evidence,0,https://www.openstreetmap.org/node/8656339979,v2-c829c8f3e2414108
osm:node:8678902014,Tập thể 829,Hà Nội,park,insufficient_service_evidence,0,https://www.openstreetmap.org/node/8678902014,v2-c829c8f3e2414108
osm:node:8681467467,Đỉnh Vua,Hà Nội,nature_area,insufficient_service_evidence,0,https://www.openstreetmap.org/node/8681467467,v2-c829c8f3e2414108
osm:node:8681475359,Đỉnh Tản Viên,Hà Nội,nature_area,insufficient_service_evidence,0,https://www.openstreetmap.org/node/8681475359,v2-c829c8f3e2414108
osm:node:8681483062,Đền Thượng,Hà Nội,temple,insufficient_service_evidence,0,https://www.openstreetmap.org/node/8681483062,v2-c829c8f3e2414108
osm:node:8736185445,Sữa chua trân châu Hạ Long,Hà Nội,restaurant,insufficient_service_evidence,0,https://www.openstreetmap.org/node/8736185445,v2-c829c8f3e2414108
osm:node:8746891238,Phở gà Văn Miếu 17,Hà Nội,restaurant,insufficient_service_evidence,0,https://www.openstreetmap.org/node/8746891238,v2-c829c8f3e2414108
osm:node:8746891270,Nhà Hàng Kường Nga,Hà Nội,restaurant,insufficient_service_evidence,0,https://www.openstreetmap.org/node/8746891270,v2-c829c8f3e2414108
osm:node:8746891272,Quán Sửu,Hà Nội,restaurant,insufficient_service_evidence,0,https://www.openstreetmap.org/node/8746891272,v2-c829c8f3e2414108
osm:node:8772191067,Tổ Quốc Ghi Công,Hà Nội,historic,insufficient_service_evidence,0,https://www.openstreetmap.org/node/8772191067,v2-c829c8f3e2414108
osm:node:8808526689,An Tuong Viet Restaurant,Đà Nẵng,restaurant,insufficient_service_evidence,0,https://www.openstreetmap.org/node/8808526689,v2-c829c8f3e2414108
osm:node:8850427515,Nhà Văn Hóa Thôn Hương trầm,Hà Nội,park,insufficient_service_evidence,0,https://www.openstreetmap.org/node/8850427515,v2-c829c8f3e2414108
osm:node:8850546218,Chùa Viên Thành,Hà Nội,temple,insufficient_service_evidence,0,https://www.openstreetmap.org/node/8850546218,v2-c829c8f3e2414108
osm:node:8883048011,Cà Phê Cu Li,Hà Nội,cafe,insufficient_service_evidence,0,https://www.openstreetmap.org/node/8883048011,v2-c829c8f3e2414108
osm:node:8900260999,Highlands Coffee,Hà Nội,cafe,insufficient_service_evidence,0,https://www.openstreetmap.org/node/8900260999,v2-c829c8f3e2414108
osm:node:8906132456,Nhà Hàng Fabrik,Hà Nội,restaurant,insufficient_service_evidence,0,https://www.openstreetmap.org/node/8906132456,v2-c829c8f3e2414108
osm:node:8906140121,The Highlands Coffee,Hà Nội,cafe,insufficient_service_evidence,0,https://www.openstreetmap.org/node/8906140121,v2-c829c8f3e2414108
osm:node:8906156035,The Coffee House,Hà Nội,cafe,insufficient_service_evidence,0,https://www.openstreetmap.org/node/8906156035,v2-c829c8f3e2414108
osm:node:8926531321,Tiệm Ăn,Đà Nẵng,cafe,insufficient_service_evidence,0,https://www.openstreetmap.org/node/8926531321,v2-c829c8f3e2414108
osm:node:8929646295,Starbucks,Hà Nội,cafe,insufficient_service_evidence,0,https://www.openstreetmap.org/node/8929646295,v2-c829c8f3e2414108
osm:node:8929706309,Phúc Long,Hà Nội,cafe,insufficient_service_evidence,0,https://www.openstreetmap.org/node/8929706309,v2-c829c8f3e2414108
osm:node:8935113418,Đình Làng Miêu Nha,Hà Nội,temple,insufficient_service_evidence,0,https://www.openstreetmap.org/node/8935113418,v2-c829c8f3e2414108
osm:node:8938435127,Vitalmart,Hà Nội,market,insufficient_service_evidence,0,https://www.openstreetmap.org/node/8938435127,v2-c829c8f3e2414108
osm:node:8939472324,Cà Phê Doppio Ristretto,Hà Nội,cafe,insufficient_service_evidence,0,https://www.openstreetmap.org/node/8939472324,v2-c829c8f3e2414108
osm:node:8939472325,Cà Phê Milk And Honey,Hà Nội,cafe,insufficient_service_evidence,0,https://www.openstreetmap.org/node/8939472325,v2-c829c8f3e2414108
osm:node:8939472327,TAYTA Coffee,Hà Nội,cafe,insufficient_service_evidence,0,https://www.openstreetmap.org/node/8939472327,v2-c829c8f3e2414108
osm:node:8939472328,PingPong café & décor,Hà Nội,cafe,insufficient_service_evidence,0,https://www.openstreetmap.org/node/8939472328,v2-c829c8f3e2414108
osm:node:8939472329,Rasm Modern Indian Cuisine,Hà Nội,restaurant,insufficient_service_evidence,0,https://www.openstreetmap.org/node/8939472329,v2-c829c8f3e2414108
osm:node:8939472330,Cà Phê 82,Hà Nội,cafe,insufficient_service_evidence,0,https://www.openstreetmap.org/node/8939472330,v2-c829c8f3e2414108
osm:node:8994680557,nha Mr.Dao,Đà Nẵng,cafe,insufficient_service_evidence,0,https://www.openstreetmap.org/node/8994680557,v2-c829c8f3e2414108
osm:node:9008780595,Nha Leo Phuong 01,Hà Nội,restaurant,insufficient_service_evidence,0,https://www.openstreetmap.org/node/9008780595,v2-c829c8f3e2414108
osm:node:9034493609,Đài Tưởng Niệm Liệt Sĩ Phường Phương Canh,Hà Nội,historic,insufficient_service_evidence,0,https://www.openstreetmap.org/node/9034493609,v2-c829c8f3e2414108
osm:node:9043797448,Highlands Coffee,Hà Nội,cafe,insufficient_service_evidence,0,https://www.openstreetmap.org/node/9043797448,v2-c829c8f3e2414108
osm:node:9087727966,Căn tin,Đà Nẵng,restaurant,insufficient_service_evidence,0,https://www.openstreetmap.org/node/9087727966,v2-c829c8f3e2414108
osm:node:9110435519,Vườn Hoa Babylon Orchids,Hà Nội,park,insufficient_service_evidence,0,https://www.openstreetmap.org/node/9110435519,v2-c829c8f3e2414108
osm:node:915321863,Cà Phê Hồ Thanh Nhàn,Hà Nội,cafe,insufficient_service_evidence,0,https://www.openstreetmap.org/node/915321863,v2-c829c8f3e2414108
osm:node:9252326517,Nhà Hàng Maison Sen,Hà Nội,restaurant,insufficient_service_evidence,0,https://www.openstreetmap.org/node/9252326517,v2-c829c8f3e2414108
osm:node:9252326518,Quán Bún Đậu Việt,Hà Nội,restaurant,insufficient_service_evidence,0,https://www.openstreetmap.org/node/9252326518,v2-c829c8f3e2414108
osm:node:9252410117,Quan Banh Cuon Thanh Van,Hà Nội,restaurant,insufficient_service_evidence,0,https://www.openstreetmap.org/node/9252410117,v2-c829c8f3e2414108
osm:node:9282149617,Quan Nem Lui Banh Xeo Co Minh1,Hà Nội,restaurant,insufficient_service_evidence,0,https://www.openstreetmap.org/node/9282149617,v2-c829c8f3e2414108
osm:node:9283475117,Cửa khẩu Nam Giang,Đà Nẵng,attraction,insufficient_service_evidence,0,https://www.openstreetmap.org/node/9283475117,v2-c829c8f3e2414108
osm:node:9287505718,Thủy đình làng Trường Lâm,Hà Nội,attraction,insufficient_service_evidence,0,https://www.openstreetmap.org/node/9287505718,v2-c829c8f3e2414108
osm:node:9287534420,Đình Trường Lâm,Hà Nội,temple,insufficient_service_evidence,0,https://www.openstreetmap.org/node/9287534420,v2-c829c8f3e2414108
osm:node:9287629418,Cà Phê Linh Linh,Hà Nội,cafe,insufficient_service_evidence,0,https://www.openstreetmap.org/node/9287629418,v2-c829c8f3e2414108
osm:node:9290531317,Cà Phê Aha,Hà Nội,cafe,insufficient_service_evidence,0,https://www.openstreetmap.org/node/9290531317,v2-c829c8f3e2414108
osm:node:9377994036,Cửa Hàng Bún Bẩy Cường,Hà Nội,restaurant,insufficient_service_evidence,0,https://www.openstreetmap.org/node/9377994036,v2-c829c8f3e2414108
osm:node:9391370817,Quan Ngon Bo Ne,Đà Nẵng,cafe,insufficient_service_evidence,0,https://www.openstreetmap.org/node/9391370817,v2-c829c8f3e2414108
osm:node:9399202172,Bảo tàng Pháo binh,Hà Nội,museum,insufficient_service_evidence,0,https://www.openstreetmap.org/node/9399202172,v2-c829c8f3e2414108
osm:node:9407362504,KFC,Hà Nội,restaurant,weak_or_generic_name|insufficient_service_evidence,0,https://www.openstreetmap.org/node/9407362504,v2-c829c8f3e2414108
osm:node:9448910486,Thôn phú Nam,Đà Nẵng,park,insufficient_service_evidence,0,https://www.openstreetmap.org/node/9448910486,v2-c829c8f3e2414108
osm:node:9458041742,Núi Mũi Cày,Hà Nội,nature_area,insufficient_service_evidence,0,https://www.openstreetmap.org/node/9458041742,v2-c829c8f3e2414108
osm:node:9459474981,Chòi ông Vịt,Hà Nội,attraction,insufficient_service_evidence,0,https://www.openstreetmap.org/node/9459474981,v2-c829c8f3e2414108
osm:node:9459524155,Đền Họ Mạc,Hà Nội,temple,insufficient_service_evidence,0,https://www.openstreetmap.org/node/9459524155,v2-c829c8f3e2414108
osm:node:9491530287,Núi Há Mồm,Hà Nội,nature_area,insufficient_service_evidence,0,https://www.openstreetmap.org/node/9491530287,v2-c829c8f3e2414108
osm:node:9497320880,Đồi Sim,Hà Nội,viewpoint,insufficient_service_evidence,0,https://www.openstreetmap.org/node/9497320880,v2-c829c8f3e2414108
osm:node:9534009426,Gà tươi Bà Ba,Hà Nội,restaurant,insufficient_service_evidence,0,https://www.openstreetmap.org/node/9534009426,v2-c829c8f3e2414108
osm:node:9534009428,Cà Phê Dừa Xiêm Bến Tre,Hà Nội,cafe,insufficient_service_evidence,0,https://www.openstreetmap.org/node/9534009428,v2-c829c8f3e2414108
osm:node:9584817355,Phở Tứ Hải 3,Hà Nội,restaurant,insufficient_service_evidence,0,https://www.openstreetmap.org/node/9584817355,v2-c829c8f3e2414108
osm:node:9584817367,Siêu Thị K,Hà Nội,market,insufficient_service_evidence,0,https://www.openstreetmap.org/node/9584817367,v2-c829c8f3e2414108
osm:node:9584844935,Nhà Hàng BBQ Baek Jeong,Hà Nội,restaurant,insufficient_service_evidence,0,https://www.openstreetmap.org/node/9584844935,v2-c829c8f3e2414108
osm:node:9584989655,Cà Phê StarBucks,Hà Nội,cafe,insufficient_service_evidence,0,https://www.openstreetmap.org/node/9584989655,v2-c829c8f3e2414108
osm:node:9585108836,Cà Phê Laika,Hà Nội,cafe,insufficient_service_evidence,0,https://www.openstreetmap.org/node/9585108836,v2-c829c8f3e2414108
osm:node:9586940674,Cafe Artisee,Hà Nội,cafe,insufficient_service_evidence,0,https://www.openstreetmap.org/node/9586940674,v2-c829c8f3e2414108
osm:node:9586940676,Nhà hàng Chosim,Hà Nội,restaurant,insufficient_service_evidence,0,https://www.openstreetmap.org/node/9586940676,v2-c829c8f3e2414108
osm:node:9586984263,Five Star Mỹ Đình,Hà Nội,restaurant,insufficient_service_evidence,0,https://www.openstreetmap.org/node/9586984263,v2-c829c8f3e2414108
osm:node:9587087000,Chợ Xanh Định Công,Hà Nội,market,insufficient_service_evidence,0,https://www.openstreetmap.org/node/9587087000,v2-c829c8f3e2414108
osm:node:9587296896,Đền Bia Bà,Hà Nội,temple,insufficient_service_evidence,0,https://www.openstreetmap.org/node/9587296896,v2-c829c8f3e2414108
osm:node:9587296910,The Eastern & Oriental Tea House And Coffee Parlour,Hà Nội,cafe,insufficient_service_evidence,0,https://www.openstreetmap.org/node/9587296910,v2-c829c8f3e2414108
osm:node:9593887397,Nhà hàng Bornga,Hà Nội,restaurant,insufficient_service_evidence,0,https://www.openstreetmap.org/node/9593887397,v2-c829c8f3e2414108
osm:node:9593919773,Phở Thuý,Hà Nội,restaurant,insufficient_service_evidence,0,https://www.openstreetmap.org/node/9593919773,v2-c829c8f3e2414108
osm:node:9604775129,Đồi Llum,Hà Nội,nature_area,insufficient_service_evidence,0,https://www.openstreetmap.org/node/9604775129,v2-c829c8f3e2414108
osm:node:9624104359,Cộng Cà Phê,Hà Nội,cafe,insufficient_service_evidence,0,https://www.openstreetmap.org/node/9624104359,v2-c829c8f3e2414108
osm:node:9627953236,Điểm Nhìn Đá Bạc,Hà Nội,viewpoint,insufficient_service_evidence,0,https://www.openstreetmap.org/node/9627953236,v2-c829c8f3e2414108
osm:node:963611886,Thai Village,Hà Nội,restaurant,insufficient_service_evidence,0,https://www.openstreetmap.org/node/963611886,v2-c829c8f3e2414108
osm:node:9655304117,Café Cố Quận,Đà Nẵng,cafe,insufficient_service_evidence,0,https://www.openstreetmap.org/node/9655304117,v2-c829c8f3e2414108
osm:node:9655369884,Ga Loc Vung,Hà Nội,restaurant,insufficient_service_evidence,0,https://www.openstreetmap.org/node/9655369884,v2-c829c8f3e2414108
osm:node:9662382909,Le Splendid,Hà Nội,restaurant,insufficient_service_evidence,0,https://www.openstreetmap.org/node/9662382909,v2-c829c8f3e2414108
osm:node:9667623720,Banh Cuon,Hà Nội,restaurant,insufficient_service_evidence,0,https://www.openstreetmap.org/node/9667623720,v2-c829c8f3e2414108
osm:node:9667623721,Ngong,Hà Nội,cafe,insufficient_service_evidence,0,https://www.openstreetmap.org/node/9667623721,v2-c829c8f3e2414108
osm:node:9667843499,Mai,Hà Nội,cafe,weak_or_generic_name|insufficient_service_evidence,0,https://www.openstreetmap.org/node/9667843499,v2-c829c8f3e2414108
osm:node:9669924735,Mai,Hà Nội,cafe,weak_or_generic_name|insufficient_service_evidence,0,https://www.openstreetmap.org/node/9669924735,v2-c829c8f3e2414108
osm:node:9669947317,Hoa Lúa Coffee,Đà Nẵng,cafe,insufficient_service_evidence,0,https://www.openstreetmap.org/node/9669947317,v2-c829c8f3e2414108
osm:node:9671588399,BBB Cafe,Hà Nội,cafe,insufficient_service_evidence,0,https://www.openstreetmap.org/node/9671588399,v2-c829c8f3e2414108
osm:node:9671606211,Bun Mien Ngan,Hà Nội,restaurant,insufficient_service_evidence,0,https://www.openstreetmap.org/node/9671606211,v2-c829c8f3e2414108
osm:node:9671622118,Trada Cafe,Hà Nội,cafe,insufficient_service_evidence,0,https://www.openstreetmap.org/node/9671622118,v2-c829c8f3e2414108
osm:node:9673349122,Cafe Nghĩa,Hà Nội,cafe,insufficient_service_evidence,0,https://www.openstreetmap.org/node/9673349122,v2-c829c8f3e2414108
osm:node:9683275500,KFC,Hà Nội,restaurant,weak_or_generic_name,2,https://www.openstreetmap.org/node/9683275500,v2-c829c8f3e2414108
osm:node:9687923317,Morning Glory Original,Đà Nẵng,restaurant,insufficient_service_evidence,0,https://www.openstreetmap.org/node/9687923317,v2-c829c8f3e2414108
osm:node:9699422017,Bun Nem Bun Cha,Hà Nội,restaurant,insufficient_service_evidence,0,https://www.openstreetmap.org/node/9699422017,v2-c829c8f3e2414108
osm:node:9699422117,Banh cuon Ba Xuan,Hà Nội,restaurant,insufficient_service_evidence,0,https://www.openstreetmap.org/node/9699422117,v2-c829c8f3e2414108
osm:node:970139638,Trang Anh,Hà Nội,cafe,insufficient_service_evidence,0,https://www.openstreetmap.org/node/970139638,v2-c829c8f3e2414108
osm:node:9738784253,Texas Chicken,Hà Nội,restaurant,insufficient_service_evidence,0,https://www.openstreetmap.org/node/9738784253,v2-c829c8f3e2414108
osm:node:9738797981,Chouchi Cafe,Hà Nội,cafe,insufficient_service_evidence,0,https://www.openstreetmap.org/node/9738797981,v2-c829c8f3e2414108
osm:node:973961102,Nhà Hàng Ba Ba,Hà Nội,restaurant,insufficient_service_evidence,0,https://www.openstreetmap.org/node/973961102,v2-c829c8f3e2414108
osm:node:9753515618,Salt n Pepper,Hà Nội,restaurant,insufficient_service_evidence,0,https://www.openstreetmap.org/node/9753515618,v2-c829c8f3e2414108
osm:node:9756349317,Cafe Cat,Hà Nội,cafe,insufficient_service_evidence,0,https://www.openstreetmap.org/node/9756349317,v2-c829c8f3e2414108
osm:node:9757194717,Lò gạch cũ cầu tre,Đà Nẵng,cafe,insufficient_service_evidence,0,https://www.openstreetmap.org/node/9757194717,v2-c829c8f3e2414108
osm:node:9757391262,Bún chả Cầu Đen,Hà Nội,restaurant,insufficient_service_evidence,0,https://www.openstreetmap.org/node/9757391262,v2-c829c8f3e2414108
osm:node:9757399340,"Thành Đạt - Kem xôi, chè Thái Lan",Hà Nội,restaurant,insufficient_service_evidence,0,https://www.openstreetmap.org/node/9757399340,v2-c829c8f3e2414108
osm:node:975757197,Toshi Fusion,Hà Nội,restaurant,insufficient_service_evidence,0,https://www.openstreetmap.org/node/975757197,v2-c829c8f3e2414108
osm:node:9757683708,Xôi Hiệp Hoà,Hà Nội,restaurant,insufficient_service_evidence,0,https://www.openstreetmap.org/node/9757683708,v2-c829c8f3e2414108
osm:node:977647355,Nhà Hàng Duy Lê Malraux,Hà Nội,restaurant,insufficient_service_evidence,0,https://www.openstreetmap.org/node/977647355,v2-c829c8f3e2414108
osm:node:977668089,Son Thanh,Hà Nội,restaurant,insufficient_service_evidence,0,https://www.openstreetmap.org/node/977668089,v2-c829c8f3e2414108
osm:node:9789470768,Tịnh Cafe,Hà Nội,cafe,insufficient_service_evidence,0,https://www.openstreetmap.org/node/9789470768,v2-c829c8f3e2414108
osm:node:9800789973,Cơm Ông Bình,Hà Nội,restaurant,insufficient_service_evidence,0,https://www.openstreetmap.org/node/9800789973,v2-c829c8f3e2414108
osm:node:9805222025,5050 Rooftop Cafe & Pub,Hà Nội,cafe,insufficient_service_evidence,0,https://www.openstreetmap.org/node/9805222025,v2-c829c8f3e2414108
osm:node:9805222031,Zeplin,Hà Nội,cafe,insufficient_service_evidence,0,https://www.openstreetmap.org/node/9805222031,v2-c829c8f3e2414108
osm:node:9805222037,Coffee Cây,Hà Nội,cafe,insufficient_service_evidence,0,https://www.openstreetmap.org/node/9805222037,v2-c829c8f3e2414108
osm:node:9805222038,TOHA Coffee,Hà Nội,cafe,insufficient_service_evidence,0,https://www.openstreetmap.org/node/9805222038,v2-c829c8f3e2414108
osm:node:9805222051,Cà phê D9+,Hà Nội,cafe,insufficient_service_evidence,0,https://www.openstreetmap.org/node/9805222051,v2-c829c8f3e2414108
osm:node:9809271757,Nghè Tư Đình - Đền Quang Cổ,Hà Nội,temple,insufficient_service_evidence,0,https://www.openstreetmap.org/node/9809271757,v2-c829c8f3e2414108
osm:node:9821463689,Đình Mục Uyên,Hà Nội,temple,insufficient_service_evidence,0,https://www.openstreetmap.org/node/9821463689,v2-c829c8f3e2414108
osm:node:9840106222,3 Ngon,Đà Nẵng,restaurant,insufficient_service_evidence,0,https://www.openstreetmap.org/node/9840106222,v2-c829c8f3e2414108
osm:node:9840177170,Me Xanh,Đà Nẵng,restaurant,insufficient_service_evidence,0,https://www.openstreetmap.org/node/9840177170,v2-c829c8f3e2414108
osm:node:9844633824,Chợ Hòa Lạc,Hà Nội,market,insufficient_service_evidence,0,https://www.openstreetmap.org/node/9844633824,v2-c829c8f3e2414108
osm:node:9847863117,@fifi,Hà Nội,cafe,insufficient_service_evidence,0,https://www.openstreetmap.org/node/9847863117,v2-c829c8f3e2414108
osm:node:9894718813,Đình Làng Vân Côn,Hà Nội,temple,insufficient_service_evidence,0,https://www.openstreetmap.org/node/9894718813,v2-c829c8f3e2414108
osm:node:9894775630,Chùa Làng Vân Côn,Hà Nội,temple,insufficient_service_evidence,0,https://www.openstreetmap.org/node/9894775630,v2-c829c8f3e2414108
osm:node:9921282484,Dặc Sản Hôi An,Đà Nẵng,restaurant,insufficient_service_evidence,0,https://www.openstreetmap.org/node/9921282484,v2-c829c8f3e2414108
osm:node:9921286578,Việt Nam Bốn Mùa Hoa Trái,Đà Nẵng,cafe,insufficient_service_evidence,0,https://www.openstreetmap.org/node/9921286578,v2-c829c8f3e2414108
osm:node:9921295981,Bun Tung Xeo,Đà Nẵng,restaurant,insufficient_service_evidence,0,https://www.openstreetmap.org/node/9921295981,v2-c829c8f3e2414108
osm:node:9921304858,Kia Coffee - Beer,Đà Nẵng,cafe,insufficient_service_evidence,0,https://www.openstreetmap.org/node/9921304858,v2-c829c8f3e2414108
osm:node:9921308984,Vietnamese Food,Đà Nẵng,restaurant,insufficient_service_evidence,0,https://www.openstreetmap.org/node/9921308984,v2-c829c8f3e2414108
osm:node:9921315927,On the clouds,Đà Nẵng,cafe,insufficient_service_evidence,0,https://www.openstreetmap.org/node/9921315927,v2-c829c8f3e2414108
osm:node:9921316241,Pho Bien,Đà Nẵng,restaurant,insufficient_service_evidence,0,https://www.openstreetmap.org/node/9921316241,v2-c829c8f3e2414108
osm:node:9921321258,Ca Vang,Đà Nẵng,restaurant,insufficient_service_evidence,0,https://www.openstreetmap.org/node/9921321258,v2-c829c8f3e2414108
osm:node:9923824085,Đàn Xã Tắc,Hà Nội,historic,insufficient_service_evidence,0,https://www.openstreetmap.org/node/9923824085,v2-c829c8f3e2414108
osm:node:993037575,Orick Coffee,Hà Nội,cafe,insufficient_service_evidence,0,https://www.openstreetmap.org/node/993037575,v2-c829c8f3e2414108
osm:node:993037588,Van Viet Cafe,Hà Nội,cafe,insufficient_service_evidence,0,https://www.openstreetmap.org/node/993037588,v2-c829c8f3e2414108
osm:node:993037617,Nhà Hàng Yakiniku Shiki,Hà Nội,restaurant,insufficient_service_evidence,0,https://www.openstreetmap.org/node/993037617,v2-c829c8f3e2414108
osm:node:9931482773,Nha Đấu Coffee,Hà Nội,cafe,insufficient_service_evidence,0,https://www.openstreetmap.org/node/9931482773,v2-c829c8f3e2414108
osm:node:9931482774,Trumpet,Hà Nội,cafe,insufficient_service_evidence,0,https://www.openstreetmap.org/node/9931482774,v2-c829c8f3e2414108
osm:node:9931504435,Banh My Lanh Ong,Hà Nội,restaurant,insufficient_service_evidence,0,https://www.openstreetmap.org/node/9931504435,v2-c829c8f3e2414108
osm:node:9931514400,Pizza Hut,Hà Nội,restaurant,insufficient_service_evidence,0,https://www.openstreetmap.org/node/9931514400,v2-c829c8f3e2414108
osm:node:9931517984,Bánh Mỳ Patê,Hà Nội,restaurant,insufficient_service_evidence,0,https://www.openstreetmap.org/node/9931517984,v2-c829c8f3e2414108
osm:node:9931517986,Lotteria,Hà Nội,restaurant,insufficient_service_evidence,0,https://www.openstreetmap.org/node/9931517986,v2-c829c8f3e2414108
osm:node:9931528180,Gia Hanoi,Hà Nội,restaurant,insufficient_service_evidence,0,https://www.openstreetmap.org/node/9931528180,v2-c829c8f3e2414108
osm:node:9931530763,Chè Sầu Liên,Hà Nội,cafe,insufficient_service_evidence,0,https://www.openstreetmap.org/node/9931530763,v2-c829c8f3e2414108
osm:node:9931531020,Vit34,Hà Nội,restaurant,insufficient_service_evidence,0,https://www.openstreetmap.org/node/9931531020,v2-c829c8f3e2414108
osm:node:9931533820,Chất Coffee & Drinks,Hà Nội,cafe,insufficient_service_evidence,0,https://www.openstreetmap.org/node/9931533820,v2-c829c8f3e2414108
osm:node:9931534179,Heaven Coffee,Hà Nội,cafe,insufficient_service_evidence,0,https://www.openstreetmap.org/node/9931534179,v2-c829c8f3e2414108
osm:node:9931536195,Tuhu Bread,Hà Nội,restaurant,insufficient_service_evidence,0,https://www.openstreetmap.org/node/9931536195,v2-c829c8f3e2414108
osm:node:9931536429,Tasty Time,Hà Nội,cafe,insufficient_service_evidence,0,https://www.openstreetmap.org/node/9931536429,v2-c829c8f3e2414108
osm:node:9931536924,Coco Coffee,Đà Nẵng,cafe,insufficient_service_evidence,0,https://www.openstreetmap.org/node/9931536924,v2-c829c8f3e2414108
osm:node:9931538552,Thư Quán,Hà Nội,cafe,insufficient_service_evidence,0,https://www.openstreetmap.org/node/9931538552,v2-c829c8f3e2414108
osm:node:9931538819,Lam Café,Hà Nội,cafe,insufficient_service_evidence,0,https://www.openstreetmap.org/node/9931538819,v2-c829c8f3e2414108
osm:node:9931817258,Tượng đài Công an Nhân dân,Hà Nội,historic,insufficient_service_evidence,0,https://www.openstreetmap.org/node/9931817258,v2-c829c8f3e2414108
osm:node:9938321717,Madam Khanh - Bánh Mi Queen,Đà Nẵng,restaurant,insufficient_service_evidence,0,https://www.openstreetmap.org/node/9938321717,v2-c829c8f3e2414108
osm:node:9938322902,Tra Sua- An Vat,Đà Nẵng,cafe,insufficient_service_evidence,0,https://www.openstreetmap.org/node/9938322902,v2-c829c8f3e2414108
osm:node:9942330783,Starbucks,Hà Nội,cafe,insufficient_service_evidence,0,https://www.openstreetmap.org/node/9942330783,v2-c829c8f3e2414108
osm:node:9951113018,Highlands Coffee,Hà Nội,cafe,insufficient_service_evidence,0,https://www.openstreetmap.org/node/9951113018,v2-c829c8f3e2414108
osm:node:9951113019,Starbucks,Hà Nội,cafe,insufficient_service_evidence,0,https://www.openstreetmap.org/node/9951113019,v2-c829c8f3e2414108
osm:node:9952062617,Burger King,Hà Nội,restaurant,insufficient_service_evidence,0,https://www.openstreetmap.org/node/9952062617,v2-c829c8f3e2414108
osm:node:9952063417,Star Cafe,Hà Nội,cafe,insufficient_service_evidence,0,https://www.openstreetmap.org/node/9952063417,v2-c829c8f3e2414108
osm:node:9952063418,Highlands Coffee,Hà Nội,cafe,insufficient_service_evidence,0,https://www.openstreetmap.org/node/9952063418,v2-c829c8f3e2414108
osm:node:9952063519,El Domo restaurant and bar,Hà Nội,restaurant,insufficient_service_evidence,0,https://www.openstreetmap.org/node/9952063519,v2-c829c8f3e2414108
osm:node:9952063520,Pho - Coffee B&F,Hà Nội,cafe,insufficient_service_evidence,0,https://www.openstreetmap.org/node/9952063520,v2-c829c8f3e2414108
osm:node:9961839403,The Coffee House,Hà Nội,cafe,insufficient_service_evidence,0,https://www.openstreetmap.org/node/9961839403,v2-c829c8f3e2414108
osm:node:9961849557,TocoToco,Hà Nội,cafe,insufficient_service_evidence,0,https://www.openstreetmap.org/node/9961849557,v2-c829c8f3e2414108
osm:node:9961849558,Le Monde Steak,Hà Nội,restaurant,insufficient_service_evidence,0,https://www.openstreetmap.org/node/9961849558,v2-c829c8f3e2414108
osm:node:9964447763,KFC,Hà Nội,restaurant,weak_or_generic_name|insufficient_service_evidence,0,https://www.openstreetmap.org/node/9964447763,v2-c829c8f3e2414108
osm:node:9976457533,Chợ Trung Tự,Hà Nội,market,insufficient_service_evidence,0,https://www.openstreetmap.org/node/9976457533,v2-c829c8f3e2414108
osm:node:9976457534,Chợ Nam Đồng,Hà Nội,market,insufficient_service_evidence,0,https://www.openstreetmap.org/node/9976457534,v2-c829c8f3e2414108
osm:node:997997620,Red bean,Hà Nội,restaurant,insufficient_service_evidence,0,https://www.openstreetmap.org/node/997997620,v2-c829c8f3e2414108
osm:node:9980248162,Nhà hàng Gia Nguyễn,Hà Nội,restaurant,insufficient_service_evidence,0,https://www.openstreetmap.org/node/9980248162,v2-c829c8f3e2414108
osm:node:9980248163,Bia Huynh Đệ,Hà Nội,restaurant,insufficient_service_evidence,0,https://www.openstreetmap.org/node/9980248163,v2-c829c8f3e2414108
osm:node:998227583,Nhà Hàng Green Mango,Hà Nội,restaurant,insufficient_service_evidence,0,https://www.openstreetmap.org/node/998227583,v2-c829c8f3e2414108
osm:relation:11623141,Chợ Hôm,Hà Nội,market,insufficient_service_evidence,0,https://www.openstreetmap.org/relation/11623141,v2-c829c8f3e2414108
osm:relation:13129586,Rừng đặc dụng Bà Nà - Núi Chúa,Đà Nẵng,nature_area,insufficient_service_evidence,0,https://www.openstreetmap.org/relation/13129586,v2-c829c8f3e2414108
osm:relation:14048545,Chùa Bồ Đề,Hà Nội,temple,insufficient_service_evidence,0,https://www.openstreetmap.org/relation/14048545,v2-c829c8f3e2414108
osm:relation:14048548,Đền Chầu Bà,Hà Nội,temple,insufficient_service_evidence,0,https://www.openstreetmap.org/relation/14048548,v2-c829c8f3e2414108
osm:relation:14048551,Đền Ghềnh,Hà Nội,temple,insufficient_service_evidence,0,https://www.openstreetmap.org/relation/14048551,v2-c829c8f3e2414108
osm:relation:14428278,Đình Phúc Xá,Hà Nội,temple,insufficient_service_evidence,0,https://www.openstreetmap.org/relation/14428278,v2-c829c8f3e2414108
osm:relation:16437918,Trung tâm thương mại dịch vụ Nghĩa Đô,Hà Nội,market,insufficient_service_evidence,0,https://www.openstreetmap.org/relation/16437918,v2-c829c8f3e2414108
osm:relation:16640104,Đền Bà Kiệu,Hà Nội,temple,insufficient_service_evidence,0,https://www.openstreetmap.org/relation/16640104,v2-c829c8f3e2414108
osm:relation:16705353,Chùa Âu Vàng,Hà Nội,temple,insufficient_service_evidence,0,https://www.openstreetmap.org/relation/16705353,v2-c829c8f3e2414108
osm:relation:16798725,Công viên Mỗ Lao,Hà Nội,park,insufficient_service_evidence,0,https://www.openstreetmap.org/relation/16798725,v2-c829c8f3e2414108
osm:relation:17228483,Vườn Kiến trúc,Hà Nội,park,insufficient_service_evidence,0,https://www.openstreetmap.org/relation/17228483,v2-c829c8f3e2414108
osm:relation:17877970,Đài tưởng niệm các Anh hùng liệt sĩ,Hà Nội,historic,insufficient_service_evidence,0,https://www.openstreetmap.org/relation/17877970,v2-c829c8f3e2414108
osm:relation:18849894,Vườn cảnh Nghệ thuật Xuân Lộc,Hà Nội,park,insufficient_service_evidence,0,https://www.openstreetmap.org/relation/18849894,v2-c829c8f3e2414108
osm:relation:19179452,Đền Hai Bà Trưng,Hà Nội,temple,insufficient_service_evidence,0,https://www.openstreetmap.org/relation/19179452,v2-c829c8f3e2414108
osm:relation:20662634,Hội Quán Phúc Kiến,Hà Nội,temple,insufficient_service_evidence,0,https://www.openstreetmap.org/relation/20662634,v2-c829c8f3e2414108
osm:relation:20965271,Đình đền Đông Thiên Vĩnh Hưng,Hà Nội,temple,insufficient_service_evidence,0,https://www.openstreetmap.org/relation/20965271,v2-c829c8f3e2414108
osm:relation:21390097,Nhà triển lãm Mỹ thuật,Hà Nội,gallery,insufficient_service_evidence,0,https://www.openstreetmap.org/relation/21390097,v2-c829c8f3e2414108
osm:relation:21390321,Vườn hoa Lý Thái Tổ,Hà Nội,park,insufficient_service_evidence,0,https://www.openstreetmap.org/relation/21390321,v2-c829c8f3e2414108
osm:relation:21395416,Tu viện Dòng mến Thánh Giá,Hà Nội,temple,insufficient_service_evidence,0,https://www.openstreetmap.org/relation/21395416,v2-c829c8f3e2414108
osm:relation:3938690,Vườn Tượng An Hội,Đà Nẵng,park,insufficient_service_evidence,0,https://www.openstreetmap.org/relation/3938690,v2-c829c8f3e2414108
osm:way:1002534081,Vườn hoa,Hà Nội,park,insufficient_service_evidence,0,https://www.openstreetmap.org/way/1002534081,v2-c829c8f3e2414108
osm:way:1002535124,Vườn hoa,Hà Nội,park,insufficient_service_evidence,0,https://www.openstreetmap.org/way/1002535124,v2-c829c8f3e2414108
osm:way:1019040798,Bảo tàng Tài nguyên rừng Việt Nam,Hà Nội,museum,insufficient_service_evidence,0,https://www.openstreetmap.org/way/1019040798,v2-c829c8f3e2414108
osm:way:1019050228,Bảo tàng Công binh,Hà Nội,museum,insufficient_service_evidence,0,https://www.openstreetmap.org/way/1019050228,v2-c829c8f3e2414108
osm:way:1019050231,Bảo tàng Chiến thắng B52,Hà Nội,museum,insufficient_service_evidence,0,https://www.openstreetmap.org/way/1019050231,v2-c829c8f3e2414108
osm:way:1021332447,Chùa Đồng Quang,Hà Nội,temple,insufficient_service_evidence,0,https://www.openstreetmap.org/way/1021332447,v2-c829c8f3e2414108
osm:way:1024232159,Chợ Sóc Sơn,Hà Nội,market,insufficient_service_evidence,0,https://www.openstreetmap.org/way/1024232159,v2-c829c8f3e2414108
osm:way:1028823316,Chùa Thiên Phúc,Hà Nội,temple,insufficient_service_evidence,0,https://www.openstreetmap.org/way/1028823316,v2-c829c8f3e2414108
osm:way:1034955370,Nhà thờ Giáo xứ Kẻ Nghệ,Hà Nội,temple,insufficient_service_evidence,0,https://www.openstreetmap.org/way/1034955370,v2-c829c8f3e2414108
osm:way:1040486455,Nhà thờ An Thái,Hà Nội,temple,insufficient_service_evidence,0,https://www.openstreetmap.org/way/1040486455,v2-c829c8f3e2414108
osm:way:1040487957,Chùa An Quốc,Hà Nội,temple,insufficient_service_evidence,0,https://www.openstreetmap.org/way/1040487957,v2-c829c8f3e2414108
osm:way:1040742615,Biệt thự 49 Trần Hưng Đạo,Hà Nội,attraction,insufficient_service_evidence,0,https://www.openstreetmap.org/way/1040742615,v2-c829c8f3e2414108
osm:way:1040765169,Nhà hàng Hoa Sen 3,Hà Nội,restaurant,insufficient_service_evidence,0,https://www.openstreetmap.org/way/1040765169,v2-c829c8f3e2414108
osm:way:1040770336,Trang Cafe Sầu Bá Đạo,Hà Nội,cafe,insufficient_service_evidence,0,https://www.openstreetmap.org/way/1040770336,v2-c829c8f3e2414108
osm:way:1041112515,Chùa Tứ Kỳ,Hà Nội,temple,insufficient_service_evidence,0,https://www.openstreetmap.org/way/1041112515,v2-c829c8f3e2414108
osm:way:1042562816,Đình Hạ Yên Quyết,Hà Nội,temple,insufficient_service_evidence,0,https://www.openstreetmap.org/way/1042562816,v2-c829c8f3e2414108
osm:way:1044297775,Chợ Kim Lũ,Hà Nội,market,insufficient_service_evidence,0,https://www.openstreetmap.org/way/1044297775,v2-c829c8f3e2414108
osm:way:1044485853,Vườn hoa,Hà Nội,park,insufficient_service_evidence,0,https://www.openstreetmap.org/way/1044485853,v2-c829c8f3e2414108
osm:way:1044486077,Vườn hoa,Hà Nội,park,insufficient_service_evidence,0,https://www.openstreetmap.org/way/1044486077,v2-c829c8f3e2414108
osm:way:1046114099,The Ivy House,Hà Nội,cafe,insufficient_service_evidence,0,https://www.openstreetmap.org/way/1046114099,v2-c829c8f3e2414108
osm:way:1046542443,Cà phê Trung Nguyên,Hà Nội,cafe,insufficient_service_evidence,0,https://www.openstreetmap.org/way/1046542443,v2-c829c8f3e2414108
osm:way:1047537239,Chùa Cát Bi,Hà Nội,temple,insufficient_service_evidence,0,https://www.openstreetmap.org/way/1047537239,v2-c829c8f3e2414108
osm:way:1047537240,Đình Cát Bi,Hà Nội,temple,insufficient_service_evidence,0,https://www.openstreetmap.org/way/1047537240,v2-c829c8f3e2414108
osm:way:1051466849,Bãi đá Sông Hồng,Hà Nội,park,insufficient_service_evidence,0,https://www.openstreetmap.org/way/1051466849,v2-c829c8f3e2414108
osm:way:1051495392,Lan Hạ Garden Đông Anh,Hà Nội,restaurant,insufficient_service_evidence,0,https://www.openstreetmap.org/way/1051495392,v2-c829c8f3e2414108
osm:way:1062770997,Chợ Phủ Quốc Oai,Hà Nội,market,insufficient_service_evidence,0,https://www.openstreetmap.org/way/1062770997,v2-c829c8f3e2414108
osm:way:1063191459,Chợ Linh Lang,Hà Nội,market,insufficient_service_evidence,0,https://www.openstreetmap.org/way/1063191459,v2-c829c8f3e2414108
osm:way:1067639927,Đình làng Cam,Hà Nội,temple,insufficient_service_evidence,0,https://www.openstreetmap.org/way/1067639927,v2-c829c8f3e2414108
osm:way:1067639931,Đài tưởng niệm trận càn làng Cam 1947,Hà Nội,historic,insufficient_service_evidence,0,https://www.openstreetmap.org/way/1067639931,v2-c829c8f3e2414108
osm:way:1067639932,Chùa làng Cam,Hà Nội,temple,insufficient_service_evidence,0,https://www.openstreetmap.org/way/1067639932,v2-c829c8f3e2414108
osm:way:1071067175,Hành cung Cổ Bi,Hà Nội,temple,insufficient_service_evidence,0,https://www.openstreetmap.org/way/1071067175,v2-c829c8f3e2414108
osm:way:1073109287,Đình làng Đại Bản,Hà Nội,temple,insufficient_service_evidence,0,https://www.openstreetmap.org/way/1073109287,v2-c829c8f3e2414108
osm:way:1073260547,Chùa Đặng,Hà Nội,temple,insufficient_service_evidence,0,https://www.openstreetmap.org/way/1073260547,v2-c829c8f3e2414108
osm:way:1074490406,Đình Hội,Hà Nội,temple,insufficient_service_evidence,0,https://www.openstreetmap.org/way/1074490406,v2-c829c8f3e2414108
osm:way:1074490407,Chùa Hội,Hà Nội,temple,insufficient_service_evidence,0,https://www.openstreetmap.org/way/1074490407,v2-c829c8f3e2414108
osm:way:1074490447,Chợ Vũ Xuân Thiều,Hà Nội,market,insufficient_service_evidence,0,https://www.openstreetmap.org/way/1074490447,v2-c829c8f3e2414108
osm:way:1076716232,Chợ Mân Thái,Đà Nẵng,market,insufficient_service_evidence,0,https://www.openstreetmap.org/way/1076716232,v2-c829c8f3e2414108
osm:way:1077108382,Công viên Hội An,Đà Nẵng,park,insufficient_service_evidence,0,https://www.openstreetmap.org/way/1077108382,v2-c829c8f3e2414108
osm:way:1080023296,Di tích Pháo đài Láng,Hà Nội,historic,insufficient_service_evidence,0,https://www.openstreetmap.org/way/1080023296,v2-c829c8f3e2414108
osm:way:1082227920,Miếu làng Bằng A,Hà Nội,temple,insufficient_service_evidence,0,https://www.openstreetmap.org/way/1082227920,v2-c829c8f3e2414108
osm:way:1089001007,Bún cá chấm 101,Hà Nội,restaurant,insufficient_service_evidence,0,https://www.openstreetmap.org/way/1089001007,v2-c829c8f3e2414108
osm:way:1089984776,Chợ Mía,Hà Nội,market,insufficient_service_evidence,0,https://www.openstreetmap.org/way/1089984776,v2-c829c8f3e2414108
osm:way:1089984777,Chùa Mía,Hà Nội,temple,insufficient_service_evidence,0,https://www.openstreetmap.org/way/1089984777,v2-c829c8f3e2414108
osm:way:1089984778,Đình Đông Sàng,Hà Nội,temple,insufficient_service_evidence,0,https://www.openstreetmap.org/way/1089984778,v2-c829c8f3e2414108
osm:way:1090717264,Đình Phú Xuyên,Hà Nội,temple,insufficient_service_evidence,0,https://www.openstreetmap.org/way/1090717264,v2-c829c8f3e2414108
osm:way:1100742941,Nha hang Ngan Thanh,Hà Nội,restaurant,insufficient_service_evidence,0,https://www.openstreetmap.org/way/1100742941,v2-c829c8f3e2414108
osm:way:1102485874,Quan an Nam Nhu 1,Hà Nội,restaurant,insufficient_service_evidence,0,https://www.openstreetmap.org/way/1102485874,v2-c829c8f3e2414108
osm:way:1104102840,Chùa Liên Đàm,Hà Nội,temple,insufficient_service_evidence,0,https://www.openstreetmap.org/way/1104102840,v2-c829c8f3e2414108
osm:way:1104856388,Đình Kim Lũ,Hà Nội,temple,insufficient_service_evidence,0,https://www.openstreetmap.org/way/1104856388,v2-c829c8f3e2414108
osm:way:1104873499,Đình Tựu Liệt,Hà Nội,temple,insufficient_service_evidence,0,https://www.openstreetmap.org/way/1104873499,v2-c829c8f3e2414108
osm:way:1106811309,Nhà thờ Chu Chàng,Hà Nội,temple,insufficient_service_evidence,0,https://www.openstreetmap.org/way/1106811309,v2-c829c8f3e2414108
osm:way:1106866558,Vườn hoa,Hà Nội,park,insufficient_service_evidence,0,https://www.openstreetmap.org/way/1106866558,v2-c829c8f3e2414108
osm:way:1107633810,Ngũ Nhạc Linh Từ,Đà Nẵng,temple,insufficient_service_evidence,0,https://www.openstreetmap.org/way/1107633810,v2-c829c8f3e2414108
osm:way:1108118623,Vườn hoa Tăng Bạt Hổ,Hà Nội,park,insufficient_service_evidence,0,https://www.openstreetmap.org/way/1108118623,v2-c829c8f3e2414108
osm:way:1108445943,Vườn hoa Yersin,Hà Nội,park,insufficient_service_evidence,0,https://www.openstreetmap.org/way/1108445943,v2-c829c8f3e2414108
osm:way:1109970002,Le Jardin D’Amour,Đà Nẵng,park,insufficient_service_evidence,0,https://www.openstreetmap.org/way/1109970002,v2-c829c8f3e2414108
osm:way:1109970009,Nhà thờ Saint Denis,Đà Nẵng,attraction,insufficient_service_evidence,0,https://www.openstreetmap.org/way/1109970009,v2-c829c8f3e2414108
osm:way:1109970036,Beer Plaza,Đà Nẵng,restaurant,insufficient_service_evidence,0,https://www.openstreetmap.org/way/1109970036,v2-c829c8f3e2414108
osm:way:1110686331,Chùa Xã Đàn,Hà Nội,temple,insufficient_service_evidence,0,https://www.openstreetmap.org/way/1110686331,v2-c829c8f3e2414108
osm:way:1111949860,Vườn hoa Lê Trực,Hà Nội,park,insufficient_service_evidence,0,https://www.openstreetmap.org/way/1111949860,v2-c829c8f3e2414108
osm:way:1112643378,Vườn hoa Hoàng Cầu,Hà Nội,park,insufficient_service_evidence,0,https://www.openstreetmap.org/way/1112643378,v2-c829c8f3e2414108
osm:way:1114717100,Di tích trại giam Nhà Tiền,Hà Nội,historic,insufficient_service_evidence,0,https://www.openstreetmap.org/way/1114717100,v2-c829c8f3e2414108
osm:way:1114717104,Đình Hào Nam,Hà Nội,temple,insufficient_service_evidence,0,https://www.openstreetmap.org/way/1114717104,v2-c829c8f3e2414108
osm:way:1114925845,Chợ Ngọc Thụy 2,Hà Nội,market,insufficient_service_evidence,0,https://www.openstreetmap.org/way/1114925845,v2-c829c8f3e2414108
osm:way:1115091181,Cơm tấm Huy,Hà Nội,restaurant,insufficient_service_evidence,0,https://www.openstreetmap.org/way/1115091181,v2-c829c8f3e2414108
osm:way:1115106428,Nhà hàng Trâu Mai Hương,Hà Nội,restaurant,insufficient_service_evidence,0,https://www.openstreetmap.org/way/1115106428,v2-c829c8f3e2414108
osm:way:1115788711,Công viên Ngũ Hành,Đà Nẵng,park,insufficient_service_evidence,0,https://www.openstreetmap.org/way/1115788711,v2-c829c8f3e2414108
osm:way:1115791518,Công viên Cổ Cò,Đà Nẵng,park,insufficient_service_evidence,0,https://www.openstreetmap.org/way/1115791518,v2-c829c8f3e2414108
osm:way:1115795402,Công viên Đầm Sen,Đà Nẵng,park,insufficient_service_evidence,0,https://www.openstreetmap.org/way/1115795402,v2-c829c8f3e2414108
osm:way:1116156201,Tiệm Bánh Mì Thành Luân,Hà Nội,restaurant,insufficient_service_evidence,0,https://www.openstreetmap.org/way/1116156201,v2-c829c8f3e2414108
osm:way:1116246887,Chợ Nhà Xanh,Hà Nội,market,insufficient_service_evidence,0,https://www.openstreetmap.org/way/1116246887,v2-c829c8f3e2414108
osm:way:1117765506,Ẩm thực Cung Đình,Hà Nội,restaurant,insufficient_service_evidence,0,https://www.openstreetmap.org/way/1117765506,v2-c829c8f3e2414108
osm:way:1118308342,Vườn hoa Nghĩa Tân,Hà Nội,park,insufficient_service_evidence,0,https://www.openstreetmap.org/way/1118308342,v2-c829c8f3e2414108
osm:way:1118788845,Chùa Sở Vòng,Hà Nội,temple,insufficient_service_evidence,0,https://www.openstreetmap.org/way/1118788845,v2-c829c8f3e2414108
osm:way:1118788847,Đình Dịch Vọng Sở,Hà Nội,temple,insufficient_service_evidence,0,https://www.openstreetmap.org/way/1118788847,v2-c829c8f3e2414108
osm:way:1119201289,Chùa Ngô,Hà Nội,temple,insufficient_service_evidence,0,https://www.openstreetmap.org/way/1119201289,v2-c829c8f3e2414108
osm:way:1119231769,Vườn An Viên,Hà Nội,park,insufficient_service_evidence,0,https://www.openstreetmap.org/way/1119231769,v2-c829c8f3e2414108
osm:way:1119231770,Vườn Lam Viên,Hà Nội,park,insufficient_service_evidence,0,https://www.openstreetmap.org/way/1119231770,v2-c829c8f3e2414108
osm:way:1119231771,Vườn Long Viên,Hà Nội,park,insufficient_service_evidence,0,https://www.openstreetmap.org/way/1119231771,v2-c829c8f3e2414108
osm:way:1119581547,Nhà ăn,Hà Nội,restaurant,insufficient_service_evidence,0,https://www.openstreetmap.org/way/1119581547,v2-c829c8f3e2414108
osm:way:1120491144,Vườn hoa Đặng Thuỳ Trâm,Hà Nội,park,insufficient_service_evidence,0,https://www.openstreetmap.org/way/1120491144,v2-c829c8f3e2414108
osm:way:1120491145,Vườn hoa Đặng Thuỳ Trâm,Hà Nội,park,insufficient_service_evidence,0,https://www.openstreetmap.org/way/1120491145,v2-c829c8f3e2414108
osm:way:1121625791,gà xù,Hà Nội,restaurant,insufficient_service_evidence,0,https://www.openstreetmap.org/way/1121625791,v2-c829c8f3e2414108
osm:way:1121940859,Bao Quyen farm,Hà Nội,park,insufficient_service_evidence,0,https://www.openstreetmap.org/way/1121940859,v2-c829c8f3e2414108
osm:way:1122930513,Chợ Vàng,Hà Nội,market,insufficient_service_evidence,0,https://www.openstreetmap.org/way/1122930513,v2-c829c8f3e2414108
osm:way:1122930521,Chùa Vo Đông,Hà Nội,temple,insufficient_service_evidence,0,https://www.openstreetmap.org/way/1122930521,v2-c829c8f3e2414108
osm:way:1122930524,Đình Vo Đông,Hà Nội,temple,insufficient_service_evidence,0,https://www.openstreetmap.org/way/1122930524,v2-c829c8f3e2414108
osm:way:1122930525,Nhà thờ Giáo họ Nông Vụ,Hà Nội,temple,insufficient_service_evidence,0,https://www.openstreetmap.org/way/1122930525,v2-c829c8f3e2414108
osm:way:1122937024,Đài tưởng niệm Liệt sĩ Phường Mai Dịch,Hà Nội,historic,insufficient_service_evidence,0,https://www.openstreetmap.org/way/1122937024,v2-c829c8f3e2414108
osm:way:1123050055,Đài tưởng niệm liệt sĩ Nghĩa Tân,Hà Nội,historic,insufficient_service_evidence,0,https://www.openstreetmap.org/way/1123050055,v2-c829c8f3e2414108
osm:way:1124817467,Đài tưởng niệm các anh hùng liệt sĩ Trâu Quỳ,Hà Nội,historic,insufficient_service_evidence,0,https://www.openstreetmap.org/way/1124817467,v2-c829c8f3e2414108
osm:way:1124817477,Phủ Thừa Thiên,Hà Nội,temple,insufficient_service_evidence,0,https://www.openstreetmap.org/way/1124817477,v2-c829c8f3e2414108
osm:way:1126018374,Chùa Thanh Bình,Đà Nẵng,temple,insufficient_service_evidence,0,https://www.openstreetmap.org/way/1126018374,v2-c829c8f3e2414108
osm:way:1135119283,Tổ quốc ghi công,Hà Nội,historic,insufficient_service_evidence,0,https://www.openstreetmap.org/way/1135119283,v2-c829c8f3e2414108
osm:way:1135736683,Chùa Long Quang,Hà Nội,temple,insufficient_service_evidence,0,https://www.openstreetmap.org/way/1135736683,v2-c829c8f3e2414108
osm:way:1137325940,Đài tưởng niệm các anh hùng liệt sĩ Sài Đồng,Hà Nội,historic,insufficient_service_evidence,0,https://www.openstreetmap.org/way/1137325940,v2-c829c8f3e2414108
osm:way:1137325943,Chùa Thổ Khối,Hà Nội,temple,insufficient_service_evidence,0,https://www.openstreetmap.org/way/1137325943,v2-c829c8f3e2414108
osm:way:1137325945,Vườn hoa Cự Khối,Hà Nội,park,insufficient_service_evidence,0,https://www.openstreetmap.org/way/1137325945,v2-c829c8f3e2414108
osm:way:1138955996,Chùa Thanh An,Hà Nội,temple,insufficient_service_evidence,0,https://www.openstreetmap.org/way/1138955996,v2-c829c8f3e2414108
osm:way:1140667038,Chùa Phúc Khánh,Hà Nội,temple,insufficient_service_evidence,0,https://www.openstreetmap.org/way/1140667038,v2-c829c8f3e2414108
osm:way:1141562511,Liệt sĩ bất diệt,Hà Nội,historic,insufficient_service_evidence,0,https://www.openstreetmap.org/way/1141562511,v2-c829c8f3e2414108
osm:way:1141876010,Cổng Chùa Bà Mụ,Đà Nẵng,temple,insufficient_service_evidence,0,https://www.openstreetmap.org/way/1141876010,v2-c829c8f3e2414108
osm:way:1143860955,Căng tin 2,Hà Nội,restaurant,insufficient_service_evidence,0,https://www.openstreetmap.org/way/1143860955,v2-c829c8f3e2414108
osm:way:1144130583,Đền Mẫu Đầm Sen,Hà Nội,temple,insufficient_service_evidence,0,https://www.openstreetmap.org/way/1144130583,v2-c829c8f3e2414108
osm:way:1144267188,Vườn hoa Thượng Thanh,Hà Nội,park,insufficient_service_evidence,0,https://www.openstreetmap.org/way/1144267188,v2-c829c8f3e2414108
osm:way:1144867249,Chùa Lệ Mật,Hà Nội,temple,insufficient_service_evidence,0,https://www.openstreetmap.org/way/1144867249,v2-c829c8f3e2414108
osm:way:1144867250,Đình Lệ Mật,Hà Nội,temple,insufficient_service_evidence,0,https://www.openstreetmap.org/way/1144867250,v2-c829c8f3e2414108
osm:way:1147083161,Chùa Sùng Tích,Hà Nội,temple,insufficient_service_evidence,0,https://www.openstreetmap.org/way/1147083161,v2-c829c8f3e2414108
osm:way:1147083166,Đình thôn Đặng,Hà Nội,temple,insufficient_service_evidence,0,https://www.openstreetmap.org/way/1147083166,v2-c829c8f3e2414108
osm:way:1147629014,Chùa Thiên Phúc,Hà Nội,temple,insufficient_service_evidence,0,https://www.openstreetmap.org/way/1147629014,v2-c829c8f3e2414108
osm:way:1147665704,Nhà thờ Giáo xứ Đồng Trì,Hà Nội,temple,insufficient_service_evidence,0,https://www.openstreetmap.org/way/1147665704,v2-c829c8f3e2414108
osm:way:1149372974,Công viên Hải Âu,Hà Nội,park,insufficient_service_evidence,0,https://www.openstreetmap.org/way/1149372974,v2-c829c8f3e2414108
osm:way:1151001168,Đền – Chùa Nguyên Phi Ỷ Lan,Hà Nội,attraction,insufficient_service_evidence,0,https://www.openstreetmap.org/way/1151001168,v2-c829c8f3e2414108
osm:way:1151001172,Thủy đình đền Bà Tấm,Hà Nội,temple,insufficient_service_evidence,0,https://www.openstreetmap.org/way/1151001172,v2-c829c8f3e2414108
osm:way:1152993502,Khu tưởng niệm Hà My,Đà Nẵng,historic,insufficient_service_evidence,0,https://www.openstreetmap.org/way/1152993502,v2-c829c8f3e2414108
osm:way:1153847221,Chợ sinh viên,Hà Nội,market,insufficient_service_evidence,0,https://www.openstreetmap.org/way/1153847221,v2-c829c8f3e2414108
osm:way:1157172128,Đình Chung,Hà Nội,temple,insufficient_service_evidence,0,https://www.openstreetmap.org/way/1157172128,v2-c829c8f3e2414108
osm:way:1157172138,Chợ Tứ Hiệp,Hà Nội,market,insufficient_service_evidence,0,https://www.openstreetmap.org/way/1157172138,v2-c829c8f3e2414108
osm:way:1157172141,Đình Đồng Trì,Hà Nội,temple,insufficient_service_evidence,0,https://www.openstreetmap.org/way/1157172141,v2-c829c8f3e2414108
osm:way:1159101822,Công viên Khởi nghiệp,Hà Nội,park,insufficient_service_evidence,0,https://www.openstreetmap.org/way/1159101822,v2-c829c8f3e2414108
osm:way:1162603502,Quảng trường Ba Đình,Hà Nội,attraction,insufficient_service_evidence,0,https://www.openstreetmap.org/way/1162603502,v2-c829c8f3e2414108
osm:way:1162837200,Vườn hoa Nguyễn Đình Thi,Hà Nội,park,insufficient_service_evidence,0,https://www.openstreetmap.org/way/1162837200,v2-c829c8f3e2414108
osm:way:1163015446,Nhà hàng Sakura,Hà Nội,restaurant,insufficient_service_evidence,0,https://www.openstreetmap.org/way/1163015446,v2-c829c8f3e2414108
osm:way:1164347901,Phở Gà Ta Phương Linh,Hà Nội,restaurant,insufficient_service_evidence,0,https://www.openstreetmap.org/way/1164347901,v2-c829c8f3e2414108
osm:way:1164429696,Chợ Nại Hiên Đông,Đà Nẵng,market,insufficient_service_evidence,0,https://www.openstreetmap.org/way/1164429696,v2-c829c8f3e2414108
osm:way:1164583083,Đình An Thái,Hà Nội,temple,insufficient_service_evidence,0,https://www.openstreetmap.org/way/1164583083,v2-c829c8f3e2414108
osm:way:1166293260,Đình An Thọ,Hà Nội,temple,insufficient_service_evidence,0,https://www.openstreetmap.org/way/1166293260,v2-c829c8f3e2414108
osm:way:1167382429,công ty cp thép Việt Xô,Hà Nội,temple,insufficient_service_evidence,0,https://www.openstreetmap.org/way/1167382429,v2-c829c8f3e2414108
osm:way:1169249141,Chùa Tĩnh Lâu,Hà Nội,temple,insufficient_service_evidence,0,https://www.openstreetmap.org/way/1169249141,v2-c829c8f3e2414108
osm:way:1169531150,Công viên Hói Kiểng,Đà Nẵng,park,insufficient_service_evidence,0,https://www.openstreetmap.org/way/1169531150,v2-c829c8f3e2414108
osm:way:1171597387,Đình Hoà Mục,Hà Nội,temple,insufficient_service_evidence,0,https://www.openstreetmap.org/way/1171597387,v2-c829c8f3e2414108
osm:way:1171597396,Chùa Cót,Hà Nội,temple,insufficient_service_evidence,0,https://www.openstreetmap.org/way/1171597396,v2-c829c8f3e2414108
osm:way:1173092162,Vườn hoa Việt Hưng,Hà Nội,park,insufficient_service_evidence,0,https://www.openstreetmap.org/way/1173092162,v2-c829c8f3e2414108
osm:way:1173092164,Vườn hoa Phúc Đồng,Hà Nội,park,insufficient_service_evidence,0,https://www.openstreetmap.org/way/1173092164,v2-c829c8f3e2414108
osm:way:1173092165,Vườn hoa Tân Thụy,Hà Nội,park,insufficient_service_evidence,0,https://www.openstreetmap.org/way/1173092165,v2-c829c8f3e2414108
osm:way:1174290221,Vườn hoa Gia Quất,Hà Nội,park,insufficient_service_evidence,0,https://www.openstreetmap.org/way/1174290221,v2-c829c8f3e2414108
osm:way:1174490259,Vườn hoa Ái Mộ,Hà Nội,park,insufficient_service_evidence,0,https://www.openstreetmap.org/way/1174490259,v2-c829c8f3e2414108
osm:way:1175724558,Công viên Ngọc Thụy,Hà Nội,park,insufficient_service_evidence,0,https://www.openstreetmap.org/way/1175724558,v2-c829c8f3e2414108
osm:way:1180466134,Chùa Dâu,Hà Nội,temple,insufficient_service_evidence,0,https://www.openstreetmap.org/way/1180466134,v2-c829c8f3e2414108
osm:way:1181062127,Chùa Đại Bi,Hà Nội,temple,insufficient_service_evidence,0,https://www.openstreetmap.org/way/1181062127,v2-c829c8f3e2414108
osm:way:1181331923,Jumbo Crab,Đà Nẵng,restaurant,insufficient_service_evidence,0,https://www.openstreetmap.org/way/1181331923,v2-c829c8f3e2414108
osm:way:1181332461,PAMA Boutique Hotel & Bistro,Đà Nẵng,cafe,insufficient_service_evidence,0,https://www.openstreetmap.org/way/1181332461,v2-c829c8f3e2414108
osm:way:1182376980,Vườn hoa nhỏ Đền Lừ,Hà Nội,park,insufficient_service_evidence,0,https://www.openstreetmap.org/way/1182376980,v2-c829c8f3e2414108
osm:way:1183713524,Toà D6,Hà Nội,restaurant,insufficient_service_evidence,0,https://www.openstreetmap.org/way/1183713524,v2-c829c8f3e2414108
osm:way:1185901824,Chợ Trung tâm Đông Anh,Hà Nội,market,insufficient_service_evidence,0,https://www.openstreetmap.org/way/1185901824,v2-c829c8f3e2414108
osm:way:1185901865,Đình Đản Dị,Hà Nội,temple,insufficient_service_evidence,0,https://www.openstreetmap.org/way/1185901865,v2-c829c8f3e2414108
osm:way:118609193,Thành Điện Hải,Đà Nẵng,historic,insufficient_service_evidence,0,https://www.openstreetmap.org/way/118609193,v2-c829c8f3e2414108
osm:way:118614280,Chợ Bắc Mỹ An,Đà Nẵng,market,insufficient_service_evidence,0,https://www.openstreetmap.org/way/118614280,v2-c829c8f3e2414108
osm:way:118672480,Phi Lũ,Đà Nẵng,restaurant,insufficient_service_evidence,0,https://www.openstreetmap.org/way/118672480,v2-c829c8f3e2414108
osm:way:118691767,Bảo tàng Quân khu 5,Đà Nẵng,museum,insufficient_service_evidence,0,https://www.openstreetmap.org/way/118691767,v2-c829c8f3e2414108
osm:way:1187339538,Chợ Phúc Lợi,Hà Nội,market,insufficient_service_evidence,0,https://www.openstreetmap.org/way/1187339538,v2-c829c8f3e2414108
osm:way:1187726805,Vườn hoa Kim Quan,Hà Nội,park,insufficient_service_evidence,0,https://www.openstreetmap.org/way/1187726805,v2-c829c8f3e2414108
osm:way:1188004485,Dự án cải tạo hồ Đầu Băng,Hà Nội,park,insufficient_service_evidence,0,https://www.openstreetmap.org/way/1188004485,v2-c829c8f3e2414108
osm:way:1189078913,Miếu Kim Quan,Hà Nội,temple,insufficient_service_evidence,0,https://www.openstreetmap.org/way/1189078913,v2-c829c8f3e2414108
osm:way:1189163511,Đình Tiên Tân,Hà Nội,temple,insufficient_service_evidence,0,https://www.openstreetmap.org/way/1189163511,v2-c829c8f3e2414108
osm:way:1189163517,Chùa Tiên Tân,Hà Nội,temple,insufficient_service_evidence,0,https://www.openstreetmap.org/way/1189163517,v2-c829c8f3e2414108
osm:way:1189163519,Miếu Bản,Hà Nội,temple,insufficient_service_evidence,0,https://www.openstreetmap.org/way/1189163519,v2-c829c8f3e2414108
osm:way:1189163524,Đình Thuận Tiến,Hà Nội,temple,insufficient_service_evidence,0,https://www.openstreetmap.org/way/1189163524,v2-c829c8f3e2414108
osm:way:1189163525,Chùa Bình Nguyên,Hà Nội,temple,insufficient_service_evidence,0,https://www.openstreetmap.org/way/1189163525,v2-c829c8f3e2414108
osm:way:1190841554,Vườn hoa Mai Phúc,Hà Nội,park,insufficient_service_evidence,0,https://www.openstreetmap.org/way/1190841554,v2-c829c8f3e2414108
osm:way:1192418437,Đền Khải Thánh,Hà Nội,temple,insufficient_service_evidence,0,https://www.openstreetmap.org/way/1192418437,v2-c829c8f3e2414108
osm:way:1192418438,Đền Khải Thánh,Hà Nội,temple,insufficient_service_evidence,0,https://www.openstreetmap.org/way/1192418438,v2-c829c8f3e2414108
osm:way:1192418443,Thượng Điện,Hà Nội,temple,insufficient_service_evidence,0,https://www.openstreetmap.org/way/1192418443,v2-c829c8f3e2414108
osm:way:1193271461,Chùa Linh Thông,Hà Nội,temple,insufficient_service_evidence,0,https://www.openstreetmap.org/way/1193271461,v2-c829c8f3e2414108
osm:way:1193781063,Công viên Thành cổ Sơn Tây,Hà Nội,park,insufficient_service_evidence,0,https://www.openstreetmap.org/way/1193781063,v2-c829c8f3e2414108
osm:way:1193800376,Đình Mông Phụ,Hà Nội,temple,insufficient_service_evidence,0,https://www.openstreetmap.org/way/1193800376,v2-c829c8f3e2414108
osm:way:1194336118,Du lịch Ðầm Long Xanh,Hà Nội,theme_park,insufficient_service_evidence,0,https://www.openstreetmap.org/way/1194336118,v2-c829c8f3e2414108
osm:way:1195179611,Chợ Nhông,Hà Nội,market,insufficient_service_evidence,0,https://www.openstreetmap.org/way/1195179611,v2-c829c8f3e2414108
osm:way:1196688055,Cafe Cây Khế,Hà Nội,cafe,insufficient_service_evidence,0,https://www.openstreetmap.org/way/1196688055,v2-c829c8f3e2414108
osm:way:1196690243,bánh mì,Hà Nội,restaurant,insufficient_service_evidence,0,https://www.openstreetmap.org/way/1196690243,v2-c829c8f3e2414108
osm:way:1197139579,Chùa Đông Dư Thượng,Hà Nội,temple,insufficient_service_evidence,0,https://www.openstreetmap.org/way/1197139579,v2-c829c8f3e2414108
osm:way:1197139580,Đình Đông Dư Thượng,Hà Nội,temple,insufficient_service_evidence,0,https://www.openstreetmap.org/way/1197139580,v2-c829c8f3e2414108
osm:way:1199796076,Chợ Phú Thịnh xã Phú Cường,Hà Nội,market,insufficient_service_evidence,0,https://www.openstreetmap.org/way/1199796076,v2-c829c8f3e2414108
osm:way:1201121655,Đài tưởng niệm liệt sĩ Cự Khối,Hà Nội,historic,insufficient_service_evidence,0,https://www.openstreetmap.org/way/1201121655,v2-c829c8f3e2414108
osm:way:1202245901,Di tích lưu niệm Tản Đà - Nguyễn Khắc Hiếu,Hà Nội,museum,insufficient_service_evidence,0,https://www.openstreetmap.org/way/1202245901,v2-c829c8f3e2414108
osm:way:1202447567,Chợ Xuân Đỉnh 2,Hà Nội,market,insufficient_service_evidence,0,https://www.openstreetmap.org/way/1202447567,v2-c829c8f3e2414108
osm:way:1203093570,ẩm thực ăn uống,Hà Nội,restaurant,insufficient_service_evidence,0,https://www.openstreetmap.org/way/1203093570,v2-c829c8f3e2414108
osm:way:1205258208,Lăng Tổ 5,Hà Nội,temple,insufficient_service_evidence,0,https://www.openstreetmap.org/way/1205258208,v2-c829c8f3e2414108
osm:way:1205388457,Chùa Linh Ứng,Đà Nẵng,temple,insufficient_service_evidence,0,https://www.openstreetmap.org/way/1205388457,v2-c829c8f3e2414108
osm:way:1205388470,Chùa Từ Tâm,Đà Nẵng,temple,insufficient_service_evidence,0,https://www.openstreetmap.org/way/1205388470,v2-c829c8f3e2414108
osm:way:1205394975,Bếp Tre,Đà Nẵng,restaurant,insufficient_service_evidence,0,https://www.openstreetmap.org/way/1205394975,v2-c829c8f3e2414108
osm:way:1206047791,Chợ Mỹ Đình,Hà Nội,market,insufficient_service_evidence,0,https://www.openstreetmap.org/way/1206047791,v2-c829c8f3e2414108
osm:way:1206331027,Bảo tàng Đặc công,Hà Nội,museum,insufficient_service_evidence,0,https://www.openstreetmap.org/way/1206331027,v2-c829c8f3e2414108
osm:way:1207063057,Abandoned Van,Hà Nội,attraction,weak_or_generic_name|insufficient_service_evidence,0,https://www.openstreetmap.org/way/1207063057,v2-c829c8f3e2414108
osm:way:1207157078,Đinh Mai Phúc,Hà Nội,temple,insufficient_service_evidence,0,https://www.openstreetmap.org/way/1207157078,v2-c829c8f3e2414108
osm:way:1207157084,Nghè Hoa,Hà Nội,temple,insufficient_service_evidence,0,https://www.openstreetmap.org/way/1207157084,v2-c829c8f3e2414108
osm:way:1209822359,Công viên - Bãi xe ngầm Mễ Trì Hạ,Hà Nội,park,insufficient_service_evidence,0,https://www.openstreetmap.org/way/1209822359,v2-c829c8f3e2414108
osm:way:1209822363,Garden Coffee,Hà Nội,cafe,insufficient_service_evidence,0,https://www.openstreetmap.org/way/1209822363,v2-c829c8f3e2414108
osm:way:1210228263,Giang Dung 2,Hà Nội,restaurant,insufficient_service_evidence,0,https://www.openstreetmap.org/way/1210228263,v2-c829c8f3e2414108
osm:way:1210228284,The Nammin House,Hà Nội,cafe,insufficient_service_evidence,0,https://www.openstreetmap.org/way/1210228284,v2-c829c8f3e2414108
osm:way:1210566297,Chùa Vân Hồ,Hà Nội,temple,insufficient_service_evidence,0,https://www.openstreetmap.org/way/1210566297,v2-c829c8f3e2414108
osm:way:1210984005,Vườn hoa 1-6,Hà Nội,park,insufficient_service_evidence,0,https://www.openstreetmap.org/way/1210984005,v2-c829c8f3e2414108
osm:way:1211287036,Mixue,Hà Nội,cafe,insufficient_service_evidence,0,https://www.openstreetmap.org/way/1211287036,v2-c829c8f3e2414108
osm:way:1211530678,Lăng tổ Chu tộc Hoàng Đống,Hà Nội,temple,insufficient_service_evidence,0,https://www.openstreetmap.org/way/1211530678,v2-c829c8f3e2414108
osm:way:1211556646,Công viên Hồ Xã Đàn,Hà Nội,park,insufficient_service_evidence,0,https://www.openstreetmap.org/way/1211556646,v2-c829c8f3e2414108
osm:way:1211729749,Đình An Phú,Hà Nội,temple,insufficient_service_evidence,0,https://www.openstreetmap.org/way/1211729749,v2-c829c8f3e2414108
osm:way:1212720895,Chợ Trâu Quỳ,Hà Nội,market,insufficient_service_evidence,0,https://www.openstreetmap.org/way/1212720895,v2-c829c8f3e2414108
osm:way:1213235641,Chùa Duệ Tú,Hà Nội,temple,insufficient_service_evidence,0,https://www.openstreetmap.org/way/1213235641,v2-c829c8f3e2414108
osm:way:1213238763,Chợ Quan Hoa,Hà Nội,market,insufficient_service_evidence,0,https://www.openstreetmap.org/way/1213238763,v2-c829c8f3e2414108
osm:way:1213238767,Chùa Quan Hoa,Hà Nội,temple,insufficient_service_evidence,0,https://www.openstreetmap.org/way/1213238767,v2-c829c8f3e2414108
osm:way:1213628318,Chùa Tăng Phúc,Hà Nội,temple,insufficient_service_evidence,0,https://www.openstreetmap.org/way/1213628318,v2-c829c8f3e2414108
osm:way:1213872795,Chùa Dâu,Hà Nội,temple,insufficient_service_evidence,0,https://www.openstreetmap.org/way/1213872795,v2-c829c8f3e2414108
osm:way:1213872798,Đền Trung Nha,Hà Nội,temple,insufficient_service_evidence,0,https://www.openstreetmap.org/way/1213872798,v2-c829c8f3e2414108
osm:way:1213883582,Chợ Nghĩa Đô,Hà Nội,market,insufficient_service_evidence,0,https://www.openstreetmap.org/way/1213883582,v2-c829c8f3e2414108
osm:way:1213883587,Đình Bái Ân,Hà Nội,temple,insufficient_service_evidence,0,https://www.openstreetmap.org/way/1213883587,v2-c829c8f3e2414108
osm:way:1213883588,Chùa Bái Ân,Hà Nội,temple,insufficient_service_evidence,0,https://www.openstreetmap.org/way/1213883588,v2-c829c8f3e2414108
osm:way:1213885335,Chùa Báo Ân,Hà Nội,temple,insufficient_service_evidence,0,https://www.openstreetmap.org/way/1213885335,v2-c829c8f3e2414108
osm:way:1213885337,Chợ Cầu Giấy,Hà Nội,market,insufficient_service_evidence,0,https://www.openstreetmap.org/way/1213885337,v2-c829c8f3e2414108
osm:way:1215489700,Vườn hoa Trạm,Hà Nội,park,insufficient_service_evidence,0,https://www.openstreetmap.org/way/1215489700,v2-c829c8f3e2414108
osm:way:1216770910,Nhà bia Tưởng niệm Liệt sỹ phường Cát Linh,Hà Nội,historic,insufficient_service_evidence,0,https://www.openstreetmap.org/way/1216770910,v2-c829c8f3e2414108
osm:way:1216770939,Bao Bao Quán,Hà Nội,restaurant,insufficient_service_evidence,0,https://www.openstreetmap.org/way/1216770939,v2-c829c8f3e2414108
osm:way:1216978705,Bãi biển sông Hồng,Hà Nội,beach,insufficient_service_evidence,0,https://www.openstreetmap.org/way/1216978705,v2-c829c8f3e2414108
osm:way:1217390576,Bích Câu Đạo Quán,Hà Nội,temple,insufficient_service_evidence,0,https://www.openstreetmap.org/way/1217390576,v2-c829c8f3e2414108
osm:way:1217817532,Mango Restaurant & Wine,Hà Nội,restaurant,insufficient_service_evidence,0,https://www.openstreetmap.org/way/1217817532,v2-c829c8f3e2414108
osm:way:1217933369,Vườn hoa Lâm Hạ,Hà Nội,park,insufficient_service_evidence,0,https://www.openstreetmap.org/way/1217933369,v2-c829c8f3e2414108
osm:way:1218673065,Đền Thủy Trung Tiên,Hà Nội,temple,insufficient_service_evidence,0,https://www.openstreetmap.org/way/1218673065,v2-c829c8f3e2414108
osm:way:1218848971,Ánh Dương Garden,Hà Nội,park,insufficient_service_evidence,0,https://www.openstreetmap.org/way/1218848971,v2-c829c8f3e2414108
osm:way:1219036302,Miền Tây Tửu Quán,Hà Nội,restaurant,insufficient_service_evidence,0,https://www.openstreetmap.org/way/1219036302,v2-c829c8f3e2414108
osm:way:1219506439,Căng tin B5-9,Hà Nội,restaurant,insufficient_service_evidence,0,https://www.openstreetmap.org/way/1219506439,v2-c829c8f3e2414108
osm:way:1219524639,Bảo tàng Phòng không - Không quân,Hà Nội,museum,insufficient_service_evidence,0,https://www.openstreetmap.org/way/1219524639,v2-c829c8f3e2414108
osm:way:1219991538,Tháp Hòa Phong,Hà Nội,attraction,insufficient_service_evidence,0,https://www.openstreetmap.org/way/1219991538,v2-c829c8f3e2414108
osm:way:1223159241,Đình Chùa thôn Hoàng Xá,Hà Nội,temple,insufficient_service_evidence,0,https://www.openstreetmap.org/way/1223159241,v2-c829c8f3e2414108
osm:way:1223159261,Chùa Minh Ngộ,Hà Nội,temple,insufficient_service_evidence,0,https://www.openstreetmap.org/way/1223159261,v2-c829c8f3e2414108
osm:way:1223159275,Đình Báo Đáp,Hà Nội,temple,insufficient_service_evidence,0,https://www.openstreetmap.org/way/1223159275,v2-c829c8f3e2414108
osm:way:1223159277,Chùa Báo Đáp,Hà Nội,temple,insufficient_service_evidence,0,https://www.openstreetmap.org/way/1223159277,v2-c829c8f3e2414108
osm:way:1223169238,Công viên Hồ Ngọc Trai-San Hô,Hà Nội,park,insufficient_service_evidence,0,https://www.openstreetmap.org/way/1223169238,v2-c829c8f3e2414108
osm:way:1223490974,Công Viên Biển Hồ,Hà Nội,park,insufficient_service_evidence,0,https://www.openstreetmap.org/way/1223490974,v2-c829c8f3e2414108
osm:way:1223749451,Đền thờ Mẫu Đệ nhị thượng ngàn,Hà Nội,temple,insufficient_service_evidence,0,https://www.openstreetmap.org/way/1223749451,v2-c829c8f3e2414108
osm:way:1224486078,Vườn Hồng,Hà Nội,park,insufficient_service_evidence,0,https://www.openstreetmap.org/way/1224486078,v2-c829c8f3e2414108
osm:way:1224542073,Đình Kim Âu,Hà Nội,temple,insufficient_service_evidence,0,https://www.openstreetmap.org/way/1224542073,v2-c829c8f3e2414108
osm:way:1224784663,Chùa Nhân Lễ,Hà Nội,temple,insufficient_service_evidence,0,https://www.openstreetmap.org/way/1224784663,v2-c829c8f3e2414108
osm:way:1224796552,Đình Hàn Lạc,Hà Nội,temple,insufficient_service_evidence,0,https://www.openstreetmap.org/way/1224796552,v2-c829c8f3e2414108
osm:way:1228248336,Gà Ngon Bảo Sơn,Hà Nội,restaurant,insufficient_service_evidence,0,https://www.openstreetmap.org/way/1228248336,v2-c829c8f3e2414108
osm:way:1228356968,Nhà thờ Giáo xứ Sơn Trà,Đà Nẵng,temple,insufficient_service_evidence,0,https://www.openstreetmap.org/way/1228356968,v2-c829c8f3e2414108
osm:way:1228356978,GIÁO XÚ NHƯỢNG NGHĨA,Đà Nẵng,temple,insufficient_service_evidence,0,https://www.openstreetmap.org/way/1228356978,v2-c829c8f3e2414108
osm:way:1229058093,Chợ 337 Dịch Vọng,Hà Nội,market,insufficient_service_evidence,0,https://www.openstreetmap.org/way/1229058093,v2-c829c8f3e2414108
osm:way:1229058095,Chùa Tháp,Hà Nội,temple,insufficient_service_evidence,0,https://www.openstreetmap.org/way/1229058095,v2-c829c8f3e2414108
osm:way:1229058096,Đình Tháp,Hà Nội,temple,insufficient_service_evidence,0,https://www.openstreetmap.org/way/1229058096,v2-c829c8f3e2414108
osm:way:1229062099,Đình Thọ Cầu,Hà Nội,temple,insufficient_service_evidence,0,https://www.openstreetmap.org/way/1229062099,v2-c829c8f3e2414108
osm:way:1229062101,Chùa Thọ Cầu,Hà Nội,temple,insufficient_service_evidence,0,https://www.openstreetmap.org/way/1229062101,v2-c829c8f3e2414108
osm:way:1229267979,Đình Ô Cách,Hà Nội,temple,insufficient_service_evidence,0,https://www.openstreetmap.org/way/1229267979,v2-c829c8f3e2414108
osm:way:1229270358,Chùa Cả,Hà Nội,temple,insufficient_service_evidence,0,https://www.openstreetmap.org/way/1229270358,v2-c829c8f3e2414108
osm:way:1229451553,Đài tưởng niệm liệt sĩ phường Quan Hoa,Hà Nội,historic,insufficient_service_evidence,0,https://www.openstreetmap.org/way/1229451553,v2-c829c8f3e2414108
osm:way:1229451581,Four Seasons Coffee,Hà Nội,cafe,insufficient_service_evidence,0,https://www.openstreetmap.org/way/1229451581,v2-c829c8f3e2414108
osm:way:1229711415,Chùa Cửu Việt,Hà Nội,temple,insufficient_service_evidence,0,https://www.openstreetmap.org/way/1229711415,v2-c829c8f3e2414108
osm:way:1230498807,Chùa Hoa Lăng,Hà Nội,temple,insufficient_service_evidence,0,https://www.openstreetmap.org/way/1230498807,v2-c829c8f3e2414108
osm:way:1230498810,Chùa Nền,Hà Nội,temple,insufficient_service_evidence,0,https://www.openstreetmap.org/way/1230498810,v2-c829c8f3e2414108
osm:way:1230498813,Chùa Cây Quế,Hà Nội,temple,insufficient_service_evidence,0,https://www.openstreetmap.org/way/1230498813,v2-c829c8f3e2414108
osm:way:1230610840,Lê Art,Hà Nội,restaurant,insufficient_service_evidence,0,https://www.openstreetmap.org/way/1230610840,v2-c829c8f3e2414108
osm:way:1231374578,Teapress,Hà Nội,cafe,insufficient_service_evidence,0,https://www.openstreetmap.org/way/1231374578,v2-c829c8f3e2414108
osm:way:1231374579,Lotteria,Hà Nội,restaurant,insufficient_service_evidence,0,https://www.openstreetmap.org/way/1231374579,v2-c829c8f3e2414108
osm:way:1231803011,Đình An Lạc,Hà Nội,temple,insufficient_service_evidence,0,https://www.openstreetmap.org/way/1231803011,v2-c829c8f3e2414108
osm:way:1231813009,Đình Chính Trung,Hà Nội,temple,insufficient_service_evidence,0,https://www.openstreetmap.org/way/1231813009,v2-c829c8f3e2414108
osm:way:1231813013,Chùa Phúc Long,Hà Nội,temple,insufficient_service_evidence,0,https://www.openstreetmap.org/way/1231813013,v2-c829c8f3e2414108
osm:way:1232642185,Miếu Công chúa,Hà Nội,temple,insufficient_service_evidence,0,https://www.openstreetmap.org/way/1232642185,v2-c829c8f3e2414108
osm:way:1232642188,Cafe Hợp tác xã Làng nghề Lệ Mật,Hà Nội,cafe,insufficient_service_evidence,0,https://www.openstreetmap.org/way/1232642188,v2-c829c8f3e2414108
osm:way:1232706726,Chùa Phượng Nghĩa,Hà Nội,temple,insufficient_service_evidence,0,https://www.openstreetmap.org/way/1232706726,v2-c829c8f3e2414108
osm:way:1233838152,Cafe Muối,Hà Nội,cafe,insufficient_service_evidence,0,https://www.openstreetmap.org/way/1233838152,v2-c829c8f3e2414108
osm:way:1234036437,Music Garden,Hà Nội,park,insufficient_service_evidence,0,https://www.openstreetmap.org/way/1234036437,v2-c829c8f3e2414108
osm:way:1234095160,Cơm Văn Phòng,Hà Nội,restaurant,insufficient_service_evidence,0,https://www.openstreetmap.org/way/1234095160,v2-c829c8f3e2414108
osm:way:1234095161,Café Mai Hương,Hà Nội,cafe,insufficient_service_evidence,0,https://www.openstreetmap.org/way/1234095161,v2-c829c8f3e2414108
osm:way:1234095163,Kafebean,Hà Nội,cafe,insufficient_service_evidence,0,https://www.openstreetmap.org/way/1234095163,v2-c829c8f3e2414108
osm:way:1234867600,Ashima,Hà Nội,restaurant,insufficient_service_evidence,0,https://www.openstreetmap.org/way/1234867600,v2-c829c8f3e2414108
osm:way:1234867603,Đệ Nhất Bò Tơ,Hà Nội,restaurant,insufficient_service_evidence,0,https://www.openstreetmap.org/way/1234867603,v2-c829c8f3e2414108
osm:way:1234955610,Hisakawa,Hà Nội,cafe,insufficient_service_evidence,0,https://www.openstreetmap.org/way/1234955610,v2-c829c8f3e2414108
osm:way:1234955626,Hadu Sushi,Hà Nội,restaurant,insufficient_service_evidence,0,https://www.openstreetmap.org/way/1234955626,v2-c829c8f3e2414108
osm:way:1235442351,F-Plaza,Hà Nội,restaurant,insufficient_service_evidence,0,https://www.openstreetmap.org/way/1235442351,v2-c829c8f3e2414108
osm:way:1235442357,Simin Coffee,Hà Nội,cafe,insufficient_service_evidence,0,https://www.openstreetmap.org/way/1235442357,v2-c829c8f3e2414108
osm:way:1235442383,Umemi Ramen,Hà Nội,restaurant,insufficient_service_evidence,0,https://www.openstreetmap.org/way/1235442383,v2-c829c8f3e2414108
osm:way:1235566725,Le Garden,Hà Nội,restaurant,insufficient_service_evidence,0,https://www.openstreetmap.org/way/1235566725,v2-c829c8f3e2414108
osm:way:1235566735,Home Việt Coffee,Hà Nội,cafe,insufficient_service_evidence,0,https://www.openstreetmap.org/way/1235566735,v2-c829c8f3e2414108
osm:way:1237950754,Hà Thủy Cafe,Hà Nội,cafe,insufficient_service_evidence,0,https://www.openstreetmap.org/way/1237950754,v2-c829c8f3e2414108
osm:way:1238050566,Chùa Đông Tân,Hà Nội,temple,insufficient_service_evidence,0,https://www.openstreetmap.org/way/1238050566,v2-c829c8f3e2414108
osm:way:1238243357,Nhà tưởng niệm Chủ tịch Hồ Chí Minh,Hà Nội,temple,insufficient_service_evidence,0,https://www.openstreetmap.org/way/1238243357,v2-c829c8f3e2414108
osm:way:1238255167,Phòng trưng bày K9,Hà Nội,museum,insufficient_service_evidence,0,https://www.openstreetmap.org/way/1238255167,v2-c829c8f3e2414108
osm:way:1238258432,Nhà hàng K,Hà Nội,restaurant,insufficient_service_evidence,0,https://www.openstreetmap.org/way/1238258432,v2-c829c8f3e2414108
osm:way:1239425732,Chùa Chân Tiên,Hà Nội,temple,insufficient_service_evidence,0,https://www.openstreetmap.org/way/1239425732,v2-c829c8f3e2414108
osm:way:1240363497,Chùa Linh Thông,Hà Nội,temple,insufficient_service_evidence,0,https://www.openstreetmap.org/way/1240363497,v2-c829c8f3e2414108
osm:way:1241284759,Nghè Lê Xá,Hà Nội,temple,insufficient_service_evidence,0,https://www.openstreetmap.org/way/1241284759,v2-c829c8f3e2414108
osm:way:1241284774,Đình Lê Xá,Hà Nội,temple,insufficient_service_evidence,0,https://www.openstreetmap.org/way/1241284774,v2-c829c8f3e2414108
osm:way:1241856352,Đình Đại Lan,Hà Nội,temple,insufficient_service_evidence,0,https://www.openstreetmap.org/way/1241856352,v2-c829c8f3e2414108
osm:way:1243468922,Nhà thờ Tin Lành An Hải,Đà Nẵng,temple,insufficient_service_evidence,0,https://www.openstreetmap.org/way/1243468922,v2-c829c8f3e2414108
osm:way:1246229021,nghĩa trang liệt sĩ tổ quốc ghi công,Đà Nẵng,historic,insufficient_service_evidence,0,https://www.openstreetmap.org/way/1246229021,v2-c829c8f3e2414108
osm:way:1246866121,Tiệm cơm Tháng Năm,Hà Nội,restaurant,insufficient_service_evidence,0,https://www.openstreetmap.org/way/1246866121,v2-c829c8f3e2414108
osm:way:1246953698,Chùa Ngọc Động,Hà Nội,temple,insufficient_service_evidence,0,https://www.openstreetmap.org/way/1246953698,v2-c829c8f3e2414108
osm:way:1246953701,Nhà thờ Giáo họ Ngọc Động,Hà Nội,temple,insufficient_service_evidence,0,https://www.openstreetmap.org/way/1246953701,v2-c829c8f3e2414108
osm:way:1247135450,Phố đường tàu Hà Nội,Hà Nội,attraction,insufficient_service_evidence,0,https://www.openstreetmap.org/way/1247135450,v2-c829c8f3e2414108
osm:way:1247335541,Kiều Quán,Hà Nội,restaurant,insufficient_service_evidence,0,https://www.openstreetmap.org/way/1247335541,v2-c829c8f3e2414108
osm:way:1247489930,Chúa Bà Đa,Đà Nẵng,temple,insufficient_service_evidence,0,https://www.openstreetmap.org/way/1247489930,v2-c829c8f3e2414108
osm:way:1247540221,UnicB Eatery,Hà Nội,restaurant,insufficient_service_evidence,0,https://www.openstreetmap.org/way/1247540221,v2-c829c8f3e2414108
osm:way:1247565027,Kiốt món bình dân,Hà Nội,restaurant,insufficient_service_evidence,0,https://www.openstreetmap.org/way/1247565027,v2-c829c8f3e2414108
osm:way:124877385,Vườn hoa Pasteur,Hà Nội,park,insufficient_service_evidence,0,https://www.openstreetmap.org/way/124877385,v2-c829c8f3e2414108
osm:way:1248885731,Gent Steak+,Hà Nội,restaurant,insufficient_service_evidence,0,https://www.openstreetmap.org/way/1248885731,v2-c829c8f3e2414108
osm:way:1248970095,Vườn thực vật,Hà Nội,park,insufficient_service_evidence,0,https://www.openstreetmap.org/way/1248970095,v2-c829c8f3e2414108
osm:way:1249564999,Thai Street Food,Hà Nội,restaurant,insufficient_service_evidence,0,https://www.openstreetmap.org/way/1249564999,v2-c829c8f3e2414108
osm:way:1249565003,Nagomi,Hà Nội,restaurant,insufficient_service_evidence,0,https://www.openstreetmap.org/way/1249565003,v2-c829c8f3e2414108
osm:way:1249796827,Nhà lưu niệm Đại tướng Văn Tiến Dũng,Hà Nội,historic,insufficient_service_evidence,0,https://www.openstreetmap.org/way/1249796827,v2-c829c8f3e2414108
osm:way:1250193564,Vườn hoa Đàn Nam,Hà Nội,park,insufficient_service_evidence,0,https://www.openstreetmap.org/way/1250193564,v2-c829c8f3e2414108
osm:way:1250198544,Đình Tân Thụy,Hà Nội,temple,insufficient_service_evidence,0,https://www.openstreetmap.org/way/1250198544,v2-c829c8f3e2414108
osm:way:1250726825,Đình Cự Đồng,Hà Nội,temple,insufficient_service_evidence,0,https://www.openstreetmap.org/way/1250726825,v2-c829c8f3e2414108
osm:way:1250830091,Chùa Đống Lim,Hà Nội,temple,insufficient_service_evidence,0,https://www.openstreetmap.org/way/1250830091,v2-c829c8f3e2414108
osm:way:1251537883,Đài tưởng niệm liệt sĩ phường Giang Biên,Hà Nội,historic,insufficient_service_evidence,0,https://www.openstreetmap.org/way/1251537883,v2-c829c8f3e2414108
osm:way:1251617787,Nhà Chăm,Hà Nội,attraction,insufficient_service_evidence,0,https://www.openstreetmap.org/way/1251617787,v2-c829c8f3e2414108
osm:way:1251617788,Nhà Việt,Hà Nội,attraction,insufficient_service_evidence,0,https://www.openstreetmap.org/way/1251617788,v2-c829c8f3e2414108
osm:way:1251617810,Nhà Hà Nhì,Hà Nội,attraction,insufficient_service_evidence,0,https://www.openstreetmap.org/way/1251617810,v2-c829c8f3e2414108
osm:way:1252183181,Group H,Đà Nẵng,historic,weak_or_generic_name|insufficient_service_evidence,0,https://www.openstreetmap.org/way/1252183181,v2-c829c8f3e2414108
osm:way:1252368755,Công viên cầu Bờ Quan,Đà Nẵng,park,insufficient_service_evidence,0,https://www.openstreetmap.org/way/1252368755,v2-c829c8f3e2414108
osm:way:1252486503,Công viên Bờ Quan,Đà Nẵng,park,insufficient_service_evidence,0,https://www.openstreetmap.org/way/1252486503,v2-c829c8f3e2414108
osm:way:1253201592,Đài tưởng niệm các anh hùng liệt sỹ phường Vĩnh Tuy,Hà Nội,historic,insufficient_service_evidence,0,https://www.openstreetmap.org/way/1253201592,v2-c829c8f3e2414108
osm:way:1253312189,"Gia Thành - Hủ Tiếu, Bánh Canh, Cơm Tấm",Hà Nội,restaurant,insufficient_service_evidence,0,https://www.openstreetmap.org/way/1253312189,v2-c829c8f3e2414108
osm:way:1253325096,Sanmaru Ramen,Hà Nội,restaurant,insufficient_service_evidence,0,https://www.openstreetmap.org/way/1253325096,v2-c829c8f3e2414108
osm:way:1253526774,Lẩu nướng Đài Bắc,Hà Nội,restaurant,insufficient_service_evidence,0,https://www.openstreetmap.org/way/1253526774,v2-c829c8f3e2414108
osm:way:1253526776,Ẩm thực ven hồ,Hà Nội,restaurant,insufficient_service_evidence,0,https://www.openstreetmap.org/way/1253526776,v2-c829c8f3e2414108
osm:way:1253898522,Căng-tin,Hà Nội,restaurant,insufficient_service_evidence,0,https://www.openstreetmap.org/way/1253898522,v2-c829c8f3e2414108
osm:way:1253905584,Khu cảnh quan,Hà Nội,park,insufficient_service_evidence,0,https://www.openstreetmap.org/way/1253905584,v2-c829c8f3e2414108
osm:way:1254909519,Công viên Nguyễn Văn Linh,Đà Nẵng,park,insufficient_service_evidence,0,https://www.openstreetmap.org/way/1254909519,v2-c829c8f3e2414108
osm:way:1255802866,Hội thánh Tin lành Hà Nội,Hà Nội,temple,insufficient_service_evidence,0,https://www.openstreetmap.org/way/1255802866,v2-c829c8f3e2414108
osm:way:1257127598,Sen phương đông,Hà Nội,restaurant,insufficient_service_evidence,0,https://www.openstreetmap.org/way/1257127598,v2-c829c8f3e2414108
osm:way:1257492050,Sân betong bóng rổ + đá bóng mini,Hà Nội,park,insufficient_service_evidence,0,https://www.openstreetmap.org/way/1257492050,v2-c829c8f3e2414108
osm:way:1258166110,Trung tâm sinh thái giáo dục V-Eco,Hà Nội,park,insufficient_service_evidence,0,https://www.openstreetmap.org/way/1258166110,v2-c829c8f3e2414108
osm:way:1264135486,Chùa Kim Liên,Hà Nội,temple,insufficient_service_evidence,0,https://www.openstreetmap.org/way/1264135486,v2-c829c8f3e2414108
osm:way:1265740821,Bãi Cát Vàng,Đà Nẵng,beach,insufficient_service_evidence,0,https://www.openstreetmap.org/way/1265740821,v2-c829c8f3e2414108
osm:way:1273307132,Chùa Vua,Hà Nội,temple,insufficient_service_evidence,0,https://www.openstreetmap.org/way/1273307132,v2-c829c8f3e2414108
osm:way:1273594368,Đền Hương Tượng,Hà Nội,temple,insufficient_service_evidence,0,https://www.openstreetmap.org/way/1273594368,v2-c829c8f3e2414108
osm:way:1274306485,Đình Đồng Nhân,Hà Nội,temple,insufficient_service_evidence,0,https://www.openstreetmap.org/way/1274306485,v2-c829c8f3e2414108
osm:way:1279556276,Chùa Mỹ Khê,Đà Nẵng,temple,insufficient_service_evidence,0,https://www.openstreetmap.org/way/1279556276,v2-c829c8f3e2414108
osm:way:1280492810,Đòng hồ hiệu Trang nemo,Hà Nội,cafe,insufficient_service_evidence,0,https://www.openstreetmap.org/way/1280492810,v2-c829c8f3e2414108
osm:way:1286509443,Đình Cống Vị,Hà Nội,temple,insufficient_service_evidence,0,https://www.openstreetmap.org/way/1286509443,v2-c829c8f3e2414108
osm:way:1286509452,Chùa Thanh Ninh,Hà Nội,temple,insufficient_service_evidence,0,https://www.openstreetmap.org/way/1286509452,v2-c829c8f3e2414108
osm:way:1286509472,Chùa Kim Sơn,Hà Nội,temple,insufficient_service_evidence,0,https://www.openstreetmap.org/way/1286509472,v2-c829c8f3e2414108
osm:way:1286509474,Đình Kim Mã,Hà Nội,temple,insufficient_service_evidence,0,https://www.openstreetmap.org/way/1286509474,v2-c829c8f3e2414108
osm:way:1286509477,Đình Xuân Biểu,Hà Nội,temple,insufficient_service_evidence,0,https://www.openstreetmap.org/way/1286509477,v2-c829c8f3e2414108
osm:way:1287926762,Chùa Phụng Thánh,Hà Nội,temple,insufficient_service_evidence,0,https://www.openstreetmap.org/way/1287926762,v2-c829c8f3e2414108
osm:way:1287926779,Đình Thổ Quan,Hà Nội,temple,insufficient_service_evidence,0,https://www.openstreetmap.org/way/1287926779,v2-c829c8f3e2414108
osm:way:1287926787,Chùa Linh Ứng,Hà Nội,temple,insufficient_service_evidence,0,https://www.openstreetmap.org/way/1287926787,v2-c829c8f3e2414108
osm:way:1287926793,"Đình, đền Trung Tả",Hà Nội,temple,insufficient_service_evidence,0,https://www.openstreetmap.org/way/1287926793,v2-c829c8f3e2414108
osm:way:1287926794,Chùa Bụt Mọc,Hà Nội,temple,insufficient_service_evidence,0,https://www.openstreetmap.org/way/1287926794,v2-c829c8f3e2414108
osm:way:1287926795,Điện Huy Văn,Hà Nội,temple,insufficient_service_evidence,0,https://www.openstreetmap.org/way/1287926795,v2-c829c8f3e2414108
osm:way:1287926796,Chùa Huy Văn,Hà Nội,temple,insufficient_service_evidence,0,https://www.openstreetmap.org/way/1287926796,v2-c829c8f3e2414108
osm:way:1287926805,Đền Văn Chỉ,Hà Nội,temple,insufficient_service_evidence,0,https://www.openstreetmap.org/way/1287926805,v2-c829c8f3e2414108
osm:way:1287926806,Đền Lương Sử,Hà Nội,temple,insufficient_service_evidence,0,https://www.openstreetmap.org/way/1287926806,v2-c829c8f3e2414108
osm:way:1287926808,Chùa Linh Quang,Hà Nội,temple,insufficient_service_evidence,0,https://www.openstreetmap.org/way/1287926808,v2-c829c8f3e2414108
osm:way:1287926810,Đình Linh Quang,Hà Nội,temple,insufficient_service_evidence,0,https://www.openstreetmap.org/way/1287926810,v2-c829c8f3e2414108
osm:way:1287959198,Đình Hữu Tiệp,Hà Nội,temple,insufficient_service_evidence,0,https://www.openstreetmap.org/way/1287959198,v2-c829c8f3e2414108
osm:way:1289252431,Đền chính - Đền Voi Phục,Hà Nội,temple,insufficient_service_evidence,0,https://www.openstreetmap.org/way/1289252431,v2-c829c8f3e2414108
osm:way:1289252432,Nhà mẫu - Đền Voi Phục,Hà Nội,temple,insufficient_service_evidence,0,https://www.openstreetmap.org/way/1289252432,v2-c829c8f3e2414108
osm:way:1289252433,Nhà Tả Vu - Đền Voi Phục,Hà Nội,temple,insufficient_service_evidence,0,https://www.openstreetmap.org/way/1289252433,v2-c829c8f3e2414108
osm:way:1289252435,Chùa Phúc Lâm,Hà Nội,temple,insufficient_service_evidence,0,https://www.openstreetmap.org/way/1289252435,v2-c829c8f3e2414108
osm:way:1289252444,Đền Cống Yên,Hà Nội,temple,insufficient_service_evidence,0,https://www.openstreetmap.org/way/1289252444,v2-c829c8f3e2414108
osm:way:1289252451,Đình Hoàng,Hà Nội,temple,insufficient_service_evidence,0,https://www.openstreetmap.org/way/1289252451,v2-c829c8f3e2414108
osm:way:1289605166,Vườn hoa Công đoàn,Hà Nội,park,insufficient_service_evidence,0,https://www.openstreetmap.org/way/1289605166,v2-c829c8f3e2414108
osm:way:1290167945,Vườn hoa Hoàng Văn Thụ,Hà Nội,park,insufficient_service_evidence,0,https://www.openstreetmap.org/way/1290167945,v2-c829c8f3e2414108
osm:way:1290426235,Helio Coffee,Hà Nội,cafe,insufficient_service_evidence,0,https://www.openstreetmap.org/way/1290426235,v2-c829c8f3e2414108
osm:way:1292544276,Công viên Ba Mẫu,Hà Nội,park,insufficient_service_evidence,0,https://www.openstreetmap.org/way/1292544276,v2-c829c8f3e2414108
osm:way:1292544286,Vườn hoa Hàng Vôi,Hà Nội,park,insufficient_service_evidence,0,https://www.openstreetmap.org/way/1292544286,v2-c829c8f3e2414108
osm:way:1292765536,Nhà dịch vụ,Hà Nội,restaurant,insufficient_service_evidence,0,https://www.openstreetmap.org/way/1292765536,v2-c829c8f3e2414108
osm:way:1301066740,Chợ Trung tâm Xã Mà Cooih,Đà Nẵng,market,insufficient_service_evidence,0,https://www.openstreetmap.org/way/1301066740,v2-c829c8f3e2414108
osm:way:1301719963,Chợ Ngọc Hà,Hà Nội,market,insufficient_service_evidence,0,https://www.openstreetmap.org/way/1301719963,v2-c829c8f3e2414108
osm:way:1303713404,Căng tin,Hà Nội,restaurant,insufficient_service_evidence,0,https://www.openstreetmap.org/way/1303713404,v2-c829c8f3e2414108
osm:way:1303883233,Khu Di tích Phủ Chủ tịch,Hà Nội,park,insufficient_service_evidence,0,https://www.openstreetmap.org/way/1303883233,v2-c829c8f3e2414108
osm:way:1304386629,Khu khảo cổ học 18 Hoàng Diệu,Hà Nội,park,insufficient_service_evidence,1,https://www.openstreetmap.org/way/1304386629,v2-c829c8f3e2414108
osm:way:1305518594,G,Hà Nội,restaurant,weak_or_generic_name|insufficient_service_evidence,0,https://www.openstreetmap.org/way/1305518594,v2-c829c8f3e2414108
osm:way:1305895368,Vườn hoa Kính Thiên,Hà Nội,park,insufficient_service_evidence,1,https://www.openstreetmap.org/way/1305895368,v2-c829c8f3e2414108
osm:way:1308852108,Đền Thượng,Hà Nội,temple,insufficient_service_evidence,0,https://www.openstreetmap.org/way/1308852108,v2-c829c8f3e2414108
osm:way:1313264566,Đình Thành Công,Hà Nội,temple,insufficient_service_evidence,0,https://www.openstreetmap.org/way/1313264566,v2-c829c8f3e2414108
osm:way:1313406166,Đài tưởng niệm các anh hùng liệt sĩ,Hà Nội,historic,insufficient_service_evidence,0,https://www.openstreetmap.org/way/1313406166,v2-c829c8f3e2414108
osm:way:1313890202,Đình Nhị Khê,Hà Nội,temple,insufficient_service_evidence,0,https://www.openstreetmap.org/way/1313890202,v2-c829c8f3e2414108
osm:way:1313890206,Đình Thuỵ Phú,Hà Nội,temple,insufficient_service_evidence,0,https://www.openstreetmap.org/way/1313890206,v2-c829c8f3e2414108
osm:way:1313890212,Đình Đồng Xung,Hà Nội,temple,insufficient_service_evidence,0,https://www.openstreetmap.org/way/1313890212,v2-c829c8f3e2414108
osm:way:1313890218,Đình Kim Bồng,Hà Nội,temple,insufficient_service_evidence,0,https://www.openstreetmap.org/way/1313890218,v2-c829c8f3e2414108
osm:way:1313890223,Chùa Đào Xá,Hà Nội,temple,insufficient_service_evidence,0,https://www.openstreetmap.org/way/1313890223,v2-c829c8f3e2414108
osm:way:1314278481,Chùa Báo Ân,Hà Nội,temple,insufficient_service_evidence,0,https://www.openstreetmap.org/way/1314278481,v2-c829c8f3e2414108
osm:way:1314405280,Highlands Coffee,Đà Nẵng,cafe,insufficient_service_evidence,0,https://www.openstreetmap.org/way/1314405280,v2-c829c8f3e2414108
osm:way:1314684506,Fly Burgers,Đà Nẵng,restaurant,insufficient_service_evidence,0,https://www.openstreetmap.org/way/1314684506,v2-c829c8f3e2414108
osm:way:1314684507,Golden Meat House,Đà Nẵng,restaurant,insufficient_service_evidence,0,https://www.openstreetmap.org/way/1314684507,v2-c829c8f3e2414108
osm:way:1314764964,Bien Viet,Đà Nẵng,restaurant,insufficient_service_evidence,0,https://www.openstreetmap.org/way/1314764964,v2-c829c8f3e2414108
osm:way:1314765335,Dao Ngoe,Đà Nẵng,restaurant,insufficient_service_evidence,0,https://www.openstreetmap.org/way/1314765335,v2-c829c8f3e2414108
osm:way:1314768599,Pizza Company,Đà Nẵng,restaurant,insufficient_service_evidence,0,https://www.openstreetmap.org/way/1314768599,v2-c829c8f3e2414108
osm:way:1314807820,Đình Hạ Mã,Hà Nội,temple,insufficient_service_evidence,0,https://www.openstreetmap.org/way/1314807820,v2-c829c8f3e2414108
osm:way:1315344012,Lăng Phùng Hưng,Hà Nội,temple,insufficient_service_evidence,0,https://www.openstreetmap.org/way/1315344012,v2-c829c8f3e2414108
osm:way:1315344014,Đình Thịnh Hào,Hà Nội,temple,insufficient_service_evidence,0,https://www.openstreetmap.org/way/1315344014,v2-c829c8f3e2414108
osm:way:1315473380,Chùa Thạch Cầu,Hà Nội,temple,insufficient_service_evidence,0,https://www.openstreetmap.org/way/1315473380,v2-c829c8f3e2414108
osm:way:1315473393,Đình Thạch Cầu,Hà Nội,temple,insufficient_service_evidence,0,https://www.openstreetmap.org/way/1315473393,v2-c829c8f3e2414108
osm:way:1316345716,Cà Phê Vui Vẻ,Hà Nội,cafe,insufficient_service_evidence,0,https://www.openstreetmap.org/way/1316345716,v2-c829c8f3e2414108
osm:way:1316353973,Bảo tàng Vũ Khí,Hà Nội,museum,insufficient_service_evidence,0,https://www.openstreetmap.org/way/1316353973,v2-c829c8f3e2414108
osm:way:1317836184,Đình Trung Tự,Hà Nội,temple,insufficient_service_evidence,0,https://www.openstreetmap.org/way/1317836184,v2-c829c8f3e2414108
osm:way:1317836196,Chùa Trung Tự,Hà Nội,temple,insufficient_service_evidence,0,https://www.openstreetmap.org/way/1317836196,v2-c829c8f3e2414108
osm:way:1317836198,Đền Trung Phụng,Hà Nội,temple,insufficient_service_evidence,0,https://www.openstreetmap.org/way/1317836198,v2-c829c8f3e2414108
osm:way:1319176641,Chùa Tựu Liệt,Hà Nội,temple,insufficient_service_evidence,0,https://www.openstreetmap.org/way/1319176641,v2-c829c8f3e2414108
osm:way:1320937043,Nhà hàng Hoa Sen,Hà Nội,restaurant,insufficient_service_evidence,0,https://www.openstreetmap.org/way/1320937043,v2-c829c8f3e2414108
osm:way:1320937044,Nhà hàng Hoa Sen 2,Hà Nội,restaurant,insufficient_service_evidence,0,https://www.openstreetmap.org/way/1320937044,v2-c829c8f3e2414108
osm:way:1322156151,Đình An Đào,Hà Nội,temple,insufficient_service_evidence,0,https://www.openstreetmap.org/way/1322156151,v2-c829c8f3e2414108
osm:way:1322925384,Connect Coffee,Hà Nội,cafe,insufficient_service_evidence,0,https://www.openstreetmap.org/way/1322925384,v2-c829c8f3e2414108
osm:way:1323789771,Chùa Nga My,Hà Nội,temple,insufficient_service_evidence,0,https://www.openstreetmap.org/way/1323789771,v2-c829c8f3e2414108
osm:way:1323789772,Đình Hoàng Mai,Hà Nội,temple,insufficient_service_evidence,0,https://www.openstreetmap.org/way/1323789772,v2-c829c8f3e2414108
osm:way:1323789774,Đình Ông,Hà Nội,temple,insufficient_service_evidence,0,https://www.openstreetmap.org/way/1323789774,v2-c829c8f3e2414108
osm:way:1326230608,Vườn hoa Phúc Lợi,Hà Nội,park,insufficient_service_evidence,0,https://www.openstreetmap.org/way/1326230608,v2-c829c8f3e2414108
osm:way:1326230610,Đình Hội Xá,Hà Nội,temple,insufficient_service_evidence,0,https://www.openstreetmap.org/way/1326230610,v2-c829c8f3e2414108
osm:way:1326230611,Chùa Hội Xá,Hà Nội,temple,insufficient_service_evidence,0,https://www.openstreetmap.org/way/1326230611,v2-c829c8f3e2414108
osm:way:1326231667,Chợ Mới Hòa Thuận,Đà Nẵng,market,insufficient_service_evidence,0,https://www.openstreetmap.org/way/1326231667,v2-c829c8f3e2414108
osm:way:1326232560,Chợ Nguyễn Tri Phương,Đà Nẵng,market,insufficient_service_evidence,0,https://www.openstreetmap.org/way/1326232560,v2-c829c8f3e2414108
osm:way:1326234991,Chợ Thanh Bình,Đà Nẵng,market,insufficient_service_evidence,0,https://www.openstreetmap.org/way/1326234991,v2-c829c8f3e2414108
osm:way:1326236834,Chợ Nam Dương,Đà Nẵng,market,insufficient_service_evidence,0,https://www.openstreetmap.org/way/1326236834,v2-c829c8f3e2414108
osm:way:1326238459,Chợ Nại Hiên,Đà Nẵng,market,insufficient_service_evidence,0,https://www.openstreetmap.org/way/1326238459,v2-c829c8f3e2414108
osm:way:1326266438,Chợ Đa Phước,Đà Nẵng,market,insufficient_service_evidence,0,https://www.openstreetmap.org/way/1326266438,v2-c829c8f3e2414108
osm:way:1326279033,Chợ Hòa Khánh,Đà Nẵng,market,insufficient_service_evidence,0,https://www.openstreetmap.org/way/1326279033,v2-c829c8f3e2414108
osm:way:1326320368,Chợ Hòa Xuân,Đà Nẵng,market,insufficient_service_evidence,0,https://www.openstreetmap.org/way/1326320368,v2-c829c8f3e2414108
osm:way:1326324217,Chợ Non Nước,Đà Nẵng,market,insufficient_service_evidence,0,https://www.openstreetmap.org/way/1326324217,v2-c829c8f3e2414108
osm:way:1326441936,Chùa Phổ Đà,Đà Nẵng,temple,insufficient_service_evidence,0,https://www.openstreetmap.org/way/1326441936,v2-c829c8f3e2414108
osm:way:1326445079,Chùa Từ Tôn,Đà Nẵng,temple,insufficient_service_evidence,0,https://www.openstreetmap.org/way/1326445079,v2-c829c8f3e2414108
osm:way:1327061635,Landmark72 Garden Restaurant,Hà Nội,restaurant,insufficient_service_evidence,0,https://www.openstreetmap.org/way/1327061635,v2-c829c8f3e2414108
osm:way:1327204797,Landmark72 Garden,Hà Nội,park,insufficient_service_evidence,0,https://www.openstreetmap.org/way/1327204797,v2-c829c8f3e2414108
osm:way:1329689890,Chùa Báo Ân,Đà Nẵng,temple,insufficient_service_evidence,0,https://www.openstreetmap.org/way/1329689890,v2-c829c8f3e2414108
osm:way:1329826250,Đền tưởng niệm các Anh Hùng - Liệt Sĩ,Hà Nội,historic,insufficient_service_evidence,0,https://www.openstreetmap.org/way/1329826250,v2-c829c8f3e2414108
osm:way:1329845834,Lotteria,Hà Nội,restaurant,insufficient_service_evidence,0,https://www.openstreetmap.org/way/1329845834,v2-c829c8f3e2414108
osm:way:1329845837,Aha Coffee,Hà Nội,cafe,insufficient_service_evidence,0,https://www.openstreetmap.org/way/1329845837,v2-c829c8f3e2414108
osm:way:1329845893,The Coffee House,Hà Nội,cafe,insufficient_service_evidence,0,https://www.openstreetmap.org/way/1329845893,v2-c829c8f3e2414108
osm:way:1329845909,KOI Thé,Hà Nội,cafe,insufficient_service_evidence,0,https://www.openstreetmap.org/way/1329845909,v2-c829c8f3e2414108
osm:way:1329845910,TocoToco,Hà Nội,cafe,insufficient_service_evidence,0,https://www.openstreetmap.org/way/1329845910,v2-c829c8f3e2414108
osm:way:1329845911,Raimu,Hà Nội,cafe,insufficient_service_evidence,0,https://www.openstreetmap.org/way/1329845911,v2-c829c8f3e2414108
osm:way:1329845915,Bingxue,Hà Nội,cafe,insufficient_service_evidence,0,https://www.openstreetmap.org/way/1329845915,v2-c829c8f3e2414108
osm:way:1330098155,Nét Huế,Hà Nội,restaurant,insufficient_service_evidence,0,https://www.openstreetmap.org/way/1330098155,v2-c829c8f3e2414108
osm:way:1330098160,Guigui BBQ,Hà Nội,restaurant,insufficient_service_evidence,0,https://www.openstreetmap.org/way/1330098160,v2-c829c8f3e2414108
osm:way:1330098161,Trâu Kiến Minh,Hà Nội,restaurant,insufficient_service_evidence,0,https://www.openstreetmap.org/way/1330098161,v2-c829c8f3e2414108
osm:way:1330098163,Thai Express,Hà Nội,restaurant,insufficient_service_evidence,0,https://www.openstreetmap.org/way/1330098163,v2-c829c8f3e2414108
osm:way:1330098164,Yakihouse BBQ,Hà Nội,restaurant,insufficient_service_evidence,0,https://www.openstreetmap.org/way/1330098164,v2-c829c8f3e2414108
osm:way:1330098165,King BBQ,Hà Nội,restaurant,insufficient_service_evidence,0,https://www.openstreetmap.org/way/1330098165,v2-c829c8f3e2414108
osm:way:1330098167,Phở Cuốn Hương Mai,Hà Nội,restaurant,insufficient_service_evidence,0,https://www.openstreetmap.org/way/1330098167,v2-c829c8f3e2414108
osm:way:1330098168,Hachidori,Hà Nội,restaurant,insufficient_service_evidence,0,https://www.openstreetmap.org/way/1330098168,v2-c829c8f3e2414108
osm:way:1330098170,D'Maris,Hà Nội,restaurant,insufficient_service_evidence,0,https://www.openstreetmap.org/way/1330098170,v2-c829c8f3e2414108
osm:way:1330108344,Dooki,Hà Nội,restaurant,insufficient_service_evidence,0,https://www.openstreetmap.org/way/1330108344,v2-c829c8f3e2414108
osm:way:1330108345,Mr Dakgalbi,Hà Nội,restaurant,insufficient_service_evidence,0,https://www.openstreetmap.org/way/1330108345,v2-c829c8f3e2414108
osm:way:1330108346,Roll House,Hà Nội,restaurant,insufficient_service_evidence,0,https://www.openstreetmap.org/way/1330108346,v2-c829c8f3e2414108
osm:way:1330108347,Lẩu Bò 888,Hà Nội,restaurant,insufficient_service_evidence,0,https://www.openstreetmap.org/way/1330108347,v2-c829c8f3e2414108
osm:way:1330108348,Mikado Sushi,Hà Nội,restaurant,insufficient_service_evidence,0,https://www.openstreetmap.org/way/1330108348,v2-c829c8f3e2414108
osm:way:1330108349,Kombo,Hà Nội,restaurant,insufficient_service_evidence,0,https://www.openstreetmap.org/way/1330108349,v2-c829c8f3e2414108
osm:way:1330108350,Jeonbok,Hà Nội,restaurant,insufficient_service_evidence,0,https://www.openstreetmap.org/way/1330108350,v2-c829c8f3e2414108
osm:way:1330108351,Omely,Hà Nội,restaurant,insufficient_service_evidence,0,https://www.openstreetmap.org/way/1330108351,v2-c829c8f3e2414108
osm:way:1330415427,Chùa Giao Quang,Hà Nội,temple,insufficient_service_evidence,0,https://www.openstreetmap.org/way/1330415427,v2-c829c8f3e2414108
osm:way:1330644994,Chợ Tam Thuận,Đà Nẵng,market,insufficient_service_evidence,0,https://www.openstreetmap.org/way/1330644994,v2-c829c8f3e2414108
osm:way:1330726238,Bãi biển Bắc,Đà Nẵng,beach,insufficient_service_evidence,0,https://www.openstreetmap.org/way/1330726238,v2-c829c8f3e2414108
osm:way:1330858333,La Maison 1888,Đà Nẵng,restaurant,insufficient_service_evidence,0,https://www.openstreetmap.org/way/1330858333,v2-c829c8f3e2414108
osm:way:1331565206,Đài Tưởng niệm Liệt sỹ thành phố Đà Nẵng,Đà Nẵng,historic,insufficient_service_evidence,0,https://www.openstreetmap.org/way/1331565206,v2-c829c8f3e2414108
osm:way:1331638432,Pizza Hut,Hà Nội,restaurant,insufficient_service_evidence,0,https://www.openstreetmap.org/way/1331638432,v2-c829c8f3e2414108
osm:way:1331658926,Manwah,Hà Nội,restaurant,insufficient_service_evidence,0,https://www.openstreetmap.org/way/1331658926,v2-c829c8f3e2414108
osm:way:1331658927,Gogi House,Hà Nội,restaurant,insufficient_service_evidence,0,https://www.openstreetmap.org/way/1331658927,v2-c829c8f3e2414108
osm:way:1331658928,KFC,Hà Nội,restaurant,weak_or_generic_name|insufficient_service_evidence,0,https://www.openstreetmap.org/way/1331658928,v2-c829c8f3e2414108
osm:way:1331658929,Hadilao,Hà Nội,restaurant,insufficient_service_evidence,0,https://www.openstreetmap.org/way/1331658929,v2-c829c8f3e2414108
osm:way:1331658935,The Pizza Company,Hà Nội,restaurant,insufficient_service_evidence,0,https://www.openstreetmap.org/way/1331658935,v2-c829c8f3e2414108
osm:way:1331658937,Kichi Kichi,Hà Nội,restaurant,insufficient_service_evidence,0,https://www.openstreetmap.org/way/1331658937,v2-c829c8f3e2414108
osm:way:1331658938,Hotpot Story,Hà Nội,restaurant,insufficient_service_evidence,0,https://www.openstreetmap.org/way/1331658938,v2-c829c8f3e2414108
osm:way:1331658942,KPub,Hà Nội,restaurant,insufficient_service_evidence,0,https://www.openstreetmap.org/way/1331658942,v2-c829c8f3e2414108
osm:way:1331658944,King BBQ,Hà Nội,restaurant,insufficient_service_evidence,0,https://www.openstreetmap.org/way/1331658944,v2-c829c8f3e2414108
osm:way:1331658950,Nét Huế,Hà Nội,restaurant,insufficient_service_evidence,0,https://www.openstreetmap.org/way/1331658950,v2-c829c8f3e2414108
osm:way:1331658951,Roll House,Hà Nội,restaurant,insufficient_service_evidence,0,https://www.openstreetmap.org/way/1331658951,v2-c829c8f3e2414108
osm:way:1331658960,Poseidon,Hà Nội,restaurant,insufficient_service_evidence,0,https://www.openstreetmap.org/way/1331658960,v2-c829c8f3e2414108
osm:way:1331658968,Dairy Queen,Hà Nội,restaurant,insufficient_service_evidence,0,https://www.openstreetmap.org/way/1331658968,v2-c829c8f3e2414108
osm:way:1331658969,Mixue,Hà Nội,cafe,insufficient_service_evidence,0,https://www.openstreetmap.org/way/1331658969,v2-c829c8f3e2414108
osm:way:1331658970,TocoToco,Hà Nội,cafe,insufficient_service_evidence,0,https://www.openstreetmap.org/way/1331658970,v2-c829c8f3e2414108
osm:way:1331658978,KOI Thé,Hà Nội,cafe,insufficient_service_evidence,0,https://www.openstreetmap.org/way/1331658978,v2-c829c8f3e2414108
osm:way:1331658992,Dookki,Hà Nội,restaurant,insufficient_service_evidence,0,https://www.openstreetmap.org/way/1331658992,v2-c829c8f3e2414108
osm:way:1331668337,Yutang,Hà Nội,cafe,insufficient_service_evidence,0,https://www.openstreetmap.org/way/1331668337,v2-c829c8f3e2414108
osm:way:1331668338,Alfresco's,Hà Nội,restaurant,insufficient_service_evidence,0,https://www.openstreetmap.org/way/1331668338,v2-c829c8f3e2414108
osm:way:1331668343,Gri & Gri,Hà Nội,restaurant,insufficient_service_evidence,0,https://www.openstreetmap.org/way/1331668343,v2-c829c8f3e2414108
osm:way:1331668355,Popeyes,Hà Nội,restaurant,insufficient_service_evidence,0,https://www.openstreetmap.org/way/1331668355,v2-c829c8f3e2414108
osm:way:1331668357,Le Monde Steak,Hà Nội,restaurant,insufficient_service_evidence,0,https://www.openstreetmap.org/way/1331668357,v2-c829c8f3e2414108
osm:way:1331668359,Yakimono,Hà Nội,restaurant,insufficient_service_evidence,0,https://www.openstreetmap.org/way/1331668359,v2-c829c8f3e2414108
osm:way:1331668369,Shogun,Hà Nội,restaurant,insufficient_service_evidence,0,https://www.openstreetmap.org/way/1331668369,v2-c829c8f3e2414108
osm:way:1331668370,Shang Chi,Hà Nội,restaurant,insufficient_service_evidence,0,https://www.openstreetmap.org/way/1331668370,v2-c829c8f3e2414108
osm:way:1331668373,King BBQ Buffet,Hà Nội,restaurant,insufficient_service_evidence,0,https://www.openstreetmap.org/way/1331668373,v2-c829c8f3e2414108
osm:way:1331668374,Thai Express,Hà Nội,restaurant,insufficient_service_evidence,0,https://www.openstreetmap.org/way/1331668374,v2-c829c8f3e2414108
osm:way:1331951049,Lotteria,Hà Nội,restaurant,insufficient_service_evidence,0,https://www.openstreetmap.org/way/1331951049,v2-c829c8f3e2414108
osm:way:1332811566,Chợ Thuận An,Đà Nẵng,market,insufficient_service_evidence,0,https://www.openstreetmap.org/way/1332811566,v2-c829c8f3e2414108
osm:way:1336812874,Chùa Quang Minh,Đà Nẵng,temple,insufficient_service_evidence,0,https://www.openstreetmap.org/way/1336812874,v2-c829c8f3e2414108
osm:way:1337578715,The Matrix One Private Park,Hà Nội,park,insufficient_service_evidence,0,https://www.openstreetmap.org/way/1337578715,v2-c829c8f3e2414108
osm:way:1347307012,Vòng Xoay Hải Vân,Đà Nẵng,park,insufficient_service_evidence,0,https://www.openstreetmap.org/way/1347307012,v2-c829c8f3e2414108
osm:way:1348698157,Vòng Xoay 2 Tầng Chu Lai,Đà Nẵng,park,insufficient_service_evidence,0,https://www.openstreetmap.org/way/1348698157,v2-c829c8f3e2414108
osm:way:1350620262,Tàu lượn siêu tốc,Hà Nội,attraction,insufficient_service_evidence,0,https://www.openstreetmap.org/way/1350620262,v2-c829c8f3e2414108
osm:way:1350647805,Nhà Ăn,Hà Nội,restaurant,insufficient_service_evidence,0,https://www.openstreetmap.org/way/1350647805,v2-c829c8f3e2414108
osm:way:1351157610,Vườn hoa phường Thượng Thanh,Hà Nội,park,insufficient_service_evidence,0,https://www.openstreetmap.org/way/1351157610,v2-c829c8f3e2414108
osm:way:1359818523,Đền Bà Ả Lanh,Hà Nội,temple,insufficient_service_evidence,0,https://www.openstreetmap.org/way/1359818523,v2-c829c8f3e2414108
osm:way:1359818524,Nhà thờ Giáo xứ Phú Mỹ,Hà Nội,temple,insufficient_service_evidence,0,https://www.openstreetmap.org/way/1359818524,v2-c829c8f3e2414108
osm:way:1359824052,Quảng trường ASEAN,Hà Nội,park,insufficient_service_evidence,0,https://www.openstreetmap.org/way/1359824052,v2-c829c8f3e2414108
osm:way:1360062821,Đình Giang Xá,Hà Nội,temple,insufficient_service_evidence,0,https://www.openstreetmap.org/way/1360062821,v2-c829c8f3e2414108
osm:way:1360062833,Chùa Cả,Hà Nội,temple,insufficient_service_evidence,0,https://www.openstreetmap.org/way/1360062833,v2-c829c8f3e2414108
osm:way:1360062836,Chùa Ngãi Cầu,Hà Nội,temple,insufficient_service_evidence,0,https://www.openstreetmap.org/way/1360062836,v2-c829c8f3e2414108
osm:way:1360095267,Nhà thờ Giáo xứ Thuỷ Trú,Hà Nội,temple,insufficient_service_evidence,0,https://www.openstreetmap.org/way/1360095267,v2-c829c8f3e2414108
osm:way:1360095272,Đình Thuỷ Trú,Hà Nội,temple,insufficient_service_evidence,0,https://www.openstreetmap.org/way/1360095272,v2-c829c8f3e2414108
osm:way:1360680180,F1,Đà Nẵng,historic,weak_or_generic_name|insufficient_service_evidence,0,https://www.openstreetmap.org/way/1360680180,v2-c829c8f3e2414108
osm:way:1360680181,B3,Đà Nẵng,historic,weak_or_generic_name|insufficient_service_evidence,0,https://www.openstreetmap.org/way/1360680181,v2-c829c8f3e2414108
osm:way:1360680182,C1,Đà Nẵng,historic,weak_or_generic_name|insufficient_service_evidence,0,https://www.openstreetmap.org/way/1360680182,v2-c829c8f3e2414108
osm:way:1361713922,Chùa Đại Lan,Hà Nội,temple,insufficient_service_evidence,0,https://www.openstreetmap.org/way/1361713922,v2-c829c8f3e2414108
osm:way:136247704,H6 - Nhà truyền thống,Hà Nội,museum,insufficient_service_evidence,0,https://www.openstreetmap.org/way/136247704,v2-c829c8f3e2414108
osm:way:1365472868,Phở gà Lâm,Hà Nội,restaurant,insufficient_service_evidence,0,https://www.openstreetmap.org/way/1365472868,v2-c829c8f3e2414108
osm:way:1365674215,Chùa Vo Trung,Hà Nội,temple,insufficient_service_evidence,0,https://www.openstreetmap.org/way/1365674215,v2-c829c8f3e2414108
osm:way:1365938694,Đình Vo Trung,Hà Nội,temple,insufficient_service_evidence,0,https://www.openstreetmap.org/way/1365938694,v2-c829c8f3e2414108
osm:way:1368360528,Shaun the Sheep,Hà Nội,zoo,insufficient_service_evidence,0,https://www.openstreetmap.org/way/1368360528,v2-c829c8f3e2414108
osm:way:1371658512,Vườn hoa,Hà Nội,park,insufficient_service_evidence,0,https://www.openstreetmap.org/way/1371658512,v2-c829c8f3e2414108
osm:way:1372585241,Đình làng Yên Duyên,Hà Nội,temple,insufficient_service_evidence,0,https://www.openstreetmap.org/way/1372585241,v2-c829c8f3e2414108
osm:way:1374632791,Nhà thờ Giáo xứ Cồn Dầu,Đà Nẵng,temple,insufficient_service_evidence,0,https://www.openstreetmap.org/way/1374632791,v2-c829c8f3e2414108
osm:way:1375028004,Chùa An Long,Đà Nẵng,temple,insufficient_service_evidence,0,https://www.openstreetmap.org/way/1375028004,v2-c829c8f3e2414108
osm:way:1378265221,Chùa Kỳ Viên,Đà Nẵng,temple,insufficient_service_evidence,0,https://www.openstreetmap.org/way/1378265221,v2-c829c8f3e2414108
osm:way:1384907056,Công viên Nam Dương,Đà Nẵng,park,insufficient_service_evidence,0,https://www.openstreetmap.org/way/1384907056,v2-c829c8f3e2414108
osm:way:1384911812,Công viên Như Nguyệt,Đà Nẵng,park,insufficient_service_evidence,0,https://www.openstreetmap.org/way/1384911812,v2-c829c8f3e2414108
osm:way:1386928390,Phat My Hanh,Đà Nẵng,restaurant,insufficient_service_evidence,0,https://www.openstreetmap.org/way/1386928390,v2-c829c8f3e2414108
osm:way:1386932716,Lang Chai SeaFood,Đà Nẵng,restaurant,insufficient_service_evidence,0,https://www.openstreetmap.org/way/1386932716,v2-c829c8f3e2414108
osm:way:1390007814,Đình Tây Đằng,Hà Nội,temple,insufficient_service_evidence,0,https://www.openstreetmap.org/way/1390007814,v2-c829c8f3e2414108
osm:way:1390007820,Đình Đại Phùng,Hà Nội,temple,insufficient_service_evidence,0,https://www.openstreetmap.org/way/1390007820,v2-c829c8f3e2414108
osm:way:1390007831,Chùa Viên Minh,Hà Nội,temple,insufficient_service_evidence,0,https://www.openstreetmap.org/way/1390007831,v2-c829c8f3e2414108
osm:way:1390007833,Đình Chèm,Hà Nội,temple,insufficient_service_evidence,0,https://www.openstreetmap.org/way/1390007833,v2-c829c8f3e2414108
osm:way:1408786497,Chợ May 10,Hà Nội,market,insufficient_service_evidence,0,https://www.openstreetmap.org/way/1408786497,v2-c829c8f3e2414108
osm:way:1410835992,Cafe sách- Tòa C4 HVQLGD,Hà Nội,cafe,insufficient_service_evidence,0,https://www.openstreetmap.org/way/1410835992,v2-c829c8f3e2414108
osm:way:1410876631,Công viên Gia Lâm,Hà Nội,park,insufficient_service_evidence,0,https://www.openstreetmap.org/way/1410876631,v2-c829c8f3e2414108
osm:way:1412509585,Center Musical Park,Hà Nội,park,insufficient_service_evidence,0,https://www.openstreetmap.org/way/1412509585,v2-c829c8f3e2414108
osm:way:1414855571,Đình làng Hữu Bằng,Hà Nội,temple,insufficient_service_evidence,0,https://www.openstreetmap.org/way/1414855571,v2-c829c8f3e2414108
osm:way:1415191319,Chợ Hữu Bằng,Hà Nội,market,insufficient_service_evidence,0,https://www.openstreetmap.org/way/1415191319,v2-c829c8f3e2414108
osm:way:1416257146,Trạm Rừng Pit Stop,Hà Nội,cafe,insufficient_service_evidence,0,https://www.openstreetmap.org/way/1416257146,v2-c829c8f3e2414108
osm:way:1416330430,Vườn hoa Thường Tín,Hà Nội,park,insufficient_service_evidence,0,https://www.openstreetmap.org/way/1416330430,v2-c829c8f3e2414108
osm:way:1418338727,Đình Trạm,Hà Nội,temple,insufficient_service_evidence,0,https://www.openstreetmap.org/way/1418338727,v2-c829c8f3e2414108
osm:way:1418338747,Đài tưởng niệm các anh hùng liệt sĩ Thạch Bàn,Hà Nội,historic,insufficient_service_evidence,0,https://www.openstreetmap.org/way/1418338747,v2-c829c8f3e2414108
osm:way:1418338748,Nghè Đằng Đông,Hà Nội,temple,insufficient_service_evidence,0,https://www.openstreetmap.org/way/1418338748,v2-c829c8f3e2414108
osm:way:1422082081,Đình Thượng Đồng,Hà Nội,temple,insufficient_service_evidence,0,https://www.openstreetmap.org/way/1422082081,v2-c829c8f3e2414108
osm:way:1422082082,Chùa Thượng Đồng,Hà Nội,temple,insufficient_service_evidence,0,https://www.openstreetmap.org/way/1422082082,v2-c829c8f3e2414108
osm:way:1422082088,Đình Sài Đồng,Hà Nội,temple,insufficient_service_evidence,0,https://www.openstreetmap.org/way/1422082088,v2-c829c8f3e2414108
osm:way:1442969735,The Local Bean,Đà Nẵng,cafe,insufficient_service_evidence,0,https://www.openstreetmap.org/way/1442969735,v2-c829c8f3e2414108
osm:way:1444241100,Vườn hoa Học viện Ngân Hàng,Hà Nội,park,insufficient_service_evidence,0,https://www.openstreetmap.org/way/1444241100,v2-c829c8f3e2414108
osm:way:1445339600,Chùa Tương Mai,Hà Nội,temple,insufficient_service_evidence,0,https://www.openstreetmap.org/way/1445339600,v2-c829c8f3e2414108
osm:way:1446303895,Chùa Sét,Hà Nội,temple,insufficient_service_evidence,0,https://www.openstreetmap.org/way/1446303895,v2-c829c8f3e2414108
osm:way:1446303897,Đền thờ Đức Vua Cha Bát Hải (Trương Định),Hà Nội,temple,insufficient_service_evidence,0,https://www.openstreetmap.org/way/1446303897,v2-c829c8f3e2414108
osm:way:1446455174,Kim Quy Linh Điện,Hà Nội,temple,insufficient_service_evidence,0,https://www.openstreetmap.org/way/1446455174,v2-c829c8f3e2414108
osm:way:1446455180,Công Viên Hoa Hồng,Hà Nội,park,insufficient_service_evidence,0,https://www.openstreetmap.org/way/1446455180,v2-c829c8f3e2414108
osm:way:1446455181,Công Viên Thiên Nga,Hà Nội,park,insufficient_service_evidence,0,https://www.openstreetmap.org/way/1446455181,v2-c829c8f3e2414108
osm:way:1446781469,Công Viên Ngọc Trai,Hà Nội,park,insufficient_service_evidence,0,https://www.openstreetmap.org/way/1446781469,v2-c829c8f3e2414108
osm:way:1446967923,Công Viên Boutique Park,Hà Nội,park,insufficient_service_evidence,0,https://www.openstreetmap.org/way/1446967923,v2-c829c8f3e2414108
osm:way:1446967932,Công Viên Ven Hồ,Hà Nội,park,insufficient_service_evidence,0,https://www.openstreetmap.org/way/1446967932,v2-c829c8f3e2414108
osm:way:1446967948,Công Viên The Indochine Park,Hà Nội,park,insufficient_service_evidence,0,https://www.openstreetmap.org/way/1446967948,v2-c829c8f3e2414108
osm:way:1448606798,Café - Nước Ép,Hà Nội,cafe,insufficient_service_evidence,0,https://www.openstreetmap.org/way/1448606798,v2-c829c8f3e2414108
osm:way:1448606799,Boka,Hà Nội,cafe,insufficient_service_evidence,0,https://www.openstreetmap.org/way/1448606799,v2-c829c8f3e2414108
osm:way:1448606800,Bún sườn chua,Hà Nội,restaurant,insufficient_service_evidence,0,https://www.openstreetmap.org/way/1448606800,v2-c829c8f3e2414108
osm:way:1450036328,Chùa Phổ Linh,Hà Nội,temple,insufficient_service_evidence,0,https://www.openstreetmap.org/way/1450036328,v2-c829c8f3e2414108
osm:way:1450094984,Chùa Tiêu Giao,Hà Nội,temple,insufficient_service_evidence,0,https://www.openstreetmap.org/way/1450094984,v2-c829c8f3e2414108
osm:way:1450733934,Chùa Tỉnh Âm,Hà Nội,temple,insufficient_service_evidence,0,https://www.openstreetmap.org/way/1450733934,v2-c829c8f3e2414108
osm:way:1451711146,Chợ Đồng Tâm,Hà Nội,market,insufficient_service_evidence,0,https://www.openstreetmap.org/way/1451711146,v2-c829c8f3e2414108
osm:way:1451722446,Lãng Garden,Hà Nội,park,insufficient_service_evidence,0,https://www.openstreetmap.org/way/1451722446,v2-c829c8f3e2414108
osm:way:1452566130,Nhà thờ Giáo xứ Kẻ Sét,Hà Nội,temple,insufficient_service_evidence,0,https://www.openstreetmap.org/way/1452566130,v2-c829c8f3e2414108
osm:way:1452786220,Chùa Hưng Ký,Hà Nội,temple,insufficient_service_evidence,0,https://www.openstreetmap.org/way/1452786220,v2-c829c8f3e2414108
osm:way:1452786221,Đền Mai Sau,Hà Nội,temple,insufficient_service_evidence,0,https://www.openstreetmap.org/way/1452786221,v2-c829c8f3e2414108
osm:way:1453329154,Công viên cây xanh Viện Nhiệt Đới,Hà Nội,park,insufficient_service_evidence,0,https://www.openstreetmap.org/way/1453329154,v2-c829c8f3e2414108
osm:way:1453522513,Công Viên Royal Park,Hà Nội,park,insufficient_service_evidence,0,https://www.openstreetmap.org/way/1453522513,v2-c829c8f3e2414108
osm:way:1453522531,Công viên xứ sở thần tiên,Hà Nội,park,insufficient_service_evidence,0,https://www.openstreetmap.org/way/1453522531,v2-c829c8f3e2414108
osm:way:1453524272,Công Viên Rainbow Park,Hà Nội,park,insufficient_service_evidence,0,https://www.openstreetmap.org/way/1453524272,v2-c829c8f3e2414108
osm:way:1453735878,Công Viên Tropical Oasis Park,Hà Nội,park,insufficient_service_evidence,0,https://www.openstreetmap.org/way/1453735878,v2-c829c8f3e2414108
osm:way:1454205938,Chùa Tề Đồng Vật Ngã,Hà Nội,temple,insufficient_service_evidence,0,https://www.openstreetmap.org/way/1454205938,v2-c829c8f3e2414108
osm:way:1454563862,chợ Cầu,Hà Nội,market,insufficient_service_evidence,0,https://www.openstreetmap.org/way/1454563862,v2-c829c8f3e2414108
osm:way:1454600982,Công viên Nỏ Thần,Hà Nội,park,insufficient_service_evidence,0,https://www.openstreetmap.org/way/1454600982,v2-c829c8f3e2414108
osm:way:1454630438,Chùa Linh Quang,Hà Nội,temple,insufficient_service_evidence,0,https://www.openstreetmap.org/way/1454630438,v2-c829c8f3e2414108
osm:way:1454693639,Mixue,Hà Nội,cafe,insufficient_service_evidence,0,https://www.openstreetmap.org/way/1454693639,v2-c829c8f3e2414108
osm:way:1455095013,Công viên Chợ xanh Văn Quán,Hà Nội,park,insufficient_service_evidence,0,https://www.openstreetmap.org/way/1455095013,v2-c829c8f3e2414108
osm:way:1455209065,Đền thờ cha thánh Martino Tạ Đức Thịnh,Hà Nội,temple,insufficient_service_evidence,0,https://www.openstreetmap.org/way/1455209065,v2-c829c8f3e2414108
osm:way:1455393100,Bình Minh Quán - Cơm Văn Phòng,Hà Nội,restaurant,insufficient_service_evidence,0,https://www.openstreetmap.org/way/1455393100,v2-c829c8f3e2414108
osm:way:1456418654,Công viên Kỷ niệm 70 năm Giải phóng Thủ đô,Hà Nội,park,insufficient_service_evidence,0,https://www.openstreetmap.org/way/1456418654,v2-c829c8f3e2414108
osm:way:1458358677,Công Viên Ven Hồ,Hà Nội,park,insufficient_service_evidence,0,https://www.openstreetmap.org/way/1458358677,v2-c829c8f3e2414108
osm:way:1459891788,Công Viên Tàm Xá,Hà Nội,park,insufficient_service_evidence,0,https://www.openstreetmap.org/way/1459891788,v2-c829c8f3e2414108
osm:way:1460190471,Vườn hoa,Hà Nội,park,insufficient_service_evidence,0,https://www.openstreetmap.org/way/1460190471,v2-c829c8f3e2414108
osm:way:1460319955,Liên Hoa Viên,Hà Nội,park,insufficient_service_evidence,0,https://www.openstreetmap.org/way/1460319955,v2-c829c8f3e2414108
osm:way:1460746033,Nhà bia tưởng niệm liệt sỹ,Hà Nội,historic,insufficient_service_evidence,0,https://www.openstreetmap.org/way/1460746033,v2-c829c8f3e2414108
osm:way:1461315292,Đền Cổ Mai,Hà Nội,temple,insufficient_service_evidence,0,https://www.openstreetmap.org/way/1461315292,v2-c829c8f3e2414108
osm:way:1462245643,Chùa Thiện Khánh Mai Động,Hà Nội,temple,insufficient_service_evidence,0,https://www.openstreetmap.org/way/1462245643,v2-c829c8f3e2414108
osm:way:1462245644,Nghe Mai Động,Hà Nội,temple,insufficient_service_evidence,0,https://www.openstreetmap.org/way/1462245644,v2-c829c8f3e2414108
osm:way:1462480876,ATV Quad Bike Hoi An Adventure,Đà Nẵng,attraction,insufficient_service_evidence,0,https://www.openstreetmap.org/way/1462480876,v2-c829c8f3e2414108
osm:way:1462804113,Chợ Dâu Mới,Hà Nội,market,insufficient_service_evidence,0,https://www.openstreetmap.org/way/1462804113,v2-c829c8f3e2414108
osm:way:1462920019,Công viên Xuân Trạch,Hà Nội,park,insufficient_service_evidence,0,https://www.openstreetmap.org/way/1462920019,v2-c829c8f3e2414108
osm:way:1463165341,Phố Cổ Bia Hơi Hà Nội,Đà Nẵng,restaurant,insufficient_service_evidence,0,https://www.openstreetmap.org/way/1463165341,v2-c829c8f3e2414108
osm:way:1464442035,T'’Bri Coffee Cổ Loa,Hà Nội,cafe,insufficient_service_evidence,0,https://www.openstreetmap.org/way/1464442035,v2-c829c8f3e2414108
osm:way:1464442036,Mèo Ú,Hà Nội,cafe,insufficient_service_evidence,0,https://www.openstreetmap.org/way/1464442036,v2-c829c8f3e2414108
osm:way:1464442038,Nấm Lửng,Hà Nội,cafe,insufficient_service_evidence,0,https://www.openstreetmap.org/way/1464442038,v2-c829c8f3e2414108
osm:way:1464442052,Xứ Sở Kẹo Ngọt,Hà Nội,cafe,insufficient_service_evidence,0,https://www.openstreetmap.org/way/1464442052,v2-c829c8f3e2414108
osm:way:1464442053,Chạm Trà,Hà Nội,cafe,insufficient_service_evidence,0,https://www.openstreetmap.org/way/1464442053,v2-c829c8f3e2414108
osm:way:1464442054,Cha Tra Thai,Hà Nội,cafe,insufficient_service_evidence,0,https://www.openstreetmap.org/way/1464442054,v2-c829c8f3e2414108
osm:way:1464442942,Codomy Tiệm Trà,Hà Nội,cafe,insufficient_service_evidence,0,https://www.openstreetmap.org/way/1464442942,v2-c829c8f3e2414108
osm:way:1464442943,Paradiso Trà và Cà Phê,Hà Nội,cafe,insufficient_service_evidence,0,https://www.openstreetmap.org/way/1464442943,v2-c829c8f3e2414108
osm:way:1464442944,Ẩm Thực Bên Hồ,Hà Nội,cafe,insufficient_service_evidence,0,https://www.openstreetmap.org/way/1464442944,v2-c829c8f3e2414108
osm:way:1464442945,Bunny Tea,Hà Nội,cafe,insufficient_service_evidence,0,https://www.openstreetmap.org/way/1464442945,v2-c829c8f3e2414108
osm:way:1464442947,Dear Sea Coffee & Tea,Hà Nội,cafe,insufficient_service_evidence,0,https://www.openstreetmap.org/way/1464442947,v2-c829c8f3e2414108
osm:way:1465114039,Nắng Sông Hồng,Hà Nội,park,insufficient_service_evidence,0,https://www.openstreetmap.org/way/1465114039,v2-c829c8f3e2414108
osm:way:1465114043,Nông Trại Vui Vẻ - Phùng Gia Trang,Hà Nội,park,insufficient_service_evidence,0,https://www.openstreetmap.org/way/1465114043,v2-c829c8f3e2414108
osm:way:1465390658,Công Viên Xóm Hậu,Hà Nội,park,insufficient_service_evidence,0,https://www.openstreetmap.org/way/1465390658,v2-c829c8f3e2414108
osm:way:1466555491,Chợ Đông Trù,Hà Nội,market,insufficient_service_evidence,0,https://www.openstreetmap.org/way/1466555491,v2-c829c8f3e2414108
osm:way:1467843082,Chùa A Phái,Hà Nội,temple,insufficient_service_evidence,0,https://www.openstreetmap.org/way/1467843082,v2-c829c8f3e2414108
osm:way:1468718944,Phê La - Yên Phụ,Hà Nội,cafe,insufficient_service_evidence,0,https://www.openstreetmap.org/way/1468718944,v2-c829c8f3e2414108
osm:way:1469033564,Nhà hàng Anh Dũng,Hà Nội,restaurant,insufficient_service_evidence,0,https://www.openstreetmap.org/way/1469033564,v2-c829c8f3e2414108
osm:way:1470908225,Landscape 68 - Rừng trong phố,Hà Nội,park,insufficient_service_evidence,0,https://www.openstreetmap.org/way/1470908225,v2-c829c8f3e2414108
osm:way:1471597874,Đình Gia Thượng,Hà Nội,temple,insufficient_service_evidence,0,https://www.openstreetmap.org/way/1471597874,v2-c829c8f3e2414108
osm:way:1471931001,Đền Rừng,Hà Nội,temple,insufficient_service_evidence,0,https://www.openstreetmap.org/way/1471931001,v2-c829c8f3e2414108
osm:way:1471931002,Đền Mẫu Thoải Phúc Xá,Hà Nội,temple,insufficient_service_evidence,0,https://www.openstreetmap.org/way/1471931002,v2-c829c8f3e2414108
osm:way:1472559887,Công viên KĐT Đồng Tàu,Hà Nội,park,insufficient_service_evidence,0,https://www.openstreetmap.org/way/1472559887,v2-c829c8f3e2414108
osm:way:1472559893,Vườn hoa Đăng Phương,Hà Nội,park,insufficient_service_evidence,0,https://www.openstreetmap.org/way/1472559893,v2-c829c8f3e2414108
osm:way:1472559894,Công viên Cổng Trường Tiểu học Thịnh Liệt,Hà Nội,park,insufficient_service_evidence,0,https://www.openstreetmap.org/way/1472559894,v2-c829c8f3e2414108
osm:way:1473300995,Bia hơi Hải Xồm,Hà Nội,restaurant,insufficient_service_evidence,0,https://www.openstreetmap.org/way/1473300995,v2-c829c8f3e2414108
osm:way:1473331895,Chùa Liên Hoa,Hà Nội,temple,insufficient_service_evidence,0,https://www.openstreetmap.org/way/1473331895,v2-c829c8f3e2414108
osm:way:1473331896,Đình thôn Hạ,Hà Nội,temple,insufficient_service_evidence,0,https://www.openstreetmap.org/way/1473331896,v2-c829c8f3e2414108
osm:way:1474138678,Bến hoa Phúc xá,Hà Nội,park,insufficient_service_evidence,0,https://www.openstreetmap.org/way/1474138678,v2-c829c8f3e2414108
osm:way:1474141780,Đông Trù Riverside,Hà Nội,park,insufficient_service_evidence,0,https://www.openstreetmap.org/way/1474141780,v2-c829c8f3e2414108
osm:way:1474183572,Nhà thờ Lê Tộc - Tân Thái,Đà Nẵng,temple,insufficient_service_evidence,0,https://www.openstreetmap.org/way/1474183572,v2-c829c8f3e2414108
osm:way:1474183573,Chùa Tân Thái,Đà Nẵng,temple,insufficient_service_evidence,0,https://www.openstreetmap.org/way/1474183573,v2-c829c8f3e2414108
osm:way:1474308642,Vong Hai Dai,Đà Nẵng,temple,insufficient_service_evidence,0,https://www.openstreetmap.org/way/1474308642,v2-c829c8f3e2414108
osm:way:1474962118,Chùa Ái Mộ,Hà Nội,temple,insufficient_service_evidence,0,https://www.openstreetmap.org/way/1474962118,v2-c829c8f3e2414108
osm:way:1475290263,Đài tưởng niệm Hồ Chí Minh (Định Công Hạ),Hà Nội,historic,insufficient_service_evidence,0,https://www.openstreetmap.org/way/1475290263,v2-c829c8f3e2414108
osm:way:1475521544,Đình Quán Tình,Hà Nội,temple,insufficient_service_evidence,0,https://www.openstreetmap.org/way/1475521544,v2-c829c8f3e2414108
osm:way:1475521545,Chùa Quán Tình,Hà Nội,temple,insufficient_service_evidence,0,https://www.openstreetmap.org/way/1475521545,v2-c829c8f3e2414108
osm:way:1475521546,Văn chỉ Quán Tình,Hà Nội,temple,insufficient_service_evidence,0,https://www.openstreetmap.org/way/1475521546,v2-c829c8f3e2414108
osm:way:1475629306,Đình thôn Thượng,Hà Nội,temple,insufficient_service_evidence,0,https://www.openstreetmap.org/way/1475629306,v2-c829c8f3e2414108
osm:way:1476135877,Chùa Mai Phúc,Hà Nội,temple,insufficient_service_evidence,0,https://www.openstreetmap.org/way/1476135877,v2-c829c8f3e2414108
osm:way:1476571872,Nghĩa trang Liệt sỹ Phường Định Công,Hà Nội,historic,insufficient_service_evidence,0,https://www.openstreetmap.org/way/1476571872,v2-c829c8f3e2414108
osm:way:1476908971,Tai Yang Thạch Bàn,Hà Nội,restaurant,insufficient_service_evidence,0,https://www.openstreetmap.org/way/1476908971,v2-c829c8f3e2414108
osm:way:1479282621,Miếu Hoàng Anh,Hà Nội,temple,insufficient_service_evidence,0,https://www.openstreetmap.org/way/1479282621,v2-c829c8f3e2414108
osm:way:1479289989,Công viên cây xanh Lạc Hồng,Hà Nội,park,insufficient_service_evidence,0,https://www.openstreetmap.org/way/1479289989,v2-c829c8f3e2414108
osm:way:1481173156,Đình Phương Liệt,Hà Nội,temple,insufficient_service_evidence,0,https://www.openstreetmap.org/way/1481173156,v2-c829c8f3e2414108
osm:way:1481285653,Miếu Thành Hoàng Bổn Xứ,Đà Nẵng,temple,insufficient_service_evidence,0,https://www.openstreetmap.org/way/1481285653,v2-c829c8f3e2414108
osm:way:1481487712,Nhà ăn HVQLGD,Hà Nội,restaurant,insufficient_service_evidence,0,https://www.openstreetmap.org/way/1481487712,v2-c829c8f3e2414108
osm:way:1481550728,Đài tưởng niệm liệt sĩ,Hà Nội,historic,insufficient_service_evidence,0,https://www.openstreetmap.org/way/1481550728,v2-c829c8f3e2414108
osm:way:1481550735,Nhà Quản tượng,Hà Nội,temple,insufficient_service_evidence,0,https://www.openstreetmap.org/way/1481550735,v2-c829c8f3e2414108
osm:way:1481550737,Miếu Hữu,Hà Nội,temple,insufficient_service_evidence,0,https://www.openstreetmap.org/way/1481550737,v2-c829c8f3e2414108
osm:way:1481550747,Ban thần nông,Hà Nội,temple,insufficient_service_evidence,0,https://www.openstreetmap.org/way/1481550747,v2-c829c8f3e2414108
osm:way:1481550749,Nhà Hữu Vu - Đền Voi Phục,Hà Nội,temple,insufficient_service_evidence,0,https://www.openstreetmap.org/way/1481550749,v2-c829c8f3e2414108
osm:way:1481550751,Miếu chúa sơn trang - Đền Voi Phục,Hà Nội,temple,insufficient_service_evidence,0,https://www.openstreetmap.org/way/1481550751,v2-c829c8f3e2414108
osm:way:1481550752,Miếu cô bơ,Hà Nội,temple,insufficient_service_evidence,0,https://www.openstreetmap.org/way/1481550752,v2-c829c8f3e2414108
osm:way:1481663044,Bản sao nhà sàn,Đà Nẵng,historic,insufficient_service_evidence,0,https://www.openstreetmap.org/way/1481663044,v2-c829c8f3e2414108
osm:way:1481770886,Chợ Tây Mỗ,Hà Nội,market,insufficient_service_evidence,0,https://www.openstreetmap.org/way/1481770886,v2-c829c8f3e2414108
osm:way:1481981858,Vườn hoa F3,Hà Nội,park,insufficient_service_evidence,0,https://www.openstreetmap.org/way/1481981858,v2-c829c8f3e2414108
osm:way:1482440123,Chợ Đại Từ,Hà Nội,market,insufficient_service_evidence,0,https://www.openstreetmap.org/way/1482440123,v2-c829c8f3e2414108
osm:way:1482440124,Đình Đại Từ,Hà Nội,temple,insufficient_service_evidence,0,https://www.openstreetmap.org/way/1482440124,v2-c829c8f3e2414108
osm:way:1482440125,Chùa Đại Từ,Hà Nội,temple,insufficient_service_evidence,0,https://www.openstreetmap.org/way/1482440125,v2-c829c8f3e2414108
osm:way:1482440126,Đài tưởng niệm Chủ tịch Hồ Chí Minh (Đại Từ),Hà Nội,historic,insufficient_service_evidence,0,https://www.openstreetmap.org/way/1482440126,v2-c829c8f3e2414108
osm:way:1482572128,Đình Trung Kính Thượng,Hà Nội,temple,insufficient_service_evidence,0,https://www.openstreetmap.org/way/1482572128,v2-c829c8f3e2414108
osm:way:1482787842,Đình Kim Văn,Hà Nội,temple,insufficient_service_evidence,0,https://www.openstreetmap.org/way/1482787842,v2-c829c8f3e2414108
osm:way:1482908197,Nhà bia tưởng niệm liệt sỹ Đại Kim,Hà Nội,historic,insufficient_service_evidence,0,https://www.openstreetmap.org/way/1482908197,v2-c829c8f3e2414108
osm:way:1482908222,Đền Vua Lê,Hà Nội,temple,insufficient_service_evidence,0,https://www.openstreetmap.org/way/1482908222,v2-c829c8f3e2414108
osm:way:1483308246,Đình Giáp Lục,Hà Nội,temple,insufficient_service_evidence,0,https://www.openstreetmap.org/way/1483308246,v2-c829c8f3e2414108
osm:way:1484092477,Đền Bà Bụi - Miếu Tổng Thịnh Liệt,Hà Nội,temple,insufficient_service_evidence,0,https://www.openstreetmap.org/way/1484092477,v2-c829c8f3e2414108
osm:way:1484425457,Đình làng Giáp Nhị,Hà Nội,temple,insufficient_service_evidence,0,https://www.openstreetmap.org/way/1484425457,v2-c829c8f3e2414108
osm:way:1484793110,Đình làng Giáp Tứ,Hà Nội,temple,insufficient_service_evidence,0,https://www.openstreetmap.org/way/1484793110,v2-c829c8f3e2414108
osm:way:1484919510,Xanh Design DN Tiệm Cây và Nước,Đà Nẵng,zoo,category_name_conflict|insufficient_service_evidence,0,https://www.openstreetmap.org/way/1484919510,v2-c829c8f3e2414108
osm:way:1484919512,May Garden,Đà Nẵng,restaurant,insufficient_service_evidence,0,https://www.openstreetmap.org/way/1484919512,v2-c829c8f3e2414108
osm:way:1484919513,Minto Farm Cafe & Kid Playground,Đà Nẵng,cafe,insufficient_service_evidence,0,https://www.openstreetmap.org/way/1484919513,v2-c829c8f3e2414108
osm:way:1484923274,Papa Steak,Đà Nẵng,restaurant,insufficient_service_evidence,0,https://www.openstreetmap.org/way/1484923274,v2-c829c8f3e2414108
osm:way:1488809948,Vườn hoa Thi Sách,Hà Nội,park,insufficient_service_evidence,0,https://www.openstreetmap.org/way/1488809948,v2-c829c8f3e2414108
osm:way:1488889320,Nhà thờ giáo xứ Yên Duyên,Hà Nội,temple,insufficient_service_evidence,0,https://www.openstreetmap.org/way/1488889320,v2-c829c8f3e2414108
osm:way:1488891322,Chùa Pháp Vân,Hà Nội,temple,insufficient_service_evidence,0,https://www.openstreetmap.org/way/1488891322,v2-c829c8f3e2414108
osm:way:1488891323,Đình làng Pháp Vân,Hà Nội,temple,insufficient_service_evidence,0,https://www.openstreetmap.org/way/1488891323,v2-c829c8f3e2414108
osm:way:1489328680,Beany Tea & Coffee,Hà Nội,cafe,insufficient_service_evidence,0,https://www.openstreetmap.org/way/1489328680,v2-c829c8f3e2414108
osm:way:1489328681,Cafe Ban Me,Hà Nội,restaurant,insufficient_service_evidence,0,https://www.openstreetmap.org/way/1489328681,v2-c829c8f3e2414108
osm:way:1489635599,Chùa Tâm Pháp - Giáp Nhị,Hà Nội,temple,insufficient_service_evidence,0,https://www.openstreetmap.org/way/1489635599,v2-c829c8f3e2414108
osm:way:1490993007,Đình Linh Đàm,Hà Nội,temple,insufficient_service_evidence,0,https://www.openstreetmap.org/way/1490993007,v2-c829c8f3e2414108
osm:way:1497353878,Chợ Láng Hạ,Hà Nội,market,insufficient_service_evidence,0,https://www.openstreetmap.org/way/1497353878,v2-c829c8f3e2414108
osm:way:1497495682,Hermanos,Hà Nội,cafe,insufficient_service_evidence,0,https://www.openstreetmap.org/way/1497495682,v2-c829c8f3e2414108
osm:way:1497569902,Tượng đài “Quyết tử để Tổ quốc quyết sinh”,Hà Nội,historic,insufficient_service_evidence,0,https://www.openstreetmap.org/way/1497569902,v2-c829c8f3e2414108
osm:way:1497572243,Điện Kính Thiên,Hà Nội,historic,insufficient_service_evidence,0,https://www.openstreetmap.org/way/1497572243,v2-c829c8f3e2414108
osm:way:1498023643,Nhà tưởng niệm liệt sĩ,Hà Nội,temple,insufficient_service_evidence,0,https://www.openstreetmap.org/way/1498023643,v2-c829c8f3e2414108
osm:way:1498023650,Non bộ,Hà Nội,park,insufficient_service_evidence,0,https://www.openstreetmap.org/way/1498023650,v2-c829c8f3e2414108
osm:way:1498334120,Chùa Cống Yên,Hà Nội,temple,insufficient_service_evidence,0,https://www.openstreetmap.org/way/1498334120,v2-c829c8f3e2414108
osm:way:1501058506,Chùa Tình Quang,Hà Nội,temple,insufficient_service_evidence,0,https://www.openstreetmap.org/way/1501058506,v2-c829c8f3e2414108
osm:way:1501058522,Đình Tình Quang,Hà Nội,temple,insufficient_service_evidence,0,https://www.openstreetmap.org/way/1501058522,v2-c829c8f3e2414108
osm:way:1501058523,Miếu Tình Quang,Hà Nội,temple,insufficient_service_evidence,0,https://www.openstreetmap.org/way/1501058523,v2-c829c8f3e2414108
osm:way:1504468787,Công viên Park Hill - Times City,Hà Nội,park,insufficient_service_evidence,0,https://www.openstreetmap.org/way/1504468787,v2-c829c8f3e2414108
osm:way:1504807179,Vườn hoa ao cá Bác Hồ (Vĩnh Tuy),Hà Nội,park,insufficient_service_evidence,0,https://www.openstreetmap.org/way/1504807179,v2-c829c8f3e2414108
osm:way:1506412528,Chùa Phả Quang,Hà Nội,temple,insufficient_service_evidence,0,https://www.openstreetmap.org/way/1506412528,v2-c829c8f3e2414108
osm:way:1507387390,Đình làng Hậu,Hà Nội,temple,insufficient_service_evidence,0,https://www.openstreetmap.org/way/1507387390,v2-c829c8f3e2414108
osm:way:1507639919,Đình Tân Khai,Hà Nội,temple,insufficient_service_evidence,0,https://www.openstreetmap.org/way/1507639919,v2-c829c8f3e2414108
osm:way:1507896803,Chùa Vĩnh Trù,Hà Nội,temple,insufficient_service_evidence,0,https://www.openstreetmap.org/way/1507896803,v2-c829c8f3e2414108
osm:way:1507906001,Đền Thọ Nam,Hà Nội,temple,insufficient_service_evidence,0,https://www.openstreetmap.org/way/1507906001,v2-c829c8f3e2414108
osm:way:1507957173,Đền Nhân Nội,Hà Nội,temple,insufficient_service_evidence,1,https://www.openstreetmap.org/way/1507957173,v2-c829c8f3e2414108
osm:way:1508726333,Chợ đầu mối Minh Khai,Hà Nội,market,insufficient_service_evidence,0,https://www.openstreetmap.org/way/1508726333,v2-c829c8f3e2414108
osm:way:1509740862,Miếu thờ Kim Giang,Hà Nội,temple,insufficient_service_evidence,0,https://www.openstreetmap.org/way/1509740862,v2-c829c8f3e2414108
osm:way:1510322144,Công viên The Manor,Hà Nội,park,insufficient_service_evidence,0,https://www.openstreetmap.org/way/1510322144,v2-c829c8f3e2414108
osm:way:1510322146,Công viên The Manor,Hà Nội,park,insufficient_service_evidence,0,https://www.openstreetmap.org/way/1510322146,v2-c829c8f3e2414108
osm:way:1510706883,Đình Đồng Lạc,Hà Nội,temple,insufficient_service_evidence,0,https://www.openstreetmap.org/way/1510706883,v2-c829c8f3e2414108
osm:way:1510723411,Đền Cổ Lương,Hà Nội,temple,insufficient_service_evidence,0,https://www.openstreetmap.org/way/1510723411,v2-c829c8f3e2414108
osm:way:1510732443,Đền Quan Đế,Hà Nội,temple,insufficient_service_evidence,0,https://www.openstreetmap.org/way/1510732443,v2-c829c8f3e2414108
osm:way:1511011826,Louvre,Đà Nẵng,attraction,insufficient_service_evidence,0,https://www.openstreetmap.org/way/1511011826,v2-c829c8f3e2414108
osm:way:1511124667,Đình Đông Thành,Hà Nội,temple,insufficient_service_evidence,0,https://www.openstreetmap.org/way/1511124667,v2-c829c8f3e2414108
osm:way:1511193587,Đền Bích Tiêu,Hà Nội,temple,insufficient_service_evidence,0,https://www.openstreetmap.org/way/1511193587,v2-c829c8f3e2414108
osm:way:1511491224,Khu công viên sinh thái Vĩnh Hưng,Hà Nội,park,insufficient_service_evidence,0,https://www.openstreetmap.org/way/1511491224,v2-c829c8f3e2414108
osm:way:1511502932,Nhà thờ Pháp Vân,Hà Nội,temple,insufficient_service_evidence,0,https://www.openstreetmap.org/way/1511502932,v2-c829c8f3e2414108
osm:way:1512814817,Đình làng Giáp Thất,Hà Nội,temple,insufficient_service_evidence,0,https://www.openstreetmap.org/way/1512814817,v2-c829c8f3e2414108
osm:way:1512814818,Chùa Giáp Bát,Hà Nội,temple,insufficient_service_evidence,0,https://www.openstreetmap.org/way/1512814818,v2-c829c8f3e2414108
osm:way:1513549273,Chùa Giấy,Hà Nội,temple,insufficient_service_evidence,0,https://www.openstreetmap.org/way/1513549273,v2-c829c8f3e2414108
osm:way:1513549276,Đình Thuận Tốn,Hà Nội,temple,insufficient_service_evidence,0,https://www.openstreetmap.org/way/1513549276,v2-c829c8f3e2414108
osm:way:1513549277,Miếu Thuận Tốn,Hà Nội,temple,insufficient_service_evidence,0,https://www.openstreetmap.org/way/1513549277,v2-c829c8f3e2414108
osm:way:1513549278,Chùa Thuận Tốn,Hà Nội,temple,insufficient_service_evidence,0,https://www.openstreetmap.org/way/1513549278,v2-c829c8f3e2414108
osm:way:1514726261,Sakura Park,Hà Nội,park,insufficient_service_evidence,0,https://www.openstreetmap.org/way/1514726261,v2-c829c8f3e2414108
osm:way:1516389781,Chợ dân sinh Phú Đô,Hà Nội,market,insufficient_service_evidence,0,https://www.openstreetmap.org/way/1516389781,v2-c829c8f3e2414108
osm:way:1519545462,Di tích ngôi nhà số 5D phố Hàm Long,Hà Nội,museum,insufficient_service_evidence,0,https://www.openstreetmap.org/way/1519545462,v2-c829c8f3e2414108
osm:way:1519545465,Nhà lưu niệm Chủ tịch Hồ Chí Minh,Hà Nội,museum,insufficient_service_evidence,0,https://www.openstreetmap.org/way/1519545465,v2-c829c8f3e2414108
osm:way:1519567585,Đình Thanh Điềm,Hà Nội,temple,insufficient_service_evidence,0,https://www.openstreetmap.org/way/1519567585,v2-c829c8f3e2414108
osm:way:1520930701,Đền Cuông Vọng Tử,Hà Nội,temple,insufficient_service_evidence,0,https://www.openstreetmap.org/way/1520930701,v2-c829c8f3e2414108
osm:way:1521190136,Bia Đây 218 Đội Cấn,Hà Nội,restaurant,insufficient_service_evidence,0,https://www.openstreetmap.org/way/1521190136,v2-c829c8f3e2414108
osm:way:1524880478,Đình Nam Dư Hạ,Hà Nội,temple,insufficient_service_evidence,0,https://www.openstreetmap.org/way/1524880478,v2-c829c8f3e2414108
osm:way:1524880482,Chùa Nam Dư Hạ,Hà Nội,temple,insufficient_service_evidence,0,https://www.openstreetmap.org/way/1524880482,v2-c829c8f3e2414108
osm:way:1524880483,Vườn hoa Tây Trà,Hà Nội,park,insufficient_service_evidence,0,https://www.openstreetmap.org/way/1524880483,v2-c829c8f3e2414108
osm:way:1524880491,Chùa Trung Lập,Hà Nội,temple,insufficient_service_evidence,0,https://www.openstreetmap.org/way/1524880491,v2-c829c8f3e2414108
osm:way:1524880492,Đình Trung Lâp,Hà Nội,temple,insufficient_service_evidence,0,https://www.openstreetmap.org/way/1524880492,v2-c829c8f3e2414108
osm:way:1524880571,Chùa Nam Dư Thượng,Hà Nội,temple,insufficient_service_evidence,0,https://www.openstreetmap.org/way/1524880571,v2-c829c8f3e2414108
osm:way:1524880599,Đình Nam Dư Thượng,Hà Nội,temple,insufficient_service_evidence,0,https://www.openstreetmap.org/way/1524880599,v2-c829c8f3e2414108
osm:way:1524902076,Chợ Cầu Nghè,Hà Nội,market,insufficient_service_evidence,0,https://www.openstreetmap.org/way/1524902076,v2-c829c8f3e2414108
osm:way:1527119265,Chùa Phúc Khánh,Hà Nội,temple,insufficient_service_evidence,0,https://www.openstreetmap.org/way/1527119265,v2-c829c8f3e2414108
osm:way:1527119269,Đài tưởng niệm liệt sĩ Vĩnh Hưng,Hà Nội,historic,insufficient_service_evidence,0,https://www.openstreetmap.org/way/1527119269,v2-c829c8f3e2414108
osm:way:1527121724,Chợ Vĩnh Tuy,Hà Nội,market,insufficient_service_evidence,0,https://www.openstreetmap.org/way/1527121724,v2-c829c8f3e2414108
osm:way:1527583716,Chùa Sen Hồ,Hà Nội,temple,insufficient_service_evidence,0,https://www.openstreetmap.org/way/1527583716,v2-c829c8f3e2414108
osm:way:1527831362,Đình Thịnh Quang,Hà Nội,temple,insufficient_service_evidence,0,https://www.openstreetmap.org/way/1527831362,v2-c829c8f3e2414108
osm:way:1529746177,Chợ Hoàng Mai,Hà Nội,market,insufficient_service_evidence,0,https://www.openstreetmap.org/way/1529746177,v2-c829c8f3e2414108
osm:way:1530151890,Vườn nhiệt đới Feliz Homes,Hà Nội,park,insufficient_service_evidence,0,https://www.openstreetmap.org/way/1530151890,v2-c829c8f3e2414108
osm:way:1533203862,Nhà thờ giáo họ Yên Lương,Hà Nội,temple,insufficient_service_evidence,0,https://www.openstreetmap.org/way/1533203862,v2-c829c8f3e2414108
osm:way:1533203887,Đài tưởng niệm Liệt sĩ phường Lĩnh Nam,Hà Nội,park,insufficient_service_evidence,0,https://www.openstreetmap.org/way/1533203887,v2-c829c8f3e2414108
osm:way:1533203890,Công viên Cây xanh Ao Bồ Kết,Hà Nội,park,insufficient_service_evidence,0,https://www.openstreetmap.org/way/1533203890,v2-c829c8f3e2414108
osm:way:1533257370,Nhà thờ giáo xứ Nam Dư,Hà Nội,temple,insufficient_service_evidence,0,https://www.openstreetmap.org/way/1533257370,v2-c829c8f3e2414108
osm:way:1535565791,Hà Nội Xưa,Đà Nẵng,restaurant,insufficient_service_evidence,0,https://www.openstreetmap.org/way/1535565791,v2-c829c8f3e2414108
osm:way:1535786880,Chùa Yên Kiện,Hà Nội,temple,insufficient_service_evidence,0,https://www.openstreetmap.org/way/1535786880,v2-c829c8f3e2414108
osm:way:1535786901,Đình Yên Kiện,Hà Nội,temple,insufficient_service_evidence,0,https://www.openstreetmap.org/way/1535786901,v2-c829c8f3e2414108
osm:way:1537470845,Chợ Cầu Bươu,Hà Nội,market,insufficient_service_evidence,0,https://www.openstreetmap.org/way/1537470845,v2-c829c8f3e2414108
osm:way:1537614274,Đình Sở Thượng,Hà Nội,temple,insufficient_service_evidence,0,https://www.openstreetmap.org/way/1537614274,v2-c829c8f3e2414108
osm:way:1537614282,Chùa Hưng Phúc,Hà Nội,temple,insufficient_service_evidence,0,https://www.openstreetmap.org/way/1537614282,v2-c829c8f3e2414108
osm:way:1537614323,Đền Kim Quyết,Hà Nội,temple,insufficient_service_evidence,0,https://www.openstreetmap.org/way/1537614323,v2-c829c8f3e2414108
osm:way:1538978464,Đền Thọ Chi,Hà Nội,temple,insufficient_service_evidence,0,https://www.openstreetmap.org/way/1538978464,v2-c829c8f3e2414108
osm:way:1540178622,Chùa Hưng Phúc,Hà Nội,temple,insufficient_service_evidence,0,https://www.openstreetmap.org/way/1540178622,v2-c829c8f3e2414108
osm:way:1540217672,Đình/Đền Ba Cây (Mơ Táo),Hà Nội,temple,insufficient_service_evidence,0,https://www.openstreetmap.org/way/1540217672,v2-c829c8f3e2414108
osm:way:1540217673,Chùa Phúc Khánh (Mơ Táo),Hà Nội,temple,insufficient_service_evidence,0,https://www.openstreetmap.org/way/1540217673,v2-c829c8f3e2414108
osm:way:1540391256,Phế tích Pháp,Hà Nội,historic,insufficient_service_evidence,0,https://www.openstreetmap.org/way/1540391256,v2-c829c8f3e2414108
osm:way:1541277103,COM NHA CO NGA,Đà Nẵng,restaurant,insufficient_service_evidence,0,https://www.openstreetmap.org/way/1541277103,v2-c829c8f3e2414108
osm:way:1541314407,Chợ Thành Công B,Hà Nội,market,insufficient_service_evidence,0,https://www.openstreetmap.org/way/1541314407,v2-c829c8f3e2414108
osm:way:1546761141,Chợ Lưu Phái,Hà Nội,market,insufficient_service_evidence,0,https://www.openstreetmap.org/way/1546761141,v2-c829c8f3e2414108
osm:way:1547483080,Đình làng Phước Ninh,Đà Nẵng,temple,insufficient_service_evidence,0,https://www.openstreetmap.org/way/1547483080,v2-c829c8f3e2414108
osm:way:1547483081,Đình Túy Loan,Đà Nẵng,temple,insufficient_service_evidence,0,https://www.openstreetmap.org/way/1547483081,v2-c829c8f3e2414108
osm:way:1547645326,Miếu Nam Dư,Hà Nội,temple,insufficient_service_evidence,0,https://www.openstreetmap.org/way/1547645326,v2-c829c8f3e2414108
osm:way:1547651214,Công viên Đầm Sòi,Hà Nội,park,insufficient_service_evidence,0,https://www.openstreetmap.org/way/1547651214,v2-c829c8f3e2414108
osm:way:1549322185,Chùa Chung Linh,Hà Nội,temple,insufficient_service_evidence,0,https://www.openstreetmap.org/way/1549322185,v2-c829c8f3e2414108
osm:way:1549322191,Đình Hiếu Hiệp,Hà Nội,temple,insufficient_service_evidence,0,https://www.openstreetmap.org/way/1549322191,v2-c829c8f3e2414108
osm:way:1549322196,Nhà thờ Giáo họ Hiếu Hiệp,Hà Nội,temple,insufficient_service_evidence,0,https://www.openstreetmap.org/way/1549322196,v2-c829c8f3e2414108
osm:way:1549322198,Đình Hạ Hiệp,Hà Nội,temple,insufficient_service_evidence,0,https://www.openstreetmap.org/way/1549322198,v2-c829c8f3e2414108
osm:way:1549322209,Nhà thờ Giáo xứ Hạ Hiệp,Hà Nội,temple,insufficient_service_evidence,0,https://www.openstreetmap.org/way/1549322209,v2-c829c8f3e2414108
osm:way:1549322215,Chùa Diên Phúc,Hà Nội,temple,insufficient_service_evidence,0,https://www.openstreetmap.org/way/1549322215,v2-c829c8f3e2414108
osm:way:1551512248,Chợ Điện Dương,Đà Nẵng,market,insufficient_service_evidence,0,https://www.openstreetmap.org/way/1551512248,v2-c829c8f3e2414108
osm:way:1551512249,Chợ An Hải Bắc,Đà Nẵng,market,insufficient_service_evidence,0,https://www.openstreetmap.org/way/1551512249,v2-c829c8f3e2414108
osm:way:1551512250,Chợ Hòa An,Đà Nẵng,market,insufficient_service_evidence,0,https://www.openstreetmap.org/way/1551512250,v2-c829c8f3e2414108
osm:way:1551512251,Chợ Điện Ngọc,Đà Nẵng,market,insufficient_service_evidence,0,https://www.openstreetmap.org/way/1551512251,v2-c829c8f3e2414108
osm:way:1551512253,Chợ Hòa Phát,Đà Nẵng,market,insufficient_service_evidence,0,https://www.openstreetmap.org/way/1551512253,v2-c829c8f3e2414108
osm:way:1551512255,Chợ Hòa Thọ Tây,Đà Nẵng,market,insufficient_service_evidence,0,https://www.openstreetmap.org/way/1551512255,v2-c829c8f3e2414108
osm:way:1551512256,Chợ Hòa Cầm,Đà Nẵng,market,insufficient_service_evidence,0,https://www.openstreetmap.org/way/1551512256,v2-c829c8f3e2414108
osm:way:1551512257,Chợ Trung tâm Khu đô thị mới Điện Nam - Điện Ngọc,Đà Nẵng,market,insufficient_service_evidence,0,https://www.openstreetmap.org/way/1551512257,v2-c829c8f3e2414108
osm:way:1551522686,Chợ Mai,Đà Nẵng,market,insufficient_service_evidence,0,https://www.openstreetmap.org/way/1551522686,v2-c829c8f3e2414108
osm:way:1551522687,Chợ Nam Ô,Đà Nẵng,market,insufficient_service_evidence,0,https://www.openstreetmap.org/way/1551522687,v2-c829c8f3e2414108
osm:way:1551522688,Chợ Chiều,Đà Nẵng,market,insufficient_service_evidence,0,https://www.openstreetmap.org/way/1551522688,v2-c829c8f3e2414108
osm:way:1551522691,Chợ Hòa Mỹ,Đà Nẵng,market,insufficient_service_evidence,0,https://www.openstreetmap.org/way/1551522691,v2-c829c8f3e2414108
osm:way:1551522692,Chợ Hòa Khánh Nam,Đà Nẵng,market,insufficient_service_evidence,0,https://www.openstreetmap.org/way/1551522692,v2-c829c8f3e2414108
osm:way:1552224970,Đình làng Tiên Tảo,Hà Nội,temple,insufficient_service_evidence,0,https://www.openstreetmap.org/way/1552224970,v2-c829c8f3e2414108
osm:way:1552224971,Đình làng Tiên Tảo,Hà Nội,temple,insufficient_service_evidence,0,https://www.openstreetmap.org/way/1552224971,v2-c829c8f3e2414108
osm:way:1552224972,Đình làng Tiên Tảo,Hà Nội,temple,insufficient_service_evidence,0,https://www.openstreetmap.org/way/1552224972,v2-c829c8f3e2414108
osm:way:1553343147,Bò Tơ Quán Mộc,Hà Nội,restaurant,insufficient_service_evidence,0,https://www.openstreetmap.org/way/1553343147,v2-c829c8f3e2414108
osm:way:1554222171,Đền Đông Lô,Hà Nội,temple,insufficient_service_evidence,0,https://www.openstreetmap.org/way/1554222171,v2-c829c8f3e2414108
osm:way:1554222174,Chùa Diên Khánh Thúy Lĩnh,Hà Nội,temple,insufficient_service_evidence,0,https://www.openstreetmap.org/way/1554222174,v2-c829c8f3e2414108
osm:way:1554222175,Đình Thúy Lĩnh,Hà Nội,temple,insufficient_service_evidence,0,https://www.openstreetmap.org/way/1554222175,v2-c829c8f3e2414108
osm:way:1554222193,Chùa Đông Phương,Hà Nội,temple,insufficient_service_evidence,0,https://www.openstreetmap.org/way/1554222193,v2-c829c8f3e2414108
osm:way:1554222198,Đền Bà Chúa,Hà Nội,temple,insufficient_service_evidence,0,https://www.openstreetmap.org/way/1554222198,v2-c829c8f3e2414108
osm:way:1556452986,Khu Sinh Thái Anh An,Hà Nội,park,insufficient_service_evidence,0,https://www.openstreetmap.org/way/1556452986,v2-c829c8f3e2414108
osm:way:1556531178,Chùa Mạch Tràng,Hà Nội,temple,insufficient_service_evidence,0,https://www.openstreetmap.org/way/1556531178,v2-c829c8f3e2414108
osm:way:1556531179,Đình Mạch Tràng,Hà Nội,temple,insufficient_service_evidence,0,https://www.openstreetmap.org/way/1556531179,v2-c829c8f3e2414108
osm:way:1556531197,Chùa Cầu Cả,Hà Nội,temple,insufficient_service_evidence,0,https://www.openstreetmap.org/way/1556531197,v2-c829c8f3e2414108
osm:way:1556531202,Đình Cầu Cả,Hà Nội,temple,insufficient_service_evidence,0,https://www.openstreetmap.org/way/1556531202,v2-c829c8f3e2414108
osm:way:1556531206,Điếm xóm Chợ,Hà Nội,temple,insufficient_service_evidence,0,https://www.openstreetmap.org/way/1556531206,v2-c829c8f3e2414108
osm:way:1556531208,Đình Thư Cưu,Hà Nội,temple,insufficient_service_evidence,0,https://www.openstreetmap.org/way/1556531208,v2-c829c8f3e2414108
osm:way:1556531214,Chùa Thư Cưu,Hà Nội,temple,insufficient_service_evidence,0,https://www.openstreetmap.org/way/1556531214,v2-c829c8f3e2414108
osm:way:1556531222,Điếm xóm Thượng,Hà Nội,temple,insufficient_service_evidence,0,https://www.openstreetmap.org/way/1556531222,v2-c829c8f3e2414108
osm:way:1556531233,Am Mỵ Châu,Hà Nội,temple,insufficient_service_evidence,0,https://www.openstreetmap.org/way/1556531233,v2-c829c8f3e2414108
osm:way:1556531239,Điếm xóm Chùa,Hà Nội,temple,insufficient_service_evidence,0,https://www.openstreetmap.org/way/1556531239,v2-c829c8f3e2414108
osm:way:1556744119,Miếu Đồng Cổ,Hà Nội,temple,insufficient_service_evidence,0,https://www.openstreetmap.org/way/1556744119,v2-c829c8f3e2414108
osm:way:1556744125,Đình Hoàng Xá,Hà Nội,temple,insufficient_service_evidence,0,https://www.openstreetmap.org/way/1556744125,v2-c829c8f3e2414108
osm:way:1556744128,Đình Hoàng Liên,Hà Nội,temple,insufficient_service_evidence,0,https://www.openstreetmap.org/way/1556744128,v2-c829c8f3e2414108
osm:way:1556744133,Đình Yên Nội,Hà Nội,temple,insufficient_service_evidence,0,https://www.openstreetmap.org/way/1556744133,v2-c829c8f3e2414108
osm:way:1556744137,Chùa Yên Nội,Hà Nội,temple,insufficient_service_evidence,0,https://www.openstreetmap.org/way/1556744137,v2-c829c8f3e2414108
osm:way:1556744146,Đền Yên Nội,Hà Nội,temple,insufficient_service_evidence,0,https://www.openstreetmap.org/way/1556744146,v2-c829c8f3e2414108
osm:way:1556744150,Chùa Đại Cát,Hà Nội,temple,insufficient_service_evidence,0,https://www.openstreetmap.org/way/1556744150,v2-c829c8f3e2414108
osm:way:1556744151,Đình Đại Cát,Hà Nội,temple,insufficient_service_evidence,0,https://www.openstreetmap.org/way/1556744151,v2-c829c8f3e2414108
osm:way:1556744163,Đình Đông Ngạc,Hà Nội,temple,insufficient_service_evidence,0,https://www.openstreetmap.org/way/1556744163,v2-c829c8f3e2414108
osm:way:1556744167,Chùa Phúc Khánh,Hà Nội,temple,insufficient_service_evidence,0,https://www.openstreetmap.org/way/1556744167,v2-c829c8f3e2414108
osm:way:1556744174,Chùa Tự Khánh,Hà Nội,temple,insufficient_service_evidence,0,https://www.openstreetmap.org/way/1556744174,v2-c829c8f3e2414108
osm:way:1556744186,Đình Đông Ngạc,Hà Nội,temple,insufficient_service_evidence,0,https://www.openstreetmap.org/way/1556744186,v2-c829c8f3e2414108
osm:way:1556744203,Nhà thờ Danh y Nguyễn Đạo An,Hà Nội,temple,insufficient_service_evidence,0,https://www.openstreetmap.org/way/1556744203,v2-c829c8f3e2414108
osm:way:1557512897,Chùa Quang Minh,Hà Nội,temple,insufficient_service_evidence,0,https://www.openstreetmap.org/way/1557512897,v2-c829c8f3e2414108
osm:way:1557512900,Đình Trung Kính,Hà Nội,temple,insufficient_service_evidence,0,https://www.openstreetmap.org/way/1557512900,v2-c829c8f3e2414108
osm:way:1557512901,Chùa Mỹ Quang,Hà Nội,temple,insufficient_service_evidence,0,https://www.openstreetmap.org/way/1557512901,v2-c829c8f3e2414108
osm:way:1557512912,Chùa Cổ Miễu,Hà Nội,temple,insufficient_service_evidence,0,https://www.openstreetmap.org/way/1557512912,v2-c829c8f3e2414108
osm:way:1557512914,Chùa Cảm Ứng,Hà Nội,temple,insufficient_service_evidence,0,https://www.openstreetmap.org/way/1557512914,v2-c829c8f3e2414108
osm:way:1557512919,Đền Sòng Sơn,Hà Nội,temple,insufficient_service_evidence,0,https://www.openstreetmap.org/way/1557512919,v2-c829c8f3e2414108
osm:way:1557512929,Đền Nhà Bà,Hà Nội,temple,insufficient_service_evidence,0,https://www.openstreetmap.org/way/1557512929,v2-c829c8f3e2414108
osm:way:1557512956,Đền Tương Thuận,Hà Nội,temple,insufficient_service_evidence,0,https://www.openstreetmap.org/way/1557512956,v2-c829c8f3e2414108
osm:way:1557584568,Miếu,Hà Nội,temple,insufficient_service_evidence,0,https://www.openstreetmap.org/way/1557584568,v2-c829c8f3e2414108
osm:way:1557804638,Đình Tú Thị,Hà Nội,temple,insufficient_service_evidence,0,https://www.openstreetmap.org/way/1557804638,v2-c829c8f3e2414108
osm:way:1557804643,Đình Đức Môn,Hà Nội,temple,insufficient_service_evidence,0,https://www.openstreetmap.org/way/1557804643,v2-c829c8f3e2414108
osm:way:1557804650,Chùa Thái Cam,Hà Nội,temple,insufficient_service_evidence,0,https://www.openstreetmap.org/way/1557804650,v2-c829c8f3e2414108
osm:way:1557804651,Đền Vũ Thạch,Hà Nội,temple,insufficient_service_evidence,0,https://www.openstreetmap.org/way/1557804651,v2-c829c8f3e2414108
osm:way:1557804659,Đền Hỏa Thần,Hà Nội,temple,insufficient_service_evidence,0,https://www.openstreetmap.org/way/1557804659,v2-c829c8f3e2414108
osm:way:1557811356,Miếu Hai Bà Trưng,Hà Nội,temple,insufficient_service_evidence,0,https://www.openstreetmap.org/way/1557811356,v2-c829c8f3e2414108
osm:way:1557811367,Chùa Hương Tuyết,Hà Nội,temple,insufficient_service_evidence,0,https://www.openstreetmap.org/way/1557811367,v2-c829c8f3e2414108
osm:way:1557811373,Đình Đại,Hà Nội,temple,insufficient_service_evidence,0,https://www.openstreetmap.org/way/1557811373,v2-c829c8f3e2414108
osm:way:1558489101,Công Viên Hoa Hồng,Hà Nội,park,insufficient_service_evidence,0,https://www.openstreetmap.org/way/1558489101,v2-c829c8f3e2414108
osm:way:175975025,Chùa Láng,Hà Nội,temple,insufficient_service_evidence,0,https://www.openstreetmap.org/way/175975025,v2-c829c8f3e2414108
osm:way:178995269,Tháp Rùa,Hà Nội,historic,insufficient_service_evidence,0,https://www.openstreetmap.org/way/178995269,v2-c829c8f3e2414108
osm:way:178995271,Đình Trấn Ba,Hà Nội,temple,insufficient_service_evidence,0,https://www.openstreetmap.org/way/178995271,v2-c829c8f3e2414108
osm:way:178995315,Hồ Văn,Hà Nội,park,insufficient_service_evidence,0,https://www.openstreetmap.org/way/178995315,v2-c829c8f3e2414108
osm:way:181575389,Công viên Cầu Giấy,Hà Nội,park,insufficient_service_evidence,0,https://www.openstreetmap.org/way/181575389,v2-c829c8f3e2414108
osm:way:185531692,Hậu Lâu,Hà Nội,historic,insufficient_service_evidence,0,https://www.openstreetmap.org/way/185531692,v2-c829c8f3e2414108
osm:way:185535416,Nhà D67,Hà Nội,attraction,insufficient_service_evidence,0,https://www.openstreetmap.org/way/185535416,v2-c829c8f3e2414108
osm:way:185536369,Triển lãm Tranh dân gian Việt Nam,Hà Nội,gallery,insufficient_service_evidence,0,https://www.openstreetmap.org/way/185536369,v2-c829c8f3e2414108
osm:way:185540946,Công viên Lê-nin,Hà Nội,park,insufficient_service_evidence,0,https://www.openstreetmap.org/way/185540946,v2-c829c8f3e2414108
osm:way:185542284,Công trình Vaxuco,Hà Nội,historic,insufficient_service_evidence,0,https://www.openstreetmap.org/way/185542284,v2-c829c8f3e2414108
osm:way:194445558,Thung lũng hoa Hồ Tây,Hà Nội,park,insufficient_service_evidence,0,https://www.openstreetmap.org/way/194445558,v2-c829c8f3e2414108
osm:way:194852648,Đình Hoàng Cầu,Hà Nội,temple,insufficient_service_evidence,0,https://www.openstreetmap.org/way/194852648,v2-c829c8f3e2414108
osm:way:198804448,A1,Đà Nẵng,historic,weak_or_generic_name|insufficient_service_evidence,0,https://www.openstreetmap.org/way/198804448,v2-c829c8f3e2414108
osm:way:198804451,A10,Đà Nẵng,historic,weak_or_generic_name|insufficient_service_evidence,0,https://www.openstreetmap.org/way/198804451,v2-c829c8f3e2414108
osm:way:198804453,D1,Đà Nẵng,historic,weak_or_generic_name|insufficient_service_evidence,0,https://www.openstreetmap.org/way/198804453,v2-c829c8f3e2414108
osm:way:198804455,D2,Đà Nẵng,historic,weak_or_generic_name|insufficient_service_evidence,0,https://www.openstreetmap.org/way/198804455,v2-c829c8f3e2414108
osm:way:198804459,G1,Đà Nẵng,historic,weak_or_generic_name|insufficient_service_evidence,0,https://www.openstreetmap.org/way/198804459,v2-c829c8f3e2414108
osm:way:198804461,G3,Đà Nẵng,historic,weak_or_generic_name|insufficient_service_evidence,0,https://www.openstreetmap.org/way/198804461,v2-c829c8f3e2414108
osm:way:198804463,G4,Đà Nẵng,historic,weak_or_generic_name|insufficient_service_evidence,0,https://www.openstreetmap.org/way/198804463,v2-c829c8f3e2414108
osm:way:198804465,G5,Đà Nẵng,historic,weak_or_generic_name|insufficient_service_evidence,0,https://www.openstreetmap.org/way/198804465,v2-c829c8f3e2414108
osm:way:200108825,Đình Giảng Võ,Hà Nội,temple,insufficient_service_evidence,0,https://www.openstreetmap.org/way/200108825,v2-c829c8f3e2414108
osm:way:200130250,Đình Ngọc Khánh,Hà Nội,temple,insufficient_service_evidence,0,https://www.openstreetmap.org/way/200130250,v2-c829c8f3e2414108
osm:way:207178319,Vườn bách thảo Hà Nội,Hà Nội,park,insufficient_service_evidence,0,https://www.openstreetmap.org/way/207178319,v2-c829c8f3e2414108
osm:way:207178320,Đền Quán Thánh,Hà Nội,temple,insufficient_service_evidence,0,https://www.openstreetmap.org/way/207178320,v2-c829c8f3e2414108
osm:way:207178342,Nhà sàn Bác Hồ,Hà Nội,attraction,insufficient_service_evidence,0,https://www.openstreetmap.org/way/207178342,v2-c829c8f3e2414108
osm:way:208188482,Công viên Hòa Bình,Hà Nội,park,insufficient_service_evidence,0,https://www.openstreetmap.org/way/208188482,v2-c829c8f3e2414108
osm:way:208188525,Vườn Hoa Hữu Nghị,Hà Nội,park,insufficient_service_evidence,0,https://www.openstreetmap.org/way/208188525,v2-c829c8f3e2414108
osm:way:208197731,Công viên Nghĩa Đô,Hà Nội,park,insufficient_service_evidence,0,https://www.openstreetmap.org/way/208197731,v2-c829c8f3e2414108
osm:way:208572138,Vườn hoa Ngô Huy Quỳnh,Hà Nội,park,insufficient_service_evidence,0,https://www.openstreetmap.org/way/208572138,v2-c829c8f3e2414108
osm:way:209492808,Nhà thờ Công giáo Hội An,Đà Nẵng,temple,insufficient_service_evidence,0,https://www.openstreetmap.org/way/209492808,v2-c829c8f3e2414108
osm:way:209494258,Văn Miếu Hội An,Đà Nẵng,temple,insufficient_service_evidence,0,https://www.openstreetmap.org/way/209494258,v2-c829c8f3e2414108
osm:way:209494260,Nhà thờ Tin lành Hội An,Đà Nẵng,temple,insufficient_service_evidence,0,https://www.openstreetmap.org/way/209494260,v2-c829c8f3e2414108
osm:way:210933183,Di tích Đình Thanh Tẩy,Đà Nẵng,historic,insufficient_service_evidence,0,https://www.openstreetmap.org/way/210933183,v2-c829c8f3e2414108
osm:way:210966819,Nhà thờ tộc Nguyễn Tường,Đà Nẵng,temple,insufficient_service_evidence,0,https://www.openstreetmap.org/way/210966819,v2-c829c8f3e2414108
osm:way:211077246,Bia Có,Đà Nẵng,restaurant,insufficient_service_evidence,0,https://www.openstreetmap.org/way/211077246,v2-c829c8f3e2414108
osm:way:212193605,The Vong Restaurant,Đà Nẵng,restaurant,insufficient_service_evidence,0,https://www.openstreetmap.org/way/212193605,v2-c829c8f3e2414108
osm:way:217341345,Công viên Bắc Linh Đàm,Hà Nội,park,insufficient_service_evidence,0,https://www.openstreetmap.org/way/217341345,v2-c829c8f3e2414108
osm:way:217341918,Chùa Bằng,Hà Nội,temple,insufficient_service_evidence,0,https://www.openstreetmap.org/way/217341918,v2-c829c8f3e2414108
osm:way:218414273,Vườn hoa Hàng Trống,Hà Nội,park,insufficient_service_evidence,0,https://www.openstreetmap.org/way/218414273,v2-c829c8f3e2414108
osm:way:242518340,Tháp nước Hàng Đậu,Hà Nội,attraction,insufficient_service_evidence,0,https://www.openstreetmap.org/way/242518340,v2-c829c8f3e2414108
osm:way:244377898,Chợ Bún,Hà Nội,market,insufficient_service_evidence,0,https://www.openstreetmap.org/way/244377898,v2-c829c8f3e2414108
osm:way:244378173,Đình Đào Xuyên,Hà Nội,temple,insufficient_service_evidence,0,https://www.openstreetmap.org/way/244378173,v2-c829c8f3e2414108
osm:way:244378176,Chùa Đào Xuyên,Hà Nội,temple,insufficient_service_evidence,0,https://www.openstreetmap.org/way/244378176,v2-c829c8f3e2414108
osm:way:251611780,Đình làng Bằng A,Hà Nội,temple,insufficient_service_evidence,0,https://www.openstreetmap.org/way/251611780,v2-c829c8f3e2414108
osm:way:251612236,Chợ Bằng A,Hà Nội,market,insufficient_service_evidence,0,https://www.openstreetmap.org/way/251612236,v2-c829c8f3e2414108
osm:way:257715376,Đình Liễu Giai,Hà Nội,temple,insufficient_service_evidence,0,https://www.openstreetmap.org/way/257715376,v2-c829c8f3e2414108
osm:way:258038370,Đền Liễu Giai,Hà Nội,temple,insufficient_service_evidence,0,https://www.openstreetmap.org/way/258038370,v2-c829c8f3e2414108
osm:way:267928226,Đền thờ Hai Bà Trưng,Hà Nội,temple,insufficient_service_evidence,0,https://www.openstreetmap.org/way/267928226,v2-c829c8f3e2414108
osm:way:267939019,Chùa Trung Hậu,Hà Nội,temple,insufficient_service_evidence,0,https://www.openstreetmap.org/way/267939019,v2-c829c8f3e2414108
osm:way:267939021,Chùa Thiên Long,Hà Nội,temple,insufficient_service_evidence,0,https://www.openstreetmap.org/way/267939021,v2-c829c8f3e2414108
osm:way:267939024,Chùa Khai Quang,Hà Nội,temple,insufficient_service_evidence,0,https://www.openstreetmap.org/way/267939024,v2-c829c8f3e2414108
osm:way:279353637,Bãi Bìm,Đà Nẵng,beach,insufficient_service_evidence,0,https://www.openstreetmap.org/way/279353637,v2-c829c8f3e2414108
osm:way:28847036,Chợ Hàng Da,Hà Nội,market,insufficient_service_evidence,0,https://www.openstreetmap.org/way/28847036,v2-c829c8f3e2414108
osm:way:28869502,Vườn hoa Mai Xuân Thưởng,Hà Nội,park,insufficient_service_evidence,0,https://www.openstreetmap.org/way/28869502,v2-c829c8f3e2414108
osm:way:28869503,Vườn hoa Vạn Xuân,Hà Nội,park,insufficient_service_evidence,0,https://www.openstreetmap.org/way/28869503,v2-c829c8f3e2414108
osm:way:28869505,Vườn hoa 19-8,Hà Nội,park,insufficient_service_evidence,0,https://www.openstreetmap.org/way/28869505,v2-c829c8f3e2414108
osm:way:29133247,Gò Đống Đa,Hà Nội,park,insufficient_service_evidence,1,https://www.openstreetmap.org/way/29133247,v2-c829c8f3e2414108
osm:way:291706038,Bảo tàng lực lượng Tăng Thiết Giáp,Hà Nội,museum,insufficient_service_evidence,0,https://www.openstreetmap.org/way/291706038,v2-c829c8f3e2414108
osm:way:295178277,Công viên,Đà Nẵng,park,insufficient_service_evidence,0,https://www.openstreetmap.org/way/295178277,v2-c829c8f3e2414108
osm:way:303193771,Chợ Siêu thị Đà Nẵng,Đà Nẵng,market,insufficient_service_evidence,0,https://www.openstreetmap.org/way/303193771,v2-c829c8f3e2414108
osm:way:303341669,Bảo tàng Hồ Chí Minh,Đà Nẵng,museum,insufficient_service_evidence,0,https://www.openstreetmap.org/way/303341669,v2-c829c8f3e2414108
osm:way:303341680,Eden,Đà Nẵng,restaurant,insufficient_service_evidence,0,https://www.openstreetmap.org/way/303341680,v2-c829c8f3e2414108
osm:way:303499553,Đình Nại Nam,Đà Nẵng,temple,insufficient_service_evidence,0,https://www.openstreetmap.org/way/303499553,v2-c829c8f3e2414108
osm:way:316013412,Pomelo Park,Hà Nội,park,insufficient_service_evidence,0,https://www.openstreetmap.org/way/316013412,v2-c829c8f3e2414108
osm:way:316013428,Pineapple Park,Hà Nội,park,insufficient_service_evidence,0,https://www.openstreetmap.org/way/316013428,v2-c829c8f3e2414108
osm:way:316236687,Chợ Đống Đa,Đà Nẵng,market,insufficient_service_evidence,0,https://www.openstreetmap.org/way/316236687,v2-c829c8f3e2414108
osm:way:316518839,Vườn hoa Bác Cổ,Hà Nội,park,insufficient_service_evidence,0,https://www.openstreetmap.org/way/316518839,v2-c829c8f3e2414108
osm:way:320722329,Hội quán Phúc Kiến,Đà Nẵng,temple,insufficient_service_evidence,0,https://www.openstreetmap.org/way/320722329,v2-c829c8f3e2414108
osm:way:320722815,Nhà Hàng,Đà Nẵng,restaurant,insufficient_service_evidence,0,https://www.openstreetmap.org/way/320722815,v2-c829c8f3e2414108
osm:way:324550132,Đình Khương Hạ,Hà Nội,temple,insufficient_service_evidence,0,https://www.openstreetmap.org/way/324550132,v2-c829c8f3e2414108
osm:way:337895383,Đại Chủng viện Thánh Giuse Hà Nội - cơ sở 2,Hà Nội,temple,insufficient_service_evidence,0,https://www.openstreetmap.org/way/337895383,v2-c829c8f3e2414108
osm:way:344262457,Chợ đầu mối phía Nam,Hà Nội,market,insufficient_service_evidence,0,https://www.openstreetmap.org/way/344262457,v2-c829c8f3e2414108
osm:way:351035449,Đài tưởng niệm liệt sĩ Phú Diễn,Hà Nội,historic,insufficient_service_evidence,0,https://www.openstreetmap.org/way/351035449,v2-c829c8f3e2414108
osm:way:35952504,Chợ Hội An,Đà Nẵng,market,insufficient_service_evidence,0,https://www.openstreetmap.org/way/35952504,v2-c829c8f3e2414108
osm:way:363224651,Nhà thờ Đức Mẹ Sao Biển,Đà Nẵng,temple,insufficient_service_evidence,0,https://www.openstreetmap.org/way/363224651,v2-c829c8f3e2414108
osm:way:372172906,Indoor Market,Đà Nẵng,market,insufficient_service_evidence,0,https://www.openstreetmap.org/way/372172906,v2-c829c8f3e2414108
osm:way:372172907,Tịnh xá Ngọc Giáng,Đà Nẵng,temple,insufficient_service_evidence,0,https://www.openstreetmap.org/way/372172907,v2-c829c8f3e2414108
osm:way:372196690,Nhà thờ Tin Lành,Đà Nẵng,temple,insufficient_service_evidence,0,https://www.openstreetmap.org/way/372196690,v2-c829c8f3e2414108
osm:way:372311082,Chùa Bồ Đề,Đà Nẵng,temple,insufficient_service_evidence,0,https://www.openstreetmap.org/way/372311082,v2-c829c8f3e2414108
osm:way:37629570,Phủ Chủ Tịch,Hà Nội,attraction,insufficient_service_evidence,0,https://www.openstreetmap.org/way/37629570,v2-c829c8f3e2414108
osm:way:37933258,Viện Bảo tàng Cách mạng Việt Nam,Hà Nội,museum,insufficient_service_evidence,0,https://www.openstreetmap.org/way/37933258,v2-c829c8f3e2414108
osm:way:38137267,Công viên Indira Gandhi,Hà Nội,park,insufficient_service_evidence,0,https://www.openstreetmap.org/way/38137267,v2-c829c8f3e2414108
osm:way:384671191,Vườn hoa Thạch Bàn,Hà Nội,park,insufficient_service_evidence,0,https://www.openstreetmap.org/way/384671191,v2-c829c8f3e2414108
osm:way:384671209,Vườn hoa Sài Đồng,Hà Nội,park,insufficient_service_evidence,0,https://www.openstreetmap.org/way/384671209,v2-c829c8f3e2414108
osm:way:404714309,Nhà thờ Chính tòa Đà Nẵng,Đà Nẵng,temple,insufficient_service_evidence,0,https://www.openstreetmap.org/way/404714309,v2-c829c8f3e2414108
osm:way:412757511,Vườn hoa Nguyễn Biểu,Hà Nội,park,insufficient_service_evidence,0,https://www.openstreetmap.org/way/412757511,v2-c829c8f3e2414108
osm:way:420947244,Quan Âm,Đà Nẵng,historic,insufficient_service_evidence,0,https://www.openstreetmap.org/way/420947244,v2-c829c8f3e2414108
osm:way:421716837,Bla Bla,Hà Nội,cafe,insufficient_service_evidence,0,https://www.openstreetmap.org/way/421716837,v2-c829c8f3e2414108
osm:way:428850033,Đình Triều Khúc,Hà Nội,temple,insufficient_service_evidence,0,https://www.openstreetmap.org/way/428850033,v2-c829c8f3e2414108
osm:way:429019192,Chợ Tân Lập,Đà Nẵng,market,insufficient_service_evidence,0,https://www.openstreetmap.org/way/429019192,v2-c829c8f3e2414108
osm:way:430133742,Chùa Hương Vân,Hà Nội,temple,insufficient_service_evidence,0,https://www.openstreetmap.org/way/430133742,v2-c829c8f3e2414108
osm:way:430133921,Đình Thờ Sắc,Hà Nội,temple,insufficient_service_evidence,0,https://www.openstreetmap.org/way/430133921,v2-c829c8f3e2414108
osm:way:448044645,Hội quán Triều Châu,Đà Nẵng,attraction,insufficient_service_evidence,0,https://www.openstreetmap.org/way/448044645,v2-c829c8f3e2414108
osm:way:458799283,TinhLam church,Hà Nội,temple,insufficient_service_evidence,0,https://www.openstreetmap.org/way/458799283,v2-c829c8f3e2414108
osm:way:466418347,Hải Vân Quan,Đà Nẵng,attraction,insufficient_service_evidence,0,https://www.openstreetmap.org/way/466418347,v2-c829c8f3e2414108
osm:way:468640903,Phuc Thanh Garden,Hà Nội,park,insufficient_service_evidence,0,https://www.openstreetmap.org/way/468640903,v2-c829c8f3e2414108
osm:way:474383101,Chùa Phước Lâm,Đà Nẵng,temple,insufficient_service_evidence,0,https://www.openstreetmap.org/way/474383101,v2-c829c8f3e2414108
osm:way:479832644,Công viên Trung tâm,Hà Nội,park,insufficient_service_evidence,0,https://www.openstreetmap.org/way/479832644,v2-c829c8f3e2414108
osm:way:479832688,Viglacera Community Market,Hà Nội,market,insufficient_service_evidence,1,https://www.openstreetmap.org/way/479832688,v2-c829c8f3e2414108
osm:way:483273181,Vườn Thực vật Hà Nội,Hà Nội,attraction,insufficient_service_evidence,0,https://www.openstreetmap.org/way/483273181,v2-c829c8f3e2414108
osm:way:487142233,Chợ Vẽ,Hà Nội,market,insufficient_service_evidence,0,https://www.openstreetmap.org/way/487142233,v2-c829c8f3e2414108
osm:way:497037748,Công viên Thanh Xuân,Hà Nội,park,insufficient_service_evidence,0,https://www.openstreetmap.org/way/497037748,v2-c829c8f3e2414108
osm:way:497328755,Giếng Trọng Thủy,Hà Nội,park,insufficient_service_evidence,0,https://www.openstreetmap.org/way/497328755,v2-c829c8f3e2414108
osm:way:499096665,Đình làng Lã Côi,Hà Nội,temple,insufficient_service_evidence,0,https://www.openstreetmap.org/way/499096665,v2-c829c8f3e2414108
osm:way:500576514,Chùa Quan Âm,Hà Nội,temple,insufficient_service_evidence,0,https://www.openstreetmap.org/way/500576514,v2-c829c8f3e2414108
osm:way:500861127,Kim Long,Hà Nội,restaurant,insufficient_service_evidence,0,https://www.openstreetmap.org/way/500861127,v2-c829c8f3e2414108
osm:way:501720086,Đình Điền Xá,Hà Nội,temple,insufficient_service_evidence,0,https://www.openstreetmap.org/way/501720086,v2-c829c8f3e2414108
osm:way:503604053,Chùa Phúc Long,Hà Nội,temple,insufficient_service_evidence,0,https://www.openstreetmap.org/way/503604053,v2-c829c8f3e2414108
osm:way:508244759,Bãi Xoan,Đà Nẵng,beach,insufficient_service_evidence,0,https://www.openstreetmap.org/way/508244759,v2-c829c8f3e2414108
osm:way:523643145,Công viên Ngoại giao Đoàn,Hà Nội,park,insufficient_service_evidence,0,https://www.openstreetmap.org/way/523643145,v2-c829c8f3e2414108
osm:way:527709325,Chùa Khai Nguyên,Hà Nội,temple,insufficient_service_evidence,0,https://www.openstreetmap.org/way/527709325,v2-c829c8f3e2414108
osm:way:531235869,Quảng trường 24 tháng 3,Đà Nẵng,park,insufficient_service_evidence,0,https://www.openstreetmap.org/way/531235869,v2-c829c8f3e2414108
osm:way:531448690,Thánh thất Trung Đức,Đà Nẵng,temple,insufficient_service_evidence,0,https://www.openstreetmap.org/way/531448690,v2-c829c8f3e2414108
osm:way:532520404,Chùa Kỳ Viên,Đà Nẵng,temple,insufficient_service_evidence,0,https://www.openstreetmap.org/way/532520404,v2-c829c8f3e2414108
osm:way:532520411,Chợ Tam Kỳ,Đà Nẵng,market,insufficient_service_evidence,0,https://www.openstreetmap.org/way/532520411,v2-c829c8f3e2414108
osm:way:532520453,Nhà thờ Tam Kỳ,Đà Nẵng,temple,insufficient_service_evidence,0,https://www.openstreetmap.org/way/532520453,v2-c829c8f3e2414108
osm:way:542382168,Vườn hoa Nguyễn Trãi,Hà Nội,park,insufficient_service_evidence,0,https://www.openstreetmap.org/way/542382168,v2-c829c8f3e2414108
osm:way:542382170,Vườn hoa Hà Đông,Hà Nội,park,insufficient_service_evidence,0,https://www.openstreetmap.org/way/542382170,v2-c829c8f3e2414108
osm:way:542867598,Luna Castle,Đà Nẵng,historic,insufficient_service_evidence,0,https://www.openstreetmap.org/way/542867598,v2-c829c8f3e2414108
osm:way:548066437,Công Viên A Khu Chung Cư Vân Canh,Hà Nội,park,insufficient_service_evidence,0,https://www.openstreetmap.org/way/548066437,v2-c829c8f3e2414108
osm:way:548066438,Công Viên B Khu Chung Cư Vân Canh,Hà Nội,park,insufficient_service_evidence,0,https://www.openstreetmap.org/way/548066438,v2-c829c8f3e2414108
osm:way:548070677,Đài Tưởng Niệm Liệt Sĩ Giảng Võ,Hà Nội,historic,insufficient_service_evidence,0,https://www.openstreetmap.org/way/548070677,v2-c829c8f3e2414108
osm:way:548076503,Vườn 12 Con Giáp,Hà Nội,park,insufficient_service_evidence,0,https://www.openstreetmap.org/way/548076503,v2-c829c8f3e2414108
osm:way:548076504,Làng Văn Hóa Công Viên Yên Sở,Hà Nội,park,insufficient_service_evidence,0,https://www.openstreetmap.org/way/548076504,v2-c829c8f3e2414108
osm:way:548076505,Vườn Tre,Hà Nội,park,insufficient_service_evidence,0,https://www.openstreetmap.org/way/548076505,v2-c829c8f3e2414108
osm:way:548079302,1,Hà Nội,park,weak_or_generic_name|insufficient_service_evidence,0,https://www.openstreetmap.org/way/548079302,v2-c829c8f3e2414108
osm:way:548081099,Chùa Thánh Chúa,Hà Nội,temple,insufficient_service_evidence,0,https://www.openstreetmap.org/way/548081099,v2-c829c8f3e2414108
osm:way:548084110,Công viên Mai Dịch,Hà Nội,park,insufficient_service_evidence,0,https://www.openstreetmap.org/way/548084110,v2-c829c8f3e2414108
osm:way:548086177,Đài tưởng niệm Liệt sĩ Vân Canh,Hà Nội,park,insufficient_service_evidence,0,https://www.openstreetmap.org/way/548086177,v2-c829c8f3e2414108
osm:way:548086179,Khu Mộ Đức Thánh Làng Hậu Ái,Hà Nội,temple,insufficient_service_evidence,0,https://www.openstreetmap.org/way/548086179,v2-c829c8f3e2414108
osm:way:548258526,Công Viên C Khu Chung Cư Vân Canh,Hà Nội,park,insufficient_service_evidence,0,https://www.openstreetmap.org/way/548258526,v2-c829c8f3e2414108
osm:way:548259807,Đình Thị Cấm,Hà Nội,temple,insufficient_service_evidence,0,https://www.openstreetmap.org/way/548259807,v2-c829c8f3e2414108
osm:way:548259809,Đình Thị Cấm,Hà Nội,temple,insufficient_service_evidence,0,https://www.openstreetmap.org/way/548259809,v2-c829c8f3e2414108
osm:way:548262275,Chùa Bi,Hà Nội,temple,insufficient_service_evidence,0,https://www.openstreetmap.org/way/548262275,v2-c829c8f3e2414108
osm:way:548826269,Chùa Dậu,Hà Nội,temple,insufficient_service_evidence,0,https://www.openstreetmap.org/way/548826269,v2-c829c8f3e2414108
osm:way:548826270,Chùa Đa Phúc,Hà Nội,temple,insufficient_service_evidence,0,https://www.openstreetmap.org/way/548826270,v2-c829c8f3e2414108
osm:way:548826273,Đình Di Trạch,Hà Nội,temple,insufficient_service_evidence,0,https://www.openstreetmap.org/way/548826273,v2-c829c8f3e2414108
osm:way:548826274,Chùa Dền,Hà Nội,temple,insufficient_service_evidence,0,https://www.openstreetmap.org/way/548826274,v2-c829c8f3e2414108
osm:way:548826275,Chùa Vực,Hà Nội,temple,insufficient_service_evidence,0,https://www.openstreetmap.org/way/548826275,v2-c829c8f3e2414108
osm:way:550534421,Căng tin 1,Hà Nội,restaurant,insufficient_service_evidence,0,https://www.openstreetmap.org/way/550534421,v2-c829c8f3e2414108
osm:way:550537567,Chùa Thầy,Hà Nội,temple,insufficient_service_evidence,0,https://www.openstreetmap.org/way/550537567,v2-c829c8f3e2414108
osm:way:550543433,Công viên Nam An Khánh,Hà Nội,park,insufficient_service_evidence,0,https://www.openstreetmap.org/way/550543433,v2-c829c8f3e2414108
osm:way:554812092,4U,Đà Nẵng,restaurant,weak_or_generic_name|insufficient_service_evidence,0,https://www.openstreetmap.org/way/554812092,v2-c829c8f3e2414108
osm:way:554812113,Flower Coffee,Đà Nẵng,cafe,insufficient_service_evidence,0,https://www.openstreetmap.org/way/554812113,v2-c829c8f3e2414108
osm:way:554812131,Nướng Cay,Đà Nẵng,restaurant,insufficient_service_evidence,0,https://www.openstreetmap.org/way/554812131,v2-c829c8f3e2414108
osm:way:554812139,Tượng Bồ Câu,Đà Nẵng,historic,insufficient_service_evidence,0,https://www.openstreetmap.org/way/554812139,v2-c829c8f3e2414108
osm:way:554812145,Danang Souvenirs & Cafe,Đà Nẵng,cafe,insufficient_service_evidence,0,https://www.openstreetmap.org/way/554812145,v2-c829c8f3e2414108
osm:way:556174775,Công viên Linh Đàm,Hà Nội,park,insufficient_service_evidence,0,https://www.openstreetmap.org/way/556174775,v2-c829c8f3e2414108
osm:way:559969180,Nhà tu Phước Huệ Đan,Đà Nẵng,temple,insufficient_service_evidence,0,https://www.openstreetmap.org/way/559969180,v2-c829c8f3e2414108
osm:way:560585059,Công viên Nghĩa trang Mai Dịch,Hà Nội,park,insufficient_service_evidence,0,https://www.openstreetmap.org/way/560585059,v2-c829c8f3e2414108
osm:way:561810063,Vườn hoa Đền Lừ,Hà Nội,park,insufficient_service_evidence,0,https://www.openstreetmap.org/way/561810063,v2-c829c8f3e2414108
osm:way:565189676,Hotel Hoi An,Đà Nẵng,restaurant,insufficient_service_evidence,0,https://www.openstreetmap.org/way/565189676,v2-c829c8f3e2414108
osm:way:565201327,Nhà thờ tộc,Đà Nẵng,temple,insufficient_service_evidence,0,https://www.openstreetmap.org/way/565201327,v2-c829c8f3e2414108
osm:way:565275128,Bãi Đậu xe,Đà Nẵng,park,insufficient_service_evidence,0,https://www.openstreetmap.org/way/565275128,v2-c829c8f3e2414108
osm:way:565276813,Thanh That Cao Dai,Đà Nẵng,temple,insufficient_service_evidence,0,https://www.openstreetmap.org/way/565276813,v2-c829c8f3e2414108
osm:way:565277229,nhà hàng,Đà Nẵng,restaurant,insufficient_service_evidence,0,https://www.openstreetmap.org/way/565277229,v2-c829c8f3e2414108
osm:way:565284672,vọng phế cafe,Đà Nẵng,cafe,insufficient_service_evidence,0,https://www.openstreetmap.org/way/565284672,v2-c829c8f3e2414108
osm:way:565300448,Hội Quán Quảng Triệu,Đà Nẵng,attraction,insufficient_service_evidence,0,https://www.openstreetmap.org/way/565300448,v2-c829c8f3e2414108
osm:way:565321009,Quán bánh tráng thịt heo (free ship),Đà Nẵng,restaurant,insufficient_service_evidence,0,https://www.openstreetmap.org/way/565321009,v2-c829c8f3e2414108
osm:way:565325074,Tượng Đài Nguyễn Duy Hiệu,Đà Nẵng,park,insufficient_service_evidence,0,https://www.openstreetmap.org/way/565325074,v2-c829c8f3e2414108
osm:way:565438289,smile cafe,Đà Nẵng,cafe,insufficient_service_evidence,0,https://www.openstreetmap.org/way/565438289,v2-c829c8f3e2414108
osm:way:565581385,Chợ Cẩm Phô,Đà Nẵng,market,insufficient_service_evidence,0,https://www.openstreetmap.org/way/565581385,v2-c829c8f3e2414108
osm:way:565583657,Ngoc Cam,Đà Nẵng,temple,insufficient_service_evidence,0,https://www.openstreetmap.org/way/565583657,v2-c829c8f3e2414108
osm:way:565586453,Khu văn hóa thể thao phường Tân An,Đà Nẵng,park,category_name_conflict|insufficient_service_evidence,0,https://www.openstreetmap.org/way/565586453,v2-c829c8f3e2414108
osm:way:565591544,Cẩm Thu,Đà Nẵng,restaurant,insufficient_service_evidence,0,https://www.openstreetmap.org/way/565591544,v2-c829c8f3e2414108
osm:way:565592783,Cơm gà Nga,Đà Nẵng,restaurant,insufficient_service_evidence,0,https://www.openstreetmap.org/way/565592783,v2-c829c8f3e2414108
osm:way:565593787,Ngoc Cam,Đà Nẵng,temple,insufficient_service_evidence,0,https://www.openstreetmap.org/way/565593787,v2-c829c8f3e2414108
osm:way:568314766,Chùa Quỳnh Lôi,Hà Nội,temple,insufficient_service_evidence,0,https://www.openstreetmap.org/way/568314766,v2-c829c8f3e2414108
osm:way:568394248,Chợ Gia Thụy,Hà Nội,market,insufficient_service_evidence,1,https://www.openstreetmap.org/way/568394248,v2-c829c8f3e2414108
osm:way:569804205,Sân Cây Đề,Hà Nội,park,insufficient_service_evidence,0,https://www.openstreetmap.org/way/569804205,v2-c829c8f3e2414108
osm:way:569804207,Công viên Yên Hòa,Hà Nội,park,insufficient_service_evidence,0,https://www.openstreetmap.org/way/569804207,v2-c829c8f3e2414108
osm:way:570582604,Chùa Lê Xá,Hà Nội,temple,insufficient_service_evidence,0,https://www.openstreetmap.org/way/570582604,v2-c829c8f3e2414108
osm:way:570592053,Đình Thổ Khối,Hà Nội,temple,insufficient_service_evidence,0,https://www.openstreetmap.org/way/570592053,v2-c829c8f3e2414108
osm:way:570596477,Vườn hoa hồ Giảng Võ,Hà Nội,park,insufficient_service_evidence,0,https://www.openstreetmap.org/way/570596477,v2-c829c8f3e2414108
osm:way:570998848,Chùa An Hải,Đà Nẵng,temple,insufficient_service_evidence,0,https://www.openstreetmap.org/way/570998848,v2-c829c8f3e2414108
osm:way:573038806,Chợ Phú Gia,Hà Nội,market,insufficient_service_evidence,0,https://www.openstreetmap.org/way/573038806,v2-c829c8f3e2414108
osm:way:577608624,Nhà hàng Vạn Hoa,Hà Nội,restaurant,insufficient_service_evidence,0,https://www.openstreetmap.org/way/577608624,v2-c829c8f3e2414108
osm:way:582077342,Đài tưởng niệm các nạn nhân bị bom mìn sát hại làng Gia Thụy,Hà Nội,historic,insufficient_service_evidence,0,https://www.openstreetmap.org/way/582077342,v2-c829c8f3e2414108
osm:way:584737035,Chợ Đông Phú,Đà Nẵng,market,insufficient_service_evidence,0,https://www.openstreetmap.org/way/584737035,v2-c829c8f3e2414108
osm:way:584941415,Bảo tàng Điện Bàn,Đà Nẵng,museum,insufficient_service_evidence,0,https://www.openstreetmap.org/way/584941415,v2-c829c8f3e2414108
osm:way:589969496,khu vui chơi giải trí công cộng,Hà Nội,park,insufficient_service_evidence,0,https://www.openstreetmap.org/way/589969496,v2-c829c8f3e2414108
osm:way:590074862,khu vui chơi giải trí công cộng,Hà Nội,park,insufficient_service_evidence,0,https://www.openstreetmap.org/way/590074862,v2-c829c8f3e2414108
osm:way:591023030,Vườn hoa Thanh Xuân Bắc,Hà Nội,park,insufficient_service_evidence,0,https://www.openstreetmap.org/way/591023030,v2-c829c8f3e2414108
osm:way:593636098,Local Morning Market,Đà Nẵng,market,insufficient_service_evidence,0,https://www.openstreetmap.org/way/593636098,v2-c829c8f3e2414108
osm:way:594132349,Nhà Thờ Họ Vũ ĐÌnh,Đà Nẵng,temple,insufficient_service_evidence,0,https://www.openstreetmap.org/way/594132349,v2-c829c8f3e2414108
osm:way:595185896,Chùa Bụt Mọc,Hà Nội,temple,insufficient_service_evidence,0,https://www.openstreetmap.org/way/595185896,v2-c829c8f3e2414108
osm:way:595299310,Tan Ky,Đà Nẵng,museum,insufficient_service_evidence,0,https://www.openstreetmap.org/way/595299310,v2-c829c8f3e2414108
osm:way:596222866,Canteen,Hà Nội,restaurant,insufficient_service_evidence,0,https://www.openstreetmap.org/way/596222866,v2-c829c8f3e2414108
osm:way:596624577,Khu tưởng niệm vụ thảm sát đập Vĩnh Trinh,Đà Nẵng,historic,insufficient_service_evidence,0,https://www.openstreetmap.org/way/596624577,v2-c829c8f3e2414108
osm:way:597505233,Đình Bồ Bản,Đà Nẵng,temple,insufficient_service_evidence,0,https://www.openstreetmap.org/way/597505233,v2-c829c8f3e2414108
osm:way:598875577,Silent Cafe,Đà Nẵng,cafe,insufficient_service_evidence,0,https://www.openstreetmap.org/way/598875577,v2-c829c8f3e2414108
osm:way:598908720,Chopsticks Restaurant,Đà Nẵng,restaurant,insufficient_service_evidence,0,https://www.openstreetmap.org/way/598908720,v2-c829c8f3e2414108
osm:way:622734393,Nhà hàng Tây Trường Sơn,Đà Nẵng,restaurant,insufficient_service_evidence,0,https://www.openstreetmap.org/way/622734393,v2-c829c8f3e2414108
osm:way:622734394,Đền thờ anh hùng dân tộc Tây Giang,Đà Nẵng,temple,insufficient_service_evidence,0,https://www.openstreetmap.org/way/622734394,v2-c829c8f3e2414108
osm:way:622734399,Làng truyền thống Cơ Tu,Đà Nẵng,museum,insufficient_service_evidence,0,https://www.openstreetmap.org/way/622734399,v2-c829c8f3e2414108
osm:way:622734446,Chợ Tây Giang,Đà Nẵng,market,insufficient_service_evidence,0,https://www.openstreetmap.org/way/622734446,v2-c829c8f3e2414108
osm:way:622734448,Công viên Thống Nhất,Đà Nẵng,park,insufficient_service_evidence,0,https://www.openstreetmap.org/way/622734448,v2-c829c8f3e2414108
osm:way:622734495,Quảng trường trung tâm Huyện Tây Giang,Đà Nẵng,park,insufficient_service_evidence,0,https://www.openstreetmap.org/way/622734495,v2-c829c8f3e2414108
osm:way:624211476,Công viên P'Rao,Đà Nẵng,park,insufficient_service_evidence,0,https://www.openstreetmap.org/way/624211476,v2-c829c8f3e2414108
osm:way:624211479,Chợ P'Rao,Đà Nẵng,market,insufficient_service_evidence,0,https://www.openstreetmap.org/way/624211479,v2-c829c8f3e2414108
osm:way:624217666,Hội thánh Tin lành Achôm 2,Đà Nẵng,temple,insufficient_service_evidence,0,https://www.openstreetmap.org/way/624217666,v2-c829c8f3e2414108
osm:way:624371139,Chợ Thạnh Mỹ,Đà Nẵng,market,insufficient_service_evidence,0,https://www.openstreetmap.org/way/624371139,v2-c829c8f3e2414108
osm:way:626704909,Do thị urban cofee,Đà Nẵng,cafe,insufficient_service_evidence,0,https://www.openstreetmap.org/way/626704909,v2-c829c8f3e2414108
osm:way:626704911,Secret Garden,Đà Nẵng,restaurant,insufficient_service_evidence,0,https://www.openstreetmap.org/way/626704911,v2-c829c8f3e2414108
osm:way:626704914,Hùng Đông về và bạn tránh,Đà Nẵng,gallery,insufficient_service_evidence,0,https://www.openstreetmap.org/way/626704914,v2-c829c8f3e2414108
osm:way:627379348,B5,Đà Nẵng,historic,weak_or_generic_name|insufficient_service_evidence,0,https://www.openstreetmap.org/way/627379348,v2-c829c8f3e2414108
osm:way:627379365,E7,Đà Nẵng,historic,weak_or_generic_name|insufficient_service_evidence,0,https://www.openstreetmap.org/way/627379365,v2-c829c8f3e2414108
osm:way:627383447,Chùa Tam Tôn,Đà Nẵng,temple,insufficient_service_evidence,0,https://www.openstreetmap.org/way/627383447,v2-c829c8f3e2414108
osm:way:627383449,Tháp Xá Lợi,Đà Nẵng,temple,insufficient_service_evidence,0,https://www.openstreetmap.org/way/627383449,v2-c829c8f3e2414108
osm:way:627383451,Chùa Tam Thai,Đà Nẵng,temple,insufficient_service_evidence,0,https://www.openstreetmap.org/way/627383451,v2-c829c8f3e2414108
osm:way:630377259,Bãi biển Tiên Sa,Đà Nẵng,beach,insufficient_service_evidence,0,https://www.openstreetmap.org/way/630377259,v2-c829c8f3e2414108
osm:way:630921540,Nhà thờ Thái Hà,Hà Nội,temple,insufficient_service_evidence,0,https://www.openstreetmap.org/way/630921540,v2-c829c8f3e2414108
osm:way:631064893,Quan Công Miếu,Đà Nẵng,attraction,insufficient_service_evidence,0,https://www.openstreetmap.org/way/631064893,v2-c829c8f3e2414108
osm:way:631070197,Chùa Pháp Bảo,Đà Nẵng,temple,insufficient_service_evidence,0,https://www.openstreetmap.org/way/631070197,v2-c829c8f3e2414108
osm:way:633559431,Chợi Lịm,Hà Nội,market,insufficient_service_evidence,0,https://www.openstreetmap.org/way/633559431,v2-c829c8f3e2414108
osm:way:633560232,chùa làng Mỹ Lâm,Hà Nội,temple,insufficient_service_evidence,0,https://www.openstreetmap.org/way/633560232,v2-c829c8f3e2414108
osm:way:635620774,Giáo xứ An Ngãi Đông,Đà Nẵng,temple,insufficient_service_evidence,0,https://www.openstreetmap.org/way/635620774,v2-c829c8f3e2414108
osm:way:636068988,Văn chỉ Minh Hương,Đà Nẵng,temple,insufficient_service_evidence,0,https://www.openstreetmap.org/way/636068988,v2-c829c8f3e2414108
osm:way:641796611,Chùa Bảo Phúc,Hà Nội,temple,insufficient_service_evidence,0,https://www.openstreetmap.org/way/641796611,v2-c829c8f3e2414108
osm:way:642096217,Chùa Diên Khánh,Hà Nội,temple,insufficient_service_evidence,0,https://www.openstreetmap.org/way/642096217,v2-c829c8f3e2414108
osm:way:642181145,Đền ba làng Thượng Trung Hạ,Hà Nội,temple,insufficient_service_evidence,0,https://www.openstreetmap.org/way/642181145,v2-c829c8f3e2414108
osm:way:642181154,Đền Sơn Phượng,Hà Nội,temple,insufficient_service_evidence,0,https://www.openstreetmap.org/way/642181154,v2-c829c8f3e2414108
osm:way:642181155,Giáo xứ Giang Xá,Hà Nội,temple,insufficient_service_evidence,0,https://www.openstreetmap.org/way/642181155,v2-c829c8f3e2414108
osm:way:642181158,Chùa Kỳ Viên,Hà Nội,temple,insufficient_service_evidence,0,https://www.openstreetmap.org/way/642181158,v2-c829c8f3e2414108
osm:way:642181202,Đền Giang Xá,Hà Nội,temple,insufficient_service_evidence,0,https://www.openstreetmap.org/way/642181202,v2-c829c8f3e2414108
osm:way:642231203,Vườn hoa Tây Sơn,Hà Nội,park,insufficient_service_evidence,0,https://www.openstreetmap.org/way/642231203,v2-c829c8f3e2414108
osm:way:645296158,Chợ Sơn Đồng,Hà Nội,market,insufficient_service_evidence,0,https://www.openstreetmap.org/way/645296158,v2-c829c8f3e2414108
osm:way:646377859,Nhà thờ họ Nguyễn Viết,Hà Nội,temple,insufficient_service_evidence,0,https://www.openstreetmap.org/way/646377859,v2-c829c8f3e2414108
osm:way:646377861,Chùa Kỳ Đà,Hà Nội,temple,insufficient_service_evidence,0,https://www.openstreetmap.org/way/646377861,v2-c829c8f3e2414108
osm:way:646377983,Nhà thờ Di Trạch,Hà Nội,temple,insufficient_service_evidence,0,https://www.openstreetmap.org/way/646377983,v2-c829c8f3e2414108
osm:way:650430490,Khu vui chơi trẻ em,Hà Nội,park,insufficient_service_evidence,0,https://www.openstreetmap.org/way/650430490,v2-c829c8f3e2414108
osm:way:650440567,Chợ Yên Duyên,Hà Nội,market,insufficient_service_evidence,0,https://www.openstreetmap.org/way/650440567,v2-c829c8f3e2414108
osm:way:659837204,Đình Kim Quan,Hà Nội,temple,insufficient_service_evidence,0,https://www.openstreetmap.org/way/659837204,v2-c829c8f3e2414108
osm:way:659837212,Chùa Kim Quan,Hà Nội,temple,insufficient_service_evidence,0,https://www.openstreetmap.org/way/659837212,v2-c829c8f3e2414108
osm:way:659860808,Đình Thôn Thượng,Hà Nội,temple,insufficient_service_evidence,0,https://www.openstreetmap.org/way/659860808,v2-c829c8f3e2414108
osm:way:659860813,Chùa Dương Quang,Hà Nội,temple,insufficient_service_evidence,0,https://www.openstreetmap.org/way/659860813,v2-c829c8f3e2414108
osm:way:659860818,Chùa Phúc Khánh,Hà Nội,temple,insufficient_service_evidence,0,https://www.openstreetmap.org/way/659860818,v2-c829c8f3e2414108
osm:way:659860833,Chợ Vân,Hà Nội,market,insufficient_service_evidence,0,https://www.openstreetmap.org/way/659860833,v2-c829c8f3e2414108
osm:way:659860847,Đình Cống Thôn,Hà Nội,temple,insufficient_service_evidence,0,https://www.openstreetmap.org/way/659860847,v2-c829c8f3e2414108
osm:way:659909923,Đền Trúc Lâm,Hà Nội,temple,insufficient_service_evidence,0,https://www.openstreetmap.org/way/659909923,v2-c829c8f3e2414108
osm:way:659909926,Linh Quang Tự,Hà Nội,temple,insufficient_service_evidence,0,https://www.openstreetmap.org/way/659909926,v2-c829c8f3e2414108
osm:way:659909934,Miếu làng Công Đình,Hà Nội,temple,insufficient_service_evidence,0,https://www.openstreetmap.org/way/659909934,v2-c829c8f3e2414108
osm:way:659909945,Đình làng Công Đình,Hà Nội,temple,insufficient_service_evidence,0,https://www.openstreetmap.org/way/659909945,v2-c829c8f3e2414108
osm:way:659909983,Nhà thờ Giáo họ Hạ Dương,Hà Nội,temple,insufficient_service_evidence,0,https://www.openstreetmap.org/way/659909983,v2-c829c8f3e2414108
osm:way:659909987,Chùa Hiển Quang,Hà Nội,temple,insufficient_service_evidence,0,https://www.openstreetmap.org/way/659909987,v2-c829c8f3e2414108
osm:way:659909990,Đình thôn Hạ,Hà Nội,temple,insufficient_service_evidence,0,https://www.openstreetmap.org/way/659909990,v2-c829c8f3e2414108
osm:way:659910060,Chùa Thôn Trung,Hà Nội,temple,insufficient_service_evidence,0,https://www.openstreetmap.org/way/659910060,v2-c829c8f3e2414108
osm:way:659910064,Đình thôn Trung,Hà Nội,temple,insufficient_service_evidence,0,https://www.openstreetmap.org/way/659910064,v2-c829c8f3e2414108
osm:way:659915520,Chợ Nành,Hà Nội,market,insufficient_service_evidence,0,https://www.openstreetmap.org/way/659915520,v2-c829c8f3e2414108
osm:way:659915537,Chùa Khánh Linh,Hà Nội,temple,insufficient_service_evidence,0,https://www.openstreetmap.org/way/659915537,v2-c829c8f3e2414108
osm:way:659915539,Đình Ninh Hiệp,Hà Nội,temple,insufficient_service_evidence,0,https://www.openstreetmap.org/way/659915539,v2-c829c8f3e2414108
osm:way:659915634,Đình Tế Xuyên,Hà Nội,temple,insufficient_service_evidence,0,https://www.openstreetmap.org/way/659915634,v2-c829c8f3e2414108
osm:way:660703530,Đình Làng Yên Viên,Hà Nội,temple,insufficient_service_evidence,0,https://www.openstreetmap.org/way/660703530,v2-c829c8f3e2414108
osm:way:660703540,Chùa Thôn Yên Viên,Hà Nội,temple,insufficient_service_evidence,0,https://www.openstreetmap.org/way/660703540,v2-c829c8f3e2414108
osm:way:660703542,Miếu Thành hoàng Làng Yên Viên,Hà Nội,temple,insufficient_service_evidence,0,https://www.openstreetmap.org/way/660703542,v2-c829c8f3e2414108
osm:way:660703575,Đền Du Ngoại,Hà Nội,temple,insufficient_service_evidence,0,https://www.openstreetmap.org/way/660703575,v2-c829c8f3e2414108
osm:way:660703576,Chùa Nam Bảo,Hà Nội,temple,insufficient_service_evidence,0,https://www.openstreetmap.org/way/660703576,v2-c829c8f3e2414108
osm:way:660703580,Chùa Tiêu Giao,Hà Nội,temple,insufficient_service_evidence,0,https://www.openstreetmap.org/way/660703580,v2-c829c8f3e2414108
osm:way:660703617,Chợ Lã Côi,Hà Nội,market,insufficient_service_evidence,0,https://www.openstreetmap.org/way/660703617,v2-c829c8f3e2414108
osm:way:660703666,Chùa Sùng Ân (Mới),Hà Nội,temple,insufficient_service_evidence,0,https://www.openstreetmap.org/way/660703666,v2-c829c8f3e2414108
osm:way:660703700,Chùa Trùng Quán,Hà Nội,temple,insufficient_service_evidence,0,https://www.openstreetmap.org/way/660703700,v2-c829c8f3e2414108
osm:way:660703726,Chợ Đầu Mối Quy Mông,Hà Nội,market,insufficient_service_evidence,0,https://www.openstreetmap.org/way/660703726,v2-c829c8f3e2414108
osm:way:660703729,Đình Quy Mông,Hà Nội,temple,insufficient_service_evidence,0,https://www.openstreetmap.org/way/660703729,v2-c829c8f3e2414108
osm:way:660703739,Chùa Cổ Hạc,Hà Nội,temple,insufficient_service_evidence,0,https://www.openstreetmap.org/way/660703739,v2-c829c8f3e2414108
osm:way:661138320,Chùa Sùng Ân,Hà Nội,temple,insufficient_service_evidence,0,https://www.openstreetmap.org/way/661138320,v2-c829c8f3e2414108
osm:way:661138331,Công viên Xuân Dục,Hà Nội,park,insufficient_service_evidence,0,https://www.openstreetmap.org/way/661138331,v2-c829c8f3e2414108
osm:way:661138333,Đình Thôn Xuân Dục,Hà Nội,temple,insufficient_service_evidence,0,https://www.openstreetmap.org/way/661138333,v2-c829c8f3e2414108
osm:way:661138364,Đền Yên Khê,Hà Nội,temple,insufficient_service_evidence,0,https://www.openstreetmap.org/way/661138364,v2-c829c8f3e2414108
osm:way:661138411,Đài liệt sĩ xã Yên Thường,Hà Nội,historic,insufficient_service_evidence,0,https://www.openstreetmap.org/way/661138411,v2-c829c8f3e2414108
osm:way:661138415,Chợ Yên Thường,Hà Nội,market,insufficient_service_evidence,0,https://www.openstreetmap.org/way/661138415,v2-c829c8f3e2414108
osm:way:661138416,Chùa Phúc Nương,Hà Nội,temple,insufficient_service_evidence,0,https://www.openstreetmap.org/way/661138416,v2-c829c8f3e2414108
osm:way:661138430,Chùa thôn Đỗ Xá,Hà Nội,temple,insufficient_service_evidence,0,https://www.openstreetmap.org/way/661138430,v2-c829c8f3e2414108
osm:way:661138433,Đình làng Đỗ Xá,Hà Nội,temple,insufficient_service_evidence,0,https://www.openstreetmap.org/way/661138433,v2-c829c8f3e2414108
osm:way:661138458,Chùa thôn Đình Vỹ,Hà Nội,temple,insufficient_service_evidence,0,https://www.openstreetmap.org/way/661138458,v2-c829c8f3e2414108
osm:way:661138462,Đình Làng Đình Vỹ,Hà Nội,temple,insufficient_service_evidence,0,https://www.openstreetmap.org/way/661138462,v2-c829c8f3e2414108
osm:way:661165879,Công viên Phùng Khoang,Hà Nội,park,insufficient_service_evidence,0,https://www.openstreetmap.org/way/661165879,v2-c829c8f3e2414108
osm:way:673072446,Đền Hàm Rồng,Hà Nội,temple,insufficient_service_evidence,0,https://www.openstreetmap.org/way/673072446,v2-c829c8f3e2414108
osm:way:675604354,Công Viên APEC,Đà Nẵng,park,insufficient_service_evidence,0,https://www.openstreetmap.org/way/675604354,v2-c829c8f3e2414108
osm:way:675949349,Núi chùa,Hà Nội,park,insufficient_service_evidence,0,https://www.openstreetmap.org/way/675949349,v2-c829c8f3e2414108
osm:way:675949350,Vườn Bách Thảo,Hà Nội,park,insufficient_service_evidence,0,https://www.openstreetmap.org/way/675949350,v2-c829c8f3e2414108
osm:way:679378178,Lăng Cậu,Hà Nội,temple,insufficient_service_evidence,0,https://www.openstreetmap.org/way/679378178,v2-c829c8f3e2414108
osm:way:680261892,Nhà Truyền thống,Hà Nội,historic,insufficient_service_evidence,0,https://www.openstreetmap.org/way/680261892,v2-c829c8f3e2414108
osm:way:691424466,Căng tin,Hà Nội,restaurant,insufficient_service_evidence,0,https://www.openstreetmap.org/way/691424466,v2-c829c8f3e2414108
osm:way:692331785,Palmier Café & Restaurant,Đà Nẵng,restaurant,insufficient_service_evidence,0,https://www.openstreetmap.org/way/692331785,v2-c829c8f3e2414108
osm:way:692331788,Suki Plaza,Đà Nẵng,restaurant,insufficient_service_evidence,0,https://www.openstreetmap.org/way/692331788,v2-c829c8f3e2414108
osm:way:693383334,Nhà thờ Giáo xứ An Hải,Đà Nẵng,temple,insufficient_service_evidence,0,https://www.openstreetmap.org/way/693383334,v2-c829c8f3e2414108
osm:way:694309399,T T Coffee,Đà Nẵng,cafe,insufficient_service_evidence,0,https://www.openstreetmap.org/way/694309399,v2-c829c8f3e2414108
osm:way:694479601,Nhà thờ Tin lành Tân An,Đà Nẵng,temple,insufficient_service_evidence,0,https://www.openstreetmap.org/way/694479601,v2-c829c8f3e2414108
osm:way:694479626,Quán Chay Phở 30,Đà Nẵng,restaurant,insufficient_service_evidence,0,https://www.openstreetmap.org/way/694479626,v2-c829c8f3e2414108
osm:way:694479630,Mai Linh 246,Đà Nẵng,cafe,insufficient_service_evidence,0,https://www.openstreetmap.org/way/694479630,v2-c829c8f3e2414108
osm:way:695008783,Miếu Cây Đa Đò Xu,Đà Nẵng,temple,insufficient_service_evidence,0,https://www.openstreetmap.org/way/695008783,v2-c829c8f3e2414108
osm:way:696389268,Đoan Môn,Hà Nội,attraction,insufficient_service_evidence,0,https://www.openstreetmap.org/way/696389268,v2-c829c8f3e2414108
osm:way:696389287,Di tích nhà bát giác,Hà Nội,historic,insufficient_service_evidence,0,https://www.openstreetmap.org/way/696389287,v2-c829c8f3e2414108
osm:way:696668911,Dấu vết ngự đạo,Hà Nội,historic,insufficient_service_evidence,0,https://www.openstreetmap.org/way/696668911,v2-c829c8f3e2414108
osm:way:697161740,Phủ Thủ tướng,Hà Nội,historic,insufficient_service_evidence,0,https://www.openstreetmap.org/way/697161740,v2-c829c8f3e2414108
osm:way:697326488,Gian thờ Tổ Mẫu,Hà Nội,temple,insufficient_service_evidence,0,https://www.openstreetmap.org/way/697326488,v2-c829c8f3e2414108
osm:way:697326489,Chính điện,Hà Nội,temple,insufficient_service_evidence,0,https://www.openstreetmap.org/way/697326489,v2-c829c8f3e2414108
osm:way:697572020,Phê La,Hà Nội,cafe,insufficient_service_evidence,0,https://www.openstreetmap.org/way/697572020,v2-c829c8f3e2414108
osm:way:697791079,Đền Đống Nước,Hà Nội,temple,insufficient_service_evidence,0,https://www.openstreetmap.org/way/697791079,v2-c829c8f3e2414108
osm:way:697791083,Chùa Bát Mẫu,Hà Nội,temple,insufficient_service_evidence,0,https://www.openstreetmap.org/way/697791083,v2-c829c8f3e2414108
osm:way:697791086,Đền Cát Triệu,Hà Nội,temple,insufficient_service_evidence,0,https://www.openstreetmap.org/way/697791086,v2-c829c8f3e2414108
osm:way:697791109,Đình Ngọc Hà,Hà Nội,temple,insufficient_service_evidence,0,https://www.openstreetmap.org/way/697791109,v2-c829c8f3e2414108
osm:way:698018249,Nhà thờ Cửa Bắc,Hà Nội,attraction,insufficient_service_evidence,0,https://www.openstreetmap.org/way/698018249,v2-c829c8f3e2414108
osm:way:698046892,VinMart+,Đà Nẵng,market,insufficient_service_evidence,0,https://www.openstreetmap.org/way/698046892,v2-c829c8f3e2414108
osm:way:698273197,Đền Vĩnh Phúc,Hà Nội,temple,insufficient_service_evidence,0,https://www.openstreetmap.org/way/698273197,v2-c829c8f3e2414108
osm:way:698273199,Chùa Vĩnh Khánh,Hà Nội,temple,insufficient_service_evidence,0,https://www.openstreetmap.org/way/698273199,v2-c829c8f3e2414108
osm:way:698273221,Chợ Cống Vị,Hà Nội,market,insufficient_service_evidence,0,https://www.openstreetmap.org/way/698273221,v2-c829c8f3e2414108
osm:way:698659314,Đình Vĩnh Phúc,Hà Nội,temple,insufficient_service_evidence,0,https://www.openstreetmap.org/way/698659314,v2-c829c8f3e2414108
osm:way:698659336,Đình Đại Yên,Hà Nội,temple,insufficient_service_evidence,0,https://www.openstreetmap.org/way/698659336,v2-c829c8f3e2414108
osm:way:698659339,Chùa Bát Tháp,Hà Nội,temple,insufficient_service_evidence,0,https://www.openstreetmap.org/way/698659339,v2-c829c8f3e2414108
osm:way:698676698,Đình Vạn Phúc,Hà Nội,temple,insufficient_service_evidence,0,https://www.openstreetmap.org/way/698676698,v2-c829c8f3e2414108
osm:way:698676700,Đền Miếu Trắng,Hà Nội,temple,insufficient_service_evidence,0,https://www.openstreetmap.org/way/698676700,v2-c829c8f3e2414108
osm:way:698776690,The Coffee House,Đà Nẵng,cafe,insufficient_service_evidence,0,https://www.openstreetmap.org/way/698776690,v2-c829c8f3e2414108
osm:way:699065697,Chùa Sùng Quang,Hà Nội,temple,insufficient_service_evidence,0,https://www.openstreetmap.org/way/699065697,v2-c829c8f3e2414108
osm:way:699065704,Chợ Cổ Nhuế,Hà Nội,market,insufficient_service_evidence,0,https://www.openstreetmap.org/way/699065704,v2-c829c8f3e2414108
osm:way:699218395,Chợ Thôn Trù,Hà Nội,market,insufficient_service_evidence,0,https://www.openstreetmap.org/way/699218395,v2-c829c8f3e2414108
osm:way:699218399,Đình thôn Viên,Hà Nội,temple,insufficient_service_evidence,0,https://www.openstreetmap.org/way/699218399,v2-c829c8f3e2414108
osm:way:699218413,Chùa Anh Linh,Hà Nội,temple,insufficient_service_evidence,0,https://www.openstreetmap.org/way/699218413,v2-c829c8f3e2414108
osm:way:699218417,Đền Bà Chúa,Hà Nội,temple,insufficient_service_evidence,0,https://www.openstreetmap.org/way/699218417,v2-c829c8f3e2414108
osm:way:699218421,Công viên OCT1,Hà Nội,park,insufficient_service_evidence,0,https://www.openstreetmap.org/way/699218421,v2-c829c8f3e2414108
osm:way:699218441,Nhà thờ Giáo xứ Cổ Nhuế,Hà Nội,temple,insufficient_service_evidence,0,https://www.openstreetmap.org/way/699218441,v2-c829c8f3e2414108
osm:way:699905182,Chợ Tam Đa,Hà Nội,market,insufficient_service_evidence,0,https://www.openstreetmap.org/way/699905182,v2-c829c8f3e2414108
osm:way:699905184,Chùa Châu Lâm,Hà Nội,temple,insufficient_service_evidence,0,https://www.openstreetmap.org/way/699905184,v2-c829c8f3e2414108
osm:way:699905199,Miếu Thuỵ Ưng,Hà Nội,temple,insufficient_service_evidence,0,https://www.openstreetmap.org/way/699905199,v2-c829c8f3e2414108
osm:way:699905206,Đền Voi Phục,Hà Nội,temple,insufficient_service_evidence,0,https://www.openstreetmap.org/way/699905206,v2-c829c8f3e2414108
osm:way:700620993,Trong Dong Palace,Hà Nội,restaurant,insufficient_service_evidence,0,https://www.openstreetmap.org/way/700620993,v2-c829c8f3e2414108
osm:way:700620994,Chùa Pháp Bảo Tạng,Hà Nội,temple,insufficient_service_evidence,0,https://www.openstreetmap.org/way/700620994,v2-c829c8f3e2414108
osm:way:700620997,Thánh đường Hồi giáo Al-Noor,Hà Nội,temple,insufficient_service_evidence,0,https://www.openstreetmap.org/way/700620997,v2-c829c8f3e2414108
osm:way:700627459,Chợ Cầu Đông,Hà Nội,market,insufficient_service_evidence,0,https://www.openstreetmap.org/way/700627459,v2-c829c8f3e2414108
osm:way:700627463,Chùa Quán Huyền Thiên,Hà Nội,temple,insufficient_service_evidence,0,https://www.openstreetmap.org/way/700627463,v2-c829c8f3e2414108
osm:way:700654145,Đền Tứ Vị,Hà Nội,temple,insufficient_service_evidence,0,https://www.openstreetmap.org/way/700654145,v2-c829c8f3e2414108
osm:way:700654146,Đền Yên Thuận Thượng,Hà Nội,temple,insufficient_service_evidence,0,https://www.openstreetmap.org/way/700654146,v2-c829c8f3e2414108
osm:way:700654152,Đình Tây Luông,Hà Nội,temple,insufficient_service_evidence,0,https://www.openstreetmap.org/way/700654152,v2-c829c8f3e2414108
osm:way:700671916,Đền Nghĩa Dũng,Hà Nội,temple,insufficient_service_evidence,0,https://www.openstreetmap.org/way/700671916,v2-c829c8f3e2414108
osm:way:700671918,Đình An Trí,Hà Nội,temple,insufficient_service_evidence,0,https://www.openstreetmap.org/way/700671918,v2-c829c8f3e2414108
osm:way:700671930,Chùa Thần Quang,Hà Nội,temple,insufficient_service_evidence,0,https://www.openstreetmap.org/way/700671930,v2-c829c8f3e2414108
osm:way:700671931,Đình Ngũ Xã,Hà Nội,temple,insufficient_service_evidence,0,https://www.openstreetmap.org/way/700671931,v2-c829c8f3e2414108
osm:way:700671940,Chùa Châu Long,Hà Nội,temple,insufficient_service_evidence,0,https://www.openstreetmap.org/way/700671940,v2-c829c8f3e2414108
osm:way:700671941,Chợ Châu Long,Hà Nội,market,insufficient_service_evidence,0,https://www.openstreetmap.org/way/700671941,v2-c829c8f3e2414108
osm:way:700671954,Đền Đức Vua,Hà Nội,temple,insufficient_service_evidence,0,https://www.openstreetmap.org/way/700671954,v2-c829c8f3e2414108
osm:way:700671962,Đền Yên Thành,Hà Nội,temple,insufficient_service_evidence,0,https://www.openstreetmap.org/way/700671962,v2-c829c8f3e2414108
osm:way:700671974,Chùa Hoè Nhai,Hà Nội,temple,insufficient_service_evidence,0,https://www.openstreetmap.org/way/700671974,v2-c829c8f3e2414108
osm:way:700840685,Đình Kim Ngân,Hà Nội,temple,insufficient_service_evidence,0,https://www.openstreetmap.org/way/700840685,v2-c829c8f3e2414108
osm:way:700840702,Trung tâm Giao lưu văn hóa phố cổ Hà Nội,Hà Nội,old_quarter,insufficient_service_evidence,0,https://www.openstreetmap.org/way/700840702,v2-c829c8f3e2414108
osm:way:700840708,Hội quán Việt Đông,Hà Nội,temple,insufficient_service_evidence,0,https://www.openstreetmap.org/way/700840708,v2-c829c8f3e2414108
osm:way:700840718,Đình Thanh Hà,Hà Nội,temple,insufficient_service_evidence,0,https://www.openstreetmap.org/way/700840718,v2-c829c8f3e2414108
osm:way:700840727,Chùa Cầu Đông,Hà Nội,temple,insufficient_service_evidence,0,https://www.openstreetmap.org/way/700840727,v2-c829c8f3e2414108
osm:way:700853374,Chủa Kim Cổ,Hà Nội,temple,insufficient_service_evidence,0,https://www.openstreetmap.org/way/700853374,v2-c829c8f3e2414108
osm:way:700853377,Đình Yên Thái,Hà Nội,temple,insufficient_service_evidence,0,https://www.openstreetmap.org/way/700853377,v2-c829c8f3e2414108
osm:way:700853379,Đền Nhân Nội,Hà Nội,temple,insufficient_service_evidence,0,https://www.openstreetmap.org/way/700853379,v2-c829c8f3e2414108
osm:way:700853380,Đình Tân Khai,Hà Nội,temple,insufficient_service_evidence,0,https://www.openstreetmap.org/way/700853380,v2-c829c8f3e2414108
osm:way:700853410,Cảm Tử Quân,Hà Nội,historic,insufficient_service_evidence,0,https://www.openstreetmap.org/way/700853410,v2-c829c8f3e2414108
osm:way:701605967,Chùa Bà Đá,Hà Nội,temple,insufficient_service_evidence,0,https://www.openstreetmap.org/way/701605967,v2-c829c8f3e2414108
osm:way:701882889,Chùa Vũ Thạch,Hà Nội,temple,insufficient_service_evidence,0,https://www.openstreetmap.org/way/701882889,v2-c829c8f3e2414108
osm:way:701882893,Đình Vũ Thạch,Hà Nội,temple,insufficient_service_evidence,0,https://www.openstreetmap.org/way/701882893,v2-c829c8f3e2414108
osm:way:701882971,Đình Nam Hương,Hà Nội,temple,insufficient_service_evidence,0,https://www.openstreetmap.org/way/701882971,v2-c829c8f3e2414108
osm:way:702185155,Khuê Văn Các,Hà Nội,attraction,insufficient_service_evidence,0,https://www.openstreetmap.org/way/702185155,v2-c829c8f3e2414108
osm:way:702241252,Vườn Giám,Hà Nội,park,insufficient_service_evidence,0,https://www.openstreetmap.org/way/702241252,v2-c829c8f3e2414108
osm:way:702456225,Y Miếu,Hà Nội,temple,insufficient_service_evidence,0,https://www.openstreetmap.org/way/702456225,v2-c829c8f3e2414108
osm:way:702456227,Chợ Ngô Sĩ Liên,Hà Nội,market,insufficient_service_evidence,0,https://www.openstreetmap.org/way/702456227,v2-c829c8f3e2414108
osm:way:702456248,Chùa Phổ Giác,Hà Nội,temple,insufficient_service_evidence,0,https://www.openstreetmap.org/way/702456248,v2-c829c8f3e2414108
osm:way:702456268,Chùa Bà Nành,Hà Nội,temple,insufficient_service_evidence,0,https://www.openstreetmap.org/way/702456268,v2-c829c8f3e2414108
osm:way:702456270,Chùa Ngọc Hồ,Hà Nội,temple,insufficient_service_evidence,0,https://www.openstreetmap.org/way/702456270,v2-c829c8f3e2414108
osm:way:702651470,Công viên Yên Sở,Hà Nội,park,insufficient_service_evidence,0,https://www.openstreetmap.org/way/702651470,v2-c829c8f3e2414108
osm:way:702790716,Nhà hàng 37A Hùng Vương,Hà Nội,restaurant,insufficient_service_evidence,0,https://www.openstreetmap.org/way/702790716,v2-c829c8f3e2414108
osm:way:702889626,Corner Pizza,Hà Nội,restaurant,insufficient_service_evidence,0,https://www.openstreetmap.org/way/702889626,v2-c829c8f3e2414108
osm:way:702933226,River Coffee,Hà Nội,cafe,insufficient_service_evidence,0,https://www.openstreetmap.org/way/702933226,v2-c829c8f3e2414108
osm:way:704134587,Bảo tàng Công an Hà Nội,Hà Nội,museum,insufficient_service_evidence,0,https://www.openstreetmap.org/way/704134587,v2-c829c8f3e2414108
osm:way:704134606,Vườn hoa Quán Sứ,Hà Nội,park,insufficient_service_evidence,0,https://www.openstreetmap.org/way/704134606,v2-c829c8f3e2414108
osm:way:704134611,Chùa Thiên Phúc,Hà Nội,temple,insufficient_service_evidence,0,https://www.openstreetmap.org/way/704134611,v2-c829c8f3e2414108
osm:way:704147262,Vườn hoa Cổ Tân,Hà Nội,park,insufficient_service_evidence,0,https://www.openstreetmap.org/way/704147262,v2-c829c8f3e2414108
osm:way:704147333,Bảo tàng Công an nhân dân,Hà Nội,museum,insufficient_service_evidence,0,https://www.openstreetmap.org/way/704147333,v2-c829c8f3e2414108
osm:way:704147390,Dòng Thánh Phao lô Hà Nội,Hà Nội,temple,insufficient_service_evidence,0,https://www.openstreetmap.org/way/704147390,v2-c829c8f3e2414108
osm:way:704153616,Bắc Bộ Phủ,Hà Nội,attraction,insufficient_service_evidence,0,https://www.openstreetmap.org/way/704153616,v2-c829c8f3e2414108
osm:way:704153620,Tòa nhà trung tâm Bưu điện Hà Nội,Hà Nội,attraction,insufficient_service_evidence,0,https://www.openstreetmap.org/way/704153620,v2-c829c8f3e2414108
osm:way:704159177,Vườn hoa Ngọc Lâm,Hà Nội,park,insufficient_service_evidence,0,https://www.openstreetmap.org/way/704159177,v2-c829c8f3e2414108
osm:way:704159180,Chợ Gia Lâm,Hà Nội,market,insufficient_service_evidence,0,https://www.openstreetmap.org/way/704159180,v2-c829c8f3e2414108
osm:way:704159191,Đình Ngọc Lâm,Hà Nội,temple,insufficient_service_evidence,0,https://www.openstreetmap.org/way/704159191,v2-c829c8f3e2414108
osm:way:704159193,Chợ Ngọc Lâm,Hà Nội,market,insufficient_service_evidence,0,https://www.openstreetmap.org/way/704159193,v2-c829c8f3e2414108
osm:way:704250698,Vườn hoa Bồ Đề,Hà Nội,park,insufficient_service_evidence,0,https://www.openstreetmap.org/way/704250698,v2-c829c8f3e2414108
osm:way:704250703,Đền Lâm Du,Hà Nội,temple,insufficient_service_evidence,0,https://www.openstreetmap.org/way/704250703,v2-c829c8f3e2414108
osm:way:704250708,Chợ Bồ Đề,Hà Nội,market,insufficient_service_evidence,0,https://www.openstreetmap.org/way/704250708,v2-c829c8f3e2414108
osm:way:704250709,Chùa Lâm Du,Hà Nội,temple,insufficient_service_evidence,0,https://www.openstreetmap.org/way/704250709,v2-c829c8f3e2414108
osm:way:704250714,Đình Lâm Du,Hà Nội,temple,insufficient_service_evidence,0,https://www.openstreetmap.org/way/704250714,v2-c829c8f3e2414108
osm:way:704250754,Đình làng Ái Mộ,Hà Nội,temple,insufficient_service_evidence,0,https://www.openstreetmap.org/way/704250754,v2-c829c8f3e2414108
osm:way:704252312,Công viên Gia Thuỵ,Hà Nội,park,insufficient_service_evidence,0,https://www.openstreetmap.org/way/704252312,v2-c829c8f3e2414108
osm:way:704292524,Chợ Ngọc Thuỵ,Hà Nội,market,insufficient_service_evidence,0,https://www.openstreetmap.org/way/704292524,v2-c829c8f3e2414108
osm:way:704292568,Đình Gia Quất,Hà Nội,temple,insufficient_service_evidence,0,https://www.openstreetmap.org/way/704292568,v2-c829c8f3e2414108
osm:way:704292579,Chợ Gia Quất,Hà Nội,market,insufficient_service_evidence,0,https://www.openstreetmap.org/way/704292579,v2-c829c8f3e2414108
osm:way:704292580,Vườn hoa Gia Quất,Hà Nội,park,insufficient_service_evidence,0,https://www.openstreetmap.org/way/704292580,v2-c829c8f3e2414108
osm:way:708521401,Highlands Coffee,Hà Nội,cafe,insufficient_service_evidence,0,https://www.openstreetmap.org/way/708521401,v2-c829c8f3e2414108
osm:way:708550660,Kombo,Hà Nội,restaurant,insufficient_service_evidence,0,https://www.openstreetmap.org/way/708550660,v2-c829c8f3e2414108
osm:way:708953648,Nhà thờ Ngọc Mạch,Hà Nội,temple,insufficient_service_evidence,0,https://www.openstreetmap.org/way/708953648,v2-c829c8f3e2414108
osm:way:726957582,Godiva,Đà Nẵng,cafe,insufficient_service_evidence,0,https://www.openstreetmap.org/way/726957582,v2-c829c8f3e2414108
osm:way:746227058,Vườn Địa Đàng,Đà Nẵng,park,insufficient_service_evidence,0,https://www.openstreetmap.org/way/746227058,v2-c829c8f3e2414108
osm:way:750651737,Vườn hoa Trần Quang Diệu,Hà Nội,park,insufficient_service_evidence,0,https://www.openstreetmap.org/way/750651737,v2-c829c8f3e2414108
osm:way:755359595,Vườn hoa Định Công,Hà Nội,park,insufficient_service_evidence,0,https://www.openstreetmap.org/way/755359595,v2-c829c8f3e2414108
osm:way:755377951,Chợ Kim Giang,Hà Nội,market,insufficient_service_evidence,0,https://www.openstreetmap.org/way/755377951,v2-c829c8f3e2414108
osm:way:760601272,Chùa Long Thơ,Đà Nẵng,temple,insufficient_service_evidence,0,https://www.openstreetmap.org/way/760601272,v2-c829c8f3e2414108
osm:way:762125891,Nhà thờ Thượng Lâm,Hà Nội,temple,insufficient_service_evidence,0,https://www.openstreetmap.org/way/762125891,v2-c829c8f3e2414108
osm:way:762128816,Nhà thờ Đồng Mít,Hà Nội,temple,insufficient_service_evidence,0,https://www.openstreetmap.org/way/762128816,v2-c829c8f3e2414108
osm:way:762128831,Đình Quán Thá,Hà Nội,temple,insufficient_service_evidence,0,https://www.openstreetmap.org/way/762128831,v2-c829c8f3e2414108
osm:way:762162568,Đình thôn Hoành,Hà Nội,temple,insufficient_service_evidence,0,https://www.openstreetmap.org/way/762162568,v2-c829c8f3e2414108
osm:way:762231844,Đình làng Thượng Lâm,Hà Nội,temple,insufficient_service_evidence,0,https://www.openstreetmap.org/way/762231844,v2-c829c8f3e2414108
osm:way:762231869,Chùa Thượng Lâm,Hà Nội,temple,insufficient_service_evidence,0,https://www.openstreetmap.org/way/762231869,v2-c829c8f3e2414108
osm:way:762456417,Đình thôn Cầu,Hà Nội,temple,insufficient_service_evidence,0,https://www.openstreetmap.org/way/762456417,v2-c829c8f3e2414108
osm:way:762456421,Nhà thờ Giáo họ Tuy Lai,Hà Nội,temple,insufficient_service_evidence,0,https://www.openstreetmap.org/way/762456421,v2-c829c8f3e2414108
osm:way:762456424,Đình thôn Thượng,Hà Nội,temple,insufficient_service_evidence,0,https://www.openstreetmap.org/way/762456424,v2-c829c8f3e2414108
osm:way:762456426,Chùa Quýt,Hà Nội,temple,insufficient_service_evidence,0,https://www.openstreetmap.org/way/762456426,v2-c829c8f3e2414108
osm:way:762456707,Nhà thờ Thượng Lâm,Hà Nội,temple,insufficient_service_evidence,0,https://www.openstreetmap.org/way/762456707,v2-c829c8f3e2414108
osm:way:762785874,Chợ Kênh Đào,Hà Nội,market,insufficient_service_evidence,0,https://www.openstreetmap.org/way/762785874,v2-c829c8f3e2414108
osm:way:762785878,Chùa Nghinh Phúc,Hà Nội,temple,insufficient_service_evidence,0,https://www.openstreetmap.org/way/762785878,v2-c829c8f3e2414108
osm:way:762857148,Nhà thờ Đoan Nữ,Hà Nội,temple,insufficient_service_evidence,0,https://www.openstreetmap.org/way/762857148,v2-c829c8f3e2414108
osm:way:762857149,Đình thôn Đoan Nữ,Hà Nội,temple,insufficient_service_evidence,0,https://www.openstreetmap.org/way/762857149,v2-c829c8f3e2414108
osm:way:762882338,Chùa Hương Vân,Hà Nội,temple,insufficient_service_evidence,0,https://www.openstreetmap.org/way/762882338,v2-c829c8f3e2414108
osm:way:763107728,Nhà thờ Vĩnh Xương,Hà Nội,temple,insufficient_service_evidence,0,https://www.openstreetmap.org/way/763107728,v2-c829c8f3e2414108
osm:way:763107733,Chùa Quế Lâm,Hà Nội,temple,insufficient_service_evidence,0,https://www.openstreetmap.org/way/763107733,v2-c829c8f3e2414108
osm:way:763352478,Đình Yên Lạc,Hà Nội,temple,insufficient_service_evidence,0,https://www.openstreetmap.org/way/763352478,v2-c829c8f3e2414108
osm:way:763352555,Chùa làng Yên Sơn,Hà Nội,temple,insufficient_service_evidence,0,https://www.openstreetmap.org/way/763352555,v2-c829c8f3e2414108
osm:way:763352556,Đình làng Yên Sơn,Hà Nội,temple,insufficient_service_evidence,0,https://www.openstreetmap.org/way/763352556,v2-c829c8f3e2414108
osm:way:763352566,Chùa thôn Dương Kệ,Hà Nội,temple,insufficient_service_evidence,0,https://www.openstreetmap.org/way/763352566,v2-c829c8f3e2414108
osm:way:763352571,Đình Làng Dương Kệ,Hà Nội,temple,insufficient_service_evidence,0,https://www.openstreetmap.org/way/763352571,v2-c829c8f3e2414108
osm:way:763352693,Đền Miếu Môn,Hà Nội,temple,insufficient_service_evidence,0,https://www.openstreetmap.org/way/763352693,v2-c829c8f3e2414108
osm:way:764094817,Chùa Phúc Lâm,Hà Nội,temple,insufficient_service_evidence,0,https://www.openstreetmap.org/way/764094817,v2-c829c8f3e2414108
osm:way:764094824,Đình Phúc Lâm,Hà Nội,temple,insufficient_service_evidence,0,https://www.openstreetmap.org/way/764094824,v2-c829c8f3e2414108
osm:way:764169939,Chùa Vĩnh Lạc,Hà Nội,temple,insufficient_service_evidence,0,https://www.openstreetmap.org/way/764169939,v2-c829c8f3e2414108
osm:way:764169976,Tu đoàn Truyền Tin,Hà Nội,temple,insufficient_service_evidence,0,https://www.openstreetmap.org/way/764169976,v2-c829c8f3e2414108
osm:way:764169981,Nhà thờ Giáo xứ Phúc Lâm,Hà Nội,temple,insufficient_service_evidence,0,https://www.openstreetmap.org/way/764169981,v2-c829c8f3e2414108
osm:way:764357285,Chùa Hoàn Phúc,Hà Nội,temple,insufficient_service_evidence,0,https://www.openstreetmap.org/way/764357285,v2-c829c8f3e2414108
osm:way:764357318,Đình Thôn Nghè,Hà Nội,temple,insufficient_service_evidence,0,https://www.openstreetmap.org/way/764357318,v2-c829c8f3e2414108
osm:way:764357319,Chùa Thôn Nghè,Hà Nội,temple,insufficient_service_evidence,0,https://www.openstreetmap.org/way/764357319,v2-c829c8f3e2414108
osm:way:764553901,Chùa Bồ Đề,Hà Nội,temple,insufficient_service_evidence,0,https://www.openstreetmap.org/way/764553901,v2-c829c8f3e2414108
osm:way:764553905,Đình làng Vĩnh An,Hà Nội,temple,insufficient_service_evidence,0,https://www.openstreetmap.org/way/764553905,v2-c829c8f3e2414108
osm:way:764553909,Nhà thờ Giáo họ Cống Thượng,Hà Nội,temple,insufficient_service_evidence,0,https://www.openstreetmap.org/way/764553909,v2-c829c8f3e2414108
osm:way:764553914,Chùa làng Thượng,Hà Nội,temple,insufficient_service_evidence,0,https://www.openstreetmap.org/way/764553914,v2-c829c8f3e2414108
osm:way:764553915,Đình làng Thượng,Hà Nội,temple,insufficient_service_evidence,0,https://www.openstreetmap.org/way/764553915,v2-c829c8f3e2414108
osm:way:765136203,Chùa Tứ Xã,Hà Nội,temple,insufficient_service_evidence,0,https://www.openstreetmap.org/way/765136203,v2-c829c8f3e2414108
osm:way:765975780,Đình thôn Lê Xá,Hà Nội,temple,insufficient_service_evidence,0,https://www.openstreetmap.org/way/765975780,v2-c829c8f3e2414108
osm:way:765975781,Chùa Kim Quy,Hà Nội,temple,insufficient_service_evidence,0,https://www.openstreetmap.org/way/765975781,v2-c829c8f3e2414108
osm:way:766661825,Nhà thờ Giáo họ Thanh Áng,Hà Nội,temple,insufficient_service_evidence,0,https://www.openstreetmap.org/way/766661825,v2-c829c8f3e2414108
osm:way:766661840,Đình thôn Áng Hạ,Hà Nội,temple,insufficient_service_evidence,0,https://www.openstreetmap.org/way/766661840,v2-c829c8f3e2414108
osm:way:766661866,Chợ Hồng Sơn,Hà Nội,market,insufficient_service_evidence,0,https://www.openstreetmap.org/way/766661866,v2-c829c8f3e2414108
osm:way:766661893,Chùa thôn Cống Trung,Hà Nội,temple,insufficient_service_evidence,0,https://www.openstreetmap.org/way/766661893,v2-c829c8f3e2414108
osm:way:766661894,Đình thôn Cống Trung,Hà Nội,temple,insufficient_service_evidence,0,https://www.openstreetmap.org/way/766661894,v2-c829c8f3e2414108
osm:way:766661910,Đình chùa thôn Cống Đặng,Hà Nội,temple,insufficient_service_evidence,0,https://www.openstreetmap.org/way/766661910,v2-c829c8f3e2414108
osm:way:766661928,Chùa Lai,Hà Nội,temple,insufficient_service_evidence,0,https://www.openstreetmap.org/way/766661928,v2-c829c8f3e2414108
osm:way:766661949,Đình làng Đức Thụ,Hà Nội,temple,insufficient_service_evidence,0,https://www.openstreetmap.org/way/766661949,v2-c829c8f3e2414108
osm:way:766661970,Chợ Lai,Hà Nội,market,insufficient_service_evidence,0,https://www.openstreetmap.org/way/766661970,v2-c829c8f3e2414108
osm:way:766661988,Nhà thờ Giáo họ Hoan Hợp,Hà Nội,temple,insufficient_service_evidence,0,https://www.openstreetmap.org/way/766661988,v2-c829c8f3e2414108
osm:way:766662002,Chợ Xuy Xá,Hà Nội,market,insufficient_service_evidence,0,https://www.openstreetmap.org/way/766662002,v2-c829c8f3e2414108
osm:way:766662020,Đình thôn Nội,Hà Nội,temple,insufficient_service_evidence,0,https://www.openstreetmap.org/way/766662020,v2-c829c8f3e2414108
osm:way:766662028,Đình Thượng,Hà Nội,temple,insufficient_service_evidence,0,https://www.openstreetmap.org/way/766662028,v2-c829c8f3e2414108
osm:way:766662108,Đình,Hà Nội,temple,insufficient_service_evidence,0,https://www.openstreetmap.org/way/766662108,v2-c829c8f3e2414108
osm:way:767121271,Nhà thờ Phùng Xá,Hà Nội,temple,insufficient_service_evidence,0,https://www.openstreetmap.org/way/767121271,v2-c829c8f3e2414108
osm:way:767859411,Trúc Lâm Tự,Hà Nội,temple,insufficient_service_evidence,0,https://www.openstreetmap.org/way/767859411,v2-c829c8f3e2414108
osm:way:767859412,Đình Thượng,Hà Nội,temple,insufficient_service_evidence,0,https://www.openstreetmap.org/way/767859412,v2-c829c8f3e2414108
osm:way:767860424,Nhà thờ Giáo họ Tân Độ,Hà Nội,temple,insufficient_service_evidence,0,https://www.openstreetmap.org/way/767860424,v2-c829c8f3e2414108
osm:way:768420549,Chợ Hương Sơn,Hà Nội,market,insufficient_service_evidence,0,https://www.openstreetmap.org/way/768420549,v2-c829c8f3e2414108
osm:way:768420567,Đền Trình Đục Khê,Hà Nội,temple,insufficient_service_evidence,0,https://www.openstreetmap.org/way/768420567,v2-c829c8f3e2414108
osm:way:768420585,Đình Yến Vỹ,Hà Nội,temple,insufficient_service_evidence,0,https://www.openstreetmap.org/way/768420585,v2-c829c8f3e2414108
osm:way:768696743,Đền tưởng niệm liệt sĩ huyện Mỹ Đức,Hà Nội,temple,insufficient_service_evidence,0,https://www.openstreetmap.org/way/768696743,v2-c829c8f3e2414108
osm:way:768696748,Chùa Tế Tiêu,Hà Nội,temple,insufficient_service_evidence,0,https://www.openstreetmap.org/way/768696748,v2-c829c8f3e2414108
osm:way:768696776,Chùa Diên Khánh,Hà Nội,temple,insufficient_service_evidence,0,https://www.openstreetmap.org/way/768696776,v2-c829c8f3e2414108
osm:way:769918654,Chợ Văn Phú,Hà Nội,market,insufficient_service_evidence,0,https://www.openstreetmap.org/way/769918654,v2-c829c8f3e2414108
osm:way:769918656,Vườn hoa Hoàng Văn Thụ,Hà Nội,park,insufficient_service_evidence,0,https://www.openstreetmap.org/way/769918656,v2-c829c8f3e2414108
osm:way:769934502,Chùa Thọ Sơn,Hà Nội,temple,insufficient_service_evidence,0,https://www.openstreetmap.org/way/769934502,v2-c829c8f3e2414108
osm:way:769948377,Nhà thờ Đông Mỹ,Hà Nội,temple,insufficient_service_evidence,0,https://www.openstreetmap.org/way/769948377,v2-c829c8f3e2414108
osm:way:769948435,Nhà thờ Giáo xứ Tuỵ Hiền,Hà Nội,temple,insufficient_service_evidence,0,https://www.openstreetmap.org/way/769948435,v2-c829c8f3e2414108
osm:way:769948478,Chùa Hà,Hà Nội,temple,insufficient_service_evidence,0,https://www.openstreetmap.org/way/769948478,v2-c829c8f3e2414108
osm:way:770272739,Công viên Bán đảo Linh Đàm,Hà Nội,park,insufficient_service_evidence,0,https://www.openstreetmap.org/way/770272739,v2-c829c8f3e2414108
osm:way:770299541,Văn Quán Lake Park,Hà Nội,park,insufficient_service_evidence,0,https://www.openstreetmap.org/way/770299541,v2-c829c8f3e2414108
osm:way:770299542,Vườn hoa Việt Kiều,Hà Nội,park,insufficient_service_evidence,0,https://www.openstreetmap.org/way/770299542,v2-c829c8f3e2414108
osm:way:770299543,Vườn Trung Văn,Hà Nội,park,insufficient_service_evidence,0,https://www.openstreetmap.org/way/770299543,v2-c829c8f3e2414108
osm:way:770299544,Vườn hoa Biệt thự Quốc Hội,Hà Nội,park,insufficient_service_evidence,0,https://www.openstreetmap.org/way/770299544,v2-c829c8f3e2414108
osm:way:770299545,Vườn hoa Trung Hòa - Nhân Chính,Hà Nội,park,insufficient_service_evidence,0,https://www.openstreetmap.org/way/770299545,v2-c829c8f3e2414108
osm:way:770299546,Công viên Trung Yên,Hà Nội,park,insufficient_service_evidence,0,https://www.openstreetmap.org/way/770299546,v2-c829c8f3e2414108
osm:way:770299547,Vườn hoa Yên Hòa,Hà Nội,park,insufficient_service_evidence,0,https://www.openstreetmap.org/way/770299547,v2-c829c8f3e2414108
osm:way:770299549,Vườn hoa Cửa Nam,Hà Nội,park,insufficient_service_evidence,0,https://www.openstreetmap.org/way/770299549,v2-c829c8f3e2414108
osm:way:770299552,Công viên hồ Vĩnh Hoàng,Hà Nội,park,insufficient_service_evidence,0,https://www.openstreetmap.org/way/770299552,v2-c829c8f3e2414108
osm:way:770299553,Công viên Yên Sở,Hà Nội,park,insufficient_service_evidence,0,https://www.openstreetmap.org/way/770299553,v2-c829c8f3e2414108
osm:way:770299554,Vườn hoa Bắc Long Biên,Hà Nội,park,insufficient_service_evidence,0,https://www.openstreetmap.org/way/770299554,v2-c829c8f3e2414108
osm:way:770328953,Công viên Bê Tông,Hà Nội,park,insufficient_service_evidence,0,https://www.openstreetmap.org/way/770328953,v2-c829c8f3e2414108
osm:way:770328954,Bảo tàng đường Hồ Chí Minh,Hà Nội,museum,insufficient_service_evidence,0,https://www.openstreetmap.org/way/770328954,v2-c829c8f3e2414108
osm:way:770328955,Công viên Văn Phú,Hà Nội,park,insufficient_service_evidence,0,https://www.openstreetmap.org/way/770328955,v2-c829c8f3e2414108
osm:way:770328956,Công viên Hà Cầu,Hà Nội,park,insufficient_service_evidence,0,https://www.openstreetmap.org/way/770328956,v2-c829c8f3e2414108
osm:way:770328958,Công viên Tổ 9 Mỗ Lao,Hà Nội,park,insufficient_service_evidence,0,https://www.openstreetmap.org/way/770328958,v2-c829c8f3e2414108
osm:way:770328959,Công viên Thiên văn học,Hà Nội,park,insufficient_service_evidence,0,https://www.openstreetmap.org/way/770328959,v2-c829c8f3e2414108
osm:way:770328960,Công viên Âm nhạc Đô Nghĩa,Hà Nội,park,insufficient_service_evidence,0,https://www.openstreetmap.org/way/770328960,v2-c829c8f3e2414108
osm:way:770336406,Vườn hoa Đại học Kinh tế Quốc dân,Hà Nội,park,insufficient_service_evidence,0,https://www.openstreetmap.org/way/770336406,v2-c829c8f3e2414108
osm:way:776437155,Co Loa Citadel,Hà Nội,attraction,insufficient_service_evidence,0,https://www.openstreetmap.org/way/776437155,v2-c829c8f3e2414108
osm:way:776437157,Chùa Cổ Loa,Hà Nội,temple,insufficient_service_evidence,0,https://www.openstreetmap.org/way/776437157,v2-c829c8f3e2414108
osm:way:776437158,Đình Cổ Loa,Hà Nội,temple,insufficient_service_evidence,0,https://www.openstreetmap.org/way/776437158,v2-c829c8f3e2414108
osm:way:776438252,Đền thờ An Dương Vương,Hà Nội,attraction,insufficient_service_evidence,0,https://www.openstreetmap.org/way/776438252,v2-c829c8f3e2414108
osm:way:777200131,Chùa Lủ,Hà Nội,temple,insufficient_service_evidence,0,https://www.openstreetmap.org/way/777200131,v2-c829c8f3e2414108
osm:way:777200332,Chùa Lủ,Hà Nội,temple,insufficient_service_evidence,0,https://www.openstreetmap.org/way/777200332,v2-c829c8f3e2414108
osm:way:780484947,Nhà thờ Tin Lành,Đà Nẵng,temple,insufficient_service_evidence,0,https://www.openstreetmap.org/way/780484947,v2-c829c8f3e2414108
osm:way:782864077,Vườn hoa Văn Quán,Hà Nội,park,insufficient_service_evidence,0,https://www.openstreetmap.org/way/782864077,v2-c829c8f3e2414108
osm:way:784360799,Nhà thờ Phùng Khoang,Hà Nội,temple,insufficient_service_evidence,0,https://www.openstreetmap.org/way/784360799,v2-c829c8f3e2414108
osm:way:784360800,Đình Phùng Khoang,Hà Nội,temple,insufficient_service_evidence,0,https://www.openstreetmap.org/way/784360800,v2-c829c8f3e2414108
osm:way:786580801,Vườn hoa,Hà Nội,park,insufficient_service_evidence,0,https://www.openstreetmap.org/way/786580801,v2-c829c8f3e2414108
osm:way:792406384,Gugi,Hà Nội,cafe,insufficient_service_evidence,0,https://www.openstreetmap.org/way/792406384,v2-c829c8f3e2414108
osm:way:793093676,Chợ Bình Minh,Đà Nẵng,market,insufficient_service_evidence,0,https://www.openstreetmap.org/way/793093676,v2-c829c8f3e2414108
osm:way:795142588,Vườn hoa,Hà Nội,park,insufficient_service_evidence,0,https://www.openstreetmap.org/way/795142588,v2-c829c8f3e2414108
osm:way:795142945,Vườn hoa,Hà Nội,park,insufficient_service_evidence,0,https://www.openstreetmap.org/way/795142945,v2-c829c8f3e2414108
osm:way:824889327,Nhà ăn A1-5,Hà Nội,restaurant,insufficient_service_evidence,0,https://www.openstreetmap.org/way/824889327,v2-c829c8f3e2414108
osm:way:826025418,Nhà Ăn HVNH,Hà Nội,restaurant,insufficient_service_evidence,0,https://www.openstreetmap.org/way/826025418,v2-c829c8f3e2414108
osm:way:826029905,Đình Ứng Thiên,Hà Nội,temple,insufficient_service_evidence,0,https://www.openstreetmap.org/way/826029905,v2-c829c8f3e2414108
osm:way:826041747,Nhà ăn sinh viên,Hà Nội,restaurant,insufficient_service_evidence,0,https://www.openstreetmap.org/way/826041747,v2-c829c8f3e2414108
osm:way:834422404,EKOCENTER playground,Đà Nẵng,park,insufficient_service_evidence,0,https://www.openstreetmap.org/way/834422404,v2-c829c8f3e2414108
osm:way:834483808,Giáo xứ Hoà Minh,Đà Nẵng,temple,insufficient_service_evidence,0,https://www.openstreetmap.org/way/834483808,v2-c829c8f3e2414108
osm:way:838426608,Đền thờ Quang Trung,Hà Nội,temple,insufficient_service_evidence,0,https://www.openstreetmap.org/way/838426608,v2-c829c8f3e2414108
osm:way:839663173,Vườn Nhật,Hà Nội,park,insufficient_service_evidence,0,https://www.openstreetmap.org/way/839663173,v2-c829c8f3e2414108
osm:way:839675222,Công viên Con Voi,Hà Nội,park,insufficient_service_evidence,0,https://www.openstreetmap.org/way/839675222,v2-c829c8f3e2414108
osm:way:839899602,Vườn hoa Kim Liên,Hà Nội,park,insufficient_service_evidence,0,https://www.openstreetmap.org/way/839899602,v2-c829c8f3e2414108
osm:way:840803791,Chùa Liên Phái,Hà Nội,temple,insufficient_service_evidence,0,https://www.openstreetmap.org/way/840803791,v2-c829c8f3e2414108
osm:way:840803809,Chợ Ngã Tư Sở,Hà Nội,market,insufficient_service_evidence,0,https://www.openstreetmap.org/way/840803809,v2-c829c8f3e2414108
osm:way:840867180,Chợ Kim Liên,Hà Nội,market,insufficient_service_evidence,0,https://www.openstreetmap.org/way/840867180,v2-c829c8f3e2414108
osm:way:840934114,Công viên Trung tâm,Hà Nội,park,insufficient_service_evidence,0,https://www.openstreetmap.org/way/840934114,v2-c829c8f3e2414108
osm:way:840934121,Công viên Thể thao,Hà Nội,park,category_name_conflict|insufficient_service_evidence,0,https://www.openstreetmap.org/way/840934121,v2-c829c8f3e2414108
osm:way:841154650,Công viên An Hoà,Hà Nội,park,insufficient_service_evidence,0,https://www.openstreetmap.org/way/841154650,v2-c829c8f3e2414108
osm:way:841374806,Món Huế,Hà Nội,restaurant,insufficient_service_evidence,0,https://www.openstreetmap.org/way/841374806,v2-c829c8f3e2414108
osm:way:842611509,Chợ Cống,Hà Nội,market,insufficient_service_evidence,0,https://www.openstreetmap.org/way/842611509,v2-c829c8f3e2414108
osm:way:846695791,Trung tâm Văn hóa - Thể thao quận Thanh Khê,Đà Nẵng,park,category_name_conflict,1,https://www.openstreetmap.org/way/846695791,v2-c829c8f3e2414108
osm:way:856836405,Nhà thờ họ Phí Trúc Động,Hà Nội,temple,insufficient_service_evidence,0,https://www.openstreetmap.org/way/856836405,v2-c829c8f3e2414108
osm:way:856836407,Chợ Đồng Trúc,Hà Nội,market,insufficient_service_evidence,0,https://www.openstreetmap.org/way/856836407,v2-c829c8f3e2414108
osm:way:856836436,Đình Chùa Đồng Kho,Hà Nội,temple,insufficient_service_evidence,0,https://www.openstreetmap.org/way/856836436,v2-c829c8f3e2414108
osm:way:856836457,Đài tưởng niệm liệt sĩ xã Đồng Trúc,Hà Nội,temple,insufficient_service_evidence,0,https://www.openstreetmap.org/way/856836457,v2-c829c8f3e2414108
osm:way:856836511,Chùa Trúc Động,Hà Nội,temple,insufficient_service_evidence,0,https://www.openstreetmap.org/way/856836511,v2-c829c8f3e2414108
osm:way:860294713,Nhà thờ Hàng Bột,Hà Nội,temple,insufficient_service_evidence,0,https://www.openstreetmap.org/way/860294713,v2-c829c8f3e2414108
osm:way:862095211,Chùa Thanh Nhàn,Hà Nội,temple,insufficient_service_evidence,0,https://www.openstreetmap.org/way/862095211,v2-c829c8f3e2414108
osm:way:863472429,Cơm gà Hải Nam,Hà Nội,restaurant,insufficient_service_evidence,0,https://www.openstreetmap.org/way/863472429,v2-c829c8f3e2414108
osm:way:863793823,The Coffee House,Hà Nội,cafe,insufficient_service_evidence,0,https://www.openstreetmap.org/way/863793823,v2-c829c8f3e2414108
osm:way:866521399,Twitter Beans Coffee,Hà Nội,cafe,insufficient_service_evidence,0,https://www.openstreetmap.org/way/866521399,v2-c829c8f3e2414108
osm:way:867981976,Nhà lưu niệm Chủ tịch Hồ Chí Minh,Hà Nội,historic,insufficient_service_evidence,0,https://www.openstreetmap.org/way/867981976,v2-c829c8f3e2414108
osm:way:875488220,Chùa Đại An,Hà Nội,temple,insufficient_service_evidence,0,https://www.openstreetmap.org/way/875488220,v2-c829c8f3e2414108
osm:way:880260998,Chợ Nghĩa Tân,Hà Nội,market,insufficient_service_evidence,1,https://www.openstreetmap.org/way/880260998,v2-c829c8f3e2414108
osm:way:884063648,Chùa Nam Đồng,Hà Nội,temple,insufficient_service_evidence,0,https://www.openstreetmap.org/way/884063648,v2-c829c8f3e2414108
osm:way:888367936,Chợ Khương Thượng,Hà Nội,market,insufficient_service_evidence,0,https://www.openstreetmap.org/way/888367936,v2-c829c8f3e2414108
osm:way:888629812,Chùa Bộc,Hà Nội,temple,insufficient_service_evidence,0,https://www.openstreetmap.org/way/888629812,v2-c829c8f3e2414108
osm:way:889113701,Công viên Mễ Trì,Hà Nội,park,insufficient_service_evidence,0,https://www.openstreetmap.org/way/889113701,v2-c829c8f3e2414108
osm:way:891950562,Chùa Quan Nhân,Hà Nội,temple,insufficient_service_evidence,0,https://www.openstreetmap.org/way/891950562,v2-c829c8f3e2414108
osm:way:892560481,Căn tin 3 Sao,Hà Nội,restaurant,insufficient_service_evidence,0,https://www.openstreetmap.org/way/892560481,v2-c829c8f3e2414108
osm:way:892577121,KOI Thé,Hà Nội,restaurant,insufficient_service_evidence,0,https://www.openstreetmap.org/way/892577121,v2-c829c8f3e2414108
osm:way:892577129,Gogi,Hà Nội,restaurant,insufficient_service_evidence,0,https://www.openstreetmap.org/way/892577129,v2-c829c8f3e2414108
osm:way:892577131,Nét Huế,Hà Nội,restaurant,insufficient_service_evidence,0,https://www.openstreetmap.org/way/892577131,v2-c829c8f3e2414108
osm:way:892577134,KFC,Hà Nội,restaurant,weak_or_generic_name|insufficient_service_evidence,0,https://www.openstreetmap.org/way/892577134,v2-c829c8f3e2414108
osm:way:892577135,Cơm gà Hải Nam,Hà Nội,restaurant,insufficient_service_evidence,0,https://www.openstreetmap.org/way/892577135,v2-c829c8f3e2414108
osm:way:892577138,Hotto,Hà Nội,restaurant,insufficient_service_evidence,0,https://www.openstreetmap.org/way/892577138,v2-c829c8f3e2414108
osm:way:892577146,Shabu Shabu,Hà Nội,restaurant,insufficient_service_evidence,0,https://www.openstreetmap.org/way/892577146,v2-c829c8f3e2414108
osm:way:892577148,Thai Express,Hà Nội,restaurant,insufficient_service_evidence,0,https://www.openstreetmap.org/way/892577148,v2-c829c8f3e2414108
osm:way:892577159,Skyline,Hà Nội,restaurant,insufficient_service_evidence,0,https://www.openstreetmap.org/way/892577159,v2-c829c8f3e2414108
osm:way:892577165,Meat Plus,Hà Nội,restaurant,insufficient_service_evidence,0,https://www.openstreetmap.org/way/892577165,v2-c829c8f3e2414108
osm:way:892577166,Highlands Coffee,Hà Nội,cafe,insufficient_service_evidence,0,https://www.openstreetmap.org/way/892577166,v2-c829c8f3e2414108
osm:way:892577169,The Pizza Company,Hà Nội,restaurant,insufficient_service_evidence,0,https://www.openstreetmap.org/way/892577169,v2-c829c8f3e2414108
osm:way:892577186,Buffet lẩu nướng không khói,Hà Nội,restaurant,insufficient_service_evidence,0,https://www.openstreetmap.org/way/892577186,v2-c829c8f3e2414108
osm:way:892577192,Bread Talk,Hà Nội,restaurant,insufficient_service_evidence,0,https://www.openstreetmap.org/way/892577192,v2-c829c8f3e2414108
osm:way:892577193,Viet Street,Hà Nội,restaurant,insufficient_service_evidence,0,https://www.openstreetmap.org/way/892577193,v2-c829c8f3e2414108
osm:way:892577199,Mr.Dakgalbi,Hà Nội,restaurant,insufficient_service_evidence,0,https://www.openstreetmap.org/way/892577199,v2-c829c8f3e2414108
osm:way:892577204,Deli Deli BBQ,Hà Nội,restaurant,insufficient_service_evidence,0,https://www.openstreetmap.org/way/892577204,v2-c829c8f3e2414108
osm:way:892577219,Hải sản Biển Đông,Hà Nội,restaurant,insufficient_service_evidence,0,https://www.openstreetmap.org/way/892577219,v2-c829c8f3e2414108
osm:way:892577224,Ding Tea,Hà Nội,cafe,insufficient_service_evidence,0,https://www.openstreetmap.org/way/892577224,v2-c829c8f3e2414108
osm:way:892577246,3 Cá Bống,Hà Nội,restaurant,insufficient_service_evidence,0,https://www.openstreetmap.org/way/892577246,v2-c829c8f3e2414108
osm:way:892577251,Trung tâm nghệ thuật VCCA,Hà Nội,gallery,insufficient_service_evidence,0,https://www.openstreetmap.org/way/892577251,v2-c829c8f3e2414108
osm:way:892577259,Pizza - Pasta,Hà Nội,restaurant,insufficient_service_evidence,0,https://www.openstreetmap.org/way/892577259,v2-c829c8f3e2414108
osm:way:892577261,Hotpot Story,Hà Nội,restaurant,insufficient_service_evidence,0,https://www.openstreetmap.org/way/892577261,v2-c829c8f3e2414108
osm:way:892577273,Si Soc,Hà Nội,restaurant,insufficient_service_evidence,0,https://www.openstreetmap.org/way/892577273,v2-c829c8f3e2414108
osm:way:892577282,Quán ăn ngon,Hà Nội,restaurant,insufficient_service_evidence,0,https://www.openstreetmap.org/way/892577282,v2-c829c8f3e2414108
osm:way:892577283,Love Thai,Hà Nội,restaurant,insufficient_service_evidence,0,https://www.openstreetmap.org/way/892577283,v2-c829c8f3e2414108
osm:way:892577299,Dookki,Hà Nội,restaurant,insufficient_service_evidence,0,https://www.openstreetmap.org/way/892577299,v2-c829c8f3e2414108
osm:way:892577307,King BBQ,Hà Nội,restaurant,insufficient_service_evidence,0,https://www.openstreetmap.org/way/892577307,v2-c829c8f3e2414108
osm:way:892577308,Toco Toco,Hà Nội,restaurant,insufficient_service_evidence,0,https://www.openstreetmap.org/way/892577308,v2-c829c8f3e2414108
osm:way:892577314,Sắc Huế,Hà Nội,restaurant,insufficient_service_evidence,0,https://www.openstreetmap.org/way/892577314,v2-c829c8f3e2414108
osm:way:892577330,Kichi - Kichi,Hà Nội,restaurant,insufficient_service_evidence,0,https://www.openstreetmap.org/way/892577330,v2-c829c8f3e2414108
osm:way:892577332,Pepper Lunch,Hà Nội,restaurant,insufficient_service_evidence,0,https://www.openstreetmap.org/way/892577332,v2-c829c8f3e2414108
osm:way:892577336,Hokaido Bake Cheese Tart,Hà Nội,restaurant,insufficient_service_evidence,0,https://www.openstreetmap.org/way/892577336,v2-c829c8f3e2414108
osm:way:892577337,Surf 'N' Fries,Hà Nội,restaurant,insufficient_service_evidence,0,https://www.openstreetmap.org/way/892577337,v2-c829c8f3e2414108
osm:way:892577339,Asia Snacks,Hà Nội,restaurant,insufficient_service_evidence,0,https://www.openstreetmap.org/way/892577339,v2-c829c8f3e2414108
osm:way:892577356,Kpup,Hà Nội,restaurant,insufficient_service_evidence,0,https://www.openstreetmap.org/way/892577356,v2-c829c8f3e2414108
osm:way:892577357,Yo-Tea,Hà Nội,restaurant,insufficient_service_evidence,0,https://www.openstreetmap.org/way/892577357,v2-c829c8f3e2414108
osm:way:892577365,Dairy Queen,Hà Nội,restaurant,insufficient_service_evidence,0,https://www.openstreetmap.org/way/892577365,v2-c829c8f3e2414108
osm:way:892577374,Soya Garden,Hà Nội,restaurant,insufficient_service_evidence,0,https://www.openstreetmap.org/way/892577374,v2-c829c8f3e2414108
osm:way:892577376,Lotteria,Hà Nội,restaurant,insufficient_service_evidence,0,https://www.openstreetmap.org/way/892577376,v2-c829c8f3e2414108
osm:way:892577379,Bread Papa's,Hà Nội,restaurant,insufficient_service_evidence,0,https://www.openstreetmap.org/way/892577379,v2-c829c8f3e2414108
osm:way:892577387,YoYo,Hà Nội,restaurant,insufficient_service_evidence,0,https://www.openstreetmap.org/way/892577387,v2-c829c8f3e2414108
osm:way:892577392,Pozaa,Hà Nội,restaurant,insufficient_service_evidence,0,https://www.openstreetmap.org/way/892577392,v2-c829c8f3e2414108
osm:way:892577396,Sumo BBQ,Hà Nội,restaurant,insufficient_service_evidence,0,https://www.openstreetmap.org/way/892577396,v2-c829c8f3e2414108
osm:way:892577409,Don Chicken,Hà Nội,restaurant,insufficient_service_evidence,0,https://www.openstreetmap.org/way/892577409,v2-c829c8f3e2414108
osm:way:892577415,Hutong,Hà Nội,restaurant,insufficient_service_evidence,0,https://www.openstreetmap.org/way/892577415,v2-c829c8f3e2414108
osm:way:892577421,Limone,Hà Nội,restaurant,insufficient_service_evidence,0,https://www.openstreetmap.org/way/892577421,v2-c829c8f3e2414108
osm:way:892577430,Meiwei,Hà Nội,restaurant,insufficient_service_evidence,0,https://www.openstreetmap.org/way/892577430,v2-c829c8f3e2414108
osm:way:892577439,Cheong Hak Gol,Hà Nội,restaurant,insufficient_service_evidence,0,https://www.openstreetmap.org/way/892577439,v2-c829c8f3e2414108
osm:way:892583617,Vườn hoa,Hà Nội,park,insufficient_service_evidence,0,https://www.openstreetmap.org/way/892583617,v2-c829c8f3e2414108
osm:way:892583620,Quảng trường,Hà Nội,park,insufficient_service_evidence,0,https://www.openstreetmap.org/way/892583620,v2-c829c8f3e2414108
osm:way:894857495,Đình Yên Phụ,Hà Nội,temple,insufficient_service_evidence,0,https://www.openstreetmap.org/way/894857495,v2-c829c8f3e2414108
osm:way:897568869,Chợ,Hà Nội,market,weak_or_generic_name|insufficient_service_evidence,0,https://www.openstreetmap.org/way/897568869,v2-c829c8f3e2414108
osm:way:898226383,N06-6 trà chanh hoa lộc,Hà Nội,cafe,insufficient_service_evidence,0,https://www.openstreetmap.org/way/898226383,v2-c829c8f3e2414108
osm:way:898226385,Bún hải sản An Nhiên,Hà Nội,restaurant,insufficient_service_evidence,0,https://www.openstreetmap.org/way/898226385,v2-c829c8f3e2414108
osm:way:898226393,N06-5 bún Duy lượng,Hà Nội,restaurant,insufficient_service_evidence,0,https://www.openstreetmap.org/way/898226393,v2-c829c8f3e2414108
osm:way:898226398,Bún mẹt hương giang,Hà Nội,restaurant,insufficient_service_evidence,0,https://www.openstreetmap.org/way/898226398,v2-c829c8f3e2414108
osm:way:898226408,N06-1-Bún đậu cô én,Hà Nội,restaurant,insufficient_service_evidence,0,https://www.openstreetmap.org/way/898226408,v2-c829c8f3e2414108
osm:way:898540573,Nhà hàng Lan Chín,Hà Nội,restaurant,insufficient_service_evidence,0,https://www.openstreetmap.org/way/898540573,v2-c829c8f3e2414108
osm:way:899088406,Cơm Lân Hà,Hà Nội,restaurant,insufficient_service_evidence,0,https://www.openstreetmap.org/way/899088406,v2-c829c8f3e2414108
osm:way:899221538,MANWAH,Hà Nội,restaurant,insufficient_service_evidence,0,https://www.openstreetmap.org/way/899221538,v2-c829c8f3e2414108
osm:way:899221539,Buk Buk,Hà Nội,restaurant,insufficient_service_evidence,0,https://www.openstreetmap.org/way/899221539,v2-c829c8f3e2414108
osm:way:899221540,SumoBBQ,Hà Nội,restaurant,insufficient_service_evidence,0,https://www.openstreetmap.org/way/899221540,v2-c829c8f3e2414108
osm:way:899221543,Domino's,Hà Nội,restaurant,insufficient_service_evidence,0,https://www.openstreetmap.org/way/899221543,v2-c829c8f3e2414108
osm:way:899221544,Lotteria,Hà Nội,restaurant,insufficient_service_evidence,0,https://www.openstreetmap.org/way/899221544,v2-c829c8f3e2414108
osm:way:899221545,Highlands Coffee,Hà Nội,cafe,insufficient_service_evidence,0,https://www.openstreetmap.org/way/899221545,v2-c829c8f3e2414108
osm:way:899387339,Dairy Queen,Hà Nội,restaurant,insufficient_service_evidence,0,https://www.openstreetmap.org/way/899387339,v2-c829c8f3e2414108
osm:way:899388714,Chợ Quỳnh Mai,Hà Nội,market,insufficient_service_evidence,0,https://www.openstreetmap.org/way/899388714,v2-c829c8f3e2414108
osm:way:899459050,N06-40 bún đậu 123,Hà Nội,restaurant,insufficient_service_evidence,0,https://www.openstreetmap.org/way/899459050,v2-c829c8f3e2414108
osm:way:899514888,Gyu-Kaku,Hà Nội,restaurant,insufficient_service_evidence,0,https://www.openstreetmap.org/way/899514888,v2-c829c8f3e2414108
osm:way:899514939,Yoogane Chicken Galbi,Hà Nội,restaurant,insufficient_service_evidence,0,https://www.openstreetmap.org/way/899514939,v2-c829c8f3e2414108
osm:way:899514940,GangNam Bulgogi,Hà Nội,restaurant,insufficient_service_evidence,0,https://www.openstreetmap.org/way/899514940,v2-c829c8f3e2414108
osm:way:899514942,Wrap&Roll,Hà Nội,restaurant,insufficient_service_evidence,0,https://www.openstreetmap.org/way/899514942,v2-c829c8f3e2414108
osm:way:899514943,Le Monde Steak,Hà Nội,restaurant,insufficient_service_evidence,0,https://www.openstreetmap.org/way/899514943,v2-c829c8f3e2414108
osm:way:899514944,Kichi-Kichi,Hà Nội,restaurant,insufficient_service_evidence,0,https://www.openstreetmap.org/way/899514944,v2-c829c8f3e2414108
osm:way:899514947,King BBQ,Hà Nội,restaurant,insufficient_service_evidence,0,https://www.openstreetmap.org/way/899514947,v2-c829c8f3e2414108
osm:way:899514953,Dookki,Hà Nội,restaurant,insufficient_service_evidence,0,https://www.openstreetmap.org/way/899514953,v2-c829c8f3e2414108
osm:way:899514954,Hongkong Cuisine,Hà Nội,restaurant,insufficient_service_evidence,0,https://www.openstreetmap.org/way/899514954,v2-c829c8f3e2414108
osm:way:899514955,Jollibee,Hà Nội,restaurant,insufficient_service_evidence,0,https://www.openstreetmap.org/way/899514955,v2-c829c8f3e2414108
osm:way:899514956,Al Fresco's,Hà Nội,restaurant,insufficient_service_evidence,0,https://www.openstreetmap.org/way/899514956,v2-c829c8f3e2414108
osm:way:899514957,Sushi Kei,Hà Nội,restaurant,insufficient_service_evidence,0,https://www.openstreetmap.org/way/899514957,v2-c829c8f3e2414108
osm:way:899514958,Hotpot Story,Hà Nội,restaurant,insufficient_service_evidence,0,https://www.openstreetmap.org/way/899514958,v2-c829c8f3e2414108
osm:way:899514960,ThaiExpress,Hà Nội,restaurant,insufficient_service_evidence,0,https://www.openstreetmap.org/way/899514960,v2-c829c8f3e2414108
osm:way:899514961,Cowboy Jack's,Hà Nội,restaurant,insufficient_service_evidence,0,https://www.openstreetmap.org/way/899514961,v2-c829c8f3e2414108
osm:way:899514962,Octopus King,Hà Nội,restaurant,insufficient_service_evidence,0,https://www.openstreetmap.org/way/899514962,v2-c829c8f3e2414108
osm:way:899514985,Pepper Lunch,Hà Nội,restaurant,insufficient_service_evidence,0,https://www.openstreetmap.org/way/899514985,v2-c829c8f3e2414108
osm:way:899514987,GoGi House,Hà Nội,restaurant,insufficient_service_evidence,0,https://www.openstreetmap.org/way/899514987,v2-c829c8f3e2414108
osm:way:899514988,Quán Ăn Ngon - Ngon Phố - LyS,Hà Nội,restaurant,insufficient_service_evidence,0,https://www.openstreetmap.org/way/899514988,v2-c829c8f3e2414108
osm:way:899514992,Fuji Sakura,Hà Nội,restaurant,insufficient_service_evidence,0,https://www.openstreetmap.org/way/899514992,v2-c829c8f3e2414108
osm:way:899514993,The Pizza Company,Hà Nội,restaurant,insufficient_service_evidence,0,https://www.openstreetmap.org/way/899514993,v2-c829c8f3e2414108
osm:way:899679880,KFC,Hà Nội,restaurant,weak_or_generic_name|insufficient_service_evidence,0,https://www.openstreetmap.org/way/899679880,v2-c829c8f3e2414108
osm:way:899679881,The Coffee House,Hà Nội,cafe,insufficient_service_evidence,0,https://www.openstreetmap.org/way/899679881,v2-c829c8f3e2414108
osm:way:899679882,McDonald's,Hà Nội,restaurant,insufficient_service_evidence,0,https://www.openstreetmap.org/way/899679882,v2-c829c8f3e2414108
osm:way:899723249,Green Garden,Hà Nội,park,insufficient_service_evidence,0,https://www.openstreetmap.org/way/899723249,v2-c829c8f3e2414108
osm:way:902155098,Đình Thuỵ Hương,Hà Nội,temple,insufficient_service_evidence,0,https://www.openstreetmap.org/way/902155098,v2-c829c8f3e2414108
osm:way:902966818,Bảo tàng Quân đội tỉnh Quảng Nam,Đà Nẵng,museum,insufficient_service_evidence,0,https://www.openstreetmap.org/way/902966818,v2-c829c8f3e2414108
osm:way:904135121,Aha Cafe,Hà Nội,cafe,insufficient_service_evidence,0,https://www.openstreetmap.org/way/904135121,v2-c829c8f3e2414108
osm:way:904729843,The Pot House,Hà Nội,restaurant,insufficient_service_evidence,0,https://www.openstreetmap.org/way/904729843,v2-c829c8f3e2414108
osm:way:904729844,Bò Nhúng Zấm,Hà Nội,restaurant,insufficient_service_evidence,0,https://www.openstreetmap.org/way/904729844,v2-c829c8f3e2414108
osm:way:904729846,Cơm tấm Ốc Sài Gòn,Hà Nội,restaurant,insufficient_service_evidence,0,https://www.openstreetmap.org/way/904729846,v2-c829c8f3e2414108
osm:way:904729849,Cheese Coffee,Hà Nội,cafe,insufficient_service_evidence,0,https://www.openstreetmap.org/way/904729849,v2-c829c8f3e2414108
osm:way:904729850,Cà phê 25,Hà Nội,cafe,insufficient_service_evidence,0,https://www.openstreetmap.org/way/904729850,v2-c829c8f3e2414108
osm:way:904729857,Bít Tết Thuần Việt,Hà Nội,restaurant,insufficient_service_evidence,0,https://www.openstreetmap.org/way/904729857,v2-c829c8f3e2414108
osm:way:908992974,Nhà truyền thống May 10,Hà Nội,historic,insufficient_service_evidence,0,https://www.openstreetmap.org/way/908992974,v2-c829c8f3e2414108
osm:way:909833203,Đình Chùa Vàng,Hà Nội,temple,insufficient_service_evidence,0,https://www.openstreetmap.org/way/909833203,v2-c829c8f3e2414108
osm:way:911561441,Vườn hoa Lạc Long Quân,Hà Nội,park,insufficient_service_evidence,0,https://www.openstreetmap.org/way/911561441,v2-c829c8f3e2414108
osm:way:916528072,Chợ Vân Đình,Hà Nội,market,insufficient_service_evidence,0,https://www.openstreetmap.org/way/916528072,v2-c829c8f3e2414108
osm:way:916528084,Vườn hoa Thuỷ lợi,Hà Nội,park,insufficient_service_evidence,0,https://www.openstreetmap.org/way/916528084,v2-c829c8f3e2414108
osm:way:916879501,Đình Khương Thượng,Hà Nội,temple,insufficient_service_evidence,0,https://www.openstreetmap.org/way/916879501,v2-c829c8f3e2414108
osm:way:921987261,Chợ Nghệ,Hà Nội,market,insufficient_service_evidence,0,https://www.openstreetmap.org/way/921987261,v2-c829c8f3e2414108
osm:way:921987264,Vườn hoa Sơn Tây,Hà Nội,park,insufficient_service_evidence,0,https://www.openstreetmap.org/way/921987264,v2-c829c8f3e2414108
osm:way:925432867,Đài tưởng niệm liệt sỹ,Hà Nội,historic,insufficient_service_evidence,0,https://www.openstreetmap.org/way/925432867,v2-c829c8f3e2414108
osm:way:925432868,Đình làng Võng Thị,Hà Nội,temple,insufficient_service_evidence,0,https://www.openstreetmap.org/way/925432868,v2-c829c8f3e2414108
osm:way:925432869,Chùa Võng Thị,Hà Nội,temple,insufficient_service_evidence,0,https://www.openstreetmap.org/way/925432869,v2-c829c8f3e2414108
osm:way:925434570,Đình Đông Xã,Hà Nội,temple,insufficient_service_evidence,0,https://www.openstreetmap.org/way/925434570,v2-c829c8f3e2414108
osm:way:925434571,Đình làng Hồ Khẩu,Hà Nội,temple,insufficient_service_evidence,0,https://www.openstreetmap.org/way/925434571,v2-c829c8f3e2414108
osm:way:925434573,Đền Dực Thánh,Hà Nội,temple,insufficient_service_evidence,0,https://www.openstreetmap.org/way/925434573,v2-c829c8f3e2414108
osm:way:930229621,Chợ Long Biên,Hà Nội,market,insufficient_service_evidence,0,https://www.openstreetmap.org/way/930229621,v2-c829c8f3e2414108
osm:way:932101144,Vườn hoa Phạm Khắc Quảng,Hà Nội,park,insufficient_service_evidence,0,https://www.openstreetmap.org/way/932101144,v2-c829c8f3e2414108
osm:way:934948236,Quán cơm rang phở bò Nam Đinh,Hà Nội,restaurant,insufficient_service_evidence,0,https://www.openstreetmap.org/way/934948236,v2-c829c8f3e2414108
osm:way:934950868,Bia hơi lâm Sung quán,Hà Nội,restaurant,insufficient_service_evidence,0,https://www.openstreetmap.org/way/934950868,v2-c829c8f3e2414108
osm:way:934950869,Quán ăn,Hà Nội,restaurant,insufficient_service_evidence,0,https://www.openstreetmap.org/way/934950869,v2-c829c8f3e2414108
osm:way:935011368,Cửa hàng vịt quay,Hà Nội,restaurant,insufficient_service_evidence,0,https://www.openstreetmap.org/way/935011368,v2-c829c8f3e2414108
osm:way:939812608,Nhà thờ Hà Đông,Hà Nội,temple,insufficient_service_evidence,0,https://www.openstreetmap.org/way/939812608,v2-c829c8f3e2414108
osm:way:939812622,Chợ Hà Đông,Hà Nội,market,insufficient_service_evidence,0,https://www.openstreetmap.org/way/939812622,v2-c829c8f3e2414108
osm:way:941901612,Đền Kim Ngưu,Hà Nội,temple,insufficient_service_evidence,0,https://www.openstreetmap.org/way/941901612,v2-c829c8f3e2414108
osm:way:942762464,Vườn hoa Phùng Hưng,Hà Nội,park,insufficient_service_evidence,0,https://www.openstreetmap.org/way/942762464,v2-c829c8f3e2414108
osm:way:943911446,Chợ Thái Hà,Hà Nội,market,insufficient_service_evidence,0,https://www.openstreetmap.org/way/943911446,v2-c829c8f3e2414108
osm:way:944100695,Chùa Khuyến Lương,Hà Nội,temple,insufficient_service_evidence,0,https://www.openstreetmap.org/way/944100695,v2-c829c8f3e2414108
osm:way:944513319,Nhà thờ Hàm Long,Hà Nội,temple,insufficient_service_evidence,0,https://www.openstreetmap.org/way/944513319,v2-c829c8f3e2414108
osm:way:944825022,Refined,Hà Nội,cafe,insufficient_service_evidence,0,https://www.openstreetmap.org/way/944825022,v2-c829c8f3e2414108
osm:way:947089943,Đền Kim Liên,Hà Nội,temple,insufficient_service_evidence,0,https://www.openstreetmap.org/way/947089943,v2-c829c8f3e2414108
osm:way:947089976,Nhà thờ Sơn Tây,Hà Nội,temple,insufficient_service_evidence,0,https://www.openstreetmap.org/way/947089976,v2-c829c8f3e2414108
osm:way:951420405,Nhà thờ Sơn Lộc,Hà Nội,temple,insufficient_service_evidence,0,https://www.openstreetmap.org/way/951420405,v2-c829c8f3e2414108
osm:way:951694398,Chùa Bà,Hà Nội,temple,insufficient_service_evidence,0,https://www.openstreetmap.org/way/951694398,v2-c829c8f3e2414108
osm:way:957452577,Chợ Kim Giang,Hà Nội,market,insufficient_service_evidence,0,https://www.openstreetmap.org/way/957452577,v2-c829c8f3e2414108
osm:way:958560268,PTIT Canteen,Hà Nội,restaurant,insufficient_service_evidence,0,https://www.openstreetmap.org/way/958560268,v2-c829c8f3e2414108
osm:way:959985390,Vườn hoa Thị trấn Yên Viên,Hà Nội,park,insufficient_service_evidence,0,https://www.openstreetmap.org/way/959985390,v2-c829c8f3e2414108
osm:way:959988676,Vườn đình Lã Côi,Hà Nội,park,insufficient_service_evidence,0,https://www.openstreetmap.org/way/959988676,v2-c829c8f3e2414108
osm:way:960170470,Khu vui chơi,Hà Nội,park,insufficient_service_evidence,0,https://www.openstreetmap.org/way/960170470,v2-c829c8f3e2414108
osm:way:960170705,Nhà tưởng niệm Chủ tịch Hồ Chí Minh,Hà Nội,temple,insufficient_service_evidence,0,https://www.openstreetmap.org/way/960170705,v2-c829c8f3e2414108
osm:way:960170728,Nhà bia tưởng niệm,Hà Nội,temple,insufficient_service_evidence,0,https://www.openstreetmap.org/way/960170728,v2-c829c8f3e2414108
osm:way:960175617,Chùa Sùng Ân (Cũ),Hà Nội,temple,insufficient_service_evidence,0,https://www.openstreetmap.org/way/960175617,v2-c829c8f3e2414108
osm:way:961664400,Vườn hoa Chợ Phúc Đồng,Hà Nội,park,insufficient_service_evidence,0,https://www.openstreetmap.org/way/961664400,v2-c829c8f3e2414108
osm:way:961973763,Công viên Đầm Rong,Đà Nẵng,park,insufficient_service_evidence,0,https://www.openstreetmap.org/way/961973763,v2-c829c8f3e2414108
osm:way:961973996,Công viên Thanh Bình,Đà Nẵng,park,insufficient_service_evidence,0,https://www.openstreetmap.org/way/961973996,v2-c829c8f3e2414108
osm:way:962108578,Vườn hoa Phụ nữ tự quản,Hà Nội,park,insufficient_service_evidence,0,https://www.openstreetmap.org/way/962108578,v2-c829c8f3e2414108
osm:way:962129075,Công viên Hà Thân,Đà Nẵng,park,insufficient_service_evidence,0,https://www.openstreetmap.org/way/962129075,v2-c829c8f3e2414108
osm:way:962129076,Công viên An Hải,Đà Nẵng,park,insufficient_service_evidence,0,https://www.openstreetmap.org/way/962129076,v2-c829c8f3e2414108
osm:way:962129077,Công viên An Nhơn,Đà Nẵng,park,insufficient_service_evidence,0,https://www.openstreetmap.org/way/962129077,v2-c829c8f3e2414108
osm:way:962129078,Công viên An Nhơn,Đà Nẵng,park,insufficient_service_evidence,0,https://www.openstreetmap.org/way/962129078,v2-c829c8f3e2414108
osm:way:962129079,Công viên K20,Đà Nẵng,park,insufficient_service_evidence,0,https://www.openstreetmap.org/way/962129079,v2-c829c8f3e2414108
osm:way:962130353,Công viên Hồ Nghinh,Đà Nẵng,park,insufficient_service_evidence,0,https://www.openstreetmap.org/way/962130353,v2-c829c8f3e2414108
osm:way:962134784,Công viên Lê Cơ,Đà Nẵng,park,insufficient_service_evidence,0,https://www.openstreetmap.org/way/962134784,v2-c829c8f3e2414108
osm:way:962134785,Quảng trường Tượng Đài,Đà Nẵng,park,insufficient_service_evidence,0,https://www.openstreetmap.org/way/962134785,v2-c829c8f3e2414108
osm:way:962831140,XU Kafe,Hà Nội,cafe,insufficient_service_evidence,0,https://www.openstreetmap.org/way/962831140,v2-c829c8f3e2414108
osm:way:9635893,Đầm Đông,Hà Nội,park,insufficient_service_evidence,0,https://www.openstreetmap.org/way/9635893,v2-c829c8f3e2414108
osm:way:964908494,Nhà tưởng niệm Liệt sĩ phường Phú Thượng,Hà Nội,historic,insufficient_service_evidence,0,https://www.openstreetmap.org/way/964908494,v2-c829c8f3e2414108
osm:way:965690839,Bay Buffet,Hà Nội,restaurant,insufficient_service_evidence,0,https://www.openstreetmap.org/way/965690839,v2-c829c8f3e2414108
osm:way:965816709,Chợ Trung Hoà,Hà Nội,market,insufficient_service_evidence,0,https://www.openstreetmap.org/way/965816709,v2-c829c8f3e2414108
osm:way:965856881,Sân chơi Trung Kính Hạ,Hà Nội,park,insufficient_service_evidence,0,https://www.openstreetmap.org/way/965856881,v2-c829c8f3e2414108
osm:way:965945328,Chợ Trung Kính,Hà Nội,market,insufficient_service_evidence,0,https://www.openstreetmap.org/way/965945328,v2-c829c8f3e2414108
osm:way:966381879,Đại Mạch Beer,Hà Nội,restaurant,insufficient_service_evidence,0,https://www.openstreetmap.org/way/966381879,v2-c829c8f3e2414108
osm:way:966750005,Công viên Thanh Niên,Đà Nẵng,park,insufficient_service_evidence,0,https://www.openstreetmap.org/way/966750005,v2-c829c8f3e2414108
osm:way:967022598,Chợ làng Miêu Nha,Hà Nội,market,insufficient_service_evidence,0,https://www.openstreetmap.org/way/967022598,v2-c829c8f3e2414108
osm:way:977375277,Đình Nam Đồng,Hà Nội,temple,insufficient_service_evidence,0,https://www.openstreetmap.org/way/977375277,v2-c829c8f3e2414108
osm:way:977375279,Vườn hoa Đào Duy Anh,Hà Nội,park,insufficient_service_evidence,0,https://www.openstreetmap.org/way/977375279,v2-c829c8f3e2414108
osm:way:993260889,Coffee Lagare,Đà Nẵng,cafe,insufficient_service_evidence,0,https://www.openstreetmap.org/way/993260889,v2-c829c8f3e2414108
osm:way:993444957,CỘI NGUỒN COFFEE,Đà Nẵng,cafe,insufficient_service_evidence,0,https://www.openstreetmap.org/way/993444957,v2-c829c8f3e2414108
osm:way:993445260,Cà phê Quý Linh,Đà Nẵng,cafe,insufficient_service_evidence,0,https://www.openstreetmap.org/way/993445260,v2-c829c8f3e2414108
osm:way:993445627,Quán phở Vĩnh Phúc,Đà Nẵng,restaurant,insufficient_service_evidence,0,https://www.openstreetmap.org/way/993445627,v2-c829c8f3e2414108
