poi_id,short_minutes,typical_minutes,long_minutes,method,observation_id,verified_at
osm:node:1000087403,30,60,90,category_default,,
osm:node:10004148417,30,60,120,category_default,,
osm:node:10004148517,30,60,120,category_default,,
osm:node:10009157772,30,60,120,category_default,,
osm:node:10009461845,30,60,120,category_default,,
osm:node:1001114513,30,60,120,category_default,,
osm:node:10065432663,20,45,90,category_default,,
osm:node:10091771745,20,45,75,category_default,,
osm:node:10133138818,30,60,120,category_default,,
osm:node:10133150917,30,60,120,category_default,,
osm:node:10154412164,180,300,480,category_default,,
osm:node:1016630582,30,60,120,category_default,,
osm:node:1016631030,30,60,120,category_default,,
osm:node:1016631101,30,60,120,category_default,,
osm:node:10167435017,20,45,90,category_default,,
osm:node:10171278941,20,45,90,category_default,,
osm:node:10175727317,30,60,120,category_default,,
osm:node:10178512817,20,45,75,category_default,,
osm:node:10178549417,20,45,90,category_default,,
osm:node:10220706854,20,45,90,category_default,,
osm:node:10220706862,30,60,120,category_default,,
osm:node:10221070956,20,45,90,category_default,,
osm:node:10223608917,15,30,45,category_default,,
osm:node:10239659651,30,60,120,category_default,,
osm:node:10239678722,30,60,120,category_default,,
osm:node:10239685067,30,60,120,category_default,,
osm:node:10259377070,30,60,90,category_default,,
osm:node:10272437963,20,45,90,category_default,,
osm:node:10277216343,20,45,75,category_default,,
osm:node:10277781610,20,45,90,category_default,,
osm:node:10279641740,30,60,120,category_default,,
osm:node:10291730841,30,60,120,category_default,,
osm:node:10311880271,20,45,75,category_default,,
osm:node:10311880272,20,45,75,category_default,,
osm:node:10311880273,20,45,75,category_default,,
osm:node:10311880274,20,45,75,category_default,,
osm:node:10311880275,20,45,75,category_default,,
osm:node:10311880276,20,45,75,category_default,,
osm:node:10311880277,20,45,75,category_default,,
osm:node:10311880278,20,45,75,category_default,,
osm:node:10314270710,15,30,45,category_default,,
osm:node:10314905409,30,60,120,category_default,,
osm:node:1036552571,30,60,120,category_default,,
osm:node:1037736905,20,45,75,category_default,,
osm:node:1037737078,20,45,75,category_default,,
osm:node:1037737131,20,45,75,category_default,,
osm:node:1037737163,20,45,75,category_default,,
osm:node:1037737181,20,45,75,category_default,,
osm:node:1037737215,20,45,75,category_default,,
osm:node:1037737395,20,45,75,category_default,,
osm:node:10538442209,15,30,45,category_default,,
osm:node:10538947209,30,60,120,category_default,,
osm:node:10548902010,30,60,120,category_default,,
osm:node:10565072143,15,30,45,category_default,,
osm:node:10574508512,20,45,90,category_default,,
osm:node:10574519041,20,45,90,category_default,,
osm:node:10574527141,30,60,120,category_default,,
osm:node:10574535587,30,60,120,category_default,,
osm:node:10574606584,20,45,75,category_default,,
osm:node:10574657689,20,45,75,category_default,,
osm:node:10579241729,20,45,75,category_default,,
osm:node:10603622205,30,60,120,category_default,,
osm:node:10605991202,20,45,75,category_default,,
osm:node:10608268024,20,45,75,category_default,,
osm:node:10610602506,30,60,120,category_default,,
osm:node:10610632105,30,60,120,category_default,,
osm:node:10635540903,20,45,75,category_default,,
osm:node:10647941388,15,30,45,category_default,,
osm:node:10686251942,30,60,120,category_default,,
osm:node:10707281480,20,45,75,category_default,,
osm:node:10707281481,20,45,90,category_default,,
osm:node:10707281482,20,45,90,category_default,,
osm:node:10707281483,20,45,90,category_default,,
osm:node:10707300738,20,45,75,category_default,,
osm:node:10709724108,60,120,180,category_default,,
osm:node:10709724109,60,120,180,category_default,,
osm:node:10709724110,60,120,180,category_default,,
osm:node:10709724111,30,60,120,category_default,,
osm:node:10709724112,30,60,120,category_default,,
osm:node:10709724113,30,60,120,category_default,,
osm:node:10709724408,60,120,180,category_default,,
osm:node:10709724409,30,60,120,category_default,,
osm:node:10709724410,30,60,120,category_default,,
osm:node:10709724411,30,60,120,category_default,,
osm:node:10709724412,30,60,120,category_default,,
osm:node:10709724413,30,60,120,category_default,,
osm:node:10709724414,30,60,120,category_default,,
osm:node:10709724415,30,60,120,category_default,,
osm:node:10709724416,30,60,120,category_default,,
osm:node:10709724417,30,60,120,category_default,,
osm:node:10709724418,30,60,120,category_default,,
osm:node:10709724419,30,60,120,category_default,,
osm:node:10709724420,30,60,120,category_default,,
osm:node:10709724421,60,120,180,category_default,,
osm:node:10709738005,30,60,120,category_default,,
osm:node:10709738006,60,120,180,category_default,,
osm:node:10709738007,30,60,120,category_default,,
osm:node:10709738008,30,60,120,category_default,,
osm:node:10709738009,30,60,120,category_default,,
osm:node:10709738010,30,60,120,category_default,,
osm:node:10709738012,30,60,120,category_default,,
osm:node:10709738013,30,60,120,category_default,,
osm:node:10709738014,30,60,120,category_default,,
osm:node:10709738015,30,60,120,category_default,,
osm:node:10709738016,30,60,120,category_default,,
osm:node:10709738105,30,60,120,category_default,,
osm:node:10709738107,30,60,120,category_default,,
osm:node:10709738108,30,60,120,category_default,,
osm:node:10709738109,30,60,120,category_default,,
osm:node:10709738405,60,120,180,category_default,,
osm:node:10709738705,30,60,120,category_default,,
osm:node:10709738905,30,60,120,category_default,,
osm:node:10709762806,20,45,90,category_default,,
osm:node:10711731005,20,45,90,category_default,,
osm:node:10712262605,20,45,90,category_default,,
osm:node:10712524505,20,45,90,category_default,,
osm:node:10712612458,20,45,90,category_default,,
osm:node:10712612459,20,45,90,category_default,,
osm:node:10712612460,20,45,90,category_default,,
osm:node:10718504505,20,45,75,category_default,,
osm:node:10723109605,20,45,90,category_default,,
osm:node:10723988763,20,45,75,category_default,,
osm:node:10729928005,30,60,120,category_default,,
osm:node:10730844051,20,45,90,category_default,,
osm:node:10734404175,20,45,90,category_default,,
osm:node:10734441888,20,45,90,category_default,,
osm:node:10734446093,20,45,90,category_default,,
osm:node:10735327950,20,45,75,category_default,,
osm:node:10736277208,30,60,120,category_default,,
osm:node:10738737005,20,45,90,category_default,,
osm:node:10743134758,30,60,120,category_default,,
osm:node:10749670321,20,45,90,category_default,,
osm:node:10750215115,20,45,75,category_default,,
osm:node:10756203755,30,60,120,category_default,,
osm:node:10758119407,30,60,120,category_default,,
osm:node:10759118855,30,60,120,category_default,,
osm:node:10767471110,30,60,120,category_default,,
osm:node:10771244591,20,45,75,category_default,,
osm:node:10771244668,30,60,120,category_default,,
osm:node:1077141940,20,45,75,category_default,,
osm:node:10775141905,30,60,120,category_default,,
osm:node:10775392105,30,60,120,category_default,,
osm:node:10780064931,20,45,75,category_default,,
osm:node:10780143806,20,45,90,category_default,,
osm:node:10784689992,20,45,90,category_default,,
osm:node:10784770501,20,45,75,category_default,,
osm:node:10793078957,20,45,75,category_default,,
osm:node:10796214322,20,45,90,category_default,,
osm:node:10796252680,20,45,90,category_default,,
osm:node:10796252681,20,45,90,category_default,,
osm:node:10796252682,20,45,90,category_default,,
osm:node:10796252683,20,45,90,category_default,,
osm:node:10796591857,30,60,120,category_default,,
osm:node:10796640412,20,45,90,category_default,,
osm:node:10796642592,20,45,90,category_default,,
osm:node:10796648604,30,60,120,category_default,,
osm:node:10796653112,20,45,90,category_default,,
osm:node:10796653113,20,45,90,category_default,,
osm:node:10796676851,20,45,90,category_default,,
osm:node:10796684358,20,45,90,category_default,,
osm:node:10798543042,20,45,90,category_default,,
osm:node:10798553205,20,45,90,category_default,,
osm:node:10799378372,20,45,90,category_default,,
osm:node:10799421189,20,45,90,category_default,,
osm:node:10799449017,20,45,90,category_default,,
osm:node:10799462574,20,45,90,category_default,,
osm:node:10799535502,20,45,90,category_default,,
osm:node:10799543263,20,45,90,category_default,,
osm:node:10799545886,20,45,90,category_default,,
osm:node:10799553236,20,45,90,category_default,,
osm:node:10799568891,20,45,90,category_default,,
osm:node:10799569664,20,45,90,category_default,,
osm:node:10799659819,20,45,90,category_default,,
osm:node:10799695714,20,45,90,category_default,,
osm:node:10800986234,30,60,120,category_default,,
osm:node:10816220134,20,45,90,category_default,,
osm:node:10816246751,20,45,90,category_default,,
osm:node:10816286901,20,45,90,category_default,,
osm:node:10816289725,20,45,90,category_default,,
osm:node:10816357834,20,45,90,category_default,,
osm:node:10820761946,20,45,90,category_default,,
osm:node:10820819105,30,60,120,category_default,,
osm:node:10821152105,30,60,120,category_default,,
osm:node:10821817401,20,45,90,category_default,,
osm:node:10828803976,15,30,45,category_default,,
osm:node:10830817805,30,60,120,category_default,,
osm:node:10831348406,30,60,120,category_default,,
osm:node:10833873535,30,60,120,category_default,,
osm:node:10839104679,20,45,90,category_default,,
osm:node:10839148596,20,45,90,category_default,,
osm:node:10839148972,20,45,90,category_default,,
osm:node:10839162706,20,45,90,category_default,,
osm:node:10845755547,15,30,45,category_default,,
osm:node:10855401087,20,45,90,category_default,,
osm:node:10855401101,20,45,90,category_default,,
osm:node:10855443206,20,45,90,category_default,,
osm:node:10855443210,20,45,90,category_default,,
osm:node:10856178288,20,45,90,category_default,,
osm:node:10856178293,20,45,90,category_default,,
osm:node:10856178304,20,45,90,category_default,,
osm:node:10856207109,20,45,90,category_default,,
osm:node:10856207114,20,45,90,category_default,,
osm:node:10856207119,20,45,90,category_default,,
osm:node:10856207127,20,45,90,category_default,,
osm:node:10856722509,20,45,90,category_default,,
osm:node:10860397055,20,45,90,category_default,,
osm:node:10872867309,20,45,90,category_default,,
osm:node:10875149933,20,45,90,category_default,,
osm:node:10895510913,20,45,90,category_default,,
osm:node:10927941369,20,45,90,category_default,,
osm:node:10928954005,30,60,120,category_default,,
osm:node:10932654353,20,45,90,category_default,,
osm:node:10932765436,20,45,90,category_default,,
osm:node:10932916144,30,60,120,category_default,,
osm:node:10967377350,20,45,90,category_default,,
osm:node:10967377351,20,45,90,category_default,,
osm:node:10967377352,20,45,90,category_default,,
osm:node:10967377372,20,45,90,category_default,,
osm:node:10967377396,20,45,90,category_default,,
osm:node:10969478979,30,60,120,category_default,,
osm:node:10988967691,20,45,75,category_default,,
osm:node:10989649005,30,60,120,category_default,,
osm:node:10992357078,20,45,75,category_default,,
osm:node:11018205222,20,45,90,category_default,,
osm:node:11018657148,20,45,90,category_default,,
osm:node:11025266969,20,45,90,category_default,,
osm:node:11025863783,20,45,75,category_default,,
osm:node:11039739472,20,45,90,category_default,,
osm:node:11040495502,30,60,90,category_default,,
osm:node:11043564235,20,45,75,category_default,,
osm:node:11043816631,20,45,75,category_default,,
osm:node:11044136617,20,45,90,category_default,,
osm:node:11044136618,20,45,90,category_default,,
osm:node:11044136619,20,45,90,category_default,,
osm:node:11044136620,20,45,90,category_default,,
osm:node:11044136621,20,45,90,category_default,,
osm:node:11044136622,20,45,75,category_default,,
osm:node:11044136623,20,45,90,category_default,,
osm:node:11044254016,20,45,90,category_default,,
osm:node:11044254017,20,45,90,category_default,,
osm:node:11046773515,20,45,90,category_default,,
osm:node:11046773516,20,45,90,category_default,,
osm:node:11046773517,20,45,90,category_default,,
osm:node:11046773533,20,45,90,category_default,,
osm:node:11046773534,20,45,90,category_default,,
osm:node:11046773535,20,45,90,category_default,,
osm:node:11046777432,30,60,120,category_default,,
osm:node:11047634305,30,60,120,category_default,,
osm:node:11048038005,30,60,120,category_default,,
osm:node:11048905175,20,45,90,category_default,,
osm:node:11048925184,20,45,90,category_default,,
osm:node:11048928332,20,45,90,category_default,,
osm:node:11048945454,20,45,90,category_default,,
osm:node:11048956624,20,45,90,category_default,,
osm:node:11048964321,20,45,90,category_default,,
osm:node:11052012805,30,60,120,category_default,,
osm:node:11052113104,30,60,120,category_default,,
osm:node:11052129961,20,45,90,category_default,,
osm:node:11054418024,20,45,90,category_default,,
osm:node:11054429258,20,45,90,category_default,,
osm:node:11054434696,30,60,120,category_default,,
osm:node:11054448200,20,45,90,category_default,,
osm:node:11056012164,30,60,120,category_default,,
osm:node:11056126202,20,45,90,category_default,,
osm:node:11056339475,20,45,90,category_default,,
osm:node:11056355060,20,45,90,category_default,,
osm:node:11056363251,20,45,75,category_default,,
osm:node:11056396325,20,45,90,category_default,,
osm:node:11056420243,20,45,90,category_default,,
osm:node:11056423853,20,45,90,category_default,,
osm:node:11056430479,20,45,90,category_default,,
osm:node:11056431339,20,45,90,category_default,,
osm:node:11056438888,20,45,90,category_default,,
osm:node:11056445882,20,45,90,category_default,,
osm:node:11056450283,20,45,90,category_default,,
osm:node:11056491237,20,45,90,category_default,,
osm:node:11056491238,20,45,75,category_default,,
osm:node:11056540263,20,45,90,category_default,,
osm:node:11056551715,20,45,90,category_default,,
osm:node:11056561135,20,45,90,category_default,,
osm:node:11058996842,20,45,90,category_default,,
osm:node:11063430386,20,45,90,category_default,,
osm:node:11063450896,20,45,90,category_default,,
osm:node:11073528059,20,45,90,category_default,,
osm:node:11073572858,20,45,90,category_default,,
osm:node:11073693960,20,45,90,category_default,,
osm:node:11073697318,20,45,90,category_default,,
osm:node:11076315747,20,45,90,category_default,,
osm:node:11076379963,20,45,90,category_default,,
osm:node:11081071414,30,60,120,category_default,,
osm:node:11086025940,20,45,75,category_default,,
osm:node:11091242593,20,45,90,category_default,,
osm:node:11093760288,20,45,90,category_default,,
osm:node:11093760290,20,45,90,category_default,,
osm:node:11093760291,20,45,90,category_default,,
osm:node:11093760299,20,45,90,category_default,,
osm:node:11096450829,30,60,120,category_default,,
osm:node:11096452341,20,45,90,category_default,,
osm:node:11096953847,20,45,90,category_default,,
osm:node:11097001144,20,45,90,category_default,,
osm:node:11097032156,20,45,90,category_default,,
osm:node:11097038893,20,45,90,category_default,,
osm:node:11097045304,20,45,75,category_default,,
osm:node:11097050855,20,45,90,category_default,,
osm:node:11097050863,20,45,90,category_default,,
osm:node:11097060483,20,45,90,category_default,,
osm:node:11097098444,20,45,90,category_default,,
osm:node:11101746405,20,45,90,category_default,,
osm:node:11110989130,20,45,90,category_default,,
osm:node:11111015684,20,45,90,category_default,,
osm:node:11111015782,20,45,90,category_default,,
osm:node:11111016085,20,45,90,category_default,,
osm:node:11111020884,20,45,75,category_default,,
osm:node:11111021645,20,45,90,category_default,,
osm:node:11111025710,20,45,90,category_default,,
osm:node:11111028937,20,45,90,category_default,,
osm:node:11112006405,30,60,120,category_default,,
osm:node:11112363004,20,45,90,category_default,,
osm:node:11112363682,20,45,90,category_default,,
osm:node:11112383412,20,45,90,category_default,,
osm:node:11112385428,20,45,90,category_default,,
osm:node:11112387932,20,45,90,category_default,,
osm:node:11112390649,20,45,90,category_default,,
osm:node:11112399942,20,45,90,category_default,,
osm:node:11112399943,20,45,90,category_default,,
osm:node:11112423718,20,45,90,category_default,,
osm:node:11115168859,20,45,75,category_default,,
osm:node:11118007501,20,45,90,category_default,,
osm:node:11118022591,20,45,90,category_default,,
osm:node:11119571878,20,45,90,category_default,,
osm:node:11119576393,20,45,90,category_default,,
osm:node:11119581847,20,45,90,category_default,,
osm:node:11119582321,20,45,90,category_default,,
osm:node:11119587343,20,45,90,category_default,,
osm:node:11119612420,20,45,90,category_default,,
osm:node:11123066994,20,45,90,category_default,,
osm:node:11123083197,20,45,90,category_default,,
osm:node:11123092310,20,45,90,category_default,,
osm:node:11123151698,20,45,90,category_default,,
osm:node:11140223636,15,30,45,category_default,,
osm:node:11140223637,15,30,45,category_default,,
osm:node:11140223638,20,45,90,category_default,,
osm:node:11140224953,15,30,45,category_default,,
osm:node:11140224954,15,30,45,category_default,,
osm:node:11140224955,15,30,45,category_default,,
osm:node:11146341765,20,45,90,category_default,,
osm:node:11150092705,180,300,480,category_default,,
osm:node:11153615402,20,45,90,category_default,,
osm:node:11153667509,20,45,90,category_default,,
osm:node:11159482422,20,45,90,category_default,,
osm:node:11159482642,20,45,90,category_default,,
osm:node:11159489778,20,45,90,category_default,,
osm:node:11159493226,20,45,90,category_default,,
osm:node:11160583732,20,45,75,category_default,,
osm:node:11160697951,20,45,90,category_default,,
osm:node:11161070774,30,60,120,category_default,,
osm:node:11161070775,30,60,120,category_default,,
osm:node:11162911005,20,45,90,category_default,,
osm:node:11163115162,20,45,90,category_default,,
osm:node:11166198530,20,45,75,category_default,,
osm:node:11166198534,20,45,75,category_default,,
osm:node:11171564836,30,60,120,category_default,,
osm:node:11174383670,20,45,90,category_default,,
osm:node:11174401448,30,60,120,category_default,,
osm:node:11176025737,30,60,120,category_default,,
osm:node:11183671105,20,45,90,category_default,,
osm:node:11184931964,20,45,90,category_default,,
osm:node:11212153237,30,60,120,category_default,,
osm:node:11217538773,30,60,120,category_default,,
osm:node:11225280530,20,45,90,category_default,,
osm:node:11225288584,20,45,90,category_default,,
osm:node:11240343026,20,45,90,category_default,,
osm:node:11240584042,20,45,90,category_default,,
osm:node:11240614001,20,45,90,category_default,,
osm:node:11240653265,20,45,90,category_default,,
osm:node:11244150989,20,45,90,category_default,,
osm:node:11244171528,20,45,90,category_default,,
osm:node:11244176474,20,45,90,category_default,,
osm:node:11244192784,20,45,90,category_default,,
osm:node:11244194667,20,45,90,category_default,,
osm:node:11244195675,20,45,90,category_default,,
osm:node:11244204923,20,45,90,category_default,,
osm:node:11244217845,20,45,90,category_default,,
osm:node:11244223563,20,45,90,category_default,,
osm:node:11244238672,20,45,90,category_default,,
osm:node:11244242286,20,45,90,category_default,,
osm:node:11244255861,20,45,90,category_default,,
osm:node:11245967231,20,45,90,category_default,,
osm:node:11248390446,20,45,90,category_default,,
osm:node:11250446698,20,45,90,category_default,,
osm:node:11259291337,30,60,120,category_default,,
osm:node:11263075942,30,60,120,category_default,,
osm:node:11274966991,20,45,75,category_default,,
osm:node:11277700998,20,45,90,category_default,,
osm:node:11277713393,20,45,90,category_default,,
osm:node:11277717735,20,45,90,category_default,,
osm:node:11277721776,20,45,90,category_default,,
osm:node:11277729326,20,45,90,category_default,,
osm:node:11277737015,20,45,90,category_default,,
osm:node:11277754062,20,45,90,category_default,,
osm:node:11338749963,20,45,75,category_default,,
osm:node:11341398688,30,60,120,category_default,,
osm:node:11341424942,30,60,120,category_default,,
osm:node:11343699081,30,60,120,category_default,,
osm:node:11347697643,30,60,120,category_default,,
osm:node:11348058704,30,60,120,category_default,,
osm:node:11357973669,20,45,90,category_default,,
osm:node:11358233673,20,45,90,category_default,,
osm:node:11358473366,20,45,90,category_default,,
osm:node:11358486153,20,45,90,category_default,,
osm:node:11358487812,20,45,90,category_default,,
osm:node:11358488344,20,45,90,category_default,,
osm:node:11358490586,20,45,90,category_default,,
osm:node:11358499279,20,45,90,category_default,,
osm:node:11359603957,30,60,120,category_default,,
osm:node:11359764269,20,45,90,category_default,,
osm:node:11363370469,20,45,90,category_default,,
osm:node:11364453555,20,45,90,category_default,,
osm:node:11365555079,30,60,120,category_default,,
osm:node:11365637664,20,45,90,category_default,,
osm:node:11374783349,30,60,120,category_default,,
osm:node:11374805869,30,60,120,category_default,,
osm:node:11377884269,15,30,45,category_default,,
osm:node:11377886669,30,60,120,category_default,,
osm:node:11380795344,20,45,90,category_default,,
osm:node:11380837152,20,45,90,category_default,,
osm:node:11380838968,20,45,90,category_default,,
osm:node:11381050648,30,60,120,category_default,,
osm:node:11381478773,20,45,90,category_default,,
osm:node:11381478774,20,45,90,category_default,,
osm:node:11381478775,20,45,90,category_default,,
osm:node:11384975469,15,30,45,category_default,,
osm:node:11387469601,20,45,75,category_default,,
osm:node:11387521567,30,60,120,category_default,,
osm:node:11395352269,30,60,120,category_default,,
osm:node:11395352270,20,45,90,category_default,,
osm:node:11395352271,20,45,90,category_default,,
osm:node:11395352369,20,45,90,category_default,,
osm:node:11395352469,20,45,90,category_default,,
osm:node:11395354269,30,60,120,category_default,,
osm:node:11395378829,30,60,120,category_default,,
osm:node:11397903985,20,45,75,category_default,,
osm:node:11411521069,20,45,75,category_default,,
osm:node:11425562478,15,30,45,category_default,,
osm:node:11425582714,15,30,45,category_default,,
osm:node:11430381711,30,60,120,category_default,,
osm:node:11443521788,30,60,120,category_default,,
osm:node:11443633856,20,45,75,category_default,,
osm:node:11445446947,20,45,75,category_default,,
osm:node:11445799012,20,45,75,category_default,,
osm:node:11449076782,30,60,120,category_default,,
osm:node:11449233337,30,60,90,category_default,,
osm:node:11454596869,20,45,90,category_default,,
osm:node:11456168073,20,45,75,category_default,,
osm:node:11459629374,30,60,120,category_default,,
osm:node:11472257346,30,60,120,category_default,,
osm:node:11478369608,30,60,120,category_default,,
osm:node:11493069470,20,45,90,category_default,,
osm:node:11493075069,20,45,90,category_default,,
osm:node:11494544919,20,45,75,category_default,,
osm:node:11496910093,20,45,75,category_default,,
osm:node:11502465296,20,45,75,category_default,,
osm:node:11502465299,20,45,75,category_default,,
osm:node:11505397854,20,45,75,category_default,,
osm:node:11506119911,30,60,120,category_default,,
osm:node:11506138278,30,60,120,category_default,,
osm:node:11508230669,20,45,90,category_default,,
osm:node:11508264669,20,45,75,category_default,,
osm:node:11515859469,30,60,120,category_default,,
osm:node:11518277369,20,45,90,category_default,,
osm:node:1152312963,20,45,90,category_default,,
osm:node:1152313117,20,45,90,category_default,,
osm:node:1152318438,20,45,90,category_default,,
osm:node:1152319884,20,45,90,category_default,,
osm:node:1152345096,20,45,75,category_default,,
osm:node:1152347449,20,45,90,category_default,,
osm:node:1152349231,20,45,90,category_default,,
osm:node:1152350875,30,60,120,category_default,,
osm:node:1152350935,20,45,90,category_default,,
osm:node:11527158960,20,45,75,category_default,,
osm:node:11527179496,20,45,75,category_default,,
osm:node:11528311823,20,45,90,category_default,,
osm:node:11528323528,20,45,90,category_default,,
osm:node:11528348144,20,45,90,category_default,,
osm:node:11528364452,20,45,90,category_default,,
osm:node:11528364473,20,45,90,category_default,,
osm:node:11528392428,20,45,90,category_default,,
osm:node:11528399087,20,45,90,category_default,,
osm:node:11533140869,30,60,120,category_default,,
osm:node:11534640150,20,45,75,category_default,,
osm:node:11535954294,20,45,90,category_default,,
osm:node:11536088538,20,45,90,category_default,,
osm:node:11536736969,30,60,120,category_default,,
osm:node:11538581577,20,45,90,category_default,,
osm:node:11540487237,20,45,90,category_default,,
osm:node:11540533710,20,45,90,category_default,,
osm:node:11555496744,20,45,75,category_default,,
osm:node:11563319766,15,30,45,category_default,,
osm:node:11575442748,30,60,120,category_default,,
osm:node:11581690669,20,45,90,category_default,,
osm:node:11581700332,20,45,75,category_default,,
osm:node:11586091345,20,45,75,category_default,,
osm:node:11596828663,20,45,75,category_default,,
osm:node:11598941137,15,30,45,category_default,,
osm:node:11601268350,30,60,120,category_default,,
osm:node:11607645669,15,30,45,category_default,,
osm:node:1160978742,15,30,45,category_default,,
osm:node:11617175975,30,60,120,category_default,,
osm:node:11618566160,20,45,75,category_default,,
osm:node:11619001235,15,30,45,category_default,,
osm:node:11620842769,20,45,90,category_default,,
osm:node:11621684847,20,45,90,category_default,,
osm:node:11630422969,30,60,120,category_default,,
osm:node:11634634900,30,60,120,category_default,,
osm:node:11636607297,20,45,75,category_default,,
osm:node:11637284769,20,45,90,category_default,,
osm:node:11637285469,20,45,90,category_default,,
osm:node:11638253376,30,60,120,category_default,,
osm:node:11640741669,30,60,90,category_default,,
osm:node:11641042169,20,45,90,category_default,,
osm:node:1164597191,30,60,120,category_default,,
osm:node:1166204872,30,60,120,category_default,,
osm:node:11670719092,20,45,75,category_default,,
osm:node:11681012714,30,60,120,category_default,,
osm:node:11691256822,30,60,90,category_default,,
osm:node:11696067917,15,30,45,category_default,,
osm:node:11700124145,20,45,75,category_default,,
osm:node:11701538496,20,45,90,category_default,,
osm:node:11708010270,30,60,120,category_default,,
osm:node:11726654223,20,45,90,category_default,,
osm:node:11729872196,15,30,45,category_default,,
osm:node:11736197269,15,30,45,category_default,,
osm:node:11736210869,15,30,45,category_default,,
osm:node:11750787918,20,45,90,category_default,,
osm:node:11759495569,20,45,75,category_default,,
osm:node:11767974370,15,30,45,category_default,,
osm:node:11767984169,15,30,45,category_default,,
osm:node:11779827836,15,30,45,category_default,,
osm:node:11784634070,20,45,75,category_default,,
osm:node:11784634071,20,45,75,category_default,,
osm:node:11784634072,20,45,75,category_default,,
osm:node:11801745877,20,45,75,category_default,,
osm:node:11813748258,30,60,120,category_default,,
osm:node:11814771669,20,45,75,category_default,,
osm:node:11816423104,20,45,75,category_default,,
osm:node:11817668586,20,45,90,category_default,,
osm:node:11827013649,30,60,120,category_default,,
osm:node:11832500969,15,30,45,category_default,,
osm:node:11841089975,30,60,120,category_default,,
osm:node:11841827858,30,60,120,category_default,,
osm:node:11846546669,15,30,45,category_default,,
osm:node:11847033202,30,60,120,category_default,,
osm:node:11847045481,30,60,120,category_default,,
osm:node:11847880080,20,45,75,category_default,,
osm:node:11850475658,20,45,90,category_default,,
osm:node:11869832472,20,45,75,category_default,,
osm:node:11871599148,30,60,120,category_default,,
osm:node:11879652867,20,45,75,category_default,,
osm:node:11882942765,20,45,90,category_default,,
osm:node:11896339273,30,60,90,category_default,,
osm:node:11906834440,20,45,75,category_default,,
osm:node:11913629654,30,60,120,category_default,,
osm:node:11916349146,30,60,120,category_default,,
osm:node:11916396494,30,60,120,category_default,,
osm:node:11918260737,30,60,120,category_default,,
osm:node:11929829169,60,120,180,category_default,,
osm:node:11934093015,20,45,90,category_default,,
osm:node:11934159272,20,45,90,category_default,,
osm:node:11934169470,30,60,120,category_default,,
osm:node:11946310464,30,60,120,category_default,,
osm:node:11963493410,20,45,75,category_default,,
osm:node:12057863165,20,45,75,category_default,,
osm:node:12071058849,45,90,150,category_default,,
osm:node:12071094464,45,90,150,category_default,,
osm:node:12071560380,45,90,150,category_default,,
osm:node:12090398186,30,60,90,category_default,,
osm:node:12094600125,20,45,90,category_default,,
osm:node:12098937304,20,45,75,category_default,,
osm:node:12100148065,20,45,90,category_default,,
osm:node:12100969988,20,45,90,category_default,,
osm:node:12104269171,30,60,120,category_default,,
osm:node:12104285788,15,30,45,category_default,,
osm:node:12105535245,15,30,45,category_default,,
osm:node:12105554156,15,30,45,category_default,,
osm:node:12105554157,15,30,45,category_default,,
osm:node:12120437216,30,60,120,category_default,,
osm:node:12121873209,20,45,90,category_default,,
osm:node:12123891522,20,45,90,category_default,,
osm:node:12128958634,45,90,150,category_default,,
osm:node:12143146401,20,45,90,category_default,,
osm:node:12143156601,20,45,75,category_default,,
osm:node:12149182464,20,45,90,category_default,,
osm:node:12149255424,20,45,90,category_default,,
osm:node:12149456558,20,45,90,category_default,,
osm:node:12156991363,20,45,90,category_default,,
osm:node:12156991392,20,45,90,category_default,,
osm:node:12156991398,20,45,90,category_default,,
osm:node:12157256608,20,45,75,category_default,,
osm:node:12159797672,20,45,90,category_default,,
osm:node:12167471716,30,60,120,category_default,,
osm:node:12167471717,30,60,120,category_default,,
osm:node:12169260068,20,45,90,category_default,,
osm:node:12187388985,20,45,90,category_default,,
osm:node:12187407317,20,45,90,category_default,,
osm:node:12187452756,20,45,90,category_default,,
osm:node:12187486006,20,45,90,category_default,,
osm:node:12188392056,20,45,90,category_default,,
osm:node:12188426855,20,45,90,category_default,,
osm:node:12188447519,20,45,90,category_default,,
osm:node:12188483628,20,45,90,category_default,,
osm:node:12188488691,20,45,90,category_default,,
osm:node:12188491309,20,45,90,category_default,,
osm:node:12188494494,20,45,90,category_default,,
osm:node:12188496794,20,45,90,category_default,,
osm:node:12188505577,20,45,90,category_default,,
osm:node:12188527256,20,45,90,category_default,,
osm:node:12188528266,30,60,120,category_default,,
osm:node:12192288473,20,45,90,category_default,,
osm:node:12192315272,20,45,90,category_default,,
osm:node:12192359926,20,45,90,category_default,,
osm:node:12192371514,20,45,90,category_default,,
osm:node:12192408631,20,45,90,category_default,,
osm:node:12192411302,20,45,90,category_default,,
osm:node:12193933204,20,45,75,category_default,,
osm:node:12196463120,30,60,120,category_default,,
osm:node:12196575269,20,45,75,category_default,,
osm:node:12208609675,30,60,120,category_default,,
osm:node:12244431198,30,60,120,category_default,,
osm:node:12248299185,20,45,90,category_default,,
osm:node:12250683119,20,45,90,category_default,,
osm:node:12250685359,20,45,90,category_default,,
osm:node:12250687110,20,45,90,category_default,,
osm:node:12250712276,20,45,90,category_default,,
osm:node:12272257836,20,45,90,category_default,,
osm:node:12281167165,20,45,75,category_default,,
osm:node:12284557543,20,45,90,category_default,,
osm:node:12288965901,30,60,120,category_default,,
osm:node:12291548401,15,30,45,category_default,,
osm:node:12293440501,15,30,45,category_default,,
osm:node:12299561532,30,60,120,category_default,,
osm:node:12299561533,30,60,120,category_default,,
osm:node:12309522701,30,60,120,category_default,,
osm:node:12313213499,20,45,90,category_default,,
osm:node:12318159702,30,60,120,category_default,,
osm:node:12319043888,30,60,120,category_default,,
osm:node:12326914066,30,60,120,category_default,,
osm:node:12331134801,30,60,120,category_default,,
osm:node:12334098401,30,60,120,category_default,,
osm:node:12336559101,30,60,120,category_default,,
osm:node:12337455901,30,60,120,category_default,,
osm:node:12343629708,20,45,90,category_default,,
osm:node:12344125229,30,60,120,category_default,,
osm:node:12350371804,30,60,120,category_default,,
osm:node:12351093402,30,60,120,category_default,,
osm:node:12357597944,30,60,120,category_default,,
osm:node:12369171254,20,45,90,category_default,,
osm:node:12369420001,20,45,90,category_default,,
osm:node:12378262524,20,45,75,category_default,,
osm:node:12382639867,20,45,75,category_default,,
osm:node:12404222239,20,45,90,category_default,,
osm:node:12404434601,30,60,120,category_default,,
osm:node:12411930072,20,45,75,category_default,,
osm:node:12433396861,30,60,120,category_default,,
osm:node:12441398184,30,60,120,category_default,,
osm:node:12442016001,30,60,120,category_default,,
osm:node:12447043443,20,45,90,category_default,,
osm:node:12450862520,30,60,120,category_default,,
osm:node:12452511544,20,45,90,category_default,,
osm:node:12454411178,15,30,45,category_default,,
osm:node:12458493963,30,60,120,category_default,,
osm:node:12458510813,20,45,75,category_default,,
osm:node:12470652010,30,60,120,category_default,,
osm:node:12473783268,20,45,75,category_default,,
osm:node:12476776462,20,45,90,category_default,,
osm:node:12478401301,30,60,120,category_default,,
osm:node:12480444201,15,30,45,category_default,,
osm:node:12483905101,30,60,120,category_default,,
osm:node:12484110701,30,60,120,category_default,,
osm:node:12492157862,30,60,120,category_default,,
osm:node:12492265364,30,60,120,category_default,,
osm:node:12492265365,30,60,120,category_default,,
osm:node:12492265366,30,60,120,category_default,,
osm:node:12492282606,30,60,120,category_default,,
osm:node:12492282607,30,60,120,category_default,,
osm:node:12492282609,30,60,120,category_default,,
osm:node:12492282610,30,60,120,category_default,,
osm:node:12492282611,30,60,120,category_default,,
osm:node:12492282612,30,60,120,category_default,,
osm:node:12492282614,30,60,120,category_default,,
osm:node:12492282615,30,60,120,category_default,,
osm:node:12492282616,30,60,120,category_default,,
osm:node:12492282617,30,60,120,category_default,,
osm:node:12492282618,30,60,120,category_default,,
osm:node:12492282619,30,60,120,category_default,,
osm:node:12492282620,30,60,120,category_default,,
osm:node:12492282621,30,60,120,category_default,,
osm:node:12492282622,30,60,120,category_default,,
osm:node:12492282623,30,60,120,category_default,,
osm:node:12492312457,30,60,120,category_default,,
osm:node:12492312458,30,60,120,category_default,,
osm:node:12492312459,30,60,120,category_default,,
osm:node:12492312460,30,60,120,category_default,,
osm:node:12492312461,30,60,120,category_default,,
osm:node:12492312462,30,60,120,category_default,,
osm:node:12492312463,30,60,120,category_default,,
osm:node:12492312464,30,60,120,category_default,,
osm:node:12492312473,30,60,120,category_default,,
osm:node:12492312475,30,60,120,category_default,,
osm:node:12492312476,30,60,120,category_default,,
osm:node:12492312480,30,60,120,category_default,,
osm:node:12492312481,30,60,120,category_default,,
osm:node:12492312482,30,60,120,category_default,,
osm:node:12495670595,20,45,90,category_default,,
osm:node:12499728344,20,45,90,category_default,,
osm:node:12500002126,20,45,90,category_default,,
osm:node:12500004697,20,45,90,category_default,,
osm:node:12500316128,20,45,90,category_default,,
osm:node:12500320812,20,45,90,category_default,,
osm:node:12505622801,30,60,120,category_default,,
osm:node:12505622803,30,60,120,category_default,,
osm:node:12505622901,30,60,120,category_default,,
osm:node:12505622902,30,60,120,category_default,,
osm:node:12505625301,30,60,120,category_default,,
osm:node:12507462329,30,60,120,category_default,,
osm:node:12511680699,20,45,90,category_default,,
osm:node:12511737401,20,45,90,category_default,,
osm:node:12511801248,30,60,120,category_default,,
osm:node:12529009501,15,30,45,category_default,,
osm:node:12529300901,15,30,45,category_default,,
osm:node:12529301003,15,30,45,category_default,,
osm:node:12533631401,20,45,90,category_default,,
osm:node:12555926214,30,60,90,category_default,,
osm:node:12564327261,20,45,90,category_default,,
osm:node:12568787480,20,45,75,category_default,,
osm:node:12586955114,20,45,90,category_default,,
osm:node:12588871297,20,45,90,category_default,,
osm:node:12603022547,20,45,90,category_default,,
osm:node:12603319867,20,45,90,category_default,,
osm:node:12613087809,15,30,45,category_default,,
osm:node:12617745001,20,45,75,category_default,,
osm:node:12619823329,20,45,90,category_default,,
osm:node:12622064034,30,60,120,category_default,,
osm:node:12622178803,30,60,120,category_default,,
osm:node:12623061376,15,30,45,category_default,,
osm:node:12632851573,30,60,120,category_default,,
osm:node:12635232902,20,45,90,category_default,,
osm:node:12646957834,30,60,120,category_default,,
osm:node:12647208019,30,60,120,category_default,,
osm:node:12647208262,45,90,150,category_default,,
osm:node:12657932601,20,45,75,category_default,,
osm:node:12669561801,30,60,120,category_default,,
osm:node:12669568802,30,60,120,category_default,,
osm:node:12669955901,30,60,90,category_default,,
osm:node:12670465925,15,30,45,category_default,,
osm:node:12677849873,60,120,180,category_default,,
osm:node:12690384420,30,60,120,category_default,,
osm:node:12691287501,30,60,120,category_default,,
osm:node:12701646101,15,30,45,category_default,,
osm:node:12701675501,15,30,45,category_default,,
osm:node:12702192801,20,45,90,category_default,,
osm:node:1270298420,20,45,75,category_default,,
osm:node:1270298492,20,45,75,category_default,,
osm:node:12704133001,20,45,90,category_default,,
osm:node:1271240426,20,45,90,category_default,,
osm:node:12720861001,20,45,90,category_default,,
osm:node:12721839901,20,45,75,category_default,,
osm:node:12721857901,20,45,75,category_default,,
osm:node:12723387900,20,45,90,category_default,,
osm:node:12724702201,20,45,90,category_default,,
osm:node:12724993302,20,45,90,category_default,,
osm:node:12727540402,20,45,75,category_default,,
osm:node:12728010901,20,45,75,category_default,,
osm:node:12728012201,20,45,90,category_default,,
osm:node:12728018501,20,45,75,category_default,,
osm:node:12730462257,20,45,90,category_default,,
osm:node:12733263316,20,45,90,category_default,,
osm:node:12736464457,20,45,75,category_default,,
osm:node:1274146469,20,45,90,category_default,,
osm:node:1274538648,20,45,75,category_default,,
osm:node:1274620669,20,45,75,category_default,,
osm:node:12747186001,30,60,120,category_default,,
osm:node:12747308228,20,45,90,category_default,,
osm:node:12747321063,20,45,90,category_default,,
osm:node:12754289501,20,45,75,category_default,,
osm:node:12756714062,15,30,45,category_default,,
osm:node:12761669401,30,60,120,category_default,,
osm:node:1276258120,15,30,45,category_default,,
osm:node:1276258153,30,60,120,category_default,,
osm:node:1276258233,30,60,120,category_default,,
osm:node:1276258348,30,60,120,category_default,,
osm:node:1276315503,20,45,90,category_default,,
osm:node:1276315588,20,45,75,category_default,,
osm:node:12765645775,20,45,90,category_default,,
osm:node:12766802559,30,60,120,category_default,,
osm:node:1276747548,20,45,90,category_default,,
osm:node:12767619601,30,60,120,category_default,,
osm:node:12767619701,15,30,45,category_default,,
osm:node:12767875301,30,60,120,category_default,,
osm:node:12768302901,20,45,75,category_default,,
osm:node:12772991910,20,45,75,category_default,,
osm:node:12777641702,20,45,90,category_default,,
osm:node:12777647201,20,45,90,category_default,,
osm:node:12777647202,30,60,120,category_default,,
osm:node:12777715701,20,45,90,category_default,,
osm:node:12797411541,20,45,90,category_default,,
osm:node:12803460859,20,45,90,category_default,,
osm:node:12805331433,20,45,75,category_default,,
osm:node:12805852194,20,45,75,category_default,,
osm:node:12813515691,30,60,120,category_default,,
osm:node:12814460145,20,45,90,category_default,,
osm:node:12814525335,20,45,90,category_default,,
osm:node:12815941401,30,60,120,category_default,,
osm:node:12817316969,20,45,90,category_default,,
osm:node:12818406575,20,45,90,category_default,,
osm:node:12818429487,15,30,45,category_default,,
osm:node:12819732620,20,45,90,category_default,,
osm:node:12837048963,20,45,90,category_default,,
osm:node:12839265101,30,60,120,category_default,,
osm:node:12842182743,20,45,90,category_default,,
osm:node:12842182809,20,45,90,category_default,,
osm:node:12843103801,20,45,75,category_default,,
osm:node:12845280181,20,45,90,category_default,,
osm:node:12845336162,20,45,90,category_default,,
osm:node:12845389539,20,45,90,category_default,,
osm:node:12845423664,20,45,90,category_default,,
osm:node:12845727137,20,45,90,category_default,,
osm:node:12846371536,20,45,75,category_default,,
osm:node:12846999690,20,45,75,category_default,,
osm:node:12848150025,45,90,150,category_default,,
osm:node:12848915702,30,60,120,category_default,,
osm:node:12850482156,20,45,90,category_default,,
osm:node:12851234501,30,60,120,category_default,,
osm:node:12854496501,20,45,90,category_default,,
osm:node:12854601921,20,45,90,category_default,,
osm:node:12854695786,60,120,180,category_default,,
osm:node:12856400201,30,60,120,category_default,,
osm:node:12860009268,20,45,90,category_default,,
osm:node:12860047423,20,45,90,category_default,,
osm:node:12860048461,20,45,90,category_default,,
osm:node:12860057826,20,45,90,category_default,,
osm:node:12860085139,20,45,90,category_default,,
osm:node:12860085261,20,45,90,category_default,,
osm:node:12860085343,20,45,90,category_default,,
osm:node:12860089096,20,45,90,category_default,,
osm:node:12860091876,20,45,90,category_default,,
osm:node:12876453886,20,45,90,category_default,,
osm:node:12878563601,30,60,120,category_default,,
osm:node:12880304063,20,45,90,category_default,,
osm:node:12880524484,20,45,90,category_default,,
osm:node:12893877361,30,60,120,category_default,,
osm:node:12896684012,30,60,120,category_default,,
osm:node:12899386878,20,45,90,category_default,,
osm:node:12901443422,30,60,120,category_default,,
osm:node:12908570948,30,60,120,category_default,,
osm:node:12909422696,30,60,120,category_default,,
osm:node:12914075832,20,45,90,category_default,,
osm:node:12914075833,20,45,90,category_default,,
osm:node:12918960548,20,45,90,category_default,,
osm:node:12918974136,20,45,90,category_default,,
osm:node:12925494197,20,45,75,category_default,,
osm:node:12944060164,30,60,120,category_default,,
osm:node:12953584121,30,60,120,category_default,,
osm:node:12982831902,30,60,120,category_default,,
osm:node:12982910801,30,60,120,category_default,,
osm:node:12987615346,20,45,90,category_default,,
osm:node:12990302236,30,60,120,category_default,,
osm:node:13001452444,20,45,90,category_default,,
osm:node:13006863836,15,30,45,category_default,,
osm:node:13008480396,20,45,90,category_default,,
osm:node:13008625317,20,45,90,category_default,,
osm:node:13010769308,20,45,90,category_default,,
osm:node:13016534757,20,45,90,category_default,,
osm:node:13017280350,20,45,90,category_default,,
osm:node:13017414156,30,60,120,category_default,,
osm:node:13022875060,20,45,75,category_default,,
osm:node:13038472691,20,45,90,category_default,,
osm:node:13038521661,20,45,90,category_default,,
osm:node:13038524638,30,60,120,category_default,,
osm:node:13038535388,20,45,90,category_default,,
osm:node:13038535919,30,60,120,category_default,,
osm:node:13038565291,20,45,90,category_default,,
osm:node:13038645753,20,45,90,category_default,,
osm:node:13040467529,45,90,150,category_default,,
osm:node:13044600558,20,45,90,category_default,,
osm:node:13044639859,20,45,90,category_default,,
osm:node:13047708237,20,45,90,category_default,,
osm:node:13047746101,20,45,90,category_default,,
osm:node:13050358590,20,45,90,category_default,,
osm:node:13051461618,20,45,90,category_default,,
osm:node:13051687517,20,45,90,category_default,,
osm:node:13057480901,30,60,120,category_default,,
osm:node:13057481001,20,45,75,category_default,,
osm:node:13057481101,30,60,120,category_default,,
osm:node:13059586149,180,300,480,category_default,,
osm:node:13062875862,30,60,120,category_default,,
osm:node:13068552233,15,30,45,category_default,,
osm:node:13069114576,20,45,90,category_default,,
osm:node:13072770501,30,60,120,category_default,,
osm:node:13074061573,15,30,45,category_default,,
osm:node:13077380483,20,45,90,category_default,,
osm:node:13077396986,20,45,90,category_default,,
osm:node:13083692966,30,60,120,category_default,,
osm:node:13084030950,20,45,90,category_default,,
osm:node:13084344806,30,60,120,category_default,,
osm:node:13084364009,30,60,120,category_default,,
osm:node:13091074901,20,45,75,category_default,,
osm:node:13092431347,15,30,45,category_default,,
osm:node:13100959743,20,45,75,category_default,,
osm:node:13103046491,20,45,90,category_default,,
osm:node:13103182129,20,45,90,category_default,,
osm:node:13103961466,15,30,45,category_default,,
osm:node:13103977202,15,30,45,category_default,,
osm:node:13105153109,30,60,120,category_default,,
osm:node:13114679227,30,60,120,category_default,,
osm:node:13118872106,45,90,150,category_default,,
osm:node:13118872107,45,90,150,category_default,,
osm:node:13119518801,20,45,90,category_default,,
osm:node:13130396001,20,45,90,category_default,,
osm:node:13137758093,20,45,90,category_default,,
osm:node:13137772450,20,45,90,category_default,,
osm:node:13137910501,30,60,120,category_default,,
osm:node:13137984762,20,45,75,category_default,,
osm:node:13138516171,20,45,75,category_default,,
osm:node:13140237798,20,45,90,category_default,,
osm:node:13140290888,20,45,90,category_default,,
osm:node:13140314968,20,45,90,category_default,,
osm:node:13140314973,20,45,90,category_default,,
osm:node:13142318454,20,45,90,category_default,,
osm:node:13146787401,20,45,90,category_default,,
osm:node:13147488835,20,45,75,category_default,,
osm:node:13149084101,180,300,480,category_default,,
osm:node:13155026034,20,45,75,category_default,,
osm:node:13155901021,30,60,120,category_default,,
osm:node:13157655526,20,45,90,category_default,,
osm:node:13157730289,30,60,120,category_default,,
osm:node:13158144847,20,45,90,category_default,,
osm:node:13161385861,30,60,120,category_default,,
osm:node:13161515774,20,45,90,category_default,,
osm:node:13161516185,20,45,90,category_default,,
osm:node:13162197539,30,60,120,category_default,,
osm:node:13162197540,30,60,120,category_default,,
osm:node:13170603922,20,45,75,category_default,,
osm:node:13185444873,20,45,90,category_default,,
osm:node:13191997491,20,45,90,category_default,,
osm:node:13196190043,20,45,90,category_default,,
osm:node:13233020194,30,60,120,category_default,,
osm:node:13233020195,30,60,120,category_default,,
osm:node:13247300818,20,45,90,category_default,,
osm:node:13247300819,30,60,120,category_default,,
osm:node:13248252347,20,45,90,category_default,,
osm:node:13253059391,15,30,45,category_default,,
osm:node:13255497664,45,90,150,category_default,,
osm:node:13255721644,20,45,90,category_default,,
osm:node:13260659280,20,45,75,category_default,,
osm:node:13261089537,20,45,90,category_default,,
osm:node:13261529547,30,60,120,category_default,,
osm:node:13261943334,30,60,120,category_default,,
osm:node:13264947301,30,60,120,category_default,,
osm:node:13264947401,30,60,120,category_default,,
osm:node:13266291305,20,45,90,category_default,,
osm:node:13269543328,20,45,90,category_default,,
osm:node:13269808390,20,45,90,category_default,,
osm:node:13274327665,30,60,120,category_default,,
osm:node:13274958663,20,45,90,category_default,,
osm:node:13284656424,20,45,90,category_default,,
osm:node:13284668906,20,45,90,category_default,,
osm:node:13284776603,20,45,90,category_default,,
osm:node:13286851705,20,45,90,category_default,,
osm:node:13288458809,20,45,90,category_default,,
osm:node:13290490903,20,45,90,category_default,,
osm:node:13293830517,30,60,120,category_default,,
osm:node:13294758454,20,45,90,category_default,,
osm:node:13298789701,30,60,120,category_default,,
osm:node:13301629649,30,60,120,category_default,,
osm:node:13310357666,20,45,90,category_default,,
osm:node:13310357667,20,45,90,category_default,,
osm:node:13320306289,20,45,90,category_default,,
osm:node:13320306290,20,45,90,category_default,,
osm:node:13320396945,20,45,90,category_default,,
osm:node:13323571096,20,45,90,category_default,,
osm:node:13324564232,20,45,90,category_default,,
osm:node:13332787877,30,60,120,category_default,,
osm:node:13334281748,20,45,90,category_default,,
osm:node:13334328379,20,45,75,category_default,,
osm:node:13335196158,20,45,90,category_default,,
osm:node:13335466013,30,60,120,category_default,,
osm:node:13335466014,30,60,120,category_default,,
osm:node:13336584701,30,60,120,category_default,,
osm:node:13342726033,30,60,120,category_default,,
osm:node:13344214133,20,45,90,category_default,,
osm:node:13347097029,30,60,120,category_default,,
osm:node:13347246617,20,45,90,category_default,,
osm:node:13350706656,30,60,120,category_default,,
osm:node:13350706657,30,60,120,category_default,,
osm:node:13351098620,30,60,120,category_default,,
osm:node:13352571000,20,45,90,category_default,,
osm:node:13352652760,20,45,90,category_default,,
osm:node:13352713811,30,60,120,category_default,,
osm:node:13352713812,30,60,120,category_default,,
osm:node:13352713846,30,60,120,category_default,,
osm:node:13352731438,30,60,120,category_default,,
osm:node:13352731439,30,60,120,category_default,,
osm:node:13352751547,30,60,120,category_default,,
osm:node:13352751548,30,60,120,category_default,,
osm:node:13352751549,30,60,120,category_default,,
osm:node:13352751550,30,60,120,category_default,,
osm:node:13352751551,30,60,120,category_default,,
osm:node:13352751552,30,60,120,category_default,,
osm:node:13352751554,30,60,120,category_default,,
osm:node:13352751561,20,45,90,category_default,,
osm:node:13352751563,20,45,90,category_default,,
osm:node:13353293597,30,60,120,category_default,,
osm:node:1335374726,20,45,90,category_default,,
osm:node:1335374727,20,45,90,category_default,,
osm:node:1335374728,20,45,90,category_default,,
osm:node:1335374729,20,45,90,category_default,,
osm:node:1335374730,20,45,90,category_default,,
osm:node:1335374731,20,45,90,category_default,,
osm:node:1335374732,20,45,90,category_default,,
osm:node:1335374733,20,45,90,category_default,,
osm:node:1335374734,20,45,90,category_default,,
osm:node:1335374736,20,45,90,category_default,,
osm:node:1335374737,20,45,90,category_default,,
osm:node:1335374738,20,45,90,category_default,,
osm:node:1335374739,20,45,90,category_default,,
osm:node:1335374740,20,45,90,category_default,,
osm:node:1335374741,20,45,90,category_default,,
osm:node:1335374742,20,45,90,category_default,,
osm:node:1335374743,20,45,90,category_default,,
osm:node:1335374744,20,45,90,category_default,,
osm:node:1335374745,20,45,90,category_default,,
osm:node:1335374746,20,45,90,category_default,,
osm:node:1335374747,20,45,90,category_default,,
osm:node:1335374748,20,45,90,category_default,,
osm:node:1335374749,20,45,90,category_default,,
osm:node:1335374750,20,45,90,category_default,,
osm:node:1335374751,20,45,90,category_default,,
osm:node:1335374752,20,45,90,category_default,,
osm:node:1335374754,20,45,90,category_default,,
osm:node:1335374755,20,45,90,category_default,,
osm:node:1335374756,20,45,90,category_default,,
osm:node:1335374759,20,45,90,category_default,,
osm:node:1335374762,20,45,90,category_default,,
osm:node:1335374763,20,45,90,category_default,,
osm:node:1335374764,20,45,90,category_default,,
osm:node:1335374765,20,45,90,category_default,,
osm:node:1335374766,20,45,90,category_default,,
osm:node:1335374767,20,45,90,category_default,,
osm:node:1335374768,20,45,90,category_default,,
osm:node:1335374769,20,45,90,category_default,,
osm:node:1335374770,20,45,90,category_default,,
osm:node:1335374773,20,45,90,category_default,,
osm:node:1335374774,20,45,90,category_default,,
osm:node:1335374775,20,45,90,category_default,,
osm:node:1335374776,20,45,90,category_default,,
osm:node:1335374778,20,45,90,category_default,,
osm:node:1335374779,20,45,90,category_default,,
osm:node:1335374780,20,45,90,category_default,,
osm:node:1335374781,20,45,90,category_default,,
osm:node:1335374782,20,45,90,category_default,,
osm:node:1335374783,20,45,90,category_default,,
osm:node:1335374784,20,45,90,category_default,,
osm:node:1335374785,20,45,90,category_default,,
osm:node:1335374786,20,45,90,category_default,,
osm:node:1335374787,20,45,90,category_default,,
osm:node:1335374788,20,45,90,category_default,,
osm:node:1335374790,20,45,90,category_default,,
osm:node:1335374791,20,45,90,category_default,,
osm:node:1335374793,20,45,90,category_default,,
osm:node:1335374794,20,45,90,category_default,,
osm:node:1335374795,20,45,90,category_default,,
osm:node:1335374796,20,45,90,category_default,,
osm:node:1335374797,20,45,90,category_default,,
osm:node:1335374799,20,45,90,category_default,,
osm:node:1335374800,20,45,90,category_default,,
osm:node:1335374801,20,45,90,category_default,,
osm:node:1335374802,20,45,90,category_default,,
osm:node:1335374803,20,45,90,category_default,,
osm:node:1335374804,20,45,90,category_default,,
osm:node:1335374805,20,45,90,category_default,,
osm:node:1335374806,20,45,90,category_default,,
osm:node:1335374807,20,45,90,category_default,,
osm:node:1335374808,20,45,90,category_default,,
osm:node:1335374809,20,45,90,category_default,,
osm:node:1335374810,20,45,90,category_default,,
osm:node:1335374811,20,45,90,category_default,,
osm:node:1335374812,20,45,90,category_default,,
osm:node:1335374813,20,45,90,category_default,,
osm:node:1335374814,20,45,90,category_default,,
osm:node:1335374815,20,45,90,category_default,,
osm:node:1335374816,20,45,90,category_default,,
osm:node:1335374817,20,45,90,category_default,,
osm:node:1335374818,20,45,90,category_default,,
osm:node:1335374819,20,45,90,category_default,,
osm:node:1335374820,20,45,90,category_default,,
osm:node:1335374823,20,45,90,category_default,,
osm:node:1335374824,20,45,90,category_default,,
osm:node:1335374825,20,45,90,category_default,,
osm:node:1335374826,20,45,90,category_default,,
osm:node:1335374827,20,45,90,category_default,,
osm:node:1335374828,20,45,90,category_default,,
osm:node:1335374829,20,45,90,category_default,,
osm:node:1335374830,20,45,90,category_default,,
osm:node:1335374831,20,45,90,category_default,,
osm:node:1335374833,20,45,90,category_default,,
osm:node:1335374834,20,45,90,category_default,,
osm:node:1335374835,20,45,90,category_default,,
osm:node:1335374836,20,45,90,category_default,,
osm:node:1335374837,20,45,90,category_default,,
osm:node:1335374838,20,45,90,category_default,,
osm:node:1335374839,20,45,90,category_default,,
osm:node:1335374840,20,45,90,category_default,,
osm:node:1335374842,20,45,90,category_default,,
osm:node:1335374843,20,45,90,category_default,,
osm:node:1335374844,20,45,90,category_default,,
osm:node:1335374845,20,45,90,category_default,,
osm:node:1335374846,20,45,90,category_default,,
osm:node:1335374847,20,45,90,category_default,,
osm:node:1335374848,20,45,90,category_default,,
osm:node:1335374849,20,45,90,category_default,,
osm:node:1335374850,20,45,90,category_default,,
osm:node:1335374851,20,45,90,category_default,,
osm:node:1335374852,20,45,90,category_default,,
osm:node:1335374853,20,45,90,category_default,,
osm:node:1335374858,20,45,90,category_default,,
osm:node:1335374859,20,45,90,category_default,,
osm:node:1335374860,20,45,90,category_default,,
osm:node:1335374867,20,45,90,category_default,,
osm:node:1335374868,20,45,90,category_default,,
osm:node:1335374869,20,45,90,category_default,,
osm:node:1335374870,20,45,90,category_default,,
osm:node:1335374871,20,45,90,category_default,,
osm:node:1335374872,20,45,90,category_default,,
osm:node:1335374873,20,45,90,category_default,,
osm:node:1335374874,20,45,90,category_default,,
osm:node:1335374875,20,45,90,category_default,,
osm:node:1335374876,20,45,90,category_default,,
osm:node:1335374877,20,45,90,category_default,,
osm:node:1335374878,20,45,90,category_default,,
osm:node:1335374879,20,45,90,category_default,,
osm:node:1335374880,20,45,90,category_default,,
osm:node:1335374881,20,45,90,category_default,,
osm:node:1335374882,20,45,90,category_default,,
osm:node:1335374883,20,45,90,category_default,,
osm:node:1335374884,20,45,90,category_default,,
osm:node:1335374885,20,45,90,category_default,,
osm:node:1335374886,20,45,90,category_default,,
osm:node:1335374887,20,45,90,category_default,,
osm:node:1335374888,20,45,90,category_default,,
osm:node:1335374889,20,45,90,category_default,,
osm:node:1335374890,20,45,90,category_default,,
osm:node:1335374891,20,45,90,category_default,,
osm:node:1335374892,20,45,90,category_default,,
osm:node:1335374893,20,45,90,category_default,,
osm:node:1335374894,20,45,90,category_default,,
osm:node:1335374895,20,45,90,category_default,,
osm:node:1335374896,20,45,90,category_default,,
osm:node:1335374897,20,45,90,category_default,,
osm:node:1335374898,20,45,90,category_default,,
osm:node:1335374899,20,45,90,category_default,,
osm:node:1335374901,20,45,90,category_default,,
osm:node:1335374902,20,45,90,category_default,,
osm:node:1335374903,20,45,90,category_default,,
osm:node:13355149313,30,60,120,category_default,,
osm:node:13355765824,30,60,120,category_default,,
osm:node:13356952040,30,60,120,category_default,,
osm:node:13357233094,20,45,75,category_default,,
osm:node:13357269011,30,60,120,category_default,,
osm:node:13358812901,30,60,120,category_default,,
osm:node:13358813001,30,60,120,category_default,,
osm:node:13358813101,30,60,120,category_default,,
osm:node:13358915812,30,60,120,category_default,,
osm:node:13358915900,30,60,120,category_default,,
osm:node:13358927688,20,45,75,category_default,,
osm:node:13359125623,20,45,90,category_default,,
osm:node:13360883549,30,60,120,category_default,,
osm:node:13360916544,20,45,90,category_default,,
osm:node:13361586389,30,60,120,category_default,,
osm:node:1336401464,15,30,45,category_default,,
osm:node:13368704696,20,45,90,category_default,,
osm:node:13378647076,15,30,45,category_default,,
osm:node:13378647088,30,60,120,category_default,,
osm:node:13378657608,30,60,120,category_default,,
osm:node:13378657625,15,30,45,category_default,,
osm:node:13378657631,30,60,120,category_default,,
osm:node:13378657632,30,60,120,category_default,,
osm:node:13378657643,30,60,120,category_default,,
osm:node:13378657667,30,60,120,category_default,,
osm:node:13378657680,30,60,120,category_default,,
osm:node:13381816850,30,60,120,category_default,,
osm:node:13384613301,20,45,75,category_default,,
osm:node:13387644246,20,45,90,category_default,,
osm:node:13388093801,15,30,45,category_default,,
osm:node:13388919549,20,45,90,category_default,,
osm:node:13390624580,20,45,90,category_default,,
osm:node:13392912624,30,60,120,category_default,,
osm:node:13399339701,30,60,120,category_default,,
osm:node:13403802770,30,60,120,category_default,,
osm:node:13408004501,30,60,90,category_default,,
osm:node:13415068371,20,45,90,category_default,,
osm:node:13415760108,30,60,120,category_default,,
osm:node:13417078524,20,45,90,category_default,,
osm:node:13417458222,15,30,45,category_default,,
osm:node:13420385690,20,45,75,category_default,,
osm:node:13420414198,15,30,45,category_default,,
osm:node:13426326651,20,45,90,category_default,,
osm:node:13426370367,30,60,120,category_default,,
osm:node:13433807140,20,45,90,category_default,,
osm:node:13437582047,30,60,120,category_default,,
osm:node:13439360796,20,45,90,category_default,,
osm:node:13441797601,30,60,120,category_default,,
osm:node:13449394639,20,45,90,category_default,,
osm:node:13455426990,30,60,120,category_default,,
osm:node:13455707297,20,45,90,category_default,,
osm:node:13459539763,20,45,90,category_default,,
osm:node:13459630535,20,45,75,category_default,,
osm:node:13459845955,20,45,90,category_default,,
osm:node:13460699228,30,60,120,category_default,,
osm:node:13461973901,20,45,90,category_default,,
osm:node:13470955361,20,45,90,category_default,,
osm:node:13473717484,20,45,90,category_default,,
osm:node:13483667183,20,45,90,category_default,,
osm:node:13484040419,20,45,90,category_default,,
osm:node:13503028168,20,45,90,category_default,,
osm:node:13503067816,20,45,75,category_default,,
osm:node:13503103715,20,45,90,category_default,,
osm:node:13503143701,30,60,120,category_default,,
osm:node:13505854889,20,45,75,category_default,,
osm:node:13508160140,20,45,75,category_default,,
osm:node:13508679485,30,60,120,category_default,,
osm:node:13513865201,30,60,120,category_default,,
osm:node:13513865301,30,60,120,category_default,,
osm:node:13513865302,30,60,120,category_default,,
osm:node:13516003942,15,30,45,category_default,,
osm:node:13516042450,30,60,120,category_default,,
osm:node:13516133578,20,45,90,category_default,,
osm:node:13516164921,20,45,90,category_default,,
osm:node:13516169615,20,45,90,category_default,,
osm:node:13516518011,20,45,90,category_default,,
osm:node:13518461501,30,60,120,category_default,,
osm:node:13521961119,30,60,120,category_default,,
osm:node:13525483833,15,30,45,category_default,,
osm:node:13525841175,20,45,90,category_default,,
osm:node:13526280406,30,60,120,category_default,,
osm:node:13528059838,30,60,120,category_default,,
osm:node:13528059839,30,60,120,category_default,,
osm:node:13528237411,20,45,90,category_default,,
osm:node:13534322474,20,45,90,category_default,,
osm:node:13534322582,20,45,90,category_default,,
osm:node:13539949246,20,45,75,category_default,,
osm:node:13539949250,20,45,75,category_default,,
osm:node:13539949252,20,45,75,category_default,,
osm:node:13539949253,20,45,75,category_default,,
osm:node:13539949254,20,45,75,category_default,,
osm:node:13539949257,20,45,75,category_default,,
osm:node:13539949259,20,45,75,category_default,,
osm:node:13539949272,20,45,75,category_default,,
osm:node:13542306322,30,60,120,category_default,,
osm:node:13545588504,20,45,90,category_default,,
osm:node:13551441769,20,45,90,category_default,,
osm:node:13556032881,20,45,90,category_default,,
osm:node:13556032966,20,45,90,category_default,,
osm:node:13565781558,20,45,90,category_default,,
osm:node:13565781581,20,45,90,category_default,,
osm:node:13565865903,20,45,90,category_default,,
osm:node:13565935464,15,30,45,category_default,,
osm:node:13566134365,20,45,90,category_default,,
osm:node:13566332701,30,60,120,category_default,,
osm:node:13567106045,20,45,90,category_default,,
osm:node:13573039879,20,45,90,category_default,,
osm:node:1357552699,20,45,75,category_default,,
osm:node:13580534069,20,45,90,category_default,,
osm:node:13584454980,20,45,90,category_default,,
osm:node:13584878503,20,45,90,category_default,,
osm:node:13587216603,30,60,120,category_default,,
osm:node:13587412402,30,60,120,category_default,,
osm:node:13592184426,30,60,120,category_default,,
osm:node:13593140565,30,60,120,category_default,,
osm:node:13595549341,20,45,75,category_default,,
osm:node:13598292698,20,45,90,category_default,,
osm:node:13601118101,30,60,120,category_default,,
osm:node:13602408506,20,45,90,category_default,,
osm:node:13605035629,20,45,90,category_default,,
osm:node:13605059773,20,45,75,category_default,,
osm:node:13611797604,30,60,120,category_default,,
osm:node:13611822402,30,60,120,category_default,,
osm:node:13616600740,20,45,90,category_default,,
osm:node:13619503690,20,45,90,category_default,,
osm:node:13622094301,20,45,90,category_default,,
osm:node:13624524401,20,45,90,category_default,,
osm:node:13624635101,15,30,45,category_default,,
osm:node:13624910895,20,45,75,category_default,,
osm:node:13624993822,20,45,75,category_default,,
osm:node:13633061400,20,45,90,category_default,,
osm:node:13633061401,20,45,90,category_default,,
osm:node:13634036101,15,30,45,category_default,,
osm:node:13638895184,20,45,90,category_default,,
osm:node:13641458565,20,45,90,category_default,,
osm:node:13643681464,20,45,75,category_default,,
osm:node:13644094722,30,60,120,category_default,,
osm:node:13647158742,20,45,90,category_default,,
osm:node:13648647562,30,60,120,category_default,,
osm:node:13649149601,30,60,120,category_default,,
osm:node:13649888269,15,30,45,category_default,,
osm:node:13649947591,20,45,90,category_default,,
osm:node:13652404006,30,60,120,category_default,,
osm:node:13655067905,30,60,120,category_default,,
osm:node:13656775072,20,45,75,category_default,,
osm:node:13657036294,20,45,75,category_default,,
osm:node:13657066125,20,45,75,category_default,,
osm:node:13657066126,20,45,75,category_default,,
osm:node:13657735001,15,30,45,category_default,,
osm:node:13663839301,20,45,75,category_default,,
osm:node:13663930534,20,45,90,category_default,,
osm:node:13664799314,20,45,90,category_default,,
osm:node:13668396337,20,45,90,category_default,,
osm:node:13668928114,20,45,90,category_default,,
osm:node:13670836301,20,45,90,category_default,,
osm:node:13671108993,20,45,90,category_default,,
osm:node:13677406601,20,45,75,category_default,,
osm:node:13677510752,20,45,75,category_default,,
osm:node:13683759601,20,45,90,category_default,,
osm:node:13684278301,20,45,90,category_default,,
osm:node:13684800176,30,60,120,category_default,,
osm:node:13685861301,20,45,90,category_default,,
osm:node:13685861401,15,30,45,category_default,,
osm:node:13686194401,20,45,90,category_default,,
osm:node:13687068650,30,60,120,category_default,,
osm:node:13687763558,20,45,90,category_default,,
osm:node:13690101102,20,45,90,category_default,,
osm:node:13690101201,15,30,45,category_default,,
osm:node:13690260201,20,45,90,category_default,,
osm:node:13690260203,15,30,45,category_default,,
osm:node:13690260401,20,45,90,category_default,,
osm:node:13706200103,20,45,75,category_default,,
osm:node:13707121732,20,45,90,category_default,,
osm:node:13713971826,20,45,90,category_default,,
osm:node:13720358301,20,45,90,category_default,,
osm:node:13724978102,15,30,45,category_default,,
osm:node:13734880501,30,60,120,category_default,,
osm:node:13738152601,30,60,120,category_default,,
osm:node:13765071859,20,45,75,category_default,,
osm:node:13765071860,20,45,75,category_default,,
osm:node:13765633409,20,45,90,category_default,,
osm:node:13766054101,20,45,90,category_default,,
osm:node:13766076201,20,45,90,category_default,,
osm:node:13793120391,20,45,90,category_default,,
osm:node:13797708575,30,60,120,category_default,,
osm:node:13800462101,20,45,75,category_default,,
osm:node:13805820449,15,30,45,category_default,,
osm:node:13809493954,15,30,45,category_default,,
osm:node:13818356487,20,45,90,category_default,,
osm:node:13830351880,20,45,75,category_default,,
osm:node:13844412324,30,60,120,category_default,,
osm:node:13846529850,20,45,75,category_default,,
osm:node:13850065029,30,60,120,category_default,,
osm:node:13852417301,30,60,120,category_default,,
osm:node:13857706533,20,45,90,category_default,,
osm:node:13860996057,20,45,90,category_default,,
osm:node:13860996058,20,45,90,category_default,,
osm:node:13860996059,20,45,90,category_default,,
osm:node:13874818779,20,45,75,category_default,,
osm:node:1388480068,30,60,120,category_default,,
osm:node:13888467838,20,45,90,category_default,,
osm:node:13914787666,20,45,90,category_default,,
osm:node:13915583550,30,60,120,category_default,,
osm:node:13915744234,20,45,75,category_default,,
osm:node:13917001802,30,60,120,category_default,,
osm:node:13928206358,20,45,90,category_default,,
osm:node:13928231442,20,45,90,category_default,,
osm:node:13928373743,20,45,90,category_default,,
osm:node:13930243564,20,45,90,category_default,,
osm:node:13935317152,20,45,90,category_default,,
osm:node:13935363199,20,45,90,category_default,,
osm:node:13935452043,20,45,90,category_default,,
osm:node:13944665886,20,45,90,category_default,,
osm:node:13944692967,20,45,90,category_default,,
osm:node:13947176724,20,45,90,category_default,,
osm:node:13947197664,20,45,90,category_default,,
osm:node:13947197673,20,45,90,category_default,,
osm:node:13947231195,20,45,90,category_default,,
osm:node:13947262106,20,45,90,category_default,,
osm:node:13947262111,20,45,90,category_default,,
osm:node:13947262592,20,45,90,category_default,,
osm:node:13948982663,20,45,90,category_default,,
osm:node:13949326567,20,45,90,category_default,,
osm:node:13949326583,20,45,90,category_default,,
osm:node:13949403297,20,45,90,category_default,,
osm:node:13951401254,20,45,90,category_default,,
osm:node:13951414301,20,45,90,category_default,,
osm:node:13951761551,20,45,90,category_default,,
osm:node:13953793101,30,60,90,category_default,,
osm:node:13959262357,20,45,90,category_default,,
osm:node:13959489617,20,45,90,category_default,,
osm:node:13959491669,20,45,90,category_default,,
osm:node:13961419047,20,45,90,category_default,,
osm:node:13967539861,20,45,75,category_default,,
osm:node:13978064708,30,60,120,category_default,,
osm:node:13981257389,20,45,90,category_default,,
osm:node:13985157175,20,45,90,category_default,,
osm:node:13985157184,20,45,90,category_default,,
osm:node:13985203736,20,45,90,category_default,,
osm:node:13994799664,20,45,90,category_default,,
osm:node:13996696560,20,45,90,category_default,,
osm:node:13996761917,20,45,90,category_default,,
osm:node:13996779988,20,45,90,category_default,,
osm:node:13997007995,20,45,90,category_default,,
osm:node:13997183853,20,45,90,category_default,,
osm:node:13997220603,20,45,90,category_default,,
osm:node:13997221677,20,45,90,category_default,,
osm:node:13997221691,20,45,90,category_default,,
osm:node:13997221692,20,45,90,category_default,,
osm:node:13997270471,20,45,90,category_default,,
osm:node:13999733728,20,45,90,category_default,,
osm:node:13999778111,20,45,90,category_default,,
osm:node:14008305140,20,45,90,category_default,,
osm:node:1400908663,20,45,75,category_default,,
osm:node:14014006893,30,60,120,category_default,,
osm:node:14014244909,20,45,90,category_default,,
osm:node:14014246884,20,45,90,category_default,,
osm:node:14017203553,20,45,75,category_default,,
osm:node:14017256321,20,45,90,category_default,,
osm:node:14019045167,20,45,90,category_default,,
osm:node:14019264601,20,45,90,category_default,,
osm:node:14019267601,20,45,90,category_default,,
osm:node:14019383626,20,45,90,category_default,,
osm:node:14019454374,20,45,90,category_default,,
osm:node:14019454375,20,45,90,category_default,,
osm:node:14019454376,20,45,90,category_default,,
osm:node:14019475503,20,45,90,category_default,,
osm:node:14020208306,20,45,90,category_default,,
osm:node:14021302338,20,45,90,category_default,,
osm:node:14021302341,20,45,90,category_default,,
osm:node:14021323141,20,45,90,category_default,,
osm:node:14021351701,20,45,90,category_default,,
osm:node:14021351714,20,45,90,category_default,,
osm:node:14021357002,20,45,90,category_default,,
osm:node:14021358037,20,45,90,category_default,,
osm:node:14021789737,20,45,90,category_default,,
osm:node:14025423218,20,45,90,category_default,,
osm:node:14025436216,20,45,90,category_default,,
osm:node:14026398175,20,45,75,category_default,,
osm:node:14030451195,20,45,90,category_default,,
osm:node:14030478611,20,45,90,category_default,,
osm:node:14030478613,20,45,90,category_default,,
osm:node:14030478657,20,45,90,category_default,,
osm:node:14030478697,20,45,90,category_default,,
osm:node:14030630132,20,45,90,category_default,,
osm:node:14030817750,20,45,90,category_default,,
osm:node:14031447494,20,45,75,category_default,,
osm:node:14038476016,20,45,90,category_default,,
osm:node:14038492823,20,45,90,category_default,,
osm:node:14038541843,20,45,90,category_default,,
osm:node:14038897412,20,45,90,category_default,,
osm:node:14038897414,20,45,90,category_default,,
osm:node:14038933646,20,45,90,category_default,,
osm:node:14045502619,20,45,90,category_default,,
osm:node:14047635902,30,60,120,category_default,,
osm:node:14048115901,30,60,120,category_default,,
osm:node:14055943401,30,60,120,category_default,,
osm:node:14058844271,30,60,90,category_default,,
osm:node:14058844272,20,45,90,category_default,,
osm:node:14060838220,20,45,90,category_default,,
osm:node:14060842816,20,45,90,category_default,,
osm:node:14060842817,20,45,90,category_default,,
osm:node:14062928514,20,45,90,category_default,,
osm:node:14062956487,20,45,90,category_default,,
osm:node:14062959982,20,45,90,category_default,,
osm:node:14062966509,20,45,90,category_default,,
osm:node:14063041500,15,30,45,category_default,,
osm:node:14063061165,20,45,90,category_default,,
osm:node:14063080338,30,60,120,category_default,,
osm:node:14063082918,20,45,90,category_default,,
osm:node:14063332201,20,45,90,category_default,,
osm:node:14063340901,20,45,90,category_default,,
osm:node:14063430920,20,45,90,category_default,,
osm:node:14063430990,20,45,90,category_default,,
osm:node:14069691301,20,45,90,category_default,,
osm:node:14069870426,30,60,120,category_default,,
osm:node:14070577715,20,45,90,category_default,,
osm:node:14074967004,20,45,75,category_default,,
osm:node:14075933896,20,45,90,category_default,,
osm:node:14075933898,20,45,90,category_default,,
osm:node:14076086101,20,45,75,category_default,,
osm:node:14078442086,30,60,120,category_default,,
osm:node:14079778821,20,45,90,category_default,,
osm:node:14079807491,20,45,90,category_default,,
osm:node:14081791222,30,60,120,category_default,,
osm:node:14082400001,20,45,90,category_default,,
osm:node:14082410701,20,45,90,category_default,,
osm:node:14082417501,20,45,90,category_default,,
osm:node:14084618401,20,45,75,category_default,,
osm:node:14086666270,30,60,120,category_default,,
osm:node:14086708456,20,45,90,category_default,,
osm:node:14087265790,20,45,90,category_default,,
osm:node:14089268928,20,45,90,category_default,,
osm:node:14091133603,20,45,90,category_default,,
osm:node:14091607191,20,45,90,category_default,,
osm:node:14092716982,20,45,90,category_default,,
osm:node:14093589673,20,45,90,category_default,,
osm:node:14095752086,20,45,75,category_default,,
osm:node:14095849703,20,45,90,category_default,,
osm:node:14095860513,20,45,90,category_default,,
osm:node:14096883184,30,60,120,category_default,,
osm:node:14097203588,20,45,90,category_default,,
osm:node:14100160717,20,45,90,category_default,,
osm:node:14100199717,20,45,90,category_default,,
osm:node:14102292401,20,45,90,category_default,,
osm:node:14104359270,20,45,75,category_default,,
osm:node:14104456037,20,45,90,category_default,,
osm:node:14104472243,20,45,90,category_default,,
osm:node:14104472281,20,45,90,category_default,,
osm:node:14104868550,20,45,90,category_default,,
osm:node:14104902568,20,45,75,category_default,,
osm:node:14104978729,20,45,90,category_default,,
osm:node:14106939741,20,45,90,category_default,,
osm:node:14109358701,20,45,75,category_default,,
osm:node:14114190213,20,45,90,category_default,,
osm:node:14118084535,20,45,90,category_default,,
osm:node:14118521621,20,45,90,category_default,,
osm:node:14128789809,20,45,90,category_default,,
osm:node:14128800572,20,45,90,category_default,,
osm:node:14128831016,20,45,90,category_default,,
osm:node:14128860476,20,45,90,category_default,,
osm:node:14130293535,20,45,75,category_default,,
osm:node:14131061102,20,45,75,category_default,,
osm:node:14131077901,20,45,75,category_default,,
osm:node:14131077902,20,45,75,category_default,,
osm:node:14131078001,20,45,75,category_default,,
osm:node:14131078101,20,45,75,category_default,,
osm:node:14137142367,20,45,90,category_default,,
osm:node:14141323802,15,30,45,category_default,,
osm:node:14148043050,20,45,75,category_default,,
osm:node:14152844701,20,45,75,category_default,,
osm:node:14156653591,20,45,90,category_default,,
osm:node:14157170460,20,45,90,category_default,,
osm:node:14157170488,20,45,90,category_default,,
osm:node:14157538688,20,45,90,category_default,,
osm:node:14158755802,20,45,90,category_default,,
osm:node:14158805575,20,45,90,category_default,,
osm:node:14158853611,20,45,90,category_default,,
osm:node:14159026501,20,45,75,category_default,,
osm:node:14161890367,20,45,75,category_default,,
osm:node:14163289185,30,60,120,category_default,,
osm:node:14166435230,20,45,90,category_default,,
osm:node:14166436962,20,45,90,category_default,,
osm:node:14166450065,20,45,90,category_default,,
osm:node:14170902057,20,45,90,category_default,,
osm:node:14170903823,20,45,90,category_default,,
osm:node:1417938297,20,45,90,category_default,,
osm:node:14179730975,20,45,90,category_default,,
osm:node:14179874401,20,45,90,category_default,,
osm:node:14182622490,30,60,120,category_default,,
osm:node:1435168898,20,45,90,category_default,,
osm:node:1490413978,30,60,120,category_default,,
osm:node:1490415071,20,45,75,category_default,,
osm:node:1498111667,20,45,75,category_default,,
osm:node:1527934275,20,45,90,category_default,,
osm:node:1527934285,20,45,75,category_default,,
osm:node:1532249206,20,45,90,category_default,,
osm:node:1532249217,30,60,120,category_default,,
osm:node:1532359114,20,45,75,category_default,,
osm:node:1534828632,20,45,75,category_default,,
osm:node:1538334281,15,30,45,category_default,,
osm:node:1540779110,20,45,90,category_default,,
osm:node:1552566836,30,60,120,category_default,,
osm:node:1606145436,20,45,90,category_default,,
osm:node:1606185451,20,45,90,category_default,,
osm:node:1608499060,20,45,90,category_default,,
osm:node:1612695544,20,45,90,category_default,,
osm:node:1620139989,15,30,45,category_default,,
osm:node:1621178555,15,30,45,category_default,,
osm:node:1636134720,15,30,45,category_default,,
osm:node:1636134793,15,30,45,category_default,,
osm:node:1636139793,15,30,45,category_default,,
osm:node:1645316680,15,30,45,category_default,,
osm:node:1653918810,15,30,45,category_default,,
osm:node:1653918811,15,30,45,category_default,,
osm:node:1660060665,30,60,120,category_default,,
osm:node:1682705322,30,60,120,category_default,,
osm:node:1716371376,20,45,75,category_default,,
osm:node:1720384570,20,45,90,category_default,,
osm:node:1720384571,30,60,120,category_default,,
osm:node:1722516371,20,45,75,category_default,,
osm:node:1726872065,20,45,90,category_default,,
osm:node:1727508950,30,60,120,category_default,,
osm:node:1727559891,20,45,75,category_default,,
osm:node:1727574859,20,45,90,category_default,,
osm:node:1727618890,20,45,90,category_default,,
osm:node:1730221108,20,45,75,category_default,,
osm:node:1730239889,20,45,90,category_default,,
osm:node:1730268393,20,45,75,category_default,,
osm:node:1738828485,30,60,120,category_default,,
osm:node:1738878161,20,45,90,category_default,,
osm:node:1738893059,30,60,120,category_default,,
osm:node:1744024145,20,45,90,category_default,,
osm:node:1746426777,20,45,90,category_default,,
osm:node:1749150841,20,45,75,category_default,,
osm:node:1749371775,30,60,120,category_default,,
osm:node:1754441381,20,45,90,category_default,,
osm:node:1754596375,20,45,90,category_default,,
osm:node:1754818866,30,60,120,category_default,,
osm:node:1754964332,15,30,45,category_default,,
osm:node:1758516734,20,45,90,category_default,,
osm:node:1758520539,20,45,90,category_default,,
osm:node:1758539342,20,45,90,category_default,,
osm:node:1758555004,20,45,90,category_default,,
osm:node:1758555216,15,30,45,category_default,,
osm:node:1758562897,20,45,90,category_default,,
osm:node:1758586662,30,60,120,category_default,,
osm:node:1765142229,15,30,45,category_default,,
osm:node:1770193818,30,60,120,category_default,,
osm:node:1770193841,20,45,75,category_default,,
osm:node:1771088897,20,45,75,category_default,,
osm:node:1777707115,20,45,90,category_default,,
osm:node:1777707967,20,45,90,category_default,,
osm:node:1777889652,20,45,90,category_default,,
osm:node:1778803108,20,45,90,category_default,,
osm:node:1778803114,20,45,90,category_default,,
osm:node:1778804463,20,45,90,category_default,,
osm:node:1778805240,20,45,90,category_default,,
osm:node:1779408248,20,45,90,category_default,,
osm:node:1780006146,20,45,75,category_default,,
osm:node:1780014958,20,45,90,category_default,,
osm:node:1780014959,20,45,90,category_default,,
osm:node:1781220945,20,45,90,category_default,,
osm:node:1783273398,20,45,90,category_default,,
osm:node:1793136407,20,45,90,category_default,,
osm:node:1793935355,20,45,90,category_default,,
osm:node:1794242897,20,45,90,category_default,,
osm:node:1796911585,20,45,90,category_default,,
osm:node:1797755565,20,45,90,category_default,,
osm:node:1797759532,20,45,90,category_default,,
osm:node:1797818097,20,45,90,category_default,,
osm:node:1797968016,20,45,75,category_default,,
osm:node:1797968019,20,45,90,category_default,,
osm:node:1798008952,20,45,90,category_default,,
osm:node:1798919789,20,45,90,category_default,,
osm:node:1798919833,20,45,90,category_default,,
osm:node:1798925075,20,45,90,category_default,,
osm:node:1802536468,20,45,90,category_default,,
osm:node:1802574929,20,45,90,category_default,,
osm:node:1803526098,20,45,75,category_default,,
osm:node:1805719444,20,45,75,category_default,,
osm:node:1806798967,20,45,90,category_default,,
osm:node:1812050592,20,45,90,category_default,,
osm:node:1812082284,20,45,90,category_default,,
osm:node:1812082586,20,45,90,category_default,,
osm:node:1812100300,20,45,90,category_default,,
osm:node:1812100851,20,45,90,category_default,,
osm:node:1812217030,20,45,90,category_default,,
osm:node:1812217031,20,45,90,category_default,,
osm:node:1812270235,20,45,90,category_default,,
osm:node:1813630511,20,45,90,category_default,,
osm:node:1814474832,20,45,90,category_default,,
osm:node:1814474846,20,45,90,category_default,,
osm:node:1814476880,20,45,90,category_default,,
osm:node:1814499015,20,45,90,category_default,,
osm:node:1814499018,20,45,90,category_default,,
osm:node:1814503004,20,45,90,category_default,,
osm:node:1814503058,20,45,90,category_default,,
osm:node:1814567330,20,45,90,category_default,,
osm:node:1814571913,20,45,90,category_default,,
osm:node:1814703624,20,45,90,category_default,,
osm:node:1814749716,20,45,90,category_default,,
osm:node:1819451633,20,45,90,category_default,,
osm:node:1874058010,30,60,120,category_default,,
osm:node:1874093498,20,45,75,category_default,,
osm:node:1924771927,20,45,90,category_default,,
osm:node:1954274168,30,60,120,category_default,,
osm:node:1954274170,30,60,120,category_default,,
osm:node:1966237296,20,45,90,category_default,,
osm:node:1981026588,30,60,120,category_default,,
osm:node:2024643568,20,45,75,category_default,,
osm:node:2027787358,15,30,45,category_default,,
osm:node:2068659844,20,45,90,category_default,,
osm:node:2076777555,20,45,90,category_default,,
osm:node:2076855866,30,60,120,category_default,,
osm:node:2076855890,20,45,90,category_default,,
osm:node:2076855954,30,60,120,category_default,,
osm:node:2076856032,30,60,120,category_default,,
osm:node:2088919707,20,45,75,category_default,,
osm:node:2088919708,20,45,75,category_default,,
osm:node:2088919709,20,45,75,category_default,,
osm:node:2088919710,20,45,75,category_default,,
osm:node:2088919712,20,45,75,category_default,,
osm:node:2088919713,20,45,75,category_default,,
osm:node:2088919714,20,45,75,category_default,,
osm:node:2088919715,20,45,75,category_default,,
osm:node:2088919716,20,45,75,category_default,,
osm:node:2088919717,20,45,75,category_default,,
osm:node:2088919719,20,45,75,category_default,,
osm:node:2088919721,20,45,75,category_default,,
osm:node:2088919723,20,45,75,category_default,,
osm:node:2088919725,20,45,75,category_default,,
osm:node:2088919726,20,45,75,category_default,,
osm:node:2088919727,20,45,75,category_default,,
osm:node:2088919728,20,45,75,category_default,,
osm:node:2088919729,20,45,75,category_default,,
osm:node:2088919730,20,45,75,category_default,,
osm:node:2088919731,20,45,75,category_default,,
osm:node:2088919732,20,45,75,category_default,,
osm:node:2088919734,20,45,75,category_default,,
osm:node:2088919735,20,45,75,category_default,,
osm:node:2088919736,20,45,75,category_default,,
osm:node:2088919737,20,45,75,category_default,,
osm:node:2089305124,20,45,90,category_default,,
osm:node:2091401445,20,45,90,category_default,,
osm:node:2092582318,20,45,90,category_default,,
osm:node:2092582385,30,60,120,category_default,,
osm:node:2093848428,20,45,90,category_default,,
osm:node:2177056870,15,30,45,category_default,,
osm:node:2195305808,20,45,90,category_default,,
osm:node:2230447361,30,60,120,category_default,,
osm:node:2267874377,20,45,75,category_default,,
osm:node:2273284563,15,30,45,category_default,,
osm:node:2288757828,15,30,45,category_default,,
osm:node:2288757829,30,60,120,category_default,,
osm:node:2296759171,30,60,120,category_default,,
osm:node:2297147235,30,60,120,category_default,,
osm:node:2297794195,30,60,120,category_default,,
osm:node:2300561826,20,45,90,category_default,,
osm:node:2303323986,20,45,90,category_default,,
osm:node:2310466360,20,45,90,category_default,,
osm:node:2320764818,20,45,75,category_default,,
osm:node:2324069406,20,45,90,category_default,,
osm:node:2325759000,20,45,75,category_default,,
osm:node:2325759004,20,45,75,category_default,,
osm:node:2326845868,30,60,120,category_default,,
osm:node:2326969092,30,60,120,category_default,,
osm:node:2326969109,20,45,75,category_default,,
osm:node:2326969111,30,60,120,category_default,,
osm:node:2327003316,20,45,75,category_default,,
osm:node:2329585163,30,60,120,category_default,,
osm:node:2331791879,20,45,90,category_default,,
osm:node:2334067501,30,60,120,category_default,,
osm:node:2337865303,20,45,90,category_default,,
osm:node:2341499069,20,45,75,category_default,,
osm:node:2341744817,20,45,90,category_default,,
osm:node:2342920264,20,45,90,category_default,,
osm:node:2343949336,30,60,120,category_default,,
osm:node:2357397515,20,45,90,category_default,,
osm:node:2392676523,30,60,120,category_default,,
osm:node:2400607637,20,45,75,category_default,,
osm:node:2401084526,20,45,75,category_default,,
osm:node:2403004219,20,45,90,category_default,,
osm:node:2404410096,180,300,480,category_default,,
osm:node:2410639584,20,45,75,category_default,,
osm:node:2440165326,15,30,45,category_default,,
osm:node:2476513827,20,45,90,category_default,,
osm:node:2477239309,20,45,90,category_default,,
osm:node:2477239340,20,45,90,category_default,,
osm:node:2487493520,20,45,90,category_default,,
osm:node:2487493521,20,45,90,category_default,,
osm:node:2487786319,20,45,90,category_default,,
osm:node:2491924004,20,45,90,category_default,,
osm:node:2495831858,180,300,480,category_default,,
osm:node:2496212593,20,45,90,category_default,,
osm:node:2496222813,20,45,90,category_default,,
osm:node:2496867830,20,45,75,category_default,,
osm:node:2496911129,20,45,75,category_default,,
osm:node:2496920815,20,45,75,category_default,,
osm:node:2497234999,20,45,90,category_default,,
osm:node:2590497234,30,60,120,category_default,,
osm:node:2593665195,20,45,90,category_default,,
osm:node:2593665548,20,45,90,category_default,,
osm:node:2593687528,20,45,90,category_default,,
osm:node:2594175511,30,60,120,category_default,,
osm:node:2596351312,30,60,120,category_default,,
osm:node:2607827391,30,60,120,category_default,,
osm:node:2617007574,20,45,75,category_default,,
osm:node:2645906877,20,45,75,category_default,,
osm:node:2649514745,20,45,90,category_default,,
osm:node:2653846590,20,45,90,category_default,,
osm:node:2653846762,30,60,120,category_default,,
osm:node:2655151822,20,45,90,category_default,,
osm:node:2669659389,20,45,90,category_default,,
osm:node:2673080246,30,60,120,category_default,,
osm:node:2673095809,30,60,120,category_default,,
osm:node:2673097160,30,60,120,category_default,,
osm:node:2673139139,20,45,75,category_default,,
osm:node:2676925717,20,45,90,category_default,,
osm:node:2677242469,20,45,90,category_default,,
osm:node:2692629476,20,45,90,category_default,,
osm:node:2701027884,20,45,90,category_default,,
osm:node:2706917665,30,60,120,category_default,,
osm:node:2707025319,30,60,120,category_default,,
osm:node:2708085525,20,45,90,category_default,,
osm:node:2709117604,20,45,90,category_default,,
osm:node:2709129723,20,45,90,category_default,,
osm:node:2722754966,30,60,120,category_default,,
osm:node:2725071624,20,45,75,category_default,,
osm:node:2741379610,20,45,75,category_default,,
osm:node:2749636616,45,90,150,category_default,,
osm:node:2755891979,20,45,75,category_default,,
osm:node:2774487978,20,45,90,category_default,,
osm:node:2776795747,20,45,90,category_default,,
osm:node:2797512242,30,60,120,category_default,,
osm:node:2810302635,30,60,120,category_default,,
osm:node:2835735216,20,45,90,category_default,,
osm:node:2868530083,20,45,90,category_default,,
osm:node:2891024263,20,45,75,category_default,,
osm:node:2899189013,30,60,120,category_default,,
osm:node:2905672920,20,45,75,category_default,,
osm:node:2921241062,20,45,90,category_default,,
osm:node:2940218996,30,60,120,category_default,,
osm:node:2942308148,20,45,75,category_default,,
osm:node:2975431334,20,45,90,category_default,,
osm:node:2982155234,20,45,90,category_default,,
osm:node:2985592989,20,45,90,category_default,,
osm:node:2985592997,20,45,90,category_default,,
osm:node:2987273564,20,45,90,category_default,,
osm:node:2987298385,30,60,120,category_default,,
osm:node:2990412626,20,45,75,category_default,,
osm:node:2995947269,20,45,90,category_default,,
osm:node:3065437220,20,45,90,category_default,,
osm:node:3065437222,20,45,90,category_default,,
osm:node:3065437225,20,45,90,category_default,,
osm:node:3087560032,20,45,90,category_default,,
osm:node:3094058858,15,30,45,category_default,,
osm:node:3098846282,20,45,90,category_default,,
osm:node:3099046008,15,30,45,category_default,,
osm:node:3100293997,20,45,75,category_default,,
osm:node:3108058417,15,30,45,category_default,,
osm:node:3116339965,20,45,75,category_default,,
osm:node:3129503338,20,45,90,category_default,,
osm:node:3141269667,20,45,75,category_default,,
osm:node:3164015111,20,45,90,category_default,,
osm:node:3189559919,30,60,120,category_default,,
osm:node:3189559920,30,60,120,category_default,,
osm:node:3189923484,30,60,120,category_default,,
osm:node:3193946251,20,45,90,category_default,,
osm:node:3198064128,20,45,90,category_default,,
osm:node:3208609061,30,60,120,category_default,,
osm:node:3223469462,15,30,45,category_default,,
osm:node:3226328921,20,45,75,category_default,,
osm:node:3230436393,20,45,90,category_default,,
osm:node:3246442149,20,45,90,category_default,,
osm:node:3282165789,15,30,45,category_default,,
osm:node:3294335517,30,60,120,category_default,,
osm:node:3294682361,30,60,120,category_default,,
osm:node:3294682392,15,30,45,category_default,,
osm:node:3303979417,20,45,75,category_default,,
osm:node:3304098646,20,45,75,category_default,,
osm:node:3304120004,20,45,75,category_default,,
osm:node:3305270302,20,45,75,category_default,,
osm:node:3313813773,20,45,90,category_default,,
osm:node:3331426996,20,45,90,category_default,,
osm:node:3333779918,20,45,90,category_default,,
osm:node:3333781736,20,45,90,category_default,,
osm:node:3333801695,20,45,90,category_default,,
osm:node:3339965902,20,45,75,category_default,,
osm:node:3355719306,20,45,90,category_default,,
osm:node:3363477993,20,45,90,category_default,,
osm:node:3370127645,20,45,90,category_default,,
osm:node:3375861775,20,45,90,category_default,,
osm:node:3377407366,20,45,75,category_default,,
osm:node:3377418953,20,45,75,category_default,,
osm:node:3377464221,20,45,90,category_default,,
osm:node:3377491738,20,45,90,category_default,,
osm:node:3380955463,20,45,90,category_default,,
osm:node:3384220433,20,45,90,category_default,,
osm:node:3384239774,20,45,90,category_default,,
osm:node:3393595444,30,60,120,category_default,,
osm:node:3424406428,20,45,90,category_default,,
osm:node:3426500755,20,45,75,category_default,,
osm:node:3431148154,20,45,75,category_default,,
osm:node:3459027856,20,45,90,category_default,,
osm:node:3462993568,20,45,90,category_default,,
osm:node:3482735049,30,60,120,category_default,,
osm:node:3482735052,30,60,120,category_default,,
osm:node:3499339345,20,45,90,category_default,,
osm:node:3499399984,30,60,120,category_default,,
osm:node:3505512467,20,45,75,category_default,,
osm:node:3516472422,45,90,150,category_default,,
osm:node:3544879981,20,45,90,category_default,,
osm:node:3560283504,30,60,120,category_default,,
osm:node:357411246,20,45,75,category_default,,
osm:node:357476290,20,45,75,category_default,,
osm:node:3600339699,15,30,45,category_default,,
osm:node:3608610063,20,45,90,category_default,,
osm:node:3614214188,20,45,90,category_default,,
osm:node:3619562896,45,90,150,category_default,,
osm:node:3630818123,20,45,90,category_default,,
osm:node:3656511124,20,45,90,category_default,,
osm:node:3668724311,30,60,120,category_default,,
osm:node:3673169335,20,45,90,category_default,,
osm:node:3673171228,20,45,90,category_default,,
osm:node:3690083424,20,45,90,category_default,,
osm:node:3690121740,20,45,90,category_default,,
osm:node:3690121742,20,45,90,category_default,,
osm:node:3690166359,30,60,120,category_default,,
osm:node:3700517398,20,45,90,category_default,,
osm:node:3700517782,20,45,90,category_default,,
osm:node:3720969281,20,45,90,category_default,,
osm:node:3724780549,20,45,90,category_default,,
osm:node:3724802104,20,45,90,category_default,,
osm:node:3733770031,20,45,90,category_default,,
osm:node:3733799521,20,45,90,category_default,,
osm:node:3734565697,20,45,90,category_default,,
osm:node:3734676011,20,45,90,category_default,,
osm:node:3735554276,20,45,90,category_default,,
osm:node:3737011384,20,45,90,category_default,,
osm:node:3737011402,20,45,90,category_default,,
osm:node:3738631828,20,45,90,category_default,,
osm:node:3738797066,20,45,90,category_default,,
osm:node:3738797102,20,45,90,category_default,,
osm:node:3758545765,30,60,90,category_default,,
osm:node:3760247201,20,45,90,category_default,,
osm:node:3760247202,20,45,90,category_default,,
osm:node:3760272162,20,45,90,category_default,,
osm:node:3763530581,30,60,120,category_default,,
osm:node:3763530582,30,60,120,category_default,,
osm:node:3763545372,30,60,120,category_default,,
osm:node:3763846156,20,45,90,category_default,,
osm:node:3766738152,20,45,90,category_default,,
osm:node:3775971223,20,45,75,category_default,,
osm:node:3776005050,20,45,90,category_default,,
osm:node:3779845648,20,45,90,category_default,,
osm:node:3779901125,20,45,90,category_default,,
osm:node:3779901126,20,45,90,category_default,,
osm:node:3779963771,20,45,90,category_default,,
osm:node:3779963772,20,45,90,category_default,,
osm:node:3794435557,20,45,90,category_default,,
osm:node:3796377150,20,45,90,category_default,,
osm:node:3796385428,20,45,90,category_default,,
osm:node:3796391529,20,45,90,category_default,,
osm:node:3796391530,20,45,90,category_default,,
osm:node:3796391531,20,45,90,category_default,,
osm:node:3796391536,20,45,90,category_default,,
osm:node:3796458160,20,45,90,category_default,,
osm:node:3812282642,20,45,75,category_default,,
osm:node:3815170198,20,45,90,category_default,,
osm:node:3815186657,20,45,90,category_default,,
osm:node:3815195757,20,45,90,category_default,,
osm:node:3815202231,20,45,90,category_default,,
osm:node:3844119611,15,30,45,category_default,,
osm:node:3844120381,15,30,45,category_default,,
osm:node:3844120594,15,30,45,category_default,,
osm:node:3852310928,60,120,180,category_default,,
osm:node:3860801614,20,45,75,category_default,,
osm:node:3867252201,20,45,90,category_default,,
osm:node:3885748393,20,45,90,category_default,,
osm:node:3885764176,20,45,90,category_default,,
osm:node:3889096567,20,45,75,category_default,,
osm:node:3918120668,30,60,120,category_default,,
osm:node:3941381822,20,45,90,category_default,,
osm:node:4000306508,20,45,75,category_default,,
osm:node:4005611262,20,45,90,category_default,,
osm:node:4005611263,20,45,90,category_default,,
osm:node:4012510801,30,60,120,category_default,,
osm:node:4020097320,20,45,90,category_default,,
osm:node:4020886325,20,45,90,category_default,,
osm:node:4020886326,20,45,90,category_default,,
osm:node:4027160328,20,45,90,category_default,,
osm:node:4037183852,20,45,90,category_default,,
osm:node:4037219389,20,45,90,category_default,,
osm:node:4049605100,20,45,90,category_default,,
osm:node:4049621016,20,45,90,category_default,,
osm:node:4068141597,20,45,75,category_default,,
osm:node:4082426389,30,60,120,category_default,,
osm:node:4096525696,30,60,120,category_default,,
osm:node:4106680593,20,45,90,category_default,,
osm:node:4110078089,30,60,120,category_default,,
osm:node:4110081290,20,45,90,category_default,,
osm:node:4111509589,30,60,120,category_default,,
osm:node:411926448,20,45,75,category_default,,
osm:node:4122275990,20,45,75,category_default,,
osm:node:4122600122,20,45,90,category_default,,
osm:node:4124936891,15,30,45,category_default,,
osm:node:4130687672,30,60,120,category_default,,
osm:node:4131348091,20,45,90,category_default,,
osm:node:4131348092,30,60,120,category_default,,
osm:node:4131348295,30,60,90,category_default,,
osm:node:4131498489,30,60,120,category_default,,
osm:node:4131658297,20,45,90,category_default,,
osm:node:4131719809,20,45,90,category_default,,
osm:node:4131725789,30,60,120,category_default,,
osm:node:4131725795,20,45,90,category_default,,
osm:node:4131725796,20,45,90,category_default,,
osm:node:4131745690,20,45,90,category_default,,
osm:node:4132751593,30,60,120,category_default,,
osm:node:4133714189,30,60,120,category_default,,
osm:node:4133869265,30,60,120,category_default,,
osm:node:4133919102,30,60,120,category_default,,
osm:node:4135863789,30,60,120,category_default,,
osm:node:4139573698,30,60,120,category_default,,
osm:node:4139586001,30,60,120,category_default,,
osm:node:4142676393,20,45,90,category_default,,
osm:node:4142686008,15,30,45,category_default,,
osm:node:4144220200,15,30,45,category_default,,
osm:node:4148782540,20,45,90,category_default,,
osm:node:4155614989,20,45,90,category_default,,
osm:node:4155758293,30,60,120,category_default,,
osm:node:4157815589,20,45,90,category_default,,
osm:node:4169111190,20,45,90,category_default,,
osm:node:4169146889,15,30,45,category_default,,
osm:node:4170056090,30,60,120,category_default,,
osm:node:4170925467,20,45,90,category_default,,
osm:node:4171787601,30,60,120,category_default,,
osm:node:4171823889,30,60,120,category_default,,
osm:node:4171889289,30,60,120,category_default,,
osm:node:4171925609,30,60,120,category_default,,
osm:node:4171964292,30,60,120,category_default,,
osm:node:4171968896,30,60,120,category_default,,
osm:node:4171971589,30,60,120,category_default,,
osm:node:4172003998,180,300,480,category_default,,
osm:node:4172034499,30,60,120,category_default,,
osm:node:4172034894,30,60,120,category_default,,
osm:node:4172081938,30,60,120,category_default,,
osm:node:4172408414,20,45,90,category_default,,
osm:node:4172519489,30,60,120,category_default,,
osm:node:4180811902,20,45,75,category_default,,
osm:node:4187221190,30,60,120,category_default,,
osm:node:4196982091,30,60,120,category_default,,
osm:node:4210802590,30,60,120,category_default,,
osm:node:4212619289,20,45,90,category_default,,
osm:node:4220779696,20,45,75,category_default,,
osm:node:4222784590,30,60,120,category_default,,
osm:node:4223398172,30,60,120,category_default,,
osm:node:4223828694,30,60,120,category_default,,
osm:node:4225615789,20,45,90,category_default,,
osm:node:4228397491,30,60,120,category_default,,
osm:node:4231475589,20,45,90,category_default,,
osm:node:4240840189,20,45,90,category_default,,
osm:node:4242300895,15,30,45,category_default,,
osm:node:4248697393,30,60,120,category_default,,
osm:node:4249974605,20,45,90,category_default,,
osm:node:4252023719,15,30,45,category_default,,
osm:node:4259837989,15,30,45,category_default,,
osm:node:4259838689,20,45,90,category_default,,
osm:node:4261054307,20,45,75,category_default,,
osm:node:4265724390,30,60,120,category_default,,
osm:node:4265730528,30,60,120,category_default,,
osm:node:4266207090,20,45,90,category_default,,
osm:node:4273127089,20,45,90,category_default,,
osm:node:4275582395,30,60,120,category_default,,
osm:node:4275610390,20,45,75,category_default,,
osm:node:4277824433,20,45,90,category_default,,
osm:node:4278629792,20,45,90,category_default,,
osm:node:4279640089,30,60,120,category_default,,
osm:node:4280016689,20,45,90,category_default,,
osm:node:4283614989,20,45,90,category_default,,
osm:node:4290014490,30,60,120,category_default,,
osm:node:4290033103,20,45,90,category_default,,
osm:node:4290033201,20,45,90,category_default,,
osm:node:4290667290,30,60,120,category_default,,
osm:node:4290667291,20,45,90,category_default,,
osm:node:4292019089,30,60,120,category_default,,
osm:node:4293342731,30,60,120,category_default,,
osm:node:4293357089,30,60,120,category_default,,
osm:node:4293357189,30,60,120,category_default,,
osm:node:4293357289,30,60,120,category_default,,
osm:node:4294135790,20,45,90,category_default,,
osm:node:4294139091,20,45,90,category_default,,
osm:node:4294143691,20,45,90,category_default,,
osm:node:4294167889,20,45,90,category_default,,
osm:node:4299365893,30,60,120,category_default,,
osm:node:4299949764,20,45,75,category_default,,
osm:node:4305620000,20,45,75,category_default,,
osm:node:4305631603,30,60,120,category_default,,
osm:node:4314656617,30,60,120,category_default,,
osm:node:4317682289,20,45,75,category_default,,
osm:node:4318938089,30,60,120,category_default,,
osm:node:4319342389,20,45,75,category_default,,
osm:node:4322557289,15,30,45,category_default,,
osm:node:4322571390,20,45,75,category_default,,
osm:node:4322626895,15,30,45,category_default,,
osm:node:4322936691,30,60,120,category_default,,
osm:node:4327763291,20,45,75,category_default,,
osm:node:4328915189,20,45,75,category_default,,
osm:node:4330925790,20,45,90,category_default,,
osm:node:4332519989,20,45,90,category_default,,
osm:node:4333176791,15,30,45,category_default,,
osm:node:4339500392,15,30,45,category_default,,
osm:node:4339606319,20,45,90,category_default,,
osm:node:4339647263,20,45,90,category_default,,
osm:node:4340529798,20,45,75,category_default,,
osm:node:4340579090,20,45,75,category_default,,
osm:node:4343120697,20,45,90,category_default,,
osm:node:4344121490,30,60,120,category_default,,
osm:node:4344147191,30,60,120,category_default,,
osm:node:4346714789,20,45,90,category_default,,
osm:node:4346788489,20,45,90,category_default,,
osm:node:4346788589,20,45,90,category_default,,
osm:node:4347089780,45,90,150,category_default,,
osm:node:4347622398,20,45,90,category_default,,
osm:node:4347784689,20,45,90,category_default,,
osm:node:4347786689,20,45,90,category_default,,
osm:node:4348556912,20,45,90,category_default,,
osm:node:4349411090,20,45,90,category_default,,
osm:node:4351210790,20,45,75,category_default,,
osm:node:4355457194,20,45,75,category_default,,
osm:node:4357664005,15,30,45,category_default,,
osm:node:4359528394,20,45,90,category_default,,
osm:node:4359539593,20,45,90,category_default,,
osm:node:4359542691,20,45,90,category_default,,
osm:node:4359542692,20,45,90,category_default,,
osm:node:4359751695,20,45,90,category_default,,
osm:node:4359773990,20,45,90,category_default,,
osm:node:4360186897,20,45,90,category_default,,
osm:node:4360186898,20,45,90,category_default,,
osm:node:4360297544,30,60,120,category_default,,
osm:node:4362368989,20,45,90,category_default,,
osm:node:4367499201,20,45,90,category_default,,
osm:node:4368051989,30,60,120,category_default,,
osm:node:4370771787,15,30,45,category_default,,
osm:node:4374974795,30,60,120,category_default,,
osm:node:4374974796,30,60,120,category_default,,
osm:node:4374974797,30,60,120,category_default,,
osm:node:4374992097,30,60,120,category_default,,
osm:node:4374993693,30,60,120,category_default,,
osm:node:4374995096,20,45,90,category_default,,
osm:node:4374995102,20,45,90,category_default,,
osm:node:4374995393,30,60,120,category_default,,
osm:node:4375003793,30,60,120,category_default,,
osm:node:4375003890,30,60,120,category_default,,
osm:node:4380328291,30,60,120,category_default,,
osm:node:4380328692,30,60,120,category_default,,
osm:node:4384760684,30,60,120,category_default,,
osm:node:4386507990,20,45,90,category_default,,
osm:node:4386893975,20,45,90,category_default,,
osm:node:4387487189,20,45,75,category_default,,
osm:node:4387489190,30,60,120,category_default,,
osm:node:4398306991,20,45,90,category_default,,
osm:node:4398735890,20,45,75,category_default,,
osm:node:4401745714,20,45,90,category_default,,
osm:node:4407485889,20,45,90,category_default,,
osm:node:4408961590,20,45,75,category_default,,
osm:node:4408964589,20,45,75,category_default,,
osm:node:4408967891,20,45,75,category_default,,
osm:node:4408992191,20,45,75,category_default,,
osm:node:4408994091,20,45,75,category_default,,
osm:node:4409014090,20,45,75,category_default,,
osm:node:4409014091,20,45,75,category_default,,
osm:node:4409198189,30,60,120,category_default,,
osm:node:4409245091,30,60,120,category_default,,
osm:node:4409284590,30,60,120,category_default,,
osm:node:4409284591,20,45,75,category_default,,
osm:node:4409318890,20,45,75,category_default,,
osm:node:4411033492,20,45,75,category_default,,
osm:node:4411036392,30,60,120,category_default,,
osm:node:4411036589,20,45,75,category_default,,
osm:node:4411036591,20,45,75,category_default,,
osm:node:4411037089,20,45,75,category_default,,
osm:node:4411037189,30,60,120,category_default,,
osm:node:4411359985,20,45,90,category_default,,
osm:node:4414778348,30,60,120,category_default,,
osm:node:4416131101,20,45,75,category_default,,
osm:node:4417074190,30,60,120,category_default,,
osm:node:4423122039,20,45,90,category_default,,
osm:node:4423122041,20,45,90,category_default,,
osm:node:4424766405,30,60,120,category_default,,
osm:node:4425212173,20,45,90,category_default,,
osm:node:4425904493,15,30,45,category_default,,
osm:node:4427121492,15,30,45,category_default,,
osm:node:443033827,20,45,75,category_default,,
osm:node:4430357690,30,60,120,category_default,,
osm:node:4432134392,15,30,45,category_default,,
osm:node:4438550789,30,60,120,category_default,,
osm:node:4443409292,20,45,75,category_default,,
osm:node:4450362196,20,45,90,category_default,,
osm:node:4452884989,30,60,120,category_default,,
osm:node:4452998291,15,30,45,category_default,,
osm:node:445345255,30,60,120,category_default,,
osm:node:445345257,20,45,90,category_default,,
osm:node:4456912024,20,45,75,category_default,,
osm:node:4457979489,30,60,120,category_default,,
osm:node:4459153112,20,45,90,category_default,,
osm:node:4459153113,20,45,90,category_default,,
osm:node:4459153114,20,45,90,category_default,,
osm:node:446031978,20,45,90,category_default,,
osm:node:446043019,30,60,120,category_default,,
osm:node:446043737,30,60,120,category_default,,
osm:node:4460577190,20,45,90,category_default,,
osm:node:4465710189,30,60,120,category_default,,
osm:node:4468397489,20,45,90,category_default,,
osm:node:4469531489,20,45,90,category_default,,
osm:node:4469809893,30,60,120,category_default,,
osm:node:4472575491,15,30,45,category_default,,
osm:node:4472600793,15,30,45,category_default,,
osm:node:4472607491,15,30,45,category_default,,
osm:node:4472642290,15,30,45,category_default,,
osm:node:4472649089,15,30,45,category_default,,
osm:node:4472920894,20,45,75,category_default,,
osm:node:4489385889,30,60,120,category_default,,
osm:node:4496262793,20,45,90,category_default,,
osm:node:449628162,20,45,90,category_default,,
osm:node:4496334589,20,45,90,category_default,,
osm:node:4496334590,20,45,90,category_default,,
osm:node:4497819206,20,45,90,category_default,,
osm:node:4499978190,30,60,120,category_default,,
osm:node:4500377996,20,45,75,category_default,,
osm:node:4504835990,30,60,120,category_default,,
osm:node:4508485692,15,30,45,category_default,,
osm:node:4517387589,30,60,120,category_default,,
osm:node:4518976294,30,60,120,category_default,,
osm:node:4522428063,20,45,90,category_default,,
osm:node:4524319889,30,60,120,category_default,,
osm:node:4524518293,20,45,75,category_default,,
osm:node:4524518294,20,45,75,category_default,,
osm:node:4524565893,20,45,75,category_default,,
osm:node:4527079991,20,45,90,category_default,,
osm:node:4529821554,20,45,75,category_default,,
osm:node:4530874190,20,45,90,category_default,,
osm:node:4531908000,20,45,90,category_default,,
osm:node:4533660892,20,45,90,category_default,,
osm:node:4533841097,20,45,90,category_default,,
osm:node:4533841098,20,45,90,category_default,,
osm:node:4533841593,20,45,90,category_default,,
osm:node:4533846096,20,45,90,category_default,,
osm:node:4533846098,20,45,90,category_default,,
osm:node:4533846099,20,45,90,category_default,,
osm:node:4536056691,20,45,75,category_default,,
osm:node:4536085190,20,45,75,category_default,,
osm:node:4537530289,20,45,75,category_default,,
osm:node:4538859095,20,45,90,category_default,,
osm:node:4539038792,30,60,120,category_default,,
osm:node:4539039789,30,60,120,category_default,,
osm:node:4539039890,15,30,45,category_default,,
osm:node:4544230189,20,45,90,category_default,,
osm:node:4547564790,15,30,45,category_default,,
osm:node:4547757490,20,45,90,category_default,,
osm:node:4550329090,20,45,90,category_default,,
osm:node:4550331301,20,45,90,category_default,,
osm:node:4551057513,20,45,90,category_default,,
osm:node:4551100291,15,30,45,category_default,,
osm:node:4551100293,20,45,75,category_default,,
osm:node:4555464591,30,60,120,category_default,,
osm:node:4555491489,20,45,75,category_default,,
osm:node:4556557890,30,60,120,category_default,,
osm:node:4561184895,15,30,45,category_default,,
osm:node:4564778689,30,60,120,category_default,,
osm:node:4564921289,20,45,75,category_default,,
osm:node:4565113392,20,45,75,category_default,,
osm:node:4566036891,20,45,90,category_default,,
osm:node:4567308091,30,60,120,category_default,,
osm:node:4572907889,30,60,120,category_default,,
osm:node:4573262427,20,45,90,category_default,,
osm:node:4578718792,30,60,120,category_default,,
osm:node:4582592213,20,45,90,category_default,,
osm:node:4587394292,30,60,120,category_default,,
osm:node:4589456390,30,60,120,category_default,,
osm:node:4592077291,20,45,90,category_default,,
osm:node:4592681104,20,45,90,category_default,,
osm:node:4593718890,20,45,90,category_default,,
osm:node:4593881290,30,60,120,category_default,,
osm:node:4593881691,20,45,90,category_default,,
osm:node:4593932295,20,45,90,category_default,,
osm:node:4594340509,20,45,90,category_default,,
osm:node:4596325693,20,45,90,category_default,,
osm:node:4596993489,20,45,75,category_default,,
osm:node:4598040190,30,60,120,category_default,,
osm:node:4599216290,15,30,45,category_default,,
osm:node:4600449293,30,60,120,category_default,,
osm:node:4601176590,15,30,45,category_default,,
osm:node:4601224690,20,45,75,category_default,,
osm:node:4603007782,20,45,90,category_default,,
osm:node:4605141689,20,45,75,category_default,,
osm:node:4609021390,30,60,120,category_default,,
osm:node:4609665795,20,45,90,category_default,,
osm:node:4615672718,20,45,90,category_default,,
osm:node:4618120190,20,45,90,category_default,,
osm:node:4618137889,20,45,90,category_default,,
osm:node:4624128289,30,60,120,category_default,,
osm:node:4644080489,30,60,120,category_default,,
osm:node:4657198090,20,45,75,category_default,,
osm:node:4657208090,20,45,90,category_default,,
osm:node:4664696291,20,45,90,category_default,,
osm:node:4664732689,20,45,90,category_default,,
osm:node:4667117489,30,60,120,category_default,,
osm:node:4670435890,20,45,75,category_default,,
osm:node:4673841090,30,60,120,category_default,,
osm:node:4674771389,20,45,75,category_default,,
osm:node:4674922391,20,45,90,category_default,,
osm:node:4674945189,20,45,90,category_default,,
osm:node:4679445800,20,45,90,category_default,,
osm:node:4681189989,20,45,90,category_default,,
osm:node:4682352213,20,45,90,category_default,,
osm:node:4686124590,20,45,90,category_default,,
osm:node:4686736092,30,60,120,category_default,,
osm:node:4687830590,30,60,120,category_default,,
osm:node:4689020593,20,45,90,category_default,,
osm:node:4694935790,20,45,75,category_default,,
osm:node:4695553190,30,60,120,category_default,,
osm:node:4698488290,20,45,90,category_default,,
osm:node:4698512741,20,45,90,category_default,,
osm:node:4698647291,20,45,90,category_default,,
osm:node:4699200455,20,45,75,category_default,,
osm:node:4706189591,20,45,75,category_default,,
osm:node:4708186090,20,45,75,category_default,,
osm:node:4708210889,20,45,90,category_default,,
osm:node:4709395094,20,45,90,category_default,,
osm:node:4711096293,20,45,90,category_default,,
osm:node:4711541290,15,30,45,category_default,,
osm:node:4712559392,20,45,90,category_default,,
osm:node:4712745589,20,45,75,category_default,,
osm:node:4712948589,30,60,120,category_default,,
osm:node:4713142090,30,60,120,category_default,,
osm:node:4713519694,20,45,90,category_default,,
osm:node:4715404591,20,45,90,category_default,,
osm:node:4715422690,20,45,90,category_default,,
osm:node:4716177261,30,60,120,category_default,,
osm:node:4716178797,30,60,120,category_default,,
osm:node:4716178909,30,60,120,category_default,,
osm:node:4716178910,30,60,120,category_default,,
osm:node:4716178925,30,60,120,category_default,,
osm:node:4716178989,30,60,120,category_default,,
osm:node:4720321393,30,60,120,category_default,,
osm:node:4721498690,15,30,45,category_default,,
osm:node:4723673992,20,45,90,category_default,,
osm:node:4729199352,20,45,75,category_default,,
osm:node:4730514522,30,60,120,category_default,,
osm:node:4730877540,30,60,120,category_default,,
osm:node:4732248823,20,45,75,category_default,,
osm:node:4736269224,20,45,90,category_default,,
osm:node:4738230938,20,45,90,category_default,,
osm:node:4738232630,20,45,90,category_default,,
osm:node:4739889869,15,30,45,category_default,,
osm:node:4741642219,15,30,45,category_default,,
osm:node:4742507123,20,45,75,category_default,,
osm:node:4742839722,20,45,75,category_default,,
osm:node:4746301227,30,60,120,category_default,,
osm:node:4750059323,20,45,90,category_default,,
osm:node:4750059324,20,45,90,category_default,,
osm:node:4752378024,30,60,120,category_default,,
osm:node:4752799025,15,30,45,category_default,,
osm:node:4755620153,20,45,90,category_default,,
osm:node:4756246029,20,45,90,category_default,,
osm:node:4757530337,20,45,90,category_default,,
osm:node:4758804844,30,60,120,category_default,,
osm:node:4758804846,30,60,120,category_default,,
osm:node:4758804847,30,60,120,category_default,,
osm:node:4758804848,30,60,120,category_default,,
osm:node:4758804852,30,60,120,category_default,,
osm:node:4758804853,30,60,120,category_default,,
osm:node:4758805131,30,60,120,category_default,,
osm:node:4758805136,30,60,120,category_default,,
osm:node:4758805139,30,60,120,category_default,,
osm:node:4758805141,30,60,120,category_default,,
osm:node:4758805142,30,60,120,category_default,,
osm:node:4758806821,30,60,120,category_default,,
osm:node:4759000554,30,60,120,category_default,,
osm:node:4761581824,20,45,90,category_default,,
osm:node:4762095328,20,45,75,category_default,,
osm:node:4763674621,30,60,120,category_default,,
osm:node:4765880121,30,60,120,category_default,,
osm:node:4766128025,20,45,90,category_default,,
osm:node:4768847222,20,45,90,category_default,,
osm:node:4778026926,20,45,75,category_default,,
osm:node:4782144621,30,60,120,category_default,,
osm:node:4782520523,20,45,90,category_default,,
osm:node:4782540521,20,45,90,category_default,,
osm:node:4783069521,15,30,45,category_default,,
osm:node:4786074721,20,45,90,category_default,,
osm:node:4791640322,20,45,75,category_default,,
osm:node:4791640521,20,45,90,category_default,,
osm:node:4796045821,20,45,90,category_default,,
osm:node:4801267622,20,45,90,category_default,,
osm:node:4802739923,20,45,75,category_default,,
osm:node:4802917921,20,45,90,category_default,,
osm:node:4807957148,180,300,480,category_default,,
osm:node:4813074210,20,45,90,category_default,,
osm:node:4813074237,20,45,90,category_default,,
osm:node:4813087459,20,45,75,category_default,,
osm:node:4815676514,20,45,90,category_default,,
osm:node:4817286823,30,60,120,category_default,,
osm:node:4818216280,20,45,90,category_default,,
osm:node:4823483325,30,60,120,category_default,,
osm:node:4828147520,15,30,45,category_default,,
osm:node:4831870722,20,45,90,category_default,,
osm:node:4838570823,20,45,75,category_default,,
osm:node:4839798837,20,45,90,category_default,,
osm:node:4842817621,30,60,120,category_default,,
osm:node:4843374629,20,45,90,category_default,,
osm:node:4843739738,30,60,120,category_default,,
osm:node:4845297821,20,45,90,category_default,,
osm:node:4851795539,20,45,90,category_default,,
osm:node:4862104723,30,60,120,category_default,,
osm:node:4865404721,20,45,90,category_default,,
osm:node:4865522503,20,45,75,category_default,,
osm:node:4869504323,20,45,90,category_default,,
osm:node:4869504324,20,45,90,category_default,,
osm:node:4884705621,30,60,120,category_default,,
osm:node:4886972160,20,45,90,category_default,,
osm:node:4886977396,20,45,90,category_default,,
osm:node:4886978066,20,45,90,category_default,,
osm:node:4887078501,20,45,90,category_default,,
osm:node:4888868574,20,45,90,category_default,,
osm:node:4888934656,20,45,75,category_default,,
osm:node:4889087244,30,60,120,category_default,,
osm:node:4889894025,20,45,90,category_default,,
osm:node:4898430958,30,60,120,category_default,,
osm:node:4899456166,20,45,90,category_default,,
osm:node:4900690486,20,45,90,category_default,,
osm:node:4900690923,20,45,90,category_default,,
osm:node:4900741321,20,45,90,category_default,,
osm:node:4903937022,20,45,90,category_default,,
osm:node:4905366898,20,45,90,category_default,,
osm:node:4907002221,20,45,90,category_default,,
osm:node:4909020925,30,60,120,category_default,,
osm:node:4912364521,30,60,120,category_default,,
osm:node:491586801,20,45,75,category_default,,
osm:node:491586802,20,45,75,category_default,,
osm:node:491586866,20,45,75,category_default,,
osm:node:491586906,20,45,75,category_default,,
osm:node:491587036,30,60,120,category_default,,
osm:node:4920678826,20,45,90,category_default,,
osm:node:4921481226,30,60,120,category_default,,
osm:node:4924323121,30,60,120,category_default,,
osm:node:4924404514,20,45,90,category_default,,
osm:node:4926652121,30,60,120,category_default,,
osm:node:4927916321,30,60,120,category_default,,
osm:node:4929589834,30,60,120,category_default,,
osm:node:4935595399,20,45,90,category_default,,
osm:node:4936727363,30,60,120,category_default,,
osm:node:4938463134,20,45,90,category_default,,
osm:node:4940164422,30,60,120,category_default,,
osm:node:4940164522,20,45,90,category_default,,
osm:node:4943668921,15,30,45,category_default,,
osm:node:4948016990,15,30,45,category_default,,
osm:node:4953816290,20,45,90,category_default,,
osm:node:4955662821,20,45,75,category_default,,
osm:node:4956042621,20,45,90,category_default,,
osm:node:4956619832,20,45,90,category_default,,
osm:node:4956621222,30,60,120,category_default,,
osm:node:4959115526,30,60,120,category_default,,
osm:node:4959124022,30,60,120,category_default,,
osm:node:4960234435,15,30,45,category_default,,
osm:node:4960234436,15,30,45,category_default,,
osm:node:4961718824,30,60,120,category_default,,
osm:node:4961718922,30,60,120,category_default,,
osm:node:4975436721,20,45,90,category_default,,
osm:node:4978569221,15,30,45,category_default,,
osm:node:4986330523,20,45,90,category_default,,
osm:node:4995953723,20,45,75,category_default,,
osm:node:4995961721,20,45,75,category_default,,
osm:node:4998754422,20,45,75,category_default,,
osm:node:4998757921,20,45,75,category_default,,
osm:node:4999510821,20,45,90,category_default,,
osm:node:5001453623,20,45,75,category_default,,
osm:node:5001479422,20,45,75,category_default,,
osm:node:5001479425,20,45,75,category_default,,
osm:node:5001479427,20,45,75,category_default,,
osm:node:5001483721,20,45,75,category_default,,
osm:node:5001483722,20,45,75,category_default,,
osm:node:5001483921,20,45,75,category_default,,
osm:node:5001495621,20,45,90,category_default,,
osm:node:5001800277,20,45,90,category_default,,
osm:node:5025409279,20,45,75,category_default,,
osm:node:5027534021,15,30,45,category_default,,
osm:node:5031703383,20,45,75,category_default,,
osm:node:5031703384,20,45,75,category_default,,
osm:node:5031703385,20,45,75,category_default,,
osm:node:5031703386,20,45,75,category_default,,
osm:node:5031703387,20,45,75,category_default,,
osm:node:5031703388,20,45,75,category_default,,
osm:node:5031703389,20,45,75,category_default,,
osm:node:5031703390,20,45,75,category_default,,
osm:node:5031704746,20,45,75,category_default,,
osm:node:5031704747,20,45,75,category_default,,
osm:node:5031704909,20,45,75,category_default,,
osm:node:5031704910,20,45,75,category_default,,
osm:node:5031704911,20,45,75,category_default,,
osm:node:5031704912,20,45,75,category_default,,
osm:node:5031704913,20,45,75,category_default,,
osm:node:5031704914,20,45,75,category_default,,
osm:node:5031705425,20,45,75,category_default,,
osm:node:5031705426,20,45,75,category_default,,
osm:node:5031705622,20,45,75,category_default,,
osm:node:5031709021,20,45,75,category_default,,
osm:node:5031709022,20,45,75,category_default,,
osm:node:5031722621,20,45,75,category_default,,
osm:node:5033650021,20,45,75,category_default,,
osm:node:5033650022,20,45,75,category_default,,
osm:node:5033650023,20,45,75,category_default,,
osm:node:5033650024,20,45,75,category_default,,
osm:node:5033650221,20,45,75,category_default,,
osm:node:5033650222,20,45,75,category_default,,
osm:node:5033650223,20,45,75,category_default,,
osm:node:5033650321,20,45,75,category_default,,
osm:node:5040121222,20,45,75,category_default,,
osm:node:5040126121,20,45,75,category_default,,
osm:node:5043949621,30,60,120,category_default,,
osm:node:5047534424,20,45,75,category_default,,
osm:node:5048496223,20,45,90,category_default,,
osm:node:5048496224,20,45,90,category_default,,
osm:node:5048543821,20,45,90,category_default,,
osm:node:5053995521,30,60,120,category_default,,
osm:node:5057529521,20,45,75,category_default,,
osm:node:5057923622,20,45,90,category_default,,
osm:node:5059604711,20,45,75,category_default,,
osm:node:5059962424,30,60,120,category_default,,
osm:node:5059984021,30,60,120,category_default,,
osm:node:5061600122,20,45,75,category_default,,
osm:node:5061600123,20,45,75,category_default,,
osm:node:5061600124,20,45,75,category_default,,
osm:node:5061624121,20,45,75,category_default,,
osm:node:5061624122,20,45,75,category_default,,
osm:node:5061624321,20,45,75,category_default,,
osm:node:5062038323,20,45,75,category_default,,
osm:node:5062038324,20,45,75,category_default,,
osm:node:5062063623,20,45,75,category_default,,
osm:node:5062063624,20,45,75,category_default,,
osm:node:5062066024,20,45,75,category_default,,
osm:node:5063155622,20,45,75,category_default,,
osm:node:5063239922,20,45,75,category_default,,
osm:node:5063241321,20,45,75,category_default,,
osm:node:5063241322,20,45,75,category_default,,
osm:node:5063241421,20,45,75,category_default,,
osm:node:5065270751,20,45,90,category_default,,
osm:node:5068148621,20,45,90,category_default,,
osm:node:5072875722,30,60,120,category_default,,
osm:node:5076808823,20,45,90,category_default,,
osm:node:5091041221,30,60,120,category_default,,
osm:node:5104295621,15,30,45,category_default,,
osm:node:5112158121,20,45,90,category_default,,
osm:node:5114065421,20,45,90,category_default,,
osm:node:5114065422,20,45,90,category_default,,
osm:node:5114065522,20,45,90,category_default,,
osm:node:5114065523,20,45,90,category_default,,
osm:node:5114065524,20,45,90,category_default,,
osm:node:5114065525,20,45,90,category_default,,
osm:node:5114065526,20,45,90,category_default,,
osm:node:5114065527,20,45,90,category_default,,
osm:node:5114065528,20,45,90,category_default,,
osm:node:5114065529,20,45,90,category_default,,
osm:node:5114065530,20,45,90,category_default,,
osm:node:5114065721,20,45,90,category_default,,
osm:node:5114065722,20,45,90,category_default,,
osm:node:5115399759,20,45,90,category_default,,
osm:node:5126103952,30,60,120,category_default,,
osm:node:5126103953,30,60,120,category_default,,
osm:node:5129868129,20,45,75,category_default,,
osm:node:5132815623,20,45,90,category_default,,
osm:node:5132908921,15,30,45,category_default,,
osm:node:5137781822,30,60,120,category_default,,
osm:node:5137781823,30,60,120,category_default,,
osm:node:5137800021,30,60,120,category_default,,
osm:node:5137801721,30,60,120,category_default,,
osm:node:5137801722,30,60,120,category_default,,
osm:node:5137981655,30,60,120,category_default,,
osm:node:5140991321,30,60,120,category_default,,
osm:node:5141145956,30,60,120,category_default,,
osm:node:5147203123,30,60,120,category_default,,
osm:node:5152915021,20,45,90,category_default,,
osm:node:5152922021,20,45,90,category_default,,
osm:node:5153761923,30,60,120,category_default,,
osm:node:5154907722,30,60,120,category_default,,
osm:node:5155521805,15,30,45,category_default,,
osm:node:5158684722,30,60,120,category_default,,
osm:node:5171146514,20,45,75,category_default,,
osm:node:5177374223,20,45,90,category_default,,
osm:node:5177612390,20,45,90,category_default,,
osm:node:5177612395,180,300,480,category_default,,
osm:node:5177612396,20,45,90,category_default,,
osm:node:5177654983,20,45,90,category_default,,
osm:node:5179064421,30,60,120,category_default,,
osm:node:5179321726,30,60,120,category_default,,
osm:node:5182931945,30,60,120,category_default,,
osm:node:5189505622,30,60,90,category_default,,
osm:node:5191527721,30,60,120,category_default,,
osm:node:5202498021,20,45,90,category_default,,
osm:node:5207506722,20,45,90,category_default,,
osm:node:5207523124,20,45,90,category_default,,
osm:node:5211390921,20,45,75,category_default,,
osm:node:5211512490,180,300,480,category_default,,
osm:node:5211512592,20,45,90,category_default,,
osm:node:5211590425,20,45,90,category_default,,
osm:node:5214272376,30,60,120,category_default,,
osm:node:5216168822,20,45,90,category_default,,
osm:node:5220854523,15,30,45,category_default,,
osm:node:5222825324,15,30,45,category_default,,
osm:node:5224310275,20,45,90,category_default,,
osm:node:5227336425,30,60,120,category_default,,
osm:node:5227610721,30,60,120,category_default,,
osm:node:5233871122,30,60,120,category_default,,
osm:node:5235965924,20,45,90,category_default,,
osm:node:5244555569,20,45,90,category_default,,
osm:node:5244555570,20,45,75,category_default,,
osm:node:5245298923,20,45,90,category_default,,
osm:node:5249720503,20,45,75,category_default,,
osm:node:5249720508,20,45,90,category_default,,
osm:node:5250159922,30,60,120,category_default,,
osm:node:5251451629,20,45,90,category_default,,
osm:node:5251451644,20,45,90,category_default,,
osm:node:5251466673,20,45,90,category_default,,
osm:node:5251674991,15,30,45,category_default,,
osm:node:5253309239,20,45,90,category_default,,
osm:node:5253332052,20,45,90,category_default,,
osm:node:5253336022,20,45,90,category_default,,
osm:node:5253343580,20,45,90,category_default,,
osm:node:5253349890,20,45,90,category_default,,
osm:node:5253370623,20,45,90,category_default,,
osm:node:5253408677,20,45,90,category_default,,
osm:node:5253674702,20,45,90,category_default,,
osm:node:5256962158,20,45,75,category_default,,
osm:node:5256988878,20,45,90,category_default,,
osm:node:5257017305,20,45,90,category_default,,
osm:node:5257696126,30,60,120,category_default,,
osm:node:5263355633,20,45,90,category_default,,
osm:node:5263927351,20,45,90,category_default,,
osm:node:5269460121,15,30,45,category_default,,
osm:node:5273998822,30,60,120,category_default,,
osm:node:5273998823,30,60,120,category_default,,
osm:node:5273999121,30,60,120,category_default,,
osm:node:5274759821,30,60,120,category_default,,
osm:node:5276546923,20,45,75,category_default,,
osm:node:5276547123,30,60,120,category_default,,
osm:node:5276928222,30,60,120,category_default,,
osm:node:5285071606,20,45,90,category_default,,
osm:node:5285085021,30,60,120,category_default,,
osm:node:5285124521,30,60,120,category_default,,
osm:node:5286260321,20,45,90,category_default,,
osm:node:5286977425,30,60,120,category_default,,
osm:node:5287075723,20,45,90,category_default,,
osm:node:5291054227,30,60,120,category_default,,
osm:node:5293847327,20,45,90,category_default,,
osm:node:5293847367,20,45,90,category_default,,
osm:node:5294733035,30,60,120,category_default,,
osm:node:5295229004,20,45,90,category_default,,
osm:node:5295283526,20,45,90,category_default,,
osm:node:5295283528,20,45,90,category_default,,
osm:node:5295283529,20,45,90,category_default,,
osm:node:5295283535,20,45,75,category_default,,
osm:node:5295283540,20,45,90,category_default,,
osm:node:5295283541,20,45,90,category_default,,
osm:node:5295283542,20,45,90,category_default,,
osm:node:5295304259,20,45,90,category_default,,
osm:node:5295611830,30,60,120,category_default,,
osm:node:5299153429,30,60,120,category_default,,
osm:node:5300822921,30,60,120,category_default,,
osm:node:5300993321,15,30,45,category_default,,
osm:node:5302045712,20,45,75,category_default,,
osm:node:5302720388,20,45,75,category_default,,
osm:node:5302765921,30,60,120,category_default,,
osm:node:5302842823,30,60,120,category_default,,
osm:node:5302995921,30,60,120,category_default,,
osm:node:5303305522,30,60,120,category_default,,
osm:node:5307980522,20,45,90,category_default,,
osm:node:5308041494,20,45,90,category_default,,
osm:node:530809967,20,45,90,category_default,,
osm:node:5309941724,20,45,75,category_default,,
osm:node:5310080021,20,45,90,category_default,,
osm:node:5316382623,30,60,120,category_default,,
osm:node:5316455021,45,90,150,category_default,,
osm:node:5317498202,20,45,90,category_default,,
osm:node:5317498207,20,45,90,category_default,,
osm:node:5317498322,20,45,90,category_default,,
osm:node:5317498335,20,45,90,category_default,,
osm:node:5317564016,20,45,90,category_default,,
osm:node:5320014421,30,60,120,category_default,,
osm:node:5323683221,30,60,120,category_default,,
osm:node:5323866724,30,60,120,category_default,,
osm:node:5325163021,30,60,120,category_default,,
osm:node:5325374423,30,60,120,category_default,,
osm:node:5325732474,20,45,90,category_default,,
osm:node:5326790724,30,60,120,category_default,,
osm:node:5326790725,30,60,120,category_default,,
osm:node:5326790726,30,60,120,category_default,,
osm:node:5326810021,30,60,120,category_default,,
osm:node:5331784068,20,45,90,category_default,,
osm:node:5332978922,30,60,120,category_default,,
osm:node:5334861221,30,60,120,category_default,,
osm:node:5334861321,30,60,120,category_default,,
osm:node:5334861322,30,60,120,category_default,,
osm:node:5336230121,20,45,90,category_default,,
osm:node:5336237621,20,45,90,category_default,,
osm:node:5336414623,20,45,75,category_default,,
osm:node:5336414626,15,30,45,category_default,,
osm:node:5336416674,20,45,75,category_default,,
osm:node:5336416675,30,60,120,category_default,,
osm:node:5336423721,20,45,90,category_default,,
osm:node:5336423922,15,30,45,category_default,,
osm:node:5336819322,30,60,120,category_default,,
osm:node:5336909223,20,45,90,category_default,,
osm:node:5339006724,20,45,75,category_default,,
osm:node:5339019721,30,60,120,category_default,,
osm:node:5339081323,30,60,120,category_default,,
osm:node:5340127524,30,60,120,category_default,,
osm:node:5340127526,30,60,120,category_default,,
osm:node:5342669821,20,45,75,category_default,,
osm:node:5344171794,20,45,90,category_default,,
osm:node:5344179215,20,45,90,category_default,,
osm:node:5344189074,20,45,90,category_default,,
osm:node:5344833031,30,60,120,category_default,,
osm:node:5344833034,30,60,120,category_default,,
osm:node:5344833035,30,60,120,category_default,,
osm:node:5344833123,30,60,120,category_default,,
osm:node:5344833130,30,60,120,category_default,,
osm:node:5346495931,30,60,120,category_default,,
osm:node:5346561555,30,60,120,category_default,,
osm:node:5346677124,20,45,75,category_default,,
osm:node:5348532724,30,60,120,category_default,,
osm:node:5348989126,30,60,120,category_default,,
osm:node:5348990925,30,60,120,category_default,,
osm:node:5348990926,30,60,120,category_default,,
osm:node:5349009821,30,60,120,category_default,,
osm:node:5350591721,20,45,75,category_default,,
osm:node:5350977622,30,60,120,category_default,,
osm:node:5351083643,180,300,480,category_default,,
osm:node:5353612634,20,45,75,category_default,,
osm:node:5354274233,30,60,120,category_default,,
osm:node:5354274324,30,60,120,category_default,,
osm:node:5354281321,30,60,120,category_default,,
osm:node:5355918921,30,60,120,category_default,,
osm:node:5358502323,30,60,120,category_default,,
osm:node:5358515322,20,45,90,category_default,,
osm:node:5358515323,30,60,120,category_default,,
osm:node:5358515324,30,60,120,category_default,,
osm:node:5358515622,30,60,120,category_default,,
osm:node:5358516721,20,45,75,category_default,,
osm:node:5360350621,30,60,120,category_default,,
osm:node:5360350822,30,60,120,category_default,,
osm:node:5361071925,30,60,120,category_default,,
osm:node:5361240624,30,60,120,category_default,,
osm:node:5362836921,20,45,90,category_default,,
osm:node:5367411121,30,60,120,category_default,,
osm:node:5370007621,20,45,90,category_default,,
osm:node:5370525523,30,60,120,category_default,,
osm:node:5372143970,20,45,90,category_default,,
osm:node:5373874858,20,45,90,category_default,,
osm:node:5374643593,20,45,90,category_default,,
osm:node:5377399969,20,45,90,category_default,,
osm:node:5377399970,20,45,90,category_default,,
osm:node:5378089323,30,60,120,category_default,,
osm:node:5380395923,30,60,120,category_default,,
osm:node:5381002022,20,45,90,category_default,,
osm:node:5381138522,20,45,90,category_default,,
osm:node:5382283921,30,60,120,category_default,,
osm:node:5382283922,30,60,120,category_default,,
osm:node:5383428522,30,60,120,category_default,,
osm:node:5385141121,30,60,120,category_default,,
osm:node:5385166923,15,30,45,category_default,,
osm:node:5385183321,15,30,45,category_default,,
osm:node:5385207625,15,30,45,category_default,,
osm:node:5385301222,20,45,90,category_default,,
osm:node:5388462723,30,60,120,category_default,,
osm:node:5388531822,15,30,45,category_default,,
osm:node:5390051726,20,45,75,category_default,,
osm:node:5392629123,30,60,120,category_default,,
osm:node:5395107122,30,60,120,category_default,,
osm:node:5395820990,20,45,90,category_default,,
osm:node:5397202421,30,60,120,category_default,,
osm:node:5397722195,15,30,45,category_default,,
osm:node:540326525,20,45,90,category_default,,
osm:node:5403993021,30,60,120,category_default,,
osm:node:5406330126,30,60,120,category_default,,
osm:node:5417771221,30,60,120,category_default,,
osm:node:5419192721,20,45,90,category_default,,
osm:node:5419821922,30,60,120,category_default,,
osm:node:5420576423,30,60,120,category_default,,
osm:node:5421670780,20,45,90,category_default,,
osm:node:5424213524,30,60,120,category_default,,
osm:node:5424237224,30,60,120,category_default,,
osm:node:5424886921,20,45,90,category_default,,
osm:node:5425989522,20,45,90,category_default,,
osm:node:5430822321,20,45,90,category_default,,
osm:node:5431621223,20,45,90,category_default,,
osm:node:5431625921,20,45,90,category_default,,
osm:node:5431625922,20,45,90,category_default,,
osm:node:5432701004,20,45,90,category_default,,
osm:node:5432841265,20,45,90,category_default,,
osm:node:5432952097,20,45,90,category_default,,
osm:node:5432952098,20,45,90,category_default,,
osm:node:5433188023,30,60,120,category_default,,
osm:node:5434366121,20,45,90,category_default,,
osm:node:5435416824,30,60,120,category_default,,
osm:node:5435536324,30,60,120,category_default,,
osm:node:5437425449,20,45,75,category_default,,
osm:node:5439114923,20,45,90,category_default,,
osm:node:5441412622,20,45,90,category_default,,
osm:node:5444978923,20,45,75,category_default,,
osm:node:5446353922,20,45,90,category_default,,
osm:node:5450290966,20,45,90,category_default,,
osm:node:5452836122,20,45,90,category_default,,
osm:node:5452836123,20,45,90,category_default,,
osm:node:5453309023,20,45,90,category_default,,
osm:node:5453769823,30,60,120,category_default,,
osm:node:5454129750,20,45,90,category_default,,
osm:node:5468811486,30,60,120,category_default,,
osm:node:5470242222,15,30,45,category_default,,
osm:node:5470865821,20,45,90,category_default,,
osm:node:5472384939,20,45,90,category_default,,
osm:node:5477035322,30,60,120,category_default,,
osm:node:5477741024,15,30,45,category_default,,
osm:node:5481675894,20,45,90,category_default,,
osm:node:5481677762,20,45,90,category_default,,
osm:node:5481677763,20,45,90,category_default,,
osm:node:5481678715,20,45,90,category_default,,
osm:node:5482745524,45,90,150,category_default,,
osm:node:5482783810,20,45,75,category_default,,
osm:node:5483839925,30,60,120,category_default,,
osm:node:5485635750,20,45,75,category_default,,
osm:node:5485646024,20,45,90,category_default,,
osm:node:5485653498,20,45,90,category_default,,
osm:node:5485779585,30,60,120,category_default,,
osm:node:5485835198,20,45,90,category_default,,
osm:node:5488101021,20,45,90,category_default,,
osm:node:5490168886,30,60,120,category_default,,
osm:node:5490169135,30,60,120,category_default,,
osm:node:5490249353,20,45,90,category_default,,
osm:node:5490455749,30,60,120,category_default,,
osm:node:5490603821,30,60,120,category_default,,
osm:node:5490606655,30,60,120,category_default,,
osm:node:5490606691,20,45,90,category_default,,
osm:node:5490688956,30,60,120,category_default,,
osm:node:5490688957,30,60,120,category_default,,
osm:node:5492241221,20,45,75,category_default,,
osm:node:5492564633,20,45,75,category_default,,
osm:node:5498109822,15,30,45,category_default,,
osm:node:5503133625,30,60,120,category_default,,
osm:node:5504714222,30,60,120,category_default,,
osm:node:5507108924,30,60,120,category_default,,
osm:node:5507108925,30,60,90,category_default,,
osm:node:5512742621,30,60,120,category_default,,
osm:node:5513474821,30,60,120,category_default,,
osm:node:5516432963,20,45,75,category_default,,
osm:node:5516812423,15,30,45,category_default,,
osm:node:5516818522,15,30,45,category_default,,
osm:node:5516823721,15,30,45,category_default,,
osm:node:5517955825,30,60,120,category_default,,
osm:node:5518884867,20,45,90,category_default,,
osm:node:5519691323,20,45,90,category_default,,
osm:node:5522520324,15,30,45,category_default,,
osm:node:5522559821,15,30,45,category_default,,
osm:node:5526945821,15,30,45,category_default,,
osm:node:5526946021,15,30,45,category_default,,
osm:node:5537927331,20,45,90,category_default,,
osm:node:5537927352,20,45,90,category_default,,
osm:node:5537927353,20,45,90,category_default,,
osm:node:5537927358,20,45,90,category_default,,
osm:node:5537927359,20,45,90,category_default,,
osm:node:5537927360,20,45,90,category_default,,
osm:node:5537927361,20,45,90,category_default,,
osm:node:5537927362,20,45,90,category_default,,
osm:node:5537927382,20,45,90,category_default,,
osm:node:5537927428,20,45,90,category_default,,
osm:node:5537927817,20,45,75,category_default,,
osm:node:5538133321,30,60,120,category_default,,
osm:node:5539127921,30,60,120,category_default,,
osm:node:5540430717,20,45,90,category_default,,
osm:node:5544886521,30,60,120,category_default,,
osm:node:5552264122,30,60,120,category_default,,
osm:node:5554525088,20,45,90,category_default,,
osm:node:5558149723,20,45,90,category_default,,
osm:node:5558806826,20,45,90,category_default,,
osm:node:5563291701,30,60,120,category_default,,
osm:node:5564560226,15,30,45,category_default,,
osm:node:5568791023,20,45,90,category_default,,
osm:node:5573531923,30,60,120,category_default,,
osm:node:5575320483,20,45,90,category_default,,
osm:node:5575773758,30,60,120,category_default,,
osm:node:5577650721,20,45,90,category_default,,
osm:node:5582045526,30,60,120,category_default,,
osm:node:5586197821,15,30,45,category_default,,
osm:node:5586544543,20,45,90,category_default,,
osm:node:5589923821,20,45,90,category_default,,
osm:node:5595862925,20,45,75,category_default,,
osm:node:5595863025,20,45,90,category_default,,
osm:node:5595863026,20,45,90,category_default,,
osm:node:5595863031,20,45,90,category_default,,
osm:node:5595879321,20,45,90,category_default,,
osm:node:5595997723,30,60,120,category_default,,
osm:node:5599691222,30,60,120,category_default,,
osm:node:5599799421,20,45,75,category_default,,
osm:node:5600384025,20,45,90,category_default,,
osm:node:5601072999,20,45,90,category_default,,
osm:node:5602133184,30,60,120,category_default,,
osm:node:5606335873,20,45,90,category_default,,
osm:node:5606336331,20,45,90,category_default,,
osm:node:5606336335,20,45,90,category_default,,
osm:node:5606336362,30,60,120,category_default,,
osm:node:5613330534,20,45,90,category_default,,
osm:node:5614454822,20,45,90,category_default,,
osm:node:5614527823,20,45,90,category_default,,
osm:node:5618016195,20,45,90,category_default,,
osm:node:5618021596,20,45,90,category_default,,
osm:node:5618029543,20,45,90,category_default,,
osm:node:5619122121,20,45,90,category_default,,
osm:node:5621121121,20,45,90,category_default,,
osm:node:5621311782,20,45,90,category_default,,
osm:node:5628391024,20,45,90,category_default,,
osm:node:5628669721,20,45,90,category_default,,
osm:node:5628801046,20,45,90,category_default,,
osm:node:5628801049,20,45,90,category_default,,
osm:node:5628801050,20,45,90,category_default,,
osm:node:5630745722,30,60,120,category_default,,
osm:node:5630770368,20,45,75,category_default,,
osm:node:5632464837,20,45,90,category_default,,
osm:node:5634866922,30,60,120,category_default,,
osm:node:5634895221,30,60,120,category_default,,
osm:node:5637455966,20,45,90,category_default,,
osm:node:5641363079,20,45,90,category_default,,
osm:node:5641365646,20,45,90,category_default,,
osm:node:5641420927,30,60,120,category_default,,
osm:node:5641451482,20,45,90,category_default,,
osm:node:5643366522,20,45,75,category_default,,
osm:node:5645342080,15,30,45,category_default,,
osm:node:5648651616,30,60,120,category_default,,
osm:node:5661406822,30,60,120,category_default,,
osm:node:5661418822,30,60,120,category_default,,
osm:node:5661470624,30,60,120,category_default,,
osm:node:5662165721,30,60,120,category_default,,
osm:node:5662790840,20,45,90,category_default,,
osm:node:5662907957,20,45,90,category_default,,
osm:node:5662923462,30,60,120,category_default,,
osm:node:5662987523,30,60,120,category_default,,
osm:node:5662987524,30,60,120,category_default,,
osm:node:5663001622,15,30,45,category_default,,
osm:node:5666127968,15,30,45,category_default,,
osm:node:5666383122,15,30,45,category_default,,
osm:node:5666385422,30,60,120,category_default,,
osm:node:5666385423,15,30,45,category_default,,
osm:node:5666387521,15,30,45,category_default,,
osm:node:5666873838,20,45,90,category_default,,
osm:node:5668292422,20,45,90,category_default,,
osm:node:5672638086,20,45,90,category_default,,
osm:node:5672638087,20,45,90,category_default,,
osm:node:5672638088,20,45,90,category_default,,
osm:node:5672638089,20,45,90,category_default,,
osm:node:5674096859,30,60,120,category_default,,
osm:node:5680616724,30,60,120,category_default,,
osm:node:5704584127,15,30,45,category_default,,
osm:node:5707858322,20,45,90,category_default,,
osm:node:5724377221,15,30,45,category_default,,
osm:node:5725299021,30,60,120,category_default,,
osm:node:5736659006,45,90,150,category_default,,
osm:node:5736659900,20,45,90,category_default,,
osm:node:5740163625,30,60,120,category_default,,
osm:node:5741177614,20,45,90,category_default,,
osm:node:5745158221,30,60,120,category_default,,
osm:node:5747015021,15,30,45,category_default,,
osm:node:5753951289,20,45,90,category_default,,
osm:node:5754291961,20,45,90,category_default,,
osm:node:5757591121,30,60,120,category_default,,
osm:node:5770166507,20,45,90,category_default,,
osm:node:5770166508,20,45,90,category_default,,
osm:node:5770166509,20,45,90,category_default,,
osm:node:5770166510,20,45,90,category_default,,
osm:node:5773636553,15,30,45,category_default,,
osm:node:5774687273,20,45,90,category_default,,
osm:node:5777165478,20,45,90,category_default,,
osm:node:5777963855,15,30,45,category_default,,
osm:node:5784054226,30,60,120,category_default,,
osm:node:5788934070,20,45,75,category_default,,
osm:node:5789921955,30,60,120,category_default,,
osm:node:5790021353,30,60,120,category_default,,
osm:node:5792111781,30,60,120,category_default,,
osm:node:5792310863,15,30,45,category_default,,
osm:node:5793805253,15,30,45,category_default,,
osm:node:5800116755,30,60,120,category_default,,
osm:node:5805971053,20,45,75,category_default,,
osm:node:5808893324,20,45,75,category_default,,
osm:node:5809817017,20,45,75,category_default,,
osm:node:5811652238,20,45,75,category_default,,
osm:node:5817580453,30,60,120,category_default,,
osm:node:5824328953,15,30,45,category_default,,
osm:node:5826260261,30,60,120,category_default,,
osm:node:5834157486,20,45,75,category_default,,
osm:node:5838288123,20,45,90,category_default,,
osm:node:5841077608,20,45,75,category_default,,
osm:node:5841472185,30,60,120,category_default,,
osm:node:5853857789,20,45,90,category_default,,
osm:node:5860705502,30,60,120,category_default,,
osm:node:5877099885,20,45,90,category_default,,
osm:node:5880670767,20,45,90,category_default,,
osm:node:5888509086,30,60,120,category_default,,
osm:node:5892605886,15,30,45,category_default,,
osm:node:5894538758,30,60,120,category_default,,
osm:node:5909090618,20,45,90,category_default,,
osm:node:5910705473,20,45,90,category_default,,
osm:node:5914162435,30,60,120,category_default,,
osm:node:5918762286,30,60,120,category_default,,
osm:node:5918784285,15,30,45,category_default,,
osm:node:5918784286,15,30,45,category_default,,
osm:node:5918784290,30,60,120,category_default,,
osm:node:5922491411,20,45,90,category_default,,
osm:node:5922616130,30,60,120,category_default,,
osm:node:5922616522,30,60,120,category_default,,
osm:node:5922616523,30,60,120,category_default,,
osm:node:5922616526,30,60,120,category_default,,
osm:node:5922616527,30,60,120,category_default,,
osm:node:5922616531,30,60,120,category_default,,
osm:node:5922616532,30,60,120,category_default,,
osm:node:5922616533,30,60,120,category_default,,
osm:node:5922616535,30,60,120,category_default,,
osm:node:5922616536,30,60,120,category_default,,
osm:node:5924017558,20,45,75,category_default,,
osm:node:5933150585,30,60,120,category_default,,
osm:node:5934425175,20,45,90,category_default,,
osm:node:5938438385,30,60,120,category_default,,
osm:node:5951663886,30,60,120,category_default,,
osm:node:5963322700,30,60,120,category_default,,
osm:node:5966494888,20,45,90,category_default,,
osm:node:5973661787,20,45,90,category_default,,
osm:node:5984618185,30,60,120,category_default,,
osm:node:5984618285,30,60,120,category_default,,
osm:node:5984618286,30,60,120,category_default,,
osm:node:5997147685,20,45,75,category_default,,
osm:node:6021312106,20,45,90,category_default,,
osm:node:6030274813,30,60,120,category_default,,
osm:node:6045632728,30,60,120,category_default,,
osm:node:6045633938,30,60,120,category_default,,
osm:node:6045633961,30,60,120,category_default,,
osm:node:6045634869,30,60,120,category_default,,
osm:node:6046636103,20,45,75,category_default,,
osm:node:6051320086,30,60,90,category_default,,
osm:node:6052212185,20,45,90,category_default,,
osm:node:6053606399,15,30,45,category_default,,
osm:node:6053632591,30,60,120,category_default,,
osm:node:6053785702,30,60,120,category_default,,
osm:node:6057950186,30,60,120,category_default,,
osm:node:6062123688,15,30,45,category_default,,
osm:node:6067714091,20,45,75,category_default,,
osm:node:6076276485,15,30,45,category_default,,
osm:node:6076365085,20,45,90,category_default,,
osm:node:6079920439,20,45,90,category_default,,
osm:node:6079923667,20,45,90,category_default,,
osm:node:6079924441,20,45,90,category_default,,
osm:node:6084021486,30,60,120,category_default,,
osm:node:6084023485,30,60,120,category_default,,
osm:node:6084023486,30,60,120,category_default,,
osm:node:6091196615,30,60,90,category_default,,
osm:node:6095474436,20,45,90,category_default,,
osm:node:6099306388,20,45,75,category_default,,
osm:node:6099308589,30,60,120,category_default,,
osm:node:6105665285,20,45,75,category_default,,
osm:node:6114429388,15,30,45,category_default,,
osm:node:6114429389,15,30,45,category_default,,
osm:node:6114429390,15,30,45,category_default,,
osm:node:6114438287,30,60,120,category_default,,
osm:node:6117199886,30,60,120,category_default,,
osm:node:6117262366,15,30,45,category_default,,
osm:node:6151138385,20,45,90,category_default,,
osm:node:6167557637,20,45,90,category_default,,
osm:node:6167984495,20,45,90,category_default,,
osm:node:6167984496,20,45,75,category_default,,
osm:node:6169503778,20,45,75,category_default,,
osm:node:6170864944,20,45,75,category_default,,
osm:node:6181892185,15,30,45,category_default,,
osm:node:6184420090,20,45,90,category_default,,
osm:node:6187500387,30,60,120,category_default,,
osm:node:6191483685,30,60,120,category_default,,
osm:node:6198497624,30,60,120,category_default,,
osm:node:6202400185,30,60,120,category_default,,
osm:node:6202400186,30,60,120,category_default,,
osm:node:6205651286,20,45,90,category_default,,
osm:node:6207400285,30,60,120,category_default,,
osm:node:6221020242,20,45,75,category_default,,
osm:node:6232955922,20,45,90,category_default,,
osm:node:6232955923,20,45,90,category_default,,
osm:node:6232955942,20,45,90,category_default,,
osm:node:6232955943,20,45,90,category_default,,
osm:node:6237731397,20,45,75,category_default,,
osm:node:6239152619,20,45,90,category_default,,
osm:node:6239153123,20,45,75,category_default,,
osm:node:6247192354,20,45,90,category_default,,
osm:node:6251472272,20,45,75,category_default,,
osm:node:6259080085,30,60,120,category_default,,
osm:node:6261955918,20,45,90,category_default,,
osm:node:6264901785,20,45,90,category_default,,
osm:node:6265868720,20,45,75,category_default,,
osm:node:6267254693,20,45,90,category_default,,
osm:node:6270746985,20,45,90,category_default,,
osm:node:6274061387,15,30,45,category_default,,
osm:node:6274092945,30,60,120,category_default,,
osm:node:6274203261,20,45,75,category_default,,
osm:node:6274203277,15,30,45,category_default,,
osm:node:6274203280,20,45,75,category_default,,
osm:node:6275635220,20,45,90,category_default,,
osm:node:6275850985,20,45,90,category_default,,
osm:node:6278214586,30,60,120,category_default,,
osm:node:6278479145,20,45,75,category_default,,
osm:node:6278479146,20,45,75,category_default,,
osm:node:6278479147,20,45,75,category_default,,
osm:node:6278839473,20,45,90,category_default,,
osm:node:6278872429,20,45,75,category_default,,
osm:node:6280137428,30,60,120,category_default,,
osm:node:6282134029,20,45,90,category_default,,
osm:node:6282143862,20,45,90,category_default,,
osm:node:6283705747,20,45,75,category_default,,
osm:node:6283872386,30,60,120,category_default,,
osm:node:6284154242,20,45,75,category_default,,
osm:node:6285930895,30,60,120,category_default,,
osm:node:6293770430,15,30,45,category_default,,
osm:node:6300807289,20,45,90,category_default,,
osm:node:6305170385,30,60,120,category_default,,
osm:node:6308020518,30,60,120,category_default,,
osm:node:6313934207,15,30,45,category_default,,
osm:node:6314162950,20,45,75,category_default,,
osm:node:6314163138,20,45,75,category_default,,
osm:node:6314254009,15,30,45,category_default,,
osm:node:6315496285,30,60,120,category_default,,
osm:node:6315496287,30,60,120,category_default,,
osm:node:6315671636,20,45,75,category_default,,
osm:node:6315672812,20,45,90,category_default,,
osm:node:6315673314,20,45,90,category_default,,
osm:node:6315692186,20,45,90,category_default,,
osm:node:6319111467,20,45,90,category_default,,
osm:node:6322104886,20,45,75,category_default,,
osm:node:6322222686,30,60,120,category_default,,
osm:node:6323252855,20,45,90,category_default,,
osm:node:6326199785,15,30,45,category_default,,
osm:node:6326622036,20,45,90,category_default,,
osm:node:6326995199,20,45,90,category_default,,
osm:node:6330279018,20,45,90,category_default,,
osm:node:6330280389,20,45,90,category_default,,
osm:node:6332183385,20,45,90,category_default,,
osm:node:6332518185,20,45,90,category_default,,
osm:node:6333290166,20,45,75,category_default,,
osm:node:6333358634,20,45,75,category_default,,
osm:node:6337041885,20,45,90,category_default,,
osm:node:6338351682,30,60,120,category_default,,
osm:node:6338749759,20,45,90,category_default,,
osm:node:6339114185,20,45,90,category_default,,
osm:node:6339726290,20,45,90,category_default,,
osm:node:6341135085,30,60,120,category_default,,
osm:node:6341293085,15,30,45,category_default,,
osm:node:6344633485,30,60,120,category_default,,
osm:node:6344700974,20,45,90,category_default,,
osm:node:6346457437,20,45,90,category_default,,
osm:node:6346469051,20,45,75,category_default,,
osm:node:6346469055,20,45,90,category_default,,
osm:node:6346469056,20,45,75,category_default,,
osm:node:6346469058,20,45,75,category_default,,
osm:node:6346469059,20,45,90,category_default,,
osm:node:6346469064,20,45,75,category_default,,
osm:node:6346486685,30,60,120,category_default,,
osm:node:6353428386,20,45,90,category_default,,
osm:node:6356206243,20,45,90,category_default,,
osm:node:6359615985,30,60,120,category_default,,
osm:node:6360684989,15,30,45,category_default,,
osm:node:6361818785,20,45,75,category_default,,
osm:node:6361818787,20,45,90,category_default,,
osm:node:6361980940,30,60,120,category_default,,
osm:node:6365584085,20,45,90,category_default,,
osm:node:6366200005,30,60,120,category_default,,
osm:node:6366523385,20,45,90,category_default,,
osm:node:6369465978,20,45,90,category_default,,
osm:node:6369688515,20,45,75,category_default,,
osm:node:6369957309,30,60,90,category_default,,
osm:node:6372554292,30,60,120,category_default,,
osm:node:6372734486,30,60,120,category_default,,
osm:node:6373563060,30,60,120,category_default,,
osm:node:6373589879,30,60,120,category_default,,
osm:node:6375200024,30,60,120,category_default,,
osm:node:6378297351,20,45,90,category_default,,
osm:node:6380148000,20,45,90,category_default,,
osm:node:6380148018,20,45,90,category_default,,
osm:node:6382054187,20,45,90,category_default,,
osm:node:6383354600,20,45,90,category_default,,
osm:node:6385048414,30,60,120,category_default,,
osm:node:6385048431,20,45,90,category_default,,
osm:node:6387095285,30,60,120,category_default,,
osm:node:6387581401,20,45,90,category_default,,
osm:node:6390690759,20,45,90,category_default,,
osm:node:6393868878,20,45,90,category_default,,
osm:node:6398597585,30,60,120,category_default,,
osm:node:6403815785,30,60,120,category_default,,
osm:node:6404633486,20,45,90,category_default,,
osm:node:6406557718,20,45,90,category_default,,
osm:node:6411577733,20,45,75,category_default,,
osm:node:6413599885,20,45,90,category_default,,
osm:node:6413826386,20,45,90,category_default,,
osm:node:6423768396,20,45,90,category_default,,
osm:node:6423768403,20,45,90,category_default,,
osm:node:6423768436,20,45,90,category_default,,
osm:node:6423768445,20,45,90,category_default,,
osm:node:6423768452,20,45,90,category_default,,
osm:node:6423768453,20,45,90,category_default,,
osm:node:6423768461,20,45,90,category_default,,
osm:node:6423768502,20,45,90,category_default,,
osm:node:6423768507,20,45,90,category_default,,
osm:node:6423768508,20,45,90,category_default,,
osm:node:6423768514,20,45,90,category_default,,
osm:node:6423768537,20,45,90,category_default,,
osm:node:6423768544,20,45,90,category_default,,
osm:node:6423768559,20,45,90,category_default,,
osm:node:6423768568,20,45,90,category_default,,
osm:node:6426140115,20,45,90,category_default,,
osm:node:6426199169,30,60,120,category_default,,
osm:node:6430875438,20,45,75,category_default,,
osm:node:6430972695,20,45,75,category_default,,
osm:node:6432121785,20,45,90,category_default,,
osm:node:6433819915,20,45,90,category_default,,
osm:node:6437358550,20,45,90,category_default,,
osm:node:6437369182,20,45,75,category_default,,
osm:node:6438157485,15,30,45,category_default,,
osm:node:6440365149,20,45,90,category_default,,
osm:node:6445886190,15,30,45,category_default,,
osm:node:6452075465,20,45,90,category_default,,
osm:node:6458005702,20,45,90,category_default,,
osm:node:6460785287,15,30,45,category_default,,
osm:node:6461105985,20,45,90,category_default,,
osm:node:6462226678,20,45,90,category_default,,
osm:node:6462275639,20,45,90,category_default,,
osm:node:6468320985,30,60,120,category_default,,
osm:node:6470299376,20,45,90,category_default,,
osm:node:6482020184,20,45,90,category_default,,
osm:node:6483889742,20,45,90,category_default,,
osm:node:6484025665,20,45,90,category_default,,
osm:node:6487330857,20,45,90,category_default,,
osm:node:6491136995,20,45,90,category_default,,
osm:node:6499373254,20,45,90,category_default,,
osm:node:6502046987,20,45,75,category_default,,
osm:node:6503646386,30,60,120,category_default,,
osm:node:6507010263,20,45,90,category_default,,
osm:node:6512533785,15,30,45,category_default,,
osm:node:6512888885,20,45,75,category_default,,
osm:node:6513385826,30,60,120,category_default,,
osm:node:6513792708,20,45,90,category_default,,
osm:node:6516450285,30,60,120,category_default,,
osm:node:6518773203,20,45,90,category_default,,
osm:node:6518773204,20,45,90,category_default,,
osm:node:6518773219,20,45,90,category_default,,
osm:node:6518773220,20,45,90,category_default,,
osm:node:6518773221,20,45,90,category_default,,
osm:node:6518773230,20,45,90,category_default,,
osm:node:6518823858,20,45,90,category_default,,
osm:node:6518823881,20,45,90,category_default,,
osm:node:6518832386,20,45,90,category_default,,
osm:node:6519005330,20,45,90,category_default,,
osm:node:6519005331,20,45,90,category_default,,
osm:node:6519005332,20,45,90,category_default,,
osm:node:6519005333,20,45,90,category_default,,
osm:node:6519005334,20,45,90,category_default,,
osm:node:6519005349,20,45,90,category_default,,
osm:node:6519005366,20,45,90,category_default,,
osm:node:6521809485,20,45,90,category_default,,
osm:node:6521870586,20,45,90,category_default,,
osm:node:6521876388,20,45,90,category_default,,
osm:node:6522497649,30,60,120,category_default,,
osm:node:6528451001,30,60,120,category_default,,
osm:node:6528661009,20,45,90,category_default,,
osm:node:6528682172,20,45,90,category_default,,
osm:node:6528715046,20,45,90,category_default,,
osm:node:6528715047,20,45,90,category_default,,
osm:node:6528715048,20,45,90,category_default,,
osm:node:6529787883,20,45,90,category_default,,
osm:node:6533469811,20,45,90,category_default,,
osm:node:6533792207,20,45,75,category_default,,
osm:node:6534832085,15,30,45,category_default,,
osm:node:6535217831,20,45,75,category_default,,
osm:node:6538573183,20,45,90,category_default,,
osm:node:6539005013,20,45,90,category_default,,
osm:node:6539015717,20,45,90,category_default,,
osm:node:6539020486,20,45,90,category_default,,
osm:node:6539155592,30,60,120,category_default,,
osm:node:6542699046,20,45,90,category_default,,
osm:node:6542774616,20,45,90,category_default,,
osm:node:6542793085,20,45,90,category_default,,
osm:node:6542793086,20,45,90,category_default,,
osm:node:6543734278,20,45,90,category_default,,
osm:node:6543821003,20,45,90,category_default,,
osm:node:6543860758,20,45,90,category_default,,
osm:node:6544912028,30,60,120,category_default,,
osm:node:6545871111,20,45,90,category_default,,
osm:node:6545871112,20,45,90,category_default,,
osm:node:6545871181,20,45,90,category_default,,
osm:node:6546220354,30,60,120,category_default,,
osm:node:6546579569,20,45,90,category_default,,
osm:node:6546579570,20,45,90,category_default,,
osm:node:6546579571,20,45,90,category_default,,
osm:node:6565918086,20,45,90,category_default,,
osm:node:6569825995,15,30,45,category_default,,
osm:node:6571328585,20,45,90,category_default,,
osm:node:6572558985,20,45,90,category_default,,
osm:node:6577789686,20,45,90,category_default,,
osm:node:6579724624,20,45,90,category_default,,
osm:node:6581664929,20,45,90,category_default,,
osm:node:6586065178,20,45,90,category_default,,
osm:node:6596282240,20,45,90,category_default,,
osm:node:6604890385,20,45,90,category_default,,
osm:node:6612623371,20,45,75,category_default,,
osm:node:6612640826,20,45,75,category_default,,
osm:node:6612988434,20,45,75,category_default,,
osm:node:6618208585,15,30,45,category_default,,
osm:node:6621347673,30,60,120,category_default,,
osm:node:6625457342,20,45,90,category_default,,
osm:node:6627739386,30,60,120,category_default,,
osm:node:6637048272,20,45,90,category_default,,
osm:node:6641274686,30,60,120,category_default,,
osm:node:6645630985,20,45,90,category_default,,
osm:node:6648715232,30,60,120,category_default,,
osm:node:6656946485,20,45,90,category_default,,
osm:node:6657302657,30,60,120,category_default,,
osm:node:6660364585,15,30,45,category_default,,
osm:node:6669331486,20,45,90,category_default,,
osm:node:6669331492,20,45,75,category_default,,
osm:node:6672920985,20,45,90,category_default,,
osm:node:6677388085,20,45,90,category_default,,
osm:node:667953368,30,60,120,category_default,,
osm:node:6683201385,20,45,90,category_default,,
osm:node:6683202385,20,45,90,category_default,,
osm:node:669249193,20,45,75,category_default,,
osm:node:6697204585,20,45,90,category_default,,
osm:node:6699610087,20,45,90,category_default,,
osm:node:6702224488,20,45,90,category_default,,
osm:node:6707397287,20,45,90,category_default,,
osm:node:6707403387,30,60,120,category_default,,
osm:node:6709995293,20,45,75,category_default,,
osm:node:6712202605,30,60,120,category_default,,
osm:node:6722564185,15,30,45,category_default,,
osm:node:6743928910,20,45,90,category_default,,
osm:node:6765360744,20,45,90,category_default,,
osm:node:6765365358,20,45,90,category_default,,
osm:node:6765404377,20,45,90,category_default,,
osm:node:6765419313,20,45,90,category_default,,
osm:node:6765420406,20,45,90,category_default,,
osm:node:6765429891,20,45,90,category_default,,
osm:node:6765431420,20,45,90,category_default,,
osm:node:6765439354,20,45,90,category_default,,
osm:node:6765441791,20,45,90,category_default,,
osm:node:6766031786,30,60,120,category_default,,
osm:node:6770305218,20,45,90,category_default,,
osm:node:6784117487,20,45,90,category_default,,
osm:node:6784238480,15,30,45,category_default,,
osm:node:6788701449,30,60,120,category_default,,
osm:node:6794512017,30,60,120,category_default,,
osm:node:6796239585,20,45,90,category_default,,
osm:node:6799419133,30,60,120,category_default,,
osm:node:6801247419,30,60,120,category_default,,
osm:node:6802443186,30,60,120,category_default,,
osm:node:6806979085,45,90,150,category_default,,
osm:node:6811454185,20,45,90,category_default,,
osm:node:6813397785,20,45,90,category_default,,
osm:node:6813401785,20,45,90,category_default,,
osm:node:6813411886,20,45,90,category_default,,
osm:node:6816764807,20,45,75,category_default,,
osm:node:6816894511,20,45,75,category_default,,
osm:node:6816894516,30,60,120,category_default,,
osm:node:6816894525,20,45,90,category_default,,
osm:node:6816994344,20,45,75,category_default,,
osm:node:6816994370,30,60,120,category_default,,
osm:node:6830750948,20,45,75,category_default,,
osm:node:6830751275,20,45,75,category_default,,
osm:node:6833787171,20,45,75,category_default,,
osm:node:6833787172,20,45,75,category_default,,
osm:node:6846267429,20,45,75,category_default,,
osm:node:6847562485,20,45,75,category_default,,
osm:node:6849218729,20,45,90,category_default,,
osm:node:6860391193,20,45,75,category_default,,
osm:node:6861462287,30,60,120,category_default,,
osm:node:6861462485,30,60,120,category_default,,
osm:node:6872608185,20,45,90,category_default,,
osm:node:6873081194,30,60,120,category_default,,
osm:node:6873083990,30,60,120,category_default,,
osm:node:6892187773,30,60,120,category_default,,
osm:node:6894264787,20,45,75,category_default,,
osm:node:6894279585,20,45,90,category_default,,
osm:node:6894279685,20,45,75,category_default,,
osm:node:6895260942,20,45,75,category_default,,
osm:node:6895804352,45,90,150,category_default,,
osm:node:6897629528,45,90,150,category_default,,
osm:node:6899540474,20,45,90,category_default,,
osm:node:6899543085,15,30,45,category_default,,
osm:node:6899808319,45,90,150,category_default,,
osm:node:6909743958,20,45,75,category_default,,
osm:node:6920066786,20,45,75,category_default,,
osm:node:6920066882,45,90,150,category_default,,
osm:node:6924180585,20,45,90,category_default,,
osm:node:6933136828,20,45,90,category_default,,
osm:node:6933136829,20,45,90,category_default,,
osm:node:6933136830,20,45,90,category_default,,
osm:node:6938736765,20,45,90,category_default,,
osm:node:6939086685,15,30,45,category_default,,
osm:node:6939086785,15,30,45,category_default,,
osm:node:6939086885,15,30,45,category_default,,
osm:node:6939271668,20,45,90,category_default,,
osm:node:6942542995,30,60,90,category_default,,
osm:node:6947002735,20,45,90,category_default,,
osm:node:6947247947,20,45,90,category_default,,
osm:node:6950716585,20,45,90,category_default,,
osm:node:6952846497,20,45,90,category_default,,
osm:node:6956747385,15,30,45,category_default,,
osm:node:6958985795,30,60,120,category_default,,
osm:node:6959954948,20,45,75,category_default,,
osm:node:6961186104,20,45,75,category_default,,
osm:node:6961325675,20,45,90,category_default,,
osm:node:6963028402,20,45,75,category_default,,
osm:node:6967869172,20,45,90,category_default,,
osm:node:6968353589,30,60,120,category_default,,
osm:node:6968740810,20,45,75,category_default,,
osm:node:6969093890,20,45,90,category_default,,
osm:node:6969093891,20,45,90,category_default,,
osm:node:6969093892,20,45,90,category_default,,
osm:node:6969093893,20,45,90,category_default,,
osm:node:6969093895,20,45,75,category_default,,
osm:node:6969093908,20,45,90,category_default,,
osm:node:6969093909,20,45,90,category_default,,
osm:node:6969093910,20,45,90,category_default,,
osm:node:6969093916,20,45,90,category_default,,
osm:node:6969093917,20,45,90,category_default,,
osm:node:6969093918,20,45,90,category_default,,
osm:node:6969093919,20,45,90,category_default,,
osm:node:6969093920,20,45,90,category_default,,
osm:node:697344049,20,45,75,category_default,,
osm:node:6975273586,15,30,45,category_default,,
osm:node:6984174632,20,45,75,category_default,,
osm:node:6984174670,20,45,75,category_default,,
osm:node:6989719208,20,45,90,category_default,,
osm:node:6992654311,30,60,120,category_default,,
osm:node:7003194218,20,45,90,category_default,,
osm:node:7003240455,20,45,90,category_default,,
osm:node:7003719189,15,30,45,category_default,,
osm:node:7003993586,30,60,120,category_default,,
osm:node:7004037185,15,30,45,category_default,,
osm:node:7005393785,15,30,45,category_default,,
osm:node:7006805366,20,45,90,category_default,,
osm:node:7010848391,30,60,120,category_default,,
osm:node:7010867027,30,60,120,category_default,,
osm:node:7013176085,30,60,120,category_default,,
osm:node:7013181685,15,30,45,category_default,,
osm:node:7017406575,20,45,90,category_default,,
osm:node:7021707094,20,45,75,category_default,,
osm:node:7021707668,20,45,75,category_default,,
osm:node:7022951440,20,45,75,category_default,,
osm:node:7023329193,30,60,120,category_default,,
osm:node:7023329194,30,60,120,category_default,,
osm:node:7023329195,30,60,120,category_default,,
osm:node:7023329356,20,45,75,category_default,,
osm:node:7023471965,20,45,90,category_default,,
osm:node:7024795791,30,60,120,category_default,,
osm:node:7028421382,20,45,75,category_default,,
osm:node:7031307885,30,60,120,category_default,,
osm:node:7034673523,20,45,90,category_default,,
osm:node:7037505886,15,30,45,category_default,,
osm:node:7037506285,15,30,45,category_default,,
osm:node:7040229642,30,60,120,category_default,,
osm:node:7040433200,30,60,120,category_default,,
osm:node:7040443202,20,45,75,category_default,,
osm:node:7041239590,15,30,45,category_default,,
osm:node:7041290607,20,45,90,category_default,,
osm:node:7046704852,20,45,75,category_default,,
osm:node:7048241985,30,60,120,category_default,,
osm:node:7049373211,20,45,75,category_default,,
osm:node:7055942204,30,60,120,category_default,,
osm:node:7056289885,15,30,45,category_default,,
osm:node:7060605287,30,60,120,category_default,,
osm:node:7062211369,20,45,90,category_default,,
osm:node:7081523185,30,60,120,category_default,,
osm:node:7081523186,30,60,120,category_default,,
osm:node:7083412960,30,60,120,category_default,,
osm:node:7087673293,30,60,90,category_default,,
osm:node:7087736276,20,45,90,category_default,,
osm:node:7092510525,20,45,90,category_default,,
osm:node:7095169367,30,60,90,category_default,,
osm:node:7104079399,20,45,90,category_default,,
osm:node:7104079405,20,45,90,category_default,,
osm:node:7104326885,15,30,45,category_default,,
osm:node:7104497585,30,60,120,category_default,,
osm:node:7108167985,20,45,90,category_default,,
osm:node:7108799702,20,45,75,category_default,,
osm:node:7108856807,20,45,90,category_default,,
osm:node:7108856813,20,45,75,category_default,,
osm:node:7108856820,20,45,90,category_default,,
osm:node:7108856826,20,45,90,category_default,,
osm:node:7111494204,30,60,120,category_default,,
osm:node:7113815237,45,90,150,category_default,,
osm:node:7113815246,45,90,150,category_default,,
osm:node:7113815247,45,90,150,category_default,,
osm:node:7116347485,20,45,90,category_default,,
osm:node:7123826687,15,30,45,category_default,,
osm:node:7123826688,20,45,75,category_default,,
osm:node:7124292917,20,45,75,category_default,,
osm:node:7127442985,45,90,120,category_default,,
osm:node:7127464285,30,60,120,category_default,,
osm:node:7127769885,20,45,90,category_default,,
osm:node:7130126788,30,60,120,category_default,,
osm:node:7140198186,30,60,120,category_default,,
osm:node:7142747685,30,60,120,category_default,,
osm:node:7147983914,20,45,90,category_default,,
osm:node:7148088385,15,30,45,category_default,,
osm:node:7148312785,15,30,45,category_default,,
osm:node:7148312985,30,60,120,category_default,,
osm:node:7152911385,30,60,120,category_default,,
osm:node:7154814375,20,45,90,category_default,,
osm:node:7156369085,15,30,45,category_default,,
osm:node:7160088485,20,45,90,category_default,,
osm:node:7160356204,20,45,75,category_default,,
osm:node:7165732722,20,45,90,category_default,,
osm:node:7166241825,20,45,90,category_default,,
osm:node:7168783160,20,45,90,category_default,,
osm:node:7169105537,20,45,90,category_default,,
osm:node:7176884224,20,45,90,category_default,,
osm:node:7178476943,20,45,90,category_default,,
osm:node:7178476985,20,45,90,category_default,,
osm:node:7178614705,30,60,120,category_default,,
osm:node:7178615025,20,45,90,category_default,,
osm:node:7178615268,20,45,75,category_default,,
osm:node:7183039687,20,45,90,category_default,,
osm:node:718681985,20,45,90,category_default,,
osm:node:718681996,20,45,90,category_default,,
osm:node:7187541617,20,45,90,category_default,,
osm:node:7187541618,20,45,90,category_default,,
osm:node:7189142285,30,60,120,category_default,,
osm:node:7189828683,30,60,120,category_default,,
osm:node:7192331886,30,60,120,category_default,,
osm:node:7216325387,20,45,90,category_default,,
osm:node:7216615998,30,60,120,category_default,,
osm:node:7216676187,30,60,120,category_default,,
osm:node:7216677286,30,60,120,category_default,,
osm:node:7221472654,20,45,90,category_default,,
osm:node:7222461185,30,60,120,category_default,,
osm:node:7227055203,30,60,120,category_default,,
osm:node:7229023085,30,60,120,category_default,,
osm:node:7234681285,20,45,90,category_default,,
osm:node:7248365886,60,120,180,category_default,,
osm:node:7259793385,30,60,120,category_default,,
osm:node:7261144420,20,45,75,category_default,,
osm:node:7276380289,30,60,120,category_default,,
osm:node:7283959585,15,30,45,category_default,,
osm:node:7291264098,20,45,90,category_default,,
osm:node:7291275583,20,45,90,category_default,,
osm:node:7298324386,20,45,75,category_default,,
osm:node:7298327487,20,45,75,category_default,,
osm:node:7300993186,20,45,90,category_default,,
osm:node:7300993488,20,45,75,category_default,,
osm:node:7301996085,30,60,120,category_default,,
osm:node:7306070101,30,60,120,category_default,,
osm:node:7306070102,30,60,120,category_default,,
osm:node:7321528873,20,45,90,category_default,,
osm:node:7324232448,20,45,90,category_default,,
osm:node:7324276966,30,60,120,category_default,,
osm:node:7328902486,30,60,120,category_default,,
osm:node:7331558785,20,45,90,category_default,,
osm:node:7353511118,20,45,90,category_default,,
osm:node:7368395546,20,45,75,category_default,,
osm:node:7368429486,15,30,45,category_default,,
osm:node:7370659921,30,60,120,category_default,,
osm:node:7372895085,20,45,90,category_default,,
osm:node:7375958122,20,45,75,category_default,,
osm:node:7390435387,20,45,75,category_default,,
osm:node:7391413433,20,45,90,category_default,,
osm:node:7403730668,180,300,480,category_default,,
osm:node:7406072979,20,45,75,category_default,,
osm:node:7409232409,30,60,120,category_default,,
osm:node:7409232410,30,60,120,category_default,,
osm:node:7409782792,30,60,120,category_default,,
osm:node:7414666686,30,60,120,category_default,,
osm:node:7416677631,20,45,90,category_default,,
osm:node:7418509234,20,45,75,category_default,,
osm:node:7436115483,20,45,90,category_default,,
osm:node:7436144222,20,45,90,category_default,,
osm:node:7477722603,20,45,90,category_default,,
osm:node:7477723216,20,45,90,category_default,,
osm:node:7495819111,45,90,150,category_default,,
osm:node:7501051345,20,45,75,category_default,,
osm:node:7501164417,20,45,75,category_default,,
osm:node:7513022915,20,45,75,category_default,,
osm:node:7520818185,20,45,75,category_default,,
osm:node:7523625285,20,45,75,category_default,,
osm:node:7526654986,20,45,75,category_default,,
osm:node:7532265269,20,45,75,category_default,,
osm:node:7537965273,20,45,90,category_default,,
osm:node:7537965274,20,45,90,category_default,,
osm:node:7540613475,20,45,90,category_default,,
osm:node:7540666285,15,30,45,category_default,,
osm:node:7554177585,20,45,90,category_default,,
osm:node:7557843785,15,30,45,category_default,,
osm:node:7559549347,20,45,90,category_default,,
osm:node:7561041146,20,45,90,category_default,,
osm:node:7567834849,20,45,90,category_default,,
osm:node:7567834850,20,45,90,category_default,,
osm:node:759625207,20,45,90,category_default,,
osm:node:7619622746,20,45,90,category_default,,
osm:node:7645040503,45,90,150,category_default,,
osm:node:7676180461,20,45,90,category_default,,
osm:node:7689987500,30,60,120,category_default,,
osm:node:7691844288,20,45,90,category_default,,
osm:node:7720996586,30,60,120,category_default,,
osm:node:7729019395,20,45,90,category_default,,
osm:node:7730754987,30,60,120,category_default,,
osm:node:7742499685,30,60,120,category_default,,
osm:node:7759330985,30,60,120,category_default,,
osm:node:7759331085,30,60,120,category_default,,
osm:node:7787717363,20,45,90,category_default,,
osm:node:7795617286,30,60,120,category_default,,
osm:node:7809578885,30,60,120,category_default,,
osm:node:7809578985,30,60,120,category_default,,
osm:node:7836461885,20,45,75,category_default,,
osm:node:7848823547,20,45,90,category_default,,
osm:node:7848823583,20,45,90,category_default,,
osm:node:7848826889,20,45,90,category_default,,
osm:node:7852340985,20,45,90,category_default,,
osm:node:7857135985,20,45,90,category_default,,
osm:node:7857980840,20,45,75,category_default,,
osm:node:7860662424,20,45,90,category_default,,
osm:node:7860662425,20,45,90,category_default,,
osm:node:7864026785,15,30,45,category_default,,
osm:node:7915869485,20,45,90,category_default,,
osm:node:7915869486,20,45,75,category_default,,
osm:node:7947228151,20,45,90,category_default,,
osm:node:7950442490,30,60,120,category_default,,
osm:node:7958012224,30,60,120,category_default,,
osm:node:7961606192,60,120,180,category_default,,
osm:node:7968147349,20,45,75,category_default,,
osm:node:7973115090,30,60,120,category_default,,
osm:node:7975480036,20,45,75,category_default,,
osm:node:7975480037,20,45,90,category_default,,
osm:node:7975480068,30,60,120,category_default,,
osm:node:7975480069,30,60,120,category_default,,
osm:node:7975480092,30,60,120,category_default,,
osm:node:7975480093,30,60,120,category_default,,
osm:node:7975480201,30,60,120,category_default,,
osm:node:7979567014,20,45,90,category_default,,
osm:node:8074937300,20,45,75,category_default,,
osm:node:8079921350,20,45,75,category_default,,
osm:node:8090548315,20,45,75,category_default,,
osm:node:8093354617,15,30,45,category_default,,
osm:node:8196391611,20,45,90,category_default,,
osm:node:8196409697,20,45,90,category_default,,
osm:node:8196418969,20,45,90,category_default,,
osm:node:8196433986,20,45,90,category_default,,
osm:node:8196434835,20,45,90,category_default,,
osm:node:8219764912,20,45,90,category_default,,
osm:node:8221826976,20,45,90,category_default,,
osm:node:8226929918,20,45,90,category_default,,
osm:node:8226951017,15,30,45,category_default,,
osm:node:8244353117,30,60,120,category_default,,
osm:node:8246429601,30,60,120,category_default,,
osm:node:8250669293,30,60,120,category_default,,
osm:node:8250975417,30,60,120,category_default,,
osm:node:8303360363,20,45,90,category_default,,
osm:node:8317727517,20,45,90,category_default,,
osm:node:8318010619,30,60,120,category_default,,
osm:node:8318512812,20,45,90,category_default,,
osm:node:8322238172,20,45,75,category_default,,
osm:node:8399738491,20,45,75,category_default,,
osm:node:8422278618,15,30,45,category_default,,
osm:node:8422278717,15,30,45,category_default,,
osm:node:8422512000,20,45,75,category_default,,
osm:node:8422578271,20,45,75,category_default,,
osm:node:8431599217,15,30,45,category_default,,
osm:node:8434370594,20,45,90,category_default,,
osm:node:8434370605,20,45,90,category_default,,
osm:node:8436791274,20,45,90,category_default,,
osm:node:8437362637,30,60,120,category_default,,
osm:node:8459701451,20,45,90,category_default,,
osm:node:8459780109,20,45,75,category_default,,
osm:node:847468798,20,45,90,category_default,,
osm:node:8474743417,30,60,120,category_default,,
osm:node:847878471,20,45,90,category_default,,
osm:node:847902246,20,45,90,category_default,,
osm:node:8481581579,20,45,90,category_default,,
osm:node:8481899817,20,45,75,category_default,,
osm:node:848477166,20,45,90,category_default,,
osm:node:8491110117,15,30,45,category_default,,
osm:node:849300563,30,60,120,category_default,,
osm:node:8509323923,20,45,90,category_default,,
osm:node:8509323925,30,60,120,category_default,,
osm:node:8512652021,20,45,90,category_default,,
osm:node:854823033,30,60,120,category_default,,
osm:node:8559636369,20,45,75,category_default,,
osm:node:8569184073,15,30,45,category_default,,
osm:node:8581608679,20,45,75,category_default,,
osm:node:8588745817,30,60,120,category_default,,
osm:node:8591412033,45,90,150,category_default,,
osm:node:8615755117,20,45,90,category_default,,
osm:node:8616526723,20,45,75,category_default,,
osm:node:8616526724,20,45,90,category_default,,
osm:node:8616536620,20,45,75,category_default,,
osm:node:8616860118,30,60,120,category_default,,
osm:node:8678902014,30,60,120,category_default,,
osm:node:8681483062,20,45,90,category_default,,
osm:node:8693352417,30,60,120,category_default,,
osm:node:8712116018,20,45,75,category_default,,
osm:node:8719061336,20,45,90,category_default,,
osm:node:8772191067,20,45,75,category_default,,
osm:node:8787772740,20,45,90,category_default,,
osm:node:8787772750,20,45,90,category_default,,
osm:node:8787772751,20,45,90,category_default,,
osm:node:8787772757,20,45,90,category_default,,
osm:node:8787772758,20,45,90,category_default,,
osm:node:8787772759,20,45,90,category_default,,
osm:node:8787772760,20,45,90,category_default,,
osm:node:8787772762,20,45,90,category_default,,
osm:node:8789672620,20,45,75,category_default,,
osm:node:8789672718,20,45,90,category_default,,
osm:node:8789672821,20,45,90,category_default,,
osm:node:8789675753,20,45,90,category_default,,
osm:node:8789675821,20,45,90,category_default,,
osm:node:880247538,30,60,120,category_default,,
osm:node:8850427515,30,60,120,category_default,,
osm:node:8850546218,20,45,90,category_default,,
osm:node:8873732682,20,45,90,category_default,,
osm:node:8873777491,30,60,120,category_default,,
osm:node:8883385553,30,60,90,category_default,,
osm:node:8900622291,30,60,120,category_default,,
osm:node:8904957855,30,60,120,category_default,,
osm:node:8904960654,20,45,90,category_default,,
osm:node:8904978669,30,60,120,category_default,,
osm:node:8904987165,20,45,90,category_default,,
osm:node:8904991172,20,45,90,category_default,,
osm:node:8905113971,20,45,90,category_default,,
osm:node:8905199659,20,45,75,category_default,,
osm:node:8905207086,20,45,90,category_default,,
osm:node:8935113418,20,45,90,category_default,,
osm:node:8980937102,30,60,120,category_default,,
osm:node:8985647127,30,60,120,category_default,,
osm:node:8995689738,30,60,120,category_default,,
osm:node:8998746156,20,45,75,category_default,,
osm:node:9021682107,20,45,75,category_default,,
osm:node:9028112977,20,45,90,category_default,,
osm:node:9028127523,20,45,90,category_default,,
osm:node:9028183716,20,45,90,category_default,,
osm:node:9028202321,20,45,90,category_default,,
osm:node:9028202322,20,45,90,category_default,,
osm:node:9028203890,20,45,90,category_default,,
osm:node:9028270697,20,45,90,category_default,,
osm:node:9028301082,20,45,90,category_default,,
osm:node:9028420425,20,45,90,category_default,,
osm:node:9028513689,20,45,90,category_default,,
osm:node:9028664977,20,45,90,category_default,,
osm:node:9028664980,20,45,90,category_default,,
osm:node:9028664981,20,45,90,category_default,,
osm:node:9034493609,20,45,75,category_default,,
osm:node:9039314692,20,45,90,category_default,,
osm:node:9040900717,20,45,75,category_default,,
osm:node:9050905320,15,30,45,category_default,,
osm:node:9107994481,30,60,120,category_default,,
osm:node:9110435519,30,60,120,category_default,,
osm:node:9163828570,30,60,120,category_default,,
osm:node:9186621717,30,60,120,category_default,,
osm:node:9192028012,20,45,90,category_default,,
osm:node:9236847138,30,60,120,category_default,,
osm:node:9240359646,20,45,75,category_default,,
osm:node:9283475117,30,60,120,category_default,,
osm:node:9287505718,30,60,120,category_default,,
osm:node:9287534420,20,45,90,category_default,,
osm:node:9331310775,30,60,120,category_default,,
osm:node:936706040,20,45,75,category_default,,
osm:node:9398517553,20,45,75,category_default,,
osm:node:9398517554,20,45,75,category_default,,
osm:node:9399202172,30,60,120,category_default,,
osm:node:9401725185,30,60,120,category_default,,
osm:node:9411874031,20,45,75,category_default,,
osm:node:9412029952,30,60,120,category_default,,
osm:node:9421157138,20,45,75,category_default,,
osm:node:9448910486,30,60,120,category_default,,
osm:node:9454393067,20,45,90,category_default,,
osm:node:9459474981,30,60,120,category_default,,
osm:node:9459524155,20,45,90,category_default,,
osm:node:9485080592,30,60,120,category_default,,
osm:node:9497320880,15,30,45,category_default,,
osm:node:9498047319,30,60,120,category_default,,
osm:node:9506634097,20,45,75,category_default,,
osm:node:9518711737,30,60,90,category_default,,
osm:node:951963161,30,60,120,category_default,,
osm:node:9531384557,20,45,90,category_default,,
osm:node:9531384558,20,45,90,category_default,,
osm:node:9534445427,20,45,90,category_default,,
osm:node:9536055617,20,45,75,category_default,,
osm:node:9561656684,30,60,120,category_default,,
osm:node:9580595929,30,60,120,category_default,,
osm:node:9584599328,20,45,90,category_default,,
osm:node:9584673029,20,45,90,category_default,,
osm:node:9584806607,20,45,90,category_default,,
osm:node:9584806608,20,45,90,category_default,,
osm:node:9584833427,20,45,90,category_default,,
osm:node:9584833458,20,45,90,category_default,,
osm:node:9584833460,20,45,90,category_default,,
osm:node:9584833461,20,45,90,category_default,,
osm:node:9584833479,20,45,90,category_default,,
osm:node:9584833487,20,45,90,category_default,,
osm:node:9584833488,20,45,90,category_default,,
osm:node:9584838626,20,45,90,category_default,,
osm:node:9584838627,20,45,90,category_default,,
osm:node:9584841102,20,45,90,category_default,,
osm:node:9584888586,20,45,90,category_default,,
osm:node:9584888587,20,45,90,category_default,,
osm:node:9584888588,20,45,90,category_default,,
osm:node:9584888591,20,45,90,category_default,,
osm:node:9584911959,20,45,90,category_default,,
osm:node:9584911961,20,45,90,category_default,,
osm:node:9584911962,20,45,90,category_default,,
osm:node:9584911963,20,45,90,category_default,,
osm:node:9585048352,20,45,90,category_default,,
osm:node:9585048353,20,45,90,category_default,,
osm:node:9585091200,20,45,90,category_default,,
osm:node:9585091201,20,45,90,category_default,,
osm:node:9585091203,20,45,90,category_default,,
osm:node:9585091204,20,45,90,category_default,,
osm:node:9585091205,20,45,90,category_default,,
osm:node:9585091206,20,45,90,category_default,,
osm:node:9585108825,20,45,90,category_default,,
osm:node:9585108828,20,45,90,category_default,,
osm:node:9585108829,20,45,90,category_default,,
osm:node:9585160205,20,45,90,category_default,,
osm:node:9585453810,20,45,90,category_default,,
osm:node:9585835378,20,45,90,category_default,,
osm:node:9585835379,20,45,90,category_default,,
osm:node:9585835382,20,45,90,category_default,,
osm:node:9585983484,20,45,90,category_default,,
osm:node:9586251040,20,45,90,category_default,,
osm:node:9586251042,20,45,90,category_default,,
osm:node:9586838814,20,45,90,category_default,,
osm:node:9586838815,20,45,90,category_default,,
osm:node:9586883314,20,45,90,category_default,,
osm:node:9586952136,20,45,90,category_default,,
osm:node:9587016888,20,45,90,category_default,,
osm:node:9587016889,20,45,90,category_default,,
osm:node:9587042692,20,45,90,category_default,,
osm:node:9587042695,20,45,90,category_default,,
osm:node:9587171463,20,45,90,category_default,,
osm:node:9587171478,20,45,90,category_default,,
osm:node:9587171479,20,45,90,category_default,,
osm:node:9587171491,20,45,90,category_default,,
osm:node:9587204850,20,45,90,category_default,,
osm:node:9587246058,20,45,90,category_default,,
osm:node:9587252983,20,45,90,category_default,,
osm:node:9587253810,20,45,90,category_default,,
osm:node:9587253811,20,45,90,category_default,,
osm:node:9587268685,30,60,120,category_default,,
osm:node:9587296896,20,45,90,category_default,,
osm:node:9587300720,30,60,120,category_default,,
osm:node:9587300724,20,45,90,category_default,,
osm:node:9587300726,20,45,90,category_default,,
osm:node:9587309953,20,45,90,category_default,,
osm:node:9587309954,20,45,90,category_default,,
osm:node:9587309957,20,45,90,category_default,,
osm:node:9587309958,20,45,90,category_default,,
osm:node:9587309959,20,45,90,category_default,,
osm:node:9587309960,20,45,90,category_default,,
osm:node:9587329640,20,45,90,category_default,,
osm:node:9587329641,20,45,90,category_default,,
osm:node:9587375644,20,45,90,category_default,,
osm:node:9587419906,30,60,90,category_default,,
osm:node:9587486341,20,45,90,category_default,,
osm:node:9587486346,20,45,90,category_default,,
osm:node:9587486349,20,45,90,category_default,,
osm:node:9587493567,20,45,90,category_default,,
osm:node:9587493574,30,60,120,category_default,,
osm:node:9587536842,20,45,90,category_default,,
osm:node:9587536843,20,45,90,category_default,,
osm:node:9587536845,20,45,90,category_default,,
osm:node:9587566623,30,60,120,category_default,,
osm:node:9587618721,20,45,90,category_default,,
osm:node:9587618724,30,60,120,category_default,,
osm:node:9587618730,20,45,90,category_default,,
osm:node:9587618736,20,45,90,category_default,,
osm:node:9587618754,20,45,90,category_default,,
osm:node:9593196276,20,45,90,category_default,,
osm:node:9593196286,20,45,90,category_default,,
osm:node:9593196287,20,45,90,category_default,,
osm:node:9593240655,20,45,90,category_default,,
osm:node:9593240656,20,45,90,category_default,,
osm:node:9593240657,20,45,90,category_default,,
osm:node:9593240658,20,45,90,category_default,,
osm:node:9593240661,20,45,90,category_default,,
osm:node:9593358305,20,45,90,category_default,,
osm:node:9593358307,20,45,90,category_default,,
osm:node:9593358312,20,45,90,category_default,,
osm:node:9593358313,20,45,90,category_default,,
osm:node:9593358315,20,45,90,category_default,,
osm:node:9593386621,20,45,90,category_default,,
osm:node:9593386625,20,45,90,category_default,,
osm:node:9593386628,20,45,90,category_default,,
osm:node:9593386631,20,45,90,category_default,,
osm:node:9593386632,20,45,90,category_default,,
osm:node:9593386633,20,45,90,category_default,,
osm:node:9593386635,20,45,90,category_default,,
osm:node:9593386638,20,45,90,category_default,,
osm:node:9593386639,20,45,90,category_default,,
osm:node:9593578322,20,45,90,category_default,,
osm:node:9593578327,20,45,90,category_default,,
osm:node:9593578331,20,45,75,category_default,,
osm:node:9593797942,20,45,90,category_default,,
osm:node:9593797944,20,45,90,category_default,,
osm:node:9593797946,20,45,90,category_default,,
osm:node:9593797949,20,45,90,category_default,,
osm:node:9593946635,20,45,90,category_default,,
osm:node:9593946637,20,45,90,category_default,,
osm:node:9593946643,20,45,90,category_default,,
osm:node:9593946648,20,45,90,category_default,,
osm:node:9593946650,20,45,90,category_default,,
osm:node:9593946653,20,45,90,category_default,,
osm:node:9593946656,20,45,90,category_default,,
osm:node:9593946660,20,45,90,category_default,,
osm:node:9593974914,20,45,90,category_default,,
osm:node:9623762575,30,60,120,category_default,,
osm:node:9627953236,15,30,45,category_default,,
osm:node:9633116697,30,60,120,category_default,,
osm:node:9644488565,30,60,120,category_default,,
osm:node:9671017353,20,45,90,category_default,,
osm:node:9677555047,20,45,90,category_default,,
osm:node:9694344769,30,60,120,category_default,,
osm:node:9751109563,30,60,120,category_default,,
osm:node:9753429129,20,45,75,category_default,,
osm:node:9757095553,20,45,90,category_default,,
osm:node:980136104,20,45,90,category_default,,
osm:node:980136762,20,45,90,category_default,,
osm:node:980137072,20,45,90,category_default,,
osm:node:980137444,20,45,90,category_default,,
osm:node:980137503,20,45,90,category_default,,
osm:node:980138848,20,45,90,category_default,,
osm:node:9809271757,20,45,90,category_default,,
osm:node:9821463689,20,45,90,category_default,,
osm:node:9824036844,20,45,75,category_default,,
osm:node:9824036846,30,60,120,category_default,,
osm:node:9824036893,20,45,90,category_default,,
osm:node:9824036894,20,45,90,category_default,,
osm:node:9824036900,20,45,75,category_default,,
osm:node:9846898217,60,120,180,category_default,,
osm:node:9856882376,20,45,90,category_default,,
osm:node:989240427,20,45,90,category_default,,
osm:node:9894718813,20,45,90,category_default,,
osm:node:9894775630,20,45,90,category_default,,
osm:node:9911660993,30,60,120,category_default,,
osm:node:991996791,30,60,120,category_default,,
osm:node:9921294673,30,60,120,category_default,,
osm:node:9923824085,20,45,75,category_default,,
osm:node:9931817258,20,45,75,category_default,,
osm:node:994065901,30,60,120,category_default,,
osm:node:9942272682,30,60,120,category_default,,
osm:node:9946489226,45,90,150,category_default,,
osm:node:9956193980,20,45,90,category_default,,
osm:node:9959092217,30,60,120,category_default,,
osm:node:9959105917,30,60,120,category_default,,
osm:node:9959123317,30,60,120,category_default,,
osm:node:9959129517,60,120,180,category_default,,
osm:node:9959136017,60,120,180,category_default,,
osm:node:9959145317,60,120,180,category_default,,
osm:node:9959151617,60,120,180,category_default,,
osm:node:9959156017,30,60,120,category_default,,
osm:node:9959156018,30,60,120,category_default,,
osm:node:9959156019,60,120,180,category_default,,
osm:node:9959158217,30,60,120,category_default,,
osm:node:9959158318,60,120,180,category_default,,
osm:node:9959163517,60,120,180,category_default,,
osm:node:9959182217,30,60,120,category_default,,
osm:node:9959185617,30,60,120,category_default,,
osm:node:9959185619,60,120,180,category_default,,
osm:node:9959187017,30,60,120,category_default,,
osm:node:9959187018,60,120,180,category_default,,
osm:node:9959187020,60,120,180,category_default,,
osm:node:9959189518,30,60,120,category_default,,
osm:node:9959189519,30,60,120,category_default,,
osm:node:9959189520,30,60,120,category_default,,
osm:node:9959189619,60,120,180,category_default,,
osm:node:9959191319,60,120,180,category_default,,
osm:node:9959201917,30,60,120,category_default,,
osm:node:9959235417,60,120,180,category_default,,
osm:node:9959238017,60,120,180,category_default,,
osm:node:9959249817,60,120,180,category_default,,
osm:node:9959262317,30,60,120,category_default,,
osm:node:9959341317,60,120,180,category_default,,
osm:node:9959347517,30,60,120,category_default,,
osm:node:9959352817,60,120,180,category_default,,
osm:node:9959356317,30,60,120,category_default,,
osm:node:9959358317,60,120,180,category_default,,
osm:node:9959630517,30,60,120,category_default,,
osm:node:9959686917,60,120,180,category_default,,
osm:node:9959749517,30,60,120,category_default,,
osm:node:9959751217,30,60,120,category_default,,
osm:node:9959751218,30,60,120,category_default,,
osm:node:9959764118,30,60,120,category_default,,
osm:node:9959766817,30,60,120,category_default,,
osm:node:9959781117,30,60,120,category_default,,
osm:node:9959791417,30,60,120,category_default,,
osm:node:9959859717,30,60,120,category_default,,
osm:node:9959918819,30,60,120,category_default,,
osm:node:9959938727,30,60,120,category_default,,
osm:node:9959954619,30,60,120,category_default,,
osm:node:9959954817,30,60,120,category_default,,
osm:node:9959960017,30,60,120,category_default,,
osm:node:9959964318,30,60,120,category_default,,
osm:node:9959964417,30,60,120,category_default,,
osm:node:9959967920,30,60,120,category_default,,
osm:node:9959986717,60,120,180,category_default,,
osm:node:9959986721,30,60,120,category_default,,
osm:node:9959987918,30,60,120,category_default,,
osm:node:9960011618,60,120,180,category_default,,
osm:node:9960027119,30,60,120,category_default,,
osm:node:9960036517,30,60,120,category_default,,
osm:node:9960036518,30,60,120,category_default,,
osm:node:9960049118,30,60,120,category_default,,
osm:node:9960090217,30,60,120,category_default,,
osm:node:9960092017,30,60,120,category_default,,
osm:node:9960092018,30,60,120,category_default,,
osm:node:9960093019,30,60,120,category_default,,
osm:node:9960101917,15,30,45,category_default,,
osm:node:9960123517,30,60,120,category_default,,
osm:node:9960139117,30,60,120,category_default,,
osm:node:9960625533,20,45,75,category_default,,
osm:node:9960625535,20,45,75,category_default,,
osm:node:9960625536,20,45,75,category_default,,
osm:node:9960625537,20,45,75,category_default,,
osm:node:9960625538,20,45,75,category_default,,
osm:node:9960625539,20,45,75,category_default,,
osm:node:9960625540,20,45,75,category_default,,
osm:node:9960625544,20,45,75,category_default,,
osm:node:9963236668,20,45,90,category_default,,
osm:node:9963236669,20,45,90,category_default,,
osm:node:9974267816,30,60,120,category_default,,
osm:node:9979036684,30,60,120,category_default,,
osm:node:9991162617,30,60,120,category_default,,
osm:node:9991869767,30,60,120,category_default,,
osm:node:9991869768,20,45,75,category_default,,
osm:node:9991869769,20,45,75,category_default,,
osm:node:9992439396,30,60,120,category_default,,
osm:node:9992439400,30,60,120,category_default,,
osm:node:9995506181,20,45,90,category_default,,
osm:relation:10353979,30,60,120,category_default,,
osm:relation:10356027,45,90,150,category_default,,
osm:relation:10377306,45,90,150,category_default,,
osm:relation:11000387,30,60,120,category_default,,
osm:relation:11084516,30,60,120,category_default,,
osm:relation:13244915,30,60,120,category_default,,
osm:relation:1326051,30,60,120,category_default,,
osm:relation:13427467,30,60,120,category_default,,
osm:relation:13427468,30,60,120,category_default,,
osm:relation:13517564,20,45,90,category_default,,
osm:relation:14048545,20,45,90,category_default,,
osm:relation:14048548,20,45,90,category_default,,
osm:relation:14048551,20,45,90,category_default,,
osm:relation:14428278,20,45,90,category_default,,
osm:relation:14428279,20,45,90,category_default,,
osm:relation:14468360,30,60,120,category_default,,
osm:relation:14939719,30,60,120,category_default,,
osm:relation:15398207,30,60,120,category_default,,
osm:relation:15662995,30,60,120,category_default,,
osm:relation:15999853,20,45,75,category_default,,
osm:relation:16109340,180,300,480,category_default,,
osm:relation:16640104,20,45,90,category_default,,
osm:relation:16705353,20,45,90,category_default,,
osm:relation:16798725,30,60,120,category_default,,
osm:relation:16911656,30,60,120,category_default,,
osm:relation:17228483,30,60,120,category_default,,
osm:relation:17524765,30,60,120,category_default,,
osm:relation:17576986,30,60,120,category_default,,
osm:relation:17576987,30,60,120,category_default,,
osm:relation:17583696,30,60,120,category_default,,
osm:relation:17583697,30,60,120,category_default,,
osm:relation:17758150,30,60,120,category_default,,
osm:relation:17877171,30,60,120,category_default,,
osm:relation:17877970,20,45,75,category_default,,
osm:relation:18050732,30,60,120,category_default,,
osm:relation:18360640,30,60,120,category_default,,
osm:relation:18470801,30,60,120,category_default,,
osm:relation:18478694,20,45,75,category_default,,
osm:relation:18542793,20,45,90,category_default,,
osm:relation:18623673,180,300,480,category_default,,
osm:relation:18645373,20,45,90,category_default,,
osm:relation:18849894,30,60,120,category_default,,
osm:relation:19179452,20,45,90,category_default,,
osm:relation:19191948,45,90,150,category_default,,
osm:relation:19280388,30,60,120,category_default,,
osm:relation:19381147,20,45,75,category_default,,
osm:relation:19465353,45,90,150,category_default,,
osm:relation:19474639,30,60,120,category_default,,
osm:relation:19672610,30,60,120,category_default,,
osm:relation:19808367,30,60,120,category_default,,
osm:relation:19811318,20,45,90,category_default,,
osm:relation:19902805,45,90,150,category_default,,
osm:relation:19916018,45,90,150,category_default,,
osm:relation:20057203,30,60,120,category_default,,
osm:relation:20402110,45,90,150,category_default,,
osm:relation:20594897,30,60,120,category_default,,
osm:relation:20657435,30,60,120,category_default,,
osm:relation:20662634,20,45,90,category_default,,
osm:relation:20714368,20,45,90,category_default,,
osm:relation:20714369,20,45,90,category_default,,
osm:relation:20965271,20,45,90,category_default,,
osm:relation:21390097,30,60,90,category_default,,
osm:relation:21390321,30,60,120,category_default,,
osm:relation:21395416,20,45,90,category_default,,
osm:relation:2552505,30,60,120,category_default,,
osm:relation:2673356,30,60,120,category_default,,
osm:relation:2836882,20,45,90,category_default,,
osm:relation:3938690,30,60,120,category_default,,
osm:relation:4589744,20,45,75,category_default,,
osm:relation:7758125,30,60,120,category_default,,
osm:relation:8133037,30,60,120,category_default,,
osm:relation:8537575,30,60,120,category_default,,
osm:way:1000397088,20,45,90,category_default,,
osm:way:1000544342,20,45,90,category_default,,
osm:way:1000681700,30,60,120,category_default,,
osm:way:1000681745,20,45,90,category_default,,
osm:way:1000681748,20,45,90,category_default,,
osm:way:1000681750,20,45,90,category_default,,
osm:way:1001921203,20,45,90,category_default,,
osm:way:1002473802,20,45,90,category_default,,
osm:way:1002534081,30,60,120,category_default,,
osm:way:1002535124,30,60,120,category_default,,
osm:way:1002718949,20,45,90,category_default,,
osm:way:1002718954,20,45,90,category_default,,
osm:way:1002939961,20,45,90,category_default,,
osm:way:1002939966,20,45,90,category_default,,
osm:way:1002939971,20,45,90,category_default,,
osm:way:1002939979,20,45,90,category_default,,
osm:way:1002939982,20,45,90,category_default,,
osm:way:1002939985,20,45,90,category_default,,
osm:way:1002939997,20,45,90,category_default,,
osm:way:1002940007,20,45,90,category_default,,
osm:way:1002940009,20,45,90,category_default,,
osm:way:1002946643,20,45,90,category_default,,
osm:way:1002946649,20,45,90,category_default,,
osm:way:1002946653,20,45,90,category_default,,
osm:way:1003660713,20,45,90,category_default,,
osm:way:1008021695,20,45,90,category_default,,
osm:way:1008094016,20,45,90,category_default,,
osm:way:1008258253,20,45,90,category_default,,
osm:way:1008700534,20,45,90,category_default,,
osm:way:1009632954,20,45,90,category_default,,
osm:way:1009632987,20,45,90,category_default,,
osm:way:1010843998,30,60,120,category_default,,
osm:way:1011461776,20,45,90,category_default,,
osm:way:1011719927,30,60,120,category_default,,
osm:way:1012107577,30,60,120,category_default,,
osm:way:1014268122,30,60,120,category_default,,
osm:way:1014986358,20,45,90,category_default,,
osm:way:1015009537,20,45,90,category_default,,
osm:way:1015158474,20,45,90,category_default,,
osm:way:1015158479,20,45,90,category_default,,
osm:way:1015158482,20,45,90,category_default,,
osm:way:1015757071,20,45,90,category_default,,
osm:way:1015757072,20,45,90,category_default,,
osm:way:1017823008,20,45,90,category_default,,
osm:way:1018689184,30,60,120,category_default,,
osm:way:1018697545,20,45,90,category_default,,
osm:way:1019030795,30,60,120,category_default,,
osm:way:1019040791,30,60,120,category_default,,
osm:way:1019040796,30,60,120,category_default,,
osm:way:1019040798,30,60,120,category_default,,
osm:way:1019050228,30,60,120,category_default,,
osm:way:1019050229,30,60,120,category_default,,
osm:way:1019050231,30,60,120,category_default,,
osm:way:1019050240,30,60,120,category_default,,
osm:way:1019051182,20,45,90,category_default,,
osm:way:1019349488,30,60,120,category_default,,
osm:way:1020461299,20,45,90,category_default,,
osm:way:1020461312,20,45,90,category_default,,
osm:way:1020461321,20,45,90,category_default,,
osm:way:1020716323,20,45,90,category_default,,
osm:way:1020716548,20,45,90,category_default,,
osm:way:1020789477,20,45,90,category_default,,
osm:way:1020789490,20,45,90,category_default,,
osm:way:1021330352,20,45,90,category_default,,
osm:way:1021332447,20,45,90,category_default,,
osm:way:1021556485,20,45,90,category_default,,
osm:way:1023126419,180,300,480,category_default,,
osm:way:1023704926,30,60,120,category_default,,
osm:way:1024130334,30,60,120,category_default,,
osm:way:1024328493,30,60,120,category_default,,
osm:way:1024346119,20,45,90,category_default,,
osm:way:1024350670,30,60,120,category_default,,
osm:way:1024350674,30,60,120,category_default,,
osm:way:1024373687,20,45,90,category_default,,
osm:way:1025088295,30,60,120,category_default,,
osm:way:1025088296,30,60,120,category_default,,
osm:way:1025739401,20,45,90,category_default,,
osm:way:1026490382,20,45,90,category_default,,
osm:way:1026798699,20,45,90,category_default,,
osm:way:1028823316,20,45,90,category_default,,
osm:way:1028840318,30,60,120,category_default,,
osm:way:1030368611,30,60,120,category_default,,
osm:way:1031148503,20,45,90,category_default,,
osm:way:1031148508,20,45,90,category_default,,
osm:way:1031412596,30,60,120,category_default,,
osm:way:1031531069,30,60,120,category_default,,
osm:way:1031531070,30,60,120,category_default,,
osm:way:1031554896,30,60,120,category_default,,
osm:way:1031554897,30,60,120,category_default,,
osm:way:1031554898,30,60,120,category_default,,
osm:way:1031554900,30,60,120,category_default,,
osm:way:1034409603,20,45,90,category_default,,
osm:way:1034409604,20,45,90,category_default,,
osm:way:1034660234,20,45,90,category_default,,
osm:way:1034847072,20,45,90,category_default,,
osm:way:1034955370,20,45,90,category_default,,
osm:way:1035346421,30,60,120,category_default,,
osm:way:1035346423,30,60,120,category_default,,
osm:way:1035569968,30,60,120,category_default,,
osm:way:1035569969,30,60,120,category_default,,
osm:way:1035569970,30,60,120,category_default,,
osm:way:1035921543,30,60,120,category_default,,
osm:way:1035921606,30,60,120,category_default,,
osm:way:1035921618,20,45,75,category_default,,
osm:way:1036018818,30,60,120,category_default,,
osm:way:1036030790,30,60,120,category_default,,
osm:way:1036030791,30,60,120,category_default,,
osm:way:1036804305,20,45,90,category_default,,
osm:way:1037121078,30,60,120,category_default,,
osm:way:1037121093,30,60,120,category_default,,
osm:way:1037121097,30,60,120,category_default,,
osm:way:1038732495,20,45,90,category_default,,
osm:way:1039029807,20,45,90,category_default,,
osm:way:1039029810,20,45,90,category_default,,
osm:way:1039029821,20,45,90,category_default,,
osm:way:1039072271,20,45,90,category_default,,
osm:way:1039222550,20,45,90,category_default,,
osm:way:1039232169,20,45,90,category_default,,
osm:way:1039325531,20,45,90,category_default,,
osm:way:1039383825,20,45,90,category_default,,
osm:way:1039486456,20,45,90,category_default,,
osm:way:1039491785,20,45,90,category_default,,
osm:way:1040462226,20,45,90,category_default,,
osm:way:1040462234,20,45,90,category_default,,
osm:way:1040486455,20,45,90,category_default,,
osm:way:1040487957,20,45,90,category_default,,
osm:way:1040742615,30,60,120,category_default,,
osm:way:1040783696,20,45,90,category_default,,
osm:way:1040799948,20,45,90,category_default,,
osm:way:1041009964,20,45,90,category_default,,
osm:way:1041022594,20,45,90,category_default,,
osm:way:1041025309,20,45,90,category_default,,
osm:way:1041089265,20,45,90,category_default,,
osm:way:1041090695,20,45,90,category_default,,
osm:way:1041093306,20,45,90,category_default,,
osm:way:1041112515,20,45,90,category_default,,
osm:way:1042554070,20,45,90,category_default,,
osm:way:1042554071,20,45,90,category_default,,
osm:way:1042562816,20,45,90,category_default,,
osm:way:1042789394,20,45,90,category_default,,
osm:way:1042849147,20,45,90,category_default,,
osm:way:1042934310,20,45,90,category_default,,
osm:way:1043320330,20,45,90,category_default,,
osm:way:1043365165,20,45,90,category_default,,
osm:way:1043365166,20,45,90,category_default,,
osm:way:1043435432,20,45,90,category_default,,
osm:way:1043436770,20,45,90,category_default,,
osm:way:1043436779,20,45,90,category_default,,
osm:way:1044485853,30,60,120,category_default,,
osm:way:1044486077,30,60,120,category_default,,
osm:way:1044717963,20,45,90,category_default,,
osm:way:1046197467,30,60,120,category_default,,
osm:way:1046480389,20,45,90,category_default,,
osm:way:1046746189,20,45,90,category_default,,
osm:way:1046846554,20,45,90,category_default,,
osm:way:1047114389,20,45,90,category_default,,
osm:way:1047114391,20,45,90,category_default,,
osm:way:1047537239,20,45,90,category_default,,
osm:way:1047537240,20,45,90,category_default,,
osm:way:1047840517,20,45,90,category_default,,
osm:way:1049470699,30,60,120,category_default,,
osm:way:1049831208,30,60,120,category_default,,
osm:way:1049955872,20,45,90,category_default,,
osm:way:1050211424,20,45,90,category_default,,
osm:way:1050249765,20,45,90,category_default,,
osm:way:1050444672,20,45,90,category_default,,
osm:way:1050684699,30,60,90,category_default,,
osm:way:1051466849,30,60,120,category_default,,
osm:way:1052684702,20,45,90,category_default,,
osm:way:1053356896,20,45,90,category_default,,
osm:way:1054200143,20,45,90,category_default,,
osm:way:1054316659,30,60,120,category_default,,
osm:way:1055051249,30,60,120,category_default,,
osm:way:1055051250,30,60,120,category_default,,
osm:way:1055902411,20,45,90,category_default,,
osm:way:1056249325,30,60,120,category_default,,
osm:way:1056368106,30,60,120,category_default,,
osm:way:1056572948,30,60,120,category_default,,
osm:way:1056619169,20,45,90,category_default,,
osm:way:1056619170,20,45,90,category_default,,
osm:way:1057862518,30,60,120,category_default,,
osm:way:1058541280,20,45,90,category_default,,
osm:way:1059852997,30,60,120,category_default,,
osm:way:1060469886,30,60,120,category_default,,
osm:way:1061420945,30,60,120,category_default,,
osm:way:1061420946,30,60,120,category_default,,
osm:way:1061579248,30,60,120,category_default,,
osm:way:1061941524,30,60,120,category_default,,
osm:way:1062070363,30,60,120,category_default,,
osm:way:1062070364,30,60,120,category_default,,
osm:way:1062070365,30,60,120,category_default,,
osm:way:1062070366,30,60,120,category_default,,
osm:way:1062070367,30,60,120,category_default,,
osm:way:1062498633,30,60,120,category_default,,
osm:way:1062498634,30,60,120,category_default,,
osm:way:1063154010,20,45,90,category_default,,
osm:way:1063154011,20,45,90,category_default,,
osm:way:1063154013,20,45,90,category_default,,
osm:way:1063154031,20,45,90,category_default,,
osm:way:1063154036,20,45,90,category_default,,
osm:way:1063191474,20,45,90,category_default,,
osm:way:1063227185,30,60,120,category_default,,
osm:way:1063227186,30,60,120,category_default,,
osm:way:1064064647,20,45,90,category_default,,
osm:way:1064240909,20,45,90,category_default,,
osm:way:1064303921,30,60,120,category_default,,
osm:way:1064303922,30,60,120,category_default,,
osm:way:1064336014,20,45,90,category_default,,
osm:way:1064905782,30,60,120,category_default,,
osm:way:1065081404,20,45,90,category_default,,
osm:way:1065167892,20,45,90,category_default,,
osm:way:1065564955,20,45,90,category_default,,
osm:way:1065749422,20,45,90,category_default,,
osm:way:1065767687,20,45,90,category_default,,
osm:way:1065767693,20,45,90,category_default,,
osm:way:1067639927,20,45,90,category_default,,
osm:way:1067639931,20,45,75,category_default,,
osm:way:1067639932,20,45,90,category_default,,
osm:way:1068436080,20,45,90,category_default,,
osm:way:1069888274,20,45,90,category_default,,
osm:way:1069888279,20,45,90,category_default,,
osm:way:1070108301,20,45,90,category_default,,
osm:way:1070123346,20,45,90,category_default,,
osm:way:1071067175,20,45,90,category_default,,
osm:way:1073109287,20,45,90,category_default,,
osm:way:1073260547,20,45,90,category_default,,
osm:way:1074490406,20,45,90,category_default,,
osm:way:1074490407,20,45,90,category_default,,
osm:way:1074561729,20,45,90,category_default,,
osm:way:1074715291,20,45,90,category_default,,
osm:way:1074715296,20,45,90,category_default,,
osm:way:1074715303,20,45,90,category_default,,
osm:way:1075250680,20,45,90,category_default,,
osm:way:1075301669,20,45,90,category_default,,
osm:way:1075301683,20,45,90,category_default,,
osm:way:1075301692,20,45,90,category_default,,
osm:way:1075506550,20,45,75,category_default,,
osm:way:1075986223,20,45,90,category_default,,
osm:way:1076270323,20,45,90,category_default,,
osm:way:1077108382,30,60,120,category_default,,
osm:way:1078097938,30,60,120,category_default,,
osm:way:1079654525,30,60,120,category_default,,
osm:way:1080023296,20,45,75,category_default,,
osm:way:1080877306,20,45,90,category_default,,
osm:way:1080877310,20,45,90,category_default,,
osm:way:1081337937,30,60,120,category_default,,
osm:way:1081410188,30,60,120,category_default,,
osm:way:1081726703,20,45,90,category_default,,
osm:way:1082227920,20,45,90,category_default,,
osm:way:1083749411,20,45,90,category_default,,
osm:way:1084373313,30,60,120,category_default,,
osm:way:1084373317,30,60,120,category_default,,
osm:way:1085721442,20,45,90,category_default,,
osm:way:1086980078,20,45,90,category_default,,
osm:way:1087731715,30,60,120,category_default,,
osm:way:1087911661,20,45,90,category_default,,
osm:way:1088370266,20,45,90,category_default,,
osm:way:1089984777,20,45,90,category_default,,
osm:way:1089984778,20,45,90,category_default,,
osm:way:1090717264,20,45,90,category_default,,
osm:way:1091138644,30,60,120,category_default,,
osm:way:1092256296,30,60,120,category_default,,
osm:way:1092523953,180,300,480,category_default,,
osm:way:1092772454,20,45,90,category_default,,
osm:way:1093747873,20,45,90,category_default,,
osm:way:1093747875,20,45,90,category_default,,
osm:way:1094011834,20,45,90,category_default,,
osm:way:1094422887,30,60,120,category_default,,
osm:way:1094720956,20,45,90,category_default,,
osm:way:1098141677,20,45,90,category_default,,
osm:way:1098290854,20,45,90,category_default,,
osm:way:1098290855,20,45,90,category_default,,
osm:way:1098298112,20,45,90,category_default,,
osm:way:1099289106,30,60,120,category_default,,
osm:way:1099958814,20,45,90,category_default,,
osm:way:1102256484,20,45,90,category_default,,
osm:way:1102352502,20,45,90,category_default,,
osm:way:1103182086,30,60,120,category_default,,
osm:way:1103857428,20,45,90,category_default,,
osm:way:1103982815,20,45,90,category_default,,
osm:way:1104045600,20,45,90,category_default,,
osm:way:1104047677,30,60,120,category_default,,
osm:way:1104102840,20,45,90,category_default,,
osm:way:1104429558,30,60,120,category_default,,
osm:way:1104647424,20,45,90,category_default,,
osm:way:1104647425,20,45,90,category_default,,
osm:way:1104647429,20,45,90,category_default,,
osm:way:1104848949,20,45,90,category_default,,
osm:way:1104856388,20,45,90,category_default,,
osm:way:1104873499,20,45,90,category_default,,
osm:way:1105940079,20,45,90,category_default,,
osm:way:1105978776,30,60,120,category_default,,
osm:way:1105978777,30,60,120,category_default,,
osm:way:1106491915,20,45,90,category_default,,
osm:way:1106811309,20,45,90,category_default,,
osm:way:1106866558,30,60,120,category_default,,
osm:way:1107064249,20,45,90,category_default,,
osm:way:1107064250,20,45,90,category_default,,
osm:way:1107303481,30,60,120,category_default,,
osm:way:1107303963,30,60,120,category_default,,
osm:way:1107305573,30,60,120,category_default,,
osm:way:1107305751,30,60,120,category_default,,
osm:way:1107306335,30,60,120,category_default,,
osm:way:1107307940,30,60,120,category_default,,
osm:way:1107308491,30,60,120,category_default,,
osm:way:1107308686,30,60,120,category_default,,
osm:way:1107308896,30,60,120,category_default,,
osm:way:1107633810,20,45,90,category_default,,
osm:way:1107763119,30,60,120,category_default,,
osm:way:1107763847,30,60,120,category_default,,
osm:way:1107968134,20,45,90,category_default,,
osm:way:1108118623,30,60,120,category_default,,
osm:way:1108259105,30,60,120,category_default,,
osm:way:1108260166,30,60,120,category_default,,
osm:way:1108260510,30,60,120,category_default,,
osm:way:1108260605,30,60,120,category_default,,
osm:way:1108260812,30,60,120,category_default,,
osm:way:1108260997,30,60,120,category_default,,
osm:way:1108261072,30,60,120,category_default,,
osm:way:1108261283,30,60,120,category_default,,
osm:way:1108261351,30,60,120,category_default,,
osm:way:1108261384,30,60,120,category_default,,
osm:way:1108261874,20,45,90,category_default,,
osm:way:1108262028,30,60,120,category_default,,
osm:way:1108262113,30,60,120,category_default,,
osm:way:1108262160,30,60,120,category_default,,
osm:way:1108262450,30,60,120,category_default,,
osm:way:1108262648,30,60,120,category_default,,
osm:way:1108263300,20,45,90,category_default,,
osm:way:1108263348,30,60,120,category_default,,
osm:way:1108263995,30,60,120,category_default,,
osm:way:1108264221,30,60,120,category_default,,
osm:way:1108273912,30,60,120,category_default,,
osm:way:1108274121,30,60,120,category_default,,
osm:way:1108274659,30,60,120,category_default,,
osm:way:1108275475,30,60,120,category_default,,
osm:way:1108275551,30,60,120,category_default,,
osm:way:1108275573,30,60,120,category_default,,
osm:way:1108275635,30,60,120,category_default,,
osm:way:1108275826,30,60,120,category_default,,
osm:way:1108276449,30,60,120,category_default,,
osm:way:1108445943,30,60,120,category_default,,
osm:way:1108576026,30,60,120,category_default,,
osm:way:1108576027,30,60,120,category_default,,
osm:way:1108576028,30,60,120,category_default,,
osm:way:1109970002,30,60,120,category_default,,
osm:way:1109970004,20,45,90,category_default,,
osm:way:1109970009,30,60,120,category_default,,
osm:way:1109970012,30,60,120,category_default,,
osm:way:1109970072,20,45,90,category_default,,
osm:way:1110090366,20,45,75,category_default,,
osm:way:1110176551,20,45,90,category_default,,
osm:way:1110288163,30,60,120,category_default,,
osm:way:1110288264,30,60,120,category_default,,
osm:way:1110288520,30,60,120,category_default,,
osm:way:1110289142,30,60,120,category_default,,
osm:way:1110289298,30,60,120,category_default,,
osm:way:1110289610,30,60,120,category_default,,
osm:way:1110290157,30,60,120,category_default,,
osm:way:1110290268,30,60,120,category_default,,
osm:way:1110290511,30,60,120,category_default,,
osm:way:1110290646,30,60,120,category_default,,
osm:way:1110686331,20,45,90,category_default,,
osm:way:1111258154,30,60,120,category_default,,
osm:way:1111711083,20,45,90,category_default,,
osm:way:1111949860,30,60,120,category_default,,
osm:way:1112643378,30,60,120,category_default,,
osm:way:1113043214,30,60,120,category_default,,
osm:way:1114717100,20,45,75,category_default,,
osm:way:1114717104,20,45,90,category_default,,
osm:way:1115082373,20,45,90,category_default,,
osm:way:1115788711,30,60,120,category_default,,
osm:way:1115791518,30,60,120,category_default,,
osm:way:1115795402,30,60,120,category_default,,
osm:way:1116019590,20,45,90,category_default,,
osm:way:1116582922,30,60,120,category_default,,
osm:way:1116958199,20,45,90,category_default,,
osm:way:1118308342,30,60,120,category_default,,
osm:way:1118494921,20,45,90,category_default,,
osm:way:1118788845,20,45,90,category_default,,
osm:way:1118788847,20,45,90,category_default,,
osm:way:1119201289,20,45,90,category_default,,
osm:way:1119231769,30,60,120,category_default,,
osm:way:1119231770,30,60,120,category_default,,
osm:way:1119231771,30,60,120,category_default,,
osm:way:1119450433,30,60,120,category_default,,
osm:way:1119766490,30,60,120,category_default,,
osm:way:1120130935,30,60,120,category_default,,
osm:way:1120484211,30,60,120,category_default,,
osm:way:1120491144,30,60,120,category_default,,
osm:way:1120491145,30,60,120,category_default,,
osm:way:1120513537,20,45,90,category_default,,
osm:way:1121014307,20,45,90,category_default,,
osm:way:1121560747,20,45,90,category_default,,
osm:way:1121560749,20,45,90,category_default,,
osm:way:1121940859,30,60,120,category_default,,
osm:way:112232819,30,60,120,category_default,,
osm:way:1122517334,30,60,120,category_default,,
osm:way:1122899912,20,45,90,category_default,,
osm:way:1122930521,20,45,90,category_default,,
osm:way:1122930524,20,45,90,category_default,,
osm:way:1122930525,20,45,90,category_default,,
osm:way:1122937024,20,45,75,category_default,,
osm:way:1123050055,20,45,75,category_default,,
osm:way:1123529137,30,60,120,category_default,,
osm:way:1123723059,30,60,120,category_default,,
osm:way:1124218846,20,45,90,category_default,,
osm:way:1124414091,30,60,120,category_default,,
osm:way:1124424984,20,45,90,category_default,,
osm:way:1124576618,30,60,120,category_default,,
osm:way:1124712645,20,45,90,category_default,,
osm:way:1124712647,20,45,90,category_default,,
osm:way:1124817467,20,45,75,category_default,,
osm:way:1124817477,20,45,90,category_default,,
osm:way:1126018374,20,45,90,category_default,,
osm:way:1126747036,30,60,120,category_default,,
osm:way:1126747039,30,60,120,category_default,,
osm:way:1126965453,30,60,120,category_default,,
osm:way:1127558971,20,45,75,category_default,,
osm:way:1128232751,20,45,90,category_default,,
osm:way:1128232777,20,45,90,category_default,,
osm:way:1130707800,20,45,90,category_default,,
osm:way:1130734861,20,45,90,category_default,,
osm:way:1130757528,20,45,90,category_default,,
osm:way:1130761715,20,45,90,category_default,,
osm:way:1131539407,30,60,120,category_default,,
osm:way:1131961992,180,300,480,category_default,,
osm:way:1134510624,20,45,90,category_default,,
osm:way:1134520817,20,45,75,category_default,,
osm:way:1134555860,30,60,120,category_default,,
osm:way:1134556127,30,60,120,category_default,,
osm:way:1135119283,20,45,75,category_default,,
osm:way:1135736683,20,45,90,category_default,,
osm:way:1135866105,30,60,120,category_default,,
osm:way:1136926889,20,45,90,category_default,,
osm:way:1136926907,20,45,90,category_default,,
osm:way:1137325940,20,45,75,category_default,,
osm:way:1137325943,20,45,90,category_default,,
osm:way:1137325945,30,60,120,category_default,,
osm:way:1137989915,30,60,120,category_default,,
osm:way:1138068421,30,60,120,category_default,,
osm:way:1138955996,20,45,90,category_default,,
osm:way:1139091053,30,60,120,category_default,,
osm:way:1140667038,20,45,90,category_default,,
osm:way:1140751919,20,45,90,category_default,,
osm:way:1141562511,20,45,75,category_default,,
osm:way:1141876010,20,45,90,category_default,,
osm:way:1144130583,20,45,90,category_default,,
osm:way:1144267188,30,60,120,category_default,,
osm:way:1144380310,20,45,90,category_default,,
osm:way:1144380312,20,45,90,category_default,,
osm:way:1144380313,20,45,90,category_default,,
osm:way:1144380314,20,45,90,category_default,,
osm:way:1144380315,20,45,90,category_default,,
osm:way:1144380316,20,45,90,category_default,,
osm:way:1144380319,30,60,120,category_default,,
osm:way:1144380322,20,45,90,category_default,,
osm:way:1144380323,20,45,90,category_default,,
osm:way:1144380324,20,45,90,category_default,,
osm:way:1144380325,20,45,90,category_default,,
osm:way:1144380326,20,45,90,category_default,,
osm:way:1144380327,20,45,90,category_default,,
osm:way:1144380328,20,45,90,category_default,,
osm:way:1144380330,20,45,90,category_default,,
osm:way:1144867249,20,45,90,category_default,,
osm:way:1144867250,20,45,90,category_default,,
osm:way:1145090864,30,60,120,category_default,,
osm:way:1147083161,20,45,90,category_default,,
osm:way:1147083166,20,45,90,category_default,,
osm:way:1147629014,20,45,90,category_default,,
osm:way:1147665704,20,45,90,category_default,,
osm:way:1148179691,30,60,120,category_default,,
osm:way:1148275989,30,60,120,category_default,,
osm:way:1148275990,30,60,120,category_default,,
osm:way:1149062823,20,45,75,category_default,,
osm:way:1149372974,30,60,120,category_default,,
osm:way:1151001168,30,60,120,category_default,,
osm:way:1151001172,20,45,90,category_default,,
osm:way:1151575774,20,45,90,category_default,,
osm:way:1152451319,30,60,120,category_default,,
osm:way:1152993502,20,45,75,category_default,,
osm:way:1153689641,30,60,120,category_default,,
osm:way:1153950425,30,60,120,category_default,,
osm:way:1153950441,20,45,90,category_default,,
osm:way:1154060732,30,60,120,category_default,,
osm:way:1154085685,20,45,90,category_default,,
osm:way:1154098816,20,45,90,category_default,,
osm:way:1154164257,30,60,120,category_default,,
osm:way:1154310950,20,45,90,category_default,,
osm:way:1154310956,20,45,90,category_default,,
osm:way:1154556140,20,45,90,category_default,,
osm:way:1155364288,15,30,45,category_default,,
osm:way:1155926818,20,45,90,category_default,,
osm:way:1155931538,20,45,90,category_default,,
osm:way:1156119270,20,45,90,category_default,,
osm:way:1157136139,20,45,90,category_default,,
osm:way:1157172128,20,45,90,category_default,,
osm:way:1157172141,20,45,90,category_default,,
osm:way:1157899903,20,45,90,category_default,,
osm:way:1157899904,20,45,90,category_default,,
osm:way:1157899905,20,45,90,category_default,,
osm:way:1158936961,30,60,120,category_default,,
osm:way:1158936962,30,60,120,category_default,,
osm:way:1159101822,30,60,120,category_default,,
osm:way:1159104301,20,45,90,category_default,,
osm:way:1159104315,20,45,90,category_default,,
osm:way:1159104316,30,60,120,category_default,,
osm:way:1159104317,20,45,90,category_default,,
osm:way:1159104318,20,45,90,category_default,,
osm:way:1159194084,20,45,75,category_default,,
osm:way:1159194090,30,60,120,category_default,,
osm:way:1159194091,30,60,120,category_default,,
osm:way:1159194118,20,45,90,category_default,,
osm:way:1159194122,20,45,90,category_default,,
osm:way:1159206296,30,60,120,category_default,,
osm:way:1159206318,30,60,120,category_default,,
osm:way:1159691512,20,45,90,category_default,,
osm:way:1159707865,30,60,120,category_default,,
osm:way:1159707872,20,45,90,category_default,,
osm:way:1159707890,30,60,120,category_default,,
osm:way:1159707906,20,45,90,category_default,,
osm:way:1159707915,20,45,90,category_default,,
osm:way:1159707916,20,45,90,category_default,,
osm:way:1160002129,20,45,90,category_default,,
osm:way:1160002152,20,45,90,category_default,,
osm:way:1160002163,30,60,120,category_default,,
osm:way:1160002195,30,60,120,category_default,,
osm:way:1160002197,20,45,75,category_default,,
osm:way:1160394249,30,60,120,category_default,,
osm:way:1160394250,30,60,120,category_default,,
osm:way:1160706771,20,45,90,category_default,,
osm:way:1160706783,20,45,90,category_default,,
osm:way:1161279409,20,45,90,category_default,,
osm:way:1161501876,20,45,90,category_default,,
osm:way:1162603502,30,60,120,category_default,,
osm:way:1162837200,30,60,120,category_default,,
osm:way:1162904824,180,300,480,category_default,,
osm:way:1162972528,30,60,120,category_default,,
osm:way:1162972529,30,60,120,category_default,,
osm:way:1163531668,20,45,90,category_default,,
osm:way:1164583083,20,45,90,category_default,,
osm:way:1164606537,30,60,120,category_default,,
osm:way:1165063039,30,60,120,category_default,,
osm:way:1165380353,30,60,120,category_default,,
osm:way:1166293260,20,45,90,category_default,,
osm:way:1167351211,30,60,120,category_default,,
osm:way:1167382429,20,45,90,category_default,,
osm:way:1167471574,30,60,120,category_default,,
osm:way:1167526791,30,60,120,category_default,,
osm:way:1167664393,30,60,120,category_default,,
osm:way:1167680537,30,60,120,category_default,,
osm:way:1167968348,20,45,90,category_default,,
osm:way:1167997503,30,60,120,category_default,,
osm:way:1168222900,30,60,120,category_default,,
osm:way:1168427916,30,60,120,category_default,,
osm:way:1168494152,30,60,120,category_default,,
osm:way:1169249141,20,45,90,category_default,,
osm:way:1169531150,30,60,120,category_default,,
osm:way:1169561166,30,60,120,category_default,,
osm:way:1170979640,30,60,120,category_default,,
osm:way:1171508434,20,45,90,category_default,,
osm:way:1171510655,20,45,90,category_default,,
osm:way:1171597387,20,45,90,category_default,,
osm:way:1171597396,20,45,90,category_default,,
osm:way:1172894102,20,45,90,category_default,,
osm:way:1172897446,20,45,75,category_default,,
osm:way:1173092162,30,60,120,category_default,,
osm:way:1173092164,30,60,120,category_default,,
osm:way:1173092165,30,60,120,category_default,,
osm:way:1173102908,20,45,75,category_default,,
osm:way:1174066788,20,45,90,category_default,,
osm:way:1174245466,20,45,90,category_default,,
osm:way:1174290221,30,60,120,category_default,,
osm:way:1174302224,30,60,120,category_default,,
osm:way:1174490259,30,60,120,category_default,,
osm:way:1174779020,30,60,120,category_default,,
osm:way:1174779021,30,60,120,category_default,,
osm:way:1174779031,30,60,120,category_default,,
osm:way:1174779032,30,60,120,category_default,,
osm:way:1175041526,20,45,90,category_default,,
osm:way:1175041530,20,45,90,category_default,,
osm:way:1175259950,20,45,90,category_default,,
osm:way:1175388059,30,60,120,category_default,,
osm:way:1175447132,20,45,90,category_default,,
osm:way:1175724274,30,60,120,category_default,,
osm:way:1175724558,30,60,120,category_default,,
osm:way:1175814553,30,60,120,category_default,,
osm:way:1176733779,30,60,120,category_default,,
osm:way:1176733780,30,60,120,category_default,,
osm:way:1176733782,20,45,90,category_default,,
osm:way:1176733783,30,60,120,category_default,,
osm:way:1176733784,20,45,90,category_default,,
osm:way:1176733792,20,45,90,category_default,,
osm:way:1176733807,20,45,90,category_default,,
osm:way:1176733808,20,45,90,category_default,,
osm:way:1176760612,30,60,120,category_default,,
osm:way:1176760615,20,45,90,category_default,,
osm:way:1176900004,30,60,120,category_default,,
osm:way:1177046930,20,45,90,category_default,,
osm:way:1177046931,20,45,90,category_default,,
osm:way:1177961777,30,60,120,category_default,,
osm:way:1177961790,20,45,90,category_default,,
osm:way:1178305808,20,45,90,category_default,,
osm:way:1178305827,20,45,90,category_default,,
osm:way:1178329293,20,45,90,category_default,,
osm:way:1180466134,20,45,90,category_default,,
osm:way:1180919589,20,45,75,category_default,,
osm:way:1180919591,20,45,75,category_default,,
osm:way:1180919594,20,45,75,category_default,,
osm:way:1180996208,30,60,120,category_default,,
osm:way:1181062127,20,45,90,category_default,,
osm:way:1181158069,30,60,120,category_default,,
osm:way:1181235376,20,45,75,category_default,,
osm:way:1181428811,30,60,120,category_default,,
osm:way:1182376980,30,60,120,category_default,,
osm:way:1182444220,20,45,90,category_default,,
osm:way:1182462616,20,45,75,category_default,,
osm:way:1182462617,20,45,75,category_default,,
osm:way:1182462618,20,45,75,category_default,,
osm:way:1182462619,20,45,90,category_default,,
osm:way:1182462620,20,45,75,category_default,,
osm:way:1182462621,20,45,90,category_default,,
osm:way:1182478962,20,45,90,category_default,,
osm:way:1182814986,180,300,480,category_default,,
osm:way:1183371525,30,60,120,category_default,,
osm:way:1183371526,30,60,120,category_default,,
osm:way:1183371527,30,60,120,category_default,,
osm:way:1183721989,30,60,120,category_default,,
osm:way:1183911032,20,45,90,category_default,,
osm:way:1183911034,20,45,90,category_default,,
osm:way:1183970319,30,60,120,category_default,,
osm:way:1184247640,20,45,90,category_default,,
osm:way:1184591041,20,45,90,category_default,,
osm:way:1184773521,30,60,120,category_default,,
osm:way:1185338286,30,60,120,category_default,,
osm:way:1185338294,30,60,120,category_default,,
osm:way:118540998,30,60,120,category_default,,
osm:way:118541971,30,60,120,category_default,,
osm:way:118542146,20,45,90,category_default,,
osm:way:118542218,20,45,90,category_default,,
osm:way:118542399,20,45,90,category_default,,
osm:way:118542850,20,45,90,category_default,,
osm:way:1185443921,20,45,90,category_default,,
osm:way:1185457241,20,45,90,category_default,,
osm:way:1185648382,20,45,90,category_default,,
osm:way:1185756538,20,45,90,category_default,,
osm:way:1185791899,20,45,90,category_default,,
osm:way:1185901865,20,45,90,category_default,,
osm:way:1185910782,20,45,90,category_default,,
osm:way:118609193,20,45,75,category_default,,
osm:way:1186314679,20,45,90,category_default,,
osm:way:118691767,30,60,120,category_default,,
osm:way:1187726804,20,45,90,category_default,,
osm:way:1187726805,30,60,120,category_default,,
osm:way:1188004485,30,60,120,category_default,,
osm:way:1188107810,30,60,120,category_default,,
osm:way:1188107819,30,60,120,category_default,,
osm:way:1188107822,30,60,120,category_default,,
osm:way:1188468178,20,45,90,category_default,,
osm:way:1188537335,20,45,90,category_default,,
osm:way:1188537336,20,45,90,category_default,,
osm:way:1188922253,20,45,90,category_default,,
osm:way:1188968967,30,60,120,category_default,,
osm:way:1189078913,20,45,90,category_default,,
osm:way:1189163511,20,45,90,category_default,,
osm:way:1189163517,20,45,90,category_default,,
osm:way:1189163519,20,45,90,category_default,,
osm:way:1189163524,20,45,90,category_default,,
osm:way:1189163525,20,45,90,category_default,,
osm:way:1189319843,30,60,120,category_default,,
osm:way:1189320678,30,60,120,category_default,,
osm:way:1189320746,30,60,120,category_default,,
osm:way:1189321150,20,45,90,category_default,,
osm:way:1189393345,20,45,90,category_default,,
osm:way:1189393346,20,45,90,category_default,,
osm:way:1189409894,20,45,90,category_default,,
osm:way:118943765,180,300,480,category_default,,
osm:way:118950663,30,60,120,category_default,,
osm:way:1189688534,30,60,120,category_default,,
osm:way:1189743735,30,60,120,category_default,,
osm:way:1189797496,20,45,75,category_default,,
osm:way:1190725791,20,45,90,category_default,,
osm:way:1190841554,30,60,120,category_default,,
osm:way:1190946657,20,45,90,category_default,,
osm:way:1190946659,20,45,90,category_default,,
osm:way:1190946662,20,45,90,category_default,,
osm:way:1191966049,30,60,120,category_default,,
osm:way:1192418437,20,45,90,category_default,,
osm:way:1192418438,20,45,90,category_default,,
osm:way:1192418443,20,45,90,category_default,,
osm:way:1192553625,20,45,90,category_default,,
osm:way:1192560669,20,45,90,category_default,,
osm:way:119276185,30,60,120,category_default,,
osm:way:119276473,30,60,120,category_default,,
osm:way:1193057654,30,60,120,category_default,,
osm:way:1193271461,20,45,90,category_default,,
osm:way:1193781063,30,60,120,category_default,,
osm:way:1193800376,20,45,90,category_default,,
osm:way:1193888990,20,45,90,category_default,,
osm:way:1193890905,20,45,90,category_default,,
osm:way:119409588,20,45,90,category_default,,
osm:way:119409664,30,60,120,category_default,,
osm:way:1194208982,20,45,75,category_default,,
osm:way:1194211171,20,45,90,category_default,,
osm:way:1194336118,180,300,480,category_default,,
osm:way:1195398460,30,60,120,category_default,,
osm:way:1195550420,45,90,150,category_default,,
osm:way:1196276577,20,45,90,category_default,,
osm:way:1196350223,30,60,120,category_default,,
osm:way:1197139579,20,45,90,category_default,,
osm:way:1197139580,20,45,90,category_default,,
osm:way:1197872545,20,45,90,category_default,,
osm:way:1197897654,20,45,90,category_default,,
osm:way:1197972995,30,60,120,category_default,,
osm:way:1198519190,30,60,120,category_default,,
osm:way:1201121655,20,45,75,category_default,,
osm:way:1201583390,15,30,45,category_default,,
osm:way:1201597712,30,60,120,category_default,,
osm:way:1202245901,30,60,120,category_default,,
osm:way:1202801991,20,45,75,category_default,,
osm:way:1202801992,30,60,120,category_default,,
osm:way:1204347952,30,60,120,category_default,,
osm:way:1204348013,30,60,120,category_default,,
osm:way:1204348096,30,60,120,category_default,,
osm:way:1204348316,30,60,120,category_default,,
osm:way:1204348419,30,60,120,category_default,,
osm:way:1204348923,30,60,120,category_default,,
osm:way:1204349012,30,60,120,category_default,,
osm:way:1204349341,30,60,120,category_default,,
osm:way:1204900824,45,90,150,category_default,,
osm:way:1205258208,20,45,90,category_default,,
osm:way:1205388457,20,45,90,category_default,,
osm:way:1205388470,20,45,90,category_default,,
osm:way:1205391949,45,90,150,category_default,,
osm:way:1205391950,45,90,150,category_default,,
osm:way:1206016025,20,45,90,category_default,,
osm:way:1206016031,20,45,90,category_default,,
osm:way:1206016039,20,45,90,category_default,,
osm:way:1206299531,20,45,90,category_default,,
osm:way:1206331027,30,60,120,category_default,,
osm:way:1206750070,20,45,90,category_default,,
osm:way:1206750081,20,45,90,category_default,,
osm:way:1206750127,20,45,90,category_default,,
osm:way:1206821944,20,45,90,category_default,,
osm:way:1206899092,20,45,90,category_default,,
osm:way:1207058388,30,60,120,category_default,,
osm:way:1207058389,30,60,120,category_default,,
osm:way:1207058390,30,60,120,category_default,,
osm:way:1207063057,30,60,120,category_default,,
osm:way:1207157078,20,45,90,category_default,,
osm:way:1207157084,20,45,90,category_default,,
osm:way:1207457542,20,45,90,category_default,,
osm:way:1207457561,20,45,90,category_default,,
osm:way:1207626573,20,45,90,category_default,,
osm:way:1207678483,20,45,90,category_default,,
osm:way:1207678484,20,45,90,category_default,,
osm:way:1207798330,20,45,90,category_default,,
osm:way:1207798349,20,45,90,category_default,,
osm:way:1207798360,20,45,90,category_default,,
osm:way:1208006532,20,45,90,category_default,,
osm:way:1208006534,20,45,90,category_default,,
osm:way:1208021754,20,45,90,category_default,,
osm:way:1208021755,20,45,90,category_default,,
osm:way:1208021756,20,45,90,category_default,,
osm:way:1208021757,20,45,90,category_default,,
osm:way:1208021758,20,45,90,category_default,,
osm:way:1208021759,20,45,90,category_default,,
osm:way:1208021770,20,45,90,category_default,,
osm:way:1208021771,20,45,90,category_default,,
osm:way:1208653375,20,45,90,category_default,,
osm:way:1208694835,20,45,90,category_default,,
osm:way:1209246880,20,45,90,category_default,,
osm:way:1209246901,20,45,90,category_default,,
osm:way:1209671828,20,45,90,category_default,,
osm:way:1209795107,20,45,90,category_default,,
osm:way:1209822359,30,60,120,category_default,,
osm:way:1209944970,20,45,90,category_default,,
osm:way:1209974487,20,45,90,category_default,,
osm:way:1210064002,20,45,90,category_default,,
osm:way:1210064003,20,45,90,category_default,,
osm:way:1210064004,20,45,90,category_default,,
osm:way:1210064005,20,45,90,category_default,,
osm:way:1210064006,20,45,90,category_default,,
osm:way:1210064007,20,45,90,category_default,,
osm:way:1210064008,20,45,90,category_default,,
osm:way:1210064009,20,45,90,category_default,,
osm:way:1210064010,20,45,90,category_default,,
osm:way:1210064011,20,45,90,category_default,,
osm:way:1210064012,20,45,90,category_default,,
osm:way:1210064013,20,45,90,category_default,,
osm:way:1210064014,20,45,90,category_default,,
osm:way:1210064015,20,45,90,category_default,,
osm:way:1210064016,20,45,90,category_default,,
osm:way:1210064017,20,45,90,category_default,,
osm:way:1210064018,20,45,90,category_default,,
osm:way:1210064019,20,45,90,category_default,,
osm:way:1210064020,20,45,90,category_default,,
osm:way:1210064021,20,45,90,category_default,,
osm:way:1210064022,20,45,90,category_default,,
osm:way:1210064759,20,45,90,category_default,,
osm:way:1210064760,20,45,90,category_default,,
osm:way:1210071518,20,45,90,category_default,,
osm:way:1210315493,20,45,90,category_default,,
osm:way:1210315494,20,45,90,category_default,,
osm:way:1210315498,20,45,90,category_default,,
osm:way:1210315501,20,45,90,category_default,,
osm:way:1210315518,20,45,90,category_default,,
osm:way:1210468034,20,45,90,category_default,,
osm:way:1210566297,20,45,90,category_default,,
osm:way:1210579529,20,45,90,category_default,,
osm:way:1210579544,20,45,90,category_default,,
osm:way:1210802406,20,45,90,category_default,,
osm:way:1210929562,20,45,90,category_default,,
osm:way:1210929567,20,45,90,category_default,,
osm:way:1210984005,30,60,120,category_default,,
osm:way:1211031817,30,60,120,category_default,,
osm:way:1211031821,20,45,90,category_default,,
osm:way:1211305600,20,45,90,category_default,,
osm:way:1211305603,20,45,90,category_default,,
osm:way:1211305611,20,45,90,category_default,,
osm:way:1211530678,20,45,90,category_default,,
osm:way:1211556646,30,60,120,category_default,,
osm:way:1211625239,30,60,120,category_default,,
osm:way:1211729749,20,45,90,category_default,,
osm:way:1211892308,20,45,90,category_default,,
osm:way:1212006785,20,45,90,category_default,,
osm:way:1212006792,20,45,90,category_default,,
osm:way:1212216289,30,60,120,category_default,,
osm:way:1212252287,20,45,90,category_default,,
osm:way:1212465852,30,60,120,category_default,,
osm:way:1213235641,20,45,90,category_default,,
osm:way:1213238767,20,45,90,category_default,,
osm:way:1213393835,20,45,90,category_default,,
osm:way:1213628318,20,45,90,category_default,,
osm:way:1213777937,20,45,90,category_default,,
osm:way:1213847481,30,60,120,category_default,,
osm:way:1213872795,20,45,90,category_default,,
osm:way:1213872798,20,45,90,category_default,,
osm:way:1213883587,20,45,90,category_default,,
osm:way:1213883588,20,45,90,category_default,,
osm:way:1213885335,20,45,90,category_default,,
osm:way:1214273251,30,60,120,category_default,,
osm:way:1214284149,20,45,90,category_default,,
osm:way:1215108852,20,45,90,category_default,,
osm:way:1215418794,20,45,90,category_default,,
osm:way:1215418797,20,45,90,category_default,,
osm:way:1215418823,20,45,90,category_default,,
osm:way:1215418828,20,45,90,category_default,,
osm:way:1215489700,30,60,120,category_default,,
osm:way:1215518803,20,45,90,category_default,,
osm:way:1215596723,20,45,90,category_default,,
osm:way:1215596734,20,45,90,category_default,,
osm:way:1215899241,30,60,120,category_default,,
osm:way:1216154851,20,45,90,category_default,,
osm:way:1216770910,20,45,75,category_default,,
osm:way:1216840358,20,45,90,category_default,,
osm:way:1216840362,20,45,90,category_default,,
osm:way:1216840364,20,45,90,category_default,,
osm:way:1216845858,20,45,90,category_default,,
osm:way:1216845863,20,45,90,category_default,,
osm:way:1216845867,30,60,120,category_default,,
osm:way:1216969595,20,45,75,category_default,,
osm:way:1216969601,20,45,90,category_default,,
osm:way:1216969605,20,45,90,category_default,,
osm:way:1216969607,20,45,90,category_default,,
osm:way:1216978705,45,90,150,category_default,,
osm:way:1217390576,20,45,90,category_default,,
osm:way:1217731200,30,60,120,category_default,,
osm:way:1217737529,20,45,90,category_default,,
osm:way:1217737530,20,45,90,category_default,,
osm:way:1217933369,30,60,120,category_default,,
osm:way:1218075300,30,60,120,category_default,,
osm:way:1218673065,20,45,90,category_default,,
osm:way:1218848971,30,60,120,category_default,,
osm:way:1219244331,30,60,120,category_default,,
osm:way:1219524639,30,60,120,category_default,,
osm:way:1219698158,20,45,90,category_default,,
osm:way:1219698159,20,45,90,category_default,,
osm:way:1219698168,20,45,90,category_default,,
osm:way:1219991538,30,60,120,category_default,,
osm:way:1220962049,30,60,120,category_default,,
osm:way:1221231567,30,60,120,category_default,,
osm:way:1221371378,20,45,90,category_default,,
osm:way:1221493476,30,60,120,category_default,,
osm:way:1221686021,20,45,90,category_default,,
osm:way:1221686024,20,45,90,category_default,,
osm:way:1221686026,20,45,90,category_default,,
osm:way:1221686032,20,45,90,category_default,,
osm:way:1221946002,20,45,90,category_default,,
osm:way:1222703225,30,60,120,category_default,,
osm:way:1222753570,30,60,120,category_default,,
osm:way:1222783976,20,45,90,category_default,,
osm:way:1223159241,20,45,90,category_default,,
osm:way:1223159261,20,45,90,category_default,,
osm:way:1223159275,20,45,90,category_default,,
osm:way:1223159277,20,45,90,category_default,,
osm:way:1223169238,30,60,120,category_default,,
osm:way:1223384698,30,60,120,category_default,,
osm:way:1223405327,20,45,90,category_default,,
osm:way:1223490974,30,60,120,category_default,,
osm:way:1223749451,20,45,90,category_default,,
osm:way:1224026989,30,60,120,category_default,,
osm:way:1224027738,30,60,120,category_default,,
osm:way:1224486078,30,60,120,category_default,,
osm:way:1224542073,20,45,90,category_default,,
osm:way:1224784663,20,45,90,category_default,,
osm:way:1224796552,20,45,90,category_default,,
osm:way:1224862507,20,45,90,category_default,,
osm:way:1225163272,20,45,90,category_default,,
osm:way:1225233354,20,45,90,category_default,,
osm:way:1225233356,20,45,90,category_default,,
osm:way:1225233361,20,45,90,category_default,,
osm:way:1225234972,20,45,90,category_default,,
osm:way:1225343578,20,45,90,category_default,,
osm:way:1226265834,20,45,90,category_default,,
osm:way:1227132982,30,60,120,category_default,,
osm:way:1227132983,30,60,120,category_default,,
osm:way:1228058639,20,45,90,category_default,,
osm:way:1228356968,20,45,90,category_default,,
osm:way:1228356978,20,45,90,category_default,,
osm:way:1228551913,30,60,120,category_default,,
osm:way:1228650506,30,60,120,category_default,,
osm:way:1229027471,30,60,120,category_default,,
osm:way:1229027637,30,60,120,category_default,,
osm:way:1229058095,20,45,90,category_default,,
osm:way:1229058096,20,45,90,category_default,,
osm:way:1229062099,20,45,90,category_default,,
osm:way:1229062101,20,45,90,category_default,,
osm:way:1229267979,20,45,90,category_default,,
osm:way:1229270358,20,45,90,category_default,,
osm:way:1229451553,20,45,75,category_default,,
osm:way:1229711415,20,45,90,category_default,,
osm:way:1230281236,20,45,90,category_default,,
osm:way:1230498807,20,45,90,category_default,,
osm:way:1230498810,20,45,90,category_default,,
osm:way:1230498813,20,45,90,category_default,,
osm:way:1230637669,20,45,75,category_default,,
osm:way:1230653225,20,45,90,category_default,,
osm:way:1231803011,20,45,90,category_default,,
osm:way:1231813009,20,45,90,category_default,,
osm:way:1231813013,20,45,90,category_default,,
osm:way:1232490706,20,45,90,category_default,,
osm:way:1232642185,20,45,90,category_default,,
osm:way:1232706726,20,45,90,category_default,,
osm:way:1232939478,20,45,90,category_default,,
osm:way:1233308978,30,60,120,category_default,,
osm:way:1233309028,20,45,90,category_default,,
osm:way:1233983136,20,45,90,category_default,,
osm:way:1234036432,30,60,90,category_default,,
osm:way:1234036437,30,60,120,category_default,,
osm:way:1234516451,20,45,90,category_default,,
osm:way:1234609610,20,45,90,category_default,,
osm:way:1234926599,30,60,120,category_default,,
osm:way:1234926600,30,60,120,category_default,,
osm:way:1234939217,30,60,120,category_default,,
osm:way:1235174572,30,60,120,category_default,,
osm:way:1235220367,20,45,90,category_default,,
osm:way:1235353536,30,60,120,category_default,,
osm:way:1235362860,30,60,120,category_default,,
osm:way:1235472350,20,45,90,category_default,,
osm:way:1235472354,20,45,90,category_default,,
osm:way:1235472357,20,45,90,category_default,,
osm:way:1235955980,20,45,75,category_default,,
osm:way:1236026917,20,45,90,category_default,,
osm:way:1236262688,20,45,90,category_default,,
osm:way:1236492835,30,60,120,category_default,,
osm:way:1236540515,20,45,90,category_default,,
osm:way:1236632738,20,45,90,category_default,,
osm:way:1236634389,20,45,90,category_default,,
osm:way:1236634391,20,45,90,category_default,,
osm:way:1237254137,30,60,120,category_default,,
osm:way:1237558225,20,45,90,category_default,,
osm:way:1237659963,20,45,90,category_default,,
osm:way:1237761658,20,45,75,category_default,,
osm:way:1237940041,20,45,90,category_default,,
osm:way:1238050566,20,45,90,category_default,,
osm:way:1238068910,20,45,90,category_default,,
osm:way:1238243357,20,45,90,category_default,,
osm:way:1238255167,30,60,120,category_default,,
osm:way:1238828913,20,45,90,category_default,,
osm:way:1239290934,45,90,150,category_default,,
osm:way:1239303028,30,60,120,category_default,,
osm:way:1239425732,20,45,90,category_default,,
osm:way:1239797870,20,45,90,category_default,,
osm:way:1240363497,20,45,90,category_default,,
osm:way:1240729270,20,45,90,category_default,,
osm:way:1240729277,20,45,90,category_default,,
osm:way:1240729284,20,45,90,category_default,,
osm:way:1240963712,20,45,90,category_default,,
osm:way:1241078668,20,45,90,category_default,,
osm:way:1241284759,20,45,90,category_default,,
osm:way:1241284774,20,45,90,category_default,,
osm:way:1241558565,20,45,90,category_default,,
osm:way:1241794322,20,45,90,category_default,,
osm:way:1241856352,20,45,90,category_default,,
osm:way:1242167112,20,45,90,category_default,,
osm:way:1242384707,20,45,90,category_default,,
osm:way:1243468922,20,45,90,category_default,,
osm:way:1244074812,20,45,90,category_default,,
osm:way:1244602800,20,45,90,category_default,,
osm:way:1244766999,20,45,90,category_default,,
osm:way:1244769154,30,60,120,category_default,,
osm:way:1244777179,20,45,75,category_default,,
osm:way:1245422040,20,45,90,category_default,,
osm:way:1245997779,20,45,90,category_default,,
osm:way:1246229021,20,45,75,category_default,,
osm:way:1246953698,20,45,90,category_default,,
osm:way:1246953700,20,45,90,category_default,,
osm:way:1246953701,20,45,90,category_default,,
osm:way:1247135450,30,60,120,category_default,,
osm:way:1247489930,20,45,90,category_default,,
osm:way:1248090394,30,60,120,category_default,,
osm:way:1248090403,20,45,90,category_default,,
osm:way:1248090410,20,45,90,category_default,,
osm:way:1248090420,20,45,90,category_default,,
osm:way:124877385,30,60,120,category_default,,
osm:way:1248970095,30,60,120,category_default,,
osm:way:1249796827,20,45,75,category_default,,
osm:way:1249903487,30,60,120,category_default,,
osm:way:1250193564,30,60,120,category_default,,
osm:way:1250198544,20,45,90,category_default,,
osm:way:1250240976,20,45,90,category_default,,
osm:way:1250662270,20,45,90,category_default,,
osm:way:1250662285,20,45,90,category_default,,
osm:way:1250662287,20,45,90,category_default,,
osm:way:1250726825,20,45,90,category_default,,
osm:way:1250830091,20,45,90,category_default,,
osm:way:1250983169,20,45,90,category_default,,
osm:way:1250983173,20,45,90,category_default,,
osm:way:1251537883,20,45,75,category_default,,
osm:way:1251617787,30,60,120,category_default,,
osm:way:1251617788,30,60,120,category_default,,
osm:way:1251617810,30,60,120,category_default,,
osm:way:1252174959,30,60,120,category_default,,
osm:way:1252183181,20,45,75,category_default,,
osm:way:1252368755,30,60,120,category_default,,
osm:way:1252428630,30,60,120,category_default,,
osm:way:1252486503,30,60,120,category_default,,
osm:way:1252772822,30,60,120,category_default,,
osm:way:1252774078,30,60,120,category_default,,
osm:way:1253201592,20,45,75,category_default,,
osm:way:1253658488,20,45,90,category_default,,
osm:way:1253839879,30,60,120,category_default,,
osm:way:1253905584,30,60,120,category_default,,
osm:way:1254909519,30,60,120,category_default,,
osm:way:1255165409,20,45,90,category_default,,
osm:way:1255802866,20,45,90,category_default,,
osm:way:1256790914,30,60,120,category_default,,
osm:way:1256790915,30,60,120,category_default,,
osm:way:1257321872,20,45,75,category_default,,
osm:way:1257492050,30,60,120,category_default,,
osm:way:1258166110,30,60,120,category_default,,
osm:way:1261863635,30,60,120,category_default,,
osm:way:1262109441,30,60,120,category_default,,
osm:way:1264135486,20,45,90,category_default,,
osm:way:1265740821,45,90,150,category_default,,
osm:way:1265945865,30,60,120,category_default,,
osm:way:1266718113,30,60,120,category_default,,
osm:way:1267152786,30,60,120,category_default,,
osm:way:1267828465,20,45,90,category_default,,
osm:way:1269984173,20,45,90,category_default,,
osm:way:1270360767,30,60,120,category_default,,
osm:way:1270360775,30,60,120,category_default,,
osm:way:1270429377,20,45,90,category_default,,
osm:way:1270837179,30,60,120,category_default,,
osm:way:1270837183,30,60,120,category_default,,
osm:way:1271043476,30,60,120,category_default,,
osm:way:1271966873,20,45,90,category_default,,
osm:way:1272195370,20,45,90,category_default,,
osm:way:1272195372,20,45,90,category_default,,
osm:way:1272195373,20,45,90,category_default,,
osm:way:1272195376,20,45,90,category_default,,
osm:way:1272225917,20,45,90,category_default,,
osm:way:1272225941,20,45,90,category_default,,
osm:way:1272507460,20,45,90,category_default,,
osm:way:1272644423,20,45,75,category_default,,
osm:way:1272644787,20,45,90,category_default,,
osm:way:1272644832,20,45,90,category_default,,
osm:way:1272649342,30,60,120,category_default,,
osm:way:1272649343,30,60,120,category_default,,
osm:way:1272651080,20,45,90,category_default,,
osm:way:1272943371,180,300,480,category_default,,
osm:way:1273213209,20,45,90,category_default,,
osm:way:1273307132,20,45,90,category_default,,
osm:way:1273594368,20,45,90,category_default,,
osm:way:1274306485,20,45,90,category_default,,
osm:way:1275290187,20,45,90,category_default,,
osm:way:1275911970,20,45,90,category_default,,
osm:way:1275969816,30,60,120,category_default,,
osm:way:1276298008,20,45,90,category_default,,
osm:way:1276298011,20,45,90,category_default,,
osm:way:1276705610,20,45,90,category_default,,
osm:way:1278971423,20,45,90,category_default,,
osm:way:1279556276,20,45,90,category_default,,
osm:way:1280104279,20,45,90,category_default,,
osm:way:1280445651,30,60,120,category_default,,
osm:way:1280445661,30,60,120,category_default,,
osm:way:1280757734,20,45,90,category_default,,
osm:way:1281237377,20,45,90,category_default,,
osm:way:1281353957,30,60,120,category_default,,
osm:way:1282834049,30,60,120,category_default,,
osm:way:1283545900,20,45,90,category_default,,
osm:way:1284147788,30,60,120,category_default,,
osm:way:1285079955,20,45,90,category_default,,
osm:way:1286228645,180,300,480,category_default,,
osm:way:1286483686,20,45,90,category_default,,
osm:way:1286483687,20,45,90,category_default,,
osm:way:1286509443,20,45,90,category_default,,
osm:way:1286509450,20,45,90,category_default,,
osm:way:1286509452,20,45,90,category_default,,
osm:way:1286509472,20,45,90,category_default,,
osm:way:1286509474,20,45,90,category_default,,
osm:way:1286509477,20,45,90,category_default,,
osm:way:1286518047,20,45,90,category_default,,
osm:way:1286518048,20,45,90,category_default,,
osm:way:1286518056,20,45,90,category_default,,
osm:way:1286518069,20,45,90,category_default,,
osm:way:1286518072,20,45,90,category_default,,
osm:way:1287926762,20,45,90,category_default,,
osm:way:1287926779,20,45,90,category_default,,
osm:way:1287926787,20,45,90,category_default,,
osm:way:1287926793,20,45,90,category_default,,
osm:way:1287926794,20,45,90,category_default,,
osm:way:1287926795,20,45,90,category_default,,
osm:way:1287926796,20,45,90,category_default,,
osm:way:1287926805,20,45,90,category_default,,
osm:way:1287926806,20,45,90,category_default,,
osm:way:1287926808,20,45,90,category_default,,
osm:way:1287926810,20,45,90,category_default,,
osm:way:1287954079,20,45,90,category_default,,
osm:way:1287954080,20,45,90,category_default,,
osm:way:1287954086,20,45,90,category_default,,
osm:way:1287959198,20,45,90,category_default,,
osm:way:1288604079,30,60,120,category_default,,
osm:way:1289066922,20,45,90,category_default,,
osm:way:1289252431,20,45,90,category_default,,
osm:way:1289252432,20,45,90,category_default,,
osm:way:1289252433,20,45,90,category_default,,
osm:way:1289252435,20,45,90,category_default,,
osm:way:1289252444,20,45,90,category_default,,
osm:way:1289252451,20,45,90,category_default,,
osm:way:1289605166,30,60,120,category_default,,
osm:way:1289830724,20,45,90,category_default,,
osm:way:1289836174,20,45,90,category_default,,
osm:way:1289836175,20,45,90,category_default,,
osm:way:1290167945,30,60,120,category_default,,
osm:way:1290340074,30,60,120,category_default,,
osm:way:1291950403,20,45,75,category_default,,
osm:way:1292269975,20,45,90,category_default,,
osm:way:1292342995,20,45,90,category_default,,
osm:way:1292544276,30,60,120,category_default,,
osm:way:1292544286,30,60,120,category_default,,
osm:way:1294876432,20,45,90,category_default,,
osm:way:1296515435,20,45,90,category_default,,
osm:way:1296590239,20,45,90,category_default,,
osm:way:1296795442,60,120,180,category_default,,
osm:way:1297585297,20,45,90,category_default,,
osm:way:1297585298,20,45,90,category_default,,
osm:way:1297585299,20,45,90,category_default,,
osm:way:129952058,20,45,75,category_default,,
osm:way:130044320,20,45,90,category_default,,
osm:way:1300683768,20,45,90,category_default,,
osm:way:1301971669,30,60,120,category_default,,
osm:way:1301999250,20,45,90,category_default,,
osm:way:1301999253,20,45,90,category_default,,
osm:way:1301999260,20,45,90,category_default,,
osm:way:1301999267,20,45,90,category_default,,
osm:way:1301999271,20,45,90,category_default,,
osm:way:1301999281,20,45,90,category_default,,
osm:way:1301999285,20,45,90,category_default,,
osm:way:1301999291,20,45,90,category_default,,
osm:way:1301999297,20,45,90,category_default,,
osm:way:1301999309,20,45,90,category_default,,
osm:way:1301999311,20,45,90,category_default,,
osm:way:1301999317,20,45,90,category_default,,
osm:way:1301999325,20,45,90,category_default,,
osm:way:1301999329,20,45,90,category_default,,
osm:way:1301999336,20,45,90,category_default,,
osm:way:1301999344,20,45,90,category_default,,
osm:way:1301999358,20,45,90,category_default,,
osm:way:1301999363,20,45,90,category_default,,
osm:way:130226169,20,45,90,category_default,,
osm:way:1303678469,20,45,90,category_default,,
osm:way:1303678473,20,45,90,category_default,,
osm:way:1303838285,180,300,480,category_default,,
osm:way:1303883233,30,60,120,category_default,,
osm:way:1304386629,30,60,120,category_default,,
osm:way:130506886,30,60,120,category_default,,
osm:way:1305895368,30,60,120,category_default,,
osm:way:1306108989,30,60,120,category_default,,
osm:way:1306372763,30,60,120,category_default,,
osm:way:1306372803,20,45,90,category_default,,
osm:way:1306372812,20,45,90,category_default,,
osm:way:1306624189,20,45,90,category_default,,
osm:way:1306624222,20,45,90,category_default,,
osm:way:1306985990,20,45,90,category_default,,
osm:way:1307631429,30,60,120,category_default,,
osm:way:1307704569,20,45,90,category_default,,
osm:way:1307726692,30,60,120,category_default,,
osm:way:1308395559,30,60,120,category_default,,
osm:way:1308397264,20,45,90,category_default,,
osm:way:1308414638,20,45,90,category_default,,
osm:way:1308470660,30,60,120,category_default,,
osm:way:1308470661,30,60,120,category_default,,
osm:way:1308559978,30,60,120,category_default,,
osm:way:1308615149,30,60,120,category_default,,
osm:way:1308615194,20,45,90,category_default,,
osm:way:1308720666,20,45,90,category_default,,
osm:way:1308720681,20,45,90,category_default,,
osm:way:1308835020,20,45,90,category_default,,
osm:way:1308835021,30,60,120,category_default,,
osm:way:1308839164,20,45,90,category_default,,
osm:way:1308839165,20,45,90,category_default,,
osm:way:1308852107,20,45,90,category_default,,
osm:way:1308852108,20,45,90,category_default,,
osm:way:1308964768,20,45,90,category_default,,
osm:way:1309219494,20,45,90,category_default,,
osm:way:1309219495,20,45,90,category_default,,
osm:way:1309219514,20,45,90,category_default,,
osm:way:1309219515,20,45,90,category_default,,
osm:way:1309251184,30,60,120,category_default,,
osm:way:1309894113,20,45,90,category_default,,
osm:way:1310615869,20,45,90,category_default,,
osm:way:1311401922,30,60,120,category_default,,
osm:way:1312560455,20,45,90,category_default,,
osm:way:1313264566,20,45,90,category_default,,
osm:way:1313270534,20,45,75,category_default,,
osm:way:1313270569,20,45,75,category_default,,
osm:way:1313406166,20,45,75,category_default,,
osm:way:1313432455,30,60,120,category_default,,
osm:way:1313432463,20,45,90,category_default,,
osm:way:1313432468,20,45,90,category_default,,
osm:way:1313688005,20,45,90,category_default,,
osm:way:1313688027,30,60,120,category_default,,
osm:way:1313890202,20,45,90,category_default,,
osm:way:1313890206,20,45,90,category_default,,
osm:way:1313890212,20,45,90,category_default,,
osm:way:1313890218,20,45,90,category_default,,
osm:way:1313890223,20,45,90,category_default,,
osm:way:1313890228,20,45,90,category_default,,
osm:way:1313916526,20,45,90,category_default,,
osm:way:1313916553,20,45,90,category_default,,
osm:way:1313995396,20,45,90,category_default,,
osm:way:1314190858,20,45,75,category_default,,
osm:way:1314190866,20,45,90,category_default,,
osm:way:1314190873,20,45,90,category_default,,
osm:way:1314190883,20,45,90,category_default,,
osm:way:1314278481,20,45,90,category_default,,
osm:way:1314396510,20,45,90,category_default,,
osm:way:1314396551,20,45,90,category_default,,
osm:way:1314396552,20,45,90,category_default,,
osm:way:1314396570,20,45,90,category_default,,
osm:way:1314585487,20,45,90,category_default,,
osm:way:1314671834,20,45,90,category_default,,
osm:way:1314807820,20,45,90,category_default,,
osm:way:1314845892,20,45,75,category_default,,
osm:way:1315344012,20,45,90,category_default,,
osm:way:1315344014,20,45,90,category_default,,
osm:way:1315344017,20,45,90,category_default,,
osm:way:1315473380,20,45,90,category_default,,
osm:way:1315473393,20,45,90,category_default,,
osm:way:1316353973,30,60,120,category_default,,
osm:way:1317382716,30,60,120,category_default,,
osm:way:1317828062,30,60,120,category_default,,
osm:way:1317836184,20,45,90,category_default,,
osm:way:1317836196,20,45,90,category_default,,
osm:way:1317836198,20,45,90,category_default,,
osm:way:1319176641,20,45,90,category_default,,
osm:way:1321622381,20,45,90,category_default,,
osm:way:1322063205,30,60,120,category_default,,
osm:way:1322156151,20,45,90,category_default,,
osm:way:1322435231,30,60,120,category_default,,
osm:way:1322435232,30,60,120,category_default,,
osm:way:1322435233,30,60,120,category_default,,
osm:way:1323766585,20,45,90,category_default,,
osm:way:1323766597,20,45,90,category_default,,
osm:way:1323789771,20,45,90,category_default,,
osm:way:1323789772,20,45,90,category_default,,
osm:way:1323789774,20,45,90,category_default,,
osm:way:1323789775,20,45,90,category_default,,
osm:way:1323813535,20,45,90,category_default,,
osm:way:1323916467,20,45,90,category_default,,
osm:way:1324009704,20,45,90,category_default,,
osm:way:1324717734,20,45,90,category_default,,
osm:way:1324773443,30,60,120,category_default,,
osm:way:1326230608,30,60,120,category_default,,
osm:way:1326230610,20,45,90,category_default,,
osm:way:1326230611,20,45,90,category_default,,
osm:way:1326441936,20,45,90,category_default,,
osm:way:1326445079,20,45,90,category_default,,
osm:way:1327195096,30,60,120,category_default,,
osm:way:1327203210,20,45,90,category_default,,
osm:way:1327204797,30,60,120,category_default,,
osm:way:1327467909,20,45,90,category_default,,
osm:way:1328825626,20,45,90,category_default,,
osm:way:1328983729,20,45,90,category_default,,
osm:way:1329391500,30,60,120,category_default,,
osm:way:1329665512,30,60,120,category_default,,
osm:way:1329689890,20,45,90,category_default,,
osm:way:1329826250,20,45,75,category_default,,
osm:way:1330415427,20,45,90,category_default,,
osm:way:1330726238,45,90,150,category_default,,
osm:way:1330850745,30,60,120,category_default,,
osm:way:1330926081,30,60,120,category_default,,
osm:way:1331225473,30,60,120,category_default,,
osm:way:1331423729,30,60,120,category_default,,
osm:way:1331565206,20,45,75,category_default,,
osm:way:1332441514,30,60,120,category_default,,
osm:way:1333760607,30,60,120,category_default,,
osm:way:1334475362,20,45,90,category_default,,
osm:way:1334808109,30,60,120,category_default,,
osm:way:1336757605,20,45,90,category_default,,
osm:way:1336757608,20,45,90,category_default,,
osm:way:1336812874,20,45,90,category_default,,
osm:way:1337578715,30,60,120,category_default,,
osm:way:1337695648,20,45,90,category_default,,
osm:way:1337938107,20,45,90,category_default,,
osm:way:1338150256,20,45,90,category_default,,
osm:way:1338225804,30,60,120,category_default,,
osm:way:1338507840,30,60,120,category_default,,
osm:way:1338513874,30,60,120,category_default,,
osm:way:1338513877,30,60,120,category_default,,
osm:way:1338558470,20,45,90,category_default,,
osm:way:1338807250,20,45,75,category_default,,
osm:way:1339199613,20,45,90,category_default,,
osm:way:1339366707,30,60,120,category_default,,
osm:way:1339754846,20,45,90,category_default,,
osm:way:1340509708,20,45,90,category_default,,
osm:way:1340528766,30,60,120,category_default,,
osm:way:1340528971,30,60,120,category_default,,
osm:way:1340529393,30,60,120,category_default,,
osm:way:1340586473,30,60,120,category_default,,
osm:way:1340586474,20,45,90,category_default,,
osm:way:1341264729,20,45,90,category_default,,
osm:way:1341826764,30,60,120,category_default,,
osm:way:1342039810,20,45,90,category_default,,
osm:way:1342714927,20,45,90,category_default,,
osm:way:1342714928,20,45,90,category_default,,
osm:way:1342714929,20,45,90,category_default,,
osm:way:1342714930,20,45,90,category_default,,
osm:way:1342714931,20,45,90,category_default,,
osm:way:1342714932,20,45,90,category_default,,
osm:way:1342714933,20,45,90,category_default,,
osm:way:1342714934,20,45,90,category_default,,
osm:way:1342714935,20,45,90,category_default,,
osm:way:1342714936,20,45,90,category_default,,
osm:way:1342714937,20,45,90,category_default,,
osm:way:1342714938,20,45,90,category_default,,
osm:way:1342714939,20,45,90,category_default,,
osm:way:1342714940,20,45,90,category_default,,
osm:way:1343540992,20,45,90,category_default,,
osm:way:1344043010,20,45,90,category_default,,
osm:way:1344367131,20,45,90,category_default,,
osm:way:1344488597,20,45,90,category_default,,
osm:way:1344686062,30,60,120,category_default,,
osm:way:1344741012,30,60,120,category_default,,
osm:way:1344741687,20,45,75,category_default,,
osm:way:1345399343,30,60,120,category_default,,
osm:way:1346312053,20,45,90,category_default,,
osm:way:1346643116,30,60,120,category_default,,
osm:way:1346875867,30,60,120,category_default,,
osm:way:1346875988,20,45,75,category_default,,
osm:way:1347307012,30,60,120,category_default,,
osm:way:1348160029,20,45,90,category_default,,
osm:way:1348698157,30,60,120,category_default,,
osm:way:1349217175,30,60,120,category_default,,
osm:way:1349228361,30,60,120,category_default,,
osm:way:1349608593,30,60,120,category_default,,
osm:way:1349608594,30,60,120,category_default,,
osm:way:1349608595,30,60,120,category_default,,
osm:way:1349608596,30,60,120,category_default,,
osm:way:1349733149,30,60,120,category_default,,
osm:way:1349895594,20,45,75,category_default,,
osm:way:1349895595,30,60,120,category_default,,
osm:way:1349898745,20,45,90,category_default,,
osm:way:1350608307,20,45,90,category_default,,
osm:way:1350620262,30,60,120,category_default,,
osm:way:1351157610,30,60,120,category_default,,
osm:way:1351205680,30,60,120,category_default,,
osm:way:1351816840,30,60,120,category_default,,
osm:way:1352264366,20,45,90,category_default,,
osm:way:1352279406,20,45,90,category_default,,
osm:way:1352281490,20,45,90,category_default,,
osm:way:1352282357,20,45,90,category_default,,
osm:way:1352292204,30,60,120,category_default,,
osm:way:1352292205,30,60,120,category_default,,
osm:way:1352466943,30,60,120,category_default,,
osm:way:1352853263,30,60,120,category_default,,
osm:way:1352958969,30,60,120,category_default,,
osm:way:1353113763,20,45,90,category_default,,
osm:way:1353161336,30,60,120,category_default,,
osm:way:1353292308,20,45,90,category_default,,
osm:way:1353391567,30,60,120,category_default,,
osm:way:1353575545,180,300,480,category_default,,
osm:way:1355582224,20,45,90,category_default,,
osm:way:1355659863,30,60,120,category_default,,
osm:way:1355661170,30,60,120,category_default,,
osm:way:1356070228,20,45,90,category_default,,
osm:way:1357525080,20,45,90,category_default,,
osm:way:1358136064,20,45,90,category_default,,
osm:way:1358136065,20,45,90,category_default,,
osm:way:1358136069,20,45,90,category_default,,
osm:way:1358136070,20,45,90,category_default,,
osm:way:1358136072,20,45,90,category_default,,
osm:way:1358149649,30,60,120,category_default,,
osm:way:1359818523,20,45,90,category_default,,
osm:way:1359818524,20,45,90,category_default,,
osm:way:1359824052,30,60,120,category_default,,
osm:way:1360062821,20,45,90,category_default,,
osm:way:1360062833,20,45,90,category_default,,
osm:way:1360062836,20,45,90,category_default,,
osm:way:1360095267,20,45,90,category_default,,
osm:way:1360095272,20,45,90,category_default,,
osm:way:1360499366,20,45,90,category_default,,
osm:way:1360499367,20,45,90,category_default,,
osm:way:1360680180,20,45,75,category_default,,
osm:way:1360680181,20,45,75,category_default,,
osm:way:1360680182,20,45,75,category_default,,
osm:way:1360993159,20,45,90,category_default,,
osm:way:1361713922,20,45,90,category_default,,
osm:way:136176176,30,60,120,category_default,,
osm:way:136247704,30,60,120,category_default,,
osm:way:1362560145,20,45,90,category_default,,
osm:way:1362964180,20,45,90,category_default,,
osm:way:1362964199,30,60,120,category_default,,
osm:way:1362974362,30,60,120,category_default,,
osm:way:1363787953,30,60,120,category_default,,
osm:way:1363787954,30,60,120,category_default,,
osm:way:1365437934,30,60,120,category_default,,
osm:way:1365674215,20,45,90,category_default,,
osm:way:1365938694,20,45,90,category_default,,
osm:way:1366620313,30,60,120,category_default,,
osm:way:1368088427,30,60,120,category_default,,
osm:way:1368360528,60,120,180,category_default,,
osm:way:1368763550,30,60,120,category_default,,
osm:way:1369532952,30,60,120,category_default,,
osm:way:1369688340,30,60,120,category_default,,
osm:way:1369853032,20,45,90,category_default,,
osm:way:1369853038,20,45,90,category_default,,
osm:way:1370492448,30,60,120,category_default,,
osm:way:1371658512,30,60,120,category_default,,
osm:way:1372585241,20,45,90,category_default,,
osm:way:1373562349,30,60,120,category_default,,
osm:way:1374632791,20,45,90,category_default,,
osm:way:1374635366,20,45,90,category_default,,
osm:way:1375028004,20,45,90,category_default,,
osm:way:1375555501,30,60,120,category_default,,
osm:way:1375774496,20,45,90,category_default,,
osm:way:1375774497,20,45,90,category_default,,
osm:way:1376695093,20,45,90,category_default,,
osm:way:1376695350,20,45,90,category_default,,
osm:way:1378265221,20,45,90,category_default,,
osm:way:1378828314,20,45,75,category_default,,
osm:way:1380165844,30,60,120,category_default,,
osm:way:1380599078,30,60,120,category_default,,
osm:way:1380796591,30,60,120,category_default,,
osm:way:1380840715,30,60,120,category_default,,
osm:way:1380860787,30,60,120,category_default,,
osm:way:1381050637,20,45,90,category_default,,
osm:way:1381050983,20,45,90,category_default,,
osm:way:1381739672,60,120,180,category_default,,
osm:way:1381826602,20,45,90,category_default,,
osm:way:1382978796,20,45,90,category_default,,
osm:way:1382978797,20,45,90,category_default,,
osm:way:1383011682,180,300,480,category_default,,
osm:way:1383095153,20,45,90,category_default,,
osm:way:1383217347,45,90,150,category_default,,
osm:way:1383798860,20,45,90,category_default,,
osm:way:1384058062,20,45,90,category_default,,
osm:way:1384066075,20,45,90,category_default,,
osm:way:1384656098,20,45,90,category_default,,
osm:way:1384907056,30,60,120,category_default,,
osm:way:1384911812,30,60,120,category_default,,
osm:way:1385362163,20,45,90,category_default,,
osm:way:1385718611,20,45,90,category_default,,
osm:way:1385735633,20,45,75,category_default,,
osm:way:1385746690,30,60,120,category_default,,
osm:way:1386019887,30,60,120,category_default,,
osm:way:1386126640,20,45,90,category_default,,
osm:way:1386126641,20,45,90,category_default,,
osm:way:1386126642,20,45,90,category_default,,
osm:way:1386932720,20,45,90,category_default,,
osm:way:138698232,20,45,90,category_default,,
osm:way:1387002559,20,45,90,category_default,,
osm:way:1387002583,20,45,90,category_default,,
osm:way:1387727617,30,60,120,category_default,,
osm:way:1387818588,30,60,120,category_default,,
osm:way:1388509039,20,45,90,category_default,,
osm:way:138889508,20,45,90,category_default,,
osm:way:1388911940,20,45,90,category_default,,
osm:way:1388998256,20,45,90,category_default,,
osm:way:1388998257,20,45,90,category_default,,
osm:way:138901021,20,45,90,category_default,,
osm:way:1389035101,20,45,90,category_default,,
osm:way:1389035107,20,45,90,category_default,,
osm:way:1389035108,20,45,90,category_default,,
osm:way:1389040138,20,45,90,category_default,,
osm:way:1389997951,30,60,120,category_default,,
osm:way:1389997952,30,60,120,category_default,,
osm:way:1390007814,20,45,90,category_default,,
osm:way:1390007820,20,45,90,category_default,,
osm:way:1390007831,20,45,90,category_default,,
osm:way:1390007833,20,45,90,category_default,,
osm:way:1390263058,30,60,120,category_default,,
osm:way:1390651511,20,45,90,category_default,,
osm:way:1390955195,30,60,120,category_default,,
osm:way:1390963277,30,60,120,category_default,,
osm:way:1390987664,30,60,120,category_default,,
osm:way:1391310904,20,45,90,category_default,,
osm:way:1391496402,20,45,90,category_default,,
osm:way:1392297984,30,60,120,category_default,,
osm:way:1392297985,20,45,90,category_default,,
osm:way:1392345115,20,45,75,category_default,,
osm:way:1392730405,20,45,90,category_default,,
osm:way:1393166080,20,45,75,category_default,,
osm:way:1394124221,20,45,75,category_default,,
osm:way:1394479576,30,60,120,category_default,,
osm:way:1395156857,20,45,90,category_default,,
osm:way:1395462624,30,60,120,category_default,,
osm:way:1395519568,30,60,120,category_default,,
osm:way:1395631573,20,45,90,category_default,,
osm:way:1395672672,30,60,120,category_default,,
osm:way:1395672673,20,45,90,category_default,,
osm:way:1395755634,30,60,120,category_default,,
osm:way:1395902559,30,60,120,category_default,,
osm:way:1396494233,30,60,120,category_default,,
osm:way:1396494629,30,60,120,category_default,,
osm:way:1396495681,20,45,90,category_default,,
osm:way:1396505827,20,45,90,category_default,,
osm:way:1396507639,30,60,120,category_default,,
osm:way:1396507641,20,45,75,category_default,,
osm:way:1396507642,20,45,90,category_default,,
osm:way:1396507662,20,45,90,category_default,,
osm:way:1396540142,20,45,75,category_default,,
osm:way:1396735210,20,45,90,category_default,,
osm:way:1396735219,20,45,90,category_default,,
osm:way:1396740361,20,45,90,category_default,,
osm:way:1396740362,20,45,90,category_default,,
osm:way:1396740363,20,45,90,category_default,,
osm:way:1402174620,20,45,90,category_default,,
osm:way:1408821726,30,60,120,category_default,,
osm:way:1408821727,30,60,120,category_default,,
osm:way:1409608264,20,45,90,category_default,,
osm:way:1409608265,20,45,90,category_default,,
osm:way:1409608267,20,45,90,category_default,,
osm:way:1409964975,30,60,120,category_default,,
osm:way:1410491068,20,45,75,category_default,,
osm:way:1410516609,20,45,90,category_default,,
osm:way:1410833390,20,45,90,category_default,,
osm:way:1410833391,20,45,90,category_default,,
osm:way:1410833392,20,45,90,category_default,,
osm:way:1410876631,30,60,120,category_default,,
osm:way:1411603032,20,45,90,category_default,,
osm:way:1411771805,20,45,90,category_default,,
osm:way:1411817932,30,60,120,category_default,,
osm:way:1411817945,30,60,120,category_default,,
osm:way:1412509585,30,60,120,category_default,,
osm:way:1412520605,20,45,90,category_default,,
osm:way:1412520606,20,45,90,category_default,,
osm:way:1413014729,20,45,75,category_default,,
osm:way:1413605529,20,45,90,category_default,,
osm:way:1413609412,20,45,90,category_default,,
osm:way:1413620941,20,45,90,category_default,,
osm:way:1414054480,30,60,120,category_default,,
osm:way:1414855571,20,45,90,category_default,,
osm:way:1415072215,45,90,150,category_default,,
osm:way:1415072216,45,90,150,category_default,,
osm:way:1415191977,30,60,120,category_default,,
osm:way:1415343216,20,45,90,category_default,,
osm:way:1415665788,20,45,90,category_default,,
osm:way:1415665789,30,60,120,category_default,,
osm:way:1415826946,20,45,90,category_default,,
osm:way:1415901265,30,60,120,category_default,,
osm:way:1416025498,30,60,120,category_default,,
osm:way:1416315777,20,45,90,category_default,,
osm:way:1416330430,30,60,120,category_default,,
osm:way:1416432466,30,60,120,category_default,,
osm:way:1416944806,30,60,120,category_default,,
osm:way:1417127962,30,60,120,category_default,,
osm:way:1417141258,30,60,120,category_default,,
osm:way:1417144582,30,60,120,category_default,,
osm:way:1417172035,20,45,90,category_default,,
osm:way:1417257985,20,45,75,category_default,,
osm:way:1417489002,30,60,120,category_default,,
osm:way:1417694194,30,60,120,category_default,,
osm:way:1418338727,20,45,90,category_default,,
osm:way:1418338747,20,45,75,category_default,,
osm:way:1418338748,20,45,90,category_default,,
osm:way:1418616745,30,60,120,category_default,,
osm:way:1418855655,30,60,120,category_default,,
osm:way:1418962137,20,45,90,category_default,,
osm:way:1419407414,20,45,90,category_default,,
osm:way:142033719,20,45,75,category_default,,
osm:way:1420668666,20,45,90,category_default,,
osm:way:1420668667,20,45,90,category_default,,
osm:way:1420763744,30,60,120,category_default,,
osm:way:1421081176,30,60,120,category_default,,
osm:way:1421089664,20,45,90,category_default,,
osm:way:1421282259,20,45,90,category_default,,
osm:way:1421687718,20,45,90,category_default,,
osm:way:1421713746,20,45,90,category_default,,
osm:way:1422082081,20,45,90,category_default,,
osm:way:1422082082,20,45,90,category_default,,
osm:way:1422082088,20,45,90,category_default,,
osm:way:1422444084,20,45,90,category_default,,
osm:way:1422943451,30,60,120,category_default,,
osm:way:1423203017,20,45,90,category_default,,
osm:way:1423914852,20,45,90,category_default,,
osm:way:1423917011,20,45,90,category_default,,
osm:way:1424042953,20,45,90,category_default,,
osm:way:1424698027,20,45,90,category_default,,
osm:way:1424699768,20,45,90,category_default,,
osm:way:1424699770,20,45,90,category_default,,
osm:way:1424699773,30,60,120,category_default,,
osm:way:1424699774,20,45,90,category_default,,
osm:way:1424703253,20,45,90,category_default,,
osm:way:1424703255,20,45,90,category_default,,
osm:way:1424745074,30,60,120,category_default,,
osm:way:1424958562,20,45,90,category_default,,
osm:way:1425825844,20,45,90,category_default,,
osm:way:1425907446,20,45,90,category_default,,
osm:way:1425961484,45,90,150,category_default,,
osm:way:1426525638,30,60,120,category_default,,
osm:way:1426525641,30,60,120,category_default,,
osm:way:1426525642,30,60,120,category_default,,
osm:way:1427020840,30,60,120,category_default,,
osm:way:1427022861,30,60,120,category_default,,
osm:way:1427339832,20,45,90,category_default,,
osm:way:1427339833,20,45,90,category_default,,
osm:way:1427339834,20,45,90,category_default,,
osm:way:1427440050,20,45,90,category_default,,
osm:way:1427623601,30,60,120,category_default,,
osm:way:1427623603,30,60,120,category_default,,
osm:way:1427714278,20,45,90,category_default,,
osm:way:1427714285,20,45,75,category_default,,
osm:way:1427714287,20,45,90,category_default,,
osm:way:1427983377,20,45,90,category_default,,
osm:way:1429017730,30,60,120,category_default,,
osm:way:1429017731,20,45,90,category_default,,
osm:way:1429183246,20,45,90,category_default,,
osm:way:1429205645,30,60,120,category_default,,
osm:way:1429436252,20,45,90,category_default,,
osm:way:1429464252,20,45,90,category_default,,
osm:way:1429539973,20,45,75,category_default,,
osm:way:1429645007,20,45,90,category_default,,
osm:way:1429645056,20,45,90,category_default,,
osm:way:1429649796,20,45,90,category_default,,
osm:way:1429659961,30,60,120,category_default,,
osm:way:1429659971,20,45,75,category_default,,
osm:way:1429664845,20,45,90,category_default,,
osm:way:1429684808,30,60,120,category_default,,
osm:way:1429688836,20,45,90,category_default,,
osm:way:1430450115,30,60,120,category_default,,
osm:way:1430586858,30,60,120,category_default,,
osm:way:1431136784,20,45,75,category_default,,
osm:way:1431165034,30,60,120,category_default,,
osm:way:1431226292,20,45,75,category_default,,
osm:way:1431510430,20,45,90,category_default,,
osm:way:1431510431,20,45,90,category_default,,
osm:way:1431670325,30,60,120,category_default,,
osm:way:1433034842,30,60,120,category_default,,
osm:way:1433527682,20,45,90,category_default,,
osm:way:1433740850,20,45,90,category_default,,
osm:way:1433968746,20,45,90,category_default,,
osm:way:1433972926,20,45,90,category_default,,
osm:way:1433972927,20,45,90,category_default,,
osm:way:1433975464,20,45,90,category_default,,
osm:way:1435261839,20,45,90,category_default,,
osm:way:1436325301,20,45,90,category_default,,
osm:way:1441931930,20,45,90,category_default,,
osm:way:1442165949,30,60,120,category_default,,
osm:way:1442745696,30,60,120,category_default,,
osm:way:1443021489,30,60,120,category_default,,
osm:way:1443636347,20,45,90,category_default,,
osm:way:1443838887,30,60,120,category_default,,
osm:way:1443847840,20,45,90,category_default,,
osm:way:1444241100,30,60,120,category_default,,
osm:way:1444281620,20,45,90,category_default,,
osm:way:1444550199,20,45,90,category_default,,
osm:way:1444675454,20,45,90,category_default,,
osm:way:1445282730,20,45,90,category_default,,
osm:way:1445339600,20,45,90,category_default,,
osm:way:1445376799,30,60,120,category_default,,
osm:way:1446285673,20,45,90,category_default,,
osm:way:1446303895,20,45,90,category_default,,
osm:way:1446303897,20,45,90,category_default,,
osm:way:1446455174,20,45,90,category_default,,
osm:way:1446455180,30,60,120,category_default,,
osm:way:1446455181,30,60,120,category_default,,
osm:way:1446781469,30,60,120,category_default,,
osm:way:1446967923,30,60,120,category_default,,
osm:way:1446967932,30,60,120,category_default,,
osm:way:1446967948,30,60,120,category_default,,
osm:way:1447167711,20,45,90,category_default,,
osm:way:1448152374,20,45,90,category_default,,
osm:way:1448205224,30,60,120,category_default,,
osm:way:1448429854,20,45,90,category_default,,
osm:way:1448541580,20,45,90,category_default,,
osm:way:1449950279,20,45,90,category_default,,
osm:way:1449964794,20,45,90,category_default,,
osm:way:1450036328,20,45,90,category_default,,
osm:way:1450094984,20,45,90,category_default,,
osm:way:1450733934,20,45,90,category_default,,
osm:way:1450794207,30,60,120,category_default,,
osm:way:1450817634,20,45,90,category_default,,
osm:way:1451240924,20,45,90,category_default,,
osm:way:1451653587,30,60,120,category_default,,
osm:way:1451722446,30,60,120,category_default,,
osm:way:1452341617,20,45,90,category_default,,
osm:way:1452360872,20,45,90,category_default,,
osm:way:1452566130,20,45,90,category_default,,
osm:way:1452786220,20,45,90,category_default,,
osm:way:1452786221,20,45,90,category_default,,
osm:way:1452788358,20,45,90,category_default,,
osm:way:1452902372,20,45,90,category_default,,
osm:way:1453237428,20,45,90,category_default,,
osm:way:1453329154,30,60,120,category_default,,
osm:way:1453522513,30,60,120,category_default,,
osm:way:1453522531,30,60,120,category_default,,
osm:way:1453524272,30,60,120,category_default,,
osm:way:1453735878,30,60,120,category_default,,
osm:way:1453744510,30,60,120,category_default,,
osm:way:1453749845,30,60,120,category_default,,
osm:way:1453846517,20,45,90,category_default,,
osm:way:1454205938,20,45,90,category_default,,
osm:way:1454208910,20,45,90,category_default,,
osm:way:1454600982,30,60,120,category_default,,
osm:way:1454630438,20,45,90,category_default,,
osm:way:1454893407,20,45,90,category_default,,
osm:way:1455063498,20,45,90,category_default,,
osm:way:1455063499,20,45,90,category_default,,
osm:way:1455066447,30,60,120,category_default,,
osm:way:1455066448,30,60,120,category_default,,
osm:way:1455091710,20,45,90,category_default,,
osm:way:1455095013,30,60,120,category_default,,
osm:way:1455209065,20,45,90,category_default,,
osm:way:1455462503,20,45,90,category_default,,
osm:way:1455471401,20,45,90,category_default,,
osm:way:1455482612,30,60,120,category_default,,
osm:way:1456418654,30,60,120,category_default,,
osm:way:1456607615,30,60,120,category_default,,
osm:way:1456627367,20,45,75,category_default,,
osm:way:1456705488,20,45,90,category_default,,
osm:way:1456837244,45,90,150,category_default,,
osm:way:1457808651,20,45,75,category_default,,
osm:way:1458350583,20,45,90,category_default,,
osm:way:1458358677,30,60,120,category_default,,
osm:way:1458406745,20,45,90,category_default,,
osm:way:1458719959,30,60,120,category_default,,
osm:way:1459891788,30,60,120,category_default,,
osm:way:1460190471,30,60,120,category_default,,
osm:way:1460319955,30,60,120,category_default,,
osm:way:1460675589,20,45,90,category_default,,
osm:way:1460713728,30,60,120,category_default,,
osm:way:1460746033,20,45,75,category_default,,
osm:way:1461267035,20,45,90,category_default,,
osm:way:1461315292,20,45,90,category_default,,
osm:way:1461692261,30,60,120,category_default,,
osm:way:1461692541,30,60,120,category_default,,
osm:way:1462051681,20,45,90,category_default,,
osm:way:1462245643,20,45,90,category_default,,
osm:way:1462245644,20,45,90,category_default,,
osm:way:1462254702,20,45,90,category_default,,
osm:way:1462480876,30,60,120,category_default,,
osm:way:1462920019,30,60,120,category_default,,
osm:way:1463941901,20,45,90,category_default,,
osm:way:1464254467,30,60,120,category_default,,
osm:way:1464859132,30,60,120,category_default,,
osm:way:1465114039,30,60,120,category_default,,
osm:way:1465114043,30,60,120,category_default,,
osm:way:1465120898,20,45,90,category_default,,
osm:way:1465123428,30,60,120,category_default,,
osm:way:1465263824,30,60,120,category_default,,
osm:way:1465390658,30,60,120,category_default,,
osm:way:1465603344,20,45,75,category_default,,
osm:way:1465661481,20,45,90,category_default,,
osm:way:1466037193,20,45,75,category_default,,
osm:way:1466194404,20,45,90,category_default,,
osm:way:1466431647,30,60,120,category_default,,
osm:way:1466713035,20,45,75,category_default,,
osm:way:1467031021,20,45,90,category_default,,
osm:way:1467294921,20,45,90,category_default,,
osm:way:1467294930,20,45,90,category_default,,
osm:way:1467294934,20,45,90,category_default,,
osm:way:1467300662,180,300,480,category_default,,
osm:way:146780347,20,45,75,category_default,,
osm:way:1467843082,20,45,90,category_default,,
osm:way:1467992596,30,60,120,category_default,,
osm:way:1468659844,20,45,90,category_default,,
osm:way:1468659867,20,45,90,category_default,,
osm:way:1468661195,20,45,90,category_default,,
osm:way:1468661196,20,45,90,category_default,,
osm:way:1468661197,20,45,90,category_default,,
osm:way:1468661198,20,45,90,category_default,,
osm:way:1468661199,20,45,90,category_default,,
osm:way:1468661200,20,45,90,category_default,,
osm:way:1469438352,45,90,150,category_default,,
osm:way:1469438377,45,90,150,category_default,,
osm:way:1469438378,45,90,150,category_default,,
osm:way:1469672723,20,45,90,category_default,,
osm:way:1469673519,20,45,90,category_default,,
osm:way:1470174896,20,45,90,category_default,,
osm:way:1470174897,20,45,90,category_default,,
osm:way:1470174903,20,45,90,category_default,,
osm:way:1470261188,20,45,90,category_default,,
osm:way:1470358549,20,45,75,category_default,,
osm:way:1470358550,20,45,75,category_default,,
osm:way:1470358551,20,45,75,category_default,,
osm:way:1470358552,20,45,75,category_default,,
osm:way:1470358553,20,45,75,category_default,,
osm:way:1470358554,20,45,75,category_default,,
osm:way:1470358555,20,45,75,category_default,,
osm:way:1470358556,20,45,75,category_default,,
osm:way:1470358557,20,45,75,category_default,,
osm:way:1470358558,20,45,75,category_default,,
osm:way:1470358559,20,45,75,category_default,,
osm:way:1470358560,20,45,75,category_default,,
osm:way:1470358561,20,45,75,category_default,,
osm:way:1470358562,20,45,75,category_default,,
osm:way:1470358563,20,45,75,category_default,,
osm:way:1470358564,20,45,75,category_default,,
osm:way:1470358565,20,45,75,category_default,,
osm:way:1470358566,20,45,75,category_default,,
osm:way:1470908225,30,60,120,category_default,,
osm:way:1471597874,20,45,90,category_default,,
osm:way:1471699219,20,45,75,category_default,,
osm:way:1471848999,20,45,90,category_default,,
osm:way:1471931001,20,45,90,category_default,,
osm:way:1471931002,20,45,90,category_default,,
osm:way:1471931003,20,45,90,category_default,,
osm:way:1472559887,30,60,120,category_default,,
osm:way:1472559893,30,60,120,category_default,,
osm:way:1472559894,30,60,120,category_default,,
osm:way:1472719330,20,45,75,category_default,,
osm:way:1472857006,20,45,90,category_default,,
osm:way:1472917204,20,45,90,category_default,,
osm:way:1472923541,20,45,90,category_default,,
osm:way:1473331895,20,45,90,category_default,,
osm:way:1473331896,20,45,90,category_default,,
osm:way:1473644566,20,45,90,category_default,,
osm:way:1473644568,20,45,90,category_default,,
osm:way:1473688675,20,45,90,category_default,,
osm:way:1473780182,20,45,90,category_default,,
osm:way:1474138678,30,60,120,category_default,,
osm:way:1474141780,30,60,120,category_default,,
osm:way:1474183572,20,45,90,category_default,,
osm:way:1474183573,20,45,90,category_default,,
osm:way:1474294608,20,45,90,category_default,,
osm:way:1474308642,20,45,90,category_default,,
osm:way:1474583779,30,60,120,category_default,,
osm:way:1474962118,20,45,90,category_default,,
osm:way:1474970180,60,120,180,category_default,,
osm:way:1475055095,30,60,120,category_default,,
osm:way:1475290263,20,45,75,category_default,,
osm:way:1475521544,20,45,90,category_default,,
osm:way:1475521545,20,45,90,category_default,,
osm:way:1475521546,20,45,90,category_default,,
osm:way:1475629306,20,45,90,category_default,,
osm:way:1476135877,20,45,90,category_default,,
osm:way:147614676,180,300,480,category_default,,
osm:way:1476571872,20,45,75,category_default,,
osm:way:1477812280,20,45,90,category_default,,
osm:way:1477812293,20,45,90,category_default,,
osm:way:1478877781,20,45,90,category_default,,
osm:way:1479282621,20,45,90,category_default,,
osm:way:1479289989,30,60,120,category_default,,
osm:way:1479765285,20,45,90,category_default,,
osm:way:1479833525,20,45,90,category_default,,
osm:way:1479833532,20,45,90,category_default,,
osm:way:1479833533,20,45,90,category_default,,
osm:way:1479833576,20,45,90,category_default,,
osm:way:148033217,30,60,120,category_default,,
osm:way:148033228,30,60,120,category_default,,
osm:way:148033230,30,60,120,category_default,,
osm:way:148033232,30,60,120,category_default,,
osm:way:1480749967,20,45,90,category_default,,
osm:way:1480749970,20,45,90,category_default,,
osm:way:1480749973,20,45,90,category_default,,
osm:way:1480800646,20,45,90,category_default,,
osm:way:1480805553,20,45,90,category_default,,
osm:way:1481026700,30,60,120,category_default,,
osm:way:1481038812,20,45,90,category_default,,
osm:way:1481173156,20,45,90,category_default,,
osm:way:1481257323,20,45,90,category_default,,
osm:way:1481257324,20,45,90,category_default,,
osm:way:1481285653,20,45,90,category_default,,
osm:way:1481550721,20,45,90,category_default,,
osm:way:1481550728,20,45,75,category_default,,
osm:way:1481550735,20,45,90,category_default,,
osm:way:1481550737,20,45,90,category_default,,
osm:way:1481550747,20,45,90,category_default,,
osm:way:1481550749,20,45,90,category_default,,
osm:way:1481550751,20,45,90,category_default,,
osm:way:1481550752,20,45,90,category_default,,
osm:way:1481653244,20,45,90,category_default,,
osm:way:1481663044,20,45,75,category_default,,
osm:way:1481721902,20,45,90,category_default,,
osm:way:1481981858,30,60,120,category_default,,
osm:way:1482249422,30,60,120,category_default,,
osm:way:1482249423,30,60,120,category_default,,
osm:way:1482249424,30,60,120,category_default,,
osm:way:1482249427,30,60,120,category_default,,
osm:way:1482249428,30,60,120,category_default,,
osm:way:1482249443,30,60,120,category_default,,
osm:way:1482249448,30,60,120,category_default,,
osm:way:1482251693,20,45,90,category_default,,
osm:way:1482440124,20,45,90,category_default,,
osm:way:1482440125,20,45,90,category_default,,
osm:way:1482440126,20,45,75,category_default,,
osm:way:1482572128,20,45,90,category_default,,
osm:way:1482787842,20,45,90,category_default,,
osm:way:1482908197,20,45,75,category_default,,
osm:way:1482908222,20,45,90,category_default,,
osm:way:1483308246,20,45,90,category_default,,
osm:way:1484092477,20,45,90,category_default,,
osm:way:1484425457,20,45,90,category_default,,
osm:way:1484793110,20,45,90,category_default,,
osm:way:1484919510,60,120,180,category_default,,
osm:way:1486092201,30,60,120,category_default,,
osm:way:1486332120,30,60,120,category_default,,
osm:way:1486336890,30,60,120,category_default,,
osm:way:1486770750,30,60,120,category_default,,
osm:way:1486770762,30,60,120,category_default,,
osm:way:1487717030,20,45,90,category_default,,
osm:way:1488809948,30,60,120,category_default,,
osm:way:1488889320,20,45,90,category_default,,
osm:way:1488891322,20,45,90,category_default,,
osm:way:1488891323,20,45,90,category_default,,
osm:way:1488988777,30,60,120,category_default,,
osm:way:1489171253,30,60,120,category_default,,
osm:way:1489498510,30,60,120,category_default,,
osm:way:1489570686,45,90,150,category_default,,
osm:way:1489608159,30,60,120,category_default,,
osm:way:1489635599,20,45,90,category_default,,
osm:way:1489846032,20,45,90,category_default,,
osm:way:1489994542,20,45,90,category_default,,
osm:way:1490517090,20,45,90,category_default,,
osm:way:1490517091,20,45,90,category_default,,
osm:way:1490517097,20,45,90,category_default,,
osm:way:1490993007,20,45,90,category_default,,
osm:way:1491058619,20,45,75,category_default,,
osm:way:1491082316,20,45,90,category_default,,
osm:way:1491439860,180,300,480,category_default,,
osm:way:1491714685,20,45,75,category_default,,
osm:way:1491778782,30,60,120,category_default,,
osm:way:1492013414,20,45,90,category_default,,
osm:way:1493495956,20,45,90,category_default,,
osm:way:1493853781,20,45,90,category_default,,
osm:way:1493885005,45,90,150,category_default,,
osm:way:1494115173,30,60,120,category_default,,
osm:way:1494293548,45,90,150,category_default,,
osm:way:1495497240,20,45,90,category_default,,
osm:way:1495746338,30,60,120,category_default,,
osm:way:1495863979,20,45,90,category_default,,
osm:way:1495863983,20,45,90,category_default,,
osm:way:1495890430,30,60,120,category_default,,
osm:way:1496343290,20,45,90,category_default,,
osm:way:149699484,30,60,120,category_default,,
osm:way:1497050780,20,45,90,category_default,,
osm:way:1497569902,20,45,75,category_default,,
osm:way:1497572243,20,45,75,category_default,,
osm:way:1497591459,20,45,90,category_default,,
osm:way:1497701700,20,45,75,category_default,,
osm:way:1498023643,20,45,90,category_default,,
osm:way:1498023650,30,60,120,category_default,,
osm:way:1498100984,30,60,120,category_default,,
osm:way:1498101012,30,60,120,category_default,,
osm:way:1498101013,30,60,120,category_default,,
osm:way:1498101027,30,60,120,category_default,,
osm:way:1498116337,30,60,120,category_default,,
osm:way:1498161013,30,60,120,category_default,,
osm:way:1498334120,20,45,90,category_default,,
osm:way:1498699571,20,45,90,category_default,,
osm:way:1498699572,20,45,90,category_default,,
osm:way:1498699573,20,45,90,category_default,,
osm:way:1498699574,20,45,90,category_default,,
osm:way:1498699575,20,45,90,category_default,,
osm:way:1498699576,20,45,90,category_default,,
osm:way:1498699577,20,45,90,category_default,,
osm:way:1498699578,20,45,90,category_default,,
osm:way:1498699579,20,45,90,category_default,,
osm:way:1498699580,20,45,90,category_default,,
osm:way:1498699581,20,45,90,category_default,,
osm:way:1498699582,20,45,90,category_default,,
osm:way:1498699587,20,45,90,category_default,,
osm:way:1498699596,20,45,90,category_default,,
osm:way:1498699608,20,45,90,category_default,,
osm:way:1498751828,20,45,90,category_default,,
osm:way:1498751831,20,45,75,category_default,,
osm:way:149904629,20,45,90,category_default,,
osm:way:149904638,30,60,120,category_default,,
osm:way:1499809233,20,45,90,category_default,,
osm:way:1499844270,20,45,90,category_default,,
osm:way:1501058506,20,45,90,category_default,,
osm:way:1501058522,20,45,90,category_default,,
osm:way:1501058523,20,45,90,category_default,,
osm:way:1501299673,20,45,90,category_default,,
osm:way:1501823354,30,60,120,category_default,,
osm:way:1502769172,20,45,90,category_default,,
osm:way:1503898229,20,45,90,category_default,,
osm:way:1503898237,20,45,90,category_default,,
osm:way:1503898256,20,45,90,category_default,,
osm:way:1504468787,30,60,120,category_default,,
osm:way:150456654,30,60,120,category_default,,
osm:way:1504807179,30,60,120,category_default,,
osm:way:1506412528,20,45,90,category_default,,
osm:way:1507387390,20,45,90,category_default,,
osm:way:1507639919,20,45,90,category_default,,
osm:way:1507896803,20,45,90,category_default,,
osm:way:1507906001,20,45,90,category_default,,
osm:way:1507957173,20,45,90,category_default,,
osm:way:1508003863,20,45,90,category_default,,
osm:way:1508244268,20,45,90,category_default,,
osm:way:150859298,45,90,150,category_default,,
osm:way:150876064,45,90,150,category_default,,
osm:way:150876066,45,90,150,category_default,,
osm:way:150876067,45,90,150,category_default,,
osm:way:1508779595,20,45,90,category_default,,
osm:way:1509320731,20,45,75,category_default,,
osm:way:1509740862,20,45,90,category_default,,
osm:way:1509937793,30,60,120,category_default,,
osm:way:1510272699,20,45,90,category_default,,
osm:way:1510322144,30,60,120,category_default,,
osm:way:1510322146,30,60,120,category_default,,
osm:way:1510706883,20,45,90,category_default,,
osm:way:1510723411,20,45,90,category_default,,
osm:way:1510732443,20,45,90,category_default,,
osm:way:1510802054,30,60,120,category_default,,
osm:way:1511011826,30,60,120,category_default,,
osm:way:1511017351,30,60,120,category_default,,
osm:way:1511124667,20,45,90,category_default,,
osm:way:1511193587,20,45,90,category_default,,
osm:way:1511395772,20,45,90,category_default,,
osm:way:1511491224,30,60,120,category_default,,
osm:way:1511502932,20,45,90,category_default,,
osm:way:151182943,30,60,120,category_default,,
osm:way:1512814817,20,45,90,category_default,,
osm:way:1512814818,20,45,90,category_default,,
osm:way:1513549273,20,45,90,category_default,,
osm:way:1513549276,20,45,90,category_default,,
osm:way:1513549277,20,45,90,category_default,,
osm:way:1513549278,20,45,90,category_default,,
osm:way:1514726261,30,60,120,category_default,,
osm:way:1515168293,20,45,90,category_default,,
osm:way:1515399859,30,60,120,category_default,,
osm:way:1516075211,20,45,90,category_default,,
osm:way:1516120174,20,45,90,category_default,,
osm:way:1517347653,20,45,90,category_default,,
osm:way:1517604966,20,45,90,category_default,,
osm:way:1517604972,20,45,90,category_default,,
osm:way:1517605010,30,60,120,category_default,,
osm:way:1518080727,30,60,120,category_default,,
osm:way:1518080732,20,45,90,category_default,,
osm:way:1518080737,20,45,90,category_default,,
osm:way:1518080743,20,45,90,category_default,,
osm:way:1518080758,20,45,90,category_default,,
osm:way:1518080762,20,45,90,category_default,,
osm:way:1518107504,30,60,120,category_default,,
osm:way:1518302470,30,60,120,category_default,,
osm:way:1518302477,20,45,90,category_default,,
osm:way:1518565038,20,45,90,category_default,,
osm:way:1518565039,20,45,90,category_default,,
osm:way:1519326479,30,60,120,category_default,,
osm:way:1519545462,30,60,120,category_default,,
osm:way:1519545465,30,60,120,category_default,,
osm:way:1519567585,20,45,90,category_default,,
osm:way:1520930701,20,45,90,category_default,,
osm:way:1521115214,20,45,75,category_default,,
osm:way:152287771,45,90,150,category_default,,
osm:way:152288136,45,90,150,category_default,,
osm:way:1524706757,30,60,120,category_default,,
osm:way:1524880478,20,45,90,category_default,,
osm:way:1524880482,20,45,90,category_default,,
osm:way:1524880483,30,60,120,category_default,,
osm:way:1524880491,20,45,90,category_default,,
osm:way:1524880492,20,45,90,category_default,,
osm:way:1524880571,20,45,90,category_default,,
osm:way:1524880599,20,45,90,category_default,,
osm:way:1525476318,20,45,90,category_default,,
osm:way:1526669192,20,45,90,category_default,,
osm:way:1527119265,20,45,90,category_default,,
osm:way:1527119269,20,45,75,category_default,,
osm:way:1527235543,20,45,75,category_default,,
osm:way:1527583716,20,45,90,category_default,,
osm:way:1527724675,180,300,480,category_default,,
osm:way:1527831362,20,45,90,category_default,,
osm:way:1528708153,30,60,120,category_default,,
osm:way:1529010850,20,45,90,category_default,,
osm:way:1529011223,20,45,90,category_default,,
osm:way:1530151890,30,60,120,category_default,,
osm:way:1530303091,30,60,120,category_default,,
osm:way:1530303092,30,60,120,category_default,,
osm:way:1530313190,30,60,120,category_default,,
osm:way:1530552216,20,45,90,category_default,,
osm:way:1530796615,20,45,90,category_default,,
osm:way:1530797575,20,45,90,category_default,,
osm:way:1531307761,20,45,90,category_default,,
osm:way:1531317236,20,45,75,category_default,,
osm:way:1532206163,20,45,90,category_default,,
osm:way:1533167254,20,45,90,category_default,,
osm:way:1533167255,20,45,90,category_default,,
osm:way:1533167256,20,45,90,category_default,,
osm:way:1533203862,20,45,90,category_default,,
osm:way:1533203887,30,60,120,category_default,,
osm:way:1533203890,30,60,120,category_default,,
osm:way:1533257370,20,45,90,category_default,,
osm:way:1534192242,30,60,120,category_default,,
osm:way:1534192692,30,60,120,category_default,,
osm:way:1535134105,20,45,90,category_default,,
osm:way:1535744193,20,45,90,category_default,,
osm:way:1535786880,20,45,90,category_default,,
osm:way:1535786901,20,45,90,category_default,,
osm:way:1536253241,20,45,90,category_default,,
osm:way:1536798942,20,45,75,category_default,,
osm:way:1536912834,20,45,90,category_default,,
osm:way:1537614274,20,45,90,category_default,,
osm:way:1537614282,20,45,90,category_default,,
osm:way:1537614323,20,45,90,category_default,,
osm:way:1537915598,20,45,90,category_default,,
osm:way:1537915607,30,60,120,category_default,,
osm:way:1538958794,20,45,90,category_default,,
osm:way:1538978464,20,45,90,category_default,,
osm:way:1539958038,20,45,90,category_default,,
osm:way:153999648,45,90,150,category_default,,
osm:way:1540178622,20,45,90,category_default,,
osm:way:1540217672,20,45,90,category_default,,
osm:way:1540217673,20,45,90,category_default,,
osm:way:1540390034,20,45,90,category_default,,
osm:way:1540390052,20,45,90,category_default,,
osm:way:1540390069,20,45,90,category_default,,
osm:way:1540391256,20,45,75,category_default,,
osm:way:1540771314,30,60,120,category_default,,
osm:way:1540936764,20,45,90,category_default,,
osm:way:1541009748,20,45,90,category_default,,
osm:way:1542826287,20,45,90,category_default,,
osm:way:1542826288,20,45,90,category_default,,
osm:way:1542839636,20,45,75,category_default,,
osm:way:1543922412,20,45,90,category_default,,
osm:way:1543922413,20,45,90,category_default,,
osm:way:1543934141,30,60,120,category_default,,
osm:way:1544097920,20,45,90,category_default,,
osm:way:1544097923,20,45,90,category_default,,
osm:way:1544591079,30,60,120,category_default,,
osm:way:1544591082,20,45,75,category_default,,
osm:way:1544591104,20,45,90,category_default,,
osm:way:1545026830,30,60,120,category_default,,
osm:way:1545622602,20,45,75,category_default,,
osm:way:1545639452,20,45,75,category_default,,
osm:way:1545639453,20,45,75,category_default,,
osm:way:1545639457,20,45,75,category_default,,
osm:way:1545643014,20,45,90,category_default,,
osm:way:1545643015,20,45,90,category_default,,
osm:way:1545696508,30,60,120,category_default,,
osm:way:1545919861,45,90,150,category_default,,
osm:way:1545957575,20,45,75,category_default,,
osm:way:1545960844,20,45,75,category_default,,
osm:way:1546195288,45,90,150,category_default,,
osm:way:1546195299,20,45,90,category_default,,
osm:way:1546195305,20,45,75,category_default,,
osm:way:1546195307,20,45,90,category_default,,
osm:way:1546228877,20,45,90,category_default,,
osm:way:1546876390,30,60,120,category_default,,
osm:way:1546876404,20,45,90,category_default,,
osm:way:1547483080,20,45,90,category_default,,
osm:way:1547483081,20,45,90,category_default,,
osm:way:1547591310,20,45,90,category_default,,
osm:way:1547591319,20,45,90,category_default,,
osm:way:1547591321,20,45,90,category_default,,
osm:way:1547645326,20,45,90,category_default,,
osm:way:1547651214,30,60,120,category_default,,
osm:way:1549018362,20,45,90,category_default,,
osm:way:1549018367,20,45,90,category_default,,
osm:way:1549246292,30,60,120,category_default,,
osm:way:1549316592,30,60,120,category_default,,
osm:way:1549322185,20,45,90,category_default,,
osm:way:1549322191,20,45,90,category_default,,
osm:way:1549322196,20,45,90,category_default,,
osm:way:1549322198,20,45,90,category_default,,
osm:way:1549322209,20,45,90,category_default,,
osm:way:1549322215,20,45,90,category_default,,
osm:way:1549400549,20,45,90,category_default,,
osm:way:1550271042,30,60,120,category_default,,
osm:way:1550749913,30,60,120,category_default,,
osm:way:155103528,20,45,90,category_default,,
osm:way:155103538,20,45,90,category_default,,
osm:way:1551215728,30,60,120,category_default,,
osm:way:1552224970,20,45,90,category_default,,
osm:way:1552224971,20,45,90,category_default,,
osm:way:1552224972,20,45,90,category_default,,
osm:way:1553134183,30,60,120,category_default,,
osm:way:1554212831,20,45,75,category_default,,
osm:way:1554222171,20,45,90,category_default,,
osm:way:1554222174,20,45,90,category_default,,
osm:way:1554222175,20,45,90,category_default,,
osm:way:1554222193,20,45,90,category_default,,
osm:way:1554222198,20,45,90,category_default,,
osm:way:1554698777,30,60,120,category_default,,
osm:way:1556452986,30,60,120,category_default,,
osm:way:1556531178,20,45,90,category_default,,
osm:way:1556531179,20,45,90,category_default,,
osm:way:1556531197,20,45,90,category_default,,
osm:way:1556531202,20,45,90,category_default,,
osm:way:1556531206,20,45,90,category_default,,
osm:way:1556531208,20,45,90,category_default,,
osm:way:1556531214,20,45,90,category_default,,
osm:way:1556531222,20,45,90,category_default,,
osm:way:1556531233,20,45,90,category_default,,
osm:way:1556531239,20,45,90,category_default,,
osm:way:1556567214,20,45,90,category_default,,
osm:way:1556744119,20,45,90,category_default,,
osm:way:1556744125,20,45,90,category_default,,
osm:way:1556744128,20,45,90,category_default,,
osm:way:1556744133,20,45,90,category_default,,
osm:way:1556744137,20,45,90,category_default,,
osm:way:1556744146,20,45,90,category_default,,
osm:way:1556744150,20,45,90,category_default,,
osm:way:1556744151,20,45,90,category_default,,
osm:way:1556744163,20,45,90,category_default,,
osm:way:1556744167,20,45,90,category_default,,
osm:way:1556744174,20,45,90,category_default,,
osm:way:1556744186,20,45,90,category_default,,
osm:way:1556744203,20,45,90,category_default,,
osm:way:1557512897,20,45,90,category_default,,
osm:way:1557512900,20,45,90,category_default,,
osm:way:1557512901,20,45,90,category_default,,
osm:way:1557512912,20,45,90,category_default,,
osm:way:1557512914,20,45,90,category_default,,
osm:way:1557512919,20,45,90,category_default,,
osm:way:1557512929,20,45,90,category_default,,
osm:way:1557512956,20,45,90,category_default,,
osm:way:1557584568,20,45,90,category_default,,
osm:way:1557804638,20,45,90,category_default,,
osm:way:1557804643,20,45,90,category_default,,
osm:way:1557804650,20,45,90,category_default,,
osm:way:1557804651,20,45,90,category_default,,
osm:way:1557804659,20,45,90,category_default,,
osm:way:1557811356,20,45,90,category_default,,
osm:way:1557811367,20,45,90,category_default,,
osm:way:1557811373,20,45,90,category_default,,
osm:way:1557987423,20,45,90,category_default,,
osm:way:1558489101,30,60,120,category_default,,
osm:way:1559048467,30,60,120,category_default,,
osm:way:156190623,20,45,90,category_default,,
osm:way:158306883,30,60,120,category_default,,
osm:way:160203374,45,90,150,category_default,,
osm:way:160544890,20,45,90,category_default,,
osm:way:160717138,30,60,120,category_default,,
osm:way:161659397,20,45,90,category_default,,
osm:way:161664822,20,45,90,category_default,,
osm:way:161671244,30,60,120,category_default,,
osm:way:161714451,30,60,120,category_default,,
osm:way:162818208,20,45,90,category_default,,
osm:way:163105323,30,60,120,category_default,,
osm:way:163105324,20,45,90,category_default,,
osm:way:163105543,20,45,90,category_default,,
osm:way:164922736,30,60,120,category_default,,
osm:way:165271919,30,60,120,category_default,,
osm:way:165274629,30,60,120,category_default,,
osm:way:165398107,30,60,120,category_default,,
osm:way:165491089,20,45,90,category_default,,
osm:way:165491103,30,60,120,category_default,,
osm:way:165491105,30,60,120,category_default,,
osm:way:165518958,20,45,90,category_default,,
osm:way:165518961,30,60,120,category_default,,
osm:way:165794325,30,60,120,category_default,,
osm:way:165887838,30,60,120,category_default,,
osm:way:166192243,30,60,120,category_default,,
osm:way:166264577,20,45,90,category_default,,
osm:way:166344439,20,45,90,category_default,,
osm:way:166499256,20,45,90,category_default,,
osm:way:166499268,20,45,90,category_default,,
osm:way:166553255,20,45,90,category_default,,
osm:way:166671405,20,45,90,category_default,,
osm:way:166905353,30,60,120,category_default,,
osm:way:168117424,20,45,90,category_default,,
osm:way:168524339,30,60,120,category_default,,
osm:way:168525852,20,45,90,category_default,,
osm:way:168663806,20,45,90,category_default,,
osm:way:168666478,30,60,120,category_default,,
osm:way:168666489,30,60,120,category_default,,
osm:way:168666503,30,60,120,category_default,,
osm:way:168666907,30,60,120,category_default,,
osm:way:168964517,30,60,120,category_default,,
osm:way:168964519,30,60,120,category_default,,
osm:way:168967660,30,60,120,category_default,,
osm:way:169082726,20,45,90,category_default,,
osm:way:169088723,30,60,120,category_default,,
osm:way:169215834,20,45,90,category_default,,
osm:way:169216097,20,45,90,category_default,,
osm:way:169296397,20,45,90,category_default,,
osm:way:169297868,20,45,90,category_default,,
osm:way:169405994,20,45,90,category_default,,
osm:way:169406076,20,45,90,category_default,,
osm:way:169406235,30,60,120,category_default,,
osm:way:169423043,30,60,120,category_default,,
osm:way:170056103,20,45,90,category_default,,
osm:way:170056506,20,45,90,category_default,,
osm:way:170057817,20,45,90,category_default,,
osm:way:170058709,20,45,90,category_default,,
osm:way:170072611,20,45,90,category_default,,
osm:way:170077319,20,45,90,category_default,,
osm:way:170207604,20,45,90,category_default,,
osm:way:170403688,20,45,90,category_default,,
osm:way:170403833,20,45,90,category_default,,
osm:way:172657562,30,60,120,category_default,,
osm:way:172657563,30,60,120,category_default,,
osm:way:172657565,30,60,120,category_default,,
osm:way:172657566,30,60,120,category_default,,
osm:way:172657567,20,45,90,category_default,,
osm:way:172657570,30,60,120,category_default,,
osm:way:172763419,30,60,120,category_default,,
osm:way:172763420,30,60,120,category_default,,
osm:way:172763427,30,60,120,category_default,,
osm:way:173151284,20,45,75,category_default,,
osm:way:174683856,20,45,90,category_default,,
osm:way:174746316,30,60,120,category_default,,
osm:way:174746603,30,60,120,category_default,,
osm:way:175975025,20,45,90,category_default,,
osm:way:178995269,20,45,75,category_default,,
osm:way:178995271,20,45,90,category_default,,
osm:way:178995315,30,60,120,category_default,,
osm:way:181575389,30,60,120,category_default,,
osm:way:182811878,30,60,120,category_default,,
osm:way:185531692,20,45,75,category_default,,
osm:way:185535416,30,60,120,category_default,,
osm:way:185536369,30,60,90,category_default,,
osm:way:185540946,30,60,120,category_default,,
osm:way:185542284,20,45,75,category_default,,
osm:way:185937855,45,90,150,category_default,,
osm:way:186249226,30,60,120,category_default,,
osm:way:186252167,30,60,120,category_default,,
osm:way:186491962,20,45,75,category_default,,
osm:way:186545011,30,60,120,category_default,,
osm:way:187895174,30,60,120,category_default,,
osm:way:187895181,30,60,120,category_default,,
osm:way:187949838,20,45,90,category_default,,
osm:way:187949842,20,45,90,category_default,,
osm:way:187949849,20,45,90,category_default,,
osm:way:188114098,20,45,90,category_default,,
osm:way:188114203,30,60,120,category_default,,
osm:way:188114247,20,45,90,category_default,,
osm:way:188169266,30,60,120,category_default,,
osm:way:189008790,20,45,90,category_default,,
osm:way:189017103,30,60,120,category_default,,
osm:way:189027781,30,60,120,category_default,,
osm:way:189027784,30,60,120,category_default,,
osm:way:189027787,30,60,120,category_default,,
osm:way:189027797,30,60,120,category_default,,
osm:way:189082643,30,60,120,category_default,,
osm:way:189082652,30,60,120,category_default,,
osm:way:192214961,20,45,90,category_default,,
osm:way:193085674,30,60,120,category_default,,
osm:way:193142040,30,60,120,category_default,,
osm:way:193942947,30,60,120,category_default,,
osm:way:194445558,30,60,120,category_default,,
osm:way:194852648,20,45,90,category_default,,
osm:way:196896036,20,45,90,category_default,,
osm:way:196896058,30,60,120,category_default,,
osm:way:197139248,30,60,120,category_default,,
osm:way:197149813,30,60,120,category_default,,
osm:way:197982839,20,45,90,category_default,,
osm:way:197995330,30,60,120,category_default,,
osm:way:197995353,20,45,90,category_default,,
osm:way:197995367,20,45,90,category_default,,
osm:way:198047406,20,45,75,category_default,,
osm:way:198804448,20,45,75,category_default,,
osm:way:198804451,20,45,75,category_default,,
osm:way:198804453,20,45,75,category_default,,
osm:way:198804455,20,45,75,category_default,,
osm:way:198804459,20,45,75,category_default,,
osm:way:198804461,20,45,75,category_default,,
osm:way:198804463,20,45,75,category_default,,
osm:way:198804465,20,45,75,category_default,,
osm:way:199222879,20,45,90,category_default,,
osm:way:200108825,20,45,90,category_default,,
osm:way:200130250,20,45,90,category_default,,
osm:way:204015212,30,60,120,category_default,,
osm:way:205794912,20,45,90,category_default,,
osm:way:205795043,20,45,90,category_default,,
osm:way:205805236,20,45,90,category_default,,
osm:way:205805238,20,45,90,category_default,,
osm:way:205805246,20,45,90,category_default,,
osm:way:205805254,20,45,90,category_default,,
osm:way:206503686,20,45,90,category_default,,
osm:way:206878071,20,45,75,category_default,,
osm:way:207074801,30,60,120,category_default,,
osm:way:207178319,30,60,120,category_default,,
osm:way:207178320,20,45,90,category_default,,
osm:way:207178342,30,60,120,category_default,,
osm:way:207445585,20,45,90,category_default,,
osm:way:207742943,45,90,150,category_default,,
osm:way:208188482,30,60,120,category_default,,
osm:way:208188525,30,60,120,category_default,,
osm:way:208197731,30,60,120,category_default,,
osm:way:208572138,30,60,120,category_default,,
osm:way:209302273,20,45,75,category_default,,
osm:way:209492808,20,45,90,category_default,,
osm:way:209494258,20,45,90,category_default,,
osm:way:209494260,20,45,90,category_default,,
osm:way:210933183,20,45,75,category_default,,
osm:way:210966819,20,45,90,category_default,,
osm:way:215166891,30,60,120,category_default,,
osm:way:217341345,30,60,120,category_default,,
osm:way:217341918,20,45,90,category_default,,
osm:way:217766984,30,60,120,category_default,,
osm:way:217767781,30,60,120,category_default,,
osm:way:218414273,30,60,120,category_default,,
osm:way:218423471,30,60,120,category_default,,
osm:way:218688456,20,45,75,category_default,,
osm:way:220617816,30,60,120,category_default,,
osm:way:220617822,30,60,120,category_default,,
osm:way:220753345,30,60,120,category_default,,
osm:way:220753354,30,60,120,category_default,,
osm:way:220821616,20,45,90,category_default,,
osm:way:220821642,20,45,90,category_default,,
osm:way:220821647,45,90,150,category_default,,
osm:way:221183481,20,45,90,category_default,,
osm:way:221463920,20,45,90,category_default,,
osm:way:221906193,20,45,90,category_default,,
osm:way:221906197,20,45,90,category_default,,
osm:way:221906199,20,45,90,category_default,,
osm:way:222004462,30,60,120,category_default,,
osm:way:222906164,45,90,150,category_default,,
osm:way:223093432,20,45,90,category_default,,
osm:way:223798542,30,60,120,category_default,,
osm:way:223838790,30,60,120,category_default,,
osm:way:223985503,30,60,120,category_default,,
osm:way:224451400,30,60,120,category_default,,
osm:way:225077953,20,45,90,category_default,,
osm:way:225119716,20,45,90,category_default,,
osm:way:225195316,20,45,90,category_default,,
osm:way:225209627,20,45,90,category_default,,
osm:way:225364158,30,60,120,category_default,,
osm:way:225364159,30,60,120,category_default,,
osm:way:225364168,20,45,90,category_default,,
osm:way:225364185,30,60,120,category_default,,
osm:way:225364186,30,60,120,category_default,,
osm:way:225364319,30,60,120,category_default,,
osm:way:225364906,30,60,120,category_default,,
osm:way:225366637,30,60,120,category_default,,
osm:way:225366990,20,45,90,category_default,,
osm:way:225386188,20,45,90,category_default,,
osm:way:225386191,20,45,90,category_default,,
osm:way:225386196,20,45,90,category_default,,
osm:way:225386200,20,45,90,category_default,,
osm:way:225386267,30,60,120,category_default,,
osm:way:225518604,30,60,120,category_default,,
osm:way:225528466,20,45,90,category_default,,
osm:way:225533933,20,45,90,category_default,,
osm:way:225637794,20,45,90,category_default,,
osm:way:226513026,20,45,90,category_default,,
osm:way:228075195,30,60,120,category_default,,
osm:way:228890322,30,60,120,category_default,,
osm:way:230395173,30,60,120,category_default,,
osm:way:230395519,30,60,120,category_default,,
osm:way:230395981,30,60,120,category_default,,
osm:way:230797836,30,60,120,category_default,,
osm:way:230797837,20,45,90,category_default,,
osm:way:230805745,30,60,120,category_default,,
osm:way:231680733,30,60,120,category_default,,
osm:way:231685108,30,60,120,category_default,,
osm:way:231779290,45,90,150,category_default,,
osm:way:231784653,45,90,150,category_default,,
osm:way:231894919,20,45,75,category_default,,
osm:way:232410041,30,60,120,category_default,,
osm:way:232410627,20,45,90,category_default,,
osm:way:232458166,20,45,90,category_default,,
osm:way:232601234,30,60,120,category_default,,
osm:way:233875809,45,90,150,category_default,,
osm:way:234800751,45,90,150,category_default,,
osm:way:235006078,45,90,150,category_default,,
osm:way:235008112,30,60,120,category_default,,
osm:way:235097274,30,60,120,category_default,,
osm:way:235149406,20,45,90,category_default,,
osm:way:235156180,20,45,75,category_default,,
osm:way:235158736,20,45,90,category_default,,
osm:way:235858799,20,45,90,category_default,,
osm:way:235858801,20,45,90,category_default,,
osm:way:236575930,20,45,90,category_default,,
osm:way:236575939,20,45,90,category_default,,
osm:way:236578243,30,60,120,category_default,,
osm:way:236579130,20,45,90,category_default,,
osm:way:236743183,30,60,120,category_default,,
osm:way:236830096,20,45,90,category_default,,
osm:way:237134528,20,45,90,category_default,,
osm:way:237359838,30,60,120,category_default,,
osm:way:237370552,20,45,90,category_default,,
osm:way:237494115,20,45,90,category_default,,
osm:way:237494116,20,45,90,category_default,,
osm:way:237495797,20,45,90,category_default,,
osm:way:237495798,20,45,90,category_default,,
osm:way:237533556,20,45,90,category_default,,
osm:way:237612655,20,45,90,category_default,,
osm:way:238164637,30,60,120,category_default,,
osm:way:238166771,30,60,120,category_default,,
osm:way:238544471,30,60,120,category_default,,
osm:way:238750642,20,45,90,category_default,,
osm:way:238753411,20,45,90,category_default,,
osm:way:239568223,20,45,75,category_default,,
osm:way:239763861,30,60,120,category_default,,
osm:way:239788935,30,60,120,category_default,,
osm:way:239866174,30,60,120,category_default,,
osm:way:239872182,20,45,75,category_default,,
osm:way:239927901,30,60,120,category_default,,
osm:way:239932350,30,60,120,category_default,,
osm:way:240137572,20,45,90,category_default,,
osm:way:240250678,30,60,120,category_default,,
osm:way:240266284,30,60,120,category_default,,
osm:way:240394077,30,60,120,category_default,,
osm:way:240394078,20,45,90,category_default,,
osm:way:240465774,20,45,90,category_default,,
osm:way:240473025,20,45,90,category_default,,
osm:way:240479613,30,60,120,category_default,,
osm:way:240523518,20,45,90,category_default,,
osm:way:240539264,30,60,120,category_default,,
osm:way:240539265,30,60,120,category_default,,
osm:way:240654953,20,45,90,category_default,,
osm:way:240781276,20,45,90,category_default,,
osm:way:240982996,20,45,90,category_default,,
osm:way:240983619,20,45,90,category_default,,
osm:way:240983621,20,45,90,category_default,,
osm:way:241061261,30,60,120,category_default,,
osm:way:241088022,20,45,90,category_default,,
osm:way:241198424,20,45,90,category_default,,
osm:way:241198425,20,45,90,category_default,,
osm:way:241199235,20,45,90,category_default,,
osm:way:241212722,20,45,90,category_default,,
osm:way:241425395,20,45,75,category_default,,
osm:way:241433019,20,45,90,category_default,,
osm:way:241575724,20,45,90,category_default,,
osm:way:241583288,20,45,90,category_default,,
osm:way:241733912,30,60,120,category_default,,
osm:way:241740050,20,45,90,category_default,,
osm:way:241753821,30,60,120,category_default,,
osm:way:241759018,20,45,90,category_default,,
osm:way:241797017,30,60,120,category_default,,
osm:way:241890814,20,45,90,category_default,,
osm:way:241915212,20,45,90,category_default,,
osm:way:241935579,20,45,90,category_default,,
osm:way:241935606,20,45,90,category_default,,
osm:way:241945254,20,45,90,category_default,,
osm:way:242009820,20,45,90,category_default,,
osm:way:242013804,20,45,90,category_default,,
osm:way:242016525,20,45,90,category_default,,
osm:way:242016742,20,45,90,category_default,,
osm:way:242018880,20,45,90,category_default,,
osm:way:242020934,20,45,90,category_default,,
osm:way:242065088,20,45,90,category_default,,
osm:way:242166902,30,60,120,category_default,,
osm:way:242166903,30,60,120,category_default,,
osm:way:242169982,30,60,120,category_default,,
osm:way:242180113,20,45,90,category_default,,
osm:way:242184456,30,60,120,category_default,,
osm:way:242185079,20,45,90,category_default,,
osm:way:242187679,20,45,90,category_default,,
osm:way:242192799,20,45,90,category_default,,
osm:way:242192808,20,45,90,category_default,,
osm:way:242193995,20,45,90,category_default,,
osm:way:242210241,20,45,90,category_default,,
osm:way:242260491,20,45,90,category_default,,
osm:way:242303928,20,45,90,category_default,,
osm:way:242304072,20,45,90,category_default,,
osm:way:242465870,20,45,90,category_default,,
osm:way:242518340,30,60,120,category_default,,
osm:way:242837487,30,60,120,category_default,,
osm:way:243122340,20,45,90,category_default,,
osm:way:243480753,45,90,150,category_default,,
osm:way:244378173,20,45,90,category_default,,
osm:way:244378176,20,45,90,category_default,,
osm:way:244397453,20,45,90,category_default,,
osm:way:244397466,20,45,90,category_default,,
osm:way:244659749,20,45,90,category_default,,
osm:way:249510510,30,60,120,category_default,,
osm:way:249516977,30,60,120,category_default,,
osm:way:251611780,20,45,90,category_default,,
osm:way:252581202,20,45,90,category_default,,
osm:way:252581203,20,45,90,category_default,,
osm:way:252581205,20,45,75,category_default,,
osm:way:252581207,20,45,75,category_default,,
osm:way:252581208,20,45,90,category_default,,
osm:way:253054341,30,60,120,category_default,,
osm:way:253056195,30,60,120,category_default,,
osm:way:253422797,20,45,90,category_default,,
osm:way:253631849,30,60,120,category_default,,
osm:way:253641553,20,45,90,category_default,,
osm:way:254021408,30,60,120,category_default,,
osm:way:254752634,20,45,90,category_default,,
osm:way:254752637,30,60,120,category_default,,
osm:way:254754595,30,60,120,category_default,,
osm:way:254754596,20,45,90,category_default,,
osm:way:254983237,30,60,120,category_default,,
osm:way:256321911,20,45,90,category_default,,
osm:way:256321929,30,60,120,category_default,,
osm:way:256404563,20,45,90,category_default,,
osm:way:256497914,20,45,90,category_default,,
osm:way:256675637,45,90,150,category_default,,
osm:way:257715376,20,45,90,category_default,,
osm:way:258038370,20,45,90,category_default,,
osm:way:258787156,20,45,90,category_default,,
osm:way:258933213,20,45,90,category_default,,
osm:way:258935061,20,45,90,category_default,,
osm:way:259046004,30,60,120,category_default,,
osm:way:259046009,20,45,90,category_default,,
osm:way:259067633,20,45,90,category_default,,
osm:way:259097818,30,60,120,category_default,,
osm:way:259198631,30,60,120,category_default,,
osm:way:259198642,45,90,150,category_default,,
osm:way:259208347,20,45,90,category_default,,
osm:way:259375905,180,300,480,category_default,,
osm:way:259380043,20,45,90,category_default,,
osm:way:259518443,30,60,120,category_default,,
osm:way:259746456,20,45,90,category_default,,
osm:way:260062342,20,45,90,category_default,,
osm:way:261042873,30,60,120,category_default,,
osm:way:261181197,30,60,120,category_default,,
osm:way:261182804,30,60,120,category_default,,
osm:way:261183132,30,60,120,category_default,,
osm:way:261250072,20,45,90,category_default,,
osm:way:261250221,20,45,90,category_default,,
osm:way:261433033,20,45,90,category_default,,
osm:way:261709585,20,45,90,category_default,,
osm:way:261710309,30,60,120,category_default,,
osm:way:261710641,20,45,90,category_default,,
osm:way:261710864,20,45,90,category_default,,
osm:way:261716651,20,45,90,category_default,,
osm:way:261719783,30,60,120,category_default,,
osm:way:261881688,20,45,90,category_default,,
osm:way:261881984,30,60,120,category_default,,
osm:way:262963858,20,45,90,category_default,,
osm:way:262963859,20,45,90,category_default,,
osm:way:262963870,30,60,120,category_default,,
osm:way:262966599,20,45,90,category_default,,
osm:way:263505858,20,45,90,category_default,,
osm:way:263506126,20,45,90,category_default,,
osm:way:263506645,20,45,90,category_default,,
osm:way:263507378,20,45,90,category_default,,
osm:way:263963927,20,45,90,category_default,,
osm:way:264294891,20,45,90,category_default,,
osm:way:264294895,30,60,120,category_default,,
osm:way:264294905,20,45,90,category_default,,
osm:way:264451918,30,60,120,category_default,,
osm:way:264451922,20,45,90,category_default,,
osm:way:264458638,20,45,90,category_default,,
osm:way:264587852,20,45,90,category_default,,
osm:way:265244998,30,60,120,category_default,,
osm:way:266287138,20,45,90,category_default,,
osm:way:266573330,30,60,120,category_default,,
osm:way:266761436,30,60,120,category_default,,
osm:way:267023806,20,45,90,category_default,,
osm:way:267023807,20,45,90,category_default,,
osm:way:267229661,20,45,90,category_default,,
osm:way:267609310,20,45,90,category_default,,
osm:way:267609350,20,45,90,category_default,,
osm:way:267928226,20,45,90,category_default,,
osm:way:267932194,20,45,90,category_default,,
osm:way:267936421,30,60,120,category_default,,
osm:way:267939019,20,45,90,category_default,,
osm:way:267939021,20,45,90,category_default,,
osm:way:267939024,20,45,90,category_default,,
osm:way:269472591,20,45,90,category_default,,
osm:way:269472623,20,45,90,category_default,,
osm:way:269472633,20,45,90,category_default,,
osm:way:270569234,20,45,90,category_default,,
osm:way:270569236,20,45,90,category_default,,
osm:way:270798118,20,45,90,category_default,,
osm:way:270798123,20,45,90,category_default,,
osm:way:271697181,20,45,75,category_default,,
osm:way:272268190,20,45,75,category_default,,
osm:way:272274254,45,90,150,category_default,,
osm:way:273715918,30,60,120,category_default,,
osm:way:275618367,20,45,90,category_default,,
osm:way:277754754,20,45,90,category_default,,
osm:way:279353637,45,90,150,category_default,,
osm:way:285990343,20,45,75,category_default,,
osm:way:285990344,20,45,75,category_default,,
osm:way:285990345,20,45,75,category_default,,
osm:way:285990346,20,45,75,category_default,,
osm:way:285990348,20,45,75,category_default,,
osm:way:285990349,20,45,75,category_default,,
osm:way:286297477,30,60,120,category_default,,
osm:way:286780025,30,60,120,category_default,,
osm:way:288512239,30,60,120,category_default,,
osm:way:288574307,20,45,90,category_default,,
osm:way:288574320,20,45,90,category_default,,
osm:way:288574322,20,45,90,category_default,,
osm:way:288574342,30,60,120,category_default,,
osm:way:288574348,20,45,90,category_default,,
osm:way:288574349,20,45,90,category_default,,
osm:way:288579045,20,45,90,category_default,,
osm:way:288579049,20,45,75,category_default,,
osm:way:288582861,20,45,90,category_default,,
osm:way:288585289,20,45,90,category_default,,
osm:way:288585290,20,45,90,category_default,,
osm:way:288585291,20,45,90,category_default,,
osm:way:288585293,20,45,75,category_default,,
osm:way:288590754,20,45,90,category_default,,
osm:way:288653659,20,45,90,category_default,,
osm:way:28869502,30,60,120,category_default,,
osm:way:28869503,30,60,120,category_default,,
osm:way:28869505,30,60,120,category_default,,
osm:way:288734395,20,45,90,category_default,,
osm:way:288810597,20,45,90,category_default,,
osm:way:288810599,20,45,90,category_default,,
osm:way:288810600,20,45,90,category_default,,
osm:way:288810602,20,45,90,category_default,,
osm:way:288810603,20,45,90,category_default,,
osm:way:288810604,20,45,90,category_default,,
osm:way:288810606,20,45,90,category_default,,
osm:way:288952959,20,45,90,category_default,,
osm:way:289041924,20,45,90,category_default,,
osm:way:28945667,60,120,180,category_default,,
osm:way:290218588,20,45,90,category_default,,
osm:way:290307115,30,60,120,category_default,,
osm:way:290413442,20,45,90,category_default,,
osm:way:290483746,20,45,90,category_default,,
osm:way:290487269,20,45,75,category_default,,
osm:way:290729086,20,45,90,category_default,,
osm:way:290789271,20,45,90,category_default,,
osm:way:290789280,20,45,90,category_default,,
osm:way:29133247,30,60,120,category_default,,
osm:way:291493799,20,45,90,category_default,,
osm:way:291493807,20,45,90,category_default,,
osm:way:291493820,20,45,90,category_default,,
osm:way:291493841,20,45,90,category_default,,
osm:way:291493847,20,45,90,category_default,,
osm:way:291493854,20,45,90,category_default,,
osm:way:291663731,20,45,90,category_default,,
osm:way:291672863,20,45,90,category_default,,
osm:way:291706038,30,60,120,category_default,,
osm:way:291853367,20,45,90,category_default,,
osm:way:292021993,20,45,90,category_default,,
osm:way:292072051,20,45,90,category_default,,
osm:way:292074917,20,45,90,category_default,,
osm:way:292131250,30,60,120,category_default,,
osm:way:292140043,30,60,120,category_default,,
osm:way:292140044,30,60,120,category_default,,
osm:way:292408849,20,45,90,category_default,,
osm:way:292410052,20,45,90,category_default,,
osm:way:292410461,20,45,90,category_default,,
osm:way:292472027,20,45,90,category_default,,
osm:way:293227119,20,45,90,category_default,,
osm:way:293824496,20,45,90,category_default,,
osm:way:294036464,20,45,90,category_default,,
osm:way:294127327,20,45,90,category_default,,
osm:way:294127405,30,60,120,category_default,,
osm:way:294351725,20,45,90,category_default,,
osm:way:294351726,20,45,90,category_default,,
osm:way:294557192,30,60,120,category_default,,
osm:way:294557197,30,60,120,category_default,,
osm:way:295178277,30,60,120,category_default,,
osm:way:295329274,20,45,75,category_default,,
osm:way:297876175,20,45,90,category_default,,
osm:way:297876176,20,45,90,category_default,,
osm:way:297876177,20,45,90,category_default,,
osm:way:297876178,20,45,90,category_default,,
osm:way:297876179,30,60,120,category_default,,
osm:way:297876180,30,60,120,category_default,,
osm:way:300672242,20,45,90,category_default,,
osm:way:301020996,20,45,75,category_default,,
osm:way:301078963,30,60,120,category_default,,
osm:way:301261207,20,45,90,category_default,,
osm:way:302944359,20,45,90,category_default,,
osm:way:303341669,30,60,120,category_default,,
osm:way:303499553,20,45,90,category_default,,
osm:way:303966869,30,60,120,category_default,,
osm:way:304226055,30,60,120,category_default,,
osm:way:304958182,30,60,120,category_default,,
osm:way:305408028,20,45,75,category_default,,
osm:way:305408029,30,60,120,category_default,,
osm:way:306214079,30,60,120,category_default,,
osm:way:306551279,20,45,90,category_default,,
osm:way:306704217,30,60,120,category_default,,
osm:way:307668924,30,60,120,category_default,,
osm:way:307748437,30,60,120,category_default,,
osm:way:308426622,20,45,75,category_default,,
osm:way:309274113,20,45,90,category_default,,
osm:way:309274129,20,45,90,category_default,,
osm:way:309281651,20,45,90,category_default,,
osm:way:309564018,30,60,120,category_default,,
osm:way:313794334,20,45,90,category_default,,
osm:way:314074097,20,45,90,category_default,,
osm:way:314225196,20,45,90,category_default,,
osm:way:314226096,20,45,90,category_default,,
osm:way:315692179,30,60,120,category_default,,
osm:way:316013412,30,60,120,category_default,,
osm:way:316013428,30,60,120,category_default,,
osm:way:316518839,30,60,120,category_default,,
osm:way:316829173,20,45,90,category_default,,
osm:way:316834301,20,45,90,category_default,,
osm:way:317064945,30,60,120,category_default,,
osm:way:317499691,20,45,90,category_default,,
osm:way:317521732,20,45,90,category_default,,
osm:way:319046751,30,60,120,category_default,,
osm:way:319845769,20,45,90,category_default,,
osm:way:32003768,45,90,150,category_default,,
osm:way:32003769,30,60,120,category_default,,
osm:way:320722329,20,45,90,category_default,,
osm:way:321072591,30,60,120,category_default,,
osm:way:321611637,30,60,120,category_default,,
osm:way:321938412,20,45,90,category_default,,
osm:way:321991600,20,45,90,category_default,,
osm:way:321991603,20,45,90,category_default,,
osm:way:321991607,30,60,120,category_default,,
osm:way:321991608,20,45,90,category_default,,
osm:way:322170776,30,60,120,category_default,,
osm:way:322692842,30,60,120,category_default,,
osm:way:322860990,20,45,90,category_default,,
osm:way:322861011,20,45,90,category_default,,
osm:way:322870493,20,45,90,category_default,,
osm:way:322871140,20,45,90,category_default,,
osm:way:322871158,20,45,90,category_default,,
osm:way:322993691,20,45,90,category_default,,
osm:way:323059492,30,60,120,category_default,,
osm:way:323379917,20,45,90,category_default,,
osm:way:323613746,20,45,90,category_default,,
osm:way:323616896,20,45,90,category_default,,
osm:way:323617432,20,45,90,category_default,,
osm:way:323745730,20,45,90,category_default,,
osm:way:324504905,30,60,120,category_default,,
osm:way:324550132,20,45,90,category_default,,
osm:way:32577786,20,45,90,category_default,,
osm:way:32578616,20,45,90,category_default,,
osm:way:32579177,20,45,90,category_default,,
osm:way:32581970,20,45,90,category_default,,
osm:way:32582873,20,45,90,category_default,,
osm:way:32583621,20,45,90,category_default,,
osm:way:32584486,30,60,120,category_default,,
osm:way:32585566,20,45,90,category_default,,
osm:way:32588872,20,45,90,category_default,,
osm:way:32589169,20,45,90,category_default,,
osm:way:326338832,20,45,90,category_default,,
osm:way:326846285,20,45,90,category_default,,
osm:way:327192426,20,45,90,category_default,,
osm:way:327192429,20,45,90,category_default,,
osm:way:327192435,20,45,90,category_default,,
osm:way:327243239,30,60,120,category_default,,
osm:way:327262577,20,45,90,category_default,,
osm:way:327266215,30,60,120,category_default,,
osm:way:32735038,30,60,120,category_default,,
osm:way:32735042,30,60,120,category_default,,
osm:way:32735045,30,60,120,category_default,,
osm:way:32735046,180,300,480,category_default,,
osm:way:32735082,30,60,120,category_default,,
osm:way:32735084,30,60,120,category_default,,
osm:way:32735087,30,60,120,category_default,,
osm:way:327447635,20,45,90,category_default,,
osm:way:327447637,20,45,90,category_default,,
osm:way:327447640,20,45,90,category_default,,
osm:way:327447642,20,45,90,category_default,,
osm:way:327447645,20,45,90,category_default,,
osm:way:327447647,20,45,90,category_default,,
osm:way:327452951,20,45,90,category_default,,
osm:way:327969756,20,45,90,category_default,,
osm:way:328191705,20,45,75,category_default,,
osm:way:328191740,20,45,90,category_default,,
osm:way:330305509,20,45,90,category_default,,
osm:way:33103437,20,45,90,category_default,,
osm:way:332397849,20,45,90,category_default,,
osm:way:332397851,20,45,90,category_default,,
osm:way:332397852,20,45,90,category_default,,
osm:way:334515083,30,60,120,category_default,,
osm:way:334515085,20,45,90,category_default,,
osm:way:334516286,20,45,90,category_default,,
osm:way:335039126,30,60,120,category_default,,
osm:way:336022282,30,60,120,category_default,,
osm:way:336030481,30,60,120,category_default,,
osm:way:336030485,20,45,90,category_default,,
osm:way:336053457,30,60,120,category_default,,
osm:way:336053458,30,60,120,category_default,,
osm:way:336053459,30,60,120,category_default,,
osm:way:336071225,30,60,120,category_default,,
osm:way:336945977,20,45,90,category_default,,
osm:way:337703872,30,60,120,category_default,,
osm:way:337703925,20,45,90,category_default,,
osm:way:337895383,20,45,90,category_default,,
osm:way:338000854,20,45,90,category_default,,
osm:way:339661335,20,45,90,category_default,,
osm:way:339661336,20,45,90,category_default,,
osm:way:339661337,20,45,90,category_default,,
osm:way:339661338,20,45,90,category_default,,
osm:way:339663579,20,45,90,category_default,,
osm:way:339945287,20,45,90,category_default,,
osm:way:341504305,30,60,120,category_default,,
osm:way:343077412,30,60,120,category_default,,
osm:way:344918977,30,60,120,category_default,,
osm:way:344918978,30,60,120,category_default,,
osm:way:344918979,20,45,75,category_default,,
osm:way:351035449,20,45,75,category_default,,
osm:way:355866759,20,45,90,category_default,,
osm:way:358154692,30,60,120,category_default,,
osm:way:35926965,30,60,120,category_default,,
osm:way:35952591,30,60,120,category_default,,
osm:way:360849877,20,45,90,category_default,,
osm:way:360972817,20,45,90,category_default,,
osm:way:360972818,20,45,90,category_default,,
osm:way:361692265,20,45,90,category_default,,
osm:way:361692317,30,60,120,category_default,,
osm:way:361851889,20,45,90,category_default,,
osm:way:361851927,20,45,90,category_default,,
osm:way:362071701,20,45,90,category_default,,
osm:way:363224651,20,45,90,category_default,,
osm:way:363255191,20,45,90,category_default,,
osm:way:363255210,20,45,90,category_default,,
osm:way:363255214,20,45,90,category_default,,
osm:way:363255215,20,45,90,category_default,,
osm:way:363255217,20,45,90,category_default,,
osm:way:363255239,20,45,90,category_default,,
osm:way:363255415,20,45,90,category_default,,
osm:way:363255504,20,45,90,category_default,,
osm:way:363255506,20,45,90,category_default,,
osm:way:364991265,20,45,90,category_default,,
osm:way:364992951,20,45,90,category_default,,
osm:way:364992952,20,45,90,category_default,,
osm:way:364992953,20,45,90,category_default,,
osm:way:364994975,20,45,90,category_default,,
osm:way:364994976,20,45,90,category_default,,
osm:way:366061812,20,45,75,category_default,,
osm:way:366062466,20,45,90,category_default,,
osm:way:366062468,20,45,90,category_default,,
osm:way:366062489,20,45,90,category_default,,
osm:way:366069915,20,45,90,category_default,,
osm:way:366069919,20,45,90,category_default,,
osm:way:366069920,20,45,90,category_default,,
osm:way:366105823,30,60,120,category_default,,
osm:way:366105826,20,45,90,category_default,,
osm:way:366645177,30,60,120,category_default,,
osm:way:366651480,20,45,90,category_default,,
osm:way:366651482,30,60,120,category_default,,
osm:way:366901565,20,45,90,category_default,,
osm:way:366903502,20,45,90,category_default,,
osm:way:367547100,30,60,120,category_default,,
osm:way:367547101,20,45,90,category_default,,
osm:way:367757195,30,60,120,category_default,,
osm:way:367959059,20,45,90,category_default,,
osm:way:368133390,30,60,120,category_default,,
osm:way:368245997,30,60,120,category_default,,
osm:way:368246000,30,60,120,category_default,,
osm:way:368449606,30,60,120,category_default,,
osm:way:368453480,30,60,120,category_default,,
osm:way:368583847,20,45,90,category_default,,
osm:way:369017963,30,60,120,category_default,,
osm:way:369668989,20,45,90,category_default,,
osm:way:369688076,20,45,90,category_default,,
osm:way:369691915,20,45,90,category_default,,
osm:way:369691917,20,45,90,category_default,,
osm:way:369781632,20,45,90,category_default,,
osm:way:369966234,20,45,90,category_default,,
osm:way:370138210,20,45,90,category_default,,
osm:way:370154310,20,45,90,category_default,,
osm:way:371278740,20,45,90,category_default,,
osm:way:372172907,20,45,90,category_default,,
osm:way:372196690,20,45,90,category_default,,
osm:way:372306543,20,45,75,category_default,,
osm:way:372311082,20,45,90,category_default,,
osm:way:373167327,30,60,120,category_default,,
osm:way:373171928,30,60,120,category_default,,
osm:way:373719793,20,45,90,category_default,,
osm:way:373721568,20,45,90,category_default,,
osm:way:374223819,30,60,120,category_default,,
osm:way:37629143,30,60,120,category_default,,
osm:way:37629570,30,60,120,category_default,,
osm:way:376923094,30,60,120,category_default,,
osm:way:377269804,20,45,90,category_default,,
osm:way:377308555,20,45,90,category_default,,
osm:way:377308559,20,45,90,category_default,,
osm:way:377422765,20,45,90,category_default,,
osm:way:378921412,30,60,120,category_default,,
osm:way:379183287,20,45,90,category_default,,
osm:way:37933256,30,60,120,category_default,,
osm:way:37933258,30,60,120,category_default,,
osm:way:37933849,30,60,120,category_default,,
osm:way:381142209,20,45,90,category_default,,
osm:way:381142210,20,45,90,category_default,,
osm:way:381142211,20,45,90,category_default,,
osm:way:381143182,20,45,90,category_default,,
osm:way:381143183,20,45,90,category_default,,
osm:way:381143184,20,45,90,category_default,,
osm:way:381143185,20,45,90,category_default,,
osm:way:381143561,20,45,75,category_default,,
osm:way:381143562,20,45,75,category_default,,
osm:way:381143563,20,45,75,category_default,,
osm:way:381143715,20,45,75,category_default,,
osm:way:381143716,20,45,75,category_default,,
osm:way:381143980,20,45,75,category_default,,
osm:way:381143981,20,45,90,category_default,,
osm:way:381143982,20,45,90,category_default,,
osm:way:381146700,20,45,90,category_default,,
osm:way:381146701,20,45,90,category_default,,
osm:way:38137267,30,60,120,category_default,,
osm:way:382112154,20,45,90,category_default,,
osm:way:382112156,20,45,90,category_default,,
osm:way:384635222,20,45,90,category_default,,
osm:way:384652650,20,45,90,category_default,,
osm:way:384652651,45,90,150,category_default,,
osm:way:384652652,30,60,120,category_default,,
osm:way:384652653,20,45,75,category_default,,
osm:way:384671191,30,60,120,category_default,,
osm:way:384671209,30,60,120,category_default,,
osm:way:387271617,20,45,90,category_default,,
osm:way:387272522,20,45,90,category_default,,
osm:way:39513493,30,60,120,category_default,,
osm:way:39514793,30,60,120,category_default,,
osm:way:39514795,30,60,120,category_default,,
osm:way:39598493,30,60,120,category_default,,
osm:way:39619627,30,60,120,category_default,,
osm:way:39619657,20,45,90,category_default,,
osm:way:39622250,20,45,90,category_default,,
osm:way:39622285,20,45,90,category_default,,
osm:way:403017309,20,45,90,category_default,,
osm:way:404529508,45,90,150,category_default,,
osm:way:404714309,20,45,90,category_default,,
osm:way:406136497,30,60,120,category_default,,
osm:way:406432511,20,45,90,category_default,,
osm:way:407413903,20,45,90,category_default,,
osm:way:407427149,30,60,120,category_default,,
osm:way:407601487,30,60,120,category_default,,
osm:way:407604909,30,60,120,category_default,,
osm:way:407607923,30,60,120,category_default,,
osm:way:408079972,30,60,120,category_default,,
osm:way:409390951,30,60,120,category_default,,
osm:way:409741434,45,90,150,category_default,,
osm:way:409741435,45,90,150,category_default,,
osm:way:409741436,45,90,150,category_default,,
osm:way:410573779,20,45,90,category_default,,
osm:way:410573820,20,45,75,category_default,,
osm:way:410990535,20,45,90,category_default,,
osm:way:410990536,20,45,90,category_default,,
osm:way:410990537,20,45,90,category_default,,
osm:way:410990538,20,45,90,category_default,,
osm:way:410990540,30,60,120,category_default,,
osm:way:410990541,30,60,120,category_default,,
osm:way:411389992,30,60,120,category_default,,
osm:way:412757511,30,60,120,category_default,,
osm:way:412784309,20,45,90,category_default,,
osm:way:415184594,20,45,90,category_default,,
osm:way:418085086,20,45,90,category_default,,
osm:way:419464708,30,60,120,category_default,,
osm:way:419720003,20,45,90,category_default,,
osm:way:420032377,30,60,120,category_default,,
osm:way:420032386,20,45,90,category_default,,
osm:way:420032397,20,45,90,category_default,,
osm:way:420032416,20,45,90,category_default,,
osm:way:420287563,20,45,90,category_default,,
osm:way:420287564,20,45,90,category_default,,
osm:way:420287565,20,45,90,category_default,,
osm:way:420287566,20,45,90,category_default,,
osm:way:420287567,20,45,90,category_default,,
osm:way:420287575,20,45,90,category_default,,
osm:way:420287578,20,45,90,category_default,,
osm:way:420287580,20,45,90,category_default,,
osm:way:420287581,20,45,90,category_default,,
osm:way:420287797,20,45,90,category_default,,
osm:way:420287799,20,45,90,category_default,,
osm:way:420287800,20,45,90,category_default,,
osm:way:420947244,20,45,75,category_default,,
osm:way:421603550,20,45,90,category_default,,
osm:way:421603553,30,60,120,category_default,,
osm:way:421603554,30,60,120,category_default,,
osm:way:421603557,20,45,90,category_default,,
osm:way:421970911,20,45,90,category_default,,
osm:way:421970912,20,45,90,category_default,,
osm:way:421970915,30,60,120,category_default,,
osm:way:421970916,20,45,90,category_default,,
osm:way:421970917,20,45,90,category_default,,
osm:way:421970959,20,45,90,category_default,,
osm:way:421970999,20,45,90,category_default,,
osm:way:423008459,20,45,90,category_default,,
osm:way:424832037,20,45,90,category_default,,
osm:way:425239211,20,45,90,category_default,,
osm:way:425307157,20,45,90,category_default,,
osm:way:425307158,20,45,90,category_default,,
osm:way:425307162,20,45,90,category_default,,
osm:way:425307163,20,45,90,category_default,,
osm:way:425861154,30,60,120,category_default,,
osm:way:425862222,30,60,120,category_default,,
osm:way:427344882,30,60,120,category_default,,
osm:way:428850033,20,45,90,category_default,,
osm:way:430133742,20,45,90,category_default,,
osm:way:430133921,20,45,90,category_default,,
osm:way:438256347,20,45,90,category_default,,
osm:way:438294068,30,60,120,category_default,,
osm:way:440611802,45,90,150,category_default,,
osm:way:441106932,30,60,120,category_default,,
osm:way:442698232,20,45,90,category_default,,
osm:way:443199521,45,90,150,category_default,,
osm:way:444078017,20,45,90,category_default,,
osm:way:446194448,30,60,120,category_default,,
osm:way:446319141,20,45,90,category_default,,
osm:way:446778605,20,45,90,category_default,,
osm:way:448044645,30,60,120,category_default,,
osm:way:448497275,20,45,75,category_default,,
osm:way:449263543,30,60,120,category_default,,
osm:way:449263544,30,60,120,category_default,,
osm:way:449263545,30,60,120,category_default,,
osm:way:449263547,30,60,120,category_default,,
osm:way:449263549,30,60,120,category_default,,
osm:way:449266754,30,60,120,category_default,,
osm:way:450192447,30,60,120,category_default,,
osm:way:450192462,30,60,120,category_default,,
osm:way:450295598,30,60,120,category_default,,
osm:way:451452487,45,90,150,category_default,,
osm:way:451452488,45,90,150,category_default,,
osm:way:451452489,45,90,150,category_default,,
osm:way:451772441,45,90,150,category_default,,
osm:way:451772442,45,90,150,category_default,,
osm:way:452519411,20,45,90,category_default,,
osm:way:455035897,30,60,120,category_default,,
osm:way:455038118,30,60,120,category_default,,
osm:way:456799189,30,60,120,category_default,,
osm:way:457601645,30,60,120,category_default,,
osm:way:457601646,20,45,90,category_default,,
osm:way:458799283,20,45,90,category_default,,
osm:way:458812531,20,45,90,category_default,,
osm:way:458851649,20,45,75,category_default,,
osm:way:460267385,20,45,90,category_default,,
osm:way:460352585,30,60,120,category_default,,
osm:way:460757143,20,45,90,category_default,,
osm:way:461946600,20,45,90,category_default,,
osm:way:463250888,20,45,90,category_default,,
osm:way:463548000,180,300,480,category_default,,
osm:way:463574874,60,120,180,category_default,,
osm:way:463866440,20,45,90,category_default,,
osm:way:464462559,20,45,90,category_default,,
osm:way:464560365,20,45,90,category_default,,
osm:way:465315182,20,45,90,category_default,,
osm:way:465820437,20,45,90,category_default,,
osm:way:466316397,20,45,90,category_default,,
osm:way:466418347,30,60,120,category_default,,
osm:way:467053213,20,45,90,category_default,,
osm:way:467994898,30,60,120,category_default,,
osm:way:468458562,20,45,90,category_default,,
osm:way:468640903,30,60,120,category_default,,
osm:way:469354901,20,45,90,category_default,,
osm:way:469802902,30,60,120,category_default,,
osm:way:472074784,30,60,120,category_default,,
osm:way:473088090,30,60,120,category_default,,
osm:way:473540518,30,60,120,category_default,,
osm:way:473547263,30,60,120,category_default,,
osm:way:473547277,20,45,90,category_default,,
osm:way:473771564,30,60,120,category_default,,
osm:way:474279709,20,45,90,category_default,,
osm:way:474383101,20,45,90,category_default,,
osm:way:474584441,30,60,120,category_default,,
osm:way:474685617,30,60,120,category_default,,
osm:way:475032481,20,45,90,category_default,,
osm:way:475133353,20,45,90,category_default,,
osm:way:477664809,30,60,120,category_default,,
osm:way:477671731,30,60,120,category_default,,
osm:way:477671735,30,60,120,category_default,,
osm:way:478007377,45,90,150,category_default,,
osm:way:478186070,20,45,90,category_default,,
osm:way:478473546,30,60,120,category_default,,
osm:way:479699398,30,60,120,category_default,,
osm:way:479832644,30,60,120,category_default,,
osm:way:480056722,30,60,120,category_default,,
osm:way:480700931,30,60,120,category_default,,
osm:way:480702434,20,45,75,category_default,,
osm:way:480826771,30,60,120,category_default,,
osm:way:481823401,45,90,150,category_default,,
osm:way:483273181,30,60,120,category_default,,
osm:way:484001513,15,30,45,category_default,,
osm:way:485396884,20,45,90,category_default,,
osm:way:485859145,20,45,90,category_default,,
osm:way:485859164,20,45,90,category_default,,
osm:way:486566779,20,45,90,category_default,,
osm:way:486703057,20,45,90,category_default,,
osm:way:487559102,20,45,90,category_default,,
osm:way:487559108,20,45,90,category_default,,
osm:way:489019398,20,45,90,category_default,,
osm:way:489019402,20,45,90,category_default,,
osm:way:489019405,20,45,90,category_default,,
osm:way:489020905,20,45,90,category_default,,
osm:way:489591423,20,45,90,category_default,,
osm:way:489591426,20,45,90,category_default,,
osm:way:492971812,20,45,90,category_default,,
osm:way:492971831,20,45,90,category_default,,
osm:way:492971840,20,45,90,category_default,,
osm:way:492971841,20,45,90,category_default,,
osm:way:492971843,20,45,90,category_default,,
osm:way:492971860,20,45,90,category_default,,
osm:way:492971862,20,45,90,category_default,,
osm:way:493155210,30,60,120,category_default,,
osm:way:493155224,20,45,90,category_default,,
osm:way:493157639,20,45,90,category_default,,
osm:way:493157644,20,45,90,category_default,,
osm:way:493157646,30,60,120,category_default,,
osm:way:493174173,20,45,90,category_default,,
osm:way:493174212,20,45,90,category_default,,
osm:way:493174213,20,45,90,category_default,,
osm:way:493251141,30,60,120,category_default,,
osm:way:493251146,20,45,90,category_default,,
osm:way:493381029,20,45,90,category_default,,
osm:way:493382034,20,45,90,category_default,,
osm:way:494789246,20,45,90,category_default,,
osm:way:494789249,20,45,90,category_default,,
osm:way:494789261,20,45,90,category_default,,
osm:way:494789263,30,60,120,category_default,,
osm:way:494789264,20,45,90,category_default,,
osm:way:494796956,30,60,120,category_default,,
osm:way:494796971,30,60,120,category_default,,
osm:way:494799489,30,60,120,category_default,,
osm:way:494806821,30,60,120,category_default,,
osm:way:495488233,20,45,90,category_default,,
osm:way:495697563,20,45,90,category_default,,
osm:way:495697571,20,45,90,category_default,,
osm:way:495697577,20,45,90,category_default,,
osm:way:495697589,20,45,90,category_default,,
osm:way:495697600,20,45,90,category_default,,
osm:way:495698482,20,45,90,category_default,,
osm:way:495698484,20,45,90,category_default,,
osm:way:495698491,20,45,90,category_default,,
osm:way:495698510,30,60,120,category_default,,
osm:way:495771665,20,45,90,category_default,,
osm:way:496059273,20,45,90,category_default,,
osm:way:496910212,20,45,90,category_default,,
osm:way:497037748,30,60,120,category_default,,
osm:way:497328755,30,60,120,category_default,,
osm:way:497625731,20,45,90,category_default,,
osm:way:497979471,20,45,90,category_default,,
osm:way:497979523,20,45,90,category_default,,
osm:way:498042943,20,45,90,category_default,,
osm:way:498042951,20,45,90,category_default,,
osm:way:498042967,20,45,90,category_default,,
osm:way:498043017,20,45,90,category_default,,
osm:way:498065942,30,60,120,category_default,,
osm:way:498264577,20,45,90,category_default,,
osm:way:498309666,20,45,90,category_default,,
osm:way:498309667,20,45,90,category_default,,
osm:way:498309668,20,45,90,category_default,,
osm:way:498309670,20,45,90,category_default,,
osm:way:498309672,20,45,90,category_default,,
osm:way:498423483,20,45,90,category_default,,
osm:way:498997222,20,45,90,category_default,,
osm:way:499047936,20,45,90,category_default,,
osm:way:499096665,20,45,90,category_default,,
osm:way:499420794,20,45,90,category_default,,
osm:way:499420812,20,45,90,category_default,,
osm:way:499420813,20,45,90,category_default,,
osm:way:499420815,20,45,90,category_default,,
osm:way:499420827,20,45,90,category_default,,
osm:way:499420828,20,45,90,category_default,,
osm:way:499420848,20,45,90,category_default,,
osm:way:499420890,20,45,90,category_default,,
osm:way:499426670,20,45,90,category_default,,
osm:way:499426675,20,45,90,category_default,,
osm:way:499426676,20,45,90,category_default,,
osm:way:499859794,20,45,90,category_default,,
osm:way:499859808,20,45,90,category_default,,
osm:way:500576514,20,45,90,category_default,,
osm:way:500751368,20,45,90,category_default,,
osm:way:500829667,20,45,90,category_default,,
osm:way:500888743,30,60,120,category_default,,
osm:way:500948968,20,45,90,category_default,,
osm:way:501034153,20,45,75,category_default,,
osm:way:501042413,20,45,75,category_default,,
osm:way:501225225,20,45,75,category_default,,
osm:way:501302342,30,60,120,category_default,,
osm:way:501720086,20,45,90,category_default,,
osm:way:501720089,20,45,90,category_default,,
osm:way:502252357,30,60,120,category_default,,
osm:way:502532627,20,45,90,category_default,,
osm:way:503015601,30,60,120,category_default,,
osm:way:503146852,20,45,90,category_default,,
osm:way:503216450,20,45,90,category_default,,
osm:way:503216480,20,45,90,category_default,,
osm:way:503373114,20,45,90,category_default,,
osm:way:503373118,20,45,90,category_default,,
osm:way:503373120,20,45,90,category_default,,
osm:way:503561767,20,45,90,category_default,,
osm:way:503561771,20,45,90,category_default,,
osm:way:503561794,20,45,90,category_default,,
osm:way:503561800,20,45,90,category_default,,
osm:way:503561802,20,45,90,category_default,,
osm:way:503561809,20,45,90,category_default,,
osm:way:503604053,20,45,90,category_default,,
osm:way:504399217,20,45,90,category_default,,
osm:way:504571792,30,60,120,category_default,,
osm:way:504649258,30,60,120,category_default,,
osm:way:505295889,20,45,90,category_default,,
osm:way:505295938,20,45,90,category_default,,
osm:way:507538757,30,60,120,category_default,,
osm:way:508046655,20,45,90,category_default,,
osm:way:508243736,45,90,150,category_default,,
osm:way:508244759,45,90,150,category_default,,
osm:way:508351453,20,45,90,category_default,,
osm:way:508741138,30,60,120,category_default,,
osm:way:509355568,20,45,90,category_default,,
osm:way:511368339,20,45,90,category_default,,
osm:way:511615572,20,45,90,category_default,,
osm:way:512894421,20,45,90,category_default,,
osm:way:513005952,30,60,120,category_default,,
osm:way:513119727,30,60,120,category_default,,
osm:way:514840637,20,45,90,category_default,,
osm:way:515193537,20,45,90,category_default,,
osm:way:515288602,20,45,90,category_default,,
osm:way:516054327,20,45,90,category_default,,
osm:way:516639140,20,45,75,category_default,,
osm:way:518720097,20,45,90,category_default,,
osm:way:518855280,20,45,90,category_default,,
osm:way:518945762,180,300,480,category_default,,
osm:way:519123488,45,90,150,category_default,,
osm:way:519123489,45,90,150,category_default,,
osm:way:519775822,20,45,90,category_default,,
osm:way:520723351,30,60,120,category_default,,
osm:way:521222116,30,60,120,category_default,,
osm:way:521301155,30,60,120,category_default,,
osm:way:521598336,30,60,120,category_default,,
osm:way:523643145,30,60,120,category_default,,
osm:way:527470174,30,60,120,category_default,,
osm:way:527470176,30,60,120,category_default,,
osm:way:527709325,20,45,90,category_default,,
osm:way:52823719,30,60,120,category_default,,
osm:way:528947997,30,60,120,category_default,,
osm:way:529113219,30,60,120,category_default,,
osm:way:529144428,30,60,120,category_default,,
osm:way:529188257,20,45,90,category_default,,
osm:way:530234457,30,60,120,category_default,,
osm:way:530247665,30,60,120,category_default,,
osm:way:530247697,30,60,120,category_default,,
osm:way:531031513,30,60,120,category_default,,
osm:way:531031518,30,60,120,category_default,,
osm:way:531031548,20,45,75,category_default,,
osm:way:531031566,30,60,120,category_default,,
osm:way:531235869,30,60,120,category_default,,
osm:way:531448690,20,45,90,category_default,,
osm:way:532520404,20,45,90,category_default,,
osm:way:532520453,20,45,90,category_default,,
osm:way:532651475,30,60,120,category_default,,
osm:way:532654804,30,60,120,category_default,,
osm:way:532654813,30,60,120,category_default,,
osm:way:533290595,30,60,120,category_default,,
osm:way:533542579,20,45,90,category_default,,
osm:way:533542616,30,60,120,category_default,,
osm:way:534060477,30,60,120,category_default,,
osm:way:534266751,20,45,90,category_default,,
osm:way:539954305,30,60,120,category_default,,
osm:way:541543831,30,60,120,category_default,,
osm:way:541543834,20,45,75,category_default,,
osm:way:541543856,30,60,120,category_default,,
osm:way:541543886,30,60,120,category_default,,
osm:way:541655273,20,45,75,category_default,,
osm:way:541656717,30,60,120,category_default,,
osm:way:541904751,20,45,90,category_default,,
osm:way:542382168,30,60,120,category_default,,
osm:way:542382170,30,60,120,category_default,,
osm:way:542486117,20,45,90,category_default,,
osm:way:542486128,20,45,90,category_default,,
osm:way:542486131,20,45,90,category_default,,
osm:way:542486133,20,45,90,category_default,,
osm:way:542538605,20,45,90,category_default,,
osm:way:542682506,30,60,120,category_default,,
osm:way:542725615,20,45,90,category_default,,
osm:way:542728983,20,45,90,category_default,,
osm:way:542867598,20,45,75,category_default,,
osm:way:543222803,20,45,90,category_default,,
osm:way:543238113,20,45,90,category_default,,
osm:way:543238430,30,60,120,category_default,,
osm:way:543238431,30,60,120,category_default,,
osm:way:543243102,30,60,120,category_default,,
osm:way:543313532,20,45,90,category_default,,
osm:way:543425455,20,45,90,category_default,,
osm:way:543460304,20,45,90,category_default,,
osm:way:543460306,20,45,90,category_default,,
osm:way:543810244,20,45,90,category_default,,
osm:way:543810860,20,45,90,category_default,,
osm:way:543811021,20,45,90,category_default,,
osm:way:543819936,30,60,120,category_default,,
osm:way:543821046,30,60,120,category_default,,
osm:way:543828575,30,60,120,category_default,,
osm:way:543842674,30,60,120,category_default,,
osm:way:544336117,20,45,75,category_default,,
osm:way:544350015,20,45,90,category_default,,
osm:way:544361567,20,45,90,category_default,,
osm:way:544361624,20,45,90,category_default,,
osm:way:544384361,20,45,90,category_default,,
osm:way:544489149,20,45,90,category_default,,
osm:way:547931031,20,45,90,category_default,,
osm:way:548066437,30,60,120,category_default,,
osm:way:548066438,30,60,120,category_default,,
osm:way:548070677,20,45,75,category_default,,
osm:way:548076503,30,60,120,category_default,,
osm:way:548076504,30,60,120,category_default,,
osm:way:548076505,30,60,120,category_default,,
osm:way:548079302,30,60,120,category_default,,
osm:way:548081099,20,45,90,category_default,,
osm:way:548084110,30,60,120,category_default,,
osm:way:548086177,30,60,120,category_default,,
osm:way:548086179,20,45,90,category_default,,
osm:way:548114715,20,45,90,category_default,,
osm:way:548258526,30,60,120,category_default,,
osm:way:548259807,20,45,90,category_default,,
osm:way:548259809,20,45,90,category_default,,
osm:way:548262275,20,45,90,category_default,,
osm:way:548475187,20,45,90,category_default,,
osm:way:548826269,20,45,90,category_default,,
osm:way:548826270,20,45,90,category_default,,
osm:way:548826273,20,45,90,category_default,,
osm:way:548826274,20,45,90,category_default,,
osm:way:548826275,20,45,90,category_default,,
osm:way:548990999,30,60,120,category_default,,
osm:way:550244077,30,60,120,category_default,,
osm:way:550384178,20,45,90,category_default,,
osm:way:550384193,20,45,90,category_default,,
osm:way:550384194,20,45,90,category_default,,
osm:way:550384196,20,45,75,category_default,,
osm:way:550537567,20,45,90,category_default,,
osm:way:550543433,30,60,120,category_default,,
osm:way:550599831,30,60,120,category_default,,
osm:way:553905794,30,60,120,category_default,,
osm:way:554587648,30,60,120,category_default,,
osm:way:554587649,30,60,120,category_default,,
osm:way:554812139,20,45,75,category_default,,
osm:way:556174775,30,60,120,category_default,,
osm:way:556396336,30,60,120,category_default,,
osm:way:556942842,20,45,90,category_default,,
osm:way:556944514,20,45,90,category_default,,
osm:way:556954981,30,60,120,category_default,,
osm:way:557175763,30,60,120,category_default,,
osm:way:557175765,30,60,120,category_default,,
osm:way:557242918,30,60,120,category_default,,
osm:way:557276626,30,60,120,category_default,,
osm:way:557276629,30,60,120,category_default,,
osm:way:557276631,30,60,120,category_default,,
osm:way:557281596,30,60,120,category_default,,
osm:way:55880135,30,60,120,category_default,,
osm:way:559969180,20,45,90,category_default,,
osm:way:560585059,30,60,120,category_default,,
osm:way:561810063,30,60,120,category_default,,
osm:way:561873630,20,45,90,category_default,,
osm:way:562980926,20,45,90,category_default,,
osm:way:563804464,20,45,90,category_default,,
osm:way:564059298,20,45,90,category_default,,
osm:way:564325039,20,45,75,category_default,,
osm:way:564732757,20,45,90,category_default,,
osm:way:565057624,20,45,90,category_default,,
osm:way:565186618,20,45,90,category_default,,
osm:way:565201327,20,45,90,category_default,,
osm:way:565275128,30,60,120,category_default,,
osm:way:565276813,20,45,90,category_default,,
osm:way:565300448,30,60,120,category_default,,
osm:way:565325074,30,60,120,category_default,,
osm:way:565583657,20,45,90,category_default,,
osm:way:565586453,30,60,120,category_default,,
osm:way:565592419,30,60,120,category_default,,
osm:way:565593787,20,45,90,category_default,,
osm:way:566035991,20,45,90,category_default,,
osm:way:566035998,20,45,90,category_default,,
osm:way:566035999,30,60,120,category_default,,
osm:way:566130661,20,45,90,category_default,,
osm:way:566130692,20,45,90,category_default,,
osm:way:566356386,20,45,90,category_default,,
osm:way:566356387,20,45,90,category_default,,
osm:way:566356390,20,45,90,category_default,,
osm:way:566356399,20,45,90,category_default,,
osm:way:566356430,20,45,90,category_default,,
osm:way:566534296,20,45,90,category_default,,
osm:way:566708399,20,45,90,category_default,,
osm:way:566708485,20,45,90,category_default,,
osm:way:566708503,20,45,90,category_default,,
osm:way:566708508,20,45,90,category_default,,
osm:way:566708519,20,45,90,category_default,,
osm:way:566708554,20,45,90,category_default,,
osm:way:566708561,20,45,90,category_default,,
osm:way:566708566,20,45,90,category_default,,
osm:way:567825928,30,60,120,category_default,,
osm:way:568058255,30,60,120,category_default,,
osm:way:568314766,20,45,90,category_default,,
osm:way:568387674,20,45,90,category_default,,
osm:way:568837697,20,45,90,category_default,,
osm:way:568980566,20,45,90,category_default,,
osm:way:569022243,20,45,90,category_default,,
osm:way:569352551,20,45,90,category_default,,
osm:way:569352552,30,60,120,category_default,,
osm:way:569352562,20,45,90,category_default,,
osm:way:569352563,20,45,90,category_default,,
osm:way:569352581,20,45,90,category_default,,
osm:way:569352586,20,45,90,category_default,,
osm:way:569352606,20,45,90,category_default,,
osm:way:569352620,20,45,90,category_default,,
osm:way:569352623,20,45,90,category_default,,
osm:way:569352679,20,45,90,category_default,,
osm:way:569352701,20,45,90,category_default,,
osm:way:569352713,20,45,90,category_default,,
osm:way:569352719,20,45,90,category_default,,
osm:way:569352723,20,45,90,category_default,,
osm:way:569352735,20,45,90,category_default,,
osm:way:569352737,20,45,90,category_default,,
osm:way:569352739,20,45,90,category_default,,
osm:way:569653424,20,45,90,category_default,,
osm:way:569653426,20,45,90,category_default,,
osm:way:569653428,20,45,90,category_default,,
osm:way:569653433,20,45,90,category_default,,
osm:way:569804205,30,60,120,category_default,,
osm:way:569804207,30,60,120,category_default,,
osm:way:570283227,20,45,90,category_default,,
osm:way:570283276,20,45,90,category_default,,
osm:way:570283279,20,45,90,category_default,,
osm:way:570283321,20,45,90,category_default,,
osm:way:570283337,20,45,90,category_default,,
osm:way:570283339,20,45,90,category_default,,
osm:way:570283343,20,45,90,category_default,,
osm:way:570394684,20,45,90,category_default,,
osm:way:570394687,20,45,90,category_default,,
osm:way:570571452,20,45,90,category_default,,
osm:way:570582604,20,45,90,category_default,,
osm:way:570592053,20,45,90,category_default,,
osm:way:570596477,30,60,120,category_default,,
osm:way:570670493,20,45,90,category_default,,
osm:way:570670545,20,45,90,category_default,,
osm:way:570670599,30,60,120,category_default,,
osm:way:570922769,20,45,90,category_default,,
osm:way:570998848,20,45,90,category_default,,
osm:way:571547025,20,45,75,category_default,,
osm:way:571547035,20,45,75,category_default,,
osm:way:572666281,20,45,90,category_default,,
osm:way:572666287,20,45,90,category_default,,
osm:way:572666288,20,45,90,category_default,,
osm:way:572666292,20,45,90,category_default,,
osm:way:572666294,20,45,90,category_default,,
osm:way:572666302,20,45,90,category_default,,
osm:way:573173324,20,45,90,category_default,,
osm:way:573173341,20,45,90,category_default,,
osm:way:574069655,20,45,90,category_default,,
osm:way:574069711,20,45,90,category_default,,
osm:way:574069757,20,45,90,category_default,,
osm:way:574069770,20,45,90,category_default,,
osm:way:574069777,20,45,90,category_default,,
osm:way:574069811,20,45,90,category_default,,
osm:way:574773479,20,45,90,category_default,,
osm:way:574773513,20,45,90,category_default,,
osm:way:576360470,20,45,90,category_default,,
osm:way:576360471,20,45,90,category_default,,
osm:way:576360484,30,60,120,category_default,,
osm:way:576360493,30,60,120,category_default,,
osm:way:576709083,30,60,120,category_default,,
osm:way:576709125,20,45,90,category_default,,
osm:way:576709126,20,45,90,category_default,,
osm:way:576709127,20,45,90,category_default,,
osm:way:576709128,20,45,90,category_default,,
osm:way:576709129,20,45,90,category_default,,
osm:way:576742550,30,60,120,category_default,,
osm:way:576742563,30,60,120,category_default,,
osm:way:576742583,30,60,120,category_default,,
osm:way:576742616,20,45,90,category_default,,
osm:way:576742752,20,45,90,category_default,,
osm:way:576742756,20,45,90,category_default,,
osm:way:576742792,20,45,90,category_default,,
osm:way:577155065,20,45,90,category_default,,
osm:way:577155250,20,45,90,category_default,,
osm:way:577155261,20,45,90,category_default,,
osm:way:577155268,20,45,90,category_default,,
osm:way:577203288,20,45,90,category_default,,
osm:way:577203325,30,60,120,category_default,,
osm:way:577203333,20,45,90,category_default,,
osm:way:577203378,20,45,90,category_default,,
osm:way:577203381,30,60,120,category_default,,
osm:way:577760667,30,60,120,category_default,,
osm:way:577760668,20,45,90,category_default,,
osm:way:577760669,20,45,90,category_default,,
osm:way:577760674,20,45,90,category_default,,
osm:way:577760675,20,45,90,category_default,,
osm:way:577760677,20,45,90,category_default,,
osm:way:577760678,20,45,90,category_default,,
osm:way:577760691,20,45,90,category_default,,
osm:way:577760707,20,45,90,category_default,,
osm:way:577760708,20,45,90,category_default,,
osm:way:577760713,20,45,90,category_default,,
osm:way:577760719,20,45,90,category_default,,
osm:way:577760726,20,45,90,category_default,,
osm:way:577760727,20,45,90,category_default,,
osm:way:577760728,20,45,90,category_default,,
osm:way:577760733,30,60,120,category_default,,
osm:way:578136728,20,45,90,category_default,,
osm:way:578136729,20,45,90,category_default,,
osm:way:578136730,20,45,90,category_default,,
osm:way:578136732,20,45,90,category_default,,
osm:way:578136734,20,45,90,category_default,,
osm:way:578136738,20,45,90,category_default,,
osm:way:578136741,20,45,90,category_default,,
osm:way:578136742,20,45,90,category_default,,
osm:way:578136743,20,45,90,category_default,,
osm:way:578512876,20,45,90,category_default,,
osm:way:578513028,20,45,90,category_default,,
osm:way:579334144,30,60,120,category_default,,
osm:way:579336298,30,60,120,category_default,,
osm:way:579869924,20,45,90,category_default,,
osm:way:579869949,20,45,90,category_default,,
osm:way:579869951,20,45,90,category_default,,
osm:way:579869982,20,45,90,category_default,,
osm:way:580153469,20,45,90,category_default,,
osm:way:580153471,20,45,90,category_default,,
osm:way:580493816,20,45,90,category_default,,
osm:way:580493839,30,60,120,category_default,,
osm:way:580493869,30,60,120,category_default,,
osm:way:580855612,20,45,90,category_default,,
osm:way:580855639,20,45,90,category_default,,
osm:way:580855653,20,45,90,category_default,,
osm:way:581237882,20,45,90,category_default,,
osm:way:581617926,20,45,90,category_default,,
osm:way:582077342,20,45,75,category_default,,
osm:way:582263735,20,45,90,category_default,,
osm:way:582263746,20,45,90,category_default,,
osm:way:582263756,20,45,90,category_default,,
osm:way:582479925,20,45,90,category_default,,
osm:way:582479937,20,45,90,category_default,,
osm:way:582479946,20,45,90,category_default,,
osm:way:582479965,20,45,90,category_default,,
osm:way:582526043,20,45,90,category_default,,
osm:way:582526150,20,45,90,category_default,,
osm:way:583151040,20,45,90,category_default,,
osm:way:583151041,20,45,90,category_default,,
osm:way:583151042,20,45,90,category_default,,
osm:way:583151043,20,45,90,category_default,,
osm:way:583151044,20,45,90,category_default,,
osm:way:583151045,20,45,90,category_default,,
osm:way:583151046,20,45,90,category_default,,
osm:way:583265499,20,45,90,category_default,,
osm:way:583265510,30,60,120,category_default,,
osm:way:583895808,20,45,90,category_default,,
osm:way:583928347,20,45,90,category_default,,
osm:way:583931649,20,45,90,category_default,,
osm:way:584941415,30,60,120,category_default,,
osm:way:585932824,20,45,90,category_default,,
osm:way:585932843,20,45,90,category_default,,
osm:way:585972014,20,45,90,category_default,,
osm:way:586046883,30,60,120,category_default,,
osm:way:588322161,20,45,90,category_default,,
osm:way:588323235,20,45,90,category_default,,
osm:way:589315585,20,45,90,category_default,,
osm:way:589315586,20,45,90,category_default,,
osm:way:589463324,20,45,90,category_default,,
osm:way:589901922,20,45,90,category_default,,
osm:way:589903329,20,45,90,category_default,,
osm:way:589903336,20,45,90,category_default,,
osm:way:589903345,20,45,90,category_default,,
osm:way:589933269,20,45,90,category_default,,
osm:way:589969496,30,60,120,category_default,,
osm:way:590074862,30,60,120,category_default,,
osm:way:591023030,30,60,120,category_default,,
osm:way:591449517,30,60,120,category_default,,
osm:way:591459720,20,45,90,category_default,,
osm:way:591475526,20,45,90,category_default,,
osm:way:591475533,20,45,90,category_default,,
osm:way:591475539,20,45,75,category_default,,
osm:way:591480162,20,45,90,category_default,,
osm:way:593632684,20,45,90,category_default,,
osm:way:593632685,20,45,90,category_default,,
osm:way:594132349,20,45,90,category_default,,
osm:way:594236756,20,45,90,category_default,,
osm:way:594236772,30,60,120,category_default,,
osm:way:594236773,20,45,90,category_default,,
osm:way:594479799,20,45,90,category_default,,
osm:way:594479802,20,45,90,category_default,,
osm:way:595098737,20,45,90,category_default,,
osm:way:595098738,20,45,90,category_default,,
osm:way:595098740,20,45,90,category_default,,
osm:way:595098741,20,45,90,category_default,,
osm:way:595098742,20,45,90,category_default,,
osm:way:595098758,20,45,90,category_default,,
osm:way:595185896,20,45,90,category_default,,
osm:way:595299310,30,60,120,category_default,,
osm:way:595471597,30,60,120,category_default,,
osm:way:595963443,20,45,90,category_default,,
osm:way:595963444,20,45,90,category_default,,
osm:way:596624577,20,45,75,category_default,,
osm:way:596819406,30,60,120,category_default,,
osm:way:596974770,20,45,90,category_default,,
osm:way:597365932,20,45,90,category_default,,
osm:way:597505233,20,45,90,category_default,,
osm:way:597853667,20,45,90,category_default,,
osm:way:597864136,20,45,90,category_default,,
osm:way:598321993,20,45,90,category_default,,
osm:way:598321995,20,45,90,category_default,,
osm:way:598541924,20,45,90,category_default,,
osm:way:598541972,20,45,90,category_default,,
osm:way:598678591,20,45,90,category_default,,
osm:way:59986402,30,60,120,category_default,,
osm:way:600922907,30,60,120,category_default,,
osm:way:601077955,20,45,90,category_default,,
osm:way:60118189,20,45,90,category_default,,
osm:way:60118190,20,45,90,category_default,,
osm:way:602131377,20,45,90,category_default,,
osm:way:602131382,20,45,90,category_default,,
osm:way:604112244,20,45,90,category_default,,
osm:way:604123278,20,45,90,category_default,,
osm:way:604123296,20,45,90,category_default,,
osm:way:604126559,20,45,90,category_default,,
osm:way:604136715,20,45,90,category_default,,
osm:way:604136781,20,45,90,category_default,,
osm:way:604428069,20,45,90,category_default,,
osm:way:604440778,20,45,90,category_default,,
osm:way:604541256,20,45,90,category_default,,
osm:way:604579700,20,45,75,category_default,,
osm:way:604645413,20,45,90,category_default,,
osm:way:604645421,20,45,90,category_default,,
osm:way:604645424,20,45,90,category_default,,
osm:way:604645432,20,45,90,category_default,,
osm:way:604780817,20,45,90,category_default,,
osm:way:604845950,20,45,90,category_default,,
osm:way:604897393,20,45,90,category_default,,
osm:way:605090824,20,45,90,category_default,,
osm:way:605090826,20,45,90,category_default,,
osm:way:605281192,20,45,90,category_default,,
osm:way:605281193,20,45,90,category_default,,
osm:way:605281199,20,45,90,category_default,,
osm:way:605281202,20,45,90,category_default,,
osm:way:605458749,20,45,90,category_default,,
osm:way:606405896,20,45,90,category_default,,
osm:way:606893652,20,45,90,category_default,,
osm:way:606893680,20,45,90,category_default,,
osm:way:606957397,20,45,90,category_default,,
osm:way:607050054,30,60,120,category_default,,
osm:way:607211735,20,45,90,category_default,,
osm:way:607291489,20,45,90,category_default,,
osm:way:608345310,20,45,90,category_default,,
osm:way:608509396,20,45,90,category_default,,
osm:way:608509398,20,45,90,category_default,,
osm:way:609063637,20,45,90,category_default,,
osm:way:609967448,30,60,120,category_default,,
osm:way:610127123,20,45,90,category_default,,
osm:way:610144920,20,45,90,category_default,,
osm:way:610240418,30,60,120,category_default,,
osm:way:610529440,20,45,90,category_default,,
osm:way:610699891,20,45,90,category_default,,
osm:way:610758641,30,60,120,category_default,,
osm:way:610783646,20,45,90,category_default,,
osm:way:610783660,20,45,90,category_default,,
osm:way:610783665,20,45,90,category_default,,
osm:way:610783687,20,45,90,category_default,,
osm:way:610783696,20,45,90,category_default,,
osm:way:610783746,30,60,120,category_default,,
osm:way:611028742,30,60,120,category_default,,
osm:way:611821742,30,60,120,category_default,,
osm:way:611934160,20,45,90,category_default,,
osm:way:612105703,20,45,90,category_default,,
osm:way:612105729,20,45,90,category_default,,
osm:way:612114943,20,45,90,category_default,,
osm:way:612129118,20,45,90,category_default,,
osm:way:612178010,20,45,90,category_default,,
osm:way:612186876,20,45,90,category_default,,
osm:way:612469370,20,45,90,category_default,,
osm:way:612469373,20,45,90,category_default,,
osm:way:612643951,20,45,90,category_default,,
osm:way:612643954,20,45,90,category_default,,
osm:way:612804425,20,45,90,category_default,,
osm:way:612843369,20,45,90,category_default,,
osm:way:612875523,20,45,90,category_default,,
osm:way:612890930,30,60,120,category_default,,
osm:way:613008802,30,60,120,category_default,,
osm:way:613622974,20,45,90,category_default,,
osm:way:614372409,30,60,120,category_default,,
osm:way:614373209,30,60,120,category_default,,
osm:way:614449966,30,60,120,category_default,,
osm:way:614449976,20,45,90,category_default,,
osm:way:614636407,20,45,90,category_default,,
osm:way:615100220,20,45,90,category_default,,
osm:way:616108695,20,45,90,category_default,,
osm:way:616464935,20,45,90,category_default,,
osm:way:616650519,20,45,90,category_default,,
osm:way:616650520,20,45,90,category_default,,
osm:way:616917021,30,60,120,category_default,,
osm:way:617182938,20,45,75,category_default,,
osm:way:617182952,30,60,120,category_default,,
osm:way:617437880,30,60,120,category_default,,
osm:way:617580819,30,60,120,category_default,,
osm:way:617944737,20,45,75,category_default,,
osm:way:617944738,20,45,75,category_default,,
osm:way:617944748,30,60,120,category_default,,
osm:way:617991227,20,45,90,category_default,,
osm:way:617991240,30,60,120,category_default,,
osm:way:617991266,20,45,75,category_default,,
osm:way:618049068,20,45,90,category_default,,
osm:way:618264010,30,60,120,category_default,,
osm:way:618267901,30,60,120,category_default,,
osm:way:620770587,30,60,120,category_default,,
osm:way:622734394,20,45,90,category_default,,
osm:way:622734399,30,60,120,category_default,,
osm:way:622734448,30,60,120,category_default,,
osm:way:622734495,30,60,120,category_default,,
osm:way:623967427,20,45,90,category_default,,
osm:way:624211476,30,60,120,category_default,,
osm:way:624217666,20,45,90,category_default,,
osm:way:624223367,30,60,120,category_default,,
osm:way:625066525,20,45,90,category_default,,
osm:way:625066598,180,300,480,category_default,,
osm:way:625966631,20,45,90,category_default,,
osm:way:626399699,20,45,90,category_default,,
osm:way:626666821,20,45,90,category_default,,
osm:way:626704914,30,60,90,category_default,,
osm:way:627379326,30,60,120,category_default,,
osm:way:627379348,20,45,75,category_default,,
osm:way:627379365,20,45,75,category_default,,
osm:way:627383447,20,45,90,category_default,,
osm:way:627383449,20,45,90,category_default,,
osm:way:627383451,20,45,90,category_default,,
osm:way:627398329,20,45,90,category_default,,
osm:way:627398358,20,45,90,category_default,,
osm:way:627556548,20,45,90,category_default,,
osm:way:627779274,20,45,90,category_default,,
osm:way:627779281,20,45,90,category_default,,
osm:way:627779285,20,45,90,category_default,,
osm:way:627779289,20,45,90,category_default,,
osm:way:627779291,20,45,90,category_default,,
osm:way:627779300,20,45,90,category_default,,
osm:way:627782063,20,45,90,category_default,,
osm:way:627899725,30,60,120,category_default,,
osm:way:627899751,20,45,90,category_default,,
osm:way:628043705,20,45,90,category_default,,
osm:way:628043709,20,45,90,category_default,,
osm:way:628287021,20,45,90,category_default,,
osm:way:628287022,20,45,90,category_default,,
osm:way:628287093,20,45,90,category_default,,
osm:way:628663071,30,60,120,category_default,,
osm:way:628746702,20,45,90,category_default,,
osm:way:628801971,20,45,90,category_default,,
osm:way:628801979,20,45,90,category_default,,
osm:way:628802055,20,45,90,category_default,,
osm:way:628802122,20,45,90,category_default,,
osm:way:628802245,20,45,90,category_default,,
osm:way:628802255,20,45,90,category_default,,
osm:way:628802265,30,60,120,category_default,,
osm:way:629051476,20,45,90,category_default,,
osm:way:629051497,20,45,90,category_default,,
osm:way:629051504,20,45,90,category_default,,
osm:way:629203717,20,45,90,category_default,,
osm:way:629203720,20,45,90,category_default,,
osm:way:629203783,20,45,90,category_default,,
osm:way:629203787,20,45,90,category_default,,
osm:way:629203851,20,45,90,category_default,,
osm:way:630377259,45,90,150,category_default,,
osm:way:630921540,20,45,90,category_default,,
osm:way:631064893,30,60,120,category_default,,
osm:way:631070197,20,45,90,category_default,,
osm:way:631087962,30,60,120,category_default,,
osm:way:631871434,20,45,90,category_default,,
osm:way:631871486,20,45,90,category_default,,
osm:way:631871490,20,45,90,category_default,,
osm:way:631871502,20,45,90,category_default,,
osm:way:631871516,30,60,120,category_default,,
osm:way:632173201,20,45,90,category_default,,
osm:way:633560232,20,45,90,category_default,,
osm:way:633664961,20,45,90,category_default,,
osm:way:633664973,20,45,90,category_default,,
osm:way:633664997,20,45,90,category_default,,
osm:way:633665018,20,45,90,category_default,,
osm:way:635620774,20,45,90,category_default,,
osm:way:636068988,20,45,90,category_default,,
osm:way:637402928,20,45,90,category_default,,
osm:way:638537793,30,60,120,category_default,,
osm:way:639395407,20,45,90,category_default,,
osm:way:639650648,20,45,90,category_default,,
osm:way:640290256,30,60,120,category_default,,
osm:way:640290262,30,60,120,category_default,,
osm:way:640295913,30,60,120,category_default,,
osm:way:641380853,30,60,120,category_default,,
osm:way:641387015,30,60,120,category_default,,
osm:way:641796611,20,45,90,category_default,,
osm:way:642096217,20,45,90,category_default,,
osm:way:642181145,20,45,90,category_default,,
osm:way:642181154,20,45,90,category_default,,
osm:way:642181155,20,45,90,category_default,,
osm:way:642181158,20,45,90,category_default,,
osm:way:642181202,20,45,90,category_default,,
osm:way:642231203,30,60,120,category_default,,
osm:way:646377859,20,45,90,category_default,,
osm:way:646377861,20,45,90,category_default,,
osm:way:646377876,20,45,90,category_default,,
osm:way:646377983,20,45,90,category_default,,
osm:way:646860264,20,45,90,category_default,,
osm:way:646860265,30,60,120,category_default,,
osm:way:647253426,20,45,90,category_default,,
osm:way:647253473,20,45,90,category_default,,
osm:way:647253480,20,45,90,category_default,,
osm:way:647253530,20,45,90,category_default,,
osm:way:647253547,20,45,90,category_default,,
osm:way:647253619,20,45,90,category_default,,
osm:way:647396800,20,45,90,category_default,,
osm:way:647396916,20,45,90,category_default,,
osm:way:647396994,20,45,90,category_default,,
osm:way:647397059,20,45,90,category_default,,
osm:way:647397065,20,45,90,category_default,,
osm:way:647397133,20,45,90,category_default,,
osm:way:647397136,20,45,90,category_default,,
osm:way:647397138,20,45,90,category_default,,
osm:way:647397162,30,60,120,category_default,,
osm:way:647397167,20,45,90,category_default,,
osm:way:647769584,30,60,120,category_default,,
osm:way:648461409,20,45,90,category_default,,
osm:way:648461410,20,45,90,category_default,,
osm:way:648461424,20,45,90,category_default,,
osm:way:648461441,20,45,90,category_default,,
osm:way:648461444,20,45,90,category_default,,
osm:way:648662983,20,45,90,category_default,,
osm:way:648729040,20,45,90,category_default,,
osm:way:648729042,20,45,90,category_default,,
osm:way:648729066,20,45,90,category_default,,
osm:way:649176326,20,45,90,category_default,,
osm:way:649534590,20,45,90,category_default,,
osm:way:649534603,20,45,90,category_default,,
osm:way:649534652,20,45,90,category_default,,
osm:way:649534759,30,60,120,category_default,,
osm:way:650062371,20,45,90,category_default,,
osm:way:650062380,20,45,90,category_default,,
osm:way:650062383,20,45,90,category_default,,
osm:way:650062444,20,45,90,category_default,,
osm:way:650062567,20,45,90,category_default,,
osm:way:650062714,20,45,90,category_default,,
osm:way:650430490,30,60,120,category_default,,
osm:way:651503563,20,45,90,category_default,,
osm:way:651520225,20,45,90,category_default,,
osm:way:651520237,20,45,90,category_default,,
osm:way:651520243,20,45,90,category_default,,
osm:way:651520251,20,45,90,category_default,,
osm:way:651520261,20,45,90,category_default,,
osm:way:651520264,20,45,90,category_default,,
osm:way:651520266,20,45,90,category_default,,
osm:way:651520321,20,45,90,category_default,,
osm:way:651520357,20,45,90,category_default,,
osm:way:651520358,20,45,90,category_default,,
osm:way:651631885,20,45,90,category_default,,
osm:way:651694256,20,45,90,category_default,,
osm:way:652322502,20,45,90,category_default,,
osm:way:652818878,30,60,120,category_default,,
osm:way:652818886,20,45,90,category_default,,
osm:way:653161603,20,45,90,category_default,,
osm:way:653161612,20,45,90,category_default,,
osm:way:653161619,20,45,90,category_default,,
osm:way:653161697,20,45,90,category_default,,
osm:way:653161701,20,45,90,category_default,,
osm:way:653161799,20,45,90,category_default,,
osm:way:653726077,180,300,480,category_default,,
osm:way:653733528,30,60,120,category_default,,
osm:way:653946642,20,45,90,category_default,,
osm:way:654251642,30,60,120,category_default,,
osm:way:654251722,20,45,90,category_default,,
osm:way:654251725,20,45,90,category_default,,
osm:way:654251798,20,45,90,category_default,,
osm:way:656501345,20,45,90,category_default,,
osm:way:656501346,20,45,90,category_default,,
osm:way:656501377,30,60,120,category_default,,
osm:way:657444778,20,45,90,category_default,,
osm:way:657444781,20,45,90,category_default,,
osm:way:657444797,20,45,90,category_default,,
osm:way:657897276,20,45,90,category_default,,
osm:way:657897311,20,45,90,category_default,,
osm:way:657897343,20,45,90,category_default,,
osm:way:657897364,20,45,90,category_default,,
osm:way:657897369,20,45,75,category_default,,
osm:way:657897470,20,45,90,category_default,,
osm:way:658468461,20,45,90,category_default,,
osm:way:658708385,20,45,90,category_default,,
osm:way:658723786,20,45,90,category_default,,
osm:way:658723802,20,45,90,category_default,,
osm:way:658723813,20,45,90,category_default,,
osm:way:658723817,20,45,90,category_default,,
osm:way:658723832,20,45,90,category_default,,
osm:way:658723847,20,45,90,category_default,,
osm:way:658723860,20,45,90,category_default,,
osm:way:658723942,20,45,90,category_default,,
osm:way:659038342,20,45,90,category_default,,
osm:way:659038352,20,45,90,category_default,,
osm:way:659038392,20,45,90,category_default,,
osm:way:659038436,20,45,90,category_default,,
osm:way:659038461,20,45,90,category_default,,
osm:way:659054388,20,45,90,category_default,,
osm:way:659054397,20,45,90,category_default,,
osm:way:659079695,20,45,90,category_default,,
osm:way:659079714,30,60,120,category_default,,
osm:way:659079806,20,45,90,category_default,,
osm:way:659079818,20,45,90,category_default,,
osm:way:659079875,20,45,90,category_default,,
osm:way:659079882,20,45,90,category_default,,
osm:way:659079915,20,45,90,category_default,,
osm:way:659079923,20,45,90,category_default,,
osm:way:659079938,20,45,90,category_default,,
osm:way:659087194,20,45,90,category_default,,
osm:way:659087197,20,45,90,category_default,,
osm:way:659087203,20,45,90,category_default,,
osm:way:659304522,20,45,90,category_default,,
osm:way:659304529,20,45,90,category_default,,
osm:way:659304554,20,45,90,category_default,,
osm:way:659304563,30,60,120,category_default,,
osm:way:659304575,20,45,90,category_default,,
osm:way:659304582,30,60,120,category_default,,
osm:way:659837204,20,45,90,category_default,,
osm:way:659837212,20,45,90,category_default,,
osm:way:659860808,20,45,90,category_default,,
osm:way:659860813,20,45,90,category_default,,
osm:way:659860818,20,45,90,category_default,,
osm:way:659860847,20,45,90,category_default,,
osm:way:659909923,20,45,90,category_default,,
osm:way:659909926,20,45,90,category_default,,
osm:way:659909934,20,45,90,category_default,,
osm:way:659909945,20,45,90,category_default,,
osm:way:659909983,20,45,90,category_default,,
osm:way:659909987,20,45,90,category_default,,
osm:way:659909990,20,45,90,category_default,,
osm:way:659910060,20,45,90,category_default,,
osm:way:659910064,20,45,90,category_default,,
osm:way:659915523,20,45,90,category_default,,
osm:way:659915537,20,45,90,category_default,,
osm:way:659915539,20,45,90,category_default,,
osm:way:659915634,20,45,90,category_default,,
osm:way:660104575,180,300,480,category_default,,
osm:way:660703530,20,45,90,category_default,,
osm:way:660703540,20,45,90,category_default,,
osm:way:660703542,20,45,90,category_default,,
osm:way:660703575,20,45,90,category_default,,
osm:way:660703576,20,45,90,category_default,,
osm:way:660703580,20,45,90,category_default,,
osm:way:660703666,20,45,90,category_default,,
osm:way:660703687,20,45,90,category_default,,
osm:way:660703700,20,45,90,category_default,,
osm:way:660703729,20,45,90,category_default,,
osm:way:660703739,20,45,90,category_default,,
osm:way:661138320,20,45,90,category_default,,
osm:way:661138331,30,60,120,category_default,,
osm:way:661138333,20,45,90,category_default,,
osm:way:661138364,20,45,90,category_default,,
osm:way:661138411,20,45,75,category_default,,
osm:way:661138416,20,45,90,category_default,,
osm:way:661138430,20,45,90,category_default,,
osm:way:661138433,20,45,90,category_default,,
osm:way:661138458,20,45,90,category_default,,
osm:way:661138462,20,45,90,category_default,,
osm:way:661161551,20,45,90,category_default,,
osm:way:661161552,20,45,90,category_default,,
osm:way:661161561,30,60,120,category_default,,
osm:way:661161573,20,45,90,category_default,,
osm:way:661161575,20,45,90,category_default,,
osm:way:661161582,20,45,90,category_default,,
osm:way:661161629,20,45,90,category_default,,
osm:way:661161633,20,45,90,category_default,,
osm:way:661165879,30,60,120,category_default,,
osm:way:661451716,20,45,90,category_default,,
osm:way:661451739,20,45,90,category_default,,
osm:way:661451740,20,45,90,category_default,,
osm:way:661451824,20,45,90,category_default,,
osm:way:661451833,20,45,90,category_default,,
osm:way:661734160,30,60,120,category_default,,
osm:way:661754770,30,60,120,category_default,,
osm:way:661754877,20,45,90,category_default,,
osm:way:661755085,30,60,120,category_default,,
osm:way:662555829,20,45,90,category_default,,
osm:way:662621226,20,45,90,category_default,,
osm:way:663150571,20,45,90,category_default,,
osm:way:663150639,20,45,90,category_default,,
osm:way:663150696,20,45,90,category_default,,
osm:way:663150700,20,45,90,category_default,,
osm:way:663150722,20,45,90,category_default,,
osm:way:663150763,20,45,90,category_default,,
osm:way:663494736,20,45,90,category_default,,
osm:way:663494744,20,45,90,category_default,,
osm:way:663494784,20,45,90,category_default,,
osm:way:663777771,20,45,90,category_default,,
osm:way:663786003,20,45,90,category_default,,
osm:way:663786005,20,45,90,category_default,,
osm:way:664540905,20,45,90,category_default,,
osm:way:664540912,20,45,90,category_default,,
osm:way:664540916,20,45,90,category_default,,
osm:way:664540946,20,45,90,category_default,,
osm:way:664546734,20,45,90,category_default,,
osm:way:664546739,20,45,90,category_default,,
osm:way:664546741,20,45,90,category_default,,
osm:way:664546751,20,45,90,category_default,,
osm:way:664557157,20,45,90,category_default,,
osm:way:664557312,30,60,120,category_default,,
osm:way:664573945,20,45,90,category_default,,
osm:way:664573950,30,60,120,category_default,,
osm:way:664573955,20,45,90,category_default,,
osm:way:664573960,20,45,90,category_default,,
osm:way:664624482,20,45,90,category_default,,
osm:way:664624647,20,45,90,category_default,,
osm:way:664624734,20,45,90,category_default,,
osm:way:664624766,20,45,90,category_default,,
osm:way:664826820,20,45,90,category_default,,
osm:way:664826866,20,45,90,category_default,,
osm:way:664826906,20,45,90,category_default,,
osm:way:664975335,20,45,90,category_default,,
osm:way:665312402,20,45,90,category_default,,
osm:way:665312407,20,45,90,category_default,,
osm:way:665312415,20,45,90,category_default,,
osm:way:665316829,20,45,90,category_default,,
osm:way:665316861,20,45,90,category_default,,
osm:way:665316871,20,45,90,category_default,,
osm:way:665576232,20,45,90,category_default,,
osm:way:665576305,20,45,90,category_default,,
osm:way:665576421,20,45,90,category_default,,
osm:way:665576450,20,45,90,category_default,,
osm:way:665576456,20,45,90,category_default,,
osm:way:665848912,20,45,90,category_default,,
osm:way:666101140,20,45,90,category_default,,
osm:way:666101160,20,45,90,category_default,,
osm:way:666101171,20,45,90,category_default,,
osm:way:666101185,20,45,90,category_default,,
osm:way:666101193,20,45,90,category_default,,
osm:way:666214713,20,45,90,category_default,,
osm:way:666229912,20,45,90,category_default,,
osm:way:666229968,20,45,90,category_default,,
osm:way:666230003,20,45,90,category_default,,
osm:way:666230008,20,45,90,category_default,,
osm:way:666230033,20,45,90,category_default,,
osm:way:666291259,20,45,90,category_default,,
osm:way:666291264,20,45,90,category_default,,
osm:way:666291294,20,45,90,category_default,,
osm:way:666291296,20,45,90,category_default,,
osm:way:666291308,20,45,90,category_default,,
osm:way:666291332,20,45,90,category_default,,
osm:way:666291348,20,45,90,category_default,,
osm:way:666291353,20,45,90,category_default,,
osm:way:666291393,20,45,90,category_default,,
osm:way:666291398,20,45,90,category_default,,
osm:way:666386907,20,45,90,category_default,,
osm:way:666404181,20,45,90,category_default,,
osm:way:666404189,20,45,90,category_default,,
osm:way:666404212,20,45,90,category_default,,
osm:way:666404218,20,45,90,category_default,,
osm:way:666404226,30,60,120,category_default,,
osm:way:666404235,20,45,90,category_default,,
osm:way:666404242,20,45,90,category_default,,
osm:way:666407569,20,45,90,category_default,,
osm:way:666407587,20,45,90,category_default,,
osm:way:666407598,20,45,90,category_default,,
osm:way:666407652,20,45,90,category_default,,
osm:way:666407653,20,45,90,category_default,,
osm:way:666407654,20,45,90,category_default,,
osm:way:666407655,20,45,90,category_default,,
osm:way:666407656,20,45,90,category_default,,
osm:way:666407657,20,45,90,category_default,,
osm:way:666407658,20,45,90,category_default,,
osm:way:666407659,20,45,90,category_default,,
osm:way:666434094,20,45,90,category_default,,
osm:way:666434095,20,45,90,category_default,,
osm:way:666455822,20,45,90,category_default,,
osm:way:666455934,20,45,75,category_default,,
osm:way:666456004,20,45,90,category_default,,
osm:way:666456023,20,45,90,category_default,,
osm:way:666456055,30,60,120,category_default,,
osm:way:666456185,20,45,90,category_default,,
osm:way:666456186,20,45,90,category_default,,
osm:way:666462036,20,45,90,category_default,,
osm:way:666462073,20,45,90,category_default,,
osm:way:666569008,20,45,90,category_default,,
osm:way:666615487,20,45,90,category_default,,
osm:way:666615492,20,45,90,category_default,,
osm:way:666615498,20,45,90,category_default,,
osm:way:666636724,20,45,90,category_default,,
osm:way:666636727,20,45,90,category_default,,
osm:way:666636730,20,45,90,category_default,,
osm:way:666647396,20,45,90,category_default,,
osm:way:666647433,20,45,90,category_default,,
osm:way:666647454,20,45,90,category_default,,
osm:way:666658987,30,60,120,category_default,,
osm:way:666659051,20,45,90,category_default,,
osm:way:666659075,20,45,90,category_default,,
osm:way:666659081,20,45,90,category_default,,
osm:way:667222030,20,45,90,category_default,,
osm:way:667222031,20,45,90,category_default,,
osm:way:667222039,20,45,90,category_default,,
osm:way:667222138,20,45,90,category_default,,
osm:way:667222148,30,60,120,category_default,,
osm:way:667222149,20,45,75,category_default,,
osm:way:667380729,20,45,90,category_default,,
osm:way:667459203,20,45,90,category_default,,
osm:way:667459317,20,45,90,category_default,,
osm:way:667459344,20,45,90,category_default,,
osm:way:667459352,20,45,90,category_default,,
osm:way:667459354,20,45,90,category_default,,
osm:way:667662262,20,45,90,category_default,,
osm:way:667662279,20,45,90,category_default,,
osm:way:667662290,20,45,90,category_default,,
osm:way:667662301,20,45,90,category_default,,
osm:way:667685013,20,45,90,category_default,,
osm:way:667871304,20,45,90,category_default,,
osm:way:667871348,20,45,90,category_default,,
osm:way:667873029,20,45,90,category_default,,
osm:way:668231134,20,45,90,category_default,,
osm:way:668231170,20,45,90,category_default,,
osm:way:668231185,30,60,120,category_default,,
osm:way:668449648,20,45,90,category_default,,
osm:way:668449705,20,45,90,category_default,,
osm:way:668449707,20,45,90,category_default,,
osm:way:668449712,20,45,90,category_default,,
osm:way:668640522,20,45,90,category_default,,
osm:way:668640542,20,45,90,category_default,,
osm:way:668640550,20,45,90,category_default,,
osm:way:668640557,20,45,90,category_default,,
osm:way:668640575,20,45,90,category_default,,
osm:way:668640597,20,45,90,category_default,,
osm:way:668649096,20,45,90,category_default,,
osm:way:668649112,20,45,90,category_default,,
osm:way:668649240,20,45,90,category_default,,
osm:way:668869842,20,45,75,category_default,,
osm:way:668869848,20,45,90,category_default,,
osm:way:668869864,20,45,90,category_default,,
osm:way:668869945,20,45,90,category_default,,
osm:way:668869953,20,45,90,category_default,,
osm:way:668869956,20,45,90,category_default,,
osm:way:669124829,20,45,90,category_default,,
osm:way:669124923,20,45,90,category_default,,
osm:way:669124935,20,45,90,category_default,,
osm:way:669124973,20,45,90,category_default,,
osm:way:669125008,20,45,90,category_default,,
osm:way:669125040,20,45,90,category_default,,
osm:way:669125070,20,45,90,category_default,,
osm:way:669125218,30,60,120,category_default,,
osm:way:669256070,20,45,90,category_default,,
osm:way:669312869,20,45,90,category_default,,
osm:way:669312879,20,45,90,category_default,,
osm:way:669312886,20,45,90,category_default,,
osm:way:669325493,20,45,90,category_default,,
osm:way:669329015,20,45,90,category_default,,
osm:way:669329021,20,45,90,category_default,,
osm:way:669329418,20,45,90,category_default,,
osm:way:669499358,20,45,90,category_default,,
osm:way:669499449,20,45,90,category_default,,
osm:way:669499456,20,45,90,category_default,,
osm:way:669499462,20,45,90,category_default,,
osm:way:669630370,30,60,120,category_default,,
osm:way:669691694,20,45,90,category_default,,
osm:way:669691726,20,45,90,category_default,,
osm:way:669691744,20,45,90,category_default,,
osm:way:669691791,20,45,90,category_default,,
osm:way:669691914,20,45,90,category_default,,
osm:way:669863010,20,45,90,category_default,,
osm:way:669955460,45,90,150,category_default,,
osm:way:669955493,20,45,90,category_default,,
osm:way:670451940,30,60,120,category_default,,
osm:way:670451943,20,45,90,category_default,,
osm:way:670451944,20,45,90,category_default,,
osm:way:670451945,20,45,90,category_default,,
osm:way:670451949,20,45,90,category_default,,
osm:way:671060394,20,45,90,category_default,,
osm:way:671060406,30,60,120,category_default,,
osm:way:671242025,20,45,90,category_default,,
osm:way:671242029,20,45,90,category_default,,
osm:way:671242107,20,45,90,category_default,,
osm:way:671362739,30,60,120,category_default,,
osm:way:671691474,20,45,90,category_default,,
osm:way:671805448,20,45,90,category_default,,
osm:way:672013921,20,45,90,category_default,,
osm:way:672383346,30,60,120,category_default,,
osm:way:672383386,30,60,120,category_default,,
osm:way:672385489,20,45,90,category_default,,
osm:way:672575639,30,60,120,category_default,,
osm:way:672575880,30,60,120,category_default,,
osm:way:672576392,30,60,120,category_default,,
osm:way:672576854,30,60,120,category_default,,
osm:way:672578234,20,45,90,category_default,,
osm:way:672856185,20,45,90,category_default,,
osm:way:673000679,30,60,120,category_default,,
osm:way:673072446,20,45,90,category_default,,
osm:way:673096986,30,60,120,category_default,,
osm:way:673096992,30,60,120,category_default,,
osm:way:673097001,20,45,90,category_default,,
osm:way:674228542,30,60,120,category_default,,
osm:way:674228548,20,45,90,category_default,,
osm:way:674228574,20,45,90,category_default,,
osm:way:674228634,30,60,120,category_default,,
osm:way:674419334,20,45,90,category_default,,
osm:way:674427693,30,60,120,category_default,,
osm:way:674765719,20,45,90,category_default,,
osm:way:674801575,20,45,90,category_default,,
osm:way:674801591,20,45,90,category_default,,
osm:way:674801593,20,45,90,category_default,,
osm:way:674801633,20,45,90,category_default,,
osm:way:674801676,20,45,90,category_default,,
osm:way:675085867,30,60,120,category_default,,
osm:way:675089668,30,60,120,category_default,,
osm:way:675567588,20,45,90,category_default,,
osm:way:675572227,20,45,90,category_default,,
osm:way:675572450,30,60,120,category_default,,
osm:way:675604354,30,60,120,category_default,,
osm:way:675609183,30,60,120,category_default,,
osm:way:675609191,30,60,120,category_default,,
osm:way:675609192,30,60,120,category_default,,
osm:way:675609211,30,60,120,category_default,,
osm:way:675609214,30,60,120,category_default,,
osm:way:675609220,30,60,120,category_default,,
osm:way:675609221,30,60,120,category_default,,
osm:way:675609227,30,60,120,category_default,,
osm:way:675609228,30,60,120,category_default,,
osm:way:675747532,20,45,90,category_default,,
osm:way:675750811,20,45,90,category_default,,
osm:way:675751078,30,60,120,category_default,,
osm:way:675751079,30,60,120,category_default,,
osm:way:675751080,30,60,120,category_default,,
osm:way:675758915,20,45,90,category_default,,
osm:way:675760353,20,45,90,category_default,,
osm:way:675760354,20,45,90,category_default,,
osm:way:675939898,30,60,120,category_default,,
osm:way:675945696,20,45,75,category_default,,
osm:way:675946666,30,60,120,category_default,,
osm:way:675949349,30,60,120,category_default,,
osm:way:675949350,30,60,120,category_default,,
osm:way:675996045,20,45,90,category_default,,
osm:way:676780280,20,45,90,category_default,,
osm:way:676796073,20,45,90,category_default,,
osm:way:676796113,20,45,90,category_default,,
osm:way:677038212,30,60,120,category_default,,
osm:way:677227553,20,45,75,category_default,,
osm:way:677419454,30,60,120,category_default,,
osm:way:677618844,20,45,90,category_default,,
osm:way:677629841,20,45,90,category_default,,
osm:way:677742782,20,45,90,category_default,,
osm:way:677781398,30,60,120,category_default,,
osm:way:678009533,20,45,90,category_default,,
osm:way:678009631,20,45,90,category_default,,
osm:way:678143560,20,45,90,category_default,,
osm:way:678143729,20,45,90,category_default,,
osm:way:678843319,20,45,90,category_default,,
osm:way:679378178,20,45,90,category_default,,
osm:way:679438389,20,45,90,category_default,,
osm:way:680054145,20,45,90,category_default,,
osm:way:680054168,30,60,120,category_default,,
osm:way:680054170,45,90,150,category_default,,
osm:way:680054381,20,45,90,category_default,,
osm:way:680093668,30,60,120,category_default,,
osm:way:680261892,20,45,75,category_default,,
osm:way:680569909,20,45,90,category_default,,
osm:way:680569913,20,45,90,category_default,,
osm:way:680569927,20,45,90,category_default,,
osm:way:680569931,20,45,90,category_default,,
osm:way:680690057,20,45,90,category_default,,
osm:way:680884730,20,45,90,category_default,,
osm:way:680884757,20,45,90,category_default,,
osm:way:680884771,20,45,90,category_default,,
osm:way:680961893,20,45,90,category_default,,
osm:way:680968171,20,45,90,category_default,,
osm:way:680976892,20,45,90,category_default,,
osm:way:680976906,20,45,90,category_default,,
osm:way:681175689,20,45,90,category_default,,
osm:way:681258449,20,45,90,category_default,,
osm:way:681265511,20,45,90,category_default,,
osm:way:681334918,30,60,120,category_default,,
osm:way:681362120,20,45,90,category_default,,
osm:way:681362121,20,45,90,category_default,,
osm:way:681362124,20,45,90,category_default,,
osm:way:681362148,20,45,90,category_default,,
osm:way:681362178,20,45,90,category_default,,
osm:way:681362195,30,60,120,category_default,,
osm:way:681362208,20,45,90,category_default,,
osm:way:681362272,20,45,90,category_default,,
osm:way:681362273,20,45,90,category_default,,
osm:way:681362275,20,45,90,category_default,,
osm:way:681368693,20,45,90,category_default,,
osm:way:681608983,20,45,90,category_default,,
osm:way:681652573,20,45,90,category_default,,
osm:way:681860860,20,45,90,category_default,,
osm:way:682073231,20,45,90,category_default,,
osm:way:682073307,20,45,90,category_default,,
osm:way:682073319,20,45,90,category_default,,
osm:way:682076314,20,45,90,category_default,,
osm:way:682076319,20,45,90,category_default,,
osm:way:682076325,20,45,90,category_default,,
osm:way:682095497,20,45,90,category_default,,
osm:way:682095516,20,45,90,category_default,,
osm:way:682095541,20,45,90,category_default,,
osm:way:682095546,20,45,90,category_default,,
osm:way:682095595,20,45,90,category_default,,
osm:way:682250552,20,45,90,category_default,,
osm:way:682250577,20,45,90,category_default,,
osm:way:682250584,20,45,90,category_default,,
osm:way:682250585,20,45,90,category_default,,
osm:way:682412572,30,60,120,category_default,,
osm:way:682412596,20,45,90,category_default,,
osm:way:682412598,20,45,90,category_default,,
osm:way:682412599,20,45,90,category_default,,
osm:way:682412610,20,45,90,category_default,,
osm:way:682412611,20,45,90,category_default,,
osm:way:682689458,20,45,90,category_default,,
osm:way:683113614,20,45,75,category_default,,
osm:way:683113618,20,45,90,category_default,,
osm:way:683113629,20,45,90,category_default,,
osm:way:683156865,20,45,90,category_default,,
osm:way:683639731,30,60,120,category_default,,
osm:way:683663737,30,60,120,category_default,,
osm:way:683697157,20,45,90,category_default,,
osm:way:683697174,20,45,90,category_default,,
osm:way:683697179,20,45,90,category_default,,
osm:way:683718879,20,45,90,category_default,,
osm:way:683910618,20,45,90,category_default,,
osm:way:683910622,20,45,90,category_default,,
osm:way:683910654,20,45,90,category_default,,
osm:way:683910660,30,60,120,category_default,,
osm:way:683910661,20,45,90,category_default,,
osm:way:683910665,20,45,90,category_default,,
osm:way:683917138,20,45,90,category_default,,
osm:way:683917144,20,45,90,category_default,,
osm:way:683917145,20,45,90,category_default,,
osm:way:684156656,20,45,90,category_default,,
osm:way:684291658,20,45,90,category_default,,
osm:way:684391444,20,45,90,category_default,,
osm:way:684391453,20,45,90,category_default,,
osm:way:684391534,30,60,120,category_default,,
osm:way:684599251,30,60,120,category_default,,
osm:way:684600801,30,60,120,category_default,,
osm:way:684692620,20,45,90,category_default,,
osm:way:684802037,20,45,90,category_default,,
osm:way:684802054,20,45,90,category_default,,
osm:way:684802055,20,45,90,category_default,,
osm:way:684802066,30,60,120,category_default,,
osm:way:684802071,20,45,90,category_default,,
osm:way:684802076,20,45,90,category_default,,
osm:way:684802085,20,45,90,category_default,,
osm:way:684861250,20,45,90,category_default,,
osm:way:684861251,20,45,90,category_default,,
osm:way:684960465,20,45,90,category_default,,
osm:way:685081258,20,45,90,category_default,,
osm:way:685081272,20,45,90,category_default,,
osm:way:685081304,20,45,90,category_default,,
osm:way:685081305,20,45,90,category_default,,
osm:way:685081311,20,45,90,category_default,,
osm:way:685081314,20,45,90,category_default,,
osm:way:685081317,20,45,90,category_default,,
osm:way:685081328,20,45,90,category_default,,
osm:way:685242229,30,60,120,category_default,,
osm:way:685444923,20,45,90,category_default,,
osm:way:685445004,20,45,90,category_default,,
osm:way:685452011,30,60,120,category_default,,
osm:way:685470977,20,45,90,category_default,,
osm:way:685470978,20,45,90,category_default,,
osm:way:685470979,20,45,90,category_default,,
osm:way:685470980,20,45,90,category_default,,
osm:way:685470983,20,45,90,category_default,,
osm:way:685470984,20,45,90,category_default,,
osm:way:685470985,20,45,90,category_default,,
osm:way:685470986,20,45,90,category_default,,
osm:way:685470987,20,45,90,category_default,,
osm:way:685470988,20,45,90,category_default,,
osm:way:685470990,20,45,90,category_default,,
osm:way:685470996,20,45,90,category_default,,
osm:way:685470997,20,45,90,category_default,,
osm:way:685470998,20,45,90,category_default,,
osm:way:685471004,20,45,90,category_default,,
osm:way:685471005,20,45,90,category_default,,
osm:way:685471006,20,45,90,category_default,,
osm:way:685471008,20,45,90,category_default,,
osm:way:685471009,20,45,90,category_default,,
osm:way:685664884,20,45,90,category_default,,
osm:way:685664889,20,45,90,category_default,,
osm:way:685664899,20,45,90,category_default,,
osm:way:685664903,20,45,90,category_default,,
osm:way:685664950,20,45,90,category_default,,
osm:way:685664963,20,45,90,category_default,,
osm:way:685664981,20,45,90,category_default,,
osm:way:685665001,20,45,90,category_default,,
osm:way:685665021,20,45,90,category_default,,
osm:way:685665040,20,45,90,category_default,,
osm:way:685844897,20,45,90,category_default,,
osm:way:685844905,20,45,90,category_default,,
osm:way:685844906,20,45,90,category_default,,
osm:way:685844922,20,45,90,category_default,,
osm:way:685844942,20,45,90,category_default,,
osm:way:685855029,20,45,90,category_default,,
osm:way:686120767,20,45,90,category_default,,
osm:way:686120808,20,45,90,category_default,,
osm:way:686120825,20,45,90,category_default,,
osm:way:686127706,20,45,90,category_default,,
osm:way:686127715,20,45,90,category_default,,
osm:way:686129769,20,45,90,category_default,,
osm:way:686255392,20,45,90,category_default,,
osm:way:686288573,20,45,90,category_default,,
osm:way:686288578,30,60,120,category_default,,
osm:way:686288588,20,45,90,category_default,,
osm:way:686288593,20,45,90,category_default,,
osm:way:686293492,20,45,90,category_default,,
osm:way:686293502,20,45,90,category_default,,
osm:way:686293513,20,45,90,category_default,,
osm:way:686293530,20,45,90,category_default,,
osm:way:686293541,20,45,90,category_default,,
osm:way:686296020,20,45,90,category_default,,
osm:way:686296044,20,45,90,category_default,,
osm:way:686359299,30,60,120,category_default,,
osm:way:686360705,30,60,120,category_default,,
osm:way:686607117,20,45,90,category_default,,
osm:way:686746326,20,45,90,category_default,,
osm:way:686792761,20,45,90,category_default,,
osm:way:687707765,20,45,90,category_default,,
osm:way:688120166,30,60,120,category_default,,
osm:way:688156950,20,45,90,category_default,,
osm:way:688156963,20,45,90,category_default,,
osm:way:688157029,20,45,90,category_default,,
osm:way:688157063,20,45,90,category_default,,
osm:way:688382470,20,45,75,category_default,,
osm:way:688412146,20,45,90,category_default,,
osm:way:688412252,20,45,90,category_default,,
osm:way:688412263,20,45,90,category_default,,
osm:way:688412270,20,45,90,category_default,,
osm:way:688412271,20,45,90,category_default,,
osm:way:688635181,20,45,90,category_default,,
osm:way:688635193,20,45,90,category_default,,
osm:way:689325031,20,45,90,category_default,,
osm:way:689325061,20,45,90,category_default,,
osm:way:689466124,20,45,90,category_default,,
osm:way:689472991,20,45,90,category_default,,
osm:way:689472995,20,45,90,category_default,,
osm:way:689473013,20,45,90,category_default,,
osm:way:689473020,30,60,120,category_default,,
osm:way:689474175,20,45,90,category_default,,
osm:way:689652393,20,45,90,category_default,,
osm:way:689652415,20,45,90,category_default,,
osm:way:689652429,20,45,90,category_default,,
osm:way:689652433,20,45,90,category_default,,
osm:way:689652438,20,45,90,category_default,,
osm:way:689652456,20,45,90,category_default,,
osm:way:689652500,30,60,120,category_default,,
osm:way:689684113,20,45,90,category_default,,
osm:way:690132854,45,90,150,category_default,,
osm:way:690204938,20,45,90,category_default,,
osm:way:690221414,20,45,90,category_default,,
osm:way:690221436,20,45,90,category_default,,
osm:way:690221448,20,45,90,category_default,,
osm:way:690221469,20,45,90,category_default,,
osm:way:690221470,20,45,90,category_default,,
osm:way:690221477,20,45,90,category_default,,
osm:way:690221483,20,45,90,category_default,,
osm:way:690221491,20,45,90,category_default,,
osm:way:690244813,20,45,90,category_default,,
osm:way:690496885,20,45,90,category_default,,
osm:way:690496907,20,45,90,category_default,,
osm:way:690605759,20,45,90,category_default,,
osm:way:690682596,30,60,120,category_default,,
osm:way:690729248,20,45,90,category_default,,
osm:way:690729255,20,45,90,category_default,,
osm:way:690729261,20,45,90,category_default,,
osm:way:690729336,20,45,90,category_default,,
osm:way:690841004,20,45,75,category_default,,
osm:way:690902042,20,45,90,category_default,,
osm:way:690980946,20,45,90,category_default,,
osm:way:690984601,20,45,90,category_default,,
osm:way:690984606,20,45,90,category_default,,
osm:way:690984639,20,45,90,category_default,,
osm:way:690984648,20,45,90,category_default,,
osm:way:690984664,20,45,90,category_default,,
osm:way:690984666,20,45,90,category_default,,
osm:way:691040890,20,45,90,category_default,,
osm:way:691040903,20,45,90,category_default,,
osm:way:691040923,20,45,90,category_default,,
osm:way:691040927,20,45,90,category_default,,
osm:way:691040962,20,45,90,category_default,,
osm:way:691040966,20,45,90,category_default,,
osm:way:691227546,20,45,90,category_default,,
osm:way:691227547,20,45,90,category_default,,
osm:way:691227553,20,45,90,category_default,,
osm:way:691227601,20,45,90,category_default,,
osm:way:691227614,20,45,90,category_default,,
osm:way:691227633,20,45,90,category_default,,
osm:way:691227648,20,45,90,category_default,,
osm:way:691444067,20,45,90,category_default,,
osm:way:691444068,20,45,90,category_default,,
osm:way:691444086,20,45,90,category_default,,
osm:way:691444092,20,45,90,category_default,,
osm:way:691444111,20,45,90,category_default,,
osm:way:691444122,20,45,90,category_default,,
osm:way:691677184,20,45,90,category_default,,
osm:way:691677189,20,45,90,category_default,,
osm:way:691968364,20,45,90,category_default,,
osm:way:691968365,20,45,90,category_default,,
osm:way:691968375,20,45,90,category_default,,
osm:way:691968380,20,45,90,category_default,,
osm:way:692145121,30,60,120,category_default,,
osm:way:692147048,20,45,90,category_default,,
osm:way:692383407,20,45,90,category_default,,
osm:way:692383431,20,45,90,category_default,,
osm:way:692383432,20,45,90,category_default,,
osm:way:692383459,20,45,90,category_default,,
osm:way:692383466,20,45,90,category_default,,
osm:way:692394450,20,45,90,category_default,,
osm:way:692394462,20,45,90,category_default,,
osm:way:692595884,30,60,120,category_default,,
osm:way:693082790,45,90,150,category_default,,
osm:way:693086309,20,45,90,category_default,,
osm:way:693086312,20,45,90,category_default,,
osm:way:693383334,20,45,90,category_default,,
osm:way:693441028,20,45,90,category_default,,
osm:way:693878907,20,45,90,category_default,,
osm:way:693903041,30,60,120,category_default,,
osm:way:693903044,45,90,150,category_default,,
osm:way:693903111,20,45,90,category_default,,
osm:way:694296716,20,45,90,category_default,,
osm:way:694327317,20,45,90,category_default,,
osm:way:694327318,20,45,90,category_default,,
osm:way:694327319,20,45,90,category_default,,
osm:way:694327320,20,45,90,category_default,,
osm:way:694327321,20,45,90,category_default,,
osm:way:694327322,20,45,90,category_default,,
osm:way:694327323,20,45,90,category_default,,
osm:way:694327324,20,45,90,category_default,,
osm:way:694327325,20,45,90,category_default,,
osm:way:694327326,20,45,90,category_default,,
osm:way:694327327,20,45,90,category_default,,
osm:way:694327328,20,45,90,category_default,,
osm:way:694327329,20,45,90,category_default,,
osm:way:694331965,20,45,90,category_default,,
osm:way:694331966,20,45,90,category_default,,
osm:way:694331967,20,45,90,category_default,,
osm:way:694331968,20,45,90,category_default,,
osm:way:694331969,20,45,90,category_default,,
osm:way:694331970,20,45,90,category_default,,
osm:way:694351743,20,45,90,category_default,,
osm:way:694351744,20,45,90,category_default,,
osm:way:694351746,20,45,90,category_default,,
osm:way:694351747,20,45,90,category_default,,
osm:way:694352945,20,45,90,category_default,,
osm:way:694352946,20,45,90,category_default,,
osm:way:694479601,20,45,90,category_default,,
osm:way:694568603,20,45,90,category_default,,
osm:way:695008783,20,45,90,category_default,,
osm:way:695035690,20,45,90,category_default,,
osm:way:695035691,20,45,90,category_default,,
osm:way:695035692,20,45,90,category_default,,
osm:way:695038354,20,45,90,category_default,,
osm:way:695038355,20,45,90,category_default,,
osm:way:695038356,20,45,90,category_default,,
osm:way:695039561,20,45,90,category_default,,
osm:way:695039562,20,45,90,category_default,,
osm:way:695039563,20,45,90,category_default,,
osm:way:695039564,20,45,90,category_default,,
osm:way:695039566,20,45,90,category_default,,
osm:way:695042542,20,45,90,category_default,,
osm:way:695260210,20,45,90,category_default,,
osm:way:695260211,20,45,90,category_default,,
osm:way:695260213,20,45,90,category_default,,
osm:way:695260214,20,45,90,category_default,,
osm:way:695260215,20,45,90,category_default,,
osm:way:695260216,20,45,90,category_default,,
osm:way:695260217,20,45,90,category_default,,
osm:way:695260218,20,45,90,category_default,,
osm:way:695260221,20,45,90,category_default,,
osm:way:695260222,20,45,90,category_default,,
osm:way:695260223,20,45,90,category_default,,
osm:way:695260224,20,45,90,category_default,,
osm:way:695260225,20,45,90,category_default,,
osm:way:695260226,20,45,90,category_default,,
osm:way:695260227,20,45,90,category_default,,
osm:way:695260228,20,45,90,category_default,,
osm:way:695260229,20,45,90,category_default,,
osm:way:695306820,20,45,90,category_default,,
osm:way:695306821,20,45,90,category_default,,
osm:way:695621906,20,45,90,category_default,,
osm:way:695629371,20,45,90,category_default,,
osm:way:695630426,20,45,90,category_default,,
osm:way:695775601,20,45,90,category_default,,
osm:way:695775607,30,60,120,category_default,,
osm:way:695810695,30,60,120,category_default,,
osm:way:695810696,20,45,90,category_default,,
osm:way:695810698,30,60,120,category_default,,
osm:way:695810710,30,60,120,category_default,,
osm:way:695810733,30,60,120,category_default,,
osm:way:695810763,20,45,75,category_default,,
osm:way:695810789,20,45,75,category_default,,
osm:way:695810891,20,45,90,category_default,,
osm:way:695895029,30,60,120,category_default,,
osm:way:695895031,20,45,75,category_default,,
osm:way:695949047,30,60,120,category_default,,
osm:way:695949048,20,45,75,category_default,,
osm:way:695949057,20,45,90,category_default,,
osm:way:695949060,20,45,75,category_default,,
osm:way:695981299,20,45,90,category_default,,
osm:way:696072946,20,45,90,category_default,,
osm:way:696075747,20,45,90,category_default,,
osm:way:696389268,30,60,120,category_default,,
osm:way:696389287,20,45,75,category_default,,
osm:way:696668911,20,45,75,category_default,,
osm:way:696677926,20,45,90,category_default,,
osm:way:696698294,20,45,90,category_default,,
osm:way:696698299,20,45,90,category_default,,
osm:way:696698302,20,45,90,category_default,,
osm:way:696698303,20,45,90,category_default,,
osm:way:696698304,20,45,90,category_default,,
osm:way:696698305,20,45,90,category_default,,
osm:way:696698306,20,45,90,category_default,,
osm:way:696698307,20,45,90,category_default,,
osm:way:696698308,20,45,90,category_default,,
osm:way:696698309,20,45,90,category_default,,
osm:way:696698310,20,45,90,category_default,,
osm:way:696698311,20,45,90,category_default,,
osm:way:696698312,20,45,90,category_default,,
osm:way:696698313,20,45,90,category_default,,
osm:way:696705902,20,45,90,category_default,,
osm:way:696705909,20,45,90,category_default,,
osm:way:696705910,20,45,90,category_default,,
osm:way:696705911,20,45,90,category_default,,
osm:way:696705912,20,45,90,category_default,,
osm:way:696705913,20,45,90,category_default,,
osm:way:696705914,20,45,90,category_default,,
osm:way:696705915,20,45,90,category_default,,
osm:way:696705916,20,45,90,category_default,,
osm:way:696705917,20,45,90,category_default,,
osm:way:696705918,20,45,90,category_default,,
osm:way:696752473,20,45,90,category_default,,
osm:way:696791453,30,60,120,category_default,,
osm:way:696931898,20,45,90,category_default,,
osm:way:696931900,20,45,90,category_default,,
osm:way:696931901,20,45,90,category_default,,
osm:way:696931902,20,45,90,category_default,,
osm:way:696931903,20,45,90,category_default,,
osm:way:696931904,20,45,90,category_default,,
osm:way:696931905,20,45,90,category_default,,
osm:way:696931906,20,45,90,category_default,,
osm:way:696931907,20,45,90,category_default,,
osm:way:696931908,20,45,90,category_default,,
osm:way:696931909,20,45,90,category_default,,
osm:way:696931910,20,45,90,category_default,,
osm:way:696931911,20,45,90,category_default,,
osm:way:696931912,20,45,90,category_default,,
osm:way:696931913,20,45,90,category_default,,
osm:way:696931914,20,45,90,category_default,,
osm:way:696931915,20,45,90,category_default,,
osm:way:696946041,20,45,90,category_default,,
osm:way:696980063,30,60,120,category_default,,
osm:way:696985321,30,60,120,category_default,,
osm:way:696996710,30,60,120,category_default,,
osm:way:697055247,30,60,120,category_default,,
osm:way:697056215,30,60,120,category_default,,
osm:way:697059788,30,60,120,category_default,,
osm:way:697161740,20,45,75,category_default,,
osm:way:697210201,20,45,90,category_default,,
osm:way:697326488,20,45,90,category_default,,
osm:way:697326489,20,45,90,category_default,,
osm:way:697774406,20,45,90,category_default,,
osm:way:697791079,20,45,90,category_default,,
osm:way:697791083,20,45,90,category_default,,
osm:way:697791086,20,45,90,category_default,,
osm:way:697791109,20,45,90,category_default,,
osm:way:698018249,30,60,120,category_default,,
osm:way:698273197,20,45,90,category_default,,
osm:way:698273199,20,45,90,category_default,,
osm:way:698659314,20,45,90,category_default,,
osm:way:698659336,20,45,90,category_default,,
osm:way:698659339,20,45,90,category_default,,
osm:way:698676698,20,45,90,category_default,,
osm:way:698676700,20,45,90,category_default,,
osm:way:698952047,30,60,120,category_default,,
osm:way:699065697,20,45,90,category_default,,
osm:way:699218399,20,45,90,category_default,,
osm:way:699218413,20,45,90,category_default,,
osm:way:699218417,20,45,90,category_default,,
osm:way:699218421,30,60,120,category_default,,
osm:way:699218441,20,45,90,category_default,,
osm:way:699905184,20,45,90,category_default,,
osm:way:699905199,20,45,90,category_default,,
osm:way:699905206,20,45,90,category_default,,
osm:way:700145152,30,60,120,category_default,,
osm:way:700620994,20,45,90,category_default,,
osm:way:700620997,20,45,90,category_default,,
osm:way:700627463,20,45,90,category_default,,
osm:way:700654145,20,45,90,category_default,,
osm:way:700654146,20,45,90,category_default,,
osm:way:700654152,20,45,90,category_default,,
osm:way:700671916,20,45,90,category_default,,
osm:way:700671918,20,45,90,category_default,,
osm:way:700671930,20,45,90,category_default,,
osm:way:700671931,20,45,90,category_default,,
osm:way:700671940,20,45,90,category_default,,
osm:way:700671954,20,45,90,category_default,,
osm:way:700671962,20,45,90,category_default,,
osm:way:700671974,20,45,90,category_default,,
osm:way:700840685,20,45,90,category_default,,
osm:way:700840693,20,45,90,category_default,,
osm:way:700840702,60,120,180,category_default,,
osm:way:700840708,20,45,90,category_default,,
osm:way:700840711,20,45,90,category_default,,
osm:way:700840718,20,45,90,category_default,,
osm:way:700840727,20,45,90,category_default,,
osm:way:700853374,20,45,90,category_default,,
osm:way:700853377,20,45,90,category_default,,
osm:way:700853379,20,45,90,category_default,,
osm:way:700853380,20,45,90,category_default,,
osm:way:700853410,20,45,75,category_default,,
osm:way:700853412,20,45,90,category_default,,
osm:way:701605967,20,45,90,category_default,,
osm:way:701756977,30,60,120,category_default,,
osm:way:701756978,30,60,120,category_default,,
osm:way:701882889,20,45,90,category_default,,
osm:way:701882893,20,45,90,category_default,,
osm:way:701882971,20,45,90,category_default,,
osm:way:702175355,30,60,120,category_default,,
osm:way:702185155,30,60,120,category_default,,
osm:way:702241252,30,60,120,category_default,,
osm:way:702380379,30,60,120,category_default,,
osm:way:702456221,20,45,90,category_default,,
osm:way:702456225,20,45,90,category_default,,
osm:way:702456248,20,45,90,category_default,,
osm:way:702456268,20,45,90,category_default,,
osm:way:702456270,20,45,90,category_default,,
osm:way:702651470,30,60,120,category_default,,
osm:way:704134587,30,60,120,category_default,,
osm:way:704134588,20,45,90,category_default,,
osm:way:704134606,30,60,120,category_default,,
osm:way:704134611,20,45,90,category_default,,
osm:way:704147262,30,60,120,category_default,,
osm:way:704147333,30,60,120,category_default,,
osm:way:704147390,20,45,90,category_default,,
osm:way:704153616,30,60,120,category_default,,
osm:way:704153620,30,60,120,category_default,,
osm:way:704159177,30,60,120,category_default,,
osm:way:704159191,20,45,90,category_default,,
osm:way:704250698,30,60,120,category_default,,
osm:way:704250703,20,45,90,category_default,,
osm:way:704250709,20,45,90,category_default,,
osm:way:704250714,20,45,90,category_default,,
osm:way:704250754,20,45,90,category_default,,
osm:way:704252312,30,60,120,category_default,,
osm:way:704292564,20,45,90,category_default,,
osm:way:704292568,20,45,90,category_default,,
osm:way:704292580,30,60,120,category_default,,
osm:way:705124463,30,60,120,category_default,,
osm:way:705445514,20,45,90,category_default,,
osm:way:705445555,30,60,120,category_default,,
osm:way:705485503,20,45,90,category_default,,
osm:way:705644959,30,60,120,category_default,,
osm:way:705675062,20,45,90,category_default,,
osm:way:705960777,20,45,90,category_default,,
osm:way:705986913,20,45,90,category_default,,
osm:way:705986961,30,60,120,category_default,,
osm:way:705986971,30,60,120,category_default,,
osm:way:706980973,20,45,75,category_default,,
osm:way:706980974,20,45,75,category_default,,
osm:way:707041186,20,45,90,category_default,,
osm:way:707041187,20,45,90,category_default,,
osm:way:708047684,180,300,480,category_default,,
osm:way:708390239,30,60,120,category_default,,
osm:way:708953648,20,45,90,category_default,,
osm:way:709586990,20,45,90,category_default,,
osm:way:709982598,20,45,90,category_default,,
osm:way:709982620,20,45,90,category_default,,
osm:way:712514474,30,60,120,category_default,,
osm:way:713668317,30,60,120,category_default,,
osm:way:714029573,20,45,90,category_default,,
osm:way:714979124,20,45,90,category_default,,
osm:way:715000260,30,60,120,category_default,,
osm:way:715077456,30,60,120,category_default,,
osm:way:716770254,20,45,90,category_default,,
osm:way:716770255,20,45,90,category_default,,
osm:way:717517497,30,60,120,category_default,,
osm:way:717669406,20,45,90,category_default,,
osm:way:717858676,20,45,90,category_default,,
osm:way:717858677,20,45,90,category_default,,
osm:way:717858704,20,45,90,category_default,,
osm:way:718039405,20,45,90,category_default,,
osm:way:721492603,30,60,120,category_default,,
osm:way:721852507,30,60,120,category_default,,
osm:way:723231899,20,45,90,category_default,,
osm:way:724075876,20,45,90,category_default,,
osm:way:724384514,20,45,90,category_default,,
osm:way:724654960,30,60,120,category_default,,
osm:way:724836443,30,60,120,category_default,,
osm:way:724980639,30,60,120,category_default,,
osm:way:725148877,20,45,90,category_default,,
osm:way:726864857,20,45,90,category_default,,
osm:way:727012680,30,60,120,category_default,,
osm:way:727012687,20,45,90,category_default,,
osm:way:727012692,20,45,90,category_default,,
osm:way:727014725,20,45,90,category_default,,
osm:way:727069416,20,45,90,category_default,,
osm:way:727099352,20,45,90,category_default,,
osm:way:727261667,30,60,120,category_default,,
osm:way:727362148,30,60,120,category_default,,
osm:way:727388351,30,60,120,category_default,,
osm:way:727756302,20,45,90,category_default,,
osm:way:727756317,20,45,90,category_default,,
osm:way:727756322,20,45,90,category_default,,
osm:way:727761369,20,45,90,category_default,,
osm:way:728076205,30,60,120,category_default,,
osm:way:728076213,20,45,90,category_default,,
osm:way:728723425,20,45,90,category_default,,
osm:way:728723451,20,45,90,category_default,,
osm:way:728723462,20,45,90,category_default,,
osm:way:728723468,20,45,90,category_default,,
osm:way:729092260,20,45,90,category_default,,
osm:way:729092263,20,45,90,category_default,,
osm:way:729092297,20,45,90,category_default,,
osm:way:729092300,20,45,90,category_default,,
osm:way:729092305,20,45,90,category_default,,
osm:way:729092306,20,45,90,category_default,,
osm:way:729092308,20,45,90,category_default,,
osm:way:729254692,20,45,90,category_default,,
osm:way:729347208,20,45,90,category_default,,
osm:way:729447562,20,45,90,category_default,,
osm:way:729447572,20,45,90,category_default,,
osm:way:730144831,20,45,90,category_default,,
osm:way:730209778,20,45,90,category_default,,
osm:way:730209807,20,45,90,category_default,,
osm:way:730689901,20,45,90,category_default,,
osm:way:730689912,20,45,90,category_default,,
osm:way:730792912,20,45,90,category_default,,
osm:way:731080247,20,45,90,category_default,,
osm:way:731080253,20,45,90,category_default,,
osm:way:731080339,20,45,90,category_default,,
osm:way:731807998,20,45,90,category_default,,
osm:way:731903264,20,45,90,category_default,,
osm:way:732016477,20,45,90,category_default,,
osm:way:732112636,20,45,90,category_default,,
osm:way:732112637,20,45,90,category_default,,
osm:way:732283659,20,45,75,category_default,,
osm:way:732318648,20,45,90,category_default,,
osm:way:732327056,20,45,90,category_default,,
osm:way:732623173,20,45,90,category_default,,
osm:way:732623185,20,45,90,category_default,,
osm:way:732623246,20,45,90,category_default,,
osm:way:732623285,20,45,90,category_default,,
osm:way:732623308,20,45,90,category_default,,
osm:way:732623317,20,45,90,category_default,,
osm:way:732929486,20,45,90,category_default,,
osm:way:732983251,20,45,90,category_default,,
osm:way:732983270,20,45,90,category_default,,
osm:way:732983276,20,45,90,category_default,,
osm:way:733348608,30,60,120,category_default,,
osm:way:734151483,20,45,90,category_default,,
osm:way:734151519,20,45,90,category_default,,
osm:way:734151522,20,45,90,category_default,,
osm:way:734151909,20,45,90,category_default,,
osm:way:734527238,20,45,90,category_default,,
osm:way:734527240,20,45,90,category_default,,
osm:way:734532403,20,45,90,category_default,,
osm:way:734532411,20,45,90,category_default,,
osm:way:734639194,30,60,120,category_default,,
osm:way:736162150,20,45,90,category_default,,
osm:way:736669973,20,45,90,category_default,,
osm:way:736670006,20,45,90,category_default,,
osm:way:736723352,20,45,90,category_default,,
osm:way:736723391,45,90,150,category_default,,
osm:way:736945163,20,45,75,category_default,,
osm:way:736945164,20,45,90,category_default,,
osm:way:736945174,20,45,90,category_default,,
osm:way:737008866,20,45,90,category_default,,
osm:way:737018025,20,45,90,category_default,,
osm:way:737018031,20,45,90,category_default,,
osm:way:737793388,30,60,120,category_default,,
osm:way:737843608,20,45,90,category_default,,
osm:way:737843613,20,45,90,category_default,,
osm:way:737854344,20,45,90,category_default,,
osm:way:737864969,20,45,90,category_default,,
osm:way:737864972,30,60,120,category_default,,
osm:way:737864988,20,45,90,category_default,,
osm:way:737864989,20,45,90,category_default,,
osm:way:738707463,20,45,90,category_default,,
osm:way:739078469,30,60,120,category_default,,
osm:way:739078500,20,45,90,category_default,,
osm:way:739557407,20,45,90,category_default,,
osm:way:739799915,20,45,75,category_default,,
osm:way:739799921,20,45,90,category_default,,
osm:way:739799928,20,45,90,category_default,,
osm:way:739799960,20,45,75,category_default,,
osm:way:739799969,20,45,90,category_default,,
osm:way:739799982,20,45,90,category_default,,
osm:way:740264474,20,45,90,category_default,,
osm:way:740264483,20,45,90,category_default,,
osm:way:740264506,20,45,90,category_default,,
osm:way:740264514,20,45,90,category_default,,
osm:way:740264537,20,45,90,category_default,,
osm:way:740715561,20,45,90,category_default,,
osm:way:740715586,20,45,90,category_default,,
osm:way:740715594,20,45,75,category_default,,
osm:way:740715613,20,45,90,category_default,,
osm:way:740984099,20,45,90,category_default,,
osm:way:740984104,20,45,90,category_default,,
osm:way:740984106,20,45,90,category_default,,
osm:way:740984118,20,45,90,category_default,,
osm:way:740984119,20,45,90,category_default,,
osm:way:740984122,20,45,90,category_default,,
osm:way:740984130,20,45,90,category_default,,
osm:way:740984137,20,45,90,category_default,,
osm:way:740984138,20,45,90,category_default,,
osm:way:740984161,20,45,90,category_default,,
osm:way:740984164,20,45,90,category_default,,
osm:way:740984192,20,45,90,category_default,,
osm:way:740984204,20,45,90,category_default,,
osm:way:740984209,20,45,90,category_default,,
osm:way:740984221,20,45,90,category_default,,
osm:way:740984224,20,45,90,category_default,,
osm:way:740984269,20,45,90,category_default,,
osm:way:741239519,20,45,90,category_default,,
osm:way:741239532,20,45,90,category_default,,
osm:way:741239551,30,60,120,category_default,,
osm:way:741239559,30,60,120,category_default,,
osm:way:741239603,30,60,120,category_default,,
osm:way:741239642,30,60,120,category_default,,
osm:way:741245303,20,45,90,category_default,,
osm:way:741245313,20,45,90,category_default,,
osm:way:741547860,30,60,120,category_default,,
osm:way:741547862,20,45,90,category_default,,
osm:way:741576199,30,60,120,category_default,,
osm:way:741576200,20,45,90,category_default,,
osm:way:741590924,20,45,90,category_default,,
osm:way:741608336,20,45,90,category_default,,
osm:way:741608359,20,45,90,category_default,,
osm:way:741632627,20,45,90,category_default,,
osm:way:742824296,20,45,90,category_default,,
osm:way:742824303,20,45,90,category_default,,
osm:way:742824304,20,45,90,category_default,,
osm:way:742824306,20,45,90,category_default,,
osm:way:742865902,20,45,90,category_default,,
osm:way:742865912,20,45,90,category_default,,
osm:way:742865915,20,45,90,category_default,,
osm:way:743192131,30,60,120,category_default,,
osm:way:743192138,180,300,480,category_default,,
osm:way:743620740,20,45,90,category_default,,
osm:way:743620741,20,45,90,category_default,,
osm:way:743620752,20,45,90,category_default,,
osm:way:743620774,20,45,90,category_default,,
osm:way:743764171,20,45,90,category_default,,
osm:way:743778502,20,45,90,category_default,,
osm:way:743778504,20,45,90,category_default,,
osm:way:743778509,20,45,90,category_default,,
osm:way:743778517,20,45,90,category_default,,
osm:way:743778551,30,60,120,category_default,,
osm:way:743798621,20,45,90,category_default,,
osm:way:743798626,20,45,90,category_default,,
osm:way:743798632,20,45,90,category_default,,
osm:way:743798639,20,45,90,category_default,,
osm:way:743798641,30,60,120,category_default,,
osm:way:744059366,20,45,90,category_default,,
osm:way:744059367,20,45,90,category_default,,
osm:way:744059368,20,45,90,category_default,,
osm:way:744059371,30,60,120,category_default,,
osm:way:744059372,20,45,90,category_default,,
osm:way:744059373,20,45,90,category_default,,
osm:way:744059374,20,45,90,category_default,,
osm:way:744059375,20,45,90,category_default,,
osm:way:744059378,20,45,90,category_default,,
osm:way:744059379,20,45,90,category_default,,
osm:way:744059380,20,45,90,category_default,,
osm:way:744059381,20,45,90,category_default,,
osm:way:744059382,20,45,90,category_default,,
osm:way:744059383,20,45,90,category_default,,
osm:way:744059384,20,45,90,category_default,,
osm:way:744059388,20,45,90,category_default,,
osm:way:744059391,20,45,90,category_default,,
osm:way:744059393,20,45,90,category_default,,
osm:way:744059395,20,45,90,category_default,,
osm:way:744059396,20,45,90,category_default,,
osm:way:744059397,20,45,90,category_default,,
osm:way:744217938,20,45,90,category_default,,
osm:way:744239501,20,45,90,category_default,,
osm:way:744244414,20,45,90,category_default,,
osm:way:744244420,20,45,90,category_default,,
osm:way:744254963,20,45,90,category_default,,
osm:way:744255002,20,45,90,category_default,,
osm:way:744255011,20,45,90,category_default,,
osm:way:744585754,20,45,90,category_default,,
osm:way:744585760,20,45,90,category_default,,
osm:way:744623398,20,45,90,category_default,,
osm:way:744623401,20,45,90,category_default,,
osm:way:744623438,20,45,90,category_default,,
osm:way:744623442,20,45,90,category_default,,
osm:way:744623458,20,45,90,category_default,,
osm:way:744623459,20,45,90,category_default,,
osm:way:744623476,20,45,90,category_default,,
osm:way:744898250,20,45,90,category_default,,
osm:way:744898289,20,45,90,category_default,,
osm:way:744898299,20,45,90,category_default,,
osm:way:744898302,20,45,90,category_default,,
osm:way:744909320,20,45,90,category_default,,
osm:way:745694259,20,45,90,category_default,,
osm:way:745694283,20,45,90,category_default,,
osm:way:745694308,20,45,90,category_default,,
osm:way:745694317,30,60,120,category_default,,
osm:way:746227054,20,45,90,category_default,,
osm:way:746227058,30,60,120,category_default,,
osm:way:746297233,30,60,120,category_default,,
osm:way:746297286,20,45,90,category_default,,
osm:way:746297307,20,45,90,category_default,,
osm:way:746366638,20,45,90,category_default,,
osm:way:746366641,20,45,90,category_default,,
osm:way:746366643,20,45,90,category_default,,
osm:way:746366648,20,45,90,category_default,,
osm:way:746366664,20,45,90,category_default,,
osm:way:746366678,20,45,90,category_default,,
osm:way:746366686,20,45,90,category_default,,
osm:way:746366691,20,45,90,category_default,,
osm:way:746366693,20,45,90,category_default,,
osm:way:746366698,20,45,90,category_default,,
osm:way:746366782,20,45,90,category_default,,
osm:way:746366800,20,45,90,category_default,,
osm:way:746634969,20,45,90,category_default,,
osm:way:746959061,20,45,90,category_default,,
osm:way:746959063,20,45,90,category_default,,
osm:way:746959066,20,45,90,category_default,,
osm:way:746959073,20,45,90,category_default,,
osm:way:746959074,20,45,90,category_default,,
osm:way:746959098,20,45,90,category_default,,
osm:way:746959101,20,45,90,category_default,,
osm:way:747193538,20,45,90,category_default,,
osm:way:747273526,20,45,90,category_default,,
osm:way:747273550,20,45,90,category_default,,
osm:way:747273570,20,45,90,category_default,,
osm:way:747273586,20,45,90,category_default,,
osm:way:747729921,20,45,90,category_default,,
osm:way:747789979,20,45,75,category_default,,
osm:way:748630920,20,45,90,category_default,,
osm:way:748644350,20,45,90,category_default,,
osm:way:748644373,20,45,90,category_default,,
osm:way:748909494,20,45,90,category_default,,
osm:way:748909507,20,45,90,category_default,,
osm:way:748916976,20,45,90,category_default,,
osm:way:748916995,20,45,90,category_default,,
osm:way:748937182,20,45,90,category_default,,
osm:way:748981245,20,45,90,category_default,,
osm:way:748981246,20,45,90,category_default,,
osm:way:748981247,20,45,90,category_default,,
osm:way:748981309,30,60,120,category_default,,
osm:way:748986244,20,45,90,category_default,,
osm:way:748986256,20,45,90,category_default,,
osm:way:748986258,20,45,90,category_default,,
osm:way:749118702,20,45,90,category_default,,
osm:way:749175653,20,45,90,category_default,,
osm:way:749175656,20,45,90,category_default,,
osm:way:749707960,20,45,90,category_default,,
osm:way:749776006,20,45,90,category_default,,
osm:way:750088159,20,45,90,category_default,,
osm:way:750619593,20,45,90,category_default,,
osm:way:750651737,30,60,120,category_default,,
osm:way:75065375,45,90,150,category_default,,
osm:way:750745976,20,45,90,category_default,,
osm:way:750745977,20,45,90,category_default,,
osm:way:750745981,45,90,150,category_default,,
osm:way:751029497,30,60,120,category_default,,
osm:way:751042594,30,60,120,category_default,,
osm:way:751042595,30,60,120,category_default,,
osm:way:751042596,30,60,120,category_default,,
osm:way:751042597,30,60,120,category_default,,
osm:way:751056506,45,90,150,category_default,,
osm:way:751056510,30,60,120,category_default,,
osm:way:751056520,20,45,75,category_default,,
osm:way:751056562,30,60,120,category_default,,
osm:way:751056573,30,60,120,category_default,,
osm:way:751056576,30,60,120,category_default,,
osm:way:751056577,30,60,120,category_default,,
osm:way:751056578,30,60,120,category_default,,
osm:way:751056604,30,60,120,category_default,,
osm:way:751056607,30,60,120,category_default,,
osm:way:751056610,30,60,120,category_default,,
osm:way:751205964,20,45,90,category_default,,
osm:way:751211612,20,45,90,category_default,,
osm:way:751261585,45,90,150,category_default,,
osm:way:751461192,30,60,120,category_default,,
osm:way:751836548,30,60,120,category_default,,
osm:way:751858952,45,90,150,category_default,,
osm:way:751858953,45,90,150,category_default,,
osm:way:752685430,20,45,90,category_default,,
osm:way:752991343,45,90,150,category_default,,
osm:way:752991350,45,90,150,category_default,,
osm:way:753491820,60,120,180,category_default,,
osm:way:753491821,45,90,150,category_default,,
osm:way:753491822,45,90,150,category_default,,
osm:way:753491824,45,90,150,category_default,,
osm:way:753496272,45,90,150,category_default,,
osm:way:753518096,45,90,150,category_default,,
osm:way:753518100,45,90,150,category_default,,
osm:way:753880884,20,45,90,category_default,,
osm:way:753880892,20,45,90,category_default,,
osm:way:753880893,20,45,90,category_default,,
osm:way:753880894,20,45,90,category_default,,
osm:way:754264564,20,45,90,category_default,,
osm:way:754264578,20,45,90,category_default,,
osm:way:754264591,20,45,90,category_default,,
osm:way:754264593,20,45,90,category_default,,
osm:way:754264594,20,45,90,category_default,,
osm:way:754264609,20,45,90,category_default,,
osm:way:755359595,30,60,120,category_default,,
osm:way:755508145,45,90,150,category_default,,
osm:way:755950663,20,45,90,category_default,,
osm:way:756879229,30,60,120,category_default,,
osm:way:757223920,20,45,90,category_default,,
osm:way:757223922,20,45,90,category_default,,
osm:way:757223924,20,45,90,category_default,,
osm:way:757223925,20,45,90,category_default,,
osm:way:757341497,30,60,120,category_default,,
osm:way:759193012,20,45,90,category_default,,
osm:way:759913076,30,60,120,category_default,,
osm:way:759974064,60,120,180,category_default,,
osm:way:760601272,20,45,90,category_default,,
osm:way:761235166,20,45,90,category_default,,
osm:way:761235177,20,45,90,category_default,,
osm:way:761235197,20,45,90,category_default,,
osm:way:761416294,20,45,90,category_default,,
osm:way:762125891,20,45,90,category_default,,
osm:way:762128816,20,45,90,category_default,,
osm:way:762128831,20,45,90,category_default,,
osm:way:762162568,20,45,90,category_default,,
osm:way:762231844,20,45,90,category_default,,
osm:way:762231869,20,45,90,category_default,,
osm:way:762456417,20,45,90,category_default,,
osm:way:762456421,20,45,90,category_default,,
osm:way:762456424,20,45,90,category_default,,
osm:way:762456426,20,45,90,category_default,,
osm:way:762456707,20,45,90,category_default,,
osm:way:762771467,30,60,120,category_default,,
osm:way:762785878,20,45,90,category_default,,
osm:way:762857148,20,45,90,category_default,,
osm:way:762857149,20,45,90,category_default,,
osm:way:762882338,20,45,90,category_default,,
osm:way:763107728,20,45,90,category_default,,
osm:way:763107733,20,45,90,category_default,,
osm:way:763352478,20,45,90,category_default,,
osm:way:763352555,20,45,90,category_default,,
osm:way:763352556,20,45,90,category_default,,
osm:way:763352566,20,45,90,category_default,,
osm:way:763352571,20,45,90,category_default,,
osm:way:763352693,20,45,90,category_default,,
osm:way:764092577,30,60,120,category_default,,
osm:way:764092578,30,60,120,category_default,,
osm:way:764092579,30,60,120,category_default,,
osm:way:764094817,20,45,90,category_default,,
osm:way:764094824,20,45,90,category_default,,
osm:way:764169939,20,45,90,category_default,,
osm:way:764169976,20,45,90,category_default,,
osm:way:764169981,20,45,90,category_default,,
osm:way:764357285,20,45,90,category_default,,
osm:way:764357318,20,45,90,category_default,,
osm:way:764357319,20,45,90,category_default,,
osm:way:764553901,20,45,90,category_default,,
osm:way:764553905,20,45,90,category_default,,
osm:way:764553909,20,45,90,category_default,,
osm:way:764553914,20,45,90,category_default,,
osm:way:764553915,20,45,90,category_default,,
osm:way:765136203,20,45,90,category_default,,
osm:way:765975780,20,45,90,category_default,,
osm:way:765975781,20,45,90,category_default,,
osm:way:766661825,20,45,90,category_default,,
osm:way:766661840,20,45,90,category_default,,
osm:way:766661893,20,45,90,category_default,,
osm:way:766661894,20,45,90,category_default,,
osm:way:766661910,20,45,90,category_default,,
osm:way:766661928,20,45,90,category_default,,
osm:way:766661949,20,45,90,category_default,,
osm:way:766661988,20,45,90,category_default,,
osm:way:766662020,20,45,90,category_default,,
osm:way:766662028,20,45,90,category_default,,
osm:way:766662044,20,45,90,category_default,,
osm:way:766662108,20,45,90,category_default,,
osm:way:767121271,20,45,90,category_default,,
osm:way:767859411,20,45,90,category_default,,
osm:way:767859412,20,45,90,category_default,,
osm:way:767860424,20,45,90,category_default,,
osm:way:768410220,20,45,90,category_default,,
osm:way:768420567,20,45,90,category_default,,
osm:way:768420585,20,45,90,category_default,,
osm:way:768696743,20,45,90,category_default,,
osm:way:768696748,20,45,90,category_default,,
osm:way:768696776,20,45,90,category_default,,
osm:way:768857660,20,45,90,category_default,,
osm:way:769028650,30,60,120,category_default,,
osm:way:769111901,30,60,120,category_default,,
osm:way:769188151,30,60,120,category_default,,
osm:way:769918656,30,60,120,category_default,,
osm:way:769934502,20,45,90,category_default,,
osm:way:769948377,20,45,90,category_default,,
osm:way:769948435,20,45,90,category_default,,
osm:way:769948478,20,45,90,category_default,,
osm:way:770242548,30,60,120,category_default,,
osm:way:770242549,30,60,120,category_default,,
osm:way:770242551,30,60,120,category_default,,
osm:way:770242552,30,60,120,category_default,,
osm:way:770242553,30,60,120,category_default,,
osm:way:770242554,30,60,120,category_default,,
osm:way:770242555,30,60,120,category_default,,
osm:way:770242556,30,60,120,category_default,,
osm:way:770242557,30,60,120,category_default,,
osm:way:770242558,30,60,120,category_default,,
osm:way:770242559,30,60,120,category_default,,
osm:way:770242560,30,60,120,category_default,,
osm:way:770242561,30,60,120,category_default,,
osm:way:770242562,30,60,120,category_default,,
osm:way:770242563,30,60,120,category_default,,
osm:way:770242564,30,60,120,category_default,,
osm:way:770242565,30,60,120,category_default,,
osm:way:770242566,30,60,120,category_default,,
osm:way:770242567,30,60,120,category_default,,
osm:way:770242568,30,60,120,category_default,,
osm:way:770242569,30,60,120,category_default,,
osm:way:770242570,30,60,120,category_default,,
osm:way:770242571,30,60,120,category_default,,
osm:way:770242602,30,60,120,category_default,,
osm:way:770242604,30,60,120,category_default,,
osm:way:770242605,30,60,120,category_default,,
osm:way:770242606,30,60,120,category_default,,
osm:way:770242607,30,60,120,category_default,,
osm:way:770242619,30,60,120,category_default,,
osm:way:770242620,30,60,120,category_default,,
osm:way:770272739,30,60,120,category_default,,
osm:way:770299541,30,60,120,category_default,,
osm:way:770299542,30,60,120,category_default,,
osm:way:770299543,30,60,120,category_default,,
osm:way:770299544,30,60,120,category_default,,
osm:way:770299545,30,60,120,category_default,,
osm:way:770299546,30,60,120,category_default,,
osm:way:770299547,30,60,120,category_default,,
osm:way:770299549,30,60,120,category_default,,
osm:way:770299552,30,60,120,category_default,,
osm:way:770299553,30,60,120,category_default,,
osm:way:770299554,30,60,120,category_default,,
osm:way:770328951,30,60,120,category_default,,
osm:way:770328953,30,60,120,category_default,,
osm:way:770328954,30,60,120,category_default,,
osm:way:770328955,30,60,120,category_default,,
osm:way:770328956,30,60,120,category_default,,
osm:way:770328958,30,60,120,category_default,,
osm:way:770328959,30,60,120,category_default,,
osm:way:770328960,30,60,120,category_default,,
osm:way:770336406,30,60,120,category_default,,
osm:way:770840666,20,45,90,category_default,,
osm:way:771244228,30,60,120,category_default,,
osm:way:771244236,30,60,120,category_default,,
osm:way:771397970,20,45,90,category_default,,
osm:way:771414913,20,45,90,category_default,,
osm:way:771415504,20,45,90,category_default,,
osm:way:771449013,20,45,90,category_default,,
osm:way:771691984,20,45,90,category_default,,
osm:way:771710580,20,45,90,category_default,,
osm:way:771764791,20,45,90,category_default,,
osm:way:771819669,20,45,90,category_default,,
osm:way:77183584,30,60,120,category_default,,
osm:way:772041801,30,60,120,category_default,,
osm:way:772041809,30,60,120,category_default,,
osm:way:772057039,20,45,90,category_default,,
osm:way:773078222,20,45,90,category_default,,
osm:way:773078223,30,60,120,category_default,,
osm:way:773611872,20,45,90,category_default,,
osm:way:773737996,20,45,90,category_default,,
osm:way:773738026,20,45,90,category_default,,
osm:way:773803730,20,45,90,category_default,,
osm:way:775773134,45,90,150,category_default,,
osm:way:776328314,20,45,90,category_default,,
osm:way:776328316,20,45,90,category_default,,
osm:way:776345024,20,45,90,category_default,,
osm:way:776437155,30,60,120,category_default,,
osm:way:776437157,20,45,90,category_default,,
osm:way:776437158,20,45,90,category_default,,
osm:way:776438252,30,60,120,category_default,,
osm:way:776810955,20,45,90,category_default,,
osm:way:776811000,20,45,90,category_default,,
osm:way:777200131,20,45,90,category_default,,
osm:way:777200332,20,45,90,category_default,,
osm:way:777437101,20,45,90,category_default,,
osm:way:777438901,20,45,75,category_default,,
osm:way:777888640,30,60,120,category_default,,
osm:way:777888641,30,60,120,category_default,,
osm:way:777888642,30,60,120,category_default,,
osm:way:777888643,30,60,120,category_default,,
osm:way:777891292,30,60,120,category_default,,
osm:way:777891293,30,60,120,category_default,,
osm:way:777891294,30,60,120,category_default,,
osm:way:777891295,30,60,120,category_default,,
osm:way:777891296,30,60,120,category_default,,
osm:way:777891297,30,60,120,category_default,,
osm:way:777891298,30,60,120,category_default,,
osm:way:777891299,30,60,120,category_default,,
osm:way:777891300,30,60,120,category_default,,
osm:way:778146368,30,60,120,category_default,,
osm:way:779903775,20,45,90,category_default,,
osm:way:779903783,20,45,90,category_default,,
osm:way:779903784,20,45,90,category_default,,
osm:way:779903788,20,45,90,category_default,,
osm:way:779903816,20,45,90,category_default,,
osm:way:779903817,20,45,90,category_default,,
osm:way:780121232,30,60,120,category_default,,
osm:way:780127467,30,60,120,category_default,,
osm:way:780127468,20,45,90,category_default,,
osm:way:780440511,30,60,120,category_default,,
osm:way:780440810,30,60,120,category_default,,
osm:way:780484947,20,45,90,category_default,,
osm:way:782864077,30,60,120,category_default,,
osm:way:783059395,30,60,120,category_default,,
osm:way:784087628,30,60,120,category_default,,
osm:way:784087636,30,60,120,category_default,,
osm:way:784087637,30,60,120,category_default,,
osm:way:784360799,20,45,90,category_default,,
osm:way:784360800,20,45,90,category_default,,
osm:way:786204363,20,45,90,category_default,,
osm:way:786450853,20,45,90,category_default,,
osm:way:786548030,20,45,90,category_default,,
osm:way:786548083,30,60,120,category_default,,
osm:way:786574341,20,45,90,category_default,,
osm:way:786580801,30,60,120,category_default,,
osm:way:788324533,45,90,150,category_default,,
osm:way:788721493,30,60,120,category_default,,
osm:way:788741938,30,60,120,category_default,,
osm:way:790529372,20,45,90,category_default,,
osm:way:790529433,20,45,75,category_default,,
osm:way:790529451,20,45,90,category_default,,
osm:way:790529453,20,45,90,category_default,,
osm:way:790529481,20,45,90,category_default,,
osm:way:790529482,20,45,90,category_default,,
osm:way:790627042,20,45,90,category_default,,
osm:way:790787160,20,45,90,category_default,,
osm:way:790787162,20,45,90,category_default,,
osm:way:790787167,20,45,90,category_default,,
osm:way:790787185,30,60,120,category_default,,
osm:way:790939026,30,60,120,category_default,,
osm:way:790983273,20,45,90,category_default,,
osm:way:791041143,20,45,90,category_default,,
osm:way:791795169,30,60,120,category_default,,
osm:way:792193848,20,45,90,category_default,,
osm:way:792193852,20,45,90,category_default,,
osm:way:792193864,20,45,90,category_default,,
osm:way:792599156,20,45,90,category_default,,
osm:way:792920101,20,45,90,category_default,,
osm:way:792920102,20,45,90,category_default,,
osm:way:792920103,20,45,90,category_default,,
osm:way:792920113,20,45,90,category_default,,
osm:way:792920139,20,45,90,category_default,,
osm:way:794223490,20,45,90,category_default,,
osm:way:795142588,30,60,120,category_default,,
osm:way:795142945,30,60,120,category_default,,
osm:way:796360470,20,45,90,category_default,,
osm:way:796474958,30,60,120,category_default,,
osm:way:796758309,30,60,120,category_default,,
osm:way:799084171,20,45,90,category_default,,
osm:way:799110618,30,60,120,category_default,,
osm:way:799120128,30,60,120,category_default,,
osm:way:799120658,30,60,120,category_default,,
osm:way:799546560,20,45,90,category_default,,
osm:way:799546571,20,45,90,category_default,,
osm:way:799841594,20,45,90,category_default,,
osm:way:800425961,30,60,120,category_default,,
osm:way:801519774,30,60,120,category_default,,
osm:way:801572902,20,45,75,category_default,,
osm:way:801710792,45,90,120,category_default,,
osm:way:801710837,30,60,120,category_default,,
osm:way:801950766,30,60,120,category_default,,
osm:way:802105071,30,60,120,category_default,,
osm:way:802157397,20,45,90,category_default,,
osm:way:802157419,20,45,90,category_default,,
osm:way:802157425,30,60,120,category_default,,
osm:way:804128824,20,45,90,category_default,,
osm:way:804545969,20,45,90,category_default,,
osm:way:804729100,20,45,75,category_default,,
osm:way:804926030,20,45,90,category_default,,
osm:way:804926041,20,45,90,category_default,,
osm:way:805149874,30,60,120,category_default,,
osm:way:806239505,20,45,90,category_default,,
osm:way:806359774,20,45,90,category_default,,
osm:way:806359775,20,45,90,category_default,,
osm:way:806663473,20,45,90,category_default,,
osm:way:806860786,20,45,90,category_default,,
osm:way:806860791,30,60,120,category_default,,
osm:way:806860809,20,45,90,category_default,,
osm:way:806860835,20,45,90,category_default,,
osm:way:806865818,30,60,120,category_default,,
osm:way:806928814,30,60,120,category_default,,
osm:way:807297543,20,45,90,category_default,,
osm:way:807297567,20,45,90,category_default,,
osm:way:807545211,20,45,90,category_default,,
osm:way:807577737,20,45,90,category_default,,
osm:way:808022726,30,60,120,category_default,,
osm:way:808298848,180,300,480,category_default,,
osm:way:808726355,30,60,120,category_default,,
osm:way:809380991,20,45,90,category_default,,
osm:way:809380998,20,45,90,category_default,,
osm:way:809399808,30,60,120,category_default,,
osm:way:809435727,20,45,90,category_default,,
osm:way:810254595,30,60,120,category_default,,
osm:way:813563184,30,60,120,category_default,,
osm:way:815719908,30,60,120,category_default,,
osm:way:815719909,30,60,120,category_default,,
osm:way:815719910,30,60,120,category_default,,
osm:way:816359263,20,45,90,category_default,,
osm:way:816359264,20,45,90,category_default,,
osm:way:816359266,20,45,90,category_default,,
osm:way:816359268,20,45,90,category_default,,
osm:way:816359269,20,45,90,category_default,,
osm:way:816359271,20,45,90,category_default,,
osm:way:816401592,30,60,120,category_default,,
osm:way:818502187,20,45,90,category_default,,
osm:way:818875751,20,45,90,category_default,,
osm:way:821391269,30,60,120,category_default,,
osm:way:822326407,20,45,90,category_default,,
osm:way:822357451,20,45,90,category_default,,
osm:way:822407460,20,45,75,category_default,,
osm:way:823872338,30,60,120,category_default,,
osm:way:824263113,20,45,90,category_default,,
osm:way:825928787,20,45,90,category_default,,
osm:way:825942481,20,45,90,category_default,,
osm:way:826029905,20,45,90,category_default,,
osm:way:826481390,30,60,120,category_default,,
osm:way:826481393,30,60,120,category_default,,
osm:way:826547721,20,45,90,category_default,,
osm:way:826617369,20,45,90,category_default,,
osm:way:827035656,20,45,90,category_default,,
osm:way:827417680,20,45,90,category_default,,
osm:way:827417691,20,45,90,category_default,,
osm:way:829864820,20,45,90,category_default,,
osm:way:830892120,20,45,90,category_default,,
osm:way:831299507,20,45,90,category_default,,
osm:way:831361161,20,45,90,category_default,,
osm:way:832034149,20,45,90,category_default,,
osm:way:832342508,20,45,90,category_default,,
osm:way:833212762,20,45,90,category_default,,
osm:way:833562312,20,45,90,category_default,,
osm:way:833733606,30,60,120,category_default,,
osm:way:833880767,20,45,90,category_default,,
osm:way:833965977,20,45,90,category_default,,
osm:way:834035519,20,45,90,category_default,,
osm:way:834035520,20,45,90,category_default,,
osm:way:834422404,30,60,120,category_default,,
osm:way:834483808,20,45,90,category_default,,
osm:way:834920039,20,45,90,category_default,,
osm:way:834920040,20,45,90,category_default,,
osm:way:834920043,20,45,90,category_default,,
osm:way:834920044,20,45,90,category_default,,
osm:way:834920045,20,45,90,category_default,,
osm:way:835803240,20,45,90,category_default,,
osm:way:836135428,20,45,90,category_default,,
osm:way:836194130,20,45,90,category_default,,
osm:way:837372445,20,45,75,category_default,,
osm:way:837728883,20,45,90,category_default,,
osm:way:837728884,20,45,90,category_default,,
osm:way:837742407,20,45,90,category_default,,
osm:way:837884947,20,45,90,category_default,,
osm:way:837884956,20,45,90,category_default,,
osm:way:837884958,20,45,90,category_default,,
osm:way:837884959,20,45,90,category_default,,
osm:way:838400065,20,45,90,category_default,,
osm:way:838424643,20,45,90,category_default,,
osm:way:838426608,20,45,90,category_default,,
osm:way:839663173,30,60,120,category_default,,
osm:way:839675222,30,60,120,category_default,,
osm:way:839899602,30,60,120,category_default,,
osm:way:840060448,20,45,90,category_default,,
osm:way:840622637,20,45,90,category_default,,
osm:way:840622638,20,45,90,category_default,,
osm:way:840803791,20,45,90,category_default,,
osm:way:840854415,20,45,90,category_default,,
osm:way:840934114,30,60,120,category_default,,
osm:way:840934121,30,60,120,category_default,,
osm:way:841154650,30,60,120,category_default,,
osm:way:841357797,30,60,120,category_default,,
osm:way:841361920,30,60,120,category_default,,
osm:way:842688454,30,60,120,category_default,,
osm:way:842707445,30,60,120,category_default,,
osm:way:84276975,30,60,120,category_default,,
osm:way:843007161,20,45,90,category_default,,
osm:way:843085954,180,300,480,category_default,,
osm:way:843094659,30,60,120,category_default,,
osm:way:844958057,30,60,120,category_default,,
osm:way:845522929,30,60,120,category_default,,
osm:way:845590156,20,45,90,category_default,,
osm:way:845629735,30,60,120,category_default,,
osm:way:846695791,30,60,120,category_default,,
osm:way:848445049,30,60,120,category_default,,
osm:way:848688745,20,45,75,category_default,,
osm:way:850444814,20,45,75,category_default,,
osm:way:851378496,20,45,90,category_default,,
osm:way:851963742,20,45,90,category_default,,
osm:way:852019595,20,45,75,category_default,,
osm:way:852222068,20,45,90,category_default,,
osm:way:852595432,20,45,90,category_default,,
osm:way:852595467,20,45,90,category_default,,
osm:way:852913483,20,45,90,category_default,,
osm:way:853226292,20,45,90,category_default,,
osm:way:853226324,20,45,90,category_default,,
osm:way:853226330,20,45,90,category_default,,
osm:way:853273502,20,45,90,category_default,,
osm:way:853382374,20,45,90,category_default,,
osm:way:853382380,20,45,90,category_default,,
osm:way:853584050,30,60,120,category_default,,
osm:way:853584056,30,60,120,category_default,,
osm:way:853764367,20,45,90,category_default,,
osm:way:854048932,20,45,75,category_default,,
osm:way:854540023,20,45,90,category_default,,
osm:way:854573822,30,60,120,category_default,,
osm:way:854829776,30,60,120,category_default,,
osm:way:855210995,20,45,90,category_default,,
osm:way:855231817,30,60,120,category_default,,
osm:way:856441663,30,60,120,category_default,,
osm:way:856441719,30,60,120,category_default,,
osm:way:856455192,20,45,90,category_default,,
osm:way:856455193,20,45,90,category_default,,
osm:way:856455221,20,45,90,category_default,,
osm:way:856836405,20,45,90,category_default,,
osm:way:856836416,20,45,90,category_default,,
osm:way:856836436,20,45,90,category_default,,
osm:way:856836457,20,45,90,category_default,,
osm:way:856836499,20,45,90,category_default,,
osm:way:856836511,20,45,90,category_default,,
osm:way:857523781,20,45,90,category_default,,
osm:way:857785100,180,300,480,category_default,,
osm:way:858175477,20,45,90,category_default,,
osm:way:858602480,20,45,90,category_default,,
osm:way:858602498,20,45,90,category_default,,
osm:way:858904141,30,60,120,category_default,,
osm:way:860294713,20,45,90,category_default,,
osm:way:860296224,20,45,90,category_default,,
osm:way:860365738,20,45,90,category_default,,
osm:way:860559509,30,60,120,category_default,,
osm:way:862095211,20,45,90,category_default,,
osm:way:862438716,20,45,90,category_default,,
osm:way:863228732,20,45,90,category_default,,
osm:way:863492143,20,45,90,category_default,,
osm:way:863501296,30,60,120,category_default,,
osm:way:866553274,20,45,90,category_default,,
osm:way:866849200,20,45,90,category_default,,
osm:way:866849206,20,45,75,category_default,,
osm:way:867981976,20,45,75,category_default,,
osm:way:868630154,20,45,90,category_default,,
osm:way:868630553,30,60,120,category_default,,
osm:way:868661276,20,45,90,category_default,,
osm:way:870400500,30,60,120,category_default,,
osm:way:871112688,20,45,90,category_default,,
osm:way:871112689,20,45,90,category_default,,
osm:way:871112691,20,45,90,category_default,,
osm:way:871112693,20,45,90,category_default,,
osm:way:871112694,20,45,90,category_default,,
osm:way:871112695,20,45,90,category_default,,
osm:way:871112696,20,45,90,category_default,,
osm:way:871572470,20,45,90,category_default,,
osm:way:871572477,20,45,90,category_default,,
osm:way:871572485,20,45,90,category_default,,
osm:way:871576679,20,45,90,category_default,,
osm:way:871576680,20,45,90,category_default,,
osm:way:871576681,20,45,90,category_default,,
osm:way:871576682,20,45,90,category_default,,
osm:way:871579522,20,45,90,category_default,,
osm:way:871579523,20,45,90,category_default,,
osm:way:871579524,20,45,90,category_default,,
osm:way:871579525,20,45,90,category_default,,
osm:way:87200823,20,45,90,category_default,,
osm:way:872194563,20,45,90,category_default,,
osm:way:872194566,20,45,90,category_default,,
osm:way:874511700,20,45,90,category_default,,
osm:way:874946718,30,60,120,category_default,,
osm:way:875161079,30,60,120,category_default,,
osm:way:875196271,30,60,120,category_default,,
osm:way:875447287,20,45,90,category_default,,
osm:way:875471252,20,45,90,category_default,,
osm:way:875471253,20,45,90,category_default,,
osm:way:875488220,20,45,90,category_default,,
osm:way:879519246,30,60,120,category_default,,
osm:way:879841441,30,60,120,category_default,,
osm:way:881002228,20,45,90,category_default,,
osm:way:881003728,20,45,90,category_default,,
osm:way:884063648,20,45,90,category_default,,
osm:way:884236354,20,45,90,category_default,,
osm:way:885744704,30,60,120,category_default,,
osm:way:885788725,30,60,120,category_default,,
osm:way:886411672,20,45,90,category_default,,
osm:way:886895052,20,45,90,category_default,,
osm:way:886895053,20,45,90,category_default,,
osm:way:886897750,20,45,90,category_default,,
osm:way:886904068,20,45,75,category_default,,
osm:way:886905149,20,45,75,category_default,,
osm:way:888611681,20,45,75,category_default,,
osm:way:888629812,20,45,90,category_default,,
osm:way:888768368,20,45,90,category_default,,
osm:way:888793494,20,45,90,category_default,,
osm:way:889113701,30,60,120,category_default,,
osm:way:891950562,20,45,90,category_default,,
osm:way:892577251,30,60,90,category_default,,
osm:way:892583617,30,60,120,category_default,,
osm:way:892583620,30,60,120,category_default,,
osm:way:894857495,20,45,90,category_default,,
osm:way:895209247,30,60,120,category_default,,
osm:way:895209260,20,45,90,category_default,,
osm:way:895756059,45,90,150,category_default,,
osm:way:89608604,30,60,120,category_default,,
osm:way:89748520,20,45,90,category_default,,
osm:way:89748554,30,60,120,category_default,,
osm:way:897888816,20,45,90,category_default,,
osm:way:897942012,20,45,90,category_default,,
osm:way:898029671,20,45,90,category_default,,
osm:way:898280534,20,45,90,category_default,,
osm:way:898412304,20,45,90,category_default,,
osm:way:899712058,20,45,90,category_default,,
osm:way:899723249,30,60,120,category_default,,
osm:way:899754205,20,45,90,category_default,,
osm:way:900590738,20,45,90,category_default,,
osm:way:900590739,20,45,90,category_default,,
osm:way:900599303,20,45,90,category_default,,
osm:way:900599304,20,45,90,category_default,,
osm:way:90071490,30,60,120,category_default,,
osm:way:90080529,30,60,120,category_default,,
osm:way:90080614,30,60,120,category_default,,
osm:way:901651364,20,45,90,category_default,,
osm:way:902155098,20,45,90,category_default,,
osm:way:902966818,30,60,120,category_default,,
osm:way:903067718,20,45,75,category_default,,
osm:way:903827683,20,45,90,category_default,,
osm:way:904321296,20,45,90,category_default,,
osm:way:904885050,20,45,90,category_default,,
osm:way:904885509,20,45,90,category_default,,
osm:way:905779140,20,45,90,category_default,,
osm:way:906434459,20,45,90,category_default,,
osm:way:906984455,20,45,90,category_default,,
osm:way:907280822,20,45,90,category_default,,
osm:way:907285040,20,45,90,category_default,,
osm:way:907748756,20,45,90,category_default,,
osm:way:907748757,20,45,90,category_default,,
osm:way:907748758,20,45,90,category_default,,
osm:way:907748759,20,45,90,category_default,,
osm:way:907748760,20,45,90,category_default,,
osm:way:907748761,20,45,90,category_default,,
osm:way:907748762,20,45,90,category_default,,
osm:way:907748763,20,45,90,category_default,,
osm:way:907748764,20,45,90,category_default,,
osm:way:907748775,20,45,90,category_default,,
osm:way:907748776,20,45,90,category_default,,
osm:way:907748777,20,45,90,category_default,,
osm:way:907748778,20,45,90,category_default,,
osm:way:907748779,20,45,90,category_default,,
osm:way:907748780,20,45,90,category_default,,
osm:way:907748783,20,45,90,category_default,,
osm:way:907748784,20,45,90,category_default,,
osm:way:907748785,20,45,90,category_default,,
osm:way:907748786,20,45,90,category_default,,
osm:way:907748787,20,45,90,category_default,,
osm:way:907748788,20,45,90,category_default,,
osm:way:907748789,20,45,90,category_default,,
osm:way:907748790,20,45,90,category_default,,
osm:way:907748791,20,45,90,category_default,,
osm:way:907748792,20,45,90,category_default,,
osm:way:907748803,20,45,90,category_default,,
osm:way:907748804,20,45,90,category_default,,
osm:way:907748805,20,45,90,category_default,,
osm:way:907748806,20,45,90,category_default,,
osm:way:907748807,20,45,90,category_default,,
osm:way:907748815,20,45,90,category_default,,
osm:way:907748816,20,45,90,category_default,,
osm:way:907748840,20,45,90,category_default,,
osm:way:907748874,20,45,90,category_default,,
osm:way:907748880,20,45,90,category_default,,
osm:way:907748881,20,45,90,category_default,,
osm:way:907748882,20,45,90,category_default,,
osm:way:907748902,20,45,90,category_default,,
osm:way:907748903,20,45,90,category_default,,
osm:way:907748904,20,45,90,category_default,,
osm:way:907748905,20,45,90,category_default,,
osm:way:907748906,20,45,90,category_default,,
osm:way:907748972,20,45,90,category_default,,
osm:way:907748973,20,45,90,category_default,,
osm:way:907748974,20,45,90,category_default,,
osm:way:907748975,20,45,90,category_default,,
osm:way:907749021,20,45,90,category_default,,
osm:way:907749022,20,45,90,category_default,,
osm:way:907749026,20,45,90,category_default,,
osm:way:907749027,20,45,90,category_default,,
osm:way:907749028,20,45,90,category_default,,
osm:way:907749029,20,45,90,category_default,,
osm:way:907749030,20,45,90,category_default,,
osm:way:907749031,20,45,90,category_default,,
osm:way:907749032,20,45,90,category_default,,
osm:way:907749033,20,45,90,category_default,,
osm:way:907749034,20,45,90,category_default,,
osm:way:907749035,20,45,90,category_default,,
osm:way:907749036,20,45,90,category_default,,
osm:way:907749037,20,45,90,category_default,,
osm:way:907749038,20,45,90,category_default,,
osm:way:907749039,20,45,90,category_default,,
osm:way:907749040,20,45,90,category_default,,
osm:way:907749041,20,45,90,category_default,,
osm:way:907749042,20,45,90,category_default,,
osm:way:907749043,20,45,90,category_default,,
osm:way:907749044,20,45,90,category_default,,
osm:way:907749045,20,45,90,category_default,,
osm:way:907749046,20,45,90,category_default,,
osm:way:907749047,20,45,90,category_default,,
osm:way:907749048,20,45,90,category_default,,
osm:way:907749049,20,45,90,category_default,,
osm:way:907749050,20,45,90,category_default,,
osm:way:907749051,20,45,90,category_default,,
osm:way:907749052,20,45,90,category_default,,
osm:way:907749053,20,45,90,category_default,,
osm:way:907749054,20,45,90,category_default,,
osm:way:907749063,20,45,90,category_default,,
osm:way:907749065,20,45,90,category_default,,
osm:way:907749067,20,45,90,category_default,,
osm:way:907749068,20,45,90,category_default,,
osm:way:907749069,20,45,90,category_default,,
osm:way:907749070,20,45,90,category_default,,
osm:way:907749071,20,45,90,category_default,,
osm:way:907749072,20,45,90,category_default,,
osm:way:907749073,20,45,90,category_default,,
osm:way:907749075,20,45,90,category_default,,
osm:way:907749076,20,45,90,category_default,,
osm:way:907749077,20,45,90,category_default,,
osm:way:907749078,20,45,90,category_default,,
osm:way:907749079,20,45,90,category_default,,
osm:way:907749080,20,45,90,category_default,,
osm:way:907749081,20,45,90,category_default,,
osm:way:907749082,20,45,90,category_default,,
osm:way:907749083,20,45,90,category_default,,
osm:way:907749086,20,45,90,category_default,,
osm:way:907749100,20,45,90,category_default,,
osm:way:907749102,20,45,90,category_default,,
osm:way:907749103,20,45,90,category_default,,
osm:way:907749104,20,45,90,category_default,,
osm:way:907749105,20,45,90,category_default,,
osm:way:907749106,20,45,90,category_default,,
osm:way:907749107,20,45,90,category_default,,
osm:way:907749108,20,45,90,category_default,,
osm:way:907749109,20,45,90,category_default,,
osm:way:907749110,20,45,90,category_default,,
osm:way:907749111,20,45,90,category_default,,
osm:way:907749112,20,45,90,category_default,,
osm:way:907749113,20,45,90,category_default,,
osm:way:907749114,20,45,90,category_default,,
osm:way:907749115,20,45,90,category_default,,
osm:way:907749118,20,45,90,category_default,,
osm:way:907749121,20,45,90,category_default,,
osm:way:907749122,20,45,90,category_default,,
osm:way:907749123,20,45,90,category_default,,
osm:way:907749124,20,45,90,category_default,,
osm:way:907749125,20,45,90,category_default,,
osm:way:907749126,20,45,90,category_default,,
osm:way:907749127,20,45,90,category_default,,
osm:way:907749128,20,45,90,category_default,,
osm:way:907749129,20,45,90,category_default,,
osm:way:907749130,20,45,90,category_default,,
osm:way:907749131,20,45,90,category_default,,
osm:way:907749132,20,45,90,category_default,,
osm:way:907749133,20,45,90,category_default,,
osm:way:907749134,20,45,90,category_default,,
osm:way:907749135,20,45,90,category_default,,
osm:way:907749136,20,45,90,category_default,,
osm:way:907749137,20,45,90,category_default,,
osm:way:907749138,20,45,90,category_default,,
osm:way:907749139,20,45,90,category_default,,
osm:way:907749140,20,45,90,category_default,,
osm:way:907749141,20,45,90,category_default,,
osm:way:907749142,20,45,90,category_default,,
osm:way:907749143,20,45,90,category_default,,
osm:way:907749144,20,45,90,category_default,,
osm:way:907749145,20,45,90,category_default,,
osm:way:907749146,20,45,90,category_default,,
osm:way:907749147,20,45,90,category_default,,
osm:way:907749148,20,45,90,category_default,,
osm:way:907749149,20,45,90,category_default,,
osm:way:907749150,20,45,90,category_default,,
osm:way:907749151,20,45,90,category_default,,
osm:way:907749152,20,45,90,category_default,,
osm:way:907749153,20,45,90,category_default,,
osm:way:907749154,20,45,90,category_default,,
osm:way:907749156,20,45,90,category_default,,
osm:way:907749158,20,45,90,category_default,,
osm:way:907749160,20,45,90,category_default,,
osm:way:907749161,20,45,90,category_default,,
osm:way:907749162,20,45,90,category_default,,
osm:way:907749164,20,45,90,category_default,,
osm:way:907749165,20,45,90,category_default,,
osm:way:907749166,20,45,90,category_default,,
osm:way:907749167,20,45,90,category_default,,
osm:way:907749168,20,45,90,category_default,,
osm:way:907749169,20,45,90,category_default,,
osm:way:907749170,20,45,90,category_default,,
osm:way:907749171,20,45,90,category_default,,
osm:way:907749172,20,45,90,category_default,,
osm:way:907749173,20,45,90,category_default,,
osm:way:907749174,20,45,90,category_default,,
osm:way:907749176,20,45,90,category_default,,
osm:way:907749178,20,45,90,category_default,,
osm:way:907749179,20,45,90,category_default,,
osm:way:907749182,20,45,90,category_default,,
osm:way:907749184,20,45,90,category_default,,
osm:way:907749186,20,45,90,category_default,,
osm:way:907749188,20,45,90,category_default,,
osm:way:907749190,20,45,90,category_default,,
osm:way:907749192,20,45,90,category_default,,
osm:way:907749194,20,45,90,category_default,,
osm:way:907749195,20,45,90,category_default,,
osm:way:907749196,20,45,90,category_default,,
osm:way:907749197,20,45,90,category_default,,
osm:way:907749205,20,45,90,category_default,,
osm:way:907749222,20,45,90,category_default,,
osm:way:907749223,20,45,90,category_default,,
osm:way:907749224,20,45,90,category_default,,
osm:way:907749225,20,45,90,category_default,,
osm:way:907749226,20,45,90,category_default,,
osm:way:907749227,20,45,90,category_default,,
osm:way:907749228,20,45,90,category_default,,
osm:way:908417669,30,60,120,category_default,,
osm:way:908972081,20,45,75,category_default,,
osm:way:908976520,20,45,75,category_default,,
osm:way:908992974,20,45,75,category_default,,
osm:way:909011618,20,45,90,category_default,,
osm:way:909833203,20,45,90,category_default,,
osm:way:910459936,20,45,90,category_default,,
osm:way:911561441,30,60,120,category_default,,
osm:way:914641554,20,45,75,category_default,,
osm:way:915391554,20,45,90,category_default,,
osm:way:916528084,30,60,120,category_default,,
osm:way:916865965,20,45,90,category_default,,
osm:way:916879501,20,45,90,category_default,,
osm:way:918491414,20,45,90,category_default,,
osm:way:920751900,20,45,90,category_default,,
osm:way:920925177,30,60,120,category_default,,
osm:way:920925178,20,45,75,category_default,,
osm:way:921987264,30,60,120,category_default,,
osm:way:921987266,30,60,120,category_default,,
osm:way:922816142,30,60,120,category_default,,
osm:way:925432867,20,45,75,category_default,,
osm:way:925432868,20,45,90,category_default,,
osm:way:925432869,20,45,90,category_default,,
osm:way:925434570,20,45,90,category_default,,
osm:way:925434571,20,45,90,category_default,,
osm:way:925434573,20,45,90,category_default,,
osm:way:926942273,20,45,90,category_default,,
osm:way:930811432,30,60,120,category_default,,
osm:way:930811446,30,60,120,category_default,,
osm:way:932101144,30,60,120,category_default,,
osm:way:934549622,20,45,90,category_default,,
osm:way:934549623,20,45,90,category_default,,
osm:way:936616575,20,45,90,category_default,,
osm:way:936715110,30,60,120,category_default,,
osm:way:939790932,20,45,90,category_default,,
osm:way:939812608,20,45,90,category_default,,
osm:way:940004472,30,60,120,category_default,,
osm:way:941506163,20,45,90,category_default,,
osm:way:941812629,20,45,90,category_default,,
osm:way:941901612,20,45,90,category_default,,
osm:way:941901613,20,45,90,category_default,,
osm:way:942762464,30,60,120,category_default,,
osm:way:944100695,20,45,90,category_default,,
osm:way:944513319,20,45,90,category_default,,
osm:way:946871159,30,60,120,category_default,,
osm:way:947089943,20,45,90,category_default,,
osm:way:947089976,20,45,90,category_default,,
osm:way:951420405,20,45,90,category_default,,
osm:way:951694398,20,45,90,category_default,,
osm:way:952526935,20,45,90,category_default,,
osm:way:959984228,30,60,120,category_default,,
osm:way:959985390,30,60,120,category_default,,
osm:way:959988675,30,60,120,category_default,,
osm:way:959988676,30,60,120,category_default,,
osm:way:959989941,30,60,120,category_default,,
osm:way:959991878,30,60,120,category_default,,
osm:way:959996615,20,45,90,category_default,,
osm:way:960009813,30,60,120,category_default,,
osm:way:960016476,30,60,120,category_default,,
osm:way:960018837,30,60,120,category_default,,
osm:way:960019192,30,60,120,category_default,,
osm:way:960040681,30,60,120,category_default,,
osm:way:960040971,30,60,120,category_default,,
osm:way:960041871,30,60,120,category_default,,
osm:way:960043474,30,60,120,category_default,,
osm:way:960111916,30,60,120,category_default,,
osm:way:960112186,30,60,120,category_default,,
osm:way:960170470,30,60,120,category_default,,
osm:way:960170705,20,45,90,category_default,,
osm:way:960170728,20,45,90,category_default,,
osm:way:960175617,20,45,90,category_default,,
osm:way:961031437,30,60,120,category_default,,
osm:way:961031462,30,60,120,category_default,,
osm:way:961184057,30,60,120,category_default,,
osm:way:961345426,20,45,90,category_default,,
osm:way:961664400,30,60,120,category_default,,
osm:way:961921403,20,45,90,category_default,,
osm:way:961973763,30,60,120,category_default,,
osm:way:961973996,30,60,120,category_default,,
osm:way:962108578,30,60,120,category_default,,
osm:way:962129075,30,60,120,category_default,,
osm:way:962129076,30,60,120,category_default,,
osm:way:962129077,30,60,120,category_default,,
osm:way:962129078,30,60,120,category_default,,
osm:way:962129079,30,60,120,category_default,,
osm:way:962130353,30,60,120,category_default,,
osm:way:962134784,30,60,120,category_default,,
osm:way:962134785,30,60,120,category_default,,
osm:way:962486868,30,60,120,category_default,,
osm:way:962628994,20,45,75,category_default,,
osm:way:962675095,30,60,120,category_default,,
osm:way:962675181,30,60,120,category_default,,
osm:way:962685567,30,60,120,category_default,,
osm:way:962686041,30,60,120,category_default,,
osm:way:962696786,30,60,120,category_default,,
osm:way:962902112,30,60,120,category_default,,
osm:way:962922485,20,45,90,category_default,,
osm:way:962922519,30,60,120,category_default,,
osm:way:962982791,30,60,120,category_default,,
osm:way:9635893,30,60,120,category_default,,
osm:way:964403946,30,60,120,category_default,,
osm:way:964404613,30,60,120,category_default,,
osm:way:964405859,30,60,120,category_default,,
osm:way:964410226,30,60,120,category_default,,
osm:way:964415366,20,45,75,category_default,,
osm:way:964416658,30,60,120,category_default,,
osm:way:964418689,30,60,120,category_default,,
osm:way:964418766,30,60,120,category_default,,
osm:way:964418770,30,60,120,category_default,,
osm:way:964419144,30,60,120,category_default,,
osm:way:964419440,30,60,120,category_default,,
osm:way:964419534,30,60,120,category_default,,
osm:way:964421097,30,60,120,category_default,,
osm:way:964421328,30,60,120,category_default,,
osm:way:964421429,30,60,120,category_default,,
osm:way:964423632,30,60,120,category_default,,
osm:way:964908494,20,45,75,category_default,,
osm:way:965856881,30,60,120,category_default,,
osm:way:966750005,30,60,120,category_default,,
osm:way:967540663,20,45,90,category_default,,
osm:way:969291320,20,45,90,category_default,,
osm:way:969300127,30,60,120,category_default,,
osm:way:970382350,20,45,90,category_default,,
osm:way:970449051,30,60,120,category_default,,
osm:way:970630484,30,60,120,category_default,,
osm:way:970630485,30,60,120,category_default,,
osm:way:970630486,30,60,120,category_default,,
osm:way:970630487,30,60,120,category_default,,
osm:way:970630488,30,60,120,category_default,,
osm:way:970889563,30,60,120,category_default,,
osm:way:971390960,20,45,90,category_default,,
osm:way:971945056,20,45,90,category_default,,
osm:way:971999801,20,45,90,category_default,,
osm:way:972503643,30,60,120,category_default,,
osm:way:972604563,30,60,120,category_default,,
osm:way:972604565,20,45,90,category_default,,
osm:way:972604572,20,45,75,category_default,,
osm:way:972604579,20,45,90,category_default,,
osm:way:972772688,20,45,90,category_default,,
osm:way:973258391,30,60,120,category_default,,
osm:way:973362520,20,45,90,category_default,,
osm:way:973931178,20,45,90,category_default,,
osm:way:974020821,30,60,120,category_default,,
osm:way:974927173,20,45,90,category_default,,
osm:way:974991933,30,60,120,category_default,,
osm:way:975203350,30,60,120,category_default,,
osm:way:975253399,20,45,90,category_default,,
osm:way:975337851,20,45,90,category_default,,
osm:way:975348816,20,45,75,category_default,,
osm:way:976232573,20,45,90,category_default,,
osm:way:976996636,20,45,90,category_default,,
osm:way:977138972,20,45,90,category_default,,
osm:way:977138973,20,45,90,category_default,,
osm:way:977138974,20,45,90,category_default,,
osm:way:977138975,20,45,90,category_default,,
osm:way:977138977,20,45,90,category_default,,
osm:way:977138978,20,45,90,category_default,,
osm:way:977146584,20,45,90,category_default,,
osm:way:977146585,20,45,90,category_default,,
osm:way:977146590,20,45,90,category_default,,
osm:way:977146591,20,45,90,category_default,,
osm:way:977156611,20,45,90,category_default,,
osm:way:977331231,20,45,90,category_default,,
osm:way:977331233,20,45,90,category_default,,
osm:way:977375277,20,45,90,category_default,,
osm:way:977375279,30,60,120,category_default,,
osm:way:977472093,20,45,75,category_default,,
osm:way:977744305,20,45,90,category_default,,
osm:way:977774252,20,45,90,category_default,,
osm:way:977812703,20,45,90,category_default,,
osm:way:977812704,20,45,90,category_default,,
osm:way:977812708,20,45,90,category_default,,
osm:way:978019636,20,45,90,category_default,,
osm:way:978035268,20,45,90,category_default,,
osm:way:978035287,20,45,90,category_default,,
osm:way:978353559,20,45,90,category_default,,
osm:way:978353567,20,45,90,category_default,,
osm:way:978607730,20,45,90,category_default,,
osm:way:978929914,20,45,90,category_default,,
osm:way:978929915,20,45,90,category_default,,
osm:way:978929916,20,45,90,category_default,,
osm:way:978929924,20,45,90,category_default,,
osm:way:979759549,30,60,120,category_default,,
osm:way:979788706,20,45,90,category_default,,
osm:way:979788707,20,45,90,category_default,,
osm:way:979788710,20,45,90,category_default,,
osm:way:979806169,30,60,120,category_default,,
osm:way:979811896,20,45,90,category_default,,
osm:way:979811907,20,45,90,category_default,,
osm:way:979946800,20,45,90,category_default,,
osm:way:981161888,30,60,120,category_default,,
osm:way:981469319,20,45,90,category_default,,
osm:way:981597461,20,45,90,category_default,,
osm:way:981597462,20,45,90,category_default,,
osm:way:982002055,20,45,90,category_default,,
osm:way:982007364,20,45,90,category_default,,
osm:way:982158083,20,45,90,category_default,,
osm:way:982158092,20,45,90,category_default,,
osm:way:982159597,20,45,90,category_default,,
osm:way:982159598,20,45,90,category_default,,
osm:way:982159599,20,45,90,category_default,,
osm:way:983077549,20,45,90,category_default,,
osm:way:983780610,20,45,90,category_default,,
osm:way:983780612,20,45,90,category_default,,
osm:way:984178029,20,45,90,category_default,,
osm:way:984907833,20,45,90,category_default,,
osm:way:985095322,30,60,120,category_default,,
osm:way:985392051,20,45,90,category_default,,
osm:way:986885040,20,45,90,category_default,,
osm:way:987360477,20,45,90,category_default,,
osm:way:988842983,20,45,90,category_default,,
osm:way:991888050,30,60,120,category_default,,
osm:way:992089292,20,45,90,category_default,,
osm:way:992642704,30,60,120,category_default,,
osm:way:993050393,20,45,90,category_default,,
osm:way:993050399,20,45,90,category_default,,
osm:way:993050403,20,45,90,category_default,,
osm:way:993050409,20,45,90,category_default,,
osm:way:993375182,20,45,90,category_default,,
osm:way:993528569,20,45,90,category_default,,
osm:way:994108263,20,45,90,category_default,,
osm:way:994112118,20,45,90,category_default,,
osm:way:99660966,30,60,120,category_default,,
osm:way:99661160,30,60,120,category_default,,
osm:way:99661190,30,60,120,category_default,,
osm:way:996829064,30,60,120,category_default,,
osm:way:997509887,20,45,90,category_default,,
osm:node:1000087283,20,30,60,category_default,,
osm:node:1000087449,45,60,90,category_default,,
osm:node:10002371857,20,30,60,category_default,,
osm:node:10002371862,20,30,60,category_default,,
osm:node:10002371867,45,60,90,category_default,,
osm:node:10002371882,20,30,60,category_default,,
osm:node:10011953034,20,30,60,category_default,,
osm:node:10029093147,20,30,60,category_default,,
osm:node:10044381092,45,60,90,category_default,,
osm:node:10048501032,20,30,60,category_default,,
osm:node:10048686918,20,30,60,category_default,,
osm:node:10082412846,20,30,60,category_default,,
osm:node:10098130619,45,60,90,category_default,,
osm:node:10098130620,45,60,90,category_default,,
osm:node:10098130621,45,60,90,category_default,,
osm:node:10098130622,45,60,90,category_default,,
osm:node:10103088449,45,60,90,category_default,,
osm:node:10105860276,45,60,90,category_default,,
osm:node:10111472817,45,60,90,category_default,,
osm:node:10111546117,45,60,90,category_default,,
osm:node:10111550317,45,60,90,category_default,,
osm:node:10114776452,20,30,60,category_default,,
osm:node:10120064768,20,30,60,category_default,,
osm:node:10120064773,45,60,90,category_default,,
osm:node:10120348018,20,30,60,category_default,,
osm:node:10126113417,45,60,90,category_default,,
osm:node:10127588217,45,60,90,category_default,,
osm:node:10129864868,45,60,90,category_default,,
osm:node:10137315103,45,60,90,category_default,,
osm:node:10154412491,45,60,90,category_default,,
osm:node:10158964415,45,60,90,category_default,,
osm:node:10166537621,45,60,90,category_default,,
osm:node:10179892274,45,60,90,category_default,,
osm:node:10183312317,20,30,60,category_default,,
osm:node:10199648444,45,60,90,category_default,,
osm:node:10213645392,20,30,60,category_default,,
osm:node:10213648463,45,60,90,category_default,,
osm:node:10213826362,45,60,90,category_default,,
osm:node:10213906581,45,60,90,category_default,,
osm:node:10214404094,20,30,60,category_default,,
osm:node:10216519958,45,60,90,category_default,,
osm:node:10219253935,45,60,90,category_default,,
osm:node:10219253940,45,60,90,category_default,,
osm:node:10219271549,45,60,90,category_default,,
osm:node:10219271553,20,30,60,category_default,,
osm:node:10219271554,20,30,60,category_default,,
osm:node:10220920182,20,30,60,category_default,,
osm:node:10222614647,45,60,90,category_default,,
osm:node:10225121259,45,60,90,category_default,,
osm:node:10230442790,20,30,60,category_default,,
osm:node:10240190081,45,60,90,category_default,,
osm:node:10240244240,45,60,90,category_default,,
osm:node:10240244241,45,60,90,category_default,,
osm:node:10240244242,45,60,90,category_default,,
osm:node:10240244243,45,60,90,category_default,,
osm:node:10240244244,45,60,90,category_default,,
osm:node:10240244245,45,60,90,category_default,,
osm:node:10240244246,45,60,90,category_default,,
osm:node:10240244247,45,60,90,category_default,,
osm:node:10240244248,45,60,90,category_default,,
osm:node:10240244249,45,60,90,category_default,,
osm:node:10240244250,45,60,90,category_default,,
osm:node:10240244251,45,60,90,category_default,,
osm:node:10241471509,20,30,60,category_default,,
osm:node:10244441610,20,30,60,category_default,,
osm:node:10245738609,20,30,60,category_default,,
osm:node:10245908053,45,60,90,category_default,,
osm:node:10247214096,45,60,90,category_default,,
osm:node:10247214097,45,60,90,category_default,,
osm:node:10247214098,45,60,90,category_default,,
osm:node:10247214103,20,30,60,category_default,,
osm:node:10248628282,20,30,60,category_default,,
osm:node:10248628286,20,30,60,category_default,,
osm:node:10248628290,20,30,60,category_default,,
osm:node:10248628304,20,30,60,category_default,,
osm:node:10248628307,45,60,90,category_default,,
osm:node:10248661411,20,30,60,category_default,,
osm:node:10250353711,45,60,90,category_default,,
osm:node:10254828318,45,60,90,category_default,,
osm:node:10254828329,45,60,90,category_default,,
osm:node:10254828330,45,60,90,category_default,,
osm:node:10255177796,45,60,90,category_default,,
osm:node:10255177798,45,60,90,category_default,,
osm:node:10255177799,20,30,60,category_default,,
osm:node:10255177804,45,60,90,category_default,,
osm:node:10255177805,45,60,90,category_default,,
osm:node:10255177807,20,30,60,category_default,,
osm:node:10255192009,45,60,90,category_default,,
osm:node:10255192014,45,60,90,category_default,,
osm:node:10255192016,45,60,90,category_default,,
osm:node:10255192017,45,60,90,category_default,,
osm:node:10255708066,45,60,90,category_default,,
osm:node:10255708067,20,30,60,category_default,,
osm:node:10255708075,45,60,90,category_default,,
osm:node:10255708076,45,60,90,category_default,,
osm:node:10255708077,45,60,90,category_default,,
osm:node:10255708080,45,60,90,category_default,,
osm:node:10255708081,45,60,90,category_default,,
osm:node:10255708084,20,30,60,category_default,,
osm:node:10255708088,45,60,90,category_default,,
osm:node:10255708090,45,60,90,category_default,,
osm:node:10255708092,45,60,90,category_default,,
osm:node:10255708094,20,30,60,category_default,,
osm:node:10255708095,20,30,60,category_default,,
osm:node:10255708096,45,60,90,category_default,,
osm:node:10257020068,45,60,90,category_default,,
osm:node:10257020069,20,30,60,category_default,,
osm:node:10257020088,45,60,90,category_default,,
osm:node:10257020089,20,30,60,category_default,,
osm:node:10257020097,45,60,90,category_default,,
osm:node:10257020099,45,60,90,category_default,,
osm:node:10258564239,20,30,60,category_default,,
osm:node:10258564244,45,60,90,category_default,,
osm:node:10258564245,20,30,60,category_default,,
osm:node:10258564246,45,60,90,category_default,,
osm:node:10258564247,45,60,90,category_default,,
osm:node:10258564248,20,30,60,category_default,,
osm:node:10258564249,45,60,90,category_default,,
osm:node:10258564255,45,60,90,category_default,,
osm:node:10261572487,45,60,90,category_default,,
osm:node:10262857805,45,60,90,category_default,,
osm:node:10262857806,20,30,60,category_default,,
osm:node:10262857807,45,60,90,category_default,,
osm:node:10262933709,45,60,90,category_default,,
osm:node:10262933710,20,30,60,category_default,,
osm:node:10264303109,45,60,90,category_default,,
osm:node:10269656431,20,30,60,category_default,,
osm:node:10269656432,20,30,60,category_default,,
osm:node:10269656433,20,30,60,category_default,,
osm:node:10272739935,20,30,60,category_default,,
osm:node:10274963509,45,60,90,category_default,,
osm:node:10279544609,20,30,60,category_default,,
osm:node:10281779509,45,60,90,category_default,,
osm:node:10286931053,20,30,60,category_default,,
osm:node:10292550606,20,30,60,category_default,,
osm:node:10293406415,45,60,90,category_default,,
osm:node:10295139993,45,60,90,category_default,,
osm:node:10295259298,45,60,90,category_default,,
osm:node:10296348609,45,60,90,category_default,,
osm:node:10298273478,45,60,90,category_default,,
osm:node:10298553019,45,60,90,category_default,,
osm:node:10298555575,45,60,90,category_default,,
osm:node:10298693325,45,60,90,category_default,,
osm:node:10298693326,45,60,90,category_default,,
osm:node:10298693327,45,60,90,category_default,,
osm:node:10298693328,45,60,90,category_default,,
osm:node:10298693329,45,60,90,category_default,,
osm:node:10298717234,45,60,90,category_default,,
osm:node:10300504394,20,30,60,category_default,,
osm:node:10302606217,45,60,90,category_default,,
osm:node:10303626687,60,120,240,category_default,,
osm:node:10303626688,60,120,240,category_default,,
osm:node:10303960960,45,60,90,category_default,,
osm:node:10303960961,45,60,90,category_default,,
osm:node:10304029313,45,60,90,category_default,,
osm:node:10304039134,45,60,90,category_default,,
osm:node:10304278990,20,30,60,category_default,,
osm:node:10304520225,45,60,90,category_default,,
osm:node:10304585640,45,60,90,category_default,,
osm:node:10304602674,45,60,90,category_default,,
osm:node:10304609242,45,60,90,category_default,,
osm:node:10308130024,45,60,90,category_default,,
osm:node:10310109109,45,60,90,category_default,,
osm:node:10312611228,45,60,90,category_default,,
osm:node:10312895500,45,60,90,category_default,,
osm:node:10312969476,20,30,60,category_default,,
osm:node:104770283,45,60,90,category_default,,
osm:node:10536187009,20,30,60,category_default,,
osm:node:10537046604,45,60,90,category_default,,
osm:node:10539712109,45,60,90,category_default,,
osm:node:10557047309,45,60,90,category_default,,
osm:node:10581567805,45,60,90,category_default,,
osm:node:10593413006,45,60,90,category_default,,
osm:node:10598314706,20,30,60,category_default,,
osm:node:10600872413,45,60,90,category_default,,
osm:node:10601191015,20,30,60,category_default,,
osm:node:10601264077,45,60,90,category_default,,
osm:node:10601264078,45,60,90,category_default,,
osm:node:10601264079,45,60,90,category_default,,
osm:node:10601264080,45,60,90,category_default,,
osm:node:10601265149,45,60,90,category_default,,
osm:node:10601269706,45,60,90,category_default,,
osm:node:10601272420,45,60,90,category_default,,
osm:node:10601275313,45,60,90,category_default,,
osm:node:10603243286,45,60,90,category_default,,
osm:node:10603580456,45,60,90,category_default,,
osm:node:10605564305,45,60,90,category_default,,
osm:node:10613708848,20,30,60,category_default,,
osm:node:10617495454,20,30,60,category_default,,
osm:node:10621408639,20,30,60,category_default,,
osm:node:10621408642,45,60,90,category_default,,
osm:node:10621408647,20,30,60,category_default,,
osm:node:10621408648,20,30,60,category_default,,
osm:node:10621408652,45,60,90,category_default,,
osm:node:10628095751,45,60,90,category_default,,
osm:node:10632619359,20,30,60,category_default,,
osm:node:10635513085,20,30,60,category_default,,
osm:node:10648477405,45,60,90,category_default,,
osm:node:10648787605,45,60,90,category_default,,
osm:node:10650885412,45,60,90,category_default,,
osm:node:10651023006,45,60,90,category_default,,
osm:node:10651024105,45,60,90,category_default,,
osm:node:10651129981,20,30,60,category_default,,
osm:node:10652658505,45,60,90,category_default,,
osm:node:10653571405,45,60,90,category_default,,
osm:node:10656829305,45,60,90,category_default,,
osm:node:10669054405,45,60,90,category_default,,
osm:node:10669108706,45,60,90,category_default,,
osm:node:10669431406,45,60,90,category_default,,
osm:node:10674994906,45,60,90,category_default,,
osm:node:10675781601,45,60,90,category_default,,
osm:node:10676070107,45,60,90,category_default,,
osm:node:10678143902,20,30,60,category_default,,
osm:node:10678548055,45,60,90,category_default,,
osm:node:10679929000,45,60,90,category_default,,
osm:node:10682748805,20,30,60,category_default,,
osm:node:10690742374,20,30,60,category_default,,
osm:node:10691121371,45,60,90,category_default,,
osm:node:10694726603,45,60,90,category_default,,
osm:node:10694763006,45,60,90,category_default,,
osm:node:10697312199,20,30,60,category_default,,
osm:node:10711527705,45,60,90,category_default,,
osm:node:10715935205,20,30,60,category_default,,
osm:node:10718073305,20,30,60,category_default,,
osm:node:10720585225,30,60,90,category_default,,
osm:node:10728843553,45,60,90,category_default,,
osm:node:10731139483,45,60,90,category_default,,
osm:node:10733187892,45,60,90,category_default,,
osm:node:10734202162,45,60,90,category_default,,
osm:node:10736205276,45,60,90,category_default,,
osm:node:10736218504,45,60,90,category_default,,
osm:node:10736260563,45,60,90,category_default,,
osm:node:10736281451,45,60,90,category_default,,
osm:node:10749874405,20,30,60,category_default,,
osm:node:10749951834,20,30,60,category_default,,
osm:node:10756018605,45,60,90,category_default,,
osm:node:10763332205,45,60,90,category_default,,
osm:node:10768300006,45,60,90,category_default,,
osm:node:10768346405,45,60,90,category_default,,
osm:node:10773540605,20,30,60,category_default,,
osm:node:10775822705,45,60,90,category_default,,
osm:node:10775883305,45,60,90,category_default,,
osm:node:10776337811,45,60,90,category_default,,
osm:node:10777150405,45,60,90,category_default,,
osm:node:10777276806,20,30,60,category_default,,
osm:node:10777962706,20,30,60,category_default,,
osm:node:10779089305,45,60,90,category_default,,
osm:node:10779680205,45,60,90,category_default,,
osm:node:10779745505,45,60,90,category_default,,
osm:node:10781116908,45,60,90,category_default,,
osm:node:10781135505,45,60,90,category_default,,
osm:node:10783518305,45,60,90,category_default,,
osm:node:10783641305,20,30,60,category_default,,
osm:node:10784775351,20,30,60,category_default,,
osm:node:10786488995,45,60,90,category_default,,
osm:node:10796761307,20,30,60,category_default,,
osm:node:10796872105,45,60,90,category_default,,
osm:node:10798682806,45,60,90,category_default,,
osm:node:10807491807,45,60,90,category_default,,
osm:node:10813726005,20,30,60,category_default,,
osm:node:10819049905,45,60,90,category_default,,
osm:node:10823609205,45,60,90,category_default,,
osm:node:10837001505,45,60,90,category_default,,
osm:node:10839094347,45,60,90,category_default,,
osm:node:10839122327,45,60,90,category_default,,
osm:node:10848035601,45,60,90,category_default,,
osm:node:10848090099,45,60,90,category_default,,
osm:node:10848092608,45,60,90,category_default,,
osm:node:10856105369,45,60,90,category_default,,
osm:node:10856105373,45,60,90,category_default,,
osm:node:10858085458,30,60,90,category_default,,
osm:node:10860094783,45,60,90,category_default,,
osm:node:10860106677,45,60,90,category_default,,
osm:node:10860208388,45,60,90,category_default,,
osm:node:10860208391,45,60,90,category_default,,
osm:node:10860234700,45,60,90,category_default,,
osm:node:10867386005,20,30,60,category_default,,
osm:node:10871003625,45,60,90,category_default,,
osm:node:10871037101,45,60,90,category_default,,
osm:node:10872881535,45,60,90,category_default,,
osm:node:10879583660,45,60,90,category_default,,
osm:node:10889558181,45,60,90,category_default,,
osm:node:10892129283,60,120,240,category_default,,
osm:node:10898498605,20,30,60,category_default,,
osm:node:10901014477,45,60,90,category_default,,
osm:node:10901074930,45,60,90,category_default,,
osm:node:10957072405,45,60,90,category_default,,
osm:node:10959238968,20,30,60,category_default,,
osm:node:10965931530,20,30,60,category_default,,
osm:node:10968039628,20,30,60,category_default,,
osm:node:11006300066,60,120,240,category_default,,
osm:node:11015659150,45,60,90,category_default,,
osm:node:11039425483,20,30,60,category_default,,
osm:node:11039425484,20,30,60,category_default,,
osm:node:11045944747,45,60,90,category_default,,
osm:node:11051415444,60,120,240,category_default,,
osm:node:11068139295,45,60,90,category_default,,
osm:node:11074810731,20,30,60,category_default,,
osm:node:11076398893,60,120,240,category_default,,
osm:node:11079144812,20,30,60,category_default,,
osm:node:11083594406,45,60,90,category_default,,
osm:node:11085187226,45,60,90,category_default,,
osm:node:11093570357,45,60,90,category_default,,
osm:node:11093672118,45,60,90,category_default,,
osm:node:11093672144,20,30,60,category_default,,
osm:node:11093689620,45,60,90,category_default,,
osm:node:11093689635,20,30,60,category_default,,
osm:node:11093689652,45,60,90,category_default,,
osm:node:11093721475,45,60,90,category_default,,
osm:node:11093749824,20,30,60,category_default,,
osm:node:11101248744,45,60,90,category_default,,
osm:node:11103953634,20,30,60,category_default,,
osm:node:11113717505,45,60,90,category_default,,
osm:node:11119046805,45,60,90,category_default,,
osm:node:11128332583,45,60,90,category_default,,
osm:node:11152625107,20,30,60,category_default,,
osm:node:11152930458,20,30,60,category_default,,
osm:node:11152952965,45,60,90,category_default,,
osm:node:11152959978,20,30,60,category_default,,
osm:node:11152959980,45,60,90,category_default,,
osm:node:11152960193,45,60,90,category_default,,
osm:node:11152981270,20,30,60,category_default,,
osm:node:11152981271,45,60,90,category_default,,
osm:node:11158965079,60,120,240,category_default,,
osm:node:11160818006,45,60,90,category_default,,
osm:node:11164095931,20,30,60,category_default,,
osm:node:11164095932,45,60,90,category_default,,
osm:node:11164095942,45,60,90,category_default,,
osm:node:11166285235,60,120,240,category_default,,
osm:node:11166924808,45,60,90,category_default,,
osm:node:11167471044,45,60,90,category_default,,
osm:node:11167677289,45,60,90,category_default,,
osm:node:11167677290,45,60,90,category_default,,
osm:node:11168751430,45,60,90,category_default,,
osm:node:11168787972,45,60,90,category_default,,
osm:node:11169202587,20,30,60,category_default,,
osm:node:11169202588,45,60,90,category_default,,
osm:node:11171782637,45,60,90,category_default,,
osm:node:11173421913,20,30,60,category_default,,
osm:node:11185256460,20,30,60,category_default,,
osm:node:11186157294,45,60,90,category_default,,
osm:node:11187188351,20,30,60,category_default,,
osm:node:11190957358,45,60,90,category_default,,
osm:node:11190957388,20,30,60,category_default,,
osm:node:11197105037,45,60,90,category_default,,
osm:node:11198985391,45,60,90,category_default,,
osm:node:11200436073,45,60,90,category_default,,
osm:node:11205745790,45,60,90,category_default,,
osm:node:11210560972,20,30,60,category_default,,
osm:node:11211915136,20,30,60,category_default,,
osm:node:11211935137,20,30,60,category_default,,
osm:node:11211935138,20,30,60,category_default,,
osm:node:11211935139,20,30,60,category_default,,
osm:node:11211967786,20,30,60,category_default,,
osm:node:11212149481,20,30,60,category_default,,
osm:node:11212149482,20,30,60,category_default,,
osm:node:11212149484,20,30,60,category_default,,
osm:node:11212149486,20,30,60,category_default,,
osm:node:11212149493,45,60,90,category_default,,
osm:node:11212149494,45,60,90,category_default,,
osm:node:11212149496,20,30,60,category_default,,
osm:node:11212149509,45,60,90,category_default,,
osm:node:11212149513,20,30,60,category_default,,
osm:node:11212149523,20,30,60,category_default,,
osm:node:11212195503,20,30,60,category_default,,
osm:node:11212195506,20,30,60,category_default,,
osm:node:11212195515,45,60,90,category_default,,
osm:node:11212195517,20,30,60,category_default,,
osm:node:11212195520,20,30,60,category_default,,
osm:node:11212195521,20,30,60,category_default,,
osm:node:11212195523,20,30,60,category_default,,
osm:node:11212195524,20,30,60,category_default,,
osm:node:11212195525,20,30,60,category_default,,
osm:node:11212195530,45,60,90,category_default,,
osm:node:11212195531,45,60,90,category_default,,
osm:node:11212216794,45,60,90,category_default,,
osm:node:11212216796,45,60,90,category_default,,
osm:node:11212228033,45,60,90,category_default,,
osm:node:11212248141,45,60,90,category_default,,
osm:node:11212544453,45,60,90,category_default,,
osm:node:11212544466,45,60,90,category_default,,
osm:node:11215223962,45,60,90,category_default,,
osm:node:11215223970,45,60,90,category_default,,
osm:node:11215223971,45,60,90,category_default,,
osm:node:11215223972,45,60,90,category_default,,
osm:node:11215223976,45,60,90,category_default,,
osm:node:11215223983,45,60,90,category_default,,
osm:node:11217641978,45,60,90,category_default,,
osm:node:11217641981,45,60,90,category_default,,
osm:node:11218013237,45,60,90,category_default,,
osm:node:11219294718,45,60,90,category_default,,
osm:node:11226865496,20,30,60,category_default,,
osm:node:11237992813,45,60,90,category_default,,
osm:node:11240624141,45,60,90,category_default,,
osm:node:11242922596,20,30,60,category_default,,
osm:node:11247434400,20,30,60,category_default,,
osm:node:11254919071,20,30,60,category_default,,
osm:node:11254919074,20,30,60,category_default,,
osm:node:11254919076,45,60,90,category_default,,
osm:node:11263842269,45,60,90,category_default,,
osm:node:11263842272,45,60,90,category_default,,
osm:node:11263842279,45,60,90,category_default,,
osm:node:11268257051,60,120,240,category_default,,
osm:node:11276780187,45,60,90,category_default,,
osm:node:11281683527,45,60,90,category_default,,
osm:node:11283541744,20,30,60,category_default,,
osm:node:11285432532,20,30,60,category_default,,
osm:node:11286510032,45,60,90,category_default,,
osm:node:11290270603,20,30,60,category_default,,
osm:node:11290270604,20,30,60,category_default,,
osm:node:11295820778,45,60,90,category_default,,
osm:node:11297601823,20,30,60,category_default,,
osm:node:11299067890,20,30,60,category_default,,
osm:node:11301609147,45,60,90,category_default,,
osm:node:11301620093,45,60,90,category_default,,
osm:node:11301620121,45,60,90,category_default,,
osm:node:11308694306,20,30,60,category_default,,
osm:node:11335544623,45,60,90,category_default,,
osm:node:11345867151,45,60,90,category_default,,
osm:node:11346186768,45,60,90,category_default,,
osm:node:11348093448,20,30,60,category_default,,
osm:node:11360043569,45,60,90,category_default,,
osm:node:11360322717,30,60,90,category_default,,
osm:node:11361153194,20,30,60,category_default,,
osm:node:11361296208,45,60,90,category_default,,
osm:node:11364104179,30,60,90,category_default,,
osm:node:11364117282,30,60,90,category_default,,
osm:node:11366111327,45,60,90,category_default,,
osm:node:11368467354,45,60,90,category_default,,
osm:node:11368472531,45,60,90,category_default,,
osm:node:11369879890,45,60,90,category_default,,
osm:node:11371361970,45,60,90,category_default,,
osm:node:11371431369,45,60,90,category_default,,
osm:node:11372720369,20,30,60,category_default,,
osm:node:11372720513,45,60,90,category_default,,
osm:node:11372720514,45,60,90,category_default,,
osm:node:11372720516,45,60,90,category_default,,
osm:node:11372720517,45,60,90,category_default,,
osm:node:11388436462,45,60,90,category_default,,
osm:node:11389436636,20,30,60,category_default,,
osm:node:11389436637,20,30,60,category_default,,
osm:node:11403395459,60,120,240,category_default,,
osm:node:11409068697,45,60,90,category_default,,
osm:node:11411581952,45,60,90,category_default,,
osm:node:11419728535,20,30,60,category_default,,
osm:node:11422445326,45,60,90,category_default,,
osm:node:11422445327,20,30,60,category_default,,
osm:node:11422697875,45,60,90,category_default,,
osm:node:11422706022,45,60,90,category_default,,
osm:node:11423769989,20,30,60,category_default,,
osm:node:11423808688,45,60,90,category_default,,
osm:node:11423812931,45,60,90,category_default,,
osm:node:11423819121,45,60,90,category_default,,
osm:node:11427582964,30,60,90,category_default,,
osm:node:11427627314,45,60,90,category_default,,
osm:node:11430174834,45,60,90,category_default,,
osm:node:11434545361,45,60,90,category_default,,
osm:node:11436132931,20,30,60,category_default,,
osm:node:11436139139,45,60,90,category_default,,
osm:node:11449233364,20,30,60,category_default,,
osm:node:11449243270,20,30,60,category_default,,
osm:node:11449677581,20,30,60,category_default,,
osm:node:11449677586,45,60,90,category_default,,
osm:node:11449677587,45,60,90,category_default,,
osm:node:11451595757,45,60,90,category_default,,
osm:node:11452175807,20,30,60,category_default,,
osm:node:11452175808,20,30,60,category_default,,
osm:node:11452175822,20,30,60,category_default,,
osm:node:11462471439,45,60,90,category_default,,
osm:node:11462471441,20,30,60,category_default,,
osm:node:11462471452,20,30,60,category_default,,
osm:node:11462471453,45,60,90,category_default,,
osm:node:11462471455,20,30,60,category_default,,
osm:node:11463192514,45,60,90,category_default,,
osm:node:11463192515,45,60,90,category_default,,
osm:node:11464505970,45,60,90,category_default,,
osm:node:11468643063,20,30,60,category_default,,
osm:node:11468718378,45,60,90,category_default,,
osm:node:11468718408,20,30,60,category_default,,
osm:node:11468718409,20,30,60,category_default,,
osm:node:11468718410,45,60,90,category_default,,
osm:node:11468718411,45,60,90,category_default,,
osm:node:11470110667,45,60,90,category_default,,
osm:node:11472333361,20,30,60,category_default,,
osm:node:11472430137,45,60,90,category_default,,
osm:node:11472430138,45,60,90,category_default,,
osm:node:11472430139,20,30,60,category_default,,
osm:node:11472430141,45,60,90,category_default,,
osm:node:11472430142,20,30,60,category_default,,
osm:node:11475342476,45,60,90,category_default,,
osm:node:11476192647,45,60,90,category_default,,
osm:node:11478383159,20,30,60,category_default,,
osm:node:11478449863,20,30,60,category_default,,
osm:node:11478449864,20,30,60,category_default,,
osm:node:11478728726,45,60,90,category_default,,
osm:node:11481532729,20,30,60,category_default,,
osm:node:11482335144,20,30,60,category_default,,
osm:node:11482387880,45,60,90,category_default,,
osm:node:11482387942,45,60,90,category_default,,
osm:node:11482387990,45,60,90,category_default,,
osm:node:11486942533,45,60,90,category_default,,
osm:node:11486942534,20,30,60,category_default,,
osm:node:11490090670,45,60,90,category_default,,
osm:node:11491092580,45,60,90,category_default,,
osm:node:11491092585,45,60,90,category_default,,
osm:node:11491290544,45,60,90,category_default,,
osm:node:11491305569,20,30,60,category_default,,
osm:node:11491305591,45,60,90,category_default,,
osm:node:11491397157,45,60,90,category_default,,
osm:node:11491405059,45,60,90,category_default,,
osm:node:11500070694,20,30,60,category_default,,
osm:node:11500070695,20,30,60,category_default,,
osm:node:11500070696,45,60,90,category_default,,
osm:node:11500070697,45,60,90,category_default,,
osm:node:11500070699,20,30,60,category_default,,
osm:node:11500070700,20,30,60,category_default,,
osm:node:11500070701,45,60,90,category_default,,
osm:node:11500070704,45,60,90,category_default,,
osm:node:11500070705,20,30,60,category_default,,
osm:node:11500070708,45,60,90,category_default,,
osm:node:11505669840,45,60,90,category_default,,
osm:node:11505669841,45,60,90,category_default,,
osm:node:11505669842,45,60,90,category_default,,
osm:node:11505669843,45,60,90,category_default,,
osm:node:11505669844,20,30,60,category_default,,
osm:node:11505669845,45,60,90,category_default,,
osm:node:11505669846,45,60,90,category_default,,
osm:node:11505968806,45,60,90,category_default,,
osm:node:11505968809,20,30,60,category_default,,
osm:node:11506051549,30,60,90,category_default,,
osm:node:11510069939,20,30,60,category_default,,
osm:node:11510069960,20,30,60,category_default,,
osm:node:11510364562,20,30,60,category_default,,
osm:node:11510383979,45,60,90,category_default,,
osm:node:11521920506,45,60,90,category_default,,
osm:node:11521920507,45,60,90,category_default,,
osm:node:11521920510,45,60,90,category_default,,
osm:node:11521920511,45,60,90,category_default,,
osm:node:11521920516,45,60,90,category_default,,
osm:node:11521920517,20,30,60,category_default,,
osm:node:11521920518,20,30,60,category_default,,
osm:node:11521920520,20,30,60,category_default,,
osm:node:11521920521,45,60,90,category_default,,
osm:node:11529383669,20,30,60,category_default,,
osm:node:11529627513,45,60,90,category_default,,
osm:node:11530496869,45,60,90,category_default,,
osm:node:11533284294,20,30,60,category_default,,
osm:node:11534643037,20,30,60,category_default,,
osm:node:11534643043,45,60,90,category_default,,
osm:node:11534643044,20,30,60,category_default,,
osm:node:11534643046,45,60,90,category_default,,
osm:node:11534643047,20,30,60,category_default,,
osm:node:11536272574,20,30,60,category_default,,
osm:node:11556866469,20,30,60,category_default,,
osm:node:11559465246,45,60,90,category_default,,
osm:node:11563157244,20,30,60,category_default,,
osm:node:11563281096,20,30,60,category_default,,
osm:node:11563334815,20,30,60,category_default,,
osm:node:11563394778,45,60,90,category_default,,
osm:node:11563394779,45,60,90,category_default,,
osm:node:11563394783,45,60,90,category_default,,
osm:node:11563394785,20,30,60,category_default,,
osm:node:11563407269,20,30,60,category_default,,
osm:node:11563520039,20,30,60,category_default,,
osm:node:11563520044,20,30,60,category_default,,
osm:node:11563562477,20,30,60,category_default,,
osm:node:11563562483,20,30,60,category_default,,
osm:node:11564316616,45,60,90,category_default,,
osm:node:11564316618,45,60,90,category_default,,
osm:node:11564608169,20,30,60,category_default,,
osm:node:11564769580,20,30,60,category_default,,
osm:node:11566583269,20,30,60,category_default,,
osm:node:11568539974,45,60,90,category_default,,
osm:node:11568829087,20,30,60,category_default,,
osm:node:11568902926,45,60,90,category_default,,
osm:node:11568902927,45,60,90,category_default,,
osm:node:11568902928,45,60,90,category_default,,
osm:node:11568902930,45,60,90,category_default,,
osm:node:11568902932,45,60,90,category_default,,
osm:node:11568902933,20,30,60,category_default,,
osm:node:11568902935,45,60,90,category_default,,
osm:node:11568907805,20,30,60,category_default,,
osm:node:11569613664,45,60,90,category_default,,
osm:node:11569613666,20,30,60,category_default,,
osm:node:11572113154,20,30,60,category_default,,
osm:node:11572142327,45,60,90,category_default,,
osm:node:11572142338,45,60,90,category_default,,
osm:node:11572546708,45,60,90,category_default,,
osm:node:11573034195,20,30,60,category_default,,
osm:node:11573034201,45,60,90,category_default,,
osm:node:11573034207,20,30,60,category_default,,
osm:node:11573225471,20,30,60,category_default,,
osm:node:11573225483,20,30,60,category_default,,
osm:node:11578133306,45,60,90,category_default,,
osm:node:11578155524,45,60,90,category_default,,
osm:node:11581320169,45,60,90,category_default,,
osm:node:11583782969,45,60,90,category_default,,
osm:node:11584471212,45,60,90,category_default,,
osm:node:11586911182,45,60,90,category_default,,
osm:node:11586914777,20,30,60,category_default,,
osm:node:11586915429,45,60,90,category_default,,
osm:node:11586987532,20,30,60,category_default,,
osm:node:11586987534,45,60,90,category_default,,
osm:node:11590640347,45,60,90,category_default,,
osm:node:11590640352,45,60,90,category_default,,
osm:node:11590640359,45,60,90,category_default,,
osm:node:11590640365,45,60,90,category_default,,
osm:node:11590657173,20,30,60,category_default,,
osm:node:11590657186,45,60,90,category_default,,
osm:node:11591201348,20,30,60,category_default,,
osm:node:11591201349,20,30,60,category_default,,
osm:node:11591201351,45,60,90,category_default,,
osm:node:11591740418,20,30,60,category_default,,
osm:node:11591740419,45,60,90,category_default,,
osm:node:11591740420,45,60,90,category_default,,
osm:node:11591740425,20,30,60,category_default,,
osm:node:11591740426,45,60,90,category_default,,
osm:node:11594624969,20,30,60,category_default,,
osm:node:11597884064,45,60,90,category_default,,
osm:node:11598930306,45,60,90,category_default,,
osm:node:11598936895,20,30,60,category_default,,
osm:node:11601353643,45,60,90,category_default,,
osm:node:11601645095,45,60,90,category_default,,
osm:node:11601645100,45,60,90,category_default,,
osm:node:11601645102,20,30,60,category_default,,
osm:node:11602260469,20,30,60,category_default,,
osm:node:11609564692,20,30,60,category_default,,
osm:node:11609574104,45,60,90,category_default,,
osm:node:11609602708,45,60,90,category_default,,
osm:node:11609617209,45,60,90,category_default,,
osm:node:11609629180,20,30,60,category_default,,
osm:node:11612238469,20,30,60,category_default,,
osm:node:11613547706,45,60,90,category_default,,
osm:node:11613547708,45,60,90,category_default,,
osm:node:11613547709,45,60,90,category_default,,
osm:node:11613547721,45,60,90,category_default,,
osm:node:11613547722,45,60,90,category_default,,
osm:node:11614903233,45,60,90,category_default,,
osm:node:11615025550,20,30,60,category_default,,
osm:node:11615961387,45,60,90,category_default,,
osm:node:11615961392,45,60,90,category_default,,
osm:node:11615961396,45,60,90,category_default,,
osm:node:11615961397,20,30,60,category_default,,
osm:node:11615961404,45,60,90,category_default,,
osm:node:11617459419,45,60,90,category_default,,
osm:node:11617757743,45,60,90,category_default,,
osm:node:11617804908,20,30,60,category_default,,
osm:node:11617804909,45,60,90,category_default,,
osm:node:11617804910,45,60,90,category_default,,
osm:node:11618566518,45,60,90,category_default,,
osm:node:11618566519,45,60,90,category_default,,
osm:node:11618566522,20,30,60,category_default,,
osm:node:11618566524,20,30,60,category_default,,
osm:node:11618566525,20,30,60,category_default,,
osm:node:11618566526,45,60,90,category_default,,
osm:node:11618566527,45,60,90,category_default,,
osm:node:11618566528,45,60,90,category_default,,
osm:node:11618566529,45,60,90,category_default,,
osm:node:11618566530,20,30,60,category_default,,
osm:node:11618566533,45,60,90,category_default,,
osm:node:11618601226,45,60,90,category_default,,
osm:node:11618650227,20,30,60,category_default,,
osm:node:11618650230,45,60,90,category_default,,
osm:node:11618650232,45,60,90,category_default,,
osm:node:11618650233,45,60,90,category_default,,
osm:node:11618650234,20,30,60,category_default,,
osm:node:11618650236,45,60,90,category_default,,
osm:node:11618650240,20,30,60,category_default,,
osm:node:11625397932,45,60,90,category_default,,
osm:node:11625397934,45,60,90,category_default,,
osm:node:11625397939,20,30,60,category_default,,
osm:node:11625397940,20,30,60,category_default,,
osm:node:11625397943,45,60,90,category_default,,
osm:node:11626870546,45,60,90,category_default,,
osm:node:11626870547,45,60,90,category_default,,
osm:node:11629841009,60,120,240,category_default,,
osm:node:11629996926,60,120,240,category_default,,
osm:node:11632218898,60,120,240,category_default,,
osm:node:11633344424,20,30,60,category_default,,
osm:node:11633344429,20,30,60,category_default,,
osm:node:11633344430,45,60,90,category_default,,
osm:node:11633344438,45,60,90,category_default,,
osm:node:11633344439,45,60,90,category_default,,
osm:node:11633344440,45,60,90,category_default,,
osm:node:11633344441,45,60,90,category_default,,
osm:node:11633344446,45,60,90,category_default,,
osm:node:11633344448,20,30,60,category_default,,
osm:node:11633344449,20,30,60,category_default,,
osm:node:11634557496,20,30,60,category_default,,
osm:node:11637243469,20,30,60,category_default,,
osm:node:11644509069,45,60,90,category_default,,
osm:node:11644514823,20,30,60,category_default,,
osm:node:11645156888,20,30,60,category_default,,
osm:node:11645353169,45,60,90,category_default,,
osm:node:11649543053,20,30,60,category_default,,
osm:node:11649543054,20,30,60,category_default,,
osm:node:11649543061,45,60,90,category_default,,
osm:node:11649543062,20,30,60,category_default,,
osm:node:11649693308,45,60,90,category_default,,
osm:node:11649693309,45,60,90,category_default,,
osm:node:11652527569,45,60,90,category_default,,
osm:node:11652644710,45,60,90,category_default,,
osm:node:11652724264,45,60,90,category_default,,
osm:node:11652768539,45,60,90,category_default,,
osm:node:11652855477,45,60,90,category_default,,
osm:node:11652991633,45,60,90,category_default,,
osm:node:11653040776,45,60,90,category_default,,
osm:node:11653040784,20,30,60,category_default,,
osm:node:11653040789,20,30,60,category_default,,
osm:node:11655061818,45,60,90,category_default,,
osm:node:11655341876,45,60,90,category_default,,
osm:node:11655427673,45,60,90,category_default,,
osm:node:11655444080,20,30,60,category_default,,
osm:node:11655592469,45,60,90,category_default,,
osm:node:11655877372,45,60,90,category_default,,
osm:node:11659995709,20,30,60,category_default,,
osm:node:11659995710,45,60,90,category_default,,
osm:node:11659995712,20,30,60,category_default,,
osm:node:11659995714,20,30,60,category_default,,
osm:node:11662192866,20,30,60,category_default,,
osm:node:11662192867,20,30,60,category_default,,
osm:node:11662204172,20,30,60,category_default,,
osm:node:11662204173,20,30,60,category_default,,
osm:node:11662204174,45,60,90,category_default,,
osm:node:11662204175,45,60,90,category_default,,
osm:node:11662204177,20,30,60,category_default,,
osm:node:11662252388,45,60,90,category_default,,
osm:node:11662267270,20,30,60,category_default,,
osm:node:11662619725,20,30,60,category_default,,
osm:node:11663033697,45,60,90,category_default,,
osm:node:11663157215,20,30,60,category_default,,
osm:node:11665246470,20,30,60,category_default,,
osm:node:11668818569,45,60,90,category_default,,
osm:node:11671738915,45,60,90,category_default,,
osm:node:11671750165,20,30,60,category_default,,
osm:node:11671757252,45,60,90,category_default,,
osm:node:11671757415,45,60,90,category_default,,
osm:node:11671779517,20,30,60,category_default,,
osm:node:11671779518,45,60,90,category_default,,
osm:node:11671813065,20,30,60,category_default,,
osm:node:11671828321,45,60,90,category_default,,
osm:node:11671842647,45,60,90,category_default,,
osm:node:11671848849,45,60,90,category_default,,
osm:node:11672789769,45,60,90,category_default,,
osm:node:11672848991,45,60,90,category_default,,
osm:node:11672848992,45,60,90,category_default,,
osm:node:11672848998,20,30,60,category_default,,
osm:node:11672849014,45,60,90,category_default,,
osm:node:11675163969,45,60,90,category_default,,
osm:node:11675985402,45,60,90,category_default,,
osm:node:11675985403,45,60,90,category_default,,
osm:node:11675985407,45,60,90,category_default,,
osm:node:11675985408,45,60,90,category_default,,
osm:node:11675985410,45,60,90,category_default,,
osm:node:11675985412,45,60,90,category_default,,
osm:node:11675985413,20,30,60,category_default,,
osm:node:11675985415,45,60,90,category_default,,
osm:node:11675985416,45,60,90,category_default,,
osm:node:11675985417,45,60,90,category_default,,
osm:node:11675985421,45,60,90,category_default,,
osm:node:11675985428,45,60,90,category_default,,
osm:node:11676649769,20,30,60,category_default,,
osm:node:11676661169,45,60,90,category_default,,
osm:node:11680203169,45,60,90,category_default,,
osm:node:11683507069,45,60,90,category_default,,
osm:node:11683982774,45,60,90,category_default,,
osm:node:11683982775,45,60,90,category_default,,
osm:node:11683982777,45,60,90,category_default,,
osm:node:11683982786,45,60,90,category_default,,
osm:node:11683982790,45,60,90,category_default,,
osm:node:11683982791,45,60,90,category_default,,
osm:node:11683982793,45,60,90,category_default,,
osm:node:11683982795,45,60,90,category_default,,
osm:node:11684513272,45,60,90,category_default,,
osm:node:11685045538,45,60,90,category_default,,
osm:node:11696224408,45,60,90,category_default,,
osm:node:11697674105,45,60,90,category_default,,
osm:node:11697674106,45,60,90,category_default,,
osm:node:11697674110,45,60,90,category_default,,
osm:node:11697674115,45,60,90,category_default,,
osm:node:11701254693,45,60,90,category_default,,
osm:node:11715206469,45,60,90,category_default,,
osm:node:11726901669,45,60,90,category_default,,
osm:node:11731450953,60,120,240,category_default,,
osm:node:11738458934,60,120,240,category_default,,
osm:node:11747145342,60,120,240,category_default,,
osm:node:11758839350,45,60,90,category_default,,
osm:node:11762324215,60,120,240,category_default,,
osm:node:11762365154,60,120,240,category_default,,
osm:node:11762365155,60,120,240,category_default,,
osm:node:11763432128,60,120,240,category_default,,
osm:node:11768045210,45,60,90,category_default,,
osm:node:11772843570,20,30,60,category_default,,
osm:node:11777328869,20,30,60,category_default,,
osm:node:11782012514,60,120,240,category_default,,
osm:node:11782452951,20,30,60,category_default,,
osm:node:11782452955,20,30,60,category_default,,
osm:node:11782452956,45,60,90,category_default,,
osm:node:11782452957,45,60,90,category_default,,
osm:node:11795856089,20,30,60,category_default,,
osm:node:11799743443,45,60,90,category_default,,
osm:node:11802021269,45,60,90,category_default,,
osm:node:11803994227,45,60,90,category_default,,
osm:node:11804234603,45,60,90,category_default,,
osm:node:11806445371,20,30,60,category_default,,
osm:node:11806446769,45,60,90,category_default,,
osm:node:11812477854,20,30,60,category_default,,
osm:node:11817368172,60,120,240,category_default,,
osm:node:11829544969,45,60,90,category_default,,
osm:node:11830396516,45,60,90,category_default,,
osm:node:11830565369,20,30,60,category_default,,
osm:node:11832114469,20,30,60,category_default,,
osm:node:11832115990,45,60,90,category_default,,
osm:node:11832117000,20,30,60,category_default,,
osm:node:11832123091,20,30,60,category_default,,
osm:node:11832123383,20,30,60,category_default,,
osm:node:11832141669,20,30,60,category_default,,
osm:node:11832188470,20,30,60,category_default,,
osm:node:11834016869,20,30,60,category_default,,
osm:node:11840580772,20,30,60,category_default,,
osm:node:11840976337,45,60,90,category_default,,
osm:node:11841019755,45,60,90,category_default,,
osm:node:11841027358,45,60,90,category_default,,
osm:node:11846667370,45,60,90,category_default,,
osm:node:11846922569,45,60,90,category_default,,
osm:node:11846982469,45,60,90,category_default,,
osm:node:11847015969,45,60,90,category_default,,
osm:node:11864413311,20,30,60,category_default,,
osm:node:11865412258,20,30,60,category_default,,
osm:node:11866085369,45,60,90,category_default,,
osm:node:11867796889,45,60,90,category_default,,
osm:node:11868094969,45,60,90,category_default,,
osm:node:11868107987,20,30,60,category_default,,
osm:node:11873114055,20,30,60,category_default,,
osm:node:11873275169,45,60,90,category_default,,
osm:node:11873418469,20,30,60,category_default,,
osm:node:11873758664,45,60,90,category_default,,
osm:node:11878372469,45,60,90,category_default,,
osm:node:11878408547,45,60,90,category_default,,
osm:node:11878409184,45,60,90,category_default,,
osm:node:11878410784,45,60,90,category_default,,
osm:node:11883399469,20,30,60,category_default,,
osm:node:11883463169,45,60,90,category_default,,
osm:node:11883624469,45,60,90,category_default,,
osm:node:11885987569,20,30,60,category_default,,
osm:node:11886893369,20,30,60,category_default,,
osm:node:11888380369,45,60,90,category_default,,
osm:node:11888483369,30,60,90,category_default,,
osm:node:11888486669,20,30,60,category_default,,
osm:node:11888968769,45,60,90,category_default,,
osm:node:11890609669,45,60,90,category_default,,
osm:node:11890733169,45,60,90,category_default,,
osm:node:11890753269,45,60,90,category_default,,
osm:node:11890753369,45,60,90,category_default,,
osm:node:11890992769,45,60,90,category_default,,
osm:node:11906556370,45,60,90,category_default,,
osm:node:11906566069,45,60,90,category_default,,
osm:node:11906566169,45,60,90,category_default,,
osm:node:11906566170,45,60,90,category_default,,
osm:node:11912084366,20,30,60,category_default,,
osm:node:11916970127,20,30,60,category_default,,
osm:node:11919147369,45,60,90,category_default,,
osm:node:11919603867,45,60,90,category_default,,
osm:node:11923916098,20,30,60,category_default,,
osm:node:11927409769,45,60,90,category_default,,
osm:node:11929860879,45,60,90,category_default,,
osm:node:11934034253,45,60,90,category_default,,
osm:node:11934049164,20,30,60,category_default,,
osm:node:11934061598,45,60,90,category_default,,
osm:node:11934161570,20,30,60,category_default,,
osm:node:11936598891,45,60,90,category_default,,
osm:node:11951128766,45,60,90,category_default,,
osm:node:11960886745,45,60,90,category_default,,
osm:node:11985285017,45,60,90,category_default,,
osm:node:11985320507,45,60,90,category_default,,
osm:node:11989415196,30,60,90,category_default,,
osm:node:12000107441,45,60,90,category_default,,
osm:node:12002534969,20,30,60,category_default,,
osm:node:12017316256,45,60,90,category_default,,
osm:node:12019369169,45,60,90,category_default,,
osm:node:12032859170,45,60,90,category_default,,
osm:node:12033021597,30,60,90,category_default,,
osm:node:12035515265,20,30,60,category_default,,
osm:node:12043027554,20,30,60,category_default,,
osm:node:12043046255,20,30,60,category_default,,
osm:node:12043189706,45,60,90,category_default,,
osm:node:12050526441,20,30,60,category_default,,
osm:node:12050985870,45,60,90,category_default,,
osm:node:12050985873,45,60,90,category_default,,
osm:node:12050985874,20,30,60,category_default,,
osm:node:12050991770,20,30,60,category_default,,
osm:node:12050991969,45,60,90,category_default,,
osm:node:12054550970,20,30,60,category_default,,
osm:node:12055579963,20,30,60,category_default,,
osm:node:12058417799,20,30,60,category_default,,
osm:node:12063757631,45,60,90,category_default,,
osm:node:12064276069,20,30,60,category_default,,
osm:node:12065583507,45,60,90,category_default,,
osm:node:12067246576,20,30,60,category_default,,
osm:node:12067360419,20,30,60,category_default,,
osm:node:12067360424,45,60,90,category_default,,
osm:node:12076522969,20,30,60,category_default,,
osm:node:12078106227,20,30,60,category_default,,
osm:node:12078106228,20,30,60,category_default,,
osm:node:12078106229,20,30,60,category_default,,
osm:node:12078106230,20,30,60,category_default,,
osm:node:12078106232,20,30,60,category_default,,
osm:node:12078106233,20,30,60,category_default,,
osm:node:12078106234,20,30,60,category_default,,
osm:node:12078106235,20,30,60,category_default,,
osm:node:12078106236,20,30,60,category_default,,
osm:node:12078106237,20,30,60,category_default,,
osm:node:12078106239,20,30,60,category_default,,
osm:node:12078106240,45,60,90,category_default,,
osm:node:12078106241,45,60,90,category_default,,
osm:node:12078112267,20,30,60,category_default,,
osm:node:12078112268,20,30,60,category_default,,
osm:node:12078122269,20,30,60,category_default,,
osm:node:12078122270,20,30,60,category_default,,
osm:node:12078122271,20,30,60,category_default,,
osm:node:12078122273,20,30,60,category_default,,
osm:node:12078122274,20,30,60,category_default,,
osm:node:12078122275,20,30,60,category_default,,
osm:node:12078122276,20,30,60,category_default,,
osm:node:12078122277,20,30,60,category_default,,
osm:node:12078122278,20,30,60,category_default,,
osm:node:12078122279,20,30,60,category_default,,
osm:node:12078122280,20,30,60,category_default,,
osm:node:12078122283,20,30,60,category_default,,
osm:node:12078122284,20,30,60,category_default,,
osm:node:12078122286,20,30,60,category_default,,
osm:node:12078122289,20,30,60,category_default,,
osm:node:12078122291,20,30,60,category_default,,
osm:node:12078122292,20,30,60,category_default,,
osm:node:12078122293,20,30,60,category_default,,
osm:node:12078134469,45,60,90,category_default,,
osm:node:12078134470,20,30,60,category_default,,
osm:node:12078134471,20,30,60,category_default,,
osm:node:12078134473,20,30,60,category_default,,
osm:node:12078134475,20,30,60,category_default,,
osm:node:12078134483,20,30,60,category_default,,
osm:node:12078134484,20,30,60,category_default,,
osm:node:12078134485,20,30,60,category_default,,
osm:node:12078134486,20,30,60,category_default,,
osm:node:12078134487,20,30,60,category_default,,
osm:node:12086810588,45,60,90,category_default,,
osm:node:12088736973,20,30,60,category_default,,
osm:node:12090162463,30,60,90,category_default,,
osm:node:12092826928,45,60,90,category_default,,
osm:node:12092826929,45,60,90,category_default,,
osm:node:12096567273,45,60,90,category_default,,
osm:node:12096628672,20,30,60,category_default,,
osm:node:12098955278,45,60,90,category_default,,
osm:node:12098955280,45,60,90,category_default,,
osm:node:12098955282,45,60,90,category_default,,
osm:node:12098955283,45,60,90,category_default,,
osm:node:12098955284,45,60,90,category_default,,
osm:node:12101841706,20,30,60,category_default,,
osm:node:12104684986,45,60,90,category_default,,
osm:node:12105866901,45,60,90,category_default,,
osm:node:12105870160,45,60,90,category_default,,
osm:node:12105915319,45,60,90,category_default,,
osm:node:12106408165,45,60,90,category_default,,
osm:node:12106756164,45,60,90,category_default,,
osm:node:12109633453,20,30,60,category_default,,
osm:node:12109646801,45,60,90,category_default,,
osm:node:12114045301,45,60,90,category_default,,
osm:node:12116589717,20,30,60,category_default,,
osm:node:12116589721,20,30,60,category_default,,
osm:node:12116589723,20,30,60,category_default,,
osm:node:12117241051,45,60,90,category_default,,
osm:node:12118199551,45,60,90,category_default,,
osm:node:12118199552,20,30,60,category_default,,
osm:node:12118199553,20,30,60,category_default,,
osm:node:12118199554,45,60,90,category_default,,
osm:node:12118199559,45,60,90,category_default,,
osm:node:12135488901,20,30,60,category_default,,
osm:node:12135516703,20,30,60,category_default,,
osm:node:12141480950,45,60,90,category_default,,
osm:node:12145515001,45,60,90,category_default,,
osm:node:12147949702,45,60,90,category_default,,
osm:node:12149714102,45,60,90,category_default,,
osm:node:12151158201,20,30,60,category_default,,
osm:node:12155433304,20,30,60,category_default,,
osm:node:12164856801,45,60,90,category_default,,
osm:node:12164856802,45,60,90,category_default,,
osm:node:12164856901,45,60,90,category_default,,
osm:node:12164857001,20,30,60,category_default,,
osm:node:12164910901,20,30,60,category_default,,
osm:node:12164911001,45,60,90,category_default,,
osm:node:12165016301,45,60,90,category_default,,
osm:node:12165835662,45,60,90,category_default,,
osm:node:12165838991,45,60,90,category_default,,
osm:node:12167363605,20,30,60,category_default,,
osm:node:12167404635,45,60,90,category_default,,
osm:node:12167609715,45,60,90,category_default,,
osm:node:12167609716,45,60,90,category_default,,
osm:node:12167609718,20,30,60,category_default,,
osm:node:12167609731,20,30,60,category_default,,
osm:node:12167609733,20,30,60,category_default,,
osm:node:12167716633,45,60,90,category_default,,
osm:node:12167716635,20,30,60,category_default,,
osm:node:12167716636,20,30,60,category_default,,
osm:node:12167891426,45,60,90,category_default,,
osm:node:12167898650,45,60,90,category_default,,
osm:node:12167898651,45,60,90,category_default,,
osm:node:12167898652,20,30,60,category_default,,
osm:node:12168408873,45,60,90,category_default,,
osm:node:12168408876,45,60,90,category_default,,
osm:node:12168408882,45,60,90,category_default,,
osm:node:12168408889,45,60,90,category_default,,
osm:node:12168408890,20,30,60,category_default,,
osm:node:12168408891,45,60,90,category_default,,
osm:node:12168408896,45,60,90,category_default,,
osm:node:12169109801,45,60,90,category_default,,
osm:node:12169174293,20,30,60,category_default,,
osm:node:12169278140,45,60,90,category_default,,
osm:node:12169278141,45,60,90,category_default,,
osm:node:12169339370,20,30,60,category_default,,
osm:node:12169339371,20,30,60,category_default,,
osm:node:12169743812,20,30,60,category_default,,
osm:node:12169743825,45,60,90,category_default,,
osm:node:12169743829,45,60,90,category_default,,
osm:node:12169743830,45,60,90,category_default,,
osm:node:12169743837,45,60,90,category_default,,
osm:node:12169743843,20,30,60,category_default,,
osm:node:12169835016,20,30,60,category_default,,
osm:node:12169835031,45,60,90,category_default,,
osm:node:12169835032,20,30,60,category_default,,
osm:node:12169835034,20,30,60,category_default,,
osm:node:12169835035,45,60,90,category_default,,
osm:node:12169835054,45,60,90,category_default,,
osm:node:12169835056,45,60,90,category_default,,
osm:node:12171092711,45,60,90,category_default,,
osm:node:12171092713,20,30,60,category_default,,
osm:node:12171219555,45,60,90,category_default,,
osm:node:12171219561,20,30,60,category_default,,
osm:node:12171219569,45,60,90,category_default,,
osm:node:12173072805,45,60,90,category_default,,
osm:node:12173072811,45,60,90,category_default,,
osm:node:12174005650,20,30,60,category_default,,
osm:node:12174005655,45,60,90,category_default,,
osm:node:12174018926,20,30,60,category_default,,
osm:node:12174018927,45,60,90,category_default,,
osm:node:12174890733,20,30,60,category_default,,
osm:node:12174890740,20,30,60,category_default,,
osm:node:12174890753,20,30,60,category_default,,
osm:node:12174890754,20,30,60,category_default,,
osm:node:12174890755,45,60,90,category_default,,
osm:node:12175071921,20,30,60,category_default,,
osm:node:12175071924,45,60,90,category_default,,
osm:node:12175071925,20,30,60,category_default,,
osm:node:12175071926,20,30,60,category_default,,
osm:node:12175071932,45,60,90,category_default,,
osm:node:12175129740,45,60,90,category_default,,
osm:node:12176034355,20,30,60,category_default,,
osm:node:12177717116,30,60,90,category_default,,
osm:node:12177718901,20,30,60,category_default,,
osm:node:12177771169,20,30,60,category_default,,
osm:node:12178416219,20,30,60,category_default,,
osm:node:12188220611,20,30,60,category_default,,
osm:node:12188220612,20,30,60,category_default,,
osm:node:12189287501,20,30,60,category_default,,
osm:node:12205513201,45,60,90,category_default,,
osm:node:12213572601,45,60,90,category_default,,
osm:node:12230059534,45,60,90,category_default,,
osm:node:12230139974,45,60,90,category_default,,
osm:node:12230141269,20,30,60,category_default,,
osm:node:12230186584,45,60,90,category_default,,
osm:node:12232415785,20,30,60,category_default,,
osm:node:12235167371,20,30,60,category_default,,
osm:node:12240739575,20,30,60,category_default,,
osm:node:12240739576,45,60,90,category_default,,
osm:node:12240823471,20,30,60,category_default,,
osm:node:12241087810,45,60,90,category_default,,
osm:node:12243190801,20,30,60,category_default,,
osm:node:12244336365,20,30,60,category_default,,
osm:node:12245679303,20,30,60,category_default,,
osm:node:12245679304,45,60,90,category_default,,
osm:node:12245679305,45,60,90,category_default,,
osm:node:12245679309,45,60,90,category_default,,
osm:node:12245679310,45,60,90,category_default,,
osm:node:12245679311,20,30,60,category_default,,
osm:node:12252622818,20,30,60,category_default,,
osm:node:12277048842,20,30,60,category_default,,
osm:node:12277048843,45,60,90,category_default,,
osm:node:12277048845,45,60,90,category_default,,
osm:node:12277048849,45,60,90,category_default,,
osm:node:12277048850,45,60,90,category_default,,
osm:node:12277048851,20,30,60,category_default,,
osm:node:12277786601,20,30,60,category_default,,
osm:node:12281937801,45,60,90,category_default,,
osm:node:12287492375,45,60,90,category_default,,
osm:node:12287492382,45,60,90,category_default,,
osm:node:12287492384,45,60,90,category_default,,
osm:node:12289120139,45,60,90,category_default,,
osm:node:12291667703,45,60,90,category_default,,
osm:node:12292912836,60,120,240,category_default,,
osm:node:12293316018,20,30,60,category_default,,
osm:node:12300636545,20,30,60,category_default,,
osm:node:12313888820,45,60,90,category_default,,
osm:node:12313923069,45,60,90,category_default,,
osm:node:12313947065,45,60,90,category_default,,
osm:node:12314059213,45,60,90,category_default,,
osm:node:12320456602,45,60,90,category_default,,
osm:node:12323008801,45,60,90,category_default,,
osm:node:12323861042,20,30,60,category_default,,
osm:node:12323871101,45,60,90,category_default,,
osm:node:12328253201,45,60,90,category_default,,
osm:node:12331430862,45,60,90,category_default,,
osm:node:12331430863,20,30,60,category_default,,
osm:node:12331430864,20,30,60,category_default,,
osm:node:12333995781,30,60,90,category_default,,
osm:node:12337003901,45,60,90,category_default,,
osm:node:12343563164,45,60,90,category_default,,
osm:node:12343630750,45,60,90,category_default,,
osm:node:12345255101,20,30,60,category_default,,
osm:node:12350543701,45,60,90,category_default,,
osm:node:12355415501,45,60,90,category_default,,
osm:node:12357498701,20,30,60,category_default,,
osm:node:12361006001,45,60,90,category_default,,
osm:node:12364330149,45,60,90,category_default,,
osm:node:12364714192,20,30,60,category_default,,
osm:node:12364718085,45,60,90,category_default,,
osm:node:12364719053,45,60,90,category_default,,
osm:node:12364730577,45,60,90,category_default,,
osm:node:12369648101,45,60,90,category_default,,
osm:node:12372330757,45,60,90,category_default,,
osm:node:12372377830,20,30,60,category_default,,
osm:node:12372389429,20,30,60,category_default,,
osm:node:12372781004,20,30,60,category_default,,
osm:node:12372805702,45,60,90,category_default,,
osm:node:12372807901,45,60,90,category_default,,
osm:node:12372816702,45,60,90,category_default,,
osm:node:12372824402,45,60,90,category_default,,
osm:node:12372824403,45,60,90,category_default,,
osm:node:12373107601,45,60,90,category_default,,
osm:node:12375798343,45,60,90,category_default,,
osm:node:12376456301,20,30,60,category_default,,
osm:node:12376456401,20,30,60,category_default,,
osm:node:12377587601,20,30,60,category_default,,
osm:node:12381362601,45,60,90,category_default,,
osm:node:12381746001,20,30,60,category_default,,
osm:node:12381767301,45,60,90,category_default,,
osm:node:12382429401,45,60,90,category_default,,
osm:node:12383633201,20,30,60,category_default,,
osm:node:12389716289,45,60,90,category_default,,
osm:node:12392855201,20,30,60,category_default,,
osm:node:12393379604,45,60,90,category_default,,
osm:node:12393607701,45,60,90,category_default,,
osm:node:12394092001,45,60,90,category_default,,
osm:node:12395065901,45,60,90,category_default,,
osm:node:12395066001,20,30,60,category_default,,
osm:node:12395083301,20,30,60,category_default,,
osm:node:12395826102,45,60,90,category_default,,
osm:node:12401459401,45,60,90,category_default,,
osm:node:12402101301,45,60,90,category_default,,
osm:node:12402103601,45,60,90,category_default,,
osm:node:12402104801,45,60,90,category_default,,
osm:node:12402867901,45,60,90,category_default,,
osm:node:12404466212,45,60,90,category_default,,
osm:node:12406436201,45,60,90,category_default,,
osm:node:12415047802,45,60,90,category_default,,
osm:node:12418996101,45,60,90,category_default,,
osm:node:12422104201,45,60,90,category_default,,
osm:node:12429018977,45,60,90,category_default,,
osm:node:12433230010,45,60,90,category_default,,
osm:node:12434838529,20,30,60,category_default,,
osm:node:12434838561,20,30,60,category_default,,
osm:node:12460426420,20,30,60,category_default,,
osm:node:12463420847,45,60,90,category_default,,
osm:node:12464306501,45,60,90,category_default,,
osm:node:12466871301,45,60,90,category_default,,
osm:node:12468906501,45,60,90,category_default,,
osm:node:12470795401,45,60,90,category_default,,
osm:node:12473089401,45,60,90,category_default,,
osm:node:12491797196,45,60,90,category_default,,
osm:node:12495717721,20,30,60,category_default,,
osm:node:12495759251,45,60,90,category_default,,
osm:node:12529008404,45,60,90,category_default,,
osm:node:12533367105,20,30,60,category_default,,
osm:node:12533527901,20,30,60,category_default,,
osm:node:12538510201,20,30,60,category_default,,
osm:node:12538794303,20,30,60,category_default,,
osm:node:12538794702,45,60,90,category_default,,
osm:node:12539089098,45,60,90,category_default,,
osm:node:12540668406,20,30,60,category_default,,
osm:node:12540668501,20,30,60,category_default,,
osm:node:12540668601,20,30,60,category_default,,
osm:node:12540668604,45,60,90,category_default,,
osm:node:12540668701,20,30,60,category_default,,
osm:node:12540668703,45,60,90,category_default,,
osm:node:12540668712,20,30,60,category_default,,
osm:node:12540669103,20,30,60,category_default,,
osm:node:12549262760,20,30,60,category_default,,
osm:node:12555926213,45,60,90,category_default,,
osm:node:12587465201,45,60,90,category_default,,
osm:node:12589868465,20,30,60,category_default,,
osm:node:12589868466,45,60,90,category_default,,
osm:node:12589868467,45,60,90,category_default,,
osm:node:12589868468,45,60,90,category_default,,
osm:node:12589868470,45,60,90,category_default,,
osm:node:12592577201,20,30,60,category_default,,
osm:node:12600686584,20,30,60,category_default,,
osm:node:12600764839,45,60,90,category_default,,
osm:node:12603294638,20,30,60,category_default,,
osm:node:12603307807,20,30,60,category_default,,
osm:node:12603314868,45,60,90,category_default,,
osm:node:12603332725,20,30,60,category_default,,
osm:node:12603545131,45,60,90,category_default,,
osm:node:12603960658,45,60,90,category_default,,
osm:node:12603966960,45,60,90,category_default,,
osm:node:12606953537,45,60,90,category_default,,
osm:node:12608970059,20,30,60,category_default,,
osm:node:12609103130,45,60,90,category_default,,
osm:node:12609115911,20,30,60,category_default,,
osm:node:12609681665,20,30,60,category_default,,
osm:node:12611808584,20,30,60,category_default,,
osm:node:12612220044,45,60,90,category_default,,
osm:node:12612220045,45,60,90,category_default,,
osm:node:12612220720,20,30,60,category_default,,
osm:node:12612220933,45,60,90,category_default,,
osm:node:12613011101,45,60,90,category_default,,
osm:node:12614290467,45,60,90,category_default,,
osm:node:12615288667,45,60,90,category_default,,
osm:node:12615300356,20,30,60,category_default,,
osm:node:12615301813,45,60,90,category_default,,
osm:node:12615312425,45,60,90,category_default,,
osm:node:12615314159,45,60,90,category_default,,
osm:node:12615586301,20,30,60,category_default,,
osm:node:12615820501,45,60,90,category_default,,
osm:node:12617970402,45,60,90,category_default,,
osm:node:12618428066,45,60,90,category_default,,
osm:node:12622667701,45,60,90,category_default,,
osm:node:12627864901,45,60,90,category_default,,
osm:node:12628082301,20,30,60,category_default,,
osm:node:12628841472,45,60,90,category_default,,
osm:node:12635080558,45,60,90,category_default,,
osm:node:12635232901,45,60,90,category_default,,
osm:node:12635894201,45,60,90,category_default,,
osm:node:12635894501,45,60,90,category_default,,
osm:node:12638763579,45,60,90,category_default,,
osm:node:12639849340,45,60,90,category_default,,
osm:node:12639862094,20,30,60,category_default,,
osm:node:12639898403,20,30,60,category_default,,
osm:node:12640249102,45,60,90,category_default,,
osm:node:12640254001,20,30,60,category_default,,
osm:node:12640258901,45,60,90,category_default,,
osm:node:12641992401,20,30,60,category_default,,
osm:node:12641992501,45,60,90,category_default,,
osm:node:12644596990,20,30,60,category_default,,
osm:node:12644649664,20,30,60,category_default,,
osm:node:12644660556,45,60,90,category_default,,
osm:node:12644690080,45,60,90,category_default,,
osm:node:12644690081,45,60,90,category_default,,
osm:node:12644694250,20,30,60,category_default,,
osm:node:12644694251,20,30,60,category_default,,
osm:node:12645462057,45,60,90,category_default,,
osm:node:12645509921,45,60,90,category_default,,
osm:node:12645513347,20,30,60,category_default,,
osm:node:12645515452,20,30,60,category_default,,
osm:node:12645523372,45,60,90,category_default,,
osm:node:12645523678,45,60,90,category_default,,
osm:node:12645524101,20,30,60,category_default,,
osm:node:12646622201,45,60,90,category_default,,
osm:node:12646627101,45,60,90,category_default,,
osm:node:12647009501,45,60,90,category_default,,
osm:node:12647213526,20,30,60,category_default,,
osm:node:12649549801,45,60,90,category_default,,
osm:node:12649550201,45,60,90,category_default,,
osm:node:12651048262,20,30,60,category_default,,
osm:node:12651070191,20,30,60,category_default,,
osm:node:12651094220,45,60,90,category_default,,
osm:node:12651100308,45,60,90,category_default,,
osm:node:12651108933,20,30,60,category_default,,
osm:node:12651116208,20,30,60,category_default,,
osm:node:12651694601,20,30,60,category_default,,
osm:node:12651858498,45,60,90,category_default,,
osm:node:12651916755,20,30,60,category_default,,
osm:node:12654222689,45,60,90,category_default,,
osm:node:12654225081,20,30,60,category_default,,
osm:node:12654261909,45,60,90,category_default,,
osm:node:12654299492,45,60,90,category_default,,
osm:node:12655225301,20,30,60,category_default,,
osm:node:12657775781,20,30,60,category_default,,
osm:node:12657776443,45,60,90,category_default,,
osm:node:12658827301,45,60,90,category_default,,
osm:node:12659337379,45,60,90,category_default,,
osm:node:12659358187,20,30,60,category_default,,
osm:node:12659367887,45,60,90,category_default,,
osm:node:12661290607,45,60,90,category_default,,
osm:node:12669656001,20,30,60,category_default,,
osm:node:12672794729,20,30,60,category_default,,
osm:node:12679316801,20,30,60,category_default,,
osm:node:12680165501,45,60,90,category_default,,
osm:node:12683994801,20,30,60,category_default,,
osm:node:12686191701,20,30,60,category_default,,
osm:node:12686254101,45,60,90,category_default,,
osm:node:12690043401,45,60,90,category_default,,
osm:node:12692463221,45,60,90,category_default,,
osm:node:12692502183,20,30,60,category_default,,
osm:node:12701797001,20,30,60,category_default,,
osm:node:12702443401,20,30,60,category_default,,
osm:node:12702609501,20,30,60,category_default,,
osm:node:12704382801,45,60,90,category_default,,
osm:node:12705123537,45,60,90,category_default,,
osm:node:12706601016,45,60,90,category_default,,
osm:node:12717381058,30,60,90,category_default,,
osm:node:12744754301,45,60,90,category_default,,
osm:node:12756565873,20,30,60,category_default,,
osm:node:12768414701,20,30,60,category_default,,
osm:node:12769662336,30,60,90,category_default,,
osm:node:12769681330,30,60,90,category_default,,
osm:node:12770598086,20,30,60,category_default,,
osm:node:12785618658,45,60,90,category_default,,
osm:node:12791001622,45,60,90,category_default,,
osm:node:1279138536,20,30,60,category_default,,
osm:node:12793459694,45,60,90,category_default,,
osm:node:1280194195,20,30,60,category_default,,
osm:node:12803739945,45,60,90,category_default,,
osm:node:12804215601,45,60,90,category_default,,
osm:node:12805994070,20,30,60,category_default,,
osm:node:12811815201,45,60,90,category_default,,
osm:node:12814048286,45,60,90,category_default,,
osm:node:12814113704,30,60,90,category_default,,
osm:node:12815906301,20,30,60,category_default,,
osm:node:12815918402,20,30,60,category_default,,
osm:node:12815918601,45,60,90,category_default,,
osm:node:12821562701,45,60,90,category_default,,
osm:node:12823270593,45,60,90,category_default,,
osm:node:12828171056,45,60,90,category_default,,
osm:node:12828171064,45,60,90,category_default,,
osm:node:12828541766,20,30,60,category_default,,
osm:node:12830376535,45,60,90,category_default,,
osm:node:12830376536,45,60,90,category_default,,
osm:node:12830575016,45,60,90,category_default,,
osm:node:12830575037,45,60,90,category_default,,
osm:node:12830575038,45,60,90,category_default,,
osm:node:12833350533,45,60,90,category_default,,
osm:node:12833350534,45,60,90,category_default,,
osm:node:12833350535,45,60,90,category_default,,
osm:node:12836656104,45,60,90,category_default,,
osm:node:12836656107,45,60,90,category_default,,
osm:node:12836656108,20,30,60,category_default,,
osm:node:12836656109,20,30,60,category_default,,
osm:node:12836783201,45,60,90,category_default,,
osm:node:12836900460,20,30,60,category_default,,
osm:node:12837179234,45,60,90,category_default,,
osm:node:12837179237,45,60,90,category_default,,
osm:node:12839284943,20,30,60,category_default,,
osm:node:12839774218,20,30,60,category_default,,
osm:node:12839791079,20,30,60,category_default,,
osm:node:12839791081,45,60,90,category_default,,
osm:node:12839895643,45,60,90,category_default,,
osm:node:12839895651,20,30,60,category_default,,
osm:node:12839895657,45,60,90,category_default,,
osm:node:12839895660,20,30,60,category_default,,
osm:node:12839895662,20,30,60,category_default,,
osm:node:12839895663,20,30,60,category_default,,
osm:node:12839895664,20,30,60,category_default,,
osm:node:12839895665,20,30,60,category_default,,
osm:node:12839924376,20,30,60,category_default,,
osm:node:12841001961,45,60,90,category_default,,
osm:node:12841001962,45,60,90,category_default,,
osm:node:12841001963,20,30,60,category_default,,
osm:node:12841078460,45,60,90,category_default,,
osm:node:12841078462,20,30,60,category_default,,
osm:node:12841078464,45,60,90,category_default,,
osm:node:12841142102,45,60,90,category_default,,
osm:node:12841142108,20,30,60,category_default,,
osm:node:12841142109,20,30,60,category_default,,
osm:node:12841766767,20,30,60,category_default,,
osm:node:12841766769,45,60,90,category_default,,
osm:node:12842150962,45,60,90,category_default,,
osm:node:12843891482,20,30,60,category_default,,
osm:node:12843891485,20,30,60,category_default,,
osm:node:12843891489,45,60,90,category_default,,
osm:node:12843903344,20,30,60,category_default,,
osm:node:12843905562,20,30,60,category_default,,
osm:node:12843905563,20,30,60,category_default,,
osm:node:12843905565,45,60,90,category_default,,
osm:node:12843905568,20,30,60,category_default,,
osm:node:12846565758,20,30,60,category_default,,
osm:node:12846565760,20,30,60,category_default,,
osm:node:12846565763,45,60,90,category_default,,
osm:node:12846565771,20,30,60,category_default,,
osm:node:12846671301,45,60,90,category_default,,
osm:node:12846671304,20,30,60,category_default,,
osm:node:12846671305,45,60,90,category_default,,
osm:node:12846671901,45,60,90,category_default,,
osm:node:12846672201,45,60,90,category_default,,
osm:node:12846672202,45,60,90,category_default,,
osm:node:12846741802,45,60,90,category_default,,
osm:node:12846757401,45,60,90,category_default,,
osm:node:12848643539,20,30,60,category_default,,
osm:node:12848643549,20,30,60,category_default,,
osm:node:12848643553,20,30,60,category_default,,
osm:node:12848662377,20,30,60,category_default,,
osm:node:12850617065,45,60,90,category_default,,
osm:node:12850675077,20,30,60,category_default,,
osm:node:12850675080,20,30,60,category_default,,
osm:node:12850675085,20,30,60,category_default,,
osm:node:12850675086,45,60,90,category_default,,
osm:node:12850675088,20,30,60,category_default,,
osm:node:12850675090,45,60,90,category_default,,
osm:node:12853200236,45,60,90,category_default,,
osm:node:12853200238,45,60,90,category_default,,
osm:node:12853200242,20,30,60,category_default,,
osm:node:12853200247,20,30,60,category_default,,
osm:node:12853200250,20,30,60,category_default,,
osm:node:12853339262,20,30,60,category_default,,
osm:node:12853339264,20,30,60,category_default,,
osm:node:12856967333,45,60,90,category_default,,
osm:node:12856967335,45,60,90,category_default,,
osm:node:12857894304,20,30,60,category_default,,
osm:node:12857894311,45,60,90,category_default,,
osm:node:12857894314,45,60,90,category_default,,
osm:node:12857894318,45,60,90,category_default,,
osm:node:12857894322,20,30,60,category_default,,
osm:node:12857901313,20,30,60,category_default,,
osm:node:12857901316,45,60,90,category_default,,
osm:node:12860550503,45,60,90,category_default,,
osm:node:12860550504,45,60,90,category_default,,
osm:node:12860550543,45,60,90,category_default,,
osm:node:12860787925,20,30,60,category_default,,
osm:node:12860939569,20,30,60,category_default,,
osm:node:12862167224,45,60,90,category_default,,
osm:node:12862390801,20,30,60,category_default,,
osm:node:12862421502,45,60,90,category_default,,
osm:node:12864500102,45,60,90,category_default,,
osm:node:12866042121,20,30,60,category_default,,
osm:node:12866042122,45,60,90,category_default,,
osm:node:12866278357,20,30,60,category_default,,
osm:node:12870331347,45,60,90,category_default,,
osm:node:12889153801,20,30,60,category_default,,
osm:node:12889154101,20,30,60,category_default,,
osm:node:12905689342,45,60,90,category_default,,
osm:node:12908986801,20,30,60,category_default,,
osm:node:12909090902,45,60,90,category_default,,
osm:node:12909099501,45,60,90,category_default,,
osm:node:12909099601,20,30,60,category_default,,
osm:node:12909458932,45,60,90,category_default,,
osm:node:12911938774,45,60,90,category_default,,
osm:node:12912346694,45,60,90,category_default,,
osm:node:12914092002,45,60,90,category_default,,
osm:node:12914854201,45,60,90,category_default,,
osm:node:12918575654,45,60,90,category_default,,
osm:node:12918696002,45,60,90,category_default,,
osm:node:12918696102,20,30,60,category_default,,
osm:node:12918696401,20,30,60,category_default,,
osm:node:12918696501,20,30,60,category_default,,
osm:node:12925703402,20,30,60,category_default,,
osm:node:12925720801,45,60,90,category_default,,
osm:node:12959087697,45,60,90,category_default,,
osm:node:12969157885,20,30,60,category_default,,
osm:node:12973006071,45,60,90,category_default,,
osm:node:12976267223,45,60,90,category_default,,
osm:node:12980196296,30,60,90,category_default,,
osm:node:12981698362,20,30,60,category_default,,
osm:node:12995529901,45,60,90,category_default,,
osm:node:12995557127,30,60,90,category_default,,
osm:node:13001923688,20,30,60,category_default,,
osm:node:13003601101,20,30,60,category_default,,
osm:node:13003770803,20,30,60,category_default,,
osm:node:13009347078,45,60,90,category_default,,
osm:node:13015752219,20,30,60,category_default,,
osm:node:13022818102,45,60,90,category_default,,
osm:node:13026042501,45,60,90,category_default,,
osm:node:13027856695,45,60,90,category_default,,
osm:node:13027900308,45,60,90,category_default,,
osm:node:13027946101,45,60,90,category_default,,
osm:node:13031029701,45,60,90,category_default,,
osm:node:13033222658,20,30,60,category_default,,
osm:node:13033335901,45,60,90,category_default,,
osm:node:13033490185,20,30,60,category_default,,
osm:node:13033490186,45,60,90,category_default,,
osm:node:13033490187,20,30,60,category_default,,
osm:node:13033490188,45,60,90,category_default,,
osm:node:13033490189,20,30,60,category_default,,
osm:node:13035949202,45,60,90,category_default,,
osm:node:13036529160,20,30,60,category_default,,
osm:node:13038496601,20,30,60,category_default,,
osm:node:13039561898,45,60,90,category_default,,
osm:node:13039615001,20,30,60,category_default,,
osm:node:13039615002,20,30,60,category_default,,
osm:node:13039615004,20,30,60,category_default,,
osm:node:13039615005,20,30,60,category_default,,
osm:node:13039615006,45,60,90,category_default,,
osm:node:13039615007,45,60,90,category_default,,
osm:node:13039615010,20,30,60,category_default,,
osm:node:13040636501,45,60,90,category_default,,
osm:node:13041298732,20,30,60,category_default,,
osm:node:13042655301,45,60,90,category_default,,
osm:node:13049313107,45,60,90,category_default,,
osm:node:13049315104,20,30,60,category_default,,
osm:node:13074118001,20,30,60,category_default,,
osm:node:13074118701,45,60,90,category_default,,
osm:node:13075369202,45,60,90,category_default,,
osm:node:13077378901,45,60,90,category_default,,
osm:node:13078092631,45,60,90,category_default,,
osm:node:1308439468,20,30,60,category_default,,
osm:node:13091349871,20,30,60,category_default,,
osm:node:13091490894,45,60,90,category_default,,
osm:node:13091727382,20,30,60,category_default,,
osm:node:13092516850,20,30,60,category_default,,
osm:node:13097955401,45,60,90,category_default,,
osm:node:13108908653,45,60,90,category_default,,
osm:node:13110584901,20,30,60,category_default,,
osm:node:13118797501,45,60,90,category_default,,
osm:node:13120433101,45,60,90,category_default,,
osm:node:13120808702,20,30,60,category_default,,
osm:node:13120821501,45,60,90,category_default,,
osm:node:13120821601,45,60,90,category_default,,
osm:node:13124286901,20,30,60,category_default,,
osm:node:13124293801,20,30,60,category_default,,
osm:node:13146901701,20,30,60,category_default,,
osm:node:13148035801,45,60,90,category_default,,
osm:node:13149082601,20,30,60,category_default,,
osm:node:13153027101,20,30,60,category_default,,
osm:node:13153046003,45,60,90,category_default,,
osm:node:13164780805,45,60,90,category_default,,
osm:node:13164974235,45,60,90,category_default,,
osm:node:13164991521,45,60,90,category_default,,
osm:node:13165190395,45,60,90,category_default,,
osm:node:13165204025,45,60,90,category_default,,
osm:node:13165207773,45,60,90,category_default,,
osm:node:13169500606,45,60,90,category_default,,
osm:node:13172568302,45,60,90,category_default,,
osm:node:13197011226,45,60,90,category_default,,
osm:node:13200355902,20,30,60,category_default,,
osm:node:13200843861,20,30,60,category_default,,
osm:node:13202605155,45,60,90,category_default,,
osm:node:13204937554,20,30,60,category_default,,
osm:node:13231908801,20,30,60,category_default,,
osm:node:13240113920,20,30,60,category_default,,
osm:node:13255711109,20,30,60,category_default,,
osm:node:13261890146,45,60,90,category_default,,
osm:node:13264236601,20,30,60,category_default,,
osm:node:13264733255,45,60,90,category_default,,
osm:node:13264733257,45,60,90,category_default,,
osm:node:13266767124,45,60,90,category_default,,
osm:node:13266909348,45,60,90,category_default,,
osm:node:13267116901,45,60,90,category_default,,
osm:node:13271495391,20,30,60,category_default,,
osm:node:13271879878,20,30,60,category_default,,
osm:node:13271879880,20,30,60,category_default,,
osm:node:13272057352,20,30,60,category_default,,
osm:node:13273415410,20,30,60,category_default,,
osm:node:13273639874,20,30,60,category_default,,
osm:node:13274843742,20,30,60,category_default,,
osm:node:13275142601,45,60,90,category_default,,
osm:node:13275142701,20,30,60,category_default,,
osm:node:13275273171,20,30,60,category_default,,
osm:node:13276630905,45,60,90,category_default,,
osm:node:13284285485,45,60,90,category_default,,
osm:node:13284285486,20,30,60,category_default,,
osm:node:13284316425,20,30,60,category_default,,
osm:node:13284316426,45,60,90,category_default,,
osm:node:13284316427,45,60,90,category_default,,
osm:node:13284316428,20,30,60,category_default,,
osm:node:13284316430,45,60,90,category_default,,
osm:node:13284316431,45,60,90,category_default,,
osm:node:13284330528,20,30,60,category_default,,
osm:node:13286322242,45,60,90,category_default,,
osm:node:13286322244,20,30,60,category_default,,
osm:node:13286644419,45,60,90,category_default,,
osm:node:13287246425,45,60,90,category_default,,
osm:node:13287334836,20,30,60,category_default,,
osm:node:13287336511,20,30,60,category_default,,
osm:node:13288463801,45,60,90,category_default,,
osm:node:13288511161,45,60,90,category_default,,
osm:node:13288544261,20,30,60,category_default,,
osm:node:13288674354,45,60,90,category_default,,
osm:node:13288700377,45,60,90,category_default,,
osm:node:13288936111,20,30,60,category_default,,
osm:node:13289050126,45,60,90,category_default,,
osm:node:13290069643,45,60,90,category_default,,
osm:node:13290098752,20,30,60,category_default,,
osm:node:13290246921,45,60,90,category_default,,
osm:node:13290249591,20,30,60,category_default,,
osm:node:13290679526,20,30,60,category_default,,
osm:node:13293652523,20,30,60,category_default,,
osm:node:13293946192,45,60,90,category_default,,
osm:node:13294206501,20,30,60,category_default,,
osm:node:13294582700,45,60,90,category_default,,
osm:node:13299175525,20,30,60,category_default,,
osm:node:13300747869,20,30,60,category_default,,
osm:node:13300836210,20,30,60,category_default,,
osm:node:13300862300,45,60,90,category_default,,
osm:node:13300877728,45,60,90,category_default,,
osm:node:13301356140,45,60,90,category_default,,
osm:node:13305914302,20,30,60,category_default,,
osm:node:13306417601,45,60,90,category_default,,
osm:node:13310182802,45,60,90,category_default,,
osm:node:13310757631,20,30,60,category_default,,
osm:node:13310960312,20,30,60,category_default,,
osm:node:13313754818,20,30,60,category_default,,
osm:node:13313754819,45,60,90,category_default,,
osm:node:13313754821,45,60,90,category_default,,
osm:node:13323296092,20,30,60,category_default,,
osm:node:13323664905,30,60,90,category_default,,
osm:node:13328276406,20,30,60,category_default,,
osm:node:13329827901,20,30,60,category_default,,
osm:node:1333372843,20,30,60,category_default,,
osm:node:13336702955,30,60,90,category_default,,
osm:node:13338530701,45,60,90,category_default,,
osm:node:13340074016,20,30,60,category_default,,
osm:node:13340597206,45,60,90,category_default,,
osm:node:13340608690,20,30,60,category_default,,
osm:node:13340636131,45,60,90,category_default,,
osm:node:13340704387,45,60,90,category_default,,
osm:node:13342409262,20,30,60,category_default,,
osm:node:13351377859,45,60,90,category_default,,
osm:node:13357600202,45,60,90,category_default,,
osm:node:13358949501,45,60,90,category_default,,
osm:node:13360620516,45,60,90,category_default,,
osm:node:13362942201,45,60,90,category_default,,
osm:node:13362942301,45,60,90,category_default,,
osm:node:13363428401,20,30,60,category_default,,
osm:node:13368831001,45,60,90,category_default,,
osm:node:13368831101,20,30,60,category_default,,
osm:node:13371126001,20,30,60,category_default,,
osm:node:13371161201,45,60,90,category_default,,
osm:node:13373300801,20,30,60,category_default,,
osm:node:13373374201,45,60,90,category_default,,
osm:node:13377653501,20,30,60,category_default,,
osm:node:13380454601,20,30,60,category_default,,
osm:node:13380475142,45,60,90,category_default,,
osm:node:13380507401,20,30,60,category_default,,
osm:node:13382556801,20,30,60,category_default,,
osm:node:13382556901,45,60,90,category_default,,
osm:node:13385701701,20,30,60,category_default,,
osm:node:13387865401,20,30,60,category_default,,
osm:node:13389926201,20,30,60,category_default,,
osm:node:13390919015,20,30,60,category_default,,
osm:node:13390938833,45,60,90,category_default,,
osm:node:13391091702,45,60,90,category_default,,
osm:node:13392414601,20,30,60,category_default,,
osm:node:13392416701,20,30,60,category_default,,
osm:node:13392766014,45,60,90,category_default,,
osm:node:13392766185,20,30,60,category_default,,
osm:node:13394279401,20,30,60,category_default,,
osm:node:13397525601,45,60,90,category_default,,
osm:node:13403678801,20,30,60,category_default,,
osm:node:13407566501,20,30,60,category_default,,
osm:node:13408172097,45,60,90,category_default,,
osm:node:13408720219,45,60,90,category_default,,
osm:node:13410156348,20,30,60,category_default,,
osm:node:13412701101,30,60,90,category_default,,
osm:node:13413349866,20,30,60,category_default,,
osm:node:13413354268,45,60,90,category_default,,
osm:node:13413376902,45,60,90,category_default,,
osm:node:13415150801,45,60,90,category_default,,
osm:node:13415593504,45,60,90,category_default,,
osm:node:13415594401,20,30,60,category_default,,
osm:node:13415710101,45,60,90,category_default,,
osm:node:13417231501,20,30,60,category_default,,
osm:node:13417562101,45,60,90,category_default,,
osm:node:13417562201,20,30,60,category_default,,
osm:node:13417588901,45,60,90,category_default,,
osm:node:13417598901,45,60,90,category_default,,
osm:node:13417690601,20,30,60,category_default,,
osm:node:13418020264,20,30,60,category_default,,
osm:node:13420475801,45,60,90,category_default,,
osm:node:13420475901,45,60,90,category_default,,
osm:node:13420522101,20,30,60,category_default,,
osm:node:13420628459,45,60,90,category_default,,
osm:node:13420734701,45,60,90,category_default,,
osm:node:13421486901,20,30,60,category_default,,
osm:node:13422957797,45,60,90,category_default,,
osm:node:13423167702,45,60,90,category_default,,
osm:node:13423558716,45,60,90,category_default,,
osm:node:13423568934,45,60,90,category_default,,
osm:node:13426161601,45,60,90,category_default,,
osm:node:13426342201,45,60,90,category_default,,
osm:node:13426342501,20,30,60,category_default,,
osm:node:13426342801,45,60,90,category_default,,
osm:node:13427923801,20,30,60,category_default,,
osm:node:13428383201,20,30,60,category_default,,
osm:node:13430047101,45,60,90,category_default,,
osm:node:13434534374,20,30,60,category_default,,
osm:node:13438953067,45,60,90,category_default,,
osm:node:13439745601,45,60,90,category_default,,
osm:node:13439951302,45,60,90,category_default,,
osm:node:13442524001,45,60,90,category_default,,
osm:node:13442835136,45,60,90,category_default,,
osm:node:13442835138,20,30,60,category_default,,
osm:node:13442835141,20,30,60,category_default,,
osm:node:13449384383,30,60,90,category_default,,
osm:node:13449488301,45,60,90,category_default,,
osm:node:13456830173,20,30,60,category_default,,
osm:node:13459658479,30,60,90,category_default,,
osm:node:13459713601,45,60,90,category_default,,
osm:node:13462061301,45,60,90,category_default,,
osm:node:13463740401,45,60,90,category_default,,
osm:node:13463805801,20,30,60,category_default,,
osm:node:13464169251,30,60,90,category_default,,
osm:node:13473985979,45,60,90,category_default,,
osm:node:13475283215,45,60,90,category_default,,
osm:node:13475283216,45,60,90,category_default,,
osm:node:13479188547,45,60,90,category_default,,
osm:node:13485169201,45,60,90,category_default,,
osm:node:13506365296,20,30,60,category_default,,
osm:node:13506385429,45,60,90,category_default,,
osm:node:13508339002,45,60,90,category_default,,
osm:node:13508941681,45,60,90,category_default,,
osm:node:13511150201,45,60,90,category_default,,
osm:node:13511421001,45,60,90,category_default,,
osm:node:13513730201,45,60,90,category_default,,
osm:node:13516584409,45,60,90,category_default,,
osm:node:13521587473,20,30,60,category_default,,
osm:node:13523255967,20,30,60,category_default,,
osm:node:13524052772,20,30,60,category_default,,
osm:node:13525505845,20,30,60,category_default,,
osm:node:13525536984,20,30,60,category_default,,
osm:node:13530641701,20,30,60,category_default,,
osm:node:13531364501,45,60,90,category_default,,
osm:node:13531432207,20,30,60,category_default,,
osm:node:13533531976,20,30,60,category_default,,
osm:node:13533791795,20,30,60,category_default,,
osm:node:13535945401,20,30,60,category_default,,
osm:node:13537125073,20,30,60,category_default,,
osm:node:13539338201,20,30,60,category_default,,
osm:node:13539765901,45,60,90,category_default,,
osm:node:13542561081,20,30,60,category_default,,
osm:node:13542865076,20,30,60,category_default,,
osm:node:13542877616,45,60,90,category_default,,
osm:node:13542877625,45,60,90,category_default,,
osm:node:13545998485,20,30,60,category_default,,
osm:node:13546015635,20,30,60,category_default,,
osm:node:13546039219,20,30,60,category_default,,
osm:node:13551354601,45,60,90,category_default,,
osm:node:13563775401,20,30,60,category_default,,
osm:node:13563841369,20,30,60,category_default,,
osm:node:13566150243,45,60,90,category_default,,
osm:node:13575417501,45,60,90,category_default,,
osm:node:13578387140,20,30,60,category_default,,
osm:node:13580421901,45,60,90,category_default,,
osm:node:13584160701,20,30,60,category_default,,
osm:node:13584161501,20,30,60,category_default,,
osm:node:13586088101,20,30,60,category_default,,
osm:node:13586131301,20,30,60,category_default,,
osm:node:13586132302,20,30,60,category_default,,
osm:node:13586534601,20,30,60,category_default,,
osm:node:13587488508,45,60,90,category_default,,
osm:node:13588757753,20,30,60,category_default,,
osm:node:13592363601,45,60,90,category_default,,
osm:node:13597097601,45,60,90,category_default,,
osm:node:13597200502,20,30,60,category_default,,
osm:node:13597200503,20,30,60,category_default,,
osm:node:13597246829,20,30,60,category_default,,
osm:node:13597246831,45,60,90,category_default,,
osm:node:13600463820,45,60,90,category_default,,
osm:node:13605453003,45,60,90,category_default,,
osm:node:13605534101,45,60,90,category_default,,
osm:node:13607254748,45,60,90,category_default,,
osm:node:13608808901,20,30,60,category_default,,
osm:node:13608814601,45,60,90,category_default,,
osm:node:13608814803,45,60,90,category_default,,
osm:node:13609089059,45,60,90,category_default,,
osm:node:13610849401,45,60,90,category_default,,
osm:node:13610849501,45,60,90,category_default,,
osm:node:13610945002,20,30,60,category_default,,
osm:node:13611295802,20,30,60,category_default,,
osm:node:13611774001,45,60,90,category_default,,
osm:node:13611818006,45,60,90,category_default,,
osm:node:13611906802,45,60,90,category_default,,
osm:node:13614010248,20,30,60,category_default,,
osm:node:13614010303,20,30,60,category_default,,
osm:node:13617030701,20,30,60,category_default,,
osm:node:13617118603,20,30,60,category_default,,
osm:node:13617875701,20,30,60,category_default,,
osm:node:13619314947,20,30,60,category_default,,
osm:node:13619374553,45,60,90,category_default,,
osm:node:13619626204,45,60,90,category_default,,
osm:node:13619633802,45,60,90,category_default,,
osm:node:13619843501,45,60,90,category_default,,
osm:node:13623400001,45,60,90,category_default,,
osm:node:13624265424,20,30,60,category_default,,
osm:node:13624907701,45,60,90,category_default,,
osm:node:13624907801,45,60,90,category_default,,
osm:node:13626848101,45,60,90,category_default,,
osm:node:13629236501,20,30,60,category_default,,
osm:node:13630080601,45,60,90,category_default,,
osm:node:13631246007,45,60,90,category_default,,
osm:node:13631246203,20,30,60,category_default,,
osm:node:13631246205,20,30,60,category_default,,
osm:node:13632874202,45,60,90,category_default,,
osm:node:13632874302,45,60,90,category_default,,
osm:node:13632874402,45,60,90,category_default,,
osm:node:13632874403,45,60,90,category_default,,
osm:node:13632874415,45,60,90,category_default,,
osm:node:13632874604,45,60,90,category_default,,
osm:node:13632874613,45,60,90,category_default,,
osm:node:13632874616,20,30,60,category_default,,
osm:node:13632874701,45,60,90,category_default,,
osm:node:13632947701,20,30,60,category_default,,
osm:node:13633101424,20,30,60,category_default,,
osm:node:13633371975,20,30,60,category_default,,
osm:node:13633434601,45,60,90,category_default,,
osm:node:13633560801,45,60,90,category_default,,
osm:node:13633561602,20,30,60,category_default,,
osm:node:13634157802,45,60,90,category_default,,
osm:node:13635808289,20,30,60,category_default,,
osm:node:13635826401,45,60,90,category_default,,
osm:node:13637673905,45,60,90,category_default,,
osm:node:13637702702,20,30,60,category_default,,
osm:node:13637938424,20,30,60,category_default,,
osm:node:13638561208,20,30,60,category_default,,
osm:node:13639997900,45,60,90,category_default,,
osm:node:13640024701,45,60,90,category_default,,
osm:node:13640062002,20,30,60,category_default,,
osm:node:13640426501,20,30,60,category_default,,
osm:node:13640707701,45,60,90,category_default,,
osm:node:13641014101,45,60,90,category_default,,
osm:node:13641363901,45,60,90,category_default,,
osm:node:13644445201,45,60,90,category_default,,
osm:node:13644475702,20,30,60,category_default,,
osm:node:13644532801,20,30,60,category_default,,
osm:node:13645114301,45,60,90,category_default,,
osm:node:13647041501,20,30,60,category_default,,
osm:node:13647364502,45,60,90,category_default,,
osm:node:13647798301,45,60,90,category_default,,
osm:node:13649628501,45,60,90,category_default,,
osm:node:13651242101,20,30,60,category_default,,
osm:node:13651316901,20,30,60,category_default,,
osm:node:13651572501,45,60,90,category_default,,
osm:node:13651630601,20,30,60,category_default,,
osm:node:13651634201,20,30,60,category_default,,
osm:node:13651666401,45,60,90,category_default,,
osm:node:13652468901,45,60,90,category_default,,
osm:node:13653946401,20,30,60,category_default,,
osm:node:13654187301,20,30,60,category_default,,
osm:node:13654191001,45,60,90,category_default,,
osm:node:13654762201,45,60,90,category_default,,
osm:node:13658260801,45,60,90,category_default,,
osm:node:13658264501,20,30,60,category_default,,
osm:node:13658645902,45,60,90,category_default,,
osm:node:13664368901,45,60,90,category_default,,
osm:node:13665939379,20,30,60,category_default,,
osm:node:13666228501,20,30,60,category_default,,
osm:node:13666448201,20,30,60,category_default,,
osm:node:13666531601,45,60,90,category_default,,
osm:node:13668147852,45,60,90,category_default,,
osm:node:13668872401,45,60,90,category_default,,
osm:node:13671225501,20,30,60,category_default,,
osm:node:13671676601,45,60,90,category_default,,
osm:node:13687660701,20,30,60,category_default,,
osm:node:13687990703,45,60,90,category_default,,
osm:node:13688584883,45,60,90,category_default,,
osm:node:13688591630,20,30,60,category_default,,
osm:node:13690375426,20,30,60,category_default,,
osm:node:13691370398,20,30,60,category_default,,
osm:node:13701085701,20,30,60,category_default,,
osm:node:13702979501,45,60,90,category_default,,
osm:node:13703831902,45,60,90,category_default,,
osm:node:13703841401,45,60,90,category_default,,
osm:node:13708168601,45,60,90,category_default,,
osm:node:13712858876,30,60,90,category_default,,
osm:node:13715453001,20,30,60,category_default,,
osm:node:13722666902,20,30,60,category_default,,
osm:node:13724829101,45,60,90,category_default,,
osm:node:13731592801,45,60,90,category_default,,
osm:node:13736627901,20,30,60,category_default,,
osm:node:13738874785,45,60,90,category_default,,
osm:node:13739882101,20,30,60,category_default,,
osm:node:13743071480,45,60,90,category_default,,
osm:node:13744719202,20,30,60,category_default,,
osm:node:13747554001,45,60,90,category_default,,
osm:node:13747558901,20,30,60,category_default,,
osm:node:13747614901,45,60,90,category_default,,
osm:node:13747996002,45,60,90,category_default,,
osm:node:13748852404,45,60,90,category_default,,
osm:node:13755229301,20,30,60,category_default,,
osm:node:13760498701,20,30,60,category_default,,
osm:node:13766193775,20,30,60,category_default,,
osm:node:13784209321,20,30,60,category_default,,
osm:node:13789184102,20,30,60,category_default,,
osm:node:13789184402,45,60,90,category_default,,
osm:node:13789184503,45,60,90,category_default,,
osm:node:13794298537,45,60,90,category_default,,
osm:node:13796566164,20,30,60,category_default,,
osm:node:13805547596,20,30,60,category_default,,
osm:node:13806229567,20,30,60,category_default,,
osm:node:13806229568,45,60,90,category_default,,
osm:node:13806229569,45,60,90,category_default,,
osm:node:13806229577,45,60,90,category_default,,
osm:node:13806229589,20,30,60,category_default,,
osm:node:13806229590,20,30,60,category_default,,
osm:node:13806229591,45,60,90,category_default,,
osm:node:13806229592,45,60,90,category_default,,
osm:node:13808256915,45,60,90,category_default,,
osm:node:13812953288,45,60,90,category_default,,
osm:node:13826146101,45,60,90,category_default,,
osm:node:13832187701,45,60,90,category_default,,
osm:node:13836157612,20,30,60,category_default,,
osm:node:13838082336,20,30,60,category_default,,
osm:node:13848456402,20,30,60,category_default,,
osm:node:13848478903,45,60,90,category_default,,
osm:node:13848479101,45,60,90,category_default,,
osm:node:13848489601,20,30,60,category_default,,
osm:node:13848891001,45,60,90,category_default,,
osm:node:13852091302,20,30,60,category_default,,
osm:node:13852133401,45,60,90,category_default,,
osm:node:13852137401,20,30,60,category_default,,
osm:node:13853214801,20,30,60,category_default,,
osm:node:13853225601,20,30,60,category_default,,
osm:node:13853226001,45,60,90,category_default,,
osm:node:13853226101,20,30,60,category_default,,
osm:node:13853226201,20,30,60,category_default,,
osm:node:13855440601,45,60,90,category_default,,
osm:node:13857080401,45,60,90,category_default,,
osm:node:13860331501,45,60,90,category_default,,
osm:node:13860986975,20,30,60,category_default,,
osm:node:13860996033,20,30,60,category_default,,
osm:node:13876689984,45,60,90,category_default,,
osm:node:13880157601,45,60,90,category_default,,
osm:node:13881156000,20,30,60,category_default,,
osm:node:13881291562,20,30,60,category_default,,
osm:node:13884420696,20,30,60,category_default,,
osm:node:13888271701,45,60,90,category_default,,
osm:node:13888717612,20,30,60,category_default,,
osm:node:13888717614,20,30,60,category_default,,
osm:node:13890168980,20,30,60,category_default,,
osm:node:13893487516,45,60,90,category_default,,
osm:node:13893487517,45,60,90,category_default,,
osm:node:13893487518,45,60,90,category_default,,
osm:node:13893487519,20,30,60,category_default,,
osm:node:13893488115,20,30,60,category_default,,
osm:node:13893639501,45,60,90,category_default,,
osm:node:13893913112,45,60,90,category_default,,
osm:node:13895395503,45,60,90,category_default,,
osm:node:13895748101,45,60,90,category_default,,
osm:node:13895997882,45,60,90,category_default,,
osm:node:13895997883,20,30,60,category_default,,
osm:node:13898121701,20,30,60,category_default,,
osm:node:13898773058,45,60,90,category_default,,
osm:node:13898953317,30,60,90,category_default,,
osm:node:13901304302,45,60,90,category_default,,
osm:node:13901304501,45,60,90,category_default,,
osm:node:13901304801,45,60,90,category_default,,
osm:node:13904093350,60,120,240,category_default,,
osm:node:13904544801,45,60,90,category_default,,
osm:node:13906389201,45,60,90,category_default,,
osm:node:13907404701,20,30,60,category_default,,
osm:node:13907404801,45,60,90,category_default,,
osm:node:13912129701,45,60,90,category_default,,
osm:node:13912681353,45,60,90,category_default,,
osm:node:13912681354,45,60,90,category_default,,
osm:node:13912681355,45,60,90,category_default,,
osm:node:13912681356,20,30,60,category_default,,
osm:node:13914106801,20,30,60,category_default,,
osm:node:13916784573,30,60,90,category_default,,
osm:node:13917253901,45,60,90,category_default,,
osm:node:13920078214,20,30,60,category_default,,
osm:node:13922225984,45,60,90,category_default,,
osm:node:13922503279,45,60,90,category_default,,
osm:node:13922739901,45,60,90,category_default,,
osm:node:13930281701,45,60,90,category_default,,
osm:node:13934799101,45,60,90,category_default,,
osm:node:13936946801,45,60,90,category_default,,
osm:node:13937758901,20,30,60,category_default,,
osm:node:13938249951,45,60,90,category_default,,
osm:node:13938378601,45,60,90,category_default,,
osm:node:13944634965,20,30,60,category_default,,
osm:node:13945910808,20,30,60,category_default,,
osm:node:13947176204,20,30,60,category_default,,
osm:node:13947450701,45,60,90,category_default,,
osm:node:13949063201,45,60,90,category_default,,
osm:node:13949090703,45,60,90,category_default,,
osm:node:13955136101,45,60,90,category_default,,
osm:node:13964372302,20,30,60,category_default,,
osm:node:13964921201,20,30,60,category_default,,
osm:node:13971665001,20,30,60,category_default,,
osm:node:13971928007,20,30,60,category_default,,
osm:node:13974031901,20,30,60,category_default,,
osm:node:13981899117,45,60,90,category_default,,
osm:node:13981943861,45,60,90,category_default,,
osm:node:13982143275,45,60,90,category_default,,
osm:node:13982886474,45,60,90,category_default,,
osm:node:13986170474,45,60,90,category_default,,
osm:node:13986170475,45,60,90,category_default,,
osm:node:13990162759,20,30,60,category_default,,
osm:node:13990162765,20,30,60,category_default,,
osm:node:13990162778,20,30,60,category_default,,
osm:node:13990311204,45,60,90,category_default,,
osm:node:14004104302,20,30,60,category_default,,
osm:node:14005747112,30,60,90,category_default,,
osm:node:14019117023,45,60,90,category_default,,
osm:node:14021381656,45,60,90,category_default,,
osm:node:14022626695,45,60,90,category_default,,
osm:node:14023367049,20,30,60,category_default,,
osm:node:14025305349,45,60,90,category_default,,
osm:node:14027946104,45,60,90,category_default,,
osm:node:14028555001,20,30,60,category_default,,
osm:node:14033302445,20,30,60,category_default,,
osm:node:14039014101,45,60,90,category_default,,
osm:node:14041035701,45,60,90,category_default,,
osm:node:14041058901,20,30,60,category_default,,
osm:node:14042791962,20,30,60,category_default,,
osm:node:14045216801,45,60,90,category_default,,
osm:node:14049103101,45,60,90,category_default,,
osm:node:14049103201,45,60,90,category_default,,
osm:node:14049103301,45,60,90,category_default,,
osm:node:14054774703,45,60,90,category_default,,
osm:node:14054791601,20,30,60,category_default,,
osm:node:14056041723,45,60,90,category_default,,
osm:node:14057537001,45,60,90,category_default,,
osm:node:14062977601,45,60,90,category_default,,
osm:node:14063548122,20,30,60,category_default,,
osm:node:14064309334,20,30,60,category_default,,
osm:node:14064309335,45,60,90,category_default,,
osm:node:14064309337,45,60,90,category_default,,
osm:node:14064309338,20,30,60,category_default,,
osm:node:14064444702,45,60,90,category_default,,
osm:node:14067561403,20,30,60,category_default,,
osm:node:14069782201,45,60,90,category_default,,
osm:node:14072358101,20,30,60,category_default,,
osm:node:14074419959,20,30,60,category_default,,
osm:node:14074419963,20,30,60,category_default,,
osm:node:14074419965,45,60,90,category_default,,
osm:node:14074419966,45,60,90,category_default,,
osm:node:14080138202,45,60,90,category_default,,
osm:node:14080252351,45,60,90,category_default,,
osm:node:14086172301,45,60,90,category_default,,
osm:node:14086684701,45,60,90,category_default,,
osm:node:14086736701,45,60,90,category_default,,
osm:node:14087058901,45,60,90,category_default,,
osm:node:14089289793,20,30,60,category_default,,
osm:node:14104855301,20,30,60,category_default,,
osm:node:14105254901,45,60,90,category_default,,
osm:node:14106869301,45,60,90,category_default,,
osm:node:14115263501,45,60,90,category_default,,
osm:node:14119231102,20,30,60,category_default,,
osm:node:14125298501,45,60,90,category_default,,
osm:node:14127577101,20,30,60,category_default,,
osm:node:14128486001,45,60,90,category_default,,
osm:node:14128486201,45,60,90,category_default,,
osm:node:14134320401,20,30,60,category_default,,
osm:node:14134320601,45,60,90,category_default,,
osm:node:14137358101,20,30,60,category_default,,
osm:node:14137358201,20,30,60,category_default,,
osm:node:14137447501,20,30,60,category_default,,
osm:node:14137451402,20,30,60,category_default,,
osm:node:14141324701,45,60,90,category_default,,
osm:node:14141370201,45,60,90,category_default,,
osm:node:14143592101,20,30,60,category_default,,
osm:node:14144385001,45,60,90,category_default,,
osm:node:14144414701,45,60,90,category_default,,
osm:node:14144414801,45,60,90,category_default,,
osm:node:14144432502,20,30,60,category_default,,
osm:node:14148128101,45,60,90,category_default,,
osm:node:14152831901,45,60,90,category_default,,
osm:node:14152839302,20,30,60,category_default,,
osm:node:14155930001,20,30,60,category_default,,
osm:node:14156570901,45,60,90,category_default,,
osm:node:14156598403,20,30,60,category_default,,
osm:node:14156600501,20,30,60,category_default,,
osm:node:14157700401,45,60,90,category_default,,
osm:node:14159492602,45,60,90,category_default,,
osm:node:14159493501,45,60,90,category_default,,
osm:node:14161856907,20,30,60,category_default,,
osm:node:14162347202,20,30,60,category_default,,
osm:node:14165243301,20,30,60,category_default,,
osm:node:14165243401,45,60,90,category_default,,
osm:node:14169542101,20,30,60,category_default,,
osm:node:14169580001,45,60,90,category_default,,
osm:node:14172705701,45,60,90,category_default,,
osm:node:14173236801,20,30,60,category_default,,
osm:node:14174721301,45,60,90,category_default,,
osm:node:14182195402,45,60,90,category_default,,
osm:node:14182850490,45,60,90,category_default,,
osm:node:14183047001,45,60,90,category_default,,
osm:node:14183056101,20,30,60,category_default,,
osm:node:1497544853,20,30,60,category_default,,
osm:node:1623183649,60,120,240,category_default,,
osm:node:1629328703,20,30,60,category_default,,
osm:node:1671744985,45,60,90,category_default,,
osm:node:1685291681,30,60,90,category_default,,
osm:node:1708540209,45,60,90,category_default,,
osm:node:1711447439,45,60,90,category_default,,
osm:node:1711447442,30,60,90,category_default,,
osm:node:1711457407,45,60,90,category_default,,
osm:node:1726781610,20,30,60,category_default,,
osm:node:1726805065,20,30,60,category_default,,
osm:node:1769334889,20,30,60,category_default,,
osm:node:1769566984,45,60,90,category_default,,
osm:node:1989505263,20,30,60,category_default,,
osm:node:1992479743,45,60,90,category_default,,
osm:node:1997671803,45,60,90,category_default,,
osm:node:2076855759,20,30,60,category_default,,
osm:node:2076855765,45,60,90,category_default,,
osm:node:2076855779,20,30,60,category_default,,
osm:node:2076855785,45,60,90,category_default,,
osm:node:2076855790,45,60,90,category_default,,
osm:node:2076855801,45,60,90,category_default,,
osm:node:2076855807,45,60,90,category_default,,
osm:node:2076855824,45,60,90,category_default,,
osm:node:2076855840,45,60,90,category_default,,
osm:node:2076855847,20,30,60,category_default,,
osm:node:2076855854,45,60,90,category_default,,
osm:node:2076855897,45,60,90,category_default,,
osm:node:2076855902,45,60,90,category_default,,
osm:node:2076855925,20,30,60,category_default,,
osm:node:2076855941,45,60,90,category_default,,
osm:node:2076855947,45,60,90,category_default,,
osm:node:2076855958,20,30,60,category_default,,
osm:node:2076855988,45,60,90,category_default,,
osm:node:2076855994,45,60,90,category_default,,
osm:node:2076855999,45,60,90,category_default,,
osm:node:2076856005,45,60,90,category_default,,
osm:node:2076856011,20,30,60,category_default,,
osm:node:2076856015,20,30,60,category_default,,
osm:node:2076856027,45,60,90,category_default,,
osm:node:2076856052,45,60,90,category_default,,
osm:node:2076856059,45,60,90,category_default,,
osm:node:2088919905,45,60,90,category_default,,
osm:node:2091401440,45,60,90,category_default,,
osm:node:2091401442,45,60,90,category_default,,
osm:node:2091401443,45,60,90,category_default,,
osm:node:2091401444,45,60,90,category_default,,
osm:node:2091401446,45,60,90,category_default,,
osm:node:2091401448,45,60,90,category_default,,
osm:node:2091401451,45,60,90,category_default,,
osm:node:2091401453,45,60,90,category_default,,
osm:node:2091401455,45,60,90,category_default,,
osm:node:2091401456,45,60,90,category_default,,
osm:node:2091401457,45,60,90,category_default,,
osm:node:2091401474,45,60,90,category_default,,
osm:node:2091401475,45,60,90,category_default,,
osm:node:2091401476,45,60,90,category_default,,
osm:node:2091401477,45,60,90,category_default,,
osm:node:2091401478,45,60,90,category_default,,
osm:node:2092582328,45,60,90,category_default,,
osm:node:2092582344,20,30,60,category_default,,
osm:node:2092582351,45,60,90,category_default,,
osm:node:2092582383,45,60,90,category_default,,
osm:node:2093848427,60,120,240,category_default,,
osm:node:2093848429,60,120,240,category_default,,
osm:node:2093848431,60,120,240,category_default,,
osm:node:2093848443,60,120,240,category_default,,
osm:node:2136318858,30,60,90,category_default,,
osm:node:2136341357,45,60,90,category_default,,
osm:node:2175084765,45,60,90,category_default,,
osm:node:2217387213,45,60,90,category_default,,
osm:node:2256217984,45,60,90,category_default,,
osm:node:2256217985,20,30,60,category_default,,
osm:node:2256217990,45,60,90,category_default,,
osm:node:2256217991,45,60,90,category_default,,
osm:node:2259067320,45,60,90,category_default,,
osm:node:2267838861,45,60,90,category_default,,
osm:node:2267838867,45,60,90,category_default,,
osm:node:2269957315,45,60,90,category_default,,
osm:node:2269957326,45,60,90,category_default,,
osm:node:2269957329,45,60,90,category_default,,
osm:node:2272708929,20,30,60,category_default,,
osm:node:2276420302,20,30,60,category_default,,
osm:node:2308781230,20,30,60,category_default,,
osm:node:2366849406,20,30,60,category_default,,
osm:node:2366849408,45,60,90,category_default,,
osm:node:2399180441,45,60,90,category_default,,
osm:node:2399180442,45,60,90,category_default,,
osm:node:2399180443,45,60,90,category_default,,
osm:node:2399188052,45,60,90,category_default,,
osm:node:2399188053,45,60,90,category_default,,
osm:node:2399188054,45,60,90,category_default,,
osm:node:2399194698,45,60,90,category_default,,
osm:node:2399239575,45,60,90,category_default,,
osm:node:2399239576,45,60,90,category_default,,
osm:node:2461400746,45,60,90,category_default,,
osm:node:2461400753,45,60,90,category_default,,
osm:node:2461400758,45,60,90,category_default,,
osm:node:2461400765,45,60,90,category_default,,
osm:node:2471647464,30,60,90,category_default,,
osm:node:2495836898,45,60,90,category_default,,
osm:node:2523425211,20,30,60,category_default,,
osm:node:2571023220,45,60,90,category_default,,
osm:node:2577863960,20,30,60,category_default,,
osm:node:2587491495,45,60,90,category_default,,
osm:node:2623768438,45,60,90,category_default,,
osm:node:2747371589,45,60,90,category_default,,
osm:node:2763237579,20,30,60,category_default,,
osm:node:2835669193,20,30,60,category_default,,
osm:node:2904499001,45,60,90,category_default,,
osm:node:2987254233,20,30,60,category_default,,
osm:node:2987520133,20,30,60,category_default,,
osm:node:2987520837,20,30,60,category_default,,
osm:node:2987520841,20,30,60,category_default,,
osm:node:2987522033,20,30,60,category_default,,
osm:node:2987526034,20,30,60,category_default,,
osm:node:2988814633,45,60,90,category_default,,
osm:node:2988973933,45,60,90,category_default,,
osm:node:2988974233,45,60,90,category_default,,
osm:node:2988974433,45,60,90,category_default,,
osm:node:2988975433,45,60,90,category_default,,
osm:node:2988975533,45,60,90,category_default,,
osm:node:2988980334,45,60,90,category_default,,
osm:node:2988981633,20,30,60,category_default,,
osm:node:2989006133,20,30,60,category_default,,
osm:node:2989007533,20,30,60,category_default,,
osm:node:3036397234,20,30,60,category_default,,
osm:node:3093689362,45,60,90,category_default,,
osm:node:310727632,45,60,90,category_default,,
osm:node:3145009062,45,60,90,category_default,,
osm:node:3154342340,60,120,240,category_default,,
osm:node:3157491491,45,60,90,category_default,,
osm:node:3189922817,45,60,90,category_default,,
osm:node:3222863929,45,60,90,category_default,,
osm:node:3281664612,20,30,60,category_default,,
osm:node:3304244852,45,60,90,category_default,,
osm:node:3316120061,45,60,90,category_default,,
osm:node:3370369424,45,60,90,category_default,,
osm:node:3389007927,30,60,90,category_default,,
osm:node:3398307725,45,60,90,category_default,,
osm:node:3440266925,20,30,60,category_default,,
osm:node:3440273722,20,30,60,category_default,,
osm:node:3440273951,20,30,60,category_default,,
osm:node:3471347680,20,30,60,category_default,,
osm:node:3471350605,20,30,60,category_default,,
osm:node:3496458225,45,60,90,category_default,,
osm:node:3496464405,45,60,90,category_default,,
osm:node:3496893646,45,60,90,category_default,,
osm:node:3541565709,20,30,60,category_default,,
osm:node:3541565714,45,60,90,category_default,,
osm:node:3575188505,20,30,60,category_default,,
osm:node:3575190009,20,30,60,category_default,,
osm:node:3628855206,45,60,90,category_default,,
osm:node:3640168109,45,60,90,category_default,,
osm:node:3647132544,20,30,60,category_default,,
osm:node:3670041629,45,60,90,category_default,,
osm:node:3671198536,45,60,90,category_default,,
osm:node:3678370944,20,30,60,category_default,,
osm:node:3678371141,45,60,90,category_default,,
osm:node:3679951225,20,30,60,category_default,,
osm:node:3684699441,20,30,60,category_default,,
osm:node:3684899299,45,60,90,category_default,,
osm:node:3684980414,45,60,90,category_default,,
osm:node:3688951425,45,60,90,category_default,,
osm:node:3711330943,45,60,90,category_default,,
osm:node:3712052430,20,30,60,category_default,,
osm:node:3715457786,45,60,90,category_default,,
osm:node:3715467249,20,30,60,category_default,,
osm:node:3741166993,20,30,60,category_default,,
osm:node:3746853894,20,30,60,category_default,,
osm:node:3747365124,20,30,60,category_default,,
osm:node:3769973034,45,60,90,category_default,,
osm:node:3806163694,45,60,90,category_default,,
osm:node:3812098704,45,60,90,category_default,,
osm:node:3830708257,45,60,90,category_default,,
osm:node:3850502770,45,60,90,category_default,,
osm:node:3851718801,20,30,60,category_default,,
osm:node:3883603836,20,30,60,category_default,,
osm:node:3887708818,45,60,90,category_default,,
osm:node:3888954277,45,60,90,category_default,,
osm:node:3888954278,45,60,90,category_default,,
osm:node:3888955324,20,30,60,category_default,,
osm:node:3893467764,20,30,60,category_default,,
osm:node:3893467887,45,60,90,category_default,,
osm:node:3975723741,20,30,60,category_default,,
osm:node:4005477934,45,60,90,category_default,,
osm:node:4025752976,20,30,60,category_default,,
osm:node:4040096162,45,60,90,category_default,,
osm:node:4041668788,45,60,90,category_default,,
osm:node:4076168082,20,30,60,category_default,,
osm:node:4076169309,45,60,90,category_default,,
osm:node:4076171123,45,60,90,category_default,,
osm:node:4076177424,20,30,60,category_default,,
osm:node:4080898314,45,60,90,category_default,,
osm:node:4090272750,45,60,90,category_default,,
osm:node:4090277644,45,60,90,category_default,,
osm:node:4090279692,45,60,90,category_default,,
osm:node:4090284259,45,60,90,category_default,,
osm:node:4090297904,45,60,90,category_default,,
osm:node:4090305470,45,60,90,category_default,,
osm:node:4090309926,45,60,90,category_default,,
osm:node:4091985948,45,60,90,category_default,,
osm:node:4091988292,45,60,90,category_default,,
osm:node:4091994843,45,60,90,category_default,,
osm:node:4091998924,45,60,90,category_default,,
osm:node:4109054391,45,60,90,category_default,,
osm:node:4115830290,45,60,90,category_default,,
osm:node:4115830291,45,60,90,category_default,,
osm:node:4115863790,45,60,90,category_default,,
osm:node:4118223690,45,60,90,category_default,,
osm:node:4118223691,45,60,90,category_default,,
osm:node:4118236589,45,60,90,category_default,,
osm:node:4120329099,45,60,90,category_default,,
osm:node:4120953690,45,60,90,category_default,,
osm:node:4122433690,60,120,240,category_default,,
osm:node:4125659916,45,60,90,category_default,,
osm:node:4127549394,45,60,90,category_default,,
osm:node:4131859590,20,30,60,category_default,,
osm:node:4133218490,45,60,90,category_default,,
osm:node:4135161589,45,60,90,category_default,,
osm:node:4141060177,20,30,60,category_default,,
osm:node:4142676096,45,60,90,category_default,,
osm:node:4143968589,45,60,90,category_default,,
osm:node:4150312890,45,60,90,category_default,,
osm:node:4150312989,20,30,60,category_default,,
osm:node:4150425790,45,60,90,category_default,,
osm:node:4150844990,45,60,90,category_default,,
osm:node:4151407589,45,60,90,category_default,,
osm:node:4154752890,20,30,60,category_default,,
osm:node:4158540590,45,60,90,category_default,,
osm:node:4158619590,20,30,60,category_default,,
osm:node:4164213689,45,60,90,category_default,,
osm:node:4164893394,45,60,90,category_default,,
osm:node:4164895891,45,60,90,category_default,,
osm:node:4166771189,20,30,60,category_default,,
osm:node:4176320992,45,60,90,category_default,,
osm:node:4178588390,45,60,90,category_default,,
osm:node:4180461689,45,60,90,category_default,,
osm:node:4185463513,20,30,60,category_default,,
osm:node:4186819465,45,60,90,category_default,,
osm:node:4193558991,45,60,90,category_default,,
osm:node:4196677589,45,60,90,category_default,,
osm:node:4196680289,20,30,60,category_default,,
osm:node:4201523889,45,60,90,category_default,,
osm:node:4205001489,45,60,90,category_default,,
osm:node:4205271789,45,60,90,category_default,,
osm:node:4210706604,45,60,90,category_default,,
osm:node:4210788994,45,60,90,category_default,,
osm:node:4215685989,20,30,60,category_default,,
osm:node:4217845890,20,30,60,category_default,,
osm:node:4217848289,20,30,60,category_default,,
osm:node:4219337689,45,60,90,category_default,,
osm:node:4221031594,45,60,90,category_default,,
osm:node:422416741,20,30,60,category_default,,
osm:node:4225587390,45,60,90,category_default,,
osm:node:4225643190,45,60,90,category_default,,
osm:node:4226277399,45,60,90,category_default,,
osm:node:4226766214,45,60,90,category_default,,
osm:node:4227974092,20,30,60,category_default,,
osm:node:4229244689,45,60,90,category_default,,
osm:node:4229244789,45,60,90,category_default,,
osm:node:4234157989,20,30,60,category_default,,
osm:node:423736651,20,30,60,category_default,,
osm:node:4239650889,20,30,60,category_default,,
osm:node:4240313697,20,30,60,category_default,,
osm:node:4242831484,45,60,90,category_default,,
osm:node:4242941489,45,60,90,category_default,,
osm:node:4245855589,45,60,90,category_default,,
osm:node:4252334691,20,30,60,category_default,,
osm:node:4253896690,20,30,60,category_default,,
osm:node:4254168216,45,60,90,category_default,,
osm:node:4255651589,20,30,60,category_default,,
osm:node:4257319094,45,60,90,category_default,,
osm:node:4258046056,20,30,60,category_default,,
osm:node:4259583468,45,60,90,category_default,,
osm:node:4260382168,45,60,90,category_default,,
osm:node:4264066489,45,60,90,category_default,,
osm:node:4265463792,20,30,60,category_default,,
osm:node:4266180498,20,30,60,category_default,,
osm:node:4266207190,20,30,60,category_default,,
osm:node:4267912389,45,60,90,category_default,,
osm:node:4271299190,45,60,90,category_default,,
osm:node:4272727197,45,60,90,category_default,,
osm:node:4278085689,45,60,90,category_default,,
osm:node:4279240691,45,60,90,category_default,,
osm:node:4279350990,45,60,90,category_default,,
osm:node:4279367889,45,60,90,category_default,,
osm:node:4279382289,45,60,90,category_default,,
osm:node:4279536690,45,60,90,category_default,,
osm:node:4281489185,20,30,60,category_default,,
osm:node:4281489900,20,30,60,category_default,,
osm:node:4281628989,20,30,60,category_default,,
osm:node:4286225207,45,60,90,category_default,,
osm:node:4289580589,45,60,90,category_default,,
osm:node:4292145190,20,30,60,category_default,,
osm:node:4295458892,45,60,90,category_default,,
osm:node:4295603189,45,60,90,category_default,,
osm:node:4296008295,45,60,90,category_default,,
osm:node:4301483689,20,30,60,category_default,,
osm:node:4301927190,20,30,60,category_default,,
osm:node:4306911795,20,30,60,category_default,,
osm:node:4309556992,45,60,90,category_default,,
osm:node:4311854914,20,30,60,category_default,,
osm:node:4312279989,20,30,60,category_default,,
osm:node:4320366025,20,30,60,category_default,,
osm:node:4320668189,45,60,90,category_default,,
osm:node:4320825493,45,60,90,category_default,,
osm:node:4320867591,45,60,90,category_default,,
osm:node:4326474789,45,60,90,category_default,,
osm:node:4326819390,20,30,60,category_default,,
osm:node:4327534896,45,60,90,category_default,,
osm:node:4327575690,45,60,90,category_default,,
osm:node:4327575691,45,60,90,category_default,,
osm:node:4327575692,20,30,60,category_default,,
osm:node:4327649345,20,30,60,category_default,,
osm:node:4328960193,20,30,60,category_default,,
osm:node:4333252489,45,60,90,category_default,,
osm:node:4333492797,45,60,90,category_default,,
osm:node:4333838495,45,60,90,category_default,,
osm:node:4339353889,45,60,90,category_default,,
osm:node:4339674497,20,30,60,category_default,,
osm:node:4339674598,45,60,90,category_default,,
osm:node:4339694191,20,30,60,category_default,,
osm:node:4341891090,45,60,90,category_default,,
osm:node:4342021090,45,60,90,category_default,,
osm:node:4343966693,45,60,90,category_default,,
osm:node:4345292789,20,30,60,category_default,,
osm:node:4345669518,20,30,60,category_default,,
osm:node:4346678690,45,60,90,category_default,,
osm:node:4347044555,45,60,90,category_default,,
osm:node:4347046685,45,60,90,category_default,,
osm:node:4347046687,45,60,90,category_default,,
osm:node:4347046700,45,60,90,category_default,,
osm:node:4347046702,45,60,90,category_default,,
osm:node:4347046705,45,60,90,category_default,,
osm:node:4347237636,45,60,90,category_default,,
osm:node:4347237778,45,60,90,category_default,,
osm:node:4347237779,45,60,90,category_default,,
osm:node:4347237781,45,60,90,category_default,,
osm:node:4347237782,45,60,90,category_default,,
osm:node:4352140189,45,60,90,category_default,,
osm:node:4352229289,45,60,90,category_default,,
osm:node:4352237791,45,60,90,category_default,,
osm:node:4352240896,20,30,60,category_default,,
osm:node:4352241691,45,60,90,category_default,,
osm:node:4352241993,45,60,90,category_default,,
osm:node:4352241994,45,60,90,category_default,,
osm:node:4352264489,45,60,90,category_default,,
osm:node:4352265289,45,60,90,category_default,,
osm:node:4352266089,45,60,90,category_default,,
osm:node:4352266389,45,60,90,category_default,,
osm:node:4352266689,45,60,90,category_default,,
osm:node:4352309392,45,60,90,category_default,,
osm:node:4352309491,45,60,90,category_default,,
osm:node:4353372191,45,60,90,category_default,,
osm:node:4353913989,45,60,90,category_default,,
osm:node:4355692621,45,60,90,category_default,,
osm:node:4355761091,45,60,90,category_default,,
osm:node:4357173000,45,60,90,category_default,,
osm:node:4358179090,45,60,90,category_default,,
osm:node:4358622593,45,60,90,category_default,,
osm:node:4358629195,20,30,60,category_default,,
osm:node:4358812697,20,30,60,category_default,,
osm:node:4358971989,45,60,90,category_default,,
osm:node:4364343294,45,60,90,category_default,,
osm:node:4364361735,45,60,90,category_default,,
osm:node:4365096489,45,60,90,category_default,,
osm:node:4366360798,45,60,90,category_default,,
osm:node:4366361510,45,60,90,category_default,,
osm:node:4369340191,20,30,60,category_default,,
osm:node:4375604995,45,60,90,category_default,,
osm:node:4377349889,45,60,90,category_default,,
osm:node:4378701501,45,60,90,category_default,,
osm:node:4381861689,20,30,60,category_default,,
osm:node:4381918992,20,30,60,category_default,,
osm:node:4381924889,45,60,90,category_default,,
osm:node:4381937591,20,30,60,category_default,,
osm:node:4382109792,45,60,90,category_default,,
osm:node:4383436892,45,60,90,category_default,,
osm:node:4383692291,20,30,60,category_default,,
osm:node:4386676224,30,60,90,category_default,,
osm:node:4386749689,45,60,90,category_default,,
osm:node:4388677795,20,30,60,category_default,,
osm:node:4388677798,20,30,60,category_default,,
osm:node:4388677799,45,60,90,category_default,,
osm:node:4388733103,20,30,60,category_default,,
osm:node:4389441895,45,60,90,category_default,,
osm:node:4395825999,45,60,90,category_default,,
osm:node:4401168601,45,60,90,category_default,,
osm:node:4401168602,45,60,90,category_default,,
osm:node:4401378391,45,60,90,category_default,,
osm:node:4403884590,20,30,60,category_default,,
osm:node:4408947190,45,60,90,category_default,,
osm:node:4409057989,45,60,90,category_default,,
osm:node:4413364391,45,60,90,category_default,,
osm:node:4414110689,20,30,60,category_default,,
osm:node:4417630567,20,30,60,category_default,,
osm:node:442030353,45,60,90,category_default,,
osm:node:442030367,45,60,90,category_default,,
osm:node:442030389,45,60,90,category_default,,
osm:node:442031761,45,60,90,category_default,,
osm:node:442910045,20,30,60,category_default,,
osm:node:442913494,45,60,90,category_default,,
osm:node:442994566,45,60,90,category_default,,
osm:node:443000681,45,60,90,category_default,,
osm:node:4430043290,45,60,90,category_default,,
osm:node:4430077491,45,60,90,category_default,,
osm:node:4437567193,45,60,90,category_default,,
osm:node:4437978297,20,30,60,category_default,,
osm:node:4440898391,20,30,60,category_default,,
osm:node:4449095589,45,60,90,category_default,,
osm:node:4449942994,20,30,60,category_default,,
osm:node:4450138703,45,60,90,category_default,,
osm:node:4453120690,20,30,60,category_default,,
osm:node:4454402594,20,30,60,category_default,,
osm:node:4456468089,20,30,60,category_default,,
osm:node:4457979091,20,30,60,category_default,,
osm:node:4457996689,45,60,90,category_default,,
osm:node:4458823390,20,30,60,category_default,,
osm:node:4460198090,45,60,90,category_default,,
osm:node:4460217491,20,30,60,category_default,,
osm:node:446043000,45,60,90,category_default,,
osm:node:446043425,45,60,90,category_default,,
osm:node:446044222,45,60,90,category_default,,
osm:node:4461175292,20,30,60,category_default,,
osm:node:4464451389,45,60,90,category_default,,
osm:node:4464451390,45,60,90,category_default,,
osm:node:4481034394,45,60,90,category_default,,
osm:node:4481407690,45,60,90,category_default,,
osm:node:4483425089,45,60,90,category_default,,
osm:node:4485096895,45,60,90,category_default,,
osm:node:4485441589,20,30,60,category_default,,
osm:node:4485511691,20,30,60,category_default,,
osm:node:4485546292,20,30,60,category_default,,
osm:node:4485547089,20,30,60,category_default,,
osm:node:4486254298,20,30,60,category_default,,
osm:node:4486692390,45,60,90,category_default,,
osm:node:4486827794,45,60,90,category_default,,
osm:node:4486828192,20,30,60,category_default,,
osm:node:4496285792,45,60,90,category_default,,
osm:node:4496363513,20,30,60,category_default,,
osm:node:4497894667,45,60,90,category_default,,
osm:node:4504307491,45,60,90,category_default,,
osm:node:4507417291,45,60,90,category_default,,
osm:node:4508014325,45,60,90,category_default,,
osm:node:4511484589,20,30,60,category_default,,
osm:node:4511873490,45,60,90,category_default,,
osm:node:4516490689,20,30,60,category_default,,
osm:node:4516705495,20,30,60,category_default,,
osm:node:4517337393,45,60,90,category_default,,
osm:node:4519205790,45,60,90,category_default,,
osm:node:4520093589,20,30,60,category_default,,
osm:node:4520425992,45,60,90,category_default,,
osm:node:4522677590,45,60,90,category_default,,
osm:node:4523072389,45,60,90,category_default,,
osm:node:4523211689,45,60,90,category_default,,
osm:node:4531007898,20,30,60,category_default,,
osm:node:4531907991,45,60,90,category_default,,
osm:node:4532459295,20,30,60,category_default,,
osm:node:4532459296,20,30,60,category_default,,
osm:node:4532462397,30,60,90,category_default,,
osm:node:4532490893,20,30,60,category_default,,
osm:node:4532514193,45,60,90,category_default,,
osm:node:4532521390,20,30,60,category_default,,
osm:node:4532521491,20,30,60,category_default,,
osm:node:4535978495,45,60,90,category_default,,
osm:node:4536058093,45,60,90,category_default,,
osm:node:4536058096,20,30,60,category_default,,
osm:node:4538467361,45,60,90,category_default,,
osm:node:4541140991,45,60,90,category_default,,
osm:node:4541141193,45,60,90,category_default,,
osm:node:4541146990,45,60,90,category_default,,
osm:node:4541170290,45,60,90,category_default,,
osm:node:4541197390,45,60,90,category_default,,
osm:node:4541198589,45,60,90,category_default,,
osm:node:4541527689,45,60,90,category_default,,
osm:node:4544293389,45,60,90,category_default,,
osm:node:4548149290,45,60,90,category_default,,
osm:node:4548163789,45,60,90,category_default,,
osm:node:4549010614,20,30,60,category_default,,
osm:node:4550335190,45,60,90,category_default,,
osm:node:4550335291,45,60,90,category_default,,
osm:node:4551757589,20,30,60,category_default,,
osm:node:4554131889,45,60,90,category_default,,
osm:node:4557009772,45,60,90,category_default,,
osm:node:4557999389,45,60,90,category_default,,
osm:node:4560198562,20,30,60,category_default,,
osm:node:4564371397,20,30,60,category_default,,
osm:node:4566446897,45,60,90,category_default,,
osm:node:4568021791,20,30,60,category_default,,
osm:node:4568160621,45,60,90,category_default,,
osm:node:4568161390,45,60,90,category_default,,
osm:node:4569768690,45,60,90,category_default,,
osm:node:4570650495,45,60,90,category_default,,
osm:node:4571159189,20,30,60,category_default,,
osm:node:4576672189,45,60,90,category_default,,
osm:node:4578685691,20,30,60,category_default,,
osm:node:4578730792,45,60,90,category_default,,
osm:node:4579382689,45,60,90,category_default,,
osm:node:4580499791,45,60,90,category_default,,
osm:node:4580702592,45,60,90,category_default,,
osm:node:4580736991,20,30,60,category_default,,
osm:node:4582707890,20,30,60,category_default,,
osm:node:4584025297,20,30,60,category_default,,
osm:node:4585008801,45,60,90,category_default,,
osm:node:4585476693,45,60,90,category_default,,
osm:node:4586351390,45,60,90,category_default,,
osm:node:4586483090,45,60,90,category_default,,
osm:node:4588674490,45,60,90,category_default,,
osm:node:4589086092,45,60,90,category_default,,
osm:node:4589196789,45,60,90,category_default,,
osm:node:4592563890,45,60,90,category_default,,
osm:node:4592627190,45,60,90,category_default,,
osm:node:4594455097,20,30,60,category_default,,
osm:node:4596779991,20,30,60,category_default,,
osm:node:4597386289,45,60,90,category_default,,
osm:node:4601307889,20,30,60,category_default,,
osm:node:4601957293,20,30,60,category_default,,
osm:node:4605114489,45,60,90,category_default,,
osm:node:4605756989,45,60,90,category_default,,
osm:node:4610041489,45,60,90,category_default,,
osm:node:4611124990,45,60,90,category_default,,
osm:node:4614061399,45,60,90,category_default,,
osm:node:4621586790,45,60,90,category_default,,
osm:node:4622570694,45,60,90,category_default,,
osm:node:4623090493,20,30,60,category_default,,
osm:node:4631365689,20,30,60,category_default,,
osm:node:4631390665,45,60,90,category_default,,
osm:node:4634652689,45,60,90,category_default,,
osm:node:4639673391,45,60,90,category_default,,
osm:node:4646371594,45,60,90,category_default,,
osm:node:4647225192,20,30,60,category_default,,
osm:node:4648364790,45,60,90,category_default,,
osm:node:4650868860,45,60,90,category_default,,
osm:node:4652751790,20,30,60,category_default,,
osm:node:4654743090,20,30,60,category_default,,
osm:node:4656790491,45,60,90,category_default,,
osm:node:4659379693,45,60,90,category_default,,
osm:node:4659648591,45,60,90,category_default,,
osm:node:4662691589,45,60,90,category_default,,
osm:node:4664490692,45,60,90,category_default,,
osm:node:4664835790,20,30,60,category_default,,
osm:node:4676094289,20,30,60,category_default,,
osm:node:4676484190,20,30,60,category_default,,
osm:node:4678138390,45,60,90,category_default,,
osm:node:4683465390,20,30,60,category_default,,
osm:node:4686210104,20,30,60,category_default,,
osm:node:4691764092,20,30,60,category_default,,
osm:node:4694598590,45,60,90,category_default,,
osm:node:4694633889,45,60,90,category_default,,
osm:node:4694770090,20,30,60,category_default,,
osm:node:4697126892,45,60,90,category_default,,
osm:node:4697346784,20,30,60,category_default,,
osm:node:4697346785,20,30,60,category_default,,
osm:node:4698571438,45,60,90,category_default,,
osm:node:4698639589,45,60,90,category_default,,
osm:node:4703186899,45,60,90,category_default,,
osm:node:4704906892,45,60,90,category_default,,
osm:node:4705995289,45,60,90,category_default,,
osm:node:4706268891,20,30,60,category_default,,
osm:node:4706290190,20,30,60,category_default,,
osm:node:4706534566,45,60,90,category_default,,
osm:node:4707967855,45,60,90,category_default,,
osm:node:4709218790,45,60,90,category_default,,
osm:node:4709218791,20,30,60,category_default,,
osm:node:4709222689,20,30,60,category_default,,
osm:node:4709634891,45,60,90,category_default,,
osm:node:4710075490,45,60,90,category_default,,
osm:node:4710377590,45,60,90,category_default,,
osm:node:4712922689,45,60,90,category_default,,
osm:node:4713531289,45,60,90,category_default,,
osm:node:4714424789,20,30,60,category_default,,
osm:node:4715945591,45,60,90,category_default,,
osm:node:4717672963,20,30,60,category_default,,
osm:node:4724189189,45,60,90,category_default,,
osm:node:4725933789,20,30,60,category_default,,
osm:node:4735444121,45,60,90,category_default,,
osm:node:4735624525,45,60,90,category_default,,
osm:node:4735627523,45,60,90,category_default,,
osm:node:4735784822,20,30,60,category_default,,
osm:node:4737497823,20,30,60,category_default,,
osm:node:4738001522,20,30,60,category_default,,
osm:node:4738179024,20,30,60,category_default,,
osm:node:4739350321,45,60,90,category_default,,
osm:node:4740905221,45,60,90,category_default,,
osm:node:4740929425,45,60,90,category_default,,
osm:node:4740988545,45,60,90,category_default,,
osm:node:4741269970,20,30,60,category_default,,
osm:node:4741290223,20,30,60,category_default,,
osm:node:4741290341,20,30,60,category_default,,
osm:node:4741566930,45,60,90,category_default,,
osm:node:4745160523,45,60,90,category_default,,
osm:node:4747792522,20,30,60,category_default,,
osm:node:4748084125,45,60,90,category_default,,
osm:node:4748803213,45,60,90,category_default,,
osm:node:4749010039,45,60,90,category_default,,
osm:node:4750266796,45,60,90,category_default,,
osm:node:4750519422,20,30,60,category_default,,
osm:node:4750520221,20,30,60,category_default,,
osm:node:4753094285,45,60,90,category_default,,
osm:node:4755650721,45,60,90,category_default,,
osm:node:4755851322,45,60,90,category_default,,
osm:node:4757552923,20,30,60,category_default,,
osm:node:4759037451,45,60,90,category_default,,
osm:node:4759123029,20,30,60,category_default,,
osm:node:4759244736,20,30,60,category_default,,
osm:node:4759687343,45,60,90,category_default,,
osm:node:4759752150,45,60,90,category_default,,
osm:node:4762107023,20,30,60,category_default,,
osm:node:4769356229,45,60,90,category_default,,
osm:node:4770510621,20,30,60,category_default,,
osm:node:4770510721,20,30,60,category_default,,
osm:node:4772143024,45,60,90,category_default,,
osm:node:4772225421,45,60,90,category_default,,
osm:node:4772351821,20,30,60,category_default,,
osm:node:4773733664,20,30,60,category_default,,
osm:node:4774193722,45,60,90,category_default,,
osm:node:4775007929,45,60,90,category_default,,
osm:node:4776322224,20,30,60,category_default,,
osm:node:4776442424,20,30,60,category_default,,
osm:node:4776679721,20,30,60,category_default,,
osm:node:4777146421,45,60,90,category_default,,
osm:node:4778168447,20,30,60,category_default,,
osm:node:4778581323,45,60,90,category_default,,
osm:node:4779272261,45,60,90,category_default,,
osm:node:4780440024,45,60,90,category_default,,
osm:node:4782240721,20,30,60,category_default,,
osm:node:4782419524,20,30,60,category_default,,
osm:node:4784096021,20,30,60,category_default,,
osm:node:4784122321,45,60,90,category_default,,
osm:node:4784540821,20,30,60,category_default,,
osm:node:4789270528,45,60,90,category_default,,
osm:node:4790082725,45,60,90,category_default,,
osm:node:4791005121,20,30,60,category_default,,
osm:node:4794363125,20,30,60,category_default,,
osm:node:4794363622,45,60,90,category_default,,
osm:node:4796680522,45,60,90,category_default,,
osm:node:4799118141,20,30,60,category_default,,
osm:node:4800023939,45,60,90,category_default,,
osm:node:4805279021,45,60,90,category_default,,
osm:node:4806864570,20,30,60,category_default,,
osm:node:4806919622,45,60,90,category_default,,
osm:node:4806919623,45,60,90,category_default,,
osm:node:4806921821,45,60,90,category_default,,
osm:node:4810067542,45,60,90,category_default,,
osm:node:4810074525,45,60,90,category_default,,
osm:node:4810074527,45,60,90,category_default,,
osm:node:4810696421,45,60,90,category_default,,
osm:node:4810807524,20,30,60,category_default,,
osm:node:4810840721,45,60,90,category_default,,
osm:node:4813809430,20,30,60,category_default,,
osm:node:4814994722,45,60,90,category_default,,
osm:node:4817238922,20,30,60,category_default,,
osm:node:481837528,20,30,60,category_default,,
osm:node:481837568,45,60,90,category_default,,
osm:node:4821984428,45,60,90,category_default,,
osm:node:4831974121,20,30,60,category_default,,
osm:node:4837243922,20,30,60,category_default,,
osm:node:4839614226,45,60,90,category_default,,
osm:node:4844888422,20,30,60,category_default,,
osm:node:4846011326,20,30,60,category_default,,
osm:node:4846011424,20,30,60,category_default,,
osm:node:4846983321,20,30,60,category_default,,
osm:node:4851083723,45,60,90,category_default,,
osm:node:4853418821,45,60,90,category_default,,
osm:node:4854309123,20,30,60,category_default,,
osm:node:4854342521,20,30,60,category_default,,
osm:node:4859558525,45,60,90,category_default,,
osm:node:4860107522,45,60,90,category_default,,
osm:node:4867426122,45,60,90,category_default,,
osm:node:4867743422,45,60,90,category_default,,
osm:node:4867743921,45,60,90,category_default,,
osm:node:4869072521,45,60,90,category_default,,
osm:node:4869278321,20,30,60,category_default,,
osm:node:4873409223,20,30,60,category_default,,
osm:node:4875985021,45,60,90,category_default,,
osm:node:4878114221,20,30,60,category_default,,
osm:node:4883744921,45,60,90,category_default,,
osm:node:4885271521,45,60,90,category_default,,
osm:node:4887068321,45,60,90,category_default,,
osm:node:4887075112,60,120,240,category_default,,
osm:node:4887456421,45,60,90,category_default,,
osm:node:4888948921,45,60,90,category_default,,
osm:node:4889357333,20,30,60,category_default,,
osm:node:4893587521,45,60,90,category_default,,
osm:node:4897173121,45,60,90,category_default,,
osm:node:4898407622,20,30,60,category_default,,
osm:node:4900701521,45,60,90,category_default,,
osm:node:4905288121,45,60,90,category_default,,
osm:node:4905288125,20,30,60,category_default,,
osm:node:4905672622,45,60,90,category_default,,
osm:node:4908254926,45,60,90,category_default,,
osm:node:4908284522,45,60,90,category_default,,
osm:node:4908284523,45,60,90,category_default,,
osm:node:4908284621,45,60,90,category_default,,
osm:node:4908284721,45,60,90,category_default,,
osm:node:4911301321,20,30,60,category_default,,
osm:node:4914175221,20,30,60,category_default,,
osm:node:4918155625,45,60,90,category_default,,
osm:node:4920642221,45,60,90,category_default,,
osm:node:4931152321,45,60,90,category_default,,
osm:node:4936488121,45,60,90,category_default,,
osm:node:4937240921,45,60,90,category_default,,
osm:node:4937240922,20,30,60,category_default,,
osm:node:4944084523,45,60,90,category_default,,
osm:node:4944084524,45,60,90,category_default,,
osm:node:4945171421,45,60,90,category_default,,
osm:node:4945450411,45,60,90,category_default,,
osm:node:4945472073,45,60,90,category_default,,
osm:node:4946500322,20,30,60,category_default,,
osm:node:4946500323,20,30,60,category_default,,
osm:node:4948013624,45,60,90,category_default,,
osm:node:4961221921,20,30,60,category_default,,
osm:node:4962244121,20,30,60,category_default,,
osm:node:4968634722,20,30,60,category_default,,
osm:node:4973295321,45,60,90,category_default,,
osm:node:4973895421,20,30,60,category_default,,
osm:node:4974302123,45,60,90,category_default,,
osm:node:4974704122,20,30,60,category_default,,
osm:node:4976315121,45,60,90,category_default,,
osm:node:4981745321,45,60,90,category_default,,
osm:node:4985355119,45,60,90,category_default,,
osm:node:4995292621,45,60,90,category_default,,
osm:node:5004266348,20,30,60,category_default,,
osm:node:5009603223,45,60,90,category_default,,
osm:node:5011380221,20,30,60,category_default,,
osm:node:5023232349,45,60,90,category_default,,
osm:node:5023232351,20,30,60,category_default,,
osm:node:5023232352,20,30,60,category_default,,
osm:node:5023232353,20,30,60,category_default,,
osm:node:5023232354,20,30,60,category_default,,
osm:node:5023232357,20,30,60,category_default,,
osm:node:5023232358,20,30,60,category_default,,
osm:node:5023232359,20,30,60,category_default,,
osm:node:5026609321,20,30,60,category_default,,
osm:node:5027573621,20,30,60,category_default,,
osm:node:5030033123,45,60,90,category_default,,
osm:node:5030121722,20,30,60,category_default,,
osm:node:5031536021,45,60,90,category_default,,
osm:node:5031854026,45,60,90,category_default,,
osm:node:5033961122,20,30,60,category_default,,
osm:node:5034214722,45,60,90,category_default,,
osm:node:5035878823,20,30,60,category_default,,
osm:node:5035941024,20,30,60,category_default,,
osm:node:5036642922,45,60,90,category_default,,
osm:node:5038087223,20,30,60,category_default,,
osm:node:5038348824,20,30,60,category_default,,
osm:node:5042413525,20,30,60,category_default,,
osm:node:5043921422,20,30,60,category_default,,
osm:node:5044649521,45,60,90,category_default,,
osm:node:5047614532,45,60,90,category_default,,
osm:node:5050452761,45,60,90,category_default,,
osm:node:5061520126,45,60,90,category_default,,
osm:node:5070534521,20,30,60,category_default,,
osm:node:5072875424,20,30,60,category_default,,
osm:node:5076808721,45,60,90,category_default,,
osm:node:5076808821,45,60,90,category_default,,
osm:node:5076909022,45,60,90,category_default,,
osm:node:5079445026,45,60,90,category_default,,
osm:node:5079448132,45,60,90,category_default,,
osm:node:5083724023,45,60,90,category_default,,
osm:node:5088087021,45,60,90,category_default,,
osm:node:5088092923,45,60,90,category_default,,
osm:node:5104738222,20,30,60,category_default,,
osm:node:5107463623,20,30,60,category_default,,
osm:node:5107802322,45,60,90,category_default,,
osm:node:5107806021,20,30,60,category_default,,
osm:node:5110691331,45,60,90,category_default,,
osm:node:5112142021,45,60,90,category_default,,
osm:node:5116302323,45,60,90,category_default,,
osm:node:5116302421,45,60,90,category_default,,
osm:node:5116302621,45,60,90,category_default,,
osm:node:5123239421,45,60,90,category_default,,
osm:node:5126355923,45,60,90,category_default,,
osm:node:5133284823,20,30,60,category_default,,
osm:node:5136805421,45,60,90,category_default,,
osm:node:5140817327,20,30,60,category_default,,
osm:node:5141997421,20,30,60,category_default,,
osm:node:5144954321,45,60,90,category_default,,
osm:node:5151048421,45,60,90,category_default,,
osm:node:5154435522,20,30,60,category_default,,
osm:node:5154881121,20,30,60,category_default,,
osm:node:5176350821,20,30,60,category_default,,
osm:node:5183252822,20,30,60,category_default,,
osm:node:5185178721,45,60,90,category_default,,
osm:node:5188122821,20,30,60,category_default,,
osm:node:5190836084,45,60,90,category_default,,
osm:node:5190836085,45,60,90,category_default,,
osm:node:5201147328,45,60,90,category_default,,
osm:node:5216150024,45,60,90,category_default,,
osm:node:5217494823,45,60,90,category_default,,
osm:node:5218038121,45,60,90,category_default,,
osm:node:5227122539,45,60,90,category_default,,
osm:node:5231386951,45,60,90,category_default,,
osm:node:5233487022,20,30,60,category_default,,
osm:node:5236633921,20,30,60,category_default,,
osm:node:5237474652,20,30,60,category_default,,
osm:node:5237565059,45,60,90,category_default,,
osm:node:5237566149,45,60,90,category_default,,
osm:node:5237566151,45,60,90,category_default,,
osm:node:5239158923,20,30,60,category_default,,
osm:node:5242789221,45,60,90,category_default,,
osm:node:5243867636,20,30,60,category_default,,
osm:node:5250607284,45,60,90,category_default,,
osm:node:5259710923,20,30,60,category_default,,
osm:node:5265545321,20,30,60,category_default,,
osm:node:5270082921,45,60,90,category_default,,
osm:node:5271605921,45,60,90,category_default,,
osm:node:5273107721,45,60,90,category_default,,
osm:node:5273753991,45,60,90,category_default,,
osm:node:5273830623,45,60,90,category_default,,
osm:node:5274464021,45,60,90,category_default,,
osm:node:5274931721,45,60,90,category_default,,
osm:node:5277149621,45,60,90,category_default,,
osm:node:5285524951,20,30,60,category_default,,
osm:node:5288964825,45,60,90,category_default,,
osm:node:5289860021,20,30,60,category_default,,
osm:node:5290990021,45,60,90,category_default,,
osm:node:5291584123,20,30,60,category_default,,
osm:node:5291676421,45,60,90,category_default,,
osm:node:5292796321,45,60,90,category_default,,
osm:node:5292796421,20,30,60,category_default,,
osm:node:5293335937,45,60,90,category_default,,
osm:node:5295623723,45,60,90,category_default,,
osm:node:5299012021,45,60,90,category_default,,
osm:node:5300299624,45,60,90,category_default,,
osm:node:5301723422,20,30,60,category_default,,
osm:node:5301723622,20,30,60,category_default,,
osm:node:5309704611,45,60,90,category_default,,
osm:node:5313158823,45,60,90,category_default,,
osm:node:5315672621,45,60,90,category_default,,
osm:node:5316033922,45,60,90,category_default,,
osm:node:5317630414,45,60,90,category_default,,
osm:node:5319275725,20,30,60,category_default,,
osm:node:5319295035,45,60,90,category_default,,
osm:node:5321972321,45,60,90,category_default,,
osm:node:5323152623,45,60,90,category_default,,
osm:node:5324912922,45,60,90,category_default,,
osm:node:5327302782,20,30,60,category_default,,
osm:node:5332620122,45,60,90,category_default,,
osm:node:5334178022,45,60,90,category_default,,
osm:node:5336155723,20,30,60,category_default,,
osm:node:5336675921,45,60,90,category_default,,
osm:node:5339917521,45,60,90,category_default,,
osm:node:5340681121,45,60,90,category_default,,
osm:node:5340817221,45,60,90,category_default,,
osm:node:5342538321,45,60,90,category_default,,
osm:node:5342660823,45,60,90,category_default,,
osm:node:5344268497,45,60,90,category_default,,
osm:node:5346397200,45,60,90,category_default,,
osm:node:5350734821,45,60,90,category_default,,
osm:node:5354677369,45,60,90,category_default,,
osm:node:5355786321,20,30,60,category_default,,
osm:node:5358473822,45,60,90,category_default,,
osm:node:5360440323,45,60,90,category_default,,
osm:node:5360601721,20,30,60,category_default,,
osm:node:5363739921,45,60,90,category_default,,
osm:node:5363740021,45,60,90,category_default,,
osm:node:5365206721,45,60,90,category_default,,
osm:node:5374163922,45,60,90,category_default,,
osm:node:5374286257,20,30,60,category_default,,
osm:node:5374427522,20,30,60,category_default,,
osm:node:5375190021,45,60,90,category_default,,
osm:node:5379859323,20,30,60,category_default,,
osm:node:5380097221,20,30,60,category_default,,
osm:node:5382673622,20,30,60,category_default,,
osm:node:5382673724,20,30,60,category_default,,
osm:node:5382678421,20,30,60,category_default,,
osm:node:5382808621,20,30,60,category_default,,
osm:node:5384961328,45,60,90,category_default,,
osm:node:5384962122,45,60,90,category_default,,
osm:node:5384962124,45,60,90,category_default,,
osm:node:5384986721,45,60,90,category_default,,
osm:node:5384986723,45,60,90,category_default,,
osm:node:5385096023,45,60,90,category_default,,
osm:node:5385096024,45,60,90,category_default,,
osm:node:5385333722,45,60,90,category_default,,
osm:node:5388438022,20,30,60,category_default,,
osm:node:5388603121,45,60,90,category_default,,
osm:node:5395627822,45,60,90,category_default,,
osm:node:5397611521,45,60,90,category_default,,
osm:node:5397868005,20,30,60,category_default,,
osm:node:5397903222,45,60,90,category_default,,
osm:node:5400129922,45,60,90,category_default,,
osm:node:5400164124,20,30,60,category_default,,
osm:node:5400169222,45,60,90,category_default,,
osm:node:5400169223,45,60,90,category_default,,
osm:node:5401363321,45,60,90,category_default,,
osm:node:5401407621,45,60,90,category_default,,
osm:node:5402607721,20,30,60,category_default,,
osm:node:5402627723,20,30,60,category_default,,
osm:node:5403043721,45,60,90,category_default,,
osm:node:5411550522,45,60,90,category_default,,
osm:node:5414154624,45,60,90,category_default,,
osm:node:5414316021,45,60,90,category_default,,
osm:node:5418568322,20,30,60,category_default,,
osm:node:5421670777,20,30,60,category_default,,
osm:node:5421932025,20,30,60,category_default,,
osm:node:5422454521,45,60,90,category_default,,
osm:node:5424118323,20,30,60,category_default,,
osm:node:5425858521,45,60,90,category_default,,
osm:node:5427872028,45,60,90,category_default,,
osm:node:5429167110,45,60,90,category_default,,
osm:node:5429181331,45,60,90,category_default,,
osm:node:5429221882,45,60,90,category_default,,
osm:node:5432960921,20,30,60,category_default,,
osm:node:5437839417,45,60,90,category_default,,
osm:node:5439329981,20,30,60,category_default,,
osm:node:5442110822,45,60,90,category_default,,
osm:node:5443041521,45,60,90,category_default,,
osm:node:5444164055,45,60,90,category_default,,
osm:node:5444645841,45,60,90,category_default,,
osm:node:5444674050,20,30,60,category_default,,
osm:node:5444674051,20,30,60,category_default,,
osm:node:5444684504,20,30,60,category_default,,
osm:node:5444685779,20,30,60,category_default,,
osm:node:5444689515,45,60,90,category_default,,
osm:node:5444693768,45,60,90,category_default,,
osm:node:5444797566,45,60,90,category_default,,
osm:node:5444874593,45,60,90,category_default,,
osm:node:5444875113,20,30,60,category_default,,
osm:node:5446969109,20,30,60,category_default,,
osm:node:5447215326,45,60,90,category_default,,
osm:node:5447259721,45,60,90,category_default,,
osm:node:5447317937,45,60,90,category_default,,
osm:node:5454198622,20,30,60,category_default,,
osm:node:5454345419,45,60,90,category_default,,
osm:node:5455776023,45,60,90,category_default,,
osm:node:5456680521,45,60,90,category_default,,
osm:node:5459555822,45,60,90,category_default,,
osm:node:5460934221,20,30,60,category_default,,
osm:node:5461718921,45,60,90,category_default,,
osm:node:5464917424,45,60,90,category_default,,
osm:node:5474212423,20,30,60,category_default,,
osm:node:5474590921,45,60,90,category_default,,
osm:node:5474624643,45,60,90,category_default,,
osm:node:5474690735,45,60,90,category_default,,
osm:node:5474774306,45,60,90,category_default,,
osm:node:5474790332,45,60,90,category_default,,
osm:node:5474800534,45,60,90,category_default,,
osm:node:5475930399,45,60,90,category_default,,
osm:node:5483840025,45,60,90,category_default,,
osm:node:5484083323,20,30,60,category_default,,
osm:node:5484764821,45,60,90,category_default,,
osm:node:5484776621,45,60,90,category_default,,
osm:node:5484788221,45,60,90,category_default,,
osm:node:5484963321,45,60,90,category_default,,
osm:node:5485445021,45,60,90,category_default,,
osm:node:5485483822,45,60,90,category_default,,
osm:node:5485644612,45,60,90,category_default,,
osm:node:5485644613,45,60,90,category_default,,
osm:node:5485647547,45,60,90,category_default,,
osm:node:5485648577,20,30,60,category_default,,
osm:node:5485649434,20,30,60,category_default,,
osm:node:5485651759,30,60,90,category_default,,
osm:node:5485651792,20,30,60,category_default,,
osm:node:5485653510,20,30,60,category_default,,
osm:node:5485653890,45,60,90,category_default,,
osm:node:5485653892,45,60,90,category_default,,
osm:node:5485657266,30,60,90,category_default,,
osm:node:5485657726,20,30,60,category_default,,
osm:node:5485657752,45,60,90,category_default,,
osm:node:5485659318,20,30,60,category_default,,
osm:node:5485660041,45,60,90,category_default,,
osm:node:5485660083,30,60,90,category_default,,
osm:node:5485663097,20,30,60,category_default,,
osm:node:5485663514,45,60,90,category_default,,
osm:node:5485664399,20,30,60,category_default,,
osm:node:5485664752,45,60,90,category_default,,
osm:node:5485665267,30,60,90,category_default,,
osm:node:5485665297,45,60,90,category_default,,
osm:node:5485670666,45,60,90,category_default,,
osm:node:5485670670,45,60,90,category_default,,
osm:node:5485670930,45,60,90,category_default,,
osm:node:5485674588,20,30,60,category_default,,
osm:node:5485675724,45,60,90,category_default,,
osm:node:5485690545,20,30,60,category_default,,
osm:node:5485700946,20,30,60,category_default,,
osm:node:5485709524,20,30,60,category_default,,
osm:node:5485710758,45,60,90,category_default,,
osm:node:5485713617,45,60,90,category_default,,
osm:node:5485716152,20,30,60,category_default,,
osm:node:5485717488,20,30,60,category_default,,
osm:node:5485722446,20,30,60,category_default,,
osm:node:5485722931,20,30,60,category_default,,
osm:node:5485723255,20,30,60,category_default,,
osm:node:5485723847,45,60,90,category_default,,
osm:node:5485724273,45,60,90,category_default,,
osm:node:5485732122,20,30,60,category_default,,
osm:node:5485733700,20,30,60,category_default,,
osm:node:5485735851,20,30,60,category_default,,
osm:node:5485739806,45,60,90,category_default,,
osm:node:5485739807,45,60,90,category_default,,
osm:node:5485740783,45,60,90,category_default,,
osm:node:5485756823,45,60,90,category_default,,
osm:node:5485756832,20,30,60,category_default,,
osm:node:5485760263,45,60,90,category_default,,
osm:node:5485760264,45,60,90,category_default,,
osm:node:5485766230,45,60,90,category_default,,
osm:node:5485766418,45,60,90,category_default,,
osm:node:5485768199,45,60,90,category_default,,
osm:node:5485771446,45,60,90,category_default,,
osm:node:5485772100,45,60,90,category_default,,
osm:node:5485777635,45,60,90,category_default,,
osm:node:5485777714,45,60,90,category_default,,
osm:node:5485779171,45,60,90,category_default,,
osm:node:5485779295,20,30,60,category_default,,
osm:node:5485779587,45,60,90,category_default,,
osm:node:5485779590,45,60,90,category_default,,
osm:node:5485779646,45,60,90,category_default,,
osm:node:5485779798,45,60,90,category_default,,
osm:node:5485781399,45,60,90,category_default,,
osm:node:5485788108,45,60,90,category_default,,
osm:node:5485791236,20,30,60,category_default,,
osm:node:5485791237,20,30,60,category_default,,
osm:node:5485791896,45,60,90,category_default,,
osm:node:5485794302,45,60,90,category_default,,
osm:node:5485795483,45,60,90,category_default,,
osm:node:5485795813,45,60,90,category_default,,
osm:node:5485795886,45,60,90,category_default,,
osm:node:5485796749,45,60,90,category_default,,
osm:node:5485802345,45,60,90,category_default,,
osm:node:5485803769,45,60,90,category_default,,
osm:node:5485807457,45,60,90,category_default,,
osm:node:5485808073,45,60,90,category_default,,
osm:node:5485810344,20,30,60,category_default,,
osm:node:5485810348,45,60,90,category_default,,
osm:node:5485810349,45,60,90,category_default,,
osm:node:5485810350,45,60,90,category_default,,
osm:node:5485825576,20,30,60,category_default,,
osm:node:5485825582,45,60,90,category_default,,
osm:node:5485832236,20,30,60,category_default,,
osm:node:5485841639,45,60,90,category_default,,
osm:node:5485842830,45,60,90,category_default,,
osm:node:5485844195,20,30,60,category_default,,
osm:node:5485848998,45,60,90,category_default,,
osm:node:5485850655,20,30,60,category_default,,
osm:node:5485850796,45,60,90,category_default,,
osm:node:5485852162,20,30,60,category_default,,
osm:node:5485858161,45,60,90,category_default,,
osm:node:5485862923,45,60,90,category_default,,
osm:node:5485868225,45,60,90,category_default,,
osm:node:5485869058,20,30,60,category_default,,
osm:node:5485869374,20,30,60,category_default,,
osm:node:5485871410,45,60,90,category_default,,
osm:node:5485871780,20,30,60,category_default,,
osm:node:5485874465,45,60,90,category_default,,
osm:node:5485875291,20,30,60,category_default,,
osm:node:5485877092,20,30,60,category_default,,
osm:node:5485879965,45,60,90,category_default,,
osm:node:5486075337,45,60,90,category_default,,
osm:node:5486606622,45,60,90,category_default,,
osm:node:5487860421,45,60,90,category_default,,
osm:node:5489944413,20,30,60,category_default,,
osm:node:5490223222,45,60,90,category_default,,
osm:node:5490298321,45,60,90,category_default,,
osm:node:5491050400,45,60,90,category_default,,
osm:node:5491060637,45,60,90,category_default,,
osm:node:5491288621,45,60,90,category_default,,
osm:node:5492615625,45,60,90,category_default,,
osm:node:5498983329,45,60,90,category_default,,
osm:node:5504330621,45,60,90,category_default,,
osm:node:5510010523,45,60,90,category_default,,
osm:node:5512829423,45,60,90,category_default,,
osm:node:5518348822,45,60,90,category_default,,
osm:node:5535172928,45,60,90,category_default,,
osm:node:5539359023,45,60,90,category_default,,
osm:node:5539964821,45,60,90,category_default,,
osm:node:5541768485,20,30,60,category_default,,
osm:node:5542149321,20,30,60,category_default,,
osm:node:5555933421,20,30,60,category_default,,
osm:node:5558491521,45,60,90,category_default,,
osm:node:5564179948,45,60,90,category_default,,
osm:node:5570585621,20,30,60,category_default,,
osm:node:5570949320,45,60,90,category_default,,
osm:node:5576733921,20,30,60,category_default,,
osm:node:5579667221,45,60,90,category_default,,
osm:node:5582157521,45,60,90,category_default,,
osm:node:5583714422,20,30,60,category_default,,
osm:node:5592076021,20,30,60,category_default,,
osm:node:5595997721,45,60,90,category_default,,
osm:node:5600384026,20,30,60,category_default,,
osm:node:5600384027,20,30,60,category_default,,
osm:node:5600384028,20,30,60,category_default,,
osm:node:5600384029,20,30,60,category_default,,
osm:node:5602029922,45,60,90,category_default,,
osm:node:5604576821,45,60,90,category_default,,
osm:node:5609443523,45,60,90,category_default,,
osm:node:5611617221,20,30,60,category_default,,
osm:node:5613322622,45,60,90,category_default,,
osm:node:5613512523,45,60,90,category_default,,
osm:node:5614494624,45,60,90,category_default,,
osm:node:5616462621,45,60,90,category_default,,
osm:node:5617113056,20,30,60,category_default,,
osm:node:5621040322,20,30,60,category_default,,
osm:node:5621040324,45,60,90,category_default,,
osm:node:5623291946,45,60,90,category_default,,
osm:node:5628078922,20,30,60,category_default,,
osm:node:5633972331,20,30,60,category_default,,
osm:node:5640067721,45,60,90,category_default,,
osm:node:5648757522,20,30,60,category_default,,
osm:node:5652771521,20,30,60,category_default,,
osm:node:5658315323,45,60,90,category_default,,
osm:node:5659806722,45,60,90,category_default,,
osm:node:5660941448,20,30,60,category_default,,
osm:node:5662831628,20,30,60,category_default,,
osm:node:5662869723,45,60,90,category_default,,
osm:node:5662890235,45,60,90,category_default,,
osm:node:5662897536,20,30,60,category_default,,
osm:node:5662912593,20,30,60,category_default,,
osm:node:5662972421,45,60,90,category_default,,
osm:node:5665302953,20,30,60,category_default,,
osm:node:5665302954,20,30,60,category_default,,
osm:node:5665320721,45,60,90,category_default,,
osm:node:5665324625,20,30,60,category_default,,
osm:node:5668274822,20,30,60,category_default,,
osm:node:5668285923,20,30,60,category_default,,
osm:node:5668291323,45,60,90,category_default,,
osm:node:5668292522,45,60,90,category_default,,
osm:node:5672798426,20,30,60,category_default,,
osm:node:5672798427,45,60,90,category_default,,
osm:node:5672801721,45,60,90,category_default,,
osm:node:5674096905,45,60,90,category_default,,
osm:node:5674096907,45,60,90,category_default,,
osm:node:5674096909,20,30,60,category_default,,
osm:node:5677701323,20,30,60,category_default,,
osm:node:5678663421,45,60,90,category_default,,
osm:node:5678846121,45,60,90,category_default,,
osm:node:5679069421,45,60,90,category_default,,
osm:node:5679236108,45,60,90,category_default,,
osm:node:5680772376,45,60,90,category_default,,
osm:node:5684863921,45,60,90,category_default,,
osm:node:5696687927,45,60,90,category_default,,
osm:node:5698458607,45,60,90,category_default,,
osm:node:5698458608,45,60,90,category_default,,
osm:node:5699718559,45,60,90,category_default,,
osm:node:5699726168,45,60,90,category_default,,
osm:node:5719446321,20,30,60,category_default,,
osm:node:5719880925,45,60,90,category_default,,
osm:node:5726345965,20,30,60,category_default,,
osm:node:5729394302,20,30,60,category_default,,
osm:node:5751409631,45,60,90,category_default,,
osm:node:5753700123,45,60,90,category_default,,
osm:node:5757794021,20,30,60,category_default,,
osm:node:5758797421,45,60,90,category_default,,
osm:node:5760494421,45,60,90,category_default,,
osm:node:5761335023,20,30,60,category_default,,
osm:node:5781047753,45,60,90,category_default,,
osm:node:5791597253,45,60,90,category_default,,
osm:node:5791814653,45,60,90,category_default,,
osm:node:5791962853,45,60,90,category_default,,
osm:node:5793917955,45,60,90,category_default,,
osm:node:5795904835,45,60,90,category_default,,
osm:node:5796473953,45,60,90,category_default,,
osm:node:5798643153,45,60,90,category_default,,
osm:node:5804107053,45,60,90,category_default,,
osm:node:5804674553,45,60,90,category_default,,
osm:node:5809954055,20,30,60,category_default,,
osm:node:5810353653,45,60,90,category_default,,
osm:node:5811814156,45,60,90,category_default,,
osm:node:5822647453,45,60,90,category_default,,
osm:node:5826775185,45,60,90,category_default,,
osm:node:5838270900,20,30,60,category_default,,
osm:node:5842314385,45,60,90,category_default,,
osm:node:5850967685,45,60,90,category_default,,
osm:node:5855279285,45,60,90,category_default,,
osm:node:5859449689,20,30,60,category_default,,
osm:node:5864570785,45,60,90,category_default,,
osm:node:5865968590,20,30,60,category_default,,
osm:node:5870096885,45,60,90,category_default,,
osm:node:5878061588,20,30,60,category_default,,
osm:node:5880291585,45,60,90,category_default,,
osm:node:5892138785,45,60,90,category_default,,
osm:node:5898266285,45,60,90,category_default,,
osm:node:5899363276,60,120,240,category_default,,
osm:node:5899363279,60,120,240,category_default,,
osm:node:5901161285,45,60,90,category_default,,
osm:node:5911447385,45,60,90,category_default,,
osm:node:5913097285,20,30,60,category_default,,
osm:node:5913221638,20,30,60,category_default,,
osm:node:5915365601,20,30,60,category_default,,
osm:node:5920056999,20,30,60,category_default,,
osm:node:5920067081,20,30,60,category_default,,
osm:node:5920089202,20,30,60,category_default,,
osm:node:5920327386,45,60,90,category_default,,
osm:node:5920353327,45,60,90,category_default,,
osm:node:5921911585,20,30,60,category_default,,
osm:node:5922537305,20,30,60,category_default,,
osm:node:5923288385,45,60,90,category_default,,
osm:node:5942228486,45,60,90,category_default,,
osm:node:5942230789,45,60,90,category_default,,
osm:node:5942412285,45,60,90,category_default,,
osm:node:5942463385,45,60,90,category_default,,
osm:node:5947469388,45,60,90,category_default,,
osm:node:5947469389,45,60,90,category_default,,
osm:node:5947469391,45,60,90,category_default,,
osm:node:5947469393,45,60,90,category_default,,
osm:node:5947469394,45,60,90,category_default,,
osm:node:5947493985,45,60,90,category_default,,
osm:node:5947905986,45,60,90,category_default,,
osm:node:5948536485,45,60,90,category_default,,
osm:node:5948634786,45,60,90,category_default,,
osm:node:5964310288,45,60,90,category_default,,
osm:node:5965444342,45,60,90,category_default,,
osm:node:5966485585,45,60,90,category_default,,
osm:node:5977538086,45,60,90,category_default,,
osm:node:5977814886,20,30,60,category_default,,
osm:node:5977978686,45,60,90,category_default,,
osm:node:5978084714,45,60,90,category_default,,
osm:node:5983039285,45,60,90,category_default,,
osm:node:5983124785,45,60,90,category_default,,
osm:node:5985205286,45,60,90,category_default,,
osm:node:5987797085,20,30,60,category_default,,
osm:node:5989958289,20,30,60,category_default,,
osm:node:5993039994,45,60,90,category_default,,
osm:node:5998097585,45,60,90,category_default,,
osm:node:6001904585,45,60,90,category_default,,
osm:node:6004448485,20,30,60,category_default,,
osm:node:6009487787,20,30,60,category_default,,
osm:node:6009497185,20,30,60,category_default,,
osm:node:6012884346,45,60,90,category_default,,
osm:node:6024401286,20,30,60,category_default,,
osm:node:6027206187,20,30,60,category_default,,
osm:node:6034005613,45,60,90,category_default,,
osm:node:6035928576,45,60,90,category_default,,
osm:node:6036359888,45,60,90,category_default,,
osm:node:6036440285,45,60,90,category_default,,
osm:node:6046203687,45,60,90,category_default,,
osm:node:6046688530,20,30,60,category_default,,
osm:node:6049078889,20,30,60,category_default,,
osm:node:6049079085,45,60,90,category_default,,
osm:node:6049182299,45,60,90,category_default,,
osm:node:6052877571,60,120,240,category_default,,
osm:node:6053037215,45,60,90,category_default,,
osm:node:6068375687,45,60,90,category_default,,
osm:node:6079848286,45,60,90,category_default,,
osm:node:6087404571,45,60,90,category_default,,
osm:node:6087404572,20,30,60,category_default,,
osm:node:6089314164,45,60,90,category_default,,
osm:node:6094494886,45,60,90,category_default,,
osm:node:6108930789,20,30,60,category_default,,
osm:node:6108930790,45,60,90,category_default,,
osm:node:6108958605,20,30,60,category_default,,
osm:node:6108958606,20,30,60,category_default,,
osm:node:6108965845,20,30,60,category_default,,
osm:node:6109158033,45,60,90,category_default,,
osm:node:6109163975,20,30,60,category_default,,
osm:node:6109275899,45,60,90,category_default,,
osm:node:6109480851,45,60,90,category_default,,
osm:node:6109480872,45,60,90,category_default,,
osm:node:6112241785,20,30,60,category_default,,
osm:node:6114429391,45,60,90,category_default,,
osm:node:6120622785,45,60,90,category_default,,
osm:node:6127555185,45,60,90,category_default,,
osm:node:6133794785,45,60,90,category_default,,
osm:node:6133949185,20,30,60,category_default,,
osm:node:6136355785,45,60,90,category_default,,
osm:node:6139814449,20,30,60,category_default,,
osm:node:6142520285,45,60,90,category_default,,
osm:node:6146935685,45,60,90,category_default,,
osm:node:6146988786,20,30,60,category_default,,
osm:node:6147088185,45,60,90,category_default,,
osm:node:6149039485,20,30,60,category_default,,
osm:node:6149560185,20,30,60,category_default,,
osm:node:6151185387,45,60,90,category_default,,
osm:node:6151186386,45,60,90,category_default,,
osm:node:6151202685,45,60,90,category_default,,
osm:node:6151202686,45,60,90,category_default,,
osm:node:6152585585,45,60,90,category_default,,
osm:node:6152595285,45,60,90,category_default,,
osm:node:6152597685,45,60,90,category_default,,
osm:node:6152603585,45,60,90,category_default,,
osm:node:6152615685,45,60,90,category_default,,
osm:node:6152620185,45,60,90,category_default,,
osm:node:6152679485,45,60,90,category_default,,
osm:node:6152681085,45,60,90,category_default,,
osm:node:6152685685,45,60,90,category_default,,
osm:node:6152690985,20,30,60,category_default,,
osm:node:6152809585,45,60,90,category_default,,
osm:node:6152907486,45,60,90,category_default,,
osm:node:6155720189,45,60,90,category_default,,
osm:node:6158174786,45,60,90,category_default,,
osm:node:6161201219,20,30,60,category_default,,
osm:node:6161201220,45,60,90,category_default,,
osm:node:6162359986,45,60,90,category_default,,
osm:node:6162869585,20,30,60,category_default,,
osm:node:6169695785,45,60,90,category_default,,
osm:node:6172518285,45,60,90,category_default,,
osm:node:6174044986,45,60,90,category_default,,
osm:node:6176851685,45,60,90,category_default,,
osm:node:6176888285,45,60,90,category_default,,
osm:node:6178444203,45,60,90,category_default,,
osm:node:6187320293,45,60,90,category_default,,
osm:node:6187334685,45,60,90,category_default,,
osm:node:6187668489,45,60,90,category_default,,
osm:node:6187831686,45,60,90,category_default,,
osm:node:6188987458,20,30,60,category_default,,
osm:node:6191887885,45,60,90,category_default,,
osm:node:6192163686,45,60,90,category_default,,
osm:node:6195187685,20,30,60,category_default,,
osm:node:6207082656,45,60,90,category_default,,
osm:node:6209227285,45,60,90,category_default,,
osm:node:6209501185,45,60,90,category_default,,
osm:node:6212367385,45,60,90,category_default,,
osm:node:6219918385,20,30,60,category_default,,
osm:node:6224015609,45,60,90,category_default,,
osm:node:6224180286,20,30,60,category_default,,
osm:node:6228818585,45,60,90,category_default,,
osm:node:6235477385,20,30,60,category_default,,
osm:node:6237489387,45,60,90,category_default,,
osm:node:6244230085,20,30,60,category_default,,
osm:node:6244257285,20,30,60,category_default,,
osm:node:6251697585,45,60,90,category_default,,
osm:node:6255746085,45,60,90,category_default,,
osm:node:6257200887,45,60,90,category_default,,
osm:node:6259384087,45,60,90,category_default,,
osm:node:6269089078,45,60,90,category_default,,
osm:node:6276364585,45,60,90,category_default,,
osm:node:6280152385,45,60,90,category_default,,
osm:node:6288275185,45,60,90,category_default,,
osm:node:6290450885,45,60,90,category_default,,
osm:node:6297025485,45,60,90,category_default,,
osm:node:6298416099,20,30,60,category_default,,
osm:node:6304938185,20,30,60,category_default,,
osm:node:6307228385,45,60,90,category_default,,
osm:node:6310334885,20,30,60,category_default,,
osm:node:6310610390,45,60,90,category_default,,
osm:node:6313622387,45,60,90,category_default,,
osm:node:6317648886,45,60,90,category_default,,
osm:node:6324767985,45,60,90,category_default,,
osm:node:6324812247,45,60,90,category_default,,
osm:node:6325568188,45,60,90,category_default,,
osm:node:6326715286,45,60,90,category_default,,
osm:node:6326716386,45,60,90,category_default,,
osm:node:6328318486,20,30,60,category_default,,
osm:node:6334894587,20,30,60,category_default,,
osm:node:6335523385,45,60,90,category_default,,
osm:node:6337147973,20,30,60,category_default,,
osm:node:6337147976,45,60,90,category_default,,
osm:node:6341340536,20,30,60,category_default,,
osm:node:6342469227,45,60,90,category_default,,
osm:node:6346505980,45,60,90,category_default,,
osm:node:6348009201,20,30,60,category_default,,
osm:node:6348014013,45,60,90,category_default,,
osm:node:6348025536,20,30,60,category_default,,
osm:node:6348025566,20,30,60,category_default,,
osm:node:6348033625,45,60,90,category_default,,
osm:node:6348643089,45,60,90,category_default,,
osm:node:6348643186,45,60,90,category_default,,
osm:node:6350067907,45,60,90,category_default,,
osm:node:6354097485,45,60,90,category_default,,
osm:node:6356358445,45,60,90,category_default,,
osm:node:6357894213,45,60,90,category_default,,
osm:node:6357894214,45,60,90,category_default,,
osm:node:6361078788,45,60,90,category_default,,
osm:node:6361078887,20,30,60,category_default,,
osm:node:6362798786,45,60,90,category_default,,
osm:node:6363596370,45,60,90,category_default,,
osm:node:6363671560,45,60,90,category_default,,
osm:node:6370513486,45,60,90,category_default,,
osm:node:6378039485,45,60,90,category_default,,
osm:node:6380485085,45,60,90,category_default,,
osm:node:6384815908,20,30,60,category_default,,
osm:node:6385048425,45,60,90,category_default,,
osm:node:6385048454,20,30,60,category_default,,
osm:node:6388438486,20,30,60,category_default,,
osm:node:6388936746,20,30,60,category_default,,
osm:node:6388936779,20,30,60,category_default,,
osm:node:6393783189,20,30,60,category_default,,
osm:node:6393817286,20,30,60,category_default,,
osm:node:6400809288,20,30,60,category_default,,
osm:node:6402570088,45,60,90,category_default,,
osm:node:6402581586,45,60,90,category_default,,
osm:node:6402581685,20,30,60,category_default,,
osm:node:6413826385,45,60,90,category_default,,
osm:node:6413902290,45,60,90,category_default,,
osm:node:6418785294,45,60,90,category_default,,
osm:node:6418870085,45,60,90,category_default,,
osm:node:6419220950,45,60,90,category_default,,
osm:node:6422678433,30,60,90,category_default,,
osm:node:6422686392,20,30,60,category_default,,
osm:node:6422973404,45,60,90,category_default,,
osm:node:6424773086,20,30,60,category_default,,
osm:node:6425005085,45,60,90,category_default,,
osm:node:6429760086,20,30,60,category_default,,
osm:node:6429800386,20,30,60,category_default,,
osm:node:6429921485,45,60,90,category_default,,
osm:node:6432124485,45,60,90,category_default,,
osm:node:6432302585,45,60,90,category_default,,
osm:node:6432355685,20,30,60,category_default,,
osm:node:6433573987,20,30,60,category_default,,
osm:node:6438151686,20,30,60,category_default,,
osm:node:6440125286,20,30,60,category_default,,
osm:node:6442982885,45,60,90,category_default,,
osm:node:6448940987,45,60,90,category_default,,
osm:node:6462514385,45,60,90,category_default,,
osm:node:6466304585,45,60,90,category_default,,
osm:node:6466509649,45,60,90,category_default,,
osm:node:6466624059,20,30,60,category_default,,
osm:node:6469566385,45,60,90,category_default,,
osm:node:6477774987,45,60,90,category_default,,
osm:node:6479964400,45,60,90,category_default,,
osm:node:6480695787,20,30,60,category_default,,
osm:node:6480695791,20,30,60,category_default,,
osm:node:6480762785,20,30,60,category_default,,
osm:node:6480933285,45,60,90,category_default,,
osm:node:6483119385,45,60,90,category_default,,
osm:node:6483231385,45,60,90,category_default,,
osm:node:6483376386,20,30,60,category_default,,
osm:node:6488009486,45,60,90,category_default,,
osm:node:6490182686,20,30,60,category_default,,
osm:node:6491366585,45,60,90,category_default,,
osm:node:6495167985,20,30,60,category_default,,
osm:node:6496942485,45,60,90,category_default,,
osm:node:6505293885,20,30,60,category_default,,
osm:node:6510504586,20,30,60,category_default,,
osm:node:6515867786,45,60,90,category_default,,
osm:node:6517510885,20,30,60,category_default,,
osm:node:6518159595,45,60,90,category_default,,
osm:node:6518159596,45,60,90,category_default,,
osm:node:6518159608,45,60,90,category_default,,
osm:node:6518899995,45,60,90,category_default,,
osm:node:6520610586,20,30,60,category_default,,
osm:node:6520653785,45,60,90,category_default,,
osm:node:6520665188,45,60,90,category_default,,
osm:node:6520986631,20,30,60,category_default,,
osm:node:6521208886,20,30,60,category_default,,
osm:node:6524311185,45,60,90,category_default,,
osm:node:6524320292,45,60,90,category_default,,
osm:node:6525009326,45,60,90,category_default,,
osm:node:6525781986,45,60,90,category_default,,
osm:node:6528451118,20,30,60,category_default,,
osm:node:6531739087,20,30,60,category_default,,
osm:node:6533686688,20,30,60,category_default,,
osm:node:6533893985,45,60,90,category_default,,
osm:node:6533979925,45,60,90,category_default,,
osm:node:6533984893,20,30,60,category_default,,
osm:node:6544086586,45,60,90,category_default,,
osm:node:6544417155,20,30,60,category_default,,
osm:node:6546414571,45,60,90,category_default,,
osm:node:6551006685,45,60,90,category_default,,
osm:node:6551069588,45,60,90,category_default,,
osm:node:6553580441,20,30,60,category_default,,
osm:node:6560957861,20,30,60,category_default,,
osm:node:6561157585,45,60,90,category_default,,
osm:node:6561782799,45,60,90,category_default,,
osm:node:6562291992,45,60,90,category_default,,
osm:node:6563400562,20,30,60,category_default,,
osm:node:6563961976,20,30,60,category_default,,
osm:node:6570954851,20,30,60,category_default,,
osm:node:6572623644,45,60,90,category_default,,
osm:node:6579701787,45,60,90,category_default,,
osm:node:6581613985,45,60,90,category_default,,
osm:node:6594176685,45,60,90,category_default,,
osm:node:6600726754,20,30,60,category_default,,
osm:node:6600726758,45,60,90,category_default,,
osm:node:6600935365,20,30,60,category_default,,
osm:node:6602466805,45,60,90,category_default,,
osm:node:6602470279,20,30,60,category_default,,
osm:node:6602476516,45,60,90,category_default,,
osm:node:6602483403,45,60,90,category_default,,
osm:node:6602487652,45,60,90,category_default,,
osm:node:6602491457,45,60,90,category_default,,
osm:node:6602496036,45,60,90,category_default,,
osm:node:6603275733,45,60,90,category_default,,
osm:node:6603990855,20,30,60,category_default,,
osm:node:6605676242,20,30,60,category_default,,
osm:node:6606142441,45,60,90,category_default,,
osm:node:6609648487,45,60,90,category_default,,
osm:node:6609648488,45,60,90,category_default,,
osm:node:6609660791,20,30,60,category_default,,
osm:node:6610502429,45,60,90,category_default,,
osm:node:6610625866,20,30,60,category_default,,
osm:node:6611456185,45,60,90,category_default,,
osm:node:6611606687,45,60,90,category_default,,
osm:node:6611696185,45,60,90,category_default,,
osm:node:6616671217,45,60,90,category_default,,
osm:node:6616774268,45,60,90,category_default,,
osm:node:6616850170,20,30,60,category_default,,
osm:node:6617189371,45,60,90,category_default,,
osm:node:6617387576,20,30,60,category_default,,
osm:node:6617783881,20,30,60,category_default,,
osm:node:6621163197,20,30,60,category_default,,
osm:node:6628638085,45,60,90,category_default,,
osm:node:6631591487,45,60,90,category_default,,
osm:node:6631654131,20,30,60,category_default,,
osm:node:6632062624,20,30,60,category_default,,
osm:node:6634628886,20,30,60,category_default,,
osm:node:6634700021,20,30,60,category_default,,
osm:node:6634800266,45,60,90,category_default,,
osm:node:6638267047,45,60,90,category_default,,
osm:node:6638909104,20,30,60,category_default,,
osm:node:6640326787,45,60,90,category_default,,
osm:node:6640901648,45,60,90,category_default,,
osm:node:6640913832,45,60,90,category_default,,
osm:node:6641719844,20,30,60,category_default,,
osm:node:6643877703,20,30,60,category_default,,
osm:node:6644038282,20,30,60,category_default,,
osm:node:6651901849,20,30,60,category_default,,
osm:node:6652587509,45,60,90,category_default,,
osm:node:6652587510,45,60,90,category_default,,
osm:node:6656456339,45,60,90,category_default,,
osm:node:6657842582,20,30,60,category_default,,
osm:node:6658017286,45,60,90,category_default,,
osm:node:6658026112,45,60,90,category_default,,
osm:node:6658873504,45,60,90,category_default,,
osm:node:6658873511,45,60,90,category_default,,
osm:node:6670499436,20,30,60,category_default,,
osm:node:6670760408,20,30,60,category_default,,
osm:node:6675647538,45,60,90,category_default,,
osm:node:6678249499,20,30,60,category_default,,
osm:node:6679611341,20,30,60,category_default,,
osm:node:6679645374,45,60,90,category_default,,
osm:node:6679685131,20,30,60,category_default,,
osm:node:6679712288,45,60,90,category_default,,
osm:node:6679881359,20,30,60,category_default,,
osm:node:6680247851,20,30,60,category_default,,
osm:node:6681015018,45,60,90,category_default,,
osm:node:6681348985,45,60,90,category_default,,
osm:node:6682508516,45,60,90,category_default,,
osm:node:6682554071,45,60,90,category_default,,
osm:node:6684647589,20,30,60,category_default,,
osm:node:6685192250,20,30,60,category_default,,
osm:node:6685404399,30,60,90,category_default,,
osm:node:6685528631,20,30,60,category_default,,
osm:node:6688119238,20,30,60,category_default,,
osm:node:6689625508,45,60,90,category_default,,
osm:node:6690139595,45,60,90,category_default,,
osm:node:6691284967,20,30,60,category_default,,
osm:node:6693830420,45,60,90,category_default,,
osm:node:6694131285,20,30,60,category_default,,
osm:node:6694170141,20,30,60,category_default,,
osm:node:6696115885,45,60,90,category_default,,
osm:node:6696115987,45,60,90,category_default,,
osm:node:6696440285,20,30,60,category_default,,
osm:node:6698271431,20,30,60,category_default,,
osm:node:6698378750,20,30,60,category_default,,
osm:node:6698378755,45,60,90,category_default,,
osm:node:6698878885,45,60,90,category_default,,
osm:node:6698890634,45,60,90,category_default,,
osm:node:6699204786,45,60,90,category_default,,
osm:node:6702180256,45,60,90,category_default,,
osm:node:6705413677,45,60,90,category_default,,
osm:node:6705528525,45,60,90,category_default,,
osm:node:6707911785,45,60,90,category_default,,
osm:node:6707981385,45,60,90,category_default,,
osm:node:6711375785,20,30,60,category_default,,
osm:node:6728910455,45,60,90,category_default,,
osm:node:6735309134,20,30,60,category_default,,
osm:node:6742138876,20,30,60,category_default,,
osm:node:6742138884,45,60,90,category_default,,
osm:node:6743235675,20,30,60,category_default,,
osm:node:6751621885,45,60,90,category_default,,
osm:node:6751770911,20,30,60,category_default,,
osm:node:6769599588,45,60,90,category_default,,
osm:node:6772235387,45,60,90,category_default,,
osm:node:6776001092,45,60,90,category_default,,
osm:node:6784112360,45,60,90,category_default,,
osm:node:6786458285,45,60,90,category_default,,
osm:node:6798156542,20,30,60,category_default,,
osm:node:6801247418,20,30,60,category_default,,
osm:node:6801285895,45,60,90,category_default,,
osm:node:6804757885,20,30,60,category_default,,
osm:node:6807367429,20,30,60,category_default,,
osm:node:6807375326,45,60,90,category_default,,
osm:node:6811824695,45,60,90,category_default,,
osm:node:6811944354,20,30,60,category_default,,
osm:node:6811944355,20,30,60,category_default,,
osm:node:6811944356,20,30,60,category_default,,
osm:node:6811944358,45,60,90,category_default,,
osm:node:6811944359,45,60,90,category_default,,
osm:node:6813391168,20,30,60,category_default,,
osm:node:6813490789,20,30,60,category_default,,
osm:node:6818210326,45,60,90,category_default,,
osm:node:6821692763,45,60,90,category_default,,
osm:node:6822174389,45,60,90,category_default,,
osm:node:6835375013,20,30,60,category_default,,
osm:node:6842653487,45,60,90,category_default,,
osm:node:6842888086,20,30,60,category_default,,
osm:node:6846162967,20,30,60,category_default,,
osm:node:6846162968,45,60,90,category_default,,
osm:node:6846162969,45,60,90,category_default,,
osm:node:6846162970,20,30,60,category_default,,
osm:node:6846162971,45,60,90,category_default,,
osm:node:6846162972,45,60,90,category_default,,
osm:node:6846224624,45,60,90,category_default,,
osm:node:6849181831,30,60,90,category_default,,
osm:node:6854811085,45,60,90,category_default,,
osm:node:6856563729,20,30,60,category_default,,
osm:node:6856563730,45,60,90,category_default,,
osm:node:6860578686,20,30,60,category_default,,
osm:node:6863053585,45,60,90,category_default,,
osm:node:6865517248,45,60,90,category_default,,
osm:node:6873081198,45,60,90,category_default,,
osm:node:6873083889,45,60,90,category_default,,
osm:node:6880982195,45,60,90,category_default,,
osm:node:6880982196,45,60,90,category_default,,
osm:node:6880982198,45,60,90,category_default,,
osm:node:6882096586,45,60,90,category_default,,
osm:node:6882889996,45,60,90,category_default,,
osm:node:6884618306,45,60,90,category_default,,
osm:node:6892599587,45,60,90,category_default,,
osm:node:6904450115,45,60,90,category_default,,
osm:node:6911218676,45,60,90,category_default,,
osm:node:6911968086,45,60,90,category_default,,
osm:node:6913191587,20,30,60,category_default,,
osm:node:6914357685,20,30,60,category_default,,
osm:node:6917372887,45,60,90,category_default,,
osm:node:6917941497,45,60,90,category_default,,
osm:node:6917941539,45,60,90,category_default,,
osm:node:6917941552,20,30,60,category_default,,
osm:node:6919278357,20,30,60,category_default,,
osm:node:6919616659,20,30,60,category_default,,
osm:node:6924038649,45,60,90,category_default,,
osm:node:6924044103,20,30,60,category_default,,
osm:node:6924044135,20,30,60,category_default,,
osm:node:6924855571,45,60,90,category_default,,
osm:node:6929060211,45,60,90,category_default,,
osm:node:6938840285,20,30,60,category_default,,
osm:node:6939015485,45,60,90,category_default,,
osm:node:6946996147,45,60,90,category_default,,
osm:node:6956509385,45,60,90,category_default,,
osm:node:6956741551,45,60,90,category_default,,
osm:node:6957615503,45,60,90,category_default,,
osm:node:6957667188,45,60,90,category_default,,
osm:node:6966288908,45,60,90,category_default,,
osm:node:6966288909,45,60,90,category_default,,
osm:node:6975273686,45,60,90,category_default,,
osm:node:6975514285,20,30,60,category_default,,
osm:node:6975785986,45,60,90,category_default,,
osm:node:6976178457,45,60,90,category_default,,
osm:node:6976180285,20,30,60,category_default,,
osm:node:6981936785,45,60,90,category_default,,
osm:node:6984061285,45,60,90,category_default,,
osm:node:6987030985,45,60,90,category_default,,
osm:node:7003805266,45,60,90,category_default,,
osm:node:7005924186,45,60,90,category_default,,
osm:node:7012076142,45,60,90,category_default,,
osm:node:7013061485,45,60,90,category_default,,
osm:node:7019044914,20,30,60,category_default,,
osm:node:7019049229,20,30,60,category_default,,
osm:node:7020359049,45,60,90,category_default,,
osm:node:7022966185,20,30,60,category_default,,
osm:node:7023770386,45,60,90,category_default,,
osm:node:7025533318,45,60,90,category_default,,
osm:node:7025957986,45,60,90,category_default,,
osm:node:7025965385,45,60,90,category_default,,
osm:node:7027674785,45,60,90,category_default,,
osm:node:7027695786,20,30,60,category_default,,
osm:node:7027837085,45,60,90,category_default,,
osm:node:7034941085,20,30,60,category_default,,
osm:node:7040037486,20,30,60,category_default,,
osm:node:7041239592,45,60,90,category_default,,
osm:node:7043719985,45,60,90,category_default,,
osm:node:7043720085,20,30,60,category_default,,
osm:node:7048452385,45,60,90,category_default,,
osm:node:7052229286,20,30,60,category_default,,
osm:node:7053793591,20,30,60,category_default,,
osm:node:7055486785,45,60,90,category_default,,
osm:node:7055897074,45,60,90,category_default,,
osm:node:7055897253,45,60,90,category_default,,
osm:node:7055903537,20,30,60,category_default,,
osm:node:7055904082,20,30,60,category_default,,
osm:node:7055928225,20,30,60,category_default,,
osm:node:7055931225,45,60,90,category_default,,
osm:node:7055937763,20,30,60,category_default,,
osm:node:7055939352,20,30,60,category_default,,
osm:node:7055939353,20,30,60,category_default,,
osm:node:7055939354,45,60,90,category_default,,
osm:node:7055939358,20,30,60,category_default,,
osm:node:7055939380,45,60,90,category_default,,
osm:node:7055939499,45,60,90,category_default,,
osm:node:7055939500,45,60,90,category_default,,
osm:node:7055939501,45,60,90,category_default,,
osm:node:7055939502,45,60,90,category_default,,
osm:node:7055939503,45,60,90,category_default,,
osm:node:7055939507,45,60,90,category_default,,
osm:node:7055939508,45,60,90,category_default,,
osm:node:7055941263,20,30,60,category_default,,
osm:node:7055942203,60,120,240,category_default,,
osm:node:7055951496,20,30,60,category_default,,
osm:node:7055963340,45,60,90,category_default,,
osm:node:7055967521,20,30,60,category_default,,
osm:node:7055968812,45,60,90,category_default,,
osm:node:7055975987,30,60,90,category_default,,
osm:node:7055976832,20,30,60,category_default,,
osm:node:7055985628,45,60,90,category_default,,
osm:node:7055986053,45,60,90,category_default,,
osm:node:7055989888,20,30,60,category_default,,
osm:node:7055990036,20,30,60,category_default,,
osm:node:7055990037,45,60,90,category_default,,
osm:node:7056001845,45,60,90,category_default,,
osm:node:7056002812,45,60,90,category_default,,
osm:node:7056010045,45,60,90,category_default,,
osm:node:7056013975,45,60,90,category_default,,
osm:node:7056015915,20,30,60,category_default,,
osm:node:7056017420,45,60,90,category_default,,
osm:node:7056021081,45,60,90,category_default,,
osm:node:7056022256,45,60,90,category_default,,
osm:node:7056022904,20,30,60,category_default,,
osm:node:7056027929,45,60,90,category_default,,
osm:node:7056034217,20,30,60,category_default,,
osm:node:7056037715,45,60,90,category_default,,
osm:node:7056038703,20,30,60,category_default,,
osm:node:7056042399,45,60,90,category_default,,
osm:node:7056055192,20,30,60,category_default,,
osm:node:7056055193,20,30,60,category_default,,
osm:node:7056055194,20,30,60,category_default,,
osm:node:7056055197,20,30,60,category_default,,
osm:node:7056055198,20,30,60,category_default,,
osm:node:7056055199,20,30,60,category_default,,
osm:node:7056055200,20,30,60,category_default,,
osm:node:7056055201,20,30,60,category_default,,
osm:node:7056055202,20,30,60,category_default,,
osm:node:7056055203,20,30,60,category_default,,
osm:node:7056055204,20,30,60,category_default,,
osm:node:7056055205,20,30,60,category_default,,
osm:node:7056055206,20,30,60,category_default,,
osm:node:7056055208,20,30,60,category_default,,
osm:node:7056055209,20,30,60,category_default,,
osm:node:7056055211,20,30,60,category_default,,
osm:node:7056055212,20,30,60,category_default,,
osm:node:7056055213,20,30,60,category_default,,
osm:node:7056055214,20,30,60,category_default,,
osm:node:7056055216,20,30,60,category_default,,
osm:node:7056055217,20,30,60,category_default,,
osm:node:7056055218,20,30,60,category_default,,
osm:node:7056055219,45,60,90,category_default,,
osm:node:7056177585,20,30,60,category_default,,
osm:node:7059653585,20,30,60,category_default,,
osm:node:7064981285,45,60,90,category_default,,
osm:node:7076684971,45,60,90,category_default,,
osm:node:7076693601,45,60,90,category_default,,
osm:node:7076705485,20,30,60,category_default,,
osm:node:7076707481,45,60,90,category_default,,
osm:node:7076707520,45,60,90,category_default,,
osm:node:7076714787,20,30,60,category_default,,
osm:node:7076962085,45,60,90,category_default,,
osm:node:7077138885,20,30,60,category_default,,
osm:node:7081635538,20,30,60,category_default,,
osm:node:7081937686,45,60,90,category_default,,
osm:node:7082209711,45,60,90,category_default,,
osm:node:7082243339,20,30,60,category_default,,
osm:node:7082258884,45,60,90,category_default,,
osm:node:7082640385,45,60,90,category_default,,
osm:node:7083401152,20,30,60,category_default,,
osm:node:7083733985,45,60,90,category_default,,
osm:node:7085692622,20,30,60,category_default,,
osm:node:7085739056,30,60,90,category_default,,
osm:node:7085762965,20,30,60,category_default,,
osm:node:7089176543,45,60,90,category_default,,
osm:node:7089184180,45,60,90,category_default,,
osm:node:7089218624,20,30,60,category_default,,
osm:node:7089229992,20,30,60,category_default,,
osm:node:7089810485,45,60,90,category_default,,
osm:node:7090399807,20,30,60,category_default,,
osm:node:7090665544,20,30,60,category_default,,
osm:node:7090678884,20,30,60,category_default,,
osm:node:7090693027,45,60,90,category_default,,
osm:node:7090695981,20,30,60,category_default,,
osm:node:7090699270,20,30,60,category_default,,
osm:node:7090725785,45,60,90,category_default,,
osm:node:7092768885,45,60,90,category_default,,
osm:node:7094679785,20,30,60,category_default,,
osm:node:7094770702,45,60,90,category_default,,
osm:node:7095169371,20,30,60,category_default,,
osm:node:7095169373,20,30,60,category_default,,
osm:node:7095169375,20,30,60,category_default,,
osm:node:7095169377,20,30,60,category_default,,
osm:node:7095169378,45,60,90,category_default,,
osm:node:7095169379,45,60,90,category_default,,
osm:node:7095169382,45,60,90,category_default,,
osm:node:7095259586,20,30,60,category_default,,
osm:node:7095259597,45,60,90,category_default,,
osm:node:7095259603,20,30,60,category_default,,
osm:node:7095259611,20,30,60,category_default,,
osm:node:7095259615,45,60,90,category_default,,
osm:node:7095259622,20,30,60,category_default,,
osm:node:7095281753,45,60,90,category_default,,
osm:node:7095281755,45,60,90,category_default,,
osm:node:7095485485,45,60,90,category_default,,
osm:node:7095806776,20,30,60,category_default,,
osm:node:7096082208,20,30,60,category_default,,
osm:node:7097051823,20,30,60,category_default,,
osm:node:7098077085,20,30,60,category_default,,
osm:node:7099271385,20,30,60,category_default,,
osm:node:7099445386,20,30,60,category_default,,
osm:node:7103226688,45,60,90,category_default,,
osm:node:7103226692,45,60,90,category_default,,
osm:node:7103226698,20,30,60,category_default,,
osm:node:7103226699,45,60,90,category_default,,
osm:node:7103874622,45,60,90,category_default,,
osm:node:7105366874,45,60,90,category_default,,
osm:node:7105401487,45,60,90,category_default,,
osm:node:7105401498,45,60,90,category_default,,
osm:node:7105401501,45,60,90,category_default,,
osm:node:7105401509,20,30,60,category_default,,
osm:node:7106090086,20,30,60,category_default,,
osm:node:7106536485,45,60,90,category_default,,
osm:node:7106593486,45,60,90,category_default,,
osm:node:7108269050,45,60,90,category_default,,
osm:node:7111581785,20,30,60,category_default,,
osm:node:7112196485,45,60,90,category_default,,
osm:node:7113800486,20,30,60,category_default,,
osm:node:7113898085,20,30,60,category_default,,
osm:node:7114209485,20,30,60,category_default,,
osm:node:7114448486,45,60,90,category_default,,
osm:node:7114573085,20,30,60,category_default,,
osm:node:7117106185,20,30,60,category_default,,
osm:node:7118329785,20,30,60,category_default,,
osm:node:7118329885,20,30,60,category_default,,
osm:node:7118673485,45,60,90,category_default,,
osm:node:7118928274,45,60,90,category_default,,
osm:node:7119281385,20,30,60,category_default,,
osm:node:7122136269,60,120,240,category_default,,
osm:node:7122136270,60,120,240,category_default,,
osm:node:7123582887,45,60,90,category_default,,
osm:node:7130574385,45,60,90,category_default,,
osm:node:7133019619,60,120,240,category_default,,
osm:node:7138184861,45,60,90,category_default,,
osm:node:7138184862,45,60,90,category_default,,
osm:node:7138469885,20,30,60,category_default,,
osm:node:7138650085,20,30,60,category_default,,
osm:node:7140198385,45,60,90,category_default,,
osm:node:7140635331,20,30,60,category_default,,
osm:node:7141012186,45,60,90,category_default,,
osm:node:7141021585,45,60,90,category_default,,
osm:node:7141021685,45,60,90,category_default,,
osm:node:7142716803,45,60,90,category_default,,
osm:node:7144561732,45,60,90,category_default,,
osm:node:7147171685,45,60,90,category_default,,
osm:node:7147171785,45,60,90,category_default,,
osm:node:7148361385,20,30,60,category_default,,
osm:node:7148520378,30,60,90,category_default,,
osm:node:7155363886,45,60,90,category_default,,
osm:node:7157934885,20,30,60,category_default,,
osm:node:7158101286,45,60,90,category_default,,
osm:node:7158215103,45,60,90,category_default,,
osm:node:7158215307,45,60,90,category_default,,
osm:node:7159315198,45,60,90,category_default,,
osm:node:7160691492,20,30,60,category_default,,
osm:node:7161867585,20,30,60,category_default,,
osm:node:7162750209,45,60,90,category_default,,
osm:node:7162750926,20,30,60,category_default,,
osm:node:7162755064,20,30,60,category_default,,
osm:node:7164305620,45,60,90,category_default,,
osm:node:7164329169,45,60,90,category_default,,
osm:node:7164330038,45,60,90,category_default,,
osm:node:7168561626,45,60,90,category_default,,
osm:node:7168577369,45,60,90,category_default,,
osm:node:7168579669,45,60,90,category_default,,
osm:node:7168595490,45,60,90,category_default,,
osm:node:7168918108,20,30,60,category_default,,
osm:node:7170633138,20,30,60,category_default,,
osm:node:7170708485,20,30,60,category_default,,
osm:node:7176625569,45,60,90,category_default,,
osm:node:7176626328,20,30,60,category_default,,
osm:node:7176633879,20,30,60,category_default,,
osm:node:7176643237,45,60,90,category_default,,
osm:node:7176652317,45,60,90,category_default,,
osm:node:7176655057,20,30,60,category_default,,
osm:node:7176657654,20,30,60,category_default,,
osm:node:7176660014,20,30,60,category_default,,
osm:node:7176669037,45,60,90,category_default,,
osm:node:7176669284,20,30,60,category_default,,
osm:node:7176671001,20,30,60,category_default,,
osm:node:7176674340,20,30,60,category_default,,
osm:node:7176674453,20,30,60,category_default,,
osm:node:7176677649,20,30,60,category_default,,
osm:node:7176870555,20,30,60,category_default,,
osm:node:7176880436,20,30,60,category_default,,
osm:node:7176886994,20,30,60,category_default,,
osm:node:7176888410,45,60,90,category_default,,
osm:node:7176890504,20,30,60,category_default,,
osm:node:7176894910,20,30,60,category_default,,
osm:node:7176898622,20,30,60,category_default,,
osm:node:7176899124,20,30,60,category_default,,
osm:node:7177118185,45,60,90,category_default,,
osm:node:7178785436,20,30,60,category_default,,
osm:node:7178800608,20,30,60,category_default,,
osm:node:7178803971,20,30,60,category_default,,
osm:node:7178810031,20,30,60,category_default,,
osm:node:7178813096,20,30,60,category_default,,
osm:node:7178815623,20,30,60,category_default,,
osm:node:7178815905,20,30,60,category_default,,
osm:node:7181130685,45,60,90,category_default,,
osm:node:7182304985,45,60,90,category_default,,
osm:node:7182324085,45,60,90,category_default,,
osm:node:7189825573,45,60,90,category_default,,
osm:node:7190335220,20,30,60,category_default,,
osm:node:7190335228,45,60,90,category_default,,
osm:node:7191990350,60,120,240,category_default,,
osm:node:7192113286,45,60,90,category_default,,
osm:node:7192525585,45,60,90,category_default,,
osm:node:7196773685,20,30,60,category_default,,
osm:node:7197033085,45,60,90,category_default,,
osm:node:7204095885,45,60,90,category_default,,
osm:node:7205751930,45,60,90,category_default,,
osm:node:7208591085,20,30,60,category_default,,
osm:node:7210505486,20,30,60,category_default,,
osm:node:7210857787,45,60,90,category_default,,
osm:node:7213953186,45,60,90,category_default,,
osm:node:7215657985,45,60,90,category_default,,
osm:node:7217547685,45,60,90,category_default,,
osm:node:721788305,45,60,90,category_default,,
osm:node:721788307,45,60,90,category_default,,
osm:node:721836715,45,60,90,category_default,,
osm:node:721836727,45,60,90,category_default,,
osm:node:721836730,20,30,60,category_default,,
osm:node:721906714,45,60,90,category_default,,
osm:node:721906718,45,60,90,category_default,,
osm:node:721906721,45,60,90,category_default,,
osm:node:7222014985,45,60,90,category_default,,
osm:node:7222198617,20,30,60,category_default,,
osm:node:7222198618,45,60,90,category_default,,
osm:node:7229538885,20,30,60,category_default,,
osm:node:7231903687,45,60,90,category_default,,
osm:node:7232139885,45,60,90,category_default,,
osm:node:723642233,45,60,90,category_default,,
osm:node:723642240,45,60,90,category_default,,
osm:node:723642244,45,60,90,category_default,,
osm:node:723642373,45,60,90,category_default,,
osm:node:723671517,45,60,90,category_default,,
osm:node:723671523,45,60,90,category_default,,
osm:node:723671525,45,60,90,category_default,,
osm:node:723684563,45,60,90,category_default,,
osm:node:723684568,45,60,90,category_default,,
osm:node:723795403,45,60,90,category_default,,
osm:node:7238341085,45,60,90,category_default,,
osm:node:7242739086,45,60,90,category_default,,
osm:node:7244106587,45,60,90,category_default,,
osm:node:7244252685,45,60,90,category_default,,
osm:node:7246990985,20,30,60,category_default,,
osm:node:7253450586,45,60,90,category_default,,
osm:node:7253521885,20,30,60,category_default,,
osm:node:7253556386,45,60,90,category_default,,
osm:node:7253593585,45,60,90,category_default,,
osm:node:7257100185,20,30,60,category_default,,
osm:node:7262851085,20,30,60,category_default,,
osm:node:7265347998,20,30,60,category_default,,
osm:node:7265622785,45,60,90,category_default,,
osm:node:7271270243,45,60,90,category_default,,
osm:node:7273815986,45,60,90,category_default,,
osm:node:7279545186,45,60,90,category_default,,
osm:node:7281943185,20,30,60,category_default,,
osm:node:7281943485,20,30,60,category_default,,
osm:node:7282442185,20,30,60,category_default,,
osm:node:7283053385,45,60,90,category_default,,
osm:node:7283053485,45,60,90,category_default,,
osm:node:7283053486,45,60,90,category_default,,
osm:node:7283053585,45,60,90,category_default,,
osm:node:7284065585,45,60,90,category_default,,
osm:node:7287589653,20,30,60,category_default,,
osm:node:7290826385,20,30,60,category_default,,
osm:node:729406384,20,30,60,category_default,,
osm:node:729406385,20,30,60,category_default,,
osm:node:729406386,20,30,60,category_default,,
osm:node:729406387,20,30,60,category_default,,
osm:node:729406388,20,30,60,category_default,,
osm:node:729406389,20,30,60,category_default,,
osm:node:729406390,20,30,60,category_default,,
osm:node:729406391,20,30,60,category_default,,
osm:node:729406392,20,30,60,category_default,,
osm:node:729406393,20,30,60,category_default,,
osm:node:729406394,20,30,60,category_default,,
osm:node:729406396,20,30,60,category_default,,
osm:node:729406397,20,30,60,category_default,,
osm:node:729406398,20,30,60,category_default,,
osm:node:729406399,20,30,60,category_default,,
osm:node:729406400,20,30,60,category_default,,
osm:node:729406401,20,30,60,category_default,,
osm:node:729406402,20,30,60,category_default,,
osm:node:729406403,20,30,60,category_default,,
osm:node:729406404,20,30,60,category_default,,
osm:node:729406405,20,30,60,category_default,,
osm:node:729406406,20,30,60,category_default,,
osm:node:729406407,20,30,60,category_default,,
osm:node:729406408,20,30,60,category_default,,
osm:node:729406410,20,30,60,category_default,,
osm:node:729406411,20,30,60,category_default,,
osm:node:729406412,20,30,60,category_default,,
osm:node:729406413,20,30,60,category_default,,
osm:node:729406414,20,30,60,category_default,,
osm:node:729406415,20,30,60,category_default,,
osm:node:729406416,20,30,60,category_default,,
osm:node:729406417,20,30,60,category_default,,
osm:node:729406418,20,30,60,category_default,,
osm:node:729406419,20,30,60,category_default,,
osm:node:729406420,45,60,90,category_default,,
osm:node:729406421,20,30,60,category_default,,
osm:node:729406422,20,30,60,category_default,,
osm:node:729406423,20,30,60,category_default,,
osm:node:729406424,20,30,60,category_default,,
osm:node:729406425,20,30,60,category_default,,
osm:node:729406426,20,30,60,category_default,,
osm:node:729406427,20,30,60,category_default,,
osm:node:729406428,20,30,60,category_default,,
osm:node:729406429,20,30,60,category_default,,
osm:node:729406430,20,30,60,category_default,,
osm:node:729406431,20,30,60,category_default,,
osm:node:729406432,20,30,60,category_default,,
osm:node:729406433,20,30,60,category_default,,
osm:node:729406434,20,30,60,category_default,,
osm:node:729406436,20,30,60,category_default,,
osm:node:729406437,20,30,60,category_default,,
osm:node:729406438,20,30,60,category_default,,
osm:node:729406439,20,30,60,category_default,,
osm:node:729406440,20,30,60,category_default,,
osm:node:729406441,20,30,60,category_default,,
osm:node:729406442,20,30,60,category_default,,
osm:node:729406444,20,30,60,category_default,,
osm:node:729406445,20,30,60,category_default,,
osm:node:729406446,20,30,60,category_default,,
osm:node:729406447,20,30,60,category_default,,
osm:node:729406448,20,30,60,category_default,,
osm:node:729406449,20,30,60,category_default,,
osm:node:729406450,20,30,60,category_default,,
osm:node:729406451,20,30,60,category_default,,
osm:node:729406452,20,30,60,category_default,,
osm:node:729406453,20,30,60,category_default,,
osm:node:729406454,20,30,60,category_default,,
osm:node:729406455,20,30,60,category_default,,
osm:node:729406456,20,30,60,category_default,,
osm:node:729406457,20,30,60,category_default,,
osm:node:729406458,20,30,60,category_default,,
osm:node:729406459,20,30,60,category_default,,
osm:node:729406460,20,30,60,category_default,,
osm:node:729406461,20,30,60,category_default,,
osm:node:729406462,20,30,60,category_default,,
osm:node:729406463,20,30,60,category_default,,
osm:node:729406464,20,30,60,category_default,,
osm:node:729406465,20,30,60,category_default,,
osm:node:729406466,20,30,60,category_default,,
osm:node:729406469,20,30,60,category_default,,
osm:node:729406470,20,30,60,category_default,,
osm:node:729406471,20,30,60,category_default,,
osm:node:729406472,20,30,60,category_default,,
osm:node:729406473,20,30,60,category_default,,
osm:node:729406474,20,30,60,category_default,,
osm:node:729406475,20,30,60,category_default,,
osm:node:729406476,20,30,60,category_default,,
osm:node:729406477,20,30,60,category_default,,
osm:node:729406478,20,30,60,category_default,,
osm:node:729406479,20,30,60,category_default,,
osm:node:729406480,20,30,60,category_default,,
osm:node:729406481,20,30,60,category_default,,
osm:node:729406482,20,30,60,category_default,,
osm:node:729406483,20,30,60,category_default,,
osm:node:729406485,20,30,60,category_default,,
osm:node:729406487,20,30,60,category_default,,
osm:node:729406488,20,30,60,category_default,,
osm:node:729406489,20,30,60,category_default,,
osm:node:729406490,20,30,60,category_default,,
osm:node:729406491,20,30,60,category_default,,
osm:node:729406492,20,30,60,category_default,,
osm:node:729406493,20,30,60,category_default,,
osm:node:729406494,20,30,60,category_default,,
osm:node:729406496,20,30,60,category_default,,
osm:node:729406498,20,30,60,category_default,,
osm:node:729406499,20,30,60,category_default,,
osm:node:729406500,20,30,60,category_default,,
osm:node:729406501,20,30,60,category_default,,
osm:node:729406502,20,30,60,category_default,,
osm:node:729406503,20,30,60,category_default,,
osm:node:729406504,20,30,60,category_default,,
osm:node:729406505,20,30,60,category_default,,
osm:node:729406506,20,30,60,category_default,,
osm:node:729406507,20,30,60,category_default,,
osm:node:729406508,20,30,60,category_default,,
osm:node:729406509,20,30,60,category_default,,
osm:node:729406510,20,30,60,category_default,,
osm:node:729406511,20,30,60,category_default,,
osm:node:729406512,20,30,60,category_default,,
osm:node:729406514,20,30,60,category_default,,
osm:node:729406515,20,30,60,category_default,,
osm:node:729406516,20,30,60,category_default,,
osm:node:729406517,20,30,60,category_default,,
osm:node:729406518,20,30,60,category_default,,
osm:node:729406519,20,30,60,category_default,,
osm:node:729406520,20,30,60,category_default,,
osm:node:729406521,20,30,60,category_default,,
osm:node:729406522,20,30,60,category_default,,
osm:node:729406524,20,30,60,category_default,,
osm:node:729406525,20,30,60,category_default,,
osm:node:729406526,20,30,60,category_default,,
osm:node:729406528,20,30,60,category_default,,
osm:node:729406529,20,30,60,category_default,,
osm:node:729406530,20,30,60,category_default,,
osm:node:729406531,20,30,60,category_default,,
osm:node:729406532,20,30,60,category_default,,
osm:node:729406533,20,30,60,category_default,,
osm:node:729406534,20,30,60,category_default,,
osm:node:729406535,20,30,60,category_default,,
osm:node:729406536,20,30,60,category_default,,
osm:node:729406537,20,30,60,category_default,,
osm:node:729406538,20,30,60,category_default,,
osm:node:729406539,20,30,60,category_default,,
osm:node:729406540,20,30,60,category_default,,
osm:node:729406541,20,30,60,category_default,,
osm:node:729406542,20,30,60,category_default,,
osm:node:729406543,20,30,60,category_default,,
osm:node:729406544,20,30,60,category_default,,
osm:node:729406545,20,30,60,category_default,,
osm:node:729406546,20,30,60,category_default,,
osm:node:729406547,20,30,60,category_default,,
osm:node:729406548,20,30,60,category_default,,
osm:node:729406549,20,30,60,category_default,,
osm:node:729406550,20,30,60,category_default,,
osm:node:729406551,20,30,60,category_default,,
osm:node:729406552,20,30,60,category_default,,
osm:node:729406553,20,30,60,category_default,,
osm:node:729406554,20,30,60,category_default,,
osm:node:729406555,20,30,60,category_default,,
osm:node:729406556,20,30,60,category_default,,
osm:node:729406557,20,30,60,category_default,,
osm:node:729406558,20,30,60,category_default,,
osm:node:729406559,20,30,60,category_default,,
osm:node:729406560,20,30,60,category_default,,
osm:node:729406562,20,30,60,category_default,,
osm:node:729406563,20,30,60,category_default,,
osm:node:729406564,20,30,60,category_default,,
osm:node:729406565,20,30,60,category_default,,
osm:node:729406566,20,30,60,category_default,,
osm:node:729406567,20,30,60,category_default,,
osm:node:729406568,20,30,60,category_default,,
osm:node:729406569,20,30,60,category_default,,
osm:node:729406570,20,30,60,category_default,,
osm:node:729406571,20,30,60,category_default,,
osm:node:729406572,20,30,60,category_default,,
osm:node:729406573,20,30,60,category_default,,
osm:node:729406574,20,30,60,category_default,,
osm:node:729406575,20,30,60,category_default,,
osm:node:729406576,20,30,60,category_default,,
osm:node:729406577,20,30,60,category_default,,
osm:node:729406578,20,30,60,category_default,,
osm:node:729406580,20,30,60,category_default,,
osm:node:729406582,20,30,60,category_default,,
osm:node:729406583,20,30,60,category_default,,
osm:node:729406584,20,30,60,category_default,,
osm:node:729406585,20,30,60,category_default,,
osm:node:729406586,20,30,60,category_default,,
osm:node:729406588,20,30,60,category_default,,
osm:node:729406589,20,30,60,category_default,,
osm:node:729406590,20,30,60,category_default,,
osm:node:729406592,20,30,60,category_default,,
osm:node:729406593,20,30,60,category_default,,
osm:node:729406594,20,30,60,category_default,,
osm:node:729406596,20,30,60,category_default,,
osm:node:729406597,20,30,60,category_default,,
osm:node:729406598,20,30,60,category_default,,
osm:node:729406599,20,30,60,category_default,,
osm:node:729406600,20,30,60,category_default,,
osm:node:729406601,20,30,60,category_default,,
osm:node:729406602,20,30,60,category_default,,
osm:node:729406603,20,30,60,category_default,,
osm:node:729406604,20,30,60,category_default,,
osm:node:729406605,20,30,60,category_default,,
osm:node:729406606,20,30,60,category_default,,
osm:node:729406607,20,30,60,category_default,,
osm:node:729406608,20,30,60,category_default,,
osm:node:729406609,20,30,60,category_default,,
osm:node:729406610,20,30,60,category_default,,
osm:node:729406611,20,30,60,category_default,,
osm:node:729406612,20,30,60,category_default,,
osm:node:729406613,20,30,60,category_default,,
osm:node:729406614,20,30,60,category_default,,
osm:node:729406615,20,30,60,category_default,,
osm:node:729406616,20,30,60,category_default,,
osm:node:729406617,20,30,60,category_default,,
osm:node:729406618,20,30,60,category_default,,
osm:node:729406620,20,30,60,category_default,,
osm:node:729406621,20,30,60,category_default,,
osm:node:729406622,20,30,60,category_default,,
osm:node:729406623,20,30,60,category_default,,
osm:node:729406624,20,30,60,category_default,,
osm:node:729406625,20,30,60,category_default,,
osm:node:729406626,20,30,60,category_default,,
osm:node:729406627,20,30,60,category_default,,
osm:node:729406628,20,30,60,category_default,,
osm:node:729406629,20,30,60,category_default,,
osm:node:729406630,20,30,60,category_default,,
osm:node:729406632,20,30,60,category_default,,
osm:node:729406633,20,30,60,category_default,,
osm:node:729406634,20,30,60,category_default,,
osm:node:729406635,20,30,60,category_default,,
osm:node:729406636,20,30,60,category_default,,
osm:node:729406637,20,30,60,category_default,,
osm:node:729406638,20,30,60,category_default,,
osm:node:729406639,20,30,60,category_default,,
osm:node:729406640,20,30,60,category_default,,
osm:node:729406641,20,30,60,category_default,,
osm:node:729406642,20,30,60,category_default,,
osm:node:729406643,20,30,60,category_default,,
osm:node:729406644,20,30,60,category_default,,
osm:node:729406645,20,30,60,category_default,,
osm:node:729406646,20,30,60,category_default,,
osm:node:729406647,20,30,60,category_default,,
osm:node:729406648,20,30,60,category_default,,
osm:node:729406649,20,30,60,category_default,,
osm:node:729406650,20,30,60,category_default,,
osm:node:729406651,20,30,60,category_default,,
osm:node:729406652,20,30,60,category_default,,
osm:node:729406653,20,30,60,category_default,,
osm:node:729406654,20,30,60,category_default,,
osm:node:729406655,20,30,60,category_default,,
osm:node:729406657,20,30,60,category_default,,
osm:node:729406658,20,30,60,category_default,,
osm:node:729406659,20,30,60,category_default,,
osm:node:729406660,20,30,60,category_default,,
osm:node:729406661,20,30,60,category_default,,
osm:node:729406662,20,30,60,category_default,,
osm:node:729406663,20,30,60,category_default,,
osm:node:729406664,20,30,60,category_default,,
osm:node:729406665,20,30,60,category_default,,
osm:node:729406666,20,30,60,category_default,,
osm:node:729406667,20,30,60,category_default,,
osm:node:729406668,20,30,60,category_default,,
osm:node:729406669,20,30,60,category_default,,
osm:node:729406670,20,30,60,category_default,,
osm:node:729406671,20,30,60,category_default,,
osm:node:729406672,20,30,60,category_default,,
osm:node:729406673,20,30,60,category_default,,
osm:node:729406674,20,30,60,category_default,,
osm:node:729406675,20,30,60,category_default,,
osm:node:729406677,20,30,60,category_default,,
osm:node:729406678,20,30,60,category_default,,
osm:node:729406679,20,30,60,category_default,,
osm:node:729406680,20,30,60,category_default,,
osm:node:729406681,20,30,60,category_default,,
osm:node:729406682,20,30,60,category_default,,
osm:node:729406683,20,30,60,category_default,,
osm:node:729406684,20,30,60,category_default,,
osm:node:729406685,20,30,60,category_default,,
osm:node:729406686,20,30,60,category_default,,
osm:node:729406687,20,30,60,category_default,,
osm:node:729406688,20,30,60,category_default,,
osm:node:729406689,20,30,60,category_default,,
osm:node:729406690,20,30,60,category_default,,
osm:node:729406691,20,30,60,category_default,,
osm:node:729406692,20,30,60,category_default,,
osm:node:729406693,20,30,60,category_default,,
osm:node:729406694,20,30,60,category_default,,
osm:node:729406695,20,30,60,category_default,,
osm:node:729406697,20,30,60,category_default,,
osm:node:729406700,20,30,60,category_default,,
osm:node:729406701,20,30,60,category_default,,
osm:node:729406702,20,30,60,category_default,,
osm:node:729406703,20,30,60,category_default,,
osm:node:729406704,20,30,60,category_default,,
osm:node:729406705,20,30,60,category_default,,
osm:node:729406707,20,30,60,category_default,,
osm:node:729406708,20,30,60,category_default,,
osm:node:729406709,20,30,60,category_default,,
osm:node:729406711,20,30,60,category_default,,
osm:node:729406712,20,30,60,category_default,,
osm:node:729406713,20,30,60,category_default,,
osm:node:729406714,20,30,60,category_default,,
osm:node:729406715,20,30,60,category_default,,
osm:node:729406716,20,30,60,category_default,,
osm:node:729406717,20,30,60,category_default,,
osm:node:729406718,20,30,60,category_default,,
osm:node:729406719,20,30,60,category_default,,
osm:node:729406720,20,30,60,category_default,,
osm:node:729406722,20,30,60,category_default,,
osm:node:729406723,20,30,60,category_default,,
osm:node:729406724,20,30,60,category_default,,
osm:node:729406725,20,30,60,category_default,,
osm:node:729406726,20,30,60,category_default,,
osm:node:729406727,20,30,60,category_default,,
osm:node:729406728,20,30,60,category_default,,
osm:node:729406729,20,30,60,category_default,,
osm:node:729406730,20,30,60,category_default,,
osm:node:729406731,20,30,60,category_default,,
osm:node:729406732,20,30,60,category_default,,
osm:node:729406733,20,30,60,category_default,,
osm:node:729406734,20,30,60,category_default,,
osm:node:729406735,20,30,60,category_default,,
osm:node:729406736,20,30,60,category_default,,
osm:node:729406737,20,30,60,category_default,,
osm:node:729406738,20,30,60,category_default,,
osm:node:729406739,20,30,60,category_default,,
osm:node:729406740,20,30,60,category_default,,
osm:node:729406741,20,30,60,category_default,,
osm:node:729406742,20,30,60,category_default,,
osm:node:729406743,20,30,60,category_default,,
osm:node:729406744,20,30,60,category_default,,
osm:node:729406745,20,30,60,category_default,,
osm:node:729406746,20,30,60,category_default,,
osm:node:729406747,20,30,60,category_default,,
osm:node:729406748,20,30,60,category_default,,
osm:node:729406749,20,30,60,category_default,,
osm:node:729406750,20,30,60,category_default,,
osm:node:729406751,20,30,60,category_default,,
osm:node:729406752,20,30,60,category_default,,
osm:node:729406753,20,30,60,category_default,,
osm:node:729406754,20,30,60,category_default,,
osm:node:729406755,20,30,60,category_default,,
osm:node:729406756,20,30,60,category_default,,
osm:node:729406757,20,30,60,category_default,,
osm:node:729406759,20,30,60,category_default,,
osm:node:729406760,20,30,60,category_default,,
osm:node:729406761,20,30,60,category_default,,
osm:node:729406763,20,30,60,category_default,,
osm:node:729406764,20,30,60,category_default,,
osm:node:729406765,20,30,60,category_default,,
osm:node:729406766,20,30,60,category_default,,
osm:node:729406767,20,30,60,category_default,,
osm:node:729406768,20,30,60,category_default,,
osm:node:729406769,20,30,60,category_default,,
osm:node:729406770,20,30,60,category_default,,
osm:node:729406771,20,30,60,category_default,,
osm:node:729406772,20,30,60,category_default,,
osm:node:729406773,20,30,60,category_default,,
osm:node:729406774,20,30,60,category_default,,
osm:node:729406775,20,30,60,category_default,,
osm:node:729406776,20,30,60,category_default,,
osm:node:729406777,20,30,60,category_default,,
osm:node:729406778,20,30,60,category_default,,
osm:node:729406779,20,30,60,category_default,,
osm:node:729406780,20,30,60,category_default,,
osm:node:729406782,20,30,60,category_default,,
osm:node:729406783,20,30,60,category_default,,
osm:node:729406785,20,30,60,category_default,,
osm:node:729406786,20,30,60,category_default,,
osm:node:729406787,20,30,60,category_default,,
osm:node:729406788,20,30,60,category_default,,
osm:node:729406789,20,30,60,category_default,,
osm:node:729406790,20,30,60,category_default,,
osm:node:729406791,20,30,60,category_default,,
osm:node:729406794,20,30,60,category_default,,
osm:node:729406795,20,30,60,category_default,,
osm:node:729406796,20,30,60,category_default,,
osm:node:729406797,20,30,60,category_default,,
osm:node:729406798,20,30,60,category_default,,
osm:node:729406799,20,30,60,category_default,,
osm:node:729406800,20,30,60,category_default,,
osm:node:729406803,20,30,60,category_default,,
osm:node:729406804,20,30,60,category_default,,
osm:node:729406805,20,30,60,category_default,,
osm:node:729406806,20,30,60,category_default,,
osm:node:729406807,20,30,60,category_default,,
osm:node:729406809,20,30,60,category_default,,
osm:node:729406810,20,30,60,category_default,,
osm:node:729406812,20,30,60,category_default,,
osm:node:729406813,20,30,60,category_default,,
osm:node:729406816,20,30,60,category_default,,
osm:node:729406817,20,30,60,category_default,,
osm:node:729406818,20,30,60,category_default,,
osm:node:729406819,20,30,60,category_default,,
osm:node:729406820,20,30,60,category_default,,
osm:node:729406821,20,30,60,category_default,,
osm:node:729406822,20,30,60,category_default,,
osm:node:729406823,20,30,60,category_default,,
osm:node:729406824,20,30,60,category_default,,
osm:node:729406825,20,30,60,category_default,,
osm:node:729406826,20,30,60,category_default,,
osm:node:729406829,20,30,60,category_default,,
osm:node:729406831,20,30,60,category_default,,
osm:node:729406832,20,30,60,category_default,,
osm:node:729406833,20,30,60,category_default,,
osm:node:729406835,20,30,60,category_default,,
osm:node:729406836,20,30,60,category_default,,
osm:node:729406838,20,30,60,category_default,,
osm:node:729406839,20,30,60,category_default,,
osm:node:729406840,20,30,60,category_default,,
osm:node:729406841,20,30,60,category_default,,
osm:node:729406843,20,30,60,category_default,,
osm:node:729406844,20,30,60,category_default,,
osm:node:729406845,20,30,60,category_default,,
osm:node:729406846,20,30,60,category_default,,
osm:node:729406847,20,30,60,category_default,,
osm:node:729406848,20,30,60,category_default,,
osm:node:729406850,20,30,60,category_default,,
osm:node:729406851,20,30,60,category_default,,
osm:node:729406852,20,30,60,category_default,,
osm:node:729406853,20,30,60,category_default,,
osm:node:729406854,20,30,60,category_default,,
osm:node:729406856,20,30,60,category_default,,
osm:node:729406857,20,30,60,category_default,,
osm:node:729406859,20,30,60,category_default,,
osm:node:729406860,20,30,60,category_default,,
osm:node:729406861,20,30,60,category_default,,
osm:node:729406862,20,30,60,category_default,,
osm:node:729406863,20,30,60,category_default,,
osm:node:729406865,20,30,60,category_default,,
osm:node:729406866,20,30,60,category_default,,
osm:node:729406867,20,30,60,category_default,,
osm:node:729406868,20,30,60,category_default,,
osm:node:729406869,20,30,60,category_default,,
osm:node:729406870,20,30,60,category_default,,
osm:node:729406871,20,30,60,category_default,,
osm:node:729406872,20,30,60,category_default,,
osm:node:729406873,20,30,60,category_default,,
osm:node:729406874,20,30,60,category_default,,
osm:node:729406875,20,30,60,category_default,,
osm:node:729406876,20,30,60,category_default,,
osm:node:729406877,20,30,60,category_default,,
osm:node:729406878,20,30,60,category_default,,
osm:node:729406879,20,30,60,category_default,,
osm:node:729406880,20,30,60,category_default,,
osm:node:729406881,20,30,60,category_default,,
osm:node:729406882,20,30,60,category_default,,
osm:node:729406883,20,30,60,category_default,,
osm:node:729406884,20,30,60,category_default,,
osm:node:729406885,20,30,60,category_default,,
osm:node:729406886,20,30,60,category_default,,
osm:node:729406887,20,30,60,category_default,,
osm:node:729406888,20,30,60,category_default,,
osm:node:729406889,20,30,60,category_default,,
osm:node:729406890,20,30,60,category_default,,
osm:node:729406891,20,30,60,category_default,,
osm:node:729406892,20,30,60,category_default,,
osm:node:729406893,20,30,60,category_default,,
osm:node:729406894,20,30,60,category_default,,
osm:node:729406895,20,30,60,category_default,,
osm:node:729406896,20,30,60,category_default,,
osm:node:729406897,20,30,60,category_default,,
osm:node:729406898,20,30,60,category_default,,
osm:node:729406899,20,30,60,category_default,,
osm:node:729406900,20,30,60,category_default,,
osm:node:729406901,20,30,60,category_default,,
osm:node:729406902,20,30,60,category_default,,
osm:node:729406903,20,30,60,category_default,,
osm:node:729406904,20,30,60,category_default,,
osm:node:729406905,20,30,60,category_default,,
osm:node:729406906,20,30,60,category_default,,
osm:node:729406907,20,30,60,category_default,,
osm:node:729406909,20,30,60,category_default,,
osm:node:729406911,20,30,60,category_default,,
osm:node:729406912,20,30,60,category_default,,
osm:node:729406913,20,30,60,category_default,,
osm:node:729406914,20,30,60,category_default,,
osm:node:729406915,20,30,60,category_default,,
osm:node:729406916,20,30,60,category_default,,
osm:node:729406917,20,30,60,category_default,,
osm:node:729406918,20,30,60,category_default,,
osm:node:729406919,20,30,60,category_default,,
osm:node:729406920,20,30,60,category_default,,
osm:node:729406921,20,30,60,category_default,,
osm:node:729406923,20,30,60,category_default,,
osm:node:729406924,20,30,60,category_default,,
osm:node:729406925,20,30,60,category_default,,
osm:node:729406927,20,30,60,category_default,,
osm:node:729406928,20,30,60,category_default,,
osm:node:729406929,20,30,60,category_default,,
osm:node:729406930,20,30,60,category_default,,
osm:node:729406931,20,30,60,category_default,,
osm:node:729406932,20,30,60,category_default,,
osm:node:729406933,20,30,60,category_default,,
osm:node:729406934,20,30,60,category_default,,
osm:node:729406936,20,30,60,category_default,,
osm:node:729406937,20,30,60,category_default,,
osm:node:729406938,20,30,60,category_default,,
osm:node:729406939,20,30,60,category_default,,
osm:node:729406940,20,30,60,category_default,,
osm:node:729406941,20,30,60,category_default,,
osm:node:729406942,20,30,60,category_default,,
osm:node:729406943,20,30,60,category_default,,
osm:node:729406944,20,30,60,category_default,,
osm:node:729406945,20,30,60,category_default,,
osm:node:729406946,20,30,60,category_default,,
osm:node:729406947,20,30,60,category_default,,
osm:node:729406948,20,30,60,category_default,,
osm:node:729406949,20,30,60,category_default,,
osm:node:729406950,20,30,60,category_default,,
osm:node:729406951,20,30,60,category_default,,
osm:node:729406952,20,30,60,category_default,,
osm:node:729406953,20,30,60,category_default,,
osm:node:729406954,20,30,60,category_default,,
osm:node:729406955,20,30,60,category_default,,
osm:node:729406956,20,30,60,category_default,,
osm:node:729406957,20,30,60,category_default,,
osm:node:729406958,20,30,60,category_default,,
osm:node:729406959,20,30,60,category_default,,
osm:node:729406960,20,30,60,category_default,,
osm:node:729406961,20,30,60,category_default,,
osm:node:729406962,20,30,60,category_default,,
osm:node:729406963,20,30,60,category_default,,
osm:node:729406964,20,30,60,category_default,,
osm:node:729406965,20,30,60,category_default,,
osm:node:729406966,20,30,60,category_default,,
osm:node:729406967,20,30,60,category_default,,
osm:node:729406968,20,30,60,category_default,,
osm:node:729406969,20,30,60,category_default,,
osm:node:729406970,20,30,60,category_default,,
osm:node:7298660639,45,60,90,category_default,,
osm:node:733355066,20,30,60,category_default,,
osm:node:7333832605,45,60,90,category_default,,
osm:node:7370362779,45,60,90,category_default,,
osm:node:7383642461,20,30,60,category_default,,
osm:node:7383642463,20,30,60,category_default,,
osm:node:7383642464,20,30,60,category_default,,
osm:node:7383642466,20,30,60,category_default,,
osm:node:7383642467,20,30,60,category_default,,
osm:node:7383642468,20,30,60,category_default,,
osm:node:7383642470,20,30,60,category_default,,
osm:node:7417163291,45,60,90,category_default,,
osm:node:7417168685,45,60,90,category_default,,
osm:node:7418417986,45,60,90,category_default,,
osm:node:7467319992,20,30,60,category_default,,
osm:node:7473461213,20,30,60,category_default,,
osm:node:7491700987,45,60,90,category_default,,
osm:node:7505130585,45,60,90,category_default,,
osm:node:7516955870,45,60,90,category_default,,
osm:node:7516955871,45,60,90,category_default,,
osm:node:7518538886,45,60,90,category_default,,
osm:node:7518572085,45,60,90,category_default,,
osm:node:7518572086,45,60,90,category_default,,
osm:node:7520823002,30,60,90,category_default,,
osm:node:7540706332,20,30,60,category_default,,
osm:node:7540706334,20,30,60,category_default,,
osm:node:7540706335,45,60,90,category_default,,
osm:node:7612528482,45,60,90,category_default,,
osm:node:7621698685,45,60,90,category_default,,
osm:node:7622285286,45,60,90,category_default,,
osm:node:7629533186,20,30,60,category_default,,
osm:node:7631319085,45,60,90,category_default,,
osm:node:7644944385,45,60,90,category_default,,
osm:node:7673780895,45,60,90,category_default,,
osm:node:7690141685,45,60,90,category_default,,
osm:node:7690438058,45,60,90,category_default,,
osm:node:7705143488,20,30,60,category_default,,
osm:node:7705143785,20,30,60,category_default,,
osm:node:7705143786,20,30,60,category_default,,
osm:node:7705143787,20,30,60,category_default,,
osm:node:7705143788,20,30,60,category_default,,
osm:node:7705143789,20,30,60,category_default,,
osm:node:7705143985,20,30,60,category_default,,
osm:node:7705144085,20,30,60,category_default,,
osm:node:7721404199,20,30,60,category_default,,
osm:node:773601261,45,60,90,category_default,,
osm:node:773601263,45,60,90,category_default,,
osm:node:7755262311,45,60,90,category_default,,
osm:node:7772398585,45,60,90,category_default,,
osm:node:7792963218,45,60,90,category_default,,
osm:node:7811691285,45,60,90,category_default,,
osm:node:7811731385,45,60,90,category_default,,
osm:node:7841766009,20,30,60,category_default,,
osm:node:7845431718,45,60,90,category_default,,
osm:node:7848823546,60,120,240,category_default,,
osm:node:7919363000,20,30,60,category_default,,
osm:node:7961106585,45,60,90,category_default,,
osm:node:7966613194,20,30,60,category_default,,
osm:node:7966645588,45,60,90,category_default,,
osm:node:8042087441,45,60,90,category_default,,
osm:node:8083770306,45,60,90,category_default,,
osm:node:8083779134,45,60,90,category_default,,
osm:node:8083794323,20,30,60,category_default,,
osm:node:8088140322,20,30,60,category_default,,
osm:node:8128526728,45,60,90,category_default,,
osm:node:8132877478,45,60,90,category_default,,
osm:node:8145651191,20,30,60,category_default,,
osm:node:8154076831,20,30,60,category_default,,
osm:node:8163615939,20,30,60,category_default,,
osm:node:8171527817,20,30,60,category_default,,
osm:node:8171527917,20,30,60,category_default,,
osm:node:8171537017,20,30,60,category_default,,
osm:node:8171551917,20,30,60,category_default,,
osm:node:8178692401,20,30,60,category_default,,
osm:node:8185432737,30,60,90,category_default,,
osm:node:8197311959,45,60,90,category_default,,
osm:node:8204536512,20,30,60,category_default,,
osm:node:8234362986,20,30,60,category_default,,
osm:node:8234373233,45,60,90,category_default,,
osm:node:8285594817,20,30,60,category_default,,
osm:node:8307082776,20,30,60,category_default,,
osm:node:8307654062,20,30,60,category_default,,
osm:node:8307654063,45,60,90,category_default,,
osm:node:8307654065,20,30,60,category_default,,
osm:node:8307654068,20,30,60,category_default,,
osm:node:8307654069,20,30,60,category_default,,
osm:node:8307656159,45,60,90,category_default,,
osm:node:8307656164,20,30,60,category_default,,
osm:node:8307656165,45,60,90,category_default,,
osm:node:8308342074,45,60,90,category_default,,
osm:node:8336847668,45,60,90,category_default,,
osm:node:8336901884,45,60,90,category_default,,
osm:node:8336920144,20,30,60,category_default,,
osm:node:8337452780,20,30,60,category_default,,
osm:node:8337460766,20,30,60,category_default,,
osm:node:8344563342,20,30,60,category_default,,
osm:node:8345292959,20,30,60,category_default,,
osm:node:8345973615,45,60,90,category_default,,
osm:node:8345992041,45,60,90,category_default,,
osm:node:8346010306,45,60,90,category_default,,
osm:node:8346039058,45,60,90,category_default,,
osm:node:8346042982,45,60,90,category_default,,
osm:node:8346051738,45,60,90,category_default,,
osm:node:8347330261,45,60,90,category_default,,
osm:node:8347362707,45,60,90,category_default,,
osm:node:8347965394,45,60,90,category_default,,
osm:node:8347992048,45,60,90,category_default,,
osm:node:8354007215,45,60,90,category_default,,
osm:node:8354810255,20,30,60,category_default,,
osm:node:8354821381,20,30,60,category_default,,
osm:node:8354997811,20,30,60,category_default,,
osm:node:8357405573,20,30,60,category_default,,
osm:node:8357763617,45,60,90,category_default,,
osm:node:8357763618,45,60,90,category_default,,
osm:node:8357763619,45,60,90,category_default,,
osm:node:8357763620,45,60,90,category_default,,
osm:node:8357763621,45,60,90,category_default,,
osm:node:8357763622,45,60,90,category_default,,
osm:node:8357763624,20,30,60,category_default,,
osm:node:8357763717,45,60,90,category_default,,
osm:node:8357763718,45,60,90,category_default,,
osm:node:8360184432,45,60,90,category_default,,
osm:node:8360208002,45,60,90,category_default,,
osm:node:8360208006,20,30,60,category_default,,
osm:node:8360208012,45,60,90,category_default,,
osm:node:8360657749,45,60,90,category_default,,
osm:node:8360818000,45,60,90,category_default,,
osm:node:8360852078,45,60,90,category_default,,
osm:node:8360897923,45,60,90,category_default,,
osm:node:8360897931,45,60,90,category_default,,
osm:node:8360897932,45,60,90,category_default,,
osm:node:8360897935,45,60,90,category_default,,
osm:node:8360897936,20,30,60,category_default,,
osm:node:8360897937,20,30,60,category_default,,
osm:node:8360897979,45,60,90,category_default,,
osm:node:8360897981,20,30,60,category_default,,
osm:node:8360966480,45,60,90,category_default,,
osm:node:8361021983,45,60,90,category_default,,
osm:node:8361021984,45,60,90,category_default,,
osm:node:8361021985,45,60,90,category_default,,
osm:node:8361021986,45,60,90,category_default,,
osm:node:8361021988,20,30,60,category_default,,
osm:node:8361021989,45,60,90,category_default,,
osm:node:8361021994,45,60,90,category_default,,
osm:node:8361022003,20,30,60,category_default,,
osm:node:8361022004,20,30,60,category_default,,
osm:node:8361022006,20,30,60,category_default,,
osm:node:8361022007,20,30,60,category_default,,
osm:node:8361022008,45,60,90,category_default,,
osm:node:8361022010,45,60,90,category_default,,
osm:node:8361022011,45,60,90,category_default,,
osm:node:8361022012,20,30,60,category_default,,
osm:node:8361022013,45,60,90,category_default,,
osm:node:8361022014,45,60,90,category_default,,
osm:node:8361038517,45,60,90,category_default,,
osm:node:8361038519,45,60,90,category_default,,
osm:node:8361038520,45,60,90,category_default,,
osm:node:8370443701,20,30,60,category_default,,
osm:node:8370443704,45,60,90,category_default,,
osm:node:8370443706,20,30,60,category_default,,
osm:node:8407277642,20,30,60,category_default,,
osm:node:8422540935,30,60,90,category_default,,
osm:node:8442251580,45,60,90,category_default,,
osm:node:8442251581,45,60,90,category_default,,
osm:node:8442251582,20,30,60,category_default,,
osm:node:8446491618,45,60,90,category_default,,
osm:node:8446491619,45,60,90,category_default,,
osm:node:8474743517,45,60,90,category_default,,
osm:node:8519855378,45,60,90,category_default,,
osm:node:8519952875,20,30,60,category_default,,
osm:node:8519971305,20,30,60,category_default,,
osm:node:8527541117,45,60,90,category_default,,
osm:node:8550864696,45,60,90,category_default,,
osm:node:8552881467,45,60,90,category_default,,
osm:node:8563466264,20,30,60,category_default,,
osm:node:8563466265,45,60,90,category_default,,
osm:node:8563466266,20,30,60,category_default,,
osm:node:8563466267,45,60,90,category_default,,
osm:node:8563466268,20,30,60,category_default,,
osm:node:8602235218,20,30,60,category_default,,
osm:node:8616526718,20,30,60,category_default,,
osm:node:8616526719,20,30,60,category_default,,
osm:node:8616536517,45,60,90,category_default,,
osm:node:8616536518,20,30,60,category_default,,
osm:node:8616536618,20,30,60,category_default,,
osm:node:8616537318,20,30,60,category_default,,
osm:node:8616537417,20,30,60,category_default,,
osm:node:8624261430,45,60,90,category_default,,
osm:node:8631526113,45,60,90,category_default,,
osm:node:8642895211,45,60,90,category_default,,
osm:node:8642895212,45,60,90,category_default,,
osm:node:8642895213,45,60,90,category_default,,
osm:node:8656339979,20,30,60,category_default,,
osm:node:8670852103,20,30,60,category_default,,
osm:node:8681467467,60,120,240,category_default,,
osm:node:8681475359,60,120,240,category_default,,
osm:node:8730613332,20,30,60,category_default,,
osm:node:8736185445,45,60,90,category_default,,
osm:node:8746891238,45,60,90,category_default,,
osm:node:8746891270,45,60,90,category_default,,
osm:node:8746891272,45,60,90,category_default,,
osm:node:8808526689,45,60,90,category_default,,
osm:node:8861967414,45,60,90,category_default,,
osm:node:8883048011,20,30,60,category_default,,
osm:node:8886603909,20,30,60,category_default,,
osm:node:8898835625,45,60,90,category_default,,
osm:node:8900260999,20,30,60,category_default,,
osm:node:8906129445,45,60,90,category_default,,
osm:node:8906132456,45,60,90,category_default,,
osm:node:8906140121,20,30,60,category_default,,
osm:node:8906156035,20,30,60,category_default,,
osm:node:8913119456,45,60,90,category_default,,
osm:node:8926531321,20,30,60,category_default,,
osm:node:8929646295,20,30,60,category_default,,
osm:node:8929706309,20,30,60,category_default,,
osm:node:8938435127,30,60,90,category_default,,
osm:node:8938779418,20,30,60,category_default,,
osm:node:8939472324,20,30,60,category_default,,
osm:node:8939472325,20,30,60,category_default,,
osm:node:8939472327,20,30,60,category_default,,
osm:node:8939472328,20,30,60,category_default,,
osm:node:8939472329,45,60,90,category_default,,
osm:node:8939472330,20,30,60,category_default,,
osm:node:8942732117,20,30,60,category_default,,
osm:node:8994680557,20,30,60,category_default,,
osm:node:9008780595,45,60,90,category_default,,
osm:node:9043797448,20,30,60,category_default,,
osm:node:9087727966,45,60,90,category_default,,
osm:node:9109491917,20,30,60,category_default,,
osm:node:915321863,20,30,60,category_default,,
osm:node:9181828827,45,60,90,category_default,,
osm:node:9237323772,30,60,90,category_default,,
osm:node:9252326517,45,60,90,category_default,,
osm:node:9252326518,45,60,90,category_default,,
osm:node:9252410117,45,60,90,category_default,,
osm:node:9282149617,45,60,90,category_default,,
osm:node:9287629418,20,30,60,category_default,,
osm:node:9290531317,20,30,60,category_default,,
osm:node:9367555791,20,30,60,category_default,,
osm:node:9377994036,45,60,90,category_default,,
osm:node:9391370817,20,30,60,category_default,,
osm:node:9407362504,45,60,90,category_default,,
osm:node:9448868743,20,30,60,category_default,,
osm:node:9458041742,60,120,240,category_default,,
osm:node:9459565251,20,30,60,category_default,,
osm:node:9491530287,60,120,240,category_default,,
osm:node:9498052071,20,30,60,category_default,,
osm:node:9529282481,20,30,60,category_default,,
osm:node:9534009426,45,60,90,category_default,,
osm:node:9534009428,20,30,60,category_default,,
osm:node:9551695377,45,60,90,category_default,,
osm:node:9551695378,45,60,90,category_default,,
osm:node:9551699235,45,60,90,category_default,,
osm:node:9551703841,45,60,90,category_default,,
osm:node:9584817355,45,60,90,category_default,,
osm:node:9584817367,30,60,90,category_default,,
osm:node:9584844935,45,60,90,category_default,,
osm:node:9584989655,20,30,60,category_default,,
osm:node:9585108836,20,30,60,category_default,,
osm:node:9586940674,20,30,60,category_default,,
osm:node:9586940676,45,60,90,category_default,,
osm:node:9586984263,45,60,90,category_default,,
osm:node:9587087000,30,60,90,category_default,,
osm:node:9587296910,20,30,60,category_default,,
osm:node:9593887397,45,60,90,category_default,,
osm:node:9593919773,45,60,90,category_default,,
osm:node:9604775129,60,120,240,category_default,,
osm:node:9624104359,20,30,60,category_default,,
osm:node:9626272532,45,60,90,category_default,,
osm:node:963611886,45,60,90,category_default,,
osm:node:9655304117,20,30,60,category_default,,
osm:node:9655369884,45,60,90,category_default,,
osm:node:9656083375,45,60,90,category_default,,
osm:node:9662382909,45,60,90,category_default,,
osm:node:9667623720,45,60,90,category_default,,
osm:node:9667623721,20,30,60,category_default,,
osm:node:9667843499,20,30,60,category_default,,
osm:node:9669902669,20,30,60,category_default,,
osm:node:9669924735,20,30,60,category_default,,
osm:node:9669947317,20,30,60,category_default,,
osm:node:9671588399,20,30,60,category_default,,
osm:node:9671606211,45,60,90,category_default,,
osm:node:9671622118,20,30,60,category_default,,
osm:node:9673349122,20,30,60,category_default,,
osm:node:9682900196,20,30,60,category_default,,
osm:node:9683275500,45,60,90,category_default,,
osm:node:9687923317,45,60,90,category_default,,
osm:node:9699422017,45,60,90,category_default,,
osm:node:9699422117,45,60,90,category_default,,
osm:node:970139638,20,30,60,category_default,,
osm:node:9726141791,45,60,90,category_default,,
osm:node:9738784253,45,60,90,category_default,,
osm:node:9738797981,20,30,60,category_default,,
osm:node:973961102,45,60,90,category_default,,
osm:node:9753515618,45,60,90,category_default,,
osm:node:9756349317,20,30,60,category_default,,
osm:node:9757194717,20,30,60,category_default,,
osm:node:9757391262,45,60,90,category_default,,
osm:node:9757399340,45,60,90,category_default,,
osm:node:975757197,45,60,90,category_default,,
osm:node:9757683708,45,60,90,category_default,,
osm:node:977647355,45,60,90,category_default,,
osm:node:977668089,45,60,90,category_default,,
osm:node:9789470768,20,30,60,category_default,,
osm:node:9800789973,45,60,90,category_default,,
osm:node:9805222025,20,30,60,category_default,,
osm:node:9805222029,20,30,60,category_default,,
osm:node:9805222030,20,30,60,category_default,,
osm:node:9805222031,20,30,60,category_default,,
osm:node:9805222032,20,30,60,category_default,,
osm:node:9805222034,20,30,60,category_default,,
osm:node:9805222035,20,30,60,category_default,,
osm:node:9805222037,20,30,60,category_default,,
osm:node:9805222038,20,30,60,category_default,,
osm:node:9805222039,20,30,60,category_default,,
osm:node:9805222040,20,30,60,category_default,,
osm:node:9805222042,45,60,90,category_default,,
osm:node:9805222044,20,30,60,category_default,,
osm:node:9805222045,20,30,60,category_default,,
osm:node:9805222047,20,30,60,category_default,,
osm:node:9805222049,20,30,60,category_default,,
osm:node:9805222050,20,30,60,category_default,,
osm:node:9805222051,20,30,60,category_default,,
osm:node:9805222052,20,30,60,category_default,,
osm:node:9805222054,20,30,60,category_default,,
osm:node:9805222058,20,30,60,category_default,,
osm:node:9811836129,20,30,60,category_default,,
osm:node:9840106222,45,60,90,category_default,,
osm:node:9840177170,45,60,90,category_default,,
osm:node:9844633824,30,60,90,category_default,,
osm:node:9847863117,20,30,60,category_default,,
osm:node:9869536950,20,30,60,category_default,,
osm:node:9912896146,45,60,90,category_default,,
osm:node:9912980443,45,60,90,category_default,,
osm:node:9921282484,45,60,90,category_default,,
osm:node:9921286578,20,30,60,category_default,,
osm:node:9921295981,45,60,90,category_default,,
osm:node:9921304858,20,30,60,category_default,,
osm:node:9921308984,45,60,90,category_default,,
osm:node:9921315927,20,30,60,category_default,,
osm:node:9921316241,45,60,90,category_default,,
osm:node:9921321258,45,60,90,category_default,,
osm:node:993037575,20,30,60,category_default,,
osm:node:993037588,20,30,60,category_default,,
osm:node:993037617,45,60,90,category_default,,
osm:node:9931482773,20,30,60,category_default,,
osm:node:9931482774,20,30,60,category_default,,
osm:node:9931504435,45,60,90,category_default,,
osm:node:9931514400,45,60,90,category_default,,
osm:node:9931517984,45,60,90,category_default,,
osm:node:9931517986,45,60,90,category_default,,
osm:node:9931528180,45,60,90,category_default,,
osm:node:9931530763,20,30,60,category_default,,
osm:node:9931531020,45,60,90,category_default,,
osm:node:9931533820,20,30,60,category_default,,
osm:node:9931534179,20,30,60,category_default,,
osm:node:9931536195,45,60,90,category_default,,
osm:node:9931536429,20,30,60,category_default,,
osm:node:9931536924,20,30,60,category_default,,
osm:node:9931538552,20,30,60,category_default,,
osm:node:9931538819,20,30,60,category_default,,
osm:node:9938321717,45,60,90,category_default,,
osm:node:9938322902,20,30,60,category_default,,
osm:node:9942330783,20,30,60,category_default,,
osm:node:9945276817,45,60,90,category_default,,
osm:node:9951113018,20,30,60,category_default,,
osm:node:9951113019,20,30,60,category_default,,
osm:node:9952062617,45,60,90,category_default,,
osm:node:9952063417,20,30,60,category_default,,
osm:node:9952063418,20,30,60,category_default,,
osm:node:9952063519,45,60,90,category_default,,
osm:node:9952063520,20,30,60,category_default,,
osm:node:995391083,20,30,60,category_default,,
osm:node:9959263717,45,60,90,category_default,,
osm:node:9961839403,20,30,60,category_default,,
osm:node:9961849557,20,30,60,category_default,,
osm:node:9961849558,45,60,90,category_default,,
osm:node:9964447763,45,60,90,category_default,,
osm:node:9976457533,30,60,90,category_default,,
osm:node:9976457534,30,60,90,category_default,,
osm:node:997997620,45,60,90,category_default,,
osm:node:9980248162,45,60,90,category_default,,
osm:node:9980248163,45,60,90,category_default,,
osm:node:998227583,45,60,90,category_default,,
osm:node:998227946,20,30,60,category_default,,
osm:node:9998849017,45,60,90,category_default,,
osm:relation:11623141,30,60,90,category_default,,
osm:relation:13129586,60,120,240,category_default,,
osm:relation:16437918,30,60,90,category_default,,
osm:relation:17140360,60,120,240,category_default,,
osm:way:1015725828,20,30,60,category_default,,
osm:way:1024232159,30,60,90,category_default,,
osm:way:1040484285,45,60,90,category_default,,
osm:way:1040765169,45,60,90,category_default,,
osm:way:1040770336,20,30,60,category_default,,
osm:way:1044297775,30,60,90,category_default,,
osm:way:1046114099,20,30,60,category_default,,
osm:way:1046542443,20,30,60,category_default,,
osm:way:1051495392,45,60,90,category_default,,
osm:way:1062770997,30,60,90,category_default,,
osm:way:1063191459,30,60,90,category_default,,
osm:way:1074490447,30,60,90,category_default,,
osm:way:1076716232,30,60,90,category_default,,
osm:way:1076716243,30,60,90,category_default,,
osm:way:1089001007,45,60,90,category_default,,
osm:way:1089984776,30,60,90,category_default,,
osm:way:1100742941,45,60,90,category_default,,
osm:way:1102485874,45,60,90,category_default,,
osm:way:1109970036,45,60,90,category_default,,
osm:way:1114925845,30,60,90,category_default,,
osm:way:1114927597,30,60,90,category_default,,
osm:way:1115091181,45,60,90,category_default,,
osm:way:1115106428,45,60,90,category_default,,
osm:way:1116156201,45,60,90,category_default,,
osm:way:1116246887,30,60,90,category_default,,
osm:way:1116995206,45,60,90,category_default,,
osm:way:1117240270,45,60,90,category_default,,
osm:way:1117765506,45,60,90,category_default,,
osm:way:1119581547,45,60,90,category_default,,
osm:way:1121136902,45,60,90,category_default,,
osm:way:1121237745,45,60,90,category_default,,
osm:way:1121390716,45,60,90,category_default,,
osm:way:1121625791,45,60,90,category_default,,
osm:way:1122930513,30,60,90,category_default,,
osm:way:1143860955,45,60,90,category_default,,
osm:way:1153847221,30,60,90,category_default,,
osm:way:1157172138,30,60,90,category_default,,
osm:way:1163015446,45,60,90,category_default,,
osm:way:1163872123,45,60,90,category_default,,
osm:way:1163872125,20,30,60,category_default,,
osm:way:1164347901,45,60,90,category_default,,
osm:way:1164429696,30,60,90,category_default,,
osm:way:1181242323,30,60,90,category_default,,
osm:way:1181331923,45,60,90,category_default,,
osm:way:1181332013,20,30,60,category_default,,
osm:way:1181332461,20,30,60,category_default,,
osm:way:1183713524,45,60,90,category_default,,
osm:way:1185629560,30,60,90,category_default,,
osm:way:1185901824,30,60,90,category_default,,
osm:way:118614280,30,60,90,category_default,,
osm:way:118672480,45,60,90,category_default,,
osm:way:118672509,30,60,90,category_default,,
osm:way:1187339538,30,60,90,category_default,,
osm:way:1192808464,30,60,90,category_default,,
osm:way:1195179611,30,60,90,category_default,,
osm:way:1196688055,20,30,60,category_default,,
osm:way:1196690243,45,60,90,category_default,,
osm:way:1199796076,30,60,90,category_default,,
osm:way:1202447567,30,60,90,category_default,,
osm:way:1203093570,45,60,90,category_default,,
osm:way:1205394975,45,60,90,category_default,,
osm:way:1206047791,30,60,90,category_default,,
osm:way:1208690134,45,60,90,category_default,,
osm:way:1209822363,20,30,60,category_default,,
osm:way:1210228263,45,60,90,category_default,,
osm:way:1210228284,20,30,60,category_default,,
osm:way:1211287036,20,30,60,category_default,,
osm:way:1212720895,30,60,90,category_default,,
osm:way:1213238763,30,60,90,category_default,,
osm:way:1213883582,30,60,90,category_default,,
osm:way:1213885337,30,60,90,category_default,,
osm:way:1214358075,45,60,90,category_default,,
osm:way:1216770939,45,60,90,category_default,,
osm:way:1216804034,45,60,90,category_default,,
osm:way:1217817532,45,60,90,category_default,,
osm:way:1218337313,45,60,90,category_default,,
osm:way:1218337314,45,60,90,category_default,,
osm:way:1219036302,45,60,90,category_default,,
osm:way:1219438153,45,60,90,category_default,,
osm:way:1219506439,45,60,90,category_default,,
osm:way:1220299340,20,30,60,category_default,,
osm:way:1228248336,45,60,90,category_default,,
osm:way:1229058093,30,60,90,category_default,,
osm:way:1229451581,20,30,60,category_default,,
osm:way:1230610840,45,60,90,category_default,,
osm:way:1231374575,45,60,90,category_default,,
osm:way:1231374576,45,60,90,category_default,,
osm:way:1231374578,20,30,60,category_default,,
osm:way:1231374579,45,60,90,category_default,,
osm:way:1232642188,20,30,60,category_default,,
osm:way:1233838148,45,60,90,category_default,,
osm:way:1233838152,20,30,60,category_default,,
osm:way:1234095160,45,60,90,category_default,,
osm:way:1234095161,20,30,60,category_default,,
osm:way:1234095163,20,30,60,category_default,,
osm:way:1234867600,45,60,90,category_default,,
osm:way:1234867603,45,60,90,category_default,,
osm:way:1234867618,45,60,90,category_default,,
osm:way:1234867619,45,60,90,category_default,,
osm:way:1234955610,20,30,60,category_default,,
osm:way:1234955616,45,60,90,category_default,,
osm:way:1234955626,45,60,90,category_default,,
osm:way:1234955627,45,60,90,category_default,,
osm:way:1235442351,45,60,90,category_default,,
osm:way:1235442357,20,30,60,category_default,,
osm:way:1235442383,45,60,90,category_default,,
osm:way:1235566715,45,60,90,category_default,,
osm:way:1235566725,45,60,90,category_default,,
osm:way:1235566735,20,30,60,category_default,,
osm:way:1236046190,45,60,90,category_default,,
osm:way:1236553908,20,30,60,category_default,,
osm:way:1237224661,45,60,90,category_default,,
osm:way:1237950754,20,30,60,category_default,,
osm:way:1238050544,45,60,90,category_default,,
osm:way:1238258432,45,60,90,category_default,,
osm:way:1238550132,45,60,90,category_default,,
osm:way:1245731730,45,60,90,category_default,,
osm:way:1246805135,45,60,90,category_default,,
osm:way:1246866121,45,60,90,category_default,,
osm:way:1247335541,45,60,90,category_default,,
osm:way:1247540221,45,60,90,category_default,,
osm:way:1247565027,45,60,90,category_default,,
osm:way:1248007872,45,60,90,category_default,,
osm:way:1248885731,45,60,90,category_default,,
osm:way:1249564975,45,60,90,category_default,,
osm:way:1249564999,45,60,90,category_default,,
osm:way:1249565003,45,60,90,category_default,,
osm:way:1251537938,30,60,90,category_default,,
osm:way:1253312189,45,60,90,category_default,,
osm:way:1253325096,45,60,90,category_default,,
osm:way:1253517141,45,60,90,category_default,,
osm:way:1253526774,45,60,90,category_default,,
osm:way:1253526776,45,60,90,category_default,,
osm:way:1253565814,30,60,90,category_default,,
osm:way:1253898522,45,60,90,category_default,,
osm:way:1254526558,20,30,60,category_default,,
osm:way:1255503501,45,60,90,category_default,,
osm:way:1257127598,45,60,90,category_default,,
osm:way:1264582880,45,60,90,category_default,,
osm:way:1280492810,20,30,60,category_default,,
osm:way:1286768581,30,60,90,category_default,,
osm:way:1290426235,20,30,60,category_default,,
osm:way:1292765536,45,60,90,category_default,,
osm:way:1301066740,30,60,90,category_default,,
osm:way:1301715443,20,30,60,category_default,,
osm:way:1301719963,30,60,90,category_default,,
osm:way:1302250723,20,30,60,category_default,,
osm:way:1303713404,45,60,90,category_default,,
osm:way:1305518594,45,60,90,category_default,,
osm:way:1308578267,20,30,60,category_default,,
osm:way:1314179477,45,60,90,category_default,,
osm:way:1314405280,20,30,60,category_default,,
osm:way:1314684506,45,60,90,category_default,,
osm:way:1314684507,45,60,90,category_default,,
osm:way:1314764964,45,60,90,category_default,,
osm:way:1314765335,45,60,90,category_default,,
osm:way:1314768599,45,60,90,category_default,,
osm:way:1316345716,20,30,60,category_default,,
osm:way:1320937043,45,60,90,category_default,,
osm:way:1320937044,45,60,90,category_default,,
osm:way:1322925384,20,30,60,category_default,,
osm:way:1326219930,30,60,90,category_default,,
osm:way:1326231667,30,60,90,category_default,,
osm:way:1326232560,30,60,90,category_default,,
osm:way:1326233277,30,60,90,category_default,,
osm:way:1326234991,30,60,90,category_default,,
osm:way:1326236834,30,60,90,category_default,,
osm:way:1326238459,30,60,90,category_default,,
osm:way:1326266438,30,60,90,category_default,,
osm:way:1326279033,30,60,90,category_default,,
osm:way:1326320368,30,60,90,category_default,,
osm:way:1326324217,30,60,90,category_default,,
osm:way:1326470317,45,60,90,category_default,,
osm:way:1327061635,45,60,90,category_default,,
osm:way:1329845833,45,60,90,category_default,,
osm:way:1329845834,45,60,90,category_default,,
osm:way:1329845837,20,30,60,category_default,,
osm:way:1329845838,20,30,60,category_default,,
osm:way:1329845893,20,30,60,category_default,,
osm:way:1329845909,20,30,60,category_default,,
osm:way:1329845910,20,30,60,category_default,,
osm:way:1329845911,20,30,60,category_default,,
osm:way:1329845915,20,30,60,category_default,,
osm:way:1330098155,45,60,90,category_default,,
osm:way:1330098160,45,60,90,category_default,,
osm:way:1330098161,45,60,90,category_default,,
osm:way:1330098163,45,60,90,category_default,,
osm:way:1330098164,45,60,90,category_default,,
osm:way:1330098165,45,60,90,category_default,,
osm:way:1330098167,45,60,90,category_default,,
osm:way:1330098168,45,60,90,category_default,,
osm:way:1330098170,45,60,90,category_default,,
osm:way:1330108344,45,60,90,category_default,,
osm:way:1330108345,45,60,90,category_default,,
osm:way:1330108346,45,60,90,category_default,,
osm:way:1330108347,45,60,90,category_default,,
osm:way:1330108348,45,60,90,category_default,,
osm:way:1330108349,45,60,90,category_default,,
osm:way:1330108350,45,60,90,category_default,,
osm:way:1330108351,45,60,90,category_default,,
osm:way:1330644994,30,60,90,category_default,,
osm:way:1330858333,45,60,90,category_default,,
osm:way:1331638432,45,60,90,category_default,,
osm:way:1331658926,45,60,90,category_default,,
osm:way:1331658927,45,60,90,category_default,,
osm:way:1331658928,45,60,90,category_default,,
osm:way:1331658929,45,60,90,category_default,,
osm:way:1331658935,45,60,90,category_default,,
osm:way:1331658937,45,60,90,category_default,,
osm:way:1331658938,45,60,90,category_default,,
osm:way:1331658942,45,60,90,category_default,,
osm:way:1331658944,45,60,90,category_default,,
osm:way:1331658950,45,60,90,category_default,,
osm:way:1331658951,45,60,90,category_default,,
osm:way:1331658960,45,60,90,category_default,,
osm:way:1331658968,45,60,90,category_default,,
osm:way:1331658969,20,30,60,category_default,,
osm:way:1331658970,20,30,60,category_default,,
osm:way:1331658978,20,30,60,category_default,,
osm:way:1331658992,45,60,90,category_default,,
osm:way:1331668337,20,30,60,category_default,,
osm:way:1331668338,45,60,90,category_default,,
osm:way:1331668343,45,60,90,category_default,,
osm:way:1331668355,45,60,90,category_default,,
osm:way:1331668357,45,60,90,category_default,,
osm:way:1331668359,45,60,90,category_default,,
osm:way:1331668369,45,60,90,category_default,,
osm:way:1331668370,45,60,90,category_default,,
osm:way:1331668373,45,60,90,category_default,,
osm:way:1331668374,45,60,90,category_default,,
osm:way:1331951049,45,60,90,category_default,,
osm:way:1332811566,30,60,90,category_default,,
osm:way:1350647805,45,60,90,category_default,,
osm:way:1365472868,45,60,90,category_default,,
osm:way:1386928390,45,60,90,category_default,,
osm:way:1386932716,45,60,90,category_default,,
osm:way:1408786497,30,60,90,category_default,,
osm:way:1410835992,20,30,60,category_default,,
osm:way:1415191319,30,60,90,category_default,,
osm:way:1416257146,20,30,60,category_default,,
osm:way:1442969735,20,30,60,category_default,,
osm:way:1448606798,20,30,60,category_default,,
osm:way:1448606799,20,30,60,category_default,,
osm:way:1448606800,45,60,90,category_default,,
osm:way:1451711146,30,60,90,category_default,,
osm:way:1454563862,30,60,90,category_default,,
osm:way:1454693639,20,30,60,category_default,,
osm:way:1455393100,45,60,90,category_default,,
osm:way:1462804113,30,60,90,category_default,,
osm:way:1463165341,45,60,90,category_default,,
osm:way:1463167266,45,60,90,category_default,,
osm:way:1463170014,45,60,90,category_default,,
osm:way:1464442035,20,30,60,category_default,,
osm:way:1464442036,20,30,60,category_default,,
osm:way:1464442037,20,30,60,category_default,,
osm:way:1464442038,20,30,60,category_default,,
osm:way:1464442052,20,30,60,category_default,,
osm:way:1464442053,20,30,60,category_default,,
osm:way:1464442054,20,30,60,category_default,,
osm:way:1464442942,20,30,60,category_default,,
osm:way:1464442943,20,30,60,category_default,,
osm:way:1464442944,20,30,60,category_default,,
osm:way:1464442945,20,30,60,category_default,,
osm:way:1464442947,20,30,60,category_default,,
osm:way:1466555491,30,60,90,category_default,,
osm:way:1468718944,20,30,60,category_default,,
osm:way:1469033564,45,60,90,category_default,,
osm:way:1473300995,45,60,90,category_default,,
osm:way:1476908971,45,60,90,category_default,,
osm:way:1481487712,45,60,90,category_default,,
osm:way:1481770886,30,60,90,category_default,,
osm:way:1482440123,30,60,90,category_default,,
osm:way:1484919512,45,60,90,category_default,,
osm:way:1484919513,20,30,60,category_default,,
osm:way:1484923274,45,60,90,category_default,,
osm:way:1489328680,20,30,60,category_default,,
osm:way:1489328681,45,60,90,category_default,,
osm:way:1497353878,30,60,90,category_default,,
osm:way:1497495682,20,30,60,category_default,,
osm:way:1498073029,45,60,90,category_default,,
osm:way:1508726333,30,60,90,category_default,,
osm:way:1516389781,30,60,90,category_default,,
osm:way:1518794391,20,30,60,category_default,,
osm:way:1521190136,45,60,90,category_default,,
osm:way:1524902076,30,60,90,category_default,,
osm:way:1527121724,30,60,90,category_default,,
osm:way:1529746177,30,60,90,category_default,,
osm:way:1535565789,45,60,90,category_default,,
osm:way:1535565790,20,30,60,category_default,,
osm:way:1535565791,45,60,90,category_default,,
osm:way:1537470845,30,60,90,category_default,,
osm:way:1541277103,45,60,90,category_default,,
osm:way:1541314407,30,60,90,category_default,,
osm:way:1546761141,30,60,90,category_default,,
osm:way:1551512248,30,60,90,category_default,,
osm:way:1551512249,30,60,90,category_default,,
osm:way:1551512250,30,60,90,category_default,,
osm:way:1551512251,30,60,90,category_default,,
osm:way:1551512253,30,60,90,category_default,,
osm:way:1551512255,30,60,90,category_default,,
osm:way:1551512256,30,60,90,category_default,,
osm:way:1551512257,30,60,90,category_default,,
osm:way:1551522686,30,60,90,category_default,,
osm:way:1551522687,30,60,90,category_default,,
osm:way:1551522688,30,60,90,category_default,,
osm:way:1551522690,30,60,90,category_default,,
osm:way:1551522691,30,60,90,category_default,,
osm:way:1551522692,30,60,90,category_default,,
osm:way:1553343147,45,60,90,category_default,,
osm:way:1556362196,30,60,90,category_default,,
osm:way:210931546,30,60,90,category_default,,
osm:way:211077246,45,60,90,category_default,,
osm:way:212193605,45,60,90,category_default,,
osm:way:212215308,20,30,60,category_default,,
osm:way:244377898,30,60,90,category_default,,
osm:way:251612236,30,60,90,category_default,,
osm:way:28847036,30,60,90,category_default,,
osm:way:303193771,30,60,90,category_default,,
osm:way:303341680,45,60,90,category_default,,
osm:way:316236687,30,60,90,category_default,,
osm:way:320722815,45,60,90,category_default,,
osm:way:344262457,30,60,90,category_default,,
osm:way:35952504,30,60,90,category_default,,
osm:way:372172906,30,60,90,category_default,,
osm:way:406780032,30,60,90,category_default,,
osm:way:421716837,20,30,60,category_default,,
osm:way:429019192,30,60,90,category_default,,
osm:way:479832688,30,60,90,category_default,,
osm:way:487142233,30,60,90,category_default,,
osm:way:500861127,45,60,90,category_default,,
osm:way:532520411,30,60,90,category_default,,
osm:way:549343300,45,60,90,category_default,,
osm:way:550534421,45,60,90,category_default,,
osm:way:554812092,45,60,90,category_default,,
osm:way:554812113,20,30,60,category_default,,
osm:way:554812131,45,60,90,category_default,,
osm:way:554812145,20,30,60,category_default,,
osm:way:565189676,45,60,90,category_default,,
osm:way:565277229,45,60,90,category_default,,
osm:way:565280048,45,60,90,category_default,,
osm:way:565284672,20,30,60,category_default,,
osm:way:565321009,45,60,90,category_default,,
osm:way:565438289,20,30,60,category_default,,
osm:way:565581385,30,60,90,category_default,,
osm:way:565591544,45,60,90,category_default,,
osm:way:565592783,45,60,90,category_default,,
osm:way:568394248,30,60,90,category_default,,
osm:way:570571437,30,60,90,category_default,,
osm:way:570587788,30,60,90,category_default,,
osm:way:573038806,30,60,90,category_default,,
osm:way:577608624,45,60,90,category_default,,
osm:way:584737035,30,60,90,category_default,,
osm:way:593636098,30,60,90,category_default,,
osm:way:596222866,45,60,90,category_default,,
osm:way:596494804,20,30,60,category_default,,
osm:way:598875577,20,30,60,category_default,,
osm:way:598908720,45,60,90,category_default,,
osm:way:598914642,45,60,90,category_default,,
osm:way:616910526,20,30,60,category_default,,
osm:way:622734393,45,60,90,category_default,,
osm:way:622734446,30,60,90,category_default,,
osm:way:624211479,30,60,90,category_default,,
osm:way:624371139,30,60,90,category_default,,
osm:way:626704909,20,30,60,category_default,,
osm:way:626704911,45,60,90,category_default,,
osm:way:631732355,20,30,60,category_default,,
osm:way:632030501,20,30,60,category_default,,
osm:way:633559431,30,60,90,category_default,,
osm:way:645296158,30,60,90,category_default,,
osm:way:650440567,30,60,90,category_default,,
osm:way:659860833,30,60,90,category_default,,
osm:way:659915520,30,60,90,category_default,,
osm:way:660703617,30,60,90,category_default,,
osm:way:660703679,30,60,90,category_default,,
osm:way:660703726,30,60,90,category_default,,
osm:way:661138415,30,60,90,category_default,,
osm:way:675842233,45,60,90,category_default,,
osm:way:675940105,30,60,90,category_default,,
osm:way:691424466,45,60,90,category_default,,
osm:way:692331785,45,60,90,category_default,,
osm:way:692331788,45,60,90,category_default,,
osm:way:694309399,20,30,60,category_default,,
osm:way:694479626,45,60,90,category_default,,
osm:way:694479630,20,30,60,category_default,,
osm:way:697572020,20,30,60,category_default,,
osm:way:698046892,30,60,90,category_default,,
osm:way:698273221,30,60,90,category_default,,
osm:way:698776690,20,30,60,category_default,,
osm:way:699065704,30,60,90,category_default,,
osm:way:699218395,30,60,90,category_default,,
osm:way:699905182,30,60,90,category_default,,
osm:way:700620993,45,60,90,category_default,,
osm:way:700627459,30,60,90,category_default,,
osm:way:700671941,30,60,90,category_default,,
osm:way:702456227,30,60,90,category_default,,
osm:way:702790716,45,60,90,category_default,,
osm:way:702889626,45,60,90,category_default,,
osm:way:702933226,20,30,60,category_default,,
osm:way:704159180,30,60,90,category_default,,
osm:way:704159193,30,60,90,category_default,,
osm:way:704250708,30,60,90,category_default,,
osm:way:704292524,30,60,90,category_default,,
osm:way:704292579,30,60,90,category_default,,
osm:way:708521401,20,30,60,category_default,,
osm:way:708550660,45,60,90,category_default,,
osm:way:726957582,20,30,60,category_default,,
osm:way:754677601,45,60,90,category_default,,
osm:way:755377951,30,60,90,category_default,,
osm:way:760598151,45,60,90,category_default,,
osm:way:762785874,30,60,90,category_default,,
osm:way:766661866,30,60,90,category_default,,
osm:way:766661970,30,60,90,category_default,,
osm:way:766662002,30,60,90,category_default,,
osm:way:768420549,30,60,90,category_default,,
osm:way:768696755,30,60,90,category_default,,
osm:way:769918654,30,60,90,category_default,,
osm:way:780466790,30,60,90,category_default,,
osm:way:791093474,30,60,90,category_default,,
osm:way:792406384,20,30,60,category_default,,
osm:way:792416732,30,60,90,category_default,,
osm:way:793093676,30,60,90,category_default,,
osm:way:824889327,45,60,90,category_default,,
osm:way:826025418,45,60,90,category_default,,
osm:way:826041747,45,60,90,category_default,,
osm:way:840803809,30,60,90,category_default,,
osm:way:840867180,30,60,90,category_default,,
osm:way:841374806,45,60,90,category_default,,
osm:way:842611509,30,60,90,category_default,,
osm:way:856836407,30,60,90,category_default,,
osm:way:858242837,45,60,90,category_default,,
osm:way:863472429,45,60,90,category_default,,
osm:way:863793823,20,30,60,category_default,,
osm:way:866521399,20,30,60,category_default,,
osm:way:880260998,30,60,90,category_default,,
osm:way:885744701,30,60,90,category_default,,
osm:way:888367936,30,60,90,category_default,,
osm:way:892560481,45,60,90,category_default,,
osm:way:892577121,45,60,90,category_default,,
osm:way:892577129,45,60,90,category_default,,
osm:way:892577131,45,60,90,category_default,,
osm:way:892577134,45,60,90,category_default,,
osm:way:892577135,45,60,90,category_default,,
osm:way:892577138,45,60,90,category_default,,
osm:way:892577146,45,60,90,category_default,,
osm:way:892577148,45,60,90,category_default,,
osm:way:892577159,45,60,90,category_default,,
osm:way:892577165,45,60,90,category_default,,
osm:way:892577166,20,30,60,category_default,,
osm:way:892577169,45,60,90,category_default,,
osm:way:892577186,45,60,90,category_default,,
osm:way:892577192,45,60,90,category_default,,
osm:way:892577193,45,60,90,category_default,,
osm:way:892577199,45,60,90,category_default,,
osm:way:892577204,45,60,90,category_default,,
osm:way:892577219,45,60,90,category_default,,
osm:way:892577224,20,30,60,category_default,,
osm:way:892577246,45,60,90,category_default,,
osm:way:892577259,45,60,90,category_default,,
osm:way:892577261,45,60,90,category_default,,
osm:way:892577273,45,60,90,category_default,,
osm:way:892577282,45,60,90,category_default,,
osm:way:892577283,45,60,90,category_default,,
osm:way:892577299,45,60,90,category_default,,
osm:way:892577307,45,60,90,category_default,,
osm:way:892577308,45,60,90,category_default,,
osm:way:892577314,45,60,90,category_default,,
osm:way:892577330,45,60,90,category_default,,
osm:way:892577332,45,60,90,category_default,,
osm:way:892577336,45,60,90,category_default,,
osm:way:892577337,45,60,90,category_default,,
osm:way:892577339,45,60,90,category_default,,
osm:way:892577356,45,60,90,category_default,,
osm:way:892577357,45,60,90,category_default,,
osm:way:892577365,45,60,90,category_default,,
osm:way:892577374,45,60,90,category_default,,
osm:way:892577376,45,60,90,category_default,,
osm:way:892577379,45,60,90,category_default,,
osm:way:892577387,45,60,90,category_default,,
osm:way:892577392,45,60,90,category_default,,
osm:way:892577396,45,60,90,category_default,,
osm:way:892577409,45,60,90,category_default,,
osm:way:892577415,45,60,90,category_default,,
osm:way:892577421,45,60,90,category_default,,
osm:way:892577430,45,60,90,category_default,,
osm:way:892577439,45,60,90,category_default,,
osm:way:897568869,30,60,90,category_default,,
osm:way:898226383,20,30,60,category_default,,
osm:way:898226385,45,60,90,category_default,,
osm:way:898226393,45,60,90,category_default,,
osm:way:898226398,45,60,90,category_default,,
osm:way:898226408,45,60,90,category_default,,
osm:way:898540573,45,60,90,category_default,,
osm:way:899088406,45,60,90,category_default,,
osm:way:899221538,45,60,90,category_default,,
osm:way:899221539,45,60,90,category_default,,
osm:way:899221540,45,60,90,category_default,,
osm:way:899221543,45,60,90,category_default,,
osm:way:899221544,45,60,90,category_default,,
osm:way:899221545,20,30,60,category_default,,
osm:way:899387339,45,60,90,category_default,,
osm:way:899388714,30,60,90,category_default,,
osm:way:899459050,45,60,90,category_default,,
osm:way:899514888,45,60,90,category_default,,
osm:way:899514939,45,60,90,category_default,,
osm:way:899514940,45,60,90,category_default,,
osm:way:899514942,45,60,90,category_default,,
osm:way:899514943,45,60,90,category_default,,
osm:way:899514944,45,60,90,category_default,,
osm:way:899514947,45,60,90,category_default,,
osm:way:899514953,45,60,90,category_default,,
osm:way:899514954,45,60,90,category_default,,
osm:way:899514955,45,60,90,category_default,,
osm:way:899514956,45,60,90,category_default,,
osm:way:899514957,45,60,90,category_default,,
osm:way:899514958,45,60,90,category_default,,
osm:way:899514960,45,60,90,category_default,,
osm:way:899514961,45,60,90,category_default,,
osm:way:899514962,45,60,90,category_default,,
osm:way:899514985,45,60,90,category_default,,
osm:way:899514987,45,60,90,category_default,,
osm:way:899514988,45,60,90,category_default,,
osm:way:899514992,45,60,90,category_default,,
osm:way:899514993,45,60,90,category_default,,
osm:way:899679880,45,60,90,category_default,,
osm:way:899679881,20,30,60,category_default,,
osm:way:899679882,45,60,90,category_default,,
osm:way:904135121,20,30,60,category_default,,
osm:way:904729843,45,60,90,category_default,,
osm:way:904729844,45,60,90,category_default,,
osm:way:904729846,45,60,90,category_default,,
osm:way:904729849,20,30,60,category_default,,
osm:way:904729850,20,30,60,category_default,,
osm:way:904729857,45,60,90,category_default,,
osm:way:916528072,30,60,90,category_default,,
osm:way:921987261,30,60,90,category_default,,
osm:way:930229621,30,60,90,category_default,,
osm:way:934948236,45,60,90,category_default,,
osm:way:934950868,45,60,90,category_default,,
osm:way:934950869,45,60,90,category_default,,
osm:way:935011368,45,60,90,category_default,,
osm:way:939812622,30,60,90,category_default,,
osm:way:943911446,30,60,90,category_default,,
osm:way:944825022,20,30,60,category_default,,
osm:way:957452577,30,60,90,category_default,,
osm:way:958560268,45,60,90,category_default,,
osm:way:962831140,20,30,60,category_default,,
osm:way:965690839,45,60,90,category_default,,
osm:way:965816709,30,60,90,category_default,,
osm:way:965945328,30,60,90,category_default,,
osm:way:966381879,45,60,90,category_default,,
osm:way:966677777,20,30,60,category_default,,
osm:way:967022598,30,60,90,category_default,,
osm:way:993260889,20,30,60,category_default,,
osm:way:993444957,20,30,60,category_default,,
osm:way:993445260,20,30,60,category_default,,
osm:way:993445627,45,60,90,category_default,,
osm:way:37625751,45,90,150,curated_planning_estimate,obs:442c5e1e5975c84ea5772bf6,
osm:way:696913691,90,150,240,curated_planning_estimate,obs:ae3a48cb7f16c6b6e04e6da1,
osm:way:339936730,90,150,240,curated_planning_estimate,obs:b672a881b545665ba404ec4d,
osm:way:340128580,60,90,150,curated_planning_estimate,obs:6d051f755d48fa68fba7d37f,
osm:way:697326496,20,35,60,curated_planning_estimate,obs:832bc25ba91ad6d50a8bf354,
osm:way:704147278,60,90,150,curated_planning_estimate,obs:210d26c7afd40f0a8b3f29da,
osm:way:1148571536,90,150,240,curated_planning_estimate,obs:5822ed2271df2c93aaef8f1e,
osm:way:178995262,30,60,90,curated_planning_estimate,obs:6cee20a39119991dcea53687,
osm:way:220302249,30,60,90,curated_planning_estimate,obs:6ff06032519adbc4725dfd68,
osm:way:28912942,20,40,60,curated_planning_estimate,obs:3381bf149bd6cffc891d818f,
osm:way:208255133,60,120,180,curated_planning_estimate,obs:2e68ec96dbfb10a46e245d48,
osm:node:5406262022,45,75,120,curated_planning_estimate,obs:03fed3766952a561a48f926e,
osm:way:1212230635,45,90,150,curated_planning_estimate,obs:e1368eab3ff33d8c3566f005,
osm:relation:17148894,240,360,480,curated_planning_estimate,obs:707427a387bbe5d190dcb0cb,
osm:way:37933050,30,90,180,curated_planning_estimate,obs:8a5c69cc803ae81726e42e3f,
osm:way:359114064,300,480,600,curated_planning_estimate,obs:3c62ccfe26e12ad16a54724f,
osm:relation:8552348,120,180,300,curated_planning_estimate,obs:3943ab2b1252c2189bb77d08,
osm:way:302872188,60,90,150,curated_planning_estimate,obs:30dec71853dd749e8e4ed4ae,
osm:way:198804483,180,300,420,curated_planning_estimate,obs:abb613c5698d4c41f32b4a8c,
osm:way:694831926,30,60,120,curated_planning_estimate,obs:3b88ebddae86864dc25d53cd,
osm:relation:7055216,180,300,420,curated_planning_estimate,obs:a618d2d4ab2a170fc143b64e,
osm:way:486703049,45,90,150,curated_planning_estimate,obs:45b42959e7ee784b19cb1ca4,
osm:way:14131302,180,300,420,curated_planning_estimate,obs:b640a6bf9d189c4e41deff3c,
osm:way:782381624,300,480,600,curated_planning_estimate,obs:a3a77cc8d1f040564156dddc,
osm:way:1368599361,60,90,150,curated_planning_estimate,obs:12452303fa33acc66abf2834,
osm:way:204885903,45,90,150,curated_planning_estimate,obs:e87dfc915246dd6c41d1c6d3,
osm:way:204790989,60,120,180,curated_planning_estimate,obs:8b0847d4cd3d9692d3676f49,
osm:node:4171964390,90,180,300,curated_planning_estimate,obs:ab38b1b8708b25e785d51b45,
osm:node:4171971289,90,180,300,curated_planning_estimate,obs:db364504f2d7414512966e2a,
osm:node:10709724107,60,120,240,curated_planning_estimate,obs:918cef0798e0c64a863e9069,
osm:relation:19000664,60,120,240,curated_planning_estimate,obs:00c0233fed709c7de8423b00,
poi-google:3aac3427ee25b18a817027e9,120,240,360,curated_planning_estimate,obs:1c1f52335ef3030d6f4804ec,
poi-google:270efa89c4fa1b1bdeb4cdcd,20,40,75,curated_planning_estimate,obs:2f1fb0296854b9ec4153c880,
