interval_id,poi_id,day_of_week,specific_date,status,open_minute,close_minute,closes_next_day,observation_id
hours:828aa72c7756c7c78a437ae7,osm:node:10154412164,0,,open,510,1080,0,obs:0e695ffd2904854f5930c5d6
hours:a5b4e61a83135861dc145826,osm:node:10154412164,1,,open,510,1080,0,obs:0e695ffd2904854f5930c5d6
hours:892ed4657751c4c93813ab37,osm:node:10154412164,2,,open,510,1080,0,obs:0e695ffd2904854f5930c5d6
hours:76f83c03889d59cad9a92fff,osm:node:10154412164,3,,open,510,1080,0,obs:0e695ffd2904854f5930c5d6
hours:acc656de29e0575cb6f39a5e,osm:node:10154412164,4,,open,510,1080,0,obs:0e695ffd2904854f5930c5d6
hours:54e986c446934254e36fa775,osm:node:10154412164,5,,open,510,1080,0,obs:0e695ffd2904854f5930c5d6
hours:07b67064c6ae5bab3c80109c,osm:node:10154412164,6,,open,510,1080,0,obs:0e695ffd2904854f5930c5d6
hours:3de9fafa7ad366880b9d06d8,osm:node:10743134758,0,,open,0,1440,0,obs:57ec1322755ce14ad67312bd
hours:71fdb94000d3895eb7ec7145,osm:node:10743134758,1,,open,0,1440,0,obs:57ec1322755ce14ad67312bd
hours:d02688c3b0ccae7ee38e373d,osm:node:10743134758,2,,open,0,1440,0,obs:57ec1322755ce14ad67312bd
hours:aa283e88a418f092c422c01f,osm:node:10743134758,3,,open,0,1440,0,obs:57ec1322755ce14ad67312bd
hours:8dae654d2b9e637046b62b02,osm:node:10743134758,4,,open,0,1440,0,obs:57ec1322755ce14ad67312bd
hours:c392f04f49992c621a25a6e3,osm:node:10743134758,5,,open,0,1440,0,obs:57ec1322755ce14ad67312bd
hours:eec361a723e13a618abddc37,osm:node:10743134758,6,,open,0,1440,0,obs:57ec1322755ce14ad67312bd
hours:ff94c5e4f87cd4ab983ff464,osm:node:10798553205,0,,open,0,1440,0,obs:84f7843dea5f128ee2539c73
hours:9451dd80a2ab968eee4905b1,osm:node:10798553205,1,,open,0,1440,0,obs:84f7843dea5f128ee2539c73
hours:96e28d07a071cadc12bbd014,osm:node:10798553205,2,,open,0,1440,0,obs:84f7843dea5f128ee2539c73
hours:7c292b8fe9c1c6e77def3aaf,osm:node:10798553205,3,,open,0,1440,0,obs:84f7843dea5f128ee2539c73
hours:c16a04fc0053de84c9b4cc52,osm:node:10798553205,4,,open,0,1440,0,obs:84f7843dea5f128ee2539c73
hours:115d72342928d99fef5eb615,osm:node:10798553205,5,,open,0,1440,0,obs:84f7843dea5f128ee2539c73
hours:8a19f2d84bc0a86bb127e7f7,osm:node:10798553205,6,,open,0,1440,0,obs:84f7843dea5f128ee2539c73
hours:626d7d1fafa09d88bcd8f3d0,osm:node:10820819105,0,,open,0,1440,0,obs:fafbda70d7fb2ec930ee93ab
hours:6ae448855a8c7a0c9fea3e39,osm:node:10820819105,1,,open,0,1440,0,obs:fafbda70d7fb2ec930ee93ab
hours:0cf59b78dc3ceea875fcacb4,osm:node:10820819105,2,,open,0,1440,0,obs:fafbda70d7fb2ec930ee93ab
hours:200383c8aa650a49989fbd22,osm:node:10820819105,3,,open,0,1440,0,obs:fafbda70d7fb2ec930ee93ab
hours:6c018bbfcbb895a0f80de99e,osm:node:10820819105,4,,open,0,1440,0,obs:fafbda70d7fb2ec930ee93ab
hours:6399f16bc3fd4a0555edc9cb,osm:node:10820819105,5,,open,0,1440,0,obs:fafbda70d7fb2ec930ee93ab
hours:1b37487c8ab77af25253cb9b,osm:node:10820819105,6,,open,0,1440,0,obs:fafbda70d7fb2ec930ee93ab
hours:7ac9af52ac8cc8ae51273982,osm:node:10833873535,0,,open,0,1440,0,obs:326d84cae9e16e28762c01c3
hours:e72ff18c2e5ef8429ea59a88,osm:node:10833873535,1,,open,0,1440,0,obs:326d84cae9e16e28762c01c3
hours:6f77d7224014940b370d0792,osm:node:10833873535,2,,open,0,1440,0,obs:326d84cae9e16e28762c01c3
hours:d3b1e3be00704149034effbf,osm:node:10833873535,3,,open,0,1440,0,obs:326d84cae9e16e28762c01c3
hours:1db95768a95249929a988f69,osm:node:10833873535,4,,open,0,1440,0,obs:326d84cae9e16e28762c01c3
hours:0d1279828d2a5f70edd92ac6,osm:node:10833873535,5,,open,0,1440,0,obs:326d84cae9e16e28762c01c3
hours:f9bb0cd24e3a115c1d780e76,osm:node:10833873535,6,,open,0,1440,0,obs:326d84cae9e16e28762c01c3
hours:1ba6cf5e80b28e05d76a834d,osm:node:10856722509,0,,open,360,1200,0,obs:ece02607d2a340b5a1191942
hours:e6251906b02984efc9b62eb5,osm:node:10856722509,1,,open,360,1200,0,obs:ece02607d2a340b5a1191942
hours:28c6ab42af9280e2a61da698,osm:node:10856722509,2,,open,360,1200,0,obs:ece02607d2a340b5a1191942
hours:1ab40e6f62d138ae0fce4b2e,osm:node:10856722509,3,,open,360,1200,0,obs:ece02607d2a340b5a1191942
hours:901a1b9e9b30a164c55c1863,osm:node:10856722509,4,,open,360,1200,0,obs:ece02607d2a340b5a1191942
hours:b953759e33932054342c385c,osm:node:10856722509,5,,open,360,1200,0,obs:ece02607d2a340b5a1191942
hours:ac4359a1a99c835ee4711c55,osm:node:10856722509,6,,open,360,1200,0,obs:ece02607d2a340b5a1191942
hours:856fe4eb71de52969c6cbe4a,osm:node:11040495502,0,,open,540,1200,0,obs:adfc8ff54d53717d049e5707
hours:a5819bf09b731f60d70f0ff8,osm:node:11040495502,1,,open,540,1200,0,obs:adfc8ff54d53717d049e5707
hours:0d8ad42d37dd9832f531b844,osm:node:11040495502,2,,open,540,1200,0,obs:adfc8ff54d53717d049e5707
hours:c7a8dbad3cb44aa093c59598,osm:node:11040495502,3,,open,540,1200,0,obs:adfc8ff54d53717d049e5707
hours:e685c2f6cd99809d4fe2c001,osm:node:11040495502,4,,open,540,1200,0,obs:adfc8ff54d53717d049e5707
hours:ce264777466ac3f0a6eaf674,osm:node:11040495502,5,,open,540,1200,0,obs:adfc8ff54d53717d049e5707
hours:14b93e944b5aeabf38fa1b60,osm:node:11040495502,6,,open,540,1200,0,obs:adfc8ff54d53717d049e5707
hours:0c032df0ea15839293e94004,osm:node:11425562478,0,,open,1140,1320,0,obs:a3844fe0b693f9883fa3a18a
hours:e27a90139a78b0eb4ede9c23,osm:node:11425562478,1,,open,1140,1320,0,obs:a3844fe0b693f9883fa3a18a
hours:47007ca320b0ce3550213c3c,osm:node:11425562478,2,,open,1140,1320,0,obs:a3844fe0b693f9883fa3a18a
hours:c71eb1276f03f0fd296c8f02,osm:node:11425562478,3,,open,1140,1320,0,obs:a3844fe0b693f9883fa3a18a
hours:65d135d17381154f3d968a61,osm:node:11425562478,4,,open,1140,1320,0,obs:a3844fe0b693f9883fa3a18a
hours:9745d668de44619d0479b9d6,osm:node:11425562478,5,,open,1140,1320,0,obs:a3844fe0b693f9883fa3a18a
hours:b783eac91252928850bd7147,osm:node:11425562478,6,,open,1140,1320,0,obs:a3844fe0b693f9883fa3a18a
hours:ffbde9a68586012c3d040577,osm:node:11478369608,0,,open,360,1260,0,obs:5ff6ed75997edc39dd60d0c9
hours:3d67619dee84edbb5bc663cd,osm:node:11478369608,1,,open,360,1260,0,obs:5ff6ed75997edc39dd60d0c9
hours:46e2833c88c982b8374bc62b,osm:node:11478369608,2,,open,360,1260,0,obs:5ff6ed75997edc39dd60d0c9
hours:2783fa5b926645ddff876a3e,osm:node:11478369608,3,,open,360,1260,0,obs:5ff6ed75997edc39dd60d0c9
hours:fd931246968c4a6485e6f715,osm:node:11478369608,4,,open,360,1260,0,obs:5ff6ed75997edc39dd60d0c9
hours:efb6bad17bb374f9921ab5de,osm:node:11478369608,5,,open,360,1260,0,obs:5ff6ed75997edc39dd60d0c9
hours:b6205373badf4cfded6e95c3,osm:node:11478369608,6,,open,360,1260,0,obs:5ff6ed75997edc39dd60d0c9
hours:bb857ac8c661b906b826be16,osm:node:1152345096,0,,open,480,1080,0,obs:4a72501a3dc6a88e8732a4df
hours:513a60a1cf94ead67eea7996,osm:node:1152345096,1,,open,480,1080,0,obs:4a72501a3dc6a88e8732a4df
hours:9e35fb8c59778b11f54560ec,osm:node:1152345096,2,,open,480,1080,0,obs:4a72501a3dc6a88e8732a4df
hours:334185d1c211c681c3693f2d,osm:node:1152345096,3,,open,480,1080,0,obs:4a72501a3dc6a88e8732a4df
hours:9a6a5167f8d879b899d597b3,osm:node:1152345096,4,,open,480,1080,0,obs:4a72501a3dc6a88e8732a4df
hours:54045853b70a7eb153a5d84d,osm:node:1152345096,5,,open,480,1080,0,obs:4a72501a3dc6a88e8732a4df
hours:e7b78936bfa575f1019fbc55,osm:node:1152345096,6,,open,480,1080,0,obs:4a72501a3dc6a88e8732a4df
hours:78204541da9ed096a4555639,osm:node:1152350875,0,,open,435,690,0,obs:d3901cb2d283ff997a8f0ccf
hours:16b99716974542952ae7dbea,osm:node:1152350875,0,,open,810,1020,0,obs:d3901cb2d283ff997a8f0ccf
hours:eec3d6f7df08feec85739ab1,osm:node:1152350875,1,,open,435,690,0,obs:d3901cb2d283ff997a8f0ccf
hours:1e040f3fffe031d1492f009e,osm:node:1152350875,1,,open,810,1020,0,obs:d3901cb2d283ff997a8f0ccf
hours:8855b05e21d5cc96a706513b,osm:node:1152350875,2,,open,435,690,0,obs:d3901cb2d283ff997a8f0ccf
hours:d21adcb9fe98f21848dfca38,osm:node:1152350875,2,,open,810,1020,0,obs:d3901cb2d283ff997a8f0ccf
hours:ce4e30cc3c58fd872b0392c9,osm:node:1152350875,3,,open,435,690,0,obs:d3901cb2d283ff997a8f0ccf
hours:c5587b34d1127f1c5619ca28,osm:node:1152350875,3,,open,810,1020,0,obs:d3901cb2d283ff997a8f0ccf
hours:79c0a997db02d1e624a3fde9,osm:node:1152350875,4,,open,435,690,0,obs:d3901cb2d283ff997a8f0ccf
hours:1a43c9c292fc52055bf140af,osm:node:1152350875,4,,open,810,1020,0,obs:d3901cb2d283ff997a8f0ccf
hours:f85a02f838447c33230e29c4,osm:node:1152350875,5,,open,435,690,0,obs:d3901cb2d283ff997a8f0ccf
hours:15a87bdcd66a58d4129ad6eb,osm:node:1152350875,5,,open,810,1020,0,obs:d3901cb2d283ff997a8f0ccf
hours:2d2f84b629179e60c42db83e,osm:node:1152350875,6,,open,435,690,0,obs:d3901cb2d283ff997a8f0ccf
hours:e694dda59a03386e5f5f4625,osm:node:1152350875,6,,open,810,1020,0,obs:d3901cb2d283ff997a8f0ccf
hours:553a644af7a1ca79f31fb245,osm:node:11536736969,0,,open,450,1020,0,obs:ccba768170bb60d713c6b47f
hours:1feecaaec88e530c21d83ef0,osm:node:11536736969,1,,open,450,1020,0,obs:ccba768170bb60d713c6b47f
hours:5058fb421f92615775533a23,osm:node:11536736969,2,,open,450,1020,0,obs:ccba768170bb60d713c6b47f
hours:d66b75132a4b91b4bf9a6440,osm:node:11536736969,3,,open,450,1020,0,obs:ccba768170bb60d713c6b47f
hours:a6e89a37cf2d1647039a83d8,osm:node:11536736969,4,,open,450,1020,0,obs:ccba768170bb60d713c6b47f
hours:ea791032f0744726d77bfb53,osm:node:11536736969,5,,open,450,1020,0,obs:ccba768170bb60d713c6b47f
hours:99d0958b3d2d89b26fc95a0b,osm:node:11536736969,6,,open,450,1020,0,obs:ccba768170bb60d713c6b47f
hours:c906ebdf872b619c078c3f5c,osm:node:11601268350,6,,open,780,1110,0,obs:63040aaa898f5938a9274c23
hours:e3ed9a4950b4b81d5229d748,osm:node:11871599148,0,,open,480,1260,0,obs:7312253feb0f2fce48cdb3e2
hours:1fd6b3b003db88bfeae9b68a,osm:node:11871599148,1,,open,480,1260,0,obs:7312253feb0f2fce48cdb3e2
hours:fd0b2971251a8031019a5e09,osm:node:11871599148,2,,open,480,1260,0,obs:7312253feb0f2fce48cdb3e2
hours:b6739d6f5b90aa1777906112,osm:node:11871599148,3,,open,480,1260,0,obs:7312253feb0f2fce48cdb3e2
hours:9aa86cdf69273921bac8cf22,osm:node:11871599148,4,,open,480,1260,0,obs:7312253feb0f2fce48cdb3e2
hours:9187c6c28ebbb74ad35e69c6,osm:node:11871599148,5,,open,480,1260,0,obs:7312253feb0f2fce48cdb3e2
hours:dbfae91ff9535d4c60f6a210,osm:node:11871599148,6,,open,480,1260,0,obs:7312253feb0f2fce48cdb3e2
hours:bb35bc186d97cd14ea7c117e,osm:node:11896339273,1,,open,480,1020,0,obs:a7b0a72d2c6b10018583518a
hours:2e0010fda98a0a227a9c4793,osm:node:11896339273,2,,open,480,1020,0,obs:a7b0a72d2c6b10018583518a
hours:728522d99020cc975a2d5b8c,osm:node:11896339273,3,,open,480,1020,0,obs:a7b0a72d2c6b10018583518a
hours:1c375930b3675fb47a09e3c5,osm:node:11896339273,4,,open,480,1020,0,obs:a7b0a72d2c6b10018583518a
hours:d95a8edaf2027cc5f58930fc,osm:node:11896339273,5,,open,480,1020,0,obs:a7b0a72d2c6b10018583518a
hours:4efc6e4b1076bc754076cdd9,osm:node:11896339273,6,,open,480,1020,0,obs:a7b0a72d2c6b10018583518a
hours:dc26d14e66a61ec4a225aab4,osm:node:11929829169,0,,open,450,1020,0,obs:ebad43238a3732992dd08808
hours:23633dabf489445b450f2858,osm:node:11929829169,1,,open,450,1020,0,obs:ebad43238a3732992dd08808
hours:ed5e7a9930da9e865eb3b7d8,osm:node:11929829169,2,,open,450,1020,0,obs:ebad43238a3732992dd08808
hours:cad52fb1893731fbde102633,osm:node:11929829169,3,,open,450,1020,0,obs:ebad43238a3732992dd08808
hours:7422197d64ab3ba0386596ad,osm:node:11929829169,4,,open,450,1020,0,obs:ebad43238a3732992dd08808
hours:847cbbc7529237d398dfdf53,osm:node:11929829169,5,,open,450,1020,0,obs:ebad43238a3732992dd08808
hours:99c56eb9328b14205186ff32,osm:node:11929829169,6,,open,450,1020,0,obs:ebad43238a3732992dd08808
hours:2f97772e47ec30183f0e139a,osm:node:11934169470,0,,open,1080,1320,0,obs:2b9f062fa98407189046915b
hours:b7dff2fe809966b10415e8d0,osm:node:11934169470,1,,open,1080,1320,0,obs:2b9f062fa98407189046915b
hours:022455b0b69eb61935e228d3,osm:node:11934169470,2,,open,1080,1320,0,obs:2b9f062fa98407189046915b
hours:a525f1417ee62730deddabc9,osm:node:11934169470,3,,open,1080,1320,0,obs:2b9f062fa98407189046915b
hours:c9fd45428a039e3c4191225c,osm:node:11934169470,4,,open,1080,1320,0,obs:2b9f062fa98407189046915b
hours:911b5019bddff310f9e03836,osm:node:11934169470,5,,open,1080,1320,0,obs:2b9f062fa98407189046915b
hours:0a2cdffc70e7844321e9ba87,osm:node:11934169470,6,,open,1080,1320,0,obs:2b9f062fa98407189046915b
hours:6ca403230c0b51f7d43b5342,osm:node:12090398186,0,,open,480,1200,0,obs:a10e3a70df816f6c5cecaf85
hours:88f9e2e1d1b145377e4673f7,osm:node:12090398186,1,,open,480,1200,0,obs:a10e3a70df816f6c5cecaf85
hours:90dacbe3026404c387fe01b7,osm:node:12090398186,2,,open,480,1200,0,obs:a10e3a70df816f6c5cecaf85
hours:9ee55169fde3e1553b606438,osm:node:12090398186,3,,open,480,1200,0,obs:a10e3a70df816f6c5cecaf85
hours:4bf20e237e852b13f3861aca,osm:node:12090398186,4,,open,480,1200,0,obs:a10e3a70df816f6c5cecaf85
hours:33d4b204913452d48f15ca75,osm:node:12090398186,5,,open,480,1200,0,obs:a10e3a70df816f6c5cecaf85
hours:746c3d921e1c908684191270,osm:node:12090398186,6,,open,480,1200,0,obs:a10e3a70df816f6c5cecaf85
hours:3130595bddbfb170a52799fc,osm:node:12196463120,0,,open,0,1440,0,obs:b3a0b4573854b449b4617f56
hours:1af0132e452927be72d9b2d2,osm:node:12196463120,1,,open,0,1440,0,obs:b3a0b4573854b449b4617f56
hours:70f6e30845ab33cbfd27caa3,osm:node:12196463120,2,,open,0,1440,0,obs:b3a0b4573854b449b4617f56
hours:cc7868ff093f9eca12ce6270,osm:node:12196463120,3,,open,0,1440,0,obs:b3a0b4573854b449b4617f56
hours:f96a70f7207f551abe605e22,osm:node:12196463120,4,,open,0,1440,0,obs:b3a0b4573854b449b4617f56
hours:ad27d7f48936fdcd27ecd9ed,osm:node:12196463120,5,,open,0,1440,0,obs:b3a0b4573854b449b4617f56
hours:db46f5c365f7358fa12b73dd,osm:node:12196463120,6,,open,0,1440,0,obs:b3a0b4573854b449b4617f56
hours:bc93d0b142d4bc4c2a4b2371,osm:node:12344125229,0,,open,480,1200,0,obs:6b1b18001a0155ebaca1e3de
hours:c431df1f635af126d2cd5be8,osm:node:12344125229,1,,open,480,1200,0,obs:6b1b18001a0155ebaca1e3de
hours:38c7782d445488d8a315d3e6,osm:node:12344125229,2,,open,480,1200,0,obs:6b1b18001a0155ebaca1e3de
hours:609cdc58d7cd99a39a4f26a7,osm:node:12344125229,3,,open,480,1200,0,obs:6b1b18001a0155ebaca1e3de
hours:6c721da0c965e6920127ade0,osm:node:12344125229,4,,open,480,1200,0,obs:6b1b18001a0155ebaca1e3de
hours:51ba1db3c18fbd4d823cd44b,osm:node:12344125229,5,,open,480,1200,0,obs:6b1b18001a0155ebaca1e3de
hours:dea2207aab607f95fd34ecef,osm:node:12344125229,6,,open,480,1200,0,obs:6b1b18001a0155ebaca1e3de
hours:e559ab98fd2cd547a1a4336b,osm:node:12441398184,0,,open,420,1020,0,obs:92e828cc5de3ea90dba32e2d
hours:3f733d0d58d920eca2b400bd,osm:node:12441398184,1,,open,420,1020,0,obs:92e828cc5de3ea90dba32e2d
hours:2469b28fcd8b37c67fa7513e,osm:node:12441398184,2,,open,420,1020,0,obs:92e828cc5de3ea90dba32e2d
hours:168716e7cf759f98375213cb,osm:node:12441398184,3,,open,420,1020,0,obs:92e828cc5de3ea90dba32e2d
hours:2efbaede58206fa9e616799c,osm:node:12441398184,4,,open,420,1020,0,obs:92e828cc5de3ea90dba32e2d
hours:9636b56306f9b6c02e75817a,osm:node:12441398184,5,,open,420,1020,0,obs:92e828cc5de3ea90dba32e2d
hours:f232db24f1a494d47d47db7b,osm:node:12441398184,6,,open,420,1020,0,obs:92e828cc5de3ea90dba32e2d
hours:5eb81d7ff196f06af5e395a2,osm:node:12442016001,0,,open,0,1440,0,obs:4430722dd11e036ca5696d1a
hours:0eeeef2bb36b7981c3ad2193,osm:node:12442016001,1,,open,0,1440,0,obs:4430722dd11e036ca5696d1a
hours:7703aaecb76b456bbd733732,osm:node:12442016001,2,,open,0,1440,0,obs:4430722dd11e036ca5696d1a
hours:fafe34f2dabe588b884ff065,osm:node:12442016001,3,,open,0,1440,0,obs:4430722dd11e036ca5696d1a
hours:e67265ff8b38b0967ea87832,osm:node:12442016001,4,,open,0,1440,0,obs:4430722dd11e036ca5696d1a
hours:967e4b08c9cf7544ec6790bc,osm:node:12442016001,5,,open,0,1440,0,obs:4430722dd11e036ca5696d1a
hours:9f350d8f2aeacd3c9b7c4eb6,osm:node:12442016001,6,,open,0,1440,0,obs:4430722dd11e036ca5696d1a
hours:932f143b49133b2388dea3f6,osm:node:12495670595,0,,open,540,1140,0,obs:7aff50ea921d3464b8a47908
hours:1e414974099465d1b5d32bec,osm:node:12495670595,1,,open,540,1140,0,obs:7aff50ea921d3464b8a47908
hours:2ded90c716209fd2decd9cb8,osm:node:12495670595,2,,open,540,1140,0,obs:7aff50ea921d3464b8a47908
hours:658b3780c04603c35451670b,osm:node:12495670595,3,,open,540,1140,0,obs:7aff50ea921d3464b8a47908
hours:3bea4b7815e498b47d2ec970,osm:node:12495670595,4,,open,540,1140,0,obs:7aff50ea921d3464b8a47908
hours:2cfc3bd070f9effa6d1a07cb,osm:node:12495670595,5,,open,540,1140,0,obs:7aff50ea921d3464b8a47908
hours:a255a86e4d63119d0f71e21c,osm:node:12495670595,6,,open,540,1140,0,obs:7aff50ea921d3464b8a47908
hours:34422b8841762289ebb404bf,osm:node:12632851573,0,,open,540,1020,0,obs:ec1556a323099b8f35382dc4
hours:c9536a1d42bc136d83f0a49d,osm:node:12632851573,1,,open,540,1020,0,obs:ec1556a323099b8f35382dc4
hours:c972e17897e03243c8be49c2,osm:node:12632851573,2,,open,540,1020,0,obs:ec1556a323099b8f35382dc4
hours:adc265d790755bdcff8739a3,osm:node:12632851573,3,,open,540,1020,0,obs:ec1556a323099b8f35382dc4
hours:c4f53fbde327b75d16340289,osm:node:12632851573,4,,open,540,1020,0,obs:ec1556a323099b8f35382dc4
hours:f9fcb2523192192528a30dc2,osm:node:12632851573,5,,open,540,1020,0,obs:ec1556a323099b8f35382dc4
hours:5718a93d2ed240a9bb15ce66,osm:node:12632851573,6,,open,540,1020,0,obs:ec1556a323099b8f35382dc4
hours:ec8c0e79437fc79d4bb1bfc7,osm:node:12647208019,0,,open,0,1440,0,obs:ce9f0b375bb51aeca8f3b1d3
hours:59109fba17844c46addc402c,osm:node:12647208019,1,,open,0,1440,0,obs:ce9f0b375bb51aeca8f3b1d3
hours:e139022396ad5528da4b599c,osm:node:12647208019,2,,open,0,1440,0,obs:ce9f0b375bb51aeca8f3b1d3
hours:439491295f9ae1d03df70364,osm:node:12647208019,3,,open,0,1440,0,obs:ce9f0b375bb51aeca8f3b1d3
hours:9085ee79ed8032adc4c38198,osm:node:12647208019,4,,open,0,1440,0,obs:ce9f0b375bb51aeca8f3b1d3
hours:f237c530bb8fa4dc06decfeb,osm:node:12647208019,5,,open,0,1440,0,obs:ce9f0b375bb51aeca8f3b1d3
hours:99e4891e84f9614be5d76fa8,osm:node:12647208019,6,,open,0,1440,0,obs:ce9f0b375bb51aeca8f3b1d3
hours:cbd7265f335fb1f8c0e72615,osm:node:12720861001,0,,open,480,1020,0,obs:00b74f6de2e788ee3c862910
hours:a595dee72ec5120c5836be76,osm:node:12720861001,1,,open,480,1020,0,obs:00b74f6de2e788ee3c862910
hours:bf4485c2ef66167d58b33e3d,osm:node:12720861001,2,,open,480,1020,0,obs:00b74f6de2e788ee3c862910
hours:be0b82cd816e5092737492d3,osm:node:12720861001,3,,open,480,1020,0,obs:00b74f6de2e788ee3c862910
hours:36d4d67afa2411958a3650a8,osm:node:12720861001,4,,open,480,1020,0,obs:00b74f6de2e788ee3c862910
hours:f6dc6558a16b7f432e9cb348,osm:node:12720861001,5,,open,480,1020,0,obs:00b74f6de2e788ee3c862910
hours:69d8a211b9eeafe7f0a6e1be,osm:node:12720861001,6,,open,480,1020,0,obs:00b74f6de2e788ee3c862910
hours:427f695c8d8d2f30e29b1e17,osm:node:12777647201,0,,open,420,690,0,obs:3f1488c220ef8dfcdcd9c070
hours:c717042c1b382ceb3676c999,osm:node:12777647201,0,,open,840,1050,0,obs:3f1488c220ef8dfcdcd9c070
hours:c5ebfcd980a3672c6819b82b,osm:node:12777647201,1,,open,420,690,0,obs:3f1488c220ef8dfcdcd9c070
hours:bc32ea7dd620e329c9bad698,osm:node:12777647201,1,,open,840,1050,0,obs:3f1488c220ef8dfcdcd9c070
hours:be2907baa7fbbe667f5b9454,osm:node:12777647201,2,,open,420,690,0,obs:3f1488c220ef8dfcdcd9c070
hours:cb774132d8d70d27033ec755,osm:node:12777647201,2,,open,840,1050,0,obs:3f1488c220ef8dfcdcd9c070
hours:8258484d232cd655784d86be,osm:node:12777647201,3,,open,420,690,0,obs:3f1488c220ef8dfcdcd9c070
hours:7c3576f4c13d62ef66fc82ab,osm:node:12777647201,3,,open,840,1050,0,obs:3f1488c220ef8dfcdcd9c070
hours:24e4f4cd30b0d85b62fb23ad,osm:node:12777647201,4,,open,420,690,0,obs:3f1488c220ef8dfcdcd9c070
hours:1c8832b9460ce9659ac1c60b,osm:node:12777647201,4,,open,840,1050,0,obs:3f1488c220ef8dfcdcd9c070
hours:a4a25c71743cd7adf6bba40c,osm:node:12777647201,5,,open,420,690,0,obs:3f1488c220ef8dfcdcd9c070
hours:65c9bb33f7e143638e83153f,osm:node:12777647201,5,,open,840,1050,0,obs:3f1488c220ef8dfcdcd9c070
hours:8bef3ff46d0f5ca422bd1565,osm:node:12777647201,6,,open,420,690,0,obs:3f1488c220ef8dfcdcd9c070
hours:973696a3184ebc7ff0ae4038,osm:node:12777647201,6,,open,840,1050,0,obs:3f1488c220ef8dfcdcd9c070
hours:30a8cf9a7201f5aa74b6b37b,osm:node:12848915702,0,,open,360,1320,0,obs:0fdf2a8334bd8e103ce95e73
hours:87c7e85b6dfc1f5208fdec0a,osm:node:12848915702,1,,open,360,1320,0,obs:0fdf2a8334bd8e103ce95e73
hours:eb6031d1b9dff7426623cdba,osm:node:12848915702,2,,open,360,1320,0,obs:0fdf2a8334bd8e103ce95e73
hours:b848561b4f7f68fc10530f3b,osm:node:12848915702,3,,open,360,1320,0,obs:0fdf2a8334bd8e103ce95e73
hours:56d22c0cb1fbe547dfc9559a,osm:node:12848915702,4,,open,360,1320,0,obs:0fdf2a8334bd8e103ce95e73
hours:397d302251f8ac93a81c6191,osm:node:12848915702,5,,open,360,1320,0,obs:0fdf2a8334bd8e103ce95e73
hours:8700c8d30b7d2eda2003a4c6,osm:node:12848915702,6,,open,360,1320,0,obs:0fdf2a8334bd8e103ce95e73
hours:12dfa4a4928df7a4dfc3aec1,osm:node:12908570948,0,,open,420,1320,0,obs:b7577db70165c8e9cc98e603
hours:a9854a8c54a87f1f7a5ec6be,osm:node:12908570948,1,,open,420,1320,0,obs:b7577db70165c8e9cc98e603
hours:103f6fe4bda76059c63e6707,osm:node:12908570948,2,,open,420,1320,0,obs:b7577db70165c8e9cc98e603
hours:f274edd6029d1d5ff0b5fa10,osm:node:12908570948,3,,open,420,1320,0,obs:b7577db70165c8e9cc98e603
hours:0ee427e8916f298e007eff50,osm:node:12908570948,4,,open,420,1320,0,obs:b7577db70165c8e9cc98e603
hours:f880cae217ecdfb2659653ee,osm:node:12908570948,5,,open,420,1320,0,obs:b7577db70165c8e9cc98e603
hours:3322e61cab65f259aaa68454,osm:node:12908570948,6,,open,420,1320,0,obs:b7577db70165c8e9cc98e603
hours:061d08b65edc832e95434f40,osm:node:13057480901,0,,open,330,1020,0,obs:ed7c99c7e0c38b902861588f
hours:4a4ada4fd879040c4515440a,osm:node:13057480901,1,,open,330,1020,0,obs:ed7c99c7e0c38b902861588f
hours:fbeff2bc1bf96ec921d1accf,osm:node:13057480901,2,,open,330,1020,0,obs:ed7c99c7e0c38b902861588f
hours:18348c5b717e097a073a531c,osm:node:13057480901,3,,open,330,1020,0,obs:ed7c99c7e0c38b902861588f
hours:8738a4d54c024335c3ee6e00,osm:node:13057480901,4,,open,330,1020,0,obs:ed7c99c7e0c38b902861588f
hours:887674becdfe0848bfed23db,osm:node:13057480901,5,,open,330,1020,0,obs:ed7c99c7e0c38b902861588f
hours:0902bc53673d3062692fbde4,osm:node:13057480901,6,,open,330,1020,0,obs:ed7c99c7e0c38b902861588f
hours:5ff583773e0af9936481b58a,osm:node:13057481101,0,,open,330,1020,0,obs:df741e129288c1f2896348f8
hours:6067d856912ba42de60bc793,osm:node:13057481101,1,,open,330,1020,0,obs:df741e129288c1f2896348f8
hours:95ca266476ef60a5b3c14b23,osm:node:13057481101,2,,open,330,1020,0,obs:df741e129288c1f2896348f8
hours:b6015e5c65e9e2f367a1e2e6,osm:node:13057481101,3,,open,330,1020,0,obs:df741e129288c1f2896348f8
hours:b6c4424b61c0778ccfa747cc,osm:node:13057481101,4,,open,330,1020,0,obs:df741e129288c1f2896348f8
hours:07f0ef5d57982f3ddbee9111,osm:node:13057481101,5,,open,330,1020,0,obs:df741e129288c1f2896348f8
hours:ff7fc4cce9e64f258bc8818f,osm:node:13057481101,6,,open,330,1020,0,obs:df741e129288c1f2896348f8
hours:a95fc30528f2e846cd7115d2,osm:node:13072770501,0,,open,450,1020,0,obs:ed0295a7e5903005d314d716
hours:85b752c75282d0ef352773cc,osm:node:13072770501,1,,open,450,1020,0,obs:ed0295a7e5903005d314d716
hours:241f75be1958cbf19081ba3e,osm:node:13072770501,2,,open,450,1020,0,obs:ed0295a7e5903005d314d716
hours:06227b72127cb48f7b57c014,osm:node:13072770501,3,,open,450,1020,0,obs:ed0295a7e5903005d314d716
hours:ca065a3dc8a4110aa7d0e127,osm:node:13072770501,4,,open,450,1020,0,obs:ed0295a7e5903005d314d716
hours:445866aba8ea58475029a1c5,osm:node:13072770501,5,,open,450,1020,0,obs:ed0295a7e5903005d314d716
hours:706c00169b6dcda9ed71d896,osm:node:13072770501,6,,open,450,1020,0,obs:ed0295a7e5903005d314d716
hours:7d91286a435f5f1626923a43,osm:node:13157730289,0,,open,0,1440,0,obs:563c93c0c80f1985ebc60f47
hours:1f717796cad6e89a208e6692,osm:node:13157730289,1,,open,0,1440,0,obs:563c93c0c80f1985ebc60f47
hours:53f554c577e2092a44ccaf2c,osm:node:13157730289,2,,open,0,1440,0,obs:563c93c0c80f1985ebc60f47
hours:396060ac98f648ef30ac7e23,osm:node:13157730289,3,,open,0,1440,0,obs:563c93c0c80f1985ebc60f47
hours:bae75a4c55eeb9d0b2558866,osm:node:13157730289,4,,open,0,1440,0,obs:563c93c0c80f1985ebc60f47
hours:404ed3dcc822db5625862181,osm:node:13157730289,5,,open,0,1440,0,obs:563c93c0c80f1985ebc60f47
hours:4a27403947aba021f859c38a,osm:node:13157730289,6,,open,0,1440,0,obs:563c93c0c80f1985ebc60f47
hours:1509846c7b38ee718c66bf8f,osm:node:13253059391,0,,open,600,1320,0,obs:983f42db98b1ee04b7db1f34
hours:c7b785850546651b0dc13a43,osm:node:13253059391,1,,open,600,1320,0,obs:983f42db98b1ee04b7db1f34
hours:50e0838887abc8f09c2c77a1,osm:node:13253059391,2,,open,600,1320,0,obs:983f42db98b1ee04b7db1f34
hours:fc2968163968db1382903c44,osm:node:13253059391,3,,open,600,1320,0,obs:983f42db98b1ee04b7db1f34
hours:30d936bf40530d24609ff63f,osm:node:13253059391,4,,open,600,1320,0,obs:983f42db98b1ee04b7db1f34
hours:6b605700a94fcfa83beb90d6,osm:node:13253059391,5,,open,600,1320,0,obs:983f42db98b1ee04b7db1f34
hours:d52c4514a29676182fd20751,osm:node:13253059391,6,,open,600,1320,0,obs:983f42db98b1ee04b7db1f34
hours:526efa7a5ed7323170a406df,osm:node:13336584701,1,,open,540,990,0,obs:6cea7d65ac1d4ffcce1adf37
hours:ddadcba2c5e01ba56de8ac70,osm:node:13336584701,2,,open,540,990,0,obs:6cea7d65ac1d4ffcce1adf37
hours:8a55584087af94af2786f855,osm:node:13336584701,3,,open,540,990,0,obs:6cea7d65ac1d4ffcce1adf37
hours:df82c7e3ce1c8ce8aa8748d6,osm:node:13336584701,4,,open,540,990,0,obs:6cea7d65ac1d4ffcce1adf37
hours:ee6330d75d79213237f7f4be,osm:node:13336584701,5,,open,540,990,0,obs:6cea7d65ac1d4ffcce1adf37
hours:fc95cfac10579b5e8cfba2f6,osm:node:13336584701,6,,open,540,990,0,obs:6cea7d65ac1d4ffcce1adf37
hours:80879eeccf60b0d60e2ec3e5,osm:node:13399339701,0,,open,540,1020,0,obs:091125bc06899951922d01b6
hours:74cbcde52767408c54f2df0f,osm:node:13399339701,1,,open,540,1020,0,obs:091125bc06899951922d01b6
hours:ebee1dff8e2003c0f7eab599,osm:node:13399339701,2,,open,540,1020,0,obs:091125bc06899951922d01b6
hours:f7f44c85a7800692ff9e3f59,osm:node:13399339701,3,,open,540,1020,0,obs:091125bc06899951922d01b6
hours:09e7350d1708547a3677b2f9,osm:node:13399339701,4,,open,540,1020,0,obs:091125bc06899951922d01b6
hours:cf59caf3154bad4b0a64768a,osm:node:13399339701,5,,open,540,1020,0,obs:091125bc06899951922d01b6
hours:b33c820d7a05f9140308b52f,osm:node:13399339701,6,,open,540,1020,0,obs:091125bc06899951922d01b6
hours:d310a17ac67b36c423f3c353,osm:node:13461973901,0,,open,480,660,0,obs:1422b5d91c1f57a61295e1d7
hours:c36a089d360c823d73bb2889,osm:node:13461973901,0,,open,810,1200,0,obs:1422b5d91c1f57a61295e1d7
hours:1f1fb62d4c0d8e113fbeaf7e,osm:node:13461973901,1,,open,480,660,0,obs:1422b5d91c1f57a61295e1d7
hours:b923c3147cee658e75692d11,osm:node:13461973901,1,,open,810,1200,0,obs:1422b5d91c1f57a61295e1d7
hours:021a886389bd81ef56a143b2,osm:node:13461973901,2,,open,480,660,0,obs:1422b5d91c1f57a61295e1d7
hours:f373792a369c4a213a967a0e,osm:node:13461973901,2,,open,810,1200,0,obs:1422b5d91c1f57a61295e1d7
hours:a15f01560d9241ce87e7a081,osm:node:13461973901,3,,open,480,660,0,obs:1422b5d91c1f57a61295e1d7
hours:a7414b162bcf8001ac905cf2,osm:node:13461973901,3,,open,810,1200,0,obs:1422b5d91c1f57a61295e1d7
hours:3e85e8ea8dd3a41e54e8d69e,osm:node:13461973901,4,,open,480,660,0,obs:1422b5d91c1f57a61295e1d7
hours:cc50b25546251b9f91293d50,osm:node:13461973901,4,,open,810,1200,0,obs:1422b5d91c1f57a61295e1d7
hours:25e2afcc87aefb1f3af135ce,osm:node:13461973901,5,,open,480,660,0,obs:1422b5d91c1f57a61295e1d7
hours:eff3bace872a497980552bf3,osm:node:13461973901,5,,open,810,1200,0,obs:1422b5d91c1f57a61295e1d7
hours:e295d3033ed3c185d97a8e3f,osm:node:13461973901,6,,open,480,660,0,obs:1422b5d91c1f57a61295e1d7
hours:7618172bb64c8b4b2590127a,osm:node:13461973901,6,,open,810,1200,0,obs:1422b5d91c1f57a61295e1d7
hours:bec85c9459db24e486c5f178,osm:node:13592184426,0,,open,540,1080,0,obs:8649e454a1d6237e6aba475e
hours:1aea4a77b1cdd02854084ff0,osm:node:13592184426,1,,open,540,1080,0,obs:8649e454a1d6237e6aba475e
hours:2b7587f80b6e35c69c6f484f,osm:node:13592184426,2,,open,540,1080,0,obs:8649e454a1d6237e6aba475e
hours:22743bb5b4c1398fbf608309,osm:node:13592184426,3,,open,540,1080,0,obs:8649e454a1d6237e6aba475e
hours:dcb9503720aa2c6dc2861195,osm:node:13592184426,4,,open,540,1080,0,obs:8649e454a1d6237e6aba475e
hours:0a6cb681b879b37881826b2e,osm:node:13592184426,5,,open,540,1080,0,obs:8649e454a1d6237e6aba475e
hours:31d4fee51ead9b2ddd7ed011,osm:node:13644094722,1,,open,540,690,0,obs:5412665bfd21d0b0e2a84137
hours:5821fcb1f5e0eaec0fc7ed56,osm:node:13644094722,1,,open,840,960,0,obs:5412665bfd21d0b0e2a84137
hours:25957e823267adc5f6bd24cb,osm:node:13644094722,2,,open,540,690,0,obs:5412665bfd21d0b0e2a84137
hours:a8b72236961df92ee283158a,osm:node:13644094722,2,,open,840,960,0,obs:5412665bfd21d0b0e2a84137
hours:8af71eab451c0e429fff58e2,osm:node:13644094722,3,,open,540,690,0,obs:5412665bfd21d0b0e2a84137
hours:b7e396ee9fa77cb8fad99c7f,osm:node:13644094722,3,,open,840,960,0,obs:5412665bfd21d0b0e2a84137
hours:c0e4ab7fcf15f00ae490cb8d,osm:node:13644094722,4,,open,540,690,0,obs:5412665bfd21d0b0e2a84137
hours:26b8e5cd27a83c251f2ca7e9,osm:node:13644094722,4,,open,840,960,0,obs:5412665bfd21d0b0e2a84137
hours:fc76b51f6361eb888522640f,osm:node:13644094722,5,,open,540,690,0,obs:5412665bfd21d0b0e2a84137
hours:13ad664bb96478f28208d4c6,osm:node:13644094722,5,,open,840,960,0,obs:5412665bfd21d0b0e2a84137
hours:6a77e979746d045701c382c4,osm:node:13644094722,6,,open,540,690,0,obs:5412665bfd21d0b0e2a84137
hours:7f54b22d83a6acf68bab7782,osm:node:13644094722,6,,open,840,960,0,obs:5412665bfd21d0b0e2a84137
hours:40fe4b4f220edc12072cf395,osm:node:13953793101,0,,open,450,1320,0,obs:ce1dd2ca015d5702c6dc5f6c
hours:224cd34569c29d6d53fb5900,osm:node:13953793101,1,,open,450,1320,0,obs:ce1dd2ca015d5702c6dc5f6c
hours:19afd21247e09a1339dcabf5,osm:node:13953793101,2,,open,450,1320,0,obs:ce1dd2ca015d5702c6dc5f6c
hours:ac66f781c8b6a152fcf19bf7,osm:node:13953793101,3,,open,450,1320,0,obs:ce1dd2ca015d5702c6dc5f6c
hours:8a121249ce9fcd0d7f5d839d,osm:node:13953793101,4,,open,450,1320,0,obs:ce1dd2ca015d5702c6dc5f6c
hours:a19eeb6d1e14ce7dbb55bad3,osm:node:13953793101,5,,open,450,1320,0,obs:ce1dd2ca015d5702c6dc5f6c
hours:22893268f7056e22cc262f0c,osm:node:13953793101,6,,open,450,1320,0,obs:ce1dd2ca015d5702c6dc5f6c
hours:9f5f3b20b6f53b424b7d8a71,osm:node:13978064708,0,,open,0,1440,0,obs:02d62334bd34c1baec2998dd
hours:6adaca1263694b274350915b,osm:node:13978064708,1,,open,0,1440,0,obs:02d62334bd34c1baec2998dd
hours:17240209de84a4a55236273b,osm:node:13978064708,2,,open,0,1440,0,obs:02d62334bd34c1baec2998dd
hours:012ff7e434545bf33d46f27f,osm:node:13978064708,3,,open,0,1440,0,obs:02d62334bd34c1baec2998dd
hours:fb63db5b39dede81baa94b1f,osm:node:13978064708,4,,open,0,1440,0,obs:02d62334bd34c1baec2998dd
hours:908d8421177eb2ed71994f5a,osm:node:13978064708,5,,open,0,1440,0,obs:02d62334bd34c1baec2998dd
hours:835930fcfe7acb9657c04a48,osm:node:13978064708,6,,open,0,1440,0,obs:02d62334bd34c1baec2998dd
hours:70170f7a0031a675467ff30b,osm:node:14063080338,5,,open,0,1440,0,obs:91a11e2fae09d17e317c66a5
hours:e520b732ce20725545abe894,osm:node:14063080338,6,,open,0,1440,0,obs:91a11e2fae09d17e317c66a5
hours:1aac84dee3f5cd9d58837562,osm:node:1540779110,0,,open,450,990,0,obs:28941e8f9c6214d680e2cd2b
hours:cb5d1228783923b9d8f0f6f5,osm:node:1540779110,1,,open,450,990,0,obs:28941e8f9c6214d680e2cd2b
hours:17e451e9e6f526eea29185a5,osm:node:1540779110,2,,open,450,990,0,obs:28941e8f9c6214d680e2cd2b
hours:13924ee9ebba853ef82161d2,osm:node:1540779110,3,,open,450,990,0,obs:28941e8f9c6214d680e2cd2b
hours:310f07d4e8587c84d094b874,osm:node:1540779110,4,,open,450,990,0,obs:28941e8f9c6214d680e2cd2b
hours:2c011c10d9602765362f64dd,osm:node:1540779110,5,,open,450,990,0,obs:28941e8f9c6214d680e2cd2b
hours:0cd1c920d8c85f5eda409fdc,osm:node:1540779110,6,,open,450,990,0,obs:28941e8f9c6214d680e2cd2b
hours:fb63feed3ed242e9e79f18ef,osm:node:2495831858,0,,open,0,1440,0,obs:19b1a5d782dc6d92ae972541
hours:5287ec42777cfcbb756faa27,osm:node:2495831858,1,,open,0,1440,0,obs:19b1a5d782dc6d92ae972541
hours:f55834cfbf0de12008cf4bdc,osm:node:2495831858,2,,open,0,1440,0,obs:19b1a5d782dc6d92ae972541
hours:885ff25d31cb9aa0abd12aec,osm:node:2495831858,3,,open,0,1440,0,obs:19b1a5d782dc6d92ae972541
hours:38aa8f7fa6ff8baa7bfec416,osm:node:2495831858,4,,open,0,1440,0,obs:19b1a5d782dc6d92ae972541
hours:d407b8998194036e2a9ccbca,osm:node:2495831858,5,,open,0,1440,0,obs:19b1a5d782dc6d92ae972541
hours:455874ac2b26bf72edfea44e,osm:node:2495831858,6,,open,0,1440,0,obs:19b1a5d782dc6d92ae972541
hours:6654a8dbbd158feab1647326,osm:node:2673080246,0,,open,480,1020,0,obs:3dbd223848affeef29818d16
hours:0926643c2151591f66fec712,osm:node:2673080246,1,,open,480,1020,0,obs:3dbd223848affeef29818d16
hours:1c559ba8dad7cd476f40ffdb,osm:node:2673080246,2,,open,480,1020,0,obs:3dbd223848affeef29818d16
hours:f2431785b4127a579d152c86,osm:node:2673080246,3,,open,480,1020,0,obs:3dbd223848affeef29818d16
hours:11aeacc1e5e9d9157c1853d4,osm:node:2673080246,4,,open,480,1020,0,obs:3dbd223848affeef29818d16
hours:1ca6d7ce69b419cb67fc2c34,osm:node:2673080246,5,,open,480,1020,0,obs:3dbd223848affeef29818d16
hours:148b0cbfc90902ff64778adc,osm:node:2673080246,6,,open,480,1020,0,obs:3dbd223848affeef29818d16
hours:e8af6ceb3b3dbc0c2efb5edc,osm:node:3668724311,0,,open,420,1140,0,obs:432b907abbe5232c9cf270b1
hours:3c3b353c52115244cd6e5680,osm:node:3668724311,1,,open,420,1140,0,obs:432b907abbe5232c9cf270b1
hours:1703a2e8ea7aeb8519a29671,osm:node:3668724311,2,,open,420,1140,0,obs:432b907abbe5232c9cf270b1
hours:6a045a395f2315660f484674,osm:node:3668724311,3,,open,420,1140,0,obs:432b907abbe5232c9cf270b1
hours:d5f87d3aad60122efcd305ad,osm:node:3668724311,4,,open,420,1140,0,obs:432b907abbe5232c9cf270b1
hours:df66382b2d417a1eadcdfe9e,osm:node:3668724311,5,,open,420,1140,0,obs:432b907abbe5232c9cf270b1
hours:478f5f37458034d6a8715668,osm:node:3668724311,6,,open,420,1140,0,obs:432b907abbe5232c9cf270b1
hours:63d77aceb4ebbe5e45f06d66,osm:node:3852310928,0,,open,480,1080,0,obs:a98d0be6c551845222cbec02
hours:c792578347a69ea318e288e0,osm:node:3852310928,1,,open,480,1080,0,obs:a98d0be6c551845222cbec02
hours:ec1c318fef5d9e110ca43a24,osm:node:3852310928,2,,open,480,1080,0,obs:a98d0be6c551845222cbec02
hours:2fa6a6f18e3c77a30ca37e40,osm:node:3852310928,3,,open,480,1080,0,obs:a98d0be6c551845222cbec02
hours:7bcb58a61d549603de777c7f,osm:node:3852310928,4,,open,480,1080,0,obs:a98d0be6c551845222cbec02
hours:1d7668a5a9c7b73d20b2d8ca,osm:node:3852310928,5,,open,480,1080,0,obs:a98d0be6c551845222cbec02
hours:2af53898a67068444a56d750,osm:node:3852310928,6,,open,480,1080,0,obs:a98d0be6c551845222cbec02
hours:e2f3eeaded08878f89711a94,osm:node:4110078089,0,,open,510,1020,0,obs:633aaf55d5d87566a24cf73e
hours:4600f5ecc1fefe54fd85a65b,osm:node:4110078089,1,,open,510,1020,0,obs:633aaf55d5d87566a24cf73e
hours:e0262b6d95d279df9fd0da19,osm:node:4110078089,2,,open,510,1020,0,obs:633aaf55d5d87566a24cf73e
hours:d3a0c0cc1f792f6ecf0c882e,osm:node:4110078089,3,,open,510,1020,0,obs:633aaf55d5d87566a24cf73e
hours:af357e9f44e2b2be1c1b87fd,osm:node:4110078089,4,,open,510,1020,0,obs:633aaf55d5d87566a24cf73e
hours:af55b0de72aa2289d8ba90f8,osm:node:4110078089,5,,open,510,1020,0,obs:633aaf55d5d87566a24cf73e
hours:629b3f179a40887eef55326c,osm:node:4110078089,6,,open,510,1020,0,obs:633aaf55d5d87566a24cf73e
hours:044447b6e186a0b69780d1b5,osm:node:4135863789,0,,open,480,1050,0,obs:02296d90d024fc454bcfa82c
hours:27d9bb58acd47ac011bcbdc5,osm:node:4135863789,1,,open,480,1050,0,obs:02296d90d024fc454bcfa82c
hours:40f62c137c5c78b8b805df9e,osm:node:4135863789,2,,open,480,1050,0,obs:02296d90d024fc454bcfa82c
hours:4022ac18399fb81c169ce7ba,osm:node:4135863789,3,,open,480,1050,0,obs:02296d90d024fc454bcfa82c
hours:609199f75f266c7877526ad2,osm:node:4135863789,4,,open,480,1050,0,obs:02296d90d024fc454bcfa82c
hours:81bb9c81158acc2175bff5bd,osm:node:4135863789,5,,open,480,1050,0,obs:02296d90d024fc454bcfa82c
hours:2dde5dc75d7087af72fd5225,osm:node:4135863789,6,,open,480,1050,0,obs:02296d90d024fc454bcfa82c
hours:55e2aa2f855c45d870ab46d0,osm:node:4171787601,0,,open,540,1020,0,obs:5242423f851e18ea22080100
hours:a2674328e3b2ee7c307394f3,osm:node:4171787601,1,,open,540,1020,0,obs:5242423f851e18ea22080100
hours:7537a0bca682dbf2d5b53993,osm:node:4171787601,2,,open,540,1020,0,obs:5242423f851e18ea22080100
hours:1ab177a31e459ba5f96631ec,osm:node:4171787601,3,,open,540,1020,0,obs:5242423f851e18ea22080100
hours:1005e95cf9658529c8906c35,osm:node:4171787601,4,,open,540,1020,0,obs:5242423f851e18ea22080100
hours:84ca0488dd730ffbdaa18078,osm:node:4171787601,5,,open,540,1020,0,obs:5242423f851e18ea22080100
hours:56d1233d7112406e1ab8d936,osm:node:4171787601,6,,open,540,1020,0,obs:5242423f851e18ea22080100
hours:24fba8f98208a913a8028470,osm:node:4240840189,0,,open,0,1440,0,obs:034a29cea2674c2b36d8091a
hours:1b0f8180ed7c535023be8b62,osm:node:4240840189,1,,open,0,1440,0,obs:034a29cea2674c2b36d8091a
hours:3bafa5d63a7c46ed2b1a57de,osm:node:4240840189,2,,open,0,1440,0,obs:034a29cea2674c2b36d8091a
hours:f155cea633b4fe178aef086f,osm:node:4240840189,3,,open,0,1440,0,obs:034a29cea2674c2b36d8091a
hours:740de15f32e1bec34dd55128,osm:node:4240840189,4,,open,0,1440,0,obs:034a29cea2674c2b36d8091a
hours:63094ed0a8ae3f5ef294a912,osm:node:4240840189,5,,open,0,1440,0,obs:034a29cea2674c2b36d8091a
hours:32aa076d810edc066e33f0d5,osm:node:4240840189,6,,open,0,1440,0,obs:034a29cea2674c2b36d8091a
hours:9974cfa94de08fa1093bc19e,osm:node:4299365893,0,,open,450,1320,0,obs:bd8c97f0ad51f68aac14b77c
hours:47a270938b0aae75bd47c55f,osm:node:4299365893,1,,open,450,1320,0,obs:bd8c97f0ad51f68aac14b77c
hours:152af507f6bb3a9d9fc4a483,osm:node:4299365893,2,,open,450,1320,0,obs:bd8c97f0ad51f68aac14b77c
hours:a7d2f1368cebb6a04389824d,osm:node:4299365893,3,,open,450,1320,0,obs:bd8c97f0ad51f68aac14b77c
hours:589e0b4f97dfe7713f96f27a,osm:node:4299365893,4,,open,450,1320,0,obs:bd8c97f0ad51f68aac14b77c
hours:786bb38088590df6868b1340,osm:node:4299365893,5,,open,450,1320,0,obs:bd8c97f0ad51f68aac14b77c
hours:475e8360664d050f9844e938,osm:node:4299365893,6,,open,450,1320,0,obs:bd8c97f0ad51f68aac14b77c
hours:3df45c044ab87db312a4e930,osm:node:4499978190,0,,open,480,720,0,obs:4149756817a799fbd0991779
hours:17dc0ffc849b0bb847ecb620,osm:node:4499978190,0,,open,780,1020,0,obs:4149756817a799fbd0991779
hours:95af8805581e9cc2d3438eff,osm:node:4499978190,1,,open,480,720,0,obs:4149756817a799fbd0991779
hours:12c5b275998b9cba46dcdfda,osm:node:4499978190,1,,open,780,1020,0,obs:4149756817a799fbd0991779
hours:0d057626dd685e64888a2158,osm:node:4499978190,2,,open,480,720,0,obs:4149756817a799fbd0991779
hours:e8f64fe6969c8e48d00296ee,osm:node:4499978190,2,,open,780,1020,0,obs:4149756817a799fbd0991779
hours:6035260f8034dc9940d1b165,osm:node:4499978190,3,,open,480,720,0,obs:4149756817a799fbd0991779
hours:9fe55a5450af6de0818c9a99,osm:node:4499978190,3,,open,780,1020,0,obs:4149756817a799fbd0991779
hours:4bd0d1f3cd2286cf9802868e,osm:node:4499978190,4,,open,480,720,0,obs:4149756817a799fbd0991779
hours:c89677d4e1d5e23a5454715b,osm:node:4499978190,4,,open,780,1020,0,obs:4149756817a799fbd0991779
hours:6e67e57217bbb1761f1ea775,osm:node:4504835990,0,,open,0,1440,0,obs:b2dc121db0c07eb50a2f919e
hours:852364f548e982929ead1751,osm:node:4504835990,1,,open,0,1440,0,obs:b2dc121db0c07eb50a2f919e
hours:8c5b64f1e7c53dc1910bc5a4,osm:node:4504835990,2,,open,0,1440,0,obs:b2dc121db0c07eb50a2f919e
hours:0e507d130cf0e10b92977ce5,osm:node:4504835990,3,,open,0,1440,0,obs:b2dc121db0c07eb50a2f919e
hours:a1b0196dcb0e5ef6b88e4614,osm:node:4504835990,4,,open,0,1440,0,obs:b2dc121db0c07eb50a2f919e
hours:be0bf425b2813de7e1f14f06,osm:node:4504835990,5,,open,0,1440,0,obs:b2dc121db0c07eb50a2f919e
hours:f54dfe4fb9a268a1c6973a77,osm:node:4504835990,6,,open,0,1440,0,obs:b2dc121db0c07eb50a2f919e
hours:674720ada2b45693cbedeece,osm:node:4524518293,0,,open,450,660,0,obs:28f2ae76b4596353cb4c4d45
hours:3bee9e0f91b658a92650402f,osm:node:4524518293,0,,open,840,990,0,obs:28f2ae76b4596353cb4c4d45
hours:e4d35d54d548410e0de05427,osm:node:4524518293,1,,open,450,660,0,obs:28f2ae76b4596353cb4c4d45
hours:c80cdccd751d938f40711564,osm:node:4524518293,1,,open,840,990,0,obs:28f2ae76b4596353cb4c4d45
hours:179b32d49a7f85280ee9bde4,osm:node:4524518293,2,,open,450,660,0,obs:28f2ae76b4596353cb4c4d45
hours:1b4171c568a3f3a59bc1f655,osm:node:4524518293,2,,open,840,990,0,obs:28f2ae76b4596353cb4c4d45
hours:486b3178a8fb31429f4c18a3,osm:node:4524518293,3,,open,450,660,0,obs:28f2ae76b4596353cb4c4d45
hours:10c7de6978e4d584c1a99d75,osm:node:4524518293,3,,open,840,990,0,obs:28f2ae76b4596353cb4c4d45
hours:7eea66b29bd3cac0685eb7ac,osm:node:4524518293,4,,open,450,660,0,obs:28f2ae76b4596353cb4c4d45
hours:66861c627bdc040178f9448c,osm:node:4524518293,4,,open,840,990,0,obs:28f2ae76b4596353cb4c4d45
hours:d89fee2f38fd7ec050ae3c04,osm:node:4524518293,5,,open,450,660,0,obs:28f2ae76b4596353cb4c4d45
hours:5f71084c3f86429f036b7531,osm:node:4524518293,5,,open,840,990,0,obs:28f2ae76b4596353cb4c4d45
hours:50da00acf9124eceae85c543,osm:node:4524518293,6,,open,450,660,0,obs:28f2ae76b4596353cb4c4d45
hours:eb488cd1d8cc189f14d93de8,osm:node:4524518293,6,,open,840,990,0,obs:28f2ae76b4596353cb4c4d45
hours:f5d8970b02708928425f3cf2,osm:node:4533660892,0,,open,0,1440,0,obs:fe7a8309484059636b2671e5
hours:5c8f70f28d330eed92ff3407,osm:node:4533660892,1,,open,0,1440,0,obs:fe7a8309484059636b2671e5
hours:aca13bc947c42c702af7b5d2,osm:node:4533660892,2,,open,0,1440,0,obs:fe7a8309484059636b2671e5
hours:b1b3fcd9147a0cc0c26a7703,osm:node:4533660892,3,,open,0,1440,0,obs:fe7a8309484059636b2671e5
hours:e072e0f544393672cc801bf1,osm:node:4533660892,4,,open,0,1440,0,obs:fe7a8309484059636b2671e5
hours:cb931b1569f59c21ba6bdc2f,osm:node:4533660892,5,,open,0,1440,0,obs:fe7a8309484059636b2671e5
hours:8bc43ed294b85137c6f307d8,osm:node:4533660892,6,,open,0,1440,0,obs:fe7a8309484059636b2671e5
hours:9565cae25d1c9c2b30b3b885,osm:node:4572907889,4,,open,1140,1320,0,obs:0a74086b201dac0311372b19
hours:ac6704f4843b343f2fe57809,osm:node:4572907889,5,,open,1140,1320,0,obs:0a74086b201dac0311372b19
hours:d5ad26ee2fc3d9383894cf71,osm:node:4572907889,6,,open,1140,1320,0,obs:0a74086b201dac0311372b19
hours:7140f01916786c927d44b864,osm:node:4589456390,0,,open,1200,1440,0,obs:1d68e0d7706344a821ded752
hours:d0e41e7e163306517d82b4e7,osm:node:4589456390,1,,open,1200,1440,0,obs:1d68e0d7706344a821ded752
hours:075916f5fa72d4e39aeefe74,osm:node:4589456390,2,,open,1200,1440,0,obs:1d68e0d7706344a821ded752
hours:4425c96c281efcfc87fe0c3e,osm:node:4589456390,3,,open,1200,1440,0,obs:1d68e0d7706344a821ded752
hours:40f4bb21b0024dd513be4bde,osm:node:4589456390,4,,open,1200,1440,0,obs:1d68e0d7706344a821ded752
hours:8a7aca57f951e763a3d288e4,osm:node:4589456390,5,,open,1200,1440,0,obs:1d68e0d7706344a821ded752
hours:4093df8c7986464b7604b862,osm:node:4589456390,6,,open,1200,1440,0,obs:1d68e0d7706344a821ded752
hours:d52d6a2dc61a5ed0ebf8ff09,osm:node:4618120190,0,,open,360,1140,0,obs:6d39f0a8dd9a35ad11a1a68b
hours:ecb3a5ed534532dd126a2c5d,osm:node:4618120190,1,,open,360,1140,0,obs:6d39f0a8dd9a35ad11a1a68b
hours:2ce53b86dcc196a3be9a8c69,osm:node:4618120190,2,,open,360,1140,0,obs:6d39f0a8dd9a35ad11a1a68b
hours:d4fbd3aa2973c22896964c6f,osm:node:4618120190,3,,open,360,1140,0,obs:6d39f0a8dd9a35ad11a1a68b
hours:f7edea2e5ac55cd17fb777ed,osm:node:4618120190,4,,open,360,1140,0,obs:6d39f0a8dd9a35ad11a1a68b
hours:061dbe8e73ee645a10b4ff48,osm:node:4618120190,5,,open,360,1140,0,obs:6d39f0a8dd9a35ad11a1a68b
hours:897b1b16a13afdd3eeccd045,osm:node:4618120190,6,,open,360,1140,0,obs:6d39f0a8dd9a35ad11a1a68b
hours:2a4574901296cf154714a186,osm:node:4674771389,0,,open,360,1320,0,obs:3154827b23a6d864ae2cd87a
hours:207f841e3f65b5a0418a48f7,osm:node:4674771389,1,,open,360,1320,0,obs:3154827b23a6d864ae2cd87a
hours:f8da805a7680532ed9788fbb,osm:node:4674771389,2,,open,360,1320,0,obs:3154827b23a6d864ae2cd87a
hours:860554ed610ae443990f382a,osm:node:4674771389,3,,open,360,1320,0,obs:3154827b23a6d864ae2cd87a
hours:c1ab567c75c100de46181828,osm:node:4674771389,4,,open,360,1320,0,obs:3154827b23a6d864ae2cd87a
hours:04f97b8a8a8dd12afb0ecffa,osm:node:4674771389,5,,open,360,1320,0,obs:3154827b23a6d864ae2cd87a
hours:404a946f14e8d7806478203f,osm:node:4674771389,6,,open,360,1320,0,obs:3154827b23a6d864ae2cd87a
hours:474a69e8f19764f8d4405c77,osm:node:4679445800,0,,open,0,1440,0,obs:1c5207494b08a70de69a77cd
hours:9b51c852acc0f26d7de905e8,osm:node:4679445800,1,,open,0,1440,0,obs:1c5207494b08a70de69a77cd
hours:ac977a768c62da3ce624ed69,osm:node:4679445800,2,,open,0,1440,0,obs:1c5207494b08a70de69a77cd
hours:b1a154a1e80f73b30304456c,osm:node:4679445800,3,,open,0,1440,0,obs:1c5207494b08a70de69a77cd
hours:0725bfe3fff06efbed70ccbe,osm:node:4679445800,4,,open,0,1440,0,obs:1c5207494b08a70de69a77cd
hours:687a78e88eaef9436b3a5c11,osm:node:4679445800,5,,open,0,1440,0,obs:1c5207494b08a70de69a77cd
hours:451f772ba51a66c74c8fe3bf,osm:node:4679445800,6,,open,0,1440,0,obs:1c5207494b08a70de69a77cd
hours:e58dd7dbb98de45ab9fed60a,osm:node:4884705621,0,,open,540,1080,0,obs:baac472c6c0e077533b92acd
hours:306b253dd57ad33e4fe5c77c,osm:node:4884705621,1,,open,540,1080,0,obs:baac472c6c0e077533b92acd
hours:6ecdab9667acb60605d1067a,osm:node:4884705621,2,,open,540,1080,0,obs:baac472c6c0e077533b92acd
hours:8af37693ff0afc9274b1fe5f,osm:node:4884705621,3,,open,540,1080,0,obs:baac472c6c0e077533b92acd
hours:e5586db713ed51bed7d26afa,osm:node:4884705621,4,,open,540,1080,0,obs:baac472c6c0e077533b92acd
hours:41d26e701ea75dc808587d3f,osm:node:4884705621,5,,open,540,1080,0,obs:baac472c6c0e077533b92acd
hours:0f8b09ad3491459f2b183d5f,osm:node:4884705621,6,,open,540,1080,0,obs:baac472c6c0e077533b92acd
hours:43097afb6950a81c65cc9748,osm:node:5137981655,0,,open,510,1020,0,obs:b6ecae9280d22c4516b2941c
hours:278ea7f3c874debd9ab6fc78,osm:node:5137981655,1,,open,510,1020,0,obs:b6ecae9280d22c4516b2941c
hours:d73d03b7abc1495ea1496135,osm:node:5137981655,2,,open,510,1020,0,obs:b6ecae9280d22c4516b2941c
hours:8956042f5c484068b99ad7bd,osm:node:5137981655,3,,open,510,1020,0,obs:b6ecae9280d22c4516b2941c
hours:6ce2bf3426c0ecfc79d4e65c,osm:node:5137981655,4,,open,510,1020,0,obs:b6ecae9280d22c4516b2941c
hours:be0aae0ec7a1f68c779c74fd,osm:node:5179064421,0,,open,540,1020,0,obs:4fe05dd77554b0376a8d9d19
hours:fab0e0b042b5c75efc8250f1,osm:node:5179064421,1,,open,540,1020,0,obs:4fe05dd77554b0376a8d9d19
hours:db53655d7a12e4648c5efa3a,osm:node:5179064421,2,,open,540,1020,0,obs:4fe05dd77554b0376a8d9d19
hours:f0e3a08cc87796a1aca166bd,osm:node:5179064421,3,,open,540,1020,0,obs:4fe05dd77554b0376a8d9d19
hours:56ae6bd6cb2d5ed25450c4a6,osm:node:5179064421,4,,open,540,1020,0,obs:4fe05dd77554b0376a8d9d19
hours:8d8e2fdbd3354d496031f059,osm:node:5182931945,0,,open,450,1050,0,obs:af99369708b34c07b9d1f2cd
hours:ad4262420c37df584f1214c5,osm:node:5182931945,1,,open,450,1050,0,obs:af99369708b34c07b9d1f2cd
hours:8130ee160eafc67ee3e74f92,osm:node:5182931945,2,,open,450,1050,0,obs:af99369708b34c07b9d1f2cd
hours:de796f47989e6aef709730a2,osm:node:5182931945,3,,open,450,1050,0,obs:af99369708b34c07b9d1f2cd
hours:19e51622e52e7759c106692f,osm:node:5182931945,4,,open,450,1050,0,obs:af99369708b34c07b9d1f2cd
hours:691bbf604df0e20d281d8bef,osm:node:5182931945,5,,open,450,1050,0,obs:af99369708b34c07b9d1f2cd
hours:2f25f233e7e72f05f79c21a2,osm:node:5182931945,6,,open,390,1050,0,obs:af99369708b34c07b9d1f2cd
hours:1f378eeb6a98003559026bd7,osm:node:5216168822,0,,open,0,1440,0,obs:5be79b672a8aa8785d966227
hours:6ffc00557bee6d4b8dc7eb72,osm:node:5216168822,1,,open,0,1440,0,obs:5be79b672a8aa8785d966227
hours:714a078054a151df69ce2480,osm:node:5216168822,2,,open,0,1440,0,obs:5be79b672a8aa8785d966227
hours:6a86f563fd539c9c29fae2ff,osm:node:5216168822,3,,open,0,1440,0,obs:5be79b672a8aa8785d966227
hours:c5fa54e626bf37a0049567a9,osm:node:5216168822,4,,open,0,1440,0,obs:5be79b672a8aa8785d966227
hours:e15bce68922f9218ba577c69,osm:node:5216168822,5,,open,0,1440,0,obs:5be79b672a8aa8785d966227
hours:79a55e25d0d6f29fe6a58968,osm:node:5216168822,6,,open,0,1440,0,obs:5be79b672a8aa8785d966227
hours:c6add8a4f764a6da666c61a0,osm:node:5227336425,0,,open,540,1020,0,obs:06d06cac740103017be1080d
hours:79776dccf08a8315c1f9e374,osm:node:5227336425,1,,open,540,1020,0,obs:06d06cac740103017be1080d
hours:5efbe7b720262fe039dc0fd3,osm:node:5227336425,3,,open,540,1020,0,obs:06d06cac740103017be1080d
hours:5119ee98aa5ac093fd2aa3d8,osm:node:5227336425,4,,open,540,1020,0,obs:06d06cac740103017be1080d
hours:60dc6973798b2acf55c2eb97,osm:node:5227336425,5,,open,540,1020,0,obs:06d06cac740103017be1080d
hours:5f01e31fa0f3bd33d5c4b4a4,osm:node:5227336425,6,,open,540,1020,0,obs:06d06cac740103017be1080d
hours:961014f1b01a02f51fbd7670,osm:node:5273998823,0,,open,0,1440,0,obs:63ef0793faaee64a408ee226
hours:65697b6ef4e5a0137d184c9a,osm:node:5273998823,1,,open,0,1440,0,obs:63ef0793faaee64a408ee226
hours:4d14ca4eb4e0f02487b30008,osm:node:5273998823,2,,open,0,1440,0,obs:63ef0793faaee64a408ee226
hours:aba1806a6be9d0047a3d61ec,osm:node:5273998823,3,,open,0,1440,0,obs:63ef0793faaee64a408ee226
hours:69b948be563ae91dce5759ca,osm:node:5273998823,4,,open,0,1440,0,obs:63ef0793faaee64a408ee226
hours:035a66d9eae18e60314e3272,osm:node:5273998823,5,,open,0,1440,0,obs:63ef0793faaee64a408ee226
hours:778591f074da8358f4a7e8ea,osm:node:5273998823,6,,open,0,1440,0,obs:63ef0793faaee64a408ee226
hours:0b7a7db64031f1342046f857,osm:node:5274759821,0,,open,420,660,0,obs:6f4dfd8bd6c123d099bf8493
hours:e57da6c874a55c5e60b9c9cc,osm:node:5274759821,0,,open,780,1020,0,obs:6f4dfd8bd6c123d099bf8493
hours:654b895d1a53750750b383e1,osm:node:5274759821,1,,open,420,660,0,obs:6f4dfd8bd6c123d099bf8493
hours:8b5cb3514879aa1313cc4b97,osm:node:5274759821,1,,open,780,1020,0,obs:6f4dfd8bd6c123d099bf8493
hours:1ed3c066469b39d7289a9102,osm:node:5274759821,2,,open,420,660,0,obs:6f4dfd8bd6c123d099bf8493
hours:885706ce91fa4dae8158732d,osm:node:5274759821,2,,open,780,1020,0,obs:6f4dfd8bd6c123d099bf8493
hours:f201f7444dfc59bffd137652,osm:node:5274759821,3,,open,420,660,0,obs:6f4dfd8bd6c123d099bf8493
hours:50bc8c4519a334eff663261c,osm:node:5274759821,3,,open,780,1020,0,obs:6f4dfd8bd6c123d099bf8493
hours:6f3d72736c163fe14ef102a8,osm:node:5274759821,4,,open,420,660,0,obs:6f4dfd8bd6c123d099bf8493
hours:ef5324428af4ef35c69449c1,osm:node:5274759821,4,,open,780,1020,0,obs:6f4dfd8bd6c123d099bf8493
hours:b2f81d8890a087f26740740d,osm:node:5274759821,5,,open,420,660,0,obs:6f4dfd8bd6c123d099bf8493
hours:d3197bb3473652aa3c0839af,osm:node:5274759821,5,,open,780,1020,0,obs:6f4dfd8bd6c123d099bf8493
hours:65bbfe199d1fe6aa10f711c5,osm:node:5274759821,6,,open,420,660,0,obs:6f4dfd8bd6c123d099bf8493
hours:fcfe0edfdf570bccc51b330d,osm:node:5274759821,6,,open,780,1020,0,obs:6f4dfd8bd6c123d099bf8493
hours:ed5ac021632f641a876b3881,osm:node:5339081323,0,,open,0,1440,0,obs:0e425f9a42e357df2653fb8c
hours:02a3ca942470fc834084e816,osm:node:5339081323,1,,open,0,1440,0,obs:0e425f9a42e357df2653fb8c
hours:875c82810879463abf8ca5cc,osm:node:5339081323,2,,open,0,1440,0,obs:0e425f9a42e357df2653fb8c
hours:ec85cce39ab58ba0a6019041,osm:node:5339081323,3,,open,0,1440,0,obs:0e425f9a42e357df2653fb8c
hours:b7216ae46d98cc6a9dde3cd7,osm:node:5339081323,4,,open,0,1440,0,obs:0e425f9a42e357df2653fb8c
hours:dda004f7f4da727fbba0ff96,osm:node:5339081323,5,,open,0,1440,0,obs:0e425f9a42e357df2653fb8c
hours:882a5c393772f903ba8381ea,osm:node:5339081323,6,,open,0,1440,0,obs:0e425f9a42e357df2653fb8c
hours:cd622743f000959a5046821d,osm:node:5350977622,0,,open,960,1260,0,obs:a5745a8afc122c63a648c8d2
hours:8202a7973ed7383431c18db4,osm:node:5350977622,1,,open,960,1260,0,obs:a5745a8afc122c63a648c8d2
hours:cb2b7c92704ff365910a3bc6,osm:node:5350977622,2,,open,960,1260,0,obs:a5745a8afc122c63a648c8d2
hours:387187e86d34d334a48110fd,osm:node:5350977622,3,,open,960,1260,0,obs:a5745a8afc122c63a648c8d2
hours:940826e6a557413d8ccaa58d,osm:node:5350977622,4,,open,960,1260,0,obs:a5745a8afc122c63a648c8d2
hours:ca52e33e979b7ede7f31c1a4,osm:node:5350977622,5,,open,960,1260,0,obs:a5745a8afc122c63a648c8d2
hours:90a4e3844eed25759361d357,osm:node:5350977622,6,,open,960,1260,0,obs:a5745a8afc122c63a648c8d2
hours:2e69f6972c0d14ec40853ac7,osm:node:5406330126,0,,open,300,1440,0,obs:b5e4e38ded5ecd8c2bba642e
hours:2ce8d6be6d109662f20c4432,osm:node:5406330126,1,,open,300,1440,0,obs:b5e4e38ded5ecd8c2bba642e
hours:7b30680195bcdce46e609b1a,osm:node:5406330126,2,,open,300,1440,0,obs:b5e4e38ded5ecd8c2bba642e
hours:3e3276ad044ff4061a56b9bc,osm:node:5406330126,3,,open,300,1440,0,obs:b5e4e38ded5ecd8c2bba642e
hours:e94d350aa0e29de6396988b4,osm:node:5406330126,4,,open,300,1440,0,obs:b5e4e38ded5ecd8c2bba642e
hours:624d38be6502c0ccb63a17f3,osm:node:5406330126,5,,open,300,1440,0,obs:b5e4e38ded5ecd8c2bba642e
hours:d464228d72ca63f88832d1fd,osm:node:5406330126,6,,open,300,1440,0,obs:b5e4e38ded5ecd8c2bba642e
hours:f5f158cb7c08a3a86100d9e7,osm:node:5419192721,0,,open,0,1440,0,obs:182123ad23d199948cceb37f
hours:978fef82147570f847b3eaa7,osm:node:5419192721,1,,open,0,1440,0,obs:182123ad23d199948cceb37f
hours:cffc6d20b712481d31bbcff1,osm:node:5419192721,2,,open,0,1440,0,obs:182123ad23d199948cceb37f
hours:46d4017217f05da1c0817570,osm:node:5419192721,3,,open,0,1440,0,obs:182123ad23d199948cceb37f
hours:f00e6319ecd06b0f602e8eea,osm:node:5419192721,4,,open,0,1440,0,obs:182123ad23d199948cceb37f
hours:6d1a41da0208c525ef5489cc,osm:node:5419192721,5,,open,0,1440,0,obs:182123ad23d199948cceb37f
hours:279fb8c8c9e0c3bb178980bf,osm:node:5419192721,6,,open,0,1440,0,obs:182123ad23d199948cceb37f
hours:eaeec7c55227f587c062fdc0,osm:node:5433188023,0,,open,0,1440,0,obs:916d7b288e1be988548f7e4f
hours:c1991af2ba28a00cfd242e89,osm:node:5433188023,1,,open,0,1440,0,obs:916d7b288e1be988548f7e4f
hours:c1561636a098d8d41171854e,osm:node:5433188023,2,,open,0,1440,0,obs:916d7b288e1be988548f7e4f
hours:4237d5f5eae03a2042b26a30,osm:node:5433188023,3,,open,0,1440,0,obs:916d7b288e1be988548f7e4f
hours:ff07768c4ee27ff1ed9b0640,osm:node:5433188023,4,,open,0,1440,0,obs:916d7b288e1be988548f7e4f
hours:a339f5a15dec86ced4c179f8,osm:node:5433188023,5,,open,0,1440,0,obs:916d7b288e1be988548f7e4f
hours:3d44e5ae54574d75c6cbe497,osm:node:5433188023,6,,open,0,1440,0,obs:916d7b288e1be988548f7e4f
hours:4aadf9d865e81ad19e9cdd1a,osm:node:5441412622,5,,open,1230,540,1,obs:de12622eec49f40ce192780c
hours:2205567ce4b9648919a200f6,osm:node:5441412622,6,,open,1230,540,1,obs:de12622eec49f40ce192780c
hours:88eefb15a1309489cac596d9,osm:node:5453769823,0,,open,480,690,0,obs:8d6ad39c6cf6c38cbddc824a
hours:e363eda84198d6c0b173f492,osm:node:5453769823,0,,open,870,1020,0,obs:8d6ad39c6cf6c38cbddc824a
hours:b636d9838e07587dac5c9c17,osm:node:5453769823,1,,open,480,690,0,obs:8d6ad39c6cf6c38cbddc824a
hours:dc7758c4c52b046b50303891,osm:node:5453769823,1,,open,870,1020,0,obs:8d6ad39c6cf6c38cbddc824a
hours:ad1f8f950d98f653e2ff27e9,osm:node:5453769823,2,,open,480,690,0,obs:8d6ad39c6cf6c38cbddc824a
hours:e8afc43dee859869bd0c0b57,osm:node:5453769823,2,,open,870,1020,0,obs:8d6ad39c6cf6c38cbddc824a
hours:43865a92bcad3fcbf2b0e889,osm:node:5453769823,3,,open,480,690,0,obs:8d6ad39c6cf6c38cbddc824a
hours:76353026171f6ed7f8912b55,osm:node:5453769823,3,,open,870,1020,0,obs:8d6ad39c6cf6c38cbddc824a
hours:e594504d3d3acae9f2926a7a,osm:node:5453769823,4,,open,480,690,0,obs:8d6ad39c6cf6c38cbddc824a
hours:fda3016f95fb99e9fa681a46,osm:node:5453769823,4,,open,870,1020,0,obs:8d6ad39c6cf6c38cbddc824a
hours:205a70f3bfc68b6320e2aa91,osm:node:5453769823,5,,open,480,690,0,obs:8d6ad39c6cf6c38cbddc824a
hours:012b217626b57ef27d5d69ab,osm:node:5453769823,5,,open,870,1020,0,obs:8d6ad39c6cf6c38cbddc824a
hours:ff8a4d0451f1ef7154beb7b9,osm:node:5453769823,6,,open,480,690,0,obs:8d6ad39c6cf6c38cbddc824a
hours:dcfaeda4938d137e4ca25dad,osm:node:5453769823,6,,open,870,1020,0,obs:8d6ad39c6cf6c38cbddc824a
hours:64da4c7adb362d6bba7d22a5,osm:node:5488101021,0,,open,0,1440,0,obs:5a7968adbfce2339855b7604
hours:df338c5c63cbc778d1005c7c,osm:node:5488101021,1,,open,0,1440,0,obs:5a7968adbfce2339855b7604
hours:b6bde320867e87952edeb5aa,osm:node:5488101021,2,,open,0,1440,0,obs:5a7968adbfce2339855b7604
hours:3b21928a02ffef52ed8cf005,osm:node:5488101021,3,,open,0,1440,0,obs:5a7968adbfce2339855b7604
hours:edf7e785320311d05eb335d1,osm:node:5488101021,4,,open,0,1440,0,obs:5a7968adbfce2339855b7604
hours:0027b0fc4c9e1aa26f4a13b2,osm:node:5488101021,5,,open,0,1440,0,obs:5a7968adbfce2339855b7604
hours:eea15d5f4b485a73597782b0,osm:node:5488101021,6,,open,0,1440,0,obs:5a7968adbfce2339855b7604
hours:6935e95c1169a60afdb3f8f0,osm:node:5582045526,0,,open,420,1200,0,obs:9ed5c6b94320a8afa5fa2b93
hours:0591180abe6dd2a52a6d6485,osm:node:5582045526,1,,open,420,1200,0,obs:9ed5c6b94320a8afa5fa2b93
hours:319cc27bcbc5918e9e907d58,osm:node:5582045526,2,,open,420,1200,0,obs:9ed5c6b94320a8afa5fa2b93
hours:04e18c84bf3ecde1ee48aace,osm:node:5582045526,3,,open,420,1200,0,obs:9ed5c6b94320a8afa5fa2b93
hours:9a3d44e32328a405c35a928b,osm:node:5582045526,4,,open,420,1200,0,obs:9ed5c6b94320a8afa5fa2b93
hours:d21a27228ddf7dc224c94060,osm:node:5582045526,5,,open,420,1200,0,obs:9ed5c6b94320a8afa5fa2b93
hours:f7b3e2147a0d8d71217e0d5e,osm:node:5582045526,6,,open,420,1200,0,obs:9ed5c6b94320a8afa5fa2b93
hours:e3e70159837e2663df453eaa,osm:node:5630745722,0,,open,0,1440,0,obs:c4f357094cf1e206ac589ee1
hours:061eebbe9e6df4933c1b9477,osm:node:5630745722,1,,open,0,1440,0,obs:c4f357094cf1e206ac589ee1
hours:794a1177e003964e1cf6711e,osm:node:5630745722,2,,open,0,1440,0,obs:c4f357094cf1e206ac589ee1
hours:274382bae406eb4730637013,osm:node:5630745722,3,,open,0,1440,0,obs:c4f357094cf1e206ac589ee1
hours:da512d331a583d9982c57dc5,osm:node:5630745722,4,,open,0,1440,0,obs:c4f357094cf1e206ac589ee1
hours:6ffde6d23baccc877ea66d71,osm:node:5630745722,5,,open,0,1440,0,obs:c4f357094cf1e206ac589ee1
hours:584c33103439af62826b59d8,osm:node:5630745722,6,,open,0,1440,0,obs:c4f357094cf1e206ac589ee1
hours:1c10ada82a3ceb1d4f2f122b,osm:node:5757591121,0,,open,0,1440,0,obs:29c377cc554d72b65dd999ed
hours:be8073d10fe81774140fcdba,osm:node:5757591121,1,,open,0,1440,0,obs:29c377cc554d72b65dd999ed
hours:83cd522fa2f149be64eea73c,osm:node:5757591121,2,,open,0,1440,0,obs:29c377cc554d72b65dd999ed
hours:e7665a500d6a89ccff574970,osm:node:5757591121,3,,open,0,1440,0,obs:29c377cc554d72b65dd999ed
hours:0a38915cd1241489efee5db1,osm:node:5757591121,4,,open,0,1440,0,obs:29c377cc554d72b65dd999ed
hours:83fb58d180c8f918991675c0,osm:node:5757591121,5,,open,0,1440,0,obs:29c377cc554d72b65dd999ed
hours:41df98eef994ba7a1ff84960,osm:node:5757591121,6,,open,0,1440,0,obs:29c377cc554d72b65dd999ed
hours:f9597ffff41a0e54dbf0a9b6,osm:node:5790021353,0,,open,450,1020,0,obs:381922348e13d1c45299ed4c
hours:61ff00e7265a3917b33cbc9c,osm:node:5790021353,1,,open,450,1020,0,obs:381922348e13d1c45299ed4c
hours:6ff4c093101bf48a690db977,osm:node:5790021353,2,,open,450,1020,0,obs:381922348e13d1c45299ed4c
hours:11e0a52ab6d3b3c6f1a93e1b,osm:node:5790021353,3,,open,450,1020,0,obs:381922348e13d1c45299ed4c
hours:e9ceb3f067a603223e93c9a8,osm:node:5790021353,4,,open,450,1020,0,obs:381922348e13d1c45299ed4c
hours:c2dec5c6d7e7f60634cdb4c9,osm:node:5790021353,5,,open,450,1020,0,obs:381922348e13d1c45299ed4c
hours:859e8bfd1cac3b194f54634f,osm:node:5790021353,6,,open,450,1020,0,obs:381922348e13d1c45299ed4c
hours:0e4034e46d37c5208cd3c451,osm:node:5933150585,0,,open,540,990,0,obs:f5ce4570614a51fc125b9d27
hours:8457195ae67578f0e424af94,osm:node:5933150585,1,,open,540,990,0,obs:f5ce4570614a51fc125b9d27
hours:8d252055df368055d8bf059b,osm:node:5933150585,2,,open,540,990,0,obs:f5ce4570614a51fc125b9d27
hours:5e3f457f8bd388be0a209046,osm:node:5933150585,3,,open,540,990,0,obs:f5ce4570614a51fc125b9d27
hours:b9df3eac18c45e7e5bc1b873,osm:node:5933150585,4,,open,540,990,0,obs:f5ce4570614a51fc125b9d27
hours:887c48ed15e823186fdb8ab1,osm:node:5933150585,5,,open,540,990,0,obs:f5ce4570614a51fc125b9d27
hours:82c773ea18a556c103d10ccf,osm:node:5933150585,6,,open,540,990,0,obs:f5ce4570614a51fc125b9d27
hours:c66e79dec70b4a36bebda2da,osm:node:6099308589,0,,open,1080,1320,0,obs:0c8c5ec1c804c4f6be4f47e6
hours:5248eb0780ab2e0561fe46fc,osm:node:6099308589,1,,open,1080,1320,0,obs:0c8c5ec1c804c4f6be4f47e6
hours:e71b2bbb4f63d283b68fc490,osm:node:6099308589,2,,open,1080,1320,0,obs:0c8c5ec1c804c4f6be4f47e6
hours:90a20c8dc20ceaff89e12c1d,osm:node:6099308589,3,,open,1080,1320,0,obs:0c8c5ec1c804c4f6be4f47e6
hours:7a17550a19d9d1e8d92de36d,osm:node:6099308589,4,,open,1080,1320,0,obs:0c8c5ec1c804c4f6be4f47e6
hours:05dab5856206f22016abf0cd,osm:node:6099308589,5,,open,1080,1320,0,obs:0c8c5ec1c804c4f6be4f47e6
hours:fff477b1138badc4b6d3ec36,osm:node:6099308589,6,,open,1080,1320,0,obs:0c8c5ec1c804c4f6be4f47e6
hours:5c99933dce9159e93c3c76ac,osm:node:6114438287,0,,open,420,1050,0,obs:2b7359c7a5c0e7e17fe7c069
hours:fe1e3206b7cef578e0e18f3d,osm:node:6114438287,1,,open,420,1050,0,obs:2b7359c7a5c0e7e17fe7c069
hours:4be359fe53eeaa6cc7323133,osm:node:6114438287,2,,open,420,1050,0,obs:2b7359c7a5c0e7e17fe7c069
hours:f53c2bb99510546ee5d2651d,osm:node:6114438287,3,,open,420,1050,0,obs:2b7359c7a5c0e7e17fe7c069
hours:b8a55554b04b66f82406d418,osm:node:6114438287,4,,open,420,1050,0,obs:2b7359c7a5c0e7e17fe7c069
hours:ade93e1c3accaee72493b8ce,osm:node:6114438287,5,,open,420,1050,0,obs:2b7359c7a5c0e7e17fe7c069
hours:2f9092400e8c25c6a0f6cb3b,osm:node:6114438287,6,,open,420,1050,0,obs:2b7359c7a5c0e7e17fe7c069
hours:f5076dae8fbf9680ec935d8a,osm:node:6322222686,0,,open,480,1320,0,obs:cb52bc3b02ccdcd2bae46f36
hours:4ee185e189876461944fa287,osm:node:6322222686,1,,open,480,1320,0,obs:cb52bc3b02ccdcd2bae46f36
hours:4c5797ead0252b104b49885e,osm:node:6322222686,2,,open,480,1320,0,obs:cb52bc3b02ccdcd2bae46f36
hours:3e3e20b29cd6ff542be930f4,osm:node:6322222686,3,,open,480,1320,0,obs:cb52bc3b02ccdcd2bae46f36
hours:2d7940479ca2dae32f4b674e,osm:node:6322222686,4,,open,480,1320,0,obs:cb52bc3b02ccdcd2bae46f36
hours:f506d510da3d1327a667a29d,osm:node:6322222686,5,,open,480,1320,0,obs:cb52bc3b02ccdcd2bae46f36
hours:7bd4c7aa93a7b002409a563a,osm:node:6322222686,6,,open,480,1320,0,obs:cb52bc3b02ccdcd2bae46f36
hours:8122bc0da97e93bcd46488e1,osm:node:6361818787,0,,open,0,1440,0,obs:fe31a2d8186706270324d5e5
hours:98572f63284d69603e2208b4,osm:node:6361818787,1,,open,0,1440,0,obs:fe31a2d8186706270324d5e5
hours:0d9d8cbdd02c921ed20c2f8b,osm:node:6361818787,2,,open,0,1440,0,obs:fe31a2d8186706270324d5e5
hours:d3743043c767c261818b93bc,osm:node:6361818787,3,,open,0,1440,0,obs:fe31a2d8186706270324d5e5
hours:be4782952eb463aa7ed35b15,osm:node:6361818787,4,,open,0,1440,0,obs:fe31a2d8186706270324d5e5
hours:70515356d29bd08aa32285f8,osm:node:6361818787,5,,open,0,1440,0,obs:fe31a2d8186706270324d5e5
hours:011218fbb4c617eb493fc651,osm:node:6361818787,6,,open,0,1440,0,obs:fe31a2d8186706270324d5e5
hours:296df7fbc63aef3f0d214190,osm:node:6544912028,0,,open,0,1440,0,obs:81f3b023371ab31b2638d3a9
hours:e3c104e8185328747bc53fcd,osm:node:6544912028,1,,open,0,1440,0,obs:81f3b023371ab31b2638d3a9
hours:3844f24df037c477c8e01624,osm:node:6544912028,2,,open,0,1440,0,obs:81f3b023371ab31b2638d3a9
hours:ed620633f3afb76e671488a0,osm:node:6544912028,3,,open,0,1440,0,obs:81f3b023371ab31b2638d3a9
hours:77a488f4357d3ed5e60cbb6d,osm:node:6544912028,4,,open,0,1440,0,obs:81f3b023371ab31b2638d3a9
hours:ba08c29a24372e3e85620833,osm:node:6544912028,5,,open,0,1440,0,obs:81f3b023371ab31b2638d3a9
hours:92af902a9580a583721ce0f2,osm:node:6544912028,6,,open,0,1440,0,obs:81f3b023371ab31b2638d3a9
hours:8ccf02390eab0a505e387bc6,osm:node:6604890385,0,,open,0,1440,0,obs:e260a3b127a440ef487fcc52
hours:3f548149ad396f801b65992d,osm:node:6604890385,1,,open,0,1440,0,obs:e260a3b127a440ef487fcc52
hours:f64bc78b783cefd4c5c2e523,osm:node:6604890385,2,,open,0,1440,0,obs:e260a3b127a440ef487fcc52
hours:295390971404d6215428d2e7,osm:node:6604890385,3,,open,0,1440,0,obs:e260a3b127a440ef487fcc52
hours:07c2f247c403fa2cdd03445c,osm:node:6604890385,4,,open,0,1440,0,obs:e260a3b127a440ef487fcc52
hours:d30dc529d286335aff99df0c,osm:node:6604890385,5,,open,0,1440,0,obs:e260a3b127a440ef487fcc52
hours:b7734731c686a4665b50a6a7,osm:node:6604890385,6,,open,0,1440,0,obs:e260a3b127a440ef487fcc52
hours:ae34c368699e8ac79013f794,osm:node:6657302657,0,,open,0,1440,0,obs:a07170b67bb0351bb00685ff
hours:f5e7b32d0a2bf1518be34db8,osm:node:6657302657,1,,open,0,1440,0,obs:a07170b67bb0351bb00685ff
hours:473e44e076c7ecd6da94c3b7,osm:node:6657302657,2,,open,0,1440,0,obs:a07170b67bb0351bb00685ff
hours:c68e7828ce66e0a7d7fdb535,osm:node:6657302657,3,,open,0,1440,0,obs:a07170b67bb0351bb00685ff
hours:5533b229c1637ace79c80c32,osm:node:6657302657,4,,open,0,1440,0,obs:a07170b67bb0351bb00685ff
hours:bf1d8f4b44d3724cb12d9d6c,osm:node:6657302657,5,,open,0,1440,0,obs:a07170b67bb0351bb00685ff
hours:91e1e856741fc7e40fda5ed4,osm:node:6657302657,6,,open,0,1440,0,obs:a07170b67bb0351bb00685ff
hours:dbee4b4f35ac48f0940e070b,osm:node:6784117487,6,,open,360,1080,0,obs:59783b282b5a9d6a28eaf3a2
hours:68d82f6dfaade2ea72cd9d0b,osm:node:6958985795,0,,open,480,1020,0,obs:61c154ec2bd1421665a313b7
hours:4894987b8985bc04a0b58915,osm:node:6958985795,1,,open,480,1020,0,obs:61c154ec2bd1421665a313b7
hours:0d8b1bdb7bab8c3ad680d239,osm:node:6958985795,2,,open,480,1020,0,obs:61c154ec2bd1421665a313b7
hours:47af400ea2079a6f5a24ccae,osm:node:6958985795,3,,open,480,1020,0,obs:61c154ec2bd1421665a313b7
hours:b4dbdaf259ce58c9a7928807,osm:node:6958985795,4,,open,480,1020,0,obs:61c154ec2bd1421665a313b7
hours:ab9e1b74c9ac83868a1e3d3a,osm:node:6968353589,0,,open,0,1440,0,obs:835d97234d6d0f67a79624af
hours:66f984dd812b934f139a16f0,osm:node:6968353589,1,,open,0,1440,0,obs:835d97234d6d0f67a79624af
hours:a7da4f20cd3dedd26af8bccd,osm:node:6968353589,2,,open,0,1440,0,obs:835d97234d6d0f67a79624af
hours:79198fa26db3e3c535e9bfa1,osm:node:6968353589,3,,open,0,1440,0,obs:835d97234d6d0f67a79624af
hours:c0dcc4d9da83ed398144e855,osm:node:6968353589,4,,open,0,1440,0,obs:835d97234d6d0f67a79624af
hours:409e94b98684b49e18f9a3ab,osm:node:6968353589,5,,open,0,1440,0,obs:835d97234d6d0f67a79624af
hours:96edac442510240b53a93b39,osm:node:6968353589,6,,open,0,1440,0,obs:835d97234d6d0f67a79624af
hours:dcc95c251d1e7a08c6e43fa6,osm:node:7010848391,0,,open,0,1440,0,obs:19a76dc9fc6e86eeef86bc9c
hours:c58c0d7751304ba7b546d56f,osm:node:7010848391,1,,open,0,1440,0,obs:19a76dc9fc6e86eeef86bc9c
hours:787d8c19b1e3b5687812353f,osm:node:7010848391,2,,open,0,1440,0,obs:19a76dc9fc6e86eeef86bc9c
hours:dd6c052a32dddd892ec7a4ff,osm:node:7010848391,3,,open,0,1440,0,obs:19a76dc9fc6e86eeef86bc9c
hours:b62bf39b9d67415bf94f4175,osm:node:7010848391,4,,open,0,1440,0,obs:19a76dc9fc6e86eeef86bc9c
hours:cd8fa23fa1b609916ab89fcd,osm:node:7010848391,5,,open,0,1440,0,obs:19a76dc9fc6e86eeef86bc9c
hours:ac770c354a252dca02ac890c,osm:node:7010848391,6,,open,0,1440,0,obs:19a76dc9fc6e86eeef86bc9c
hours:720128f444596f1a6f4694fd,osm:node:7060605287,0,,open,540,1020,0,obs:e19dda40a313a519ab35f024
hours:69e3dcfc043a889ec023587a,osm:node:7060605287,1,,open,540,1020,0,obs:e19dda40a313a519ab35f024
hours:2b6487a0d1b3df5e34b43b4d,osm:node:7060605287,2,,open,540,1020,0,obs:e19dda40a313a519ab35f024
hours:e6de66382587b2c1d45e1dd4,osm:node:7060605287,3,,open,540,1020,0,obs:e19dda40a313a519ab35f024
hours:b0bd4cd9f49b462a31d6b21b,osm:node:7060605287,4,,open,540,1020,0,obs:e19dda40a313a519ab35f024
hours:bbae6a0f833d19d34c8ff341,osm:node:7060605287,5,,open,540,1020,0,obs:e19dda40a313a519ab35f024
hours:37414443c74036a5cdc51acc,osm:node:7060605287,6,,open,540,1020,0,obs:e19dda40a313a519ab35f024
hours:364afeb63c5a554aa1f6c22d,osm:node:7160088485,0,,open,0,1440,0,obs:4e0cbbbdbdd985cf22f39878
hours:7f35272f300393647fceafd7,osm:node:7160088485,1,,open,0,1440,0,obs:4e0cbbbdbdd985cf22f39878
hours:7b39a475c424b8f09b749d1a,osm:node:7160088485,2,,open,0,1440,0,obs:4e0cbbbdbdd985cf22f39878
hours:749de0cbeb08ed8a8258457c,osm:node:7160088485,3,,open,0,1440,0,obs:4e0cbbbdbdd985cf22f39878
hours:95e3bd9197c6d8345fcf855c,osm:node:7160088485,4,,open,0,1440,0,obs:4e0cbbbdbdd985cf22f39878
hours:fe16baa91f697660813be0dd,osm:node:7160088485,5,,open,0,1440,0,obs:4e0cbbbdbdd985cf22f39878
hours:4152938ee5fff6d48f9c7ecd,osm:node:7160088485,6,,open,0,1440,0,obs:4e0cbbbdbdd985cf22f39878
hours:4f1415923360031ba15d3b39,osm:node:7328902486,0,,open,0,1440,0,obs:feea5274afffa923187aae4b
hours:4024f487b768b534837ebf2f,osm:node:7328902486,1,,open,0,1440,0,obs:feea5274afffa923187aae4b
hours:0add01afc32b99f56e7946d2,osm:node:7328902486,2,,open,0,1440,0,obs:feea5274afffa923187aae4b
hours:02b531de56145c6ea1e6cb11,osm:node:7328902486,3,,open,0,1440,0,obs:feea5274afffa923187aae4b
hours:cd6773449692ef088c6d5886,osm:node:7328902486,4,,open,0,1440,0,obs:feea5274afffa923187aae4b
hours:72783842da2f255bc7c77f88,osm:node:7328902486,5,,open,0,1440,0,obs:feea5274afffa923187aae4b
hours:f21657cb87fdc2e261488e9a,osm:node:7328902486,6,,open,0,1440,0,obs:feea5274afffa923187aae4b
hours:b39de57b72d24be76eda4911,osm:node:7372895085,0,,open,0,1440,0,obs:9411ead41874afd56254c630
hours:89ac28dee4f7913e8b098041,osm:node:7372895085,1,,open,0,1440,0,obs:9411ead41874afd56254c630
hours:c278a0462ca6204fda2a589b,osm:node:7372895085,2,,open,0,1440,0,obs:9411ead41874afd56254c630
hours:1442777fc77cd7d1338576dd,osm:node:7372895085,3,,open,0,1440,0,obs:9411ead41874afd56254c630
hours:d6044e66f33d7d75d504bccb,osm:node:7372895085,4,,open,0,1440,0,obs:9411ead41874afd56254c630
hours:1504e568b73f65c280709c49,osm:node:7372895085,5,,open,0,1440,0,obs:9411ead41874afd56254c630
hours:90d80f47013e56779800023c,osm:node:7372895085,6,,open,0,1440,0,obs:9411ead41874afd56254c630
hours:1154d35fd3bd0bfc42ca2c72,osm:node:880247538,0,,open,0,1440,0,obs:eed667033464de7faf1ce5c1
hours:53f6df042f1f6417a0b35065,osm:node:880247538,1,,open,0,1440,0,obs:eed667033464de7faf1ce5c1
hours:4a3d0199f6a27e88a714de37,osm:node:880247538,2,,open,0,1440,0,obs:eed667033464de7faf1ce5c1
hours:6f821b81b6d47339dd39891c,osm:node:880247538,3,,open,0,1440,0,obs:eed667033464de7faf1ce5c1
hours:12267b344f0cc8dc448f56eb,osm:node:880247538,4,,open,0,1440,0,obs:eed667033464de7faf1ce5c1
hours:cefc8d852b42ad9eb546dd56,osm:node:880247538,5,,open,0,1440,0,obs:eed667033464de7faf1ce5c1
hours:f02fbfa238b343485526443c,osm:node:880247538,6,,open,0,1440,0,obs:eed667033464de7faf1ce5c1
hours:3830fc2c7839e28c49f2a8d8,osm:node:8980937102,0,,open,0,1440,0,obs:76a1d125acc2fc669b30ff75
hours:d6d4c7708c649e840130c6b9,osm:node:8980937102,1,,open,0,1440,0,obs:76a1d125acc2fc669b30ff75
hours:b551730c3b43f8b9c77560ce,osm:node:8980937102,2,,open,0,1440,0,obs:76a1d125acc2fc669b30ff75
hours:931dc4fd45d4fe24e74b668e,osm:node:8980937102,3,,open,0,1440,0,obs:76a1d125acc2fc669b30ff75
hours:cb4eebfec3ec32270782a857,osm:node:8980937102,4,,open,0,1440,0,obs:76a1d125acc2fc669b30ff75
hours:6167ee7cba2af44d55c39a68,osm:node:8980937102,5,,open,0,1440,0,obs:76a1d125acc2fc669b30ff75
hours:756964835facc0347ff7759b,osm:node:8980937102,6,,open,0,1440,0,obs:76a1d125acc2fc669b30ff75
hours:192138e107e86a4402edc83e,osm:node:9498047319,0,,open,540,1080,0,obs:467cfd8917b860e6bb6fc317
hours:8b74f88aee14186b17762fe1,osm:node:9498047319,1,,open,540,1080,0,obs:467cfd8917b860e6bb6fc317
hours:0989e6771af0e5ab3231fe8b,osm:node:9498047319,2,,open,540,1080,0,obs:467cfd8917b860e6bb6fc317
hours:31ba430be8b7d6632372502f,osm:node:9498047319,3,,open,540,1080,0,obs:467cfd8917b860e6bb6fc317
hours:6058abe4bb370d76e38c61a8,osm:node:9498047319,4,,open,540,1080,0,obs:467cfd8917b860e6bb6fc317
hours:dec2c6380d2ab4692b5f2c0d,osm:node:9498047319,5,,open,540,1080,0,obs:467cfd8917b860e6bb6fc317
hours:476cc4ac1074e9cba3aafb55,osm:node:9498047319,6,,open,540,1080,0,obs:467cfd8917b860e6bb6fc317
hours:cdcf97976f8c1444266f920e,osm:node:9518711737,0,,open,540,1020,0,obs:a68f9d877b3dc5633d6a0a00
hours:500e3b4943d7521cdf679ef4,osm:node:9518711737,1,,open,540,1020,0,obs:a68f9d877b3dc5633d6a0a00
hours:a224cb073aa90b01a820c661,osm:node:9518711737,2,,open,540,1020,0,obs:a68f9d877b3dc5633d6a0a00
hours:66ef42d5f3f88fc94ecfb60d,osm:node:9518711737,3,,open,540,1020,0,obs:a68f9d877b3dc5633d6a0a00
hours:7aff290b566966cda51124cc,osm:node:9518711737,4,,open,540,1020,0,obs:a68f9d877b3dc5633d6a0a00
hours:c863ff98346377068468a178,osm:node:9518711737,5,,open,540,1020,0,obs:a68f9d877b3dc5633d6a0a00
hours:806164e41fe9ee7fdea1d5c2,osm:node:9518711737,6,,open,540,1020,0,obs:a68f9d877b3dc5633d6a0a00
hours:93a49c1d741f8a534ef51d3d,osm:node:9751109563,0,,open,0,1440,0,obs:e3e74175b700c2032eba81fd
hours:1ba4c950098cb5f07d0b078b,osm:node:9751109563,1,,open,0,1440,0,obs:e3e74175b700c2032eba81fd
hours:16ef0e14b0f7f8491e9af750,osm:node:9751109563,2,,open,0,1440,0,obs:e3e74175b700c2032eba81fd
hours:9ac57180eba86fb0e8844848,osm:node:9751109563,3,,open,0,1440,0,obs:e3e74175b700c2032eba81fd
hours:01a47a38b3cc229920b9be92,osm:node:9751109563,4,,open,0,1440,0,obs:e3e74175b700c2032eba81fd
hours:19ed6ca372e36a88cf99018e,osm:node:9751109563,5,,open,0,1440,0,obs:e3e74175b700c2032eba81fd
hours:e37aa241bf147959c6e5e2d4,osm:node:9751109563,6,,open,0,1440,0,obs:e3e74175b700c2032eba81fd
hours:f937299f569bd705ddc8affd,osm:node:9757095553,0,,open,420,660,0,obs:0748f37687dd25953d37c128
hours:d2901aa04c706af9cf95728e,osm:node:9757095553,0,,open,840,1080,0,obs:0748f37687dd25953d37c128
hours:4be17681cee50cbe731d255e,osm:node:9757095553,1,,open,420,660,0,obs:0748f37687dd25953d37c128
hours:54894882f08546be262a6941,osm:node:9757095553,1,,open,840,1080,0,obs:0748f37687dd25953d37c128
hours:ffdd3994ff5effe650737098,osm:node:9757095553,2,,open,420,660,0,obs:0748f37687dd25953d37c128
hours:7d077484c5fb7a4806e49f3d,osm:node:9757095553,2,,open,840,1080,0,obs:0748f37687dd25953d37c128
hours:e62a1747d8b82962d8c7cef9,osm:node:9757095553,3,,open,420,660,0,obs:0748f37687dd25953d37c128
hours:cc9326bdcffa14ada8c15bb8,osm:node:9757095553,3,,open,840,1080,0,obs:0748f37687dd25953d37c128
hours:f1f7ce45f66eacd62af3fd73,osm:node:9757095553,4,,open,420,660,0,obs:0748f37687dd25953d37c128
hours:463133f43230e02567937a1e,osm:node:9757095553,4,,open,840,1080,0,obs:0748f37687dd25953d37c128
hours:8baa39abd4a1e68caf3501e4,osm:node:9757095553,5,,open,420,660,0,obs:0748f37687dd25953d37c128
hours:e3f1fc5e5e4885fdd4c68a08,osm:node:9757095553,5,,open,840,1080,0,obs:0748f37687dd25953d37c128
hours:1f406b06d661c651eddcaec7,osm:node:9757095553,6,,open,420,660,0,obs:0748f37687dd25953d37c128
hours:1caa681002a44755dd047309,osm:node:9757095553,6,,open,840,1080,0,obs:0748f37687dd25953d37c128
hours:6511334f320fb1cf2fb4e95a,osm:node:9911660993,0,,open,420,1320,0,obs:56c2eabcd9af770edc570bc8
hours:d57fd61f89013ae00719cf6a,osm:node:9911660993,1,,open,420,1320,0,obs:56c2eabcd9af770edc570bc8
hours:bb7bf6d29817a2a9732ec075,osm:node:9911660993,2,,open,420,1320,0,obs:56c2eabcd9af770edc570bc8
hours:28fbd317891be1e67d739cd0,osm:node:9911660993,3,,open,420,1320,0,obs:56c2eabcd9af770edc570bc8
hours:8c68e7a5dd97bcaf8daf5a85,osm:node:9911660993,4,,open,420,1320,0,obs:56c2eabcd9af770edc570bc8
hours:83ec3f93fa77423e3305b86c,osm:node:9911660993,5,,open,420,1320,0,obs:56c2eabcd9af770edc570bc8
hours:392cc0316ae0dac32fba7420,osm:node:9911660993,6,,open,420,1320,0,obs:56c2eabcd9af770edc570bc8
hours:cfcd28ce70199781bdc83927,osm:relation:14939719,0,,open,0,1440,0,obs:5070d4c8f4cb5a382431421c
hours:f96ce60aedd269131b07e5dd,osm:relation:14939719,1,,open,0,1440,0,obs:5070d4c8f4cb5a382431421c
hours:0af0895f49a11b9ce6ffd9df,osm:relation:14939719,2,,open,0,1440,0,obs:5070d4c8f4cb5a382431421c
hours:f8a1b9e3b9d20e43dfd2299e,osm:relation:14939719,3,,open,0,1440,0,obs:5070d4c8f4cb5a382431421c
hours:f535da4b4ecee739c96123c4,osm:relation:14939719,4,,open,0,1440,0,obs:5070d4c8f4cb5a382431421c
hours:0670da40fcb078df6953900a,osm:relation:14939719,5,,open,0,1440,0,obs:5070d4c8f4cb5a382431421c
hours:9e65890088def4d47369b5cd,osm:relation:14939719,6,,open,0,1440,0,obs:5070d4c8f4cb5a382431421c
hours:f74705a20138c5d5f8b8ecea,osm:relation:15662995,0,,open,360,1080,0,obs:07acd38626ee4047691eabdb
hours:9b744aed4a57c31b8bd9d040,osm:relation:15662995,1,,open,360,1080,0,obs:07acd38626ee4047691eabdb
hours:3495a648705d3d77737a6aa5,osm:relation:15662995,2,,open,360,1080,0,obs:07acd38626ee4047691eabdb
hours:ff2eb0f804a043342c8ce3a8,osm:relation:15662995,3,,open,360,1080,0,obs:07acd38626ee4047691eabdb
hours:e8738534e910580cb388bb9f,osm:relation:15662995,4,,open,360,1080,0,obs:07acd38626ee4047691eabdb
hours:9dc2732ca2412a88c026916b,osm:relation:15662995,5,,open,360,1080,0,obs:07acd38626ee4047691eabdb
hours:10003e1724991ff120cb6a4e,osm:relation:15662995,6,,open,360,1080,0,obs:07acd38626ee4047691eabdb
hours:f286fd3249ec58f9c4e91d95,osm:relation:17758150,1,,open,480,690,0,obs:b6d5a599bc65aa244b68ee91
hours:793f61aabaa6a630e0e6c053,osm:relation:17758150,1,,open,780,1020,0,obs:b6d5a599bc65aa244b68ee91
hours:950e6238a269dc19573eba45,osm:relation:17758150,2,,open,480,690,0,obs:b6d5a599bc65aa244b68ee91
hours:a3aa1c5b8e892c0cde829eb1,osm:relation:17758150,2,,open,780,1020,0,obs:b6d5a599bc65aa244b68ee91
hours:6e95497495dbf4133f0345de,osm:relation:17758150,3,,open,480,690,0,obs:b6d5a599bc65aa244b68ee91
hours:c31fc7eebb0ca7804f7d9fb3,osm:relation:17758150,3,,open,780,1020,0,obs:b6d5a599bc65aa244b68ee91
hours:66cf47c0cad44fd8f176eed3,osm:relation:17758150,4,,open,480,690,0,obs:b6d5a599bc65aa244b68ee91
hours:573308a71ef205cfecf4c964,osm:relation:17758150,4,,open,780,1020,0,obs:b6d5a599bc65aa244b68ee91
hours:b98b8fdffec35b83bcdc9120,osm:relation:17758150,5,,open,480,690,0,obs:b6d5a599bc65aa244b68ee91
hours:74d032d51c4c92ec482c6786,osm:relation:17758150,5,,open,780,1020,0,obs:b6d5a599bc65aa244b68ee91
hours:967dec92a423277877edddb5,osm:relation:17758150,6,,open,480,690,0,obs:b6d5a599bc65aa244b68ee91
hours:c961d1b42018bb75b61af0cd,osm:relation:17758150,6,,open,780,1020,0,obs:b6d5a599bc65aa244b68ee91
hours:96b339b7f4b048673016b680,osm:relation:19280388,0,,open,0,1440,0,obs:14646e4b0668a7dac8fb5667
hours:a5e5822d546c1b0f7914a210,osm:relation:19280388,1,,open,0,1440,0,obs:14646e4b0668a7dac8fb5667
hours:42f5ad60ffd714a537844f20,osm:relation:19280388,2,,open,0,1440,0,obs:14646e4b0668a7dac8fb5667
hours:9bcb0dfb1f4e9d31b0c3be46,osm:relation:19280388,3,,open,0,1440,0,obs:14646e4b0668a7dac8fb5667
hours:28f0edef1f6f2546344d185b,osm:relation:19280388,4,,open,0,1440,0,obs:14646e4b0668a7dac8fb5667
hours:3adfcfa1dab7658c170bc95f,osm:relation:19280388,5,,open,0,1440,0,obs:14646e4b0668a7dac8fb5667
hours:1561feb727dbad1a6c31b278,osm:relation:19280388,6,,open,0,1440,0,obs:14646e4b0668a7dac8fb5667
hours:bc9c3b99d63ff8681301f464,osm:relation:20657435,0,,open,510,1140,0,obs:d740d3670cc46b59e2f42370
hours:3da33fbfe5d7b7c6fb330d7d,osm:relation:20657435,1,,open,510,1140,0,obs:d740d3670cc46b59e2f42370
hours:35b110da961489947c59645f,osm:relation:20657435,2,,open,510,1140,0,obs:d740d3670cc46b59e2f42370
hours:e76644e33a05a514147f8a77,osm:relation:20657435,3,,open,510,1140,0,obs:d740d3670cc46b59e2f42370
hours:3881fe5f6f43a5a6b2d0827f,osm:relation:20657435,4,,open,510,1140,0,obs:d740d3670cc46b59e2f42370
hours:2a1c9ebd722e740deb5d7282,osm:relation:20657435,5,,open,510,1140,0,obs:d740d3670cc46b59e2f42370
hours:1c73881fc363a0f4df93f50d,osm:relation:20657435,6,,open,510,1140,0,obs:d740d3670cc46b59e2f42370
hours:190b5c7204aa7c20af18b1cc,osm:way:1012107577,0,,open,0,1440,0,obs:1e0e42b72a015ee53f593d82
hours:882e08f68998c817cd89872a,osm:way:1012107577,1,,open,0,1440,0,obs:1e0e42b72a015ee53f593d82
hours:f44ded9d6a72a376c1a2204f,osm:way:1012107577,2,,open,0,1440,0,obs:1e0e42b72a015ee53f593d82
hours:aa946c6fa0b732778e0ab695,osm:way:1012107577,3,,open,0,1440,0,obs:1e0e42b72a015ee53f593d82
hours:fef15e519fa6ca0fa376ef2e,osm:way:1012107577,4,,open,0,1440,0,obs:1e0e42b72a015ee53f593d82
hours:4e30498cb9f10e079f528a48,osm:way:1012107577,5,,open,0,1440,0,obs:1e0e42b72a015ee53f593d82
hours:3d75099291e77ba6bc7d58f7,osm:way:1012107577,6,,open,0,1440,0,obs:1e0e42b72a015ee53f593d82
hours:eb09ac94115667eec5d2c2a1,osm:way:1019050229,0,,open,480,660,0,obs:2f8ac191f0f9d58d3c874421
hours:2cf90b5f7e2decdb1029464d,osm:way:1019050229,0,,open,810,990,0,obs:2f8ac191f0f9d58d3c874421
hours:3b3f82994f3cbf90cb3cb68e,osm:way:1019050229,1,,open,480,660,0,obs:2f8ac191f0f9d58d3c874421
hours:695f2ee51e55c540b4703b98,osm:way:1019050229,1,,open,810,990,0,obs:2f8ac191f0f9d58d3c874421
hours:4bcb01efef5e186c9101cbe2,osm:way:1019050229,2,,open,480,660,0,obs:2f8ac191f0f9d58d3c874421
hours:e0a571971f11a0ea6d365a5d,osm:way:1019050229,2,,open,810,990,0,obs:2f8ac191f0f9d58d3c874421
hours:905efc69f5b10ca062556945,osm:way:1019050229,3,,open,480,660,0,obs:2f8ac191f0f9d58d3c874421
hours:d6c386e22598062b622c88fd,osm:way:1019050229,3,,open,810,990,0,obs:2f8ac191f0f9d58d3c874421
hours:ab724d3b6ffbe7b5ece334ef,osm:way:1019050229,4,,open,480,660,0,obs:2f8ac191f0f9d58d3c874421
hours:268a69bc250101935298d915,osm:way:1019050229,4,,open,810,990,0,obs:2f8ac191f0f9d58d3c874421
hours:6d4a72a27dcd94a0b6a472f6,osm:way:1019050229,5,,open,480,660,0,obs:2f8ac191f0f9d58d3c874421
hours:f2f7db90b57dae4e2efd65ec,osm:way:1019050229,5,,open,810,990,0,obs:2f8ac191f0f9d58d3c874421
hours:8a2a98426c45e7588a6c25eb,osm:way:1019050229,6,,open,480,660,0,obs:2f8ac191f0f9d58d3c874421
hours:a4678bba3a78810107163105,osm:way:1019050229,6,,open,810,990,0,obs:2f8ac191f0f9d58d3c874421
hours:1a76ef95187b9e8d7c5247ff,osm:way:1049831208,1,,open,480,660,0,obs:97418c5c9fa863243c8c3a76
hours:3c0d724bb16a31225858b624,osm:way:1049831208,1,,open,870,1020,0,obs:97418c5c9fa863243c8c3a76
hours:5b02fbf582aa10bf260354b5,osm:way:1049831208,2,,open,480,660,0,obs:97418c5c9fa863243c8c3a76
hours:5cfead11c42871852861dce3,osm:way:1049831208,2,,open,870,1020,0,obs:97418c5c9fa863243c8c3a76
hours:da647953ce9a9c4a8c115d68,osm:way:1049831208,3,,open,480,660,0,obs:97418c5c9fa863243c8c3a76
hours:c70eb5df9f3fccc447553f81,osm:way:1049831208,3,,open,870,1020,0,obs:97418c5c9fa863243c8c3a76
hours:b7c736406c782bad169baf5b,osm:way:1049831208,4,,open,480,660,0,obs:97418c5c9fa863243c8c3a76
hours:e263f4fc098d457584f7721f,osm:way:1049831208,4,,open,870,1020,0,obs:97418c5c9fa863243c8c3a76
hours:df8f6b454d4625594d4aedab,osm:way:1049831208,5,,open,480,660,0,obs:97418c5c9fa863243c8c3a76
hours:2057d103cc5a1bfdb4e4d87a,osm:way:1049831208,5,,open,870,1020,0,obs:97418c5c9fa863243c8c3a76
hours:652db1514c60d33881820fce,osm:way:1049831208,6,,open,480,660,0,obs:97418c5c9fa863243c8c3a76
hours:f9a2c0f5620d94c4ba3900b2,osm:way:1049831208,6,,open,870,1020,0,obs:97418c5c9fa863243c8c3a76
hours:d048a7960d681af406db0458,osm:way:1050684699,0,,open,480,1020,0,obs:397884edaa33992ddc30f0df
hours:4afeb215d742b54423c15526,osm:way:1050684699,1,,open,480,1020,0,obs:397884edaa33992ddc30f0df
hours:130670c29e411e98abe37f05,osm:way:1050684699,2,,open,480,1020,0,obs:397884edaa33992ddc30f0df
hours:e8a82f0b4a09d06c800df0e8,osm:way:1050684699,3,,open,480,1020,0,obs:397884edaa33992ddc30f0df
hours:d26d98d49316d7de68b45021,osm:way:1050684699,4,,open,480,1020,0,obs:397884edaa33992ddc30f0df
hours:b5e13339c60ab6667909af7e,osm:way:1078097938,0,,open,0,1440,0,obs:de86b3c2310a371aeaa397ed
hours:cc8b27bc32ed8999cad62a2c,osm:way:1078097938,1,,open,0,1440,0,obs:de86b3c2310a371aeaa397ed
hours:4b5d1333d9aaff97c8d1dfc9,osm:way:1078097938,2,,open,0,1440,0,obs:de86b3c2310a371aeaa397ed
hours:e5e986f2f2b18e6f10046504,osm:way:1078097938,3,,open,0,1440,0,obs:de86b3c2310a371aeaa397ed
hours:086e1ad7d58d06220c4e8728,osm:way:1078097938,4,,open,0,1440,0,obs:de86b3c2310a371aeaa397ed
hours:ba2bec7f451858ebb8b3cf8e,osm:way:1078097938,5,,open,0,1440,0,obs:de86b3c2310a371aeaa397ed
hours:94eb9628359bbbf70988355d,osm:way:1078097938,6,,open,0,1440,0,obs:de86b3c2310a371aeaa397ed
hours:05600dce677202606aac75ad,osm:way:1087731715,0,,open,0,1440,0,obs:9434c98f418f33f3c3acc0b8
hours:43d54ff66f4bcfbed6442ef8,osm:way:1087731715,1,,open,0,1440,0,obs:9434c98f418f33f3c3acc0b8
hours:696ed4972d2fee0e980f6b6b,osm:way:1087731715,2,,open,0,1440,0,obs:9434c98f418f33f3c3acc0b8
hours:968227ba5e64064a4cc461c8,osm:way:1087731715,3,,open,0,1440,0,obs:9434c98f418f33f3c3acc0b8
hours:df916eaa7388e8a6019a51e5,osm:way:1087731715,4,,open,0,1440,0,obs:9434c98f418f33f3c3acc0b8
hours:1d15a8446362ff5bac16a756,osm:way:1087731715,5,,open,0,1440,0,obs:9434c98f418f33f3c3acc0b8
hours:e0447a5d189128fe84a8c08a,osm:way:1087731715,6,,open,0,1440,0,obs:9434c98f418f33f3c3acc0b8
hours:fc9b4912349dee2da6b65092,osm:way:1103182086,0,,open,0,1440,0,obs:d0b5e63e2c00670fda8be6ac
hours:43bcd5cf2885fd34f35d4b38,osm:way:1103182086,1,,open,0,1440,0,obs:d0b5e63e2c00670fda8be6ac
hours:276e2c190de800b6b48ec4d8,osm:way:1103182086,2,,open,0,1440,0,obs:d0b5e63e2c00670fda8be6ac
hours:6cc8621f380868f3d25c6d6f,osm:way:1103182086,3,,open,0,1440,0,obs:d0b5e63e2c00670fda8be6ac
hours:fcb7b0f65705cfa3bcb18dc9,osm:way:1103182086,4,,open,0,1440,0,obs:d0b5e63e2c00670fda8be6ac
hours:40db0e7d9ab0808a8e7b6247,osm:way:1103182086,5,,open,0,1440,0,obs:d0b5e63e2c00670fda8be6ac
hours:c7d5ef3184848601b11e0edd,osm:way:1103182086,6,,open,0,1440,0,obs:d0b5e63e2c00670fda8be6ac
hours:93a9c6905e564d07b935a4e1,osm:way:1167471574,0,,open,480,660,0,obs:80a9af867189da0776d92fd4
hours:c8438edd65a3dc403b272982,osm:way:1167471574,0,,open,840,1020,0,obs:80a9af867189da0776d92fd4
hours:209bfe3635a1888fe000bbd7,osm:way:1167471574,1,,open,480,660,0,obs:80a9af867189da0776d92fd4
hours:aaebaca48741205a4e3a6314,osm:way:1167471574,1,,open,840,1020,0,obs:80a9af867189da0776d92fd4
hours:98503a7cc66c4af9601cda87,osm:way:1167471574,2,,open,480,660,0,obs:80a9af867189da0776d92fd4
hours:b8c321cef5c75f4a0f26d788,osm:way:1167471574,2,,open,840,1020,0,obs:80a9af867189da0776d92fd4
hours:6e75bd82950bd7c64af7c3ea,osm:way:1167471574,3,,open,480,660,0,obs:80a9af867189da0776d92fd4
hours:2dafba5f6df9a76f845b0199,osm:way:1167471574,3,,open,840,1020,0,obs:80a9af867189da0776d92fd4
hours:8a64e1e2f205b9a2e7bf910b,osm:way:1167471574,4,,open,480,660,0,obs:80a9af867189da0776d92fd4
hours:d6cd7ebdd70d6e8424c69605,osm:way:1167471574,4,,open,840,1020,0,obs:80a9af867189da0776d92fd4
hours:b9ead05a68132739d78380e6,osm:way:1167471574,5,,open,480,660,0,obs:80a9af867189da0776d92fd4
hours:09833690d3fc51b929fd4ddb,osm:way:1167471574,5,,open,840,1020,0,obs:80a9af867189da0776d92fd4
hours:fad675f954d61a5a8a9951f8,osm:way:1167471574,6,,open,480,660,0,obs:80a9af867189da0776d92fd4
hours:453bcfb76f1b4083d826993a,osm:way:1167471574,6,,open,840,1020,0,obs:80a9af867189da0776d92fd4
hours:e514449a538819b97045a8be,osm:way:1169561166,0,,open,0,1440,0,obs:bd527ebc940dad97e9e3c02f
hours:9871ee3f3dbf214cfa3ab60e,osm:way:1169561166,1,,open,0,1440,0,obs:bd527ebc940dad97e9e3c02f
hours:0cfea20135d3ccb96f9e3c5e,osm:way:1169561166,2,,open,0,1440,0,obs:bd527ebc940dad97e9e3c02f
hours:29f82a2e029bf8b592bd8fc3,osm:way:1169561166,3,,open,0,1440,0,obs:bd527ebc940dad97e9e3c02f
hours:23826be07cc678c9df98b69f,osm:way:1169561166,4,,open,0,1440,0,obs:bd527ebc940dad97e9e3c02f
hours:4768b30f31332cd90897ab8d,osm:way:1169561166,5,,open,0,1440,0,obs:bd527ebc940dad97e9e3c02f
hours:cebf70685c54964e1f825e85,osm:way:1169561166,6,,open,0,1440,0,obs:bd527ebc940dad97e9e3c02f
hours:17acb38e95624585b9ee7a1e,osm:way:1193057654,0,,open,450,690,0,obs:273fe37539d3b03c71c352ec
hours:9ad22747406ffaf67672c356,osm:way:1193057654,0,,open,840,1020,0,obs:273fe37539d3b03c71c352ec
hours:b99609c09954200cd621ecaf,osm:way:1193057654,1,,open,450,690,0,obs:273fe37539d3b03c71c352ec
hours:e9594716ef862d3177bba4ed,osm:way:1193057654,1,,open,840,1020,0,obs:273fe37539d3b03c71c352ec
hours:5041bf02517f20e599e784dc,osm:way:1193057654,2,,open,450,690,0,obs:273fe37539d3b03c71c352ec
hours:ff8c7dfcf0e5042f7a8f771c,osm:way:1193057654,2,,open,840,1020,0,obs:273fe37539d3b03c71c352ec
hours:05e0fc43ac413a00b0f3eec4,osm:way:1193057654,3,,open,450,690,0,obs:273fe37539d3b03c71c352ec
hours:32f30044b6ccd6a645f3aab1,osm:way:1193057654,3,,open,840,1020,0,obs:273fe37539d3b03c71c352ec
hours:bfabfc90140d917f9be91eab,osm:way:1193057654,4,,open,450,690,0,obs:273fe37539d3b03c71c352ec
hours:17c9cec530daf1680141f272,osm:way:1193057654,4,,open,840,1020,0,obs:273fe37539d3b03c71c352ec
hours:353b23c52aaa8f310870ae2f,osm:way:1193057654,5,,open,450,690,0,obs:273fe37539d3b03c71c352ec
hours:2f4eadc90e84b663cbbb9f41,osm:way:1204347952,0,,open,0,1440,0,obs:0ba70b6f477eb662c323a92c
hours:326081d043a1f6751c588e34,osm:way:1204347952,1,,open,0,1440,0,obs:0ba70b6f477eb662c323a92c
hours:16e6bcbb4e2632e6b0513239,osm:way:1204347952,2,,open,0,1440,0,obs:0ba70b6f477eb662c323a92c
hours:13580816f8cbb3f8d710b4b5,osm:way:1204347952,3,,open,0,1440,0,obs:0ba70b6f477eb662c323a92c
hours:1a4557c927dbcc24f1197797,osm:way:1204347952,4,,open,0,1440,0,obs:0ba70b6f477eb662c323a92c
hours:1f1c0d7805434d51db2f5771,osm:way:1204347952,5,,open,0,1440,0,obs:0ba70b6f477eb662c323a92c
hours:f1f42824c349cd9292b4f3e7,osm:way:1204347952,6,,open,0,1440,0,obs:0ba70b6f477eb662c323a92c
hours:54800826072df42aecc92c19,osm:way:1204348013,0,,open,0,1440,0,obs:2bc01c65bd149934e9b8d587
hours:71fae5ac4c19df0a5e9a4466,osm:way:1204348013,1,,open,0,1440,0,obs:2bc01c65bd149934e9b8d587
hours:bfbc8420e493f7333178cb93,osm:way:1204348013,2,,open,0,1440,0,obs:2bc01c65bd149934e9b8d587
hours:ea740bab176554ef78b2ecc9,osm:way:1204348013,3,,open,0,1440,0,obs:2bc01c65bd149934e9b8d587
hours:33f654a8ccb8ecf2457ccae4,osm:way:1204348013,4,,open,0,1440,0,obs:2bc01c65bd149934e9b8d587
hours:58894a7b5d8355d5bcd7427f,osm:way:1204348013,5,,open,0,1440,0,obs:2bc01c65bd149934e9b8d587
hours:5e2b23a37fc1afba8e64ecdf,osm:way:1204348013,6,,open,0,1440,0,obs:2bc01c65bd149934e9b8d587
hours:e00104a846d38a3519b34218,osm:way:1204348096,0,,open,0,1440,0,obs:49a100e1c8abeb9bbfb20504
hours:54064653b335f9c2185f76cd,osm:way:1204348096,1,,open,0,1440,0,obs:49a100e1c8abeb9bbfb20504
hours:39089ee948ac9fd5716b5be7,osm:way:1204348096,2,,open,0,1440,0,obs:49a100e1c8abeb9bbfb20504
hours:aa0a22a3e8b34edc0d3e64d8,osm:way:1204348096,3,,open,0,1440,0,obs:49a100e1c8abeb9bbfb20504
hours:d19412d2868c1a4448c45432,osm:way:1204348096,4,,open,0,1440,0,obs:49a100e1c8abeb9bbfb20504
hours:58ba5458c75f97fb6be95eb6,osm:way:1204348096,5,,open,0,1440,0,obs:49a100e1c8abeb9bbfb20504
hours:92d9af082e103fcfd1db74ba,osm:way:1204348096,6,,open,0,1440,0,obs:49a100e1c8abeb9bbfb20504
hours:0a1d7f08fcb5f72ff54854fc,osm:way:1204348316,0,,open,0,1440,0,obs:134b65e3b9ff5ca7d4ba7abf
hours:e291ac0c1cc4836615988038,osm:way:1204348316,1,,open,0,1440,0,obs:134b65e3b9ff5ca7d4ba7abf
hours:2562bbecb4998304460572ff,osm:way:1204348316,2,,open,0,1440,0,obs:134b65e3b9ff5ca7d4ba7abf
hours:b59bde6d9f4171f354cf8299,osm:way:1204348316,3,,open,0,1440,0,obs:134b65e3b9ff5ca7d4ba7abf
hours:f1c1927cb4c0dbb9424c1d30,osm:way:1204348316,4,,open,0,1440,0,obs:134b65e3b9ff5ca7d4ba7abf
hours:83bbb1c06debcce2bcd27ddf,osm:way:1204348316,5,,open,0,1440,0,obs:134b65e3b9ff5ca7d4ba7abf
hours:6409f86d3fdbda75549ca7b1,osm:way:1204348316,6,,open,0,1440,0,obs:134b65e3b9ff5ca7d4ba7abf
hours:ddd4500cbab4d3fee3186495,osm:way:1204348419,0,,open,0,1440,0,obs:f5a997d337dbbd2d558d2632
hours:27df383aa2465f2a7d9f2d6e,osm:way:1204348419,1,,open,0,1440,0,obs:f5a997d337dbbd2d558d2632
hours:4a74cebd59b37f20ddeafa20,osm:way:1204348419,2,,open,0,1440,0,obs:f5a997d337dbbd2d558d2632
hours:93e49cb33cf563d2578a8440,osm:way:1204348419,3,,open,0,1440,0,obs:f5a997d337dbbd2d558d2632
hours:a5f45738e61a5b23a537397f,osm:way:1204348419,4,,open,0,1440,0,obs:f5a997d337dbbd2d558d2632
hours:68295efdacb596ad950fe50f,osm:way:1204348419,5,,open,0,1440,0,obs:f5a997d337dbbd2d558d2632
hours:97960c7478e8a298d3f6c31f,osm:way:1204348419,6,,open,0,1440,0,obs:f5a997d337dbbd2d558d2632
hours:4ae4a3b6667299bb4f751810,osm:way:1204348923,0,,open,0,1440,0,obs:f89d1d21540fbdda921433f4
hours:3470c13fe2ed6b53d818a40d,osm:way:1204348923,1,,open,0,1440,0,obs:f89d1d21540fbdda921433f4
hours:f33d1a7c3675b989b14b5332,osm:way:1204348923,2,,open,0,1440,0,obs:f89d1d21540fbdda921433f4
hours:5fba90227d3658c33d6808ac,osm:way:1204348923,3,,open,0,1440,0,obs:f89d1d21540fbdda921433f4
hours:6dc07ffd6b8fd18ddf15f1ed,osm:way:1204348923,4,,open,0,1440,0,obs:f89d1d21540fbdda921433f4
hours:f273d9c823f9c2c67a5dcb35,osm:way:1204348923,5,,open,0,1440,0,obs:f89d1d21540fbdda921433f4
hours:24fd8d524581f68e4942f373,osm:way:1204348923,6,,open,0,1440,0,obs:f89d1d21540fbdda921433f4
hours:2700927c556e07a650131432,osm:way:1204349012,0,,open,0,1440,0,obs:d3417386acf404073f963259
hours:389a46b09c3a0b96aec4101a,osm:way:1204349012,1,,open,0,1440,0,obs:d3417386acf404073f963259
hours:cfa9b6c7bcd788db242881ce,osm:way:1204349012,2,,open,0,1440,0,obs:d3417386acf404073f963259
hours:415695e3fd2c63883f29210c,osm:way:1204349012,3,,open,0,1440,0,obs:d3417386acf404073f963259
hours:304c60de27cb6b87d99baff7,osm:way:1204349012,4,,open,0,1440,0,obs:d3417386acf404073f963259
hours:85283d5a510061aeacdb8140,osm:way:1204349012,5,,open,0,1440,0,obs:d3417386acf404073f963259
hours:6421ffb214c86d4d079c342b,osm:way:1204349012,6,,open,0,1440,0,obs:d3417386acf404073f963259
hours:4926869330b6b4d49aa3584c,osm:way:1204349341,0,,open,0,1440,0,obs:ae204fdf14fd5cbca6e0efd3
hours:5e5adf4f9a0692ca80db23c9,osm:way:1204349341,1,,open,0,1440,0,obs:ae204fdf14fd5cbca6e0efd3
hours:c3b134f3b80e22b39e948181,osm:way:1204349341,2,,open,0,1440,0,obs:ae204fdf14fd5cbca6e0efd3
hours:2c07e3f48b1ac8dc77180b9c,osm:way:1204349341,3,,open,0,1440,0,obs:ae204fdf14fd5cbca6e0efd3
hours:ae4e537c7f86ecba922a879f,osm:way:1204349341,4,,open,0,1440,0,obs:ae204fdf14fd5cbca6e0efd3
hours:d640c4057df82f4ba7eedc78,osm:way:1204349341,5,,open,0,1440,0,obs:ae204fdf14fd5cbca6e0efd3
hours:7ba58f9dbfdd3d9cebc37200,osm:way:1204349341,6,,open,0,1440,0,obs:ae204fdf14fd5cbca6e0efd3
hours:7e326f1df74f2a3b4430b048,osm:way:1223384698,0,,open,0,1440,0,obs:33b7d1f84598e79048e7db07
hours:894ebb9fa9c0103f514297d0,osm:way:1223384698,1,,open,0,1440,0,obs:33b7d1f84598e79048e7db07
hours:317460e16621bb975d816e31,osm:way:1223384698,2,,open,0,1440,0,obs:33b7d1f84598e79048e7db07
hours:096f1de41dc514d26fc97421,osm:way:1223384698,3,,open,0,1440,0,obs:33b7d1f84598e79048e7db07
hours:2f1c9304c7a32563c64dbcd9,osm:way:1223384698,4,,open,0,1440,0,obs:33b7d1f84598e79048e7db07
hours:cd646788f2b4fd0b00651ffb,osm:way:1223384698,5,,open,0,1440,0,obs:33b7d1f84598e79048e7db07
hours:77b84494c1e087a757e858b4,osm:way:1223384698,6,,open,0,1440,0,obs:33b7d1f84598e79048e7db07
hours:a41c38b13c029541708eb9b9,osm:way:1253839879,0,,open,0,1440,0,obs:512d6d1638eb3c1dc5290e43
hours:1e5ecc7f30f7123551bae861,osm:way:1253839879,1,,open,0,1440,0,obs:512d6d1638eb3c1dc5290e43
hours:6373e6e1496e4fe4fc06cc36,osm:way:1253839879,2,,open,0,1440,0,obs:512d6d1638eb3c1dc5290e43
hours:edbf2101ad20904cc5610e51,osm:way:1253839879,3,,open,0,1440,0,obs:512d6d1638eb3c1dc5290e43
hours:6bc8a2dc4f7988f0c393da0e,osm:way:1253839879,4,,open,0,1440,0,obs:512d6d1638eb3c1dc5290e43
hours:eea1509b5dcbcdb40505a1d9,osm:way:1253839879,5,,open,0,1440,0,obs:512d6d1638eb3c1dc5290e43
hours:91f6360b2cf544409c269fd2,osm:way:1253839879,6,,open,0,1440,0,obs:512d6d1638eb3c1dc5290e43
hours:e491f82ca8cc33a3d1f2d806,osm:way:1280104279,0,,open,300,1020,0,obs:da767a9de1a9f333e5ec67e8
hours:f776473216b92f5749770739,osm:way:1280104279,1,,open,300,1020,0,obs:da767a9de1a9f333e5ec67e8
hours:507060620511e2043e5edfa1,osm:way:1280104279,2,,open,300,1020,0,obs:da767a9de1a9f333e5ec67e8
hours:c4c51b9f165554e8af36680f,osm:way:1280104279,3,,open,300,1020,0,obs:da767a9de1a9f333e5ec67e8
hours:8cf51c8f8c04d6a1ebfd160b,osm:way:1280104279,4,,open,300,1020,0,obs:da767a9de1a9f333e5ec67e8
hours:5a97729fc9e51e1a2b6dfa38,osm:way:1280104279,5,,open,300,1020,0,obs:da767a9de1a9f333e5ec67e8
hours:674e0f0968bc5e990c604f11,osm:way:1280104279,6,,open,300,1020,0,obs:da767a9de1a9f333e5ec67e8
hours:7cdecc3231f87387efa5876f,osm:way:1296795442,0,,open,540,720,0,obs:5c55915f44f91027932a2f66
hours:f4de7ed3fb5c04f812ccfaf9,osm:way:1296795442,0,,open,900,1350,0,obs:5c55915f44f91027932a2f66
hours:33431c763d603a8f0217700a,osm:way:1296795442,1,,open,540,720,0,obs:5c55915f44f91027932a2f66
hours:7eb12dbd17b33214c05b021a,osm:way:1296795442,1,,open,900,1350,0,obs:5c55915f44f91027932a2f66
hours:a15e7e70d1184b167bb0c39d,osm:way:1296795442,2,,open,540,720,0,obs:5c55915f44f91027932a2f66
hours:833dc3aac1a64ca70967e073,osm:way:1296795442,2,,open,900,1350,0,obs:5c55915f44f91027932a2f66
hours:fe301a72b045e59d253900b9,osm:way:1296795442,3,,open,540,720,0,obs:5c55915f44f91027932a2f66
hours:ca2b76227cc43bd7604a6e4b,osm:way:1296795442,3,,open,900,1350,0,obs:5c55915f44f91027932a2f66
hours:6a8c7e7b0c3d3ccf606399e0,osm:way:1296795442,4,,open,540,720,0,obs:5c55915f44f91027932a2f66
hours:4158acd942c517b9fe3d0d1a,osm:way:1296795442,4,,open,900,1350,0,obs:5c55915f44f91027932a2f66
hours:add6f8f44e435f0fba6798bd,osm:way:1296795442,5,,open,540,720,0,obs:5c55915f44f91027932a2f66
hours:f21d5b7861ed1f0be596dc27,osm:way:1296795442,5,,open,900,1350,0,obs:5c55915f44f91027932a2f66
hours:c3e5569b6c1ce108fa5a681f,osm:way:1296795442,6,,open,540,720,0,obs:5c55915f44f91027932a2f66
hours:64c45d1cf04df1d237df2ad5,osm:way:1296795442,6,,open,900,1350,0,obs:5c55915f44f91027932a2f66
hours:ca4b905f2baf541a17f8c61e,osm:way:1307631429,0,,open,0,1440,0,obs:9a3047dabfa8ed8485149a56
hours:b15928d8f4defda80876cb97,osm:way:1307631429,1,,open,0,1440,0,obs:9a3047dabfa8ed8485149a56
hours:399f03fcd275815f8230f0d1,osm:way:1307631429,2,,open,0,1440,0,obs:9a3047dabfa8ed8485149a56
hours:7f29ed1a13e7653af9977bc3,osm:way:1307631429,3,,open,0,1440,0,obs:9a3047dabfa8ed8485149a56
hours:717de17d37c4858711a0d36c,osm:way:1307631429,4,,open,0,1440,0,obs:9a3047dabfa8ed8485149a56
hours:6b409e4f3973277e7ea18719,osm:way:1307631429,5,,open,0,1440,0,obs:9a3047dabfa8ed8485149a56
hours:4bac350c62c24fa453719ea9,osm:way:1307631429,6,,open,0,1440,0,obs:9a3047dabfa8ed8485149a56
hours:6574c0b89b14f7fc9d7e1849,osm:way:1324773443,0,,open,0,1440,0,obs:6fc38ca1988d1d686ac84430
hours:3d2a3804840841b70a026a51,osm:way:1324773443,1,,open,0,1440,0,obs:6fc38ca1988d1d686ac84430
hours:5f305dbcc0c1e89775edfe2f,osm:way:1324773443,2,,open,0,1440,0,obs:6fc38ca1988d1d686ac84430
hours:c16dd76c6ba9ffe71065af20,osm:way:1324773443,3,,open,0,1440,0,obs:6fc38ca1988d1d686ac84430
hours:0dafb2101644df43427e27be,osm:way:1324773443,4,,open,0,1440,0,obs:6fc38ca1988d1d686ac84430
hours:a248a66610b7e206781b5cad,osm:way:1324773443,5,,open,0,1440,0,obs:6fc38ca1988d1d686ac84430
hours:b7fc6f13e417bcb86c8ae2cc,osm:way:1324773443,6,,open,0,1440,0,obs:6fc38ca1988d1d686ac84430
hours:b904b6c107c1214d7611d505,osm:way:1329391500,0,,open,0,1440,0,obs:c5cf60f5be56fcb3f2cd9816
hours:441fae6c4a3be49f041a5e46,osm:way:1329391500,1,,open,0,1440,0,obs:c5cf60f5be56fcb3f2cd9816
hours:c996e0a2ab205e9348bbc454,osm:way:1329391500,2,,open,0,1440,0,obs:c5cf60f5be56fcb3f2cd9816
hours:df827206b44324e94257ee6b,osm:way:1329391500,3,,open,0,1440,0,obs:c5cf60f5be56fcb3f2cd9816
hours:14cdb947c491eece04baf71b,osm:way:1329391500,4,,open,0,1440,0,obs:c5cf60f5be56fcb3f2cd9816
hours:ee8a299074e2e1b4822ba0fc,osm:way:1329391500,5,,open,0,1440,0,obs:c5cf60f5be56fcb3f2cd9816
hours:e24b258f9ac3619612305d42,osm:way:1329391500,6,,open,0,1440,0,obs:c5cf60f5be56fcb3f2cd9816
hours:90fb23f4f2abd93e4dc2a57d,osm:way:1332441514,0,,open,480,660,0,obs:feb110588ccc250dcc6f8331
hours:75cea5e30616eaa874349d29,osm:way:1332441514,0,,open,780,990,0,obs:feb110588ccc250dcc6f8331
hours:f5de5d28867b3de2f0431ddc,osm:way:1332441514,1,,open,480,660,0,obs:feb110588ccc250dcc6f8331
hours:a71791720005b052b45cafe7,osm:way:1332441514,1,,open,780,990,0,obs:feb110588ccc250dcc6f8331
hours:11d6f97a96b0827d9308fc79,osm:way:1332441514,2,,open,480,660,0,obs:feb110588ccc250dcc6f8331
hours:435a58b5bcab3a8379d44e77,osm:way:1332441514,2,,open,780,990,0,obs:feb110588ccc250dcc6f8331
hours:655033c23377f93a4f2b449c,osm:way:1332441514,3,,open,480,660,0,obs:feb110588ccc250dcc6f8331
hours:f3ac902f26eee90315976038,osm:way:1332441514,3,,open,780,990,0,obs:feb110588ccc250dcc6f8331
hours:74b1c297f7c8ec032b32e06d,osm:way:1332441514,4,,open,480,660,0,obs:feb110588ccc250dcc6f8331
hours:e2ee916702c194e1b4450024,osm:way:1332441514,4,,open,780,990,0,obs:feb110588ccc250dcc6f8331
hours:1fe86ad4ac832e48121f4f54,osm:way:1332441514,5,,open,480,660,0,obs:feb110588ccc250dcc6f8331
hours:7cc59a1fdcf23a6d4fee8527,osm:way:1332441514,5,,open,780,990,0,obs:feb110588ccc250dcc6f8331
hours:cbb9c68d552caa8600b67b4b,osm:way:1332441514,6,,open,480,660,0,obs:feb110588ccc250dcc6f8331
hours:7c29207fe77e9d5c9ce445ac,osm:way:1332441514,6,,open,780,990,0,obs:feb110588ccc250dcc6f8331
hours:cf1d04a320236eb15bf10fd4,osm:way:136176176,0,,open,0,1440,0,obs:6049f316ba3c2ba47c58ff24
hours:98e7f62101f075754cd7d275,osm:way:136176176,1,,open,0,1440,0,obs:6049f316ba3c2ba47c58ff24
hours:7b0a7b755edfe46fef438658,osm:way:136176176,2,,open,0,1440,0,obs:6049f316ba3c2ba47c58ff24
hours:08c83dd31797e3b869f9c953,osm:way:136176176,3,,open,0,1440,0,obs:6049f316ba3c2ba47c58ff24
hours:36278dabd4c66644d295d70b,osm:way:136176176,4,,open,0,1440,0,obs:6049f316ba3c2ba47c58ff24
hours:c2562aa776c81ade33d4c3d2,osm:way:136176176,5,,open,0,1440,0,obs:6049f316ba3c2ba47c58ff24
hours:2d89d443153f002a11263edb,osm:way:136176176,6,,open,0,1440,0,obs:6049f316ba3c2ba47c58ff24
hours:2a0c46daebe553ebbf0669df,osm:way:1363787953,0,,closed,,,0,obs:18f26f551cd26d67bbfa5f0f
hours:6da62431aaffd979eb0b0754,osm:way:1363787953,1,,closed,,,0,obs:18f26f551cd26d67bbfa5f0f
hours:9cede86b14bca207db21b869,osm:way:1363787953,2,,closed,,,0,obs:18f26f551cd26d67bbfa5f0f
hours:f3fa58bb83c430b31075387e,osm:way:1363787953,3,,closed,,,0,obs:18f26f551cd26d67bbfa5f0f
hours:8e71012c9bdfa525e574e84e,osm:way:1363787953,4,,closed,,,0,obs:18f26f551cd26d67bbfa5f0f
hours:41209f0166491d786a7066c0,osm:way:1363787953,5,,closed,,,0,obs:18f26f551cd26d67bbfa5f0f
hours:d4c06f3ce879769e48ade844,osm:way:1363787953,6,,closed,,,0,obs:18f26f551cd26d67bbfa5f0f
hours:4b8fa52856534ffb6a131b23,osm:way:1365437934,0,,open,0,1440,0,obs:587438568b0eaf113d56c9ff
hours:830186ffffd8aa8afe93d7c2,osm:way:1365437934,1,,open,0,1440,0,obs:587438568b0eaf113d56c9ff
hours:1ca4dee3564f9acd5a2a6c08,osm:way:1365437934,2,,open,0,1440,0,obs:587438568b0eaf113d56c9ff
hours:cf460a9c1eadf265c0fea3fc,osm:way:1365437934,3,,open,0,1440,0,obs:587438568b0eaf113d56c9ff
hours:59ed90919c0401b6f77277db,osm:way:1365437934,4,,open,0,1440,0,obs:587438568b0eaf113d56c9ff
hours:6f11d13a1545715f8b4709ae,osm:way:1365437934,5,,open,0,1440,0,obs:587438568b0eaf113d56c9ff
hours:5602e053bd96389f65ccf72b,osm:way:1365437934,6,,open,0,1440,0,obs:587438568b0eaf113d56c9ff
hours:4a76763f7db6a0c82327f888,osm:way:1381739672,1,,open,480,1020,0,obs:19e4d17dca3505aa72764e97
hours:5131ea9bc3b71217b67d4d1a,osm:way:1381739672,2,,open,480,1020,0,obs:19e4d17dca3505aa72764e97
hours:13f355e95e044c640c347dd3,osm:way:1381739672,3,,open,480,1020,0,obs:19e4d17dca3505aa72764e97
hours:afe86ce35ccc453d738897a7,osm:way:1381739672,4,,open,480,1020,0,obs:19e4d17dca3505aa72764e97
hours:cd2043385a655b58f496f27c,osm:way:1381739672,5,,open,480,1020,0,obs:19e4d17dca3505aa72764e97
hours:fbf5865cd7bba8e760c3c163,osm:way:1381739672,6,,open,480,1020,0,obs:19e4d17dca3505aa72764e97
hours:0a8c15b5aef2835446f183ab,osm:way:1386932720,0,,open,0,1440,0,obs:8907f240a78995dd52f217ea
hours:7244f62af8e474567745223d,osm:way:1386932720,1,,open,0,1440,0,obs:8907f240a78995dd52f217ea
hours:69862918230c1d1af01d270a,osm:way:1386932720,2,,open,0,1440,0,obs:8907f240a78995dd52f217ea
hours:59a05d98d2e2e2218d3128c3,osm:way:1386932720,3,,open,0,1440,0,obs:8907f240a78995dd52f217ea
hours:be3d44221122cd9ea1ea9f8d,osm:way:1386932720,4,,open,0,1440,0,obs:8907f240a78995dd52f217ea
hours:17a3b04cabbb7ec418f99575,osm:way:1386932720,5,,open,0,1440,0,obs:8907f240a78995dd52f217ea
hours:bffa14e6c23efa7ba3157287,osm:way:1386932720,6,,open,0,1440,0,obs:8907f240a78995dd52f217ea
hours:37fb45200e7178012e93a51c,osm:way:1408821726,0,,open,0,1440,0,obs:7ecba1c9571f6a4fbf54ba84
hours:85681cd3be2244bbe1e58ef5,osm:way:1408821726,1,,open,0,1440,0,obs:7ecba1c9571f6a4fbf54ba84
hours:dde56ada4c93b0a23c6d94fd,osm:way:1408821726,2,,open,0,1440,0,obs:7ecba1c9571f6a4fbf54ba84
hours:18038bc8f8fb9ea9112fd6ec,osm:way:1408821726,3,,open,0,1440,0,obs:7ecba1c9571f6a4fbf54ba84
hours:289b1278a1e59b2bea4a0d0e,osm:way:1408821726,4,,open,0,1440,0,obs:7ecba1c9571f6a4fbf54ba84
hours:c9b608be0215081ad4af03d9,osm:way:1408821726,5,,open,0,1440,0,obs:7ecba1c9571f6a4fbf54ba84
hours:55ea9b3665931ffe0fb5cb1e,osm:way:1408821726,6,,open,0,1440,0,obs:7ecba1c9571f6a4fbf54ba84
hours:09985beb0a60733f3d64e8ef,osm:way:1408821727,0,,open,0,1440,0,obs:9c82bf666f191b63017b99e9
hours:8b96e8a721cf7a3a518bc8b4,osm:way:1408821727,1,,open,0,1440,0,obs:9c82bf666f191b63017b99e9
hours:77a3f4395a22eceb57defdd6,osm:way:1408821727,2,,open,0,1440,0,obs:9c82bf666f191b63017b99e9
hours:181985e33e11333fe53df88e,osm:way:1408821727,3,,open,0,1440,0,obs:9c82bf666f191b63017b99e9
hours:1d0e191aef05f5ba85b90cba,osm:way:1408821727,4,,open,0,1440,0,obs:9c82bf666f191b63017b99e9
hours:0ccb7b124623325279771e8f,osm:way:1408821727,5,,open,0,1440,0,obs:9c82bf666f191b63017b99e9
hours:b0e102c660a37b5b4a9205bd,osm:way:1408821727,6,,open,0,1440,0,obs:9c82bf666f191b63017b99e9
hours:cbee5fad8c2c5e87b94f428d,osm:way:1417141258,0,,open,0,1440,0,obs:394af8ff2bd665ecda248ab8
hours:ea5a73f5d07fd298354b9371,osm:way:1417141258,1,,open,0,1440,0,obs:394af8ff2bd665ecda248ab8
hours:ba421280042afb0e52776420,osm:way:1417141258,2,,open,0,1440,0,obs:394af8ff2bd665ecda248ab8
hours:d389f9185dae26bb98038233,osm:way:1417141258,3,,open,0,1440,0,obs:394af8ff2bd665ecda248ab8
hours:a02a66457c8a75a21341bccd,osm:way:1417141258,4,,open,0,1440,0,obs:394af8ff2bd665ecda248ab8
hours:d3399bf93a5642fc7f104ffb,osm:way:1417141258,5,,open,0,1440,0,obs:394af8ff2bd665ecda248ab8
hours:37209c379b73b0c1b8a44de9,osm:way:1417141258,6,,open,0,1440,0,obs:394af8ff2bd665ecda248ab8
hours:84af4b2520c60396facc48c4,osm:way:1417144582,0,,open,0,1440,0,obs:1fa8d79b43ae2234701c0edd
hours:261e419f16cedb646e85d72e,osm:way:1417144582,1,,open,0,1440,0,obs:1fa8d79b43ae2234701c0edd
hours:94c90228d31e47bd8b960fb8,osm:way:1417144582,2,,open,0,1440,0,obs:1fa8d79b43ae2234701c0edd
hours:b81ac1ea502fda6f44d97de9,osm:way:1417144582,3,,open,0,1440,0,obs:1fa8d79b43ae2234701c0edd
hours:893b31ca176213a9294717da,osm:way:1417144582,4,,open,0,1440,0,obs:1fa8d79b43ae2234701c0edd
hours:53613a81ac180c75aacc7695,osm:way:1417144582,5,,open,0,1440,0,obs:1fa8d79b43ae2234701c0edd
hours:e12e5f6e15596df5f5f4585a,osm:way:1417144582,6,,open,0,1440,0,obs:1fa8d79b43ae2234701c0edd
hours:d7521680c9c126ed7c4f4845,osm:way:1455066447,0,,open,300,570,0,obs:7051c6b1511ba201b125af0d
hours:f793a04c0a0d29b41d3072a2,osm:way:1455066447,1,,open,300,570,0,obs:7051c6b1511ba201b125af0d
hours:58cd2f82988c2f84d6b0d7dc,osm:way:1455066447,2,,open,300,570,0,obs:7051c6b1511ba201b125af0d
hours:62b3bdb311249892378690ca,osm:way:1455066447,3,,open,300,570,0,obs:7051c6b1511ba201b125af0d
hours:26bc40f50059680a1bcac763,osm:way:1455066447,4,,open,300,570,0,obs:7051c6b1511ba201b125af0d
hours:3faa7f29dcd3b24e4da143dc,osm:way:1455066447,5,,open,300,570,0,obs:7051c6b1511ba201b125af0d
hours:ed084246962ab50dbabd83cc,osm:way:1455066447,6,,open,300,570,0,obs:7051c6b1511ba201b125af0d
hours:5f23a87df922c50d2d6e672d,osm:way:1481550721,0,,open,480,1200,0,obs:7a6a95971de184f1e9350a37
hours:ec384e0dedec961a30b85526,osm:way:1481550721,1,,open,480,1200,0,obs:7a6a95971de184f1e9350a37
hours:25b35072e13aa9304c60e81d,osm:way:1481550721,2,,open,480,1200,0,obs:7a6a95971de184f1e9350a37
hours:f441bd694746854a8c93695f,osm:way:1481550721,3,,open,480,1200,0,obs:7a6a95971de184f1e9350a37
hours:7fefa6f78d9bcfcfcbe28727,osm:way:1481550721,4,,open,480,1200,0,obs:7a6a95971de184f1e9350a37
hours:3a1b1b5369b1f35f45233bc6,osm:way:1481550721,5,,open,480,1200,0,obs:7a6a95971de184f1e9350a37
hours:0312154a38d6ab3e89e5e568,osm:way:1481550721,6,,open,480,1200,0,obs:7a6a95971de184f1e9350a37
hours:511b5c55715c06616043edb4,osm:way:1486332120,0,,open,480,1020,0,obs:a23044ffd51a981e6513dab0
hours:1dcc75cb0de67c90a8216435,osm:way:1486332120,1,,open,480,1020,0,obs:a23044ffd51a981e6513dab0
hours:4aa56e504d049e66bcb92232,osm:way:1486332120,2,,open,480,1020,0,obs:a23044ffd51a981e6513dab0
hours:bd39768e38e65523bac4059f,osm:way:1486332120,3,,open,480,1020,0,obs:a23044ffd51a981e6513dab0
hours:87d91874e431951a671603c5,osm:way:1486332120,4,,open,480,1020,0,obs:a23044ffd51a981e6513dab0
hours:c0c3d61265f715b45e85cc62,osm:way:1486332120,5,,open,480,1020,0,obs:a23044ffd51a981e6513dab0
hours:67a76f86d7ae447789d113d6,osm:way:1486332120,6,,open,480,1020,0,obs:a23044ffd51a981e6513dab0
hours:c311827347463b3328b57bd0,osm:way:1486336890,0,,open,480,1020,0,obs:034a7fa76aefa3afb53b926f
hours:a8febbe847ffc26ab7701afa,osm:way:1486336890,1,,open,480,1020,0,obs:034a7fa76aefa3afb53b926f
hours:5359727915dc2c8321a72d61,osm:way:1486336890,2,,open,480,1020,0,obs:034a7fa76aefa3afb53b926f
hours:0f8f702cf7cef8551f3abcb1,osm:way:1486336890,3,,open,480,1020,0,obs:034a7fa76aefa3afb53b926f
hours:df1d09a0e342b7202845b4c4,osm:way:1486336890,4,,open,480,1020,0,obs:034a7fa76aefa3afb53b926f
hours:74e72f4130b34ee3cacef7b2,osm:way:1486336890,5,,open,480,1020,0,obs:034a7fa76aefa3afb53b926f
hours:31b36d519a3123b824fbe750,osm:way:1488988777,0,,open,420,1020,0,obs:c614fe417cfe7118888d83eb
hours:a24244dc1456ed7d02f0362c,osm:way:1488988777,1,,open,420,1020,0,obs:c614fe417cfe7118888d83eb
hours:1c7a0c83e640a5e4be81a9d2,osm:way:1488988777,2,,open,420,1020,0,obs:c614fe417cfe7118888d83eb
hours:8b20e2e57ad2114deaeb8997,osm:way:1488988777,3,,open,420,1020,0,obs:c614fe417cfe7118888d83eb
hours:30b46b19f9494971fc4180ee,osm:way:1488988777,4,,open,420,1020,0,obs:c614fe417cfe7118888d83eb
hours:59953bc896986b8874b7c422,osm:way:1488988777,5,,open,420,1020,0,obs:c614fe417cfe7118888d83eb
hours:9c15cde2c3013da165d0f4e7,osm:way:1488988777,6,,open,420,1020,0,obs:c614fe417cfe7118888d83eb
hours:61ae35dad8ccb2dd850e23eb,osm:way:1530796615,0,,open,300,1080,0,obs:d58ae76bc646caef0452d83c
hours:ea1b734bb44c6b975c770124,osm:way:1530796615,1,,open,300,1080,0,obs:d58ae76bc646caef0452d83c
hours:6b2fd2df54ad60e0ec8857f5,osm:way:1530796615,2,,open,300,1080,0,obs:d58ae76bc646caef0452d83c
hours:5df2d3ac3aebe445f590d316,osm:way:1530796615,3,,open,300,1080,0,obs:d58ae76bc646caef0452d83c
hours:1e1d34e8970d237c32c7c378,osm:way:1530796615,4,,open,300,1080,0,obs:d58ae76bc646caef0452d83c
hours:2387c37d3883314b88925015,osm:way:1530796615,5,,open,300,1080,0,obs:d58ae76bc646caef0452d83c
hours:d036cae19d18ad1cfdcea6df,osm:way:1530796615,6,,open,300,1080,0,obs:d58ae76bc646caef0452d83c
hours:14ef00846aee73a243128da2,osm:way:1545696508,0,,open,0,1440,0,obs:6fb0748e7b93741eaa1f229b
hours:26c2609119064b1927287b0d,osm:way:1545696508,1,,open,0,1440,0,obs:6fb0748e7b93741eaa1f229b
hours:c07da462eb8e4931701b3107,osm:way:1545696508,2,,open,0,1440,0,obs:6fb0748e7b93741eaa1f229b
hours:a167c37ccce5511f3623278e,osm:way:1545696508,3,,open,0,1440,0,obs:6fb0748e7b93741eaa1f229b
hours:f90b905b1dec48468f6e742f,osm:way:1545696508,4,,open,0,1440,0,obs:6fb0748e7b93741eaa1f229b
hours:1dea0b007b1eff2c4c3f4b52,osm:way:1545696508,5,,open,0,1440,0,obs:6fb0748e7b93741eaa1f229b
hours:d530da740197147ad4f7bc9b,osm:way:1545696508,6,,open,0,1440,0,obs:6fb0748e7b93741eaa1f229b
hours:5ba194814f9837ced563ee8a,osm:way:1546876390,0,,open,0,1440,0,obs:dab169df20d3381615eb2a8d
hours:4aeeba02f50d536b6a92c656,osm:way:1546876390,1,,open,0,1440,0,obs:dab169df20d3381615eb2a8d
hours:02651d1a3fcc2c4a6fa5edc2,osm:way:1546876390,2,,open,0,1440,0,obs:dab169df20d3381615eb2a8d
hours:ba8b5b47f46c8ba96e45f32c,osm:way:1546876390,3,,open,0,1440,0,obs:dab169df20d3381615eb2a8d
hours:b24662059b0038b86fb2c9a9,osm:way:1546876390,4,,open,0,1440,0,obs:dab169df20d3381615eb2a8d
hours:73def2e553ee11f32a7e3bd2,osm:way:1546876390,5,,open,0,1440,0,obs:dab169df20d3381615eb2a8d
hours:94739cce069503d5aa2480dd,osm:way:1546876390,6,,open,0,1440,0,obs:dab169df20d3381615eb2a8d
hours:91ed1bc1d27e78dea26a715d,osm:way:162818208,0,,open,480,660,0,obs:6be8627f2bfc3285b25c20de
hours:ee10b12abdd709e4c49eaf73,osm:way:162818208,0,,open,840,960,0,obs:6be8627f2bfc3285b25c20de
hours:76cebfa479509f452acdaadb,osm:way:162818208,1,,open,480,660,0,obs:6be8627f2bfc3285b25c20de
hours:9c3f9c118ace4f7e7d063520,osm:way:162818208,1,,open,840,960,0,obs:6be8627f2bfc3285b25c20de
hours:0b1e23e566c21ca1d86321c6,osm:way:162818208,2,,open,480,660,0,obs:6be8627f2bfc3285b25c20de
hours:5e2e14ddf05e0791eb62cee4,osm:way:162818208,2,,open,840,960,0,obs:6be8627f2bfc3285b25c20de
hours:0442221d7b6b413247fe1704,osm:way:162818208,3,,open,480,660,0,obs:6be8627f2bfc3285b25c20de
hours:a67ab5f8b27cda77992c519e,osm:way:162818208,3,,open,840,960,0,obs:6be8627f2bfc3285b25c20de
hours:ff2254b8ba5840a57b2784ec,osm:way:162818208,4,,open,480,660,0,obs:6be8627f2bfc3285b25c20de
hours:9f8dbf11dc8207d1dcdf27cb,osm:way:162818208,4,,open,840,960,0,obs:6be8627f2bfc3285b25c20de
hours:1a5b4dabb6136fa7bed65349,osm:way:162818208,5,,open,480,660,0,obs:6be8627f2bfc3285b25c20de
hours:625d4aefc54f4f017151ad92,osm:way:162818208,5,,open,840,960,0,obs:6be8627f2bfc3285b25c20de
hours:a63c40f1ffd6a134daef9edc,osm:way:162818208,6,,open,480,660,0,obs:6be8627f2bfc3285b25c20de
hours:e0be5feffe4502fd9677b763,osm:way:162818208,6,,open,840,960,0,obs:6be8627f2bfc3285b25c20de
hours:782de5b58b3ce06fd9a7ce39,osm:way:168666489,0,,open,0,1440,0,obs:5b64f55a9a7b537f7814fa06
hours:725054e95a05d6f515ad12bc,osm:way:168666489,1,,open,0,1440,0,obs:5b64f55a9a7b537f7814fa06
hours:b95a95698b27bf26c7f983af,osm:way:168666489,2,,open,0,1440,0,obs:5b64f55a9a7b537f7814fa06
hours:8de9766427accf92f39357e4,osm:way:168666489,3,,open,0,1440,0,obs:5b64f55a9a7b537f7814fa06
hours:0eb21076bb14aca049f6396c,osm:way:168666489,4,,open,0,1440,0,obs:5b64f55a9a7b537f7814fa06
hours:a3588434c9c2c756fdc21dc3,osm:way:168666489,5,,open,0,1440,0,obs:5b64f55a9a7b537f7814fa06
hours:24cb461170e86086dea91c35,osm:way:168666489,6,,open,0,1440,0,obs:5b64f55a9a7b537f7814fa06
hours:b1f66d45219cf99bd258ccc9,osm:way:172657562,0,,open,420,1020,0,obs:deb76ddb8079e2403faa974d
hours:9509d22a01e077b6739dc3a3,osm:way:172657562,1,,open,420,1020,0,obs:deb76ddb8079e2403faa974d
hours:5b4101a22920f57693da6ce1,osm:way:172657562,2,,open,420,1020,0,obs:deb76ddb8079e2403faa974d
hours:2d9d92154bc7482feea8c58b,osm:way:172657562,3,,open,420,1020,0,obs:deb76ddb8079e2403faa974d
hours:6869d63ffbc6368974d2abf9,osm:way:172657562,4,,open,420,1020,0,obs:deb76ddb8079e2403faa974d
hours:668a48ed689232f693c3c40e,osm:way:172657562,5,,open,420,1020,0,obs:deb76ddb8079e2403faa974d
hours:5321ff456145bc2f49a02b63,osm:way:172657562,6,,open,420,1020,0,obs:deb76ddb8079e2403faa974d
hours:e5da27b1b9e72bc6ca5830f4,osm:way:178995262,0,,open,420,1080,0,obs:7b1c40597ca500930978068d
hours:3947e86e61e9549221800d5e,osm:way:178995262,1,,open,420,1080,0,obs:7b1c40597ca500930978068d
hours:d66533a5f1660bee68e9a939,osm:way:178995262,2,,open,420,1080,0,obs:7b1c40597ca500930978068d
hours:6361e22670540dd4720584b9,osm:way:178995262,3,,open,420,1080,0,obs:7b1c40597ca500930978068d
hours:58f13e2d8a5ca0b70fa954fb,osm:way:178995262,4,,open,420,1080,0,obs:7b1c40597ca500930978068d
hours:a7ccdb3de3120c89a8d302ad,osm:way:186249226,0,,open,450,720,0,obs:b51975d4d26afff0f6eca0e4
hours:eed94a0d5c95f20c8262de20,osm:way:186249226,0,,open,810,1020,0,obs:b51975d4d26afff0f6eca0e4
hours:d8b4e302f11c19b708cbba68,osm:way:186249226,1,,open,450,720,0,obs:b51975d4d26afff0f6eca0e4
hours:159c7568dc37f6ebbdd34fd7,osm:way:186249226,1,,open,810,1020,0,obs:b51975d4d26afff0f6eca0e4
hours:6fff68864b06432b2b702ccf,osm:way:186249226,2,,open,450,720,0,obs:b51975d4d26afff0f6eca0e4
hours:9895cba4e6f16e812a249dd9,osm:way:186249226,2,,open,810,1020,0,obs:b51975d4d26afff0f6eca0e4
hours:fd93be9b0270726c41b3f5e9,osm:way:186249226,3,,open,450,720,0,obs:b51975d4d26afff0f6eca0e4
hours:a0f6f793ffb3dc1994a7a596,osm:way:186249226,3,,open,810,1020,0,obs:b51975d4d26afff0f6eca0e4
hours:4506fc6bdd44bd4296fe2d45,osm:way:186249226,4,,open,450,720,0,obs:b51975d4d26afff0f6eca0e4
hours:69275c3aa47d4c3dbe30d7f0,osm:way:186249226,4,,open,810,1020,0,obs:b51975d4d26afff0f6eca0e4
hours:ea54badd60bce6a7cbc1286a,osm:way:186249226,5,,open,450,720,0,obs:b51975d4d26afff0f6eca0e4
hours:43bbc26e270615a651556b53,osm:way:186249226,5,,open,810,1020,0,obs:b51975d4d26afff0f6eca0e4
hours:c07e14d4fcbc49356e9c75c1,osm:way:186249226,6,,open,450,720,0,obs:b51975d4d26afff0f6eca0e4
hours:c5fd829c71407219ab89040c,osm:way:186249226,6,,open,810,1020,0,obs:b51975d4d26afff0f6eca0e4
hours:5d04d4be47fcbad4ffdf0414,osm:way:198804483,0,,open,360,1080,0,obs:7d6d567743dac66ff64159d0
hours:83d12c8308dc8b02cb81ec6f,osm:way:198804483,1,,open,360,1080,0,obs:7d6d567743dac66ff64159d0
hours:3ea5eae1dc8566780c327040,osm:way:198804483,2,,open,360,1080,0,obs:7d6d567743dac66ff64159d0
hours:5763d21c5e1117b6d7afecaa,osm:way:198804483,3,,open,360,1080,0,obs:7d6d567743dac66ff64159d0
hours:07fa74bdaf988f2c0d4aab2c,osm:way:198804483,4,,open,360,1080,0,obs:7d6d567743dac66ff64159d0
hours:0178510174f35a2e19a038f2,osm:way:198804483,5,,open,360,1080,0,obs:7d6d567743dac66ff64159d0
hours:2efd5b53caf66df53a9d70eb,osm:way:198804483,6,,open,360,1080,0,obs:7d6d567743dac66ff64159d0
hours:a84f70a5e102bbc9258979a2,osm:way:205794912,0,,open,480,1080,0,obs:6b5229f96acc592d7219dc5f
hours:fa798740aea4a825367536bc,osm:way:205794912,1,,open,480,1080,0,obs:6b5229f96acc592d7219dc5f
hours:7ff1311386a22a58e0174c4a,osm:way:205794912,2,,open,480,1080,0,obs:6b5229f96acc592d7219dc5f
hours:0d41261ce75252ed7fa01dba,osm:way:205794912,3,,open,480,1080,0,obs:6b5229f96acc592d7219dc5f
hours:d7b0b862054ed36faad295fa,osm:way:205794912,4,,open,480,1080,0,obs:6b5229f96acc592d7219dc5f
hours:a8837335b79ff2aa1b2a4539,osm:way:205794912,5,,open,480,1080,0,obs:6b5229f96acc592d7219dc5f
hours:d5d1c2cb0b56f809509fdc29,osm:way:205794912,6,,open,480,1080,0,obs:6b5229f96acc592d7219dc5f
hours:feb1393c18555bca365c6a93,osm:way:218688456,0,,open,480,990,0,obs:6c86e8cee04a67f04570f42b
hours:b404a9ee3def9e2d4ce3d8fc,osm:way:218688456,1,,open,480,990,0,obs:6c86e8cee04a67f04570f42b
hours:6c2a54c6ae45bafa8cbb3e33,osm:way:218688456,2,,open,480,990,0,obs:6c86e8cee04a67f04570f42b
hours:510da7316f6fd73281bce33f,osm:way:218688456,3,,open,480,990,0,obs:6c86e8cee04a67f04570f42b
hours:8ef0c88475957f1c98c2631b,osm:way:218688456,4,,open,480,990,0,obs:6c86e8cee04a67f04570f42b
hours:e95d739f90e87400e7b09159,osm:way:218688456,5,,open,480,990,0,obs:6c86e8cee04a67f04570f42b
hours:0b21a8bb478ba089277229b5,osm:way:218688456,6,,open,480,990,0,obs:6c86e8cee04a67f04570f42b
hours:0c7f881236d65a4dde960161,osm:way:223798542,0,,open,0,1440,0,obs:f56bebe505a971b16bd1b85c
hours:a71976d2e3988eed2086d0ae,osm:way:223798542,1,,open,0,1440,0,obs:f56bebe505a971b16bd1b85c
hours:b9cc120235d6f68e5b7e7a8f,osm:way:223798542,2,,open,0,1440,0,obs:f56bebe505a971b16bd1b85c
hours:bec4e1251ba38574fe322c99,osm:way:223798542,3,,open,0,1440,0,obs:f56bebe505a971b16bd1b85c
hours:189d0f0c6824f5cf60e36281,osm:way:223798542,4,,open,0,1440,0,obs:f56bebe505a971b16bd1b85c
hours:3b058dc9da735d86ade82a9e,osm:way:223798542,5,,open,0,1440,0,obs:f56bebe505a971b16bd1b85c
hours:baa79ac08846e36676ca8a6d,osm:way:223798542,6,,open,0,1440,0,obs:f56bebe505a971b16bd1b85c
hours:5d6731e0e4842a9fe6087859,osm:way:230805745,0,,open,390,1065,0,obs:d8dc50fd08493598bacfe6ab
hours:03017a057be6010927b171b1,osm:way:230805745,1,,open,390,1065,0,obs:d8dc50fd08493598bacfe6ab
hours:35496d473c2627896692b945,osm:way:230805745,2,,open,390,1065,0,obs:d8dc50fd08493598bacfe6ab
hours:8a2d33d5d32d0e21ad10207b,osm:way:230805745,3,,open,390,1065,0,obs:d8dc50fd08493598bacfe6ab
hours:0bdb61e959dbc277e275573a,osm:way:230805745,4,,open,390,1065,0,obs:d8dc50fd08493598bacfe6ab
hours:929484c4c1e60c46349f3759,osm:way:231680733,0,,open,420,1200,0,obs:ed66ed32cd1a919c96726fc9
hours:8633aea3a8fa2a55bd44458b,osm:way:231680733,1,,open,420,1200,0,obs:ed66ed32cd1a919c96726fc9
hours:fb81c6f7d0e75344aca96305,osm:way:231680733,2,,open,420,1200,0,obs:ed66ed32cd1a919c96726fc9
hours:7315790ae5f82bd280a22b7a,osm:way:231680733,3,,open,420,1200,0,obs:ed66ed32cd1a919c96726fc9
hours:742b1cc2120448a6518399e9,osm:way:231680733,4,,open,420,1200,0,obs:ed66ed32cd1a919c96726fc9
hours:edf9b0bd964f65b23cd4b930,osm:way:231680733,5,,open,420,1200,0,obs:ed66ed32cd1a919c96726fc9
hours:5a098a74f5a86c99466bf8f2,osm:way:240266284,0,,open,480,660,0,obs:d80fb5b166cc67c8bd3aee9b
hours:0f26ae4f1a4d9586227f1878,osm:way:240266284,0,,open,840,1005,0,obs:d80fb5b166cc67c8bd3aee9b
hours:6711abe700596d9702fee822,osm:way:240266284,1,,open,480,660,0,obs:d80fb5b166cc67c8bd3aee9b
hours:d0cd530c44e8b501013d638b,osm:way:240266284,1,,open,840,1005,0,obs:d80fb5b166cc67c8bd3aee9b
hours:ab4173df0b2bf645262e1643,osm:way:240266284,2,,open,480,660,0,obs:d80fb5b166cc67c8bd3aee9b
hours:062bb25fb35fd4d1baf76f28,osm:way:240266284,2,,open,840,1005,0,obs:d80fb5b166cc67c8bd3aee9b
hours:0604799772d32391d01e745d,osm:way:240266284,3,,open,480,660,0,obs:d80fb5b166cc67c8bd3aee9b
hours:b658b90108f0ad1d4e5df993,osm:way:240266284,3,,open,840,1005,0,obs:d80fb5b166cc67c8bd3aee9b
hours:a2e8198a208bcd22a0e84cc4,osm:way:240266284,4,,open,480,660,0,obs:d80fb5b166cc67c8bd3aee9b
hours:8a95e754a2486ea96e323b79,osm:way:240266284,4,,open,840,1005,0,obs:d80fb5b166cc67c8bd3aee9b
hours:76aec4a41026175a9a96085b,osm:way:240266284,5,,open,480,660,0,obs:d80fb5b166cc67c8bd3aee9b
hours:34f4700e137e8460a41df6f6,osm:way:240266284,5,,open,840,1005,0,obs:d80fb5b166cc67c8bd3aee9b
hours:f4a697f47849b65eaa33795b,osm:way:240266284,6,,open,480,660,0,obs:d80fb5b166cc67c8bd3aee9b
hours:909cc38f51b62c0a428bb6b3,osm:way:240266284,6,,open,840,1005,0,obs:d80fb5b166cc67c8bd3aee9b
hours:6da9aed66822f554abf77c89,osm:way:28945667,0,,open,360,1080,0,obs:6fb62879491d6744ae8119e0
hours:70b72ee434c4e20d1b906c56,osm:way:28945667,1,,open,360,1080,0,obs:6fb62879491d6744ae8119e0
hours:89e3a371f5d09050fddbd78b,osm:way:28945667,2,,open,360,1080,0,obs:6fb62879491d6744ae8119e0
hours:9fdbbba71c3e2b7e131c95c9,osm:way:28945667,3,,open,360,1080,0,obs:6fb62879491d6744ae8119e0
hours:94c6da84bd798b97352a6648,osm:way:28945667,4,,open,360,1080,0,obs:6fb62879491d6744ae8119e0
hours:b2b4bf176bd757eefbd092fa,osm:way:28945667,5,,open,360,1080,0,obs:6fb62879491d6744ae8119e0
hours:be00b0c0b59f54b9852cad17,osm:way:28945667,6,,open,360,1080,0,obs:6fb62879491d6744ae8119e0
hours:5424493452eb43c2472d33b1,osm:way:341504305,0,,open,450,1020,0,obs:c1c646144305436a56326834
hours:c91d0e62f7ed48160d5d56a7,osm:way:341504305,1,,open,450,1020,0,obs:c1c646144305436a56326834
hours:bcc36e7b32f95dee41d279db,osm:way:341504305,2,,open,450,1020,0,obs:c1c646144305436a56326834
hours:b2112c1104b0a7bc0e95e3e8,osm:way:341504305,3,,open,450,1020,0,obs:c1c646144305436a56326834
hours:283f2da104b12dd9f9fc3d62,osm:way:341504305,4,,open,450,1020,0,obs:c1c646144305436a56326834
hours:2392190b99e0151539023222,osm:way:35952591,0,,open,360,1140,0,obs:8957ec9ab71d210289533d6e
hours:a99c610545b1ca72a4d90fce,osm:way:35952591,1,,open,360,1140,0,obs:8957ec9ab71d210289533d6e
hours:b34d303502635f8e955f52ec,osm:way:35952591,2,,open,360,1140,0,obs:8957ec9ab71d210289533d6e
hours:fac9f94e7e780950d3950843,osm:way:35952591,3,,open,360,1140,0,obs:8957ec9ab71d210289533d6e
hours:804826a93081fe5e72544d22,osm:way:35952591,4,,open,360,1140,0,obs:8957ec9ab71d210289533d6e
hours:77360466a6b1f3d025bf5a92,osm:way:35952591,5,,open,360,1140,0,obs:8957ec9ab71d210289533d6e
hours:ccefb45fd2fe18cb151f1457,osm:way:35952591,6,,open,360,1140,0,obs:8957ec9ab71d210289533d6e
hours:231ab7cde9afd31a7c50c7b4,osm:way:369017963,0,,open,420,1080,0,obs:c9ca4aa43ba162a4e3185984
hours:b850d32a84462c177b6a6cd7,osm:way:369017963,1,,open,420,1080,0,obs:c9ca4aa43ba162a4e3185984
hours:742b49d410db918792655637,osm:way:369017963,2,,open,420,1080,0,obs:c9ca4aa43ba162a4e3185984
hours:65e5f489cd81814aa3a10a26,osm:way:369017963,3,,open,420,1080,0,obs:c9ca4aa43ba162a4e3185984
hours:23014c9340b4b1d0a272b60f,osm:way:369017963,4,,open,420,1080,0,obs:c9ca4aa43ba162a4e3185984
hours:6aa20eca6a502caaca33e5ac,osm:way:369017963,5,,open,420,1080,0,obs:c9ca4aa43ba162a4e3185984
hours:a26bac28627b6936b619adc8,osm:way:369017963,6,,open,420,1080,0,obs:c9ca4aa43ba162a4e3185984
hours:0add7b679ade421e755be040,osm:way:37629143,1,,open,480,690,0,obs:91ab4b0ee699e3c44729fcaa
hours:e16c19ae47282a8807535aee,osm:way:37629143,2,,open,480,690,0,obs:91ab4b0ee699e3c44729fcaa
hours:a673c9a9dc41fa56bb9e9719,osm:way:37629143,3,,open,480,690,0,obs:91ab4b0ee699e3c44729fcaa
hours:e0cb9e023b2aed64a8627f21,osm:way:37629143,5,,open,840,990,0,obs:91ab4b0ee699e3c44729fcaa
hours:222f197373eb1c5a243167f3,osm:way:37629143,6,,open,840,990,0,obs:91ab4b0ee699e3c44729fcaa
hours:1fad837574041139f69e9106,osm:way:37933256,0,,closed,,,0,obs:75b6792e9b85d76fbbe68a8d
hours:aedd1bc7ac0962bc74bbdbc5,osm:way:37933256,1,,open,480,720,0,obs:75b6792e9b85d76fbbe68a8d
hours:bf04f8a95f530a263a7d77ae,osm:way:37933256,1,,open,810,1020,0,obs:75b6792e9b85d76fbbe68a8d
hours:17c86cdd3ec07067df1397c5,osm:way:37933256,2,,open,480,720,0,obs:75b6792e9b85d76fbbe68a8d
hours:56ddd0fa417658396c095849,osm:way:37933256,2,,open,810,1020,0,obs:75b6792e9b85d76fbbe68a8d
hours:f155429baebcd7483a9b8193,osm:way:37933256,3,,open,480,720,0,obs:75b6792e9b85d76fbbe68a8d
hours:ed4177ba0fbd82a5499dca6f,osm:way:37933256,3,,open,810,1020,0,obs:75b6792e9b85d76fbbe68a8d
hours:fdfa8c1421fe56b8b1102607,osm:way:37933256,4,,open,480,720,0,obs:75b6792e9b85d76fbbe68a8d
hours:91ea8acb1adcfa8e13954261,osm:way:37933256,4,,open,810,1020,0,obs:75b6792e9b85d76fbbe68a8d
hours:9e1c80d08341fbb118f95085,osm:way:37933256,5,,open,480,720,0,obs:75b6792e9b85d76fbbe68a8d
hours:eb0731d92731b9a03eb87b41,osm:way:37933256,5,,open,810,1020,0,obs:75b6792e9b85d76fbbe68a8d
hours:784bbd8000bfc235bc5da11b,osm:way:37933256,6,,open,480,720,0,obs:75b6792e9b85d76fbbe68a8d
hours:3e70b567cdf812b580215c6f,osm:way:37933256,6,,open,810,1020,0,obs:75b6792e9b85d76fbbe68a8d
hours:555ffe2f2af2f9247ed85022,osm:way:37933849,0,,open,360,1320,0,obs:9f6ccf714ba795bab5e25fee
hours:80e81f58a41e3150f911760b,osm:way:37933849,1,,open,360,1320,0,obs:9f6ccf714ba795bab5e25fee
hours:9fb4b44f7f357ad3e9cc241f,osm:way:37933849,2,,open,360,1320,0,obs:9f6ccf714ba795bab5e25fee
hours:661694430fe923080ec215b0,osm:way:37933849,3,,open,360,1320,0,obs:9f6ccf714ba795bab5e25fee
hours:0cdcb03f92ba7da4d2f33431,osm:way:37933849,4,,open,360,1320,0,obs:9f6ccf714ba795bab5e25fee
hours:fb88e6bd16d8eafc44f7d08f,osm:way:37933849,5,,open,360,1320,0,obs:9f6ccf714ba795bab5e25fee
hours:df47450952c8811932433c42,osm:way:37933849,6,,open,360,1320,0,obs:9f6ccf714ba795bab5e25fee
hours:692c9697908300c1771d58ff,osm:way:39514793,0,,open,420,1320,0,obs:66f8a237f9bbbcacd39ebaf7
hours:7d282952c764c740265f89fa,osm:way:39514793,1,,open,420,1320,0,obs:66f8a237f9bbbcacd39ebaf7
hours:8b5d6143a156b5b412d02d1a,osm:way:39514793,2,,open,420,1320,0,obs:66f8a237f9bbbcacd39ebaf7
hours:9e4f41a1435f69cd27ddd7b2,osm:way:39514793,3,,open,420,1320,0,obs:66f8a237f9bbbcacd39ebaf7
hours:1c0b7414de96a1b57185de70,osm:way:39514793,4,,open,420,1320,0,obs:66f8a237f9bbbcacd39ebaf7
hours:def0a4749ad7658c71f6966a,osm:way:39514793,5,,open,420,1320,0,obs:66f8a237f9bbbcacd39ebaf7
hours:161818691178f062c9cbb6f0,osm:way:39514793,6,,open,420,1320,0,obs:66f8a237f9bbbcacd39ebaf7
hours:9b3dc37d4ffb1f4889b560a9,osm:way:39514795,0,,open,360,1080,0,obs:51dd2f020e44e589f3ac17a6
hours:47922caa5edb668dc58e2198,osm:way:39514795,1,,open,360,1080,0,obs:51dd2f020e44e589f3ac17a6
hours:285384e4547127f34c7370d9,osm:way:39514795,2,,open,360,1080,0,obs:51dd2f020e44e589f3ac17a6
hours:328e066541668bc4e8a03313,osm:way:39514795,3,,open,360,1080,0,obs:51dd2f020e44e589f3ac17a6
hours:8a57025ef26ed49eed5b25af,osm:way:39514795,4,,open,360,1080,0,obs:51dd2f020e44e589f3ac17a6
hours:18d6e1e27682e182566c9ddc,osm:way:39514795,5,,open,360,1080,0,obs:51dd2f020e44e589f3ac17a6
hours:7236c45897eee663d01f41c2,osm:way:39514795,6,,open,360,1080,0,obs:51dd2f020e44e589f3ac17a6
hours:7ef6670de0806516a2d08595,osm:way:39598493,0,,open,480,1080,0,obs:98a42c35e1a9c44298416d92
hours:fb1969de842bc34e69e6dfb6,osm:way:39598493,1,,open,480,1080,0,obs:98a42c35e1a9c44298416d92
hours:3a6b5f2dae441c998b1b5677,osm:way:39598493,2,,open,480,1080,0,obs:98a42c35e1a9c44298416d92
hours:5291e618e2fff3a9b68b4f40,osm:way:39598493,3,,open,480,1080,0,obs:98a42c35e1a9c44298416d92
hours:30f06dda7ba76c03ac628c75,osm:way:39598493,4,,open,480,1080,0,obs:98a42c35e1a9c44298416d92
hours:7fba0b3ef385d54e74243bd4,osm:way:39598493,5,,open,480,1080,0,obs:98a42c35e1a9c44298416d92
hours:a49a74dd984e9c291f040665,osm:way:39598493,6,,open,480,1080,0,obs:98a42c35e1a9c44298416d92
hours:8918ff10d7f33b2c5a9ed980,osm:way:455038118,0,,open,360,1260,0,obs:09f905659ff9243577028344
hours:89bff1b27565e7a7c3eaf4b6,osm:way:455038118,1,,open,360,1260,0,obs:09f905659ff9243577028344
hours:332a0b36a110501d38c78844,osm:way:455038118,2,,open,360,1260,0,obs:09f905659ff9243577028344
hours:9a53ee9af05013c393ff8e0c,osm:way:455038118,3,,open,360,1260,0,obs:09f905659ff9243577028344
hours:8645907a22dcb8e5da144bc1,osm:way:455038118,4,,open,360,1260,0,obs:09f905659ff9243577028344
hours:87cd8fe7d1f50cb56624ee4c,osm:way:455038118,5,,open,360,1260,0,obs:09f905659ff9243577028344
hours:7c7f469c5aedfa74bcecb448,osm:way:455038118,6,,open,360,1260,0,obs:09f905659ff9243577028344
hours:240bc47114c8330168b4b663,osm:way:463548000,0,,open,480,1020,0,obs:1b5a98409d3e5ad517946f06
hours:258879ebf3562eaaad6a9910,osm:way:463548000,1,,open,480,1020,0,obs:1b5a98409d3e5ad517946f06
hours:426aa933fd65d07d49dd46de,osm:way:463548000,2,,open,480,1020,0,obs:1b5a98409d3e5ad517946f06
hours:3907c40ca5e1909c7ae2e56d,osm:way:463548000,3,,open,480,1020,0,obs:1b5a98409d3e5ad517946f06
hours:e6e3a1faf334532d45dcf99b,osm:way:463548000,4,,open,480,1020,0,obs:1b5a98409d3e5ad517946f06
hours:f90d9f4805b17902c0538b83,osm:way:463548000,5,,open,480,1020,0,obs:1b5a98409d3e5ad517946f06
hours:fd9b2754f88e563025bfb1d4,osm:way:463548000,6,,open,480,1020,0,obs:1b5a98409d3e5ad517946f06
hours:af8988cfb8cef2ee00b20a63,osm:way:467994898,0,,open,420,660,0,obs:773ad40078d1762e16b7e1eb
hours:b137b433d72ada804c245b1a,osm:way:467994898,0,,open,780,1020,0,obs:773ad40078d1762e16b7e1eb
hours:1e12b0a895caeeb8287ad075,osm:way:467994898,1,,open,420,660,0,obs:773ad40078d1762e16b7e1eb
hours:2e57fc68a528ce461afc06ae,osm:way:467994898,1,,open,780,1020,0,obs:773ad40078d1762e16b7e1eb
hours:3a38664c3dcd58dcfa7823d0,osm:way:467994898,2,,open,420,660,0,obs:773ad40078d1762e16b7e1eb
hours:82fab3c9d98c2ae9ac7b95aa,osm:way:467994898,2,,open,780,1020,0,obs:773ad40078d1762e16b7e1eb
hours:0af3b23063d55d7e852d0f97,osm:way:467994898,3,,open,420,660,0,obs:773ad40078d1762e16b7e1eb
hours:99ccb35a9189bcd805a49886,osm:way:467994898,3,,open,780,1020,0,obs:773ad40078d1762e16b7e1eb
hours:38f1fd0062e1ea3786680158,osm:way:467994898,4,,open,420,660,0,obs:773ad40078d1762e16b7e1eb
hours:b7e6492dd0281240c0a2fa4d,osm:way:467994898,4,,open,780,1020,0,obs:773ad40078d1762e16b7e1eb
hours:79104ea6aa0d3460e990ade2,osm:way:467994898,5,,open,420,660,0,obs:773ad40078d1762e16b7e1eb
hours:9fe18687d2558e1087f0ddc6,osm:way:467994898,5,,open,780,1020,0,obs:773ad40078d1762e16b7e1eb
hours:319a16e1834de55af116882b,osm:way:467994898,6,,open,420,660,0,obs:773ad40078d1762e16b7e1eb
hours:1a894a2bec8b93d1c2f247e8,osm:way:467994898,6,,open,780,1020,0,obs:773ad40078d1762e16b7e1eb
hours:fce158bd670533168835c9d9,osm:way:473771564,0,,open,450,1035,0,obs:50c4ba1da4d639c66ccbbb47
hours:d89bc38640fdc2b2733e230e,osm:way:473771564,1,,open,450,1035,0,obs:50c4ba1da4d639c66ccbbb47
hours:718e72e7884833e4fe071a13,osm:way:473771564,2,,open,450,1035,0,obs:50c4ba1da4d639c66ccbbb47
hours:0ef1785b6c6e70f4a0903320,osm:way:473771564,3,,open,450,1035,0,obs:50c4ba1da4d639c66ccbbb47
hours:68acdb37753be4e7bf3fbd4a,osm:way:473771564,4,,open,450,1035,0,obs:50c4ba1da4d639c66ccbbb47
hours:d8cc1f664c7cec234e5d94ac,osm:way:473771564,5,,open,450,1035,0,obs:50c4ba1da4d639c66ccbbb47
hours:4ff36b29b6ed9d0d6e2b1307,osm:way:473771564,6,,open,450,1035,0,obs:50c4ba1da4d639c66ccbbb47
hours:44778b12c148e08b7e843e1e,osm:way:504571792,0,,open,0,1440,0,obs:1cfd16ec1d659e63a184ddee
hours:36a5d3a698942b91aa9806a2,osm:way:504571792,1,,open,0,1440,0,obs:1cfd16ec1d659e63a184ddee
hours:7d004ca119037de166f5cb4e,osm:way:504571792,2,,open,0,1440,0,obs:1cfd16ec1d659e63a184ddee
hours:b378c7d612e90eabde3319c5,osm:way:504571792,3,,open,0,1440,0,obs:1cfd16ec1d659e63a184ddee
hours:d85620c944762fa377f68883,osm:way:504571792,4,,open,0,1440,0,obs:1cfd16ec1d659e63a184ddee
hours:ef7fb7e50c03c7e9ff066748,osm:way:504571792,5,,open,0,1440,0,obs:1cfd16ec1d659e63a184ddee
hours:c8ea751aac14575bf6e09ca4,osm:way:504571792,6,,open,0,1440,0,obs:1cfd16ec1d659e63a184ddee
hours:e650b6adc39fe4f337a3d3ec,osm:way:541543831,0,,open,540,780,0,obs:070b07fbcf619e666cfd7a8b
hours:794a37be890123a3bcf8c7e6,osm:way:541543831,0,,open,900,1020,0,obs:070b07fbcf619e666cfd7a8b
hours:a397a87945205cda16e749a2,osm:way:541543831,1,,open,540,780,0,obs:070b07fbcf619e666cfd7a8b
hours:8e3f74b9088041cd95d4be2e,osm:way:541543831,1,,open,900,1020,0,obs:070b07fbcf619e666cfd7a8b
hours:70169898e3e83cb446276b20,osm:way:541543831,2,,open,540,780,0,obs:070b07fbcf619e666cfd7a8b
hours:a3e24125943ff0626c31fdc0,osm:way:541543831,2,,open,900,1020,0,obs:070b07fbcf619e666cfd7a8b
hours:4bb736bf620a63b36ab21cab,osm:way:541543831,3,,open,540,780,0,obs:070b07fbcf619e666cfd7a8b
hours:6deaa06f07b35cf77a46b8fa,osm:way:541543831,3,,open,900,1020,0,obs:070b07fbcf619e666cfd7a8b
hours:bb619246682e9c77845315b9,osm:way:541543831,4,,open,540,780,0,obs:070b07fbcf619e666cfd7a8b
hours:f9e6822ee4c0e51ae14e5aa2,osm:way:541543831,4,,open,900,1020,0,obs:070b07fbcf619e666cfd7a8b
hours:17431197d19fcd5e669184ad,osm:way:541543831,5,,open,540,780,0,obs:070b07fbcf619e666cfd7a8b
hours:2dc9ae0162a628ce9fa8941b,osm:way:541543831,5,,open,900,1020,0,obs:070b07fbcf619e666cfd7a8b
hours:80108539cd015cb94e7156d1,osm:way:541543831,6,,open,540,780,0,obs:070b07fbcf619e666cfd7a8b
hours:9967fb767d00bcde477f089d,osm:way:541543831,6,,open,900,1020,0,obs:070b07fbcf619e666cfd7a8b
hours:567b2bff6d2c4273b38a1e91,osm:way:554587648,0,,open,0,1440,0,obs:2525d4851f138270966863a2
hours:9bcf651aff6d1f510617729a,osm:way:554587648,1,,open,0,1440,0,obs:2525d4851f138270966863a2
hours:bedd5e3974e34d9c0727301e,osm:way:554587648,2,,open,0,1440,0,obs:2525d4851f138270966863a2
hours:453f8f812665d18455310310,osm:way:554587648,3,,open,0,1440,0,obs:2525d4851f138270966863a2
hours:aa5a4240f05ccefc166e6208,osm:way:554587648,4,,open,0,1440,0,obs:2525d4851f138270966863a2
hours:1262afd1a40801e4acbe0cfe,osm:way:554587648,5,,open,0,1440,0,obs:2525d4851f138270966863a2
hours:5f60a6abeedf251c1bcd81b4,osm:way:554587648,6,,open,0,1440,0,obs:2525d4851f138270966863a2
hours:0926260b243c8a637c7e67b7,osm:way:565592419,0,,open,450,690,0,obs:21e83648ff0f33524459aa58
hours:2e2f0076a66ff02339da93ce,osm:way:565592419,0,,open,810,1050,0,obs:21e83648ff0f33524459aa58
hours:1272fce5250965dc0338cd3a,osm:way:565592419,1,,open,450,690,0,obs:21e83648ff0f33524459aa58
hours:9096d6002b7aa4723b1ec76f,osm:way:565592419,1,,open,810,1050,0,obs:21e83648ff0f33524459aa58
hours:bf967331819500ccb524df8b,osm:way:565592419,2,,open,450,690,0,obs:21e83648ff0f33524459aa58
hours:ea2b45b255ff2c159c873cc6,osm:way:565592419,2,,open,810,1050,0,obs:21e83648ff0f33524459aa58
hours:19a344000867bada8c6e6cef,osm:way:565592419,3,,open,450,690,0,obs:21e83648ff0f33524459aa58
hours:ebe8bbb9f82c30f7408fb4a6,osm:way:565592419,3,,open,810,1050,0,obs:21e83648ff0f33524459aa58
hours:3f27e5f07971572e53801e2f,osm:way:565592419,4,,open,450,690,0,obs:21e83648ff0f33524459aa58
hours:0370a8cfb4d893278d7ae18c,osm:way:565592419,4,,open,810,1050,0,obs:21e83648ff0f33524459aa58
hours:01d41617a16525914560ed27,osm:way:565592419,5,,open,450,690,0,obs:21e83648ff0f33524459aa58
hours:e307e3f8221a78375f9f3f0c,osm:way:565592419,5,,open,810,1050,0,obs:21e83648ff0f33524459aa58
hours:add2eada6b317f61e44608ec,osm:way:565592419,6,,open,450,690,0,obs:21e83648ff0f33524459aa58
hours:1bc282d67bc62da1a0b56f82,osm:way:565592419,6,,open,810,1050,0,obs:21e83648ff0f33524459aa58
hours:72094769192c099eb3eaa106,osm:way:595471597,0,,open,480,1020,0,obs:848326629b5de4691a3cb2e1
hours:c29191e7d88e0cf8f73a485f,osm:way:595471597,1,,open,480,1020,0,obs:848326629b5de4691a3cb2e1
hours:d13f62b6a99f474b5ad8acf4,osm:way:595471597,2,,open,480,1020,0,obs:848326629b5de4691a3cb2e1
hours:06569bdcea1e65d369dea142,osm:way:595471597,3,,open,480,1020,0,obs:848326629b5de4691a3cb2e1
hours:1649cafad06a967fab485211,osm:way:595471597,4,,open,480,1020,0,obs:848326629b5de4691a3cb2e1
hours:f65ccf25e4f889624b9d5c31,osm:way:595471597,5,,open,480,1020,0,obs:848326629b5de4691a3cb2e1
hours:7e60cd28d0836283894a6012,osm:way:595471597,6,,open,480,1020,0,obs:848326629b5de4691a3cb2e1
hours:11d0792dba19801bf1fc8a69,osm:way:612178010,0,,open,540,1080,0,obs:578e632387dad6f07b2f7357
hours:a77b6e647d6ebc77582dcc96,osm:way:612178010,1,,open,540,1080,0,obs:578e632387dad6f07b2f7357
hours:c950b419aded560f2da8f9c2,osm:way:612178010,2,,open,540,1080,0,obs:578e632387dad6f07b2f7357
hours:6be02138746bf66be4a771c9,osm:way:612178010,3,,open,540,1080,0,obs:578e632387dad6f07b2f7357
hours:d9ba7c4cbe373d10d2461ec9,osm:way:612178010,4,,open,540,1080,0,obs:578e632387dad6f07b2f7357
hours:c28598bae7b8dff6c0ae1c92,osm:way:612178010,5,,open,540,1080,0,obs:578e632387dad6f07b2f7357
hours:fa469734e2178dfca6be0898,osm:way:612178010,6,,open,540,1080,0,obs:578e632387dad6f07b2f7357
hours:0903a4a80d40fee32968d6e5,osm:way:627379326,0,,open,360,1020,0,obs:378e87c6ea835bcafe2eaad1
hours:85262135bff4e3db3e9ac219,osm:way:627379326,1,,open,360,1020,0,obs:378e87c6ea835bcafe2eaad1
hours:99908b60cb979bd12890f0c0,osm:way:627379326,2,,open,360,1020,0,obs:378e87c6ea835bcafe2eaad1
hours:8ece0ca45de7ea4b364dba71,osm:way:627379326,3,,open,360,1020,0,obs:378e87c6ea835bcafe2eaad1
hours:3a055cf27e4d5e70794a13f8,osm:way:627379326,4,,open,360,1020,0,obs:378e87c6ea835bcafe2eaad1
hours:7b66dd9fa2e99869cd960853,osm:way:627379326,5,,open,360,1020,0,obs:378e87c6ea835bcafe2eaad1
hours:bc5a1ed171e79b10ddc54b4f,osm:way:627379326,6,,open,360,1020,0,obs:378e87c6ea835bcafe2eaad1
hours:5805a04758f0990046cde126,osm:way:640290256,0,,open,480,1320,0,obs:4b105e7374fd408bb3defe93
hours:cd574f502cb3ff4832e81792,osm:way:640290256,1,,open,480,1320,0,obs:4b105e7374fd408bb3defe93
hours:dcac02bda2f209d974bab051,osm:way:640290256,2,,open,480,1320,0,obs:4b105e7374fd408bb3defe93
hours:726cc6064be35d891ed268c2,osm:way:640290256,3,,open,480,1320,0,obs:4b105e7374fd408bb3defe93
hours:ccc80dc88c782f08034fb599,osm:way:640290256,4,,open,480,1320,0,obs:4b105e7374fd408bb3defe93
hours:b85d2a88827cd8ddf9358563,osm:way:640290256,5,,open,480,1320,0,obs:4b105e7374fd408bb3defe93
hours:667b2b519147f0b2635d2a59,osm:way:640290256,6,,open,480,1320,0,obs:4b105e7374fd408bb3defe93
hours:9b04c7d8c713542023dcdd1a,osm:way:669863010,0,,open,360,1080,0,obs:9a88d78e82e60c25f090081a
hours:75291472fe40c6367c91130d,osm:way:669863010,1,,open,360,1080,0,obs:9a88d78e82e60c25f090081a
hours:a452e593adf52b287d2ea2a5,osm:way:669863010,2,,open,360,1080,0,obs:9a88d78e82e60c25f090081a
hours:539f344c3a8fbbfa651d4251,osm:way:669863010,3,,open,360,1080,0,obs:9a88d78e82e60c25f090081a
hours:595f10c7d8f2f08bf6b6a60a,osm:way:669863010,4,,open,360,1080,0,obs:9a88d78e82e60c25f090081a
hours:f8d1b9b68593e32b925f70ea,osm:way:669863010,5,,open,360,1080,0,obs:9a88d78e82e60c25f090081a
hours:f0482cf56b7e4ebb21bd8053,osm:way:669863010,6,,open,360,1080,0,obs:9a88d78e82e60c25f090081a
hours:d37403235ff1cf64d9ba7a28,osm:way:675609211,0,,open,0,1440,0,obs:e7d19c084690a3b9310e6852
hours:c3f4732aea76af315da6b31a,osm:way:675609211,1,,open,0,1440,0,obs:e7d19c084690a3b9310e6852
hours:4e9fa97a70c5b93eb6effdf0,osm:way:675609211,2,,open,0,1440,0,obs:e7d19c084690a3b9310e6852
hours:fa440c1e61ae00ea92f128ef,osm:way:675609211,3,,open,0,1440,0,obs:e7d19c084690a3b9310e6852
hours:ad671ca969e4b9ee4b5ca878,osm:way:675609211,4,,open,0,1440,0,obs:e7d19c084690a3b9310e6852
hours:39b79531dffd077a6e37e8e5,osm:way:675609211,5,,open,0,1440,0,obs:e7d19c084690a3b9310e6852
hours:03425f8f4963451e9fb1819e,osm:way:675609211,6,,open,0,1440,0,obs:e7d19c084690a3b9310e6852
hours:ed146c104ad56d230cd3c006,osm:way:686293502,0,,open,420,1200,0,obs:6860427e5100bccd0b4fd69d
hours:952eceb9d177ea67028efd00,osm:way:686293502,1,,open,420,1200,0,obs:6860427e5100bccd0b4fd69d
hours:342e2b070aab47600b00bf1b,osm:way:686293502,2,,open,420,1200,0,obs:6860427e5100bccd0b4fd69d
hours:352f85f2613069e02c5737e5,osm:way:686293502,3,,open,420,1200,0,obs:6860427e5100bccd0b4fd69d
hours:0c4d184f31623f90b24d1292,osm:way:686293502,4,,open,420,1200,0,obs:6860427e5100bccd0b4fd69d
hours:f5cd3f0d2802d2557ed40652,osm:way:686293502,5,,open,420,1200,0,obs:6860427e5100bccd0b4fd69d
hours:1ae606ab4163ebcf618e95b4,osm:way:686293502,6,,open,420,1200,0,obs:6860427e5100bccd0b4fd69d
hours:206117d92f227c44cdef3000,osm:way:689652500,0,,open,0,1440,0,obs:384fce2f0c0d0785a7404f0d
hours:591b5dbfb76231636d777898,osm:way:689652500,1,,open,0,1440,0,obs:384fce2f0c0d0785a7404f0d
hours:b7d8735059aa8184f9c3ff93,osm:way:689652500,2,,open,0,1440,0,obs:384fce2f0c0d0785a7404f0d
hours:ac0042fbb6e8b9edbb691460,osm:way:689652500,3,,open,0,1440,0,obs:384fce2f0c0d0785a7404f0d
hours:ce5bb26d7dc40366f90b2785,osm:way:689652500,4,,open,0,1440,0,obs:384fce2f0c0d0785a7404f0d
hours:13b544dc31c9bf80aa0d0101,osm:way:689652500,5,,open,0,1440,0,obs:384fce2f0c0d0785a7404f0d
hours:8e75e4cdcf2c056eecb1c73d,osm:way:689652500,6,,open,0,1440,0,obs:384fce2f0c0d0785a7404f0d
hours:8f62585d2ab155004e23e381,osm:way:692595884,0,,open,0,1440,0,obs:7c7d83782b36fa67a00170cb
hours:15eb2e151853c1379b333071,osm:way:692595884,1,,open,0,1440,0,obs:7c7d83782b36fa67a00170cb
hours:6fddfa3a243e1e13c9c4a94e,osm:way:692595884,2,,open,0,1440,0,obs:7c7d83782b36fa67a00170cb
hours:45ec81129574c5ac562b68a7,osm:way:692595884,3,,open,0,1440,0,obs:7c7d83782b36fa67a00170cb
hours:54f7d7d18e7d3024c26ac63e,osm:way:692595884,4,,open,0,1440,0,obs:7c7d83782b36fa67a00170cb
hours:5af5774050a078f7f5c63889,osm:way:692595884,5,,open,0,1440,0,obs:7c7d83782b36fa67a00170cb
hours:4790356a2bf41675d3dc0741,osm:way:692595884,6,,open,0,1440,0,obs:7c7d83782b36fa67a00170cb
hours:74ec879e2421b028ffeb0fc1,osm:way:694831926,0,,open,0,1440,0,obs:690d21f964aba56116651bf2
hours:05b6c4733e48a42021b84148,osm:way:694831926,1,,open,0,1440,0,obs:690d21f964aba56116651bf2
hours:b77571558e641576ed58689b,osm:way:694831926,2,,open,0,1440,0,obs:690d21f964aba56116651bf2
hours:258b2c420442055a1dbebd6b,osm:way:694831926,3,,open,0,1440,0,obs:690d21f964aba56116651bf2
hours:edbbdd0fc2d9c8ed4732a2fe,osm:way:694831926,4,,open,0,1440,0,obs:690d21f964aba56116651bf2
hours:dbfc607910257285d223c8db,osm:way:694831926,5,,open,0,1440,0,obs:690d21f964aba56116651bf2
hours:f7b943cf8079f3b4002a1ac2,osm:way:694831926,6,,open,0,1440,0,obs:690d21f964aba56116651bf2
hours:273e68e1789dec648de5c1a2,osm:way:695810710,0,,open,510,660,0,obs:771e78235a36c0b7d15d892f
hours:731b274490a5021446ae439a,osm:way:695810710,0,,open,810,1020,0,obs:771e78235a36c0b7d15d892f
hours:9bd0dd020ba1326185481017,osm:way:695810710,1,,open,510,660,0,obs:771e78235a36c0b7d15d892f
hours:138ede6b9aa871270e390864,osm:way:695810710,1,,open,810,1020,0,obs:771e78235a36c0b7d15d892f
hours:dcb24409af0a569b8b8ddd6b,osm:way:695810710,2,,open,510,660,0,obs:771e78235a36c0b7d15d892f
hours:13bda873b87eca894ff13cd5,osm:way:695810710,2,,open,810,1020,0,obs:771e78235a36c0b7d15d892f
hours:8ccdd811e106552cfd545546,osm:way:695810710,3,,open,510,660,0,obs:771e78235a36c0b7d15d892f
hours:a9a5f9caa24bf9153c076a65,osm:way:695810710,3,,open,810,1020,0,obs:771e78235a36c0b7d15d892f
hours:a58b7491d6274574a91d44e3,osm:way:695810710,4,,open,510,660,0,obs:771e78235a36c0b7d15d892f
hours:ee2c4d601e596ef3cbc96285,osm:way:695810710,4,,open,810,1020,0,obs:771e78235a36c0b7d15d892f
hours:eb8f04140c49b2821e49a9cb,osm:way:695810710,5,,open,510,660,0,obs:771e78235a36c0b7d15d892f
hours:4c19c9e419d65ff4dd8a1b18,osm:way:695810710,5,,open,810,1020,0,obs:771e78235a36c0b7d15d892f
hours:965bb1617b009df0923e981e,osm:way:695810710,6,,open,510,660,0,obs:771e78235a36c0b7d15d892f
hours:4baf0daae7ffc8e6f3b3f931,osm:way:695810710,6,,open,810,1020,0,obs:771e78235a36c0b7d15d892f
hours:3273a742c4c13db3288eba4c,osm:way:700145152,0,,open,510,1020,0,obs:04046e8aaf3f25cb35a80c65
hours:4c3cc693cf9c1c1e3f1346c8,osm:way:700145152,1,,open,510,1020,0,obs:04046e8aaf3f25cb35a80c65
hours:f533b4f190e2b472ff37b654,osm:way:700145152,2,,open,510,1020,0,obs:04046e8aaf3f25cb35a80c65
hours:9f7e494b8564ecca1f8ae0e3,osm:way:700145152,3,,open,510,1020,0,obs:04046e8aaf3f25cb35a80c65
hours:704c88b2456abb8436e64f09,osm:way:700145152,4,,open,510,1020,0,obs:04046e8aaf3f25cb35a80c65
hours:807e8d412ddea34c757741db,osm:way:700145152,5,,open,510,1020,0,obs:04046e8aaf3f25cb35a80c65
hours:cd28018c6cb9421e43489f35,osm:way:700145152,6,,open,510,1020,0,obs:04046e8aaf3f25cb35a80c65
hours:b499d5e76628451fbabd4adf,osm:way:700840711,1,,open,480,660,0,obs:f46ffb8ab60d42daf4a24bc7
hours:133e7b0ac3122caa653ceaa4,osm:way:700840711,1,,open,840,1020,0,obs:f46ffb8ab60d42daf4a24bc7
hours:d371952d6422aeede3014362,osm:way:700840711,2,,open,480,660,0,obs:f46ffb8ab60d42daf4a24bc7
hours:009eee7e55f0fdcd886f18d8,osm:way:700840711,2,,open,840,1020,0,obs:f46ffb8ab60d42daf4a24bc7
hours:b83c67f8336b24f00feb4e3f,osm:way:700840711,3,,open,480,660,0,obs:f46ffb8ab60d42daf4a24bc7
hours:d172f41d2384be5307a2294f,osm:way:700840711,3,,open,840,1020,0,obs:f46ffb8ab60d42daf4a24bc7
hours:650fd8335a7b38ae66b2287f,osm:way:700840711,4,,open,480,660,0,obs:f46ffb8ab60d42daf4a24bc7
hours:9b68511a999280850c8d62ac,osm:way:700840711,4,,open,840,1020,0,obs:f46ffb8ab60d42daf4a24bc7
hours:56d1721ea2ff71b039b06ea6,osm:way:700840711,5,,open,480,660,0,obs:f46ffb8ab60d42daf4a24bc7
hours:2da2b614df9cdb961f3fa7fe,osm:way:700840711,5,,open,840,1020,0,obs:f46ffb8ab60d42daf4a24bc7
hours:e3e91cfe19d42982311b8752,osm:way:700840711,6,,open,480,660,0,obs:f46ffb8ab60d42daf4a24bc7
hours:dd33f95fe87d97a6e6142b24,osm:way:700840711,6,,open,840,1020,0,obs:f46ffb8ab60d42daf4a24bc7
hours:0cceb9eb05ca5f6ef353d97f,osm:way:751461192,0,,open,480,1200,0,obs:e9d13036582803854ae6d147
hours:893f85d27054f1f7b8611877,osm:way:751461192,1,,open,480,1200,0,obs:e9d13036582803854ae6d147
hours:f78872f1b828957692b0bc07,osm:way:751461192,2,,open,480,1200,0,obs:e9d13036582803854ae6d147
hours:a4bb27633e823a4648d097dd,osm:way:751461192,3,,open,480,1200,0,obs:e9d13036582803854ae6d147
hours:e8f98f3af188ccf9c8bd6848,osm:way:751461192,4,,open,480,1200,0,obs:e9d13036582803854ae6d147
hours:920c15591d5bb6aa7281549f,osm:way:751461192,5,,open,480,1200,0,obs:e9d13036582803854ae6d147
hours:7e933c4c98e50e1994a16274,osm:way:751461192,6,,open,480,1200,0,obs:e9d13036582803854ae6d147
hours:c77d64b0a55915e88400731e,osm:way:757341497,0,,open,0,1440,0,obs:9c9e7baab760754d1845486a
hours:8e0b01c30e3842f8195434b3,osm:way:757341497,1,,open,0,1440,0,obs:9c9e7baab760754d1845486a
hours:cff6ceb68dd5b043cde2be98,osm:way:757341497,2,,open,0,1440,0,obs:9c9e7baab760754d1845486a
hours:dea602718587dd1955e482be,osm:way:757341497,3,,open,0,1440,0,obs:9c9e7baab760754d1845486a
hours:e073d9e70acd9a2cf9b60851,osm:way:757341497,4,,open,0,1440,0,obs:9c9e7baab760754d1845486a
hours:1c53a416f4f7d7f85d94c4fe,osm:way:757341497,5,,open,0,1440,0,obs:9c9e7baab760754d1845486a
hours:84fc4dd725eb584757dd1b37,osm:way:757341497,6,,open,0,1440,0,obs:9c9e7baab760754d1845486a
hours:64e455b55c3463a832f5e8b2,osm:way:769028650,0,,open,0,1440,0,obs:da21873e308cb6d5d8a2bde8
hours:4ff901006c201c72408ab908,osm:way:769028650,1,,open,0,1440,0,obs:da21873e308cb6d5d8a2bde8
hours:7209ac554e96315df877c297,osm:way:769028650,2,,open,0,1440,0,obs:da21873e308cb6d5d8a2bde8
hours:216049941d9766b811e7423d,osm:way:769028650,3,,open,0,1440,0,obs:da21873e308cb6d5d8a2bde8
hours:c0c3a0d24be3c89b00c626b6,osm:way:769028650,4,,open,0,1440,0,obs:da21873e308cb6d5d8a2bde8
hours:4c41d8fdac3dc430d546ee14,osm:way:769028650,5,,open,0,1440,0,obs:da21873e308cb6d5d8a2bde8
hours:1f30e91d1a0cf6a4be7478e0,osm:way:769028650,6,,open,0,1440,0,obs:da21873e308cb6d5d8a2bde8
hours:94434308fc0ea084ba595803,osm:way:777888640,0,,open,0,1440,0,obs:16f6c23904d436f03a45a82d
hours:ba37804a13552ee10d26c75f,osm:way:777888640,1,,open,0,1440,0,obs:16f6c23904d436f03a45a82d
hours:cb1d510688cd1279e2155e46,osm:way:777888640,2,,open,0,1440,0,obs:16f6c23904d436f03a45a82d
hours:9e5a6b82d27611557c4e50c1,osm:way:777888640,3,,open,0,1440,0,obs:16f6c23904d436f03a45a82d
hours:773404b03134c74c6c8edbf8,osm:way:777888640,4,,open,0,1440,0,obs:16f6c23904d436f03a45a82d
hours:833bea7c3301e5ea20b1e230,osm:way:777888640,5,,open,0,1440,0,obs:16f6c23904d436f03a45a82d
hours:4f2be444a9d226266c4ee362,osm:way:777888640,6,,open,0,1440,0,obs:16f6c23904d436f03a45a82d
hours:af452ab2e7d7c809db17ad5b,osm:way:777888641,0,,open,0,1440,0,obs:a9eff2d64f8e34285af682a3
hours:dd14a9557e88bde17fa8628d,osm:way:777888641,1,,open,0,1440,0,obs:a9eff2d64f8e34285af682a3
hours:7a11d10504f01ea8c0324fa7,osm:way:777888641,2,,open,0,1440,0,obs:a9eff2d64f8e34285af682a3
hours:b50f9b0e137852b15e975356,osm:way:777888641,3,,open,0,1440,0,obs:a9eff2d64f8e34285af682a3
hours:38b24c7bf2cee55c96e9e6d5,osm:way:777888641,4,,open,0,1440,0,obs:a9eff2d64f8e34285af682a3
hours:b4f1c89ed76d792dee7e18c5,osm:way:777888641,5,,open,0,1440,0,obs:a9eff2d64f8e34285af682a3
hours:4962a1f7bf68d8d2e9a960fe,osm:way:777888641,6,,open,0,1440,0,obs:a9eff2d64f8e34285af682a3
hours:65a7b82c6e644494f2c524f7,osm:way:777888642,0,,open,0,1440,0,obs:af2ddddbcf366e1f71ef8983
hours:68289e0b33360be1dc2edbb7,osm:way:777888642,1,,open,0,1440,0,obs:af2ddddbcf366e1f71ef8983
hours:f64752764941fa9a744e568e,osm:way:777888642,2,,open,0,1440,0,obs:af2ddddbcf366e1f71ef8983
hours:6c087a367c5ba9201fa803bd,osm:way:777888642,3,,open,0,1440,0,obs:af2ddddbcf366e1f71ef8983
hours:d96bf3fa1026cb0b50d9b474,osm:way:777888642,4,,open,0,1440,0,obs:af2ddddbcf366e1f71ef8983
hours:d35417d63213475ff453a315,osm:way:777888642,5,,open,0,1440,0,obs:af2ddddbcf366e1f71ef8983
hours:0fbfe329891032439dc9f176,osm:way:777888642,6,,open,0,1440,0,obs:af2ddddbcf366e1f71ef8983
hours:6514f3cd1c313fc6d8f8377c,osm:way:777888643,0,,open,0,1440,0,obs:e2981fcb32fb5b0bf7fdd8a8
hours:49afebd7d0099160fcf7cf6b,osm:way:777888643,1,,open,0,1440,0,obs:e2981fcb32fb5b0bf7fdd8a8
hours:8968c249ac5491f2f5873c32,osm:way:777888643,2,,open,0,1440,0,obs:e2981fcb32fb5b0bf7fdd8a8
hours:d14eb8c2beb63e54d101abec,osm:way:777888643,3,,open,0,1440,0,obs:e2981fcb32fb5b0bf7fdd8a8
hours:1d788d482f65385ee31f46a0,osm:way:777888643,4,,open,0,1440,0,obs:e2981fcb32fb5b0bf7fdd8a8
hours:244202be28ecee2f34b4ea2f,osm:way:777888643,5,,open,0,1440,0,obs:e2981fcb32fb5b0bf7fdd8a8
hours:00cc910c13bf45db7a1d5362,osm:way:777888643,6,,open,0,1440,0,obs:e2981fcb32fb5b0bf7fdd8a8
hours:12a58fc8a17b845de307dd9b,osm:way:777891292,0,,open,0,1440,0,obs:b21e9bc1efcdbb0cc5bb3fde
hours:4e010eba7946d7220f669d0c,osm:way:777891292,1,,open,0,1440,0,obs:b21e9bc1efcdbb0cc5bb3fde
hours:b53873e303e1bcdc5b931b83,osm:way:777891292,2,,open,0,1440,0,obs:b21e9bc1efcdbb0cc5bb3fde
hours:ee421183916567bdbb68764e,osm:way:777891292,3,,open,0,1440,0,obs:b21e9bc1efcdbb0cc5bb3fde
hours:22c3f3c308fdbdca2979aec3,osm:way:777891292,4,,open,0,1440,0,obs:b21e9bc1efcdbb0cc5bb3fde
hours:16de05bd747ddf3fcc5e0ee1,osm:way:777891292,5,,open,0,1440,0,obs:b21e9bc1efcdbb0cc5bb3fde
hours:cbdfd6ebc201b21ce901c21a,osm:way:777891292,6,,open,0,1440,0,obs:b21e9bc1efcdbb0cc5bb3fde
hours:61a84e7734c47561cbf4c80d,osm:way:777891293,0,,open,0,1440,0,obs:cfcc4a5124c6a03d09fa9769
hours:b98702ebca5b4b330ff5e897,osm:way:777891293,1,,open,0,1440,0,obs:cfcc4a5124c6a03d09fa9769
hours:cbeeaac803765ddc02869ff7,osm:way:777891293,2,,open,0,1440,0,obs:cfcc4a5124c6a03d09fa9769
hours:61ff0d1a1f9560da40e9e9f2,osm:way:777891293,3,,open,0,1440,0,obs:cfcc4a5124c6a03d09fa9769
hours:7ff8f8aeb070481d8b08ab52,osm:way:777891293,4,,open,0,1440,0,obs:cfcc4a5124c6a03d09fa9769
hours:c1848508d0fda66e4c773697,osm:way:777891293,5,,open,0,1440,0,obs:cfcc4a5124c6a03d09fa9769
hours:22ce19999d5de2a2732f80cc,osm:way:777891293,6,,open,0,1440,0,obs:cfcc4a5124c6a03d09fa9769
hours:4a37931a40bd71d169876963,osm:way:777891294,0,,open,0,1440,0,obs:4dcdc1387056d2ec9b8dd270
hours:2d651994306b20a2b7da7b1e,osm:way:777891294,1,,open,0,1440,0,obs:4dcdc1387056d2ec9b8dd270
hours:b74010822eb02b4377eb22bb,osm:way:777891294,2,,open,0,1440,0,obs:4dcdc1387056d2ec9b8dd270
hours:f7a6a6689b831d489477d5fb,osm:way:777891294,3,,open,0,1440,0,obs:4dcdc1387056d2ec9b8dd270
hours:fffbb7fe54b30e9254d59726,osm:way:777891294,4,,open,0,1440,0,obs:4dcdc1387056d2ec9b8dd270
hours:e63c5c7804bbccd862a3f04e,osm:way:777891294,5,,open,0,1440,0,obs:4dcdc1387056d2ec9b8dd270
hours:350a66a08435797b6627aa56,osm:way:777891294,6,,open,0,1440,0,obs:4dcdc1387056d2ec9b8dd270
hours:b04bda489257536d5b223098,osm:way:777891295,0,,open,0,1440,0,obs:7c7899c53978f2bb0f3d7443
hours:2cadc42e5c0c7f17d599598e,osm:way:777891295,1,,open,0,1440,0,obs:7c7899c53978f2bb0f3d7443
hours:8774ffa82fc67dfa3bee9e2f,osm:way:777891295,2,,open,0,1440,0,obs:7c7899c53978f2bb0f3d7443
hours:8a09447ee6aad5339c9a6bca,osm:way:777891295,3,,open,0,1440,0,obs:7c7899c53978f2bb0f3d7443
hours:c859c20a087a1acd6f6e730c,osm:way:777891295,4,,open,0,1440,0,obs:7c7899c53978f2bb0f3d7443
hours:da79338efe840c134a8ea186,osm:way:777891295,5,,open,0,1440,0,obs:7c7899c53978f2bb0f3d7443
hours:da0431a4205fd5ffd3683664,osm:way:777891295,6,,open,0,1440,0,obs:7c7899c53978f2bb0f3d7443
hours:3bc3697921684d0113f961d3,osm:way:777891296,0,,open,0,1440,0,obs:aa0104fc082b4604a419a91f
hours:f7a5174ab1b14d8420e3a5fe,osm:way:777891296,1,,open,0,1440,0,obs:aa0104fc082b4604a419a91f
hours:b1b47cf3f0dfda0505fe2f6b,osm:way:777891296,2,,open,0,1440,0,obs:aa0104fc082b4604a419a91f
hours:6f5d45dbfff2e189ff186b70,osm:way:777891296,3,,open,0,1440,0,obs:aa0104fc082b4604a419a91f
hours:41c5d63184dc880bc0e7768b,osm:way:777891296,4,,open,0,1440,0,obs:aa0104fc082b4604a419a91f
hours:db17df56f8850f64465236e5,osm:way:777891296,5,,open,0,1440,0,obs:aa0104fc082b4604a419a91f
hours:679bd2bab298622961fe6458,osm:way:777891296,6,,open,0,1440,0,obs:aa0104fc082b4604a419a91f
hours:35f827655f86f46ea9d501ff,osm:way:777891297,0,,open,0,1440,0,obs:718638739132f77c38486160
hours:44a461961dc1fc1f438b9bdc,osm:way:777891297,1,,open,0,1440,0,obs:718638739132f77c38486160
hours:123a13d1fcbc35b54a42f9c8,osm:way:777891297,2,,open,0,1440,0,obs:718638739132f77c38486160
hours:60c1d84356b38ac25ed59142,osm:way:777891297,3,,open,0,1440,0,obs:718638739132f77c38486160
hours:e1ef742dd9f493426a3aff95,osm:way:777891297,4,,open,0,1440,0,obs:718638739132f77c38486160
hours:dae70dc92c37356a2a3c9dcc,osm:way:777891297,5,,open,0,1440,0,obs:718638739132f77c38486160
hours:b168e93549f4956cacd3e8f5,osm:way:777891297,6,,open,0,1440,0,obs:718638739132f77c38486160
hours:10e380d48cbc6b3b5e3405b4,osm:way:777891298,0,,open,0,1440,0,obs:f23c9394378bcf73d499f6df
hours:8b4579dc3e382a90cb75a3d8,osm:way:777891298,1,,open,0,1440,0,obs:f23c9394378bcf73d499f6df
hours:8ca525f065eca8dfc61d1a81,osm:way:777891298,2,,open,0,1440,0,obs:f23c9394378bcf73d499f6df
hours:4c9402e456061dd6ddacefac,osm:way:777891298,3,,open,0,1440,0,obs:f23c9394378bcf73d499f6df
hours:f1841c113d1ba71c58dabdce,osm:way:777891298,4,,open,0,1440,0,obs:f23c9394378bcf73d499f6df
hours:405ee1c61c617ea1860cb4da,osm:way:777891298,5,,open,0,1440,0,obs:f23c9394378bcf73d499f6df
hours:51494bc1d4efb9cbc9edde8f,osm:way:777891298,6,,open,0,1440,0,obs:f23c9394378bcf73d499f6df
hours:716d0a0d57b5dd23eaf1a866,osm:way:777891299,0,,open,0,1440,0,obs:806406b35af14ae0e403348a
hours:86b3e7abff6487658402af8b,osm:way:777891299,1,,open,0,1440,0,obs:806406b35af14ae0e403348a
hours:b068cc7ce0d7d593acc116ab,osm:way:777891299,2,,open,0,1440,0,obs:806406b35af14ae0e403348a
hours:09fc4a24f1d6abaa907ba41e,osm:way:777891299,3,,open,0,1440,0,obs:806406b35af14ae0e403348a
hours:b4ec1715a9c6646c567bbf64,osm:way:777891299,4,,open,0,1440,0,obs:806406b35af14ae0e403348a
hours:08ac9febc0d930dd012c3dc7,osm:way:777891299,5,,open,0,1440,0,obs:806406b35af14ae0e403348a
hours:a932a75bea4dcf1c07404848,osm:way:777891299,6,,open,0,1440,0,obs:806406b35af14ae0e403348a
hours:b6c437af9bb03ebbdced2072,osm:way:777891300,0,,open,0,1440,0,obs:5ad6fbfca99357baf45367f5
hours:dfabda57cfae24fc8871facf,osm:way:777891300,1,,open,0,1440,0,obs:5ad6fbfca99357baf45367f5
hours:db441cdc25a5fbb4253fbbb8,osm:way:777891300,2,,open,0,1440,0,obs:5ad6fbfca99357baf45367f5
hours:c08835b60069d0c2956e4619,osm:way:777891300,3,,open,0,1440,0,obs:5ad6fbfca99357baf45367f5
hours:0956a96005e65501d8ba1cd6,osm:way:777891300,4,,open,0,1440,0,obs:5ad6fbfca99357baf45367f5
hours:64790971aebc4072239df29c,osm:way:777891300,5,,open,0,1440,0,obs:5ad6fbfca99357baf45367f5
hours:94ee3741855c5dd56097c30c,osm:way:777891300,6,,open,0,1440,0,obs:5ad6fbfca99357baf45367f5
hours:e08ed6244b33a98e8db0f6ed,osm:way:778146368,0,,open,0,1440,0,obs:27b948292c128ac31b2ff0b2
hours:666e2442b96c9a59a1efc148,osm:way:778146368,1,,open,0,1440,0,obs:27b948292c128ac31b2ff0b2
hours:2ecbd557dc268d2bc33f9652,osm:way:778146368,2,,open,0,1440,0,obs:27b948292c128ac31b2ff0b2
hours:d48ef3247c7c18660aae038f,osm:way:778146368,3,,open,0,1440,0,obs:27b948292c128ac31b2ff0b2
hours:a516d6be21765e37d1645741,osm:way:778146368,4,,open,0,1440,0,obs:27b948292c128ac31b2ff0b2
hours:dd4373a4dcd84e8f44f81fab,osm:way:778146368,5,,open,0,1440,0,obs:27b948292c128ac31b2ff0b2
hours:ce6152a048f7e2880e44b7d1,osm:way:778146368,6,,open,0,1440,0,obs:27b948292c128ac31b2ff0b2
hours:7afa23634fc4abe2982fe7cd,osm:way:780440511,0,,open,0,1440,0,obs:f1cc88f0bce764e4d837be56
hours:f99ea8796cf5349f6c2a166c,osm:way:780440511,1,,open,0,1440,0,obs:f1cc88f0bce764e4d837be56
hours:67a5dfbd5740d5c1bfd54225,osm:way:780440511,2,,open,0,1440,0,obs:f1cc88f0bce764e4d837be56
hours:107a66780c98a120f9447e14,osm:way:780440511,3,,open,0,1440,0,obs:f1cc88f0bce764e4d837be56
hours:b606061824712c2e5d3ad41d,osm:way:780440511,4,,open,0,1440,0,obs:f1cc88f0bce764e4d837be56
hours:28ba72deae3f714466f3b7b2,osm:way:780440511,5,,open,0,1440,0,obs:f1cc88f0bce764e4d837be56
hours:992bd9333d689fe315bca910,osm:way:780440511,6,,open,0,1440,0,obs:f1cc88f0bce764e4d837be56
hours:cc184aa192ab21b7b70f2132,osm:way:780440810,0,,open,0,1440,0,obs:307664bddaa179e22d9bdf4d
hours:9646db88877a584cfd98a40a,osm:way:780440810,1,,open,0,1440,0,obs:307664bddaa179e22d9bdf4d
hours:a1168376e33c0af44e46d8ee,osm:way:780440810,2,,open,0,1440,0,obs:307664bddaa179e22d9bdf4d
hours:de6a7983e577143bb8adc7a4,osm:way:780440810,3,,open,0,1440,0,obs:307664bddaa179e22d9bdf4d
hours:af1aa1aebfe885f99b93b503,osm:way:780440810,4,,open,0,1440,0,obs:307664bddaa179e22d9bdf4d
hours:c33fda710908c5664cf650a6,osm:way:780440810,5,,open,0,1440,0,obs:307664bddaa179e22d9bdf4d
hours:e7bc93f66f2db8a242473caa,osm:way:780440810,6,,open,0,1440,0,obs:307664bddaa179e22d9bdf4d
hours:8f89a889d1d0aa146954584e,osm:way:783059395,0,,open,0,1440,0,obs:bce762ef1661669aff8069d7
hours:6e46fe524b8b0fe7e946e807,osm:way:783059395,1,,open,0,1440,0,obs:bce762ef1661669aff8069d7
hours:1198c6f1e697f6d9bc273df1,osm:way:783059395,2,,open,0,1440,0,obs:bce762ef1661669aff8069d7
hours:68e6e2854583f1b856e61bd2,osm:way:783059395,3,,open,0,1440,0,obs:bce762ef1661669aff8069d7
hours:cd085b0146411b4d6a469196,osm:way:783059395,4,,open,0,1440,0,obs:bce762ef1661669aff8069d7
hours:3c024f434e25e4f7941e3d9d,osm:way:783059395,5,,open,0,1440,0,obs:bce762ef1661669aff8069d7
hours:0cb57dfa5c8ecb6b91b51653,osm:way:783059395,6,,open,0,1440,0,obs:bce762ef1661669aff8069d7
hours:2462b4592d3608b70f2d6487,osm:way:799110618,0,,open,0,1440,0,obs:6974ad500942938ee702b350
hours:5319ca2eb1c882913e0db91d,osm:way:799110618,1,,open,0,1440,0,obs:6974ad500942938ee702b350
hours:84b63d938aa207147d07b261,osm:way:799110618,2,,open,0,1440,0,obs:6974ad500942938ee702b350
hours:c49f329432a8480a7eabbb0b,osm:way:799110618,3,,open,0,1440,0,obs:6974ad500942938ee702b350
hours:bbdd0166d339cdee8d98594f,osm:way:799110618,4,,open,0,1440,0,obs:6974ad500942938ee702b350
hours:31837902928b8ba47536303a,osm:way:799110618,5,,open,0,1440,0,obs:6974ad500942938ee702b350
hours:ed64faa785d103b9b5be619d,osm:way:799110618,6,,open,0,1440,0,obs:6974ad500942938ee702b350
hours:e96790ba0743566f2f1114f1,osm:way:801519774,0,,open,0,1440,0,obs:cb06c835b2381831f8ce06c2
hours:f8fa3095e781b3eb6f5291ed,osm:way:801519774,1,,open,0,1440,0,obs:cb06c835b2381831f8ce06c2
hours:36cd7e5bed9d170f65df15ed,osm:way:801519774,2,,open,0,1440,0,obs:cb06c835b2381831f8ce06c2
hours:4e969dd312b6f270abd30071,osm:way:801519774,3,,open,0,1440,0,obs:cb06c835b2381831f8ce06c2
hours:88e183977594596009adb645,osm:way:801519774,4,,open,0,1440,0,obs:cb06c835b2381831f8ce06c2
hours:ecdb9c3c91bad31ef2a6b53e,osm:way:801519774,5,,open,0,1440,0,obs:cb06c835b2381831f8ce06c2
hours:2d8ce2e1512b9e76c5afb7f0,osm:way:801519774,6,,open,0,1440,0,obs:cb06c835b2381831f8ce06c2
hours:e4893dfb984aa53134e98e74,osm:way:806928814,0,,open,0,1440,0,obs:8ba028a0d5bcf7b1f85b0aac
hours:53c4951ba2554ce662bff8fa,osm:way:806928814,1,,open,0,1440,0,obs:8ba028a0d5bcf7b1f85b0aac
hours:be6988fb7f9b8be11591a7d0,osm:way:806928814,2,,open,0,1440,0,obs:8ba028a0d5bcf7b1f85b0aac
hours:7266a5f492ed2de02cb1ae6c,osm:way:806928814,3,,open,0,1440,0,obs:8ba028a0d5bcf7b1f85b0aac
hours:3756186d56a23442b5e16c6e,osm:way:806928814,4,,open,0,1440,0,obs:8ba028a0d5bcf7b1f85b0aac
hours:6f446cfd7ee615a2db9e36ff,osm:way:806928814,5,,open,0,1440,0,obs:8ba028a0d5bcf7b1f85b0aac
hours:6246fe2250790578df17d9bf,osm:way:806928814,6,,open,0,1440,0,obs:8ba028a0d5bcf7b1f85b0aac
hours:aed905a22a24b9ee615adc9c,osm:way:808022726,0,,open,480,720,0,obs:328f3e747dbf23a514cafef8
hours:2638dfb8a6045062a27d80d6,osm:way:808022726,1,,open,480,720,0,obs:328f3e747dbf23a514cafef8
hours:e0a9a6867c0677a161cdfcc0,osm:way:808022726,1,,open,840,990,0,obs:328f3e747dbf23a514cafef8
hours:aaac0859b7c4c1c110e5e8ad,osm:way:808022726,2,,open,480,720,0,obs:328f3e747dbf23a514cafef8
hours:3cc2bbda40845df3d0fee669,osm:way:808022726,2,,open,840,990,0,obs:328f3e747dbf23a514cafef8
hours:a8c14f44e9b24d916a1a5352,osm:way:808022726,3,,open,480,720,0,obs:328f3e747dbf23a514cafef8
hours:819b90dda01dd4bc4c20bfd8,osm:way:808022726,3,,open,840,990,0,obs:328f3e747dbf23a514cafef8
hours:b82c2499168c0f0b007890a5,osm:way:808022726,4,,open,480,720,0,obs:328f3e747dbf23a514cafef8
hours:229ea0084a885f95c43caffa,osm:way:808022726,5,,open,480,720,0,obs:328f3e747dbf23a514cafef8
hours:b5cfb02776b24ea5736976f0,osm:way:808022726,5,,open,840,990,0,obs:328f3e747dbf23a514cafef8
hours:d72b6aeca0ce0e8ba1ccc54f,osm:way:808022726,6,,open,480,720,0,obs:328f3e747dbf23a514cafef8
hours:23c772de91fd8c3d08f06fa3,osm:way:808022726,6,,open,840,990,0,obs:328f3e747dbf23a514cafef8
hours:9909bcd14a1d63cbc1ebd742,osm:way:815719908,0,,open,0,1440,0,obs:a5d82fed606bd2b689436ece
hours:e802c25c9e601572267a4b6d,osm:way:815719908,1,,open,0,1440,0,obs:a5d82fed606bd2b689436ece
hours:fba39360963c7bd492ff8465,osm:way:815719908,2,,open,0,1440,0,obs:a5d82fed606bd2b689436ece
hours:eba535efcf0e9c7184c5909e,osm:way:815719908,3,,open,0,1440,0,obs:a5d82fed606bd2b689436ece
hours:435709031614a023859663f0,osm:way:815719908,4,,open,0,1440,0,obs:a5d82fed606bd2b689436ece
hours:3957c07bff6f8eaea87cdb49,osm:way:815719908,5,,open,0,1440,0,obs:a5d82fed606bd2b689436ece
hours:36ee82ced4317aa6e73f5a87,osm:way:815719908,6,,open,0,1440,0,obs:a5d82fed606bd2b689436ece
hours:9075276e7027f776879d560f,osm:way:815719909,0,,open,0,1440,0,obs:379ef73af04a2f9c0848c5c5
hours:7e70675c95e1b93caf64d7da,osm:way:815719909,1,,open,0,1440,0,obs:379ef73af04a2f9c0848c5c5
hours:10a3ad68eeb4871cf7c8d6b6,osm:way:815719909,2,,open,0,1440,0,obs:379ef73af04a2f9c0848c5c5
hours:23b005beb24804e90f4f3ff6,osm:way:815719909,3,,open,0,1440,0,obs:379ef73af04a2f9c0848c5c5
hours:e47a20e49610b7a92df799d4,osm:way:815719909,4,,open,0,1440,0,obs:379ef73af04a2f9c0848c5c5
hours:0276102ee181f540a3066074,osm:way:815719909,5,,open,0,1440,0,obs:379ef73af04a2f9c0848c5c5
hours:947dfa7b754ac5fdfbe7017e,osm:way:815719909,6,,open,0,1440,0,obs:379ef73af04a2f9c0848c5c5
hours:d888250ffae33c59e93ad754,osm:way:815719910,0,,open,0,1440,0,obs:d38969763bff9af524641acf
hours:5aaf631f4447939828b42c1e,osm:way:815719910,1,,open,0,1440,0,obs:d38969763bff9af524641acf
hours:7a7864b5985404c1e02c4f28,osm:way:815719910,2,,open,0,1440,0,obs:d38969763bff9af524641acf
hours:009ae8d38db1cce77cb7ab90,osm:way:815719910,3,,open,0,1440,0,obs:d38969763bff9af524641acf
hours:f5271be25f6c6f03f526abab,osm:way:815719910,4,,open,0,1440,0,obs:d38969763bff9af524641acf
hours:87dbd0a2c4602e265d92e74c,osm:way:815719910,5,,open,0,1440,0,obs:d38969763bff9af524641acf
hours:2753661a613e16310dcd2552,osm:way:815719910,6,,open,0,1440,0,obs:d38969763bff9af524641acf
hours:e85ee85afee335798601d9a8,osm:way:846695791,0,,open,420,1320,0,obs:8ae3c27e864e8903f98c10fc
hours:9ec6b604672dd187e3e93760,osm:way:846695791,1,,open,420,1320,0,obs:8ae3c27e864e8903f98c10fc
hours:c1f876c62085d17817833363,osm:way:846695791,2,,open,420,1320,0,obs:8ae3c27e864e8903f98c10fc
hours:2e73b5a449eda963b1317915,osm:way:846695791,3,,open,420,1320,0,obs:8ae3c27e864e8903f98c10fc
hours:fc7cc577d125f6305f229f0e,osm:way:846695791,4,,open,420,1320,0,obs:8ae3c27e864e8903f98c10fc
hours:caba9b3e4ea0397f54013936,osm:way:846695791,5,,open,420,1320,0,obs:8ae3c27e864e8903f98c10fc
hours:8d110ccf65a29c3245704d97,osm:way:846695791,6,,open,420,1320,0,obs:8ae3c27e864e8903f98c10fc
hours:502be96f1eae215f613c0595,osm:way:868630553,0,,open,0,1440,0,obs:480b0e342b07fd68ffb8e393
hours:9e923168bc0a70996edcf579,osm:way:868630553,1,,open,0,1440,0,obs:480b0e342b07fd68ffb8e393
hours:2cb99a8d470b4323b68b8997,osm:way:868630553,2,,open,0,1440,0,obs:480b0e342b07fd68ffb8e393
hours:915541c5c6603d9ee861498d,osm:way:868630553,3,,open,0,1440,0,obs:480b0e342b07fd68ffb8e393
hours:d32b78e1ab327c3a86577dff,osm:way:868630553,4,,open,0,1440,0,obs:480b0e342b07fd68ffb8e393
hours:7b950e9faab85c94d7318374,osm:way:868630553,5,,open,0,1440,0,obs:480b0e342b07fd68ffb8e393
hours:cf404b03f336a04e40a4bb67,osm:way:868630553,6,,open,0,1440,0,obs:480b0e342b07fd68ffb8e393
hours:9ccb146a61252b720bffd738,osm:way:879519246,0,,open,1080,1380,0,obs:d6250f093e17c50086242d48
hours:d2af99ba037496f95024b5e6,osm:way:879519246,1,,open,1080,1380,0,obs:d6250f093e17c50086242d48
hours:a1fa9555f382089961d6a404,osm:way:879519246,2,,open,1080,1380,0,obs:d6250f093e17c50086242d48
hours:c4ff57c3e4bab11170f7ce39,osm:way:879519246,3,,open,1080,1380,0,obs:d6250f093e17c50086242d48
hours:58c322a8a0208c69efc24324,osm:way:879519246,4,,open,1080,1380,0,obs:d6250f093e17c50086242d48
hours:40a5bf16dac613085d8415c4,osm:way:879519246,5,,open,1080,1380,0,obs:d6250f093e17c50086242d48
hours:46512f4680231862565d452f,osm:way:879519246,6,,open,1080,1380,0,obs:d6250f093e17c50086242d48
hours:10a31df3823ce012bdcce235,osm:way:879841441,0,,open,0,1440,0,obs:5dec157dc39c535bb99f2a99
hours:7b261517837534694e0f7b3d,osm:way:879841441,1,,open,0,1440,0,obs:5dec157dc39c535bb99f2a99
hours:1f852a007a944de857dafc21,osm:way:879841441,2,,open,0,1440,0,obs:5dec157dc39c535bb99f2a99
hours:8a7d03f376a0547dda179ae6,osm:way:879841441,3,,open,0,1440,0,obs:5dec157dc39c535bb99f2a99
hours:bb0d77eea1db60e1d3679bc9,osm:way:879841441,4,,open,0,1440,0,obs:5dec157dc39c535bb99f2a99
hours:7cd304d263eaa6642c23cac4,osm:way:879841441,5,,open,0,1440,0,obs:5dec157dc39c535bb99f2a99
hours:c6ca74f8c1f8e3448bbb85cc,osm:way:879841441,6,,open,0,1440,0,obs:5dec157dc39c535bb99f2a99
hours:6411a495cd4f71712efb69ec,osm:way:908417669,0,,open,0,1440,0,obs:842744bbfe7a8fbd7f5b6d74
hours:75cefb73da8ecb1e47d62309,osm:way:908417669,1,,open,0,1440,0,obs:842744bbfe7a8fbd7f5b6d74
hours:e86e77508ce623c6d4d83e50,osm:way:908417669,2,,open,0,1440,0,obs:842744bbfe7a8fbd7f5b6d74
hours:17f8237bd429316691220250,osm:way:908417669,3,,open,0,1440,0,obs:842744bbfe7a8fbd7f5b6d74
hours:f2dc5f332b70b20c5aab2637,osm:way:908417669,4,,open,0,1440,0,obs:842744bbfe7a8fbd7f5b6d74
hours:0d561d52cf2217f97d09db32,osm:way:908417669,5,,open,0,1440,0,obs:842744bbfe7a8fbd7f5b6d74
hours:28a56b41196f66cbce4898d9,osm:way:908417669,6,,open,0,1440,0,obs:842744bbfe7a8fbd7f5b6d74
hours:95f1818fee7626d89a8efdb8,osm:way:959984228,0,,open,0,1440,0,obs:0a54639c59e7ddff7b7bb271
hours:bee6b430cbe7cd3a9703e6cc,osm:way:959984228,1,,open,0,1440,0,obs:0a54639c59e7ddff7b7bb271
hours:d2e1675df11093f3d63e2423,osm:way:959984228,2,,open,0,1440,0,obs:0a54639c59e7ddff7b7bb271
hours:5963f8d3b3f20a8e01c863d1,osm:way:959984228,3,,open,0,1440,0,obs:0a54639c59e7ddff7b7bb271
hours:83b9896addd92553de4d8c96,osm:way:959984228,4,,open,0,1440,0,obs:0a54639c59e7ddff7b7bb271
hours:f91d212675ef32cb5aa54331,osm:way:959984228,5,,open,0,1440,0,obs:0a54639c59e7ddff7b7bb271
hours:c5217ae05cde9d1ce5647f6f,osm:way:959984228,6,,open,0,1440,0,obs:0a54639c59e7ddff7b7bb271
hours:b2239810831a30c506f7e8ef,osm:way:959988675,0,,open,0,1440,0,obs:45f1f9ba71f28536e169fe27
hours:9861849dfbbf496752b47b11,osm:way:959988675,1,,open,0,1440,0,obs:45f1f9ba71f28536e169fe27
hours:fa63618aa7118abe58012529,osm:way:959988675,2,,open,0,1440,0,obs:45f1f9ba71f28536e169fe27
hours:bbbfde796294ec09b2c198d0,osm:way:959988675,3,,open,0,1440,0,obs:45f1f9ba71f28536e169fe27
hours:802c61fdd712d228a8fec00f,osm:way:959988675,4,,open,0,1440,0,obs:45f1f9ba71f28536e169fe27
hours:6fa43b96a0993e85ce8fa19d,osm:way:959988675,5,,open,0,1440,0,obs:45f1f9ba71f28536e169fe27
hours:85b5555a006db8c322ebd279,osm:way:959988675,6,,open,0,1440,0,obs:45f1f9ba71f28536e169fe27
hours:6209f560b5becb88d4d013ce,osm:way:959989941,0,,open,0,1440,0,obs:0254e65e585152083e7dce26
hours:b16441a1b95647cc6214c316,osm:way:959989941,1,,open,0,1440,0,obs:0254e65e585152083e7dce26
hours:1e7b47a4cbbaae19efc8f5e9,osm:way:959989941,2,,open,0,1440,0,obs:0254e65e585152083e7dce26
hours:dd229a9d1dc00f0c07920bae,osm:way:959989941,3,,open,0,1440,0,obs:0254e65e585152083e7dce26
hours:93760847978871ef02ebbf49,osm:way:959989941,4,,open,0,1440,0,obs:0254e65e585152083e7dce26
hours:29a902369f716aa1948cd040,osm:way:959989941,5,,open,0,1440,0,obs:0254e65e585152083e7dce26
hours:e84783ef023783d6b7a6f546,osm:way:959989941,6,,open,0,1440,0,obs:0254e65e585152083e7dce26
hours:7c9ebf34aa0a9c1944f3397e,osm:way:960009813,0,,open,0,1440,0,obs:77942f1c7274a8ac79418478
hours:45a7f656c95af76807deef4d,osm:way:960009813,1,,open,0,1440,0,obs:77942f1c7274a8ac79418478
hours:229b8440e63e9fe6e9294ced,osm:way:960009813,2,,open,0,1440,0,obs:77942f1c7274a8ac79418478
hours:6f3eb6efa4244ae85b7c2ddf,osm:way:960009813,3,,open,0,1440,0,obs:77942f1c7274a8ac79418478
hours:eeb8633d6e7fe3b405bdd62e,osm:way:960009813,4,,open,0,1440,0,obs:77942f1c7274a8ac79418478
hours:244ae3b9f859c6168f463865,osm:way:960009813,5,,open,0,1440,0,obs:77942f1c7274a8ac79418478
hours:3164f2f55bb91cc64b17b64b,osm:way:960009813,6,,open,0,1440,0,obs:77942f1c7274a8ac79418478
hours:e3cff8b113f212061020a078,osm:way:960019192,0,,open,0,1440,0,obs:77b69462299f24239de0c77d
hours:a09c774b902e440f8e8abc02,osm:way:960019192,1,,open,0,1440,0,obs:77b69462299f24239de0c77d
hours:e48fdff95752d73fa8bb77d3,osm:way:960019192,2,,open,0,1440,0,obs:77b69462299f24239de0c77d
hours:5c3918353747a001b38e9bb1,osm:way:960019192,3,,open,0,1440,0,obs:77b69462299f24239de0c77d
hours:5480c5c5b38d44b8814425be,osm:way:960019192,4,,open,0,1440,0,obs:77b69462299f24239de0c77d
hours:6a95ba12360a2c40d5a1e310,osm:way:960019192,5,,open,0,1440,0,obs:77b69462299f24239de0c77d
hours:538aff92d5a01df5594ea97e,osm:way:960019192,6,,open,0,1440,0,obs:77b69462299f24239de0c77d
hours:937363ab46897a8544ce890f,osm:way:962982791,0,,open,0,1440,0,obs:4147596bad9d6353dacde1f3
hours:2925b0ea180a41cfe8528f55,osm:way:962982791,1,,open,0,1440,0,obs:4147596bad9d6353dacde1f3
hours:b3c4da45ff4127a474d8f923,osm:way:962982791,2,,open,0,1440,0,obs:4147596bad9d6353dacde1f3
hours:0f433b8096ea54ebdf5eba9a,osm:way:962982791,3,,open,0,1440,0,obs:4147596bad9d6353dacde1f3
hours:9438f562fdecbd9f31da30a9,osm:way:962982791,4,,open,0,1440,0,obs:4147596bad9d6353dacde1f3
hours:dbb207c771bdc61978fb67f1,osm:way:962982791,5,,open,0,1440,0,obs:4147596bad9d6353dacde1f3
hours:f8d6eebb654e12dd40d751f8,osm:way:962982791,6,,open,0,1440,0,obs:4147596bad9d6353dacde1f3
hours:28774c75809a022d3ad44cea,osm:way:970382350,0,,open,0,1440,0,obs:df70c9fdf21dece64d794cae
hours:ce0d5596361e9be280006953,osm:way:970382350,1,,open,0,1440,0,obs:df70c9fdf21dece64d794cae
hours:6e92606e661ed379cb61351f,osm:way:970382350,2,,open,0,1440,0,obs:df70c9fdf21dece64d794cae
hours:aab53d55f2c1003d73985347,osm:way:970382350,3,,open,0,1440,0,obs:df70c9fdf21dece64d794cae
hours:b494d4c68cdd998088aa0f34,osm:way:970382350,4,,open,0,1440,0,obs:df70c9fdf21dece64d794cae
hours:92d9a6945fcd7785d2de3407,osm:way:970382350,5,,open,0,1440,0,obs:df70c9fdf21dece64d794cae
hours:fb4b7d15cabe2d0feacc9b66,osm:way:970382350,6,,open,0,1440,0,obs:df70c9fdf21dece64d794cae
hours:ebd1fec32376a0132ba0df2b,osm:way:974020821,0,,open,420,1020,0,obs:9748710defc9461cb2d72682
hours:3413e3a419b9c914061cc310,osm:way:974020821,1,,open,420,1020,0,obs:9748710defc9461cb2d72682
hours:fc46af5b5f5b935fd600d166,osm:way:974020821,2,,open,420,1020,0,obs:9748710defc9461cb2d72682
hours:aa2944bc5f6a99d5382a2f89,osm:way:974020821,3,,open,420,1020,0,obs:9748710defc9461cb2d72682
hours:283137540e9024ace78cccc2,osm:way:974020821,4,,open,420,1020,0,obs:9748710defc9461cb2d72682
hours:26313133ec5d91e83d3afac6,osm:way:974020821,5,,open,420,1020,0,obs:9748710defc9461cb2d72682
hours:5fca66c6055b24f0e0ad3c26,osm:way:974020821,6,,open,420,1020,0,obs:9748710defc9461cb2d72682
hours:6f064b533fbca53969b98c1b,osm:way:974991933,0,,open,0,1440,0,obs:85a50a51c84a5c6a64391560
hours:29aa2e6c3f6ac7517315128e,osm:way:974991933,1,,open,0,1440,0,obs:85a50a51c84a5c6a64391560
hours:e7d07521ffe28119b9a2e985,osm:way:974991933,2,,open,0,1440,0,obs:85a50a51c84a5c6a64391560
hours:2aaf1f4af6448c7181891c48,osm:way:974991933,3,,open,0,1440,0,obs:85a50a51c84a5c6a64391560
hours:d31e8c22e9619da1a6990baa,osm:way:974991933,4,,open,0,1440,0,obs:85a50a51c84a5c6a64391560
hours:352ec2d0a959b2f9a0e6517d,osm:way:974991933,5,,open,0,1440,0,obs:85a50a51c84a5c6a64391560
hours:30f5432e4fcdf697aa549c22,osm:way:974991933,6,,open,0,1440,0,obs:85a50a51c84a5c6a64391560
hours:e3b61114128f537fddc86c4d,osm:way:981161888,0,,open,450,660,0,obs:2fb588cce0025f231837e27d
hours:ee05f284aa9421bfcb030839,osm:way:981161888,0,,open,780,1020,0,obs:2fb588cce0025f231837e27d
hours:80731ea9748ee1ddda38cf27,osm:way:981161888,1,,open,450,660,0,obs:2fb588cce0025f231837e27d
hours:aef9c335aac266fc47c637f7,osm:way:981161888,1,,open,780,1020,0,obs:2fb588cce0025f231837e27d
hours:4cfc43a77d593b79ef7e2506,osm:way:981161888,2,,open,450,660,0,obs:2fb588cce0025f231837e27d
hours:cde9e1dd1573feadb7b176fe,osm:way:981161888,2,,open,780,1020,0,obs:2fb588cce0025f231837e27d
hours:734646bc64eb74ab9156dc25,osm:way:981161888,3,,open,450,660,0,obs:2fb588cce0025f231837e27d
hours:9cb5992f5e5b879533b96dfa,osm:way:981161888,3,,open,780,1020,0,obs:2fb588cce0025f231837e27d
hours:232348399a4b8f378190ec1d,osm:way:981161888,4,,open,450,660,0,obs:2fb588cce0025f231837e27d
hours:20de137551fba191c9c1b37d,osm:way:981161888,4,,open,780,1020,0,obs:2fb588cce0025f231837e27d
hours:26887d924e3282cc06b0f968,osm:node:10011953034,0,,open,480,1350,0,obs:eb1b65389598e55711dcf818
hours:611b0035e3d6332de2edaf4c,osm:node:10011953034,1,,open,480,1350,0,obs:eb1b65389598e55711dcf818
hours:f9c9c8de1bc2daccf6338c15,osm:node:10011953034,2,,open,480,1350,0,obs:eb1b65389598e55711dcf818
hours:3a47518df372325059ddbfc6,osm:node:10011953034,3,,open,480,1350,0,obs:eb1b65389598e55711dcf818
hours:434dbc1447b3d6d6cb1d9a0d,osm:node:10011953034,4,,open,480,1350,0,obs:eb1b65389598e55711dcf818
hours:bef898e2095c09e91d8f476e,osm:node:10011953034,5,,open,480,1350,0,obs:eb1b65389598e55711dcf818
hours:a5ed2edd9eda0feae12da3c5,osm:node:10011953034,6,,open,480,1350,0,obs:eb1b65389598e55711dcf818
hours:82c2f8ea35f312472320d949,osm:node:10082412846,0,,open,420,1380,0,obs:ec6ddda8062848a7f8b42044
hours:ee4dd0addc79afe5f5745a77,osm:node:10082412846,1,,open,420,1380,0,obs:ec6ddda8062848a7f8b42044
hours:0ded631b8eac559548c99722,osm:node:10082412846,2,,open,420,1380,0,obs:ec6ddda8062848a7f8b42044
hours:a4342479275ffdb368d4a8ab,osm:node:10082412846,3,,open,420,1380,0,obs:ec6ddda8062848a7f8b42044
hours:a580a6557b6607ff69f8f3c4,osm:node:10082412846,4,,open,420,1380,0,obs:ec6ddda8062848a7f8b42044
hours:84c9eb37ad4b3adaf282d0ba,osm:node:10082412846,5,,open,420,1380,0,obs:ec6ddda8062848a7f8b42044
hours:269170e7d4d4ab2c04b9fbcd,osm:node:10082412846,6,,open,420,1380,0,obs:ec6ddda8062848a7f8b42044
hours:fa65408083f7faa2cb08dba0,osm:node:10098130619,0,,open,600,1290,0,obs:cd7968bed27fcc1e1b94f0ca
hours:949eeb2cb5157c8c420b2e9c,osm:node:10098130619,1,,open,600,1290,0,obs:cd7968bed27fcc1e1b94f0ca
hours:d27fd9ba9047a53c44b55968,osm:node:10098130619,2,,open,600,1290,0,obs:cd7968bed27fcc1e1b94f0ca
hours:3857a1d90d013a6c34d6c94a,osm:node:10098130619,3,,open,600,1290,0,obs:cd7968bed27fcc1e1b94f0ca
hours:832dbf3003f9a6e9abae8353,osm:node:10098130619,4,,open,600,1290,0,obs:cd7968bed27fcc1e1b94f0ca
hours:d9450c79467d543b20d1bb7f,osm:node:10098130619,5,,open,600,1290,0,obs:cd7968bed27fcc1e1b94f0ca
hours:3a893d76ddf2d9f498508fe5,osm:node:10098130619,6,,open,600,1290,0,obs:cd7968bed27fcc1e1b94f0ca
hours:63b34a82f0e0b2ae55a653a1,osm:node:10098130620,0,,open,600,1290,0,obs:0cf02a72b946a4e2d6565f83
hours:e461e2702d3028270d099d95,osm:node:10098130620,1,,open,600,1290,0,obs:0cf02a72b946a4e2d6565f83
hours:f7c96bf98f8561218f05f52b,osm:node:10098130620,2,,open,600,1290,0,obs:0cf02a72b946a4e2d6565f83
hours:113722d910b15e7026fb9c14,osm:node:10098130620,3,,open,600,1290,0,obs:0cf02a72b946a4e2d6565f83
hours:839cc3e0a91f09d8de76af9b,osm:node:10098130620,4,,open,600,1290,0,obs:0cf02a72b946a4e2d6565f83
hours:ddb5910ab0b4f4ca122701d8,osm:node:10098130620,5,,open,600,1290,0,obs:0cf02a72b946a4e2d6565f83
hours:fecad2b0165df1cc5410d72d,osm:node:10098130620,6,,open,600,1290,0,obs:0cf02a72b946a4e2d6565f83
hours:287aea45bfb6f2618f78327d,osm:node:10098130621,0,,open,600,1290,0,obs:72e443447c7292f04ffc3826
hours:27907cc3eaf3604433ea2b6c,osm:node:10098130621,1,,open,600,1290,0,obs:72e443447c7292f04ffc3826
hours:153b28ed53c5f625a8e2fca6,osm:node:10098130621,2,,open,600,1290,0,obs:72e443447c7292f04ffc3826
hours:dff7e78f6e0a95f1afa97615,osm:node:10098130621,3,,open,600,1290,0,obs:72e443447c7292f04ffc3826
hours:a0521fbb149719af26ddfe35,osm:node:10098130621,4,,open,600,1290,0,obs:72e443447c7292f04ffc3826
hours:0f87cee9662a946875a9d290,osm:node:10098130621,5,,open,600,1290,0,obs:72e443447c7292f04ffc3826
hours:b50912f352c665c6482c125a,osm:node:10098130621,6,,open,600,1290,0,obs:72e443447c7292f04ffc3826
hours:e326c8d0ada79c0985c62fa6,osm:node:10098130622,0,,open,600,1290,0,obs:aa374ef51500748d9e99ce15
hours:d1b69d83e65ce7f626c54644,osm:node:10098130622,1,,open,600,1290,0,obs:aa374ef51500748d9e99ce15
hours:c04537ffbebe41767b5337f5,osm:node:10098130622,2,,open,600,1290,0,obs:aa374ef51500748d9e99ce15
hours:9675291f48a8ef9d8085c962,osm:node:10098130622,3,,open,600,1290,0,obs:aa374ef51500748d9e99ce15
hours:45552b8e04b7d4da5086e33c,osm:node:10098130622,4,,open,600,1290,0,obs:aa374ef51500748d9e99ce15
hours:0d37ab74963cf96f7e76dab2,osm:node:10098130622,5,,open,600,1290,0,obs:aa374ef51500748d9e99ce15
hours:795410c4ebd728eabe273da6,osm:node:10098130622,6,,open,600,1290,0,obs:aa374ef51500748d9e99ce15
hours:0df727fe802153c611cf288e,osm:node:10103088449,0,,open,660,840,0,obs:2e0bce690ced1621f5e93412
hours:a39ccc8354923ac0a632c881,osm:node:10103088449,0,,open,1020,1320,0,obs:2e0bce690ced1621f5e93412
hours:0005fa23ab0708ce0f87bd2b,osm:node:10103088449,1,,open,660,840,0,obs:2e0bce690ced1621f5e93412
hours:1d30e262bc8e2ccd1068f9f7,osm:node:10103088449,1,,open,1020,1320,0,obs:2e0bce690ced1621f5e93412
hours:bcf6e663588540e1f1d86976,osm:node:10103088449,2,,open,660,840,0,obs:2e0bce690ced1621f5e93412
hours:6540c90a68a39b807be681b2,osm:node:10103088449,2,,open,1020,1320,0,obs:2e0bce690ced1621f5e93412
hours:d30bc58f2b98afde8fbb9716,osm:node:10103088449,3,,open,660,840,0,obs:2e0bce690ced1621f5e93412
hours:50fc26e15aa98ea978f41962,osm:node:10103088449,3,,open,1020,1320,0,obs:2e0bce690ced1621f5e93412
hours:948eb2bea6f7d107c7adfa15,osm:node:10103088449,4,,open,660,840,0,obs:2e0bce690ced1621f5e93412
hours:a3dc2f6ace0b5135ea3beff1,osm:node:10103088449,4,,open,1020,1320,0,obs:2e0bce690ced1621f5e93412
hours:f651b97d154445fc8362a2f6,osm:node:10103088449,5,,open,660,840,0,obs:2e0bce690ced1621f5e93412
hours:cd0467a90265c318e58986d2,osm:node:10103088449,5,,open,1020,1320,0,obs:2e0bce690ced1621f5e93412
hours:be6126ff7723d1ee58b8e935,osm:node:10103088449,6,,open,660,840,0,obs:2e0bce690ced1621f5e93412
hours:98cecb8ea3fb9ce7d8473218,osm:node:10103088449,6,,open,1020,1320,0,obs:2e0bce690ced1621f5e93412
hours:3a7199d89dbe894b2d90801a,osm:node:10111546117,0,,open,540,900,0,obs:78db71539397f3cd6b70cf96
hours:fc61ae1d35460c288a8d3261,osm:node:10111546117,0,,open,1020,1260,0,obs:78db71539397f3cd6b70cf96
hours:6b60c9249c71a903cbd4828e,osm:node:10111546117,1,,open,540,900,0,obs:78db71539397f3cd6b70cf96
hours:c05c3fd932477b6d6520f32b,osm:node:10111546117,1,,open,1020,1260,0,obs:78db71539397f3cd6b70cf96
hours:a94e0528374460c727a3e2aa,osm:node:10111546117,2,,open,540,900,0,obs:78db71539397f3cd6b70cf96
hours:9106265799a508be440d314c,osm:node:10111546117,2,,open,1020,1260,0,obs:78db71539397f3cd6b70cf96
hours:2bc4b559cc0f8f73f3ed68c3,osm:node:10111546117,3,,open,540,900,0,obs:78db71539397f3cd6b70cf96
hours:927a3fc42d7dd3c278e74f95,osm:node:10111546117,3,,open,1020,1260,0,obs:78db71539397f3cd6b70cf96
hours:0cda2927d36808907568466c,osm:node:10111546117,4,,open,540,900,0,obs:78db71539397f3cd6b70cf96
hours:311d63a99d6517341a8c6177,osm:node:10111546117,4,,open,1020,1260,0,obs:78db71539397f3cd6b70cf96
hours:e211129eaeed4ebd83fd8007,osm:node:10111546117,5,,open,540,900,0,obs:78db71539397f3cd6b70cf96
hours:9a00fce37c20d2353f38f97a,osm:node:10111546117,5,,open,1020,1260,0,obs:78db71539397f3cd6b70cf96
hours:57f64d56bc827de27b8d7860,osm:node:10111546117,6,,open,540,900,0,obs:78db71539397f3cd6b70cf96
hours:89f53bbbde303240ba6f8472,osm:node:10111546117,6,,open,1020,1260,0,obs:78db71539397f3cd6b70cf96
hours:2a5d0ba50117149768c74037,osm:node:10129864868,0,,open,600,1380,0,obs:5d6e7080dc4d817a45a8223c
hours:67ecc99b86f7d8638f4d2dd1,osm:node:10129864868,1,,open,600,1380,0,obs:5d6e7080dc4d817a45a8223c
hours:aa825b00a3640e4cf6f56765,osm:node:10129864868,2,,open,600,1380,0,obs:5d6e7080dc4d817a45a8223c
hours:7b39986f8f76413cb922cc6e,osm:node:10129864868,3,,open,600,1380,0,obs:5d6e7080dc4d817a45a8223c
hours:3199c0adf216fd591f66c1a3,osm:node:10129864868,4,,open,600,1380,0,obs:5d6e7080dc4d817a45a8223c
hours:e25a9c76b7285c0196eb906d,osm:node:10129864868,5,,open,600,1380,0,obs:5d6e7080dc4d817a45a8223c
hours:03aa3940c3f6e4d111529cc3,osm:node:10129864868,6,,open,600,1380,0,obs:5d6e7080dc4d817a45a8223c
hours:ed38cf7ade81e927dcb62b40,osm:node:10158964415,0,,open,600,1350,0,obs:c0494d1ddcbc249b064e5470
hours:c3a99e96db100a89cbb595df,osm:node:10158964415,1,,open,600,1350,0,obs:c0494d1ddcbc249b064e5470
hours:912d36e03d06bf25ea72373d,osm:node:10158964415,2,,open,600,1350,0,obs:c0494d1ddcbc249b064e5470
hours:d54a920ee0cba0b395fe7f63,osm:node:10158964415,3,,open,600,1350,0,obs:c0494d1ddcbc249b064e5470
hours:630bb365a2c07911de2cfd21,osm:node:10158964415,4,,open,600,1350,0,obs:c0494d1ddcbc249b064e5470
hours:c78ffa30b43ae0affed24627,osm:node:10158964415,5,,open,600,1350,0,obs:c0494d1ddcbc249b064e5470
hours:f972f86ae327c5394c20e4ea,osm:node:10158964415,6,,open,600,1350,0,obs:c0494d1ddcbc249b064e5470
hours:edec728f7cfea7bad373b2c2,osm:node:10179892274,0,,open,600,1320,0,obs:63826b0276a01485d836ad38
hours:2ad8540bc9617c60a3d82511,osm:node:10179892274,1,,open,600,1320,0,obs:63826b0276a01485d836ad38
hours:626bd5c7f8f38eea5d2ec364,osm:node:10179892274,2,,open,600,1320,0,obs:63826b0276a01485d836ad38
hours:71fcae5b0d2df8559f93e027,osm:node:10179892274,3,,open,600,1320,0,obs:63826b0276a01485d836ad38
hours:9c69ee1a4a2abbd16ad6e718,osm:node:10179892274,4,,open,600,1320,0,obs:63826b0276a01485d836ad38
hours:39cadf9e5fea28e0ecddb36b,osm:node:10179892274,5,,open,600,1320,0,obs:63826b0276a01485d836ad38
hours:c8f575031de650815af97d13,osm:node:10179892274,6,,open,600,1320,0,obs:63826b0276a01485d836ad38
hours:5e416c8d7aae5cce5043267a,osm:node:10213645392,0,,open,480,1320,0,obs:ee4ab501d1f50199fd54817b
hours:4f0358fe938b57c5f016f296,osm:node:10213645392,1,,open,480,1320,0,obs:ee4ab501d1f50199fd54817b
hours:65e45a729831c7bec44286a1,osm:node:10213645392,2,,open,480,1320,0,obs:ee4ab501d1f50199fd54817b
hours:a20cdff8d769ad46d28f7174,osm:node:10213645392,3,,open,480,1320,0,obs:ee4ab501d1f50199fd54817b
hours:f5c13273a952cd86c2557bd9,osm:node:10213645392,4,,open,480,1320,0,obs:ee4ab501d1f50199fd54817b
hours:3787f1f7256131969bb197a6,osm:node:10213645392,5,,open,480,1320,0,obs:ee4ab501d1f50199fd54817b
hours:870d64e33b40c2a1d76151e6,osm:node:10213645392,6,,open,480,1320,0,obs:ee4ab501d1f50199fd54817b
hours:4a57eabc86088ce08f64350f,osm:node:10213648463,0,,open,540,1260,0,obs:ae5e3fce8493af2d2cfde7b1
hours:a77fa0e712ee79108d0ce088,osm:node:10213648463,1,,open,540,1260,0,obs:ae5e3fce8493af2d2cfde7b1
hours:44db5bf64d91db952bcc6f5a,osm:node:10213648463,2,,open,540,1260,0,obs:ae5e3fce8493af2d2cfde7b1
hours:aaf5e0d0d88aedf354fd32c8,osm:node:10213648463,3,,open,540,1260,0,obs:ae5e3fce8493af2d2cfde7b1
hours:7c4b57c157453936a9eab623,osm:node:10213648463,4,,open,540,1260,0,obs:ae5e3fce8493af2d2cfde7b1
hours:40314f778db38f5df2495256,osm:node:10213648463,5,,open,540,1260,0,obs:ae5e3fce8493af2d2cfde7b1
hours:ce2d26833f227f8f1ad3b132,osm:node:10213648463,6,,open,540,1260,0,obs:ae5e3fce8493af2d2cfde7b1
hours:776e0374c6314ad756ea607f,osm:node:10213826362,0,,open,360,1320,0,obs:78d8d79ace67a3293bdf5850
hours:c7a13e779f2b7e31fab37e35,osm:node:10213826362,1,,open,360,1320,0,obs:78d8d79ace67a3293bdf5850
hours:a2835ee12fc85a740cda9bb1,osm:node:10213826362,2,,open,360,1320,0,obs:78d8d79ace67a3293bdf5850
hours:a23e31da80ab6ba37998aab5,osm:node:10213826362,3,,open,360,1320,0,obs:78d8d79ace67a3293bdf5850
hours:c696f680d18177bb3151050c,osm:node:10213826362,4,,open,360,1320,0,obs:78d8d79ace67a3293bdf5850
hours:e949e840bf171e278f55e457,osm:node:10213826362,5,,open,360,1320,0,obs:78d8d79ace67a3293bdf5850
hours:a4e04165bcb5bccd2fdb4392,osm:node:10213826362,6,,open,360,1320,0,obs:78d8d79ace67a3293bdf5850
hours:5df6bc7478c52c20da738afd,osm:node:10214404094,0,,open,0,1440,0,obs:a9363667e212751d3c322d39
hours:5c9b4594020675c046c6ecd5,osm:node:10214404094,1,,open,0,1440,0,obs:a9363667e212751d3c322d39
hours:49ee7e8d03666340402d9328,osm:node:10214404094,2,,open,0,1440,0,obs:a9363667e212751d3c322d39
hours:afa23d36861aed1e3d07bb78,osm:node:10214404094,3,,open,0,1440,0,obs:a9363667e212751d3c322d39
hours:c1219f815f9d052c5d8fa2f1,osm:node:10214404094,4,,open,0,1440,0,obs:a9363667e212751d3c322d39
hours:a9fa0d97938cd5845e564f20,osm:node:10214404094,5,,open,0,1440,0,obs:a9363667e212751d3c322d39
hours:f0fbad6383bc8a64f02966c4,osm:node:10214404094,6,,open,0,1440,0,obs:a9363667e212751d3c322d39
hours:448bce0149efef23d8ae4f0a,osm:node:10219253935,0,,open,540,1080,0,obs:41cacb10418b0851cf8c7597
hours:9457678f4815615b9ec53f80,osm:node:10219253935,1,,open,540,1080,0,obs:41cacb10418b0851cf8c7597
hours:2a9cfd4bd03d42fba8cf0eac,osm:node:10219253935,2,,open,540,1080,0,obs:41cacb10418b0851cf8c7597
hours:80187a4dec3417ce962a6dee,osm:node:10219253935,3,,open,540,1080,0,obs:41cacb10418b0851cf8c7597
hours:ad6e41ee1787365b4888e4ae,osm:node:10219253935,4,,open,540,1080,0,obs:41cacb10418b0851cf8c7597
hours:75dad829b135ac25cc1eb1aa,osm:node:10219253935,5,,open,540,1080,0,obs:41cacb10418b0851cf8c7597
hours:dfb99f97e6ea5c5c9204e2e9,osm:node:10219253940,0,,open,480,1260,0,obs:cd4da3c2191b4d4b183c16a1
hours:e1a7c4e8dd8ad58c28aa4991,osm:node:10219253940,1,,open,480,1260,0,obs:cd4da3c2191b4d4b183c16a1
hours:3b2b83d106d6ba79e2c0783e,osm:node:10219253940,2,,open,480,1260,0,obs:cd4da3c2191b4d4b183c16a1
hours:7c6600586ad8235c026e07c6,osm:node:10219253940,3,,open,480,1260,0,obs:cd4da3c2191b4d4b183c16a1
hours:9d6d4f50d93fea6b798c60d2,osm:node:10219253940,4,,open,480,1260,0,obs:cd4da3c2191b4d4b183c16a1
hours:ed75f0cfd06fbdc6c1ca2128,osm:node:10219253940,5,,open,480,1260,0,obs:cd4da3c2191b4d4b183c16a1
hours:3921b00551ce85fc0e65ef16,osm:node:10219253940,6,,open,480,1260,0,obs:cd4da3c2191b4d4b183c16a1
hours:77c70c3ae07a2c71cec82f72,osm:node:10219271549,0,,open,540,1200,0,obs:e2ae60d42457410894d952be
hours:2635cf71cd4a2613f4893b8a,osm:node:10219271549,1,,open,540,1200,0,obs:e2ae60d42457410894d952be
hours:dbba0aa5ac418aa48dcb3695,osm:node:10219271549,2,,open,540,1200,0,obs:e2ae60d42457410894d952be
hours:c5af40cc4911eca35482f585,osm:node:10219271549,3,,open,540,1200,0,obs:e2ae60d42457410894d952be
hours:29659d86e9df1cfedc357bcf,osm:node:10219271549,4,,open,540,1200,0,obs:e2ae60d42457410894d952be
hours:6fa2f95be1a54b0c0dda6a69,osm:node:10219271549,5,,open,540,1200,0,obs:e2ae60d42457410894d952be
hours:3958c8b003292c4d868474b1,osm:node:10219271553,0,,open,420,1320,0,obs:05a29f177de69a22321d1ce8
hours:db6cde2e3cab08bcd46db915,osm:node:10219271553,1,,open,420,1320,0,obs:05a29f177de69a22321d1ce8
hours:6947a09133a2faade01e446f,osm:node:10219271553,2,,open,420,1320,0,obs:05a29f177de69a22321d1ce8
hours:21ef36ad92d9234cb3cfbe25,osm:node:10219271553,3,,open,420,1320,0,obs:05a29f177de69a22321d1ce8
hours:3914e8d7a7eb0c890491e3ca,osm:node:10219271553,4,,open,420,1320,0,obs:05a29f177de69a22321d1ce8
hours:88498a07ce6b2a346df395c3,osm:node:10219271553,5,,open,420,1320,0,obs:05a29f177de69a22321d1ce8
hours:0a8a1ce494eb200c3567bdef,osm:node:10219271553,6,,open,420,1320,0,obs:05a29f177de69a22321d1ce8
hours:9ccb1f7492a1b2da6d99bec8,osm:node:10219271554,0,,open,420,1320,0,obs:680ea9949aaa900a368cc66d
hours:d634702c80174193d22b7d22,osm:node:10219271554,1,,open,420,1320,0,obs:680ea9949aaa900a368cc66d
hours:79a0911429e911f174e3e448,osm:node:10219271554,2,,open,420,1320,0,obs:680ea9949aaa900a368cc66d
hours:8e017ca6d9aca34d849c6839,osm:node:10219271554,3,,open,420,1320,0,obs:680ea9949aaa900a368cc66d
hours:c2ed30253dca8cd63e74b685,osm:node:10219271554,4,,open,420,1320,0,obs:680ea9949aaa900a368cc66d
hours:5980c2259c1e1f6866a96e44,osm:node:10219271554,5,,open,420,1320,0,obs:680ea9949aaa900a368cc66d
hours:d19e9259e16e0bf8708f1e3b,osm:node:10219271554,6,,open,420,1320,0,obs:680ea9949aaa900a368cc66d
hours:c2fa9b187658914abfdd14e8,osm:node:10220920182,0,,open,1020,720,1,obs:877cf283ac63c8314b2918f4
hours:9e33455aff13ffd3a9a1029d,osm:node:10220920182,1,,open,1020,720,1,obs:877cf283ac63c8314b2918f4
hours:9d690d028ed71478f13bfdd0,osm:node:10220920182,2,,open,1020,720,1,obs:877cf283ac63c8314b2918f4
hours:2914d1a6602e515d8324b6c3,osm:node:10220920182,3,,open,1020,720,1,obs:877cf283ac63c8314b2918f4
hours:b1e34a9c0b989b34b0a10d09,osm:node:10220920182,4,,open,1020,720,1,obs:877cf283ac63c8314b2918f4
hours:ca41593f98ff3fa5cd518c7a,osm:node:10220920182,5,,open,1020,720,1,obs:877cf283ac63c8314b2918f4
hours:380ef0e7cca35b45a3883019,osm:node:10220920182,6,,open,1020,720,1,obs:877cf283ac63c8314b2918f4
hours:8ecf772f8553136af1f2b528,osm:node:10240190081,0,,open,0,1440,0,obs:14eb651e7059867672d54f61
hours:9a90a6e01931baf33895ea96,osm:node:10240190081,1,,open,0,1440,0,obs:14eb651e7059867672d54f61
hours:6eb48f76c710da7721a0da02,osm:node:10240190081,2,,open,0,1440,0,obs:14eb651e7059867672d54f61
hours:f3cc2bb4923486bfdc1e420e,osm:node:10240190081,3,,open,0,1440,0,obs:14eb651e7059867672d54f61
hours:d9f1523fc6317651d3d41e3e,osm:node:10240190081,4,,open,0,1440,0,obs:14eb651e7059867672d54f61
hours:81b5b1281fc77625f09fbb01,osm:node:10240190081,5,,open,0,1440,0,obs:14eb651e7059867672d54f61
hours:548784bfaa7012e4f1a435c3,osm:node:10240190081,6,,open,0,1440,0,obs:14eb651e7059867672d54f61
hours:155a07a0907364df2f5980f0,osm:node:10240244240,0,,open,0,1440,0,obs:659de3a6e67aea4e0f8f0212
hours:e5883a9f1d35f1051407b348,osm:node:10240244240,1,,open,0,1440,0,obs:659de3a6e67aea4e0f8f0212
hours:6348bfcd5b99fc110fb369f2,osm:node:10240244240,2,,open,0,1440,0,obs:659de3a6e67aea4e0f8f0212
hours:5d7df0e7a636267cd763ebce,osm:node:10240244240,3,,open,0,1440,0,obs:659de3a6e67aea4e0f8f0212
hours:1483e9434a6052eac7c6de7a,osm:node:10240244240,4,,open,0,1440,0,obs:659de3a6e67aea4e0f8f0212
hours:e01365d31e3073854979356c,osm:node:10240244240,5,,open,0,1440,0,obs:659de3a6e67aea4e0f8f0212
hours:f1bd9ffe993a535fb784a0f3,osm:node:10240244240,6,,open,0,1440,0,obs:659de3a6e67aea4e0f8f0212
hours:bbcb796692eda14b24538102,osm:node:10240244241,0,,open,0,1440,0,obs:eb62757032b09a4152bb3f1a
hours:f899cb28e1a768d02fda7b35,osm:node:10240244241,1,,open,0,1440,0,obs:eb62757032b09a4152bb3f1a
hours:5c09cd3d608ed34965ae22a3,osm:node:10240244241,2,,open,0,1440,0,obs:eb62757032b09a4152bb3f1a
hours:76d54aab9d24194b939811ae,osm:node:10240244241,3,,open,0,1440,0,obs:eb62757032b09a4152bb3f1a
hours:e6acffdb9f78234a9e3b5319,osm:node:10240244241,4,,open,0,1440,0,obs:eb62757032b09a4152bb3f1a
hours:dc1e135e647a682d212a6124,osm:node:10240244241,5,,open,0,1440,0,obs:eb62757032b09a4152bb3f1a
hours:f9c144b5f3426c9035e00a72,osm:node:10240244241,6,,open,0,1440,0,obs:eb62757032b09a4152bb3f1a
hours:bd741da164e040c905bae54d,osm:node:10240244242,0,,open,0,1440,0,obs:9a3d241d77a4657d721b484f
hours:571bbdaaf4738881aa4d6950,osm:node:10240244242,1,,open,0,1440,0,obs:9a3d241d77a4657d721b484f
hours:9e3af5edc76dc3d2aa764c74,osm:node:10240244242,2,,open,0,1440,0,obs:9a3d241d77a4657d721b484f
hours:c86f488b3cc2b55ae5c9e06f,osm:node:10240244242,3,,open,0,1440,0,obs:9a3d241d77a4657d721b484f
hours:d689a5fb3a5174ac0c3a0648,osm:node:10240244242,4,,open,0,1440,0,obs:9a3d241d77a4657d721b484f
hours:66b682a6d591567a339077db,osm:node:10240244242,5,,open,0,1440,0,obs:9a3d241d77a4657d721b484f
hours:a6e6c5400fce5e9778a8d8f0,osm:node:10240244242,6,,open,0,1440,0,obs:9a3d241d77a4657d721b484f
hours:b6391b073c5b35f6d34520a9,osm:node:10240244243,0,,open,0,1440,0,obs:a147f458a8d8058811ae6bba
hours:4147eb8d0e1f656cf2dab3e6,osm:node:10240244243,1,,open,0,1440,0,obs:a147f458a8d8058811ae6bba
hours:b92c505a05f49f8324494e5d,osm:node:10240244243,2,,open,0,1440,0,obs:a147f458a8d8058811ae6bba
hours:dac6fd6291dcfd6deb9bc9c9,osm:node:10240244243,3,,open,0,1440,0,obs:a147f458a8d8058811ae6bba
hours:743d5541b6554415635187d5,osm:node:10240244243,4,,open,0,1440,0,obs:a147f458a8d8058811ae6bba
hours:37a5debde2b0126f00bacd89,osm:node:10240244243,5,,open,0,1440,0,obs:a147f458a8d8058811ae6bba
hours:dd457c494a2e24c3993c7f00,osm:node:10240244243,6,,open,0,1440,0,obs:a147f458a8d8058811ae6bba
hours:37aeb20ea32b287ad0f7dcb4,osm:node:10240244245,0,,open,0,1440,0,obs:ecd41ce2aea3458bf3a30d35
hours:396dc23f1d5cc344c6c970f5,osm:node:10240244245,1,,open,0,1440,0,obs:ecd41ce2aea3458bf3a30d35
hours:b9c0fedbf117234d8579deb8,osm:node:10240244245,2,,open,0,1440,0,obs:ecd41ce2aea3458bf3a30d35
hours:670c97d18c573c3f325f9cd6,osm:node:10240244245,3,,open,0,1440,0,obs:ecd41ce2aea3458bf3a30d35
hours:97fee66581419155e94ff04f,osm:node:10240244245,4,,open,0,1440,0,obs:ecd41ce2aea3458bf3a30d35
hours:32b8907d8c6a6ee9314f0356,osm:node:10240244245,5,,open,0,1440,0,obs:ecd41ce2aea3458bf3a30d35
hours:43d65528543d14c246448b9d,osm:node:10240244245,6,,open,0,1440,0,obs:ecd41ce2aea3458bf3a30d35
hours:c72a956867451d4e96525cc3,osm:node:10240244248,0,,open,0,1440,0,obs:b68a2f6ba0c7417f8f385a53
hours:77fcfb4656e96c3573282f8c,osm:node:10240244248,1,,open,0,1440,0,obs:b68a2f6ba0c7417f8f385a53
hours:9d76380be8c45ed2fa2c825e,osm:node:10240244248,2,,open,0,1440,0,obs:b68a2f6ba0c7417f8f385a53
hours:aed256439cf2cbc795e4357f,osm:node:10240244248,3,,open,0,1440,0,obs:b68a2f6ba0c7417f8f385a53
hours:9ed29f3d3ab5f8c91ec0f362,osm:node:10240244248,4,,open,0,1440,0,obs:b68a2f6ba0c7417f8f385a53
hours:4bbca3051412109ec971662e,osm:node:10240244248,5,,open,0,1440,0,obs:b68a2f6ba0c7417f8f385a53
hours:ddb05032ef95e15d14772066,osm:node:10240244248,6,,open,0,1440,0,obs:b68a2f6ba0c7417f8f385a53
hours:84adf8e35654d2bf22cf307d,osm:node:10240244249,0,,open,0,1440,0,obs:8365fc3e4c5be5fd33a4fdd7
hours:d7fcd84ff0ad96f7b6c7bfb8,osm:node:10240244249,1,,open,0,1440,0,obs:8365fc3e4c5be5fd33a4fdd7
hours:fd16ea986348abc8771ca4ca,osm:node:10240244249,2,,open,0,1440,0,obs:8365fc3e4c5be5fd33a4fdd7
hours:19ea9d3bb2ccceb4bfa9d7f4,osm:node:10240244249,3,,open,0,1440,0,obs:8365fc3e4c5be5fd33a4fdd7
hours:6f9a2bfd5fce271c5846929c,osm:node:10240244249,4,,open,0,1440,0,obs:8365fc3e4c5be5fd33a4fdd7
hours:7ab58250c5547c5ffd5b122c,osm:node:10240244249,5,,open,0,1440,0,obs:8365fc3e4c5be5fd33a4fdd7
hours:44d4297dddd27885675cb584,osm:node:10240244249,6,,open,0,1440,0,obs:8365fc3e4c5be5fd33a4fdd7
hours:b6033a9991ca7571eb8784b3,osm:node:10240244251,0,,open,0,1440,0,obs:248856ce250cc5a308ad2ccc
hours:7fdb826d80122e4eda4424bc,osm:node:10240244251,1,,open,0,1440,0,obs:248856ce250cc5a308ad2ccc
hours:d5af1e3c0aec6cbf59c259b0,osm:node:10240244251,2,,open,0,1440,0,obs:248856ce250cc5a308ad2ccc
hours:ccd97fb2278bdc05b8887e8d,osm:node:10240244251,3,,open,0,1440,0,obs:248856ce250cc5a308ad2ccc
hours:83d601ad9742568833ce4bbc,osm:node:10240244251,4,,open,0,1440,0,obs:248856ce250cc5a308ad2ccc
hours:372ab641fee1da0cc10be5e8,osm:node:10240244251,5,,open,0,1440,0,obs:248856ce250cc5a308ad2ccc
hours:ac76a421cb4c189bafe2debb,osm:node:10240244251,6,,open,0,1440,0,obs:248856ce250cc5a308ad2ccc
hours:cf9679d0bc1d3bbf56751c55,osm:node:10241471509,0,,open,450,1020,0,obs:53f2e8090343ca6646ce154a
hours:a83fb9351330fd745041806c,osm:node:10241471509,1,,open,450,1020,0,obs:53f2e8090343ca6646ce154a
hours:ee0b61701d1f4cd3d93e701c,osm:node:10241471509,2,,open,450,1020,0,obs:53f2e8090343ca6646ce154a
hours:21da77f3f29d3d6fbb3fecab,osm:node:10241471509,3,,open,450,1020,0,obs:53f2e8090343ca6646ce154a
hours:afb0c3e365a514a8778625d3,osm:node:10241471509,4,,open,450,1020,0,obs:53f2e8090343ca6646ce154a
hours:e77f19eea82918f9e4f5cad3,osm:node:10241471509,5,,open,450,1020,0,obs:53f2e8090343ca6646ce154a
hours:7c1c11b9ae74112940a94595,osm:node:10241471509,6,,open,450,1020,0,obs:53f2e8090343ca6646ce154a
hours:ac2bbb55f68aff16cf505ffe,osm:node:10245908053,0,,open,480,1320,0,obs:1f3ec516b90fead67a8a175a
hours:e2506bd56168750870355bab,osm:node:10245908053,1,,open,480,1320,0,obs:1f3ec516b90fead67a8a175a
hours:f8894cc98fe49af892802de7,osm:node:10245908053,2,,open,480,1320,0,obs:1f3ec516b90fead67a8a175a
hours:4690a43bf61c7a81b088cda3,osm:node:10245908053,3,,open,480,1320,0,obs:1f3ec516b90fead67a8a175a
hours:bad3359fc96e45614ca64d8d,osm:node:10245908053,4,,open,480,1320,0,obs:1f3ec516b90fead67a8a175a
hours:f0768df5d20703ac28038b98,osm:node:10245908053,5,,open,480,1320,0,obs:1f3ec516b90fead67a8a175a
hours:ee48622fb4cbd087d84e7456,osm:node:10245908053,6,,open,480,1320,0,obs:1f3ec516b90fead67a8a175a
hours:077852532cf3b91a152a1fa8,osm:node:10247214097,0,,open,660,1380,0,obs:94e92aa297fa23d465bb707f
hours:8b25003ecfaac17476b7d377,osm:node:10247214097,1,,open,660,1380,0,obs:94e92aa297fa23d465bb707f
hours:192a328d0b6e488d85df08e1,osm:node:10247214097,2,,open,660,1380,0,obs:94e92aa297fa23d465bb707f
hours:c7b376cf1d86c54dccfa6a13,osm:node:10247214097,3,,open,660,1380,0,obs:94e92aa297fa23d465bb707f
hours:29a54415ee17342922a4cc60,osm:node:10247214097,4,,open,660,1380,0,obs:94e92aa297fa23d465bb707f
hours:b71c104c8188d1de63cedcde,osm:node:10247214097,5,,open,660,1380,0,obs:94e92aa297fa23d465bb707f
hours:1c1dc8c74cc781af85432f2b,osm:node:10247214097,6,,open,660,1380,0,obs:94e92aa297fa23d465bb707f
hours:b3b73ad8f5fd28ccf41de643,osm:node:10247214098,0,,open,540,1260,0,obs:aaf48994c46140b987712fb6
hours:24c5a5c849fb32db8994d8d4,osm:node:10247214098,1,,open,540,1260,0,obs:aaf48994c46140b987712fb6
hours:d11fa6486030f47b9a9f6868,osm:node:10247214098,2,,open,540,1260,0,obs:aaf48994c46140b987712fb6
hours:b759120b2231be091e48dd37,osm:node:10247214098,3,,open,540,1260,0,obs:aaf48994c46140b987712fb6
hours:d44ce1fafcd88ff25384138f,osm:node:10247214098,4,,open,540,1260,0,obs:aaf48994c46140b987712fb6
hours:cf7ce25b551b658cc1156218,osm:node:10247214098,5,,open,540,1260,0,obs:aaf48994c46140b987712fb6
hours:432370c55d8a0a64da9a9f82,osm:node:10247214098,6,,open,540,1260,0,obs:aaf48994c46140b987712fb6
hours:1c1547cf25189e0d598c57b8,osm:node:10247214103,0,,open,600,1320,0,obs:140efda45fb6079e80b48dfd
hours:d492d56770ae5f58a3adb892,osm:node:10247214103,1,,open,600,1320,0,obs:140efda45fb6079e80b48dfd
hours:b50ff8c578d79fbd88bb73f2,osm:node:10247214103,2,,open,600,1320,0,obs:140efda45fb6079e80b48dfd
hours:b0865a2afb47cd31b7b48b5a,osm:node:10247214103,3,,open,600,1320,0,obs:140efda45fb6079e80b48dfd
hours:f1bfb236dd1edffd3d36fc7a,osm:node:10247214103,4,,open,600,1320,0,obs:140efda45fb6079e80b48dfd
hours:f9be6c724d604ceca9994f84,osm:node:10247214103,5,,open,600,1320,0,obs:140efda45fb6079e80b48dfd
hours:5e3e845d27da7aa2296fe39f,osm:node:10247214103,6,,open,600,1320,0,obs:140efda45fb6079e80b48dfd
hours:02e90ac22510550658b4639f,osm:node:10248628290,0,,open,480,1380,0,obs:e59361ae6ed675cdec00ed9f
hours:dcd050f182dda35765d116aa,osm:node:10248628290,1,,open,480,1380,0,obs:e59361ae6ed675cdec00ed9f
hours:bbca4f82ea06b30a8c0e0be1,osm:node:10248628290,2,,open,480,1380,0,obs:e59361ae6ed675cdec00ed9f
hours:28a057868ca43c3f008aa16b,osm:node:10248628290,3,,open,480,1380,0,obs:e59361ae6ed675cdec00ed9f
hours:20942339875806e472bf4a3d,osm:node:10248628290,4,,open,480,1380,0,obs:e59361ae6ed675cdec00ed9f
hours:839df0b317a04db4bf79db84,osm:node:10248628290,5,,open,480,1380,0,obs:e59361ae6ed675cdec00ed9f
hours:c0a9573f83e17324d30a6514,osm:node:10248628290,6,,open,480,1380,0,obs:e59361ae6ed675cdec00ed9f
hours:56934f80a9eb3272ed311ba0,osm:node:10254828318,0,,open,420,1320,0,obs:75470215fbb5cf110e409e99
hours:120b9d484b4785dfaff47aca,osm:node:10254828318,1,,open,420,1320,0,obs:75470215fbb5cf110e409e99
hours:416158d70b765935471857c1,osm:node:10254828318,2,,open,420,1320,0,obs:75470215fbb5cf110e409e99
hours:be8996a04f0ab85712608784,osm:node:10254828318,3,,open,420,1320,0,obs:75470215fbb5cf110e409e99
hours:52c9da10423c2943381d018d,osm:node:10254828318,4,,open,420,1320,0,obs:75470215fbb5cf110e409e99
hours:1907e983a861371f9dbd4f8d,osm:node:10254828318,5,,open,420,1320,0,obs:75470215fbb5cf110e409e99
hours:0ff2e8f6ef6e7b43d7cc9869,osm:node:10254828318,6,,open,420,1320,0,obs:75470215fbb5cf110e409e99
hours:dba98d2e2daa625d6b1746bf,osm:node:10254828329,0,,open,420,1440,0,obs:6a289c505901bdb57eb55f7d
hours:84e7aa0cf2b7f5648b73640b,osm:node:10254828329,1,,open,420,1440,0,obs:6a289c505901bdb57eb55f7d
hours:cba0f99cd54b6d2a4dfef078,osm:node:10254828329,2,,open,420,1440,0,obs:6a289c505901bdb57eb55f7d
hours:9d7e46f7d242f2897ddb81ca,osm:node:10254828329,3,,open,420,1440,0,obs:6a289c505901bdb57eb55f7d
hours:f442e5fd56682ca0cd7af46a,osm:node:10254828329,4,,open,420,1440,0,obs:6a289c505901bdb57eb55f7d
hours:bebb5c5ff6d4373e1d634d84,osm:node:10254828329,5,,open,420,1440,0,obs:6a289c505901bdb57eb55f7d
hours:51ef8f97772a70fde491f720,osm:node:10254828329,6,,open,420,1440,0,obs:6a289c505901bdb57eb55f7d
hours:2412119e8ce8fd0ef3717625,osm:node:10255177796,0,,open,0,1440,0,obs:4d808c340f9342df8784eaf8
hours:6053ce17b3bd79e77e84e6b3,osm:node:10255177796,1,,open,0,1440,0,obs:4d808c340f9342df8784eaf8
hours:5fa63e77866d05e2a38efa05,osm:node:10255177796,2,,open,0,1440,0,obs:4d808c340f9342df8784eaf8
hours:aa77d0890287cf497a15648c,osm:node:10255177796,3,,open,0,1440,0,obs:4d808c340f9342df8784eaf8
hours:07acb40589bb601b5dd9cb42,osm:node:10255177796,4,,open,0,1440,0,obs:4d808c340f9342df8784eaf8
hours:913da702ebb2b88d1971e715,osm:node:10255177796,5,,open,0,1440,0,obs:4d808c340f9342df8784eaf8
hours:dcd23f09ba1b8a705084508c,osm:node:10255177796,6,,open,0,1440,0,obs:4d808c340f9342df8784eaf8
hours:971f58f823f7014bc3e2372d,osm:node:10255177798,0,,open,300,1380,0,obs:bf1ef64f7168a38a1bc16136
hours:004bb1770e02767b2f942708,osm:node:10255177798,1,,open,300,1380,0,obs:bf1ef64f7168a38a1bc16136
hours:1f47bab93171f668549ba4e6,osm:node:10255177798,2,,open,300,1380,0,obs:bf1ef64f7168a38a1bc16136
hours:b514c4bcd0bd4e65ed3a43c7,osm:node:10255177798,3,,open,300,1380,0,obs:bf1ef64f7168a38a1bc16136
hours:09e259d8fc3765330890e375,osm:node:10255177798,4,,open,300,1380,0,obs:bf1ef64f7168a38a1bc16136
hours:a26188fcab5fbcb088ffcfce,osm:node:10255177798,5,,open,300,1380,0,obs:bf1ef64f7168a38a1bc16136
hours:e8be26a46177709fcbfe9b03,osm:node:10255177798,6,,open,300,1380,0,obs:bf1ef64f7168a38a1bc16136
hours:f357d52d9f9eec6920e9dca2,osm:node:10255177799,0,,open,0,1440,0,obs:e98de52b90a4ec572c0c4efd
hours:b0f96945bd7a02e61b65f7fc,osm:node:10255177799,1,,open,0,1440,0,obs:e98de52b90a4ec572c0c4efd
hours:6fdd582a46ff6a28592a5743,osm:node:10255177799,2,,open,0,1440,0,obs:e98de52b90a4ec572c0c4efd
hours:cdc17631893ab8e86285928c,osm:node:10255177799,3,,open,0,1440,0,obs:e98de52b90a4ec572c0c4efd
hours:2f30ea207ab64ea3a7daf3a0,osm:node:10255177799,4,,open,0,1440,0,obs:e98de52b90a4ec572c0c4efd
hours:1ac4e2f0a3d9b638e2e89217,osm:node:10255177799,5,,open,0,1440,0,obs:e98de52b90a4ec572c0c4efd
hours:2af5956b56982bff1ef76957,osm:node:10255177799,6,,open,0,1440,0,obs:e98de52b90a4ec572c0c4efd
hours:23128c78f0f79af4cae0584f,osm:node:10255177804,0,,open,480,1380,0,obs:811ca78ab87efe86f710f497
hours:3489c45b64a290a3efeb2f32,osm:node:10255177804,1,,open,480,1380,0,obs:811ca78ab87efe86f710f497
hours:cca56c215745d7919cc34995,osm:node:10255177804,2,,open,480,1380,0,obs:811ca78ab87efe86f710f497
hours:c02fc2ff5288ced7caadd516,osm:node:10255177804,3,,open,480,1380,0,obs:811ca78ab87efe86f710f497
hours:2814d4b968d3ab1dc977b171,osm:node:10255177804,4,,open,480,1380,0,obs:811ca78ab87efe86f710f497
hours:229f01b47d251290c1f673b3,osm:node:10255177804,5,,open,480,1380,0,obs:811ca78ab87efe86f710f497
hours:70b9c9ba629b3105933e8ab8,osm:node:10255177804,6,,open,480,1380,0,obs:811ca78ab87efe86f710f497
hours:9b18ec4a8b4cfd36da8c9cec,osm:node:10255177805,0,,open,0,1440,0,obs:d8d315ad105398db0f70350e
hours:744ee70f9da1b82532a34c36,osm:node:10255177805,1,,open,0,1440,0,obs:d8d315ad105398db0f70350e
hours:cd995f04fc17d3c90ff9f66f,osm:node:10255177805,2,,open,0,1440,0,obs:d8d315ad105398db0f70350e
hours:aaf13fac10082b1bbabbc8ac,osm:node:10255177805,3,,open,0,1440,0,obs:d8d315ad105398db0f70350e
hours:2e2c63bf4d3cf9d735650b0b,osm:node:10255177805,4,,open,0,1440,0,obs:d8d315ad105398db0f70350e
hours:db039d43f2d6f7e5eaa064d4,osm:node:10255177805,5,,open,0,1440,0,obs:d8d315ad105398db0f70350e
hours:094eab9eeb16b70ff8e16fad,osm:node:10255177805,6,,open,0,1440,0,obs:d8d315ad105398db0f70350e
hours:e6c7d09cf62b44eeceb080b7,osm:node:10255192014,0,,open,480,1380,0,obs:02a8c1f535d26eba93a96540
hours:d36678e7fa12c4c7e37f5a6c,osm:node:10255192014,1,,open,480,1380,0,obs:02a8c1f535d26eba93a96540
hours:d04a79fd6825e9e44d858558,osm:node:10255192014,2,,open,480,1380,0,obs:02a8c1f535d26eba93a96540
hours:6f15f8663e33b41e769d1149,osm:node:10255192014,3,,open,480,1380,0,obs:02a8c1f535d26eba93a96540
hours:430f21ad7a739b57d4f85bc8,osm:node:10255192014,4,,open,480,1380,0,obs:02a8c1f535d26eba93a96540
hours:e8df0be082f340742c07355b,osm:node:10255192014,5,,open,480,1380,0,obs:02a8c1f535d26eba93a96540
hours:a31a1ecad4e3597cdba75b13,osm:node:10255192014,6,,open,480,1380,0,obs:02a8c1f535d26eba93a96540
hours:2364384288baa1abf75a70a9,osm:node:10255192017,0,,open,480,1080,0,obs:e2bfcf1734fe4dd2cd499e8b
hours:597659bc0d57da5c1d8c4bc9,osm:node:10255192017,1,,open,480,1080,0,obs:e2bfcf1734fe4dd2cd499e8b
hours:8a77d2e14aedf7d6c33951be,osm:node:10255192017,2,,open,480,1080,0,obs:e2bfcf1734fe4dd2cd499e8b
hours:a2dea95080df95ba5781ecec,osm:node:10255192017,3,,open,480,1080,0,obs:e2bfcf1734fe4dd2cd499e8b
hours:10e32bc959b9ac9b88cb3707,osm:node:10255192017,4,,open,480,1080,0,obs:e2bfcf1734fe4dd2cd499e8b
hours:08411be993ad68c14b2cd186,osm:node:10255192017,5,,open,480,1080,0,obs:e2bfcf1734fe4dd2cd499e8b
hours:9fd573292c3cbb0805794770,osm:node:10255708066,0,,open,390,1350,0,obs:cee3e014d5efbcf6b2cc57ad
hours:def50628121261217a116fed,osm:node:10255708066,1,,open,390,1350,0,obs:cee3e014d5efbcf6b2cc57ad
hours:18fa0350e6b5e3c1c8632468,osm:node:10255708066,2,,open,390,1350,0,obs:cee3e014d5efbcf6b2cc57ad
hours:a549d80064d49dfab68b732c,osm:node:10255708066,3,,open,390,1350,0,obs:cee3e014d5efbcf6b2cc57ad
hours:ce16d1be5d24cc974225a8ce,osm:node:10255708066,4,,open,390,1350,0,obs:cee3e014d5efbcf6b2cc57ad
hours:6d91d114867e2c7465f5f6a0,osm:node:10255708066,5,,open,390,1350,0,obs:cee3e014d5efbcf6b2cc57ad
hours:351b46fc7945386074621cfc,osm:node:10255708066,6,,open,390,1350,0,obs:cee3e014d5efbcf6b2cc57ad
hours:7c65c83982b043a5b3a09b25,osm:node:10255708067,0,,open,420,1320,0,obs:daa90cc2fde03c811a43f9b9
hours:46e9a9e0efbedbbdae812586,osm:node:10255708067,1,,open,420,1320,0,obs:daa90cc2fde03c811a43f9b9
hours:f3a039cb9be84f2dc4a25c83,osm:node:10255708067,2,,open,420,1320,0,obs:daa90cc2fde03c811a43f9b9
hours:36813fa4514933f48390824f,osm:node:10255708067,3,,open,420,1320,0,obs:daa90cc2fde03c811a43f9b9
hours:d3640c1e58a8baab365c2884,osm:node:10255708067,4,,open,420,1320,0,obs:daa90cc2fde03c811a43f9b9
hours:9b0702dbd01c051542dd0789,osm:node:10255708067,5,,open,420,1320,0,obs:daa90cc2fde03c811a43f9b9
hours:014befbbeab0c8f165e80a04,osm:node:10255708067,6,,open,420,1320,0,obs:daa90cc2fde03c811a43f9b9
hours:0328b5f250ec1c922f9c0220,osm:node:10255708075,0,,open,480,1380,0,obs:acc486bdf3a113a30c4c50d9
hours:547a87044ccac9a778c8c640,osm:node:10255708075,1,,open,480,1380,0,obs:acc486bdf3a113a30c4c50d9
hours:d69ed7235f879a09be9d91e5,osm:node:10255708075,2,,open,480,1380,0,obs:acc486bdf3a113a30c4c50d9
hours:59c68ea4cc1f9f91687d1f1b,osm:node:10255708075,3,,open,480,1380,0,obs:acc486bdf3a113a30c4c50d9
hours:7ed7cd4bb7ad452d73c31b58,osm:node:10255708075,4,,open,480,1380,0,obs:acc486bdf3a113a30c4c50d9
hours:411b995d7432e668be9804d6,osm:node:10255708075,5,,open,480,1380,0,obs:acc486bdf3a113a30c4c50d9
hours:fcf3c74f530dea68a325ca2c,osm:node:10255708075,6,,open,480,1380,0,obs:acc486bdf3a113a30c4c50d9
hours:50cc7e94d44d0a86056c9fbd,osm:node:10255708076,0,,open,420,1320,0,obs:3d99b7c6d18b5e08ae179499
hours:43bcd19a36fc3849b40339c4,osm:node:10255708076,1,,open,420,1320,0,obs:3d99b7c6d18b5e08ae179499
hours:1dac8162c81b732a5f068fe5,osm:node:10255708076,2,,open,420,1320,0,obs:3d99b7c6d18b5e08ae179499
hours:1a3ad9e9f3d1d360d7833aff,osm:node:10255708076,3,,open,420,1320,0,obs:3d99b7c6d18b5e08ae179499
hours:faa5bb822f57fffa64856424,osm:node:10255708076,4,,open,420,1320,0,obs:3d99b7c6d18b5e08ae179499
hours:0bb39fea6523ac0d573ba120,osm:node:10255708076,5,,open,420,1320,0,obs:3d99b7c6d18b5e08ae179499
hours:0b0f4af51f96fa42acca02bb,osm:node:10255708076,6,,open,420,1320,0,obs:3d99b7c6d18b5e08ae179499
hours:a024b68ab16eaac6e4133288,osm:node:10255708077,0,,open,450,1350,0,obs:e144155aa2d17141bac27248
hours:887aefa277bc2c96da904f63,osm:node:10255708077,1,,open,450,1350,0,obs:e144155aa2d17141bac27248
hours:36e952848d0c0e65e08d427f,osm:node:10255708077,2,,open,450,1350,0,obs:e144155aa2d17141bac27248
hours:cf4e55b59436c1d9c1670ca1,osm:node:10255708077,3,,open,450,1350,0,obs:e144155aa2d17141bac27248
hours:be9a0fe7fa65a5872a452213,osm:node:10255708077,4,,open,450,1350,0,obs:e144155aa2d17141bac27248
hours:87468cf61c2e7c3ebda4b5fd,osm:node:10255708077,5,,open,450,1350,0,obs:e144155aa2d17141bac27248
hours:aa91ef794249572e93c1065c,osm:node:10255708077,6,,open,450,1350,0,obs:e144155aa2d17141bac27248
hours:0e5a96f85fccc0502fd64aed,osm:node:10255708080,0,,open,0,1440,0,obs:79ba0f928f242542784d949a
hours:b86d5867db0512f4a83c4c6f,osm:node:10255708080,1,,open,0,1440,0,obs:79ba0f928f242542784d949a
hours:0b57e116de74f8dbf251940b,osm:node:10255708080,2,,open,0,1440,0,obs:79ba0f928f242542784d949a
hours:d9dd96719a3e006de471a3f0,osm:node:10255708080,3,,open,0,1440,0,obs:79ba0f928f242542784d949a
hours:b0590f008d8664da3aaa0f47,osm:node:10255708080,4,,open,0,1440,0,obs:79ba0f928f242542784d949a
hours:d7c43f83413ec48a8f7d691c,osm:node:10255708080,5,,open,0,1440,0,obs:79ba0f928f242542784d949a
hours:787bb637d9c079cc1d5a06e4,osm:node:10255708080,6,,open,0,1440,0,obs:79ba0f928f242542784d949a
hours:2afece7d42a4544a88b79703,osm:node:10255708081,0,,open,480,1320,0,obs:7be36df0f9deb24709ca52cd
hours:8e489b1082794e45e5dd0f3b,osm:node:10255708081,1,,open,480,1320,0,obs:7be36df0f9deb24709ca52cd
hours:23aecdc07192ff1f977f5b61,osm:node:10255708081,2,,open,480,1320,0,obs:7be36df0f9deb24709ca52cd
hours:76115e17a4b13d4875584eeb,osm:node:10255708081,3,,open,480,1320,0,obs:7be36df0f9deb24709ca52cd
hours:61447a956df1c363d98492fc,osm:node:10255708081,4,,open,480,1320,0,obs:7be36df0f9deb24709ca52cd
hours:f5044aa252efeb32fec1369e,osm:node:10255708081,5,,open,480,1320,0,obs:7be36df0f9deb24709ca52cd
hours:2d6e146da897490ad399cbca,osm:node:10255708081,6,,open,480,1320,0,obs:7be36df0f9deb24709ca52cd
hours:3ceadb4b74f91e609ea1a66d,osm:node:10255708084,0,,open,480,1380,0,obs:6bc630abaa0fa5c9be0280e4
hours:6ae262347aee73cbb0e171f8,osm:node:10255708084,1,,open,480,1380,0,obs:6bc630abaa0fa5c9be0280e4
hours:5488f54a35e15fc4474036f2,osm:node:10255708084,2,,open,480,1380,0,obs:6bc630abaa0fa5c9be0280e4
hours:e0e74a47d1cec6776ecafc82,osm:node:10255708084,3,,open,480,1380,0,obs:6bc630abaa0fa5c9be0280e4
hours:3091a9df704ed5884a3b8063,osm:node:10255708084,4,,open,480,1380,0,obs:6bc630abaa0fa5c9be0280e4
hours:90ce9312d8ae1d5416b47d8a,osm:node:10255708084,5,,open,480,1380,0,obs:6bc630abaa0fa5c9be0280e4
hours:2a0b61ae219627a2ae9fbc50,osm:node:10255708084,6,,open,480,1380,0,obs:6bc630abaa0fa5c9be0280e4
hours:08e9cfeca863814b3e9e6e92,osm:node:10255708088,0,,open,480,1320,0,obs:14f9f7568f11dc366074851b
hours:6e24f16cff0bbdf23553b25e,osm:node:10255708088,1,,open,480,1320,0,obs:14f9f7568f11dc366074851b
hours:9ab9c5ea9aac14f2d7878262,osm:node:10255708088,2,,open,480,1320,0,obs:14f9f7568f11dc366074851b
hours:386d00c0d6937ebd80d440d4,osm:node:10255708088,3,,open,480,1320,0,obs:14f9f7568f11dc366074851b
hours:1f97678f08e0968ec6849103,osm:node:10255708088,4,,open,480,1320,0,obs:14f9f7568f11dc366074851b
hours:986ece0a40488ef72a4b1dcb,osm:node:10255708088,5,,open,480,1320,0,obs:14f9f7568f11dc366074851b
hours:23be9c67c58ba1330c4098c3,osm:node:10255708088,6,,open,480,1320,0,obs:14f9f7568f11dc366074851b
hours:5667fb532dab70d2e1a31bae,osm:node:10255708092,0,,open,540,1260,0,obs:df672d0068757734599e4251
hours:207a8066a1daa884b36bde6b,osm:node:10255708092,1,,open,540,1260,0,obs:df672d0068757734599e4251
hours:2419b1ced4e0ac7876655f34,osm:node:10255708092,2,,open,540,1260,0,obs:df672d0068757734599e4251
hours:dd722d12fb963b087b578c02,osm:node:10255708092,3,,open,540,1260,0,obs:df672d0068757734599e4251
hours:37d58650817336fc183a978c,osm:node:10255708092,4,,open,540,1260,0,obs:df672d0068757734599e4251
hours:327bbe96e80b10346d723412,osm:node:10255708092,5,,open,540,1260,0,obs:df672d0068757734599e4251
hours:e0455a1894d67f25485e6a5a,osm:node:10255708092,6,,open,540,1260,0,obs:df672d0068757734599e4251
hours:68c570cdd472895747bb06e2,osm:node:10257020068,0,,open,0,1440,0,obs:05d3f8f316574602791dfb84
hours:8a1d2f86e38cac6af35799a6,osm:node:10257020068,1,,open,0,1440,0,obs:05d3f8f316574602791dfb84
hours:114101353182873ebc87b340,osm:node:10257020068,2,,open,0,1440,0,obs:05d3f8f316574602791dfb84
hours:d621ea02966d1fb25936e869,osm:node:10257020068,3,,open,0,1440,0,obs:05d3f8f316574602791dfb84
hours:d91f7dfb305b0e66672d65c0,osm:node:10257020068,4,,open,0,1440,0,obs:05d3f8f316574602791dfb84
hours:2c53f0b490d5557e56b3f88a,osm:node:10257020068,5,,open,0,1440,0,obs:05d3f8f316574602791dfb84
hours:14d1906bd6624dfb3cc893ae,osm:node:10257020068,6,,open,0,1440,0,obs:05d3f8f316574602791dfb84
hours:60fae48ff465768768d26699,osm:node:10257020069,0,,open,480,120,1,obs:527912953ecd9571694cd038
hours:7c0f5d89ea23866f4a3ee1aa,osm:node:10257020069,1,,open,480,120,1,obs:527912953ecd9571694cd038
hours:e2a3728f468eae0eb9a67337,osm:node:10257020069,2,,open,480,120,1,obs:527912953ecd9571694cd038
hours:d75224302f35b6853d7ed36d,osm:node:10257020069,3,,open,480,120,1,obs:527912953ecd9571694cd038
hours:1c930bd1656c1b0be15acda7,osm:node:10257020069,4,,open,480,120,1,obs:527912953ecd9571694cd038
hours:0922e2c2e06ff6372bc3e135,osm:node:10257020069,5,,open,480,120,1,obs:527912953ecd9571694cd038
hours:230f11cfc452d42e67fc0141,osm:node:10257020069,6,,open,480,120,1,obs:527912953ecd9571694cd038
hours:22dd68345c4dba3a2994b9ee,osm:node:10257020088,0,,open,480,1320,0,obs:112000a0710d9d5f22383983
hours:86a162ca116976b18ea270cb,osm:node:10257020088,1,,open,480,1320,0,obs:112000a0710d9d5f22383983
hours:9de671b5ffd949814963ca33,osm:node:10257020088,2,,open,480,1320,0,obs:112000a0710d9d5f22383983
hours:691d801a272e4edc678e60cc,osm:node:10257020088,3,,open,480,1320,0,obs:112000a0710d9d5f22383983
hours:5e52b8c7e0d4ec74953d4841,osm:node:10257020088,4,,open,480,1320,0,obs:112000a0710d9d5f22383983
hours:94baeab7c785c78eb3eec430,osm:node:10257020088,5,,open,480,1320,0,obs:112000a0710d9d5f22383983
hours:a068284f9a7d379b86cf87c5,osm:node:10257020088,6,,open,480,1320,0,obs:112000a0710d9d5f22383983
hours:c8c1e8af8a9ba279ea35eefd,osm:node:10257020089,0,,open,480,1380,0,obs:ba80cb6bc2e11e78b518f15d
hours:b0048f53d30f2e28d8fdc134,osm:node:10257020089,1,,open,480,1380,0,obs:ba80cb6bc2e11e78b518f15d
hours:1e23f2b23e059c406edc6172,osm:node:10257020089,2,,open,480,1380,0,obs:ba80cb6bc2e11e78b518f15d
hours:7391ded4e5f48ee1d554b8d3,osm:node:10257020089,3,,open,480,1380,0,obs:ba80cb6bc2e11e78b518f15d
hours:eb659b1d4b1d7c1d65a71b50,osm:node:10257020089,4,,open,480,1380,0,obs:ba80cb6bc2e11e78b518f15d
hours:301dd5a742f8101a3dbb6f4c,osm:node:10257020089,5,,open,480,1380,0,obs:ba80cb6bc2e11e78b518f15d
hours:585416b3e848bb405c066667,osm:node:10257020089,6,,open,480,1380,0,obs:ba80cb6bc2e11e78b518f15d
hours:c8c4c6b939188fcb4f4639a5,osm:node:10257020097,0,,open,480,1380,0,obs:37d6ea382be173153ebb367f
hours:eeb083c80011363e7998604a,osm:node:10257020097,1,,open,480,1380,0,obs:37d6ea382be173153ebb367f
hours:a4c07cbcdf6464e974077abf,osm:node:10257020097,2,,open,480,1380,0,obs:37d6ea382be173153ebb367f
hours:55a50b9ec98a5f43e95a14be,osm:node:10257020097,3,,open,480,1380,0,obs:37d6ea382be173153ebb367f
hours:030f174b8d8c2f7d7c62d124,osm:node:10257020097,4,,open,480,1380,0,obs:37d6ea382be173153ebb367f
hours:095a427802eea6db677a45cc,osm:node:10257020097,5,,open,480,1380,0,obs:37d6ea382be173153ebb367f
hours:45d6888061bae91c3042b9d2,osm:node:10257020097,6,,open,480,1380,0,obs:37d6ea382be173153ebb367f
hours:b6179b9d2b45fcd57b3a954c,osm:node:10257020099,0,,open,0,1440,0,obs:05a036fe3c7f8ec41917f5d4
hours:36388ebd395f43b3ec9bf337,osm:node:10257020099,1,,open,0,1440,0,obs:05a036fe3c7f8ec41917f5d4
hours:cc51ffcb91761306777ce924,osm:node:10257020099,2,,open,0,1440,0,obs:05a036fe3c7f8ec41917f5d4
hours:d0be60656a63e29203f4abb9,osm:node:10257020099,3,,open,0,1440,0,obs:05a036fe3c7f8ec41917f5d4
hours:81584205a2c31797247bdc9d,osm:node:10257020099,4,,open,0,1440,0,obs:05a036fe3c7f8ec41917f5d4
hours:dd8283081457a0f3a834e28f,osm:node:10257020099,5,,open,0,1440,0,obs:05a036fe3c7f8ec41917f5d4
hours:bfbebf4c2d9e27ef475182de,osm:node:10257020099,6,,open,0,1440,0,obs:05a036fe3c7f8ec41917f5d4
hours:23d33be43683a3b198527eb5,osm:node:10258564244,0,,open,900,1380,0,obs:6e04f2f37b13abeedc979769
hours:3c595e5a241f64c481185d4f,osm:node:10258564244,1,,open,900,1380,0,obs:6e04f2f37b13abeedc979769
hours:b3e018ef498fea4a75a0bfc2,osm:node:10258564244,2,,open,900,1380,0,obs:6e04f2f37b13abeedc979769
hours:8f77a9abd0eb78a115a2d3ce,osm:node:10258564244,3,,open,900,1380,0,obs:6e04f2f37b13abeedc979769
hours:c16fa8a6136ec687284fb6cb,osm:node:10258564244,4,,open,900,1380,0,obs:6e04f2f37b13abeedc979769
hours:baeaf451a6c6ef20d2c212c6,osm:node:10258564244,5,,open,900,1380,0,obs:6e04f2f37b13abeedc979769
hours:73132f960d3d325b2673ca5d,osm:node:10258564244,6,,open,900,1380,0,obs:6e04f2f37b13abeedc979769
hours:c123599fb289d36c3784dc06,osm:node:10258564247,0,,open,900,1380,0,obs:37661a2d43a1b8159355572d
hours:3562ee2a05e16e7e9766a010,osm:node:10258564247,1,,open,900,1380,0,obs:37661a2d43a1b8159355572d
hours:bfcc71c4a5a20d7125c7611f,osm:node:10258564247,2,,open,900,1380,0,obs:37661a2d43a1b8159355572d
hours:774540908ea1ebf4181056f0,osm:node:10258564247,3,,open,900,1380,0,obs:37661a2d43a1b8159355572d
hours:68c3f3134095f8c4f63439b8,osm:node:10258564247,4,,open,900,1380,0,obs:37661a2d43a1b8159355572d
hours:713eee9fb83516e6443f0b47,osm:node:10258564247,5,,open,900,1380,0,obs:37661a2d43a1b8159355572d
hours:44605b936b735768edd34dd2,osm:node:10258564247,6,,open,900,1380,0,obs:37661a2d43a1b8159355572d
hours:2a5d18d0d4912dc1529adaf0,osm:node:10258564248,0,,open,900,1380,0,obs:6b3512aaa07225ad7a942963
hours:34db4060b3ef6458fc10c8cb,osm:node:10258564248,1,,open,900,1380,0,obs:6b3512aaa07225ad7a942963
hours:d3358f2b68746a1559b9d82e,osm:node:10258564248,2,,open,900,1380,0,obs:6b3512aaa07225ad7a942963
hours:5fad520100048f55b8e8f8a6,osm:node:10258564248,3,,open,900,1380,0,obs:6b3512aaa07225ad7a942963
hours:2bd4affe6df39927b9bd2fe2,osm:node:10258564248,4,,open,900,1380,0,obs:6b3512aaa07225ad7a942963
hours:bccd10a1d6a73d654aff0415,osm:node:10258564248,5,,open,900,1380,0,obs:6b3512aaa07225ad7a942963
hours:171c10dd2e69cde0a82e101a,osm:node:10258564248,6,,open,900,1380,0,obs:6b3512aaa07225ad7a942963
hours:449c8261eac2b2df02d8ec72,osm:node:10262857805,0,,open,600,1320,0,obs:d591e0cdd911a043fa57eb3b
hours:df0297162f1c89e8dc1f73b0,osm:node:10262857805,1,,open,600,1320,0,obs:d591e0cdd911a043fa57eb3b
hours:5d4820622ab659b5f3e03ae5,osm:node:10262857805,2,,open,600,1320,0,obs:d591e0cdd911a043fa57eb3b
hours:870c86e038a21d80571d4c47,osm:node:10262857805,3,,open,600,1320,0,obs:d591e0cdd911a043fa57eb3b
hours:e4e616e7c700114b477ebbdb,osm:node:10262857805,4,,open,600,1320,0,obs:d591e0cdd911a043fa57eb3b
hours:20148ba5c7740a4cf5b7f568,osm:node:10262857805,5,,open,600,1320,0,obs:d591e0cdd911a043fa57eb3b
hours:2417d54c441827489b07f5c1,osm:node:10262857805,6,,open,600,1320,0,obs:d591e0cdd911a043fa57eb3b
hours:c9e1c9b90800c357030809f9,osm:node:10262857806,0,,open,540,1380,0,obs:9b7eb55591ebc64bb026de96
hours:7cb44310d0d782c34686977b,osm:node:10262857806,1,,open,540,1380,0,obs:9b7eb55591ebc64bb026de96
hours:ae78f9578934918218097013,osm:node:10262857806,2,,open,540,1380,0,obs:9b7eb55591ebc64bb026de96
hours:7a52d49107963ef5cfe21431,osm:node:10262857806,3,,open,540,1380,0,obs:9b7eb55591ebc64bb026de96
hours:81bc2545bee818b1c7bbadef,osm:node:10262857806,4,,open,540,1380,0,obs:9b7eb55591ebc64bb026de96
hours:ee1ae0c4863b2af55a857d75,osm:node:10262857806,5,,open,540,1380,0,obs:9b7eb55591ebc64bb026de96
hours:2bc54f10fe2aa9036ce4f591,osm:node:10262857806,6,,open,540,1380,0,obs:9b7eb55591ebc64bb026de96
hours:c6bcefe80a699c1145293485,osm:node:10262857807,0,,open,360,1320,0,obs:817adbd85fca3b85de791ae9
hours:981de892d2bc2a475d2a152e,osm:node:10262857807,1,,open,360,1320,0,obs:817adbd85fca3b85de791ae9
hours:ae4dafb12aaea30e70adb8cf,osm:node:10262857807,2,,open,360,1320,0,obs:817adbd85fca3b85de791ae9
hours:4f30077c4eb1d1a6449fb86c,osm:node:10262857807,3,,open,360,1320,0,obs:817adbd85fca3b85de791ae9
hours:0ba5af1db0b2651bdc0a056a,osm:node:10262857807,4,,open,360,1320,0,obs:817adbd85fca3b85de791ae9
hours:bc99729a2645d8470be9cb3d,osm:node:10262857807,5,,open,360,1320,0,obs:817adbd85fca3b85de791ae9
hours:6979ee6f10858fed58063407,osm:node:10262857807,6,,open,360,1320,0,obs:817adbd85fca3b85de791ae9
hours:66b36f85f7509c5d0cbafb4f,osm:node:10262933709,0,,open,480,1320,0,obs:fdae46e1bf455bd69e457f33
hours:86f1494df6e6114cb06f1c04,osm:node:10262933709,1,,open,480,1320,0,obs:fdae46e1bf455bd69e457f33
hours:78f1a4d1ff680afe3226b31b,osm:node:10262933709,2,,open,480,1320,0,obs:fdae46e1bf455bd69e457f33
hours:23d8ee433abe667352245b50,osm:node:10262933709,3,,open,480,1320,0,obs:fdae46e1bf455bd69e457f33
hours:92a35217fdf7dcfa523e65d7,osm:node:10262933709,4,,open,480,1320,0,obs:fdae46e1bf455bd69e457f33
hours:bcc1cbc9ebab10e41bbbae42,osm:node:10262933709,5,,open,480,1320,0,obs:fdae46e1bf455bd69e457f33
hours:a5f0ac4a83aed44500ca3edd,osm:node:10262933709,6,,open,480,1320,0,obs:fdae46e1bf455bd69e457f33
hours:483d884054e52d376c2dcde5,osm:node:10262933710,0,,open,660,1380,0,obs:65c0e98313961512e86e404a
hours:375bc6148c27bcfddb899f93,osm:node:10262933710,1,,open,660,1380,0,obs:65c0e98313961512e86e404a
hours:f524ceec85e59da1105e4303,osm:node:10262933710,2,,open,660,1380,0,obs:65c0e98313961512e86e404a
hours:df9441bfbf59340424a81d53,osm:node:10262933710,3,,open,660,1380,0,obs:65c0e98313961512e86e404a
hours:95edbb074af06b43ebfa7839,osm:node:10262933710,4,,open,660,1380,0,obs:65c0e98313961512e86e404a
hours:8ccdd41e2a7aec28620e666b,osm:node:10262933710,5,,open,660,1380,0,obs:65c0e98313961512e86e404a
hours:d5199c23b7e281a5cb609eca,osm:node:10262933710,6,,open,660,1380,0,obs:65c0e98313961512e86e404a
hours:01dd6a6e29a07425d9b63a80,osm:node:10269656431,0,,open,420,1230,0,obs:2cebe8ac2331d1ff814b316e
hours:b33a225cc585f48e42ec3c61,osm:node:10269656431,1,,open,420,1230,0,obs:2cebe8ac2331d1ff814b316e
hours:d549768d8743fdebcf5abfa4,osm:node:10269656431,2,,open,420,1230,0,obs:2cebe8ac2331d1ff814b316e
hours:889fd1a608ca4ce492aae149,osm:node:10269656431,3,,open,420,1230,0,obs:2cebe8ac2331d1ff814b316e
hours:7355b9fad37d4bb0412a23cf,osm:node:10269656431,4,,open,420,1230,0,obs:2cebe8ac2331d1ff814b316e
hours:78f5bf5bfa65376278d59761,osm:node:10269656431,5,,open,420,1230,0,obs:2cebe8ac2331d1ff814b316e
hours:e6e9355b53968af3759c662a,osm:node:10269656431,6,,open,420,1230,0,obs:2cebe8ac2331d1ff814b316e
hours:693d57c7bbee444f390c9cb3,osm:node:10269656432,0,,open,420,1380,0,obs:80032174f5175da332803ec5
hours:4efdf9814a1a4ed084f1244f,osm:node:10269656432,1,,open,420,1380,0,obs:80032174f5175da332803ec5
hours:21804b829288df61a1dd1604,osm:node:10269656432,2,,open,420,1380,0,obs:80032174f5175da332803ec5
hours:e287da73b10aa807b4a7ddb2,osm:node:10269656432,3,,open,420,1380,0,obs:80032174f5175da332803ec5
hours:00ab02621121512599b12b00,osm:node:10269656432,4,,open,420,1380,0,obs:80032174f5175da332803ec5
hours:2b3c4041e5860ef44b542ff0,osm:node:10269656432,5,,open,420,1380,0,obs:80032174f5175da332803ec5
hours:8a04f46ca8c6676b58867d9b,osm:node:10269656432,6,,open,420,1380,0,obs:80032174f5175da332803ec5
hours:5d457804373d09101abb5a32,osm:node:10269656433,0,,open,420,1020,0,obs:410046b644c18a148c60667c
hours:31fb53214d3de816c9b1a218,osm:node:10269656433,1,,open,420,1020,0,obs:410046b644c18a148c60667c
hours:2a383f8a24e03c814bee509b,osm:node:10269656433,2,,open,420,1020,0,obs:410046b644c18a148c60667c
hours:1f90d00685688dc68dd5d1b2,osm:node:10269656433,3,,open,420,1020,0,obs:410046b644c18a148c60667c
hours:7b1126b45b3c6d1d3c44dab1,osm:node:10269656433,4,,open,420,1020,0,obs:410046b644c18a148c60667c
hours:235e6b0ec811f8e1caa37647,osm:node:10279544609,0,,open,360,1140,0,obs:4171492c1f19fd20c0cc2b29
hours:213324bd9833663b12dc57b7,osm:node:10279544609,1,,open,360,1140,0,obs:4171492c1f19fd20c0cc2b29
hours:b47748cedc6a003073413dc1,osm:node:10279544609,2,,open,360,1140,0,obs:4171492c1f19fd20c0cc2b29
hours:73961273bd28ab3b2538c4ad,osm:node:10279544609,3,,open,360,1140,0,obs:4171492c1f19fd20c0cc2b29
hours:0fc959a4906bcf8e9aecc38f,osm:node:10279544609,4,,open,360,1140,0,obs:4171492c1f19fd20c0cc2b29
hours:94e6e63d4b2c80200ee1d14f,osm:node:10279544609,5,,open,360,1140,0,obs:4171492c1f19fd20c0cc2b29
hours:e1accc50edc9f3c635f3c98a,osm:node:10279544609,6,,open,360,1140,0,obs:4171492c1f19fd20c0cc2b29
hours:1949d60a9ddece73cf115c19,osm:node:10304029313,0,,open,450,1260,0,obs:7acfa556352c0071d20235b9
hours:2eac0ab1409c2eb0c9b005a3,osm:node:10304029313,1,,open,450,1260,0,obs:7acfa556352c0071d20235b9
hours:91a6949adec67c760a29a870,osm:node:10304029313,2,,open,450,1260,0,obs:7acfa556352c0071d20235b9
hours:9c74ae27ae1ec8bf724ae0f6,osm:node:10304029313,3,,open,450,1260,0,obs:7acfa556352c0071d20235b9
hours:2e863972f4bdb8137ec68be6,osm:node:10304029313,4,,open,450,1260,0,obs:7acfa556352c0071d20235b9
hours:2dddeac3638f7d8c1f54b862,osm:node:10304029313,5,,open,450,1260,0,obs:7acfa556352c0071d20235b9
hours:36a8a2b89585627364e58350,osm:node:10304029313,6,,open,450,1260,0,obs:7acfa556352c0071d20235b9
hours:934cacc2b6869dc053a5c537,osm:node:10304585640,0,,open,540,1020,0,obs:4c450f126778ee385b53e41b
hours:20b6f9d12107178df7a21c2e,osm:node:10304585640,1,,open,540,1020,0,obs:4c450f126778ee385b53e41b
hours:c919b40151505116fccd6929,osm:node:10304585640,2,,open,540,1020,0,obs:4c450f126778ee385b53e41b
hours:d675ec5f47f9a54f46ef540a,osm:node:10304585640,3,,open,540,1020,0,obs:4c450f126778ee385b53e41b
hours:1b362373dd5cac7616de4768,osm:node:10304585640,4,,open,540,1020,0,obs:4c450f126778ee385b53e41b
hours:ff87b6d419c9a18697aad63a,osm:node:10304585640,5,,open,540,1020,0,obs:4c450f126778ee385b53e41b
hours:9f23d5765877734733d2c919,osm:node:10304585640,6,,open,540,1020,0,obs:4c450f126778ee385b53e41b
hours:2ece10183de6593372afe07a,osm:node:10310109109,0,,open,480,1290,0,obs:b97054e715fa3b1ccd1832b6
hours:1e158272930babfe155bde85,osm:node:10310109109,1,,open,480,1290,0,obs:b97054e715fa3b1ccd1832b6
hours:4e289747f669bb6ac5541ba6,osm:node:10310109109,2,,open,480,1290,0,obs:b97054e715fa3b1ccd1832b6
hours:8e59922d0a99daf4bc6f1d9a,osm:node:10310109109,3,,open,480,1290,0,obs:b97054e715fa3b1ccd1832b6
hours:55bf5ea42d01bd47adefd157,osm:node:10310109109,4,,open,480,1290,0,obs:b97054e715fa3b1ccd1832b6
hours:dac1d9e76957584dabb566ec,osm:node:10310109109,5,,open,480,1290,0,obs:b97054e715fa3b1ccd1832b6
hours:d85bdd6ff92520be12c64f72,osm:node:10310109109,6,,open,480,1290,0,obs:b97054e715fa3b1ccd1832b6
hours:1bc2bb75acba0486a612f601,osm:node:10312895500,0,,open,660,1320,0,obs:24739c501dd1955f0d1a2a46
hours:8f6e661f289412c741c49cef,osm:node:10312895500,1,,open,660,1320,0,obs:24739c501dd1955f0d1a2a46
hours:1bcafa636eb5ec03afb93d48,osm:node:10312895500,2,,open,660,1320,0,obs:24739c501dd1955f0d1a2a46
hours:b0ed3989040120cc4d488604,osm:node:10312895500,3,,open,660,1320,0,obs:24739c501dd1955f0d1a2a46
hours:8aa7a1441e77b9853ca8132d,osm:node:10312895500,4,,open,660,1320,0,obs:24739c501dd1955f0d1a2a46
hours:9522611f3d39f43e503fc3ab,osm:node:10312895500,5,,open,660,1320,0,obs:24739c501dd1955f0d1a2a46
hours:a40be4b1d7693903408e80c8,osm:node:10312895500,6,,open,660,1320,0,obs:24739c501dd1955f0d1a2a46
hours:51b4c8dea4eaace4cc0566fe,osm:node:10312969476,0,,open,390,1320,0,obs:77121ffde7fef1fbfc7da9d1
hours:7c656a163902bf15c6e26b18,osm:node:10312969476,1,,open,390,1320,0,obs:77121ffde7fef1fbfc7da9d1
hours:be4a5d7af609e6eeaca6a2dc,osm:node:10312969476,2,,open,390,1320,0,obs:77121ffde7fef1fbfc7da9d1
hours:7ffd179c556230f9b31ff545,osm:node:10312969476,3,,open,390,1320,0,obs:77121ffde7fef1fbfc7da9d1
hours:4e04d2c54e306f92d85cbbc6,osm:node:10312969476,4,,open,390,1320,0,obs:77121ffde7fef1fbfc7da9d1
hours:b55b9f9ad48b9b6c12531cd0,osm:node:10312969476,5,,open,390,1320,0,obs:77121ffde7fef1fbfc7da9d1
hours:e5468ed39fd33b8f3b019bb5,osm:node:10312969476,6,,open,390,1320,0,obs:77121ffde7fef1fbfc7da9d1
hours:b8acdb7a73fc28a2f7712a58,osm:node:10537046604,0,,open,1200,180,1,obs:e8733b1e8fe6ec804453a303
hours:45bb5d550be2fab6e44f71c1,osm:node:10537046604,1,,open,1200,180,1,obs:e8733b1e8fe6ec804453a303
hours:06b559ceb2f9d27b4241234f,osm:node:10537046604,2,,open,1200,180,1,obs:e8733b1e8fe6ec804453a303
hours:766c71020edc0cac23441994,osm:node:10537046604,3,,open,1200,180,1,obs:e8733b1e8fe6ec804453a303
hours:c36b5c08dc37c7f411f51e00,osm:node:10537046604,4,,open,1200,180,1,obs:e8733b1e8fe6ec804453a303
hours:b8d75406792d995025010e12,osm:node:10537046604,5,,open,1200,180,1,obs:e8733b1e8fe6ec804453a303
hours:b7e8a440751d154886534a71,osm:node:10537046604,6,,open,1200,180,1,obs:e8733b1e8fe6ec804453a303
hours:7f191623c74671613eb04c8a,osm:node:10601191015,0,,open,420,1320,0,obs:2dbe81b4651e4fded89da1a1
hours:e64204c09c5dd77785eaf4a8,osm:node:10601191015,1,,open,420,1320,0,obs:2dbe81b4651e4fded89da1a1
hours:350c7639c619ec9868f3596b,osm:node:10601191015,2,,open,420,1320,0,obs:2dbe81b4651e4fded89da1a1
hours:852417fa5e04f166b3ab8b60,osm:node:10601191015,3,,open,420,1320,0,obs:2dbe81b4651e4fded89da1a1
hours:17dfdfaccb36c2e22dd4e47c,osm:node:10601191015,4,,open,420,1320,0,obs:2dbe81b4651e4fded89da1a1
hours:207ab917e201e2e6be79d34f,osm:node:10601191015,5,,open,420,1320,0,obs:2dbe81b4651e4fded89da1a1
hours:3d3b09892d2c2e3205d403dd,osm:node:10601191015,6,,open,420,1320,0,obs:2dbe81b4651e4fded89da1a1
hours:165c8bea4060cb0f87c2604f,osm:node:10603243286,0,,closed,,,0,obs:65d7670327eba8c654079118
hours:38a4c49ecdb5821d2f64a50b,osm:node:10603243286,1,,open,420,1140,0,obs:65d7670327eba8c654079118
hours:6ce4338bedba3024a9edfc24,osm:node:10603243286,2,,open,420,1140,0,obs:65d7670327eba8c654079118
hours:511b3549ce2cdad60391ee64,osm:node:10603243286,3,,open,420,1140,0,obs:65d7670327eba8c654079118
hours:89bc4d5a3342a884efb1d454,osm:node:10603243286,4,,open,420,1140,0,obs:65d7670327eba8c654079118
hours:7e97af6618d9805c7efa122e,osm:node:10603243286,5,,open,420,1140,0,obs:65d7670327eba8c654079118
hours:243f6227b38e91fb4e6e7ecb,osm:node:10603243286,6,,open,420,1140,0,obs:65d7670327eba8c654079118
hours:4ffc62d91ee8dc2884b57078,osm:node:10621408639,0,,open,540,1320,0,obs:24cb7bc5e29bb45733d2b609
hours:e03411cc3cedc4868d4d6995,osm:node:10621408639,1,,open,540,1320,0,obs:24cb7bc5e29bb45733d2b609
hours:c60e3610a491400bec796446,osm:node:10621408639,2,,open,540,1320,0,obs:24cb7bc5e29bb45733d2b609
hours:f1f0fd11de8256fb475de614,osm:node:10621408639,3,,open,540,1320,0,obs:24cb7bc5e29bb45733d2b609
hours:ad75b3ad4d37b6f7e6aea55c,osm:node:10621408639,4,,open,540,1320,0,obs:24cb7bc5e29bb45733d2b609
hours:8a2f462fd7b1ff4811888d2f,osm:node:10621408639,5,,open,540,1320,0,obs:24cb7bc5e29bb45733d2b609
hours:9603173c5821a2ac97ed0481,osm:node:10621408639,6,,open,540,1320,0,obs:24cb7bc5e29bb45733d2b609
hours:af03675a48882e02bcb136cd,osm:node:10621408642,0,,open,480,1290,0,obs:6c2f966ff3849bc41a5ce318
hours:cce89e806dbe5132138b4cfa,osm:node:10621408642,1,,open,480,1290,0,obs:6c2f966ff3849bc41a5ce318
hours:f3f4391c94b1a3b7fd2d44f5,osm:node:10621408642,2,,open,480,1290,0,obs:6c2f966ff3849bc41a5ce318
hours:75ec9157252d81b59c108c9b,osm:node:10621408642,3,,open,480,1290,0,obs:6c2f966ff3849bc41a5ce318
hours:471fb417552f44ac7ac318a6,osm:node:10621408642,4,,open,480,1290,0,obs:6c2f966ff3849bc41a5ce318
hours:5c891693b751c7071b28ac7e,osm:node:10621408642,5,,open,480,1290,0,obs:6c2f966ff3849bc41a5ce318
hours:ebcd10c04cbf9ae20441f4ca,osm:node:10621408642,6,,open,480,1290,0,obs:6c2f966ff3849bc41a5ce318
hours:e627a49eae3aa3ff51291fc6,osm:node:10621408648,0,,open,420,1320,0,obs:9deadb94cc9ab25687290885
hours:29908bdb2f8719552ab433c4,osm:node:10621408648,1,,open,420,1320,0,obs:9deadb94cc9ab25687290885
hours:699bd81fc52febbbcef5d0b2,osm:node:10621408648,2,,open,420,1320,0,obs:9deadb94cc9ab25687290885
hours:8635c379640299c0eb893921,osm:node:10621408648,3,,open,420,1320,0,obs:9deadb94cc9ab25687290885
hours:539daf1f8268fe7c6f4f2e1c,osm:node:10621408648,4,,open,420,1320,0,obs:9deadb94cc9ab25687290885
hours:e8dbeb2ef0b05e73e06ef7d2,osm:node:10621408648,5,,open,420,1320,0,obs:9deadb94cc9ab25687290885
hours:7dd626a1f52fae6200ab0ff6,osm:node:10621408648,6,,open,420,1320,0,obs:9deadb94cc9ab25687290885
hours:1ca8788c41c3b4c299a8dbb6,osm:node:10635513085,0,,open,450,1380,0,obs:5abb187cf4afc2b443899548
hours:07397e48e91203b5a0873090,osm:node:10635513085,1,,open,450,1380,0,obs:5abb187cf4afc2b443899548
hours:31c5909969fea50da4679bc7,osm:node:10635513085,2,,open,450,1380,0,obs:5abb187cf4afc2b443899548
hours:d9868ab9b423936732ada4d4,osm:node:10635513085,3,,open,450,1380,0,obs:5abb187cf4afc2b443899548
hours:9ad98687f2db02b901d018f8,osm:node:10635513085,4,,open,450,1380,0,obs:5abb187cf4afc2b443899548
hours:d095c508008b3551347d499d,osm:node:10635513085,5,,open,450,1380,0,obs:5abb187cf4afc2b443899548
hours:325ce5270b610eb23fc667b8,osm:node:10635513085,6,,open,450,1380,0,obs:5abb187cf4afc2b443899548
hours:faa7da7689d9355bdf007ab4,osm:node:10651129981,0,,open,420,1260,0,obs:9dbf3be8a269d429b946cdd9
hours:359fea3fb98e4cb7a524e58f,osm:node:10651129981,1,,open,420,1260,0,obs:9dbf3be8a269d429b946cdd9
hours:65869c4d0eaaeb6ebf90681b,osm:node:10651129981,2,,open,420,1260,0,obs:9dbf3be8a269d429b946cdd9
hours:f5a7ae0a9883a090a9fa6203,osm:node:10651129981,3,,open,420,1260,0,obs:9dbf3be8a269d429b946cdd9
hours:700b2c5f04d99a901eb9f5ad,osm:node:10651129981,4,,open,420,1260,0,obs:9dbf3be8a269d429b946cdd9
hours:f12492652e4c9f4df4025f69,osm:node:10651129981,5,,open,420,1260,0,obs:9dbf3be8a269d429b946cdd9
hours:213a145ed4321e2d3ea4ad52,osm:node:10651129981,6,,open,420,1260,0,obs:9dbf3be8a269d429b946cdd9
hours:83013f0c1e2c5cd8eea27132,osm:node:10675781601,0,,open,420,1260,0,obs:64300613c5068046c808bf25
hours:5d633c16ef7d70225af9e256,osm:node:10675781601,1,,open,420,1260,0,obs:64300613c5068046c808bf25
hours:b0677587bafbc82dbc8932c5,osm:node:10675781601,2,,open,420,1260,0,obs:64300613c5068046c808bf25
hours:2e7ab40da2035c34aeaddd28,osm:node:10675781601,3,,open,420,1260,0,obs:64300613c5068046c808bf25
hours:ba3c059791adce530722fbb5,osm:node:10675781601,4,,open,420,1260,0,obs:64300613c5068046c808bf25
hours:58362c55b1bce639dc1abe32,osm:node:10675781601,5,,open,420,1260,0,obs:64300613c5068046c808bf25
hours:53612c0d8e2ab8c890702721,osm:node:10675781601,6,,open,420,1260,0,obs:64300613c5068046c808bf25
hours:2498bdfd7d96de73c9be1802,osm:node:10691121371,0,,open,600,840,0,obs:18ec7a5a678d6182b96abe5f
hours:b4d7aa211717e34f7c7f7ba8,osm:node:10691121371,0,,open,1020,1380,0,obs:18ec7a5a678d6182b96abe5f
hours:19411845d0e4c85abf5400bf,osm:node:10691121371,1,,open,600,840,0,obs:18ec7a5a678d6182b96abe5f
hours:8272aa75c0c15312e092f9e2,osm:node:10691121371,1,,open,1020,1380,0,obs:18ec7a5a678d6182b96abe5f
hours:80df6d671206d032218f62c8,osm:node:10691121371,2,,open,600,840,0,obs:18ec7a5a678d6182b96abe5f
hours:64566bb46d34315eb3344e98,osm:node:10691121371,2,,open,1020,1380,0,obs:18ec7a5a678d6182b96abe5f
hours:260e941714400d1e70747f62,osm:node:10691121371,3,,open,600,840,0,obs:18ec7a5a678d6182b96abe5f
hours:49fe646158fca13780d52c8d,osm:node:10691121371,3,,open,1020,1380,0,obs:18ec7a5a678d6182b96abe5f
hours:b4ccc48ccfca33831e67c4d5,osm:node:10691121371,4,,open,600,840,0,obs:18ec7a5a678d6182b96abe5f
hours:e96e19b59b2874f80d61e320,osm:node:10691121371,4,,open,1020,1380,0,obs:18ec7a5a678d6182b96abe5f
hours:f79cea167150efed41026284,osm:node:10691121371,5,,open,600,840,0,obs:18ec7a5a678d6182b96abe5f
hours:d5f4a9d2794a264dcd7ee462,osm:node:10691121371,5,,open,1020,1380,0,obs:18ec7a5a678d6182b96abe5f
hours:cd9e732c693c07d62a79fce8,osm:node:10691121371,6,,open,600,840,0,obs:18ec7a5a678d6182b96abe5f
hours:9e83fe5631803bc09b7b3560,osm:node:10691121371,6,,open,1020,1380,0,obs:18ec7a5a678d6182b96abe5f
hours:ad56a0a758fbbe6a573f9f63,osm:node:10733187892,0,,open,0,1440,0,obs:a4db4168f3ef11877e747668
hours:7d82246b81f9d5c4c8ddc02f,osm:node:10733187892,1,,open,0,1440,0,obs:a4db4168f3ef11877e747668
hours:18ed7adb325046bc22354190,osm:node:10733187892,2,,open,0,1440,0,obs:a4db4168f3ef11877e747668
hours:51e9680ce1a037fd4d249370,osm:node:10733187892,3,,open,0,1440,0,obs:a4db4168f3ef11877e747668
hours:d894041c9c687c3189ced6f6,osm:node:10733187892,4,,open,0,1440,0,obs:a4db4168f3ef11877e747668
hours:3b06a4511586cf21b5a30c22,osm:node:10733187892,5,,open,0,1440,0,obs:a4db4168f3ef11877e747668
hours:12bb22203609bbd11fff0759,osm:node:10733187892,6,,open,0,1440,0,obs:a4db4168f3ef11877e747668
hours:eeb2dffa03a6d081fd912d83,osm:node:10736260563,0,,open,540,1200,0,obs:05bac89df46c5c0f381252ab
hours:71420cd30a360387c5bd952c,osm:node:10736260563,1,,open,540,1200,0,obs:05bac89df46c5c0f381252ab
hours:ee080d000edbe4ebb327f544,osm:node:10736260563,2,,open,540,1200,0,obs:05bac89df46c5c0f381252ab
hours:3ce47a24d21f0631fe2514c3,osm:node:10736260563,3,,open,540,1200,0,obs:05bac89df46c5c0f381252ab
hours:3d4e66d544f4731813fbc823,osm:node:10736260563,4,,open,540,1200,0,obs:05bac89df46c5c0f381252ab
hours:28a9fa2db6d32c57d7cc15bd,osm:node:10736260563,5,,open,540,1200,0,obs:05bac89df46c5c0f381252ab
hours:b908c7279d3c6abe548671ae,osm:node:10736260563,6,,open,540,1200,0,obs:05bac89df46c5c0f381252ab
hours:75d3841c1d58febc9cfb8b0e,osm:node:10756018605,0,,open,660,870,0,obs:0597f55925e98f229bcc3867
hours:6c76b20eb99f423200face98,osm:node:10756018605,0,,open,1050,1260,0,obs:0597f55925e98f229bcc3867
hours:9b2ff9ba2f60cb99f9fdf32f,osm:node:10756018605,1,,open,660,870,0,obs:0597f55925e98f229bcc3867
hours:0fdd51d9b9b5445bf090bb9f,osm:node:10756018605,1,,open,1050,1260,0,obs:0597f55925e98f229bcc3867
hours:4394d6ec501cc689281064cc,osm:node:10756018605,2,,open,660,870,0,obs:0597f55925e98f229bcc3867
hours:fee82af1ae64040ab2fc5fab,osm:node:10756018605,2,,open,1050,1260,0,obs:0597f55925e98f229bcc3867
hours:2dc428656ae5d6f6b07e8f49,osm:node:10756018605,3,,open,660,870,0,obs:0597f55925e98f229bcc3867
hours:dd1d80e3a7e5c5e0dcf1d38b,osm:node:10756018605,3,,open,1050,1260,0,obs:0597f55925e98f229bcc3867
hours:064a064c4acc0dd530120f5a,osm:node:10756018605,4,,open,660,870,0,obs:0597f55925e98f229bcc3867
hours:12f0cdf648e9beca5b36629a,osm:node:10756018605,4,,open,1050,1260,0,obs:0597f55925e98f229bcc3867
hours:f6203532fe4abb83a97926d3,osm:node:10756018605,5,,open,660,870,0,obs:0597f55925e98f229bcc3867
hours:b0f413287c64e0e469f0e88e,osm:node:10756018605,5,,open,1050,1260,0,obs:0597f55925e98f229bcc3867
hours:cbf577ef6c4099ba92020dba,osm:node:10756018605,6,,open,660,870,0,obs:0597f55925e98f229bcc3867
hours:e95c065a1ad41ddddef1670e,osm:node:10756018605,6,,open,1050,1260,0,obs:0597f55925e98f229bcc3867
hours:91942e785b85c289c0d83d13,osm:node:10763332205,0,,open,600,1380,0,obs:b4ef91ec5a6ea20c38cb186a
hours:a9198ebd2c2462553e1fffc1,osm:node:10763332205,1,,open,600,1380,0,obs:b4ef91ec5a6ea20c38cb186a
hours:513b3038a6b7d5a53cf5b5d0,osm:node:10763332205,2,,open,600,1380,0,obs:b4ef91ec5a6ea20c38cb186a
hours:a1d1acc5ab90de2b81c91cb2,osm:node:10763332205,3,,open,600,1380,0,obs:b4ef91ec5a6ea20c38cb186a
hours:d2995c2ab0e9d26366fb9f46,osm:node:10763332205,4,,open,600,1380,0,obs:b4ef91ec5a6ea20c38cb186a
hours:59a3fa2c5c58ee5318ec9462,osm:node:10763332205,5,,open,600,1380,0,obs:b4ef91ec5a6ea20c38cb186a
hours:3bdbed9a73df86d2b5bb0c5f,osm:node:10763332205,6,,open,600,1380,0,obs:b4ef91ec5a6ea20c38cb186a
hours:26dd7ccac1606f7cedc6a488,osm:node:10768300006,0,,open,540,1320,0,obs:9e9202813570d5268bedb12e
hours:738f5f8278d0118f86690c31,osm:node:10768300006,1,,open,540,1320,0,obs:9e9202813570d5268bedb12e
hours:a55b9d70473b0cd6c34b4f85,osm:node:10768300006,2,,open,540,1320,0,obs:9e9202813570d5268bedb12e
hours:3909d5da001f5e0bebda6251,osm:node:10768300006,3,,open,540,1320,0,obs:9e9202813570d5268bedb12e
hours:95712091164a4678a35a9172,osm:node:10768300006,4,,open,540,1320,0,obs:9e9202813570d5268bedb12e
hours:62e1286265db76cb136688b1,osm:node:10768300006,5,,open,540,1320,0,obs:9e9202813570d5268bedb12e
hours:0016e37f21f46ea5a1652108,osm:node:10768300006,6,,open,540,1320,0,obs:9e9202813570d5268bedb12e
hours:163bf9f885bd08509f32e05b,osm:node:10768346405,1,,open,690,1200,0,obs:946caa43109122dd3019f2b8
hours:ba159b93f8c1994f94158fb8,osm:node:10768346405,2,,open,690,1200,0,obs:946caa43109122dd3019f2b8
hours:18db11b67155936a126319db,osm:node:10768346405,3,,open,690,1200,0,obs:946caa43109122dd3019f2b8
hours:1b7dccd9486ae67a1cffe8da,osm:node:10768346405,4,,open,690,1200,0,obs:946caa43109122dd3019f2b8
hours:67e6e20749e411837abce6e4,osm:node:10768346405,5,,open,690,1200,0,obs:946caa43109122dd3019f2b8
hours:0397be463204ce8e59be0f6c,osm:node:10768346405,6,,open,690,1050,0,obs:946caa43109122dd3019f2b8
hours:a2989eb9895b2769d413c042,osm:node:10775822705,0,,open,690,1380,0,obs:9155c0d510286d1bf1dd0a5a
hours:1d537c411575d34ba2f76a9d,osm:node:10775822705,1,,open,690,1380,0,obs:9155c0d510286d1bf1dd0a5a
hours:cdc03d2a47b74a8b9d331db8,osm:node:10775822705,2,,open,690,1380,0,obs:9155c0d510286d1bf1dd0a5a
hours:048c21bbcfefd634ac5450a0,osm:node:10775822705,3,,open,690,1380,0,obs:9155c0d510286d1bf1dd0a5a
hours:7fcb7da170767ac0d811994b,osm:node:10775822705,4,,open,690,1380,0,obs:9155c0d510286d1bf1dd0a5a
hours:3407ae0eec040c0dd6376d49,osm:node:10775822705,5,,open,690,1380,0,obs:9155c0d510286d1bf1dd0a5a
hours:14977a56d6cd785f5aadb8a0,osm:node:10775822705,6,,open,690,1380,0,obs:9155c0d510286d1bf1dd0a5a
hours:c5c8a19f705f7d2a7ca49dd4,osm:node:10775883305,0,,open,1020,1380,0,obs:35268bd13550e35380dbc936
hours:a2b991b218415b74494a147f,osm:node:10775883305,1,,open,1020,1380,0,obs:35268bd13550e35380dbc936
hours:ccdb169d218bef7fc9b3523a,osm:node:10775883305,2,,open,1020,1380,0,obs:35268bd13550e35380dbc936
hours:8624e3eb4a428140fff8b3db,osm:node:10775883305,3,,open,1020,1380,0,obs:35268bd13550e35380dbc936
hours:bee38fc27b22e8cf249daff0,osm:node:10775883305,4,,open,1020,1380,0,obs:35268bd13550e35380dbc936
hours:8fc7e643fe66ea00fc862b6c,osm:node:10775883305,5,,open,1020,1380,0,obs:35268bd13550e35380dbc936
hours:c9d80c4701cdd8215c561fd1,osm:node:10775883305,6,,open,1020,1380,0,obs:35268bd13550e35380dbc936
hours:7719b59b11e3aea467984f26,osm:node:10777276806,0,,open,360,1290,0,obs:6bffabd408bfcc182c68a1d5
hours:16b5e025de7292d15a4458bf,osm:node:10777276806,1,,open,360,1290,0,obs:6bffabd408bfcc182c68a1d5
hours:9d42c25f19ce34638561d87e,osm:node:10777276806,2,,open,360,1290,0,obs:6bffabd408bfcc182c68a1d5
hours:31baf59bb92f05651be87ba6,osm:node:10777276806,3,,open,360,1290,0,obs:6bffabd408bfcc182c68a1d5
hours:0f7885ab4053cbb89f28c28c,osm:node:10777276806,4,,open,360,1290,0,obs:6bffabd408bfcc182c68a1d5
hours:ec626fc407e1ed0ef13ee5da,osm:node:10777276806,5,,open,360,1290,0,obs:6bffabd408bfcc182c68a1d5
hours:c17e7cf481fa316bafe5cc8b,osm:node:10777276806,6,,open,360,1290,0,obs:6bffabd408bfcc182c68a1d5
hours:09bbed7157799bc5fd0d7509,osm:node:10777962706,0,,open,360,1350,0,obs:d1cb59d4865e3e4ef10fbcf8
hours:6ce8e5de32cc34d54051f214,osm:node:10777962706,1,,open,360,1350,0,obs:d1cb59d4865e3e4ef10fbcf8
hours:5010b8710c19f11ce2c7d642,osm:node:10777962706,2,,open,360,1350,0,obs:d1cb59d4865e3e4ef10fbcf8
hours:33542db777579a6fe4e85509,osm:node:10777962706,3,,open,360,1350,0,obs:d1cb59d4865e3e4ef10fbcf8
hours:6c012ab384f8df7be625e1d3,osm:node:10777962706,4,,open,360,1350,0,obs:d1cb59d4865e3e4ef10fbcf8
hours:64cd3b25fec18e5eb3abd18b,osm:node:10777962706,5,,open,360,1350,0,obs:d1cb59d4865e3e4ef10fbcf8
hours:6f50cae80bf05fbec280e9ea,osm:node:10777962706,6,,open,360,1350,0,obs:d1cb59d4865e3e4ef10fbcf8
hours:ddfd7606ac7cd481037a9184,osm:node:10779745505,0,,open,390,1320,0,obs:1ec4d3566a41c5420c5cc8e4
hours:09e1039a38df9e68871cd926,osm:node:10779745505,1,,open,390,1320,0,obs:1ec4d3566a41c5420c5cc8e4
hours:b3679b765be2037c4faea9c9,osm:node:10779745505,2,,open,390,1320,0,obs:1ec4d3566a41c5420c5cc8e4
hours:b54d5d8080bbedc914a6b05c,osm:node:10779745505,3,,open,390,1320,0,obs:1ec4d3566a41c5420c5cc8e4
hours:9c73e49c5c751273cf137846,osm:node:10779745505,4,,open,390,1320,0,obs:1ec4d3566a41c5420c5cc8e4
hours:1256a12a9cb4405a157e7edd,osm:node:10779745505,5,,open,390,1320,0,obs:1ec4d3566a41c5420c5cc8e4
hours:8e49ff189a906ad6190d9a86,osm:node:10779745505,6,,open,390,1320,0,obs:1ec4d3566a41c5420c5cc8e4
hours:6990f265166eb5cdc4ef68ed,osm:node:10783641305,0,,open,360,1320,0,obs:ed7b11181d84273aa61a3790
hours:6b5e8a67073b2c926faafac0,osm:node:10783641305,1,,open,360,1320,0,obs:ed7b11181d84273aa61a3790
hours:81a96b4a880231ff406b489f,osm:node:10783641305,2,,open,360,1320,0,obs:ed7b11181d84273aa61a3790
hours:c396908b1a3f53e1e0c4e776,osm:node:10783641305,3,,open,360,1320,0,obs:ed7b11181d84273aa61a3790
hours:cb63fb315711a389a2e7a473,osm:node:10783641305,4,,open,360,1320,0,obs:ed7b11181d84273aa61a3790
hours:18f11b062fa0d9a4bb5d2680,osm:node:10783641305,5,,open,360,1320,0,obs:ed7b11181d84273aa61a3790
hours:67cebfcba6d03e8b2c645844,osm:node:10783641305,6,,open,360,1320,0,obs:ed7b11181d84273aa61a3790
hours:e692388d201003fb9fa9e50e,osm:node:10796872105,0,,open,540,840,0,obs:c6e3fcd76762b3dfd3793774
hours:536675b74ef2c84033d92f7e,osm:node:10796872105,0,,open,960,1260,0,obs:c6e3fcd76762b3dfd3793774
hours:172a5fab95eca56d32dfeec5,osm:node:10796872105,1,,open,540,840,0,obs:c6e3fcd76762b3dfd3793774
hours:697aba4f31e8c433b46bccf0,osm:node:10796872105,1,,open,960,1260,0,obs:c6e3fcd76762b3dfd3793774
hours:77a6c41c531285ec2cbaac19,osm:node:10796872105,2,,open,540,840,0,obs:c6e3fcd76762b3dfd3793774
hours:f0dc1c0856ba7afcea44ddc9,osm:node:10796872105,2,,open,960,1260,0,obs:c6e3fcd76762b3dfd3793774
hours:ff46a70d2039ffe054ae16b9,osm:node:10796872105,3,,open,540,840,0,obs:c6e3fcd76762b3dfd3793774
hours:c506cac74d3265da5f359aa7,osm:node:10796872105,3,,open,960,1260,0,obs:c6e3fcd76762b3dfd3793774
hours:3de48008142b01756252d87b,osm:node:10796872105,4,,open,540,840,0,obs:c6e3fcd76762b3dfd3793774
hours:6ef599eaccf14807e94ba48b,osm:node:10796872105,4,,open,960,1260,0,obs:c6e3fcd76762b3dfd3793774
hours:217138939209c1eacc74ed8d,osm:node:10796872105,5,,open,540,840,0,obs:c6e3fcd76762b3dfd3793774
hours:1b89958a361aba9553ca9623,osm:node:10796872105,5,,open,960,1260,0,obs:c6e3fcd76762b3dfd3793774
hours:15fde472d589af720ec6be7f,osm:node:10796872105,6,,open,540,840,0,obs:c6e3fcd76762b3dfd3793774
hours:89bcf9c423911da69f860413,osm:node:10796872105,6,,open,960,1260,0,obs:c6e3fcd76762b3dfd3793774
hours:df79d7c5654d9910113b1761,osm:node:10798682806,0,,open,600,1320,0,obs:6b0bb1178b2608ca713a15f1
hours:02e8fbc9fb53e2e3c145b764,osm:node:10798682806,1,,open,600,1320,0,obs:6b0bb1178b2608ca713a15f1
hours:ec96922750baf5e97265ca6f,osm:node:10798682806,2,,open,600,1320,0,obs:6b0bb1178b2608ca713a15f1
hours:648959e43a9323ecf3a4d18f,osm:node:10798682806,3,,open,600,1320,0,obs:6b0bb1178b2608ca713a15f1
hours:dc41a51897cbefa720463f4d,osm:node:10798682806,4,,open,600,1320,0,obs:6b0bb1178b2608ca713a15f1
hours:d1668928a9f9ebdc9a073619,osm:node:10798682806,5,,open,600,1320,0,obs:6b0bb1178b2608ca713a15f1
hours:71b3c4d229e2a39eeba0fa9c,osm:node:10798682806,6,,open,600,1320,0,obs:6b0bb1178b2608ca713a15f1
hours:686f7acf02fdb3ef6611ae41,osm:node:10823609205,0,,open,660,1430,0,obs:aa0a6ce92e3d46aeec8ca3dc
hours:5976ead58d8c23025c53d49e,osm:node:10823609205,1,,open,660,1430,0,obs:aa0a6ce92e3d46aeec8ca3dc
hours:8382527a93457cc4874a54e5,osm:node:10823609205,2,,open,660,1430,0,obs:aa0a6ce92e3d46aeec8ca3dc
hours:78540870abe5310c7545829d,osm:node:10823609205,3,,open,660,1430,0,obs:aa0a6ce92e3d46aeec8ca3dc
hours:d05418b5ca63718572230d2f,osm:node:10823609205,4,,open,660,1430,0,obs:aa0a6ce92e3d46aeec8ca3dc
hours:71fff7ba5661c7f4a37f93ec,osm:node:10823609205,5,,open,660,1430,0,obs:aa0a6ce92e3d46aeec8ca3dc
hours:10db04a436eea5a06c63abf1,osm:node:10823609205,6,,open,660,1430,0,obs:aa0a6ce92e3d46aeec8ca3dc
hours:0e8344397adf1b3f31cd2dff,osm:node:10860106677,0,,open,600,1260,0,obs:4922578b574b164eb28f3dbd
hours:a9525b4fdb54859505a162f1,osm:node:10860106677,1,,open,600,1260,0,obs:4922578b574b164eb28f3dbd
hours:e1850758284c2bea3000951d,osm:node:10860106677,2,,open,600,1260,0,obs:4922578b574b164eb28f3dbd
hours:391026d0bcd9a65acbabace4,osm:node:10860106677,3,,open,600,1260,0,obs:4922578b574b164eb28f3dbd
hours:7359e26a8ea0cf1c5efdb239,osm:node:10860106677,4,,open,600,1260,0,obs:4922578b574b164eb28f3dbd
hours:329f385ff2d160633dc51967,osm:node:10860106677,5,,open,600,1260,0,obs:4922578b574b164eb28f3dbd
hours:c9e55bb6bf219292dcb2a11c,osm:node:10860106677,6,,open,600,1260,0,obs:4922578b574b164eb28f3dbd
hours:db740b86390717de93f48f4b,osm:node:10901014477,0,,open,360,1380,0,obs:cc365a365723807fcae95e55
hours:df1ed1f52b44aff020ddb84d,osm:node:10901014477,1,,open,360,1380,0,obs:cc365a365723807fcae95e55
hours:90567e6a3dca5a1cda32b50d,osm:node:10901014477,2,,open,360,1380,0,obs:cc365a365723807fcae95e55
hours:bd9871795db09fb802da4984,osm:node:10901014477,3,,open,360,1380,0,obs:cc365a365723807fcae95e55
hours:7c42ef8a8677bfb51f5d16a9,osm:node:10901014477,4,,open,360,1380,0,obs:cc365a365723807fcae95e55
hours:089b185f9b7bf74d3b914c69,osm:node:10901014477,5,,open,360,1380,0,obs:cc365a365723807fcae95e55
hours:db2ae476f68b761b707186a2,osm:node:10901014477,6,,open,360,1380,0,obs:cc365a365723807fcae95e55
hours:6af0422e8640d4663d71a436,osm:node:11068139295,0,,open,540,1320,0,obs:e535895fe1336833b72f781e
hours:2f1929d49cb03da85eb536e4,osm:node:11068139295,1,,open,540,1320,0,obs:e535895fe1336833b72f781e
hours:7d392fe18817aa60c0214fe8,osm:node:11068139295,2,,open,540,1320,0,obs:e535895fe1336833b72f781e
hours:edf5fe228d20bb5d83d801aa,osm:node:11068139295,3,,open,540,1320,0,obs:e535895fe1336833b72f781e
hours:2384d8a6fb608f05bd8dea4c,osm:node:11068139295,4,,open,540,1320,0,obs:e535895fe1336833b72f781e
hours:8ecc759cefaaf1ce99e7e6cd,osm:node:11068139295,5,,open,540,1320,0,obs:e535895fe1336833b72f781e
hours:54f1cecd33a160398ac75af3,osm:node:11068139295,6,,open,540,1320,0,obs:e535895fe1336833b72f781e
hours:59f949450ac5c395ba58b5f8,osm:node:11074810731,0,,open,420,1290,0,obs:42d681e2335f66989e8e11d2
hours:5124f4d618f9e40e144fa81a,osm:node:11074810731,1,,open,420,1290,0,obs:42d681e2335f66989e8e11d2
hours:395b1f9e4a997e6d5ffa7f7a,osm:node:11074810731,2,,open,420,1290,0,obs:42d681e2335f66989e8e11d2
hours:2cf7dd77d6e63e4c47a20bb4,osm:node:11074810731,3,,open,420,1290,0,obs:42d681e2335f66989e8e11d2
hours:dc716c391a0ad29261ca09b9,osm:node:11074810731,4,,open,420,1290,0,obs:42d681e2335f66989e8e11d2
hours:352fe366cd39c2b95f205632,osm:node:11074810731,5,,open,420,1290,0,obs:42d681e2335f66989e8e11d2
hours:b79938b7a7fd34f56d56a3d2,osm:node:11074810731,6,,open,420,1290,0,obs:42d681e2335f66989e8e11d2
hours:d8d2c88f98716a969bbaf8d9,osm:node:11079144812,0,,open,0,1440,0,obs:dd669d6223ea6635431cab2e
hours:09379796782011a307a76174,osm:node:11079144812,1,,open,0,1440,0,obs:dd669d6223ea6635431cab2e
hours:d4fd497a0dbd936445a7c63a,osm:node:11079144812,2,,open,0,1440,0,obs:dd669d6223ea6635431cab2e
hours:554501453335ecbc44dc618d,osm:node:11079144812,3,,open,0,1440,0,obs:dd669d6223ea6635431cab2e
hours:3e39e6f22d1525d76bdab215,osm:node:11079144812,4,,open,0,1440,0,obs:dd669d6223ea6635431cab2e
hours:d07ca11ecdaa4fff44fc7c27,osm:node:11079144812,5,,open,0,1440,0,obs:dd669d6223ea6635431cab2e
hours:a5694d047545c863efe4ff44,osm:node:11079144812,6,,open,0,1440,0,obs:dd669d6223ea6635431cab2e
hours:dcc582828c87b5fc68fe5c3a,osm:node:11083594406,0,,open,540,1320,0,obs:6cb0ca09d1d7e44aab3ed1b7
hours:9513dca00d39be6897a9cb00,osm:node:11083594406,1,,open,540,1320,0,obs:6cb0ca09d1d7e44aab3ed1b7
hours:866c730d9ab105e9f96771e0,osm:node:11083594406,2,,open,540,1320,0,obs:6cb0ca09d1d7e44aab3ed1b7
hours:168db7c1831c8f937bdb3273,osm:node:11083594406,3,,open,540,1320,0,obs:6cb0ca09d1d7e44aab3ed1b7
hours:152c2a3fc559c812c77c4f8a,osm:node:11083594406,4,,open,540,1320,0,obs:6cb0ca09d1d7e44aab3ed1b7
hours:31a37aeae06516c2cc9f93dd,osm:node:11083594406,5,,open,540,1320,0,obs:6cb0ca09d1d7e44aab3ed1b7
hours:77fc7d4891e95bc647d8318a,osm:node:11083594406,6,,open,540,1320,0,obs:6cb0ca09d1d7e44aab3ed1b7
hours:b22e51a9b2bf4ae018a550dd,osm:node:11152952965,0,,open,540,1380,0,obs:18d0e43903fd230af3e6d2d3
hours:e9ea07e48f23358df3c0243e,osm:node:11152952965,1,,open,540,1380,0,obs:18d0e43903fd230af3e6d2d3
hours:7c7f07621a284e91f01c7b19,osm:node:11152952965,2,,open,540,1380,0,obs:18d0e43903fd230af3e6d2d3
hours:e06efd6ee2325d4f5df77fb3,osm:node:11152952965,3,,open,540,1380,0,obs:18d0e43903fd230af3e6d2d3
hours:142bb2826ab5f0e68743105a,osm:node:11152952965,4,,open,540,1380,0,obs:18d0e43903fd230af3e6d2d3
hours:f5eb0441c4aaead968fe39a7,osm:node:11152952965,5,,open,540,1380,0,obs:18d0e43903fd230af3e6d2d3
hours:482cf0bb89c8d927bfe81426,osm:node:11152952965,6,,open,540,1380,0,obs:18d0e43903fd230af3e6d2d3
hours:23c09c9e257c80844139430a,osm:node:11152959978,0,,open,0,1440,0,obs:34a89b8e8c2ad7fee2f9ce40
hours:b54c1604782f205a1711ef68,osm:node:11152959978,1,,open,0,1440,0,obs:34a89b8e8c2ad7fee2f9ce40
hours:a19f6a59d308bffc5486256c,osm:node:11152959978,2,,open,0,1440,0,obs:34a89b8e8c2ad7fee2f9ce40
hours:864b5e5c865e11d57ad87012,osm:node:11152959978,3,,open,0,1440,0,obs:34a89b8e8c2ad7fee2f9ce40
hours:c02c0964a5c0777fc0abe97f,osm:node:11152959978,4,,open,0,1440,0,obs:34a89b8e8c2ad7fee2f9ce40
hours:a306e848c562831e12c197b7,osm:node:11152959978,5,,open,0,1440,0,obs:34a89b8e8c2ad7fee2f9ce40
hours:f95b05aef4f01f45ffeadb5d,osm:node:11152959978,6,,open,0,1440,0,obs:34a89b8e8c2ad7fee2f9ce40
hours:10d6e4ad88c9db6b43cc4cbf,osm:node:11152959980,0,,open,0,1440,0,obs:4e8ae06f7bd261109ef089b4
hours:31d6b101c6f824ea5ac80532,osm:node:11152959980,1,,open,0,1440,0,obs:4e8ae06f7bd261109ef089b4
hours:3284729112c048186f37a6f2,osm:node:11152959980,2,,open,0,1440,0,obs:4e8ae06f7bd261109ef089b4
hours:8e1881b47fae6a9aaf28b74b,osm:node:11152959980,3,,open,0,1440,0,obs:4e8ae06f7bd261109ef089b4
hours:9cc165c4bee0c8ea69d806a3,osm:node:11152959980,4,,open,0,1440,0,obs:4e8ae06f7bd261109ef089b4
hours:e65f645899bb08cfd26e4374,osm:node:11152959980,5,,open,0,1440,0,obs:4e8ae06f7bd261109ef089b4
hours:87219a4c7cbe746d1ad7d149,osm:node:11152959980,6,,open,0,1440,0,obs:4e8ae06f7bd261109ef089b4
hours:0009bf7470c404eac8cd40a8,osm:node:11164095932,0,,open,660,870,0,obs:46dce8bd0fbeca29bd0b0ae2
hours:6d48575b06a63123efa4b561,osm:node:11164095932,0,,open,1020,1320,0,obs:46dce8bd0fbeca29bd0b0ae2
hours:db625ab61dff8f0bcde1be8b,osm:node:11164095932,1,,open,660,870,0,obs:46dce8bd0fbeca29bd0b0ae2
hours:6c09e17848fd92490d7614bf,osm:node:11164095932,1,,open,1020,1320,0,obs:46dce8bd0fbeca29bd0b0ae2
hours:c3883010a83d73f534dceab7,osm:node:11164095932,2,,open,660,870,0,obs:46dce8bd0fbeca29bd0b0ae2
hours:77c87f210ba02b49c8314234,osm:node:11164095932,2,,open,1020,1320,0,obs:46dce8bd0fbeca29bd0b0ae2
hours:49e5352bfde5437724cce1d4,osm:node:11164095932,3,,open,660,870,0,obs:46dce8bd0fbeca29bd0b0ae2
hours:13a3a68507e833ec30d7110d,osm:node:11164095932,3,,open,1020,1320,0,obs:46dce8bd0fbeca29bd0b0ae2
hours:6e4e92ba3af3bb4d8c44828c,osm:node:11164095932,4,,open,660,870,0,obs:46dce8bd0fbeca29bd0b0ae2
hours:c9c48bd19ccaa3ccdd6b58ba,osm:node:11164095932,4,,open,1020,1320,0,obs:46dce8bd0fbeca29bd0b0ae2
hours:455cebcadfbaaa6305044955,osm:node:11164095932,5,,open,660,870,0,obs:46dce8bd0fbeca29bd0b0ae2
hours:49513d1a242f20f195279c04,osm:node:11164095932,5,,open,1020,1320,0,obs:46dce8bd0fbeca29bd0b0ae2
hours:fea9990ea30fbdc73b6f2bc4,osm:node:11164095932,6,,open,660,1320,0,obs:46dce8bd0fbeca29bd0b0ae2
hours:10f895da2d8d206c2e927f37,osm:node:11168787972,1,,open,540,1260,0,obs:46456e8a120ac26ba86be02b
hours:f0f79bbb740bd6331b369814,osm:node:11168787972,2,,open,540,1260,0,obs:46456e8a120ac26ba86be02b
hours:21c72ee9b3e22359b1184e53,osm:node:11168787972,3,,open,540,1260,0,obs:46456e8a120ac26ba86be02b
hours:9433c101738396484a989939,osm:node:11168787972,4,,open,540,1260,0,obs:46456e8a120ac26ba86be02b
hours:eeb8b824cbc4e2c9599f4ab7,osm:node:11168787972,5,,open,540,1260,0,obs:46456e8a120ac26ba86be02b
hours:0371b0e9d71c069e5a7fd459,osm:node:11168787972,6,,open,540,1260,0,obs:46456e8a120ac26ba86be02b
hours:46fadfcca987313f57e2dd23,osm:node:11218013237,0,,open,660,870,0,obs:d98dec13731a0d3a4a0c9deb
hours:32b957a5c2f81dcc6d9cb4a6,osm:node:11218013237,0,,open,1020,1290,0,obs:d98dec13731a0d3a4a0c9deb
hours:d94ee204570afa9c05d2ae77,osm:node:11218013237,1,,open,660,870,0,obs:d98dec13731a0d3a4a0c9deb
hours:1fa27e6b3e83682369fdd6c3,osm:node:11218013237,1,,open,1020,1290,0,obs:d98dec13731a0d3a4a0c9deb
hours:32a9cab5c4a39da04aeba888,osm:node:11218013237,2,,open,660,870,0,obs:d98dec13731a0d3a4a0c9deb
hours:b5d0b97e6fef45811a0b3ec8,osm:node:11218013237,2,,open,1020,1290,0,obs:d98dec13731a0d3a4a0c9deb
hours:a5f631a6807137d764370b45,osm:node:11218013237,3,,open,660,870,0,obs:d98dec13731a0d3a4a0c9deb
hours:fbd3f5a1d22fcc4fb07736c6,osm:node:11218013237,3,,open,1020,1290,0,obs:d98dec13731a0d3a4a0c9deb
hours:1add254f9f2938a5a6a4bc04,osm:node:11218013237,4,,open,660,870,0,obs:d98dec13731a0d3a4a0c9deb
hours:a3c76ef592275612785e3e1a,osm:node:11218013237,4,,open,1020,1290,0,obs:d98dec13731a0d3a4a0c9deb
hours:401cc5abdbc81f3f4c494b72,osm:node:11218013237,5,,open,660,870,0,obs:d98dec13731a0d3a4a0c9deb
hours:e51eaa6785244f167ded3587,osm:node:11218013237,5,,open,1020,1290,0,obs:d98dec13731a0d3a4a0c9deb
hours:b64428b082c6e7c88db738b8,osm:node:11218013237,6,,open,660,870,0,obs:d98dec13731a0d3a4a0c9deb
hours:a8e1d7b6d6d8152264582260,osm:node:11218013237,6,,open,1020,1290,0,obs:d98dec13731a0d3a4a0c9deb
hours:11f31fae1aab03d7e03c7672,osm:node:11242922596,0,,open,450,1050,0,obs:480ad8846dd3668415ea3015
hours:d9decc786a130a53ce824763,osm:node:11242922596,1,,open,450,1050,0,obs:480ad8846dd3668415ea3015
hours:c632d97c6449d24ea50aaab1,osm:node:11242922596,2,,open,450,1050,0,obs:480ad8846dd3668415ea3015
hours:a615de60ebe9a4aa7fbe3b79,osm:node:11242922596,3,,open,450,1050,0,obs:480ad8846dd3668415ea3015
hours:0856e77fba3c0e9a049ec93e,osm:node:11242922596,4,,open,450,1050,0,obs:480ad8846dd3668415ea3015
hours:fa27e220ed5d7b5bc72b0b27,osm:node:11242922596,5,,open,450,1050,0,obs:480ad8846dd3668415ea3015
hours:c16f0cd45638d1bc46a415d8,osm:node:11242922596,6,,open,450,1050,0,obs:480ad8846dd3668415ea3015
hours:e106c5fd870cc241906ae30e,osm:node:11276780187,0,,open,960,1380,0,obs:ff063b144d8fe00576aed2a2
hours:9d8fe25a349f5002c6f29044,osm:node:11276780187,1,,open,960,1380,0,obs:ff063b144d8fe00576aed2a2
hours:718eacf12480fe7f2ed0af57,osm:node:11276780187,2,,open,960,1380,0,obs:ff063b144d8fe00576aed2a2
hours:3440dbbc5d99b70c2752eef0,osm:node:11276780187,3,,open,960,1380,0,obs:ff063b144d8fe00576aed2a2
hours:66f084a04e1b6eb41d7aa0d3,osm:node:11276780187,4,,open,960,1380,0,obs:ff063b144d8fe00576aed2a2
hours:4fff6318109d4830895da5b3,osm:node:11276780187,5,,open,960,1380,0,obs:ff063b144d8fe00576aed2a2
hours:8a6d9e8bdfcfbb92404a69a4,osm:node:11276780187,6,,open,960,1380,0,obs:ff063b144d8fe00576aed2a2
hours:afd8124e9ea33aa84f2a0759,osm:node:11281683527,0,,open,480,1260,0,obs:7153a4322ccbb989e14ebc9c
hours:0e979286b7822b2333ee2e62,osm:node:11281683527,1,,open,480,1260,0,obs:7153a4322ccbb989e14ebc9c
hours:ccd63bd3f3883cbe889bf74d,osm:node:11281683527,2,,open,480,1260,0,obs:7153a4322ccbb989e14ebc9c
hours:8dd5a4d24c2146a9a71247fc,osm:node:11281683527,3,,open,480,1260,0,obs:7153a4322ccbb989e14ebc9c
hours:f6c6f9e818ba18d4a73f9775,osm:node:11281683527,4,,open,480,1260,0,obs:7153a4322ccbb989e14ebc9c
hours:7d0417adc399a73defd94a58,osm:node:11281683527,5,,open,480,1260,0,obs:7153a4322ccbb989e14ebc9c
hours:28f315ff94c663fbb08b09bf,osm:node:11281683527,6,,open,480,1260,0,obs:7153a4322ccbb989e14ebc9c
hours:2d5a36c6683519e732a6b1d7,osm:node:11301609147,0,,open,540,1320,0,obs:60560e4757a35a7441db82ce
hours:3e4a4bd30a8263b8bf5c7979,osm:node:11301609147,1,,open,540,1320,0,obs:60560e4757a35a7441db82ce
hours:06ee834f49558ebdb89529eb,osm:node:11301609147,2,,open,540,1320,0,obs:60560e4757a35a7441db82ce
hours:21fb765af0b35c197c1fd494,osm:node:11301609147,3,,open,540,1320,0,obs:60560e4757a35a7441db82ce
hours:950ee87718be14d3a8c26359,osm:node:11301609147,4,,open,540,1320,0,obs:60560e4757a35a7441db82ce
hours:4b52328263abbff181ec4192,osm:node:11301609147,5,,open,540,1320,0,obs:60560e4757a35a7441db82ce
hours:0ec806d9af06c51e4dd5a8c5,osm:node:11301609147,6,,open,540,1320,0,obs:60560e4757a35a7441db82ce
hours:fe155332c5c258e9f56ec27c,osm:node:11346186768,0,,open,0,1440,0,obs:49ce3dbd9df365f1e9ed7eb4
hours:9c83fcdf71ef0d1cf3e6ecee,osm:node:11346186768,1,,open,0,1440,0,obs:49ce3dbd9df365f1e9ed7eb4
hours:8cd8816048603943f64f2b3e,osm:node:11346186768,2,,open,0,1440,0,obs:49ce3dbd9df365f1e9ed7eb4
hours:1e92e4dd0f302380c8896fd8,osm:node:11346186768,3,,open,0,1440,0,obs:49ce3dbd9df365f1e9ed7eb4
hours:ca2acddb3e3ec99844fdefc1,osm:node:11346186768,4,,open,0,1440,0,obs:49ce3dbd9df365f1e9ed7eb4
hours:55a4bb326557ea1c68daf6bf,osm:node:11346186768,5,,open,0,1440,0,obs:49ce3dbd9df365f1e9ed7eb4
hours:c844766af63c97ec101ee612,osm:node:11346186768,6,,open,0,1440,0,obs:49ce3dbd9df365f1e9ed7eb4
hours:a87c19556bc91a614d3b5919,osm:node:11361153194,0,,open,390,1320,0,obs:ad9c68c6dc5632503aac29af
hours:74dcda4d91a954970be836e0,osm:node:11361153194,1,,open,390,1320,0,obs:ad9c68c6dc5632503aac29af
hours:6d29fea8263505ed919edf41,osm:node:11361153194,2,,open,390,1320,0,obs:ad9c68c6dc5632503aac29af
hours:2c167b8c1bef44512ad8d3be,osm:node:11361153194,3,,open,390,1320,0,obs:ad9c68c6dc5632503aac29af
hours:02371f88481654d23960493d,osm:node:11361153194,4,,open,390,1320,0,obs:ad9c68c6dc5632503aac29af
hours:42fb79b3521648cb23f06295,osm:node:11361153194,5,,open,390,1320,0,obs:ad9c68c6dc5632503aac29af
hours:00b2ae69172546be5d4e4169,osm:node:11361153194,6,,open,390,1320,0,obs:ad9c68c6dc5632503aac29af
hours:4dfc3db36e981e6c59faaea7,osm:node:11371361970,0,,open,570,1260,0,obs:e747ca085186ca5f04e9c5f3
hours:d3a794b0e466e8390833d36c,osm:node:11371361970,1,,open,570,1260,0,obs:e747ca085186ca5f04e9c5f3
hours:bce84ca6f9e18e084bc18608,osm:node:11371361970,2,,open,570,1260,0,obs:e747ca085186ca5f04e9c5f3
hours:4f3de1e911d696bc60d9f11b,osm:node:11371361970,3,,open,570,1260,0,obs:e747ca085186ca5f04e9c5f3
hours:17ae2ec94f7f27d19659b52d,osm:node:11371361970,4,,open,570,1260,0,obs:e747ca085186ca5f04e9c5f3
hours:22ac65c634c4ca14c92e3a69,osm:node:11371361970,5,,open,570,1260,0,obs:e747ca085186ca5f04e9c5f3
hours:d10fc4314524b13dd1fb41aa,osm:node:11371361970,6,,open,540,1080,0,obs:e747ca085186ca5f04e9c5f3
hours:c2679d01e78770469c6e772a,osm:node:11371431369,0,,open,480,1440,0,obs:d18535df7781689a7dc85a84
hours:2f53dc514c9c7bd93c61091b,osm:node:11371431369,1,,open,480,1440,0,obs:d18535df7781689a7dc85a84
hours:06da4e346bbf74e7563f0854,osm:node:11371431369,2,,open,480,1440,0,obs:d18535df7781689a7dc85a84
hours:8425cb36953207f522d5cd88,osm:node:11371431369,3,,open,480,1440,0,obs:d18535df7781689a7dc85a84
hours:849bbf5837f2d1447e470d25,osm:node:11371431369,4,,open,480,1440,0,obs:d18535df7781689a7dc85a84
hours:0c92a6f50b8fbf33ca3eaed2,osm:node:11371431369,5,,open,480,1440,0,obs:d18535df7781689a7dc85a84
hours:f81130856dd8a23687799132,osm:node:11371431369,6,,open,480,1440,0,obs:d18535df7781689a7dc85a84
hours:bb8d51b1c2cc61100f472d2d,osm:node:11423808688,0,,open,390,1260,0,obs:95916941d2561ff58aa944b1
hours:fd9f7cf40dfb7ab58405bc34,osm:node:11423808688,1,,open,390,1260,0,obs:95916941d2561ff58aa944b1
hours:c46f54ffab1a986f38fb16f6,osm:node:11423808688,2,,open,390,1260,0,obs:95916941d2561ff58aa944b1
hours:d509be28bf210e0c51131fb3,osm:node:11423808688,3,,open,390,1260,0,obs:95916941d2561ff58aa944b1
hours:42ef4e6e535285799c8b4aca,osm:node:11423808688,4,,open,390,1260,0,obs:95916941d2561ff58aa944b1
hours:c719b8074a5f10dd9c0c5092,osm:node:11423808688,5,,open,390,1260,0,obs:95916941d2561ff58aa944b1
hours:576a0b35015eaadecb72d751,osm:node:11423808688,6,,open,390,1260,0,obs:95916941d2561ff58aa944b1
hours:608279c3636e6eeda82ca0aa,osm:node:11468718410,0,,open,360,1320,0,obs:c9cde36ee13355249e394958
hours:da6d96cd469ea456edee3f05,osm:node:11468718410,1,,open,360,1320,0,obs:c9cde36ee13355249e394958
hours:da782fbf7159f81049fe0a23,osm:node:11468718410,2,,open,360,1320,0,obs:c9cde36ee13355249e394958
hours:393dfbd5df3336a949b1a434,osm:node:11468718410,3,,open,360,1320,0,obs:c9cde36ee13355249e394958
hours:dd7847326603a9bf023d6fd0,osm:node:11468718410,4,,open,360,1320,0,obs:c9cde36ee13355249e394958
hours:61c5fdede703e731cd0f0297,osm:node:11468718410,5,,open,360,1320,0,obs:c9cde36ee13355249e394958
hours:9b5f47da495cd363850ed1a5,osm:node:11472430138,0,,open,600,840,0,obs:e525bda2d9a3e448b77484d4
hours:05315468ac85ed11f2f8c814,osm:node:11472430138,0,,open,1020,1320,0,obs:e525bda2d9a3e448b77484d4
hours:c9bb5b038f430ab594061cae,osm:node:11472430138,1,,open,600,840,0,obs:e525bda2d9a3e448b77484d4
hours:1987d80dade9608dc5038c7f,osm:node:11472430138,1,,open,1020,1320,0,obs:e525bda2d9a3e448b77484d4
hours:0147186122c6baebc84a7e16,osm:node:11472430138,2,,open,600,840,0,obs:e525bda2d9a3e448b77484d4
hours:5bfd8de81ec92e7e529f19ca,osm:node:11472430138,2,,open,1020,1320,0,obs:e525bda2d9a3e448b77484d4
hours:f17bdf95243c63e30ed9d51a,osm:node:11472430138,3,,open,600,840,0,obs:e525bda2d9a3e448b77484d4
hours:0d576adadc8d8f6d0b19c264,osm:node:11472430138,3,,open,1020,1320,0,obs:e525bda2d9a3e448b77484d4
hours:95dac5c74cf9abd96b24b22f,osm:node:11472430138,4,,open,600,840,0,obs:e525bda2d9a3e448b77484d4
hours:8dc58fa1777811eb2b7cf7ba,osm:node:11472430138,4,,open,1020,1320,0,obs:e525bda2d9a3e448b77484d4
hours:093ec532537e0483f5e31f22,osm:node:11472430138,5,,open,600,840,0,obs:e525bda2d9a3e448b77484d4
hours:1aea8decf68718bf359f5883,osm:node:11472430138,5,,open,1020,1320,0,obs:e525bda2d9a3e448b77484d4
hours:148aa264d0ebc865968c9716,osm:node:11472430138,6,,open,600,840,0,obs:e525bda2d9a3e448b77484d4
hours:ab90c6c6a5d602b5d0a5df65,osm:node:11472430138,6,,open,1020,1320,0,obs:e525bda2d9a3e448b77484d4
hours:be2d7801dacbaeda11ea93ed,osm:node:11476192647,0,,open,600,840,0,obs:9841c5e6fae2ed2fed980b3e
hours:c0190c44c1c2173527b63771,osm:node:11476192647,0,,open,1020,1320,0,obs:9841c5e6fae2ed2fed980b3e
hours:501216057f3469768e6bf759,osm:node:11476192647,1,,open,600,840,0,obs:9841c5e6fae2ed2fed980b3e
hours:8155b015a4c1d298fd1c60a8,osm:node:11476192647,1,,open,1020,1320,0,obs:9841c5e6fae2ed2fed980b3e
hours:cb8c0573285a1fb190ba08fd,osm:node:11476192647,2,,open,600,840,0,obs:9841c5e6fae2ed2fed980b3e
hours:f02d259caacce62a5fcf3e66,osm:node:11476192647,2,,open,1020,1320,0,obs:9841c5e6fae2ed2fed980b3e
hours:4ec9ad0157d9749f70b72a1c,osm:node:11476192647,3,,open,600,840,0,obs:9841c5e6fae2ed2fed980b3e
hours:5be4df3e533caed13b3c616c,osm:node:11476192647,3,,open,1020,1320,0,obs:9841c5e6fae2ed2fed980b3e
hours:79fa611675a87ed5617c6f92,osm:node:11476192647,4,,open,600,840,0,obs:9841c5e6fae2ed2fed980b3e
hours:431beacd1bcf05fdcbb3e83c,osm:node:11476192647,4,,open,1020,1320,0,obs:9841c5e6fae2ed2fed980b3e
hours:c0e3a45703152b2ee62fe9ea,osm:node:11476192647,5,,open,600,840,0,obs:9841c5e6fae2ed2fed980b3e
hours:e9f1ddbb1ae79d54159c2440,osm:node:11476192647,5,,open,1020,1320,0,obs:9841c5e6fae2ed2fed980b3e
hours:67ceeb7c1ab650b280933c69,osm:node:11476192647,6,,open,600,840,0,obs:9841c5e6fae2ed2fed980b3e
hours:21b2f3b93245ccecb82a852c,osm:node:11476192647,6,,open,1020,1320,0,obs:9841c5e6fae2ed2fed980b3e
hours:31cfa11a086ffb03d81cee1c,osm:node:11491092585,0,,open,480,825,0,obs:c678491b348cd4bbd8bdaae3
hours:464462f519917dc9e470596c,osm:node:11491092585,0,,open,1065,1320,0,obs:c678491b348cd4bbd8bdaae3
hours:6ef375a5373fe6da0799786d,osm:node:11491092585,1,,open,480,825,0,obs:c678491b348cd4bbd8bdaae3
hours:1bd523588d005e5affe09095,osm:node:11491092585,1,,open,1065,1320,0,obs:c678491b348cd4bbd8bdaae3
hours:16385389be5f5303de6dd8b3,osm:node:11491092585,2,,open,480,825,0,obs:c678491b348cd4bbd8bdaae3
hours:c966197420c7470dca6b404f,osm:node:11491092585,2,,open,1065,1320,0,obs:c678491b348cd4bbd8bdaae3
hours:27189c4376d27a3d93233a2d,osm:node:11491092585,3,,open,480,825,0,obs:c678491b348cd4bbd8bdaae3
hours:6c772bb74c95a401903e9f38,osm:node:11491092585,3,,open,1065,1320,0,obs:c678491b348cd4bbd8bdaae3
hours:1196a90c0452df08d9f0ca52,osm:node:11491092585,4,,open,480,825,0,obs:c678491b348cd4bbd8bdaae3
hours:176ecb38724d73a036d70aa7,osm:node:11491092585,4,,open,1065,1320,0,obs:c678491b348cd4bbd8bdaae3
hours:b67d0d752709b8879cbe0148,osm:node:11491092585,5,,open,480,825,0,obs:c678491b348cd4bbd8bdaae3
hours:e5e96ac18fb53104f2303755,osm:node:11491092585,5,,open,1065,1320,0,obs:c678491b348cd4bbd8bdaae3
hours:adea5cdf3b9c40e7bbbdc1f7,osm:node:11491092585,6,,open,480,825,0,obs:c678491b348cd4bbd8bdaae3
hours:7f2427037aab077278a1a4e2,osm:node:11491092585,6,,open,1065,1320,0,obs:c678491b348cd4bbd8bdaae3
hours:1e07b62cdb022fbfa31b9451,osm:node:11500070697,0,,open,630,870,0,obs:43befe82a90c240eb87f5d43
hours:c39490aca6f53c7d51c7de93,osm:node:11500070697,0,,open,1050,1350,0,obs:43befe82a90c240eb87f5d43
hours:da1439eda70ce8d416e5e7af,osm:node:11500070697,1,,open,630,870,0,obs:43befe82a90c240eb87f5d43
hours:308906d5f3dc7300477cef58,osm:node:11500070697,1,,open,1050,1350,0,obs:43befe82a90c240eb87f5d43
hours:d984e3bc76f1e95366607f5e,osm:node:11500070697,2,,open,630,870,0,obs:43befe82a90c240eb87f5d43
hours:f049889e113bfd9f1df78ed9,osm:node:11500070697,2,,open,1050,1350,0,obs:43befe82a90c240eb87f5d43
hours:0109f8686432aef37ed8336d,osm:node:11500070697,3,,open,630,870,0,obs:43befe82a90c240eb87f5d43
hours:08b26d7718da8ba07d0162fb,osm:node:11500070697,3,,open,1050,1350,0,obs:43befe82a90c240eb87f5d43
hours:e6c36ebcbf5f5539fe915fa7,osm:node:11500070697,4,,open,630,870,0,obs:43befe82a90c240eb87f5d43
hours:75d533e9bf6a54a9e778757d,osm:node:11500070697,4,,open,1050,1350,0,obs:43befe82a90c240eb87f5d43
hours:a255c5cc57fee4f21afdf273,osm:node:11500070697,5,,open,630,870,0,obs:43befe82a90c240eb87f5d43
hours:72718828884501570f435f52,osm:node:11500070697,5,,open,1050,1350,0,obs:43befe82a90c240eb87f5d43
hours:7b373ad4e44b52c2a6b07021,osm:node:11500070697,6,,open,630,870,0,obs:43befe82a90c240eb87f5d43
hours:52c442d4e2722846693108d5,osm:node:11500070697,6,,open,1050,1350,0,obs:43befe82a90c240eb87f5d43
hours:475b5bd8107360f92e4e438b,osm:node:11505669842,0,,open,570,1290,0,obs:481417426e3fdd8cb37d8c6b
hours:b4b74b0af82bd4e93c1c4ffd,osm:node:11505669842,1,,open,570,1290,0,obs:481417426e3fdd8cb37d8c6b
hours:2ff908b25d4444a4684bd165,osm:node:11505669842,2,,open,570,1290,0,obs:481417426e3fdd8cb37d8c6b
hours:cfb8db5053ba4bd712361acf,osm:node:11505669842,3,,open,570,1290,0,obs:481417426e3fdd8cb37d8c6b
hours:e8ed51aa38719921d428cced,osm:node:11505669842,4,,open,570,1290,0,obs:481417426e3fdd8cb37d8c6b
hours:d6d8dea92b16d771a0910084,osm:node:11505669842,5,,open,570,1290,0,obs:481417426e3fdd8cb37d8c6b
hours:9cfa069e4883b7904bbbc2ae,osm:node:11505669842,6,,open,570,1290,0,obs:481417426e3fdd8cb37d8c6b
hours:5374d649d9b1cc5d42bf628f,osm:node:11510069960,0,,open,420,1320,0,obs:6ff6d785c1b52ce69ce1fc2e
hours:ffe7ae57cb84910078ccdafc,osm:node:11510069960,1,,open,420,1320,0,obs:6ff6d785c1b52ce69ce1fc2e
hours:e8f9b9fa4fabd98853877ab1,osm:node:11510069960,2,,open,420,1320,0,obs:6ff6d785c1b52ce69ce1fc2e
hours:3e8242df88efae49855380c5,osm:node:11510069960,3,,open,420,1320,0,obs:6ff6d785c1b52ce69ce1fc2e
hours:dbdfc0b94f099eae5fda4bb3,osm:node:11510069960,4,,open,420,1320,0,obs:6ff6d785c1b52ce69ce1fc2e
hours:868c58689c52a53cb35601ac,osm:node:11510069960,5,,open,420,1320,0,obs:6ff6d785c1b52ce69ce1fc2e
hours:88ebb9d9806571b8532f5f61,osm:node:11510069960,6,,open,420,1320,0,obs:6ff6d785c1b52ce69ce1fc2e
hours:7ff4a5810c420b619588b27e,osm:node:11563157244,0,,open,390,1410,0,obs:53cfd98521130be7ecd9e251
hours:fc184758983127829d9d0e9d,osm:node:11563157244,1,,open,390,1410,0,obs:53cfd98521130be7ecd9e251
hours:a5ed06e0793ea8ce6a0b587c,osm:node:11563157244,2,,open,390,1410,0,obs:53cfd98521130be7ecd9e251
hours:591418a582b0f78dafbf620a,osm:node:11563157244,3,,open,390,1410,0,obs:53cfd98521130be7ecd9e251
hours:5334738d547e40548aead2b1,osm:node:11563157244,4,,open,390,1410,0,obs:53cfd98521130be7ecd9e251
hours:21e0d71783a4cffe74a97a97,osm:node:11563157244,5,,open,390,1410,0,obs:53cfd98521130be7ecd9e251
hours:aa9c5ef6a209b3e4c264a1cc,osm:node:11563157244,6,,open,390,1410,0,obs:53cfd98521130be7ecd9e251
hours:7276d044279f545572e9ac0a,osm:node:11563281096,0,,open,600,1320,0,obs:22fba7ba575540b75ed7e357
hours:313dc1cce724d16efa514f4d,osm:node:11563281096,1,,open,600,1320,0,obs:22fba7ba575540b75ed7e357
hours:e0521ef3f1128a2c9637fade,osm:node:11563281096,2,,open,600,1320,0,obs:22fba7ba575540b75ed7e357
hours:398f693fd253a2dd4fbf5e79,osm:node:11563281096,3,,open,600,1320,0,obs:22fba7ba575540b75ed7e357
hours:7998828d62823de358b919a8,osm:node:11563281096,4,,open,600,1320,0,obs:22fba7ba575540b75ed7e357
hours:52a83460683b423835e218db,osm:node:11563281096,5,,open,600,1320,0,obs:22fba7ba575540b75ed7e357
hours:71b48a188e3ccb7a5bbf8945,osm:node:11563281096,6,,open,600,1320,0,obs:22fba7ba575540b75ed7e357
hours:215d42d88285ee392eaa94ef,osm:node:11578155524,0,,open,480,1320,0,obs:8770945946ed5cdec84063b5
hours:5fa443611f785b584518a7ef,osm:node:11578155524,1,,open,480,1320,0,obs:8770945946ed5cdec84063b5
hours:d897ce0708cdbbd7d3c0c9fb,osm:node:11578155524,2,,open,480,1320,0,obs:8770945946ed5cdec84063b5
hours:9b86940be2543672d09b72e3,osm:node:11578155524,3,,open,480,1320,0,obs:8770945946ed5cdec84063b5
hours:79d1e1b29d3eeb2f4292268b,osm:node:11578155524,4,,open,480,1320,0,obs:8770945946ed5cdec84063b5
hours:8595a3f380666c4aa93ff9aa,osm:node:11578155524,5,,open,480,1320,0,obs:8770945946ed5cdec84063b5
hours:f83add00b41c4879021021c9,osm:node:11578155524,6,,open,480,1320,0,obs:8770945946ed5cdec84063b5
hours:43de4bf46c86df773be9a1ed,osm:node:11586914777,0,,open,420,1380,0,obs:98b83f16f0c84de77a7ff4d7
hours:202c6fe7ea648a5106812935,osm:node:11586914777,1,,open,420,1380,0,obs:98b83f16f0c84de77a7ff4d7
hours:76ec247b646bf5147faf4011,osm:node:11586914777,2,,open,420,1380,0,obs:98b83f16f0c84de77a7ff4d7
hours:a191b7388ec05a513b9cc08f,osm:node:11586914777,3,,open,420,1380,0,obs:98b83f16f0c84de77a7ff4d7
hours:4a24ec9b85b298fa9ca82112,osm:node:11586914777,4,,open,420,1380,0,obs:98b83f16f0c84de77a7ff4d7
hours:3a9f2c7b499f5f2849fd404d,osm:node:11586914777,5,,open,420,1380,0,obs:98b83f16f0c84de77a7ff4d7
hours:56ec686633be02c38b051b33,osm:node:11586914777,6,,open,420,1380,0,obs:98b83f16f0c84de77a7ff4d7
hours:6a3cf70bf6410b19e70bc005,osm:node:11591740420,0,,open,570,840,0,obs:5270fbb51dd20543bb632793
hours:1260a9da55c167a44ce75f7e,osm:node:11591740420,0,,open,1020,1320,0,obs:5270fbb51dd20543bb632793
hours:12b3de25c5c20491c6e9407f,osm:node:11591740420,1,,open,570,840,0,obs:5270fbb51dd20543bb632793
hours:da2eea6e9c01ae450f8d73f2,osm:node:11591740420,1,,open,1020,1320,0,obs:5270fbb51dd20543bb632793
hours:2010536346343a265e615f54,osm:node:11591740420,2,,open,570,840,0,obs:5270fbb51dd20543bb632793
hours:c23a5bbbae30b48a7b60c471,osm:node:11591740420,2,,open,1020,1320,0,obs:5270fbb51dd20543bb632793
hours:24174fbca4c8d926fe59edb5,osm:node:11591740420,3,,open,570,840,0,obs:5270fbb51dd20543bb632793
hours:6ebcee26885cdad54f49b6f7,osm:node:11591740420,3,,open,1020,1320,0,obs:5270fbb51dd20543bb632793
hours:981960eb889891d5904f73c5,osm:node:11591740420,4,,open,570,840,0,obs:5270fbb51dd20543bb632793
hours:185960cac63b4be34576fdf5,osm:node:11591740420,4,,open,1020,1320,0,obs:5270fbb51dd20543bb632793
hours:3d22c8001b0be6369a126b44,osm:node:11591740420,5,,open,570,840,0,obs:5270fbb51dd20543bb632793
hours:d39cce736ae47f3e33174754,osm:node:11591740420,5,,open,1020,1320,0,obs:5270fbb51dd20543bb632793
hours:07d2ef7b93685f8141ecc8dd,osm:node:11591740420,6,,open,570,840,0,obs:5270fbb51dd20543bb632793
hours:b65636f9dcfc88bd6288d3f4,osm:node:11591740420,6,,open,1020,1320,0,obs:5270fbb51dd20543bb632793
hours:b7d0a84a1a6d34be0a93f189,osm:node:11602260469,0,,open,420,1320,0,obs:7d8eddeaac945eba1454cdf9
hours:cc5ddaf8875eadd286c9f9e6,osm:node:11602260469,1,,open,420,1320,0,obs:7d8eddeaac945eba1454cdf9
hours:0453f771de29e04344812c81,osm:node:11602260469,2,,open,420,1320,0,obs:7d8eddeaac945eba1454cdf9
hours:159435d98271d1066755d2d6,osm:node:11602260469,3,,open,420,1320,0,obs:7d8eddeaac945eba1454cdf9
hours:06144454074456b1fd6a024f,osm:node:11602260469,4,,open,420,1320,0,obs:7d8eddeaac945eba1454cdf9
hours:80e76da1fe68e2b4975f2032,osm:node:11602260469,5,,open,420,1320,0,obs:7d8eddeaac945eba1454cdf9
hours:6af57261e0f6c16d1b30aeb0,osm:node:11602260469,6,,open,420,1320,0,obs:7d8eddeaac945eba1454cdf9
hours:5da046ef83d94282a19a7079,osm:node:11609574104,0,,open,480,960,0,obs:7d52b8ef88b23b21719a8c2b
hours:3190c12a99d56b9c8e9f4d29,osm:node:11609574104,1,,open,480,960,0,obs:7d52b8ef88b23b21719a8c2b
hours:8d1cb721414f09437dcd9d49,osm:node:11609574104,2,,open,480,960,0,obs:7d52b8ef88b23b21719a8c2b
hours:ac04c92bcc9f53aca1be7919,osm:node:11609574104,3,,open,480,960,0,obs:7d52b8ef88b23b21719a8c2b
hours:b4a3b9cdfe23b80fe91b93c9,osm:node:11609574104,4,,open,480,960,0,obs:7d52b8ef88b23b21719a8c2b
hours:307f3611e133639781f46041,osm:node:11609574104,5,,open,480,960,0,obs:7d52b8ef88b23b21719a8c2b
hours:587fc59b70421a5f96998bbb,osm:node:11609574104,6,,open,480,960,0,obs:7d52b8ef88b23b21719a8c2b
hours:bbb033ab7d3285b7b14e93fa,osm:node:11609602708,0,,open,660,1380,0,obs:0269d7683e0ecd115d831b6b
hours:3e53f7fcecf00046190fbb51,osm:node:11609602708,1,,open,660,1380,0,obs:0269d7683e0ecd115d831b6b
hours:58c89957045791cbf3c557c5,osm:node:11609602708,2,,open,660,1380,0,obs:0269d7683e0ecd115d831b6b
hours:f1a6302a21a7b4396eee46ac,osm:node:11609602708,3,,open,660,1380,0,obs:0269d7683e0ecd115d831b6b
hours:6644cdaf84a462e0a29b4886,osm:node:11609602708,4,,open,660,1380,0,obs:0269d7683e0ecd115d831b6b
hours:55d253a42b5d287091e11568,osm:node:11609602708,5,,open,690,1380,0,obs:0269d7683e0ecd115d831b6b
hours:18bb88573c2e118960351d3f,osm:node:11609602708,6,,open,690,1380,0,obs:0269d7683e0ecd115d831b6b
hours:395cecf66502a11e3e1f782f,osm:node:11612238469,0,,open,360,1320,0,obs:d243dbcb52845cffc19a2179
hours:b233f98cfa6c33ac14e83d74,osm:node:11612238469,1,,open,360,1320,0,obs:d243dbcb52845cffc19a2179
hours:c1de25053cfc54982477358f,osm:node:11612238469,2,,open,360,1320,0,obs:d243dbcb52845cffc19a2179
hours:52bba4e90a416ea2f9ee2acf,osm:node:11612238469,3,,open,360,1320,0,obs:d243dbcb52845cffc19a2179
hours:897095f8bf493c71bc0e3efc,osm:node:11612238469,4,,open,360,1320,0,obs:d243dbcb52845cffc19a2179
hours:a1938e4a839bca23bcedbe28,osm:node:11612238469,5,,open,360,1320,0,obs:d243dbcb52845cffc19a2179
hours:00835d82ff5301b2ff2e23ab,osm:node:11612238469,6,,open,360,1320,0,obs:d243dbcb52845cffc19a2179
hours:feaa7f1fcfc02753bade2b87,osm:node:11615961397,0,,open,420,1380,0,obs:88187c115243c4ac315f0e91
hours:b8deb87fd3b854cbe3fc3de6,osm:node:11615961397,1,,open,420,1380,0,obs:88187c115243c4ac315f0e91
hours:9e3fa199d302b4a75b328bc4,osm:node:11615961397,2,,open,420,1380,0,obs:88187c115243c4ac315f0e91
hours:3c588dbb86bb28b14d397742,osm:node:11615961397,3,,open,420,1380,0,obs:88187c115243c4ac315f0e91
hours:2af7f5893da7279b1beb9e98,osm:node:11615961397,4,,open,420,1380,0,obs:88187c115243c4ac315f0e91
hours:537cc764d618fbc68943deb2,osm:node:11615961397,5,,open,420,1380,0,obs:88187c115243c4ac315f0e91
hours:3baa78d25702e75c3dbecdd9,osm:node:11615961397,6,,open,420,1380,0,obs:88187c115243c4ac315f0e91
hours:bdc6f6b84d2c6d2d253a1980,osm:node:11625397943,0,,open,600,1380,0,obs:c1aab064c9759d4d7d4bf184
hours:819ea6e337f1aa050bd1f5dc,osm:node:11625397943,1,,open,600,1380,0,obs:c1aab064c9759d4d7d4bf184
hours:7e3b06698d658954ab929ef4,osm:node:11625397943,2,,open,600,1380,0,obs:c1aab064c9759d4d7d4bf184
hours:5a33e3d7090d467f9ab495da,osm:node:11625397943,3,,open,600,1380,0,obs:c1aab064c9759d4d7d4bf184
hours:33bdbde2a7e8ddaee4616e45,osm:node:11625397943,4,,open,600,1380,0,obs:c1aab064c9759d4d7d4bf184
hours:ff8066ec76afc691fa007c53,osm:node:11625397943,5,,open,600,1380,0,obs:c1aab064c9759d4d7d4bf184
hours:4bb44c86a2f72e4299ae55b0,osm:node:11625397943,6,,open,600,1380,0,obs:c1aab064c9759d4d7d4bf184
hours:27d78286c4e6f70bad83a04f,osm:node:11644509069,0,,open,540,1080,0,obs:0aafe74ce64c5df59d05bf6e
hours:2b8082d954761ba94e6ad8e8,osm:node:11644509069,1,,open,540,1080,0,obs:0aafe74ce64c5df59d05bf6e
hours:dcc1baeb5c66c73b650222df,osm:node:11644509069,2,,open,540,1080,0,obs:0aafe74ce64c5df59d05bf6e
hours:78bbd91f4f3eb24f7de4207c,osm:node:11644509069,3,,open,540,1080,0,obs:0aafe74ce64c5df59d05bf6e
hours:63c7aa4531728ff4ce78eab0,osm:node:11644509069,4,,open,540,1080,0,obs:0aafe74ce64c5df59d05bf6e
hours:9dae0d9405083bcc569097f6,osm:node:11644509069,5,,open,540,1080,0,obs:0aafe74ce64c5df59d05bf6e
hours:b1b4c289aedb77042513f269,osm:node:11644509069,6,,open,540,1080,0,obs:0aafe74ce64c5df59d05bf6e
hours:9aebdd2a3db12caa69f089e3,osm:node:11644514823,0,,open,480,1380,0,obs:a6d4fed8a87cbe596df0b7cc
hours:6c4ab6ae649f8dd3cf79735a,osm:node:11644514823,1,,open,480,1380,0,obs:a6d4fed8a87cbe596df0b7cc
hours:ce792703533aa2ab7a9852fe,osm:node:11644514823,2,,open,480,1380,0,obs:a6d4fed8a87cbe596df0b7cc
hours:22c6890978a4110625050c88,osm:node:11644514823,3,,open,480,1380,0,obs:a6d4fed8a87cbe596df0b7cc
hours:a08f6fb383aa467bc36dc868,osm:node:11644514823,4,,open,480,1380,0,obs:a6d4fed8a87cbe596df0b7cc
hours:8a1c41c599f62c05636501a4,osm:node:11644514823,5,,open,480,1380,0,obs:a6d4fed8a87cbe596df0b7cc
hours:337be4c4eac1f8de8255f68a,osm:node:11644514823,6,,open,480,1380,0,obs:a6d4fed8a87cbe596df0b7cc
hours:3307e457a54828b5d1c1ad64,osm:node:11645156888,0,,open,480,1380,0,obs:1254bc9d1e0d255650c564a4
hours:e75b407093c2844d51bf7ce9,osm:node:11645156888,1,,open,480,1380,0,obs:1254bc9d1e0d255650c564a4
hours:1f90b3ba8b35fb08fd37fe87,osm:node:11645156888,2,,open,480,1380,0,obs:1254bc9d1e0d255650c564a4
hours:d495e93a2dea3b813232a083,osm:node:11645156888,3,,open,480,1380,0,obs:1254bc9d1e0d255650c564a4
hours:402fb1219f8313302e1b02f3,osm:node:11645156888,4,,open,480,1380,0,obs:1254bc9d1e0d255650c564a4
hours:a06e807b314e486fe349adf2,osm:node:11645156888,5,,open,480,1380,0,obs:1254bc9d1e0d255650c564a4
hours:871a9eb139c0acb97be98965,osm:node:11645156888,6,,open,480,1380,0,obs:1254bc9d1e0d255650c564a4
hours:0dd5644ba870545ff60e0dc6,osm:node:11645353169,0,,open,600,1380,0,obs:22c6ceec9190c1bcef7c4bc3
hours:ae8078b2fd14d41be573b9a5,osm:node:11645353169,1,,open,600,1380,0,obs:22c6ceec9190c1bcef7c4bc3
hours:eedb8f6743fae21d4a1cebca,osm:node:11645353169,2,,open,600,1380,0,obs:22c6ceec9190c1bcef7c4bc3
hours:b9c3c7328e0da22436e956e9,osm:node:11645353169,3,,open,600,1380,0,obs:22c6ceec9190c1bcef7c4bc3
hours:3b1e11223312a2bd5645ad04,osm:node:11645353169,4,,open,600,1380,0,obs:22c6ceec9190c1bcef7c4bc3
hours:95b05e264333cfd80fac25c0,osm:node:11645353169,5,,open,600,1380,0,obs:22c6ceec9190c1bcef7c4bc3
hours:8bcdee64f04068cee1500d8c,osm:node:11645353169,6,,open,600,1380,0,obs:22c6ceec9190c1bcef7c4bc3
hours:090789a30831bf8bfb335c05,osm:node:11652527569,0,,open,600,1140,0,obs:f61e8ee95928209ea49f757a
hours:722812388bfb698a9524b1dd,osm:node:11652527569,1,,open,600,1140,0,obs:f61e8ee95928209ea49f757a
hours:d34b224fa900eef930c059cc,osm:node:11652527569,2,,open,600,1140,0,obs:f61e8ee95928209ea49f757a
hours:b265a039d6906c74de25b38d,osm:node:11652527569,3,,open,600,1140,0,obs:f61e8ee95928209ea49f757a
hours:54c960866e4a8b0ad9c4e04f,osm:node:11652527569,4,,open,600,1140,0,obs:f61e8ee95928209ea49f757a
hours:56e62c7199f2cf5740e179a5,osm:node:11652527569,5,,open,600,1140,0,obs:f61e8ee95928209ea49f757a
hours:dbacb71109d32d7054dc5951,osm:node:11652768539,0,,open,360,1320,0,obs:53bde0a3dfbd846f828172c6
hours:3a11a9900744502793321655,osm:node:11652768539,1,,open,360,1320,0,obs:53bde0a3dfbd846f828172c6
hours:b35f2b50d76f51dca10050c4,osm:node:11652768539,2,,open,360,1320,0,obs:53bde0a3dfbd846f828172c6
hours:d1ad17bdf15120256b01cdd4,osm:node:11652768539,3,,open,360,1320,0,obs:53bde0a3dfbd846f828172c6
hours:8eae5d85fec6ad18c70e37f3,osm:node:11652768539,4,,open,360,1320,0,obs:53bde0a3dfbd846f828172c6
hours:cb508575f3ef7b527709edf5,osm:node:11652768539,5,,open,360,1320,0,obs:53bde0a3dfbd846f828172c6
hours:e60edaca7af797bd03eb9488,osm:node:11652768539,6,,open,360,1320,0,obs:53bde0a3dfbd846f828172c6
hours:60d00af0bf3b75b7cd457737,osm:node:11655061818,0,,open,600,1320,0,obs:4f9846b7176bfcd3a8171bf5
hours:f0c53b87280321d40f15187b,osm:node:11655061818,1,,open,600,1320,0,obs:4f9846b7176bfcd3a8171bf5
hours:b741f495b70c19c757996c87,osm:node:11655061818,2,,open,600,1320,0,obs:4f9846b7176bfcd3a8171bf5
hours:d592cd813f0cdbcd0831445f,osm:node:11655061818,3,,open,600,1320,0,obs:4f9846b7176bfcd3a8171bf5
hours:687540e124fccf930abeda78,osm:node:11655061818,4,,open,600,1320,0,obs:4f9846b7176bfcd3a8171bf5
hours:a4c968fc73c67513042d0332,osm:node:11655061818,5,,open,600,1320,0,obs:4f9846b7176bfcd3a8171bf5
hours:80416a1e90f532bc73222796,osm:node:11655061818,6,,open,600,1320,0,obs:4f9846b7176bfcd3a8171bf5
hours:03b7d61464fd5fb8084ff938,osm:node:11659995709,0,,open,540,1350,0,obs:ce0eb2132047efa60b638803
hours:962345f47b00e82e083f6ded,osm:node:11659995709,1,,open,540,1350,0,obs:ce0eb2132047efa60b638803
hours:ee3866f588671eb87a571fb6,osm:node:11659995709,2,,open,540,1350,0,obs:ce0eb2132047efa60b638803
hours:4b172dfd094453157be3f17f,osm:node:11659995709,3,,open,540,1350,0,obs:ce0eb2132047efa60b638803
hours:556dff208d522e6e73798b74,osm:node:11659995709,4,,open,540,1350,0,obs:ce0eb2132047efa60b638803
hours:c536e6733f0f3ec2f1141a14,osm:node:11659995709,5,,open,540,1350,0,obs:ce0eb2132047efa60b638803
hours:c8f6bf2a5d41fce4cb64082c,osm:node:11659995709,6,,open,540,1350,0,obs:ce0eb2132047efa60b638803
hours:624e5228ee52ce29c06d59f6,osm:node:11659995710,1,,open,600,840,0,obs:6db1ad4ee03df3fd119729c2
hours:8c7de488e3c4e0da115c72c8,osm:node:11659995710,1,,open,1020,1260,0,obs:6db1ad4ee03df3fd119729c2
hours:cd4a6e2c7c037dc3f03e38fd,osm:node:11659995710,2,,open,600,840,0,obs:6db1ad4ee03df3fd119729c2
hours:d27222ae7cee06cc51e4b674,osm:node:11659995710,2,,open,1020,1260,0,obs:6db1ad4ee03df3fd119729c2
hours:d4afcfc747098e74da0f58a2,osm:node:11659995710,3,,open,600,840,0,obs:6db1ad4ee03df3fd119729c2
hours:ab4f0a794d81cb68379d702d,osm:node:11659995710,3,,open,1020,1260,0,obs:6db1ad4ee03df3fd119729c2
hours:88163a7379a7ea3e43fa507e,osm:node:11659995710,4,,open,600,840,0,obs:6db1ad4ee03df3fd119729c2
hours:f988c37f5825494ad8ce4d24,osm:node:11659995710,4,,open,1020,1260,0,obs:6db1ad4ee03df3fd119729c2
hours:218ce7733d91bd4a7116b5ab,osm:node:11659995710,5,,open,600,840,0,obs:6db1ad4ee03df3fd119729c2
hours:5c86334ad37a0956267c5f01,osm:node:11659995710,5,,open,1020,1260,0,obs:6db1ad4ee03df3fd119729c2
hours:673faae047df2ea9e2b0d26e,osm:node:11659995710,6,,open,600,840,0,obs:6db1ad4ee03df3fd119729c2
hours:c8b5e11f164d98c2f7479cd2,osm:node:11659995710,6,,open,1020,1260,0,obs:6db1ad4ee03df3fd119729c2
hours:5e2e9a3ba2dde135246951de,osm:node:11663157215,0,,open,420,1350,0,obs:da49f0c5b94de350f3e055f2
hours:ea2183e09fb8a1ee44755d44,osm:node:11663157215,1,,open,420,1350,0,obs:da49f0c5b94de350f3e055f2
hours:920d0e0d157cf44b932889a9,osm:node:11663157215,2,,open,420,1350,0,obs:da49f0c5b94de350f3e055f2
hours:0a199e1ebc2b413157f731be,osm:node:11663157215,3,,open,420,1350,0,obs:da49f0c5b94de350f3e055f2
hours:3e4872e0d3b074e6d4ce1d18,osm:node:11663157215,5,,open,420,1380,0,obs:da49f0c5b94de350f3e055f2
hours:1ee769a5c48572e089fa6243,osm:node:11663157215,6,,open,420,1380,0,obs:da49f0c5b94de350f3e055f2
hours:d047d3f7d60d67d60a73073c,osm:node:11672789769,0,,open,840,1380,0,obs:d79a2f5d269f559650367df1
hours:ba444ebc783d855c580eb9d6,osm:node:11672789769,1,,open,840,1380,0,obs:d79a2f5d269f559650367df1
hours:fb9210f57246632c01ae7ce2,osm:node:11672789769,2,,open,840,1380,0,obs:d79a2f5d269f559650367df1
hours:727e0b1aec9418767e6108c8,osm:node:11672789769,3,,open,840,1380,0,obs:d79a2f5d269f559650367df1
hours:cea4af0aaf2d013dc4e0b26e,osm:node:11672789769,4,,open,840,1380,0,obs:d79a2f5d269f559650367df1
hours:68bc3c7e9729bc1794b5a1c4,osm:node:11672789769,5,,open,840,1380,0,obs:d79a2f5d269f559650367df1
hours:de79226efdaf9f5d291de183,osm:node:11672789769,6,,open,840,1380,0,obs:d79a2f5d269f559650367df1
hours:df4a3565fd125ceeaa31ff6f,osm:node:11675163969,0,,open,390,1380,0,obs:c1a534ca555e5afae4f28dbb
hours:c0e11e622a188edd71983271,osm:node:11675163969,1,,open,390,1380,0,obs:c1a534ca555e5afae4f28dbb
hours:4033121592e3a5df5cd11496,osm:node:11675163969,2,,open,390,1380,0,obs:c1a534ca555e5afae4f28dbb
hours:04666a2fca55633184ab43c3,osm:node:11675163969,3,,open,390,1380,0,obs:c1a534ca555e5afae4f28dbb
hours:fcd0c028a0fdb1f4cff1685f,osm:node:11675163969,4,,open,390,1380,0,obs:c1a534ca555e5afae4f28dbb
hours:97c64c951d29fc22c8d6978e,osm:node:11675163969,5,,open,390,1380,0,obs:c1a534ca555e5afae4f28dbb
hours:bd6c18bcb78a3f65b7e01888,osm:node:11675163969,6,,open,390,1380,0,obs:c1a534ca555e5afae4f28dbb
hours:adbbe784905eb6e911b6f63e,osm:node:11676649769,0,,open,420,1410,0,obs:3ab50c004edfd04d12907e36
hours:3fdbe2ee06d9a578905fa76b,osm:node:11676649769,1,,open,420,1410,0,obs:3ab50c004edfd04d12907e36
hours:c896f88387b35692e17ba31e,osm:node:11676649769,2,,open,420,1410,0,obs:3ab50c004edfd04d12907e36
hours:88334755451faf9861f108dd,osm:node:11676649769,3,,open,420,1410,0,obs:3ab50c004edfd04d12907e36
hours:b4d700d2103ec4c02bd80e5a,osm:node:11676649769,4,,open,420,1410,0,obs:3ab50c004edfd04d12907e36
hours:b901f3e4e37b02c6e7ab3a2e,osm:node:11676649769,5,,open,420,1410,0,obs:3ab50c004edfd04d12907e36
hours:2df2bef243d7e972bc07d5de,osm:node:11676649769,6,,open,420,1410,0,obs:3ab50c004edfd04d12907e36
hours:105833e079abbfa3e4a44b2b,osm:node:11676661169,0,,open,360,1425,0,obs:dddb0175986d9b4574b8c9d6
hours:49a6755c59eaed41f136fcdb,osm:node:11676661169,1,,open,360,1425,0,obs:dddb0175986d9b4574b8c9d6
hours:77fbdbe563e0bf83cd7b298d,osm:node:11676661169,2,,open,360,1425,0,obs:dddb0175986d9b4574b8c9d6
hours:3391e541e185c28b5821d7ef,osm:node:11676661169,3,,open,360,1425,0,obs:dddb0175986d9b4574b8c9d6
hours:567b11a3d8b269c0faf73f48,osm:node:11676661169,4,,open,360,1425,0,obs:dddb0175986d9b4574b8c9d6
hours:95b902441828ca7e404fc0aa,osm:node:11676661169,5,,open,360,1425,0,obs:dddb0175986d9b4574b8c9d6
hours:79b055fc07261c2ff549e7d9,osm:node:11676661169,6,,open,360,1425,0,obs:dddb0175986d9b4574b8c9d6
hours:c279415f4a0e04c1d129d060,osm:node:11683507069,0,,open,270,1350,0,obs:eaeced5950d2f280df130c7d
hours:191b596ab40df1ebabe418bd,osm:node:11683507069,1,,open,270,1350,0,obs:eaeced5950d2f280df130c7d
hours:fccad0f2177f8858a4d248a0,osm:node:11683507069,2,,open,270,1350,0,obs:eaeced5950d2f280df130c7d
hours:a51ad9ad0ce3ebb74f0737d1,osm:node:11683507069,3,,open,270,1350,0,obs:eaeced5950d2f280df130c7d
hours:7eb2def2785cac361e342757,osm:node:11683507069,4,,open,270,1350,0,obs:eaeced5950d2f280df130c7d
hours:d822a008f31732130464821c,osm:node:11683507069,5,,open,270,1350,0,obs:eaeced5950d2f280df130c7d
hours:31e2c122a6561db28ef83510,osm:node:11683507069,6,,open,270,1350,0,obs:eaeced5950d2f280df130c7d
hours:3d7dd39aadecbaf4a93d7900,osm:node:11684513272,0,,open,480,960,0,obs:b0e80499a55f0d74c87fb2e5
hours:b4eccba08dbb2c6bccb08404,osm:node:11684513272,1,,open,480,960,0,obs:b0e80499a55f0d74c87fb2e5
hours:326a94578e853e8b36fe8303,osm:node:11684513272,2,,open,480,960,0,obs:b0e80499a55f0d74c87fb2e5
hours:2fb36bfda2f1346edfd65ce6,osm:node:11684513272,3,,open,480,960,0,obs:b0e80499a55f0d74c87fb2e5
hours:1fd91c785425045b6cf94c07,osm:node:11684513272,4,,open,480,960,0,obs:b0e80499a55f0d74c87fb2e5
hours:86045268b41b5917f3815dca,osm:node:11684513272,5,,open,480,960,0,obs:b0e80499a55f0d74c87fb2e5
hours:0fa8e089f75e69fc928017b1,osm:node:11684513272,6,,open,480,960,0,obs:b0e80499a55f0d74c87fb2e5
hours:9427ace089ad614dc528a9b3,osm:node:11715206469,0,,open,570,1260,0,obs:b517a9e84c585ee8f365a014
hours:e986e5b20f78514b9d062db3,osm:node:11715206469,1,,open,570,1260,0,obs:b517a9e84c585ee8f365a014
hours:591baf04c9a8004b82fe20ac,osm:node:11715206469,2,,open,570,1260,0,obs:b517a9e84c585ee8f365a014
hours:31dc387805a689fe024ea9d4,osm:node:11715206469,3,,open,570,1260,0,obs:b517a9e84c585ee8f365a014
hours:8ae50a1295f60be5f5f28fdf,osm:node:11715206469,4,,open,570,1260,0,obs:b517a9e84c585ee8f365a014
hours:00134f5201f2ec33242dd0b0,osm:node:11715206469,5,,open,570,1260,0,obs:b517a9e84c585ee8f365a014
hours:1d409d8c3eb5119f414b25fd,osm:node:11715206469,6,,open,570,1260,0,obs:b517a9e84c585ee8f365a014
hours:608af5e50d12a53ad2d53eb4,osm:node:11726901669,0,,open,1050,810,1,obs:3b685b7e1f48791a66bad42a
hours:85d72711d6c6094584528823,osm:node:11726901669,1,,open,1050,810,1,obs:3b685b7e1f48791a66bad42a
hours:dbb623c502a10b442b8d9857,osm:node:11726901669,2,,open,1050,810,1,obs:3b685b7e1f48791a66bad42a
hours:fe7ae6dd27faae892c58b863,osm:node:11726901669,3,,open,1050,810,1,obs:3b685b7e1f48791a66bad42a
hours:4e2c206e70fb2f092f39af66,osm:node:11726901669,4,,open,1050,810,1,obs:3b685b7e1f48791a66bad42a
hours:7b9fa6744202b472b9b2393a,osm:node:11726901669,5,,open,1050,810,1,obs:3b685b7e1f48791a66bad42a
hours:529c9c703645ef6a98d18b9e,osm:node:11726901669,6,,open,1050,810,1,obs:3b685b7e1f48791a66bad42a
hours:0cfba466d3927a40092913c0,osm:node:11758839350,0,,open,600,1260,0,obs:552299f2844e8c8ba3302de1
hours:844006a1c8ac4734981df7db,osm:node:11758839350,1,,open,600,1260,0,obs:552299f2844e8c8ba3302de1
hours:ae6096a45d3354eab6c10f9b,osm:node:11758839350,2,,open,600,1260,0,obs:552299f2844e8c8ba3302de1
hours:533804867b2a8e851e3248d8,osm:node:11758839350,3,,open,600,1260,0,obs:552299f2844e8c8ba3302de1
hours:22920dee681b374a2a2676cf,osm:node:11758839350,4,,open,600,1260,0,obs:552299f2844e8c8ba3302de1
hours:669ef4cb929f182791ed690c,osm:node:11758839350,5,,open,600,1260,0,obs:552299f2844e8c8ba3302de1
hours:2a04ff90c1596b38210694fd,osm:node:11758839350,6,,open,600,1260,0,obs:552299f2844e8c8ba3302de1
hours:e71bdf4b6692af111919a002,osm:node:11795856089,0,,open,480,1200,0,obs:aa82ef404e0fc3f3fffe5667
hours:029380d952ce355378bbd734,osm:node:11795856089,1,,open,480,1200,0,obs:aa82ef404e0fc3f3fffe5667
hours:b0ca8c8f99af950351d641ec,osm:node:11795856089,2,,open,480,1200,0,obs:aa82ef404e0fc3f3fffe5667
hours:3eb7f0ea8caa4767170080b4,osm:node:11795856089,3,,open,480,1200,0,obs:aa82ef404e0fc3f3fffe5667
hours:7a6f930f661830473deb2336,osm:node:11795856089,4,,open,480,1200,0,obs:aa82ef404e0fc3f3fffe5667
hours:dc902501b8b96d482af978c6,osm:node:11795856089,5,,open,480,1200,0,obs:aa82ef404e0fc3f3fffe5667
hours:7161059768a3078b16c1fbb7,osm:node:11795856089,6,,open,480,1200,0,obs:aa82ef404e0fc3f3fffe5667
hours:2df5878a35c5561020b5a8bd,osm:node:11802021269,0,,closed,,,0,obs:5130a4a09867705859e0bf06
hours:2cbf3211ea9c7de437aec79f,osm:node:11802021269,1,,open,600,840,0,obs:5130a4a09867705859e0bf06
hours:ff07fb38771ae3b0d914dd02,osm:node:11802021269,1,,open,1080,1260,0,obs:5130a4a09867705859e0bf06
hours:b8dfdf4ad8dfe3f60eec03b1,osm:node:11802021269,2,,open,600,840,0,obs:5130a4a09867705859e0bf06
hours:271f4cd7bdba16d6677006c4,osm:node:11802021269,2,,open,1080,1260,0,obs:5130a4a09867705859e0bf06
hours:bc42f56cbdf2e8cd84d5f08e,osm:node:11802021269,3,,open,600,840,0,obs:5130a4a09867705859e0bf06
hours:b69024259892a5d929afd46c,osm:node:11802021269,3,,open,1080,1260,0,obs:5130a4a09867705859e0bf06
hours:b48874e16995f6b727fbfa1d,osm:node:11802021269,4,,open,600,840,0,obs:5130a4a09867705859e0bf06
hours:31cf6f33f5cf50b633b0ffdc,osm:node:11802021269,4,,open,1080,1260,0,obs:5130a4a09867705859e0bf06
hours:341bfbb67684c47c1ced092e,osm:node:11802021269,5,,open,600,840,0,obs:5130a4a09867705859e0bf06
hours:736d1fd6c6084bcf4d9b9780,osm:node:11802021269,5,,open,1080,1260,0,obs:5130a4a09867705859e0bf06
hours:75c0e41a83f3108352255b92,osm:node:11802021269,6,,open,600,840,0,obs:5130a4a09867705859e0bf06
hours:c47b81e93b21d233e13dd500,osm:node:11802021269,6,,open,1080,1260,0,obs:5130a4a09867705859e0bf06
hours:34f9b674eff79c73c422a926,osm:node:11832123091,0,,open,420,1320,0,obs:1399eedca6a45d85f1a32939
hours:82c518269c3ed8f00cd1ddae,osm:node:11832123091,1,,open,420,1320,0,obs:1399eedca6a45d85f1a32939
hours:5aac9f905c8b09987e869be2,osm:node:11832123091,2,,open,420,1320,0,obs:1399eedca6a45d85f1a32939
hours:a86675358e38bad126115184,osm:node:11832123091,3,,open,420,1320,0,obs:1399eedca6a45d85f1a32939
hours:3aa3626a495c94952c598a83,osm:node:11832123091,4,,open,420,1320,0,obs:1399eedca6a45d85f1a32939
hours:874445fcb26cee197bb954e4,osm:node:11832123091,5,,open,420,1320,0,obs:1399eedca6a45d85f1a32939
hours:54591045e5b744fda533a543,osm:node:11832123091,6,,open,420,1320,0,obs:1399eedca6a45d85f1a32939
hours:030a7a411018189dd06a55af,osm:node:11868094969,0,,open,420,840,0,obs:7e45fa7764172d32acabb34a
hours:fa01e2c73ef9311414ef0446,osm:node:11868094969,1,,open,420,840,0,obs:7e45fa7764172d32acabb34a
hours:bd126d5956f7ebe92cffe726,osm:node:11868094969,2,,open,420,840,0,obs:7e45fa7764172d32acabb34a
hours:1acdf2d4a85a481e8552f773,osm:node:11868094969,3,,open,420,840,0,obs:7e45fa7764172d32acabb34a
hours:70932f5dd5d746842473c570,osm:node:11868094969,4,,open,420,840,0,obs:7e45fa7764172d32acabb34a
hours:21be3d2b3b991f67c19dd422,osm:node:11868094969,5,,open,420,840,0,obs:7e45fa7764172d32acabb34a
hours:4b741582cd1ce7af2df422d2,osm:node:11868094969,6,,open,420,840,0,obs:7e45fa7764172d32acabb34a
hours:99dd33bd44db77e7797eab37,osm:node:11868107987,0,,open,420,1380,0,obs:788a87be75269645c4657081
hours:4ccba95d50a0690364fca501,osm:node:11868107987,1,,open,420,1380,0,obs:788a87be75269645c4657081
hours:6a8b32d62ddc7ae6cb1d4bfc,osm:node:11868107987,2,,open,420,1380,0,obs:788a87be75269645c4657081
hours:615a1cda208b8391e87decb3,osm:node:11868107987,3,,open,420,1380,0,obs:788a87be75269645c4657081
hours:e70235e9d922059de21192cb,osm:node:11868107987,4,,open,420,1380,0,obs:788a87be75269645c4657081
hours:9de18fe757032e649c143444,osm:node:11868107987,5,,open,420,1380,0,obs:788a87be75269645c4657081
hours:88a9c6b8e4c0c45c14b3b9ab,osm:node:11868107987,6,,open,420,1380,0,obs:788a87be75269645c4657081
hours:466754c83c6475590a6e67d1,osm:node:11873114055,0,,open,420,1020,0,obs:28ba9f13e2b236f671b0aa09
hours:e78c66af478d90909c577ffc,osm:node:11873114055,1,,open,420,1020,0,obs:28ba9f13e2b236f671b0aa09
hours:b345187ee48ecdac8bf8973b,osm:node:11873114055,2,,open,420,1020,0,obs:28ba9f13e2b236f671b0aa09
hours:ef243c90ad62438ee73d328b,osm:node:11873114055,3,,open,420,1020,0,obs:28ba9f13e2b236f671b0aa09
hours:82c2454ac8dfa5ff9e1c93a6,osm:node:11873114055,4,,open,420,1020,0,obs:28ba9f13e2b236f671b0aa09
hours:1e707fe5fe979ddf09d50559,osm:node:11873114055,5,,open,420,1020,0,obs:28ba9f13e2b236f671b0aa09
hours:5f3731f62a61d89ab941f6e9,osm:node:11873114055,6,,open,420,1020,0,obs:28ba9f13e2b236f671b0aa09
hours:45c8efd268ba9fbb0778ed77,osm:node:11873275169,0,,open,450,960,0,obs:947d475ece68086c1e943e2f
hours:4981b12affb203174f8bf73a,osm:node:11873275169,1,,open,450,990,0,obs:947d475ece68086c1e943e2f
hours:d5879ff3b0479d09f304bbe2,osm:node:11873275169,2,,open,450,960,0,obs:947d475ece68086c1e943e2f
hours:6b31b55fe44961e1ec292789,osm:node:11873275169,3,,open,420,960,0,obs:947d475ece68086c1e943e2f
hours:f430a05db2cdd55156b0a82a,osm:node:11873275169,4,,open,420,960,0,obs:947d475ece68086c1e943e2f
hours:7daaebbafde44de476f08d2c,osm:node:11873275169,5,,open,420,840,0,obs:947d475ece68086c1e943e2f
hours:53f52fe52b5bef84343edbf5,osm:node:11878372469,0,,open,540,1320,0,obs:11a3adc5b9a151c1b40c566b
hours:a1b2b3f03581f225196f3e51,osm:node:11878372469,1,,open,540,1320,0,obs:11a3adc5b9a151c1b40c566b
hours:f19f7beb846770f4c074d96e,osm:node:11878372469,2,,open,540,1320,0,obs:11a3adc5b9a151c1b40c566b
hours:112d4a9fd230cb567d2852ed,osm:node:11878372469,3,,open,540,1320,0,obs:11a3adc5b9a151c1b40c566b
hours:37e35d9ba15b8c58b15beca0,osm:node:11878372469,4,,open,540,1320,0,obs:11a3adc5b9a151c1b40c566b
hours:7e8e97e7fae7a2754642a06f,osm:node:11878372469,5,,open,540,1320,0,obs:11a3adc5b9a151c1b40c566b
hours:80e7440797e0993ca081f2d4,osm:node:11878372469,6,,open,540,1320,0,obs:11a3adc5b9a151c1b40c566b
hours:bdf716ee5c9cf816c0fd2368,osm:node:11878409184,0,,open,480,1080,0,obs:65e1f5d93949d660be941645
hours:a60ffa1d99aabd4d11b89dc8,osm:node:11878409184,1,,open,480,1080,0,obs:65e1f5d93949d660be941645
hours:2be321a50f04205765a6c073,osm:node:11878409184,2,,open,480,1080,0,obs:65e1f5d93949d660be941645
hours:6e87950976c62421bef72355,osm:node:11878409184,3,,open,480,1080,0,obs:65e1f5d93949d660be941645
hours:47629cde2e92b24a86119c53,osm:node:11878409184,4,,open,480,1080,0,obs:65e1f5d93949d660be941645
hours:3eaf8f543fa2185afca7a193,osm:node:11878409184,5,,open,480,1080,0,obs:65e1f5d93949d660be941645
hours:88dd9945df4de2571d49b557,osm:node:11878409184,6,,open,480,1080,0,obs:65e1f5d93949d660be941645
hours:4f32b76f9dcb167653d5e9ab,osm:node:11883463169,0,,open,630,1230,0,obs:465f804d832fd9536f1ef75b
hours:985123bc88bebd91bb2351fa,osm:node:11883463169,1,,open,630,1230,0,obs:465f804d832fd9536f1ef75b
hours:30037e63c8021d817d40da54,osm:node:11883463169,2,,open,630,1230,0,obs:465f804d832fd9536f1ef75b
hours:09910cca894efbf0b24d2e13,osm:node:11883463169,3,,open,630,1230,0,obs:465f804d832fd9536f1ef75b
hours:b757b1242d3119d42bd1870f,osm:node:11883463169,4,,open,630,1230,0,obs:465f804d832fd9536f1ef75b
hours:351f3d8d107ce82d67c6b9fe,osm:node:11883624469,0,,open,510,930,0,obs:fb1ab496939130af2e4f746f
hours:c5fde0545604907eb8e3daf1,osm:node:11883624469,1,,open,510,930,0,obs:fb1ab496939130af2e4f746f
hours:8a716c9bd983c6e0c96ba7b2,osm:node:11883624469,2,,open,510,930,0,obs:fb1ab496939130af2e4f746f
hours:23deac07243dc4f4703ca80e,osm:node:11883624469,3,,open,510,930,0,obs:fb1ab496939130af2e4f746f
hours:03b7f0e914fc0aa5469b3286,osm:node:11883624469,4,,open,510,930,0,obs:fb1ab496939130af2e4f746f
hours:76613fa3901cec10878cff01,osm:node:11883624469,5,,open,510,930,0,obs:fb1ab496939130af2e4f746f
hours:049f4543157f624cf3ada4f2,osm:node:11883624469,6,,open,510,930,0,obs:fb1ab496939130af2e4f746f
hours:9487bbbf66b8a7771a07d3c5,osm:node:11885987569,0,,open,420,1380,0,obs:5308f3baa7efad9e1f8918f2
hours:5d0af440d270aeaa16e6e459,osm:node:11885987569,1,,open,420,1380,0,obs:5308f3baa7efad9e1f8918f2
hours:8321983838e5899e3217770b,osm:node:11885987569,2,,open,420,1380,0,obs:5308f3baa7efad9e1f8918f2
hours:affedf754f02e4b0e94ec054,osm:node:11885987569,3,,open,420,1380,0,obs:5308f3baa7efad9e1f8918f2
hours:a9c98b7e87e72dd5f058e23f,osm:node:11885987569,4,,open,420,1380,0,obs:5308f3baa7efad9e1f8918f2
hours:e517da8810a91ed47eb26a1f,osm:node:11885987569,5,,open,420,1380,0,obs:5308f3baa7efad9e1f8918f2
hours:515160167e3b640c2abc44e1,osm:node:11885987569,6,,open,420,1380,0,obs:5308f3baa7efad9e1f8918f2
hours:b2eee9912ff7cc472ecb0f6f,osm:node:11886893369,0,,open,480,1320,0,obs:a609528773e88e208bd55cae
hours:02d3eb4152c2be0a6a3f42d4,osm:node:11886893369,1,,open,480,1320,0,obs:a609528773e88e208bd55cae
hours:45dc50b90e36e803a95d03a6,osm:node:11886893369,2,,open,480,1320,0,obs:a609528773e88e208bd55cae
hours:1ea235f715946ea8118d09a2,osm:node:11886893369,3,,open,480,1320,0,obs:a609528773e88e208bd55cae
hours:291669a004362837c2b6ce17,osm:node:11886893369,4,,open,480,1320,0,obs:a609528773e88e208bd55cae
hours:3c26409a7031fd60cc7a7a8d,osm:node:11886893369,5,,open,480,1320,0,obs:a609528773e88e208bd55cae
hours:08a649b35373e705fc6f68f6,osm:node:11886893369,6,,open,480,1320,0,obs:a609528773e88e208bd55cae
hours:dac128b9ae5a7a26b935a6bf,osm:node:11888380369,1,,open,600,1200,0,obs:4d3ea54c2c71fc6b3e1f613d
hours:5605827db158edfc965b5ea5,osm:node:11888380369,2,,open,600,1200,0,obs:4d3ea54c2c71fc6b3e1f613d
hours:e95bf0cbe2fde007446dacfc,osm:node:11888380369,3,,open,600,1200,0,obs:4d3ea54c2c71fc6b3e1f613d
hours:674aa93bbe50b4ad8aee71ee,osm:node:11888380369,4,,open,600,1200,0,obs:4d3ea54c2c71fc6b3e1f613d
hours:3744cd30aebffb53b50927cb,osm:node:11888380369,5,,open,600,1200,0,obs:4d3ea54c2c71fc6b3e1f613d
hours:1a9a413ce9f90705a831c212,osm:node:11888380369,6,,open,600,1200,0,obs:4d3ea54c2c71fc6b3e1f613d
hours:d537abd3df9f346213be7239,osm:node:11888483369,0,,open,300,1080,0,obs:bc0782e6f499201017594022
hours:c1f89b92e58f0c3a398ba348,osm:node:11888483369,1,,open,300,1080,0,obs:bc0782e6f499201017594022
hours:5ae94265e53efb1b7848c60b,osm:node:11888483369,2,,open,300,1080,0,obs:bc0782e6f499201017594022
hours:bff32ff7bb3482cf9eca40be,osm:node:11888483369,3,,open,300,1080,0,obs:bc0782e6f499201017594022
hours:15f6d906c55f61d730ae39b4,osm:node:11888483369,4,,open,300,1080,0,obs:bc0782e6f499201017594022
hours:c3123a645cb11c9ecd8967d8,osm:node:11888483369,5,,open,300,1080,0,obs:bc0782e6f499201017594022
hours:7b0bbcd06b36149b813f7941,osm:node:11888483369,6,,open,300,1080,0,obs:bc0782e6f499201017594022
hours:6204356cfcef3cde0f206d0c,osm:node:11888486669,0,,open,420,1320,0,obs:2cf35c330bdd5ceffb7653bf
hours:a97debf5bb373029c6ca0b90,osm:node:11888486669,1,,open,420,1320,0,obs:2cf35c330bdd5ceffb7653bf
hours:c07ab0b567b6e01bbc9e09cb,osm:node:11888486669,2,,open,420,1320,0,obs:2cf35c330bdd5ceffb7653bf
hours:082589bba107a2a833eea61b,osm:node:11888486669,3,,open,420,1320,0,obs:2cf35c330bdd5ceffb7653bf
hours:bde300a12f1bd195a227970d,osm:node:11888486669,4,,open,420,1320,0,obs:2cf35c330bdd5ceffb7653bf
hours:99a630f749926d6f2abada7e,osm:node:11888486669,5,,open,420,1320,0,obs:2cf35c330bdd5ceffb7653bf
hours:122fc12659ca85c16aa962f6,osm:node:11888486669,6,,open,420,1320,0,obs:2cf35c330bdd5ceffb7653bf
hours:fac57772dc18b9f65f6213c0,osm:node:11890609669,0,,open,480,1260,0,obs:470950fde44ae459c0bf3f9b
hours:2927c537d30ac8f8b5f74da4,osm:node:11890609669,1,,open,480,1260,0,obs:470950fde44ae459c0bf3f9b
hours:fe9c5f8ca3c318eefcab881d,osm:node:11890609669,2,,open,480,1260,0,obs:470950fde44ae459c0bf3f9b
hours:dbb15644330ef3b0ce3adef0,osm:node:11890609669,3,,open,480,1260,0,obs:470950fde44ae459c0bf3f9b
hours:83b04fe1ec6279562a1f490e,osm:node:11890609669,4,,open,480,1260,0,obs:470950fde44ae459c0bf3f9b
hours:3267b6c2174be92ca08b0a39,osm:node:11890609669,5,,open,480,1260,0,obs:470950fde44ae459c0bf3f9b
hours:ee1ce3b07dabebd430341cec,osm:node:11890609669,6,,open,480,1260,0,obs:470950fde44ae459c0bf3f9b
hours:de8c713ffbefa6d9ebc6cd6d,osm:node:11890992769,0,,open,360,1200,0,obs:475ff0905eed6985cf429b3f
hours:7c9c5fc3e894312bcf12dded,osm:node:11890992769,1,,open,360,1200,0,obs:475ff0905eed6985cf429b3f
hours:f2b3213343dd1a88698a8c7e,osm:node:11890992769,2,,open,360,1200,0,obs:475ff0905eed6985cf429b3f
hours:1f6cf0b0307cdcdb3c00ce65,osm:node:11890992769,3,,open,360,1200,0,obs:475ff0905eed6985cf429b3f
hours:8dd4a4b2780bd5578cfa1c28,osm:node:11890992769,4,,open,360,1200,0,obs:475ff0905eed6985cf429b3f
hours:165802b219a3470582dfad82,osm:node:11890992769,5,,open,360,1200,0,obs:475ff0905eed6985cf429b3f
hours:f9168f1313d267bc7b8fc02e,osm:node:11890992769,6,,open,360,1200,0,obs:475ff0905eed6985cf429b3f
hours:39ca51307575aef0646d023e,osm:node:11906556370,0,,open,390,1320,0,obs:05745e5a8dbd100da542d056
hours:16782837abd28fbcfe72b3ee,osm:node:11906556370,1,,open,390,1320,0,obs:05745e5a8dbd100da542d056
hours:98be5ca988a9a8ead53dce6a,osm:node:11906556370,2,,open,390,1320,0,obs:05745e5a8dbd100da542d056
hours:3c92bda5c918c124dc71ad51,osm:node:11906556370,3,,open,390,1320,0,obs:05745e5a8dbd100da542d056
hours:a84da055e430b911e495f921,osm:node:11906556370,4,,open,390,1320,0,obs:05745e5a8dbd100da542d056
hours:344556f8dc572351f51d6a30,osm:node:11906556370,5,,open,390,1320,0,obs:05745e5a8dbd100da542d056
hours:5566c527ba3f47eb9da4526e,osm:node:11906556370,6,,open,390,1320,0,obs:05745e5a8dbd100da542d056
hours:38c967ce9f431a30ecd8140f,osm:node:11906566069,0,,open,600,1320,0,obs:097f7d2c3bc771e4f5cd5a4c
hours:80352876e4dd1beeb57518ec,osm:node:11906566069,1,,open,600,1320,0,obs:097f7d2c3bc771e4f5cd5a4c
hours:f91698bcb7ba02ef294205fc,osm:node:11906566069,2,,open,600,1320,0,obs:097f7d2c3bc771e4f5cd5a4c
hours:11123540e1d8fbf365b6a81f,osm:node:11906566069,3,,open,600,1320,0,obs:097f7d2c3bc771e4f5cd5a4c
hours:f32441668aaca3fdb12c3190,osm:node:11906566069,4,,open,600,1320,0,obs:097f7d2c3bc771e4f5cd5a4c
hours:18ec55de3a6234d37f4b4efe,osm:node:11906566069,5,,open,600,1320,0,obs:097f7d2c3bc771e4f5cd5a4c
hours:db05af8c50fda851fb723ded,osm:node:11906566069,6,,open,600,1320,0,obs:097f7d2c3bc771e4f5cd5a4c
hours:3db6a599f3e20620ebcc398e,osm:node:11906566169,0,,open,660,60,1,obs:b94608d982f7e57c236709ac
hours:c4130b67d659e90b04736f12,osm:node:11906566169,1,,open,660,60,1,obs:b94608d982f7e57c236709ac
hours:026500a793a72423b453a6e3,osm:node:11906566169,2,,open,660,60,1,obs:b94608d982f7e57c236709ac
hours:aaae35c2fb8bda09d74a612b,osm:node:11906566169,3,,open,660,60,1,obs:b94608d982f7e57c236709ac
hours:2d4391a754aae81caeea9997,osm:node:11906566169,4,,open,660,60,1,obs:b94608d982f7e57c236709ac
hours:e4ded4dc226fce872c94ae18,osm:node:11906566169,5,,open,660,60,1,obs:b94608d982f7e57c236709ac
hours:2c2a3666a2b59d73bd81ac38,osm:node:11906566169,6,,open,660,60,1,obs:b94608d982f7e57c236709ac
hours:ab45d6f1232889b9b2e8144f,osm:node:11906566170,0,,open,1020,90,1,obs:a491588c6767ed9b9c42645c
hours:9ece463c3b98f1eb059a66bc,osm:node:11906566170,1,,open,1020,90,1,obs:a491588c6767ed9b9c42645c
hours:406c5b96a9e8537df7db359f,osm:node:11906566170,2,,open,1020,90,1,obs:a491588c6767ed9b9c42645c
hours:67f001d258cd8bfd106bbabb,osm:node:11906566170,3,,open,1020,90,1,obs:a491588c6767ed9b9c42645c
hours:e854fc41bdcb113ae5fcaae5,osm:node:11906566170,4,,open,1020,90,1,obs:a491588c6767ed9b9c42645c
hours:7d0a9626f33bfccd4a2bfcfb,osm:node:11906566170,5,,open,1020,90,1,obs:a491588c6767ed9b9c42645c
hours:9a434ea608098aebb370e06b,osm:node:11906566170,6,,open,1020,90,1,obs:a491588c6767ed9b9c42645c
hours:274ef4b3438b974185490e2f,osm:node:11919603867,0,,open,480,960,0,obs:a7d7db03a5cd28cd3f03646b
hours:a29bf2610e58626be2a4567d,osm:node:11919603867,0,,open,1020,1290,0,obs:a7d7db03a5cd28cd3f03646b
hours:7fc699375dc0af03c02c0c2e,osm:node:11919603867,1,,open,480,960,0,obs:a7d7db03a5cd28cd3f03646b
hours:e50a6042c6bcf7995eda5f60,osm:node:11919603867,1,,open,1020,1290,0,obs:a7d7db03a5cd28cd3f03646b
hours:34be71377cfb5d7855191e6b,osm:node:11919603867,2,,open,480,960,0,obs:a7d7db03a5cd28cd3f03646b
hours:1406776d965d7abfd30040e9,osm:node:11919603867,2,,open,1020,1290,0,obs:a7d7db03a5cd28cd3f03646b
hours:8e82eb809c21968f92d07156,osm:node:11919603867,3,,open,480,960,0,obs:a7d7db03a5cd28cd3f03646b
hours:fee1f1521c8a7d67fa5bbdc8,osm:node:11919603867,3,,open,1020,1290,0,obs:a7d7db03a5cd28cd3f03646b
hours:fac4dd517c9e8c4e4dcfa39a,osm:node:11919603867,4,,open,480,960,0,obs:a7d7db03a5cd28cd3f03646b
hours:53481478e897106630b58304,osm:node:11919603867,4,,open,1020,1290,0,obs:a7d7db03a5cd28cd3f03646b
hours:aac3b20b4bf0c641f14b1e47,osm:node:11919603867,5,,open,480,960,0,obs:a7d7db03a5cd28cd3f03646b
hours:0a8fa7f0fa0b44292afdb6c0,osm:node:11919603867,5,,open,1020,1290,0,obs:a7d7db03a5cd28cd3f03646b
hours:6ff4c68ceb9da65f12dade2c,osm:node:11919603867,6,,open,480,960,0,obs:a7d7db03a5cd28cd3f03646b
hours:428fe664b09fd9ba596ba38a,osm:node:11919603867,6,,open,1020,1290,0,obs:a7d7db03a5cd28cd3f03646b
hours:4a1b73eb98b3901115e99828,osm:node:11934034253,0,,open,660,1320,0,obs:337fdb7d6a2460595cd52cae
hours:4590a84e98d32812cb99e803,osm:node:11934034253,1,,open,660,1320,0,obs:337fdb7d6a2460595cd52cae
hours:f71e026d7e9969cdf0a4570f,osm:node:11934034253,2,,open,660,1320,0,obs:337fdb7d6a2460595cd52cae
hours:70f2ed1a95223ae9f6f6007d,osm:node:11934034253,3,,open,660,1320,0,obs:337fdb7d6a2460595cd52cae
hours:a2874cea560db0213695e7ba,osm:node:11934034253,4,,open,660,1320,0,obs:337fdb7d6a2460595cd52cae
hours:7cf20b1bf3e561c55cfc0be3,osm:node:11934034253,5,,open,660,1320,0,obs:337fdb7d6a2460595cd52cae
hours:3fd0722db1cbfb2425196006,osm:node:11934034253,6,,open,660,1320,0,obs:337fdb7d6a2460595cd52cae
hours:961c8f26322d40f5065459b0,osm:node:11934061598,0,,open,420,1320,0,obs:9ad6302b9fd1611768423368
hours:833d01718e095c74c930efdc,osm:node:11934061598,1,,open,420,1320,0,obs:9ad6302b9fd1611768423368
hours:967efd33f4052cb3b16312da,osm:node:11934061598,2,,open,420,1320,0,obs:9ad6302b9fd1611768423368
hours:5b5780f8027a7de6318aee59,osm:node:11934061598,3,,open,420,1320,0,obs:9ad6302b9fd1611768423368
hours:5497c6534e924bc7d342151d,osm:node:11934061598,4,,open,420,1320,0,obs:9ad6302b9fd1611768423368
hours:7d78b21f7c240cb160d84d51,osm:node:11934061598,5,,open,420,1320,0,obs:9ad6302b9fd1611768423368
hours:6ae8d0182606cfc8a68c8f8e,osm:node:11934061598,6,,open,420,1320,0,obs:9ad6302b9fd1611768423368
hours:708c2b2e6edf129e647331b2,osm:node:11936598891,0,,open,0,1440,0,obs:65800830d15757337423024e
hours:310dea9a975e3ec9a3439135,osm:node:11936598891,1,,open,0,1440,0,obs:65800830d15757337423024e
hours:0f655126ea55687b679ab21b,osm:node:11936598891,2,,open,0,1440,0,obs:65800830d15757337423024e
hours:45d67a16c0c76cc52e2450d0,osm:node:11936598891,3,,open,0,1440,0,obs:65800830d15757337423024e
hours:c7773abd5ff94784c82d229c,osm:node:11936598891,4,,open,0,1440,0,obs:65800830d15757337423024e
hours:706e228b23efab008b90dc71,osm:node:11936598891,5,,open,0,1440,0,obs:65800830d15757337423024e
hours:bc1aa9a5b09dda91103b8f2d,osm:node:11936598891,6,,open,0,1440,0,obs:65800830d15757337423024e
hours:cfc6ace896f0087bd00f97d4,osm:node:11951128766,0,,open,480,1320,0,obs:58552cf1bf420952ac6ba023
hours:3b52a5efa88871a80db090ad,osm:node:11951128766,1,,open,480,1320,0,obs:58552cf1bf420952ac6ba023
hours:8deafe7a29f1697a306582be,osm:node:11951128766,2,,open,480,1320,0,obs:58552cf1bf420952ac6ba023
hours:306e07e2982950128c635650,osm:node:11951128766,3,,open,480,1320,0,obs:58552cf1bf420952ac6ba023
hours:236e0281eca7a3f72239b50a,osm:node:11951128766,4,,open,480,1320,0,obs:58552cf1bf420952ac6ba023
hours:76193a347bb37f00ce5ec54a,osm:node:11951128766,5,,open,480,1320,0,obs:58552cf1bf420952ac6ba023
hours:a634e33e3988ee6d77be205c,osm:node:11951128766,6,,open,480,1320,0,obs:58552cf1bf420952ac6ba023
hours:2e41febb35b22e9b597005b1,osm:node:11985285017,0,,open,540,90,1,obs:19569011cb42cf7a4573bb24
hours:5d903838fb1c058b68a25aad,osm:node:11985285017,1,,open,540,90,1,obs:19569011cb42cf7a4573bb24
hours:7eac48e0f33285a0b8031410,osm:node:11985285017,2,,open,540,90,1,obs:19569011cb42cf7a4573bb24
hours:a64c596e546220df7a7e3ff7,osm:node:11985285017,3,,open,540,90,1,obs:19569011cb42cf7a4573bb24
hours:615ede88ec9217dee5b89979,osm:node:11985285017,4,,open,540,90,1,obs:19569011cb42cf7a4573bb24
hours:d8ca22b8f85f3b2d6ef425a1,osm:node:11985285017,5,,open,540,90,1,obs:19569011cb42cf7a4573bb24
hours:73c28355e2372b677a69a2f7,osm:node:11985285017,6,,open,540,90,1,obs:19569011cb42cf7a4573bb24
hours:8006af0b210354a3350f5c81,osm:node:11985320507,0,,open,540,900,0,obs:dd8e6034e3d23a5c0177703a
hours:d0a51c07249432d881b5de18,osm:node:11985320507,0,,open,1080,1260,0,obs:dd8e6034e3d23a5c0177703a
hours:1de425b8512bc46a6a8a06a6,osm:node:11985320507,1,,open,540,900,0,obs:dd8e6034e3d23a5c0177703a
hours:2f5f07a3cddcdb9f95357183,osm:node:11985320507,1,,open,1080,1260,0,obs:dd8e6034e3d23a5c0177703a
hours:136256dd0b350bc0e55f1936,osm:node:11985320507,2,,open,540,900,0,obs:dd8e6034e3d23a5c0177703a
hours:f3f29067650e33c6523c4630,osm:node:11985320507,2,,open,1080,1260,0,obs:dd8e6034e3d23a5c0177703a
hours:266c369b423b9ba48b7ba268,osm:node:11985320507,3,,open,540,900,0,obs:dd8e6034e3d23a5c0177703a
hours:3885e7c90b8d85b3a0df11b0,osm:node:11985320507,3,,open,1080,1260,0,obs:dd8e6034e3d23a5c0177703a
hours:0ce09a4e42449a59b1143621,osm:node:11985320507,4,,open,540,900,0,obs:dd8e6034e3d23a5c0177703a
hours:7fd0e9aa997ba19bc036eaa3,osm:node:11985320507,4,,open,1080,1260,0,obs:dd8e6034e3d23a5c0177703a
hours:fc8a104e9db57327723e34a2,osm:node:11985320507,5,,open,540,900,0,obs:dd8e6034e3d23a5c0177703a
hours:4f35469f0ab39be5795e1107,osm:node:11985320507,5,,open,1080,1260,0,obs:dd8e6034e3d23a5c0177703a
hours:53ee3e45d0abf6d42cef4765,osm:node:11985320507,6,,open,540,900,0,obs:dd8e6034e3d23a5c0177703a
hours:640b4ba04b6b813197ad8f04,osm:node:11985320507,6,,open,1080,1260,0,obs:dd8e6034e3d23a5c0177703a
hours:dc5aecce666e768503eda938,osm:node:12002534969,0,,open,390,1320,0,obs:5b07d0f25f3f53f53baf98b9
hours:a51ca05024c409c0b0c46983,osm:node:12002534969,1,,open,390,1320,0,obs:5b07d0f25f3f53f53baf98b9
hours:5ec6a95470421bd36fd906b5,osm:node:12002534969,2,,open,390,1320,0,obs:5b07d0f25f3f53f53baf98b9
hours:fe4dd6a0609d51920c9230d2,osm:node:12002534969,3,,open,390,1320,0,obs:5b07d0f25f3f53f53baf98b9
hours:fcff76ad42232bf53ae8d916,osm:node:12002534969,4,,open,390,1320,0,obs:5b07d0f25f3f53f53baf98b9
hours:ca88729bb597ff49943fc109,osm:node:12002534969,5,,open,390,1320,0,obs:5b07d0f25f3f53f53baf98b9
hours:e15c6f14541e815d292e7c4b,osm:node:12002534969,6,,open,390,1320,0,obs:5b07d0f25f3f53f53baf98b9
hours:5974a01c511f4c387b5e5ed0,osm:node:12019369169,0,,open,600,1200,0,obs:94b6550b48b8af105eb32581
hours:129de0f66877025aa4641c30,osm:node:12019369169,1,,open,600,1200,0,obs:94b6550b48b8af105eb32581
hours:c2bca726c78488de415776a3,osm:node:12019369169,2,,open,600,1200,0,obs:94b6550b48b8af105eb32581
hours:bf5a4bd38603b0e9fb09144c,osm:node:12019369169,3,,open,600,1200,0,obs:94b6550b48b8af105eb32581
hours:7b235b2b2b4acef324442636,osm:node:12019369169,4,,open,600,1200,0,obs:94b6550b48b8af105eb32581
hours:8158913fb9aad7d388de33bd,osm:node:12019369169,5,,open,600,1200,0,obs:94b6550b48b8af105eb32581
hours:ac0a6c4206a334c0ee781351,osm:node:12019369169,6,,open,600,1200,0,obs:94b6550b48b8af105eb32581
hours:a21169b220268055592bbf78,osm:node:12032859170,0,,open,630,1320,0,obs:20286346bb6aa86870810a2c
hours:a88dd2a1929ad5bbe3e6979b,osm:node:12032859170,1,,open,630,1320,0,obs:20286346bb6aa86870810a2c
hours:88f0a9c980f8659ddbe62100,osm:node:12032859170,2,,open,630,1320,0,obs:20286346bb6aa86870810a2c
hours:45674c2bb7f73f0e7e70ce22,osm:node:12032859170,3,,open,630,1320,0,obs:20286346bb6aa86870810a2c
hours:51449e9f22f205c67e57abca,osm:node:12032859170,4,,open,630,1320,0,obs:20286346bb6aa86870810a2c
hours:cc4cabe2e78a6bd3585e029b,osm:node:12032859170,5,,open,630,1320,0,obs:20286346bb6aa86870810a2c
hours:25449567aecc71c5a580dda1,osm:node:12032859170,6,,open,630,1320,0,obs:20286346bb6aa86870810a2c
hours:e78523a0e8bdb66349238002,osm:node:12035515265,0,,open,600,1320,0,obs:d2023e27a9ff778187adf172
hours:8d3ec65661ebd519a5dda7d3,osm:node:12035515265,1,,open,600,1320,0,obs:d2023e27a9ff778187adf172
hours:951a3fa2e3cf10e6e399dfa4,osm:node:12035515265,2,,open,600,1320,0,obs:d2023e27a9ff778187adf172
hours:0c749e4aec0ab870f8d761fe,osm:node:12035515265,3,,open,600,1320,0,obs:d2023e27a9ff778187adf172
hours:e1774f9e0fd40460b987ee3f,osm:node:12035515265,4,,open,600,1320,0,obs:d2023e27a9ff778187adf172
hours:6ce8f78e82fc759b958f8971,osm:node:12035515265,5,,open,600,1320,0,obs:d2023e27a9ff778187adf172
hours:d34c7a59bec31dfe9d73d3eb,osm:node:12035515265,6,,open,600,1320,0,obs:d2023e27a9ff778187adf172
hours:e61f55045b71821a96e57d7b,osm:node:12043189706,0,,open,960,1320,0,obs:c619080ff53e557a94ca638f
hours:7fcd15cba77ab925f28e6976,osm:node:12043189706,1,,open,960,1320,0,obs:c619080ff53e557a94ca638f
hours:f5904e2d7c2391fb2ddca681,osm:node:12043189706,2,,open,960,1320,0,obs:c619080ff53e557a94ca638f
hours:da4f08804e66defc61bd1077,osm:node:12043189706,3,,open,960,1320,0,obs:c619080ff53e557a94ca638f
hours:765e797a7a24785ed12d6e09,osm:node:12043189706,4,,open,960,1320,0,obs:c619080ff53e557a94ca638f
hours:b6d5ca40b13556951d28e327,osm:node:12043189706,5,,open,960,1320,0,obs:c619080ff53e557a94ca638f
hours:012448310e2012e57dc19992,osm:node:12043189706,6,,open,960,1320,0,obs:c619080ff53e557a94ca638f
hours:3acbcaca390f7d01bcd939eb,osm:node:12050526441,0,,open,510,1380,0,obs:0673a94e2f42b25f3e57d6fc
hours:59dd6330eea216550164d0c3,osm:node:12050526441,1,,open,510,1380,0,obs:0673a94e2f42b25f3e57d6fc
hours:cd1c2a369ac7496f8cfcfae1,osm:node:12050526441,2,,open,510,1380,0,obs:0673a94e2f42b25f3e57d6fc
hours:77404652f813931319dacf6e,osm:node:12050526441,3,,open,510,1380,0,obs:0673a94e2f42b25f3e57d6fc
hours:660d5b242dc180296b3ca75b,osm:node:12050526441,4,,open,510,1380,0,obs:0673a94e2f42b25f3e57d6fc
hours:7f02418a6bd25075805468c6,osm:node:12050526441,5,,open,510,1380,0,obs:0673a94e2f42b25f3e57d6fc
hours:13aec83533455c2b4d9dce7a,osm:node:12050526441,6,,open,510,1380,0,obs:0673a94e2f42b25f3e57d6fc
hours:23eee7a70ee096aef6414584,osm:node:12054550970,0,,open,450,1350,0,obs:a64c4475983b4349080977f1
hours:756bbdb09be63ce1062af121,osm:node:12054550970,1,,open,450,1350,0,obs:a64c4475983b4349080977f1
hours:9ec7fb67d489f37d7d521420,osm:node:12054550970,2,,open,450,1350,0,obs:a64c4475983b4349080977f1
hours:4762e7743aa058d0770381ea,osm:node:12054550970,3,,open,450,1350,0,obs:a64c4475983b4349080977f1
hours:ddf7087382fa56d34f9a0f4f,osm:node:12054550970,4,,open,450,1350,0,obs:a64c4475983b4349080977f1
hours:f16f2311083b43925ab3f01f,osm:node:12054550970,5,,open,450,1350,0,obs:a64c4475983b4349080977f1
hours:cb8a3af39928560dc400aec9,osm:node:12054550970,6,,open,450,1350,0,obs:a64c4475983b4349080977f1
hours:6e233cad9585d26523bf80fa,osm:node:12058417799,0,,open,420,1140,0,obs:16573122e617a66c95e1f7ee
hours:a78f16c677fa87f8ac09b782,osm:node:12058417799,1,,open,420,1140,0,obs:16573122e617a66c95e1f7ee
hours:a265d0a2186fdf5739e09b60,osm:node:12058417799,2,,open,420,1140,0,obs:16573122e617a66c95e1f7ee
hours:248e1c5ae38fa4635046a4b6,osm:node:12058417799,3,,open,420,1140,0,obs:16573122e617a66c95e1f7ee
hours:f09a6c7fa816fb3bc601438f,osm:node:12058417799,4,,open,420,1140,0,obs:16573122e617a66c95e1f7ee
hours:707ce2c43b8497fcd5c89dc5,osm:node:12058417799,5,,open,420,1140,0,obs:16573122e617a66c95e1f7ee
hours:d337d7ad990d3f986c7e2e10,osm:node:12058417799,6,,open,420,1140,0,obs:16573122e617a66c95e1f7ee
hours:9e5c094e71e3979577c0a11c,osm:node:12063757631,0,,open,480,1320,0,obs:5196c780c01756bddf126ed2
hours:4cf75acb70abcb4f967a7825,osm:node:12063757631,1,,open,480,1320,0,obs:5196c780c01756bddf126ed2
hours:90c20b2e1b9213ad426a03db,osm:node:12063757631,2,,open,480,1320,0,obs:5196c780c01756bddf126ed2
hours:1b8f22a52886cd6f846c3039,osm:node:12063757631,3,,open,480,1320,0,obs:5196c780c01756bddf126ed2
hours:722f51d3f576f43650265b93,osm:node:12063757631,4,,open,480,1320,0,obs:5196c780c01756bddf126ed2
hours:c5931e0feba3bffbe207818d,osm:node:12063757631,5,,open,480,1320,0,obs:5196c780c01756bddf126ed2
hours:a0664c83b5ed2226e68d0319,osm:node:12063757631,6,,open,480,1320,0,obs:5196c780c01756bddf126ed2
hours:49171af04fec6099766075fc,osm:node:12067246576,0,,open,480,1080,0,obs:dc62feae4721d604c1719b68
hours:234f2824dfbe6b59251200b1,osm:node:12067246576,1,,open,480,1080,0,obs:dc62feae4721d604c1719b68
hours:a2bacf25bccf8e7a5bab18c9,osm:node:12067246576,2,,open,480,1080,0,obs:dc62feae4721d604c1719b68
hours:58dda78b2007b112e2573b03,osm:node:12067246576,3,,open,480,1080,0,obs:dc62feae4721d604c1719b68
hours:630b217d9580b82a845fc069,osm:node:12067246576,4,,open,480,1080,0,obs:dc62feae4721d604c1719b68
hours:bcaac4f213f86f5c6b202f90,osm:node:12067246576,5,,open,480,1080,0,obs:dc62feae4721d604c1719b68
hours:db61a8c9f34b11fad40d080a,osm:node:12096567273,0,,open,660,1380,0,obs:1221b823a8cd239660682c22
hours:070f66ac26282087d8694e94,osm:node:12096567273,1,,open,660,1380,0,obs:1221b823a8cd239660682c22
hours:0be5083269dbb01dc1409ee6,osm:node:12096567273,2,,open,660,1380,0,obs:1221b823a8cd239660682c22
hours:2dd6f632b49150a96e433ab6,osm:node:12096567273,3,,open,660,1380,0,obs:1221b823a8cd239660682c22
hours:754487c9638f490000dd5e6c,osm:node:12096567273,4,,open,660,1380,0,obs:1221b823a8cd239660682c22
hours:ddcf2e85fa4dfd4b861c6e57,osm:node:12096567273,5,,open,660,1380,0,obs:1221b823a8cd239660682c22
hours:00581e9e82e0f056a58cc314,osm:node:12096567273,6,,open,660,1380,0,obs:1221b823a8cd239660682c22
hours:d94afb43c3db96c3b8f36277,osm:node:12096628672,0,,open,480,1380,0,obs:baa393ce3fd58e0b6bf03300
hours:01125d0dbec86e6ec7d6d1ac,osm:node:12096628672,1,,open,480,1380,0,obs:baa393ce3fd58e0b6bf03300
hours:694b87726c297954cd29dcc7,osm:node:12096628672,2,,open,480,1380,0,obs:baa393ce3fd58e0b6bf03300
hours:04ba5f4e64b163586e88bd42,osm:node:12096628672,3,,open,480,1380,0,obs:baa393ce3fd58e0b6bf03300
hours:5fe604ff84240a2d987c372b,osm:node:12096628672,4,,open,480,1380,0,obs:baa393ce3fd58e0b6bf03300
hours:db84994adbbfd4fb7d75c37e,osm:node:12096628672,5,,open,480,1380,0,obs:baa393ce3fd58e0b6bf03300
hours:79ed5d21a7185020c2921fd8,osm:node:12096628672,6,,open,480,1380,0,obs:baa393ce3fd58e0b6bf03300
hours:d6f8aea03c701d0ea6cb322c,osm:node:12098955278,0,,open,600,840,0,obs:5c29d6c75286629cf6482f6e
hours:5666e1c742fafe7989012caf,osm:node:12098955278,0,,open,1020,1320,0,obs:5c29d6c75286629cf6482f6e
hours:d5266dbfb7da1be6274a8d39,osm:node:12098955278,1,,open,600,840,0,obs:5c29d6c75286629cf6482f6e
hours:ff2890d831b301b4fe6e6552,osm:node:12098955278,1,,open,1020,1320,0,obs:5c29d6c75286629cf6482f6e
hours:37d68f42fc43411a94ef669e,osm:node:12098955278,2,,open,600,840,0,obs:5c29d6c75286629cf6482f6e
hours:5e73c6e925c10b7f89a5233c,osm:node:12098955278,2,,open,1020,1320,0,obs:5c29d6c75286629cf6482f6e
hours:fbc7bff61c133bcb884fbdab,osm:node:12098955278,3,,open,600,840,0,obs:5c29d6c75286629cf6482f6e
hours:3e90be95d66326166877c6a0,osm:node:12098955278,3,,open,1020,1320,0,obs:5c29d6c75286629cf6482f6e
hours:ef705adf1f08f17b8b6fcf39,osm:node:12098955278,4,,open,600,840,0,obs:5c29d6c75286629cf6482f6e
hours:8b8edb1886d3485082acd341,osm:node:12098955278,4,,open,1020,1320,0,obs:5c29d6c75286629cf6482f6e
hours:f14446a335375b0ed38d1414,osm:node:12098955278,5,,open,600,840,0,obs:5c29d6c75286629cf6482f6e
hours:a9cc23d58e495ffff98ee7ce,osm:node:12098955278,5,,open,1020,1320,0,obs:5c29d6c75286629cf6482f6e
hours:a985b2661fd60437b9a4a818,osm:node:12098955278,6,,open,600,840,0,obs:5c29d6c75286629cf6482f6e
hours:acdc2cedaa47af87afa118af,osm:node:12098955278,6,,open,1020,1320,0,obs:5c29d6c75286629cf6482f6e
hours:4b66478cc6925d013c1bf40c,osm:node:12098955280,0,,open,630,1380,0,obs:9c57961b907f64ba8e686497
hours:75c51f63a5d41390368609fd,osm:node:12098955280,1,,open,630,1380,0,obs:9c57961b907f64ba8e686497
hours:4fa53cd3f4c1b78737f91d84,osm:node:12098955280,2,,open,630,1380,0,obs:9c57961b907f64ba8e686497
hours:9e0ce1564a0d34868ae3924f,osm:node:12098955280,3,,open,630,1380,0,obs:9c57961b907f64ba8e686497
hours:9353b9b560ee9a81d6dff924,osm:node:12098955280,4,,open,630,1380,0,obs:9c57961b907f64ba8e686497
hours:e9ace682c6a98034c9a7e1fb,osm:node:12098955280,5,,open,630,1380,0,obs:9c57961b907f64ba8e686497
hours:56232702ded2fa5abd797a8e,osm:node:12098955280,6,,open,630,1380,0,obs:9c57961b907f64ba8e686497
hours:80d6a9310ff1799c7b3dac62,osm:node:12098955283,0,,open,540,1320,0,obs:de1e8f2295825621e4c5935b
hours:863b952a6ed96d9666113730,osm:node:12098955283,1,,open,540,1320,0,obs:de1e8f2295825621e4c5935b
hours:34f1cd3e06ab72cbb8c3cc0f,osm:node:12098955283,2,,open,540,1320,0,obs:de1e8f2295825621e4c5935b
hours:1c7f6a964122b1cbd8750e2b,osm:node:12098955283,3,,open,540,1320,0,obs:de1e8f2295825621e4c5935b
hours:b7cb5faff151aecd1d8c499d,osm:node:12098955283,4,,open,540,1320,0,obs:de1e8f2295825621e4c5935b
hours:28b4c5e44d1421d3fa5124ca,osm:node:12098955283,5,,open,540,1320,0,obs:de1e8f2295825621e4c5935b
hours:92a71b9317a86badb342fb3b,osm:node:12098955283,6,,open,540,1320,0,obs:de1e8f2295825621e4c5935b
hours:e07baf8cce9b886ba4db5812,osm:node:12101841706,0,,open,480,900,0,obs:7febfd252711889161472806
hours:7e9cb9545fe0d7163ba30bc9,osm:node:12101841706,1,,open,480,900,0,obs:7febfd252711889161472806
hours:e876c9b1d670a7195d41588f,osm:node:12101841706,2,,open,480,900,0,obs:7febfd252711889161472806
hours:bbbbc54697ee69d9eee50f41,osm:node:12101841706,3,,open,480,900,0,obs:7febfd252711889161472806
hours:1b0909570ec8acfd7e7a4462,osm:node:12101841706,4,,open,480,900,0,obs:7febfd252711889161472806
hours:32d2dce086f0996b3ef84f61,osm:node:12101841706,5,,open,480,900,0,obs:7febfd252711889161472806
hours:3f6af8461ada58a9f5081424,osm:node:12105866901,0,,open,630,1290,0,obs:e9faacfe9127d7bf955fe2a5
hours:b37098dab5fcaf0147da406c,osm:node:12105866901,1,,open,630,1290,0,obs:e9faacfe9127d7bf955fe2a5
hours:21247c0b138ef427632c2fc4,osm:node:12105866901,2,,open,630,1290,0,obs:e9faacfe9127d7bf955fe2a5
hours:9a4d46c0d7e8bf0c7948b351,osm:node:12105866901,3,,open,630,1290,0,obs:e9faacfe9127d7bf955fe2a5
hours:95cdb6630951ce3603897f98,osm:node:12105866901,4,,open,630,1290,0,obs:e9faacfe9127d7bf955fe2a5
hours:ff75c9ffb0628af65e6099f4,osm:node:12105866901,5,,open,630,1290,0,obs:e9faacfe9127d7bf955fe2a5
hours:56a5c9ad96f7b9940954514a,osm:node:12105866901,6,,open,630,1290,0,obs:e9faacfe9127d7bf955fe2a5
hours:2c3267cb0dee561f1df56fb2,osm:node:12105870160,0,,open,690,840,0,obs:f99724762d8f4a6f3e17a82f
hours:698c752448fc10218b7f278c,osm:node:12105870160,0,,open,1050,1260,0,obs:f99724762d8f4a6f3e17a82f
hours:d95cce2ed9f67a94bda6be2b,osm:node:12105870160,1,,open,690,840,0,obs:f99724762d8f4a6f3e17a82f
hours:623b46660330725f7067cf6b,osm:node:12105870160,1,,open,1050,1260,0,obs:f99724762d8f4a6f3e17a82f
hours:53c0b2a33513b65bfd901a92,osm:node:12105870160,2,,open,690,840,0,obs:f99724762d8f4a6f3e17a82f
hours:b9fec26e547475ba43eaf003,osm:node:12105870160,2,,open,1050,1260,0,obs:f99724762d8f4a6f3e17a82f
hours:df617d0e417e70224a249061,osm:node:12105870160,3,,open,690,840,0,obs:f99724762d8f4a6f3e17a82f
hours:18ae831d0ab2d9f90392112a,osm:node:12105870160,3,,open,1050,1260,0,obs:f99724762d8f4a6f3e17a82f
hours:2f945ea10d07ce474239cff0,osm:node:12105870160,4,,open,690,840,0,obs:f99724762d8f4a6f3e17a82f
hours:5481eafa0fff4aad0a9ae109,osm:node:12105870160,4,,open,1050,1260,0,obs:f99724762d8f4a6f3e17a82f
hours:47a4fe97fc9fa5009e196a9b,osm:node:12105870160,5,,open,690,840,0,obs:f99724762d8f4a6f3e17a82f
hours:e5adf41bb119b438550425b8,osm:node:12105870160,5,,open,1050,1260,0,obs:f99724762d8f4a6f3e17a82f
hours:13fc1efa9f5833254616e74e,osm:node:12105870160,6,,open,690,840,0,obs:f99724762d8f4a6f3e17a82f
hours:d269b1f57e60f144f038c507,osm:node:12105870160,6,,open,1050,1260,0,obs:f99724762d8f4a6f3e17a82f
hours:6dfd12fcf64b998ea142ee8d,osm:node:12109646801,0,,open,420,1200,0,obs:196279a484ae2abd9bd182d8
hours:045f60296629f7d0a49c75cd,osm:node:12109646801,1,,open,420,1200,0,obs:196279a484ae2abd9bd182d8
hours:dd68592e8334bd19ee4b58f5,osm:node:12109646801,2,,open,420,1200,0,obs:196279a484ae2abd9bd182d8
hours:3988b32a1073d7b641364928,osm:node:12109646801,3,,open,420,1200,0,obs:196279a484ae2abd9bd182d8
hours:35ba1da93aba6f6dd56d3fdd,osm:node:12109646801,4,,open,420,1200,0,obs:196279a484ae2abd9bd182d8
hours:f31d7ff409031b17c6d65b31,osm:node:12109646801,5,,open,420,1200,0,obs:196279a484ae2abd9bd182d8
hours:5cebb4c19456f10d0ee45c53,osm:node:12109646801,6,,open,420,1200,0,obs:196279a484ae2abd9bd182d8
hours:9e64c166e80535497c8c5d6a,osm:node:12114045301,0,,open,360,1380,0,obs:dabf26734c2a842809e77119
hours:022f8bc3484fdc0f3f313147,osm:node:12114045301,1,,open,360,1380,0,obs:dabf26734c2a842809e77119
hours:9991e467be853ab9b5441d90,osm:node:12114045301,2,,open,360,1380,0,obs:dabf26734c2a842809e77119
hours:3e599fcc2fc25da27d04b09b,osm:node:12114045301,3,,open,360,1380,0,obs:dabf26734c2a842809e77119
hours:731419e047a5753c644ab358,osm:node:12114045301,4,,open,360,1380,0,obs:dabf26734c2a842809e77119
hours:b1e631e190fa801fbc9aa2d0,osm:node:12114045301,5,,open,360,1380,0,obs:dabf26734c2a842809e77119
hours:b23d98d1fcaf1df66406ba32,osm:node:12114045301,6,,open,360,1380,0,obs:dabf26734c2a842809e77119
hours:1edc0cb89c268ff28144bdb7,osm:node:12118199551,0,,open,600,1320,0,obs:9ca810ed3973e77ec2ea6d8d
hours:9ce56f007de9f5d79f37c2f9,osm:node:12118199551,1,,open,600,1320,0,obs:9ca810ed3973e77ec2ea6d8d
hours:3bfb94c2e082d1405ec7795d,osm:node:12118199551,2,,open,600,1320,0,obs:9ca810ed3973e77ec2ea6d8d
hours:3b7576712e7287ba1057b3b9,osm:node:12118199551,3,,open,600,1320,0,obs:9ca810ed3973e77ec2ea6d8d
hours:67a88abfbf44383a80b5b233,osm:node:12118199551,4,,open,600,1320,0,obs:9ca810ed3973e77ec2ea6d8d
hours:97fe4563ec9beb79c9e75298,osm:node:12118199551,5,,open,600,1320,0,obs:9ca810ed3973e77ec2ea6d8d
hours:454bd1c8e5551867523b3713,osm:node:12118199551,6,,open,600,1320,0,obs:9ca810ed3973e77ec2ea6d8d
hours:30a3457c1a815a2086c20eef,osm:node:12171219561,0,,open,420,1080,0,obs:20b2c9845e5fc89e6c064ea5
hours:1afc1e5d9be60e7ad0e787e0,osm:node:12171219561,1,,open,420,1080,0,obs:20b2c9845e5fc89e6c064ea5
hours:95f814a9406ed2f98306ea80,osm:node:12171219561,2,,open,420,1080,0,obs:20b2c9845e5fc89e6c064ea5
hours:c37113ec83a616890b3b08ee,osm:node:12171219561,3,,open,420,1080,0,obs:20b2c9845e5fc89e6c064ea5
hours:e28d104ecbeed5943f3f4d17,osm:node:12171219561,4,,open,420,1080,0,obs:20b2c9845e5fc89e6c064ea5
hours:b78e7275fe0aa8f707f059c9,osm:node:12171219561,5,,open,420,1080,0,obs:20b2c9845e5fc89e6c064ea5
hours:a6156c01b5838a902b0f0952,osm:node:12171219561,6,,open,420,1080,0,obs:20b2c9845e5fc89e6c064ea5
hours:6f0e7ade07f9b191a2aad8c8,osm:node:12174005655,0,,open,360,1260,0,obs:d59147f4ac9dd10d57855da3
hours:7ac8bdf864b886f5ba864887,osm:node:12174005655,1,,open,360,1260,0,obs:d59147f4ac9dd10d57855da3
hours:71a53f1f92d55bb1d33a4066,osm:node:12174005655,2,,open,360,1260,0,obs:d59147f4ac9dd10d57855da3
hours:bfa6faf74f04ff52e04b1f9d,osm:node:12174005655,3,,open,360,1260,0,obs:d59147f4ac9dd10d57855da3
hours:d4f201ea9a55c5e209ca3914,osm:node:12174005655,4,,open,360,1260,0,obs:d59147f4ac9dd10d57855da3
hours:fb1d9bae93b296bc8726ce12,osm:node:12174005655,5,,open,360,1260,0,obs:d59147f4ac9dd10d57855da3
hours:a173e114b73d434db1af79bf,osm:node:12174005655,6,,open,360,1260,0,obs:d59147f4ac9dd10d57855da3
hours:85ac2b2ca03aa3dc3f62bb12,osm:node:12230139974,0,,open,960,1320,0,obs:400c9aca6d03a4357699005a
hours:7ced769447afd0013e193e1f,osm:node:12230139974,1,,open,960,1320,0,obs:400c9aca6d03a4357699005a
hours:f80c3eedb28be7bfb9d7be92,osm:node:12230139974,2,,open,960,1320,0,obs:400c9aca6d03a4357699005a
hours:94873683d28be281db3cde1b,osm:node:12230139974,3,,open,960,1320,0,obs:400c9aca6d03a4357699005a
hours:a34f7815de725c520be707f8,osm:node:12230139974,4,,open,960,1320,0,obs:400c9aca6d03a4357699005a
hours:6176d73b1add6f1c45eeee74,osm:node:12230139974,5,,open,960,1320,0,obs:400c9aca6d03a4357699005a
hours:1bf58b7dd60febd511e5989d,osm:node:12230139974,6,,open,960,1320,0,obs:400c9aca6d03a4357699005a
hours:e9b917cb9758687e90ffebd1,osm:node:12230141269,0,,open,420,1260,0,obs:6a20813613ff05b1f8176a9a
hours:7e7a70547fec264ef6f64e17,osm:node:12230141269,1,,open,420,1260,0,obs:6a20813613ff05b1f8176a9a
hours:1b33ea987e7497dbfb1d5537,osm:node:12230141269,2,,open,420,1260,0,obs:6a20813613ff05b1f8176a9a
hours:9a268d51a245442487728d87,osm:node:12230141269,3,,open,420,1260,0,obs:6a20813613ff05b1f8176a9a
hours:0ba49b3ceceb47874f0e650a,osm:node:12230141269,4,,open,420,1260,0,obs:6a20813613ff05b1f8176a9a
hours:b47970d6adcbee05ae54b2a4,osm:node:12230141269,5,,open,420,1260,0,obs:6a20813613ff05b1f8176a9a
hours:47411dc031a4248e6a099b04,osm:node:12230141269,6,,open,420,1260,0,obs:6a20813613ff05b1f8176a9a
hours:379002794b2a368deb1d0a35,osm:node:12230186584,0,,open,660,1320,0,obs:e028f01eb6fa15a8523b5a35
hours:1fc4b85819891d23c83f2d8a,osm:node:12230186584,1,,open,660,1320,0,obs:e028f01eb6fa15a8523b5a35
hours:62a9084ae2572f6eab20969e,osm:node:12230186584,2,,open,660,1320,0,obs:e028f01eb6fa15a8523b5a35
hours:944c3b6dabde845a3e534fda,osm:node:12230186584,3,,open,660,1320,0,obs:e028f01eb6fa15a8523b5a35
hours:96ab8131d6740ccef87bcb52,osm:node:12230186584,4,,open,660,1320,0,obs:e028f01eb6fa15a8523b5a35
hours:f058813153778e098829dd8d,osm:node:12230186584,5,,open,660,1320,0,obs:e028f01eb6fa15a8523b5a35
hours:a1875bc318ee8ee92cace47a,osm:node:12230186584,6,,open,660,1320,0,obs:e028f01eb6fa15a8523b5a35
hours:0619ff2973251142f5d5637c,osm:node:12232415785,0,,open,390,1350,0,obs:c649f313c385d8e5bd2226fc
hours:34f957a3415fe12ec07fe978,osm:node:12232415785,1,,open,390,1350,0,obs:c649f313c385d8e5bd2226fc
hours:b654145ed36c6937ac518ac4,osm:node:12232415785,2,,open,390,1350,0,obs:c649f313c385d8e5bd2226fc
hours:18d18d5bfd894270ec935004,osm:node:12232415785,3,,open,390,1350,0,obs:c649f313c385d8e5bd2226fc
hours:dd099a473c247c1093b522c5,osm:node:12232415785,4,,open,390,1350,0,obs:c649f313c385d8e5bd2226fc
hours:86aa8ec542974dafd0b0acaf,osm:node:12232415785,5,,open,390,1350,0,obs:c649f313c385d8e5bd2226fc
hours:824fd3a47ee9722f9e965298,osm:node:12232415785,6,,open,390,1350,0,obs:c649f313c385d8e5bd2226fc
hours:98168d76f09da3c7ecb35be4,osm:node:12235167371,0,,open,0,1440,0,obs:8b2e179ac31b8ace72ac8914
hours:e4e58e9aa0a4907e9b960c6f,osm:node:12235167371,1,,open,0,1440,0,obs:8b2e179ac31b8ace72ac8914
hours:4ebb7e24b30a699fd8038b10,osm:node:12235167371,2,,open,0,1440,0,obs:8b2e179ac31b8ace72ac8914
hours:88e4970c216140e2ddd88c42,osm:node:12235167371,3,,open,0,1440,0,obs:8b2e179ac31b8ace72ac8914
hours:8de287664df5c5e7a79d0428,osm:node:12235167371,4,,open,0,1440,0,obs:8b2e179ac31b8ace72ac8914
hours:10e47455264b5ddffebe868e,osm:node:12235167371,5,,open,0,1440,0,obs:8b2e179ac31b8ace72ac8914
hours:c92b1e2312867e53271a1761,osm:node:12235167371,6,,open,0,1440,0,obs:8b2e179ac31b8ace72ac8914
hours:6ec80434ac06e242d4cb9550,osm:node:12328253201,0,,open,480,1140,0,obs:35e670dd2201adba17d3bb77
hours:049afbd690cee9c5f352f6f8,osm:node:12328253201,1,,open,480,1140,0,obs:35e670dd2201adba17d3bb77
hours:c2bb2e40b96263132f8fa8bb,osm:node:12328253201,2,,open,480,1140,0,obs:35e670dd2201adba17d3bb77
hours:37f7eaa1471dc336251892c5,osm:node:12328253201,3,,open,480,1140,0,obs:35e670dd2201adba17d3bb77
hours:22978fec6b86e9873a6c5c42,osm:node:12328253201,4,,open,480,1140,0,obs:35e670dd2201adba17d3bb77
hours:1021ea8e2805564a605b8400,osm:node:12328253201,5,,open,480,1140,0,obs:35e670dd2201adba17d3bb77
hours:5eabd9c9a05580d0a91819ba,osm:node:12328253201,6,,open,480,1140,0,obs:35e670dd2201adba17d3bb77
hours:26627ecef182204dbe80ff6f,osm:node:12337003901,0,,open,360,1350,0,obs:be49182d1ed3bdff40134016
hours:3e8d02901710f5c176699ed5,osm:node:12337003901,1,,open,360,1350,0,obs:be49182d1ed3bdff40134016
hours:9e20481d22223b28d8aee85f,osm:node:12337003901,2,,open,360,1350,0,obs:be49182d1ed3bdff40134016
hours:2829797a84d849850431e6e6,osm:node:12337003901,3,,open,360,1350,0,obs:be49182d1ed3bdff40134016
hours:dd4b47700c4f43b4a2f66bd1,osm:node:12337003901,4,,open,360,1350,0,obs:be49182d1ed3bdff40134016
hours:5f78ef65d73fc61ee1a0b193,osm:node:12337003901,5,,open,360,1350,0,obs:be49182d1ed3bdff40134016
hours:7e3698beb1bb11d00a46ecbc,osm:node:12337003901,6,,open,360,1350,0,obs:be49182d1ed3bdff40134016
hours:f7107935699b6a6f5d84ab1f,osm:node:12355415501,0,,open,1020,300,1,obs:db0a26acad7912864512a02c
hours:0004842d364ee81dbb15bb9b,osm:node:12355415501,1,,open,1020,300,1,obs:db0a26acad7912864512a02c
hours:0a6c303d07970867203c8141,osm:node:12355415501,2,,open,1020,300,1,obs:db0a26acad7912864512a02c
hours:068a7eb99bd8de6c18437b8e,osm:node:12355415501,3,,open,1020,300,1,obs:db0a26acad7912864512a02c
hours:0c4182fd1fe4b9ce866ef4fa,osm:node:12355415501,4,,open,1020,300,1,obs:db0a26acad7912864512a02c
hours:393e6a1b93f62ba58f774ee6,osm:node:12355415501,5,,open,1020,300,1,obs:db0a26acad7912864512a02c
hours:954f5ed926af44fafa1798c0,osm:node:12355415501,6,,open,1020,300,1,obs:db0a26acad7912864512a02c
hours:3c45399417b7e791d53844a5,osm:node:12357498701,0,,open,480,1200,0,obs:60ed227f433f6b82966b4d06
hours:42bd9f97d128dc77ea758b83,osm:node:12357498701,1,,open,480,1200,0,obs:60ed227f433f6b82966b4d06
hours:6f6f5be68dd905281a0a03b0,osm:node:12357498701,2,,open,480,1200,0,obs:60ed227f433f6b82966b4d06
hours:e8f2ff886de5d4efe3b026da,osm:node:12357498701,3,,open,480,1200,0,obs:60ed227f433f6b82966b4d06
hours:b51d9a742b2c11a0a4952cf8,osm:node:12357498701,4,,open,480,1200,0,obs:60ed227f433f6b82966b4d06
hours:d3ab89b9f766e2fced9b6b68,osm:node:12357498701,5,,open,480,1200,0,obs:60ed227f433f6b82966b4d06
hours:28c483640cbebb186635efb2,osm:node:12357498701,6,,open,480,1200,0,obs:60ed227f433f6b82966b4d06
hours:d53890bcb90437e6c5917349,osm:node:12372330757,0,,open,630,1320,0,obs:e203db88537d0b2f2ee0f02d
hours:8bece264f23cfad43b6c1635,osm:node:12372330757,1,,open,630,1320,0,obs:e203db88537d0b2f2ee0f02d
hours:fd50de5f9a3889fc459a9d9f,osm:node:12372330757,2,,open,630,1320,0,obs:e203db88537d0b2f2ee0f02d
hours:e9f486c2a3f7cff4dc7b6ca6,osm:node:12372330757,3,,open,630,1320,0,obs:e203db88537d0b2f2ee0f02d
hours:5822aa75fe31c3f697510da9,osm:node:12372330757,4,,open,630,1320,0,obs:e203db88537d0b2f2ee0f02d
hours:018546e16f668abec907725b,osm:node:12372330757,5,,open,630,1320,0,obs:e203db88537d0b2f2ee0f02d
hours:4ed6ceb858cea13271ad0087,osm:node:12372330757,6,,open,630,1320,0,obs:e203db88537d0b2f2ee0f02d
hours:7df69882e874b0ca15143fb5,osm:node:12372377830,0,,open,450,1350,0,obs:dbe007526e6f9c351ded7bb2
hours:0d46c6c0b9f488617686d2cc,osm:node:12372377830,1,,open,450,1350,0,obs:dbe007526e6f9c351ded7bb2
hours:e53a12e4f1b80b3396fe5eab,osm:node:12372377830,2,,open,450,1350,0,obs:dbe007526e6f9c351ded7bb2
hours:ef83012907fecc7b969f44bc,osm:node:12372377830,3,,open,450,1350,0,obs:dbe007526e6f9c351ded7bb2
hours:0506a810ecef7e9184e69c58,osm:node:12372377830,4,,open,450,1350,0,obs:dbe007526e6f9c351ded7bb2
hours:90e3c4b88da91b123dd791fd,osm:node:12372377830,5,,open,450,1350,0,obs:dbe007526e6f9c351ded7bb2
hours:4d84f168de35f149e7563a65,osm:node:12372377830,6,,open,450,1350,0,obs:dbe007526e6f9c351ded7bb2
hours:a2d6757564b3818813952a75,osm:node:12372389429,0,,open,420,1320,0,obs:9148cf7faa4bdfa2a23f4026
hours:c407b0bea79b6c4e2134f07c,osm:node:12372389429,1,,open,420,1320,0,obs:9148cf7faa4bdfa2a23f4026
hours:6674b8cdb637d7209571094d,osm:node:12372389429,2,,open,420,1320,0,obs:9148cf7faa4bdfa2a23f4026
hours:39de07b5cffe5911e3727ecf,osm:node:12372389429,3,,open,420,1320,0,obs:9148cf7faa4bdfa2a23f4026
hours:7b057a75915a3dbeff104eb2,osm:node:12372389429,4,,open,420,1320,0,obs:9148cf7faa4bdfa2a23f4026
hours:51a1e59b6abaa074014c5310,osm:node:12372389429,5,,open,420,1320,0,obs:9148cf7faa4bdfa2a23f4026
hours:cc1d0ce558873571220ff4ff,osm:node:12372389429,6,,open,420,1320,0,obs:9148cf7faa4bdfa2a23f4026
hours:525e1551a33860d94a85c3cf,osm:node:12372824403,0,,open,360,1260,0,obs:fc274f7abc5363d716144442
hours:9f6d2aa03331c92be9e191c7,osm:node:12372824403,1,,open,360,1260,0,obs:fc274f7abc5363d716144442
hours:e864f4a7ff544c7e8b2ce1ef,osm:node:12372824403,2,,open,360,1260,0,obs:fc274f7abc5363d716144442
hours:bd96f321ceec8dcd1b47a122,osm:node:12372824403,3,,open,360,1260,0,obs:fc274f7abc5363d716144442
hours:bb89bafb9a0c3af1cf044a9e,osm:node:12372824403,4,,open,360,1260,0,obs:fc274f7abc5363d716144442
hours:251c0a1a89a52a572d0e289b,osm:node:12372824403,5,,open,360,1260,0,obs:fc274f7abc5363d716144442
hours:bd7bd695c5c6f57e039d6b8e,osm:node:12372824403,6,,open,360,1260,0,obs:fc274f7abc5363d716144442
hours:bf187259c8dada5dd10387b6,osm:node:12375798343,0,,open,660,1320,0,obs:ecd36c4525da2132ac180824
hours:10bab5046066698532a709a8,osm:node:12375798343,1,,open,660,1320,0,obs:ecd36c4525da2132ac180824
hours:029071b0c36acdd88e0caaa1,osm:node:12375798343,2,,open,660,1320,0,obs:ecd36c4525da2132ac180824
hours:d1e13c3d80424cb96671fb94,osm:node:12375798343,3,,open,660,1320,0,obs:ecd36c4525da2132ac180824
hours:3111b47da787d5d4d5d8c846,osm:node:12375798343,4,,open,660,1320,0,obs:ecd36c4525da2132ac180824
hours:f0294524725c872f4940dfc0,osm:node:12375798343,5,,open,660,1320,0,obs:ecd36c4525da2132ac180824
hours:39834e1308c469a9be52a4c8,osm:node:12375798343,6,,open,660,1320,0,obs:ecd36c4525da2132ac180824
hours:5209fe699f985816bd6a2e1a,osm:node:12389716289,0,,open,600,1410,0,obs:e51961fd1f84108d9e51de54
hours:ba4e95d7b4523ec864a7de74,osm:node:12389716289,1,,open,600,1410,0,obs:e51961fd1f84108d9e51de54
hours:48b73e79bbf029409db9eba1,osm:node:12389716289,2,,open,600,1410,0,obs:e51961fd1f84108d9e51de54
hours:7e1252f7e91089d6dd7b5660,osm:node:12389716289,3,,open,600,1410,0,obs:e51961fd1f84108d9e51de54
hours:4df2f8bbb0c34244302cbc7f,osm:node:12389716289,4,,open,600,1410,0,obs:e51961fd1f84108d9e51de54
hours:f74f55ff85e1d2505d80cea3,osm:node:12389716289,5,,open,600,1410,0,obs:e51961fd1f84108d9e51de54
hours:a6a065e0c835aebc12897829,osm:node:12389716289,6,,open,600,1410,0,obs:e51961fd1f84108d9e51de54
hours:3eba37d92dd983342d3525b0,osm:node:12393379604,0,,open,600,1320,0,obs:015cc2be9b8acf85fa220f61
hours:bc97d8b7d7a9734716dbfdbd,osm:node:12393379604,1,,open,600,1320,0,obs:015cc2be9b8acf85fa220f61
hours:56662f48e1c3cc9c93a31fef,osm:node:12393379604,2,,open,600,1320,0,obs:015cc2be9b8acf85fa220f61
hours:2fdeef725b7afba09bcc6274,osm:node:12393379604,3,,open,600,1320,0,obs:015cc2be9b8acf85fa220f61
hours:eec3859b75f18e8a48832d2a,osm:node:12393379604,4,,open,600,1320,0,obs:015cc2be9b8acf85fa220f61
hours:0b14f72ed2e475226502c240,osm:node:12393379604,5,,open,600,1320,0,obs:015cc2be9b8acf85fa220f61
hours:27bb3d57142c279b60738163,osm:node:12393379604,6,,open,600,1320,0,obs:015cc2be9b8acf85fa220f61
hours:1fb24e943a9fa2678de89e2b,osm:node:12415047802,0,,open,330,1320,0,obs:5619e57ffa6d39df634c1207
hours:8ff73b82466f616f14ac8c87,osm:node:12415047802,1,,open,330,1320,0,obs:5619e57ffa6d39df634c1207
hours:c782fceb8707657f1215ebad,osm:node:12415047802,2,,open,330,1320,0,obs:5619e57ffa6d39df634c1207
hours:6f635ffd02e7d14de48d591b,osm:node:12415047802,3,,open,330,1320,0,obs:5619e57ffa6d39df634c1207
hours:3d0b1107ce4872f1fd8d87d9,osm:node:12415047802,4,,open,330,1320,0,obs:5619e57ffa6d39df634c1207
hours:22bee442c19d13fb6e402bed,osm:node:12415047802,5,,open,330,1320,0,obs:5619e57ffa6d39df634c1207
hours:cd877f931bce45e70763aa03,osm:node:12415047802,6,,open,330,1320,0,obs:5619e57ffa6d39df634c1207
hours:ecaeb564d6c9f6de817ce732,osm:node:12433230010,0,,open,420,1350,0,obs:eba5051cdd00ddd975a46ca3
hours:6e4241f68463a5c69e7b1692,osm:node:12433230010,1,,open,420,1350,0,obs:eba5051cdd00ddd975a46ca3
hours:e1f2487d675abb5411535a8d,osm:node:12433230010,2,,open,420,1350,0,obs:eba5051cdd00ddd975a46ca3
hours:666d2a31423b0a6a290fc6f2,osm:node:12433230010,3,,open,420,1350,0,obs:eba5051cdd00ddd975a46ca3
hours:69ebf1ce39bd098fae08b74d,osm:node:12433230010,4,,open,420,1350,0,obs:eba5051cdd00ddd975a46ca3
hours:e663d201459648912d4aa077,osm:node:12433230010,5,,open,420,1350,0,obs:eba5051cdd00ddd975a46ca3
hours:dcf4ea79ecfdbf455d8f9a15,osm:node:12433230010,6,,open,420,1350,0,obs:eba5051cdd00ddd975a46ca3
hours:9f8afc68387672c9b6a26512,osm:node:12434838529,0,,open,420,1380,0,obs:a45d18a726d7a5004eeabbed
hours:0c60a90e1da236fc922eb53e,osm:node:12434838529,1,,open,420,1380,0,obs:a45d18a726d7a5004eeabbed
hours:9cf1af353ef2f33dfee4cc11,osm:node:12434838529,2,,open,420,1380,0,obs:a45d18a726d7a5004eeabbed
hours:254bdacdc3d5a8279dc3cdf4,osm:node:12434838529,3,,open,420,1380,0,obs:a45d18a726d7a5004eeabbed
hours:e1c81632c0d9e0174f158c62,osm:node:12434838529,4,,open,420,1380,0,obs:a45d18a726d7a5004eeabbed
hours:b15fedc5429ebb105ac41844,osm:node:12434838529,5,,open,420,1380,0,obs:a45d18a726d7a5004eeabbed
hours:8c753e5fcb9dd9562e321e74,osm:node:12434838529,6,,open,420,1380,0,obs:a45d18a726d7a5004eeabbed
hours:5e7c69287ed64485875109b8,osm:node:12464306501,0,,open,600,1320,0,obs:4bf3a3c97fb64231427b057c
hours:83cf4d7db964cbfd69b5558b,osm:node:12464306501,1,,open,600,1320,0,obs:4bf3a3c97fb64231427b057c
hours:f2f8f801dd278e9d2415259b,osm:node:12464306501,2,,open,600,1320,0,obs:4bf3a3c97fb64231427b057c
hours:587c0007ea5dc8503da53de3,osm:node:12464306501,3,,open,600,1320,0,obs:4bf3a3c97fb64231427b057c
hours:f0f34731bd36b7bb5055c7cc,osm:node:12464306501,4,,open,600,1320,0,obs:4bf3a3c97fb64231427b057c
hours:5886314baf9ab7f8554f9def,osm:node:12464306501,5,,open,600,1320,0,obs:4bf3a3c97fb64231427b057c
hours:4f430aef0bfb0a0f83545944,osm:node:12464306501,6,,open,600,1320,0,obs:4bf3a3c97fb64231427b057c
hours:18f3e5e9c4e8c99d3302f999,osm:node:12603307807,0,,open,390,1350,0,obs:008ef0579894d1627cf091a1
hours:b933b384b2123645e28fede5,osm:node:12603307807,1,,open,390,1350,0,obs:008ef0579894d1627cf091a1
hours:6d9bdb847bd951ea7aa57225,osm:node:12603307807,2,,open,390,1350,0,obs:008ef0579894d1627cf091a1
hours:5650c52868e47b91cc3daa09,osm:node:12603307807,3,,open,390,1350,0,obs:008ef0579894d1627cf091a1
hours:c1d317a73f1b5fd2feacba46,osm:node:12603307807,4,,open,390,1350,0,obs:008ef0579894d1627cf091a1
hours:a31d3880e3556fdc735cc1e9,osm:node:12603307807,5,,open,390,1350,0,obs:008ef0579894d1627cf091a1
hours:9246f2ee8364e6a2bb855b4b,osm:node:12603307807,6,,open,390,1350,0,obs:008ef0579894d1627cf091a1
hours:fd1deed282dc36a780c5c94e,osm:node:12609115911,0,,open,420,1080,0,obs:9bee971a09f2abf6e8474da5
hours:73436e3d2fb01b65136e2857,osm:node:12609115911,1,,open,420,1080,0,obs:9bee971a09f2abf6e8474da5
hours:82c018f036b9bde2b3e125cf,osm:node:12609115911,2,,open,420,1080,0,obs:9bee971a09f2abf6e8474da5
hours:11ea31d55daf0e9f20ca0717,osm:node:12609115911,3,,open,420,1080,0,obs:9bee971a09f2abf6e8474da5
hours:f8bdf898d9dabc6481cff91d,osm:node:12609115911,4,,open,420,1080,0,obs:9bee971a09f2abf6e8474da5
hours:28b622dc21b628aa6954b8f6,osm:node:12609115911,5,,open,420,1080,0,obs:9bee971a09f2abf6e8474da5
hours:c54536e02734c29bca6b12e1,osm:node:12609115911,6,,open,420,1080,0,obs:9bee971a09f2abf6e8474da5
hours:0077f7b770ca05d5906d953d,osm:node:12609681665,0,,open,540,1260,0,obs:f76251047bced39de11e03da
hours:116b496aa7fabe159abc2dd1,osm:node:12609681665,1,,open,540,1260,0,obs:f76251047bced39de11e03da
hours:d9948e1ac2c2ace9ffdb6664,osm:node:12609681665,2,,open,540,1260,0,obs:f76251047bced39de11e03da
hours:42bf3c125f19fff697cf97db,osm:node:12609681665,3,,open,540,1260,0,obs:f76251047bced39de11e03da
hours:8ceb2c7fa1ec8fcee81d50dc,osm:node:12609681665,4,,open,540,1260,0,obs:f76251047bced39de11e03da
hours:8b51ae4b4f1603d9aa477499,osm:node:12609681665,5,,open,540,1260,0,obs:f76251047bced39de11e03da
hours:9e9c2499500eade7b1f14509,osm:node:12609681665,6,,open,540,1260,0,obs:f76251047bced39de11e03da
hours:ad8219df169b6140928e229e,osm:node:12612220720,0,,open,540,1350,0,obs:9b456b7d05b149e1ecdaf9e1
hours:00d9d57a85f5d53ec2160393,osm:node:12612220720,1,,open,540,1350,0,obs:9b456b7d05b149e1ecdaf9e1
hours:31e0bcc6bac725d1bbad933a,osm:node:12612220720,2,,open,540,1350,0,obs:9b456b7d05b149e1ecdaf9e1
hours:a31bd0f59c1f4a9b9125f547,osm:node:12612220720,3,,open,540,1350,0,obs:9b456b7d05b149e1ecdaf9e1
hours:fe9756846768f0592c6ad6c9,osm:node:12612220720,4,,open,540,1410,0,obs:9b456b7d05b149e1ecdaf9e1
hours:ec2f2684033511881b50fa16,osm:node:12612220720,5,,open,540,1410,0,obs:9b456b7d05b149e1ecdaf9e1
hours:19fe9f0a18214f64be06c12c,osm:node:12612220720,6,,open,540,1410,0,obs:9b456b7d05b149e1ecdaf9e1
hours:3a92a5e30af0e6203bea5d83,osm:node:12613011101,0,,open,900,1260,0,obs:c590b6a272a2886501c4c8dc
hours:41367ba26a23bc4e3bc1c743,osm:node:12613011101,1,,open,900,1260,0,obs:c590b6a272a2886501c4c8dc
hours:54371abaaffb618e032330f1,osm:node:12613011101,2,,open,900,1260,0,obs:c590b6a272a2886501c4c8dc
hours:b0fed41286ab8edc17dd9ab9,osm:node:12613011101,3,,open,900,1260,0,obs:c590b6a272a2886501c4c8dc
hours:a46bb8451d026989013e5d34,osm:node:12613011101,4,,open,900,1260,0,obs:c590b6a272a2886501c4c8dc
hours:0ae83b83f11775484b7bd7f1,osm:node:12613011101,5,,open,900,1260,0,obs:c590b6a272a2886501c4c8dc
hours:07593e20db3e4adfc241d4b3,osm:node:12613011101,6,,open,900,1260,0,obs:c590b6a272a2886501c4c8dc
hours:1d82889ad43df7363bac6363,osm:node:12614290467,0,,open,660,1380,0,obs:7e9787060a522517539b71d6
hours:3ad16ad2454fca88be490b41,osm:node:12614290467,1,,open,660,1380,0,obs:7e9787060a522517539b71d6
hours:0c89fcc2779da730e5ce12db,osm:node:12614290467,2,,open,660,1380,0,obs:7e9787060a522517539b71d6
hours:b45da5a533ef746b963cce77,osm:node:12614290467,3,,open,660,1380,0,obs:7e9787060a522517539b71d6
hours:08c7872c42291403239e3de3,osm:node:12614290467,4,,open,660,1380,0,obs:7e9787060a522517539b71d6
hours:6429d51556339c5a88fd02a0,osm:node:12614290467,5,,open,660,1380,0,obs:7e9787060a522517539b71d6
hours:8126771b6b43f67e6d0f045e,osm:node:12614290467,6,,open,660,1380,0,obs:7e9787060a522517539b71d6
hours:6b7bc09099c586bd80b0713d,osm:node:12615820501,0,,open,720,1320,0,obs:09933d67954fced218b4009e
hours:09a75d44049417685f69fe9b,osm:node:12615820501,1,,open,720,1320,0,obs:09933d67954fced218b4009e
hours:decd82c1a221c2ce2364619d,osm:node:12615820501,2,,open,720,1320,0,obs:09933d67954fced218b4009e
hours:e9aaadf96789b6a980280f26,osm:node:12615820501,3,,open,720,1320,0,obs:09933d67954fced218b4009e
hours:28e58dd338b59a815c762562,osm:node:12615820501,4,,open,720,1320,0,obs:09933d67954fced218b4009e
hours:3b6bc13d652d7f62da7b1b67,osm:node:12615820501,5,,open,720,1320,0,obs:09933d67954fced218b4009e
hours:103b569d4d8930c161062125,osm:node:12615820501,6,,open,720,1320,0,obs:09933d67954fced218b4009e
hours:599153f56f348ee3e165f590,osm:node:12628841472,0,,open,600,1440,0,obs:b1301b3193d2ceaa48f9343d
hours:f8af774b2a092e42e7b6af46,osm:node:12628841472,1,,open,600,1440,0,obs:b1301b3193d2ceaa48f9343d
hours:73cfca32472c60ed94e862b2,osm:node:12628841472,2,,open,600,1440,0,obs:b1301b3193d2ceaa48f9343d
hours:ee5ba26720f11d9d7e3e50d8,osm:node:12628841472,3,,open,600,1440,0,obs:b1301b3193d2ceaa48f9343d
hours:92816f1adcb6cee5cdd20eec,osm:node:12628841472,4,,open,600,1440,0,obs:b1301b3193d2ceaa48f9343d
hours:2fb2039b0f60a20da92cb9ed,osm:node:12628841472,5,,open,600,1440,0,obs:b1301b3193d2ceaa48f9343d
hours:5ec2586336f9509ff30d916a,osm:node:12628841472,6,,open,600,1440,0,obs:b1301b3193d2ceaa48f9343d
hours:b8af8c7e2f23cc1497da4261,osm:node:12635080558,0,,open,420,1320,0,obs:f9697b8b7f038250cd711d84
hours:846dc5d0defafc35fa5d8f17,osm:node:12635080558,1,,open,420,1320,0,obs:f9697b8b7f038250cd711d84
hours:8c8ca676c45b77b2f1989aa4,osm:node:12635080558,2,,open,420,1320,0,obs:f9697b8b7f038250cd711d84
hours:75d96f5382e719e8fae2480b,osm:node:12635080558,3,,open,420,1320,0,obs:f9697b8b7f038250cd711d84
hours:dcad602dd48b0bfc6aa3fb84,osm:node:12635080558,4,,open,420,1320,0,obs:f9697b8b7f038250cd711d84
hours:db69f99f1ebd713467719c04,osm:node:12635080558,5,,open,420,1320,0,obs:f9697b8b7f038250cd711d84
hours:5349d19fcce63a6ed2bb241d,osm:node:12635080558,6,,open,420,1320,0,obs:f9697b8b7f038250cd711d84
hours:1c206e509e078ef72666bc4b,osm:node:12645515452,0,,open,450,1320,0,obs:b29ed4b19abb95da0d360ab3
hours:86425a77f04dce3c8f974081,osm:node:12645515452,1,,open,450,1320,0,obs:b29ed4b19abb95da0d360ab3
hours:92bd1ee42eb5a9f9c7a99b7d,osm:node:12645515452,2,,open,450,1320,0,obs:b29ed4b19abb95da0d360ab3
hours:d4d6b7a92a6775e672dad2f5,osm:node:12645515452,3,,open,450,1320,0,obs:b29ed4b19abb95da0d360ab3
hours:e34f423113ab5bfe68429024,osm:node:12645515452,4,,open,450,1320,0,obs:b29ed4b19abb95da0d360ab3
hours:8ca151eb549f22b577e1057d,osm:node:12645515452,5,,open,450,1320,0,obs:b29ed4b19abb95da0d360ab3
hours:267ae7e0764c6d024485c0f8,osm:node:12645515452,6,,open,450,1320,0,obs:b29ed4b19abb95da0d360ab3
hours:3bcfee10ba13707792e118dc,osm:node:12647213526,0,,open,420,1320,0,obs:dca631db04370c88eb0c33ba
hours:283b8b45bdfe339ff0071b9b,osm:node:12647213526,1,,open,420,1320,0,obs:dca631db04370c88eb0c33ba
hours:243dda68762e963a04ba89da,osm:node:12647213526,2,,open,420,1320,0,obs:dca631db04370c88eb0c33ba
hours:50271d5c746bded4a0a3cf2d,osm:node:12647213526,3,,open,420,1320,0,obs:dca631db04370c88eb0c33ba
hours:9ec02c7c640576e3c6c91b2e,osm:node:12647213526,4,,open,420,1320,0,obs:dca631db04370c88eb0c33ba
hours:9e69672206cc9f1a6fd529da,osm:node:12647213526,5,,open,420,1320,0,obs:dca631db04370c88eb0c33ba
hours:ea3acb7a4c9d15139e009975,osm:node:12647213526,6,,open,420,1320,0,obs:dca631db04370c88eb0c33ba
hours:1f26001cb47bf0bdfefdd571,osm:node:12657775781,0,,open,450,1350,0,obs:5d56a1be8cf4a5145fd36bda
hours:fe92cff10b1a242f0f1c1fe6,osm:node:12657775781,1,,open,450,1350,0,obs:5d56a1be8cf4a5145fd36bda
hours:6267ca8420314394447dcd46,osm:node:12657775781,2,,open,450,1350,0,obs:5d56a1be8cf4a5145fd36bda
hours:9e77481cb1890e8ca81b2a11,osm:node:12657775781,3,,open,450,1350,0,obs:5d56a1be8cf4a5145fd36bda
hours:3c1c597510542779d256a2c8,osm:node:12657775781,4,,open,450,1350,0,obs:5d56a1be8cf4a5145fd36bda
hours:356cb69b56c01210b3501fca,osm:node:12657775781,5,,open,450,1350,0,obs:5d56a1be8cf4a5145fd36bda
hours:c0270c8d78136c685b64c4e5,osm:node:12657775781,6,,open,450,1350,0,obs:5d56a1be8cf4a5145fd36bda
hours:9ed967523b62798809e8ac10,osm:node:12659358187,0,,open,480,1110,0,obs:507b0c92df395ce1e1ed7249
hours:546a11f5cfade89ac15feb79,osm:node:12659358187,1,,open,480,1110,0,obs:507b0c92df395ce1e1ed7249
hours:bb25477a868883812f9e9155,osm:node:12659358187,2,,open,480,1110,0,obs:507b0c92df395ce1e1ed7249
hours:371a0052a5618bab47612346,osm:node:12659358187,3,,open,480,1110,0,obs:507b0c92df395ce1e1ed7249
hours:ef496f254cde32be7a2fac3e,osm:node:12659358187,4,,open,480,1110,0,obs:507b0c92df395ce1e1ed7249
hours:796838987f4bc4f204ceac36,osm:node:12659358187,5,,open,480,1110,0,obs:507b0c92df395ce1e1ed7249
hours:93acc216ada10c5af9f4c200,osm:node:12659358187,6,,open,480,1110,0,obs:507b0c92df395ce1e1ed7249
hours:04455a8cb48bf0789ff775d1,osm:node:12661290607,1,,open,660,1320,0,obs:202b63b612f9fce225104eb8
hours:c7c9b14f80b6ce88700b2428,osm:node:12661290607,2,,open,660,1320,0,obs:202b63b612f9fce225104eb8
hours:92d61ac13f890b61fc137794,osm:node:12661290607,3,,open,660,1320,0,obs:202b63b612f9fce225104eb8
hours:b0b8cf02d12ec6daebf3594c,osm:node:12661290607,4,,open,660,1320,0,obs:202b63b612f9fce225104eb8
hours:15b3287dc0e5d1d6a432e3c5,osm:node:12661290607,5,,open,660,1320,0,obs:202b63b612f9fce225104eb8
hours:b84b34a2d804cdae56832976,osm:node:12661290607,6,,open,660,1320,0,obs:202b63b612f9fce225104eb8
hours:90534eb4a45fdfc53900300d,osm:node:12680165501,0,,open,930,1320,0,obs:d3fdb040e4139b0626eb5293
hours:6b54c6fd76f667a04dcd29c8,osm:node:12680165501,1,,open,930,1320,0,obs:d3fdb040e4139b0626eb5293
hours:019c4b2571d07e8a61985f03,osm:node:12680165501,2,,open,930,1320,0,obs:d3fdb040e4139b0626eb5293
hours:22939e3d2ebd82b13293a848,osm:node:12680165501,3,,open,930,1320,0,obs:d3fdb040e4139b0626eb5293
hours:0020534f064fb02b4025a089,osm:node:12680165501,4,,open,930,1320,0,obs:d3fdb040e4139b0626eb5293
hours:399a3158eac27bf4b1b4c0e8,osm:node:12680165501,5,,open,930,1320,0,obs:d3fdb040e4139b0626eb5293
hours:cff3aa3b5d6f4cafc35e0da1,osm:node:12680165501,6,,open,930,1320,0,obs:d3fdb040e4139b0626eb5293
hours:9fb157e821b57a2db8fe3665,osm:node:12690043401,0,,open,630,840,0,obs:384baf77d99254db33531699
hours:3fd698a726e7e23defa5fa11,osm:node:12690043401,0,,open,990,1230,0,obs:384baf77d99254db33531699
hours:e114e906b584345f90ee754c,osm:node:12690043401,1,,open,630,840,0,obs:384baf77d99254db33531699
hours:731944393262d9685b9b826c,osm:node:12690043401,1,,open,990,1230,0,obs:384baf77d99254db33531699
hours:900ab14eb3ae7d2108810986,osm:node:12690043401,2,,open,630,840,0,obs:384baf77d99254db33531699
hours:6db9d983989cfd11a5a48232,osm:node:12690043401,2,,open,990,1230,0,obs:384baf77d99254db33531699
hours:0b5ece89196ea499241bfee1,osm:node:12690043401,3,,open,630,840,0,obs:384baf77d99254db33531699
hours:85496deee8bf00b3b5271437,osm:node:12690043401,3,,open,990,1230,0,obs:384baf77d99254db33531699
hours:14944e6a7d157c0e5799270b,osm:node:12690043401,4,,open,630,840,0,obs:384baf77d99254db33531699
hours:b7f87f6bc9111d7ebb9c72ed,osm:node:12690043401,4,,open,990,1230,0,obs:384baf77d99254db33531699
hours:60a5c017bda8fd7756736f81,osm:node:12690043401,5,,open,630,840,0,obs:384baf77d99254db33531699
hours:3b7ecbd8f8b99a6599a77585,osm:node:12690043401,5,,open,990,1230,0,obs:384baf77d99254db33531699
hours:9a95c5e7c6aeef55a15b99e3,osm:node:12690043401,6,,open,630,840,0,obs:384baf77d99254db33531699
hours:a0ca3db088b60c08f92bc7a5,osm:node:12690043401,6,,open,990,1230,0,obs:384baf77d99254db33531699
hours:4197a54bafe36d8967a41288,osm:node:12692463221,0,,open,420,840,0,obs:4ac4d6b2a2edbb3a05d86902
hours:6684a0c62c2778259576ee78,osm:node:12692463221,0,,open,990,1230,0,obs:4ac4d6b2a2edbb3a05d86902
hours:98c47d53bece9d56631330be,osm:node:12692463221,1,,open,420,840,0,obs:4ac4d6b2a2edbb3a05d86902
hours:25466ff72e105782f01149f1,osm:node:12692463221,1,,open,990,1230,0,obs:4ac4d6b2a2edbb3a05d86902
hours:09fb8c1e24aeedf38a33d594,osm:node:12692463221,2,,open,420,840,0,obs:4ac4d6b2a2edbb3a05d86902
hours:ad0584a7fbafd43b252b1289,osm:node:12692463221,2,,open,990,1230,0,obs:4ac4d6b2a2edbb3a05d86902
hours:3d0c7fe2f4aedaaf37c30c1f,osm:node:12692463221,3,,open,420,840,0,obs:4ac4d6b2a2edbb3a05d86902
hours:dc4816c6f063eab661ac91cb,osm:node:12692463221,3,,open,990,1230,0,obs:4ac4d6b2a2edbb3a05d86902
hours:478bba64533d15fbd44c305b,osm:node:12692463221,4,,open,420,840,0,obs:4ac4d6b2a2edbb3a05d86902
hours:8df65074bbad9a60c05db890,osm:node:12692463221,4,,open,990,1230,0,obs:4ac4d6b2a2edbb3a05d86902
hours:372970feffca443967f9cc0a,osm:node:12692463221,5,,open,420,840,0,obs:4ac4d6b2a2edbb3a05d86902
hours:4b5f946b6522414ef95b2967,osm:node:12692463221,5,,open,990,1230,0,obs:4ac4d6b2a2edbb3a05d86902
hours:135723bb488b0a7a37c24c34,osm:node:12692463221,6,,open,420,840,0,obs:4ac4d6b2a2edbb3a05d86902
hours:74145eb4c2ef85b36826abe4,osm:node:12692463221,6,,open,990,1230,0,obs:4ac4d6b2a2edbb3a05d86902
hours:5cf77c427e9823c6aa6e98dd,osm:node:12692502183,0,,open,540,1020,0,obs:2f74aa65dadb1e0b3f89ec44
hours:f1c535c2d991dad7794b22d5,osm:node:12692502183,1,,open,540,1020,0,obs:2f74aa65dadb1e0b3f89ec44
hours:644d896bde558430565dc351,osm:node:12692502183,2,,open,540,1020,0,obs:2f74aa65dadb1e0b3f89ec44
hours:2c52fa7352b2dbda5cabcb25,osm:node:12692502183,3,,open,540,1020,0,obs:2f74aa65dadb1e0b3f89ec44
hours:37aad014c04ecc38faae8022,osm:node:12692502183,4,,open,540,1020,0,obs:2f74aa65dadb1e0b3f89ec44
hours:3fe288776f33601fc142fd74,osm:node:12692502183,5,,open,540,1020,0,obs:2f74aa65dadb1e0b3f89ec44
hours:46bdf2edebf27cfb307b2982,osm:node:12692502183,6,,open,540,1020,0,obs:2f74aa65dadb1e0b3f89ec44
hours:1a5e9fbde7f1e920d9b17b55,osm:node:12702443401,0,,open,360,1320,0,obs:67efc62c546ba2f771a1aba2
hours:6d2525c6c97c5c09b40af24b,osm:node:12702443401,1,,open,360,1320,0,obs:67efc62c546ba2f771a1aba2
hours:dbc4c559a5f62c01bf3cbdc2,osm:node:12702443401,2,,open,360,1320,0,obs:67efc62c546ba2f771a1aba2
hours:2162977541a8848e98063c65,osm:node:12702443401,3,,open,360,1320,0,obs:67efc62c546ba2f771a1aba2
hours:7641d20d7a44d1ef6073b1b6,osm:node:12702443401,4,,open,360,1320,0,obs:67efc62c546ba2f771a1aba2
hours:78f46eec519496940f93f721,osm:node:12702443401,5,,open,360,1320,0,obs:67efc62c546ba2f771a1aba2
hours:66e88ba657706a13a6b46377,osm:node:12702443401,6,,open,360,1320,0,obs:67efc62c546ba2f771a1aba2
hours:ecf1ee8be2c5b1ea5995c3c7,osm:node:12705123537,0,,open,540,1380,0,obs:211cc19e5076bd9c2073ebfb
hours:1dac04a88e976de00dd25cef,osm:node:12705123537,1,,open,540,1380,0,obs:211cc19e5076bd9c2073ebfb
hours:2de2305070c1df8b3b58b5e6,osm:node:12705123537,2,,open,540,1380,0,obs:211cc19e5076bd9c2073ebfb
hours:f8ce43e71d95e3a042cd6858,osm:node:12705123537,3,,open,540,1380,0,obs:211cc19e5076bd9c2073ebfb
hours:da3e71269bcde4e8da0ecad8,osm:node:12705123537,4,,open,540,1380,0,obs:211cc19e5076bd9c2073ebfb
hours:6af7dfa27de4e83da885f7fa,osm:node:12705123537,5,,open,540,1380,0,obs:211cc19e5076bd9c2073ebfb
hours:d9c1949d98cc33ac832ba12a,osm:node:12705123537,6,,open,540,1380,0,obs:211cc19e5076bd9c2073ebfb
hours:dff8e1396edd101a5367497d,osm:node:12717381058,0,,open,300,720,0,obs:378e7c1b419ed3fb7ebc812e
hours:08ed7a9bdb0ac4293b851980,osm:node:12717381058,1,,open,300,720,0,obs:378e7c1b419ed3fb7ebc812e
hours:b461cace37cf34c0e9641949,osm:node:12717381058,2,,open,300,720,0,obs:378e7c1b419ed3fb7ebc812e
hours:85023432b1bef4d7216495d1,osm:node:12717381058,3,,open,300,720,0,obs:378e7c1b419ed3fb7ebc812e
hours:3ea00c1a627b2ae686d8d2bc,osm:node:12717381058,4,,open,300,720,0,obs:378e7c1b419ed3fb7ebc812e
hours:340a08e6bc308da42c2f1823,osm:node:12717381058,5,,open,300,720,0,obs:378e7c1b419ed3fb7ebc812e
hours:b5e97a5f158239e1d0827c03,osm:node:12717381058,6,,open,300,720,0,obs:378e7c1b419ed3fb7ebc812e
hours:e5816f7b0368b626cb606b46,osm:node:12756565873,0,,open,390,1440,0,obs:deaab421b5eca2937d0bf3cf
hours:69e3495dc70ae6aa7d25f72e,osm:node:12756565873,1,,open,390,1440,0,obs:deaab421b5eca2937d0bf3cf
hours:c5e0c0cf5cdc80d96bc04727,osm:node:12756565873,2,,open,390,1440,0,obs:deaab421b5eca2937d0bf3cf
hours:8441eb55deeb863deef0174c,osm:node:12756565873,3,,open,390,1440,0,obs:deaab421b5eca2937d0bf3cf
hours:f313d3f5460b67dfcc5bcc82,osm:node:12756565873,4,,open,390,1440,0,obs:deaab421b5eca2937d0bf3cf
hours:487a97478d5d50b7aaf1cb0e,osm:node:12756565873,5,,open,390,1440,0,obs:deaab421b5eca2937d0bf3cf
hours:15c23fd4188add432bc6e5e9,osm:node:12756565873,6,,open,390,1440,0,obs:deaab421b5eca2937d0bf3cf
hours:8f6035c88f90b80907084e5e,osm:node:12768414701,0,,open,420,1260,0,obs:445d28aa753b2b887114a9f8
hours:5bd6e10873cdf5567cb6f12c,osm:node:12768414701,1,,open,420,1260,0,obs:445d28aa753b2b887114a9f8
hours:ab2e108b64b1fcc44c423754,osm:node:12768414701,2,,open,420,1260,0,obs:445d28aa753b2b887114a9f8
hours:296fa668c9f6b7f8374642cc,osm:node:12768414701,3,,open,420,1260,0,obs:445d28aa753b2b887114a9f8
hours:965ac9d5e0205131bb497276,osm:node:12768414701,4,,open,420,1260,0,obs:445d28aa753b2b887114a9f8
hours:8f3654265d1be1a61c7f812f,osm:node:12768414701,5,,open,420,1260,0,obs:445d28aa753b2b887114a9f8
hours:8db5fc7224f0da298871349d,osm:node:12768414701,6,,open,420,1260,0,obs:445d28aa753b2b887114a9f8
hours:656b4172fa15d22c6eb762d6,osm:node:12785618658,0,,open,660,1260,0,obs:67552cdafd79232c6fc57772
hours:321861374a966cacc8e3f8e1,osm:node:12785618658,1,,open,660,1260,0,obs:67552cdafd79232c6fc57772
hours:9aaa1409628fff95a938c51e,osm:node:12785618658,2,,open,660,1260,0,obs:67552cdafd79232c6fc57772
hours:c5d2b56606f738689acfa5f0,osm:node:12785618658,3,,open,660,1260,0,obs:67552cdafd79232c6fc57772
hours:d087c69cb02cdd3a660af774,osm:node:12785618658,4,,open,660,1260,0,obs:67552cdafd79232c6fc57772
hours:102153ab5484dff095f0dc0f,osm:node:12785618658,5,,open,660,1260,0,obs:67552cdafd79232c6fc57772
hours:4b1c6047e4373bcc86592b58,osm:node:12785618658,6,,open,660,1260,0,obs:67552cdafd79232c6fc57772
hours:0e91825d8abec917791e6a03,osm:node:12803739945,0,,open,660,1290,0,obs:dff193b71023e08747e4964c
hours:20434cc749ea85be61c4e712,osm:node:12803739945,1,,open,660,1290,0,obs:dff193b71023e08747e4964c
hours:7f3a92b663ea0fd26115d31d,osm:node:12803739945,2,,open,660,1290,0,obs:dff193b71023e08747e4964c
hours:f190754f2c7d852c5d7f2de1,osm:node:12803739945,3,,open,660,1290,0,obs:dff193b71023e08747e4964c
hours:7134daa1b91bf8890dd0a6a7,osm:node:12803739945,4,,open,660,1290,0,obs:dff193b71023e08747e4964c
hours:c62c769d725bb2acf1ef04e2,osm:node:12803739945,5,,open,660,1290,0,obs:dff193b71023e08747e4964c
hours:e85f7f44c6f494003b035f52,osm:node:12803739945,6,,open,660,1290,0,obs:dff193b71023e08747e4964c
hours:bd0c834de6bfea1e83a1dcc1,osm:node:12805994070,0,,open,420,1380,0,obs:49fad2c748ed99746f732df1
hours:c82fd3e7af64db896c54a8aa,osm:node:12805994070,1,,open,420,1380,0,obs:49fad2c748ed99746f732df1
hours:64c00cda1dbd62f314eb39b1,osm:node:12805994070,2,,open,420,1380,0,obs:49fad2c748ed99746f732df1
hours:27ef20b8363088ec04b9690c,osm:node:12805994070,3,,open,420,1380,0,obs:49fad2c748ed99746f732df1
hours:db8ed88acbfc361be2f27674,osm:node:12805994070,4,,open,420,1380,0,obs:49fad2c748ed99746f732df1
hours:767cd5129aa84714dbb6f38f,osm:node:12805994070,5,,open,420,1380,0,obs:49fad2c748ed99746f732df1
hours:7f577e17a0a1fadbf9cc9c5e,osm:node:12805994070,6,,open,420,1380,0,obs:49fad2c748ed99746f732df1
hours:b5fc9a349191906141fc982d,osm:node:12811815201,0,,open,600,1320,0,obs:612856388f4ff5828dece40a
hours:8a5ae80d1c301c3b3812b363,osm:node:12811815201,1,,open,600,1320,0,obs:612856388f4ff5828dece40a
hours:4095098bef6a1a3a498ef1f7,osm:node:12811815201,2,,open,600,1320,0,obs:612856388f4ff5828dece40a
hours:739e80ca247d126967666069,osm:node:12811815201,3,,open,600,1320,0,obs:612856388f4ff5828dece40a
hours:83e606969c7704d42c58235a,osm:node:12811815201,4,,open,600,1320,0,obs:612856388f4ff5828dece40a
hours:a73505bd3f18a6d2fb6f0a91,osm:node:12811815201,5,,open,600,1320,0,obs:612856388f4ff5828dece40a
hours:165028ba146aadf9dfc41caf,osm:node:12811815201,6,,open,600,1320,0,obs:612856388f4ff5828dece40a
hours:bd5fee8d161ad88d6bd1a5ed,osm:node:12836900460,0,,open,420,1320,0,obs:928806ef9d8504487ec6914a
hours:60127a9635c62e4089afca7c,osm:node:12836900460,1,,open,420,1320,0,obs:928806ef9d8504487ec6914a
hours:b147cd9fa0c1c0626c552c5b,osm:node:12836900460,2,,open,420,1320,0,obs:928806ef9d8504487ec6914a
hours:6cdbbeff3d200758b5b0b413,osm:node:12836900460,3,,open,420,1320,0,obs:928806ef9d8504487ec6914a
hours:664b13f2a0e652bd533ccf9d,osm:node:12836900460,4,,open,420,1320,0,obs:928806ef9d8504487ec6914a
hours:67f5d90e3ca21a0d0ec39e7d,osm:node:12836900460,5,,open,420,1320,0,obs:928806ef9d8504487ec6914a
hours:d497ec1fff86181b8c213fbc,osm:node:12836900460,6,,open,420,1320,0,obs:928806ef9d8504487ec6914a
hours:1eaff18e62aef3ed7e1e604a,osm:node:12846672201,0,,open,480,1320,0,obs:073f216583b9985713c3b4db
hours:980e2584cb58c66c37243936,osm:node:12846672201,1,,open,480,1320,0,obs:073f216583b9985713c3b4db
hours:6aebea352ab6cac1079438da,osm:node:12846672201,2,,open,480,1320,0,obs:073f216583b9985713c3b4db
hours:2e35cc818289658777aa4898,osm:node:12846672201,3,,open,480,1320,0,obs:073f216583b9985713c3b4db
hours:e9f2351f3f98245714b21a70,osm:node:12846672201,4,,open,480,1320,0,obs:073f216583b9985713c3b4db
hours:4d1b28513f0136be04062794,osm:node:12846672201,5,,open,480,1320,0,obs:073f216583b9985713c3b4db
hours:8ed8b335da0b11ff0658802d,osm:node:12846672201,6,,open,480,1320,0,obs:073f216583b9985713c3b4db
hours:44ec5924262d7e67be65f858,osm:node:12850675090,0,,open,600,1320,0,obs:6bf0dca2b280446f0fce1ac7
hours:9e1edaa805e53d802c1a14a4,osm:node:12850675090,1,,open,600,1320,0,obs:6bf0dca2b280446f0fce1ac7
hours:7a04b34f324c5ad3288ac297,osm:node:12850675090,2,,open,600,1320,0,obs:6bf0dca2b280446f0fce1ac7
hours:8daa3a802ed66b15649d6325,osm:node:12850675090,3,,open,600,1320,0,obs:6bf0dca2b280446f0fce1ac7
hours:bf2d1a154c3c8900be26def5,osm:node:12850675090,4,,open,600,1320,0,obs:6bf0dca2b280446f0fce1ac7
hours:a526acd694f38a6731864e9c,osm:node:12850675090,5,,open,600,1320,0,obs:6bf0dca2b280446f0fce1ac7
hours:1421d56c13f6b6eb8d7a1cb0,osm:node:12850675090,6,,open,600,1320,0,obs:6bf0dca2b280446f0fce1ac7
hours:d2bb3a62825c581033bc31ef,osm:node:12853200247,0,,open,420,1320,0,obs:3a0af5356ff1e127890982b4
hours:5e54c863341c8e1907b38c36,osm:node:12853200247,1,,open,420,1320,0,obs:3a0af5356ff1e127890982b4
hours:4b4029bb1a4a4aa4b084a54c,osm:node:12853200247,2,,open,420,1320,0,obs:3a0af5356ff1e127890982b4
hours:55bf78449c488d2ed3107064,osm:node:12853200247,3,,open,420,1320,0,obs:3a0af5356ff1e127890982b4
hours:a687f0a7c3a52f0c0809c103,osm:node:12853200247,4,,open,420,1320,0,obs:3a0af5356ff1e127890982b4
hours:3b08fff34a96820dfea7d0ce,osm:node:12853200247,5,,open,420,1320,0,obs:3a0af5356ff1e127890982b4
hours:b6bdab2e472ed929de8a43c0,osm:node:12853200247,6,,open,420,1320,0,obs:3a0af5356ff1e127890982b4
hours:0943879a9e4b7f9b78501b23,osm:node:12853200250,0,,open,600,1350,0,obs:bb7601324995d62084141352
hours:04b21972b1fcd9fe7e41e50e,osm:node:12853200250,1,,open,600,1350,0,obs:bb7601324995d62084141352
hours:73696b8f468f44e0e5015b1d,osm:node:12853200250,2,,open,600,1350,0,obs:bb7601324995d62084141352
hours:7470b88da96f63b28d320873,osm:node:12853200250,3,,open,600,1350,0,obs:bb7601324995d62084141352
hours:f9cfb7749c317b84385cbc73,osm:node:12853200250,4,,open,600,1350,0,obs:bb7601324995d62084141352
hours:6a2f5060df5d533a1590db5c,osm:node:12853200250,5,,open,600,1350,0,obs:bb7601324995d62084141352
hours:510e4ce62f8cfa1de37d89a3,osm:node:12853200250,6,,open,600,1350,0,obs:bb7601324995d62084141352
hours:e6234b9bcc71e4e4f4dd9260,osm:node:12860939569,0,,open,390,1350,0,obs:04b0122711b1adc5ecde8edb
hours:1fe352dd7b2df1fc36e0597e,osm:node:12860939569,1,,open,390,1350,0,obs:04b0122711b1adc5ecde8edb
hours:8455eb2f60547c1ca2c20a6e,osm:node:12860939569,2,,open,390,1350,0,obs:04b0122711b1adc5ecde8edb
hours:b767c18cde7ef2a5ee18303d,osm:node:12860939569,3,,open,390,1350,0,obs:04b0122711b1adc5ecde8edb
hours:3a0d44c5eaab99b0167c4b96,osm:node:12860939569,4,,open,390,1350,0,obs:04b0122711b1adc5ecde8edb
hours:cac10bdb8c054cff5b677649,osm:node:12860939569,5,,open,390,1350,0,obs:04b0122711b1adc5ecde8edb
hours:9ddb1a20a4cf7b29580323ee,osm:node:12860939569,6,,open,390,1350,0,obs:04b0122711b1adc5ecde8edb
hours:0683fa69aa56bd2c25a16196,osm:node:12864500102,0,,open,360,840,0,obs:deb56dd711ebd6757cb01886
hours:7cb9fe952d1fcf38f4c9c771,osm:node:12864500102,0,,open,1020,1320,0,obs:deb56dd711ebd6757cb01886
hours:4729e50f95746fc9a3248d87,osm:node:12864500102,1,,open,360,840,0,obs:deb56dd711ebd6757cb01886
hours:158a9c2ddb0bffee381a8218,osm:node:12864500102,1,,open,1020,1320,0,obs:deb56dd711ebd6757cb01886
hours:a4e6729e0319a1b7b3c01042,osm:node:12864500102,2,,open,360,840,0,obs:deb56dd711ebd6757cb01886
hours:7fea1bafc446d0f2936abb0d,osm:node:12864500102,2,,open,1020,1320,0,obs:deb56dd711ebd6757cb01886
hours:e67fca5b2b030bd5e78eb73a,osm:node:12864500102,3,,open,360,840,0,obs:deb56dd711ebd6757cb01886
hours:a9c244a6014506467a742ff7,osm:node:12864500102,3,,open,1020,1320,0,obs:deb56dd711ebd6757cb01886
hours:8ef66ccccaa13f957ede02e9,osm:node:12864500102,4,,open,360,840,0,obs:deb56dd711ebd6757cb01886
hours:04d180c11aa3b9571ac72634,osm:node:12864500102,4,,open,1020,1320,0,obs:deb56dd711ebd6757cb01886
hours:9ecbb60ec7178fb8e194b1dd,osm:node:12864500102,5,,open,360,840,0,obs:deb56dd711ebd6757cb01886
hours:5d3da257cf64d899094ef460,osm:node:12864500102,5,,open,1020,1320,0,obs:deb56dd711ebd6757cb01886
hours:a9f7de93a1991565feaf47ed,osm:node:12864500102,6,,open,360,840,0,obs:deb56dd711ebd6757cb01886
hours:babde4a3fee1363df6658bc3,osm:node:12864500102,6,,open,1020,1320,0,obs:deb56dd711ebd6757cb01886
hours:dc580212e9e93658cedff522,osm:node:12909099601,0,,open,360,1320,0,obs:e483e278ff72c715eae5bee5
hours:194276533b15249191be057d,osm:node:12909099601,1,,open,360,1320,0,obs:e483e278ff72c715eae5bee5
hours:7a1a2c322fc0af478b890f95,osm:node:12909099601,2,,open,360,1320,0,obs:e483e278ff72c715eae5bee5
hours:cedc8c065b35c253b9dfbc61,osm:node:12909099601,3,,open,360,1320,0,obs:e483e278ff72c715eae5bee5
hours:0041d93da0dea82c9b78f38d,osm:node:12909099601,4,,open,360,1320,0,obs:e483e278ff72c715eae5bee5
hours:cd90b4f84f26c1c8a56ace3b,osm:node:12909099601,5,,open,360,1320,0,obs:e483e278ff72c715eae5bee5
hours:e76c838cc1305d2b4e0294bc,osm:node:12909099601,6,,open,360,1320,0,obs:e483e278ff72c715eae5bee5
hours:695765b94a8a7cd81ac927a3,osm:node:12912346694,0,,open,600,1230,0,obs:5c16017bf286218f3aaeb1a3
hours:875e5e446553f5d7c6ad3d39,osm:node:12912346694,1,,open,600,1230,0,obs:5c16017bf286218f3aaeb1a3
hours:7452b62e1a86c7a14b51de16,osm:node:12912346694,2,,open,600,1230,0,obs:5c16017bf286218f3aaeb1a3
hours:5dc5efb18046af768585ef6c,osm:node:12912346694,3,,open,600,1230,0,obs:5c16017bf286218f3aaeb1a3
hours:8683d11f23a213ccb7361b7a,osm:node:12912346694,4,,open,600,1230,0,obs:5c16017bf286218f3aaeb1a3
hours:c83acb871f725657fc73ef90,osm:node:12912346694,5,,open,600,1230,0,obs:5c16017bf286218f3aaeb1a3
hours:847bad6f56c9ca29c3ea8094,osm:node:12912346694,6,,open,600,1230,0,obs:5c16017bf286218f3aaeb1a3
hours:b7d5ef2466d45fb402497538,osm:node:12918575654,1,,open,1080,1320,0,obs:71407315b28aa7d4adf42239
hours:8315dbf8ddd8c60f12c0c166,osm:node:12918575654,2,,open,1080,1320,0,obs:71407315b28aa7d4adf42239
hours:441354c6ba9c8212793b7cd7,osm:node:12918575654,3,,open,1080,1320,0,obs:71407315b28aa7d4adf42239
hours:767a94f945323828e196397f,osm:node:12918575654,4,,open,1080,1320,0,obs:71407315b28aa7d4adf42239
hours:2aa5b25781fd2fad2e366b2f,osm:node:12918575654,5,,open,1080,1320,0,obs:71407315b28aa7d4adf42239
hours:643422ef2736e8a7f0934205,osm:node:12918575654,6,,open,1080,1320,0,obs:71407315b28aa7d4adf42239
hours:93a3e59e3b3ff81c922944df,osm:node:12976267223,0,,open,660,1380,0,obs:a35ccc4f6b34f18caa8a2472
hours:93cb2eb8711759ba0116cf80,osm:node:12976267223,1,,open,660,1380,0,obs:a35ccc4f6b34f18caa8a2472
hours:69e2545ecc1bcaaae5b0b6c7,osm:node:12976267223,2,,open,660,1380,0,obs:a35ccc4f6b34f18caa8a2472
hours:2b4498cfff22d849753ef143,osm:node:12976267223,3,,open,660,1380,0,obs:a35ccc4f6b34f18caa8a2472
hours:af0437186026eda90746a9c6,osm:node:12976267223,4,,open,660,1380,0,obs:a35ccc4f6b34f18caa8a2472
hours:bf8b059bff473e237db4178d,osm:node:12976267223,5,,open,660,1380,0,obs:a35ccc4f6b34f18caa8a2472
hours:3644419bf85719444085a5eb,osm:node:12976267223,6,,open,660,1380,0,obs:a35ccc4f6b34f18caa8a2472
hours:a7331e349e325c11d72a525f,osm:node:13009347078,0,,open,1020,1260,0,obs:4de5922b6312b62a3794f294
hours:0ccb69235f2cd43614f2bcc2,osm:node:13009347078,1,,open,1020,1260,0,obs:4de5922b6312b62a3794f294
hours:6fc03e18e618afa0bddab840,osm:node:13009347078,2,,open,1020,1260,0,obs:4de5922b6312b62a3794f294
hours:9c32b29f28cb6e6e271ee753,osm:node:13009347078,3,,open,1020,1260,0,obs:4de5922b6312b62a3794f294
hours:4d7bf8defe7f94790a58b9d2,osm:node:13009347078,4,,open,1020,1260,0,obs:4de5922b6312b62a3794f294
hours:baf27c22fa2a89291ea44aaa,osm:node:13009347078,5,,open,1020,1260,0,obs:4de5922b6312b62a3794f294
hours:bd9b5aeb4b75b038cf549100,osm:node:13009347078,6,,open,1020,1260,0,obs:4de5922b6312b62a3794f294
hours:2e62429c2909225116d07f7d,osm:node:13022818102,0,,open,480,1320,0,obs:9c4e178a324faf709e99b901
hours:0027d0a63da6a5d1f4ac59d5,osm:node:13022818102,1,,open,480,1320,0,obs:9c4e178a324faf709e99b901
hours:fe1060b05cc9fe1041135336,osm:node:13022818102,2,,open,480,1320,0,obs:9c4e178a324faf709e99b901
hours:f7dc0c659143f4d7e69d6dd6,osm:node:13022818102,3,,open,480,1320,0,obs:9c4e178a324faf709e99b901
hours:361feca7d7985f4ba6169c91,osm:node:13022818102,4,,open,480,1320,0,obs:9c4e178a324faf709e99b901
hours:2c7cf3c0b2fd4a2d114eb120,osm:node:13022818102,5,,open,480,1320,0,obs:9c4e178a324faf709e99b901
hours:0e12a8adba2084e61ef72739,osm:node:13022818102,6,,open,480,1320,0,obs:9c4e178a324faf709e99b901
hours:1e447869202e9a43d7f3153e,osm:node:13026042501,0,,open,360,720,0,obs:4fb49aa8bd8079e03c7367a2
hours:beb7d85b550c783b285b6f94,osm:node:13026042501,0,,open,900,1080,0,obs:4fb49aa8bd8079e03c7367a2
hours:472ef1c76470b39808fb6d11,osm:node:13026042501,1,,open,360,720,0,obs:4fb49aa8bd8079e03c7367a2
hours:e7efcef1c2832b770bd869b1,osm:node:13026042501,1,,open,900,1080,0,obs:4fb49aa8bd8079e03c7367a2
hours:b899f2869cb125232e8ca5a0,osm:node:13026042501,2,,open,360,720,0,obs:4fb49aa8bd8079e03c7367a2
hours:261732028d804ceac5eb6bb4,osm:node:13026042501,2,,open,900,1080,0,obs:4fb49aa8bd8079e03c7367a2
hours:82f614ad73574e40710222f0,osm:node:13026042501,3,,open,360,720,0,obs:4fb49aa8bd8079e03c7367a2
hours:f71b93fa312ebd30d6101710,osm:node:13026042501,3,,open,900,1080,0,obs:4fb49aa8bd8079e03c7367a2
hours:c11064f8a345d4d1c3d1ca81,osm:node:13026042501,4,,open,360,720,0,obs:4fb49aa8bd8079e03c7367a2
hours:4d98d29497494404ac4f27a3,osm:node:13026042501,4,,open,900,1080,0,obs:4fb49aa8bd8079e03c7367a2
hours:b7e82d1c17ed971bb03261c3,osm:node:13026042501,5,,open,360,720,0,obs:4fb49aa8bd8079e03c7367a2
hours:df5bce005a5a10e4fc608715,osm:node:13026042501,5,,open,900,1080,0,obs:4fb49aa8bd8079e03c7367a2
hours:03088188598c91bff11e1eb2,osm:node:13026042501,6,,open,360,720,0,obs:4fb49aa8bd8079e03c7367a2
hours:39335a7e943f79c3238219bc,osm:node:13026042501,6,,open,900,1080,0,obs:4fb49aa8bd8079e03c7367a2
hours:c7453c5dad381c458e9300e5,osm:node:13033490187,0,,open,420,1410,0,obs:24e980cc1ebc1c590d70d7a0
hours:2683dab877d4779594e7cecb,osm:node:13033490187,1,,open,420,1410,0,obs:24e980cc1ebc1c590d70d7a0
hours:f4efd469b15c724b08480c14,osm:node:13033490187,2,,open,420,1410,0,obs:24e980cc1ebc1c590d70d7a0
hours:9ef70d21531e63cc183a59f9,osm:node:13033490187,3,,open,420,1410,0,obs:24e980cc1ebc1c590d70d7a0
hours:3e2c6479fb0c36e06dfcebf0,osm:node:13033490187,4,,open,420,1410,0,obs:24e980cc1ebc1c590d70d7a0
hours:b036344db9b4d8bc6b76f946,osm:node:13033490187,5,,open,420,1410,0,obs:24e980cc1ebc1c590d70d7a0
hours:b799c3f80be3bf0f5dbff6be,osm:node:13033490187,6,,open,420,1410,0,obs:24e980cc1ebc1c590d70d7a0
hours:4a4d39fa1a7e79e630696558,osm:node:13040636501,0,,open,360,660,0,obs:da32cdaca5a255a1942e81f0
hours:b26c57bd927d58a9fe83a543,osm:node:13040636501,1,,open,360,660,0,obs:da32cdaca5a255a1942e81f0
hours:4f616ad7160d73bf369c32f4,osm:node:13040636501,2,,open,360,660,0,obs:da32cdaca5a255a1942e81f0
hours:5650c0889842e08f51f8fcf6,osm:node:13040636501,3,,open,360,660,0,obs:da32cdaca5a255a1942e81f0
hours:48f06d079160e5ff8ffc143a,osm:node:13040636501,4,,open,360,660,0,obs:da32cdaca5a255a1942e81f0
hours:54f2407667213af22bfbb859,osm:node:13040636501,5,,open,360,660,0,obs:da32cdaca5a255a1942e81f0
hours:bcdbce3decc6afd91e541f98,osm:node:13040636501,6,,open,360,660,0,obs:da32cdaca5a255a1942e81f0
hours:edbabee0fe3549cc1bebaea7,osm:node:13091349871,0,,open,420,1020,0,obs:c55cfad6cc50233ed857f481
hours:46d950b66d698785a7fca3c8,osm:node:13091349871,1,,open,420,1020,0,obs:c55cfad6cc50233ed857f481
hours:45337c2223f2a735ad1b6d6d,osm:node:13091349871,2,,open,420,1020,0,obs:c55cfad6cc50233ed857f481
hours:1261e00cfe5c24ee31cd5cb0,osm:node:13091349871,3,,open,420,1020,0,obs:c55cfad6cc50233ed857f481
hours:1b1c70101d4d384eae031db4,osm:node:13091349871,4,,open,420,1020,0,obs:c55cfad6cc50233ed857f481
hours:8abb2611b3e141dd265bfeb7,osm:node:13091349871,5,,open,420,1020,0,obs:c55cfad6cc50233ed857f481
hours:9c448221fcf36aa118c6226e,osm:node:13091349871,6,,open,420,1020,0,obs:c55cfad6cc50233ed857f481
hours:f30a2e106b6eae8849c0abaa,osm:node:13120808702,0,,open,360,1080,0,obs:65a492acbfc82555687c56a3
hours:d53b3dede8cad2be858d1bf3,osm:node:13120808702,1,,open,360,1080,0,obs:65a492acbfc82555687c56a3
hours:136b4396a090740868e70978,osm:node:13120808702,2,,open,360,1080,0,obs:65a492acbfc82555687c56a3
hours:140c394ed51bb9d7756b21b3,osm:node:13120808702,3,,open,360,1080,0,obs:65a492acbfc82555687c56a3
hours:241a043a77e5bf83f3c1b125,osm:node:13120808702,4,,open,360,1080,0,obs:65a492acbfc82555687c56a3
hours:f45dd2e5e2d3706025e6bfb5,osm:node:13120808702,5,,open,360,1080,0,obs:65a492acbfc82555687c56a3
hours:5e52dc5f9d567a4109b7d341,osm:node:13120808702,6,,open,360,1080,0,obs:65a492acbfc82555687c56a3
hours:c78dab3b981e2598549da0fb,osm:node:13124286901,0,,open,360,960,0,obs:f389dc2d856fdea092f2f52a
hours:5c05817fff364635aefe8d56,osm:node:13124286901,1,,open,360,960,0,obs:f389dc2d856fdea092f2f52a
hours:5514f7291181d063efd6e630,osm:node:13124286901,2,,open,360,960,0,obs:f389dc2d856fdea092f2f52a
hours:7c60cec655a01bcb2534017b,osm:node:13124286901,3,,open,360,960,0,obs:f389dc2d856fdea092f2f52a
hours:034b15615bd6129129300d15,osm:node:13124286901,4,,open,360,960,0,obs:f389dc2d856fdea092f2f52a
hours:661af45fadb05e6f5cb6ebfd,osm:node:13124286901,5,,open,360,960,0,obs:f389dc2d856fdea092f2f52a
hours:6620e6e26f9a177e33898396,osm:node:13124286901,6,,open,360,960,0,obs:f389dc2d856fdea092f2f52a
hours:7c41821a789156d6211da8a7,osm:node:13124293801,0,,open,360,1020,0,obs:515058e5b7dd6fde00c2e3ee
hours:12eb434a625b636632c1e98e,osm:node:13124293801,1,,open,360,1020,0,obs:515058e5b7dd6fde00c2e3ee
hours:bb052e2e884b324752774140,osm:node:13124293801,2,,open,360,1020,0,obs:515058e5b7dd6fde00c2e3ee
hours:f69aa6b9aa846469aac6a102,osm:node:13124293801,3,,open,360,1020,0,obs:515058e5b7dd6fde00c2e3ee
hours:66b065805a5c6a89bebbd033,osm:node:13124293801,4,,open,360,1020,0,obs:515058e5b7dd6fde00c2e3ee
hours:757fe2b16d8b4d539d80cc62,osm:node:13124293801,5,,open,360,1020,0,obs:515058e5b7dd6fde00c2e3ee
hours:728a87a3517b97ae7cd30a97,osm:node:13124293801,6,,open,360,1020,0,obs:515058e5b7dd6fde00c2e3ee
hours:0f0929de7f17e6218d3dd5b7,osm:node:13146901701,0,,open,390,1140,0,obs:102b79813e0f30becf92daf3
hours:a78326422e4dc9e6a2eb5027,osm:node:13146901701,1,,open,390,1140,0,obs:102b79813e0f30becf92daf3
hours:dfac6f75ae32b54d186241b5,osm:node:13146901701,2,,open,390,1140,0,obs:102b79813e0f30becf92daf3
hours:6a398c9145312db721d25a66,osm:node:13146901701,3,,open,390,1140,0,obs:102b79813e0f30becf92daf3
hours:322fa0fb336a16a81a0f0b34,osm:node:13146901701,4,,open,390,1140,0,obs:102b79813e0f30becf92daf3
hours:de018351395dc046c2256837,osm:node:13146901701,5,,open,390,1140,0,obs:102b79813e0f30becf92daf3
hours:229e58e643720095d2825ffb,osm:node:13146901701,6,,open,390,1140,0,obs:102b79813e0f30becf92daf3
hours:698c193455890997d110bc7a,osm:node:13164974235,0,,open,540,1380,0,obs:c10bf9b5c35b61b3f7ec9746
hours:af6e2a7dbab483236d920c9a,osm:node:13164974235,1,,open,540,1380,0,obs:c10bf9b5c35b61b3f7ec9746
hours:414ce783f0ac8f13b44b9892,osm:node:13164974235,2,,open,540,1380,0,obs:c10bf9b5c35b61b3f7ec9746
hours:542d1bfb463281c8cf6541ee,osm:node:13164974235,3,,open,540,1380,0,obs:c10bf9b5c35b61b3f7ec9746
hours:01312ade14248cf1443e7390,osm:node:13164974235,4,,open,540,1380,0,obs:c10bf9b5c35b61b3f7ec9746
hours:1fa4b5523b19faa6a0b3ba97,osm:node:13164974235,5,,open,540,1380,0,obs:c10bf9b5c35b61b3f7ec9746
hours:5cfaf135ff4e1d546433a61c,osm:node:13164974235,6,,open,540,1380,0,obs:c10bf9b5c35b61b3f7ec9746
hours:11a89fb01027710f9ee0b70f,osm:node:13165190395,0,,open,450,1320,0,obs:b580f765149c7b2af63c05e2
hours:42bf938cba81a3672dcd3244,osm:node:13165190395,1,,open,450,1320,0,obs:b580f765149c7b2af63c05e2
hours:af81cc54ab3b72b876601f3b,osm:node:13165190395,2,,open,450,1320,0,obs:b580f765149c7b2af63c05e2
hours:f141fafd542b2bcbb8868739,osm:node:13165190395,3,,open,450,1320,0,obs:b580f765149c7b2af63c05e2
hours:f1bd92b0a646e25d57cebea0,osm:node:13165190395,4,,open,450,1320,0,obs:b580f765149c7b2af63c05e2
hours:96b4aa350b8ab6fe4d17e8da,osm:node:13165190395,5,,open,450,1320,0,obs:b580f765149c7b2af63c05e2
hours:4a028688df3df37b3baf9c8d,osm:node:13165190395,6,,open,450,1320,0,obs:b580f765149c7b2af63c05e2
hours:f2f37cddb9992a3889a2b6d9,osm:node:13165204025,0,,open,690,1380,0,obs:d87f7fd5bd6bb9d230bd117e
hours:4a88414ac6795ed492c511d5,osm:node:13165204025,1,,open,690,1380,0,obs:d87f7fd5bd6bb9d230bd117e
hours:443c1b84aa2ac29c090946ca,osm:node:13165204025,2,,open,690,1380,0,obs:d87f7fd5bd6bb9d230bd117e
hours:d6d8ce2482aeb348bbaeb335,osm:node:13165204025,3,,open,690,1380,0,obs:d87f7fd5bd6bb9d230bd117e
hours:5c8d97927d7a4c814c980b47,osm:node:13165204025,4,,open,690,1380,0,obs:d87f7fd5bd6bb9d230bd117e
hours:081013b2e4be8b25e48c9e37,osm:node:13165204025,5,,open,690,1380,0,obs:d87f7fd5bd6bb9d230bd117e
hours:9fecdcc07bf3d12ba5f11db8,osm:node:13165204025,6,,open,690,1380,0,obs:d87f7fd5bd6bb9d230bd117e
hours:dbdc2b0e93aba28f429ca29e,osm:node:13197011226,0,,open,660,840,0,obs:f0b7b71d07c8a3bd97455924
hours:aeb1ddbf6965f81cfa65b4ed,osm:node:13197011226,0,,open,1080,1260,0,obs:f0b7b71d07c8a3bd97455924
hours:72408e23dab7b78a34349f38,osm:node:13197011226,1,,open,660,840,0,obs:f0b7b71d07c8a3bd97455924
hours:ece917b42990ac561538f4e4,osm:node:13197011226,1,,open,1080,1260,0,obs:f0b7b71d07c8a3bd97455924
hours:38fac38ef45d334bfdfc0d21,osm:node:13197011226,2,,open,660,840,0,obs:f0b7b71d07c8a3bd97455924
hours:bc5080a4832f5149e5df5e2c,osm:node:13197011226,2,,open,1080,1260,0,obs:f0b7b71d07c8a3bd97455924
hours:80b1778c9a530e685a9ace4f,osm:node:13197011226,3,,open,660,840,0,obs:f0b7b71d07c8a3bd97455924
hours:bdb22b345487e8ddd79ef704,osm:node:13197011226,3,,open,1080,1260,0,obs:f0b7b71d07c8a3bd97455924
hours:b288471017e7056867354815,osm:node:13197011226,4,,open,660,840,0,obs:f0b7b71d07c8a3bd97455924
hours:921c9cffc17ad7fc3f9bc3c1,osm:node:13197011226,4,,open,1080,1260,0,obs:f0b7b71d07c8a3bd97455924
hours:134e0aabd92b69341fa96f9f,osm:node:13197011226,5,,open,660,840,0,obs:f0b7b71d07c8a3bd97455924
hours:16babb187f484029ca5120ee,osm:node:13197011226,5,,open,1080,1260,0,obs:f0b7b71d07c8a3bd97455924
hours:483d8fb29aecdd1448b0660b,osm:node:13197011226,6,,open,660,840,0,obs:f0b7b71d07c8a3bd97455924
hours:7fcbd22759ed1740f059d703,osm:node:13197011226,6,,open,1080,1260,0,obs:f0b7b71d07c8a3bd97455924
hours:8456ec7b2df0c2755d67f7a1,osm:node:13261890146,0,,open,540,1260,0,obs:58dadfad35d60bb982bb1828
hours:0ed6ebb96707117ba41cb2c0,osm:node:13261890146,1,,open,540,1260,0,obs:58dadfad35d60bb982bb1828
hours:05a9a7b4fab273b22681576b,osm:node:13261890146,2,,open,540,1260,0,obs:58dadfad35d60bb982bb1828
hours:07fa04aefb40dd5555bc3eeb,osm:node:13261890146,3,,open,540,1260,0,obs:58dadfad35d60bb982bb1828
hours:a5b25cb76243ba38524ce8e0,osm:node:13261890146,4,,open,540,1260,0,obs:58dadfad35d60bb982bb1828
hours:774adfd4e7879f7787d111c1,osm:node:13261890146,5,,open,540,1260,0,obs:58dadfad35d60bb982bb1828
hours:3a800dfcfeb961a62ab964d5,osm:node:13261890146,6,,open,540,1260,0,obs:58dadfad35d60bb982bb1828
hours:b67d54094fa1fb6d603112a2,osm:node:13264733257,0,,open,420,1320,0,obs:a05947c8a6de4c0d734c0056
hours:5acd20e99f3f714a893b3c33,osm:node:13264733257,1,,open,420,1320,0,obs:a05947c8a6de4c0d734c0056
hours:b004a2345ea6c77ff343007f,osm:node:13264733257,2,,open,420,1320,0,obs:a05947c8a6de4c0d734c0056
hours:659b118e6f2c9ed6bff354ed,osm:node:13264733257,3,,open,420,1320,0,obs:a05947c8a6de4c0d734c0056
hours:dbab613cf4648aec59e6e3f5,osm:node:13264733257,4,,open,420,1320,0,obs:a05947c8a6de4c0d734c0056
hours:4233077c9ec3ee4be27ca43c,osm:node:13264733257,5,,open,420,1320,0,obs:a05947c8a6de4c0d734c0056
hours:1672aee3cb07432fbfde9bf0,osm:node:13264733257,6,,open,420,1320,0,obs:a05947c8a6de4c0d734c0056
hours:eb50b077d61c3c445e822337,osm:node:13267116901,0,,open,1111,1440,0,obs:c7d1581093a5b3983cf2474b
hours:ed9e587dd57209088fb1ecce,osm:node:13267116901,1,,open,1111,1440,0,obs:c7d1581093a5b3983cf2474b
hours:eabfb5d105c5c7aa772ebc2b,osm:node:13267116901,2,,open,1111,1440,0,obs:c7d1581093a5b3983cf2474b
hours:715dde314cdb72616ede3af7,osm:node:13267116901,3,,open,1111,1440,0,obs:c7d1581093a5b3983cf2474b
hours:55ee9d021f4283916b6a0c07,osm:node:13267116901,4,,open,1111,1440,0,obs:c7d1581093a5b3983cf2474b
hours:441da904131a5de30569e4f5,osm:node:13267116901,5,,open,1111,1440,0,obs:c7d1581093a5b3983cf2474b
hours:238dc9ccfe717977e2ec8a9b,osm:node:13267116901,6,,open,1111,1440,0,obs:c7d1581093a5b3983cf2474b
hours:5a8a313dc21bcfdcadd188a4,osm:node:13273639874,0,,open,450,1350,0,obs:b8ccd545f446c1ea78259476
hours:fc47ca5cae2b9b37383fb9ac,osm:node:13273639874,1,,open,450,1350,0,obs:b8ccd545f446c1ea78259476
hours:3a422fc32db49877847ea753,osm:node:13273639874,2,,open,450,1350,0,obs:b8ccd545f446c1ea78259476
hours:96351bbdeb9d402f778e2528,osm:node:13273639874,3,,open,450,1350,0,obs:b8ccd545f446c1ea78259476
hours:f7f46f1956ded1ef4940bece,osm:node:13273639874,4,,open,450,1350,0,obs:b8ccd545f446c1ea78259476
hours:4417fe4371da6c90429270fc,osm:node:13273639874,5,,open,450,1350,0,obs:b8ccd545f446c1ea78259476
hours:6763cded1e00aa6c5f00b3ed,osm:node:13273639874,6,,open,450,1350,0,obs:b8ccd545f446c1ea78259476
hours:0566e27f977f6c1eea5c5e90,osm:node:13275273171,0,,open,450,1350,0,obs:6865a0f69c61a00b977a5348
hours:edd5a08c7828a7742482f1ee,osm:node:13275273171,1,,open,450,1350,0,obs:6865a0f69c61a00b977a5348
hours:805446dad6426a0668e826b4,osm:node:13275273171,2,,open,450,1350,0,obs:6865a0f69c61a00b977a5348
hours:b5523eeff01bd64f0c36c553,osm:node:13275273171,3,,open,450,1350,0,obs:6865a0f69c61a00b977a5348
hours:54a281763cc9201b4e86fd01,osm:node:13275273171,4,,open,450,1350,0,obs:6865a0f69c61a00b977a5348
hours:fe2af9485adc71b714a25de9,osm:node:13275273171,5,,open,510,1350,0,obs:6865a0f69c61a00b977a5348
hours:0f9c700153dc767df9b27271,osm:node:13275273171,6,,open,510,1350,0,obs:6865a0f69c61a00b977a5348
hours:bc870a8aa46bfbd1f7266635,osm:node:13286322242,0,,open,420,1350,0,obs:4bc8c3c4cf8bcab24eb96566
hours:40f9eb86220e2f7095b53567,osm:node:13286322242,1,,open,420,1350,0,obs:4bc8c3c4cf8bcab24eb96566
hours:07c5a64d305da8861b876f29,osm:node:13286322242,2,,open,420,1350,0,obs:4bc8c3c4cf8bcab24eb96566
hours:630b38a3b6301cbc93ecf6c9,osm:node:13286322242,3,,open,420,1350,0,obs:4bc8c3c4cf8bcab24eb96566
hours:867a1a91e27b7b11293d95c2,osm:node:13286322242,4,,open,420,1350,0,obs:4bc8c3c4cf8bcab24eb96566
hours:4120bdae9d20c1433dbc5187,osm:node:13286322242,5,,open,420,1350,0,obs:4bc8c3c4cf8bcab24eb96566
hours:9418b29e2439e9cfa9f5fde4,osm:node:13286322242,6,,open,420,1350,0,obs:4bc8c3c4cf8bcab24eb96566
hours:2ac3e9bf14e8f3c451566e3d,osm:node:13286322244,0,,open,420,1350,0,obs:6904642fb167f819485d32cc
hours:729ae47a3456173ed3b00085,osm:node:13286322244,1,,open,420,1350,0,obs:6904642fb167f819485d32cc
hours:60f6a61097e95604ed03f746,osm:node:13286322244,2,,open,420,1350,0,obs:6904642fb167f819485d32cc
hours:32acc70310378c00f048f138,osm:node:13286322244,3,,open,420,1350,0,obs:6904642fb167f819485d32cc
hours:f0321d126f05b67271b1e25d,osm:node:13286322244,4,,open,420,1350,0,obs:6904642fb167f819485d32cc
hours:9dff5a035fb5a2870c4aa81a,osm:node:13286322244,5,,open,420,1350,0,obs:6904642fb167f819485d32cc
hours:670120d4f1e952fdb8fbe8be,osm:node:13286322244,6,,open,420,1350,0,obs:6904642fb167f819485d32cc
hours:d2c8521e20db12518c0f678f,osm:node:13288511161,0,,open,540,1260,0,obs:37f7ad4024ec13ca73ac176d
hours:1031ce2b23c9d7fa324a362a,osm:node:13288511161,1,,open,540,1260,0,obs:37f7ad4024ec13ca73ac176d
hours:ec70c87d938e1ec415df48bd,osm:node:13288511161,2,,open,540,1260,0,obs:37f7ad4024ec13ca73ac176d
hours:e89cfcaf5401a70a474e49fb,osm:node:13288511161,3,,open,540,1260,0,obs:37f7ad4024ec13ca73ac176d
hours:8ae12694ee3379e50c9b280e,osm:node:13288511161,4,,open,540,1260,0,obs:37f7ad4024ec13ca73ac176d
hours:f0c72e7077801a6f43fad25e,osm:node:13288511161,5,,open,540,1260,0,obs:37f7ad4024ec13ca73ac176d
hours:e1a5c32b074511212e249688,osm:node:13288511161,6,,open,540,1260,0,obs:37f7ad4024ec13ca73ac176d
hours:20d0224fb3fe1f7b98f60ac1,osm:node:13288674354,0,,open,600,840,0,obs:36b0056e5ce3ea2c37bf4992
hours:61c21418164b65c48554036a,osm:node:13288674354,0,,open,960,1260,0,obs:36b0056e5ce3ea2c37bf4992
hours:8805d718f90e2cf29447089b,osm:node:13288674354,1,,open,600,840,0,obs:36b0056e5ce3ea2c37bf4992
hours:8ddc9720f3b14c6629b8eded,osm:node:13288674354,1,,open,960,1260,0,obs:36b0056e5ce3ea2c37bf4992
hours:6924001a308fa64a74df873f,osm:node:13288674354,2,,open,600,840,0,obs:36b0056e5ce3ea2c37bf4992
hours:08559cd5815c2f0895e91259,osm:node:13288674354,2,,open,960,1260,0,obs:36b0056e5ce3ea2c37bf4992
hours:66a00ea33e76fbebf7bce37a,osm:node:13288674354,3,,open,600,840,0,obs:36b0056e5ce3ea2c37bf4992
hours:2cd0d79545ea95c9af7feb23,osm:node:13288674354,3,,open,960,1260,0,obs:36b0056e5ce3ea2c37bf4992
hours:d896ac13e5cf4ceb7c65f7e1,osm:node:13288674354,4,,open,600,840,0,obs:36b0056e5ce3ea2c37bf4992
hours:37db51c4dd6a3a212f793887,osm:node:13288674354,4,,open,960,1260,0,obs:36b0056e5ce3ea2c37bf4992
hours:3a01bebb8732ea0c1918036a,osm:node:13288674354,5,,open,600,840,0,obs:36b0056e5ce3ea2c37bf4992
hours:42fc18c23a60d9186c255f91,osm:node:13288674354,5,,open,960,1260,0,obs:36b0056e5ce3ea2c37bf4992
hours:35e78497de4fde82b0e3cd48,osm:node:13288674354,6,,open,600,840,0,obs:36b0056e5ce3ea2c37bf4992
hours:4e48dce32077e9394fdb4a17,osm:node:13288674354,6,,open,960,1260,0,obs:36b0056e5ce3ea2c37bf4992
hours:6b145200e2e05d526dafeee9,osm:node:13288700377,0,,open,660,1380,0,obs:ee7be7183312b69bb12f8b36
hours:30608a1254b9a037460d6afb,osm:node:13288700377,1,,open,660,1380,0,obs:ee7be7183312b69bb12f8b36
hours:0ac166f6ea6809c21138a01b,osm:node:13288700377,2,,open,660,1380,0,obs:ee7be7183312b69bb12f8b36
hours:81a01c185bd8b0b17d793ce7,osm:node:13288700377,3,,open,660,1380,0,obs:ee7be7183312b69bb12f8b36
hours:342e7590831f834331a79440,osm:node:13288700377,4,,open,660,1380,0,obs:ee7be7183312b69bb12f8b36
hours:90f1463b017ab84daafbdff7,osm:node:13288700377,5,,open,660,1380,0,obs:ee7be7183312b69bb12f8b36
hours:950fffd6a8cec2f62fbeebc6,osm:node:13288700377,6,,open,660,1380,0,obs:ee7be7183312b69bb12f8b36
hours:595e971f2fc64cb7d390ffa1,osm:node:13300747869,0,,open,360,1020,0,obs:3c6f57c4177a540442d74f4c
hours:af740ba7f59d48128294d5fa,osm:node:13300747869,1,,open,360,1020,0,obs:3c6f57c4177a540442d74f4c
hours:e0d804e30c4f2861fe9e83b0,osm:node:13300747869,2,,open,360,1020,0,obs:3c6f57c4177a540442d74f4c
hours:f7245c8eeae3f6227d901ebf,osm:node:13300747869,3,,open,360,1020,0,obs:3c6f57c4177a540442d74f4c
hours:afe8e631f8e9ddda590c639f,osm:node:13300747869,4,,open,360,1020,0,obs:3c6f57c4177a540442d74f4c
hours:1222641f444d9117c39e8c98,osm:node:13300747869,5,,open,360,1020,0,obs:3c6f57c4177a540442d74f4c
hours:68f78800ee5b2307b192da60,osm:node:13300747869,6,,open,360,1020,0,obs:3c6f57c4177a540442d74f4c
hours:a29981da1953b11780d85f9a,osm:node:13323664905,0,,open,0,1440,0,obs:8dc776094f68964b834667cb
hours:5eb5ec4e2d5dd0f2df234541,osm:node:13323664905,1,,open,0,1440,0,obs:8dc776094f68964b834667cb
hours:1104d0d4834754f9be7a7d6b,osm:node:13323664905,2,,open,0,1440,0,obs:8dc776094f68964b834667cb
hours:8d3f9a16e4d91a8f64a9b5d9,osm:node:13323664905,3,,open,0,1440,0,obs:8dc776094f68964b834667cb
hours:c01681280a93fc84c8adbdae,osm:node:13323664905,4,,open,0,1440,0,obs:8dc776094f68964b834667cb
hours:3685ac2e1039825a82ffa889,osm:node:13323664905,5,,open,0,1440,0,obs:8dc776094f68964b834667cb
hours:999b2482d931cf3f84f6f681,osm:node:13323664905,6,,open,0,1440,0,obs:8dc776094f68964b834667cb
hours:665200e2709c18a066e17ddf,osm:node:13328276406,0,,open,540,1260,0,obs:09c856ad85184f359451cf13
hours:2d4c42a2df184f9b8de9d90f,osm:node:13328276406,1,,open,540,1260,0,obs:09c856ad85184f359451cf13
hours:0f7e6e6d4dbb98dc9daf5ef1,osm:node:13328276406,2,,open,540,1260,0,obs:09c856ad85184f359451cf13
hours:b1ad2d2e42e95c70b5bf346b,osm:node:13328276406,3,,open,540,1260,0,obs:09c856ad85184f359451cf13
hours:8f5921757df2a0fe58c6b44a,osm:node:13328276406,4,,open,540,1260,0,obs:09c856ad85184f359451cf13
hours:f50bccc75849fcac4acb64e9,osm:node:13328276406,5,,open,540,1260,0,obs:09c856ad85184f359451cf13
hours:a53dbed1983e0ed65866e5e0,osm:node:13328276406,6,,open,540,1260,0,obs:09c856ad85184f359451cf13
hours:6de74c4a8770ee7d13783f0b,osm:node:13340074016,0,,open,480,1260,0,obs:50b99c3869d41eea4f4af8b7
hours:28748fc831dc4a63be3b6cbc,osm:node:13340074016,1,,open,480,1260,0,obs:50b99c3869d41eea4f4af8b7
hours:2dbf509a8f67c39b9c8804a8,osm:node:13340074016,2,,open,480,1260,0,obs:50b99c3869d41eea4f4af8b7
hours:49f4561b6e1fc504667256d3,osm:node:13340074016,3,,open,480,1260,0,obs:50b99c3869d41eea4f4af8b7
hours:e9104842ba59e6d19a63a547,osm:node:13340074016,4,,open,480,1260,0,obs:50b99c3869d41eea4f4af8b7
hours:b5de75398b783c36ea4c45a0,osm:node:13340074016,5,,open,480,1260,0,obs:50b99c3869d41eea4f4af8b7
hours:245032ef8880d1672093e744,osm:node:13340074016,6,,open,480,1260,0,obs:50b99c3869d41eea4f4af8b7
hours:b1ea6ced8a2282756cf3a2bd,osm:node:13360620516,0,,open,480,1170,0,obs:76dfed4cf45ef41143759cbc
hours:f722a0bedcfb89294c94d2f8,osm:node:13360620516,1,,open,480,1170,0,obs:76dfed4cf45ef41143759cbc
hours:7098105f822d9aa27c0c4b51,osm:node:13360620516,2,,open,480,1170,0,obs:76dfed4cf45ef41143759cbc
hours:e0ecd4604eb23c6868ff2ea0,osm:node:13360620516,3,,open,480,1170,0,obs:76dfed4cf45ef41143759cbc
hours:b6817f89649a987c4207c828,osm:node:13360620516,4,,open,480,1170,0,obs:76dfed4cf45ef41143759cbc
hours:980f63f148aa160f19837490,osm:node:13360620516,5,,open,480,1170,0,obs:76dfed4cf45ef41143759cbc
hours:2a4c435686299296bdfbe718,osm:node:13360620516,6,,open,480,1170,0,obs:76dfed4cf45ef41143759cbc
hours:3803f9dcce919382176e698a,osm:node:13373374201,0,,open,660,840,0,obs:a3bd7af88f8f52625fe5bd4f
hours:65a64e4659097ef278e0c285,osm:node:13373374201,0,,open,990,1290,0,obs:a3bd7af88f8f52625fe5bd4f
hours:606323e168de3858598bb659,osm:node:13373374201,1,,open,660,840,0,obs:a3bd7af88f8f52625fe5bd4f
hours:474396f561f97a5f76b4d9dc,osm:node:13373374201,1,,open,990,1290,0,obs:a3bd7af88f8f52625fe5bd4f
hours:711681fd21569b811ea39adf,osm:node:13373374201,2,,open,660,840,0,obs:a3bd7af88f8f52625fe5bd4f
hours:6eba73f598818df958c8612b,osm:node:13373374201,2,,open,990,1290,0,obs:a3bd7af88f8f52625fe5bd4f
hours:ae655a93255a6aa5ebc4553b,osm:node:13373374201,3,,open,660,840,0,obs:a3bd7af88f8f52625fe5bd4f
hours:295f58d1c76983c889033241,osm:node:13373374201,3,,open,990,1290,0,obs:a3bd7af88f8f52625fe5bd4f
hours:173dc49d76dabc033203a4d1,osm:node:13373374201,4,,open,660,840,0,obs:a3bd7af88f8f52625fe5bd4f
hours:0c33280fdfd984e4674bac60,osm:node:13373374201,4,,open,990,1290,0,obs:a3bd7af88f8f52625fe5bd4f
hours:6e260fe4356f24b25d800810,osm:node:13373374201,5,,open,660,840,0,obs:a3bd7af88f8f52625fe5bd4f
hours:caa13077585779a26520d4a8,osm:node:13373374201,5,,open,990,1290,0,obs:a3bd7af88f8f52625fe5bd4f
hours:59500789a8ec51459c70e8ee,osm:node:13373374201,6,,open,660,840,0,obs:a3bd7af88f8f52625fe5bd4f
hours:0f60427e474e4c0ea6ea563d,osm:node:13373374201,6,,open,990,1290,0,obs:a3bd7af88f8f52625fe5bd4f
hours:886ba803827bd4e02a2c9928,osm:node:13377653501,0,,open,480,1380,0,obs:29469934e10a4020d8ec51ee
hours:96ca58362324a79c850dd573,osm:node:13377653501,1,,open,480,1380,0,obs:29469934e10a4020d8ec51ee
hours:110742e4463f1ff60f65f707,osm:node:13377653501,2,,open,480,1380,0,obs:29469934e10a4020d8ec51ee
hours:5ec5af875fd1f9c27d4490b6,osm:node:13377653501,3,,open,480,1380,0,obs:29469934e10a4020d8ec51ee
hours:1561eab249e00ebfc1855ae1,osm:node:13377653501,4,,open,480,1380,0,obs:29469934e10a4020d8ec51ee
hours:95434aad7fd536bbec857e90,osm:node:13377653501,5,,open,480,1380,0,obs:29469934e10a4020d8ec51ee
hours:17205c2d6bc6e09beddf97c9,osm:node:13377653501,6,,open,480,1380,0,obs:29469934e10a4020d8ec51ee
hours:6fb2733941b2d211664548f0,osm:node:13387865401,0,,open,450,1170,0,obs:fee0d9024434ffe5882e7ed9
hours:4b9028518f552d12dbf2d0e9,osm:node:13387865401,1,,open,450,1170,0,obs:fee0d9024434ffe5882e7ed9
hours:46ed813a0efefee43aaa9562,osm:node:13387865401,2,,open,450,1170,0,obs:fee0d9024434ffe5882e7ed9
hours:4515ff4bc42c1395fc15904f,osm:node:13387865401,3,,open,450,1170,0,obs:fee0d9024434ffe5882e7ed9
hours:e3e63addeafd52667562f63a,osm:node:13387865401,4,,open,450,1170,0,obs:fee0d9024434ffe5882e7ed9
hours:1cc2778527affef072532917,osm:node:13387865401,5,,open,450,1170,0,obs:fee0d9024434ffe5882e7ed9
hours:3b47a254f1292a01553f58ae,osm:node:13387865401,6,,open,450,1170,0,obs:fee0d9024434ffe5882e7ed9
hours:64118a270b9b1fb51fa108d5,osm:node:13394279401,0,,open,420,1320,0,obs:5fd5fbfb54678c978c7036ef
hours:dcbdb2f234e90df1c72adeb7,osm:node:13394279401,1,,open,420,1320,0,obs:5fd5fbfb54678c978c7036ef
hours:c7754c5d7b1afd576ea4c7fe,osm:node:13394279401,2,,open,420,1320,0,obs:5fd5fbfb54678c978c7036ef
hours:2b1686a3ff8e8dca0a333b62,osm:node:13394279401,3,,open,420,1320,0,obs:5fd5fbfb54678c978c7036ef
hours:f197e0968fa8993a2c2d6144,osm:node:13394279401,4,,open,420,1320,0,obs:5fd5fbfb54678c978c7036ef
hours:3a04ee42a8646ab8d4f2b5c4,osm:node:13394279401,5,,open,420,1320,0,obs:5fd5fbfb54678c978c7036ef
hours:9fa17ec5ca5d03af4ed0584a,osm:node:13394279401,6,,open,420,1320,0,obs:5fd5fbfb54678c978c7036ef
hours:2d4a07085c7b665ba5001e26,osm:node:13397525601,0,,open,600,1260,0,obs:4c55136d842460f8b8a21f2e
hours:51d52a55a5ae0b1fe59087c9,osm:node:13397525601,1,,open,600,1260,0,obs:4c55136d842460f8b8a21f2e
hours:40c9ba4d011a7cbb941b9a00,osm:node:13397525601,2,,open,600,1260,0,obs:4c55136d842460f8b8a21f2e
hours:ca6a993dd28ad3938bd2560f,osm:node:13397525601,3,,open,600,1260,0,obs:4c55136d842460f8b8a21f2e
hours:d177abcec16ccbbbe46f5834,osm:node:13397525601,4,,open,600,1260,0,obs:4c55136d842460f8b8a21f2e
hours:19fd6010e1ec1dd824212337,osm:node:13397525601,5,,open,600,1260,0,obs:4c55136d842460f8b8a21f2e
hours:9bcf2fa9a261c9c3c834794c,osm:node:13397525601,6,,open,600,1260,0,obs:4c55136d842460f8b8a21f2e
hours:8e60a3ea934f3176d0f60a0f,osm:node:13407566501,0,,open,420,1020,0,obs:1e6b36b9f3ad90b418d08dd8
hours:92a214641f62ea0405d10c80,osm:node:13407566501,1,,open,420,1020,0,obs:1e6b36b9f3ad90b418d08dd8
hours:cea60b56980ababa37dab2e3,osm:node:13407566501,2,,open,420,1020,0,obs:1e6b36b9f3ad90b418d08dd8
hours:1204b3151953bd1ed1791d2f,osm:node:13407566501,3,,open,420,1020,0,obs:1e6b36b9f3ad90b418d08dd8
hours:297a26202cdc82fcdc331bf2,osm:node:13407566501,4,,open,420,1020,0,obs:1e6b36b9f3ad90b418d08dd8
hours:39315a76baafbdc0f745bf7f,osm:node:13407566501,5,,open,420,1020,0,obs:1e6b36b9f3ad90b418d08dd8
hours:e5e46a8b9ffb8e1ff34e9ff1,osm:node:13407566501,6,,open,420,1020,0,obs:1e6b36b9f3ad90b418d08dd8
hours:ffedaaa23e682a5b2de68667,osm:node:13417588901,0,,open,420,1080,0,obs:b0f178e24b67cdc013d143d1
hours:31b681406376a25bddc57142,osm:node:13417588901,1,,open,420,1080,0,obs:b0f178e24b67cdc013d143d1
hours:2c8153cdcf9ee00769b52005,osm:node:13417588901,2,,open,420,1080,0,obs:b0f178e24b67cdc013d143d1
hours:bd6dc1c0c74ad15b36793fb2,osm:node:13417588901,3,,open,420,1080,0,obs:b0f178e24b67cdc013d143d1
hours:5b9d466cbbeaf69f453c9b43,osm:node:13417588901,4,,open,420,1080,0,obs:b0f178e24b67cdc013d143d1
hours:515af994ed12fb60c382173b,osm:node:13417588901,5,,open,420,1080,0,obs:b0f178e24b67cdc013d143d1
hours:8351c2bf7355ef54fe35cef7,osm:node:13417588901,6,,open,420,1080,0,obs:b0f178e24b67cdc013d143d1
hours:44bc030eeca5c7f402caf5e9,osm:node:13420475801,0,,open,390,1410,0,obs:844dbc56a13162cff00f3a26
hours:68d55988369b8122e84a4193,osm:node:13420475801,1,,open,390,1410,0,obs:844dbc56a13162cff00f3a26
hours:5a4c1aee144ebd96144cd31d,osm:node:13420475801,2,,open,390,1410,0,obs:844dbc56a13162cff00f3a26
hours:b0145a4789fe9fc1014eb765,osm:node:13420475801,3,,open,390,1410,0,obs:844dbc56a13162cff00f3a26
hours:1cf6c1ec749773e2bef2b4e7,osm:node:13420475801,4,,open,390,1410,0,obs:844dbc56a13162cff00f3a26
hours:40a324a295fb901d65db2ef9,osm:node:13420475801,5,,open,390,1410,0,obs:844dbc56a13162cff00f3a26
hours:9df88b5d75c6b467e072af7a,osm:node:13420475801,6,,open,390,1410,0,obs:844dbc56a13162cff00f3a26
hours:99abc58aaab16b9ccf1196a0,osm:node:13423167702,0,,open,360,720,0,obs:a9921a95581de4b037abf9e4
hours:55b3d369455d9673fba733ed,osm:node:13423167702,1,,open,360,720,0,obs:a9921a95581de4b037abf9e4
hours:5f01b387a0c6455f824fc6dd,osm:node:13423167702,2,,open,360,720,0,obs:a9921a95581de4b037abf9e4
hours:20443a9a4ae02ade90301c80,osm:node:13423167702,3,,open,360,720,0,obs:a9921a95581de4b037abf9e4
hours:29c187fcf8606831feb5c1e9,osm:node:13423167702,4,,open,360,720,0,obs:a9921a95581de4b037abf9e4
hours:4d7f0b2be78cf101b3dabb30,osm:node:13423167702,5,,open,360,720,0,obs:a9921a95581de4b037abf9e4
hours:69a64dac86878caa015cd4b4,osm:node:13423167702,6,,open,360,720,0,obs:a9921a95581de4b037abf9e4
hours:b6bd353bf673eca996db1ce4,osm:node:13423558716,0,,open,420,1320,0,obs:52e52a82a90c5092772ac61a
hours:6d6c8c9cb5dd726599df45bd,osm:node:13423558716,1,,open,420,1320,0,obs:52e52a82a90c5092772ac61a
hours:cb9d0c6f512a001ccf1ca6f0,osm:node:13423558716,2,,open,420,1320,0,obs:52e52a82a90c5092772ac61a
hours:3a2f586abddbe06c6d4bb60f,osm:node:13423558716,3,,open,420,1320,0,obs:52e52a82a90c5092772ac61a
hours:686881a3370dc1021223a64d,osm:node:13423558716,4,,open,420,1320,0,obs:52e52a82a90c5092772ac61a
hours:63f84a3031917b3f3ede98ad,osm:node:13423558716,5,,open,420,1320,0,obs:52e52a82a90c5092772ac61a
hours:39cd04f259d69087f2a46783,osm:node:13423558716,6,,open,420,1320,0,obs:52e52a82a90c5092772ac61a
hours:a5cef1fba7aa3bcd03e52048,osm:node:13426342201,0,,open,600,1200,0,obs:97c390aee00ce3e85ea3d2fe
hours:897a957bda932875142abb23,osm:node:13426342201,1,,open,600,1200,0,obs:97c390aee00ce3e85ea3d2fe
hours:6a723ffd9c8fa71b75a30faa,osm:node:13426342201,2,,open,600,1200,0,obs:97c390aee00ce3e85ea3d2fe
hours:cb9f57133f3457b59c6b5b6d,osm:node:13426342201,3,,open,600,1200,0,obs:97c390aee00ce3e85ea3d2fe
hours:14e8bdb537e54b8ddb9b6267,osm:node:13426342201,4,,open,600,1200,0,obs:97c390aee00ce3e85ea3d2fe
hours:cebe8d46cf3878ed65e3487f,osm:node:13426342201,5,,open,600,1200,0,obs:97c390aee00ce3e85ea3d2fe
hours:67ab585117a20d892b1f628e,osm:node:13426342201,6,,open,600,1200,0,obs:97c390aee00ce3e85ea3d2fe
hours:1ff45753b31ddf0289255dd6,osm:node:13430047101,0,,open,360,1320,0,obs:d74110c8c2e7cc7fb26b7de4
hours:406e504975058b4a539a6a95,osm:node:13430047101,1,,open,360,1320,0,obs:d74110c8c2e7cc7fb26b7de4
hours:80a69f97524332292cf67263,osm:node:13430047101,2,,open,360,1320,0,obs:d74110c8c2e7cc7fb26b7de4
hours:d117f24d5caf12f503932abd,osm:node:13430047101,3,,open,360,1320,0,obs:d74110c8c2e7cc7fb26b7de4
hours:1d400a4c1df69f7528691d77,osm:node:13430047101,4,,open,360,1320,0,obs:d74110c8c2e7cc7fb26b7de4
hours:269ec0150efc13cda53b5ddd,osm:node:13430047101,5,,open,360,1320,0,obs:d74110c8c2e7cc7fb26b7de4
hours:189e1899f8d9137e8b872f5d,osm:node:13430047101,6,,open,360,1320,0,obs:d74110c8c2e7cc7fb26b7de4
hours:63f35019ffe57c29afa27767,osm:node:13439951302,0,,open,1050,1320,0,obs:0367bcc958e3e3917c56b01c
hours:1e1083fccb662fb2b74cc3fe,osm:node:13439951302,1,,open,1050,1320,0,obs:0367bcc958e3e3917c56b01c
hours:8c28c2f77b57c228ce33d5f7,osm:node:13439951302,2,,open,1050,1320,0,obs:0367bcc958e3e3917c56b01c
hours:5498ea0754259817966750b3,osm:node:13439951302,3,,open,1050,1320,0,obs:0367bcc958e3e3917c56b01c
hours:e2f52082c2432988c0f298b0,osm:node:13439951302,4,,open,1050,1320,0,obs:0367bcc958e3e3917c56b01c
hours:a64743de772291afb2cbb415,osm:node:13439951302,5,,open,1050,1320,0,obs:0367bcc958e3e3917c56b01c
hours:2aa4839966683edab5b29ff1,osm:node:13439951302,6,,open,1050,1320,0,obs:0367bcc958e3e3917c56b01c
hours:f0739b2368048331e7a0ed74,osm:node:13462061301,0,,open,540,1320,0,obs:a628900fe1d98457e725a6e5
hours:acfdd8605cb2e65355b753e3,osm:node:13462061301,1,,open,540,1320,0,obs:a628900fe1d98457e725a6e5
hours:252f2962e583c635b9aa167c,osm:node:13462061301,2,,open,540,1320,0,obs:a628900fe1d98457e725a6e5
hours:33f6d10994e897a66abfcf0e,osm:node:13462061301,3,,open,540,1320,0,obs:a628900fe1d98457e725a6e5
hours:dbb94a4f59be56aa28fb93c6,osm:node:13462061301,4,,open,540,1320,0,obs:a628900fe1d98457e725a6e5
hours:22d253ca8df29213843d4426,osm:node:13462061301,5,,open,540,1320,0,obs:a628900fe1d98457e725a6e5
hours:cde37e4b6df49c8608d410dd,osm:node:13462061301,6,,open,540,1320,0,obs:a628900fe1d98457e725a6e5
hours:24501a4fbb15c4fc3ec9280b,osm:node:13463805801,0,,open,390,1350,0,obs:321117fb4161dd76de5a0526
hours:64ce7553555b77aff03030f6,osm:node:13463805801,1,,open,390,1350,0,obs:321117fb4161dd76de5a0526
hours:28418a36ed3d15f5af3ce73a,osm:node:13463805801,2,,open,390,1350,0,obs:321117fb4161dd76de5a0526
hours:886c1be5e62d7db32d4f05de,osm:node:13463805801,3,,open,390,1350,0,obs:321117fb4161dd76de5a0526
hours:1d851c2e55eb02b7b1a8aa8f,osm:node:13463805801,4,,open,390,1350,0,obs:321117fb4161dd76de5a0526
hours:579d4ba13bbb7dda5d2b66b3,osm:node:13463805801,5,,open,390,1350,0,obs:321117fb4161dd76de5a0526
hours:011eb397189deba40519fcb1,osm:node:13463805801,6,,open,390,1350,0,obs:321117fb4161dd76de5a0526
hours:765e8aff2b147d8fe3851e58,osm:node:13473985979,0,,open,660,840,0,obs:1d2f7c5e2c77060044054348
hours:8f4a2c8b40b0c471d5a262c0,osm:node:13473985979,1,,open,660,840,0,obs:1d2f7c5e2c77060044054348
hours:b19c7b663481402b1f77c021,osm:node:13473985979,2,,open,660,840,0,obs:1d2f7c5e2c77060044054348
hours:4cc53ba569c25839eeefa714,osm:node:13473985979,3,,open,660,840,0,obs:1d2f7c5e2c77060044054348
hours:5ffb36420ae3dc082b93d69c,osm:node:13473985979,4,,open,660,840,0,obs:1d2f7c5e2c77060044054348
hours:b85cb01080c13db6790daba9,osm:node:13473985979,5,,open,660,840,0,obs:1d2f7c5e2c77060044054348
hours:4450a43a1d227cdcc7c2a257,osm:node:13473985979,6,,open,660,840,0,obs:1d2f7c5e2c77060044054348
hours:52519d182e117a0183583f64,osm:node:13506365296,0,,open,540,1140,0,obs:90d95f287cf426bc895c798e
hours:1332a21b9b924bb7c66da5e6,osm:node:13506365296,1,,open,540,1140,0,obs:90d95f287cf426bc895c798e
hours:1198e5e5a41af010cb82c1f5,osm:node:13506365296,2,,open,540,1140,0,obs:90d95f287cf426bc895c798e
hours:38fa927682b6d5ee241889c6,osm:node:13506365296,3,,open,540,1140,0,obs:90d95f287cf426bc895c798e
hours:dc8636d3286b95e969a07e16,osm:node:13506365296,4,,open,540,1140,0,obs:90d95f287cf426bc895c798e
hours:98622158af7d50e8cb5e19ff,osm:node:13506365296,5,,open,480,1320,0,obs:90d95f287cf426bc895c798e
hours:3a63dc80fed647ee25192ef3,osm:node:13506365296,6,,open,480,1320,0,obs:90d95f287cf426bc895c798e
hours:adb25ac19aafd4794380c190,osm:node:13508941681,0,,open,540,780,0,obs:1c07b8d69105268c63912f0d
hours:315f795bf1c68ee86534c331,osm:node:13508941681,1,,open,540,780,0,obs:1c07b8d69105268c63912f0d
hours:5709b89f4a71ccfb19785c0a,osm:node:13508941681,2,,open,540,780,0,obs:1c07b8d69105268c63912f0d
hours:daf5b148842e6f9cd83fbf74,osm:node:13508941681,3,,open,540,780,0,obs:1c07b8d69105268c63912f0d
hours:9c5a3ebf5c0a8a18a88d2572,osm:node:13508941681,4,,open,540,780,0,obs:1c07b8d69105268c63912f0d
hours:f6b6d9afe57e4e0e7e8daa0d,osm:node:13508941681,5,,open,540,780,0,obs:1c07b8d69105268c63912f0d
hours:c10661e8aeea01aa47c14760,osm:node:13508941681,6,,open,540,780,0,obs:1c07b8d69105268c63912f0d
hours:ccb63c51a7ba59d0f1bfcc96,osm:node:13513730201,0,,open,600,870,0,obs:801b55bac98601440d4c8d1e
hours:f1710e3f6b801e6998244eaf,osm:node:13513730201,0,,open,1020,1290,0,obs:801b55bac98601440d4c8d1e
hours:65058ef36ebc2fc2415ad7d2,osm:node:13513730201,1,,open,600,870,0,obs:801b55bac98601440d4c8d1e
hours:7ec821bdf2dd1d13d9f59788,osm:node:13513730201,1,,open,1020,1290,0,obs:801b55bac98601440d4c8d1e
hours:69bc4c8f58d6ca5dc96c3f20,osm:node:13513730201,2,,open,600,870,0,obs:801b55bac98601440d4c8d1e
hours:e3a2cd000aee9094545d288a,osm:node:13513730201,2,,open,1020,1290,0,obs:801b55bac98601440d4c8d1e
hours:d8f7c47b23eaed059bfa1b14,osm:node:13513730201,3,,open,600,870,0,obs:801b55bac98601440d4c8d1e
hours:08bd2e8a9cfcc36aa323f586,osm:node:13513730201,3,,open,1020,1290,0,obs:801b55bac98601440d4c8d1e
hours:70d8a0d0fcc05bd3b6d43f29,osm:node:13513730201,4,,open,600,870,0,obs:801b55bac98601440d4c8d1e
hours:a4e6be024520c6735d245184,osm:node:13513730201,4,,open,1020,1290,0,obs:801b55bac98601440d4c8d1e
hours:447414a8224fdeba7824e7a0,osm:node:13513730201,5,,open,600,870,0,obs:801b55bac98601440d4c8d1e
hours:e5c4f9256121e7aefbba91ae,osm:node:13513730201,5,,open,1020,1290,0,obs:801b55bac98601440d4c8d1e
hours:4949852c69b0f5171e7eca66,osm:node:13513730201,6,,open,600,870,0,obs:801b55bac98601440d4c8d1e
hours:c497b64cee7eda65b1e868fe,osm:node:13513730201,6,,open,1020,1290,0,obs:801b55bac98601440d4c8d1e
hours:46a7e87678b4fb97b3f4b77e,osm:node:13516584409,0,,open,450,1320,0,obs:56afc6d0c8157eeeee7f0986
hours:e50de0ef972e399692d4b9d9,osm:node:13516584409,1,,open,450,1320,0,obs:56afc6d0c8157eeeee7f0986
hours:5bfacf36d6839ac5488ca59a,osm:node:13516584409,2,,open,450,1320,0,obs:56afc6d0c8157eeeee7f0986
hours:250b3af80d3f42793654ead9,osm:node:13516584409,3,,open,450,1320,0,obs:56afc6d0c8157eeeee7f0986
hours:331bdac1cd79ae4759ba9a7a,osm:node:13516584409,4,,open,450,1320,0,obs:56afc6d0c8157eeeee7f0986
hours:863e715340f1b926988a4622,osm:node:13516584409,5,,open,450,1320,0,obs:56afc6d0c8157eeeee7f0986
hours:6c018b01db7ab1c277677d71,osm:node:13516584409,6,,open,450,1320,0,obs:56afc6d0c8157eeeee7f0986
hours:db4f6c0df268916ab8d76d50,osm:node:13530641701,0,,open,420,1020,0,obs:465de228aa9f25868aa58e03
hours:8dab382edec6c9935b4ae183,osm:node:13530641701,1,,open,420,1020,0,obs:465de228aa9f25868aa58e03
hours:fb039fe30f162b9eb24ffeff,osm:node:13530641701,2,,open,420,1020,0,obs:465de228aa9f25868aa58e03
hours:82ec1a8898efc8ae9e524be2,osm:node:13530641701,3,,open,420,1020,0,obs:465de228aa9f25868aa58e03
hours:3319fb3a73b19100148794cf,osm:node:13530641701,4,,open,420,1020,0,obs:465de228aa9f25868aa58e03
hours:d67e8247c89d8ccc2021f596,osm:node:13530641701,5,,open,420,1020,0,obs:465de228aa9f25868aa58e03
hours:5e7aba91fe18671215f7e982,osm:node:13530641701,6,,open,420,1020,0,obs:465de228aa9f25868aa58e03
hours:dd6404ec6265b47bd4d83d8c,osm:node:13531364501,0,,open,450,1320,0,obs:17bcb99ae1a30afd3a23951a
hours:e9cf2a741fc10b9b84075eb1,osm:node:13531364501,1,,open,450,1320,0,obs:17bcb99ae1a30afd3a23951a
hours:a1904415ad5ec01d69b413ea,osm:node:13531364501,2,,open,450,1320,0,obs:17bcb99ae1a30afd3a23951a
hours:ce3c450f134692e699cb9335,osm:node:13531364501,3,,open,450,1320,0,obs:17bcb99ae1a30afd3a23951a
hours:cbd78e4c789e2ffee1d424fb,osm:node:13531364501,4,,open,450,1320,0,obs:17bcb99ae1a30afd3a23951a
hours:f58744904237c0724794bcc0,osm:node:13531364501,5,,open,450,1320,0,obs:17bcb99ae1a30afd3a23951a
hours:8c665e4e67d4b9fa0cf20080,osm:node:13531364501,6,,open,450,1320,0,obs:17bcb99ae1a30afd3a23951a
hours:7505722f5e6a3c0e7ac6ae7c,osm:node:13533531976,0,,open,450,1320,0,obs:ff8122ce89ca93c13fbc1959
hours:5b1b1630f994dd68db2a4118,osm:node:13533531976,1,,open,450,1320,0,obs:ff8122ce89ca93c13fbc1959
hours:a035e0620e8e6d6e5b280d55,osm:node:13533531976,2,,open,450,1320,0,obs:ff8122ce89ca93c13fbc1959
hours:efd10774a0680a8f74e7489d,osm:node:13533531976,3,,open,450,1320,0,obs:ff8122ce89ca93c13fbc1959
hours:74557217969d6bc78bf55649,osm:node:13533531976,4,,open,450,1320,0,obs:ff8122ce89ca93c13fbc1959
hours:614a4952413f8146ed81f8e0,osm:node:13533531976,5,,open,450,1320,0,obs:ff8122ce89ca93c13fbc1959
hours:c30c02d1d634a7c8b5457d1b,osm:node:13533531976,6,,open,450,1320,0,obs:ff8122ce89ca93c13fbc1959
hours:44fde891ec9d0ae6478bfc60,osm:node:13537125073,0,,open,420,1320,0,obs:0a6bd8c528d4d4085006c850
hours:8b26cb8ffab783bfd1b8728b,osm:node:13537125073,1,,open,420,1320,0,obs:0a6bd8c528d4d4085006c850
hours:f03336d33edd8f951d24ae92,osm:node:13537125073,2,,open,420,1320,0,obs:0a6bd8c528d4d4085006c850
hours:89d9b7324d507afa17724030,osm:node:13537125073,3,,open,420,1320,0,obs:0a6bd8c528d4d4085006c850
hours:a08acee97fd1f7002dfd3018,osm:node:13537125073,4,,open,420,1320,0,obs:0a6bd8c528d4d4085006c850
hours:c5f783318085e8c1fe9cb24a,osm:node:13537125073,5,,open,420,1320,0,obs:0a6bd8c528d4d4085006c850
hours:65eead25393e43b1a2bf7ca8,osm:node:13537125073,6,,open,420,1320,0,obs:0a6bd8c528d4d4085006c850
hours:af9a1f4c7eeee415c0e4b849,osm:node:13545998485,0,,open,420,1320,0,obs:8df3d0f1d2fca71358f0852a
hours:f18f0900dcdac022c1e2d3c1,osm:node:13545998485,1,,open,420,1320,0,obs:8df3d0f1d2fca71358f0852a
hours:f1f35b355ab7a7c22a226346,osm:node:13545998485,2,,open,420,1320,0,obs:8df3d0f1d2fca71358f0852a
hours:2948ec54b731d5be8b000ac2,osm:node:13545998485,3,,open,420,1320,0,obs:8df3d0f1d2fca71358f0852a
hours:b4cc47387fc5668a0d4e9088,osm:node:13545998485,4,,open,420,1320,0,obs:8df3d0f1d2fca71358f0852a
hours:48d4c2e4cc1209e37fcad458,osm:node:13545998485,5,,open,420,1320,0,obs:8df3d0f1d2fca71358f0852a
hours:3d66d63580b2189678807650,osm:node:13545998485,6,,open,420,1320,0,obs:8df3d0f1d2fca71358f0852a
hours:8c97cf75c604c4886cc71f8b,osm:node:13563775401,0,,open,540,1080,0,obs:9b91807143b05d0ad0205745
hours:684c4b852ed80c5bb49539a7,osm:node:13563775401,1,,open,540,1080,0,obs:9b91807143b05d0ad0205745
hours:176c5d8ce5d550eba7f33f69,osm:node:13563775401,2,,open,540,1080,0,obs:9b91807143b05d0ad0205745
hours:2b2ed22eae2bef6c6b4f2c2d,osm:node:13563775401,3,,open,540,1080,0,obs:9b91807143b05d0ad0205745
hours:fd0e228cdbe80f4dbe128859,osm:node:13563775401,4,,open,540,1080,0,obs:9b91807143b05d0ad0205745
hours:53bfa7e72fa263f4e0516375,osm:node:13563775401,5,,open,540,1080,0,obs:9b91807143b05d0ad0205745
hours:a8613490218d87670a2f8caf,osm:node:13563775401,6,,open,540,1080,0,obs:9b91807143b05d0ad0205745
hours:a4ace19c5cea60baa9a1fc60,osm:node:13578387140,0,,open,480,1080,0,obs:a7ea8972a16c068473b256fa
hours:99babbc00c16d7544b2d1661,osm:node:13578387140,1,,open,480,1080,0,obs:a7ea8972a16c068473b256fa
hours:ceaa0032cd6a9a1c8e3cda36,osm:node:13578387140,2,,open,480,1080,0,obs:a7ea8972a16c068473b256fa
hours:1e05da4d8685b6b9e7a7f3f6,osm:node:13578387140,3,,open,480,1080,0,obs:a7ea8972a16c068473b256fa
hours:a1790c39f4d71841744d2569,osm:node:13578387140,4,,open,480,1080,0,obs:a7ea8972a16c068473b256fa
hours:20fb31d201a960e8372f27e6,osm:node:13578387140,5,,open,480,1080,0,obs:a7ea8972a16c068473b256fa
hours:bb3a7821244eab2ef1e03b57,osm:node:13578387140,6,,open,480,1080,0,obs:a7ea8972a16c068473b256fa
hours:ef0451ecc4c439a75f6812a3,osm:node:13580421901,0,,open,480,1380,0,obs:abe953b7e7f35ffedacd42b0
hours:a8e4a32227b3ff50263230bc,osm:node:13580421901,1,,open,480,1380,0,obs:abe953b7e7f35ffedacd42b0
hours:ceeab94b89a6cfb42b538049,osm:node:13580421901,2,,open,480,1380,0,obs:abe953b7e7f35ffedacd42b0
hours:d65769e2c02e1246cebf95f7,osm:node:13580421901,3,,open,480,1380,0,obs:abe953b7e7f35ffedacd42b0
hours:9fe9fe9753dd09103742623b,osm:node:13580421901,4,,open,480,1380,0,obs:abe953b7e7f35ffedacd42b0
hours:aba90debc3d6ce38a24b6b73,osm:node:13580421901,5,,open,480,1380,0,obs:abe953b7e7f35ffedacd42b0
hours:bef860c4456808f2e79bfbf2,osm:node:13580421901,6,,open,480,1380,0,obs:abe953b7e7f35ffedacd42b0
hours:ade50709eefecbbcfa0aaf4c,osm:node:13597097601,0,,open,1110,1320,0,obs:59ec9d6974b333210d7031a6
hours:0c8c3a573a9e3a04ff9dad7d,osm:node:13597097601,1,,open,1110,1320,0,obs:59ec9d6974b333210d7031a6
hours:01c2da503499f564210de2eb,osm:node:13597097601,2,,open,1110,1320,0,obs:59ec9d6974b333210d7031a6
hours:a7dd66cd8a3371ab7bde5b4c,osm:node:13597097601,3,,open,1110,1320,0,obs:59ec9d6974b333210d7031a6
hours:9f4daac7446387c2dec53258,osm:node:13597097601,4,,open,1110,1320,0,obs:59ec9d6974b333210d7031a6
hours:8896907df6039a1b8587d68f,osm:node:13597097601,6,,open,1110,1320,0,obs:59ec9d6974b333210d7031a6
hours:69abdd645b3203fabb00f3bf,osm:node:13607254748,0,,open,600,1200,0,obs:e27dc50ca07e4be7943402c1
hours:e8380e35707098ebc17a92a9,osm:node:13607254748,1,,open,600,1200,0,obs:e27dc50ca07e4be7943402c1
hours:daf930c1c24f388d16ac1947,osm:node:13607254748,2,,open,600,1200,0,obs:e27dc50ca07e4be7943402c1
hours:b8301443401f6c54bddcc4ac,osm:node:13607254748,3,,open,600,1200,0,obs:e27dc50ca07e4be7943402c1
hours:88a9c905f2207d477b860f2f,osm:node:13607254748,4,,open,600,1200,0,obs:e27dc50ca07e4be7943402c1
hours:8fd1ec1bd3f4107ca31147a8,osm:node:13607254748,5,,open,600,1200,0,obs:e27dc50ca07e4be7943402c1
hours:6e658c515806048f3d66c3ea,osm:node:13608814803,0,,open,570,840,0,obs:d52916392c3539627117ecb5
hours:776807603b7ba5ae4934822c,osm:node:13608814803,1,,open,570,840,0,obs:d52916392c3539627117ecb5
hours:d9c672218c30224234d795fc,osm:node:13608814803,2,,open,570,840,0,obs:d52916392c3539627117ecb5
hours:70519f36ef4af894fab099ac,osm:node:13608814803,3,,open,570,840,0,obs:d52916392c3539627117ecb5
hours:3b05e4284e42b35d2df01630,osm:node:13608814803,4,,open,570,840,0,obs:d52916392c3539627117ecb5
hours:d1991ef09246c6ba7d431580,osm:node:13608814803,5,,open,570,840,0,obs:d52916392c3539627117ecb5
hours:9998db7f1e65fb41e9d5ac40,osm:node:13608814803,6,,open,570,840,0,obs:d52916392c3539627117ecb5
hours:ac80a4297810f52c3fa268d1,osm:node:13611295802,0,,open,390,1350,0,obs:d5b533f7c9195fdfd7328c0a
hours:5b514193b0ca25cb71160cee,osm:node:13611295802,1,,open,390,1350,0,obs:d5b533f7c9195fdfd7328c0a
hours:9eae814979d18c725ded21df,osm:node:13611295802,2,,open,390,1350,0,obs:d5b533f7c9195fdfd7328c0a
hours:53137270d833c58c185eb439,osm:node:13611295802,3,,open,390,1350,0,obs:d5b533f7c9195fdfd7328c0a
hours:9972191e411df5899a48a643,osm:node:13611295802,4,,open,390,1350,0,obs:d5b533f7c9195fdfd7328c0a
hours:6ce7010e3da607ba740fdc45,osm:node:13611295802,5,,open,390,1350,0,obs:d5b533f7c9195fdfd7328c0a
hours:3fd8d2749b00d204345ce468,osm:node:13611295802,6,,open,390,1350,0,obs:d5b533f7c9195fdfd7328c0a
hours:8c1cad9ee1ad7a795d2e3567,osm:node:13617030701,0,,open,420,1350,0,obs:99cc28a5f4e1ff98fc9aa387
hours:6b649130a3dd41a5906ae789,osm:node:13617030701,1,,open,420,1350,0,obs:99cc28a5f4e1ff98fc9aa387
hours:bf895f9cc207b1f797b58e2c,osm:node:13617030701,2,,open,420,1350,0,obs:99cc28a5f4e1ff98fc9aa387
hours:068da7addd88af596dcadc6e,osm:node:13617030701,3,,open,420,1350,0,obs:99cc28a5f4e1ff98fc9aa387
hours:9339a3c599139769f916fe5a,osm:node:13617030701,4,,open,420,1350,0,obs:99cc28a5f4e1ff98fc9aa387
hours:90e216b805f8799c14231d01,osm:node:13617030701,5,,open,420,1350,0,obs:99cc28a5f4e1ff98fc9aa387
hours:82df6312d56b45faae569a0d,osm:node:13617030701,6,,open,420,1350,0,obs:99cc28a5f4e1ff98fc9aa387
hours:3917eec14fe71583f3cb0302,osm:node:13624907801,0,,open,420,1320,0,obs:43b7061317e83c8bdfe0af27
hours:2997cee1ee579078c8e8ea6a,osm:node:13624907801,1,,open,420,1320,0,obs:43b7061317e83c8bdfe0af27
hours:114f45483e0faea69ba24ddd,osm:node:13624907801,2,,open,420,1320,0,obs:43b7061317e83c8bdfe0af27
hours:51d78aea50ffe91b63da2796,osm:node:13624907801,3,,open,420,1320,0,obs:43b7061317e83c8bdfe0af27
hours:ee842bf9dd63788d074edb73,osm:node:13624907801,4,,open,420,1320,0,obs:43b7061317e83c8bdfe0af27
hours:ae782e09dbcbe9d4976e69ca,osm:node:13624907801,5,,open,420,1320,0,obs:43b7061317e83c8bdfe0af27
hours:ab696124b9a67f8d83228363,osm:node:13624907801,6,,open,420,1320,0,obs:43b7061317e83c8bdfe0af27
hours:68ea579a058b08c04d708250,osm:node:13629236501,0,,open,390,1380,0,obs:7c841a032e17a6277e2e1e98
hours:48724c3301c46294e8cd9635,osm:node:13629236501,1,,open,390,1380,0,obs:7c841a032e17a6277e2e1e98
hours:37b47813cf216c869ee8d668,osm:node:13629236501,2,,open,390,1380,0,obs:7c841a032e17a6277e2e1e98
hours:d9ea6ba20186dfae659c93c9,osm:node:13629236501,3,,open,390,1380,0,obs:7c841a032e17a6277e2e1e98
hours:f9ad8577f7e081d065b45f60,osm:node:13629236501,4,,open,390,1380,0,obs:7c841a032e17a6277e2e1e98
hours:101ad2f59323fb56175747e5,osm:node:13629236501,5,,open,390,1380,0,obs:7c841a032e17a6277e2e1e98
hours:604ac0e20174f1b6524d9791,osm:node:13629236501,6,,open,390,1380,0,obs:7c841a032e17a6277e2e1e98
hours:58bbc383c8080262b4c6ee30,osm:node:13630080601,0,,open,600,840,0,obs:7fc46bd8d8af68d3ed4f3c64
hours:d62a04669a779f29cc288677,osm:node:13630080601,0,,open,1020,1320,0,obs:7fc46bd8d8af68d3ed4f3c64
hours:229ac94b54f6dd19e3ef30ff,osm:node:13630080601,1,,open,600,840,0,obs:7fc46bd8d8af68d3ed4f3c64
hours:65ecbb369d9c8ac5ed9c486a,osm:node:13630080601,1,,open,1020,1320,0,obs:7fc46bd8d8af68d3ed4f3c64
hours:78a604203130973324cd1771,osm:node:13630080601,2,,open,600,840,0,obs:7fc46bd8d8af68d3ed4f3c64
hours:ec17ac60ef53a6fa2d870dce,osm:node:13630080601,2,,open,1020,1320,0,obs:7fc46bd8d8af68d3ed4f3c64
hours:6edf2290ba96f769071d7799,osm:node:13630080601,3,,open,600,840,0,obs:7fc46bd8d8af68d3ed4f3c64
hours:cbc076ac9d4bd7e5cdf76b04,osm:node:13630080601,3,,open,1020,1320,0,obs:7fc46bd8d8af68d3ed4f3c64
hours:4f73fb4d90149772e7c2eddc,osm:node:13630080601,4,,open,600,840,0,obs:7fc46bd8d8af68d3ed4f3c64
hours:ca60bf4829e4b860983b5324,osm:node:13630080601,4,,open,1020,1320,0,obs:7fc46bd8d8af68d3ed4f3c64
hours:ea46367e651e860007172e5b,osm:node:13630080601,5,,open,600,840,0,obs:7fc46bd8d8af68d3ed4f3c64
hours:f0f5dde32cca70943acf13c5,osm:node:13630080601,5,,open,1020,1320,0,obs:7fc46bd8d8af68d3ed4f3c64
hours:4ba1a493778b2dbf35eef153,osm:node:13630080601,6,,open,600,840,0,obs:7fc46bd8d8af68d3ed4f3c64
hours:2dc5fd3bec44c95b50232c41,osm:node:13630080601,6,,open,1020,1320,0,obs:7fc46bd8d8af68d3ed4f3c64
hours:1f686dffa51bf8178c74d323,osm:node:13635808289,0,,open,0,1440,0,obs:1815d37f65b0b668c3b15c11
hours:be81fa69c4729656760a77b6,osm:node:13635808289,1,,open,0,1440,0,obs:1815d37f65b0b668c3b15c11
hours:e8717b24479d90bd6717f058,osm:node:13635808289,2,,open,0,1440,0,obs:1815d37f65b0b668c3b15c11
hours:436e5df3a11ace5a4b169e58,osm:node:13635808289,3,,open,0,1440,0,obs:1815d37f65b0b668c3b15c11
hours:1cd4728e39f40fbdbd21584e,osm:node:13635808289,4,,open,0,1440,0,obs:1815d37f65b0b668c3b15c11
hours:4133f578b7a233038a235a1d,osm:node:13635808289,5,,open,0,1440,0,obs:1815d37f65b0b668c3b15c11
hours:af5a10a5d64b0908515aea88,osm:node:13635808289,6,,open,0,1440,0,obs:1815d37f65b0b668c3b15c11
hours:7fc1fcd38267cd82cb1c55f1,osm:node:13635826401,0,,open,0,1440,0,obs:12c195df21510fa7dc41a96a
hours:d42c30fff517772c8971923f,osm:node:13635826401,1,,open,0,1440,0,obs:12c195df21510fa7dc41a96a
hours:d08f27a0941aa293a9f54cdc,osm:node:13635826401,2,,open,0,1440,0,obs:12c195df21510fa7dc41a96a
hours:e233bbb7b07693b2d16611f1,osm:node:13635826401,3,,open,0,1440,0,obs:12c195df21510fa7dc41a96a
hours:ee227aeb2d3543b261674c9a,osm:node:13635826401,4,,open,0,1440,0,obs:12c195df21510fa7dc41a96a
hours:6a2a717ca4c7b1cb2a820c8f,osm:node:13635826401,5,,open,0,1440,0,obs:12c195df21510fa7dc41a96a
hours:51436ef226aca488fabe9f28,osm:node:13635826401,6,,open,0,1440,0,obs:12c195df21510fa7dc41a96a
hours:2359bc28e027f4e6e15a7664,osm:node:13637702702,0,,open,420,1380,0,obs:fe24c598d28b6ad23039eb1f
hours:8241497fb79593ebb253f888,osm:node:13637702702,1,,open,420,1380,0,obs:fe24c598d28b6ad23039eb1f
hours:66503512d22754b1c5d79154,osm:node:13637702702,2,,open,420,1380,0,obs:fe24c598d28b6ad23039eb1f
hours:8875dd8e0e08c034f1942ac3,osm:node:13637702702,3,,open,420,1380,0,obs:fe24c598d28b6ad23039eb1f
hours:4afa01afb10d69d56cc18578,osm:node:13637702702,4,,open,420,1380,0,obs:fe24c598d28b6ad23039eb1f
hours:e326fee85eb53dfdfb02e383,osm:node:13637702702,5,,open,420,1380,0,obs:fe24c598d28b6ad23039eb1f
hours:ae176e2864972e357e03656e,osm:node:13637702702,6,,open,420,1380,0,obs:fe24c598d28b6ad23039eb1f
hours:ab71035f9e5fc02f97bdc511,osm:node:13638561208,0,,open,450,60,1,obs:f4f3084a668d9b4b6d68fff2
hours:1e473cc7a2d287dad82813a2,osm:node:13638561208,1,,open,450,60,1,obs:f4f3084a668d9b4b6d68fff2
hours:353a36bbb88b5c91af93ee62,osm:node:13638561208,2,,open,450,60,1,obs:f4f3084a668d9b4b6d68fff2
hours:f29f45f2f9068807a4b80a98,osm:node:13638561208,3,,open,450,60,1,obs:f4f3084a668d9b4b6d68fff2
hours:b1ce54ccede1e6e9756f50cb,osm:node:13638561208,4,,open,450,60,1,obs:f4f3084a668d9b4b6d68fff2
hours:15dc9157b4404308cb7b5a4a,osm:node:13638561208,5,,open,450,60,1,obs:f4f3084a668d9b4b6d68fff2
hours:835a11f77a1db53f3d9196b3,osm:node:13638561208,6,,open,450,60,1,obs:f4f3084a668d9b4b6d68fff2
hours:b43c95bbc00d58e416264175,osm:node:13640062002,0,,open,420,1380,0,obs:832a50f8599e253f50091b0c
hours:adf01f6f10c8b8f2a41b74a8,osm:node:13640062002,1,,open,420,1380,0,obs:832a50f8599e253f50091b0c
hours:6c7d79b264e90c765d8d6ecc,osm:node:13640062002,2,,open,420,1380,0,obs:832a50f8599e253f50091b0c
hours:ada5a9bdc64a8f96a2814647,osm:node:13640062002,3,,open,420,1380,0,obs:832a50f8599e253f50091b0c
hours:4c3322684e0fc39610970b62,osm:node:13640062002,4,,open,420,1380,0,obs:832a50f8599e253f50091b0c
hours:088e7080743c8e871300c30b,osm:node:13640062002,5,,open,420,1380,0,obs:832a50f8599e253f50091b0c
hours:9b139e64a92393fb22fd5617,osm:node:13640062002,6,,open,420,1380,0,obs:832a50f8599e253f50091b0c
hours:eb20ddfa616311fb60420668,osm:node:13640426501,0,,open,420,180,1,obs:bccceff884e5f55b9acb4188
hours:3b308b4af3bac4434f431ad8,osm:node:13640426501,1,,open,420,180,1,obs:bccceff884e5f55b9acb4188
hours:9c350bb0e4517a2b476bb9bd,osm:node:13640426501,2,,open,420,180,1,obs:bccceff884e5f55b9acb4188
hours:251b018f1a0ed93069074386,osm:node:13640426501,3,,open,420,180,1,obs:bccceff884e5f55b9acb4188
hours:02c1f8343bcc4c4808b67c22,osm:node:13640426501,4,,open,420,180,1,obs:bccceff884e5f55b9acb4188
hours:6ecfe57f49823bed4ebeb069,osm:node:13640426501,5,,open,420,180,1,obs:bccceff884e5f55b9acb4188
hours:c6016e12fcd04c866809a445,osm:node:13640426501,6,,open,420,180,1,obs:bccceff884e5f55b9acb4188
hours:d034b8e5175bd7651685346f,osm:node:13641363901,0,,open,360,1320,0,obs:18153fe8b97cb2732c6b821a
hours:cdb2295f7dee4a5637ca4909,osm:node:13641363901,1,,open,360,1320,0,obs:18153fe8b97cb2732c6b821a
hours:2da673f145421a02fde13795,osm:node:13641363901,2,,open,360,1320,0,obs:18153fe8b97cb2732c6b821a
hours:2dedc0f8d5371b51831395e2,osm:node:13641363901,3,,open,360,1320,0,obs:18153fe8b97cb2732c6b821a
hours:40a849ba2147a254dc7b305b,osm:node:13641363901,4,,open,360,1320,0,obs:18153fe8b97cb2732c6b821a
hours:319f15fc5cc2c72ef18971b9,osm:node:13641363901,5,,open,360,1320,0,obs:18153fe8b97cb2732c6b821a
hours:247d9a1697e758f7106ca256,osm:node:13641363901,6,,open,360,1320,0,obs:18153fe8b97cb2732c6b821a
hours:8208318a3b44574e78727e97,osm:node:13644475702,0,,open,420,1320,0,obs:a91ce5d494aa2eb04c94c427
hours:257e50e42d636816c51e66d7,osm:node:13644475702,1,,open,420,1320,0,obs:a91ce5d494aa2eb04c94c427
hours:fdeb21e1f5630fb874204255,osm:node:13644475702,2,,open,420,1320,0,obs:a91ce5d494aa2eb04c94c427
hours:40dd77696383a547b750b4b5,osm:node:13644475702,3,,open,420,1320,0,obs:a91ce5d494aa2eb04c94c427
hours:559bf65e930a8defdb10e829,osm:node:13644475702,4,,open,420,1320,0,obs:a91ce5d494aa2eb04c94c427
hours:4756d69817582e0260879f9e,osm:node:13644475702,5,,open,420,1320,0,obs:a91ce5d494aa2eb04c94c427
hours:325d5e62422932561b63deb9,osm:node:13644475702,6,,open,420,1320,0,obs:a91ce5d494aa2eb04c94c427
hours:803f75c91d3461ce36f42c9d,osm:node:13645114301,0,,open,570,1260,0,obs:f676f4c9c2b11950935a0238
hours:875fda304e680f7b20c746eb,osm:node:13645114301,1,,open,570,1260,0,obs:f676f4c9c2b11950935a0238
hours:bd5efc8a4bbebc02e8a08804,osm:node:13645114301,2,,open,570,1260,0,obs:f676f4c9c2b11950935a0238
hours:7df6257ae17adc763afb6daf,osm:node:13645114301,3,,open,570,1260,0,obs:f676f4c9c2b11950935a0238
hours:5e9b419e0601d96483c2435e,osm:node:13645114301,4,,open,570,1260,0,obs:f676f4c9c2b11950935a0238
hours:ab9e555bc2af2ecf780577a0,osm:node:13645114301,5,,open,570,1260,0,obs:f676f4c9c2b11950935a0238
hours:13761516e1935f4d1ac369e8,osm:node:13645114301,6,,open,570,1260,0,obs:f676f4c9c2b11950935a0238
hours:f55c05c643e16626aeda8bc6,osm:node:13647041501,0,,open,480,1350,0,obs:e66b5d5e0cdaab30351bc634
hours:b0d0f3a066a4c913868c528c,osm:node:13647041501,1,,open,480,1350,0,obs:e66b5d5e0cdaab30351bc634
hours:0f2c20784cbf90dcf3623e40,osm:node:13647041501,2,,open,480,1350,0,obs:e66b5d5e0cdaab30351bc634
hours:bb0c9adf5787825cb2b1a32d,osm:node:13647041501,3,,open,480,1350,0,obs:e66b5d5e0cdaab30351bc634
hours:ea002d5e87d78ab4d462aaa8,osm:node:13647041501,4,,open,480,1350,0,obs:e66b5d5e0cdaab30351bc634
hours:c46295f93b0d97e944b80d1a,osm:node:13647041501,5,,open,480,1350,0,obs:e66b5d5e0cdaab30351bc634
hours:b95598a7709b3abb5df2b50a,osm:node:13647041501,6,,open,480,1350,0,obs:e66b5d5e0cdaab30351bc634
hours:d45f137d5bc0cd0b1cb039bc,osm:node:13647798301,0,,open,360,1320,0,obs:1a3b92a058c42a04fd27ebe6
hours:6bd9ecbdd0f826bb0ae7b0e2,osm:node:13647798301,1,,open,360,1320,0,obs:1a3b92a058c42a04fd27ebe6
hours:8b94b4c68475eeaa432bca4b,osm:node:13647798301,2,,open,360,1320,0,obs:1a3b92a058c42a04fd27ebe6
hours:a91cec3520611f283e5e7284,osm:node:13647798301,3,,open,360,1320,0,obs:1a3b92a058c42a04fd27ebe6
hours:af73db224fd0c20d247c8182,osm:node:13647798301,4,,open,360,1320,0,obs:1a3b92a058c42a04fd27ebe6
hours:192d9c8ef124a6cda0bf291a,osm:node:13647798301,5,,open,360,1320,0,obs:1a3b92a058c42a04fd27ebe6
hours:c61478829e4bdeb65c38233d,osm:node:13647798301,6,,open,360,1320,0,obs:1a3b92a058c42a04fd27ebe6
hours:3f728c51363ffd0a6ff93554,osm:node:13649628501,0,,open,600,840,0,obs:401937fd97c1113821504928
hours:807011da9f105d375fc32640,osm:node:13649628501,0,,open,1020,1290,0,obs:401937fd97c1113821504928
hours:6d10cb8621314d2683963723,osm:node:13649628501,1,,open,600,840,0,obs:401937fd97c1113821504928
hours:6b002fea46c6a6e46fa86e3f,osm:node:13649628501,1,,open,1020,1290,0,obs:401937fd97c1113821504928
hours:1c486037d15863055e654177,osm:node:13649628501,2,,open,600,840,0,obs:401937fd97c1113821504928
hours:c0fcfbb77e211e5c65cacf57,osm:node:13649628501,2,,open,1020,1290,0,obs:401937fd97c1113821504928
hours:3fc4378a4235e6f54089f899,osm:node:13649628501,3,,open,600,840,0,obs:401937fd97c1113821504928
hours:97add219966a082e55211c97,osm:node:13649628501,3,,open,1020,1290,0,obs:401937fd97c1113821504928
hours:e5c46d74b52c86fce378a10b,osm:node:13649628501,4,,open,600,840,0,obs:401937fd97c1113821504928
hours:7011c51732b5e294abc994b1,osm:node:13649628501,4,,open,1020,1290,0,obs:401937fd97c1113821504928
hours:0caa274416fdac35eeaecd72,osm:node:13649628501,5,,open,600,840,0,obs:401937fd97c1113821504928
hours:f81af0fd312ff3163e1a4365,osm:node:13649628501,5,,open,1020,1290,0,obs:401937fd97c1113821504928
hours:2fbf9c8bc603a75869f53e28,osm:node:13649628501,6,,open,600,840,0,obs:401937fd97c1113821504928
hours:e394f0cf66bb0b445237d463,osm:node:13649628501,6,,open,1020,1290,0,obs:401937fd97c1113821504928
hours:195045303056ce5c2e4b2dc7,osm:node:13651242101,0,,open,480,1440,0,obs:9c70b547f677ded578e60ea6
hours:f76279fe16463a6397bec30f,osm:node:13651242101,1,,open,480,1440,0,obs:9c70b547f677ded578e60ea6
hours:52dcd9b11c3fc4c42f76bc3d,osm:node:13651242101,2,,open,480,1440,0,obs:9c70b547f677ded578e60ea6
hours:cfc061d06d0df2679aefe003,osm:node:13651242101,3,,open,480,1440,0,obs:9c70b547f677ded578e60ea6
hours:222c33bdba754a680a74424f,osm:node:13651242101,4,,open,480,1440,0,obs:9c70b547f677ded578e60ea6
hours:2210ef4b90e4a53c66305a2c,osm:node:13651242101,5,,open,480,1440,0,obs:9c70b547f677ded578e60ea6
hours:392d8493cb8a2af87afe61b8,osm:node:13651242101,6,,open,480,1440,0,obs:9c70b547f677ded578e60ea6
hours:52942a05a38ba00ce2a22b84,osm:node:13651572501,0,,open,420,1260,0,obs:8bb5ae5ca9e37317314c0f09
hours:d2362a841efca753711a6c4d,osm:node:13651572501,1,,open,420,1260,0,obs:8bb5ae5ca9e37317314c0f09
hours:e6b93a9737526044776a5c5d,osm:node:13651572501,2,,open,420,1260,0,obs:8bb5ae5ca9e37317314c0f09
hours:7468645c89d0ebb33fabc55c,osm:node:13651572501,3,,open,420,1260,0,obs:8bb5ae5ca9e37317314c0f09
hours:bcc5d7d0dfedfb1b974ccd11,osm:node:13651572501,4,,open,420,1260,0,obs:8bb5ae5ca9e37317314c0f09
hours:c44c39cdb533c3ac0931ec27,osm:node:13651572501,5,,open,420,1260,0,obs:8bb5ae5ca9e37317314c0f09
hours:5808d799078cd9ab3c69cf1e,osm:node:13651572501,6,,open,420,1260,0,obs:8bb5ae5ca9e37317314c0f09
hours:f22cc040b358119ff6a10d82,osm:node:13651630601,0,,open,420,1410,0,obs:84ba7e2837ccf8a8407be614
hours:e071cf6793a9ba6a5265b9c3,osm:node:13651630601,1,,open,420,1410,0,obs:84ba7e2837ccf8a8407be614
hours:d1be741692b3eddae93bbcfb,osm:node:13651630601,2,,open,420,1410,0,obs:84ba7e2837ccf8a8407be614
hours:9e164526390bdc603ba3288d,osm:node:13651630601,3,,open,420,1410,0,obs:84ba7e2837ccf8a8407be614
hours:f61d0fb4a6016d7d9046affa,osm:node:13651630601,4,,open,420,1410,0,obs:84ba7e2837ccf8a8407be614
hours:01294c807ca23383f7acf97b,osm:node:13651630601,5,,open,420,1410,0,obs:84ba7e2837ccf8a8407be614
hours:93d0fd8cdfdff7879a626b8b,osm:node:13651630601,6,,open,420,1410,0,obs:84ba7e2837ccf8a8407be614
hours:3fd2baa44820d46a8cf2fb58,osm:node:13651634201,0,,open,480,1320,0,obs:0d3bc314c9069bc39c9f1f5b
hours:7f7b1f408d4e1ce34300e5ff,osm:node:13651634201,1,,open,480,1320,0,obs:0d3bc314c9069bc39c9f1f5b
hours:2b73e934e0af5b01ebb74741,osm:node:13651634201,2,,open,480,1320,0,obs:0d3bc314c9069bc39c9f1f5b
hours:8b616634e659f3e7405a5c65,osm:node:13651634201,3,,open,480,1320,0,obs:0d3bc314c9069bc39c9f1f5b
hours:3596a3bf9829b20532e779ef,osm:node:13651634201,4,,open,480,1320,0,obs:0d3bc314c9069bc39c9f1f5b
hours:a8bb25bcbead57e6f39db49e,osm:node:13651634201,5,,open,480,1320,0,obs:0d3bc314c9069bc39c9f1f5b
hours:7400ab61bb507f095cba704d,osm:node:13651634201,6,,open,480,1320,0,obs:0d3bc314c9069bc39c9f1f5b
hours:a0f10eabb0162d08f79358d5,osm:node:13652468901,0,,open,600,840,0,obs:cf9e929e34bac303694a1d53
hours:9dac5a65a0d79cecd43902c1,osm:node:13652468901,0,,open,1020,1320,0,obs:cf9e929e34bac303694a1d53
hours:e0cab84cab5f3e9d64d60832,osm:node:13652468901,1,,open,600,840,0,obs:cf9e929e34bac303694a1d53
hours:e1b210ac8dfad910667cd2fc,osm:node:13652468901,1,,open,1020,1320,0,obs:cf9e929e34bac303694a1d53
hours:0a65c29405a06b9a6ec4b3f0,osm:node:13652468901,2,,open,600,840,0,obs:cf9e929e34bac303694a1d53
hours:10b20512e1d7e945b44dab43,osm:node:13652468901,2,,open,1020,1320,0,obs:cf9e929e34bac303694a1d53
hours:46ce1541fbe109ecf70840f3,osm:node:13652468901,3,,open,600,840,0,obs:cf9e929e34bac303694a1d53
hours:ae74ba5be37ea2a12e9f6095,osm:node:13652468901,3,,open,1020,1320,0,obs:cf9e929e34bac303694a1d53
hours:2f301485ab42b8320ce2bb07,osm:node:13652468901,4,,open,600,840,0,obs:cf9e929e34bac303694a1d53
hours:668fe8a7d940f81fc8126c0e,osm:node:13652468901,4,,open,1020,1320,0,obs:cf9e929e34bac303694a1d53
hours:59bc60557bcae8b6aa92335e,osm:node:13652468901,5,,open,600,840,0,obs:cf9e929e34bac303694a1d53
hours:0f2871111c3ee605efc1eed6,osm:node:13652468901,5,,open,1020,1320,0,obs:cf9e929e34bac303694a1d53
hours:b04bd5ff2a2487745ca0dca8,osm:node:13652468901,6,,open,600,840,0,obs:cf9e929e34bac303694a1d53
hours:9379e8c48ab4569dc67fdef2,osm:node:13652468901,6,,open,1020,1320,0,obs:cf9e929e34bac303694a1d53
hours:e4c39845783d2e289a70cd46,osm:node:13653946401,0,,open,420,120,1,obs:e48e326cf9aa3210f79209cd
hours:24b0b54ec19053f70b0ba6c1,osm:node:13653946401,1,,open,420,120,1,obs:e48e326cf9aa3210f79209cd
hours:47ec5a2eaa49aac0e30739dc,osm:node:13653946401,2,,open,420,120,1,obs:e48e326cf9aa3210f79209cd
hours:510a2483e0071b0497626bb5,osm:node:13653946401,3,,open,420,120,1,obs:e48e326cf9aa3210f79209cd
hours:6e76b9481f7f08920812e742,osm:node:13653946401,4,,open,420,120,1,obs:e48e326cf9aa3210f79209cd
hours:aa1abd12eb88c99e1ec2c2b9,osm:node:13653946401,5,,open,420,120,1,obs:e48e326cf9aa3210f79209cd
hours:c6e4160b9a9703875bc3e021,osm:node:13653946401,6,,open,420,120,1,obs:e48e326cf9aa3210f79209cd
hours:3c33281d71589773bdc93e2b,osm:node:13654187301,0,,open,540,1380,0,obs:5d50191a0935a151244064c5
hours:08a272ef8aea9f5398e612e1,osm:node:13654187301,1,,open,540,1380,0,obs:5d50191a0935a151244064c5
hours:9a7430c1a6326d8ca9a8ceaf,osm:node:13654187301,2,,open,540,1380,0,obs:5d50191a0935a151244064c5
hours:4f41088ecd196e2f838c6531,osm:node:13654187301,3,,open,540,1380,0,obs:5d50191a0935a151244064c5
hours:f2d92f341e5a51023eab6f45,osm:node:13654187301,4,,open,540,1380,0,obs:5d50191a0935a151244064c5
hours:2148ac84cf7bae1cb941630b,osm:node:13654187301,5,,open,540,1380,0,obs:5d50191a0935a151244064c5
hours:172944278da8d59589da9aac,osm:node:13654187301,6,,open,540,1380,0,obs:5d50191a0935a151244064c5
hours:c62d0609e49da9b4f9616b8f,osm:node:13654762201,0,,open,660,1320,0,obs:f507322f1dc2d446faad19ed
hours:48249b5941b6883fae5c4281,osm:node:13654762201,1,,open,660,1320,0,obs:f507322f1dc2d446faad19ed
hours:4bd4ddbfe439a975ec1950de,osm:node:13654762201,2,,open,660,1320,0,obs:f507322f1dc2d446faad19ed
hours:18d9e04b8ab82cb8cebfa15d,osm:node:13654762201,3,,open,660,1320,0,obs:f507322f1dc2d446faad19ed
hours:fd7a1a04c4846c46feaf8607,osm:node:13654762201,4,,open,660,1320,0,obs:f507322f1dc2d446faad19ed
hours:b743ebd2d3643a3d31896813,osm:node:13654762201,5,,open,660,1320,0,obs:f507322f1dc2d446faad19ed
hours:984d2257a34f6aa37b998e20,osm:node:13654762201,6,,open,660,1320,0,obs:f507322f1dc2d446faad19ed
hours:30723f08493471cadf97eef5,osm:node:13658260801,0,,open,390,1320,0,obs:3e2d68ad91b9d64fc63b4c13
hours:02915b862b6ec7b9cfafc7df,osm:node:13658260801,1,,open,390,1320,0,obs:3e2d68ad91b9d64fc63b4c13
hours:707a9859e2043f7172dc58b1,osm:node:13658260801,2,,open,390,1320,0,obs:3e2d68ad91b9d64fc63b4c13
hours:3a41ca1791365b8d5c947137,osm:node:13658260801,3,,open,390,1320,0,obs:3e2d68ad91b9d64fc63b4c13
hours:a1d00295672841e9f5147cdc,osm:node:13658260801,4,,open,390,1320,0,obs:3e2d68ad91b9d64fc63b4c13
hours:c4fba5d823195b1b3b1dfe24,osm:node:13658264501,0,,open,0,1440,0,obs:eb4e960ee02c24b725e1c182
hours:b9be78ad9cc1c24f3f90db98,osm:node:13658264501,1,,open,0,1440,0,obs:eb4e960ee02c24b725e1c182
hours:c62ae7770f4cd86e05b26255,osm:node:13658264501,2,,open,0,1440,0,obs:eb4e960ee02c24b725e1c182
hours:2ca20fedbd999f28aa174ff3,osm:node:13658264501,3,,open,0,1440,0,obs:eb4e960ee02c24b725e1c182
hours:3e4cfe9bb296c52652e9d005,osm:node:13658264501,4,,open,0,1440,0,obs:eb4e960ee02c24b725e1c182
hours:01ad38bc3cbd07a1be534c1e,osm:node:13658264501,5,,open,0,1440,0,obs:eb4e960ee02c24b725e1c182
hours:c974ebf676a6fb6a8ee9d211,osm:node:13658264501,6,,open,0,1440,0,obs:eb4e960ee02c24b725e1c182
hours:f48a7525d4fa2e0caff6c9a5,osm:node:13658645902,0,,open,600,1290,0,obs:ef59b58ced1737241f2d29ff
hours:596fccda08df65e0d3096381,osm:node:13658645902,1,,open,600,1290,0,obs:ef59b58ced1737241f2d29ff
hours:ee838af7171825159dcbb0be,osm:node:13658645902,2,,open,600,1290,0,obs:ef59b58ced1737241f2d29ff
hours:fe36823bdd22407754f72990,osm:node:13658645902,3,,open,600,1290,0,obs:ef59b58ced1737241f2d29ff
hours:b9a979e1a301228df5756835,osm:node:13658645902,4,,open,600,1290,0,obs:ef59b58ced1737241f2d29ff
hours:407fb7e19fcbac78fce4f1c7,osm:node:13658645902,5,,open,600,1290,0,obs:ef59b58ced1737241f2d29ff
hours:2bbe55b39d60ddcac308114b,osm:node:13658645902,6,,open,600,1290,0,obs:ef59b58ced1737241f2d29ff
hours:7817ac4efdaca530945e84c3,osm:node:13666448201,0,,open,390,1380,0,obs:d0789818aa38e6a55a5147ca
hours:91ba3678c678aa3c9335c7e5,osm:node:13666448201,1,,open,390,1380,0,obs:d0789818aa38e6a55a5147ca
hours:464d9620505651c3b5570c51,osm:node:13666448201,2,,open,390,1380,0,obs:d0789818aa38e6a55a5147ca
hours:fb194cecd43336ddb4448be5,osm:node:13666448201,3,,open,390,1380,0,obs:d0789818aa38e6a55a5147ca
hours:12056d8f812fb607f1eac042,osm:node:13666448201,4,,open,390,1380,0,obs:d0789818aa38e6a55a5147ca
hours:0899a21d1df76c03a59b95b0,osm:node:13666448201,5,,open,390,1380,0,obs:d0789818aa38e6a55a5147ca
hours:2f94ea0fc638aa2bcc09bf60,osm:node:13666448201,6,,open,390,1380,0,obs:d0789818aa38e6a55a5147ca
hours:2aef8785f1c739680a6aab83,osm:node:13666531601,0,,open,630,1260,0,obs:bdabae268da9cb2a6328d6e6
hours:21e7107e8d3732895edc79be,osm:node:13666531601,1,,open,630,1260,0,obs:bdabae268da9cb2a6328d6e6
hours:fe4db7aaca7446bdc3b0f0fc,osm:node:13666531601,2,,open,630,1260,0,obs:bdabae268da9cb2a6328d6e6
hours:3c8c77f98f5972ef543dadbf,osm:node:13666531601,3,,open,630,1260,0,obs:bdabae268da9cb2a6328d6e6
hours:5ffc9ebc58dbab028a9adaa4,osm:node:13666531601,4,,open,630,1260,0,obs:bdabae268da9cb2a6328d6e6
hours:0eb22e72f4cb96e0e6d030e8,osm:node:13666531601,5,,open,630,1260,0,obs:bdabae268da9cb2a6328d6e6
hours:89cd1532e4d365d61989479c,osm:node:13666531601,6,,open,630,1260,0,obs:bdabae268da9cb2a6328d6e6
hours:216e19660f71394510105073,osm:node:13668147852,0,,open,0,1440,0,obs:d8591c8c7fa179fc7b9110f9
hours:857db5e9b4c7da79cf49a5c9,osm:node:13668147852,1,,open,0,1440,0,obs:d8591c8c7fa179fc7b9110f9
hours:a29909e92a0a994e7edcd38d,osm:node:13668147852,2,,open,0,1440,0,obs:d8591c8c7fa179fc7b9110f9
hours:bcc2e630be6e66e41cfcc815,osm:node:13668147852,3,,open,0,1440,0,obs:d8591c8c7fa179fc7b9110f9
hours:17ef229b6a2f345022ff10ec,osm:node:13668147852,4,,open,0,1440,0,obs:d8591c8c7fa179fc7b9110f9
hours:e9b6c5797f3f389de6c49de9,osm:node:13668147852,5,,open,0,1440,0,obs:d8591c8c7fa179fc7b9110f9
hours:c396ef8c83ab09c045a66324,osm:node:13668147852,6,,open,0,1440,0,obs:d8591c8c7fa179fc7b9110f9
hours:2e09c958a4c40325aaacc582,osm:node:13668872401,0,,open,660,870,0,obs:ee6d74b36984c6154fe0e1fe
hours:2eda5909089051bf3434ee56,osm:node:13668872401,0,,open,1080,1320,0,obs:ee6d74b36984c6154fe0e1fe
hours:4e0bedfa8dbaf08812044bb8,osm:node:13668872401,1,,open,660,870,0,obs:ee6d74b36984c6154fe0e1fe
hours:6be7f60c792d622160b9bcf3,osm:node:13668872401,1,,open,1080,1320,0,obs:ee6d74b36984c6154fe0e1fe
hours:1caad66cdb52d8ff1e8052cc,osm:node:13668872401,2,,open,660,870,0,obs:ee6d74b36984c6154fe0e1fe
hours:84a52a01f9939021f1772abf,osm:node:13668872401,2,,open,1080,1320,0,obs:ee6d74b36984c6154fe0e1fe
hours:3f84487193a4342fc0031587,osm:node:13668872401,3,,open,660,870,0,obs:ee6d74b36984c6154fe0e1fe
hours:8bd39fac85a47117921024a1,osm:node:13668872401,3,,open,1080,1320,0,obs:ee6d74b36984c6154fe0e1fe
hours:fc7f10b713112cd980d76bf2,osm:node:13668872401,4,,open,660,870,0,obs:ee6d74b36984c6154fe0e1fe
hours:fd64627a973336b48716144f,osm:node:13668872401,4,,open,1080,1320,0,obs:ee6d74b36984c6154fe0e1fe
hours:43b0888d95f7848413db8910,osm:node:13668872401,5,,open,660,870,0,obs:ee6d74b36984c6154fe0e1fe
hours:59f2768c9dacf9680f5e404f,osm:node:13668872401,5,,open,1080,1320,0,obs:ee6d74b36984c6154fe0e1fe
hours:126667294ae42fd55083a1c7,osm:node:13668872401,6,,open,660,870,0,obs:ee6d74b36984c6154fe0e1fe
hours:dc46cf9489ccb1197f6abde5,osm:node:13668872401,6,,open,1080,1320,0,obs:ee6d74b36984c6154fe0e1fe
hours:eeff1421935b16b033b1dd1f,osm:node:13671676601,0,,open,450,840,0,obs:d51c3a38295224e30c776683
hours:80a20f43bbd00fc217bd2fb2,osm:node:13671676601,0,,open,1020,1260,0,obs:d51c3a38295224e30c776683
hours:b4fa91b59006a52ab82e8d56,osm:node:13671676601,1,,open,450,840,0,obs:d51c3a38295224e30c776683
hours:33972841cd253c21bdfda3f3,osm:node:13671676601,1,,open,1020,1260,0,obs:d51c3a38295224e30c776683
hours:f44d4cbf9d666525df965d96,osm:node:13671676601,2,,open,450,840,0,obs:d51c3a38295224e30c776683
hours:1fc79f90b048ac19c98e1e11,osm:node:13671676601,2,,open,1020,1260,0,obs:d51c3a38295224e30c776683
hours:70c40971394605f3a0994155,osm:node:13671676601,3,,open,450,840,0,obs:d51c3a38295224e30c776683
hours:8af53203a8cee3466057d4f6,osm:node:13671676601,3,,open,1020,1260,0,obs:d51c3a38295224e30c776683
hours:585791d93a013ddbfc9c53be,osm:node:13671676601,4,,open,450,840,0,obs:d51c3a38295224e30c776683
hours:e5c97fbf7197a3e072ce9f94,osm:node:13671676601,4,,open,1020,1260,0,obs:d51c3a38295224e30c776683
hours:cfd12190cb4aed8ce4a5baa7,osm:node:13671676601,5,,open,450,840,0,obs:d51c3a38295224e30c776683
hours:7619f7633fc4850c9802a432,osm:node:13671676601,5,,open,1020,1260,0,obs:d51c3a38295224e30c776683
hours:197eddc37e8c894f6bb0e14b,osm:node:13671676601,6,,open,450,840,0,obs:d51c3a38295224e30c776683
hours:21199c1d8826d2f64dc5cbf3,osm:node:13671676601,6,,open,1020,1260,0,obs:d51c3a38295224e30c776683
hours:2563b7a3354c15e3d0697005,osm:node:13691370398,0,,open,540,1440,0,obs:f3826be8be30eccfdb200d4c
hours:1e8273b69791c68b1ab079e6,osm:node:13691370398,1,,open,540,1440,0,obs:f3826be8be30eccfdb200d4c
hours:ac223be340ab337c827e3148,osm:node:13691370398,2,,open,540,1440,0,obs:f3826be8be30eccfdb200d4c
hours:dfa42be4221e2dc0f87dd3d1,osm:node:13691370398,3,,open,540,1440,0,obs:f3826be8be30eccfdb200d4c
hours:f1c87497217cb8aa5e982033,osm:node:13691370398,4,,open,540,1440,0,obs:f3826be8be30eccfdb200d4c
hours:7aa1206bbca6fedc0b5832c8,osm:node:13691370398,5,,open,540,1440,0,obs:f3826be8be30eccfdb200d4c
hours:ed938b8d47456aea0f0fd445,osm:node:13691370398,6,,open,540,1440,0,obs:f3826be8be30eccfdb200d4c
hours:d29702f3640d17501d625978,osm:node:13702979501,0,,open,420,1320,0,obs:32badb3567f6134daec144af
hours:bb98640955e21341d8111ca9,osm:node:13702979501,1,,open,420,1320,0,obs:32badb3567f6134daec144af
hours:6675593ae2dabfeae23561b3,osm:node:13702979501,2,,open,420,1320,0,obs:32badb3567f6134daec144af
hours:f6a9438693f1814c647a1201,osm:node:13702979501,3,,open,420,1320,0,obs:32badb3567f6134daec144af
hours:fd29ab933ec6981ba3b79c55,osm:node:13702979501,4,,open,420,1320,0,obs:32badb3567f6134daec144af
hours:29445977f1a16821cd3b04be,osm:node:13702979501,5,,open,420,1320,0,obs:32badb3567f6134daec144af
hours:01636ccff7be460570d4b5ab,osm:node:13702979501,6,,open,420,1320,0,obs:32badb3567f6134daec144af
hours:75f1e35f3f6e9d6716f060aa,osm:node:13708168601,0,,open,600,1320,0,obs:a6324b7e5cf548d362390e8a
hours:372890be4a6584308bd3d394,osm:node:13708168601,1,,open,600,1320,0,obs:a6324b7e5cf548d362390e8a
hours:18edba6571329ec8ada686c3,osm:node:13708168601,2,,open,600,1320,0,obs:a6324b7e5cf548d362390e8a
hours:ab4ee7f5c0868c6eef2e0378,osm:node:13708168601,3,,open,600,1320,0,obs:a6324b7e5cf548d362390e8a
hours:bde73adb7c848af68b194e6d,osm:node:13708168601,4,,open,600,1320,0,obs:a6324b7e5cf548d362390e8a
hours:29c4a244d8d3e26c21292fbd,osm:node:13708168601,5,,open,600,1320,0,obs:a6324b7e5cf548d362390e8a
hours:403b1984e9293269d2b0945e,osm:node:13708168601,6,,open,600,1320,0,obs:a6324b7e5cf548d362390e8a
hours:a99fd8b936973e8b36a2614d,osm:node:13715453001,0,,open,390,1260,0,obs:4e9ebc7c3e4cc91fdccf29c2
hours:e9c454926c21179a234d25bf,osm:node:13715453001,1,,open,390,1260,0,obs:4e9ebc7c3e4cc91fdccf29c2
hours:8f8646b29a9e8fd5ba8f8c9e,osm:node:13715453001,2,,open,390,1260,0,obs:4e9ebc7c3e4cc91fdccf29c2
hours:efb41519dda5adb25657c185,osm:node:13715453001,3,,open,390,1260,0,obs:4e9ebc7c3e4cc91fdccf29c2
hours:b71423b7919aa454f0c66d1b,osm:node:13715453001,4,,open,390,1260,0,obs:4e9ebc7c3e4cc91fdccf29c2
hours:b0694d7ce9f9b64091cfff80,osm:node:13715453001,5,,open,390,1260,0,obs:4e9ebc7c3e4cc91fdccf29c2
hours:c86f749466fc68d1752f395b,osm:node:13715453001,6,,open,390,1260,0,obs:4e9ebc7c3e4cc91fdccf29c2
hours:3bb3a13ee1bc2aa7cb849461,osm:node:13722666902,0,,open,390,1320,0,obs:f2942bcc125da04eac27bab9
hours:43251d4faf94c6e1abf800c1,osm:node:13722666902,1,,open,390,1320,0,obs:f2942bcc125da04eac27bab9
hours:9df5ca06fa2a4ad6a5021502,osm:node:13722666902,2,,open,390,1320,0,obs:f2942bcc125da04eac27bab9
hours:3128a8850461ce836a16d990,osm:node:13722666902,3,,open,390,1320,0,obs:f2942bcc125da04eac27bab9
hours:dc1880c5a5f7466396af71eb,osm:node:13722666902,4,,open,390,1320,0,obs:f2942bcc125da04eac27bab9
hours:6d72671cc95675e8dbddfc9a,osm:node:13722666902,5,,open,390,1320,0,obs:f2942bcc125da04eac27bab9
hours:e7c4299f77d6a3b84a2660a4,osm:node:13722666902,6,,open,390,1320,0,obs:f2942bcc125da04eac27bab9
hours:2ea8d5875ce80db469b59e71,osm:node:13724829101,0,,open,600,1290,0,obs:25487922def9623dfa3e089f
hours:b012a069acabe738ba3ed96e,osm:node:13724829101,1,,open,600,1290,0,obs:25487922def9623dfa3e089f
hours:4053192b2e5da89e6b509d8c,osm:node:13724829101,2,,open,600,1290,0,obs:25487922def9623dfa3e089f
hours:0d413ca0f32798348c443b43,osm:node:13724829101,3,,open,600,1290,0,obs:25487922def9623dfa3e089f
hours:9ca67938e51bcd3659f35edd,osm:node:13724829101,4,,open,600,1290,0,obs:25487922def9623dfa3e089f
hours:c4495a4beb10200b923218bb,osm:node:13724829101,5,,open,600,1290,0,obs:25487922def9623dfa3e089f
hours:85d247af879f60e697e7e1e9,osm:node:13724829101,6,,open,600,1290,0,obs:25487922def9623dfa3e089f
hours:8fa864b27883063133111661,osm:node:13736627901,0,,open,420,720,0,obs:4866e8664db6e04e48ea8599
hours:f65709438457be002a5091dd,osm:node:13736627901,1,,open,420,1140,0,obs:4866e8664db6e04e48ea8599
hours:df836972ef735864c88d3ffb,osm:node:13736627901,2,,open,420,1140,0,obs:4866e8664db6e04e48ea8599
hours:30732a82c1b9fee4e75c0254,osm:node:13736627901,3,,open,420,1140,0,obs:4866e8664db6e04e48ea8599
hours:336ba2718ba66cf9c801f556,osm:node:13736627901,4,,open,420,1140,0,obs:4866e8664db6e04e48ea8599
hours:49de883983a02e0f330370a6,osm:node:13736627901,5,,open,420,1140,0,obs:4866e8664db6e04e48ea8599
hours:26aaa17d4b9b3b7726708c4d,osm:node:13736627901,6,,open,420,1140,0,obs:4866e8664db6e04e48ea8599
hours:922df2ba4488ab15238298be,osm:node:13739882101,0,,open,420,1320,0,obs:882dd432e943bce6783b87ea
hours:8d777335a63a9eae1fc34156,osm:node:13739882101,1,,open,420,1320,0,obs:882dd432e943bce6783b87ea
hours:d765d70f70c207958ed5c6e1,osm:node:13739882101,2,,open,420,1320,0,obs:882dd432e943bce6783b87ea
hours:fabfc07ab6d1bbf6ed87929b,osm:node:13739882101,3,,open,420,1320,0,obs:882dd432e943bce6783b87ea
hours:1c92fc5ec91140c7d04b579b,osm:node:13739882101,4,,open,420,1320,0,obs:882dd432e943bce6783b87ea
hours:d51aac7f292c40a83eebb66d,osm:node:13739882101,5,,open,420,1320,0,obs:882dd432e943bce6783b87ea
hours:4d0e1b389d226cf3e8794022,osm:node:13739882101,6,,open,420,1320,0,obs:882dd432e943bce6783b87ea
hours:06258b42783fa19034101692,osm:node:13743071480,0,,open,420,1170,0,obs:243e4b155c2fd3d913ff8553
hours:536861a73231f8690cd3a633,osm:node:13743071480,1,,open,420,1170,0,obs:243e4b155c2fd3d913ff8553
hours:1db0e3eaabc0d7903c747894,osm:node:13743071480,2,,open,420,1170,0,obs:243e4b155c2fd3d913ff8553
hours:c92abd1bbf5d1a8a9e721828,osm:node:13743071480,3,,open,420,1170,0,obs:243e4b155c2fd3d913ff8553
hours:1aabbe41c0553a862b61358d,osm:node:13743071480,4,,open,420,1170,0,obs:243e4b155c2fd3d913ff8553
hours:40a512d73f37228f6a9196ee,osm:node:13743071480,5,,open,420,1170,0,obs:243e4b155c2fd3d913ff8553
hours:fd6c0c4ecbd9bc09bd24d605,osm:node:13743071480,6,,open,420,1170,0,obs:243e4b155c2fd3d913ff8553
hours:ba44a959e090dbccfae58cd6,osm:node:13744719202,0,,open,420,1320,0,obs:b5a16f2b23bc172c042dd796
hours:de0b8900ec8c10c6dce0b402,osm:node:13744719202,1,,open,420,1320,0,obs:b5a16f2b23bc172c042dd796
hours:50ab1c0518ec86856eac9fd7,osm:node:13744719202,2,,open,420,1320,0,obs:b5a16f2b23bc172c042dd796
hours:660d96b277cab3ae3d6a4f6b,osm:node:13744719202,3,,open,420,1320,0,obs:b5a16f2b23bc172c042dd796
hours:70c6ad36b9a0e505730f3438,osm:node:13744719202,4,,open,420,1320,0,obs:b5a16f2b23bc172c042dd796
hours:f62b3642e20fe89b265e74fb,osm:node:13744719202,5,,open,420,1320,0,obs:b5a16f2b23bc172c042dd796
hours:044ac6c66de0d42d7da263e8,osm:node:13744719202,6,,open,420,1320,0,obs:b5a16f2b23bc172c042dd796
hours:3475426395667ff0829e9841,osm:node:13755229301,0,,open,420,1320,0,obs:c7ae7b2028b31868baca9e6e
hours:0ae0881c955fdeaee7d19529,osm:node:13755229301,1,,open,420,1320,0,obs:c7ae7b2028b31868baca9e6e
hours:2c5ebb33c00e6c4757f5d508,osm:node:13755229301,2,,open,420,1320,0,obs:c7ae7b2028b31868baca9e6e
hours:4ab757abd214c1d38a51b0a9,osm:node:13755229301,3,,open,420,1320,0,obs:c7ae7b2028b31868baca9e6e
hours:707809bb40473ad47494cc7d,osm:node:13755229301,4,,open,420,1320,0,obs:c7ae7b2028b31868baca9e6e
hours:a10b7842fa0f9cc6a09c7ee1,osm:node:13755229301,5,,open,420,1320,0,obs:c7ae7b2028b31868baca9e6e
hours:c6afdabcfaff839977e6372d,osm:node:13755229301,6,,open,420,1320,0,obs:c7ae7b2028b31868baca9e6e
hours:a72dd69c7e25400ac8dac855,osm:node:13805547596,0,,open,450,1320,0,obs:ce25aa67fccdbfacb16a6646
hours:6ac49fbaddcd215b39d278b2,osm:node:13805547596,1,,open,450,1320,0,obs:ce25aa67fccdbfacb16a6646
hours:344a4acc9db2b1ce36851bd6,osm:node:13805547596,2,,open,450,1320,0,obs:ce25aa67fccdbfacb16a6646
hours:e276b54b8ae0920bb451a12c,osm:node:13805547596,3,,open,450,1320,0,obs:ce25aa67fccdbfacb16a6646
hours:2c08a96524c67cf46af6eeeb,osm:node:13805547596,4,,open,450,1320,0,obs:ce25aa67fccdbfacb16a6646
hours:ffb9bfd2728194833d8f6441,osm:node:13805547596,5,,open,450,1320,0,obs:ce25aa67fccdbfacb16a6646
hours:28b7852933fda271ecdfd8ce,osm:node:13805547596,6,,open,450,1320,0,obs:ce25aa67fccdbfacb16a6646
hours:5f4e4c933eb89986902aad88,osm:node:13808256915,0,,open,600,120,1,obs:ef385f913142c813c59452fd
hours:b500e401fbcb7ad40d29f7f6,osm:node:13808256915,1,,open,600,120,1,obs:ef385f913142c813c59452fd
hours:200d1d1f5816a0eb4dae199f,osm:node:13808256915,2,,open,600,120,1,obs:ef385f913142c813c59452fd
hours:1570e4e5d17da421261aba84,osm:node:13808256915,3,,open,600,120,1,obs:ef385f913142c813c59452fd
hours:8482ad5997e8d0a502b89dc7,osm:node:13808256915,4,,open,600,120,1,obs:ef385f913142c813c59452fd
hours:80a6aecf95dbff4f4a3a224a,osm:node:13808256915,5,,open,600,120,1,obs:ef385f913142c813c59452fd
hours:46e8e69ca5e2f082c9049388,osm:node:13808256915,6,,open,600,120,1,obs:ef385f913142c813c59452fd
hours:1bd8807b7aba5b3b38e18bf6,osm:node:13812953288,0,,open,420,1320,0,obs:48fe1a249ae5873796129daf
hours:b3b3ac833adb072e3c322894,osm:node:13812953288,1,,open,420,1320,0,obs:48fe1a249ae5873796129daf
hours:3ce5838d72a8e343c0cdd0b1,osm:node:13812953288,2,,open,420,1320,0,obs:48fe1a249ae5873796129daf
hours:621b260504c792fb7fb80a77,osm:node:13812953288,3,,open,420,1320,0,obs:48fe1a249ae5873796129daf
hours:050b9df6b8bad112856a4929,osm:node:13812953288,4,,open,420,1320,0,obs:48fe1a249ae5873796129daf
hours:3bd0fec08ab2307bd083558c,osm:node:13812953288,5,,open,420,1320,0,obs:48fe1a249ae5873796129daf
hours:cdc6b98caa5abd056f56bc58,osm:node:13812953288,6,,open,420,1320,0,obs:48fe1a249ae5873796129daf
hours:0e6f26a30f4e588d04747430,osm:node:13838082336,0,,open,420,1320,0,obs:213f0bda32164dc9851dc4ac
hours:549ab63e58f81228a50c26d9,osm:node:13838082336,1,,open,420,1320,0,obs:213f0bda32164dc9851dc4ac
hours:5083a7cb25d2fa8820e9f9b6,osm:node:13838082336,2,,open,420,1320,0,obs:213f0bda32164dc9851dc4ac
hours:ef1c5b733d9b857d155a8298,osm:node:13838082336,3,,open,420,1320,0,obs:213f0bda32164dc9851dc4ac
hours:f45a56c4a7ebac2278301388,osm:node:13838082336,4,,open,420,1320,0,obs:213f0bda32164dc9851dc4ac
hours:49c6c9f8f24b45a4f50ede79,osm:node:13838082336,5,,open,420,1320,0,obs:213f0bda32164dc9851dc4ac
hours:8a862fb1626f3f18a6238ef1,osm:node:13838082336,6,,open,420,1320,0,obs:213f0bda32164dc9851dc4ac
hours:35aa91c7964e29cfce750bab,osm:node:13848489601,0,,open,480,1020,0,obs:a2d02efbd696f0ffeb0a20c7
hours:9c21eb69d83fe0e792b9dd03,osm:node:13848489601,1,,open,480,1020,0,obs:a2d02efbd696f0ffeb0a20c7
hours:3a808a8560b22435aee1e33f,osm:node:13848489601,2,,open,480,1020,0,obs:a2d02efbd696f0ffeb0a20c7
hours:83bfc87803ecd1f83e458f3c,osm:node:13848489601,3,,open,480,1020,0,obs:a2d02efbd696f0ffeb0a20c7
hours:c4ba5a5293064e4401df9da8,osm:node:13848489601,4,,open,480,1020,0,obs:a2d02efbd696f0ffeb0a20c7
hours:c4fafbffaafb785fa038e070,osm:node:13848489601,5,,open,480,1020,0,obs:a2d02efbd696f0ffeb0a20c7
hours:5c2a35c70f077fcce189284b,osm:node:13852091302,0,,open,390,1350,0,obs:21c0d6c6b6645185be7e6692
hours:8460e858774dacf143921b91,osm:node:13852091302,1,,open,390,1350,0,obs:21c0d6c6b6645185be7e6692
hours:2c8a3be1a31fe766ebe11867,osm:node:13852091302,2,,open,390,1350,0,obs:21c0d6c6b6645185be7e6692
hours:5072fa4bf7bb288b2948ec21,osm:node:13852091302,3,,open,390,1350,0,obs:21c0d6c6b6645185be7e6692
hours:196324da3c0dc19f3c03ffa9,osm:node:13852091302,4,,open,390,1350,0,obs:21c0d6c6b6645185be7e6692
hours:c8fc6e377ce35589e92f4135,osm:node:13852091302,5,,open,390,1350,0,obs:21c0d6c6b6645185be7e6692
hours:b29d11ef012bcc64b16f2d5b,osm:node:13852091302,6,,open,390,1350,0,obs:21c0d6c6b6645185be7e6692
hours:fcef760f7981a7bbc7531d8a,osm:node:13852133401,0,,open,480,720,0,obs:23c3cf00ef0054de65261f86
hours:595fc8714fac6d8b0f0bfc03,osm:node:13852133401,0,,open,960,1260,0,obs:23c3cf00ef0054de65261f86
hours:a817a32908042482c8eb79fa,osm:node:13852133401,1,,open,480,720,0,obs:23c3cf00ef0054de65261f86
hours:0456dfb2e14d4d9269a64b91,osm:node:13852133401,1,,open,960,1260,0,obs:23c3cf00ef0054de65261f86
hours:ba88fda2db0dd213c1ae39ea,osm:node:13852133401,2,,open,480,720,0,obs:23c3cf00ef0054de65261f86
hours:c1960a627ed86ba0790281cc,osm:node:13852133401,2,,open,960,1260,0,obs:23c3cf00ef0054de65261f86
hours:2a71be8fef512b4bdb2d8dfe,osm:node:13852133401,3,,open,480,720,0,obs:23c3cf00ef0054de65261f86
hours:8566a1af8d696873cc971cec,osm:node:13852133401,3,,open,960,1260,0,obs:23c3cf00ef0054de65261f86
hours:8fa4373537a87f92fcffc2fb,osm:node:13852133401,4,,open,480,720,0,obs:23c3cf00ef0054de65261f86
hours:15a7daaa2989b99811d5a98c,osm:node:13852133401,4,,open,960,1260,0,obs:23c3cf00ef0054de65261f86
hours:2d2288857e76258dee0a0159,osm:node:13852133401,5,,open,480,720,0,obs:23c3cf00ef0054de65261f86
hours:99cf0dfc46400ed78ecc45f8,osm:node:13852133401,5,,open,960,1260,0,obs:23c3cf00ef0054de65261f86
hours:3ec5d41c34351bc55f64aef9,osm:node:13852133401,6,,open,480,720,0,obs:23c3cf00ef0054de65261f86
hours:822a54c53aadc01361ac5905,osm:node:13852133401,6,,open,960,1260,0,obs:23c3cf00ef0054de65261f86
hours:097b21482d68fc1a4007f48e,osm:node:13860331501,0,,open,660,1380,0,obs:d8aaee00088ceb7f1514d3b9
hours:58f7b8283c496fe09ffd0b99,osm:node:13860331501,1,,open,660,1380,0,obs:d8aaee00088ceb7f1514d3b9
hours:4625bff24e073d785a8e607e,osm:node:13860331501,2,,open,660,1380,0,obs:d8aaee00088ceb7f1514d3b9
hours:379a334e243a31ed22bfc3c5,osm:node:13860331501,3,,open,660,1380,0,obs:d8aaee00088ceb7f1514d3b9
hours:7ced995c313d59f6fe737a0f,osm:node:13860331501,4,,open,660,1380,0,obs:d8aaee00088ceb7f1514d3b9
hours:b273f4c387bbe9a42799e113,osm:node:13860331501,5,,open,660,1380,0,obs:d8aaee00088ceb7f1514d3b9
hours:caa3172b4da35505f3d4eef1,osm:node:13860331501,6,,open,660,1380,0,obs:d8aaee00088ceb7f1514d3b9
hours:e474ffd0615761f8641a4fa5,osm:node:13880157601,0,,open,420,1320,0,obs:0e0d4026435cee38a65ef3a4
hours:103e3ca532d2c36d5077df28,osm:node:13880157601,1,,open,420,1320,0,obs:0e0d4026435cee38a65ef3a4
hours:31bdb3fa9d8f11221d060c22,osm:node:13880157601,2,,open,420,1320,0,obs:0e0d4026435cee38a65ef3a4
hours:49065bddb51c51ec1e618716,osm:node:13880157601,3,,open,420,1320,0,obs:0e0d4026435cee38a65ef3a4
hours:45a3b15e63c18657c0cf1878,osm:node:13880157601,4,,open,420,1320,0,obs:0e0d4026435cee38a65ef3a4
hours:52bcfdaf100529f68eff8e3b,osm:node:13880157601,5,,open,420,1320,0,obs:0e0d4026435cee38a65ef3a4
hours:c4308d646eb6312c90561881,osm:node:13880157601,6,,open,420,1320,0,obs:0e0d4026435cee38a65ef3a4
hours:e2f07eb5293225b87f82a737,osm:node:13881156000,0,,open,450,870,0,obs:3d8ee54893d8d742037d9188
hours:22941e2e5e8a3304a2081132,osm:node:13881156000,1,,open,450,870,0,obs:3d8ee54893d8d742037d9188
hours:9210892e901264d918a9c61e,osm:node:13881156000,2,,open,450,870,0,obs:3d8ee54893d8d742037d9188
hours:ec7f55c7e9d2335735520043,osm:node:13881156000,3,,open,450,870,0,obs:3d8ee54893d8d742037d9188
hours:3b1d4eeba4adb4f2c06c5a6e,osm:node:13881156000,4,,open,450,870,0,obs:3d8ee54893d8d742037d9188
hours:5b7768ce3e2600e43eb3c3d3,osm:node:13881156000,5,,open,450,870,0,obs:3d8ee54893d8d742037d9188
hours:63ea6d5c1d2c383d85c6d794,osm:node:13881156000,6,,open,450,870,0,obs:3d8ee54893d8d742037d9188
hours:11d0d40b74bc32d6031a7747,osm:node:13888271701,0,,open,1020,1260,0,obs:d64e3cc7baf29c5953b893bd
hours:957c41d91fb1749fbeb7017b,osm:node:13888271701,1,,open,1020,1260,0,obs:d64e3cc7baf29c5953b893bd
hours:417eab9eaea26f277471b32b,osm:node:13888271701,2,,open,1020,1260,0,obs:d64e3cc7baf29c5953b893bd
hours:ef0f76575d5f195cb2e3d3b4,osm:node:13888271701,3,,open,1020,1260,0,obs:d64e3cc7baf29c5953b893bd
hours:c68005665cef7b4cf574391e,osm:node:13888271701,4,,open,1020,1260,0,obs:d64e3cc7baf29c5953b893bd
hours:b3e81cd2f8567a01deed9a27,osm:node:13888271701,5,,open,1020,1260,0,obs:d64e3cc7baf29c5953b893bd
hours:c5f9a496fab2513ab3052eb9,osm:node:13888271701,6,,open,1020,1260,0,obs:d64e3cc7baf29c5953b893bd
hours:eb62b95b53204f80f51d6c3d,osm:node:13890168980,0,,open,0,1440,0,obs:fcd4d0a6d746afd3e8a495dd
hours:399fd25f15b1a4d2805848ac,osm:node:13890168980,1,,open,0,1440,0,obs:fcd4d0a6d746afd3e8a495dd
hours:aeaf9420a8877b814a492f00,osm:node:13890168980,2,,open,0,1440,0,obs:fcd4d0a6d746afd3e8a495dd
hours:0c8a802e3b7061d2d8f79376,osm:node:13890168980,3,,open,0,1440,0,obs:fcd4d0a6d746afd3e8a495dd
hours:81bd8315afde06f24c24e51a,osm:node:13890168980,4,,open,0,1440,0,obs:fcd4d0a6d746afd3e8a495dd
hours:91f036af3f2cb7527d541f14,osm:node:13890168980,5,,open,0,1440,0,obs:fcd4d0a6d746afd3e8a495dd
hours:1977c5d17f5bfd1dbc5952f1,osm:node:13890168980,6,,open,0,1440,0,obs:fcd4d0a6d746afd3e8a495dd
hours:147100fee2d59eb26e65b510,osm:node:13895748101,0,,open,540,960,0,obs:273423e41430d0de591eb076
hours:f7d3743228c923c668d5ff0f,osm:node:13895748101,0,,open,1050,1320,0,obs:273423e41430d0de591eb076
hours:57fa919a512c6c6b4d653633,osm:node:13895748101,1,,open,540,960,0,obs:273423e41430d0de591eb076
hours:1d1275e3bb807c8a5038535b,osm:node:13895748101,1,,open,1050,1320,0,obs:273423e41430d0de591eb076
hours:055d9286adcd9e8f21503425,osm:node:13895748101,2,,open,540,960,0,obs:273423e41430d0de591eb076
hours:17b05f75d3de5c49c5f840a8,osm:node:13895748101,2,,open,1050,1320,0,obs:273423e41430d0de591eb076
hours:0fc53a94c8187205d553461e,osm:node:13895748101,3,,open,540,960,0,obs:273423e41430d0de591eb076
hours:5d7f98c7ac2922d5cf9a1f35,osm:node:13895748101,3,,open,1050,1320,0,obs:273423e41430d0de591eb076
hours:ad59ce13c1005357e9a60a91,osm:node:13895748101,4,,open,540,960,0,obs:273423e41430d0de591eb076
hours:93eda6e47486b209c4139f9f,osm:node:13895748101,4,,open,1050,1320,0,obs:273423e41430d0de591eb076
hours:56a09e4ac7f5ecff0be86348,osm:node:13895748101,5,,open,540,960,0,obs:273423e41430d0de591eb076
hours:686c53c89ac562d6fe671c2d,osm:node:13895748101,5,,open,1050,1320,0,obs:273423e41430d0de591eb076
hours:30b6dc00bc3fdeeee9e24534,osm:node:13895748101,6,,open,540,960,0,obs:273423e41430d0de591eb076
hours:c5abe5f4ed56d31511129cd8,osm:node:13895748101,6,,open,1050,1320,0,obs:273423e41430d0de591eb076
hours:41be68a9b45d12eb26f1d349,osm:node:13904544801,0,,open,540,1320,0,obs:7396368107827aaee7366b57
hours:0887921dd40a80d8fb30ebde,osm:node:13904544801,1,,open,540,1320,0,obs:7396368107827aaee7366b57
hours:1cd98b281377394c6361dc41,osm:node:13904544801,2,,open,540,1320,0,obs:7396368107827aaee7366b57
hours:fccf45d128a749e4381ce705,osm:node:13904544801,3,,open,540,1320,0,obs:7396368107827aaee7366b57
hours:554721df855da56f9ef25e0f,osm:node:13904544801,4,,open,540,1320,0,obs:7396368107827aaee7366b57
hours:c87dd440c49b173f585c515c,osm:node:13904544801,5,,open,540,1320,0,obs:7396368107827aaee7366b57
hours:25b7dd7bf265f9485d761f13,osm:node:13904544801,6,,open,540,1320,0,obs:7396368107827aaee7366b57
hours:dddd676af6ac353eba31c483,osm:node:13906389201,0,,open,480,1320,0,obs:7a99a05d6b00d2ecb755c52f
hours:d9e6b19cce75505c944a0414,osm:node:13906389201,1,,open,480,1320,0,obs:7a99a05d6b00d2ecb755c52f
hours:bd7eb43bd4de361a13484f31,osm:node:13906389201,2,,open,480,1320,0,obs:7a99a05d6b00d2ecb755c52f
hours:106a4a233f5a1f9d4c74fede,osm:node:13906389201,3,,open,480,1320,0,obs:7a99a05d6b00d2ecb755c52f
hours:f1f4ced4f3b8f404be3305c7,osm:node:13906389201,4,,open,480,1320,0,obs:7a99a05d6b00d2ecb755c52f
hours:283ee694902da9c5619d288e,osm:node:13906389201,5,,open,480,1320,0,obs:7a99a05d6b00d2ecb755c52f
hours:603e1d414fcb2b7a41f7bd53,osm:node:13906389201,6,,open,480,1320,0,obs:7a99a05d6b00d2ecb755c52f
hours:19aacc3f90c56f39fb64cc88,osm:node:13907404701,0,,open,480,1410,0,obs:75bd72c0649c2c4726d1e2e3
hours:eb4084d6690a4ebfea5e10cb,osm:node:13907404701,1,,open,480,1410,0,obs:75bd72c0649c2c4726d1e2e3
hours:f9bb72c2ace009d628057a16,osm:node:13907404701,2,,open,480,1410,0,obs:75bd72c0649c2c4726d1e2e3
hours:2f899f1715f0e1e4e6675b6a,osm:node:13907404701,3,,open,480,1410,0,obs:75bd72c0649c2c4726d1e2e3
hours:f2d44c65169386f68bce40bd,osm:node:13907404701,4,,open,480,1410,0,obs:75bd72c0649c2c4726d1e2e3
hours:fcc78bbe2f6292824ee9f32a,osm:node:13907404701,5,,open,480,1410,0,obs:75bd72c0649c2c4726d1e2e3
hours:2fd1ac7f2094fd8cee8dd4b2,osm:node:13907404701,6,,open,480,1410,0,obs:75bd72c0649c2c4726d1e2e3
hours:535cca292abe7326220db627,osm:node:13907404801,0,,open,660,840,0,obs:8c2178770858ae95831bb131
hours:80148b6e90e570b98354a416,osm:node:13907404801,0,,open,1020,1320,0,obs:8c2178770858ae95831bb131
hours:8cd3af90d653637b82bbdec4,osm:node:13907404801,1,,open,660,840,0,obs:8c2178770858ae95831bb131
hours:6e27afb6e20238e99d8c6d5a,osm:node:13907404801,1,,open,1020,1320,0,obs:8c2178770858ae95831bb131
hours:1351808abe42f04a5b62927f,osm:node:13907404801,2,,open,660,840,0,obs:8c2178770858ae95831bb131
hours:a9ec3804a27b96dd3338eca1,osm:node:13907404801,2,,open,1020,1320,0,obs:8c2178770858ae95831bb131
hours:ba00a1558e4242d57511e6ad,osm:node:13907404801,3,,open,660,840,0,obs:8c2178770858ae95831bb131
hours:82d8e6afc93134e8cb8cb7ad,osm:node:13907404801,3,,open,1020,1320,0,obs:8c2178770858ae95831bb131
hours:1d93c7435677facfc58bf5db,osm:node:13907404801,4,,open,660,840,0,obs:8c2178770858ae95831bb131
hours:a247f0417bd8f18c72a30cf9,osm:node:13907404801,4,,open,1020,1320,0,obs:8c2178770858ae95831bb131
hours:45c1ad2a4f25bfcf929a8f55,osm:node:13907404801,5,,open,660,840,0,obs:8c2178770858ae95831bb131
hours:86504625d0a69a5f9af022b4,osm:node:13907404801,5,,open,1020,1320,0,obs:8c2178770858ae95831bb131
hours:573d7829646b955d50d75e1a,osm:node:13907404801,6,,open,660,840,0,obs:8c2178770858ae95831bb131
hours:6048ada3dca74c553de2c87e,osm:node:13907404801,6,,open,1020,1320,0,obs:8c2178770858ae95831bb131
hours:dd7d9ec314fd27b298ac8460,osm:node:13914106801,0,,open,540,1365,0,obs:4770fc26ec3b9a54dc8830ad
hours:eb9aa086fbfb7bb9f4331275,osm:node:13914106801,1,,open,540,1365,0,obs:4770fc26ec3b9a54dc8830ad
hours:c22e9f7b3396161817f43c0d,osm:node:13914106801,2,,open,540,1365,0,obs:4770fc26ec3b9a54dc8830ad
hours:013031580851aff20374c616,osm:node:13914106801,3,,open,540,1365,0,obs:4770fc26ec3b9a54dc8830ad
hours:4b8629e18fe3f5d9e4a11470,osm:node:13914106801,4,,open,540,1365,0,obs:4770fc26ec3b9a54dc8830ad
hours:417f77bba43d8925df55cf00,osm:node:13914106801,5,,open,540,1365,0,obs:4770fc26ec3b9a54dc8830ad
hours:82f7a95136baa38eb3fec080,osm:node:13914106801,6,,open,540,1365,0,obs:4770fc26ec3b9a54dc8830ad
hours:12c24a8d2c35a6751e9a079b,osm:node:13934799101,0,,open,450,960,0,obs:d64ab91cbb6a90fef2aa9872
hours:2abf14ab4788ab0d992e9502,osm:node:13934799101,1,,open,450,960,0,obs:d64ab91cbb6a90fef2aa9872
hours:9afdbaf7b651adfcd24a5772,osm:node:13934799101,2,,open,450,960,0,obs:d64ab91cbb6a90fef2aa9872
hours:d693d08dd10d6e8b7b4204ea,osm:node:13934799101,3,,open,450,960,0,obs:d64ab91cbb6a90fef2aa9872
hours:601469fdd63cae955148cab3,osm:node:13934799101,4,,open,450,960,0,obs:d64ab91cbb6a90fef2aa9872
hours:34c806d034b29467f2a5bded,osm:node:13934799101,5,,open,450,960,0,obs:d64ab91cbb6a90fef2aa9872
hours:17f9798990c72e5ccf8ba753,osm:node:13934799101,6,,open,450,960,0,obs:d64ab91cbb6a90fef2aa9872
hours:fb88f7ef46889c34c8574120,osm:node:13938378601,0,,open,450,1410,0,obs:1837101779e8341f9a12f930
hours:f7ca91d386e99942b30df5b0,osm:node:13938378601,1,,open,450,1410,0,obs:1837101779e8341f9a12f930
hours:5a46134368ac70d8c36d6807,osm:node:13938378601,2,,open,450,1410,0,obs:1837101779e8341f9a12f930
hours:315d859908c95ff8ae5a5b01,osm:node:13938378601,3,,open,450,1410,0,obs:1837101779e8341f9a12f930
hours:400d7f4c04bfcfc0dc4f58dc,osm:node:13938378601,4,,open,450,1410,0,obs:1837101779e8341f9a12f930
hours:061f5e01f3f4a68c92639ceb,osm:node:13938378601,5,,open,450,1410,0,obs:1837101779e8341f9a12f930
hours:ef9ed6a43741924c0b363841,osm:node:13938378601,6,,open,450,1410,0,obs:1837101779e8341f9a12f930
hours:ed85ece69abe15154a3b3238,osm:node:13947176204,0,,open,540,1320,0,obs:283a3be4e007e494b7963807
hours:71bc4617dc1dc6519bcb918c,osm:node:13947176204,1,,open,540,1320,0,obs:283a3be4e007e494b7963807
hours:572dbcbb8a330454a1bbc875,osm:node:13947176204,2,,open,540,1320,0,obs:283a3be4e007e494b7963807
hours:48b465f3219bae687ec324dc,osm:node:13947176204,3,,open,540,1320,0,obs:283a3be4e007e494b7963807
hours:a9523aae2cec28b42c1151c4,osm:node:13947176204,4,,open,540,1320,0,obs:283a3be4e007e494b7963807
hours:2748ca42a7099b71266e08b0,osm:node:13947176204,5,,open,540,1320,0,obs:283a3be4e007e494b7963807
hours:93867676a14a17a30d07935a,osm:node:13947176204,6,,open,540,1320,0,obs:283a3be4e007e494b7963807
hours:12ac3d63fbdec4ed47ce1f03,osm:node:13949063201,0,,open,450,1320,0,obs:cd1bc336d1af92681208294b
hours:0ec36067e28578540dd252e4,osm:node:13949063201,1,,open,450,1320,0,obs:cd1bc336d1af92681208294b
hours:241f3fd599915318e96aac8e,osm:node:13949063201,2,,open,450,1320,0,obs:cd1bc336d1af92681208294b
hours:edef5896d7e86e44d470af33,osm:node:13949063201,3,,open,450,1320,0,obs:cd1bc336d1af92681208294b
hours:ef0f2b9e22d80f9ec2affb63,osm:node:13949063201,4,,open,450,1320,0,obs:cd1bc336d1af92681208294b
hours:2c13a38585c5164b0d014dcc,osm:node:13949063201,5,,open,450,1320,0,obs:cd1bc336d1af92681208294b
hours:43b0d7c3b975706986580014,osm:node:13949063201,6,,open,450,1320,0,obs:cd1bc336d1af92681208294b
hours:2dc1e7f7a0abb6fdfffe4673,osm:node:13964372302,0,,open,480,1350,0,obs:a19b7c28a554aa7dc589640b
hours:ac1f7dc7238ae39e097b9910,osm:node:13964372302,1,,open,480,1350,0,obs:a19b7c28a554aa7dc589640b
hours:1d601109d15d0bda28cfa7d9,osm:node:13964372302,2,,open,480,1350,0,obs:a19b7c28a554aa7dc589640b
hours:a162c17cd17b0bab4999d1c5,osm:node:13964372302,3,,open,480,1350,0,obs:a19b7c28a554aa7dc589640b
hours:ebe286575e56437b0205d0a2,osm:node:13964372302,4,,open,480,1350,0,obs:a19b7c28a554aa7dc589640b
hours:324bc53cb49ada02bf316289,osm:node:13964372302,5,,open,480,1350,0,obs:a19b7c28a554aa7dc589640b
hours:101bbddc19fcd1867064e045,osm:node:13964372302,6,,open,480,1350,0,obs:a19b7c28a554aa7dc589640b
hours:1966a1cd1a8f2f10e07ca892,osm:node:13971928007,0,,open,420,1320,0,obs:dc1c9a517eb82632b8b75861
hours:86a59f51d29764d1e1365b64,osm:node:13971928007,1,,open,420,1320,0,obs:dc1c9a517eb82632b8b75861
hours:b20e30e40e8244e4a06acd6e,osm:node:13971928007,2,,open,420,1320,0,obs:dc1c9a517eb82632b8b75861
hours:efcda8f21ccf45fb94f5c9f1,osm:node:13971928007,3,,open,420,1320,0,obs:dc1c9a517eb82632b8b75861
hours:ae91f08c553ef0eefd9076a7,osm:node:13971928007,4,,open,420,1320,0,obs:dc1c9a517eb82632b8b75861
hours:a98b73aa178361e1fcd6261b,osm:node:13971928007,5,,open,420,1320,0,obs:dc1c9a517eb82632b8b75861
hours:8a197c986f31f983ff68cd73,osm:node:13971928007,6,,open,420,1320,0,obs:dc1c9a517eb82632b8b75861
hours:0a7ecc98ba9690d36daf4532,osm:node:13981899117,0,,open,360,840,0,obs:cb85982e9ba80f3defb0ce9e
hours:5260ede3ed3c9491aaad35c1,osm:node:13981899117,1,,open,360,840,0,obs:cb85982e9ba80f3defb0ce9e
hours:e1f853f5d8bf42dc037bfe51,osm:node:13981899117,2,,open,360,840,0,obs:cb85982e9ba80f3defb0ce9e
hours:41287a73323d631152817033,osm:node:13981899117,3,,open,360,840,0,obs:cb85982e9ba80f3defb0ce9e
hours:973fd22f9959c47dfdf323fe,osm:node:13981899117,4,,open,360,840,0,obs:cb85982e9ba80f3defb0ce9e
hours:6d6fcddcffe6dd0a785e5ba1,osm:node:14019117023,0,,open,480,1380,0,obs:3c504c85cc3d81b1fce2e863
hours:574357a51459a1444992f5dc,osm:node:14019117023,1,,open,480,1380,0,obs:3c504c85cc3d81b1fce2e863
hours:0171dc8bf849e2fc82fe5793,osm:node:14019117023,2,,open,480,1380,0,obs:3c504c85cc3d81b1fce2e863
hours:c5579fbe17579745e0c7c6af,osm:node:14019117023,3,,open,480,1380,0,obs:3c504c85cc3d81b1fce2e863
hours:a627878012e8d824e4ca9937,osm:node:14019117023,4,,open,480,1380,0,obs:3c504c85cc3d81b1fce2e863
hours:572d42b98584f06c2e0c2287,osm:node:14019117023,5,,open,480,1380,0,obs:3c504c85cc3d81b1fce2e863
hours:6234d8dc70ef5b54a0ab410d,osm:node:14019117023,6,,open,480,1380,0,obs:3c504c85cc3d81b1fce2e863
hours:443409b4637aad0be7b54eee,osm:node:14021381656,0,,open,300,360,0,obs:c04d742bbe789d8496e15e59
hours:1ef54d5740256d51a8a60800,osm:node:14021381656,1,,open,300,360,0,obs:c04d742bbe789d8496e15e59
hours:7d439ebf2e448aa7acbeada7,osm:node:14021381656,2,,open,300,360,0,obs:c04d742bbe789d8496e15e59
hours:17b0f79eaf95bf5eeb3b5671,osm:node:14021381656,3,,open,300,360,0,obs:c04d742bbe789d8496e15e59
hours:3e6e68b1569aee1dff7fce07,osm:node:14021381656,4,,open,300,360,0,obs:c04d742bbe789d8496e15e59
hours:110abdf80c365d9e744ed616,osm:node:14021381656,5,,open,300,360,0,obs:c04d742bbe789d8496e15e59
hours:d527eea2eb9604fd19848572,osm:node:14021381656,6,,open,300,360,0,obs:c04d742bbe789d8496e15e59
hours:90d979c1d43edf8705e52569,osm:node:14022626695,0,,open,420,960,0,obs:e88df0bbe05c26c1ecdbeb72
hours:213b7c7fe099786e476c1531,osm:node:14022626695,1,,open,420,960,0,obs:e88df0bbe05c26c1ecdbeb72
hours:fd93256ffa26c93c93126ce7,osm:node:14022626695,2,,open,420,960,0,obs:e88df0bbe05c26c1ecdbeb72
hours:8a9f12d6faba23093b21ae15,osm:node:14022626695,3,,open,420,960,0,obs:e88df0bbe05c26c1ecdbeb72
hours:1409ca9b69969c06240eb3b2,osm:node:14022626695,4,,open,420,960,0,obs:e88df0bbe05c26c1ecdbeb72
hours:b70520d55960d0633c0c2ef2,osm:node:14027946104,0,,open,0,1440,0,obs:b08cf97f7131218c66ad4a98
hours:77d6b7ad8273a25f0e9da213,osm:node:14027946104,1,,open,0,1440,0,obs:b08cf97f7131218c66ad4a98
hours:10db99667b4fa693eda6af21,osm:node:14027946104,2,,open,0,1440,0,obs:b08cf97f7131218c66ad4a98
hours:131bb9a38cd148b92d9c79fe,osm:node:14027946104,3,,open,0,1440,0,obs:b08cf97f7131218c66ad4a98
hours:3d7f9e09782e76f57b7e4317,osm:node:14027946104,4,,open,0,1440,0,obs:b08cf97f7131218c66ad4a98
hours:f2674f12c2070d1f4a9cb6a4,osm:node:14027946104,5,,open,0,1440,0,obs:b08cf97f7131218c66ad4a98
hours:8509c0ac23022f789dc72b04,osm:node:14027946104,6,,open,0,1440,0,obs:b08cf97f7131218c66ad4a98
hours:322c88263b902711b862f351,osm:node:14041058901,0,,open,660,1380,0,obs:4b000b3cab92614473f8c5c1
hours:d36dc5ba76124e62a57451ec,osm:node:14041058901,1,,open,660,1380,0,obs:4b000b3cab92614473f8c5c1
hours:1e39a7469f714ef7cbef738a,osm:node:14041058901,2,,open,660,1380,0,obs:4b000b3cab92614473f8c5c1
hours:3cf07af7ca9783821b6a6901,osm:node:14041058901,3,,open,660,1380,0,obs:4b000b3cab92614473f8c5c1
hours:963d37f87579c40e73717b6c,osm:node:14041058901,4,,open,660,1380,0,obs:4b000b3cab92614473f8c5c1
hours:cfb080e53996ea4107f2648a,osm:node:14041058901,5,,open,660,1380,0,obs:4b000b3cab92614473f8c5c1
hours:2a52cb1393b21db6f91b68c2,osm:node:14041058901,6,,open,660,1380,0,obs:4b000b3cab92614473f8c5c1
hours:427aa98c92cc4874b50e7334,osm:node:14057537001,0,,open,480,1320,0,obs:e457cfb3f4ad1c78c62170d2
hours:583823d5b6775f787687afa7,osm:node:14057537001,1,,open,480,1320,0,obs:e457cfb3f4ad1c78c62170d2
hours:ec9fdab3646ff0fd8beefe6f,osm:node:14057537001,2,,open,480,1320,0,obs:e457cfb3f4ad1c78c62170d2
hours:5bf6b0f6a2fc104b0a040a3a,osm:node:14057537001,3,,open,480,1320,0,obs:e457cfb3f4ad1c78c62170d2
hours:7926ba8ffe0ee8b0017205d1,osm:node:14057537001,4,,open,480,1320,0,obs:e457cfb3f4ad1c78c62170d2
hours:84d0de11f3fa5adad5cad359,osm:node:14057537001,5,,open,480,1320,0,obs:e457cfb3f4ad1c78c62170d2
hours:5690f4d825f6f4bb682fb5f5,osm:node:14057537001,6,,open,480,1320,0,obs:e457cfb3f4ad1c78c62170d2
hours:371bfd76162f9e0875ee44c3,osm:node:14062977601,0,,open,510,1230,0,obs:38f2ed1c039f12c7fc71030e
hours:e2c85288bf283dfc2e5571fd,osm:node:14062977601,1,,open,510,1230,0,obs:38f2ed1c039f12c7fc71030e
hours:f909fd4c0b33d5b346ffe61c,osm:node:14062977601,2,,open,510,1230,0,obs:38f2ed1c039f12c7fc71030e
hours:6199ee0dd236a61fb5b6e5a5,osm:node:14062977601,3,,open,510,1230,0,obs:38f2ed1c039f12c7fc71030e
hours:b0d76e78af2847328d72f6f7,osm:node:14062977601,4,,open,510,1230,0,obs:38f2ed1c039f12c7fc71030e
hours:069b90ef2b95f570437e63a5,osm:node:14062977601,5,,open,510,1230,0,obs:38f2ed1c039f12c7fc71030e
hours:f425f9f283bb4df8e4da5f0e,osm:node:14062977601,6,,open,510,1230,0,obs:38f2ed1c039f12c7fc71030e
hours:93b5212a704d2dab65e046ca,osm:node:14069782201,0,,open,600,1320,0,obs:7584b95f56e477e4cf576163
hours:064e3fb6662a5502a9627c1c,osm:node:14069782201,1,,open,600,1320,0,obs:7584b95f56e477e4cf576163
hours:e06a081685585077920762ce,osm:node:14069782201,2,,open,600,1320,0,obs:7584b95f56e477e4cf576163
hours:60e39509285ae484f6a036dc,osm:node:14069782201,3,,open,600,1320,0,obs:7584b95f56e477e4cf576163
hours:8a675ab6f864fb3d480136b3,osm:node:14069782201,4,,open,600,1320,0,obs:7584b95f56e477e4cf576163
hours:3931921b6f066d2f692fd966,osm:node:14069782201,5,,open,600,1320,0,obs:7584b95f56e477e4cf576163
hours:6c7f1cf34d51f9c68d33bf37,osm:node:14069782201,6,,open,600,1320,0,obs:7584b95f56e477e4cf576163
hours:c63bc67c579a1be62c71fc70,osm:node:14072358101,0,,open,420,1320,0,obs:5305168d4b8db15c8cf7a3ed
hours:789431b1fc0978078ae7a065,osm:node:14072358101,1,,open,420,1320,0,obs:5305168d4b8db15c8cf7a3ed
hours:4abf27997d38e9ea17930558,osm:node:14072358101,2,,open,420,1320,0,obs:5305168d4b8db15c8cf7a3ed
hours:52f47b9362da019f76e49c88,osm:node:14072358101,3,,open,420,1320,0,obs:5305168d4b8db15c8cf7a3ed
hours:846dfac5f20888278a7b800c,osm:node:14072358101,4,,open,420,1320,0,obs:5305168d4b8db15c8cf7a3ed
hours:8ac4b825e7bc4762c06193eb,osm:node:14072358101,5,,open,420,1320,0,obs:5305168d4b8db15c8cf7a3ed
hours:5891d4fabdddca4a80c98ec8,osm:node:14072358101,6,,open,420,1320,0,obs:5305168d4b8db15c8cf7a3ed
hours:dcaf89242cb593ea0fb6d11b,osm:node:14104855301,0,,open,420,1320,0,obs:a1d8f61df2911cb77e9259c3
hours:18314ea59efc89a9ce9fce07,osm:node:14104855301,1,,open,420,1320,0,obs:a1d8f61df2911cb77e9259c3
hours:62abdc3ad7f4d881699b8e3e,osm:node:14104855301,2,,open,420,1320,0,obs:a1d8f61df2911cb77e9259c3
hours:ee6a8ab67e42a0b780d03539,osm:node:14104855301,3,,open,420,1320,0,obs:a1d8f61df2911cb77e9259c3
hours:ba156f3d93c1b9e6ed3b76bd,osm:node:14104855301,4,,open,420,1320,0,obs:a1d8f61df2911cb77e9259c3
hours:e2a057907001583c539594f3,osm:node:14104855301,5,,open,420,1320,0,obs:a1d8f61df2911cb77e9259c3
hours:88d9b407a9e9312c247ffc02,osm:node:14104855301,6,,open,420,1320,0,obs:a1d8f61df2911cb77e9259c3
hours:9603eb9857d2e05153a18378,osm:node:14105254901,0,,open,600,840,0,obs:a4f03301f0bf89a7fcbf406f
hours:0a47cdb85b56e2e07ed788a7,osm:node:14105254901,0,,open,1020,1320,0,obs:a4f03301f0bf89a7fcbf406f
hours:c965585ee1b836e0ef8d9626,osm:node:14105254901,1,,open,600,840,0,obs:a4f03301f0bf89a7fcbf406f
hours:f774282d5e10885e70437c77,osm:node:14105254901,1,,open,1020,1320,0,obs:a4f03301f0bf89a7fcbf406f
hours:9c2d8dcf0f3d2d680bae96d7,osm:node:14105254901,2,,open,600,840,0,obs:a4f03301f0bf89a7fcbf406f
hours:f159a122b7cd2c6e87529e77,osm:node:14105254901,2,,open,1020,1320,0,obs:a4f03301f0bf89a7fcbf406f
hours:b08a7222ddd7d8b8d7551581,osm:node:14105254901,3,,open,600,840,0,obs:a4f03301f0bf89a7fcbf406f
hours:405f319f3ad2df6530027dff,osm:node:14105254901,3,,open,1020,1320,0,obs:a4f03301f0bf89a7fcbf406f
hours:79499df894106fadbe650dde,osm:node:14105254901,4,,open,600,840,0,obs:a4f03301f0bf89a7fcbf406f
hours:88d1c2d595ef53a0df238971,osm:node:14105254901,4,,open,1020,1320,0,obs:a4f03301f0bf89a7fcbf406f
hours:ad20495da566d4b586d4d155,osm:node:14105254901,5,,open,600,840,0,obs:a4f03301f0bf89a7fcbf406f
hours:bf2ef51552f72ef5bb1392b1,osm:node:14105254901,5,,open,1020,1320,0,obs:a4f03301f0bf89a7fcbf406f
hours:44f874496543b226d9d1961d,osm:node:14105254901,6,,open,600,840,0,obs:a4f03301f0bf89a7fcbf406f
hours:4c07819a9b608ae40f41a9f5,osm:node:14105254901,6,,open,1020,1320,0,obs:a4f03301f0bf89a7fcbf406f
hours:214fb2d4b1b42c435716b908,osm:node:14106869301,0,,open,600,1350,0,obs:75ea25554cc067a722584a0b
hours:d89e7edf6bb506214e72e1a6,osm:node:14106869301,1,,open,600,1350,0,obs:75ea25554cc067a722584a0b
hours:4803fdbef16cb71e89361eb6,osm:node:14106869301,2,,open,600,1350,0,obs:75ea25554cc067a722584a0b
hours:2674cd3137a2f251cc13d397,osm:node:14106869301,3,,open,600,1350,0,obs:75ea25554cc067a722584a0b
hours:cf928e83c8f1775f1a7cdad8,osm:node:14106869301,4,,open,600,1350,0,obs:75ea25554cc067a722584a0b
hours:2d6f254d7ce64e639b690145,osm:node:14106869301,5,,open,600,1350,0,obs:75ea25554cc067a722584a0b
hours:220164321d3ac792dda6d7a4,osm:node:14106869301,6,,open,600,1350,0,obs:75ea25554cc067a722584a0b
hours:b98f1705ea4df5e7b68ce08f,osm:node:14115263501,0,,open,450,1290,0,obs:78edd23f23dd2174415d1eb0
hours:c1d0533fe09351bcaf94a433,osm:node:14115263501,1,,open,450,1290,0,obs:78edd23f23dd2174415d1eb0
hours:4824c6cea0e0b4f589c287be,osm:node:14115263501,2,,open,450,1290,0,obs:78edd23f23dd2174415d1eb0
hours:4e630657a4aa5b4e2ed71204,osm:node:14115263501,3,,open,450,1290,0,obs:78edd23f23dd2174415d1eb0
hours:9818344c0e050b0914e79513,osm:node:14115263501,4,,open,450,1290,0,obs:78edd23f23dd2174415d1eb0
hours:d0f23d9fc31ae9e907624cda,osm:node:14115263501,5,,open,450,1290,0,obs:78edd23f23dd2174415d1eb0
hours:55d9979da9d911c6ab144c04,osm:node:14115263501,6,,open,450,1290,0,obs:78edd23f23dd2174415d1eb0
hours:e63e9f6d6f779b9215d9f416,osm:node:14127577101,0,,open,430,1380,0,obs:e84a53e9232a5d2a82dff6d3
hours:300164e08b33e1e232a208eb,osm:node:14127577101,1,,open,430,1380,0,obs:e84a53e9232a5d2a82dff6d3
hours:c19e6e3a44c522f379c21a7d,osm:node:14127577101,2,,open,430,1380,0,obs:e84a53e9232a5d2a82dff6d3
hours:65e771d35bfaf0ff4e7242bb,osm:node:14127577101,3,,open,430,1380,0,obs:e84a53e9232a5d2a82dff6d3
hours:828ab82a99fefca4aeb42de7,osm:node:14127577101,4,,open,430,1380,0,obs:e84a53e9232a5d2a82dff6d3
hours:f8ad5fc282c070dd9295051e,osm:node:14127577101,5,,open,430,1380,0,obs:e84a53e9232a5d2a82dff6d3
hours:15872808f4f271763bbf248d,osm:node:14127577101,6,,open,430,1380,0,obs:e84a53e9232a5d2a82dff6d3
hours:0a71673dc3c8d46307de9828,osm:node:14134320401,0,,open,420,1350,0,obs:6db88d46cade1c09ee44d1b8
hours:bac9c381062fcab240ecf974,osm:node:14134320401,1,,open,420,1350,0,obs:6db88d46cade1c09ee44d1b8
hours:26059c32535e0e2ba4e475eb,osm:node:14134320401,2,,open,420,1350,0,obs:6db88d46cade1c09ee44d1b8
hours:6836f7a7d468c441c3348b7f,osm:node:14134320401,3,,open,420,1350,0,obs:6db88d46cade1c09ee44d1b8
hours:dfb11d30662a4ebcdbf22365,osm:node:14134320401,4,,open,420,1350,0,obs:6db88d46cade1c09ee44d1b8
hours:697687a834e7c2f450730ad1,osm:node:14134320401,5,,open,420,1350,0,obs:6db88d46cade1c09ee44d1b8
hours:9a97b69e32d221c2504904ef,osm:node:14134320401,6,,open,420,1350,0,obs:6db88d46cade1c09ee44d1b8
hours:e3ce539bcf704b776d209754,osm:node:14141324701,0,,open,360,1260,0,obs:8ab84a2432fe1876dc6903f9
hours:23be0c4e686808eaf1ba40a8,osm:node:14141324701,1,,open,360,1260,0,obs:8ab84a2432fe1876dc6903f9
hours:2d36a5232be57e0ef4f06043,osm:node:14141324701,2,,open,360,1260,0,obs:8ab84a2432fe1876dc6903f9
hours:330cc04e2064d7335f7747b2,osm:node:14141324701,3,,open,360,1260,0,obs:8ab84a2432fe1876dc6903f9
hours:ce52062372f84c3cde7c18ae,osm:node:14141324701,4,,open,360,1260,0,obs:8ab84a2432fe1876dc6903f9
hours:d6db74c1463c59ab33830a7b,osm:node:14141324701,5,,open,360,1260,0,obs:8ab84a2432fe1876dc6903f9
hours:9f98fef80c97c2110b5a0890,osm:node:14141324701,6,,open,360,1260,0,obs:8ab84a2432fe1876dc6903f9
hours:fd1db6bc4c0d8d38d2c60a2f,osm:node:14144414701,0,,open,1080,1440,0,obs:36df7ac14a4cddb8044fddc7
hours:6418e3a6ef5f7a70a3c67bd1,osm:node:14144414701,1,,open,1080,1440,0,obs:36df7ac14a4cddb8044fddc7
hours:e9afcad0b645f72b78661deb,osm:node:14144414701,2,,open,1080,1440,0,obs:36df7ac14a4cddb8044fddc7
hours:475f2b3e23fe49680dbef168,osm:node:14144414701,3,,open,1080,1440,0,obs:36df7ac14a4cddb8044fddc7
hours:3df0bf11a363b29c1b53b3bb,osm:node:14144414701,4,,open,1080,1440,0,obs:36df7ac14a4cddb8044fddc7
hours:0ecf7e14fc8c1801e4407086,osm:node:14144414701,5,,open,1080,1440,0,obs:36df7ac14a4cddb8044fddc7
hours:d04b78b060ccbff2ac936def,osm:node:14144414701,6,,open,1080,1440,0,obs:36df7ac14a4cddb8044fddc7
hours:8daf46c73d011a200cbb61e7,osm:node:14144432502,0,,open,480,1380,0,obs:aef05567528604b44583ba86
hours:8d551bb69044f83d26c03dde,osm:node:14144432502,1,,open,480,1380,0,obs:aef05567528604b44583ba86
hours:b7229f15f98c58908fe12aed,osm:node:14144432502,2,,open,480,1380,0,obs:aef05567528604b44583ba86
hours:8976206f6efa608b8d4cec81,osm:node:14144432502,3,,open,480,1380,0,obs:aef05567528604b44583ba86
hours:7cb7bdf66f5e84099417dd36,osm:node:14144432502,4,,open,480,1380,0,obs:aef05567528604b44583ba86
hours:6516ff5560d05e7fe8b56e37,osm:node:14144432502,5,,open,480,1380,0,obs:aef05567528604b44583ba86
hours:312b67c13757349478fee854,osm:node:14144432502,6,,open,480,1380,0,obs:aef05567528604b44583ba86
hours:d629a3b26fa28bea80dfb1a2,osm:node:14152839302,0,,open,420,1320,0,obs:08e8724db6f55777c86abe63
hours:a7c0fa714789aa0892523ca9,osm:node:14152839302,1,,open,420,1320,0,obs:08e8724db6f55777c86abe63
hours:965578e3abb65cb158ac2c2e,osm:node:14152839302,2,,open,420,1320,0,obs:08e8724db6f55777c86abe63
hours:3a3b40cccd69cf8fbb1be52a,osm:node:14152839302,3,,open,420,1320,0,obs:08e8724db6f55777c86abe63
hours:bf39dc184d51a859ed6a36b6,osm:node:14152839302,4,,open,420,1320,0,obs:08e8724db6f55777c86abe63
hours:d78bb040b80f9efb2b8da932,osm:node:14152839302,5,,open,420,1320,0,obs:08e8724db6f55777c86abe63
hours:3cd26c5773ee48d2ca347bc9,osm:node:14152839302,6,,open,420,1320,0,obs:08e8724db6f55777c86abe63
hours:ff8c84377a5f0254a65c7d55,osm:node:14156598403,0,,open,420,1020,0,obs:58062247d4358ed7c4eeb585
hours:b55fb41615f0f945351e6241,osm:node:14156598403,1,,open,420,1020,0,obs:58062247d4358ed7c4eeb585
hours:8a97b25f52fea2c033673a31,osm:node:14156598403,2,,open,420,1020,0,obs:58062247d4358ed7c4eeb585
hours:cd261f105e54293588afb711,osm:node:14156598403,3,,open,420,1020,0,obs:58062247d4358ed7c4eeb585
hours:f95d842679f9050cb27ebadf,osm:node:14156598403,4,,open,420,1020,0,obs:58062247d4358ed7c4eeb585
hours:65c6d2b02fd50136c55f2946,osm:node:14156598403,5,,open,420,1020,0,obs:58062247d4358ed7c4eeb585
hours:36509e871da079fda70dd5f9,osm:node:14156598403,6,,open,420,1020,0,obs:58062247d4358ed7c4eeb585
hours:f996dd3934bd1ad43c658ffc,osm:node:14157700401,0,,open,870,1380,0,obs:d4e3951100887aa3dc604d74
hours:8d1e3692124f2e23e76fff07,osm:node:14157700401,1,,open,870,1380,0,obs:d4e3951100887aa3dc604d74
hours:18327fa230a135138c4db872,osm:node:14157700401,2,,open,870,1380,0,obs:d4e3951100887aa3dc604d74
hours:29a0647213974ff281e6894b,osm:node:14157700401,3,,open,870,1380,0,obs:d4e3951100887aa3dc604d74
hours:39c0edb5109e541f447f6503,osm:node:14157700401,4,,open,660,1440,0,obs:d4e3951100887aa3dc604d74
hours:aef19195b092440d360b2c81,osm:node:14157700401,5,,open,660,1440,0,obs:d4e3951100887aa3dc604d74
hours:4a21cd14c779b5925e535dcf,osm:node:14157700401,6,,open,660,1440,0,obs:d4e3951100887aa3dc604d74
hours:6591566e67eedb2a5768f479,osm:node:14162347202,0,,open,540,1380,0,obs:14dd198f7865f59562fa6245
hours:3d261c004a5a0ee35856d843,osm:node:14162347202,1,,open,540,1380,0,obs:14dd198f7865f59562fa6245
hours:833ee325e865884aabbef326,osm:node:14162347202,2,,open,540,1380,0,obs:14dd198f7865f59562fa6245
hours:cfb815b9c91f874680b67d45,osm:node:14162347202,3,,open,540,1380,0,obs:14dd198f7865f59562fa6245
hours:237d3976c68e9a9bd432ce28,osm:node:14162347202,4,,open,540,1380,0,obs:14dd198f7865f59562fa6245
hours:eff4b4f7e355ca0a8c69571e,osm:node:14162347202,5,,open,540,1380,0,obs:14dd198f7865f59562fa6245
hours:95fcb1f8700a68d75a215a61,osm:node:14162347202,6,,open,540,1380,0,obs:14dd198f7865f59562fa6245
hours:1a13a65aed925f070dfa6c8f,osm:node:14169542101,0,,open,480,1140,0,obs:a631bac439eba31e63fc71d1
hours:0fc10682f9c8aaeafcaeced6,osm:node:14169542101,1,,open,480,1140,0,obs:a631bac439eba31e63fc71d1
hours:00adb695443afea8e7d7c33f,osm:node:14169542101,2,,open,480,1140,0,obs:a631bac439eba31e63fc71d1
hours:5f10885752d45e6da02e3d65,osm:node:14169542101,3,,open,480,1140,0,obs:a631bac439eba31e63fc71d1
hours:6c81b1fb4d49298b62f9043e,osm:node:14169542101,4,,open,480,1140,0,obs:a631bac439eba31e63fc71d1
hours:d3e0e71ca500b2a846a7ef5d,osm:node:14169542101,5,,open,480,1140,0,obs:a631bac439eba31e63fc71d1
hours:21e556409f67053543c1b4c2,osm:node:14169542101,6,,open,480,1140,0,obs:a631bac439eba31e63fc71d1
hours:99f1fc50ea463e9fe40273f6,osm:node:14169580001,0,,open,630,870,0,obs:1287385e3b1f78dd05e84c82
hours:cb509cbac57381ea6f4c2c83,osm:node:14169580001,0,,open,1020,1320,0,obs:1287385e3b1f78dd05e84c82
hours:b2550575f4bd55f3f871cad0,osm:node:14169580001,1,,open,630,870,0,obs:1287385e3b1f78dd05e84c82
hours:d40009a3d2d901f462ca4579,osm:node:14169580001,1,,open,1020,1320,0,obs:1287385e3b1f78dd05e84c82
hours:1f74ad965dbf51dc3b9fc183,osm:node:14169580001,2,,open,630,870,0,obs:1287385e3b1f78dd05e84c82
hours:ead0a3a4a5716ced223318ff,osm:node:14169580001,2,,open,1020,1320,0,obs:1287385e3b1f78dd05e84c82
hours:c5382c4c8e36e665ca0e1728,osm:node:14169580001,3,,open,630,870,0,obs:1287385e3b1f78dd05e84c82
hours:3c547b874b4fc8d85bc23961,osm:node:14169580001,3,,open,1020,1320,0,obs:1287385e3b1f78dd05e84c82
hours:7c9efd56b7fd16540cc6275e,osm:node:14169580001,4,,open,630,870,0,obs:1287385e3b1f78dd05e84c82
hours:a1283dab7b671dce4ad6f04e,osm:node:14169580001,4,,open,1020,1320,0,obs:1287385e3b1f78dd05e84c82
hours:bf94d5dc927245dd5821b96f,osm:node:14169580001,5,,open,630,870,0,obs:1287385e3b1f78dd05e84c82
hours:d12bbfefcfe0430add7158d5,osm:node:14169580001,5,,open,1020,1320,0,obs:1287385e3b1f78dd05e84c82
hours:d79da11874bdd659d327c090,osm:node:14169580001,6,,open,630,870,0,obs:1287385e3b1f78dd05e84c82
hours:01bfe1b13faff65c07f18b2f,osm:node:14169580001,6,,open,1020,1320,0,obs:1287385e3b1f78dd05e84c82
hours:599bf1dce04de09c5d78711d,osm:node:14172705701,0,,open,480,1080,0,obs:8695d8055c43b193e97d8dc1
hours:527f6a403e7cb20505117ee8,osm:node:14172705701,1,,open,480,1080,0,obs:8695d8055c43b193e97d8dc1
hours:226ee3bd6b3e857db2bbda45,osm:node:14172705701,2,,open,480,1080,0,obs:8695d8055c43b193e97d8dc1
hours:49ff57005bd6d149f960e539,osm:node:14172705701,3,,open,480,1080,0,obs:8695d8055c43b193e97d8dc1
hours:c5cac1e0e177dd872ead6b04,osm:node:14172705701,4,,open,480,1080,0,obs:8695d8055c43b193e97d8dc1
hours:42fa6f06d9fbe5c8bb15601f,osm:node:14172705701,5,,open,480,1080,0,obs:8695d8055c43b193e97d8dc1
hours:dce08f85b5ace25489099a5d,osm:node:14172705701,6,,open,480,1080,0,obs:8695d8055c43b193e97d8dc1
hours:3da58da6e688da78dd9d90db,osm:node:14183056101,0,,open,360,1080,0,obs:9ee022ab7aaeac5a840305fe
hours:c1aff18817a86e9fd1e3c52f,osm:node:14183056101,1,,open,360,1080,0,obs:9ee022ab7aaeac5a840305fe
hours:808e02e0512d39928b53562a,osm:node:14183056101,2,,open,360,1080,0,obs:9ee022ab7aaeac5a840305fe
hours:0a2bdc851c56809a71520811,osm:node:14183056101,3,,open,360,1080,0,obs:9ee022ab7aaeac5a840305fe
hours:9ffd99575ed9fcd38cc1dad1,osm:node:14183056101,4,,open,360,1080,0,obs:9ee022ab7aaeac5a840305fe
hours:5842f3e3e9c22f81f6188375,osm:node:14183056101,5,,open,360,1080,0,obs:9ee022ab7aaeac5a840305fe
hours:896946f92c0fce62d3cf978c,osm:node:14183056101,6,,open,360,1080,0,obs:9ee022ab7aaeac5a840305fe
hours:abcaa55e6333a5357f41e6c2,osm:node:1629328703,0,,open,480,1350,0,obs:5196ce14c10052f8d75c8890
hours:6056339b4a0edd8d85ed7ca0,osm:node:1629328703,1,,open,480,1350,0,obs:5196ce14c10052f8d75c8890
hours:6a22c8e0d27999193afb4e89,osm:node:1629328703,2,,open,480,1350,0,obs:5196ce14c10052f8d75c8890
hours:4367b6e5b3bebdc6958f893b,osm:node:1629328703,3,,open,480,1350,0,obs:5196ce14c10052f8d75c8890
hours:0dcdede154e6c10a7bde191a,osm:node:1629328703,4,,open,480,1350,0,obs:5196ce14c10052f8d75c8890
hours:97542e5b3bb9e09e90175bc4,osm:node:1629328703,5,,open,480,1350,0,obs:5196ce14c10052f8d75c8890
hours:94018fa1964b00d7600522d6,osm:node:1629328703,6,,open,480,1350,0,obs:5196ce14c10052f8d75c8890
hours:6668bc4266e7612e6e44418a,osm:node:1726781610,0,,open,600,1320,0,obs:1464a8ec18d308d6e67c2c58
hours:d7ca55747207f634eef7f385,osm:node:1726781610,1,,open,600,1320,0,obs:1464a8ec18d308d6e67c2c58
hours:48061e0314ca54c4c000585f,osm:node:1726781610,2,,open,600,1320,0,obs:1464a8ec18d308d6e67c2c58
hours:788fc6216b75a7ea699be702,osm:node:1726781610,3,,open,600,1320,0,obs:1464a8ec18d308d6e67c2c58
hours:8afe02227c677c88f8dfb9ea,osm:node:1726781610,4,,open,600,1320,0,obs:1464a8ec18d308d6e67c2c58
hours:c15c7f6c16e70cc45b4d0a75,osm:node:1726781610,5,,open,600,1320,0,obs:1464a8ec18d308d6e67c2c58
hours:7bb7963b0991d29010899ea4,osm:node:1726781610,6,,open,600,1320,0,obs:1464a8ec18d308d6e67c2c58
hours:6783c6af8472e235c0551187,osm:node:2076855947,0,,open,480,1380,0,obs:c21a539fba5dba3c7eda65e6
hours:31bb7c48d0884f563a222e4d,osm:node:2076855947,1,,open,480,1380,0,obs:c21a539fba5dba3c7eda65e6
hours:121545fb1243d4c4e3c1e721,osm:node:2076855947,2,,open,480,1380,0,obs:c21a539fba5dba3c7eda65e6
hours:6f1b066b7540409ddd63d921,osm:node:2076855947,3,,open,480,1380,0,obs:c21a539fba5dba3c7eda65e6
hours:aed8b9a996b74cc86cde7012,osm:node:2076855947,4,,open,480,1380,0,obs:c21a539fba5dba3c7eda65e6
hours:a21c8855e3cc750245ae831c,osm:node:2076855947,5,,open,480,1380,0,obs:c21a539fba5dba3c7eda65e6
hours:ef55d7f37ae0bbc8a003f8ee,osm:node:2076855947,6,,open,480,1380,0,obs:c21a539fba5dba3c7eda65e6
hours:4c207f2dfedc9c8bcfd8da77,osm:node:2175084765,0,,open,480,1380,0,obs:4cf1b3f91e547cdac39017e7
hours:e81ba4a303946d54a7c0ee8d,osm:node:2175084765,1,,open,480,1380,0,obs:4cf1b3f91e547cdac39017e7
hours:1b9554a3088d4006024d3c3d,osm:node:2175084765,2,,open,480,1380,0,obs:4cf1b3f91e547cdac39017e7
hours:709d3a0830b057bcba6cce50,osm:node:2175084765,3,,open,480,1380,0,obs:4cf1b3f91e547cdac39017e7
hours:cedee9abbbce20619131c3a4,osm:node:2175084765,4,,open,480,1380,0,obs:4cf1b3f91e547cdac39017e7
hours:25627b7b9024162d5e8b305c,osm:node:2175084765,5,,open,480,1380,0,obs:4cf1b3f91e547cdac39017e7
hours:ea2b1181c0858492e3d98b8a,osm:node:2175084765,6,,open,480,1380,0,obs:4cf1b3f91e547cdac39017e7
hours:6c299c75a52cc3aa87eec62d,osm:node:2256217990,0,,open,540,1380,0,obs:5c08bb20b6cec07ab13e492c
hours:d1c70051330b46731777b342,osm:node:2256217990,1,,open,540,1380,0,obs:5c08bb20b6cec07ab13e492c
hours:3fb1c6b421fb1ac3203e8a82,osm:node:2256217990,2,,open,540,1380,0,obs:5c08bb20b6cec07ab13e492c
hours:997bec940876c9e2940f9207,osm:node:2256217990,3,,open,540,1380,0,obs:5c08bb20b6cec07ab13e492c
hours:90867646ef447053790c0a0c,osm:node:2256217990,4,,open,540,1380,0,obs:5c08bb20b6cec07ab13e492c
hours:6bbe162b78791633eac57e9b,osm:node:2256217990,5,,open,540,1380,0,obs:5c08bb20b6cec07ab13e492c
hours:e5358ae1378638b9ff34595d,osm:node:2256217990,6,,open,540,1380,0,obs:5c08bb20b6cec07ab13e492c
hours:4325ac555dcf0c1be05198af,osm:node:2399180443,0,,open,600,1320,0,obs:d135649359397eb14f45f4b3
hours:f50192971f7dd4556616da90,osm:node:2399180443,1,,open,600,1320,0,obs:d135649359397eb14f45f4b3
hours:eb5e9c4e5f7d1573a339dc62,osm:node:2399180443,2,,open,600,1320,0,obs:d135649359397eb14f45f4b3
hours:308356d9aa8093a549e29865,osm:node:2399180443,3,,open,600,1320,0,obs:d135649359397eb14f45f4b3
hours:39b4c830ca107d2a2d5f0c1b,osm:node:2399180443,4,,open,600,1320,0,obs:d135649359397eb14f45f4b3
hours:d1fad0101912afa72fcf6e1d,osm:node:2399180443,5,,open,600,1320,0,obs:d135649359397eb14f45f4b3
hours:7c7af3adf75044b10dd30f9e,osm:node:2399180443,6,,open,600,1320,0,obs:d135649359397eb14f45f4b3
hours:51315a49183f1745132bcdc1,osm:node:2399194698,0,,open,690,840,0,obs:347344b20571247ffb15aef3
hours:299186bf6996ffb54a854965,osm:node:2399194698,0,,open,1050,1380,0,obs:347344b20571247ffb15aef3
hours:f0ba6ac7f04ae0608e9c9800,osm:node:2399194698,1,,open,690,840,0,obs:347344b20571247ffb15aef3
hours:b3fc9635799962dcd2947b9e,osm:node:2399194698,1,,open,1050,1320,0,obs:347344b20571247ffb15aef3
hours:f10bc03209d89c9954304561,osm:node:2399194698,2,,open,690,840,0,obs:347344b20571247ffb15aef3
hours:0413b6b889656337dc89220e,osm:node:2399194698,2,,open,1050,1320,0,obs:347344b20571247ffb15aef3
hours:e86acb70386e8aa24a298d2e,osm:node:2399194698,3,,open,690,840,0,obs:347344b20571247ffb15aef3
hours:696e266b846a44d42f74a9b0,osm:node:2399194698,3,,open,1050,1320,0,obs:347344b20571247ffb15aef3
hours:55b183e8e3bff1f7fb56c2a5,osm:node:2399194698,4,,open,690,840,0,obs:347344b20571247ffb15aef3
hours:01105a168b7fd9089622d133,osm:node:2399194698,4,,open,1050,1320,0,obs:347344b20571247ffb15aef3
hours:50b3ab0aef9bcddb308349d4,osm:node:2399194698,5,,open,690,840,0,obs:347344b20571247ffb15aef3
hours:7d0f1d325f6068fabd1f2117,osm:node:2399194698,5,,open,1050,1320,0,obs:347344b20571247ffb15aef3
hours:9c1d4fe0d4ea67d7fe86ec79,osm:node:2399194698,6,,open,690,840,0,obs:347344b20571247ffb15aef3
hours:b01a5dc8ae558a9a792f5b1a,osm:node:2399194698,6,,open,1050,1320,0,obs:347344b20571247ffb15aef3
hours:80a36e7142d06a7c2f802d4a,osm:node:2399239575,0,,open,600,1350,0,obs:1704d280441f674ef6994000
hours:c01f578d71bec63290d8f87a,osm:node:2399239575,1,,open,600,1350,0,obs:1704d280441f674ef6994000
hours:e3af74d0a2238dee054ec8b6,osm:node:2399239575,2,,open,600,1350,0,obs:1704d280441f674ef6994000
hours:09fd9a556e010bbc4ee6d7f3,osm:node:2399239575,3,,open,600,1350,0,obs:1704d280441f674ef6994000
hours:6aaa1774dca80798f08fdb3b,osm:node:2399239575,4,,open,600,1350,0,obs:1704d280441f674ef6994000
hours:19313ee71876d3ea901b1b5a,osm:node:2399239575,5,,open,600,1350,0,obs:1704d280441f674ef6994000
hours:a97392d3518751bc9daeff68,osm:node:2399239575,6,,open,600,1350,0,obs:1704d280441f674ef6994000
hours:b4c853fb8f3d568d500db9e3,osm:node:2461400753,0,,open,450,1380,0,obs:eb336ba1270cda8326ffdc13
hours:96df06233af93b1d2f7f268d,osm:node:2461400753,1,,open,450,1380,0,obs:eb336ba1270cda8326ffdc13
hours:2a90ab707d1cf60ebd3b7a63,osm:node:2461400753,2,,open,450,1380,0,obs:eb336ba1270cda8326ffdc13
hours:0d54543d75390568755a7a23,osm:node:2461400753,3,,open,450,1380,0,obs:eb336ba1270cda8326ffdc13
hours:043426ba9b5837b78ffda26f,osm:node:2461400753,4,,open,450,1380,0,obs:eb336ba1270cda8326ffdc13
hours:3e150f26e360f10bd9968141,osm:node:2461400753,5,,open,450,1380,0,obs:eb336ba1270cda8326ffdc13
hours:120a42cbeb6027954f30ec38,osm:node:2461400753,6,,open,450,1380,0,obs:eb336ba1270cda8326ffdc13
hours:57dc016bf54564eea744cec5,osm:node:2461400758,0,,open,420,1200,0,obs:404485f3f226a35f7147da4b
hours:66ea9b398c56cacce4fdcb7d,osm:node:2461400758,1,,open,420,1200,0,obs:404485f3f226a35f7147da4b
hours:46db21e862084f01994362df,osm:node:2461400758,2,,open,420,1200,0,obs:404485f3f226a35f7147da4b
hours:3be9af69c1dfede0c6a493f9,osm:node:2461400758,3,,open,420,1200,0,obs:404485f3f226a35f7147da4b
hours:1cd355c10fe97373393baad3,osm:node:2461400758,4,,open,420,1200,0,obs:404485f3f226a35f7147da4b
hours:e040ac36019e0722107a3516,osm:node:2461400758,5,,open,420,1200,0,obs:404485f3f226a35f7147da4b
hours:7f2d69f8d9d4bfa3d61420a6,osm:node:2461400758,6,,open,420,1200,0,obs:404485f3f226a35f7147da4b
hours:ecad9f472edd8946ffb16c1b,osm:node:2461400765,0,,open,600,1440,0,obs:6fa708da780eafe09f8432a6
hours:837d66aab650fbaa70cb5545,osm:node:2461400765,1,,open,600,1440,0,obs:6fa708da780eafe09f8432a6
hours:adaff9055bc1a6a5479b4a0c,osm:node:2461400765,2,,open,600,1440,0,obs:6fa708da780eafe09f8432a6
hours:1ab70a5de6c91680330d9dbf,osm:node:2461400765,3,,open,600,1440,0,obs:6fa708da780eafe09f8432a6
hours:2fe2dd353be3c6e7e668daa1,osm:node:2461400765,4,,open,600,1440,0,obs:6fa708da780eafe09f8432a6
hours:0159c1f2c35a9ce85b3e6e91,osm:node:2461400765,5,,open,600,1440,0,obs:6fa708da780eafe09f8432a6
hours:49078e5e4ac85c61785cb314,osm:node:2461400765,6,,open,600,1440,0,obs:6fa708da780eafe09f8432a6
hours:a79dca052f741d8084945da7,osm:node:2988980334,0,,open,600,1320,0,obs:d32bbe4ac224eadc7286aad4
hours:8e850f63cf10d724cbcbb8ff,osm:node:2988980334,1,,open,600,1320,0,obs:d32bbe4ac224eadc7286aad4
hours:f9f64c7b1b3b682064431664,osm:node:2988980334,2,,open,600,1320,0,obs:d32bbe4ac224eadc7286aad4
hours:3b5cc12f3bc8a5b4805f6d2c,osm:node:2988980334,3,,open,600,1320,0,obs:d32bbe4ac224eadc7286aad4
hours:e7f48bbebd34df36a67cdb89,osm:node:2988980334,4,,open,600,1320,0,obs:d32bbe4ac224eadc7286aad4
hours:957b116cbc752ac0ad238547,osm:node:2988980334,5,,open,600,1320,0,obs:d32bbe4ac224eadc7286aad4
hours:65986513c36a4ac024c00c04,osm:node:2988980334,6,,open,600,1320,0,obs:d32bbe4ac224eadc7286aad4
hours:14dda0b85117aaf4e477b988,osm:node:3093689362,0,,open,600,1320,0,obs:0d16f3608d9c059338ae6bc7
hours:7c09daf86830d4c14bdc314a,osm:node:3093689362,1,,open,600,1320,0,obs:0d16f3608d9c059338ae6bc7
hours:4fe35614cea06346f1ba6aeb,osm:node:3093689362,2,,open,600,1320,0,obs:0d16f3608d9c059338ae6bc7
hours:b1e3af67e8e3bb493be3f7d1,osm:node:3093689362,3,,open,600,1320,0,obs:0d16f3608d9c059338ae6bc7
hours:86f718aabd9ec3e5c83194f6,osm:node:3093689362,4,,open,600,1320,0,obs:0d16f3608d9c059338ae6bc7
hours:bc69987840ac1be3a35da5b5,osm:node:3093689362,5,,open,600,1320,0,obs:0d16f3608d9c059338ae6bc7
hours:15550c7ddad890fda791c7af,osm:node:3093689362,6,,open,600,1320,0,obs:0d16f3608d9c059338ae6bc7
hours:3c14178858fedac52140a4f9,osm:node:3316120061,0,,open,600,840,0,obs:34b83201e1985f34abce915e
hours:02223b78bd8ea1871ee0bcdc,osm:node:3316120061,1,,open,600,840,0,obs:34b83201e1985f34abce915e
hours:f1912eef00b95c698ba7730a,osm:node:3316120061,2,,open,600,840,0,obs:34b83201e1985f34abce915e
hours:aa0581e8b4611c23c213e88d,osm:node:3316120061,3,,open,600,840,0,obs:34b83201e1985f34abce915e
hours:ae4faf2e9e0f43cbfa5b14ad,osm:node:3316120061,4,,open,600,840,0,obs:34b83201e1985f34abce915e
hours:1035086670668a93eab08c7b,osm:node:3316120061,5,,open,600,840,0,obs:34b83201e1985f34abce915e
hours:f9cd5445566c0eb4a5e1cd0c,osm:node:3316120061,6,,open,600,840,0,obs:34b83201e1985f34abce915e
hours:147b621c8ea989d7ff2dbe9d,osm:node:3541565714,0,,open,0,1440,0,obs:6195738d39f06f862e391263
hours:ab103061733e1a4ab11c996a,osm:node:3541565714,1,,open,0,1440,0,obs:6195738d39f06f862e391263
hours:86ed9f640028e4e46c59f870,osm:node:3541565714,2,,open,0,1440,0,obs:6195738d39f06f862e391263
hours:df2db24381fb87c4f829a504,osm:node:3541565714,3,,open,0,1440,0,obs:6195738d39f06f862e391263
hours:d1a645ad51c1515e20390263,osm:node:3541565714,4,,open,0,1440,0,obs:6195738d39f06f862e391263
hours:04f21eee521d47aff9cb972d,osm:node:3541565714,5,,open,0,1440,0,obs:6195738d39f06f862e391263
hours:a03d0a1f401a1da73b83d5b3,osm:node:3541565714,6,,open,0,1440,0,obs:6195738d39f06f862e391263
hours:98bd03125f14965a4e3dd78d,osm:node:3575190009,0,,open,480,1140,0,obs:5ed9af1d8931d9472c0b95f3
hours:1bc61d1e81d7cd8a8a664a5d,osm:node:3575190009,1,,open,480,1140,0,obs:5ed9af1d8931d9472c0b95f3
hours:9238059d1ae00b4360e23e5b,osm:node:3575190009,2,,open,480,1140,0,obs:5ed9af1d8931d9472c0b95f3
hours:0b15569dc19ae26529df895c,osm:node:3575190009,3,,open,480,1140,0,obs:5ed9af1d8931d9472c0b95f3
hours:f49a22165b629639bebcdeeb,osm:node:3575190009,4,,open,480,1140,0,obs:5ed9af1d8931d9472c0b95f3
hours:098a16b793ac2b4e70a262e8,osm:node:3575190009,5,,open,480,1140,0,obs:5ed9af1d8931d9472c0b95f3
hours:1dc9fc9bc2d4d9e50e19aebf,osm:node:3575190009,6,,open,480,1140,0,obs:5ed9af1d8931d9472c0b95f3
hours:e493186605dfc833993adae5,osm:node:3628855206,0,,open,390,1320,0,obs:101af1b3bf5c35c4758bba6f
hours:e52f77f45993bc9e4e2e2e4e,osm:node:3628855206,1,,open,390,1320,0,obs:101af1b3bf5c35c4758bba6f
hours:7186879ee216748ead3ccc9d,osm:node:3628855206,2,,open,390,1320,0,obs:101af1b3bf5c35c4758bba6f
hours:7a2a0439bc3fad2b6fb0f197,osm:node:3628855206,3,,open,390,1320,0,obs:101af1b3bf5c35c4758bba6f
hours:84e0fc88149b6141cd95d6f8,osm:node:3628855206,4,,open,390,1320,0,obs:101af1b3bf5c35c4758bba6f
hours:eea44ada6fe376c7ca46ae6b,osm:node:3628855206,5,,open,390,1320,0,obs:101af1b3bf5c35c4758bba6f
hours:7891f4a7a3ebb0a246e0f977,osm:node:3628855206,6,,open,390,1320,0,obs:101af1b3bf5c35c4758bba6f
hours:d63d72508c27316b13bb3026,osm:node:3678370944,0,,open,480,1380,0,obs:3e2a3bdcb6cbc39f3ad2979d
hours:2bbe3567957bb85a7e982602,osm:node:3678370944,1,,open,480,1380,0,obs:3e2a3bdcb6cbc39f3ad2979d
hours:8c6698724e0463360782aa18,osm:node:3678370944,2,,open,480,1380,0,obs:3e2a3bdcb6cbc39f3ad2979d
hours:d920639c81b6ef71dd639a75,osm:node:3678370944,3,,open,480,1380,0,obs:3e2a3bdcb6cbc39f3ad2979d
hours:498b2ba3e6589167c43048b5,osm:node:3678370944,4,,open,480,1380,0,obs:3e2a3bdcb6cbc39f3ad2979d
hours:3bf5bfd8a56180fd66452338,osm:node:3678370944,5,,open,480,1380,0,obs:3e2a3bdcb6cbc39f3ad2979d
hours:1ee5d65428f5cf3f9af497f4,osm:node:3678370944,6,,open,480,1380,0,obs:3e2a3bdcb6cbc39f3ad2979d
hours:ed2c296a8a2cd0c89f74be27,osm:node:3711330943,0,,open,420,1320,0,obs:de880c586b4c61a66b4426d4
hours:fe933e1bed5c0c345bc8339e,osm:node:3711330943,1,,open,420,1320,0,obs:de880c586b4c61a66b4426d4
hours:50165d1b968399db47e6bb02,osm:node:3711330943,2,,open,420,1320,0,obs:de880c586b4c61a66b4426d4
hours:5c75ded5ba3029026a21f50f,osm:node:3711330943,3,,open,420,1320,0,obs:de880c586b4c61a66b4426d4
hours:b9c74bb47e74f55e3dddf5be,osm:node:3711330943,4,,open,420,1320,0,obs:de880c586b4c61a66b4426d4
hours:cfeacbd283d1784cd46f874f,osm:node:3711330943,5,,open,420,1320,0,obs:de880c586b4c61a66b4426d4
hours:0a65fab36ad62062d1b5f060,osm:node:3711330943,6,,open,420,1320,0,obs:de880c586b4c61a66b4426d4
hours:25474ab46ccb77d1e2200141,osm:node:3712052430,0,,open,420,1380,0,obs:06d4ffe69b283cd227444fed
hours:f8309aad0747ed8aaf1ca064,osm:node:3712052430,1,,open,420,1380,0,obs:06d4ffe69b283cd227444fed
hours:afc7a2836c58cb255a207893,osm:node:3712052430,2,,open,420,1380,0,obs:06d4ffe69b283cd227444fed
hours:693595928e30969e85dfbbd7,osm:node:3712052430,3,,open,420,1380,0,obs:06d4ffe69b283cd227444fed
hours:916450a43d9f0e663a2feb02,osm:node:3712052430,4,,open,420,1380,0,obs:06d4ffe69b283cd227444fed
hours:c3605f675033c507107bcafd,osm:node:3712052430,5,,open,420,1380,0,obs:06d4ffe69b283cd227444fed
hours:e0a541fb30501f61d68a081d,osm:node:3712052430,6,,open,420,1380,0,obs:06d4ffe69b283cd227444fed
hours:62878c80e946542315ea682d,osm:node:3741166993,0,,open,420,1380,0,obs:cea0b77cfa2224df91ffb6e8
hours:ae8ad8d945c3706c5c85327e,osm:node:3741166993,1,,open,420,1380,0,obs:cea0b77cfa2224df91ffb6e8
hours:1ffd26ed8184be5d48428f15,osm:node:3741166993,2,,open,420,1380,0,obs:cea0b77cfa2224df91ffb6e8
hours:bd192b8bd677bc346f55626d,osm:node:3741166993,3,,open,420,1380,0,obs:cea0b77cfa2224df91ffb6e8
hours:f29063ea0402864a1f4dc721,osm:node:3741166993,4,,open,420,1380,0,obs:cea0b77cfa2224df91ffb6e8
hours:5fba39e21b753331d12feabb,osm:node:3741166993,5,,open,420,1380,0,obs:cea0b77cfa2224df91ffb6e8
hours:44493182ad2858fb20b507cc,osm:node:3741166993,6,,open,420,1380,0,obs:cea0b77cfa2224df91ffb6e8
hours:6026e6c29ca5d647d2548521,osm:node:3812098704,0,,open,660,1320,0,obs:676d3204c7755547a8a94d4a
hours:34fe039650d4fefd705853e9,osm:node:3812098704,1,,open,660,1320,0,obs:676d3204c7755547a8a94d4a
hours:754973c16d9baa2bee0b0a83,osm:node:3812098704,2,,open,660,1320,0,obs:676d3204c7755547a8a94d4a
hours:c3271666a5718e7c28173832,osm:node:3812098704,3,,open,660,1320,0,obs:676d3204c7755547a8a94d4a
hours:1e0f4e432b8e64a742b65353,osm:node:3812098704,4,,open,660,1320,0,obs:676d3204c7755547a8a94d4a
hours:e39b6183c0f9c6c2b3f6b426,osm:node:3812098704,5,,open,660,1320,0,obs:676d3204c7755547a8a94d4a
hours:ff9952eebba34c345791bd9e,osm:node:3812098704,6,,open,660,1320,0,obs:676d3204c7755547a8a94d4a
hours:a728936c9bdb72816051a0d1,osm:node:3830708257,0,,open,420,1320,0,obs:6abccbacf232a6c4bc4cafa5
hours:30f382832ba3dbb1758fe07a,osm:node:3830708257,1,,open,420,1320,0,obs:6abccbacf232a6c4bc4cafa5
hours:efcf78cac1ec3068ad269f38,osm:node:3830708257,2,,open,420,1320,0,obs:6abccbacf232a6c4bc4cafa5
hours:a04ff0bd69ec076c710bbb8d,osm:node:3830708257,3,,open,420,1320,0,obs:6abccbacf232a6c4bc4cafa5
hours:983daa0002ea4c8007cdb483,osm:node:3830708257,4,,open,420,1320,0,obs:6abccbacf232a6c4bc4cafa5
hours:5e27abe1ec182e9bc02b3c09,osm:node:3830708257,5,,open,420,1320,0,obs:6abccbacf232a6c4bc4cafa5
hours:cfcf562c4c7615f2bdb8e04c,osm:node:3830708257,6,,open,420,1320,0,obs:6abccbacf232a6c4bc4cafa5
hours:7055085b4d62763c7b9da827,osm:node:3883603836,0,,open,480,1380,0,obs:437cccf16611f60667ade9cd
hours:6627ebb776a005c84dc6c0f7,osm:node:3883603836,1,,open,480,1380,0,obs:437cccf16611f60667ade9cd
hours:bc4d36993db43efdf8a1141e,osm:node:3883603836,2,,open,480,1380,0,obs:437cccf16611f60667ade9cd
hours:b54b44566fe0c51d9f06190b,osm:node:3883603836,3,,open,480,1380,0,obs:437cccf16611f60667ade9cd
hours:feb281d1850014d6b5480653,osm:node:3883603836,4,,open,480,1380,0,obs:437cccf16611f60667ade9cd
hours:cb4eb3b666c7b12695ee7fee,osm:node:3883603836,5,,open,480,1380,0,obs:437cccf16611f60667ade9cd
hours:a72bfc204b7c14210752ae97,osm:node:3883603836,6,,open,480,1380,0,obs:437cccf16611f60667ade9cd
hours:b69139062be6fba9fef964de,osm:node:3888954278,0,,open,600,1230,0,obs:a447aec34f4d9ddae5c96a67
hours:158b808f560aa3db2cb4ee43,osm:node:3888954278,1,,open,600,1230,0,obs:a447aec34f4d9ddae5c96a67
hours:e60fff6a83e74d3d5ac74658,osm:node:3888954278,2,,open,600,1230,0,obs:a447aec34f4d9ddae5c96a67
hours:e75cea29570add50e6dd7a6e,osm:node:3888954278,3,,open,600,1230,0,obs:a447aec34f4d9ddae5c96a67
hours:189f88b8efab2f172d34e826,osm:node:3888954278,4,,open,600,1230,0,obs:a447aec34f4d9ddae5c96a67
hours:a1d54a399dd705c96803f9f3,osm:node:3888954278,5,,open,600,1230,0,obs:a447aec34f4d9ddae5c96a67
hours:5663332a79628b3d5e0bb4d6,osm:node:3888954278,6,,open,600,1230,0,obs:a447aec34f4d9ddae5c96a67
hours:2bb2622c3eada2e979bdd89d,osm:node:3893467764,0,,open,600,1320,0,obs:4fb9809225af8e8448f833ca
hours:8c3a8d7e6c21e0fb46b5e8f7,osm:node:3893467764,1,,open,600,1320,0,obs:4fb9809225af8e8448f833ca
hours:bb3fa0655a72f0a38358e482,osm:node:3893467764,2,,open,600,1320,0,obs:4fb9809225af8e8448f833ca
hours:968b84a8097f1f7b709e4a5e,osm:node:3893467764,3,,open,600,1320,0,obs:4fb9809225af8e8448f833ca
hours:9aa9b88dcfaf5eccb9f9d212,osm:node:3893467764,4,,open,600,1320,0,obs:4fb9809225af8e8448f833ca
hours:58eab67cd7cf8309332e80f4,osm:node:3893467764,5,,open,600,1320,0,obs:4fb9809225af8e8448f833ca
hours:21d689aaf79fff386bb0820e,osm:node:3893467764,6,,open,600,1320,0,obs:4fb9809225af8e8448f833ca
hours:fe60eec2cf8fd681e8a70222,osm:node:4005477934,0,,open,540,1320,0,obs:0f6419176efb2aa5bd0b3c8b
hours:1809719bbf8ca1b2d1bf9aea,osm:node:4005477934,1,,open,540,1320,0,obs:0f6419176efb2aa5bd0b3c8b
hours:e4e6faa7c93bc8acfda2d312,osm:node:4005477934,2,,open,540,1320,0,obs:0f6419176efb2aa5bd0b3c8b
hours:09ab1aae2323d29cb43ded63,osm:node:4005477934,3,,open,540,1320,0,obs:0f6419176efb2aa5bd0b3c8b
hours:260f61953117c63aef970bd7,osm:node:4005477934,4,,open,540,1320,0,obs:0f6419176efb2aa5bd0b3c8b
hours:71b54cd70cec995e81a8ac66,osm:node:4005477934,5,,open,540,1320,0,obs:0f6419176efb2aa5bd0b3c8b
hours:c7e7f01a354de1a6e8df7dca,osm:node:4005477934,6,,open,540,1320,0,obs:0f6419176efb2aa5bd0b3c8b
hours:ee8e388eb9c25d970832ca19,osm:node:4090272750,0,,open,600,1320,0,obs:cebf3bba29d575567293b06a
hours:a241e1a55e82ae127c0badc6,osm:node:4090272750,1,,open,600,1320,0,obs:cebf3bba29d575567293b06a
hours:d07ee5f3f382e305e9e3c76e,osm:node:4090272750,2,,open,600,1320,0,obs:cebf3bba29d575567293b06a
hours:acd4fb393789b8296e85d4e0,osm:node:4090272750,3,,open,600,1320,0,obs:cebf3bba29d575567293b06a
hours:a04547f382513b210bef77c4,osm:node:4090272750,4,,open,600,1320,0,obs:cebf3bba29d575567293b06a
hours:9e8961640067861269f830dd,osm:node:4090272750,5,,open,600,1320,0,obs:cebf3bba29d575567293b06a
hours:4844b8690f40ccd04f4d390a,osm:node:4090272750,6,,open,600,1320,0,obs:cebf3bba29d575567293b06a
hours:2bd776dae636fe7345472d27,osm:node:4090277644,0,,open,600,1320,0,obs:559c2b9856e2ac70e9455d8c
hours:e38f3e997c8042a853b0f05f,osm:node:4090277644,1,,open,600,1320,0,obs:559c2b9856e2ac70e9455d8c
hours:1e92418ac3107016c3df3433,osm:node:4090277644,2,,open,600,1320,0,obs:559c2b9856e2ac70e9455d8c
hours:bf9641f47886fde60c31b9e9,osm:node:4090277644,3,,open,600,1320,0,obs:559c2b9856e2ac70e9455d8c
hours:93f311571bf4f677b3a8aa8f,osm:node:4090277644,4,,open,600,1320,0,obs:559c2b9856e2ac70e9455d8c
hours:0282e2c80a9834ab353cfc99,osm:node:4090277644,5,,open,600,1320,0,obs:559c2b9856e2ac70e9455d8c
hours:329078f4d9cc6aae0d88a808,osm:node:4090277644,6,,open,600,1320,0,obs:559c2b9856e2ac70e9455d8c
hours:720a31fe4965f2650fb62742,osm:node:4090279692,0,,open,600,1320,0,obs:58475574006ceb0bb89f22e2
hours:d9c14c5bfedd3217dddc085e,osm:node:4090279692,1,,open,600,1320,0,obs:58475574006ceb0bb89f22e2
hours:b1e326c5fbf17fed93ddfb27,osm:node:4090279692,2,,open,600,1320,0,obs:58475574006ceb0bb89f22e2
hours:2ed4d7939d5fa72c6606167b,osm:node:4090279692,3,,open,600,1320,0,obs:58475574006ceb0bb89f22e2
hours:303d9fb1dc1bfbef36a661f7,osm:node:4090279692,4,,open,600,1320,0,obs:58475574006ceb0bb89f22e2
hours:0fd0919ace10431619999f4c,osm:node:4090279692,5,,open,600,1320,0,obs:58475574006ceb0bb89f22e2
hours:11dc6d2eb828da566715f1cc,osm:node:4090279692,6,,open,600,1320,0,obs:58475574006ceb0bb89f22e2
hours:75646deff49fcd7073ee83d4,osm:node:4090284259,0,,open,600,1320,0,obs:bafb9fc13d2620c51f3dc7a4
hours:a63826eeda6c406df72f81b9,osm:node:4090284259,1,,open,600,1320,0,obs:bafb9fc13d2620c51f3dc7a4
hours:d4ce9ab78a3d82d2dd8c173f,osm:node:4090284259,2,,open,600,1320,0,obs:bafb9fc13d2620c51f3dc7a4
hours:fa31bf1725549eade2999c1f,osm:node:4090284259,3,,open,600,1320,0,obs:bafb9fc13d2620c51f3dc7a4
hours:88bb2d1f377ee8bb49f7ff06,osm:node:4090284259,4,,open,600,1320,0,obs:bafb9fc13d2620c51f3dc7a4
hours:684429747966a18a87f54651,osm:node:4090284259,5,,open,600,1320,0,obs:bafb9fc13d2620c51f3dc7a4
hours:79b712bd7fa60f5e478aed9b,osm:node:4090284259,6,,open,600,1320,0,obs:bafb9fc13d2620c51f3dc7a4
hours:c9c51e7e4105f2dc1353d49f,osm:node:4090297904,0,,open,600,1320,0,obs:3b5aecdc4996dfc73dc240cb
hours:5fd35c8e41c682b5728d02a0,osm:node:4090297904,1,,open,600,1320,0,obs:3b5aecdc4996dfc73dc240cb
hours:4e6c5a1f06a0cbb687c36b12,osm:node:4090297904,2,,open,600,1320,0,obs:3b5aecdc4996dfc73dc240cb
hours:05bebb3b7de7be90f1a65435,osm:node:4090297904,3,,open,600,1320,0,obs:3b5aecdc4996dfc73dc240cb
hours:8da578d91980a1af790337a8,osm:node:4090297904,4,,open,600,1320,0,obs:3b5aecdc4996dfc73dc240cb
hours:1bddd5b3b32abcd8e81dfc0b,osm:node:4090297904,5,,open,600,1320,0,obs:3b5aecdc4996dfc73dc240cb
hours:de0f3632ffcf4287d85cff59,osm:node:4090297904,6,,open,600,1320,0,obs:3b5aecdc4996dfc73dc240cb
hours:93567f19da9f5e2d878aafc8,osm:node:4090305470,0,,open,600,1320,0,obs:2a892bdb68472175000978a4
hours:fb42fe5e4203faf7417f4ea4,osm:node:4090305470,1,,open,600,1320,0,obs:2a892bdb68472175000978a4
hours:a8dffa3ede27fbc97702d56c,osm:node:4090305470,2,,open,600,1320,0,obs:2a892bdb68472175000978a4
hours:73ca5a1f935e03f545a03af7,osm:node:4090305470,3,,open,600,1320,0,obs:2a892bdb68472175000978a4
hours:e1b3e9183d8cf61fc2424215,osm:node:4090305470,4,,open,600,1320,0,obs:2a892bdb68472175000978a4
hours:7dfecd1f15121e0f29bd9fec,osm:node:4090305470,5,,open,600,1320,0,obs:2a892bdb68472175000978a4
hours:c2c0010de630ec21b456d8d9,osm:node:4090305470,6,,open,600,1320,0,obs:2a892bdb68472175000978a4
hours:a315dc4115bd222ae993ea03,osm:node:4090309926,0,,open,600,1320,0,obs:080860f32d128bccd0aa3ec7
hours:3e5b4033790bc8be16b76772,osm:node:4090309926,1,,open,600,1320,0,obs:080860f32d128bccd0aa3ec7
hours:21e0ea7b0b88b2b5bfb3f70f,osm:node:4090309926,2,,open,600,1320,0,obs:080860f32d128bccd0aa3ec7
hours:f6f54b622f759c7fbfb1c551,osm:node:4090309926,3,,open,600,1320,0,obs:080860f32d128bccd0aa3ec7
hours:dda8303d68b14a40574dd4eb,osm:node:4090309926,4,,open,600,1320,0,obs:080860f32d128bccd0aa3ec7
hours:ec5591a49c9fb7128ab74e89,osm:node:4090309926,5,,open,600,1320,0,obs:080860f32d128bccd0aa3ec7
hours:32f4015ccece44866b4c0d0f,osm:node:4090309926,6,,open,600,1320,0,obs:080860f32d128bccd0aa3ec7
hours:03745e4722f6c0a0bcbd58bf,osm:node:4091985948,0,,open,600,1320,0,obs:7518c311bbed277b31fb904a
hours:873772c409615585a9265b50,osm:node:4091985948,1,,open,600,1320,0,obs:7518c311bbed277b31fb904a
hours:3af59507e8c0287ce5bf0c37,osm:node:4091985948,2,,open,600,1320,0,obs:7518c311bbed277b31fb904a
hours:2f2f47cf95e566cb32b3002c,osm:node:4091985948,3,,open,600,1320,0,obs:7518c311bbed277b31fb904a
hours:a804bb16b4991a50515a3a99,osm:node:4091985948,4,,open,600,1320,0,obs:7518c311bbed277b31fb904a
hours:df5da45b32b3128623a98be1,osm:node:4091985948,5,,open,600,1320,0,obs:7518c311bbed277b31fb904a
hours:4855348574c4f4df2595c0f0,osm:node:4091985948,6,,open,600,1320,0,obs:7518c311bbed277b31fb904a
hours:bf0232d45c92aa3431723aec,osm:node:4091988292,0,,open,600,1320,0,obs:dbb851222d1f8920ae891cf7
hours:0a0bdbfe6209e0a645c097f7,osm:node:4091988292,1,,open,600,1320,0,obs:dbb851222d1f8920ae891cf7
hours:7e62a07bb9d957892ac10a64,osm:node:4091988292,2,,open,600,1320,0,obs:dbb851222d1f8920ae891cf7
hours:934aba4e951ea5f763b0efef,osm:node:4091988292,3,,open,600,1320,0,obs:dbb851222d1f8920ae891cf7
hours:65edcd6a22e02ba880e09b06,osm:node:4091988292,4,,open,600,1320,0,obs:dbb851222d1f8920ae891cf7
hours:2f96cc3e2c7cc67f2b2e03a2,osm:node:4091988292,5,,open,600,1320,0,obs:dbb851222d1f8920ae891cf7
hours:629b1540d6adf0c763cd6149,osm:node:4091988292,6,,open,600,1320,0,obs:dbb851222d1f8920ae891cf7
hours:5c625343dccf9f7916940ebd,osm:node:4091994843,0,,open,600,1320,0,obs:0d0114d65317687752e0fdb5
hours:db15dab6e417bd149e23b71e,osm:node:4091994843,1,,open,600,1320,0,obs:0d0114d65317687752e0fdb5
hours:668ac8882c2dfdf0fa110b1e,osm:node:4091994843,2,,open,600,1320,0,obs:0d0114d65317687752e0fdb5
hours:fd1060204f2e22c23632489f,osm:node:4091994843,3,,open,600,1320,0,obs:0d0114d65317687752e0fdb5
hours:7d4d6378db67bf3fada00d1e,osm:node:4091994843,4,,open,600,1320,0,obs:0d0114d65317687752e0fdb5
hours:01f9216d92d880fd889e1ca3,osm:node:4091994843,5,,open,600,1320,0,obs:0d0114d65317687752e0fdb5
hours:c6e5e7c9392819bbc4ad9c35,osm:node:4091994843,6,,open,600,1320,0,obs:0d0114d65317687752e0fdb5
hours:629e530f780234478e68f702,osm:node:4091998924,0,,open,600,1320,0,obs:4af5e3aa1787e45e5dd74223
hours:484ce1fe873b4cb457910fe2,osm:node:4091998924,1,,open,600,1320,0,obs:4af5e3aa1787e45e5dd74223
hours:e1e894f13513033a06c4c69f,osm:node:4091998924,2,,open,600,1320,0,obs:4af5e3aa1787e45e5dd74223
hours:696e53f076c4e4b129e99019,osm:node:4091998924,3,,open,600,1320,0,obs:4af5e3aa1787e45e5dd74223
hours:a802c31538495e42f8b5e73b,osm:node:4091998924,4,,open,600,1320,0,obs:4af5e3aa1787e45e5dd74223
hours:9e9def14c448e77e543b138f,osm:node:4091998924,5,,open,600,1320,0,obs:4af5e3aa1787e45e5dd74223
hours:2bd59eaa582b46c7073518a6,osm:node:4091998924,6,,open,600,1320,0,obs:4af5e3aa1787e45e5dd74223
hours:df9660a552c0d222228b049d,osm:node:4131859590,0,,open,0,1440,0,obs:3e671befe3f4ba9331404fe4
hours:adbb14a8d1264e800bb81153,osm:node:4131859590,1,,open,0,1440,0,obs:3e671befe3f4ba9331404fe4
hours:c51e534a16019a82acd785cf,osm:node:4131859590,2,,open,0,1440,0,obs:3e671befe3f4ba9331404fe4
hours:892cac9c6be35c48a1337fbf,osm:node:4131859590,3,,open,0,1440,0,obs:3e671befe3f4ba9331404fe4
hours:9002732a8fb2db06b36e0a7d,osm:node:4131859590,4,,open,0,1440,0,obs:3e671befe3f4ba9331404fe4
hours:980980b54021ac5162335dcd,osm:node:4131859590,5,,open,0,1440,0,obs:3e671befe3f4ba9331404fe4
hours:87bd2104c3dca173337fe6ef,osm:node:4131859590,6,,open,0,1440,0,obs:3e671befe3f4ba9331404fe4
hours:30a97071ff48cf01dd280fa6,osm:node:4186819465,0,,open,360,1230,0,obs:8ff700d313356cf2de0c27e4
hours:14a00637750e564d54b27e6d,osm:node:4186819465,1,,open,360,1230,0,obs:8ff700d313356cf2de0c27e4
hours:a23224092d013c49d5d163ae,osm:node:4186819465,2,,open,360,1230,0,obs:8ff700d313356cf2de0c27e4
hours:4dd7d33e1c54bae66fe029fe,osm:node:4186819465,3,,open,360,1230,0,obs:8ff700d313356cf2de0c27e4
hours:f6f051f3b045772dfcbeb982,osm:node:4186819465,4,,open,360,1230,0,obs:8ff700d313356cf2de0c27e4
hours:4d8ba40ef80fc853832748d0,osm:node:4186819465,5,,open,360,1230,0,obs:8ff700d313356cf2de0c27e4
hours:d0fd333ab87ec49ad290eba8,osm:node:4186819465,6,,open,360,1230,0,obs:8ff700d313356cf2de0c27e4
hours:9bbfbe68f74dde83f0c6f72e,osm:node:4205271789,0,,open,540,1380,0,obs:473a0bd1a68d3b3c660edf34
hours:6052065733957b2c51ad055b,osm:node:4205271789,1,,open,540,1380,0,obs:473a0bd1a68d3b3c660edf34
hours:ee1700b45e1cdf90434f15d8,osm:node:4205271789,2,,open,540,1380,0,obs:473a0bd1a68d3b3c660edf34
hours:e75c447416b13777a6c98d30,osm:node:4205271789,3,,open,540,1380,0,obs:473a0bd1a68d3b3c660edf34
hours:6b75f2a3a98c4bfdbfa1fc1d,osm:node:4205271789,4,,open,540,1380,0,obs:473a0bd1a68d3b3c660edf34
hours:53b02be997a8ddc7319f12a6,osm:node:4205271789,5,,open,540,1380,0,obs:473a0bd1a68d3b3c660edf34
hours:015a792500591e45e40dd205,osm:node:4205271789,6,,open,540,1380,0,obs:473a0bd1a68d3b3c660edf34
hours:81eb1f790e375b34549919d3,osm:node:4210706604,0,,open,420,1380,0,obs:6b740836ecc755723dff258e
hours:85627ccd8a8e1f48b50d18f9,osm:node:4210706604,1,,open,420,1380,0,obs:6b740836ecc755723dff258e
hours:a8b6b16b33bb43bf134e206e,osm:node:4210706604,2,,open,420,1380,0,obs:6b740836ecc755723dff258e
hours:a9ee500e215b1f470f1dbf6d,osm:node:4210706604,3,,open,420,1380,0,obs:6b740836ecc755723dff258e
hours:3ed655d012a265ecf0c5854a,osm:node:4210706604,4,,open,420,1380,0,obs:6b740836ecc755723dff258e
hours:122a2c9b916bfc40b4491614,osm:node:4210706604,5,,open,420,1380,0,obs:6b740836ecc755723dff258e
hours:6d3a1282aed865f8249402ab,osm:node:4210706604,6,,open,420,1380,0,obs:6b740836ecc755723dff258e
hours:4d4447b3207ed049a2e54b93,osm:node:4217845890,0,,open,480,1320,0,obs:87d55de38cdc36158b401f6c
hours:86d265df41f9d6586aa41da5,osm:node:4217845890,1,,open,480,1320,0,obs:87d55de38cdc36158b401f6c
hours:e5b1fc9fd48586325beff06a,osm:node:4217845890,2,,open,480,1320,0,obs:87d55de38cdc36158b401f6c
hours:3f6ad422f10df8560d999c80,osm:node:4217845890,3,,open,480,1320,0,obs:87d55de38cdc36158b401f6c
hours:9c4e8760b5dd0d3090270522,osm:node:4217845890,4,,open,480,1320,0,obs:87d55de38cdc36158b401f6c
hours:39a01b6d43924040a7eacfe5,osm:node:4217845890,5,,open,480,1320,0,obs:87d55de38cdc36158b401f6c
hours:08768c95958a1b5de4179a02,osm:node:4217845890,6,,open,480,1320,0,obs:87d55de38cdc36158b401f6c
hours:eba875ce1592ca45a13e66ef,osm:node:4217848289,0,,open,480,1320,0,obs:bd5ca5dbd65cca846f419f29
hours:f8a1263aec896f6d4db07a83,osm:node:4217848289,1,,open,480,1320,0,obs:bd5ca5dbd65cca846f419f29
hours:532ac1e672549d4d9569ed34,osm:node:4217848289,2,,open,480,1320,0,obs:bd5ca5dbd65cca846f419f29
hours:dd6c9d9c5c85a04f88ad3ac0,osm:node:4217848289,3,,open,480,1320,0,obs:bd5ca5dbd65cca846f419f29
hours:b31c9b9e59db955061cd995d,osm:node:4217848289,4,,open,480,1320,0,obs:bd5ca5dbd65cca846f419f29
hours:761d763cc7a1eab5a2df62ed,osm:node:4217848289,5,,open,480,1320,0,obs:bd5ca5dbd65cca846f419f29
hours:37f5c7639f48ed3fd4b14cb7,osm:node:4217848289,6,,open,480,1320,0,obs:bd5ca5dbd65cca846f419f29
hours:5f80c471ea78d56bbd2578b6,osm:node:4221031594,0,,open,540,1320,0,obs:810515da6d85254639adb445
hours:85d12fb5b93acf6e44e09cdd,osm:node:4221031594,1,,open,540,1320,0,obs:810515da6d85254639adb445
hours:0883a083b92492688d2f7e34,osm:node:4221031594,2,,open,540,1320,0,obs:810515da6d85254639adb445
hours:ab8f02db8d8c9769cdc83ace,osm:node:4221031594,3,,open,540,1320,0,obs:810515da6d85254639adb445
hours:2ea8397b119711ecc60a8608,osm:node:4221031594,4,,open,540,1320,0,obs:810515da6d85254639adb445
hours:9b6dcfa8909d126901d6d002,osm:node:4221031594,5,,open,540,1320,0,obs:810515da6d85254639adb445
hours:059551297459a183f967e3b3,osm:node:4221031594,6,,open,540,1320,0,obs:810515da6d85254639adb445
hours:dc9b0d2e1ff6f1ac51de3a2a,osm:node:4225643190,0,,open,600,1260,0,obs:bf0e89384399c177cf250554
hours:106790d5aacc16e4c2acc6cb,osm:node:4225643190,1,,open,600,1260,0,obs:bf0e89384399c177cf250554
hours:427649ba6cb7d0d7598db283,osm:node:4225643190,2,,open,600,1260,0,obs:bf0e89384399c177cf250554
hours:c51711189ac92b4f04f5f695,osm:node:4225643190,3,,open,600,1260,0,obs:bf0e89384399c177cf250554
hours:a1fe603aa508e662e9b31c8c,osm:node:4225643190,4,,open,600,1260,0,obs:bf0e89384399c177cf250554
hours:8042e0a9d5a6ab863ca90350,osm:node:4225643190,5,,open,600,1260,0,obs:bf0e89384399c177cf250554
hours:347279c5502e90deb3124be8,osm:node:4225643190,6,,open,600,1260,0,obs:bf0e89384399c177cf250554
hours:0ef510a739af7ba220474ca8,osm:node:4226277399,0,,open,660,840,0,obs:f2bd43be6e8b85fec8fa3a9a
hours:4187b0b2f37a49e15b31f4b8,osm:node:4226277399,0,,open,1020,1320,0,obs:f2bd43be6e8b85fec8fa3a9a
hours:f4af68f90405afc609cc9128,osm:node:4226277399,1,,open,660,840,0,obs:f2bd43be6e8b85fec8fa3a9a
hours:ad630f6a884e6ad83f378a9b,osm:node:4226277399,1,,open,1020,1320,0,obs:f2bd43be6e8b85fec8fa3a9a
hours:c50fc69c97ca2b63f7ef6f67,osm:node:4226277399,2,,open,660,840,0,obs:f2bd43be6e8b85fec8fa3a9a
hours:b0e7c41db0efdc17b160d23e,osm:node:4226277399,2,,open,1020,1320,0,obs:f2bd43be6e8b85fec8fa3a9a
hours:e4cb150a2bd557e79ce2ece3,osm:node:4226277399,3,,open,660,840,0,obs:f2bd43be6e8b85fec8fa3a9a
hours:523b8e208db9e78696f65f3c,osm:node:4226277399,3,,open,1020,1320,0,obs:f2bd43be6e8b85fec8fa3a9a
hours:3aed93b71d26f6ee8b40264b,osm:node:4226277399,4,,open,660,840,0,obs:f2bd43be6e8b85fec8fa3a9a
hours:781607449d2fc3a3fe109ce8,osm:node:4226277399,4,,open,1020,1320,0,obs:f2bd43be6e8b85fec8fa3a9a
hours:99ef4ef77cfd7dad7838bef9,osm:node:4226277399,5,,open,660,840,0,obs:f2bd43be6e8b85fec8fa3a9a
hours:e605a11ffe1db8635a50ced4,osm:node:4226277399,5,,open,1020,1320,0,obs:f2bd43be6e8b85fec8fa3a9a
hours:ea23e4acb47f9a35cc33e782,osm:node:4226277399,6,,open,660,840,0,obs:f2bd43be6e8b85fec8fa3a9a
hours:9aad341bc5dd3e02eec0a092,osm:node:4226277399,6,,open,1020,1320,0,obs:f2bd43be6e8b85fec8fa3a9a
hours:162b49778c1d952372a42d37,osm:node:4227974092,0,,open,510,1350,0,obs:9e44fa71cc77c1e84b63ff57
hours:f913517507908865845aba73,osm:node:4227974092,1,,open,510,1350,0,obs:9e44fa71cc77c1e84b63ff57
hours:069f932af67e534925b93a55,osm:node:4227974092,2,,open,510,1350,0,obs:9e44fa71cc77c1e84b63ff57
hours:030606778ab27df7954a5871,osm:node:4227974092,3,,open,510,1350,0,obs:9e44fa71cc77c1e84b63ff57
hours:f47b5df50bec38794eb17e74,osm:node:4227974092,4,,open,510,1350,0,obs:9e44fa71cc77c1e84b63ff57
hours:5a682c1b8be95a9cbc95a1ed,osm:node:4227974092,5,,open,510,1350,0,obs:9e44fa71cc77c1e84b63ff57
hours:efb9509a5fec0171e1454350,osm:node:4227974092,6,,open,510,1350,0,obs:9e44fa71cc77c1e84b63ff57
hours:49f3e4b7a763e337bb8bab4c,osm:node:423736651,0,,open,420,1380,0,obs:d7eb558d4c2080803fbf39da
hours:e8f178fedd268c91707a5a8e,osm:node:423736651,1,,open,420,1380,0,obs:d7eb558d4c2080803fbf39da
hours:d27b6ec22a9a8453594b894b,osm:node:423736651,2,,open,420,1380,0,obs:d7eb558d4c2080803fbf39da
hours:d146597d0d4dd50f4cfc1848,osm:node:423736651,3,,open,420,1380,0,obs:d7eb558d4c2080803fbf39da
hours:8a7d6f9038573e0c246818ee,osm:node:423736651,4,,open,420,1380,0,obs:d7eb558d4c2080803fbf39da
hours:a315a70e0a8c366005c6451f,osm:node:423736651,5,,open,420,1380,0,obs:d7eb558d4c2080803fbf39da
hours:b7356186eb98d42ccd529893,osm:node:423736651,6,,open,420,1380,0,obs:d7eb558d4c2080803fbf39da
hours:1bab0c35d0870a6fe21fd17b,osm:node:4253896690,0,,open,450,1020,0,obs:d11bc071c1f45a2c1643996a
hours:8575f7963c5c66d9d5730175,osm:node:4253896690,1,,open,450,1020,0,obs:d11bc071c1f45a2c1643996a
hours:702aaf8668897ecfa40c8f01,osm:node:4253896690,2,,open,450,1020,0,obs:d11bc071c1f45a2c1643996a
hours:e63bacad5dc0b61df3156031,osm:node:4253896690,3,,open,450,1020,0,obs:d11bc071c1f45a2c1643996a
hours:ad9536d103751f3f1fb5b6c5,osm:node:4253896690,4,,open,450,1020,0,obs:d11bc071c1f45a2c1643996a
hours:67298eea4dd747ff00344038,osm:node:4253896690,5,,open,450,1020,0,obs:d11bc071c1f45a2c1643996a
hours:2fc2436fe03e9c122cce8841,osm:node:4253896690,6,,open,450,1020,0,obs:d11bc071c1f45a2c1643996a
hours:5c66111c8bdcb924c02ed572,osm:node:4255651589,0,,open,540,1260,0,obs:578e49c1a6563bd3549f62cf
hours:8b4c99a74831fd20593df4d5,osm:node:4255651589,1,,open,540,1260,0,obs:578e49c1a6563bd3549f62cf
hours:d0a73a7cd6306d6c56093757,osm:node:4255651589,2,,open,540,1260,0,obs:578e49c1a6563bd3549f62cf
hours:a621d6f265a07a35a0d12da0,osm:node:4255651589,3,,open,540,1260,0,obs:578e49c1a6563bd3549f62cf
hours:7c09d8a0ccd7b7cfd3a413ff,osm:node:4255651589,4,,open,540,1260,0,obs:578e49c1a6563bd3549f62cf
hours:22328728a4d69427dff86ce1,osm:node:4255651589,5,,open,540,1260,0,obs:578e49c1a6563bd3549f62cf
hours:e472d3689a1aeffb1b51913c,osm:node:4255651589,6,,open,540,1260,0,obs:578e49c1a6563bd3549f62cf
hours:5a6555362de33b89e81aed70,osm:node:4258046056,0,,open,480,1380,0,obs:ff49f821e8c4a20f2722ecfb
hours:83e813f7b0a4639575095b36,osm:node:4258046056,1,,open,480,1380,0,obs:ff49f821e8c4a20f2722ecfb
hours:be1f87f9a7c103173b4a4e46,osm:node:4258046056,2,,open,480,1380,0,obs:ff49f821e8c4a20f2722ecfb
hours:282c7a8bf5947215cae58d8a,osm:node:4258046056,3,,open,480,1380,0,obs:ff49f821e8c4a20f2722ecfb
hours:59031c283966985213179bd4,osm:node:4258046056,4,,open,480,1380,0,obs:ff49f821e8c4a20f2722ecfb
hours:d990ffe0e5d462464bc0225c,osm:node:4258046056,5,,open,480,1380,0,obs:ff49f821e8c4a20f2722ecfb
hours:7e833df25073d62e6d903731,osm:node:4258046056,6,,open,480,1380,0,obs:ff49f821e8c4a20f2722ecfb
hours:bdb9f26e03720339e00803e3,osm:node:4260382168,0,,open,1020,1380,0,obs:f41338c13ae5ee1c2d45333f
hours:52bdb5d1c5177ec23347f039,osm:node:4260382168,1,,open,1020,1380,0,obs:f41338c13ae5ee1c2d45333f
hours:250608ed18a43f944164da22,osm:node:4260382168,2,,open,1020,1380,0,obs:f41338c13ae5ee1c2d45333f
hours:cd2ec202bcb87c0e8e48f480,osm:node:4260382168,3,,open,1020,1380,0,obs:f41338c13ae5ee1c2d45333f
hours:60f111feb7287d0bce85c6b5,osm:node:4260382168,4,,open,1020,1380,0,obs:f41338c13ae5ee1c2d45333f
hours:17fcf5906021dbd7ca624344,osm:node:4260382168,5,,open,1020,1380,0,obs:f41338c13ae5ee1c2d45333f
hours:bdeb395eef14766879790419,osm:node:4260382168,6,,open,1020,1380,0,obs:f41338c13ae5ee1c2d45333f
hours:45d57a383b30c35c64753df3,osm:node:4266180498,0,,open,450,1410,0,obs:1be879dfb09dd079e0c96dbe
hours:bbc2b702921784897bde4c05,osm:node:4266180498,1,,open,450,1410,0,obs:1be879dfb09dd079e0c96dbe
hours:bde8d6fb4749cb78feb4afe1,osm:node:4266180498,2,,open,450,1410,0,obs:1be879dfb09dd079e0c96dbe
hours:21c3bdeea79f938ae9dade77,osm:node:4266180498,3,,open,450,1410,0,obs:1be879dfb09dd079e0c96dbe
hours:44f5d09fe61b463a3b12adb7,osm:node:4266180498,4,,open,450,1410,0,obs:1be879dfb09dd079e0c96dbe
hours:90542605208da0e82d1ed992,osm:node:4266180498,5,,open,450,1410,0,obs:1be879dfb09dd079e0c96dbe
hours:60cb40ce0c9907d63cd51f93,osm:node:4266180498,6,,open,450,1410,0,obs:1be879dfb09dd079e0c96dbe
hours:bc43b57bf4e0c72bf5822c48,osm:node:4266207190,0,,open,420,1380,0,obs:72adbe6f6df10ffd23b7d544
hours:1b5da02a16c9c412f08a8335,osm:node:4266207190,1,,open,420,1380,0,obs:72adbe6f6df10ffd23b7d544
hours:00b17405c37cde3017e1911b,osm:node:4266207190,2,,open,420,1380,0,obs:72adbe6f6df10ffd23b7d544
hours:982f8807edef7604b31d69c8,osm:node:4266207190,3,,open,420,1380,0,obs:72adbe6f6df10ffd23b7d544
hours:15812ed5554b5ab27f751db2,osm:node:4266207190,4,,open,420,1380,0,obs:72adbe6f6df10ffd23b7d544
hours:a3a5df37ca0450cf004c7459,osm:node:4266207190,5,,open,420,1380,0,obs:72adbe6f6df10ffd23b7d544
hours:08ebc25377b464863d81041b,osm:node:4266207190,6,,open,420,1380,0,obs:72adbe6f6df10ffd23b7d544
hours:ab8f5412bdace6f065ba8662,osm:node:4279536690,0,,open,390,1260,0,obs:76ceb62e639750881eab8e44
hours:dcf8271117f94dc6860954c4,osm:node:4279536690,1,,open,390,1260,0,obs:76ceb62e639750881eab8e44
hours:c77722b483702b6bfd084d0b,osm:node:4279536690,2,,open,390,1260,0,obs:76ceb62e639750881eab8e44
hours:781aab043f3dae0a260d919e,osm:node:4279536690,3,,open,390,1260,0,obs:76ceb62e639750881eab8e44
hours:69f3b2b7e4c5b70ef602c3b8,osm:node:4279536690,4,,open,390,1260,0,obs:76ceb62e639750881eab8e44
hours:e9072bf7f45eb79af2c351c1,osm:node:4279536690,5,,open,390,1260,0,obs:76ceb62e639750881eab8e44
hours:60afac0a345407b04e8316f1,osm:node:4279536690,6,,open,390,1260,0,obs:76ceb62e639750881eab8e44
hours:6ebd2fe89620bf2d9935f61a,osm:node:4281628989,0,,open,420,1380,0,obs:d4f44a324b2739f4d0e971c0
hours:4da470893deefde043b543b4,osm:node:4281628989,1,,open,420,1380,0,obs:d4f44a324b2739f4d0e971c0
hours:d272cdb10345ac86d452c55a,osm:node:4281628989,2,,open,420,1380,0,obs:d4f44a324b2739f4d0e971c0
hours:97bef782706aac6ec485bdc9,osm:node:4281628989,3,,open,420,1380,0,obs:d4f44a324b2739f4d0e971c0
hours:4cafd26e6547f7ae5df0e1a3,osm:node:4281628989,4,,open,420,1380,0,obs:d4f44a324b2739f4d0e971c0
hours:32b777dbea6373a99d05af3c,osm:node:4281628989,5,,open,420,1380,0,obs:d4f44a324b2739f4d0e971c0
hours:ee5721b2e945d45b917b76e3,osm:node:4281628989,6,,open,420,1380,0,obs:d4f44a324b2739f4d0e971c0
hours:b5b35c73a851509da5b06b63,osm:node:4301483689,0,,open,300,1080,0,obs:b38098988a9b2fb9c8b55400
hours:9d25fa99e76a4c21cfd8b990,osm:node:4301483689,1,,open,300,1080,0,obs:b38098988a9b2fb9c8b55400
hours:853a035e92f2515fd84f1291,osm:node:4301483689,2,,open,300,1080,0,obs:b38098988a9b2fb9c8b55400
hours:270ebcfd57e8b3b6e96b4c43,osm:node:4301483689,3,,open,300,1080,0,obs:b38098988a9b2fb9c8b55400
hours:84e6419baf61fa8e1cdc4fc3,osm:node:4301483689,4,,open,300,1080,0,obs:b38098988a9b2fb9c8b55400
hours:5b8921e00a8ba52891dc102a,osm:node:4301483689,5,,open,300,1080,0,obs:b38098988a9b2fb9c8b55400
hours:60fd20a35a6052e6017a3dc3,osm:node:4301483689,6,,open,300,1080,0,obs:b38098988a9b2fb9c8b55400
hours:63426461cfe99351492d775c,osm:node:4327534896,0,,open,600,1260,0,obs:abc2ecc81da2aacc04218ebe
hours:8a4f9cdb524908732decbae8,osm:node:4327534896,1,,open,600,1260,0,obs:abc2ecc81da2aacc04218ebe
hours:2a88409b399a95d3c5e359dc,osm:node:4327534896,2,,open,600,1260,0,obs:abc2ecc81da2aacc04218ebe
hours:ed5fba53df0332ff5d26038f,osm:node:4327534896,3,,open,600,1260,0,obs:abc2ecc81da2aacc04218ebe
hours:8b12bd02f26d719bdedac8c7,osm:node:4327534896,4,,open,600,1260,0,obs:abc2ecc81da2aacc04218ebe
hours:78d47a3a01c0d84281f448e8,osm:node:4327534896,5,,open,600,1260,0,obs:abc2ecc81da2aacc04218ebe
hours:8a60bb418680c3a24230383a,osm:node:4327534896,6,,open,600,1260,0,obs:abc2ecc81da2aacc04218ebe
hours:c754bdc0a31c929765bea57c,osm:node:4327575692,0,,open,600,1230,0,obs:ecf8c13006a09a5b5c46520e
hours:39e1ecb9285dcf94f0fbcfcd,osm:node:4327575692,1,,open,600,1230,0,obs:ecf8c13006a09a5b5c46520e
hours:54e8b97fe90f1449a66173ad,osm:node:4327575692,2,,open,600,1230,0,obs:ecf8c13006a09a5b5c46520e
hours:c8cd251c1b7dab7576dd3061,osm:node:4327575692,3,,open,600,1230,0,obs:ecf8c13006a09a5b5c46520e
hours:3d4ee24f07a2f600be77673b,osm:node:4327575692,4,,open,600,1230,0,obs:ecf8c13006a09a5b5c46520e
hours:caf8115c776e86b136bb7c27,osm:node:4327575692,5,,open,600,1230,0,obs:ecf8c13006a09a5b5c46520e
hours:dd4e587360fed2926288d7e7,osm:node:4327575692,6,,open,600,1230,0,obs:ecf8c13006a09a5b5c46520e
hours:a2587451d9dd4c24ae9257a7,osm:node:4339674497,0,,open,0,1440,0,obs:16ce6e7d08901f38f19603f0
hours:3cccc27ef92dc4255aa6a223,osm:node:4339674497,1,,open,0,1440,0,obs:16ce6e7d08901f38f19603f0
hours:a5131e8f50f6a2141fc5b0ef,osm:node:4339674497,2,,open,0,1440,0,obs:16ce6e7d08901f38f19603f0
hours:287708c3c6d14a31bad86c93,osm:node:4339674497,3,,open,0,1440,0,obs:16ce6e7d08901f38f19603f0
hours:9e7aacea3a7b0990cf22668d,osm:node:4339674497,4,,open,0,1440,0,obs:16ce6e7d08901f38f19603f0
hours:bb1ffb8b54fee2a077165442,osm:node:4339674497,5,,open,0,1440,0,obs:16ce6e7d08901f38f19603f0
hours:ffe6e4319c525a6fbe8045bb,osm:node:4339674497,6,,open,0,1440,0,obs:16ce6e7d08901f38f19603f0
hours:8bafce7e70df0d47a2c4cd5e,osm:node:4339674598,0,,open,600,1320,0,obs:c734472ddef9e0bb9d6ed07e
hours:5b696ca6a12cbba5a0376a83,osm:node:4339674598,1,,open,600,1320,0,obs:c734472ddef9e0bb9d6ed07e
hours:a9671e2e7d979186ddcb7807,osm:node:4339674598,2,,open,600,1320,0,obs:c734472ddef9e0bb9d6ed07e
hours:1794c1b4132448724759590f,osm:node:4339674598,3,,open,600,1320,0,obs:c734472ddef9e0bb9d6ed07e
hours:811de531cd5f879d9e01ef59,osm:node:4339674598,4,,open,600,1320,0,obs:c734472ddef9e0bb9d6ed07e
hours:e8ce9597c3c6bdf444ad5f8d,osm:node:4339674598,5,,open,600,1320,0,obs:c734472ddef9e0bb9d6ed07e
hours:9f28b908e6d3882c85264e6e,osm:node:4339674598,6,,open,600,1320,0,obs:c734472ddef9e0bb9d6ed07e
hours:ce6c07f6ac3728225ce5061c,osm:node:4343966693,0,,open,600,1320,0,obs:a58032adcfd023a94755a88b
hours:cbf123feae6eeb3f30353530,osm:node:4343966693,1,,open,600,1320,0,obs:a58032adcfd023a94755a88b
hours:c9414fdd5453cc401b7f89fa,osm:node:4343966693,2,,open,600,1320,0,obs:a58032adcfd023a94755a88b
hours:8153321129c833116717589e,osm:node:4343966693,3,,open,600,1320,0,obs:a58032adcfd023a94755a88b
hours:29c0459570b876071a7a3c81,osm:node:4343966693,4,,open,600,1320,0,obs:a58032adcfd023a94755a88b
hours:d8eb8823d9dff17f04f5ed47,osm:node:4343966693,5,,open,600,1320,0,obs:a58032adcfd023a94755a88b
hours:9c2e81fc3c3453dbf733c47a,osm:node:4343966693,6,,open,600,1320,0,obs:a58032adcfd023a94755a88b
hours:60839bcad1ae8a6909b46ec5,osm:node:4347237636,0,,open,540,1260,0,obs:330baece78f5bbab4eddc19e
hours:cb506a170be1d50d17103334,osm:node:4347237636,2,,open,540,1260,0,obs:330baece78f5bbab4eddc19e
hours:0d92511950c36997be80871b,osm:node:4347237636,3,,open,540,1260,0,obs:330baece78f5bbab4eddc19e
hours:a74d1e3a438c8c5809f03398,osm:node:4347237636,4,,open,540,1260,0,obs:330baece78f5bbab4eddc19e
hours:c58d4c582c999708be830db2,osm:node:4347237636,5,,open,540,1260,0,obs:330baece78f5bbab4eddc19e
hours:e097c7a1d6d2e26603d4436c,osm:node:4347237636,6,,open,540,1260,0,obs:330baece78f5bbab4eddc19e
hours:15b1c3c89f602648b251461f,osm:node:4352229289,0,,open,720,1320,0,obs:c51b3b0b17f16028c4e72f64
hours:485fa024acb311b05f753eed,osm:node:4352229289,1,,open,720,1320,0,obs:c51b3b0b17f16028c4e72f64
hours:f36113f2cb7439a8addddb69,osm:node:4352229289,2,,open,720,1320,0,obs:c51b3b0b17f16028c4e72f64
hours:d03052cb28a465212736e620,osm:node:4352229289,3,,open,720,1320,0,obs:c51b3b0b17f16028c4e72f64
hours:1868168762a939bc16a2f3bd,osm:node:4352229289,4,,open,720,1320,0,obs:c51b3b0b17f16028c4e72f64
hours:eb5a921f7f8fece3366a794c,osm:node:4352229289,5,,open,720,1320,0,obs:c51b3b0b17f16028c4e72f64
hours:216348ca4471fc9ef932cc14,osm:node:4352229289,6,,open,720,1320,0,obs:c51b3b0b17f16028c4e72f64
hours:693377bcd90911f46129f848,osm:node:4352237791,0,,open,660,720,0,obs:ff4c9ba67eb302d81549a08b
hours:17658884f671a4d594a8b0b7,osm:node:4352237791,0,,open,1020,1350,0,obs:ff4c9ba67eb302d81549a08b
hours:80079596f06af6c4475d556f,osm:node:4352237791,1,,open,660,720,0,obs:ff4c9ba67eb302d81549a08b
hours:2e2640a86ca4696d57ef61c6,osm:node:4352237791,1,,open,1020,1350,0,obs:ff4c9ba67eb302d81549a08b
hours:6c7fc01ae1fdc2bfc0b79ae0,osm:node:4352237791,2,,open,660,720,0,obs:ff4c9ba67eb302d81549a08b
hours:375eb48136ded5246446bbb2,osm:node:4352237791,2,,open,1020,1350,0,obs:ff4c9ba67eb302d81549a08b
hours:7ad22f28f293ced48468cad1,osm:node:4352237791,3,,open,660,720,0,obs:ff4c9ba67eb302d81549a08b
hours:a60c67d67012e24c599f07f6,osm:node:4352237791,3,,open,1020,1350,0,obs:ff4c9ba67eb302d81549a08b
hours:b2fff756e8b64203933d3fc7,osm:node:4352237791,4,,open,660,720,0,obs:ff4c9ba67eb302d81549a08b
hours:80de808118d23a81b1a00de8,osm:node:4352237791,4,,open,1020,1350,0,obs:ff4c9ba67eb302d81549a08b
hours:c25864f4687737d78fabc534,osm:node:4352237791,5,,open,660,720,0,obs:ff4c9ba67eb302d81549a08b
hours:08f84406d2a58410763fcefd,osm:node:4352237791,5,,open,1020,1350,0,obs:ff4c9ba67eb302d81549a08b
hours:3cccbc4a2953f55c807bfbe6,osm:node:4352237791,6,,open,660,720,0,obs:ff4c9ba67eb302d81549a08b
hours:21c8b357c065b7f14914d5b4,osm:node:4352237791,6,,open,1020,1350,0,obs:ff4c9ba67eb302d81549a08b
hours:46a5ede500a973985c12b720,osm:node:4352266089,0,,open,600,1320,0,obs:5c960ab5e033a442456d1d25
hours:f511c8b7817cb509390125f6,osm:node:4352266089,1,,open,600,1320,0,obs:5c960ab5e033a442456d1d25
hours:7d37531f53ed311729daa532,osm:node:4352266089,2,,open,600,1320,0,obs:5c960ab5e033a442456d1d25
hours:fc5b13e21e8642e76f2787e0,osm:node:4352266089,3,,open,600,1320,0,obs:5c960ab5e033a442456d1d25
hours:cd5b3ea9584cc98fe9433330,osm:node:4352266089,4,,open,600,1320,0,obs:5c960ab5e033a442456d1d25
hours:02d08f81042d8741a4af7794,osm:node:4352266089,5,,open,600,1320,0,obs:5c960ab5e033a442456d1d25
hours:9ff82a840b0d60a494ad2f1c,osm:node:4352266089,6,,open,600,1320,0,obs:5c960ab5e033a442456d1d25
hours:78e45a10cc6be89951d19b50,osm:node:4366361510,0,,open,420,600,0,obs:1d982ff3fdd1fbe56a47983c
hours:f62cd0126fdd1c4881780eaa,osm:node:4366361510,1,,open,420,600,0,obs:1d982ff3fdd1fbe56a47983c
hours:2b323ed025335637bc8878c4,osm:node:4366361510,2,,open,420,600,0,obs:1d982ff3fdd1fbe56a47983c
hours:b426d58ca42aa9a23724d1d8,osm:node:4366361510,3,,open,420,600,0,obs:1d982ff3fdd1fbe56a47983c
hours:d3a67d8e955fb6224688cb43,osm:node:4366361510,4,,open,420,600,0,obs:1d982ff3fdd1fbe56a47983c
hours:85e585b08463a98bae37ca20,osm:node:4366361510,5,,open,420,600,0,obs:1d982ff3fdd1fbe56a47983c
hours:3dd547d78e3078e70b3b8546,osm:node:4366361510,6,,open,420,600,0,obs:1d982ff3fdd1fbe56a47983c
hours:a80b54f066f9d230f45e17d6,osm:node:4378701501,0,,open,330,1200,0,obs:c3fd977e54e5e9ea635ac3e8
hours:8e7b7b43eae5eb4b2c126eeb,osm:node:4378701501,1,,open,330,1200,0,obs:c3fd977e54e5e9ea635ac3e8
hours:28750cd9ac69dfd154dbdb37,osm:node:4378701501,2,,open,330,1200,0,obs:c3fd977e54e5e9ea635ac3e8
hours:dbdd78b40bc3f174248aa307,osm:node:4378701501,3,,open,330,1200,0,obs:c3fd977e54e5e9ea635ac3e8
hours:66015157b8e1c4a63c93566c,osm:node:4378701501,4,,open,330,1200,0,obs:c3fd977e54e5e9ea635ac3e8
hours:d6eebadcb7973b63040faa37,osm:node:4378701501,5,,open,330,1200,0,obs:c3fd977e54e5e9ea635ac3e8
hours:c9848613ef4104aeb38827a4,osm:node:4378701501,6,,open,330,1200,0,obs:c3fd977e54e5e9ea635ac3e8
hours:33f0ea8a363d93cefa6f2e9a,osm:node:4381918992,0,,open,480,1380,0,obs:05cd35ee3a7144649954c5f7
hours:5d2d3b9778c4fcb1890c24d0,osm:node:4381918992,1,,open,480,1380,0,obs:05cd35ee3a7144649954c5f7
hours:434ae7ed37cead6c3110925b,osm:node:4381918992,2,,open,480,1380,0,obs:05cd35ee3a7144649954c5f7
hours:9047f82c69bc715b7cbfa311,osm:node:4381918992,3,,open,480,1380,0,obs:05cd35ee3a7144649954c5f7
hours:53c7486c029db746a874a0c3,osm:node:4381918992,4,,open,480,1380,0,obs:05cd35ee3a7144649954c5f7
hours:5ed93ba0cfeb4240df1dac5c,osm:node:4381918992,5,,open,480,1380,0,obs:05cd35ee3a7144649954c5f7
hours:ab29ae64a5f614cfb314ca64,osm:node:4381918992,6,,open,480,1380,0,obs:05cd35ee3a7144649954c5f7
hours:41f293dea2373982fdca0f06,osm:node:4381924889,0,,open,390,1290,0,obs:2a322fe11402ea57b0849e63
hours:f29e0fdff0d812a4ac1630a2,osm:node:4381924889,1,,open,390,1290,0,obs:2a322fe11402ea57b0849e63
hours:67e2fcb7fc3d1259c15e1c3f,osm:node:4381924889,2,,open,390,1290,0,obs:2a322fe11402ea57b0849e63
hours:37c6b4a8d19887c8c88a6af8,osm:node:4381924889,3,,open,390,1290,0,obs:2a322fe11402ea57b0849e63
hours:a6e9144eacc12031cce90d62,osm:node:4381924889,4,,open,390,1290,0,obs:2a322fe11402ea57b0849e63
hours:937e89e6baa8dee24de0a05d,osm:node:4381924889,5,,open,390,1290,0,obs:2a322fe11402ea57b0849e63
hours:8dd67d144efa6afc8aa2fcef,osm:node:4381924889,6,,open,390,1290,0,obs:2a322fe11402ea57b0849e63
hours:f4409ed4a07e2121fd4d5a40,osm:node:4383436892,0,,open,1020,1260,0,obs:3cb23fdf3dd34fe140bde3cb
hours:1db3f6288b80e33de04aba1f,osm:node:4383436892,1,,open,1020,1260,0,obs:3cb23fdf3dd34fe140bde3cb
hours:aff9f02bfb42533878b4fcdc,osm:node:4383436892,2,,open,1020,1260,0,obs:3cb23fdf3dd34fe140bde3cb
hours:7034509f48dad6509f89ec47,osm:node:4383436892,3,,open,1020,1260,0,obs:3cb23fdf3dd34fe140bde3cb
hours:2efaf7de19b9ee5a485a0c01,osm:node:4383436892,4,,open,1020,1260,0,obs:3cb23fdf3dd34fe140bde3cb
hours:e3f85082855dd7543f77ed3e,osm:node:4383436892,5,,open,1020,1260,0,obs:3cb23fdf3dd34fe140bde3cb
hours:d9d41c4be9bb11e5fbf68a2c,osm:node:4383436892,6,,open,1020,1260,0,obs:3cb23fdf3dd34fe140bde3cb
hours:16263fdd590d68d7de2bad93,osm:node:4389441895,0,,open,600,1320,0,obs:ddf7da71318d2c85ecb6b60e
hours:a21fd15b4bc8ad6372f096a7,osm:node:4389441895,1,,open,600,1320,0,obs:ddf7da71318d2c85ecb6b60e
hours:2ddf8666a123418f4fe3c561,osm:node:4389441895,2,,open,600,1320,0,obs:ddf7da71318d2c85ecb6b60e
hours:be32231cc620d458e0340b72,osm:node:4389441895,3,,open,600,1320,0,obs:ddf7da71318d2c85ecb6b60e
hours:ac2e42a55bdfeedd8d5be815,osm:node:4389441895,4,,open,600,1320,0,obs:ddf7da71318d2c85ecb6b60e
hours:5368218cd74870faf015bb7a,osm:node:4389441895,5,,open,600,1320,0,obs:ddf7da71318d2c85ecb6b60e
hours:5796eb2b7021a901c3982876,osm:node:4389441895,6,,open,600,1320,0,obs:ddf7da71318d2c85ecb6b60e
hours:5ba0b340c1cecae57b6dac38,osm:node:4430043290,0,,open,360,1320,0,obs:df9c1de117be0b81bf282a1b
hours:0603c8f1b555a317b5fde93e,osm:node:4430043290,1,,open,360,1320,0,obs:df9c1de117be0b81bf282a1b
hours:5c939f9b681ea3121d66abef,osm:node:4430043290,2,,open,360,1320,0,obs:df9c1de117be0b81bf282a1b
hours:8276669acb07eb29f2ab6a97,osm:node:4430043290,3,,open,360,1320,0,obs:df9c1de117be0b81bf282a1b
hours:a69c2258b47c463537a8dfcd,osm:node:4430043290,4,,open,360,1320,0,obs:df9c1de117be0b81bf282a1b
hours:30b24e7e92d8ebe9b3362d68,osm:node:4430043290,5,,open,360,1320,0,obs:df9c1de117be0b81bf282a1b
hours:5171a616b8b3098e9a1c7cad,osm:node:4430043290,6,,open,360,1320,0,obs:df9c1de117be0b81bf282a1b
hours:6788d6c1ec8fa09e2a01630e,osm:node:4430077491,0,,open,360,1260,0,obs:7250af142f7ebf5314af7737
hours:c8ddabdcb23db0fb2d478edb,osm:node:4430077491,1,,open,360,1260,0,obs:7250af142f7ebf5314af7737
hours:e3484a8d8122b2a2d9d2c9a9,osm:node:4430077491,2,,open,360,1260,0,obs:7250af142f7ebf5314af7737
hours:8e79bbc03c3dcce3c4aa0ced,osm:node:4430077491,3,,open,360,1260,0,obs:7250af142f7ebf5314af7737
hours:5b7d05c5b2a778fc01467ea6,osm:node:4430077491,4,,open,360,1260,0,obs:7250af142f7ebf5314af7737
hours:3136608225ffcd6c6934a37f,osm:node:4430077491,5,,open,360,1260,0,obs:7250af142f7ebf5314af7737
hours:2db7eb717c2ca2264c23c81d,osm:node:4430077491,6,,open,360,1260,0,obs:7250af142f7ebf5314af7737
hours:7d395bdb20de7319063c5dd5,osm:node:4437567193,0,,open,600,1320,0,obs:9c277a8868dc89e2e57268fe
hours:d123481cdd52b55cee502259,osm:node:4437567193,1,,open,600,1320,0,obs:9c277a8868dc89e2e57268fe
hours:83120a22ff46a428340ab26c,osm:node:4437567193,2,,open,600,1320,0,obs:9c277a8868dc89e2e57268fe
hours:250a7c243c740e0e6c67992d,osm:node:4437567193,3,,open,600,1320,0,obs:9c277a8868dc89e2e57268fe
hours:84deef9bbe78f6e49e13353c,osm:node:4437567193,4,,open,600,1320,0,obs:9c277a8868dc89e2e57268fe
hours:c043236fd3cb81423856f920,osm:node:4437567193,5,,open,600,1320,0,obs:9c277a8868dc89e2e57268fe
hours:99a538ace6011a0c14a1c0e6,osm:node:4437567193,6,,open,600,1320,0,obs:9c277a8868dc89e2e57268fe
hours:3625f13345b47ad43aeb07b9,osm:node:4437978297,0,,open,1140,1380,0,obs:16c943f50275c11c459585b7
hours:b2a25a2173ab280fb8959328,osm:node:4437978297,1,,open,1140,1380,0,obs:16c943f50275c11c459585b7
hours:0f3c3746b83f5dc45397defc,osm:node:4437978297,2,,open,1140,1380,0,obs:16c943f50275c11c459585b7
hours:aa4e5bccda44a03dd5c87156,osm:node:4437978297,3,,open,1140,1380,0,obs:16c943f50275c11c459585b7
hours:075bd731fab46d40339b1469,osm:node:4437978297,4,,open,1140,1380,0,obs:16c943f50275c11c459585b7
hours:b1c69b94e222aee725ef1cc6,osm:node:4437978297,5,,open,1140,1380,0,obs:16c943f50275c11c459585b7
hours:79072664bb6b5b4327695a20,osm:node:4437978297,6,,open,1140,1380,0,obs:16c943f50275c11c459585b7
hours:b49407e5568b95f0cb714785,osm:node:4449095589,0,,open,540,1320,0,obs:804b96bec5bed09a930b2d0b
hours:258cbe61ced872c1954e1485,osm:node:4449095589,1,,open,540,1320,0,obs:804b96bec5bed09a930b2d0b
hours:c1038f7d4f96ad8dd1974e7d,osm:node:4449095589,2,,open,540,1320,0,obs:804b96bec5bed09a930b2d0b
hours:557e84a5bd80e8f41c1a4b13,osm:node:4449095589,3,,open,540,1320,0,obs:804b96bec5bed09a930b2d0b
hours:7ecb58071f88b1c11af54464,osm:node:4449095589,4,,open,540,1320,0,obs:804b96bec5bed09a930b2d0b
hours:85b3559f8b8ba93fa1bb1245,osm:node:4449095589,5,,open,540,1320,0,obs:804b96bec5bed09a930b2d0b
hours:6947824b1cdd3c7a5c6e92b7,osm:node:4449095589,6,,open,540,1320,0,obs:804b96bec5bed09a930b2d0b
hours:1e63d1932c447f78bb825d65,osm:node:4449942994,0,,open,450,1350,0,obs:d2a3fca399359a5439a62805
hours:e1fb0349d784748dc7c45409,osm:node:4449942994,1,,open,450,1350,0,obs:d2a3fca399359a5439a62805
hours:ee57b149ca1b7239ef653538,osm:node:4449942994,2,,open,450,1350,0,obs:d2a3fca399359a5439a62805
hours:4e917278b48ea782fafb26eb,osm:node:4449942994,3,,open,450,1350,0,obs:d2a3fca399359a5439a62805
hours:6cd376b2a3539ae6fa4a2d11,osm:node:4449942994,4,,open,450,1350,0,obs:d2a3fca399359a5439a62805
hours:6a49eb7b2d7cfab25339ff39,osm:node:4449942994,5,,open,450,1350,0,obs:d2a3fca399359a5439a62805
hours:f11298e45a66374c4a052b28,osm:node:4449942994,6,,open,450,1350,0,obs:d2a3fca399359a5439a62805
hours:e3d3429112d025f33e18de2c,osm:node:4460198090,0,,open,600,1290,0,obs:a88c76fb32ca41555ae38c77
hours:a18554aa6738db9c05ec89d8,osm:node:4460198090,1,,open,600,1290,0,obs:a88c76fb32ca41555ae38c77
hours:6ebbae40c34e75418ed6e6c7,osm:node:4460198090,2,,open,600,1290,0,obs:a88c76fb32ca41555ae38c77
hours:daa56543c53691bb1a48f30e,osm:node:4460198090,3,,open,600,1290,0,obs:a88c76fb32ca41555ae38c77
hours:f2643a76e689e19ba47dbf6c,osm:node:4460198090,4,,open,600,1290,0,obs:a88c76fb32ca41555ae38c77
hours:1f4cd8b16a84356484847029,osm:node:4460198090,5,,open,600,1290,0,obs:a88c76fb32ca41555ae38c77
hours:bf5c59d1f3af0865edcbc5e2,osm:node:4460198090,6,,open,600,1290,0,obs:a88c76fb32ca41555ae38c77
hours:550a07a1bcaac5f1a40bed29,osm:node:4461175292,0,,open,540,1020,0,obs:ed1e47cbe61e1c7e86d772df
hours:ee2eaca309951e9f972de292,osm:node:4461175292,1,,open,540,1020,0,obs:ed1e47cbe61e1c7e86d772df
hours:d17c6531c12f4ac2e0146ff5,osm:node:4461175292,2,,open,540,1020,0,obs:ed1e47cbe61e1c7e86d772df
hours:39f9af9a38951a304da70f01,osm:node:4461175292,3,,open,540,1020,0,obs:ed1e47cbe61e1c7e86d772df
hours:646e821ddab8b58ad88a415d,osm:node:4461175292,4,,open,540,1020,0,obs:ed1e47cbe61e1c7e86d772df
hours:8bdf1a53a541b2a5b513ac7c,osm:node:4461175292,5,,open,540,1020,0,obs:ed1e47cbe61e1c7e86d772df
hours:4fe019e59d6ba252a842e34a,osm:node:4464451389,0,,open,600,1320,0,obs:37e19eee74e2739e53bb70cd
hours:a7277fe7bb0d326237aa48d6,osm:node:4464451389,1,,open,600,1320,0,obs:37e19eee74e2739e53bb70cd
hours:dc6786afa0e77121e57823a4,osm:node:4464451389,2,,open,600,1320,0,obs:37e19eee74e2739e53bb70cd
hours:5ec11fdb75e38128573c9ed4,osm:node:4464451389,3,,open,600,1320,0,obs:37e19eee74e2739e53bb70cd
hours:752c296990eebf8c6afb4dcc,osm:node:4464451389,4,,open,600,1320,0,obs:37e19eee74e2739e53bb70cd
hours:d99579dd3d43dd1a24fdee72,osm:node:4464451389,5,,open,600,1320,0,obs:37e19eee74e2739e53bb70cd
hours:7bf7519e6b78dddb8a712496,osm:node:4464451389,6,,open,600,1320,0,obs:37e19eee74e2739e53bb70cd
hours:b2fd885906fade164f946445,osm:node:4464451390,0,,open,600,1320,0,obs:ca02ccfc8a199dd5db1fcc40
hours:67341aae9dc438c4755fb78b,osm:node:4464451390,1,,open,600,1320,0,obs:ca02ccfc8a199dd5db1fcc40
hours:e3cc827c3f6c9aab16cfb697,osm:node:4464451390,2,,open,600,1320,0,obs:ca02ccfc8a199dd5db1fcc40
hours:6a65ef8611a275ffb0278d1f,osm:node:4464451390,3,,open,600,1320,0,obs:ca02ccfc8a199dd5db1fcc40
hours:dc480dca5583483eeca56c05,osm:node:4464451390,4,,open,600,1320,0,obs:ca02ccfc8a199dd5db1fcc40
hours:0e4297a60a859a94840e5379,osm:node:4464451390,5,,open,600,1320,0,obs:ca02ccfc8a199dd5db1fcc40
hours:1b6072d399747d44720c291a,osm:node:4464451390,6,,open,600,1320,0,obs:ca02ccfc8a199dd5db1fcc40
hours:6246db9b4acc45266fb306a8,osm:node:4486828192,0,,open,420,1320,0,obs:78828544bd90bffaf6abe131
hours:e0da5c1350ba0fd680539634,osm:node:4486828192,1,,open,420,1320,0,obs:78828544bd90bffaf6abe131
hours:61d55fc286b9060832b29e74,osm:node:4486828192,2,,open,420,1320,0,obs:78828544bd90bffaf6abe131
hours:59c4eb96d0b01e0dc712f5ff,osm:node:4486828192,3,,open,420,1320,0,obs:78828544bd90bffaf6abe131
hours:2854efee7a9d6f3bab2f76e3,osm:node:4486828192,4,,open,420,1320,0,obs:78828544bd90bffaf6abe131
hours:a9fa47daed23862a93fe302b,osm:node:4486828192,5,,open,420,1320,0,obs:78828544bd90bffaf6abe131
hours:99f6823cd60f7ef6b63e8783,osm:node:4486828192,6,,open,420,1320,0,obs:78828544bd90bffaf6abe131
hours:c59a34d4b9189570cc3f81d3,osm:node:4516490689,0,,open,0,1440,0,obs:5dc69e5d2734afe460da6280
hours:cc89246ab5f14c9db3606768,osm:node:4516490689,1,,open,0,1440,0,obs:5dc69e5d2734afe460da6280
hours:38d4e2e718fb2d041c43b077,osm:node:4516490689,2,,open,0,1440,0,obs:5dc69e5d2734afe460da6280
hours:20c1c55cb9b65881662f887f,osm:node:4516490689,3,,open,0,1440,0,obs:5dc69e5d2734afe460da6280
hours:266355aac9f77d7b9ce64549,osm:node:4516490689,4,,open,0,1440,0,obs:5dc69e5d2734afe460da6280
hours:c7a79343acbf92de73035de7,osm:node:4516490689,5,,open,0,1440,0,obs:5dc69e5d2734afe460da6280
hours:0bf1f2929fe267665a33ff99,osm:node:4516490689,6,,open,0,1440,0,obs:5dc69e5d2734afe460da6280
hours:88c93cf8ca5a2474d1834dfe,osm:node:4519205790,0,,open,360,1260,0,obs:f069137eaf368ab232472d9a
hours:6cc5314fdfe4d8db1fb24179,osm:node:4519205790,1,,open,360,1260,0,obs:f069137eaf368ab232472d9a
hours:c96a2a5be4b722d814fa02b1,osm:node:4519205790,2,,open,360,1260,0,obs:f069137eaf368ab232472d9a
hours:ac7d4ca32dec37e16d59fdfd,osm:node:4519205790,3,,open,360,1260,0,obs:f069137eaf368ab232472d9a
hours:59ade5d475ec3dc1ea5d46fc,osm:node:4519205790,4,,open,360,1260,0,obs:f069137eaf368ab232472d9a
hours:1072a70c921ef72a23bccac5,osm:node:4519205790,5,,open,360,1260,0,obs:f069137eaf368ab232472d9a
hours:6d4b06839c7fa3342cf5c831,osm:node:4520093589,0,,open,420,1320,0,obs:05c1a73f45c9a4fc9983580e
hours:7582c6c2e484dfe996c075e2,osm:node:4520093589,1,,open,420,1320,0,obs:05c1a73f45c9a4fc9983580e
hours:ef78326f74dd05207202c204,osm:node:4520093589,2,,open,420,1320,0,obs:05c1a73f45c9a4fc9983580e
hours:88f7c1e0cd04001928491441,osm:node:4520093589,3,,open,420,1320,0,obs:05c1a73f45c9a4fc9983580e
hours:df762754f386e772310eb372,osm:node:4520093589,4,,open,420,1320,0,obs:05c1a73f45c9a4fc9983580e
hours:0690f8be43202e1f6b362198,osm:node:4520093589,5,,open,420,1320,0,obs:05c1a73f45c9a4fc9983580e
hours:da5e0fbf9ffa6226b7338df8,osm:node:4520093589,6,,open,420,1320,0,obs:05c1a73f45c9a4fc9983580e
hours:1f8d039f740faddec97d1acf,osm:node:4522677590,0,,open,360,1320,0,obs:e4f7f932d37cdf7f916535c0
hours:961f32116d00b2f49fa1a092,osm:node:4522677590,1,,open,360,1320,0,obs:e4f7f932d37cdf7f916535c0
hours:09b4acccf352d8712bd94776,osm:node:4522677590,2,,open,360,1320,0,obs:e4f7f932d37cdf7f916535c0
hours:2de34252c7a6f907a1b8a453,osm:node:4522677590,3,,open,360,1320,0,obs:e4f7f932d37cdf7f916535c0
hours:f5a4084dcce67ecff726cc3c,osm:node:4522677590,4,,open,360,1320,0,obs:e4f7f932d37cdf7f916535c0
hours:b75b50a38783e4fb7686e233,osm:node:4522677590,5,,open,360,1320,0,obs:e4f7f932d37cdf7f916535c0
hours:b0b0fad1ebfd4f9a7fa0ddf1,osm:node:4522677590,6,,open,360,1320,0,obs:e4f7f932d37cdf7f916535c0
hours:8cf9df52fd98380df42d125f,osm:node:4531007898,0,,open,300,1380,0,obs:96634e808dc666ea2d85b080
hours:bf6b5de729b2705d7838282e,osm:node:4531007898,1,,open,300,1380,0,obs:96634e808dc666ea2d85b080
hours:45d727b31270de2c6250c978,osm:node:4531007898,2,,open,300,1380,0,obs:96634e808dc666ea2d85b080
hours:703a5d5fbdd6b236c57489cf,osm:node:4531007898,3,,open,300,1380,0,obs:96634e808dc666ea2d85b080
hours:42f3934da1eb0e88624ea951,osm:node:4531007898,4,,open,300,1380,0,obs:96634e808dc666ea2d85b080
hours:512b04df2e68a624e25660b5,osm:node:4531007898,5,,open,300,1380,0,obs:96634e808dc666ea2d85b080
hours:5555e2591a38543bcf14a478,osm:node:4531007898,6,,open,300,1380,0,obs:96634e808dc666ea2d85b080
hours:3594573f772324c5deba50c0,osm:node:4532462397,0,,open,600,300,1,obs:ff52bcaf09e7883b6b8e55a2
hours:7febb0b688f690f77426785d,osm:node:4532462397,1,,open,600,300,1,obs:ff52bcaf09e7883b6b8e55a2
hours:37469b73e24e98f43874d595,osm:node:4532462397,2,,open,600,300,1,obs:ff52bcaf09e7883b6b8e55a2
hours:fd74f740612798cc4441b2a8,osm:node:4532462397,3,,open,600,300,1,obs:ff52bcaf09e7883b6b8e55a2
hours:e8410080c8bf47841ac96854,osm:node:4532462397,4,,open,600,300,1,obs:ff52bcaf09e7883b6b8e55a2
hours:bc339f4694e3b78ce0a106fc,osm:node:4532462397,5,,open,600,300,1,obs:ff52bcaf09e7883b6b8e55a2
hours:59bf296d3909dda47b37e1d6,osm:node:4532462397,6,,open,600,300,1,obs:ff52bcaf09e7883b6b8e55a2
hours:83fac10b93e4117c90e57e82,osm:node:4532521491,0,,open,420,1320,0,obs:35a49c4d1f0d23df8581f7dc
hours:72a13e3b9340ac8e27509f62,osm:node:4532521491,1,,open,420,1320,0,obs:35a49c4d1f0d23df8581f7dc
hours:5080435b065c6ea973800c6c,osm:node:4532521491,2,,open,420,1320,0,obs:35a49c4d1f0d23df8581f7dc
hours:8008ccfd659be67c97ae5a70,osm:node:4532521491,3,,open,420,1320,0,obs:35a49c4d1f0d23df8581f7dc
hours:9067722baa9c33ea5b2d69d1,osm:node:4532521491,4,,open,420,1320,0,obs:35a49c4d1f0d23df8581f7dc
hours:33e45b19a0387fcd77280b37,osm:node:4532521491,5,,open,420,1320,0,obs:35a49c4d1f0d23df8581f7dc
hours:e3d58e44889a55546d93510e,osm:node:4532521491,6,,open,420,1320,0,obs:35a49c4d1f0d23df8581f7dc
hours:1d6cc1a096c452224b03cf02,osm:node:4538467361,0,,open,600,1320,0,obs:1b8b720589877d650ca0892e
hours:f49e2662d5e7df8acdd5c587,osm:node:4538467361,1,,open,600,1320,0,obs:1b8b720589877d650ca0892e
hours:6b62840bbca1d420119604ca,osm:node:4538467361,2,,open,600,1320,0,obs:1b8b720589877d650ca0892e
hours:e42e539f34a258f79ea07210,osm:node:4538467361,3,,open,600,1320,0,obs:1b8b720589877d650ca0892e
hours:642c2c74d946eb9f84ecb83b,osm:node:4538467361,4,,open,600,1320,0,obs:1b8b720589877d650ca0892e
hours:a4294b9a9e6bfb371d2197de,osm:node:4538467361,5,,open,600,1320,0,obs:1b8b720589877d650ca0892e
hours:d2b8ba758d4037ef77edbe01,osm:node:4538467361,6,,open,600,1320,0,obs:1b8b720589877d650ca0892e
hours:738f44a54ed4442425d78750,osm:node:4541527689,0,,open,570,1290,0,obs:e1f539ecac59d32dbf639fac
hours:f32ded56f388563b35861093,osm:node:4541527689,1,,open,570,1290,0,obs:e1f539ecac59d32dbf639fac
hours:c10f84cc07f7c409b873f76b,osm:node:4541527689,2,,open,570,1290,0,obs:e1f539ecac59d32dbf639fac
hours:7366a2b26ad8e4c63c958367,osm:node:4541527689,3,,open,570,1290,0,obs:e1f539ecac59d32dbf639fac
hours:362b0f840f162a4c22849510,osm:node:4541527689,4,,open,570,1290,0,obs:e1f539ecac59d32dbf639fac
hours:314b806691f3df0f18ca800d,osm:node:4541527689,5,,open,570,1290,0,obs:e1f539ecac59d32dbf639fac
hours:f8d37ee3c170f69129f8c202,osm:node:4541527689,6,,open,570,1290,0,obs:e1f539ecac59d32dbf639fac
hours:d4789730dc38f89d5d0fc03b,osm:node:4544293389,0,,open,600,1320,0,obs:c25fc165e039cad44552db3a
hours:43c06fdc6cd558245d8d4f1d,osm:node:4544293389,1,,open,600,1320,0,obs:c25fc165e039cad44552db3a
hours:421451f5f07e7a63e8da7fa1,osm:node:4544293389,2,,open,600,1320,0,obs:c25fc165e039cad44552db3a
hours:73ea94936453a61695cbccc9,osm:node:4544293389,3,,open,600,1320,0,obs:c25fc165e039cad44552db3a
hours:905733a08bbd2fa58e141b33,osm:node:4544293389,4,,open,600,1320,0,obs:c25fc165e039cad44552db3a
hours:d2dc230ebcb426c4290ef5c3,osm:node:4544293389,5,,open,600,1320,0,obs:c25fc165e039cad44552db3a
hours:b1947ec19ce798a84c2b2d05,osm:node:4544293389,6,,open,600,1320,0,obs:c25fc165e039cad44552db3a
hours:eb5e55d1dea0bf7ae494df3b,osm:node:4548149290,0,,open,480,1380,0,obs:785763700015476feaa17b39
hours:92aed3f2d599e9519d52d60d,osm:node:4548149290,1,,open,480,1380,0,obs:785763700015476feaa17b39
hours:17259aeb8924896ad5b15072,osm:node:4548149290,2,,open,480,1380,0,obs:785763700015476feaa17b39
hours:74aee95dcb89c8ca3191b655,osm:node:4548149290,3,,open,480,1380,0,obs:785763700015476feaa17b39
hours:d2de5281f73f952fbbb05202,osm:node:4548149290,4,,open,480,1380,0,obs:785763700015476feaa17b39
hours:9d55799da46e8f6d0ef73fdd,osm:node:4548149290,5,,open,480,1380,0,obs:785763700015476feaa17b39
hours:bfa11efb221c9e22d7b030a1,osm:node:4548149290,6,,open,480,1380,0,obs:785763700015476feaa17b39
hours:47bc4bf0a05e7a5e573d06f1,osm:node:4548163789,0,,open,840,1260,0,obs:cdd838d7726a0722d8a2adf6
hours:6f5db12297b28cecc6a762d7,osm:node:4548163789,1,,open,840,1260,0,obs:cdd838d7726a0722d8a2adf6
hours:edb76154d46a7d92cd9dfbb8,osm:node:4548163789,2,,open,840,1260,0,obs:cdd838d7726a0722d8a2adf6
hours:e0c58e7e1a1e70857b8e987a,osm:node:4548163789,3,,open,840,1260,0,obs:cdd838d7726a0722d8a2adf6
hours:ef65732b0060176f0a62af2f,osm:node:4548163789,4,,open,840,1260,0,obs:cdd838d7726a0722d8a2adf6
hours:d17d46826e0ef29a099c4414,osm:node:4548163789,5,,open,840,1260,0,obs:cdd838d7726a0722d8a2adf6
hours:4483209390ed5517cc73fe31,osm:node:4548163789,6,,open,840,1260,0,obs:cdd838d7726a0722d8a2adf6
hours:60b5a3d5f2b55c7489374e4a,osm:node:4554131889,0,,open,540,1320,0,obs:a4d7438b4206386e3dfaf709
hours:69bfdbdcca93fe1e8cb217ab,osm:node:4554131889,1,,open,540,1320,0,obs:a4d7438b4206386e3dfaf709
hours:f96f8bcfec352e71612b6c1d,osm:node:4554131889,2,,open,540,1320,0,obs:a4d7438b4206386e3dfaf709
hours:7ccf9df2eebedb7ae926c44c,osm:node:4554131889,3,,open,540,1320,0,obs:a4d7438b4206386e3dfaf709
hours:04ea045a233ffdc6177b7fba,osm:node:4554131889,4,,open,540,1320,0,obs:a4d7438b4206386e3dfaf709
hours:8254d3d779e56f004640ca81,osm:node:4554131889,5,,open,540,1320,0,obs:a4d7438b4206386e3dfaf709
hours:d770df777768d62cae371894,osm:node:4554131889,6,,open,540,1320,0,obs:a4d7438b4206386e3dfaf709
hours:dcd3c35b35da75f040f6b73c,osm:node:4571159189,0,,open,0,1440,0,obs:917f5aa1489ce08d090fe81c
hours:bc88d065de3197828a96ab88,osm:node:4571159189,1,,open,0,1440,0,obs:917f5aa1489ce08d090fe81c
hours:fead611ce464c1be35b05b91,osm:node:4571159189,2,,open,0,1440,0,obs:917f5aa1489ce08d090fe81c
hours:a6d516e7a836d9fc1e45fbf0,osm:node:4571159189,3,,open,0,1440,0,obs:917f5aa1489ce08d090fe81c
hours:8076e2fb2dbfffa105c78735,osm:node:4571159189,4,,open,0,1440,0,obs:917f5aa1489ce08d090fe81c
hours:eaf21e6d5f457f433e39e193,osm:node:4571159189,5,,open,0,1440,0,obs:917f5aa1489ce08d090fe81c
hours:bc28dfce0372b1b4a1b87f04,osm:node:4571159189,6,,open,0,1440,0,obs:917f5aa1489ce08d090fe81c
hours:ab0d1491ba7bdaf800d2b799,osm:node:4576672189,0,,open,420,1380,0,obs:6377582515f2fb94c8c6dcfe
hours:0afd1f978edd98b2ee03957e,osm:node:4576672189,1,,open,420,1380,0,obs:6377582515f2fb94c8c6dcfe
hours:98420d6004e713b2f4e22d34,osm:node:4576672189,2,,open,420,1380,0,obs:6377582515f2fb94c8c6dcfe
hours:cc8ef2c495bdb1050dea503c,osm:node:4576672189,3,,open,420,1380,0,obs:6377582515f2fb94c8c6dcfe
hours:9d8e1ecabc3001068ef922a9,osm:node:4576672189,4,,open,420,1380,0,obs:6377582515f2fb94c8c6dcfe
hours:a374ca6e9a34af67ccfa921e,osm:node:4576672189,5,,open,420,1380,0,obs:6377582515f2fb94c8c6dcfe
hours:5cd34af88b923e2a45a17653,osm:node:4576672189,6,,open,420,1380,0,obs:6377582515f2fb94c8c6dcfe
hours:ba1c8b297557f582ed370aa0,osm:node:4579382689,1,,open,660,900,0,obs:a8811376aa91c41fa581dcc3
hours:f52af4150c4be3e93e774169,osm:node:4579382689,2,,open,660,900,0,obs:a8811376aa91c41fa581dcc3
hours:ae767a45d055c334f05c0b37,osm:node:4579382689,4,,open,660,900,0,obs:a8811376aa91c41fa581dcc3
hours:085bef5e44c7d4a7e810b00f,osm:node:4579382689,5,,open,660,900,0,obs:a8811376aa91c41fa581dcc3
hours:f248ff0b8ad00a1f00c5da65,osm:node:4579382689,6,,open,660,900,0,obs:a8811376aa91c41fa581dcc3
hours:67449170a1969f918bf487c7,osm:node:4580499791,0,,open,540,1260,0,obs:c426249cb7b6402e5b999d27
hours:e28585687bb7c4125bbfb928,osm:node:4580499791,1,,open,540,1260,0,obs:c426249cb7b6402e5b999d27
hours:789a3ff6750e2af8ceacdc3a,osm:node:4580499791,2,,open,540,1260,0,obs:c426249cb7b6402e5b999d27
hours:7719c40dc0a0f13891fe7c79,osm:node:4580499791,3,,open,540,1260,0,obs:c426249cb7b6402e5b999d27
hours:81fd6b31491ebd4e6ba6add2,osm:node:4580499791,4,,open,540,1260,0,obs:c426249cb7b6402e5b999d27
hours:64cb8dd0cc77bf714308fba9,osm:node:4580499791,5,,open,540,1260,0,obs:c426249cb7b6402e5b999d27
hours:0e583c3d4365a524af7e709e,osm:node:4580499791,6,,open,540,1260,0,obs:c426249cb7b6402e5b999d27
hours:deba26558a695ee61deeb94f,osm:node:4584025297,0,,open,540,1350,0,obs:74372ae0a7c762a58c4fd77e
hours:ef852148340b0f24a534ea6c,osm:node:4584025297,1,,open,540,1350,0,obs:74372ae0a7c762a58c4fd77e
hours:3049753dcfc4423d8f24ef25,osm:node:4584025297,2,,open,540,1350,0,obs:74372ae0a7c762a58c4fd77e
hours:994e79e57a6e7e074dda9a6f,osm:node:4584025297,3,,open,540,1350,0,obs:74372ae0a7c762a58c4fd77e
hours:7adab99eb3f1c40aed677071,osm:node:4584025297,4,,open,540,1350,0,obs:74372ae0a7c762a58c4fd77e
hours:0ea8fcb5b6974b4930f61ab2,osm:node:4584025297,5,,open,540,1350,0,obs:74372ae0a7c762a58c4fd77e
hours:1f7e91005faaa0a3cb4f751c,osm:node:4584025297,6,,open,540,1350,0,obs:74372ae0a7c762a58c4fd77e
hours:c8016b9515b222a071468ce9,osm:node:4594455097,0,,open,0,1440,0,obs:dc3e38d25a01254897a7c35a
hours:2dc412175dddb3fc8555330c,osm:node:4594455097,1,,open,0,1440,0,obs:dc3e38d25a01254897a7c35a
hours:d981ecbcdc344a6755f3b975,osm:node:4594455097,2,,open,0,1440,0,obs:dc3e38d25a01254897a7c35a
hours:612ed7c86e731a0931b194e6,osm:node:4594455097,3,,open,0,1440,0,obs:dc3e38d25a01254897a7c35a
hours:ec35b9d352cf7358e0af802d,osm:node:4594455097,4,,open,0,1440,0,obs:dc3e38d25a01254897a7c35a
hours:a96d479c9d1f7aafa0980970,osm:node:4594455097,5,,open,0,1440,0,obs:dc3e38d25a01254897a7c35a
hours:23e687bed9472b7927126402,osm:node:4594455097,6,,open,0,1440,0,obs:dc3e38d25a01254897a7c35a
hours:168a157f23cce30dc15a3ee5,osm:node:4596779991,0,,open,480,1350,0,obs:b8e34fb8fc573f331ff956a4
hours:a7036f017e66448d951700b6,osm:node:4596779991,1,,open,480,1350,0,obs:b8e34fb8fc573f331ff956a4
hours:f75e56cd8e2cb60a570b22d6,osm:node:4596779991,2,,open,480,1350,0,obs:b8e34fb8fc573f331ff956a4
hours:c84abdc53e14b1f9630587f9,osm:node:4596779991,3,,open,480,1350,0,obs:b8e34fb8fc573f331ff956a4
hours:27405620f9639d8c2193e8fc,osm:node:4596779991,4,,open,480,1350,0,obs:b8e34fb8fc573f331ff956a4
hours:626cf26f6957e49edb9730c6,osm:node:4596779991,5,,open,480,1350,0,obs:b8e34fb8fc573f331ff956a4
hours:019d1bb7f6c9642ddc4a7eb7,osm:node:4596779991,6,,open,480,1350,0,obs:b8e34fb8fc573f331ff956a4
hours:fa1f6fde5db3dba082293dc5,osm:node:4605756989,0,,open,360,1260,0,obs:9653834c5b6a504a6159a667
hours:edc9b7c5cb70e508bb74c1b5,osm:node:4605756989,1,,open,360,1260,0,obs:9653834c5b6a504a6159a667
hours:8bcd828537180fd3df382b4c,osm:node:4605756989,2,,open,360,1260,0,obs:9653834c5b6a504a6159a667
hours:c22f110f45c420b39c140baf,osm:node:4605756989,3,,open,360,1260,0,obs:9653834c5b6a504a6159a667
hours:57e230195ffa38bcee5d9d73,osm:node:4605756989,4,,open,360,1260,0,obs:9653834c5b6a504a6159a667
hours:3d291a5277a9e1f804539c36,osm:node:4605756989,5,,open,360,1260,0,obs:9653834c5b6a504a6159a667
hours:bc59d64c7992ad2bd8aa87e6,osm:node:4605756989,6,,open,360,1260,0,obs:9653834c5b6a504a6159a667
hours:69e6cbe910e5cae8f40387e2,osm:node:4614061399,0,,open,660,1320,0,obs:af20af2fc3cca53aff7dd08d
hours:a56a21ece5eddaf0e62bc24a,osm:node:4614061399,1,,open,660,1320,0,obs:af20af2fc3cca53aff7dd08d
hours:bf641a0308ac55c457613cb7,osm:node:4614061399,2,,open,660,1320,0,obs:af20af2fc3cca53aff7dd08d
hours:3001d111637291fd9b575b1c,osm:node:4614061399,3,,open,660,1320,0,obs:af20af2fc3cca53aff7dd08d
hours:585c9088506686f8c6eb2139,osm:node:4614061399,4,,open,660,1320,0,obs:af20af2fc3cca53aff7dd08d
hours:ad646b08fcecc04abba8fcc5,osm:node:4614061399,5,,open,660,1320,0,obs:af20af2fc3cca53aff7dd08d
hours:c869bc2697e49c7e16f32b2b,osm:node:4614061399,6,,open,660,1320,0,obs:af20af2fc3cca53aff7dd08d
hours:4d112ad48d713ef96678f015,osm:node:4631365689,0,,open,420,1320,0,obs:259ef5c83498c7ae81c8faa5
hours:a919ecbe88f2845cd1647b94,osm:node:4631365689,1,,open,420,1320,0,obs:259ef5c83498c7ae81c8faa5
hours:7495af9f9e20a4a301d3f01c,osm:node:4631365689,2,,open,420,1320,0,obs:259ef5c83498c7ae81c8faa5
hours:ce74d8a12a56bdbf20c1a123,osm:node:4631365689,3,,open,420,1320,0,obs:259ef5c83498c7ae81c8faa5
hours:dedcddc439aa1b3bd686229d,osm:node:4631365689,4,,open,420,1320,0,obs:259ef5c83498c7ae81c8faa5
hours:8c66e2eda0da61f1caa65b84,osm:node:4631365689,5,,open,420,1320,0,obs:259ef5c83498c7ae81c8faa5
hours:4336ad7caed2afa7c395a43c,osm:node:4631365689,6,,open,420,1320,0,obs:259ef5c83498c7ae81c8faa5
hours:68b2aabf1f6a63ac0efcf7ce,osm:node:4652751790,0,,open,300,960,0,obs:82d664b25434069663bafd39
hours:c9bfa210186b31a46166e726,osm:node:4652751790,1,,open,300,960,0,obs:82d664b25434069663bafd39
hours:015e2c7b94e91de856c67efe,osm:node:4652751790,2,,open,300,960,0,obs:82d664b25434069663bafd39
hours:e7fa56bd144e9fbfdc0629fb,osm:node:4652751790,3,,open,300,960,0,obs:82d664b25434069663bafd39
hours:75a921869bd62cedc0c2b4b9,osm:node:4652751790,4,,open,300,960,0,obs:82d664b25434069663bafd39
hours:f48a045961de0a326d674ef2,osm:node:4652751790,5,,open,300,960,0,obs:82d664b25434069663bafd39
hours:265247bb7b927a10f1e90fdd,osm:node:4652751790,6,,open,300,960,0,obs:82d664b25434069663bafd39
hours:376869be4d4fd5396ba27a5a,osm:node:4662691589,0,,open,480,1320,0,obs:059683089708e6e776e9a791
hours:5ff60b5cd493ac6ad4e58f86,osm:node:4662691589,1,,open,480,1320,0,obs:059683089708e6e776e9a791
hours:526a5b798fdec0b0fcb9c0e1,osm:node:4662691589,2,,open,480,1320,0,obs:059683089708e6e776e9a791
hours:96fa1420d2847a4b5b78a955,osm:node:4662691589,3,,open,480,1320,0,obs:059683089708e6e776e9a791
hours:d852eb529b0200ba710509f8,osm:node:4662691589,4,,open,480,1320,0,obs:059683089708e6e776e9a791
hours:34a6f6c50f6bbff1f0a14be8,osm:node:4662691589,5,,open,480,1320,0,obs:059683089708e6e776e9a791
hours:883b19648f79dfa2e53bd9fc,osm:node:4662691589,6,,open,480,1320,0,obs:059683089708e6e776e9a791
hours:4430984fb485a9d4770e4bdc,osm:node:4676094289,0,,open,0,1440,0,obs:c47cc54ba617cef8fd923465
hours:f691ee7e4febee8a70043427,osm:node:4676094289,1,,open,0,1440,0,obs:c47cc54ba617cef8fd923465
hours:0076d3c048d2b10b943a1c05,osm:node:4676094289,2,,open,0,1440,0,obs:c47cc54ba617cef8fd923465
hours:8090dc67ee8445206409af38,osm:node:4676094289,3,,open,0,1440,0,obs:c47cc54ba617cef8fd923465
hours:14646f776e686a1f4a81f199,osm:node:4676094289,4,,open,0,1440,0,obs:c47cc54ba617cef8fd923465
hours:414f9d0e1f500a8b191eb16a,osm:node:4676094289,5,,open,0,1440,0,obs:c47cc54ba617cef8fd923465
hours:548ff84151876e91e7b76ad2,osm:node:4676094289,6,,open,0,1440,0,obs:c47cc54ba617cef8fd923465
hours:e83f84003c24ca946c91728d,osm:node:4706534566,0,,open,720,1320,0,obs:c714166297fcfb626b3feb4b
hours:a0d09fa6e55f54d14c506dd2,osm:node:4706534566,1,,open,720,1320,0,obs:c714166297fcfb626b3feb4b
hours:aaa644160e42c86b230e8e79,osm:node:4706534566,2,,open,720,1320,0,obs:c714166297fcfb626b3feb4b
hours:efaeb6061d73c043678c7146,osm:node:4706534566,3,,open,720,1320,0,obs:c714166297fcfb626b3feb4b
hours:9f8653395e3625d1f5ea688e,osm:node:4706534566,4,,open,720,1320,0,obs:c714166297fcfb626b3feb4b
hours:4872ca359ec36453e7c3916e,osm:node:4706534566,5,,open,720,1320,0,obs:c714166297fcfb626b3feb4b
hours:f7dcb35aa7a7440159c4cadc,osm:node:4706534566,6,,open,720,1320,0,obs:c714166297fcfb626b3feb4b
hours:74dca3816427d73cef3532ce,osm:node:4709634891,0,,open,600,1320,0,obs:61d1c4e017e5207b8b88364e
hours:dfb1d7790d93e9f73970d10f,osm:node:4709634891,1,,open,600,1320,0,obs:61d1c4e017e5207b8b88364e
hours:edb743cc85d2edddf946244c,osm:node:4709634891,2,,open,600,1320,0,obs:61d1c4e017e5207b8b88364e
hours:b2702765b81fde05a425154a,osm:node:4709634891,3,,open,600,1320,0,obs:61d1c4e017e5207b8b88364e
hours:784a8e622fd16832fd4aac82,osm:node:4709634891,4,,open,600,1320,0,obs:61d1c4e017e5207b8b88364e
hours:a43e39cb7c50adcff7d00316,osm:node:4709634891,5,,open,600,1320,0,obs:61d1c4e017e5207b8b88364e
hours:02468e203f4cbfa36f7b2891,osm:node:4709634891,6,,open,600,1320,0,obs:61d1c4e017e5207b8b88364e
hours:d97ec0d98a7ea73597b957c6,osm:node:4710377590,0,,open,660,870,0,obs:4704eec443e9d9aeff92e726
hours:08cbcc715a284512fb52986d,osm:node:4710377590,0,,open,1080,1350,0,obs:4704eec443e9d9aeff92e726
hours:3432c2a63fd3c60ef283a85f,osm:node:4710377590,1,,open,660,870,0,obs:4704eec443e9d9aeff92e726
hours:27ab62190a9b2bccf202e79d,osm:node:4710377590,1,,open,1080,1350,0,obs:4704eec443e9d9aeff92e726
hours:07e6e02b2d3915f599b14c15,osm:node:4710377590,2,,open,660,870,0,obs:4704eec443e9d9aeff92e726
hours:02bb220ca895d3e56117452c,osm:node:4710377590,2,,open,1080,1350,0,obs:4704eec443e9d9aeff92e726
hours:1607341f263d644a43ab9ea8,osm:node:4710377590,3,,open,660,870,0,obs:4704eec443e9d9aeff92e726
hours:9ff4c2f12c16f78eb1b22c85,osm:node:4710377590,3,,open,1080,1350,0,obs:4704eec443e9d9aeff92e726
hours:f7ea0dec04033d4af666b1ff,osm:node:4710377590,4,,open,660,870,0,obs:4704eec443e9d9aeff92e726
hours:95479f274d4dfc957bc04044,osm:node:4710377590,4,,open,1080,1350,0,obs:4704eec443e9d9aeff92e726
hours:4dca5d97ba73727674eb1d40,osm:node:4710377590,5,,open,660,870,0,obs:4704eec443e9d9aeff92e726
hours:0ddc4e6a4f39e9931eb193b0,osm:node:4710377590,5,,open,1080,1350,0,obs:4704eec443e9d9aeff92e726
hours:50701e1def983e4db0541fd8,osm:node:4710377590,6,,open,660,870,0,obs:4704eec443e9d9aeff92e726
hours:3fd1ee4c4049d52b83bb9d12,osm:node:4710377590,6,,open,1080,1350,0,obs:4704eec443e9d9aeff92e726
hours:9c676a16e28550178d4f0b42,osm:node:4713531289,0,,open,360,690,0,obs:a45648413db41f5b99ff3266
hours:7bf36bb258a3d590051bebed,osm:node:4713531289,1,,open,360,690,0,obs:a45648413db41f5b99ff3266
hours:a7d04000865da80b048a09ae,osm:node:4713531289,2,,open,360,690,0,obs:a45648413db41f5b99ff3266
hours:302130a2651303b830230d15,osm:node:4713531289,3,,open,360,690,0,obs:a45648413db41f5b99ff3266
hours:80b55bf3b394da9266924c3c,osm:node:4713531289,4,,open,360,690,0,obs:a45648413db41f5b99ff3266
hours:fb7abd941f8e40645ff97fd8,osm:node:4713531289,5,,open,360,690,0,obs:a45648413db41f5b99ff3266
hours:913994fe0b6d9af98c538b00,osm:node:4713531289,6,,open,360,690,0,obs:a45648413db41f5b99ff3266
hours:23574930275aecd94ef0d980,osm:node:4714424789,0,,open,360,1380,0,obs:bde2af522fc2853485fb0853
hours:91af8702b65058380840ca1a,osm:node:4714424789,1,,open,360,1380,0,obs:bde2af522fc2853485fb0853
hours:a6683b1de31bbcd08807438d,osm:node:4714424789,2,,open,360,1380,0,obs:bde2af522fc2853485fb0853
hours:20b31259e5978c49bad5f13c,osm:node:4714424789,3,,open,360,1380,0,obs:bde2af522fc2853485fb0853
hours:a6fac0132edd8861ad2969b6,osm:node:4714424789,4,,open,360,1380,0,obs:bde2af522fc2853485fb0853
hours:25405f323496d63e4551e219,osm:node:4714424789,5,,open,360,1380,0,obs:bde2af522fc2853485fb0853
hours:48ba82c86583ba887085ca3e,osm:node:4714424789,6,,open,360,1380,0,obs:bde2af522fc2853485fb0853
hours:df3788bbdf56148d6bc0cd54,osm:node:4717672963,0,,open,420,1320,0,obs:d23dc7cf41a7cb708c30de57
hours:3aad02d29cf1658d40699234,osm:node:4717672963,1,,open,420,1320,0,obs:d23dc7cf41a7cb708c30de57
hours:707cd7ad2c2d9336326b9998,osm:node:4717672963,2,,open,420,1320,0,obs:d23dc7cf41a7cb708c30de57
hours:07e2c891282d6ee5a9b366f3,osm:node:4717672963,3,,open,420,1320,0,obs:d23dc7cf41a7cb708c30de57
hours:6d899148e4cf88e8282dbbce,osm:node:4717672963,4,,open,420,1320,0,obs:d23dc7cf41a7cb708c30de57
hours:16a3476baec2b843377ff8b8,osm:node:4717672963,5,,open,420,1320,0,obs:d23dc7cf41a7cb708c30de57
hours:c419fb3f2b4862fa2348d945,osm:node:4717672963,6,,open,420,1320,0,obs:d23dc7cf41a7cb708c30de57
hours:7c2fdcd9967d7e4bc6ccb671,osm:node:4725933789,0,,open,420,720,0,obs:d1d51a29377fb4304a38a52a
hours:7a551fe407477d0213a2818a,osm:node:4725933789,1,,open,420,720,0,obs:d1d51a29377fb4304a38a52a
hours:be92c94cb806370341481d04,osm:node:4725933789,2,,open,420,720,0,obs:d1d51a29377fb4304a38a52a
hours:921298d04eba8046d62db6f0,osm:node:4725933789,3,,open,420,720,0,obs:d1d51a29377fb4304a38a52a
hours:517864bdb24ceed002cae4cb,osm:node:4725933789,4,,open,420,720,0,obs:d1d51a29377fb4304a38a52a
hours:d89760c4dbbf59ea541efaea,osm:node:4725933789,5,,open,420,720,0,obs:d1d51a29377fb4304a38a52a
hours:7f7949861c5608fa917f00df,osm:node:4725933789,6,,open,420,720,0,obs:d1d51a29377fb4304a38a52a
hours:d5bebec696c174b7586ad847,osm:node:4739350321,0,,open,600,1380,0,obs:414e8f51fed646043738be56
hours:c54d04304aca2b4cb811f920,osm:node:4739350321,1,,open,600,1380,0,obs:414e8f51fed646043738be56
hours:ce3dad16737bcef1c3768069,osm:node:4739350321,2,,open,600,1380,0,obs:414e8f51fed646043738be56
hours:8067041548b47ee3da6208c2,osm:node:4739350321,3,,open,600,1380,0,obs:414e8f51fed646043738be56
hours:c59de4f7fa7933ec4f936a25,osm:node:4739350321,4,,open,600,1380,0,obs:414e8f51fed646043738be56
hours:8add64a7c45785febe80c029,osm:node:4739350321,5,,open,600,1380,0,obs:414e8f51fed646043738be56
hours:8e61d16907489e3417078438,osm:node:4739350321,6,,open,600,1380,0,obs:414e8f51fed646043738be56
hours:0de304e1e54b932fe2cde05a,osm:node:4745160523,0,,open,390,1380,0,obs:fd16c45b3f1f03f9a3a19b31
hours:8961d0cfd64a88be399feef3,osm:node:4745160523,1,,open,390,1380,0,obs:fd16c45b3f1f03f9a3a19b31
hours:5a00017c8f7893bbc8ffcb31,osm:node:4745160523,2,,open,390,1380,0,obs:fd16c45b3f1f03f9a3a19b31
hours:bd1477ed574c748bc6ef4caa,osm:node:4745160523,3,,open,390,1380,0,obs:fd16c45b3f1f03f9a3a19b31
hours:b5f2905b82f1a07ec1fc874d,osm:node:4745160523,4,,open,390,1380,0,obs:fd16c45b3f1f03f9a3a19b31
hours:bd51082dfaec48615b7745ec,osm:node:4745160523,5,,open,390,1380,0,obs:fd16c45b3f1f03f9a3a19b31
hours:4b6a4977a9f911e08e906fcd,osm:node:4745160523,6,,open,390,1380,0,obs:fd16c45b3f1f03f9a3a19b31
hours:89f4143f2fd7ac8f7d5465d2,osm:node:4759037451,0,,open,480,1320,0,obs:2c27d60130b31b4149db5a9f
hours:9067a3832c9c6cd0dc09925d,osm:node:4759037451,1,,open,480,1320,0,obs:2c27d60130b31b4149db5a9f
hours:ccf021917bd9b0d6f66aaa4d,osm:node:4759037451,2,,open,480,1320,0,obs:2c27d60130b31b4149db5a9f
hours:18dee1eda0f5adf1cbd5bc04,osm:node:4759037451,3,,open,480,1320,0,obs:2c27d60130b31b4149db5a9f
hours:02f7344897f44dc1bd215dc6,osm:node:4759037451,4,,open,480,1320,0,obs:2c27d60130b31b4149db5a9f
hours:3bafd943df18468e43bec64a,osm:node:4759037451,5,,open,480,1320,0,obs:2c27d60130b31b4149db5a9f
hours:b251c7a3170c24e1cb397e18,osm:node:4759037451,6,,open,480,1320,0,obs:2c27d60130b31b4149db5a9f
hours:d90da1d6a4b11a89ed870ce1,osm:node:4759687343,0,,open,600,1320,0,obs:64096b6f7e56a5cc23846275
hours:9b208a35c0006e42172cabd3,osm:node:4759687343,1,,open,600,1320,0,obs:64096b6f7e56a5cc23846275
hours:3719fd19ac1f66daf3dd686c,osm:node:4759687343,2,,open,600,1320,0,obs:64096b6f7e56a5cc23846275
hours:0f520d5bdb9f787c777a8a9e,osm:node:4759687343,3,,open,600,1320,0,obs:64096b6f7e56a5cc23846275
hours:aad67a6730f26042a153fa69,osm:node:4759687343,4,,open,600,1320,0,obs:64096b6f7e56a5cc23846275
hours:d2576cd4db168a5ccb6ec877,osm:node:4759687343,5,,open,600,1320,0,obs:64096b6f7e56a5cc23846275
hours:63b015db5e7b6ed89cd543fc,osm:node:4759687343,6,,open,600,1320,0,obs:64096b6f7e56a5cc23846275
hours:8c0c1b4b96c5c5966977b2ec,osm:node:4762107023,0,,open,420,1320,0,obs:5a5f679d54926f477ece8111
hours:02d99b734727b6b83d3a2659,osm:node:4762107023,1,,open,420,1320,0,obs:5a5f679d54926f477ece8111
hours:2276862c3e4b3c6dae3c2673,osm:node:4762107023,2,,open,420,1320,0,obs:5a5f679d54926f477ece8111
hours:e028cd858b3e17ff8f85a7bc,osm:node:4762107023,3,,open,420,1320,0,obs:5a5f679d54926f477ece8111
hours:6b65d7bf120b928ae5393c76,osm:node:4762107023,4,,open,420,1320,0,obs:5a5f679d54926f477ece8111
hours:55567bb1870e36381664493a,osm:node:4762107023,5,,open,420,1320,0,obs:5a5f679d54926f477ece8111
hours:037e740089c07838a2f46abf,osm:node:4762107023,6,,open,420,1320,0,obs:5a5f679d54926f477ece8111
hours:a06c3d38990ff2b0a4647971,osm:node:4770510721,0,,open,480,1020,0,obs:eb4ff0a578b8f2fdaa04f2ea
hours:0f0385a44c2f05bba2462b06,osm:node:4770510721,1,,open,480,1020,0,obs:eb4ff0a578b8f2fdaa04f2ea
hours:3c8bb4e957ef27b685613de5,osm:node:4770510721,2,,open,480,1020,0,obs:eb4ff0a578b8f2fdaa04f2ea
hours:ee16e3005f64de0321de1dbd,osm:node:4770510721,3,,open,480,1020,0,obs:eb4ff0a578b8f2fdaa04f2ea
hours:5bf28c7a2bdaba2be80c2ad7,osm:node:4770510721,4,,open,480,1020,0,obs:eb4ff0a578b8f2fdaa04f2ea
hours:a2a3d7bebe0094884734d058,osm:node:4770510721,5,,open,480,1020,0,obs:eb4ff0a578b8f2fdaa04f2ea
hours:e689e20654495a596af1fd21,osm:node:4770510721,6,,open,480,1020,0,obs:eb4ff0a578b8f2fdaa04f2ea
hours:f2cfff5abeda951cba646d84,osm:node:4772225421,0,,open,390,1350,0,obs:a1c7f9a93b8dc61c50ef3156
hours:5a46f62f6b9ff4a8201af62c,osm:node:4772225421,1,,open,390,1350,0,obs:a1c7f9a93b8dc61c50ef3156
hours:1b7a8ad1920fa1be621ef97c,osm:node:4772225421,2,,open,390,1350,0,obs:a1c7f9a93b8dc61c50ef3156
hours:b9fd33e8e5198142075ae180,osm:node:4772225421,3,,open,390,1350,0,obs:a1c7f9a93b8dc61c50ef3156
hours:7b3061916ba3a956d78f8b94,osm:node:4772225421,4,,open,390,1350,0,obs:a1c7f9a93b8dc61c50ef3156
hours:9c93223c14f2ac380ad62418,osm:node:4772225421,5,,open,390,1350,0,obs:a1c7f9a93b8dc61c50ef3156
hours:124918bb7685283995a134c7,osm:node:4772225421,6,,open,390,1350,0,obs:a1c7f9a93b8dc61c50ef3156
hours:620c8f628ce65955658ebb0c,osm:node:4777146421,0,,open,450,1320,0,obs:72c4503fb58f1f08fe6bf1bb
hours:96e316d2ae8599800606b00d,osm:node:4777146421,1,,open,450,1320,0,obs:72c4503fb58f1f08fe6bf1bb
hours:9ee5919facdde33e770ab711,osm:node:4777146421,2,,open,450,1320,0,obs:72c4503fb58f1f08fe6bf1bb
hours:5804778c07ffff781fbd4f43,osm:node:4777146421,3,,open,450,1320,0,obs:72c4503fb58f1f08fe6bf1bb
hours:e214d435bd0c06ecfc520f54,osm:node:4777146421,4,,open,450,1320,0,obs:72c4503fb58f1f08fe6bf1bb
hours:5a38e3d3763bde9497b6d8ff,osm:node:4777146421,5,,open,450,1320,0,obs:72c4503fb58f1f08fe6bf1bb
hours:0ab2e0c03de5aa91654c82c7,osm:node:4777146421,6,,open,450,1320,0,obs:72c4503fb58f1f08fe6bf1bb
hours:ce7d55e4c24a84676ea0db26,osm:node:4778581323,0,,open,660,720,0,obs:ed8941b6570464575e4699b7
hours:58214174da7a35c748a5d29e,osm:node:4778581323,0,,open,780,840,0,obs:ed8941b6570464575e4699b7
hours:9fa3ab12aa332eeeae199529,osm:node:4778581323,1,,open,660,720,0,obs:ed8941b6570464575e4699b7
hours:4af754cd648c20ee09f7c818,osm:node:4778581323,1,,open,780,840,0,obs:ed8941b6570464575e4699b7
hours:1a529791dce275a2ad4480e8,osm:node:4778581323,3,,open,660,720,0,obs:ed8941b6570464575e4699b7
hours:0e1845d51de0ce54b713cd13,osm:node:4778581323,3,,open,780,840,0,obs:ed8941b6570464575e4699b7
hours:f1b7b90b6503a8a8fb9a5f7d,osm:node:4778581323,4,,open,660,720,0,obs:ed8941b6570464575e4699b7
hours:56c59fed3253beb2708e5a1a,osm:node:4778581323,4,,open,780,840,0,obs:ed8941b6570464575e4699b7
hours:dd4e1181080bebac751de4fe,osm:node:4778581323,5,,open,660,720,0,obs:ed8941b6570464575e4699b7
hours:9a821c2d7fc78b7f0e4ffd59,osm:node:4778581323,5,,open,780,840,0,obs:ed8941b6570464575e4699b7
hours:8a108b0fb4d688244ab45244,osm:node:4778581323,6,,open,660,720,0,obs:ed8941b6570464575e4699b7
hours:37420b22b5a283e3d639d80b,osm:node:4778581323,6,,open,780,840,0,obs:ed8941b6570464575e4699b7
hours:fc3d8fe3fc7a4d85ba659f32,osm:node:4784540821,0,,open,420,1260,0,obs:d3d72f1c03ab794407df4aba
hours:f8ec794e7c928bedbbeacf34,osm:node:4784540821,1,,open,420,1260,0,obs:d3d72f1c03ab794407df4aba
hours:87d559798f6b874af2d983df,osm:node:4784540821,2,,open,420,1260,0,obs:d3d72f1c03ab794407df4aba
hours:392f9add2fe7c245c42b6f87,osm:node:4784540821,3,,open,420,1260,0,obs:d3d72f1c03ab794407df4aba
hours:9f00d828dbeab795af3ceeef,osm:node:4784540821,4,,open,420,1260,0,obs:d3d72f1c03ab794407df4aba
hours:a450f56be928ef78d6ec8bd0,osm:node:4784540821,5,,open,420,1260,0,obs:d3d72f1c03ab794407df4aba
hours:fb2a9b94a0ab0b32cd44750d,osm:node:4784540821,6,,open,420,1260,0,obs:d3d72f1c03ab794407df4aba
hours:d67683bb4d7fbf89c019fa26,osm:node:4789270528,0,,open,540,1440,0,obs:446013c883976863099d7b1b
hours:dc881dbe86c982172eccb926,osm:node:4789270528,1,,open,540,1440,0,obs:446013c883976863099d7b1b
hours:5c036354c9750d7ee4e8f56e,osm:node:4789270528,2,,open,540,1440,0,obs:446013c883976863099d7b1b
hours:7f616b01c7268572bb907b41,osm:node:4789270528,3,,open,540,1440,0,obs:446013c883976863099d7b1b
hours:46afd89d9e61ac682b81acaf,osm:node:4789270528,4,,open,540,1440,0,obs:446013c883976863099d7b1b
hours:67041310a6adeb32081addc7,osm:node:4789270528,5,,open,540,1440,0,obs:446013c883976863099d7b1b
hours:c43817c22d25cf45218b604f,osm:node:4789270528,6,,open,540,1440,0,obs:446013c883976863099d7b1b
hours:90959215ee45b3a691a09cba,osm:node:4806919622,0,,open,1020,1320,0,obs:fb094593e688255726b85e9f
hours:a53593cc0903eeff3982e7c8,osm:node:4806919622,1,,open,1020,1320,0,obs:fb094593e688255726b85e9f
hours:c2b669a16fcee556aa8fed06,osm:node:4806919622,2,,open,1020,1320,0,obs:fb094593e688255726b85e9f
hours:37b15c25f8dc1e1e8fbbf8fe,osm:node:4806919622,3,,open,1020,1320,0,obs:fb094593e688255726b85e9f
hours:4ee45bd81fd8c7a0be9278a5,osm:node:4806919622,4,,open,1020,1320,0,obs:fb094593e688255726b85e9f
hours:dcf1b2265e452ca080937601,osm:node:4806919622,5,,open,1020,1320,0,obs:fb094593e688255726b85e9f
hours:7d2d5e48fe6d894f76cd78b0,osm:node:4806919622,6,,open,1020,1320,0,obs:fb094593e688255726b85e9f
hours:634ec56e60f6cf76fcff63d3,osm:node:4806919623,0,,open,600,840,0,obs:bb7be82c6fc8a286bc812815
hours:bc5b5e4ebc2275a1b89fb849,osm:node:4806919623,0,,open,1020,1260,0,obs:bb7be82c6fc8a286bc812815
hours:db4ea54c9f4f3142e24499b0,osm:node:4806919623,1,,open,600,840,0,obs:bb7be82c6fc8a286bc812815
hours:5ad40f72f6697737f1b1b9ab,osm:node:4806919623,1,,open,1020,1260,0,obs:bb7be82c6fc8a286bc812815
hours:99d8c088c6aeeb323aa67900,osm:node:4806919623,2,,open,600,840,0,obs:bb7be82c6fc8a286bc812815
hours:51f5c8e1ed315a4eae72de44,osm:node:4806919623,2,,open,1020,1260,0,obs:bb7be82c6fc8a286bc812815
hours:e6aa6fc2bc69784a6e2fcda0,osm:node:4806919623,3,,open,600,840,0,obs:bb7be82c6fc8a286bc812815
hours:5a7ee28190b7b5d8e697d524,osm:node:4806919623,3,,open,1020,1260,0,obs:bb7be82c6fc8a286bc812815
hours:191a66e3f023322dc895dd70,osm:node:4806919623,4,,open,600,840,0,obs:bb7be82c6fc8a286bc812815
hours:2e69e4b8ffa8793fa5faa09b,osm:node:4806919623,4,,open,1020,1260,0,obs:bb7be82c6fc8a286bc812815
hours:41a4771f6df7498ef1e48e72,osm:node:4806919623,5,,open,600,840,0,obs:bb7be82c6fc8a286bc812815
hours:2a9d4da51d05b19914eb4712,osm:node:4806919623,5,,open,1020,1260,0,obs:bb7be82c6fc8a286bc812815
hours:54cf06c5297e311f804a6fc1,osm:node:4806919623,6,,open,600,840,0,obs:bb7be82c6fc8a286bc812815
hours:03829d655454ef09771740e5,osm:node:4806919623,6,,open,1020,1260,0,obs:bb7be82c6fc8a286bc812815
hours:d3175af438ca49d7f7456f29,osm:node:4806921821,0,,open,1020,1320,0,obs:43280322560892c1ed3688b2
hours:2c497d668de7a38f7937c4be,osm:node:4806921821,1,,open,1020,1320,0,obs:43280322560892c1ed3688b2
hours:e777aa8f4f6306ee22755337,osm:node:4806921821,2,,open,1020,1320,0,obs:43280322560892c1ed3688b2
hours:704824a8496cf006f2404219,osm:node:4806921821,3,,open,1020,1320,0,obs:43280322560892c1ed3688b2
hours:19928de646ef8aac6039431b,osm:node:4806921821,4,,open,1020,1320,0,obs:43280322560892c1ed3688b2
hours:c29c77c8c918438ed2b3248f,osm:node:4806921821,5,,open,1020,1320,0,obs:43280322560892c1ed3688b2
hours:59ae34f2925af5d205b78e4f,osm:node:4806921821,6,,open,1020,1320,0,obs:43280322560892c1ed3688b2
hours:8e7553c07cdb729763a70a82,osm:node:4821984428,1,,open,960,1320,0,obs:e506b10c641afaae5c117647
hours:6164bfeb6b4f208bc3622da5,osm:node:4821984428,2,,open,960,1320,0,obs:e506b10c641afaae5c117647
hours:f9a146fed7e2a2cf329749b6,osm:node:4821984428,3,,open,960,1320,0,obs:e506b10c641afaae5c117647
hours:b8aa81d0eec990efc00852f8,osm:node:4821984428,4,,open,960,1320,0,obs:e506b10c641afaae5c117647
hours:872214b9308cc3d8854645f2,osm:node:4821984428,5,,open,960,1320,0,obs:e506b10c641afaae5c117647
hours:b21cf5072b4697841bbf156b,osm:node:4821984428,6,,open,960,1320,0,obs:e506b10c641afaae5c117647
hours:9f9ca52165ade05aeb7a2480,osm:node:4839614226,0,,open,600,1380,0,obs:3d66155ddce1bdd004402c67
hours:1ae0d17dd68299ab7d597fda,osm:node:4839614226,1,,open,600,1380,0,obs:3d66155ddce1bdd004402c67
hours:37637313a63dfa8e728e07e2,osm:node:4839614226,2,,open,600,1380,0,obs:3d66155ddce1bdd004402c67
hours:8bbfd4ffb4c5bd4d2d700811,osm:node:4839614226,3,,open,600,1380,0,obs:3d66155ddce1bdd004402c67
hours:56ffeeb0747dc71758de14c5,osm:node:4839614226,4,,open,600,1380,0,obs:3d66155ddce1bdd004402c67
hours:75e49244f88ca9e08419f0a5,osm:node:4839614226,5,,open,600,1380,0,obs:3d66155ddce1bdd004402c67
hours:f1b993aba4f416f20953edf9,osm:node:4839614226,6,,open,600,1380,0,obs:3d66155ddce1bdd004402c67
hours:9a3fb41f88de0b9ccdb0d1ec,osm:node:4844888422,0,,open,480,1290,0,obs:a03e77027b726e989587d123
hours:73d1fe8747f83f07c56233eb,osm:node:4844888422,1,,open,480,1290,0,obs:a03e77027b726e989587d123
hours:fde6c59195368c9f08bc7fdb,osm:node:4844888422,2,,open,480,1290,0,obs:a03e77027b726e989587d123
hours:2dff4daa48b48a42423a2da4,osm:node:4844888422,3,,open,480,1290,0,obs:a03e77027b726e989587d123
hours:7ce424722160157aef5cfb06,osm:node:4844888422,4,,open,480,1290,0,obs:a03e77027b726e989587d123
hours:45233f6b604c6645720db970,osm:node:4844888422,5,,open,480,1290,0,obs:a03e77027b726e989587d123
hours:b1c9cdbaa243a2b9097f7e31,osm:node:4844888422,6,,open,480,1290,0,obs:a03e77027b726e989587d123
hours:42d89bca3bd6c0ad4e43cdca,osm:node:4846011424,0,,open,720,1440,0,obs:9e40f50ddb97b0b91bf59e08
hours:c8b16d471667eb8902f5f34c,osm:node:4846011424,1,,open,720,1440,0,obs:9e40f50ddb97b0b91bf59e08
hours:fe802122f2df645f347df114,osm:node:4846011424,2,,open,720,1440,0,obs:9e40f50ddb97b0b91bf59e08
hours:62bb9674c64696c33809e20b,osm:node:4846011424,3,,open,720,1440,0,obs:9e40f50ddb97b0b91bf59e08
hours:afa5a29efa5fe6dd5fdd3690,osm:node:4846011424,4,,open,720,1440,0,obs:9e40f50ddb97b0b91bf59e08
hours:fa185f77bd3796a532906d43,osm:node:4846011424,5,,open,720,1440,0,obs:9e40f50ddb97b0b91bf59e08
hours:613763c85d0d4e88c999545b,osm:node:4846011424,6,,open,720,1440,0,obs:9e40f50ddb97b0b91bf59e08
hours:b603931fd15bd59f0550f03c,osm:node:4846983321,0,,open,360,1020,0,obs:3cd4e3398b53e57389c25658
hours:5561ddaa1f63fe05f1953df0,osm:node:4846983321,1,,open,360,1020,0,obs:3cd4e3398b53e57389c25658
hours:35b8b66604f79f019923ddb1,osm:node:4846983321,2,,open,360,1020,0,obs:3cd4e3398b53e57389c25658
hours:5a6287ddfc470d02c386a546,osm:node:4846983321,3,,open,360,1020,0,obs:3cd4e3398b53e57389c25658
hours:8898159985aba522b92c4bed,osm:node:4846983321,4,,open,360,1020,0,obs:3cd4e3398b53e57389c25658
hours:b3c7ccc96351df1296041ae8,osm:node:4846983321,5,,open,360,1020,0,obs:3cd4e3398b53e57389c25658
hours:eb12bc3d8bf263cefcfab0cd,osm:node:4846983321,6,,open,360,1020,0,obs:3cd4e3398b53e57389c25658
hours:dd85c6a19dda726a0e87b4a8,osm:node:4854309123,0,,open,0,1440,0,obs:31e64050c6c0d8d2843c1102
hours:a63b6258654eacd77b244170,osm:node:4854309123,1,,open,0,1440,0,obs:31e64050c6c0d8d2843c1102
hours:cd092f5c79a08a2227a67cec,osm:node:4854309123,2,,open,0,1440,0,obs:31e64050c6c0d8d2843c1102
hours:534ee357bc9d8d131b159bc0,osm:node:4854309123,3,,open,0,1440,0,obs:31e64050c6c0d8d2843c1102
hours:f4439673b0a68010bdfde7f7,osm:node:4854309123,4,,open,0,1440,0,obs:31e64050c6c0d8d2843c1102
hours:17879e3b53d38712a54de87c,osm:node:4854309123,5,,open,0,1440,0,obs:31e64050c6c0d8d2843c1102
hours:1d4998786fc17613df095c23,osm:node:4854309123,6,,open,0,1440,0,obs:31e64050c6c0d8d2843c1102
hours:85506dccbe92570b3b57eab0,osm:node:4854342521,0,,open,0,1440,0,obs:89eb9f0dfb06d298df7c362c
hours:8e1df9dd86a8014b9f533e89,osm:node:4854342521,1,,open,0,1440,0,obs:89eb9f0dfb06d298df7c362c
hours:37df1472326aef0b54e9cf6c,osm:node:4854342521,2,,open,0,1440,0,obs:89eb9f0dfb06d298df7c362c
hours:303ab7bd9d1b9a28fffc1102,osm:node:4854342521,3,,open,0,1440,0,obs:89eb9f0dfb06d298df7c362c
hours:b4796e9470ee313ab1714f7e,osm:node:4854342521,4,,open,0,1440,0,obs:89eb9f0dfb06d298df7c362c
hours:fbd561741ac4fdd12c786735,osm:node:4854342521,5,,open,0,1440,0,obs:89eb9f0dfb06d298df7c362c
hours:fcc77af22731a24f1edbf8b8,osm:node:4854342521,6,,open,0,1440,0,obs:89eb9f0dfb06d298df7c362c
hours:f3602717016ea854f13d2f0b,osm:node:4869072521,0,,open,540,1020,0,obs:775678615805e13c6e98829b
hours:f40d113087364e10e539c7f5,osm:node:4869072521,2,,open,540,1020,0,obs:775678615805e13c6e98829b
hours:1fb8ee3bb79e71b7d097bed1,osm:node:4869072521,3,,open,540,1020,0,obs:775678615805e13c6e98829b
hours:3ebf24492b362ef70d30d9e4,osm:node:4869072521,4,,open,540,1020,0,obs:775678615805e13c6e98829b
hours:9e74cc2d3d09b037d6a84e12,osm:node:4869072521,5,,open,540,1020,0,obs:775678615805e13c6e98829b
hours:7c339c9c0a01ebc3c242bf8d,osm:node:4869072521,6,,open,540,1020,0,obs:775678615805e13c6e98829b
hours:fbdf5da421aa0406a740bfa0,osm:node:4878114221,0,,open,420,1410,0,obs:ec8ea2f305fa39f796247989
hours:6ea1fa5d45403259b911e468,osm:node:4878114221,1,,open,420,1410,0,obs:ec8ea2f305fa39f796247989
hours:82ab328659a29edc9aaae243,osm:node:4878114221,2,,open,420,1410,0,obs:ec8ea2f305fa39f796247989
hours:f9deb6617228b94fa7d625ce,osm:node:4878114221,3,,open,420,1410,0,obs:ec8ea2f305fa39f796247989
hours:4166dd47cdd5084d66e84133,osm:node:4878114221,4,,open,420,1410,0,obs:ec8ea2f305fa39f796247989
hours:6d94489e722b5a0f97104b3c,osm:node:4878114221,5,,open,420,1410,0,obs:ec8ea2f305fa39f796247989
hours:3a6b0bba6e288805135db549,osm:node:4878114221,6,,open,420,1410,0,obs:ec8ea2f305fa39f796247989
hours:cf2a60f11103afd31dd44411,osm:node:4883744921,0,,open,720,1260,0,obs:9ced9a077432b4db90dfb2b5
hours:635778793bda885addf57f18,osm:node:4883744921,1,,open,720,1260,0,obs:9ced9a077432b4db90dfb2b5
hours:9dd1b6aa2fe13108b7d5ef14,osm:node:4883744921,2,,open,720,1260,0,obs:9ced9a077432b4db90dfb2b5
hours:1e6ede5a9752d9233efbd352,osm:node:4883744921,3,,open,720,1260,0,obs:9ced9a077432b4db90dfb2b5
hours:42bb1bfe779d90eb31c401ca,osm:node:4883744921,4,,open,720,1260,0,obs:9ced9a077432b4db90dfb2b5
hours:8362b8c3ad7b1ab7c7e9eaf8,osm:node:4883744921,5,,open,720,1260,0,obs:9ced9a077432b4db90dfb2b5
hours:a5ba1c1e9be17e5f96552d31,osm:node:4883744921,6,,open,720,1260,0,obs:9ced9a077432b4db90dfb2b5
hours:6ec0bd25a6e27423c2961110,osm:node:4885271521,0,,open,390,1140,0,obs:77b1b9788f2caf0efd6b86db
hours:0513f12f679cf1b7d328f363,osm:node:4885271521,1,,open,390,1140,0,obs:77b1b9788f2caf0efd6b86db
hours:9069c0c0cc48a14c485e484b,osm:node:4885271521,2,,open,390,1140,0,obs:77b1b9788f2caf0efd6b86db
hours:ccb5194883de3dce7a6bf8cb,osm:node:4885271521,3,,open,390,1140,0,obs:77b1b9788f2caf0efd6b86db
hours:c3b614af72b5a8b3dff96fe5,osm:node:4885271521,4,,open,390,1140,0,obs:77b1b9788f2caf0efd6b86db
hours:63fac2185e7bad83d41bf728,osm:node:4885271521,5,,open,390,1140,0,obs:77b1b9788f2caf0efd6b86db
hours:93868708ec83f81b4d5ea3f2,osm:node:4885271521,6,,open,390,1140,0,obs:77b1b9788f2caf0efd6b86db
hours:dc5a410fe121e367cbcb5d2a,osm:node:4887456421,0,,open,360,1320,0,obs:d7b70114de710d65d11426fe
hours:5a5b67fa26d93392f0cbd50a,osm:node:4887456421,1,,open,360,1320,0,obs:d7b70114de710d65d11426fe
hours:66553c6e37e149dc53cd67d6,osm:node:4887456421,2,,open,360,1320,0,obs:d7b70114de710d65d11426fe
hours:c060c149060535bd6f7f6464,osm:node:4887456421,3,,open,360,1320,0,obs:d7b70114de710d65d11426fe
hours:5443f69eddb29aaf0ac58557,osm:node:4887456421,4,,open,360,1320,0,obs:d7b70114de710d65d11426fe
hours:d0437c182d565a7329188932,osm:node:4887456421,5,,open,360,1320,0,obs:d7b70114de710d65d11426fe
hours:cf1d1698e69bd46fec36dfb4,osm:node:4887456421,6,,open,360,1320,0,obs:d7b70114de710d65d11426fe
hours:f81c8fd8d4defe241e2e7128,osm:node:4893587521,0,,open,450,1290,0,obs:369a5b8cbf03be81a4a7bf89
hours:561b3d11bdfdc86172b5df1b,osm:node:4893587521,1,,open,450,1290,0,obs:369a5b8cbf03be81a4a7bf89
hours:4357f50f47ace53f9d945287,osm:node:4893587521,2,,open,450,1290,0,obs:369a5b8cbf03be81a4a7bf89
hours:1fdfcecc21a42999ab1ed5ab,osm:node:4893587521,3,,open,450,1290,0,obs:369a5b8cbf03be81a4a7bf89
hours:0d4df6d10d5f7d00f9ae64c5,osm:node:4893587521,4,,open,450,1290,0,obs:369a5b8cbf03be81a4a7bf89
hours:cf64a1e89fe151c9f2f52bfd,osm:node:4893587521,5,,open,450,1290,0,obs:369a5b8cbf03be81a4a7bf89
hours:c4d419d1d95ff8af9fdf4de8,osm:node:4893587521,6,,open,450,1290,0,obs:369a5b8cbf03be81a4a7bf89
hours:ffec64e9b895e8e094b400fb,osm:node:4898407622,0,,open,480,1380,0,obs:c2695183a3399896a03a9337
hours:0fdd47934880dddec4d3bb7d,osm:node:4898407622,1,,open,480,1380,0,obs:c2695183a3399896a03a9337
hours:d56f41fc5ec9880ece07e212,osm:node:4898407622,2,,open,480,1380,0,obs:c2695183a3399896a03a9337
hours:294a9606fcbbf2223d4ccdb3,osm:node:4898407622,3,,open,480,1380,0,obs:c2695183a3399896a03a9337
hours:832ac9dad95d9475cf6f1dcf,osm:node:4898407622,4,,open,480,1380,0,obs:c2695183a3399896a03a9337
hours:e62014022489e75ea263ece5,osm:node:4898407622,5,,open,480,1380,0,obs:c2695183a3399896a03a9337
hours:82f1e514fe1a237eb365df58,osm:node:4898407622,6,,open,480,1380,0,obs:c2695183a3399896a03a9337
hours:716952e966aea6fe76021213,osm:node:4905288121,0,,open,900,1200,0,obs:69d7cdc38659a83ded7ff79e
hours:8255425c221cdc6550be5484,osm:node:4905288121,1,,open,900,1200,0,obs:69d7cdc38659a83ded7ff79e
hours:6eb8256e6f59d085147cafe3,osm:node:4905288121,2,,open,900,1200,0,obs:69d7cdc38659a83ded7ff79e
hours:0d3ed6378b13d93b64ce55cf,osm:node:4905288121,3,,open,900,1200,0,obs:69d7cdc38659a83ded7ff79e
hours:63ae0aa507996d26e7ac059e,osm:node:4905288121,4,,open,900,1200,0,obs:69d7cdc38659a83ded7ff79e
hours:1d70c42cb2499bf05ad55d68,osm:node:4905288121,5,,open,900,1200,0,obs:69d7cdc38659a83ded7ff79e
hours:ab1439b92a97a5ea9baaf5b7,osm:node:4905288121,6,,open,900,1200,0,obs:69d7cdc38659a83ded7ff79e
hours:6456de53d3804d9a22c62f42,osm:node:4911301321,0,,open,360,1350,0,obs:257dac41fb3f771c8f18c7c5
hours:01b64ef3b20d09b496759230,osm:node:4911301321,1,,open,360,1350,0,obs:257dac41fb3f771c8f18c7c5
hours:3faf51c9e1fe92406336eca9,osm:node:4911301321,2,,open,360,1350,0,obs:257dac41fb3f771c8f18c7c5
hours:0e1fcc20e92b0d03379e0cd0,osm:node:4911301321,3,,open,360,1350,0,obs:257dac41fb3f771c8f18c7c5
hours:836ba62fd22f2b8f1dcdb964,osm:node:4911301321,4,,open,360,1350,0,obs:257dac41fb3f771c8f18c7c5
hours:26ea5fd8f31ac833df920ba0,osm:node:4911301321,5,,open,360,1350,0,obs:257dac41fb3f771c8f18c7c5
hours:0f599ccb405c23d104c6d45d,osm:node:4911301321,6,,open,360,1350,0,obs:257dac41fb3f771c8f18c7c5
hours:7bbd1abafbcc15e7155d963b,osm:node:4920642221,0,,open,660,1380,0,obs:456e1de8197e6d7d0c7489bc
hours:25a462df202ef8c8b80685e2,osm:node:4920642221,1,,open,660,1380,0,obs:456e1de8197e6d7d0c7489bc
hours:b755883969d3c7f7cfeb9237,osm:node:4920642221,2,,open,660,1380,0,obs:456e1de8197e6d7d0c7489bc
hours:d7528bb61434bbf3d76c3faf,osm:node:4920642221,3,,open,660,1380,0,obs:456e1de8197e6d7d0c7489bc
hours:5114738cad36b036ac16ea5b,osm:node:4920642221,4,,open,660,1380,0,obs:456e1de8197e6d7d0c7489bc
hours:a31d520e8ed783fbb42e9a67,osm:node:4920642221,5,,open,660,1380,0,obs:456e1de8197e6d7d0c7489bc
hours:71b2b1e8dce0d7b682c847cf,osm:node:4920642221,6,,open,660,1380,0,obs:456e1de8197e6d7d0c7489bc
hours:67cf678dcef989a7d5396968,osm:node:4931152321,0,,open,630,840,0,obs:ef3ea06659e130a3a735dde9
hours:8198bee60c0e50b679c366dd,osm:node:4931152321,0,,open,960,1290,0,obs:ef3ea06659e130a3a735dde9
hours:7879c2eaeec4196f43e092cc,osm:node:4931152321,1,,open,630,840,0,obs:ef3ea06659e130a3a735dde9
hours:ae0e34e63a968c4b4f525604,osm:node:4931152321,1,,open,960,1290,0,obs:ef3ea06659e130a3a735dde9
hours:d869ce322f7090689675aa1b,osm:node:4931152321,2,,open,630,840,0,obs:ef3ea06659e130a3a735dde9
hours:f540451783fb84e12ef63ec9,osm:node:4931152321,2,,open,960,1290,0,obs:ef3ea06659e130a3a735dde9
hours:61cfcef87bc89c084e7e2e3f,osm:node:4931152321,3,,open,630,840,0,obs:ef3ea06659e130a3a735dde9
hours:6109ce6482e8d9e6de02e4a5,osm:node:4931152321,3,,open,960,1290,0,obs:ef3ea06659e130a3a735dde9
hours:a3f0f00127ecd9e15623291d,osm:node:4931152321,4,,open,630,840,0,obs:ef3ea06659e130a3a735dde9
hours:1f5ce96e20268a1ebaec13b4,osm:node:4931152321,4,,open,960,1290,0,obs:ef3ea06659e130a3a735dde9
hours:f812c297cb1613e73482cfa5,osm:node:4931152321,5,,open,630,840,0,obs:ef3ea06659e130a3a735dde9
hours:d1a778e56a7943c7090e6434,osm:node:4931152321,5,,open,960,1290,0,obs:ef3ea06659e130a3a735dde9
hours:3a7c7bc75c022a2cdd205230,osm:node:4931152321,6,,open,630,840,0,obs:ef3ea06659e130a3a735dde9
hours:57e4d4b64b91ced497c1229e,osm:node:4931152321,6,,open,960,1290,0,obs:ef3ea06659e130a3a735dde9
hours:d864e5d5173773e08864cb0a,osm:node:4961221921,0,,open,390,1350,0,obs:186baa6a80429720a450ea65
hours:438f8f0b79136eb2edd7886d,osm:node:4961221921,1,,open,390,1350,0,obs:186baa6a80429720a450ea65
hours:3882cc0c751d8e5e561cf494,osm:node:4961221921,2,,open,390,1350,0,obs:186baa6a80429720a450ea65
hours:3bdfdda62a4c0b9741fb5291,osm:node:4961221921,3,,open,390,1350,0,obs:186baa6a80429720a450ea65
hours:aee9cf2676f32de18cd14e4b,osm:node:4961221921,4,,open,390,1350,0,obs:186baa6a80429720a450ea65
hours:113f88a9a1f0f9bbac9c4f85,osm:node:4961221921,5,,open,390,1350,0,obs:186baa6a80429720a450ea65
hours:a1f0171b41336f1c309bb5fa,osm:node:4961221921,6,,open,390,1350,0,obs:186baa6a80429720a450ea65
hours:da0c68995e329db6a3b1e748,osm:node:4962244121,0,,open,480,1380,0,obs:a774aec9c42688d373e83725
hours:615644dc14c68af2c589400f,osm:node:4962244121,1,,open,480,1380,0,obs:a774aec9c42688d373e83725
hours:e0a447ad50289b9d3d50fa09,osm:node:4962244121,2,,open,480,1380,0,obs:a774aec9c42688d373e83725
hours:9ed43d55f2d5ebf9b0831741,osm:node:4962244121,3,,open,480,1380,0,obs:a774aec9c42688d373e83725
hours:40b6d3a69882acff81b0d609,osm:node:4962244121,4,,open,480,1380,0,obs:a774aec9c42688d373e83725
hours:ac92d30e7c39e2b66bead601,osm:node:4962244121,5,,open,480,1380,0,obs:a774aec9c42688d373e83725
hours:3ead664c7ca3068b7449943d,osm:node:4962244121,6,,open,480,1380,0,obs:a774aec9c42688d373e83725
hours:9690268cc21d1db2829a1c15,osm:node:4973895421,0,,open,390,1380,0,obs:6e5402927583c2413da95a4e
hours:7542cfc3437d5cf294f481e4,osm:node:4973895421,1,,open,390,1380,0,obs:6e5402927583c2413da95a4e
hours:88ab33c23bcf4b7ebe78de10,osm:node:4973895421,2,,open,390,1380,0,obs:6e5402927583c2413da95a4e
hours:d62e2158c504d11ec4667064,osm:node:4973895421,3,,open,390,1380,0,obs:6e5402927583c2413da95a4e
hours:a760f8cb83952b203598a356,osm:node:4973895421,4,,open,390,1380,0,obs:6e5402927583c2413da95a4e
hours:32d7c51ba94df11f9b5fcfd3,osm:node:4973895421,5,,open,390,1380,0,obs:6e5402927583c2413da95a4e
hours:fa4315a53b9b5a6246aeb436,osm:node:4973895421,6,,open,390,1380,0,obs:6e5402927583c2413da95a4e
hours:105348bd2351464ed0307e12,osm:node:4974302123,0,,open,480,1440,0,obs:08d0d929a32638f0f3339e68
hours:cd4d9a939533cdb720f26f14,osm:node:4974302123,1,,open,480,1440,0,obs:08d0d929a32638f0f3339e68
hours:cc6525e0c202f0ff6599312d,osm:node:4974302123,2,,open,480,1440,0,obs:08d0d929a32638f0f3339e68
hours:e2d88da3d5a3d63f699736eb,osm:node:4974302123,3,,open,480,1440,0,obs:08d0d929a32638f0f3339e68
hours:d1b40469b9eac324bb8a8f5f,osm:node:4974302123,4,,open,480,1440,0,obs:08d0d929a32638f0f3339e68
hours:ca3e8421b53d5cb632505a67,osm:node:4974302123,5,,open,480,1440,0,obs:08d0d929a32638f0f3339e68
hours:427706d49f196d3f398bd2e0,osm:node:4974302123,6,,open,480,1440,0,obs:08d0d929a32638f0f3339e68
hours:9b1da5b3420d590787dd839d,osm:node:4976315121,0,,open,600,1320,0,obs:e81a402a0cd8894ade4652d3
hours:357443bb78d74c19a6e23c1b,osm:node:4976315121,1,,open,600,1320,0,obs:e81a402a0cd8894ade4652d3
hours:d4399bc5c249b7447a7190d8,osm:node:4976315121,2,,open,600,1320,0,obs:e81a402a0cd8894ade4652d3
hours:70fdfa2d37704e0b9497bf3e,osm:node:4976315121,3,,open,600,1320,0,obs:e81a402a0cd8894ade4652d3
hours:fe766595e25a10ef78e82d58,osm:node:4976315121,4,,open,600,1320,0,obs:e81a402a0cd8894ade4652d3
hours:68389118258b79720090bb40,osm:node:4976315121,5,,open,600,1320,0,obs:e81a402a0cd8894ade4652d3
hours:2b6edb942d5bf8cd30972854,osm:node:4976315121,6,,open,600,1320,0,obs:e81a402a0cd8894ade4652d3
hours:22c51568aa188ac612c10c0e,osm:node:5026609321,0,,open,330,1320,0,obs:5363ee892a3097ae18c75149
hours:9cc291471c0f512f754a6b75,osm:node:5026609321,1,,open,330,1320,0,obs:5363ee892a3097ae18c75149
hours:6a50ae829ad28e6aa05539d2,osm:node:5026609321,2,,open,330,1320,0,obs:5363ee892a3097ae18c75149
hours:1e87288f32e288f6c5624118,osm:node:5026609321,3,,open,330,1320,0,obs:5363ee892a3097ae18c75149
hours:6cfa35bca17db5bd2c89f8a7,osm:node:5026609321,4,,open,330,1320,0,obs:5363ee892a3097ae18c75149
hours:577b863ab27156ce048d5a8d,osm:node:5026609321,5,,open,330,1320,0,obs:5363ee892a3097ae18c75149
hours:dfd6db1840862320b029d37c,osm:node:5026609321,6,,open,330,1320,0,obs:5363ee892a3097ae18c75149
hours:ef9278ce80fffd176c01aade,osm:node:5030033123,0,,open,360,1260,0,obs:df1974f43f0754251f6f8558
hours:014348a1244d2ef527e90ad6,osm:node:5030033123,1,,open,360,1260,0,obs:df1974f43f0754251f6f8558
hours:e0a66970e0d323cdbeae9923,osm:node:5030033123,2,,open,360,1260,0,obs:df1974f43f0754251f6f8558
hours:5e0aa1b69120431d6b5f8887,osm:node:5030033123,3,,open,360,1260,0,obs:df1974f43f0754251f6f8558
hours:7f8a89fe96002f99a71a8d13,osm:node:5030033123,4,,open,360,1260,0,obs:df1974f43f0754251f6f8558
hours:34107162369ef6550fd1b7b6,osm:node:5030033123,5,,open,360,1260,0,obs:df1974f43f0754251f6f8558
hours:527d37219ff9d976c301c40d,osm:node:5030033123,6,,open,360,1260,0,obs:df1974f43f0754251f6f8558
hours:d90257e843dea170a7690430,osm:node:5038348824,0,,open,0,1440,0,obs:ce366928ad6e076053fa8ebd
hours:d5bce445b4d2232e991af5c9,osm:node:5038348824,1,,open,0,1440,0,obs:ce366928ad6e076053fa8ebd
hours:559a6823f72e27bc1b4b062a,osm:node:5038348824,2,,open,0,1440,0,obs:ce366928ad6e076053fa8ebd
hours:8c3303bff8a38984414e8099,osm:node:5038348824,3,,open,0,1440,0,obs:ce366928ad6e076053fa8ebd
hours:ee15d74a00fa0178765eb141,osm:node:5038348824,4,,open,0,1440,0,obs:ce366928ad6e076053fa8ebd
hours:892fe9a5125771d931f08a23,osm:node:5038348824,5,,open,0,1440,0,obs:ce366928ad6e076053fa8ebd
hours:a425d344a5215c2f84c99a4a,osm:node:5038348824,6,,open,0,1440,0,obs:ce366928ad6e076053fa8ebd
hours:3656d1ef3935da6c035cdf02,osm:node:5061520126,0,,open,540,1260,0,obs:c0d3bcc8cc8e8cd6c89edc22
hours:718abd5d9c7a298daab71779,osm:node:5061520126,1,,open,540,1260,0,obs:c0d3bcc8cc8e8cd6c89edc22
hours:7a270be44147d9f5e19f2db4,osm:node:5061520126,2,,open,540,1260,0,obs:c0d3bcc8cc8e8cd6c89edc22
hours:6606033b890e382ed3a42783,osm:node:5061520126,3,,open,540,1260,0,obs:c0d3bcc8cc8e8cd6c89edc22
hours:934b532f29ebf6247cc7fa0d,osm:node:5061520126,4,,open,540,1260,0,obs:c0d3bcc8cc8e8cd6c89edc22
hours:11b4fcb2a816b33dc1123386,osm:node:5061520126,5,,open,540,1260,0,obs:c0d3bcc8cc8e8cd6c89edc22
hours:c885bcad1f6e54f821098586,osm:node:5061520126,6,,open,540,1260,0,obs:c0d3bcc8cc8e8cd6c89edc22
hours:c29661ba0ac2c64a86bd254f,osm:node:5088092923,0,,open,390,1200,0,obs:145044ca48b65768df7ed939
hours:dd8b157cbba62105539edd8f,osm:node:5088092923,1,,open,390,1200,0,obs:145044ca48b65768df7ed939
hours:7d6c8444d4171e0d66193e15,osm:node:5088092923,2,,open,390,1200,0,obs:145044ca48b65768df7ed939
hours:7f5535510f9cf58a01525801,osm:node:5088092923,3,,open,390,1200,0,obs:145044ca48b65768df7ed939
hours:3bb774631fd05d050122a3d2,osm:node:5088092923,4,,open,390,1200,0,obs:145044ca48b65768df7ed939
hours:5f014a61375003c4d1d302f2,osm:node:5088092923,5,,open,390,960,0,obs:145044ca48b65768df7ed939
hours:4e44817e2cb0d6e725a5d70b,osm:node:5088092923,6,,open,390,1200,0,obs:145044ca48b65768df7ed939
hours:83c42b0c7382316ce319ea62,osm:node:5107806021,0,,open,420,1320,0,obs:8a8749f4b24653d3c21efcf8
hours:3e5ed6977db393cc0a116fb7,osm:node:5107806021,1,,open,420,1320,0,obs:8a8749f4b24653d3c21efcf8
hours:2251aeba2dc34a8d7bfe6912,osm:node:5107806021,2,,open,420,1320,0,obs:8a8749f4b24653d3c21efcf8
hours:3d189cc52bbb0a0be223589d,osm:node:5107806021,3,,open,420,1320,0,obs:8a8749f4b24653d3c21efcf8
hours:9042ab3b64900aa1edcb8442,osm:node:5107806021,4,,open,420,1320,0,obs:8a8749f4b24653d3c21efcf8
hours:60101a41af90df9d06e0da9f,osm:node:5107806021,5,,open,420,1320,0,obs:8a8749f4b24653d3c21efcf8
hours:21df1f9f9d789ec864fd476d,osm:node:5107806021,6,,open,420,1320,0,obs:8a8749f4b24653d3c21efcf8
hours:b74173dce88af44d0fae85f2,osm:node:5116302323,0,,open,390,1350,0,obs:bbe1442b657f64cc6ce2fefd
hours:6f1548e6c78e9f0e026c5bae,osm:node:5116302323,1,,open,390,1350,0,obs:bbe1442b657f64cc6ce2fefd
hours:95c979920edfa155aedd019f,osm:node:5116302323,2,,open,390,1350,0,obs:bbe1442b657f64cc6ce2fefd
hours:64c686c1a993188830b4cb0f,osm:node:5116302323,3,,open,390,1350,0,obs:bbe1442b657f64cc6ce2fefd
hours:c2c10b6a05aba519b18967fe,osm:node:5116302323,4,,open,390,1350,0,obs:bbe1442b657f64cc6ce2fefd
hours:e3fb21c1114a517db7b45d7e,osm:node:5116302323,5,,open,390,1350,0,obs:bbe1442b657f64cc6ce2fefd
hours:45795d2d910a8b654cd04a8e,osm:node:5116302323,6,,open,390,1350,0,obs:bbe1442b657f64cc6ce2fefd
hours:1f162ec52984108ce5c928e9,osm:node:5116302421,0,,open,1080,1320,0,obs:7fd5f958acac47e059bcc22d
hours:03fc7e8914e64b2ace02f8f9,osm:node:5116302421,1,,open,1080,1320,0,obs:7fd5f958acac47e059bcc22d
hours:b314420f0d2367b84d945114,osm:node:5116302421,2,,open,1080,1320,0,obs:7fd5f958acac47e059bcc22d
hours:78845567c74d22b2ea4bfe09,osm:node:5116302421,3,,open,1080,1320,0,obs:7fd5f958acac47e059bcc22d
hours:b821232e5a7552db9c78af08,osm:node:5116302421,4,,open,1080,1320,0,obs:7fd5f958acac47e059bcc22d
hours:5ca3fe77dfde9e80b573f5a4,osm:node:5116302421,5,,open,1080,1320,0,obs:7fd5f958acac47e059bcc22d
hours:cb381000e29ab2acc5b3fe9f,osm:node:5116302421,6,,open,1080,1320,0,obs:7fd5f958acac47e059bcc22d
hours:4f8b9b1d45e63fd27e76516a,osm:node:5123239421,0,,open,0,1440,0,obs:a980ddfffd2f6c0cc8c421fd
hours:9226f7597d1f59a440eba6fb,osm:node:5123239421,1,,open,0,1440,0,obs:a980ddfffd2f6c0cc8c421fd
hours:6525db67e181525f1fc969fd,osm:node:5123239421,2,,open,0,1440,0,obs:a980ddfffd2f6c0cc8c421fd
hours:4ed120b5acbc72a7d6afd10b,osm:node:5123239421,3,,open,0,1440,0,obs:a980ddfffd2f6c0cc8c421fd
hours:6fc89f7da7557e5ea2846c5e,osm:node:5123239421,4,,open,0,1440,0,obs:a980ddfffd2f6c0cc8c421fd
hours:9114de3cd85681184300c1f8,osm:node:5123239421,5,,open,0,1440,0,obs:a980ddfffd2f6c0cc8c421fd
hours:afedc3673ae17f9f6f4c6e1a,osm:node:5123239421,6,,open,0,1440,0,obs:a980ddfffd2f6c0cc8c421fd
hours:e566e090fbf38f96ab4aa4cf,osm:node:5154435522,0,,open,540,1080,0,obs:6d0300319b7daae5b012cf47
hours:29dda788fc27c37d5d8bbc19,osm:node:5154435522,1,,open,540,1080,0,obs:6d0300319b7daae5b012cf47
hours:ccf415b48d3e7f1af8aa6eab,osm:node:5154435522,2,,open,540,1080,0,obs:6d0300319b7daae5b012cf47
hours:f247ae81db646c7d0cf5b93c,osm:node:5154435522,3,,open,540,1080,0,obs:6d0300319b7daae5b012cf47
hours:29577e5f84fea6db29b775ec,osm:node:5154435522,4,,open,540,1080,0,obs:6d0300319b7daae5b012cf47
hours:bc42aadf99529cf99c04d0af,osm:node:5154435522,5,,open,540,1080,0,obs:6d0300319b7daae5b012cf47
hours:0bb5489894990c5e8e30d988,osm:node:5154435522,6,,open,540,1080,0,obs:6d0300319b7daae5b012cf47
hours:4ecda5f99b4dbd4762fd7a22,osm:node:5190836084,0,,open,450,720,0,obs:8aff5c3588253ccc304c4cd7
hours:ec802853789bd736e0dc172e,osm:node:5190836084,1,,open,450,720,0,obs:8aff5c3588253ccc304c4cd7
hours:16aa10a37216663ecea60915,osm:node:5190836084,2,,open,450,720,0,obs:8aff5c3588253ccc304c4cd7
hours:112bffbfbfcf178d74859db4,osm:node:5190836084,3,,open,450,720,0,obs:8aff5c3588253ccc304c4cd7
hours:ebf1203090df7f58f5a93e92,osm:node:5190836084,4,,open,450,720,0,obs:8aff5c3588253ccc304c4cd7
hours:c9d48b44d3bae2e4d281f29d,osm:node:5190836084,5,,open,450,720,0,obs:8aff5c3588253ccc304c4cd7
hours:8d6399ad64401324e39734ae,osm:node:5190836084,6,,open,450,720,0,obs:8aff5c3588253ccc304c4cd7
hours:14b4d3d79df5aba1811add8c,osm:node:5190836085,0,,open,480,1260,0,obs:3e01bcd75fb7dd81e008b037
hours:d8ae52a03e77828bedcfdc49,osm:node:5190836085,1,,open,480,1260,0,obs:3e01bcd75fb7dd81e008b037
hours:a0f7ed56710521ec2b1f973e,osm:node:5190836085,2,,open,480,1260,0,obs:3e01bcd75fb7dd81e008b037
hours:10f53196fb3da37dc66c230f,osm:node:5190836085,3,,open,480,1260,0,obs:3e01bcd75fb7dd81e008b037
hours:c53d16ef948903c1d4ffa88d,osm:node:5190836085,4,,open,480,1260,0,obs:3e01bcd75fb7dd81e008b037
hours:8cc214860f491d5fb0980c07,osm:node:5190836085,5,,open,480,1260,0,obs:3e01bcd75fb7dd81e008b037
hours:ed6e2568dd58304eed700eb3,osm:node:5190836085,6,,open,480,1260,0,obs:3e01bcd75fb7dd81e008b037
hours:32e16bb4092d4b7a9d63e360,osm:node:5216150024,0,,open,360,1140,0,obs:7a4190799f4184c662bc75de
hours:a9f892bc1ee17afaa468c352,osm:node:5216150024,1,,open,360,1140,0,obs:7a4190799f4184c662bc75de
hours:729c7e12b4afd6cb0471207e,osm:node:5216150024,2,,open,360,1140,0,obs:7a4190799f4184c662bc75de
hours:054832d22726764ed5ec2b35,osm:node:5216150024,3,,open,360,1140,0,obs:7a4190799f4184c662bc75de
hours:62ab00b8e1d794359c0e8aed,osm:node:5216150024,4,,open,360,1140,0,obs:7a4190799f4184c662bc75de
hours:d5fc6071ac3351950c87371b,osm:node:5216150024,5,,open,360,1140,0,obs:7a4190799f4184c662bc75de
hours:265f9a458963207163c91629,osm:node:5216150024,6,,open,360,1140,0,obs:7a4190799f4184c662bc75de
hours:55ddbe3b05fcfbbf27e3f127,osm:node:5218038121,0,,open,480,1380,0,obs:822bb38612092dd3002918f6
hours:1b43b65cf5d14025a145f817,osm:node:5218038121,1,,open,480,1380,0,obs:822bb38612092dd3002918f6
hours:0de6ff4fa2b9066e3e59ca16,osm:node:5218038121,2,,open,480,1380,0,obs:822bb38612092dd3002918f6
hours:01c17e9b9aa7918aee4bf478,osm:node:5218038121,3,,open,480,1380,0,obs:822bb38612092dd3002918f6
hours:f00145f0453ef65c613befb8,osm:node:5218038121,4,,open,480,1380,0,obs:822bb38612092dd3002918f6
hours:b0c108f9e5d30c88649d9203,osm:node:5218038121,5,,open,480,1380,0,obs:822bb38612092dd3002918f6
hours:fbde0da5518f1c355255b074,osm:node:5218038121,6,,open,480,1380,0,obs:822bb38612092dd3002918f6
hours:27d78a6f9f885f9b177785d6,osm:node:5237474652,0,,open,480,1440,0,obs:be673ccbbbdba7efde13c40a
hours:f55bdfa650d71dd90a9685ab,osm:node:5237474652,1,,open,480,1440,0,obs:be673ccbbbdba7efde13c40a
hours:6a81c927317e86563135b93f,osm:node:5237474652,2,,open,480,1440,0,obs:be673ccbbbdba7efde13c40a
hours:9dbcdee5e58a89554a52de45,osm:node:5237474652,3,,open,480,1440,0,obs:be673ccbbbdba7efde13c40a
hours:c6f4acb5777beb134f1e8137,osm:node:5237474652,4,,open,480,1440,0,obs:be673ccbbbdba7efde13c40a
hours:710d1b8bf8798fb8f9576baf,osm:node:5237474652,5,,open,480,1440,0,obs:be673ccbbbdba7efde13c40a
hours:cbf45fd42c62d81d184c86d8,osm:node:5237474652,6,,open,480,1440,0,obs:be673ccbbbdba7efde13c40a
hours:60fba9e367498c492e44c5ec,osm:node:5239158923,0,,open,480,1380,0,obs:a80b5803922e51f6617b99fc
hours:07b1dfa0a77efcce7166d795,osm:node:5239158923,1,,open,480,1380,0,obs:a80b5803922e51f6617b99fc
hours:a301b2cb34a440129ef9b695,osm:node:5239158923,2,,open,480,1380,0,obs:a80b5803922e51f6617b99fc
hours:93ad675e29d80fe0c01b5772,osm:node:5239158923,3,,open,480,1380,0,obs:a80b5803922e51f6617b99fc
hours:9e27c828298d7e093ac6e2f6,osm:node:5239158923,4,,open,480,1380,0,obs:a80b5803922e51f6617b99fc
hours:a9a061aa167ee1d031769a7a,osm:node:5239158923,5,,open,480,1380,0,obs:a80b5803922e51f6617b99fc
hours:6812e8dfc0f65cf23b987c4f,osm:node:5239158923,6,,open,480,1380,0,obs:a80b5803922e51f6617b99fc
hours:29d1ffae29ac64cae9f41d93,osm:node:5243867636,0,,open,480,1320,0,obs:dc666c1d1c913d71c90163db
hours:b0afc34b48efe08e4159ea75,osm:node:5243867636,1,,open,480,1320,0,obs:dc666c1d1c913d71c90163db
hours:2a6da7b113f3295e81deaf40,osm:node:5243867636,2,,open,480,1320,0,obs:dc666c1d1c913d71c90163db
hours:3be54a0636aa18703123d0ed,osm:node:5243867636,3,,open,480,1320,0,obs:dc666c1d1c913d71c90163db
hours:4eeb9d66b962c302ce37c06b,osm:node:5243867636,4,,open,480,1320,0,obs:dc666c1d1c913d71c90163db
hours:18e53f74e71d20cd31f97773,osm:node:5243867636,5,,open,480,1320,0,obs:dc666c1d1c913d71c90163db
hours:0d9f451d5b718ca97a4d4f28,osm:node:5243867636,6,,open,480,1320,0,obs:dc666c1d1c913d71c90163db
hours:6768f7373138bdbb6d88f183,osm:node:5250607284,1,,open,120,1260,0,obs:f4071863b8c3876b9f74e3b2
hours:245ea595b92b8b7221785c98,osm:node:5250607284,2,,open,120,1260,0,obs:f4071863b8c3876b9f74e3b2
hours:0cb05f38364478c776a5d17b,osm:node:5250607284,3,,open,120,1260,0,obs:f4071863b8c3876b9f74e3b2
hours:0bc00302a5ed275f11079648,osm:node:5250607284,4,,open,120,1260,0,obs:f4071863b8c3876b9f74e3b2
hours:32033204698cb59aaa614256,osm:node:5250607284,5,,open,120,1260,0,obs:f4071863b8c3876b9f74e3b2
hours:5c0a47c4323d7ac9ac366a99,osm:node:5250607284,6,,open,120,1260,0,obs:f4071863b8c3876b9f74e3b2
hours:50a4548c32c654dca28bf21e,osm:node:5265545321,0,,open,420,1140,0,obs:d2d42ed3a744f606f20c0bd8
hours:b74487622fd4850b9570082f,osm:node:5265545321,1,,open,420,1140,0,obs:d2d42ed3a744f606f20c0bd8
hours:5bc99fecbea7e0b67f152bf5,osm:node:5265545321,2,,open,420,1140,0,obs:d2d42ed3a744f606f20c0bd8
hours:a92e224bfd60c36c3ce5a72f,osm:node:5265545321,3,,open,420,1140,0,obs:d2d42ed3a744f606f20c0bd8
hours:c54af1417ccfb73876f96820,osm:node:5265545321,4,,open,420,1140,0,obs:d2d42ed3a744f606f20c0bd8
hours:050900ae873c955224011a3c,osm:node:5265545321,5,,open,420,1140,0,obs:d2d42ed3a744f606f20c0bd8
hours:c08831490c89837d02fb01ca,osm:node:5265545321,6,,open,420,1140,0,obs:d2d42ed3a744f606f20c0bd8
hours:991540bf936f4e616a524ccc,osm:node:5271605921,0,,open,1020,1290,0,obs:8fa1c0d9297de63518026e36
hours:32c2abcebdd925720b5721ce,osm:node:5271605921,1,,open,1020,1290,0,obs:8fa1c0d9297de63518026e36
hours:0bf6b0ff2583b36c6077e281,osm:node:5271605921,2,,open,1020,1290,0,obs:8fa1c0d9297de63518026e36
hours:4e923ede5967edf6839fdfa0,osm:node:5271605921,3,,open,1020,1290,0,obs:8fa1c0d9297de63518026e36
hours:b1a49ef081c637a4d990b6b5,osm:node:5271605921,4,,open,1020,1290,0,obs:8fa1c0d9297de63518026e36
hours:eca851d15ba1fbc9f01dfb1d,osm:node:5271605921,5,,open,1020,1290,0,obs:8fa1c0d9297de63518026e36
hours:6cb90af2e0404257c0af71f0,osm:node:5271605921,6,,open,1020,1290,0,obs:8fa1c0d9297de63518026e36
hours:3bc6c94a7fc5ee7a262f1bef,osm:node:5273107721,0,,open,0,1440,0,obs:c81b9c1032ab17f977dc0b9e
hours:6b73155fc0ff4a1a1b97c92b,osm:node:5273107721,1,,open,0,1440,0,obs:c81b9c1032ab17f977dc0b9e
hours:da85f79fbbd2e9d952c26401,osm:node:5273107721,2,,open,0,1440,0,obs:c81b9c1032ab17f977dc0b9e
hours:7f601ae753dd59e52de0aa23,osm:node:5273107721,3,,open,0,1440,0,obs:c81b9c1032ab17f977dc0b9e
hours:f164ec514279bfa793162976,osm:node:5273107721,4,,open,0,1440,0,obs:c81b9c1032ab17f977dc0b9e
hours:946fa046723e09adae7811d8,osm:node:5273107721,5,,open,0,1440,0,obs:c81b9c1032ab17f977dc0b9e
hours:2ba30120ab1f80fdff7acea1,osm:node:5273107721,6,,open,0,1440,0,obs:c81b9c1032ab17f977dc0b9e
hours:d2fd85804f94667861824042,osm:node:5277149621,0,,open,540,1380,0,obs:7b61ee36e40f144a41c967a4
hours:fc8aa8df49cbe01dd32b0a51,osm:node:5277149621,1,,open,540,1380,0,obs:7b61ee36e40f144a41c967a4
hours:01af58f1b47345e19234fab4,osm:node:5277149621,2,,open,540,1380,0,obs:7b61ee36e40f144a41c967a4
hours:8b423acde68b4fd0103b3097,osm:node:5277149621,3,,open,540,1380,0,obs:7b61ee36e40f144a41c967a4
hours:45b838506d43d1bceadf3cb9,osm:node:5277149621,4,,open,540,1380,0,obs:7b61ee36e40f144a41c967a4
hours:2998deed943af1356a9d3312,osm:node:5277149621,5,,open,540,1380,0,obs:7b61ee36e40f144a41c967a4
hours:505e365c69897487fac71ae6,osm:node:5277149621,6,,open,540,1380,0,obs:7b61ee36e40f144a41c967a4
hours:5aabe6ace4e48dae9286de7e,osm:node:5293335937,0,,open,600,1380,0,obs:2f72bc355f24f540b2edd8af
hours:fde988fe52c060a8040a3e0f,osm:node:5293335937,1,,open,600,1380,0,obs:2f72bc355f24f540b2edd8af
hours:ccd0f82d5b4fb9d5cfd23fc5,osm:node:5293335937,2,,open,600,1380,0,obs:2f72bc355f24f540b2edd8af
hours:77f54916ba28b0ebf2dcdd78,osm:node:5293335937,3,,open,600,1380,0,obs:2f72bc355f24f540b2edd8af
hours:09a39ddb60a40ccd230e88fc,osm:node:5293335937,4,,open,600,1380,0,obs:2f72bc355f24f540b2edd8af
hours:c3dd59bc3d7a6ae79a628781,osm:node:5293335937,5,,open,600,1380,0,obs:2f72bc355f24f540b2edd8af
hours:89296cecb7338448d7546198,osm:node:5293335937,6,,open,600,1380,0,obs:2f72bc355f24f540b2edd8af
hours:f474de0f2517d4e551d249c7,osm:node:5299012021,0,,open,360,1080,0,obs:753dd1eec9bea92a67b4ceb9
hours:f4ce056560e7ada403700488,osm:node:5299012021,1,,open,360,1080,0,obs:753dd1eec9bea92a67b4ceb9
hours:37e65b16f9794972c2cfbb4e,osm:node:5299012021,2,,open,360,1080,0,obs:753dd1eec9bea92a67b4ceb9
hours:80a691fcb9a1c909386dbda9,osm:node:5299012021,3,,open,360,1080,0,obs:753dd1eec9bea92a67b4ceb9
hours:7fc5268b85dabafe08eeadd5,osm:node:5299012021,4,,open,360,1080,0,obs:753dd1eec9bea92a67b4ceb9
hours:0fae88057a93da2ca1f09b08,osm:node:5299012021,5,,open,360,1080,0,obs:753dd1eec9bea92a67b4ceb9
hours:cdd2de88de7dcb9027eda1c1,osm:node:5299012021,6,,open,360,1080,0,obs:753dd1eec9bea92a67b4ceb9
hours:a1383b9639cb3e3d06a321d0,osm:node:5301723422,0,,open,0,1440,0,obs:9c005cc3488c820429a1fc33
hours:2e5735fb80652a45f9495b21,osm:node:5301723422,1,,open,0,1440,0,obs:9c005cc3488c820429a1fc33
hours:1b569c16693583b5d308ecce,osm:node:5301723422,2,,open,0,1440,0,obs:9c005cc3488c820429a1fc33
hours:18668ecf1a9b385ec2ed4bfb,osm:node:5301723422,3,,open,0,1440,0,obs:9c005cc3488c820429a1fc33
hours:425cf7cd1d58b46808a4ce6c,osm:node:5301723422,4,,open,0,1440,0,obs:9c005cc3488c820429a1fc33
hours:a246cafa90ea22995349e5b3,osm:node:5301723422,5,,open,0,1440,0,obs:9c005cc3488c820429a1fc33
hours:87e6063b35cb7443944de669,osm:node:5301723422,6,,open,0,1440,0,obs:9c005cc3488c820429a1fc33
hours:7146b4d73276d2a3ccc87429,osm:node:5301723622,0,,open,420,1380,0,obs:23fc9b10647825fc2b602b72
hours:67617f4c0119a29708bacf07,osm:node:5301723622,1,,open,420,1380,0,obs:23fc9b10647825fc2b602b72
hours:9f6b92a0658f16b5445501c5,osm:node:5301723622,2,,open,420,1380,0,obs:23fc9b10647825fc2b602b72
hours:01aad952d3b13aa2caeb8512,osm:node:5301723622,3,,open,420,1380,0,obs:23fc9b10647825fc2b602b72
hours:118ec892cb5f1adac1fc8c8a,osm:node:5301723622,4,,open,420,1380,0,obs:23fc9b10647825fc2b602b72
hours:6bd80ff113f263413e2c0c26,osm:node:5301723622,5,,open,420,1380,0,obs:23fc9b10647825fc2b602b72
hours:47a1a45b5584b5d7314bc9ca,osm:node:5301723622,6,,open,420,1380,0,obs:23fc9b10647825fc2b602b72
hours:9d68f1b33095522767dd49f4,osm:node:5327302782,0,,open,540,1140,0,obs:6bd11ff9271da7d238db4068
hours:1d2137eced234e60bed0f822,osm:node:5327302782,1,,open,540,1140,0,obs:6bd11ff9271da7d238db4068
hours:5f420a5978cef785785f3c4a,osm:node:5327302782,2,,open,540,1140,0,obs:6bd11ff9271da7d238db4068
hours:a51b41433ad60ae3e1e031d1,osm:node:5327302782,3,,open,540,1140,0,obs:6bd11ff9271da7d238db4068
hours:54c07f8ccb34e04c81e6d818,osm:node:5327302782,4,,open,540,1140,0,obs:6bd11ff9271da7d238db4068
hours:f613f3b69f4cfc2040b115bd,osm:node:5327302782,5,,open,540,1140,0,obs:6bd11ff9271da7d238db4068
hours:6bdf39cef5977a4396776096,osm:node:5327302782,6,,open,540,1140,0,obs:6bd11ff9271da7d238db4068
hours:3176e5614a11a583b168fc40,osm:node:5332620122,0,,open,540,1320,0,obs:c75c3b7ee0dff3b5c061eb75
hours:14e59f4dad8cb8332c51404a,osm:node:5332620122,1,,open,540,1320,0,obs:c75c3b7ee0dff3b5c061eb75
hours:a0ee8d84b8828db1523dbf67,osm:node:5332620122,2,,open,540,1320,0,obs:c75c3b7ee0dff3b5c061eb75
hours:e3d74f9c4c082580189cf191,osm:node:5332620122,3,,open,540,1320,0,obs:c75c3b7ee0dff3b5c061eb75
hours:5723f35e616ee1920a94c0de,osm:node:5332620122,4,,open,540,1320,0,obs:c75c3b7ee0dff3b5c061eb75
hours:8ead9a16eb3318a32739187a,osm:node:5332620122,5,,open,540,1320,0,obs:c75c3b7ee0dff3b5c061eb75
hours:67661770eadbe3d88cdb4b5e,osm:node:5332620122,6,,open,540,1320,0,obs:c75c3b7ee0dff3b5c061eb75
hours:b3a736aad794862619fc2cd6,osm:node:5340817221,0,,open,480,1320,0,obs:66fc2b8a230bff8ef6876fa0
hours:c75cc4f6b274b014530454a1,osm:node:5340817221,1,,open,480,1320,0,obs:66fc2b8a230bff8ef6876fa0
hours:2e4a99dfed479453c7a73597,osm:node:5340817221,2,,open,480,1320,0,obs:66fc2b8a230bff8ef6876fa0
hours:112577c3d828ce78f11f7213,osm:node:5340817221,3,,open,480,1320,0,obs:66fc2b8a230bff8ef6876fa0
hours:7e2f98efd63a7445c1faf7f8,osm:node:5340817221,4,,open,480,1320,0,obs:66fc2b8a230bff8ef6876fa0
hours:4d0bd6b09937f0111b367625,osm:node:5340817221,5,,open,480,1320,0,obs:66fc2b8a230bff8ef6876fa0
hours:0cf1a63949b7cb42daf39626,osm:node:5340817221,6,,open,480,1320,0,obs:66fc2b8a230bff8ef6876fa0
hours:ef20f2899fac0550439f9287,osm:node:5355786321,0,,open,420,1380,0,obs:5032eb8c278acf339d1c8226
hours:2d60995d11d0b0c8063e7e71,osm:node:5355786321,1,,open,420,1380,0,obs:5032eb8c278acf339d1c8226
hours:b439291b4e40706ff1e9fa49,osm:node:5355786321,2,,open,420,1380,0,obs:5032eb8c278acf339d1c8226
hours:88d97153eb1bd1c88a5f01aa,osm:node:5355786321,3,,open,420,1380,0,obs:5032eb8c278acf339d1c8226
hours:e6cfa4488408d7d19df9254a,osm:node:5355786321,4,,open,420,1380,0,obs:5032eb8c278acf339d1c8226
hours:07f30c64d98977a9460ca544,osm:node:5355786321,5,,open,420,1380,0,obs:5032eb8c278acf339d1c8226
hours:8bf373fe1090894a9e2cbbcf,osm:node:5355786321,6,,open,420,1380,0,obs:5032eb8c278acf339d1c8226
hours:755954d411ac413dd771592c,osm:node:5374427522,0,,open,420,900,0,obs:a900eff447e2b73b43d9ad75
hours:ba9ddbed11957ef95a17e639,osm:node:5374427522,1,,open,420,900,0,obs:a900eff447e2b73b43d9ad75
hours:d2bdecb0782ddf4c6096a947,osm:node:5374427522,2,,open,420,900,0,obs:a900eff447e2b73b43d9ad75
hours:3b39bf32974f9ff644ff1a40,osm:node:5374427522,3,,open,420,900,0,obs:a900eff447e2b73b43d9ad75
hours:8e33cb50c842096fbbe18e6e,osm:node:5374427522,4,,open,420,900,0,obs:a900eff447e2b73b43d9ad75
hours:b48b7b3f69d4d345759df6fe,osm:node:5374427522,5,,open,420,1140,0,obs:a900eff447e2b73b43d9ad75
hours:00fee3c856cef42d8e1746b2,osm:node:5374427522,6,,open,420,1140,0,obs:a900eff447e2b73b43d9ad75
hours:4d71325128a64cee04f2fa7d,osm:node:5384961328,0,,open,420,1290,0,obs:f5890382037dc5b9bda86724
hours:e3b2159cff7de986d2ff6ddb,osm:node:5384961328,1,,open,420,1290,0,obs:f5890382037dc5b9bda86724
hours:65e4687c366644a0e1b58be4,osm:node:5384961328,2,,open,420,1290,0,obs:f5890382037dc5b9bda86724
hours:b726590b0cae8b6934a0ebd9,osm:node:5384961328,3,,open,420,1290,0,obs:f5890382037dc5b9bda86724
hours:6f382f97e723d777275d996a,osm:node:5384961328,4,,open,420,1290,0,obs:f5890382037dc5b9bda86724
hours:d6dba63c586319245cda9827,osm:node:5384961328,5,,open,420,1290,0,obs:f5890382037dc5b9bda86724
hours:df350af0aaf7f5fc2bdfe119,osm:node:5384961328,6,,open,420,1290,0,obs:f5890382037dc5b9bda86724
hours:48f9314338d53e7333b8ce56,osm:node:5397903222,0,,open,360,1260,0,obs:c3e0a66c3904d8ace15984a8
hours:14d592e460ba8d670690343d,osm:node:5397903222,1,,open,360,1260,0,obs:c3e0a66c3904d8ace15984a8
hours:3dd0e9073f420bf9974bb12d,osm:node:5397903222,2,,open,360,1260,0,obs:c3e0a66c3904d8ace15984a8
hours:0835c100146a22d05f3365b7,osm:node:5397903222,3,,open,360,1260,0,obs:c3e0a66c3904d8ace15984a8
hours:da5db0feafa3140fbf3f9c55,osm:node:5397903222,4,,open,360,1260,0,obs:c3e0a66c3904d8ace15984a8
hours:d6ec5df0951bddfa01e82081,osm:node:5397903222,5,,open,360,1260,0,obs:c3e0a66c3904d8ace15984a8
hours:370a7bbe8f3c42971de713d8,osm:node:5397903222,6,,open,360,1260,0,obs:c3e0a66c3904d8ace15984a8
hours:c4c79f43f8136269e4e67692,osm:node:5414154624,0,,open,690,1350,0,obs:4967ccc690afe8a464eb9f90
hours:573d7ec2723de4368192510d,osm:node:5414154624,1,,open,690,1350,0,obs:4967ccc690afe8a464eb9f90
hours:d89b5ca139e5f7b050f70f97,osm:node:5414154624,2,,open,690,1350,0,obs:4967ccc690afe8a464eb9f90
hours:17c5bb32780748a85aa188ca,osm:node:5414154624,3,,open,690,1350,0,obs:4967ccc690afe8a464eb9f90
hours:9590f55969af64e8c28a52e1,osm:node:5414154624,4,,open,690,1350,0,obs:4967ccc690afe8a464eb9f90
hours:48bcf4dc37654fce50c80895,osm:node:5414154624,5,,open,690,1350,0,obs:4967ccc690afe8a464eb9f90
hours:61f70a72086bbff7236e540a,osm:node:5414154624,6,,open,690,1350,0,obs:4967ccc690afe8a464eb9f90
hours:b08140451ca5e37e256dbef9,osm:node:5414316021,0,,open,630,840,0,obs:95f3651e59587aef5a33745e
hours:dcbd93d04a3ba0c757895678,osm:node:5414316021,0,,open,1020,1320,0,obs:95f3651e59587aef5a33745e
hours:1231ad142215905573454e14,osm:node:5414316021,1,,open,630,840,0,obs:95f3651e59587aef5a33745e
hours:54b8387539b5095ec543c3f1,osm:node:5414316021,1,,open,1020,1320,0,obs:95f3651e59587aef5a33745e
hours:f8f55ee0c63872d19dbec167,osm:node:5414316021,2,,open,630,840,0,obs:95f3651e59587aef5a33745e
hours:3bf9e8b4d2f7a0394d4d09cd,osm:node:5414316021,2,,open,1020,1320,0,obs:95f3651e59587aef5a33745e
hours:4b15ada8f093c1735246c4a6,osm:node:5414316021,3,,open,630,840,0,obs:95f3651e59587aef5a33745e
hours:57044dc7fc85f344ae0f607a,osm:node:5414316021,3,,open,1020,1320,0,obs:95f3651e59587aef5a33745e
hours:3180ae9565ece26eab55ef6f,osm:node:5414316021,4,,open,630,840,0,obs:95f3651e59587aef5a33745e
hours:82dd04a08a2b646fbdf2ee8d,osm:node:5414316021,4,,open,1020,1320,0,obs:95f3651e59587aef5a33745e
hours:23d600ca348b8faff703df08,osm:node:5414316021,5,,open,630,840,0,obs:95f3651e59587aef5a33745e
hours:596d3c62a05083b975a5678a,osm:node:5414316021,5,,open,1020,1320,0,obs:95f3651e59587aef5a33745e
hours:cbf6f5c311a1d7a8a2e79e4c,osm:node:5414316021,6,,open,630,840,0,obs:95f3651e59587aef5a33745e
hours:a9bb6a4dfba57219ae4135cc,osm:node:5414316021,6,,open,1020,1320,0,obs:95f3651e59587aef5a33745e
hours:cfa9324b391dc17205307a8e,osm:node:5418568322,0,,open,0,1440,0,obs:c934ba682f10b32e763cf4e1
hours:21e4ef2cc904c66b205dc7be,osm:node:5418568322,1,,open,0,1440,0,obs:c934ba682f10b32e763cf4e1
hours:eb4c7b259af517d13aa037af,osm:node:5418568322,2,,open,0,1440,0,obs:c934ba682f10b32e763cf4e1
hours:c0e6446351167b7eba8973c4,osm:node:5418568322,3,,open,0,1440,0,obs:c934ba682f10b32e763cf4e1
hours:5b20c9408334d685e21a3932,osm:node:5418568322,4,,open,0,1440,0,obs:c934ba682f10b32e763cf4e1
hours:756fe71edc60f79afeabf5dc,osm:node:5418568322,5,,open,0,1440,0,obs:c934ba682f10b32e763cf4e1
hours:62e8436a7d5f97fb3fc2304d,osm:node:5418568322,6,,open,0,1440,0,obs:c934ba682f10b32e763cf4e1
hours:bb4b0ffce858d8589df4008a,osm:node:5432960921,0,,open,450,1290,0,obs:61a05f407a0eee7587c9ba9d
hours:a24ed1d11eaeef5ab9432c02,osm:node:5432960921,1,,open,450,1290,0,obs:61a05f407a0eee7587c9ba9d
hours:124bb694cf4d0026f2983e07,osm:node:5432960921,2,,open,450,1290,0,obs:61a05f407a0eee7587c9ba9d
hours:8a83be61a812425929eee665,osm:node:5432960921,3,,open,450,1290,0,obs:61a05f407a0eee7587c9ba9d
hours:6a722d01fb8cc9f5a68cf4d5,osm:node:5432960921,4,,open,450,1290,0,obs:61a05f407a0eee7587c9ba9d
hours:7ea294106a56981c2a56f92a,osm:node:5432960921,5,,open,450,1290,0,obs:61a05f407a0eee7587c9ba9d
hours:d645f82d49d167ad557e548d,osm:node:5432960921,6,,open,450,1290,0,obs:61a05f407a0eee7587c9ba9d
hours:cfea92919f4001aac19e2507,osm:node:5444164055,0,,open,0,1440,0,obs:3d39b2c12e87d36e8f7f036e
hours:e431b1bbaff6865f2ce029d8,osm:node:5444164055,1,,open,0,1440,0,obs:3d39b2c12e87d36e8f7f036e
hours:9368e6e886d8ec1346c687ad,osm:node:5444164055,2,,open,0,1440,0,obs:3d39b2c12e87d36e8f7f036e
hours:fc15e28a6df5ca5651e3be21,osm:node:5444164055,3,,open,0,1440,0,obs:3d39b2c12e87d36e8f7f036e
hours:5ce3d6558b8b23c8a5d430cf,osm:node:5444164055,4,,open,0,1440,0,obs:3d39b2c12e87d36e8f7f036e
hours:5aaf6b2c15e625af3080b076,osm:node:5444164055,5,,open,0,1440,0,obs:3d39b2c12e87d36e8f7f036e
hours:672ff0b5bb481e8677e85c24,osm:node:5444164055,6,,open,0,1440,0,obs:3d39b2c12e87d36e8f7f036e
hours:d356ab923647304c51d43f60,osm:node:5444645841,0,,open,0,1440,0,obs:46a8f4a79551beed6a851b11
hours:22b32f4f84df667b744031e4,osm:node:5444645841,1,,open,0,1440,0,obs:46a8f4a79551beed6a851b11
hours:5baba02e28c7ac9ffd4a5aba,osm:node:5444645841,2,,open,0,1440,0,obs:46a8f4a79551beed6a851b11
hours:8949a7f70289edb13cc663f0,osm:node:5444645841,3,,open,0,1440,0,obs:46a8f4a79551beed6a851b11
hours:7e2f811e70d94b71ca81f3af,osm:node:5444645841,4,,open,0,1440,0,obs:46a8f4a79551beed6a851b11
hours:ad6895ef522f3a6732dda3ac,osm:node:5444645841,5,,open,0,1440,0,obs:46a8f4a79551beed6a851b11
hours:a04a89ff230718471e5900ee,osm:node:5444645841,6,,open,0,1440,0,obs:46a8f4a79551beed6a851b11
hours:b0d6361b79898bc479428f1c,osm:node:5444674051,0,,open,0,1440,0,obs:e80f741c11f984cc4c6e0c33
hours:c9fa437e67f28ce3729477d6,osm:node:5444674051,1,,open,0,1440,0,obs:e80f741c11f984cc4c6e0c33
hours:4523cf783b229cc63eecabb3,osm:node:5444674051,2,,open,0,1440,0,obs:e80f741c11f984cc4c6e0c33
hours:32d908be5e727e48ba2c9964,osm:node:5444674051,3,,open,0,1440,0,obs:e80f741c11f984cc4c6e0c33
hours:92bbfda35f4b405e95347ad0,osm:node:5444674051,4,,open,0,1440,0,obs:e80f741c11f984cc4c6e0c33
hours:c0afd6e269f50d9853ed11b4,osm:node:5444674051,5,,open,0,1440,0,obs:e80f741c11f984cc4c6e0c33
hours:ad586478de3a6a19e571cc75,osm:node:5444674051,6,,open,0,1440,0,obs:e80f741c11f984cc4c6e0c33
hours:a8e9adf392815886d407be6d,osm:node:5444684504,0,,open,0,1440,0,obs:4598781c2a4d439838a056c3
hours:080f896ce3f1bbd7bcda614d,osm:node:5444684504,1,,open,0,1440,0,obs:4598781c2a4d439838a056c3
hours:528da852d0af986b5f8ba9cb,osm:node:5444684504,2,,open,0,1440,0,obs:4598781c2a4d439838a056c3
hours:0c9ca4524b6b7bcccb3a730c,osm:node:5444684504,3,,open,0,1440,0,obs:4598781c2a4d439838a056c3
hours:864238ea43cc88c1cdc4551a,osm:node:5444684504,4,,open,0,1440,0,obs:4598781c2a4d439838a056c3
hours:239970460b707a9e3cd25510,osm:node:5444684504,5,,open,0,1440,0,obs:4598781c2a4d439838a056c3
hours:3a8d99f3a97215f329454882,osm:node:5444684504,6,,open,0,1440,0,obs:4598781c2a4d439838a056c3
hours:7d646a205420bec4b2493e85,osm:node:5444685779,0,,open,0,1440,0,obs:d0b33d31c2ed3c1c09a22dbf
hours:92b6da15fd6313997e2e6491,osm:node:5444685779,1,,open,0,1440,0,obs:d0b33d31c2ed3c1c09a22dbf
hours:d897a4c32452cc154c8c38a7,osm:node:5444685779,2,,open,0,1440,0,obs:d0b33d31c2ed3c1c09a22dbf
hours:8c18e039780ad75b4bf97b30,osm:node:5444685779,3,,open,0,1440,0,obs:d0b33d31c2ed3c1c09a22dbf
hours:a41676b01f5226ea68161dd5,osm:node:5444685779,4,,open,0,1440,0,obs:d0b33d31c2ed3c1c09a22dbf
hours:5a178f9a3de997adfe4fa85d,osm:node:5444685779,5,,open,0,1440,0,obs:d0b33d31c2ed3c1c09a22dbf
hours:a4e1cc40a1116a4b31d46396,osm:node:5444685779,6,,open,0,1440,0,obs:d0b33d31c2ed3c1c09a22dbf
hours:aac4fa31d46b112b52930408,osm:node:5444693768,0,,open,0,1440,0,obs:353b803f48f443a6ffb4e007
hours:54a65a07b7ec73bae73edbd2,osm:node:5444693768,1,,open,0,1440,0,obs:353b803f48f443a6ffb4e007
hours:e313c0ad67b7054e01ba4f73,osm:node:5444693768,2,,open,0,1440,0,obs:353b803f48f443a6ffb4e007
hours:3bac3d46ba07a7a276b8e152,osm:node:5444693768,3,,open,0,1440,0,obs:353b803f48f443a6ffb4e007
hours:48fd9dae2627db76bc71a36b,osm:node:5444693768,4,,open,0,1440,0,obs:353b803f48f443a6ffb4e007
hours:2c9c4c4d9c1fc9800c9f569c,osm:node:5444693768,5,,open,0,1440,0,obs:353b803f48f443a6ffb4e007
hours:4d31be1e72b73e00e0d6e490,osm:node:5444693768,6,,open,0,1440,0,obs:353b803f48f443a6ffb4e007
hours:361b7e3dfe6b17e4c4f15c76,osm:node:5447215326,0,,open,660,1350,0,obs:6b6a320b0786d9257cff68db
hours:588c30bb8d0776b7d721d69a,osm:node:5447215326,1,,open,660,1350,0,obs:6b6a320b0786d9257cff68db
hours:f3db86b24038de7641965068,osm:node:5447215326,2,,open,660,1350,0,obs:6b6a320b0786d9257cff68db
hours:ce08eaf298459a195f2a178d,osm:node:5447215326,3,,open,660,1350,0,obs:6b6a320b0786d9257cff68db
hours:5ab6f154c94859b4a26aff18,osm:node:5447215326,4,,open,660,1350,0,obs:6b6a320b0786d9257cff68db
hours:0c71557d59145ba230b30e62,osm:node:5447215326,5,,open,660,1350,0,obs:6b6a320b0786d9257cff68db
hours:5938b9048472d6c8a8f032ac,osm:node:5447215326,6,,open,660,1350,0,obs:6b6a320b0786d9257cff68db
hours:41584dadce5524790ba4d1b6,osm:node:5447259721,0,,open,660,1350,0,obs:658453326b7162f37b79cd36
hours:49c313edb8381356414de659,osm:node:5447259721,1,,open,660,1350,0,obs:658453326b7162f37b79cd36
hours:d6000e1678c177003ae02ecd,osm:node:5447259721,2,,open,660,1350,0,obs:658453326b7162f37b79cd36
hours:0d22fce46534e4be3249b974,osm:node:5447259721,3,,open,660,1350,0,obs:658453326b7162f37b79cd36
hours:cf60066a54a8b52d45f8b73a,osm:node:5447259721,4,,open,660,1350,0,obs:658453326b7162f37b79cd36
hours:046e0b0845cb013c7f34968e,osm:node:5447259721,5,,open,660,1350,0,obs:658453326b7162f37b79cd36
hours:913a7c351bd7ba649383d2a2,osm:node:5447259721,6,,open,660,1350,0,obs:658453326b7162f37b79cd36
hours:e7cf4845c845bda88401e819,osm:node:5454198622,0,,open,420,1380,0,obs:20566ff89df4c6928c5f78f5
hours:5bf02b4e5e37468365c8865b,osm:node:5454198622,1,,open,420,1380,0,obs:20566ff89df4c6928c5f78f5
hours:a1d832b30d6763e7a9fed5a5,osm:node:5454198622,2,,open,420,1380,0,obs:20566ff89df4c6928c5f78f5
hours:a77b52bf04c395f6ff3b3c36,osm:node:5454198622,3,,open,420,1380,0,obs:20566ff89df4c6928c5f78f5
hours:bf30862a7b1152dd5b6fe6d1,osm:node:5454198622,4,,open,420,1380,0,obs:20566ff89df4c6928c5f78f5
hours:70a146ebee7f4fb4286b553d,osm:node:5454198622,5,,open,420,1380,0,obs:20566ff89df4c6928c5f78f5
hours:e36d0cf7f54505fc857e89bc,osm:node:5454198622,6,,open,420,1380,0,obs:20566ff89df4c6928c5f78f5
hours:dbdbc15e4834f962d1392ec4,osm:node:5464917424,0,,open,1020,1380,0,obs:f9fb3755b2eb5959fd18ba89
hours:ee5902ba92ad9cc4c79e4989,osm:node:5464917424,1,,open,1020,1380,0,obs:f9fb3755b2eb5959fd18ba89
hours:d716a5f609406efc52d7410c,osm:node:5464917424,2,,open,1020,1380,0,obs:f9fb3755b2eb5959fd18ba89
hours:c9fae5340d1c8a02847a37dc,osm:node:5464917424,3,,open,1020,1380,0,obs:f9fb3755b2eb5959fd18ba89
hours:4d03c4664a9210fcb6f47d63,osm:node:5464917424,4,,open,1020,1380,0,obs:f9fb3755b2eb5959fd18ba89
hours:85bcadc2e9c0a9e618295055,osm:node:5464917424,5,,open,1020,1380,0,obs:f9fb3755b2eb5959fd18ba89
hours:1b8445237369ca429de6a49c,osm:node:5474590921,0,,open,360,810,0,obs:57098af5eda86d03dea46b95
hours:3563bb044783c1d26f908800,osm:node:5474590921,0,,open,900,1380,0,obs:57098af5eda86d03dea46b95
hours:08de7357df70fe324927e869,osm:node:5474590921,1,,open,360,810,0,obs:57098af5eda86d03dea46b95
hours:c5e48c619cfc566646250d1e,osm:node:5474590921,1,,open,900,1380,0,obs:57098af5eda86d03dea46b95
hours:4dd996edb09fc64d197759e7,osm:node:5474590921,2,,open,360,810,0,obs:57098af5eda86d03dea46b95
hours:3f951f6fdfe7781fbe87f3e4,osm:node:5474590921,2,,open,900,1380,0,obs:57098af5eda86d03dea46b95
hours:fdf59a4a8e6b7a9abe26ea94,osm:node:5474590921,3,,open,360,810,0,obs:57098af5eda86d03dea46b95
hours:79ed5f5accd4124f36a0fd15,osm:node:5474590921,3,,open,900,1380,0,obs:57098af5eda86d03dea46b95
hours:c0aaec65d15294d22c0f8891,osm:node:5474590921,4,,open,360,810,0,obs:57098af5eda86d03dea46b95
hours:37bb1bc4fda7ff89750e93aa,osm:node:5474590921,4,,open,900,1380,0,obs:57098af5eda86d03dea46b95
hours:49835e4dd023ca93fc05cbe1,osm:node:5474590921,5,,open,360,810,0,obs:57098af5eda86d03dea46b95
hours:d275989ea7633abf6dcc9666,osm:node:5474590921,5,,open,900,1380,0,obs:57098af5eda86d03dea46b95
hours:f9894e825fce39f1af4ddb15,osm:node:5474590921,6,,open,360,810,0,obs:57098af5eda86d03dea46b95
hours:7cbac5a1afd0fb28c828ec05,osm:node:5474590921,6,,open,900,1380,0,obs:57098af5eda86d03dea46b95
hours:ef17aa835805614928762571,osm:node:5474624643,0,,open,420,1080,0,obs:3d5604f01643ebf47af54839
hours:ded0cc67dfcb35eb1c5a0a50,osm:node:5474624643,1,,open,420,1080,0,obs:3d5604f01643ebf47af54839
hours:a51f2c8fa62c89da89e550a0,osm:node:5474624643,2,,open,420,1080,0,obs:3d5604f01643ebf47af54839
hours:3d44654b766ba8fd80efc1c9,osm:node:5474624643,3,,open,420,1080,0,obs:3d5604f01643ebf47af54839
hours:cbf21d516a821d9c3871d1cd,osm:node:5474624643,4,,open,420,1080,0,obs:3d5604f01643ebf47af54839
hours:81ebdeb9a90a1fa9b2e0cb0a,osm:node:5474624643,5,,open,420,1080,0,obs:3d5604f01643ebf47af54839
hours:963e922750ebbdf8708d958b,osm:node:5474624643,6,,open,420,1080,0,obs:3d5604f01643ebf47af54839
hours:cf0b3159d7b209c086d4ee8a,osm:node:5474690735,0,,open,420,1320,0,obs:48e800ea9a9c1b84ad65f6fa
hours:2504090b3d85c6e7a651fbb1,osm:node:5474690735,1,,open,420,1320,0,obs:48e800ea9a9c1b84ad65f6fa
hours:404b800e51954c20d88415d7,osm:node:5474690735,2,,open,420,1320,0,obs:48e800ea9a9c1b84ad65f6fa
hours:21664527ad26afe6dd07af3f,osm:node:5474690735,3,,open,420,1320,0,obs:48e800ea9a9c1b84ad65f6fa
hours:07b2504a4584e15723412d57,osm:node:5474690735,4,,open,420,1320,0,obs:48e800ea9a9c1b84ad65f6fa
hours:90ee166796a4cd93854c5bdf,osm:node:5474690735,5,,open,420,1320,0,obs:48e800ea9a9c1b84ad65f6fa
hours:deb99d04b3b09f5096ffbd95,osm:node:5474690735,6,,open,420,1320,0,obs:48e800ea9a9c1b84ad65f6fa
hours:c94ec62a428967177742066c,osm:node:5474774306,0,,open,1080,720,1,obs:aaac7d735d747568da5c5e1b
hours:b6ce91b922fec57f96fa15cf,osm:node:5474774306,1,,open,1080,720,1,obs:aaac7d735d747568da5c5e1b
hours:e7448e617c41837a4ae95c3f,osm:node:5474774306,2,,open,1080,720,1,obs:aaac7d735d747568da5c5e1b
hours:48247933ecdb5522a903eb6e,osm:node:5474774306,3,,open,1080,720,1,obs:aaac7d735d747568da5c5e1b
hours:cf5cd8f47f6f6501d09e1f7f,osm:node:5474774306,4,,open,1080,720,1,obs:aaac7d735d747568da5c5e1b
hours:31ddabfd61941c6a4cfdcea0,osm:node:5474774306,5,,open,1080,720,1,obs:aaac7d735d747568da5c5e1b
hours:66e1f57dc9a0eaaae2c74aac,osm:node:5474774306,6,,open,1080,720,1,obs:aaac7d735d747568da5c5e1b
hours:914cc844c6b77cff0a9c82ac,osm:node:5474790332,0,,open,900,1260,0,obs:bd4ea8b69a7a2ba57fe1aae0
hours:d91fd6bd1eada65b1fe4aa97,osm:node:5474790332,1,,open,900,1260,0,obs:bd4ea8b69a7a2ba57fe1aae0
hours:89362194ad1150a24ad27b4b,osm:node:5474790332,2,,open,900,1260,0,obs:bd4ea8b69a7a2ba57fe1aae0
hours:3f6d895400212005391e683b,osm:node:5474790332,3,,open,900,1260,0,obs:bd4ea8b69a7a2ba57fe1aae0
hours:0cb333c6588633b7bf0e30ef,osm:node:5474790332,4,,open,900,1260,0,obs:bd4ea8b69a7a2ba57fe1aae0
hours:e8f04499fb2fa99492bf1da8,osm:node:5474790332,5,,open,900,1260,0,obs:bd4ea8b69a7a2ba57fe1aae0
hours:0bcd5b461ee157ec7c7c2aa3,osm:node:5474790332,6,,open,900,1260,0,obs:bd4ea8b69a7a2ba57fe1aae0
hours:0bc250776d2b4ad4d2ba26f3,osm:node:5474800534,0,,open,900,1140,0,obs:5bc8faf6ea699d9b041bcaea
hours:7f9bfcbb14b27e7b59e013ce,osm:node:5474800534,1,,open,900,1140,0,obs:5bc8faf6ea699d9b041bcaea
hours:f43a9ecbbd7751dc82d5b5b9,osm:node:5474800534,2,,open,900,1140,0,obs:5bc8faf6ea699d9b041bcaea
hours:c597a16ac17d2071ec5ab307,osm:node:5474800534,3,,open,900,1140,0,obs:5bc8faf6ea699d9b041bcaea
hours:90b48b5dba613c19f63ff306,osm:node:5474800534,4,,open,900,1140,0,obs:5bc8faf6ea699d9b041bcaea
hours:fba8c4fa09eae5293b0ef4fd,osm:node:5474800534,5,,open,900,1140,0,obs:5bc8faf6ea699d9b041bcaea
hours:f2f1c3cfc0dde3b08e2252f8,osm:node:5474800534,6,,open,900,1140,0,obs:5bc8faf6ea699d9b041bcaea
hours:21d133800845f92fbd1f3e5f,osm:node:5485445021,0,,open,690,1290,0,obs:0378bcb12e0528cb305e810b
hours:94d5e09d63c5e80fe40e69c0,osm:node:5485445021,1,,open,690,1290,0,obs:0378bcb12e0528cb305e810b
hours:f82c2bd950348aed76fd3cee,osm:node:5485445021,2,,open,690,1290,0,obs:0378bcb12e0528cb305e810b
hours:71fc82050c5aa77b990447bf,osm:node:5485445021,3,,open,690,1290,0,obs:0378bcb12e0528cb305e810b
hours:de3d2c7036acbbb8cd202a06,osm:node:5485445021,4,,open,690,1290,0,obs:0378bcb12e0528cb305e810b
hours:9554ec439d246ea6410b011f,osm:node:5485445021,5,,open,690,1290,0,obs:0378bcb12e0528cb305e810b
hours:4281369da2b7b999eff7a7f9,osm:node:5485445021,6,,open,690,1290,0,obs:0378bcb12e0528cb305e810b
hours:8a47c199e4ad35ce7c49bce0,osm:node:5485483822,0,,open,540,1380,0,obs:d884fb25637022fa4db0af33
hours:03040b5bc5c0f25604c58b35,osm:node:5485483822,1,,open,540,1380,0,obs:d884fb25637022fa4db0af33
hours:dfc3aa7bde140997c638d8df,osm:node:5485483822,2,,open,540,1380,0,obs:d884fb25637022fa4db0af33
hours:10061cd4ea76a6cb30b073ea,osm:node:5485483822,3,,open,540,1380,0,obs:d884fb25637022fa4db0af33
hours:d659d82669fc9a046ba04776,osm:node:5485483822,4,,open,540,1380,0,obs:d884fb25637022fa4db0af33
hours:bc394da3026e5079a014d05e,osm:node:5485483822,5,,open,540,1380,0,obs:d884fb25637022fa4db0af33
hours:b0c31115fc215524ab4a0254,osm:node:5485483822,6,,open,540,1380,0,obs:d884fb25637022fa4db0af33
hours:be6324b74ce9c1d382654bf1,osm:node:5485644612,0,,open,600,1320,0,obs:69d2fdd53cc59ddd2fde0925
hours:3f64a2b8d5693202ff76f2e1,osm:node:5485644612,1,,open,600,1320,0,obs:69d2fdd53cc59ddd2fde0925
hours:b5d1962c78a7be188725a305,osm:node:5485644612,2,,open,600,1320,0,obs:69d2fdd53cc59ddd2fde0925
hours:6db816dc26002bf867cee4db,osm:node:5485644612,3,,open,600,1320,0,obs:69d2fdd53cc59ddd2fde0925
hours:2663a22862728809fd6003f6,osm:node:5485644612,4,,open,600,1320,0,obs:69d2fdd53cc59ddd2fde0925
hours:8c5f9bb1d57f37a12b68d996,osm:node:5485644612,5,,open,600,1320,0,obs:69d2fdd53cc59ddd2fde0925
hours:3c09586522acb8fdc18e390c,osm:node:5485644612,6,,open,600,1320,0,obs:69d2fdd53cc59ddd2fde0925
hours:5aa0bd6a87e9763d1eaec76e,osm:node:5485644613,0,,open,600,1320,0,obs:2f3bdd37b38751754bf18cc2
hours:06670d825a74cd5f163db139,osm:node:5485644613,1,,open,600,1320,0,obs:2f3bdd37b38751754bf18cc2
hours:3e2c66ba3399f8e7d9c75260,osm:node:5485644613,2,,open,600,1320,0,obs:2f3bdd37b38751754bf18cc2
hours:b7559c56cbe6e0bb5ff6ec04,osm:node:5485644613,3,,open,600,1320,0,obs:2f3bdd37b38751754bf18cc2
hours:a543af66f4916d20bd7cd5b4,osm:node:5485644613,4,,open,600,1320,0,obs:2f3bdd37b38751754bf18cc2
hours:31640a24e5b02bace9d9326b,osm:node:5485644613,5,,open,600,1320,0,obs:2f3bdd37b38751754bf18cc2
hours:004d992d2e40acd3bfa66890,osm:node:5485644613,6,,open,600,1320,0,obs:2f3bdd37b38751754bf18cc2
hours:b130b3056ec074a729967afa,osm:node:5485647547,0,,open,600,1320,0,obs:a6f89678327721b5e55898f8
hours:fe02c5c8f0da329466d91e47,osm:node:5485647547,1,,open,600,1320,0,obs:a6f89678327721b5e55898f8
hours:80694dc0543dfd1d72353423,osm:node:5485647547,2,,open,600,1320,0,obs:a6f89678327721b5e55898f8
hours:bde1bd3b4e41016585c4c300,osm:node:5485647547,3,,open,600,1320,0,obs:a6f89678327721b5e55898f8
hours:e363b7e046c55f8e94c4206f,osm:node:5485647547,4,,open,600,1320,0,obs:a6f89678327721b5e55898f8
hours:fc129eb2df5c0b43ffd56f91,osm:node:5485647547,5,,open,600,1320,0,obs:a6f89678327721b5e55898f8
hours:56d1dbedfb0fd92abbf6c49b,osm:node:5485647547,6,,open,600,1320,0,obs:a6f89678327721b5e55898f8
hours:56e7b4fd391fdd6bcefe5278,osm:node:5485651792,0,,open,420,1380,0,obs:571e7251edece7b92bbe763d
hours:ea18fd82ca45a2bb1cc1a7f9,osm:node:5485651792,1,,open,420,1380,0,obs:571e7251edece7b92bbe763d
hours:e21387fea20993d92929f494,osm:node:5485651792,2,,open,420,1380,0,obs:571e7251edece7b92bbe763d
hours:6d314b3c4d80444f4e74458f,osm:node:5485651792,3,,open,420,1380,0,obs:571e7251edece7b92bbe763d
hours:ce4e56a485171887d5bfb229,osm:node:5485651792,4,,open,420,1380,0,obs:571e7251edece7b92bbe763d
hours:4018f60eb1f608bfb04fc54b,osm:node:5485651792,5,,open,420,1380,0,obs:571e7251edece7b92bbe763d
hours:1e1c79554f4373c3ee12b072,osm:node:5485651792,6,,open,420,1380,0,obs:571e7251edece7b92bbe763d
hours:a0c05184a113788d6f76ed8b,osm:node:5485653890,0,,open,480,1320,0,obs:a30a9b77881f15fa3bea8dcc
hours:432f75ca7845e4fb89496b79,osm:node:5485653890,1,,open,480,1320,0,obs:a30a9b77881f15fa3bea8dcc
hours:ec5d23ee18234704b1fa4a5e,osm:node:5485653890,2,,open,480,1320,0,obs:a30a9b77881f15fa3bea8dcc
hours:58e30cfe0f803beba83de9be,osm:node:5485653890,3,,open,480,1320,0,obs:a30a9b77881f15fa3bea8dcc
hours:b36a0c456a3a16121e633d7f,osm:node:5485653890,4,,open,480,1320,0,obs:a30a9b77881f15fa3bea8dcc
hours:165e8628b7205c87ba906132,osm:node:5485653890,5,,open,480,1320,0,obs:a30a9b77881f15fa3bea8dcc
hours:47db20f46f523683d26782d9,osm:node:5485653890,6,,open,480,1320,0,obs:a30a9b77881f15fa3bea8dcc
hours:da6376a77ba702b213d527f6,osm:node:5485653892,0,,open,540,1260,0,obs:d39557352013d821c646aaf3
hours:aea00d9b3428915ee5a4d66f,osm:node:5485653892,1,,open,540,1260,0,obs:d39557352013d821c646aaf3
hours:d1c340c45efc1f9a9543f3ae,osm:node:5485653892,2,,open,540,1260,0,obs:d39557352013d821c646aaf3
hours:5bf134a98aa854acc3b076e7,osm:node:5485653892,3,,open,540,1260,0,obs:d39557352013d821c646aaf3
hours:7969559273c718e975316a98,osm:node:5485653892,4,,open,540,1260,0,obs:d39557352013d821c646aaf3
hours:5b6fc26ad2b60ac001dc7c0a,osm:node:5485653892,5,,open,540,1260,0,obs:d39557352013d821c646aaf3
hours:323c2a8c704119351e97b2cb,osm:node:5485653892,6,,open,540,1260,0,obs:d39557352013d821c646aaf3
hours:85260835e269bf93859d7581,osm:node:5485657726,0,,open,480,1320,0,obs:f1aa48da3c300692d348a95e
hours:b28776bba42640c555f7ac31,osm:node:5485657726,1,,open,480,1320,0,obs:f1aa48da3c300692d348a95e
hours:b7673285c9aa520a8c84383e,osm:node:5485657726,2,,open,480,1320,0,obs:f1aa48da3c300692d348a95e
hours:379a3603579df2c9dd87d637,osm:node:5485657726,3,,open,480,1320,0,obs:f1aa48da3c300692d348a95e
hours:65706b934df2a8e318b2dd75,osm:node:5485657726,4,,open,480,1320,0,obs:f1aa48da3c300692d348a95e
hours:7de57e39e0d1a47f8a8255e3,osm:node:5485657726,5,,open,480,1320,0,obs:f1aa48da3c300692d348a95e
hours:df4a222ed2a600fd576f9068,osm:node:5485657726,6,,open,480,1320,0,obs:f1aa48da3c300692d348a95e
hours:7ca3a81b18b5f3cd4f240855,osm:node:5485659318,0,,open,450,1380,0,obs:eac2d178ccec3e5b5402e636
hours:45004b86f46d567121a79be5,osm:node:5485659318,1,,open,450,1380,0,obs:eac2d178ccec3e5b5402e636
hours:1f569175a98ebf0a8a5f170c,osm:node:5485659318,2,,open,450,1380,0,obs:eac2d178ccec3e5b5402e636
hours:a32e6e7cec1ee527445e1deb,osm:node:5485659318,3,,open,450,1380,0,obs:eac2d178ccec3e5b5402e636
hours:2ea1c95219982fc10d3288d4,osm:node:5485659318,4,,open,450,1380,0,obs:eac2d178ccec3e5b5402e636
hours:1659a01a5ae0255452ca6193,osm:node:5485659318,5,,open,450,1380,0,obs:eac2d178ccec3e5b5402e636
hours:dd1fecb67e338f02385ff9de,osm:node:5485659318,6,,open,450,1380,0,obs:eac2d178ccec3e5b5402e636
hours:8f8a3d9526ba86e126180278,osm:node:5485660041,0,,open,480,1320,0,obs:bc858285917b1be1453f431e
hours:d9bb85d2630bdd9fabdb5ef8,osm:node:5485660041,1,,open,480,1320,0,obs:bc858285917b1be1453f431e
hours:7bac1e3753122017c80fb5a5,osm:node:5485660041,2,,open,480,1320,0,obs:bc858285917b1be1453f431e
hours:497ac397c8e31cda646d84ef,osm:node:5485660041,3,,open,480,1320,0,obs:bc858285917b1be1453f431e
hours:b8ae6229bb31dc480fe27d96,osm:node:5485660041,4,,open,480,1320,0,obs:bc858285917b1be1453f431e
hours:f4cca075de37afb73f4385f8,osm:node:5485660041,5,,open,480,1320,0,obs:bc858285917b1be1453f431e
hours:52141379d9c13ffa6c770887,osm:node:5485660041,6,,open,480,1320,0,obs:bc858285917b1be1453f431e
hours:ddae9ae533308b9edbd8b73c,osm:node:5485664752,0,,open,540,1260,0,obs:03ac5a20e92ac697aa614815
hours:2c834fe8357baada861a5832,osm:node:5485664752,1,,open,540,1260,0,obs:03ac5a20e92ac697aa614815
hours:fa98ecc8e49937129d56012d,osm:node:5485664752,2,,open,540,1260,0,obs:03ac5a20e92ac697aa614815
hours:b7162d54ea56cc3a2b721e77,osm:node:5485664752,3,,open,540,1260,0,obs:03ac5a20e92ac697aa614815
hours:c3a96a41b240e9071afabae9,osm:node:5485664752,4,,open,540,1260,0,obs:03ac5a20e92ac697aa614815
hours:9b4b91f0170614e07baaf444,osm:node:5485664752,5,,open,540,1260,0,obs:03ac5a20e92ac697aa614815
hours:1e7ede4b982525086efd0710,osm:node:5485664752,6,,open,540,1260,0,obs:03ac5a20e92ac697aa614815
hours:abc48a89c439c347936c9f13,osm:node:5485675724,0,,open,480,1320,0,obs:f844e514b76f0a7e77602f28
hours:bad5c531183e6541b5e4a131,osm:node:5485675724,1,,open,480,1320,0,obs:f844e514b76f0a7e77602f28
hours:38d4501fc2e8ba7bb9af8ace,osm:node:5485675724,2,,open,480,1320,0,obs:f844e514b76f0a7e77602f28
hours:355df64916e7d33a42a85e1c,osm:node:5485675724,3,,open,480,1320,0,obs:f844e514b76f0a7e77602f28
hours:c2bb21134b8aa6b175f15421,osm:node:5485675724,4,,open,480,1320,0,obs:f844e514b76f0a7e77602f28
hours:95ba1cab9951a66093c7164c,osm:node:5485675724,5,,open,480,1320,0,obs:f844e514b76f0a7e77602f28
hours:54c4bfc2de3c62eeb1bb95b6,osm:node:5485675724,6,,open,480,1320,0,obs:f844e514b76f0a7e77602f28
hours:fdfdcc5bdebc5271e8dc0b70,osm:node:5485700946,0,,open,480,1380,0,obs:c733afe8403cc4507da68f03
hours:128ce519b4135527075a2001,osm:node:5485700946,1,,open,480,1380,0,obs:c733afe8403cc4507da68f03
hours:28c5d3a775f0c70a58331627,osm:node:5485700946,2,,open,480,1380,0,obs:c733afe8403cc4507da68f03
hours:e1e3595d8743c6267e1adb36,osm:node:5485700946,3,,open,480,1380,0,obs:c733afe8403cc4507da68f03
hours:3e59ffbf9a1caa3f99c64fb7,osm:node:5485700946,4,,open,480,1380,0,obs:c733afe8403cc4507da68f03
hours:b27e143f9b552f0ae4103c01,osm:node:5485700946,5,,open,480,1380,0,obs:c733afe8403cc4507da68f03
hours:e52e77c06b8b0f9211a9d3c8,osm:node:5485700946,6,,open,480,1380,0,obs:c733afe8403cc4507da68f03
hours:2ac96d61808ea30645be8616,osm:node:5485709524,0,,open,330,1290,0,obs:88d42cb77e67c3aed18d8bf2
hours:98aa78fd790cb90054150870,osm:node:5485709524,1,,open,330,1290,0,obs:88d42cb77e67c3aed18d8bf2
hours:a703c9588a16f6e885f4e46b,osm:node:5485709524,2,,open,330,1290,0,obs:88d42cb77e67c3aed18d8bf2
hours:6f66ef3d8fe17260230479e9,osm:node:5485709524,3,,open,330,1290,0,obs:88d42cb77e67c3aed18d8bf2
hours:5f43cae667387309541ac129,osm:node:5485709524,4,,open,330,1290,0,obs:88d42cb77e67c3aed18d8bf2
hours:5ca0a4dcf160de731e1713e2,osm:node:5485709524,5,,open,330,1290,0,obs:88d42cb77e67c3aed18d8bf2
hours:fb8612e89c3ac870afc0776a,osm:node:5485709524,6,,open,330,1290,0,obs:88d42cb77e67c3aed18d8bf2
hours:ea1c5a6c6e35d6c6c78bd50c,osm:node:5485723255,0,,open,480,1380,0,obs:c66a1894a44b9c783d98414c
hours:fd1dde7123a7e61613466d2e,osm:node:5485723255,1,,open,480,1380,0,obs:c66a1894a44b9c783d98414c
hours:02c4ad2db61180b4a9b42b22,osm:node:5485723255,2,,open,480,1380,0,obs:c66a1894a44b9c783d98414c
hours:eed3033f725a29ad6fd2fa0a,osm:node:5485723255,3,,open,480,1380,0,obs:c66a1894a44b9c783d98414c
hours:c305b0c0014eec5a5efc6e31,osm:node:5485723255,4,,open,480,1380,0,obs:c66a1894a44b9c783d98414c
hours:189685b8d6e1b4ab8a58c78f,osm:node:5485723255,5,,open,480,1380,0,obs:c66a1894a44b9c783d98414c
hours:3c5674cb14229a3fbf7797d6,osm:node:5485723255,6,,open,480,1380,0,obs:c66a1894a44b9c783d98414c
hours:dba5bdbbe9f78f994d795f80,osm:node:5485732122,0,,open,540,1320,0,obs:a64478c6eae0bcd1feae9f4d
hours:929f6bc640db8fb2e9c40968,osm:node:5485732122,1,,open,540,1320,0,obs:a64478c6eae0bcd1feae9f4d
hours:b917be9843061b221c52aeb6,osm:node:5485732122,2,,open,540,1320,0,obs:a64478c6eae0bcd1feae9f4d
hours:0641a2ca95aa3cb3e59ba519,osm:node:5485732122,3,,open,540,1320,0,obs:a64478c6eae0bcd1feae9f4d
hours:831dd687c3e86a3de092a1fc,osm:node:5485732122,4,,open,540,1320,0,obs:a64478c6eae0bcd1feae9f4d
hours:664d7b39646ec0baf8b8e1ad,osm:node:5485732122,5,,open,540,1320,0,obs:a64478c6eae0bcd1feae9f4d
hours:65af899af5d8a13ea21e4b55,osm:node:5485732122,6,,open,540,1320,0,obs:a64478c6eae0bcd1feae9f4d
hours:9337d105d5b2bd5e847211b5,osm:node:5485739807,0,,open,600,1320,0,obs:a6b70bf565cd9f4e372679ef
hours:5d5bdff5bef86a03ad2119c7,osm:node:5485739807,1,,open,600,1320,0,obs:a6b70bf565cd9f4e372679ef
hours:995a6698ad68f8f71f859fb5,osm:node:5485739807,2,,open,600,1320,0,obs:a6b70bf565cd9f4e372679ef
hours:2d96134360e16cc1c452596b,osm:node:5485739807,3,,open,600,1320,0,obs:a6b70bf565cd9f4e372679ef
hours:19884ffb3e0b3d07a30ca281,osm:node:5485739807,4,,open,600,1320,0,obs:a6b70bf565cd9f4e372679ef
hours:1273469924436193b0d12fd2,osm:node:5485739807,5,,open,600,1320,0,obs:a6b70bf565cd9f4e372679ef
hours:fa0f35dbe3c6b1a809d207b7,osm:node:5485739807,6,,open,600,1320,0,obs:a6b70bf565cd9f4e372679ef
hours:04c41d654461e4a48ee2a371,osm:node:5485740783,0,,open,480,1320,0,obs:5356e1d02fa698f1893ab389
hours:97d47fe77a0b45f7288c4883,osm:node:5485740783,1,,open,480,1320,0,obs:5356e1d02fa698f1893ab389
hours:4381aa886fd6e46bd6697b93,osm:node:5485740783,2,,open,480,1320,0,obs:5356e1d02fa698f1893ab389
hours:194f9bccd1cd0c5bf592c49c,osm:node:5485740783,3,,open,480,1320,0,obs:5356e1d02fa698f1893ab389
hours:018600f80a038e125bae809f,osm:node:5485740783,4,,open,480,1320,0,obs:5356e1d02fa698f1893ab389
hours:f1574e4ed173729eb85d9fb7,osm:node:5485740783,5,,open,480,1320,0,obs:5356e1d02fa698f1893ab389
hours:dfeab096cd5eae79a9ddd3d7,osm:node:5485740783,6,,open,480,1320,0,obs:5356e1d02fa698f1893ab389
hours:55bab80c36e4b56c43ea994e,osm:node:5485766230,0,,open,540,1380,0,obs:e64c121d8c78baa6536a4f49
hours:9e1e157f8dc5f667801e0d08,osm:node:5485766230,1,,open,540,1380,0,obs:e64c121d8c78baa6536a4f49
hours:ec0747363b102420786496b4,osm:node:5485766230,2,,open,540,1380,0,obs:e64c121d8c78baa6536a4f49
hours:7e05046cf61aac6620337813,osm:node:5485766230,3,,open,540,1380,0,obs:e64c121d8c78baa6536a4f49
hours:e07ea217d90203d216afcce0,osm:node:5485766230,4,,open,540,1380,0,obs:e64c121d8c78baa6536a4f49
hours:0efa45581f7bdb35296e2f45,osm:node:5485766230,5,,open,540,1380,0,obs:e64c121d8c78baa6536a4f49
hours:206e9081b4bb4708f627b1ec,osm:node:5485766230,6,,open,540,1380,0,obs:e64c121d8c78baa6536a4f49
hours:74fb76de4f8a1680adcba843,osm:node:5485771446,0,,open,630,1260,0,obs:0ca38db3a82aa29a3f44c7d4
hours:dc9ab35fc396535303b6e030,osm:node:5485771446,1,,open,630,1260,0,obs:0ca38db3a82aa29a3f44c7d4
hours:7e262114b0b255d2c1a7a87a,osm:node:5485771446,2,,open,630,1260,0,obs:0ca38db3a82aa29a3f44c7d4
hours:2c62aae71810aa0498cbb252,osm:node:5485771446,3,,open,630,1260,0,obs:0ca38db3a82aa29a3f44c7d4
hours:233cdd0979ff7c651a9dfdff,osm:node:5485771446,4,,open,630,1260,0,obs:0ca38db3a82aa29a3f44c7d4
hours:902e27ec4d1cd6cc09f69e8c,osm:node:5485771446,5,,open,630,1260,0,obs:0ca38db3a82aa29a3f44c7d4
hours:8824051d89fb0a314c14e19a,osm:node:5485771446,6,,open,630,1260,0,obs:0ca38db3a82aa29a3f44c7d4
hours:c928a1af65aea39787396ca3,osm:node:5485777714,0,,open,540,1320,0,obs:57b911407d17910d8f98c26f
hours:8bc09b7870c5e6d83f098325,osm:node:5485777714,1,,open,540,1320,0,obs:57b911407d17910d8f98c26f
hours:b990a52062a294121cc734e3,osm:node:5485777714,2,,open,540,1320,0,obs:57b911407d17910d8f98c26f
hours:963e297b49ee400908c74bf5,osm:node:5485777714,3,,open,540,1320,0,obs:57b911407d17910d8f98c26f
hours:3b14a84e43f8a7fee3eb3a32,osm:node:5485777714,4,,open,540,1320,0,obs:57b911407d17910d8f98c26f
hours:f9387bc763c142340665eb9a,osm:node:5485777714,5,,open,540,1320,0,obs:57b911407d17910d8f98c26f
hours:a094cea354291ab5f2b6c6b0,osm:node:5485777714,6,,open,540,1320,0,obs:57b911407d17910d8f98c26f
hours:f36422ebb9376435e0cf4fb7,osm:node:5485781399,0,,open,480,1080,0,obs:b8bf8fda157e0ec117a071c1
hours:9b432a763c31da2ce6d4dbd4,osm:node:5485781399,1,,open,480,1080,0,obs:b8bf8fda157e0ec117a071c1
hours:2d92f9d68e285f730fc98c98,osm:node:5485781399,2,,open,480,1080,0,obs:b8bf8fda157e0ec117a071c1
hours:6c06f7b603f0c3e307b7b744,osm:node:5485781399,3,,open,480,1080,0,obs:b8bf8fda157e0ec117a071c1
hours:d02193c46624d827dacd60eb,osm:node:5485781399,4,,open,480,1080,0,obs:b8bf8fda157e0ec117a071c1
hours:a07b29af253111a6dab9ec13,osm:node:5485781399,5,,open,480,1080,0,obs:b8bf8fda157e0ec117a071c1
hours:79b5ccc1d1c14b2925457861,osm:node:5485791896,0,,open,480,1320,0,obs:c5cf99baa34ddfe27d0bb313
hours:acce3221ad33cd44e5cd1e3f,osm:node:5485791896,1,,open,480,1320,0,obs:c5cf99baa34ddfe27d0bb313
hours:eb8fd27c61e1ab619b62a0fd,osm:node:5485791896,2,,open,480,1320,0,obs:c5cf99baa34ddfe27d0bb313
hours:c8f14132177e8b3c80a8ede8,osm:node:5485791896,3,,open,480,1320,0,obs:c5cf99baa34ddfe27d0bb313
hours:09cc484c6ace68fcee0b9b75,osm:node:5485791896,4,,open,480,1320,0,obs:c5cf99baa34ddfe27d0bb313
hours:a18b77a07af44a0bb7396b42,osm:node:5485791896,5,,open,480,1320,0,obs:c5cf99baa34ddfe27d0bb313
hours:f86aa495370df273d15b28bc,osm:node:5485791896,6,,open,480,1320,0,obs:c5cf99baa34ddfe27d0bb313
hours:c82d43207ae4e37c91590f26,osm:node:5485795483,0,,open,420,1380,0,obs:21f96736f92a184de4a55f68
hours:8f84d597fb69cc6b26f48510,osm:node:5485795483,1,,open,420,1380,0,obs:21f96736f92a184de4a55f68
hours:37d56ed0b4b7b77b0c235b8f,osm:node:5485795483,2,,open,420,1380,0,obs:21f96736f92a184de4a55f68
hours:feedc26504961e54f079c223,osm:node:5485795483,3,,open,420,1380,0,obs:21f96736f92a184de4a55f68
hours:ba30d62357be87f1c44eb14a,osm:node:5485795483,4,,open,420,1380,0,obs:21f96736f92a184de4a55f68
hours:7e52acf49ad9083adfb5f2eb,osm:node:5485795483,5,,open,420,1380,0,obs:21f96736f92a184de4a55f68
hours:10c0abaaa1fa407d24dd91dc,osm:node:5485795483,6,,open,420,1380,0,obs:21f96736f92a184de4a55f68
hours:07febe5d58153cfa7f881a09,osm:node:5485795813,0,,open,0,1440,0,obs:1c0da8f5a6aa7e48dce9a0cd
hours:6fa62488b28dc8d2a31e257c,osm:node:5485795813,1,,open,0,1440,0,obs:1c0da8f5a6aa7e48dce9a0cd
hours:01df9fcbd0a8a28d6def4f94,osm:node:5485795813,2,,open,0,1440,0,obs:1c0da8f5a6aa7e48dce9a0cd
hours:31beb7bd1588d26c5a7e89d2,osm:node:5485795813,3,,open,0,1440,0,obs:1c0da8f5a6aa7e48dce9a0cd
hours:0240166f00c5227e056b8164,osm:node:5485795813,4,,open,0,1440,0,obs:1c0da8f5a6aa7e48dce9a0cd
hours:eefb750d8e7b5f238d8e2f53,osm:node:5485795813,5,,open,0,1440,0,obs:1c0da8f5a6aa7e48dce9a0cd
hours:691b3f1f551163c105df92ce,osm:node:5485795813,6,,open,0,1440,0,obs:1c0da8f5a6aa7e48dce9a0cd
hours:352d656c409ef0b919f74c31,osm:node:5485802345,0,,open,600,1320,0,obs:5a741d23f01b4cc06f522868
hours:7d543907fdded41f116d34e4,osm:node:5485802345,1,,open,600,1320,0,obs:5a741d23f01b4cc06f522868
hours:751a2e8ace5807c51b8ce56a,osm:node:5485802345,2,,open,600,1320,0,obs:5a741d23f01b4cc06f522868
hours:0c9312225eb86343e7ab58cd,osm:node:5485802345,3,,open,600,1320,0,obs:5a741d23f01b4cc06f522868
hours:0cbd78d3fce5e343ee03d5c1,osm:node:5485802345,4,,open,600,1320,0,obs:5a741d23f01b4cc06f522868
hours:45ada3ea498f8592eb13d9e1,osm:node:5485802345,5,,open,600,1320,0,obs:5a741d23f01b4cc06f522868
hours:35d58fdd08a984a974ba0a8e,osm:node:5485802345,6,,open,600,1320,0,obs:5a741d23f01b4cc06f522868
hours:6b16d44d3413e1eba466ee1f,osm:node:5485825576,0,,open,540,1260,0,obs:5cee9b9bff19a496540853c1
hours:e0a7fd747c6d922834c39f21,osm:node:5485825576,1,,open,540,1260,0,obs:5cee9b9bff19a496540853c1
hours:eb6a19fa7444af490c540a59,osm:node:5485825576,2,,open,540,1260,0,obs:5cee9b9bff19a496540853c1
hours:cfc8dec8977e0fad97997f3b,osm:node:5485825576,3,,open,540,1260,0,obs:5cee9b9bff19a496540853c1
hours:d26ccdc5012cf204c2eec303,osm:node:5485825576,4,,open,540,1260,0,obs:5cee9b9bff19a496540853c1
hours:4120e7ff22771391e13f872a,osm:node:5485825576,5,,open,540,1260,0,obs:5cee9b9bff19a496540853c1
hours:070bfb72ac07442924a8f563,osm:node:5485825576,6,,open,540,1260,0,obs:5cee9b9bff19a496540853c1
hours:71fe4d6efc93567546a64730,osm:node:5485832236,0,,open,480,1380,0,obs:8ce06d198bfb53c8b2b51b0f
hours:177eb03b197ed88b679d0e66,osm:node:5485832236,1,,open,480,1380,0,obs:8ce06d198bfb53c8b2b51b0f
hours:8d00c71a6b044fb54c0a1ccd,osm:node:5485832236,2,,open,480,1380,0,obs:8ce06d198bfb53c8b2b51b0f
hours:3a58db388fba2e517c32b58e,osm:node:5485832236,3,,open,480,1380,0,obs:8ce06d198bfb53c8b2b51b0f
hours:142d21a0d39548f7529a792c,osm:node:5485832236,4,,open,480,1380,0,obs:8ce06d198bfb53c8b2b51b0f
hours:d440ef4c372df3d943cc80a4,osm:node:5485832236,5,,open,480,1380,0,obs:8ce06d198bfb53c8b2b51b0f
hours:ef53f0ea97b926a0f173ae74,osm:node:5485832236,6,,open,480,1380,0,obs:8ce06d198bfb53c8b2b51b0f
hours:fbe96bc5a59cc52581ae04ae,osm:node:5485841639,0,,open,540,1260,0,obs:e2e4bec6077ebdc7b21e700e
hours:70b9a12370ba2b7a520b20fd,osm:node:5485841639,1,,open,540,1260,0,obs:e2e4bec6077ebdc7b21e700e
hours:ecb33494088475c0a403c5cb,osm:node:5485841639,2,,open,540,1260,0,obs:e2e4bec6077ebdc7b21e700e
hours:b79a2487bbb4ab42502b0558,osm:node:5485841639,3,,open,540,1260,0,obs:e2e4bec6077ebdc7b21e700e
hours:0fb12ddac1ca13adb3b2ce22,osm:node:5485841639,4,,open,540,1260,0,obs:e2e4bec6077ebdc7b21e700e
hours:e55d995b1da3f92cf55e9614,osm:node:5485841639,5,,open,540,1260,0,obs:e2e4bec6077ebdc7b21e700e
hours:18667050ff96eaef33b00427,osm:node:5485841639,6,,open,540,1260,0,obs:e2e4bec6077ebdc7b21e700e
hours:857513b614ea717a0ed5ff31,osm:node:5485842830,0,,open,600,1320,0,obs:fc6feb1925058c858580b747
hours:d6827c7c49c3d7ac5d2d8fa1,osm:node:5485842830,1,,open,600,1320,0,obs:fc6feb1925058c858580b747
hours:476c92cdd853ee6edad9eee0,osm:node:5485842830,2,,open,600,1320,0,obs:fc6feb1925058c858580b747
hours:f23b5cedeafe19e3f78a9856,osm:node:5485842830,3,,open,600,1320,0,obs:fc6feb1925058c858580b747
hours:6d2cc241a05e7010a84d1cb5,osm:node:5485842830,4,,open,600,1320,0,obs:fc6feb1925058c858580b747
hours:59fe1cc42170fb3a7322d01d,osm:node:5485842830,5,,open,600,1320,0,obs:fc6feb1925058c858580b747
hours:abd48b245f0fa39d36f75b62,osm:node:5485842830,6,,open,600,1320,0,obs:fc6feb1925058c858580b747
hours:4932d78a5feeabb065313f28,osm:node:5485875291,0,,open,600,1320,0,obs:b02d134609fb8c6fbba528fc
hours:91f58cdc48900fa8a4072256,osm:node:5485875291,1,,open,600,1320,0,obs:b02d134609fb8c6fbba528fc
hours:0a6220989d1c3b7510af81a5,osm:node:5485875291,2,,open,600,1320,0,obs:b02d134609fb8c6fbba528fc
hours:e3097c4d7b3174509f6a29d9,osm:node:5485875291,3,,open,600,1320,0,obs:b02d134609fb8c6fbba528fc
hours:ae0c0858f55082372622412e,osm:node:5485875291,4,,open,600,1320,0,obs:b02d134609fb8c6fbba528fc
hours:e558bfefba24d8549b417556,osm:node:5485875291,5,,open,600,1320,0,obs:b02d134609fb8c6fbba528fc
hours:06cf22bd1f5674eef12ed6fa,osm:node:5485875291,6,,open,600,1320,0,obs:b02d134609fb8c6fbba528fc
hours:1032bb0664a81751543503f4,osm:node:5485879965,0,,open,600,1320,0,obs:273f71a07d931cfb4f41b1a3
hours:2a3dee7a5b5b458fe75d4fb3,osm:node:5485879965,1,,open,600,1320,0,obs:273f71a07d931cfb4f41b1a3
hours:e43c1fb8e1da9b0e35e13d30,osm:node:5485879965,2,,open,600,1320,0,obs:273f71a07d931cfb4f41b1a3
hours:51ce2649239277ff93b7383d,osm:node:5485879965,3,,open,600,1320,0,obs:273f71a07d931cfb4f41b1a3
hours:9715ebd00d5a5c8f6e160143,osm:node:5485879965,4,,open,600,1320,0,obs:273f71a07d931cfb4f41b1a3
hours:0b1ce96b18ea6a3203d997e0,osm:node:5485879965,5,,open,600,1320,0,obs:273f71a07d931cfb4f41b1a3
hours:c1f028445f880f229d3e3e80,osm:node:5485879965,6,,open,600,1320,0,obs:273f71a07d931cfb4f41b1a3
hours:a96a8ddd3e20797bf2aaf657,osm:node:5486606622,0,,open,1020,1260,0,obs:4e74264537357f66375a849f
hours:049144f9920a43eb32e8a538,osm:node:5486606622,1,,open,1020,1260,0,obs:4e74264537357f66375a849f
hours:32cd5ef82d412d2c6bf16b6b,osm:node:5486606622,2,,open,1020,1260,0,obs:4e74264537357f66375a849f
hours:5fb952714f77019a25aa8e4b,osm:node:5486606622,3,,open,1020,1260,0,obs:4e74264537357f66375a849f
hours:895070fae7547fe7ede91a55,osm:node:5486606622,4,,open,1020,1260,0,obs:4e74264537357f66375a849f
hours:d88361db2e76cac39b8bf665,osm:node:5486606622,5,,open,1020,1260,0,obs:4e74264537357f66375a849f
hours:44db0cddcde8616cc6da77a5,osm:node:5487860421,0,,open,360,1200,0,obs:9d476fedd86c026165a0cfcd
hours:aeb0eb55bd2905134701296c,osm:node:5487860421,1,,open,360,1200,0,obs:9d476fedd86c026165a0cfcd
hours:ec145104a4a9192d95c01f1a,osm:node:5487860421,2,,open,360,1200,0,obs:9d476fedd86c026165a0cfcd
hours:9c659dfecff06a1ca2f9f4eb,osm:node:5487860421,3,,open,360,1200,0,obs:9d476fedd86c026165a0cfcd
hours:a5eee798b7cb238eb80613e1,osm:node:5487860421,4,,open,360,1200,0,obs:9d476fedd86c026165a0cfcd
hours:2b55de20caed6644b3d5766c,osm:node:5487860421,5,,open,360,1200,0,obs:9d476fedd86c026165a0cfcd
hours:0f5764b29bb427bcaecea4f5,osm:node:5487860421,6,,open,360,1200,0,obs:9d476fedd86c026165a0cfcd
hours:104f045e3915b2cb11fe5cde,osm:node:5512829423,0,,open,540,1410,0,obs:5f1958900a1dc51cfd902a2f
hours:8b6fa1464ca480577e983292,osm:node:5512829423,1,,open,540,1410,0,obs:5f1958900a1dc51cfd902a2f
hours:6d1c93c1ebe2f7954cd7af00,osm:node:5512829423,2,,open,540,1410,0,obs:5f1958900a1dc51cfd902a2f
hours:1a010c7084957025c9dfd798,osm:node:5512829423,3,,open,540,1410,0,obs:5f1958900a1dc51cfd902a2f
hours:ad0a537ec56fd2bce913ef76,osm:node:5512829423,4,,open,540,1410,0,obs:5f1958900a1dc51cfd902a2f
hours:9958308f04930f08e2c044d5,osm:node:5512829423,5,,open,540,1410,0,obs:5f1958900a1dc51cfd902a2f
hours:2c927b5a2d9c9e86ced5841a,osm:node:5512829423,6,,open,540,1410,0,obs:5f1958900a1dc51cfd902a2f
hours:01e9feb06b21cc8c0924e521,osm:node:5570949320,0,,open,450,1380,0,obs:b6d8f16e6646a15924d70903
hours:faa1c56264687778d4842e88,osm:node:5570949320,1,,open,450,1380,0,obs:b6d8f16e6646a15924d70903
hours:67792e963e80c5cbc425f8b9,osm:node:5570949320,2,,open,450,1380,0,obs:b6d8f16e6646a15924d70903
hours:ea2b6e31ac398b6c3ae9c3b3,osm:node:5570949320,3,,open,450,1380,0,obs:b6d8f16e6646a15924d70903
hours:512dffd4d9501286b19d6865,osm:node:5570949320,4,,open,450,1380,0,obs:b6d8f16e6646a15924d70903
hours:77259c2b5fde970d884c3e6a,osm:node:5570949320,5,,open,450,1380,0,obs:b6d8f16e6646a15924d70903
hours:c1a24f4ff227e0ebf20ad4ae,osm:node:5570949320,6,,open,450,1380,0,obs:b6d8f16e6646a15924d70903
hours:824b281255b7166ea9d63ad8,osm:node:5595997721,0,,open,660,1230,0,obs:3f4050a48d34b1e4e6d82137
hours:64d40e9ca61fcef55985d7ba,osm:node:5595997721,1,,open,660,1230,0,obs:3f4050a48d34b1e4e6d82137
hours:d958a97769ee744bd1e8ec52,osm:node:5595997721,2,,open,660,1230,0,obs:3f4050a48d34b1e4e6d82137
hours:f9369c2c0a7cfd9c5b03747e,osm:node:5595997721,3,,open,660,1230,0,obs:3f4050a48d34b1e4e6d82137
hours:05b6cc0b5f674f2a05e14f9d,osm:node:5595997721,4,,open,660,1230,0,obs:3f4050a48d34b1e4e6d82137
hours:810f16b222ce981b4c62355a,osm:node:5595997721,5,,open,660,1230,0,obs:3f4050a48d34b1e4e6d82137
hours:c63ca9fa3687c76d8758e761,osm:node:5595997721,6,,open,660,1230,0,obs:3f4050a48d34b1e4e6d82137
hours:c86f4e6b0a753b08bf7c9070,osm:node:5609443523,0,,open,510,1020,0,obs:9e5cd2ef4b1e00a7fe2d203f
hours:630976b1cfd5d947d9abbc3b,osm:node:5609443523,1,,open,510,1020,0,obs:9e5cd2ef4b1e00a7fe2d203f
hours:f6ebf6a64e7b10d72d11925c,osm:node:5609443523,2,,open,510,1020,0,obs:9e5cd2ef4b1e00a7fe2d203f
hours:0d2d21025451337ca5cd3169,osm:node:5609443523,3,,open,510,1020,0,obs:9e5cd2ef4b1e00a7fe2d203f
hours:e05f82c85ceed5879459bdb9,osm:node:5609443523,4,,open,510,1020,0,obs:9e5cd2ef4b1e00a7fe2d203f
hours:3c0269bf482aea317ba88500,osm:node:5609443523,5,,open,510,1020,0,obs:9e5cd2ef4b1e00a7fe2d203f
hours:5bdde2e25792fe303924fb3f,osm:node:5609443523,6,,open,510,1020,0,obs:9e5cd2ef4b1e00a7fe2d203f
hours:f62357af88b862284cfd032b,osm:node:5611617221,0,,open,540,1320,0,obs:a1dc4311c8ca794f921b459f
hours:2cb208c9316eab3f93ab9024,osm:node:5611617221,1,,open,540,1320,0,obs:a1dc4311c8ca794f921b459f
hours:1a8718f1e18bdc8481af887a,osm:node:5611617221,2,,open,540,1320,0,obs:a1dc4311c8ca794f921b459f
hours:f623146a521f2ee094bf80c8,osm:node:5611617221,3,,open,540,1320,0,obs:a1dc4311c8ca794f921b459f
hours:b761813f32e7b75e53c86046,osm:node:5611617221,4,,open,540,1320,0,obs:a1dc4311c8ca794f921b459f
hours:52df3782acb36b4ab83cc04f,osm:node:5611617221,5,,open,540,1320,0,obs:a1dc4311c8ca794f921b459f
hours:87761788d44e766530ffdd61,osm:node:5611617221,6,,open,540,1320,0,obs:a1dc4311c8ca794f921b459f
hours:0c435b1cba56b7afb1d76772,osm:node:5660941448,0,,open,450,330,1,obs:b90a5cfbff3aaac1c43af057
hours:9cbb4164492de387e49d877c,osm:node:5660941448,1,,open,450,330,1,obs:b90a5cfbff3aaac1c43af057
hours:f46cb9dc1fd9d0f4328f23fc,osm:node:5660941448,2,,open,450,330,1,obs:b90a5cfbff3aaac1c43af057
hours:932c2409e4dcf5a1b6a20dcb,osm:node:5660941448,3,,open,450,330,1,obs:b90a5cfbff3aaac1c43af057
hours:d9f52e3b76993c59fb2a7536,osm:node:5660941448,4,,open,450,330,1,obs:b90a5cfbff3aaac1c43af057
hours:720816e33dfc30af6231472a,osm:node:5660941448,5,,open,450,330,1,obs:b90a5cfbff3aaac1c43af057
hours:c183172d46a9a9c62ac96c21,osm:node:5660941448,6,,open,450,330,1,obs:b90a5cfbff3aaac1c43af057
hours:0d24652eec1bbdf0e1be9efa,osm:node:5677701323,0,,open,540,1020,0,obs:314c77d30a287aec74a00470
hours:17b54d26efc27f26c079e642,osm:node:5677701323,1,,open,540,1020,0,obs:314c77d30a287aec74a00470
hours:35f0f3e834168196920fd616,osm:node:5677701323,2,,open,540,1020,0,obs:314c77d30a287aec74a00470
hours:d4b39b424e88b155f7872aa5,osm:node:5677701323,3,,open,540,1020,0,obs:314c77d30a287aec74a00470
hours:7a657902e16c8afda4758716,osm:node:5677701323,4,,open,540,1020,0,obs:314c77d30a287aec74a00470
hours:f03e3db0d5b3c38d8dfd6319,osm:node:5677701323,5,,open,480,900,0,obs:314c77d30a287aec74a00470
hours:d00d19ff90a6da960ccd4a43,osm:node:5678663421,0,,open,360,1260,0,obs:f179281e096816c120539299
hours:1fee3e6aa3aa5048adabcac6,osm:node:5678663421,1,,open,360,1260,0,obs:f179281e096816c120539299
hours:c1abfc9be14ab43e736d2909,osm:node:5678663421,2,,open,360,1260,0,obs:f179281e096816c120539299
hours:49a2a09b75a56c989abcc383,osm:node:5678663421,3,,open,360,1260,0,obs:f179281e096816c120539299
hours:d9922a2d9674bd72b240a9e0,osm:node:5678663421,4,,open,360,1260,0,obs:f179281e096816c120539299
hours:b7163b49edd5a0fc88880573,osm:node:5678663421,5,,open,360,1260,0,obs:f179281e096816c120539299
hours:5dc54d7d884d1ef5c9c33b6e,osm:node:5678663421,6,,open,360,1260,0,obs:f179281e096816c120539299
hours:12ce35475571978332bec2c4,osm:node:5679069421,0,,open,600,1350,0,obs:cd669fe220ee52f19d3e2395
hours:30bec04e7abe92f8c8cd2e4f,osm:node:5679069421,1,,open,600,1350,0,obs:cd669fe220ee52f19d3e2395
hours:1b6ed279c06515f8d421382f,osm:node:5679069421,2,,open,600,1350,0,obs:cd669fe220ee52f19d3e2395
hours:ddd8b434319fa648d90159ed,osm:node:5679069421,3,,open,600,1350,0,obs:cd669fe220ee52f19d3e2395
hours:441ecf39853764790757f97e,osm:node:5679069421,4,,open,600,1350,0,obs:cd669fe220ee52f19d3e2395
hours:96383d787232b16ad762ffd4,osm:node:5679069421,5,,open,600,1350,0,obs:cd669fe220ee52f19d3e2395
hours:75c2103d5622e9fe73ca5dc8,osm:node:5679069421,6,,open,600,1350,0,obs:cd669fe220ee52f19d3e2395
hours:215a16b409329aa414066623,osm:node:5699718559,0,,open,600,1320,0,obs:99e06d2a4f3b7bef701eff87
hours:c38d3148f602538f24be8a45,osm:node:5699718559,1,,open,600,1320,0,obs:99e06d2a4f3b7bef701eff87
hours:62de05179fe1e6f66fe30077,osm:node:5699718559,2,,open,600,1320,0,obs:99e06d2a4f3b7bef701eff87
hours:8689ec93b11cc16316a015fa,osm:node:5699718559,3,,open,600,1320,0,obs:99e06d2a4f3b7bef701eff87
hours:aea6e52a9f6fb0ebf40e9ecc,osm:node:5699718559,4,,open,600,1320,0,obs:99e06d2a4f3b7bef701eff87
hours:75b0c847f43890595cc25d26,osm:node:5699718559,5,,open,600,1320,0,obs:99e06d2a4f3b7bef701eff87
hours:a1739e496217589a6a84a436,osm:node:5699718559,6,,open,600,1320,0,obs:99e06d2a4f3b7bef701eff87
hours:2674e1edc9456a62a296aab1,osm:node:5699726168,0,,open,540,1320,0,obs:1a53361706c66c78218d1d78
hours:80a74f40962606d552aa9c46,osm:node:5699726168,1,,open,540,1320,0,obs:1a53361706c66c78218d1d78
hours:4603863396ebf1281d421e57,osm:node:5699726168,2,,open,540,1320,0,obs:1a53361706c66c78218d1d78
hours:1c7e2cbd4cbb9d23b0e74036,osm:node:5699726168,3,,open,540,1320,0,obs:1a53361706c66c78218d1d78
hours:b086b2fdf0238fcfc59fbe81,osm:node:5699726168,4,,open,540,1320,0,obs:1a53361706c66c78218d1d78
hours:979732d17cd09476c0450273,osm:node:5699726168,5,,open,540,1320,0,obs:1a53361706c66c78218d1d78
hours:8549f8fb9d5e9396da010435,osm:node:5699726168,6,,open,540,1320,0,obs:1a53361706c66c78218d1d78
hours:d79ff79b4fba486d8fcc8583,osm:node:5751409631,0,,open,480,1320,0,obs:6569feacf8d6fc06e8455283
hours:67624a2f611567b3fbb66418,osm:node:5751409631,1,,open,480,1320,0,obs:6569feacf8d6fc06e8455283
hours:bb9829ac61f9d94e962b4925,osm:node:5751409631,2,,open,480,1320,0,obs:6569feacf8d6fc06e8455283
hours:94231bf7136d8cfb06439c1d,osm:node:5751409631,3,,open,480,1320,0,obs:6569feacf8d6fc06e8455283
hours:6d670597eadbfb0fb8ccb091,osm:node:5751409631,4,,open,480,1320,0,obs:6569feacf8d6fc06e8455283
hours:e92ed7be626660e8f7c4d5bd,osm:node:5751409631,5,,open,480,1320,0,obs:6569feacf8d6fc06e8455283
hours:3be8ce9098363d19a6bd30f7,osm:node:5751409631,6,,open,480,1320,0,obs:6569feacf8d6fc06e8455283
hours:968a45a585eb7fa6cc7d39d4,osm:node:5793917955,0,,open,420,1320,0,obs:c91f477f4fa43037779a5085
hours:99e3217a0f388517168e00ce,osm:node:5793917955,1,,open,420,1320,0,obs:c91f477f4fa43037779a5085
hours:b04de81797b3ce13575767dd,osm:node:5793917955,2,,open,420,1320,0,obs:c91f477f4fa43037779a5085
hours:4ffe5db6c1dbfa6ff16e9891,osm:node:5793917955,3,,open,420,1320,0,obs:c91f477f4fa43037779a5085
hours:2334f60a12808d96ca41338a,osm:node:5793917955,4,,open,420,1320,0,obs:c91f477f4fa43037779a5085
hours:fc8b4516530f0df24354cce6,osm:node:5793917955,5,,open,420,1320,0,obs:c91f477f4fa43037779a5085
hours:7478095f892dc73372507de0,osm:node:5793917955,6,,open,420,1320,0,obs:c91f477f4fa43037779a5085
hours:bb4d032f277c762d7054b2e3,osm:node:5796473953,0,,open,480,1320,0,obs:ea17e15b6b19d78f081d3ae3
hours:ab21dac21e245602eb4a25ad,osm:node:5796473953,1,,open,480,1320,0,obs:ea17e15b6b19d78f081d3ae3
hours:7b31f43ec217823b2b4786e4,osm:node:5796473953,2,,open,480,1320,0,obs:ea17e15b6b19d78f081d3ae3
hours:58ab56ce62c6ed26e036b5ae,osm:node:5796473953,3,,open,480,1320,0,obs:ea17e15b6b19d78f081d3ae3
hours:97ffe60c7032cd83f50efaf4,osm:node:5796473953,4,,open,480,1320,0,obs:ea17e15b6b19d78f081d3ae3
hours:f80db78c8b1a472e4edf2f92,osm:node:5796473953,5,,open,480,1320,0,obs:ea17e15b6b19d78f081d3ae3
hours:9ecdf21d828e5aabce38275a,osm:node:5796473953,6,,open,480,1320,0,obs:ea17e15b6b19d78f081d3ae3
hours:6e79c8f827c1a09fe8356a07,osm:node:5798643153,0,,open,420,1260,0,obs:9ef20b53ac66f31d43d02e42
hours:9d057bf49903bec928de3305,osm:node:5798643153,1,,open,420,1260,0,obs:9ef20b53ac66f31d43d02e42
hours:04ecaf224254b3c5ce6df2b6,osm:node:5798643153,2,,open,420,1260,0,obs:9ef20b53ac66f31d43d02e42
hours:2c47b219e84048071e52a0ee,osm:node:5798643153,3,,open,420,1260,0,obs:9ef20b53ac66f31d43d02e42
hours:168925520392ec3136c32646,osm:node:5798643153,4,,open,420,1260,0,obs:9ef20b53ac66f31d43d02e42
hours:225cea32369ceca446ffc5e6,osm:node:5798643153,5,,open,420,1260,0,obs:9ef20b53ac66f31d43d02e42
hours:e52a9109f7002deb88998760,osm:node:5798643153,6,,open,420,1260,0,obs:9ef20b53ac66f31d43d02e42
hours:b5ed3318d7da636a9da14e91,osm:node:5804107053,0,,open,420,1320,0,obs:2c11f962df14ffeda6d42b96
hours:2e34a0bd3a56974e1b797265,osm:node:5804107053,1,,open,420,1320,0,obs:2c11f962df14ffeda6d42b96
hours:c6ded9548fbaaca45596585d,osm:node:5804107053,2,,open,420,1320,0,obs:2c11f962df14ffeda6d42b96
hours:2df59f80037721b8078d29f9,osm:node:5804107053,3,,open,420,1320,0,obs:2c11f962df14ffeda6d42b96
hours:d9195607b0454973161fdb4a,osm:node:5804107053,4,,open,420,1320,0,obs:2c11f962df14ffeda6d42b96
hours:a5d473f5beed40bd5872452f,osm:node:5804107053,5,,open,420,1320,0,obs:2c11f962df14ffeda6d42b96
hours:2ab4703814d2b820da37539d,osm:node:5804107053,6,,open,420,1320,0,obs:2c11f962df14ffeda6d42b96
hours:c1bfdfc5433b085d04249d48,osm:node:5809954055,0,,open,510,1320,0,obs:6d860d0cae0f525058a24fe5
hours:d6200ab89a8bc98d2c9a1d2d,osm:node:5809954055,1,,open,510,1320,0,obs:6d860d0cae0f525058a24fe5
hours:d26c104ee6ea388a469ce4e1,osm:node:5809954055,2,,open,510,1320,0,obs:6d860d0cae0f525058a24fe5
hours:b8de38219fa601b653cf5cf1,osm:node:5809954055,3,,open,510,1320,0,obs:6d860d0cae0f525058a24fe5
hours:24a4e6d5e26549334767664b,osm:node:5809954055,4,,open,510,1320,0,obs:6d860d0cae0f525058a24fe5
hours:03b25423a0d1b8e3e63546b6,osm:node:5809954055,5,,open,510,1320,0,obs:6d860d0cae0f525058a24fe5
hours:a2ae7318434c0c0c596acbf4,osm:node:5809954055,6,,open,510,1320,0,obs:6d860d0cae0f525058a24fe5
hours:b28a5393d88322658a8fc0a7,osm:node:5811814156,0,,open,480,1320,0,obs:e17abb837efcb89ed5c917f7
hours:31e89ba0cb88614d177148ff,osm:node:5811814156,1,,open,480,1320,0,obs:e17abb837efcb89ed5c917f7
hours:0dd5ebef01ac73213c8039d5,osm:node:5811814156,2,,open,480,1320,0,obs:e17abb837efcb89ed5c917f7
hours:3d52fd7fd62b32c04a7f84c9,osm:node:5811814156,3,,open,480,1320,0,obs:e17abb837efcb89ed5c917f7
hours:0ac82441c8a4597a441d7d46,osm:node:5811814156,4,,open,480,1320,0,obs:e17abb837efcb89ed5c917f7
hours:792084fb857b8397f5a959e9,osm:node:5811814156,5,,open,480,1320,0,obs:e17abb837efcb89ed5c917f7
hours:bc97b098d9b137268a43932a,osm:node:5811814156,6,,open,480,1320,0,obs:e17abb837efcb89ed5c917f7
hours:6575dcbb2eb3cddc87a1eca5,osm:node:5864570785,0,,open,0,1440,0,obs:f47319ca504f4097a28208d0
hours:0e584467fe3cb57a5dffaa13,osm:node:5864570785,1,,open,0,1440,0,obs:f47319ca504f4097a28208d0
hours:19842e317784405a6e188f5d,osm:node:5864570785,2,,open,0,1440,0,obs:f47319ca504f4097a28208d0
hours:b38b60e8cf8151020a700541,osm:node:5864570785,3,,open,0,1440,0,obs:f47319ca504f4097a28208d0
hours:1503946cb4f04f639fb0484a,osm:node:5864570785,4,,open,0,1440,0,obs:f47319ca504f4097a28208d0
hours:f4d7bd4eb6a749cf9d7a0c78,osm:node:5864570785,5,,open,0,1440,0,obs:f47319ca504f4097a28208d0
hours:7a5eb6f86ea9eadaaa408c0e,osm:node:5864570785,6,,open,0,1440,0,obs:f47319ca504f4097a28208d0
hours:5d6ebaefcd8692b467710bf2,osm:node:5865968590,0,,open,360,1320,0,obs:c0e0a00d928e884720a9900f
hours:7987058bda4810a5d43c3ed7,osm:node:5865968590,1,,open,360,1320,0,obs:c0e0a00d928e884720a9900f
hours:1eb3fc9d9d54124582e8b29f,osm:node:5865968590,2,,open,360,1320,0,obs:c0e0a00d928e884720a9900f
hours:f2ab33632616cf62e84a08db,osm:node:5865968590,3,,open,360,1320,0,obs:c0e0a00d928e884720a9900f
hours:448aedd01ef5991f9b48671f,osm:node:5865968590,4,,open,360,1320,0,obs:c0e0a00d928e884720a9900f
hours:1b83603f739d1147ed011c01,osm:node:5865968590,5,,open,360,1320,0,obs:c0e0a00d928e884720a9900f
hours:db703936cdec17462ff7f595,osm:node:5865968590,6,,open,360,1320,0,obs:c0e0a00d928e884720a9900f
hours:59b5c97ecac5c745688e0476,osm:node:5911447385,0,,open,840,1380,0,obs:894d0f1fa0ef43660ca9fbfa
hours:b39a5a4cdb372035022823ee,osm:node:5911447385,1,,open,840,1380,0,obs:894d0f1fa0ef43660ca9fbfa
hours:2e0a5b335b59dcca78aecb38,osm:node:5911447385,2,,open,840,1380,0,obs:894d0f1fa0ef43660ca9fbfa
hours:c318548ed6e8ed825ecd77cd,osm:node:5911447385,3,,open,840,1380,0,obs:894d0f1fa0ef43660ca9fbfa
hours:df4e1b17e47228c5f1a78b8a,osm:node:5911447385,4,,open,840,1380,0,obs:894d0f1fa0ef43660ca9fbfa
hours:b0556adf7a6d36c0cbf557c2,osm:node:5911447385,5,,open,840,1380,0,obs:894d0f1fa0ef43660ca9fbfa
hours:ff6fd6aec9e25d2efe24b13c,osm:node:5911447385,6,,open,840,1380,0,obs:894d0f1fa0ef43660ca9fbfa
hours:f5c96056780d0cbce3ce6529,osm:node:5913097285,0,,open,0,1440,0,obs:a18eea17e8cb12a10815a8c5
hours:193ceba9580b9f5061980beb,osm:node:5913097285,1,,open,0,1440,0,obs:a18eea17e8cb12a10815a8c5
hours:254bd7bb890ae18cc312e476,osm:node:5913097285,2,,open,0,1440,0,obs:a18eea17e8cb12a10815a8c5
hours:75cafea7c4601157f301f2b3,osm:node:5913097285,3,,open,0,1440,0,obs:a18eea17e8cb12a10815a8c5
hours:f711b3bbb478a64de53b2cc4,osm:node:5913097285,4,,open,0,1440,0,obs:a18eea17e8cb12a10815a8c5
hours:979be26f65dbd76d043787c9,osm:node:5913097285,5,,open,0,1440,0,obs:a18eea17e8cb12a10815a8c5
hours:008494fef0ec097ab0fce540,osm:node:5913097285,6,,open,0,1440,0,obs:a18eea17e8cb12a10815a8c5
hours:f82f026d26a220db23f3eb4d,osm:node:5913221638,0,,open,390,1380,0,obs:c68db2f297f70c3fd861c1f0
hours:e2c801ae11975c8704e3ae08,osm:node:5913221638,1,,open,390,1380,0,obs:c68db2f297f70c3fd861c1f0
hours:36151079456eab9c1a523d17,osm:node:5913221638,2,,open,390,1380,0,obs:c68db2f297f70c3fd861c1f0
hours:4814799903bf21d4262d8e28,osm:node:5913221638,3,,open,390,1380,0,obs:c68db2f297f70c3fd861c1f0
hours:b7072118b788b68c06407ff7,osm:node:5913221638,4,,open,390,1380,0,obs:c68db2f297f70c3fd861c1f0
hours:e54c2c5179ec9fe8e62dcc3f,osm:node:5913221638,5,,open,390,1380,0,obs:c68db2f297f70c3fd861c1f0
hours:fb97fa1e8930ff4da405dc72,osm:node:5913221638,6,,open,390,1380,0,obs:c68db2f297f70c3fd861c1f0
hours:4f64ce5510f7b76391581cc6,osm:node:5920056999,0,,open,570,1080,0,obs:b855f32c0b1b1180a32f3b28
hours:ef4a61f7ff1f20654472db0e,osm:node:5920056999,1,,open,570,1080,0,obs:b855f32c0b1b1180a32f3b28
hours:f7cc24b2857f654a949dedf2,osm:node:5920056999,2,,open,570,1080,0,obs:b855f32c0b1b1180a32f3b28
hours:4844c1167a4596982c6812af,osm:node:5920056999,3,,open,570,1080,0,obs:b855f32c0b1b1180a32f3b28
hours:3c4abdb73bf9f6ddffa4fee7,osm:node:5920056999,4,,open,570,1080,0,obs:b855f32c0b1b1180a32f3b28
hours:88d5666cd2b309c05fd33ef4,osm:node:5920056999,5,,open,570,1080,0,obs:b855f32c0b1b1180a32f3b28
hours:0c7e273ffa604ff4ae7a7d13,osm:node:5920056999,6,,open,570,1080,0,obs:b855f32c0b1b1180a32f3b28
hours:c4c0fadc2bdb08f7105dbde3,osm:node:5920067081,0,,open,420,1230,0,obs:47d02225d07233749f032bf5
hours:f2c2f1234bbf280952ae92ad,osm:node:5920067081,1,,open,420,1230,0,obs:47d02225d07233749f032bf5
hours:a3089b18e2a7b7f23f9b207f,osm:node:5920067081,2,,open,420,1230,0,obs:47d02225d07233749f032bf5
hours:74944290cf467a147c7779ba,osm:node:5920067081,3,,open,420,1230,0,obs:47d02225d07233749f032bf5
hours:bf2eba7b9e25ae4dab0c7676,osm:node:5920067081,4,,open,420,1230,0,obs:47d02225d07233749f032bf5
hours:d1f49927e19361ddd0de9b46,osm:node:5920067081,5,,open,420,1230,0,obs:47d02225d07233749f032bf5
hours:bb059cea9c4f562d03c0e415,osm:node:5920067081,6,,open,420,1230,0,obs:47d02225d07233749f032bf5
hours:2b501c8e85af770aad714191,osm:node:5920089202,0,,open,390,1320,0,obs:6ad769684b56867ec8fcd6ee
hours:ba5cb8eb8fd81d7a6815f906,osm:node:5920089202,1,,open,390,1320,0,obs:6ad769684b56867ec8fcd6ee
hours:c13e40367e9b30924d2ddc4d,osm:node:5920089202,2,,open,390,1320,0,obs:6ad769684b56867ec8fcd6ee
hours:976f07aefbf21d861064cc19,osm:node:5920089202,3,,open,390,1320,0,obs:6ad769684b56867ec8fcd6ee
hours:408858d8e44b20ab48375c61,osm:node:5920089202,4,,open,390,1320,0,obs:6ad769684b56867ec8fcd6ee
hours:ac0c534fa31d8d70486396ed,osm:node:5920089202,5,,open,390,1320,0,obs:6ad769684b56867ec8fcd6ee
hours:42d295e73fa80eecad4c12b7,osm:node:5920089202,6,,open,390,1320,0,obs:6ad769684b56867ec8fcd6ee
hours:a222e01fbf51645b2c4baf6b,osm:node:5923288385,0,,open,690,1290,0,obs:84a1567da95866cccd6f2938
hours:5cdbdf7c08a96d4365153975,osm:node:5923288385,1,,open,690,1290,0,obs:84a1567da95866cccd6f2938
hours:22fb3e9ff888dfa5696cfa16,osm:node:5923288385,2,,open,690,1290,0,obs:84a1567da95866cccd6f2938
hours:47bb69285cefd0e5df60f8c3,osm:node:5923288385,3,,open,690,1290,0,obs:84a1567da95866cccd6f2938
hours:3a8c4b5cc952f9cc6f9bf2ae,osm:node:5923288385,4,,open,690,1290,0,obs:84a1567da95866cccd6f2938
hours:97612b216836cce322062c62,osm:node:5923288385,5,,open,690,1290,0,obs:84a1567da95866cccd6f2938
hours:64fadefcbe28ee31039d33fa,osm:node:5923288385,6,,open,690,1290,0,obs:84a1567da95866cccd6f2938
hours:edcdb8c8cf884785284ccead,osm:node:5942412285,0,,open,360,540,0,obs:023c736cdae298bd31fe7ebc
hours:ddd319c247c1e7e0619ac537,osm:node:5942412285,1,,open,360,540,0,obs:023c736cdae298bd31fe7ebc
hours:3c27daa2b02a7b449a4ef08c,osm:node:5942412285,2,,open,360,540,0,obs:023c736cdae298bd31fe7ebc
hours:6d1bc47d0e1112c0f2be677d,osm:node:5942412285,3,,open,360,540,0,obs:023c736cdae298bd31fe7ebc
hours:ccb50f7660d8a3a4601e0d47,osm:node:5942412285,4,,open,360,540,0,obs:023c736cdae298bd31fe7ebc
hours:ced2d28c6063afa69a1371ad,osm:node:5942412285,5,,open,360,540,0,obs:023c736cdae298bd31fe7ebc
hours:39c5a0311f16367be907cf11,osm:node:5942412285,6,,open,360,540,0,obs:023c736cdae298bd31fe7ebc
hours:d0cfc93a9e99b97cd9748244,osm:node:5947469393,0,,open,390,1230,0,obs:1fab67ade05dad7a645d9d6d
hours:48847c55241a29cc26f9718a,osm:node:5947469393,1,,open,390,1230,0,obs:1fab67ade05dad7a645d9d6d
hours:71b44cad76d08436dc0e935f,osm:node:5947469393,2,,open,390,1230,0,obs:1fab67ade05dad7a645d9d6d
hours:7d83e517fcf4d4437a13b1cf,osm:node:5947469393,3,,open,390,1230,0,obs:1fab67ade05dad7a645d9d6d
hours:f7396027dca332e0739bbe2f,osm:node:5947469393,4,,open,390,1230,0,obs:1fab67ade05dad7a645d9d6d
hours:36f83bd7bd08b649594233aa,osm:node:5947469393,5,,open,390,1230,0,obs:1fab67ade05dad7a645d9d6d
hours:68f4d5266c54abe684445f74,osm:node:5947469393,6,,open,390,930,0,obs:1fab67ade05dad7a645d9d6d
hours:27dc5213302132bfecc25f2f,osm:node:5948536485,0,,open,540,1080,0,obs:5cf6775e86e8e39308cc4216
hours:6843006a69f6571ae03d34af,osm:node:5948536485,1,,open,540,1080,0,obs:5cf6775e86e8e39308cc4216
hours:2706449363580668e5c405f3,osm:node:5948536485,2,,open,540,1080,0,obs:5cf6775e86e8e39308cc4216
hours:ffb5ea3d9ddec0d81a23eb32,osm:node:5948536485,3,,open,540,1080,0,obs:5cf6775e86e8e39308cc4216
hours:35656376c30dd317320cab25,osm:node:5948536485,4,,open,540,1080,0,obs:5cf6775e86e8e39308cc4216
hours:2a673ca4c46f4d0274499bb4,osm:node:5948536485,5,,open,540,1080,0,obs:5cf6775e86e8e39308cc4216
hours:fbbc94719aad989841df4ddb,osm:node:5948536485,6,,open,540,1080,0,obs:5cf6775e86e8e39308cc4216
hours:377793321ecf8d6c14fd223d,osm:node:5978084714,0,,open,540,1200,0,obs:8b7eda64caed830a244f5104
hours:f65ed3915a5282f558efb481,osm:node:5978084714,1,,open,540,1200,0,obs:8b7eda64caed830a244f5104
hours:3081b43ba114a402c5cfef4e,osm:node:5978084714,2,,open,540,1200,0,obs:8b7eda64caed830a244f5104
hours:870d63bfff69cc80e08631fc,osm:node:5978084714,3,,open,540,1200,0,obs:8b7eda64caed830a244f5104
hours:fa9e9b5179ef6cea9bc2da3c,osm:node:5978084714,4,,open,540,1200,0,obs:8b7eda64caed830a244f5104
hours:5eafe0245494bd17288845c0,osm:node:5978084714,5,,open,540,1200,0,obs:8b7eda64caed830a244f5104
hours:fa266bdcdb2cfcffdde74464,osm:node:5978084714,6,,open,540,1200,0,obs:8b7eda64caed830a244f5104
hours:79c98b4b2bb6c5c27b564f6b,osm:node:6009497185,0,,open,510,960,0,obs:660cee52fffbb6c6e1191f75
hours:3afa1e9266e0389c58bddc8e,osm:node:6009497185,1,,open,510,960,0,obs:660cee52fffbb6c6e1191f75
hours:d87a597f001c7d88295de339,osm:node:6009497185,2,,open,510,960,0,obs:660cee52fffbb6c6e1191f75
hours:fa64b41d51c340f8bda98299,osm:node:6009497185,3,,open,510,960,0,obs:660cee52fffbb6c6e1191f75
hours:dd5d97f3a69f30817c32dcbf,osm:node:6009497185,4,,open,510,960,0,obs:660cee52fffbb6c6e1191f75
hours:8f786c618367ae5fdba93253,osm:node:6009497185,5,,open,510,960,0,obs:660cee52fffbb6c6e1191f75
hours:3b7fb2c440dd25765e6d8e38,osm:node:6009497185,6,,open,510,960,0,obs:660cee52fffbb6c6e1191f75
hours:188ba0ae930f79c94487c2af,osm:node:6034005613,0,,open,600,1320,0,obs:cae2cf614f92be31594c7921
hours:b1b68d153fbaad3d320d9c00,osm:node:6034005613,1,,open,600,1320,0,obs:cae2cf614f92be31594c7921
hours:8f4f74ab2ed46994bbc74455,osm:node:6034005613,2,,open,600,1320,0,obs:cae2cf614f92be31594c7921
hours:7d8be17445758c3d3a116110,osm:node:6034005613,3,,open,600,1320,0,obs:cae2cf614f92be31594c7921
hours:60ef04828fafeb0a8fe03c59,osm:node:6034005613,4,,open,600,1320,0,obs:cae2cf614f92be31594c7921
hours:a7f78aded239e0e1b0eb83a3,osm:node:6034005613,5,,open,600,1320,0,obs:cae2cf614f92be31594c7921
hours:22703a3bcc076f0c5b3041c4,osm:node:6034005613,6,,open,600,1320,0,obs:cae2cf614f92be31594c7921
hours:1b822dfe7394d8f04cb93885,osm:node:6068375687,0,,open,600,1380,0,obs:74fa6796639db9be3a319606
hours:c4127bd856fc2b9d9a40a480,osm:node:6068375687,1,,open,600,1380,0,obs:74fa6796639db9be3a319606
hours:f82f1c14974e5820d62e68c5,osm:node:6068375687,2,,open,600,1380,0,obs:74fa6796639db9be3a319606
hours:55e6ee64c0e63299b6acbdba,osm:node:6068375687,3,,open,600,1380,0,obs:74fa6796639db9be3a319606
hours:59d0125d188892e23c1d0897,osm:node:6068375687,4,,open,600,1380,0,obs:74fa6796639db9be3a319606
hours:e7d2fc815df05fb240f74feb,osm:node:6068375687,5,,open,600,1380,0,obs:74fa6796639db9be3a319606
hours:d2c69c0f0ddc61ef0d3747ee,osm:node:6068375687,6,,open,600,1380,0,obs:74fa6796639db9be3a319606
hours:10c8576ea6a0cd9f0bf89966,osm:node:6108930789,0,,open,420,1410,0,obs:200ddaa0c68d704535fdd076
hours:c3d941343e9d7b2bd2d91c8d,osm:node:6108930789,1,,open,420,1410,0,obs:200ddaa0c68d704535fdd076
hours:7866cd8a30815cd467bd41dd,osm:node:6108930789,2,,open,420,1410,0,obs:200ddaa0c68d704535fdd076
hours:fd1912a5cf7d6bf6cd34d88d,osm:node:6108930789,3,,open,420,1410,0,obs:200ddaa0c68d704535fdd076
hours:51e5965349c8cc55647fe3d9,osm:node:6108930789,4,,open,420,1410,0,obs:200ddaa0c68d704535fdd076
hours:2462cb7d2f8c4904685754ca,osm:node:6108930789,5,,open,420,1410,0,obs:200ddaa0c68d704535fdd076
hours:9a84cb01a5eb378f3320da11,osm:node:6108930789,6,,open,420,1410,0,obs:200ddaa0c68d704535fdd076
hours:e57836136bb2ff79a0bc814b,osm:node:6108930790,0,,open,540,1260,0,obs:872fef03231cf6a028829524
hours:1973536daca8a21d3521fabc,osm:node:6108930790,1,,open,540,1260,0,obs:872fef03231cf6a028829524
hours:2f78a637fb970d389e864643,osm:node:6108930790,2,,open,540,1260,0,obs:872fef03231cf6a028829524
hours:7150a1e2a7a78dac43ed53c6,osm:node:6108930790,3,,open,540,1260,0,obs:872fef03231cf6a028829524
hours:6220bd7d09b074fbc2bc1459,osm:node:6108930790,4,,open,540,1260,0,obs:872fef03231cf6a028829524
hours:9b0b18110722067391abf5b5,osm:node:6108930790,5,,open,540,1260,0,obs:872fef03231cf6a028829524
hours:6fe6cddbbfaeb633a13b206c,osm:node:6108930790,6,,open,540,1260,0,obs:872fef03231cf6a028829524
hours:38b819313c3e414d9f14bd0a,osm:node:6108958605,0,,open,360,1350,0,obs:be0a0cbb2ed75dd1d3346ab5
hours:dadab29e931ea3bd5f81efc1,osm:node:6108958605,1,,open,360,1350,0,obs:be0a0cbb2ed75dd1d3346ab5
hours:4e3772b0d14499c6737e6943,osm:node:6108958605,2,,open,360,1350,0,obs:be0a0cbb2ed75dd1d3346ab5
hours:933e6d8af3d4d3afd7a5c07d,osm:node:6108958605,3,,open,360,1350,0,obs:be0a0cbb2ed75dd1d3346ab5
hours:b952b8af8b4035056e8cc05f,osm:node:6108958605,4,,open,360,1350,0,obs:be0a0cbb2ed75dd1d3346ab5
hours:c28ca59d0c0e3a20d921d258,osm:node:6108958605,5,,open,360,1350,0,obs:be0a0cbb2ed75dd1d3346ab5
hours:da46c0d91b5b7d7e7e04df5b,osm:node:6108958605,6,,open,360,1350,0,obs:be0a0cbb2ed75dd1d3346ab5
hours:5ce7bfdd9ce1b6b13afebaa5,osm:node:6108958606,0,,open,405,1320,0,obs:c80d86e334d7bec6038bd84e
hours:6f9e99d231ca00faebdf705f,osm:node:6108958606,1,,open,405,1320,0,obs:c80d86e334d7bec6038bd84e
hours:3d931f63b3cb85b3481b9577,osm:node:6108958606,2,,open,405,1320,0,obs:c80d86e334d7bec6038bd84e
hours:285073aeefa3eae0ef108e0c,osm:node:6108958606,3,,open,405,1320,0,obs:c80d86e334d7bec6038bd84e
hours:2b705d9ccc7af8f93fe3412c,osm:node:6108958606,4,,open,405,1320,0,obs:c80d86e334d7bec6038bd84e
hours:7ca1ac1e9fc98f1308e5156b,osm:node:6108958606,5,,open,405,1320,0,obs:c80d86e334d7bec6038bd84e
hours:c0fa60e7c98991dc21c0595f,osm:node:6108958606,6,,open,405,1320,0,obs:c80d86e334d7bec6038bd84e
hours:0b070950c6961118aa6aff4b,osm:node:6108965845,0,,open,420,1020,0,obs:0884c060c2ea961a3204c8f8
hours:dfb2c13e54884998801fbc48,osm:node:6108965845,1,,open,420,1020,0,obs:0884c060c2ea961a3204c8f8
hours:39a8f237042a8b545efa883c,osm:node:6108965845,2,,open,420,1020,0,obs:0884c060c2ea961a3204c8f8
hours:157cb73aa4e701c0742de3aa,osm:node:6108965845,3,,open,420,1020,0,obs:0884c060c2ea961a3204c8f8
hours:934e1610895d314a0de36005,osm:node:6108965845,4,,open,420,1020,0,obs:0884c060c2ea961a3204c8f8
hours:d1555f545f95017cc9445ba4,osm:node:6108965845,5,,open,420,1020,0,obs:0884c060c2ea961a3204c8f8
hours:5e5de032426349f54b204532,osm:node:6109163975,1,,open,480,840,0,obs:f680383021b7bb19dfa652b3
hours:016545c801915b24b938b896,osm:node:6109163975,2,,open,480,840,0,obs:f680383021b7bb19dfa652b3
hours:ef61c4bbf91447256d64da5a,osm:node:6109163975,3,,open,480,840,0,obs:f680383021b7bb19dfa652b3
hours:6893f87b601c14aa0c13bc0f,osm:node:6109163975,4,,open,480,840,0,obs:f680383021b7bb19dfa652b3
hours:cc9d56aa8af80121f9c01505,osm:node:6109163975,5,,open,480,840,0,obs:f680383021b7bb19dfa652b3
hours:e1cb0bce31c3651404572809,osm:node:6109163975,6,,open,480,840,0,obs:f680383021b7bb19dfa652b3
hours:41f4c3d13d761393b2580acb,osm:node:6109275899,0,,open,840,1440,0,obs:a07079960ad1a0f26123495e
hours:24570624c8fa9d2e923ccd9b,osm:node:6109275899,1,,open,840,1440,0,obs:a07079960ad1a0f26123495e
hours:3281b883890c5623967e6a1d,osm:node:6109275899,3,,open,840,1440,0,obs:a07079960ad1a0f26123495e
hours:70dbda06a7eafeecf5ca6fee,osm:node:6109275899,4,,open,840,1440,0,obs:a07079960ad1a0f26123495e
hours:7d00a91b848aedbb5f7a6370,osm:node:6109275899,5,,open,840,1440,0,obs:a07079960ad1a0f26123495e
hours:ccd753710ebd35fa0ecb9d2f,osm:node:6109275899,6,,open,840,1440,0,obs:a07079960ad1a0f26123495e
hours:128d2618357dc9935b066cba,osm:node:6109480851,0,,open,1050,1260,0,obs:3faeb7db2618cda5d04683a5
hours:bc7e06bebc84ff268be2c683,osm:node:6109480851,1,,open,1050,1260,0,obs:3faeb7db2618cda5d04683a5
hours:ef1da906d96cb8381595e33a,osm:node:6109480851,2,,open,1050,1260,0,obs:3faeb7db2618cda5d04683a5
hours:56e5faf82d06bf96a70b8743,osm:node:6109480851,3,,open,1050,1260,0,obs:3faeb7db2618cda5d04683a5
hours:a01f922498770773c972cf70,osm:node:6109480851,4,,open,1050,1260,0,obs:3faeb7db2618cda5d04683a5
hours:e8f14f9d422d29024037d16f,osm:node:6109480851,5,,open,1050,1260,0,obs:3faeb7db2618cda5d04683a5
hours:53213d140ab626d97971f29c,osm:node:6109480851,6,,open,1050,1260,0,obs:3faeb7db2618cda5d04683a5
hours:4cf0924558d3cfda805b91b2,osm:node:6109480872,0,,open,600,120,1,obs:435e5af7ee5d5c906bdd94a8
hours:5dae377ab294a23c5fd5a49a,osm:node:6109480872,1,,open,600,120,1,obs:435e5af7ee5d5c906bdd94a8
hours:5de5cfd26a465c1597a9834e,osm:node:6109480872,2,,open,600,120,1,obs:435e5af7ee5d5c906bdd94a8
hours:b16b40855a718f12d0a37051,osm:node:6109480872,3,,open,600,120,1,obs:435e5af7ee5d5c906bdd94a8
hours:333b9cc1313146103fc09155,osm:node:6109480872,4,,open,600,120,1,obs:435e5af7ee5d5c906bdd94a8
hours:fac0917a18bb8e97b68aa6c3,osm:node:6109480872,5,,open,600,120,1,obs:435e5af7ee5d5c906bdd94a8
hours:80e011a3282c47522aedd466,osm:node:6109480872,6,,open,600,120,1,obs:435e5af7ee5d5c906bdd94a8
hours:c7f993bbd3085e7f7871a010,osm:node:6120622785,0,,open,660,1230,0,obs:1143f674977e0bdc9f7cd52d
hours:635c573a010c6edfbf0c159d,osm:node:6120622785,1,,open,660,1230,0,obs:1143f674977e0bdc9f7cd52d
hours:64551212117908a6028f1e03,osm:node:6120622785,2,,open,660,1230,0,obs:1143f674977e0bdc9f7cd52d
hours:df37b4fc08a7904c9d6bf7dc,osm:node:6120622785,3,,open,660,1230,0,obs:1143f674977e0bdc9f7cd52d
hours:90a99d7ad419fe9923edffdf,osm:node:6120622785,4,,open,660,1230,0,obs:1143f674977e0bdc9f7cd52d
hours:fb1380a0a0eadfc6b4f74af9,osm:node:6120622785,5,,open,660,1230,0,obs:1143f674977e0bdc9f7cd52d
hours:d1f1c4315d47353ddebb7ae5,osm:node:6120622785,6,,open,660,1230,0,obs:1143f674977e0bdc9f7cd52d
hours:887c276c81aeeb4a744fc1c5,osm:node:6149039485,0,,open,450,1350,0,obs:627c09b33f8eb06bfaf43408
hours:723c9356f8466a0ec3d239e4,osm:node:6149039485,1,,open,450,1350,0,obs:627c09b33f8eb06bfaf43408
hours:76ca557a07f4bba83f8f5bc8,osm:node:6149039485,2,,open,450,1350,0,obs:627c09b33f8eb06bfaf43408
hours:ff0904a40e08e15b4168e076,osm:node:6149039485,3,,open,450,1350,0,obs:627c09b33f8eb06bfaf43408
hours:b8610abdba44a909c1b44036,osm:node:6149039485,4,,open,450,1350,0,obs:627c09b33f8eb06bfaf43408
hours:dfe00ff7939c0fb48b403e6a,osm:node:6149039485,5,,open,450,1350,0,obs:627c09b33f8eb06bfaf43408
hours:5a759de06e30aacdfedaaa84,osm:node:6149039485,6,,open,450,1350,0,obs:627c09b33f8eb06bfaf43408
hours:8bb6c8b15ed0086bddd965c3,osm:node:6149560185,0,,open,540,1320,0,obs:4394fc77368d9ba3189c9b4e
hours:068cc2e60bc1d87e07890735,osm:node:6149560185,1,,open,540,1320,0,obs:4394fc77368d9ba3189c9b4e
hours:1d92988f888ab058458cf3f1,osm:node:6149560185,2,,open,540,1320,0,obs:4394fc77368d9ba3189c9b4e
hours:521d7b989324f181847120b3,osm:node:6149560185,3,,open,540,1320,0,obs:4394fc77368d9ba3189c9b4e
hours:3f920d3c40c2a3db48e8f4fd,osm:node:6149560185,4,,open,540,1320,0,obs:4394fc77368d9ba3189c9b4e
hours:9c0a5081c8485dfa41f73061,osm:node:6149560185,5,,open,540,1320,0,obs:4394fc77368d9ba3189c9b4e
hours:e2f6d0d8b621914ea8966be9,osm:node:6149560185,6,,open,540,1320,0,obs:4394fc77368d9ba3189c9b4e
hours:b49d8d56a2be2119a98fcf51,osm:node:6152595285,0,,open,360,600,0,obs:0fad0604391c524a5bac581a
hours:a66c8a3c21e917bb50011b02,osm:node:6152595285,1,,open,360,600,0,obs:0fad0604391c524a5bac581a
hours:dfc1eebad028373e85293ba7,osm:node:6152595285,2,,open,360,600,0,obs:0fad0604391c524a5bac581a
hours:c81388b7fd31636728be4636,osm:node:6152595285,3,,open,360,600,0,obs:0fad0604391c524a5bac581a
hours:280c2aca247a136216ab798c,osm:node:6152595285,4,,open,360,600,0,obs:0fad0604391c524a5bac581a
hours:caaf1c32ab1f88d33fd6396d,osm:node:6152595285,5,,open,360,600,0,obs:0fad0604391c524a5bac581a
hours:922c10338d8f46bcf6635dbf,osm:node:6152595285,6,,open,360,600,0,obs:0fad0604391c524a5bac581a
hours:5fa98f1a95861af67def1eb4,osm:node:6152597685,0,,open,360,600,0,obs:9ae21b5e4c71d4979db71340
hours:1d37e9750e5880d2f9432142,osm:node:6152597685,1,,open,360,600,0,obs:9ae21b5e4c71d4979db71340
hours:2c6d4b2359a7f091e999df7a,osm:node:6152597685,2,,open,360,600,0,obs:9ae21b5e4c71d4979db71340
hours:939aa6807cd0af203c12de02,osm:node:6152597685,3,,open,360,600,0,obs:9ae21b5e4c71d4979db71340
hours:d0f4a3311d7c64f7485cecba,osm:node:6152597685,4,,open,360,600,0,obs:9ae21b5e4c71d4979db71340
hours:b32ab03da0fb8e85202f5ef9,osm:node:6152597685,5,,open,360,600,0,obs:9ae21b5e4c71d4979db71340
hours:748e14749885b7aea2d859d2,osm:node:6152597685,6,,open,360,600,0,obs:9ae21b5e4c71d4979db71340
hours:5ef30585c00fb28229f572f6,osm:node:6152603585,0,,open,960,1320,0,obs:23c94759160e6f7550f942eb
hours:0c6a23376ba755280cb80dd2,osm:node:6152603585,1,,open,960,1320,0,obs:23c94759160e6f7550f942eb
hours:6da5388528f76a8d6c820258,osm:node:6152603585,2,,open,960,1320,0,obs:23c94759160e6f7550f942eb
hours:87a0f02a859682e4e65b282f,osm:node:6152603585,3,,open,960,1320,0,obs:23c94759160e6f7550f942eb
hours:5d7cdd149f9e373bb44e32b4,osm:node:6152603585,4,,open,960,1320,0,obs:23c94759160e6f7550f942eb
hours:292fce14b0e71a6ca2b47b01,osm:node:6152603585,5,,open,960,1320,0,obs:23c94759160e6f7550f942eb
hours:ea00cebdb1c77ba09217c090,osm:node:6152603585,6,,open,960,1320,0,obs:23c94759160e6f7550f942eb
hours:c5b838d0b6c75ceefb2e738f,osm:node:6152681085,0,,open,960,1260,0,obs:36ae02f70fd0e7255bd31ba7
hours:2e2eddc4dda3651a75f1f87d,osm:node:6152681085,1,,open,960,1260,0,obs:36ae02f70fd0e7255bd31ba7
hours:0a06d2a9c0ab4976eb4c6431,osm:node:6152681085,2,,open,960,1260,0,obs:36ae02f70fd0e7255bd31ba7
hours:7b720c8cb16eb4907aca44e7,osm:node:6152681085,3,,open,960,1260,0,obs:36ae02f70fd0e7255bd31ba7
hours:1f244c51abc2a47e59092840,osm:node:6152681085,4,,open,960,1260,0,obs:36ae02f70fd0e7255bd31ba7
hours:bba11f99c5c88cf85ff6b5f3,osm:node:6152681085,5,,open,960,1260,0,obs:36ae02f70fd0e7255bd31ba7
hours:76b3f52a8135c94ddca5e030,osm:node:6152681085,6,,open,960,1260,0,obs:36ae02f70fd0e7255bd31ba7
hours:7a4cd7a19dd74f58401228ca,osm:node:6152685685,0,,open,360,1380,0,obs:3a589384c796e79cee7ba493
hours:fe94b60435ca32b03bf65aee,osm:node:6152685685,1,,open,360,1380,0,obs:3a589384c796e79cee7ba493
hours:7c6e6ec602b8ea219a203e6d,osm:node:6152685685,2,,open,360,1380,0,obs:3a589384c796e79cee7ba493
hours:2ea13d578fd320692c864e3d,osm:node:6152685685,3,,open,360,1380,0,obs:3a589384c796e79cee7ba493
hours:f0b1e733c0aa017c55cba397,osm:node:6152685685,4,,open,360,1380,0,obs:3a589384c796e79cee7ba493
hours:90bc5963feddc0f6ec31b9d0,osm:node:6152685685,5,,open,360,1380,0,obs:3a589384c796e79cee7ba493
hours:10a99935b735db67631470fe,osm:node:6152685685,6,,open,360,1380,0,obs:3a589384c796e79cee7ba493
hours:c6539761f0a02fbf6ffceed5,osm:node:6152690985,0,,open,420,1320,0,obs:ea6e51f59b23f88eef4f260f
hours:bbc50e1c19749c8ae10567a7,osm:node:6152690985,1,,open,420,1320,0,obs:ea6e51f59b23f88eef4f260f
hours:3f6983753d6dfda2e8b59c99,osm:node:6152690985,2,,open,420,1320,0,obs:ea6e51f59b23f88eef4f260f
hours:727277823af4f09a9d40ecf0,osm:node:6152690985,3,,open,420,1320,0,obs:ea6e51f59b23f88eef4f260f
hours:2eb6f28835230ea5a9295a1e,osm:node:6152690985,4,,open,420,1320,0,obs:ea6e51f59b23f88eef4f260f
hours:58fb1a5bb2a94710ba0a00ba,osm:node:6152690985,5,,open,420,1320,0,obs:ea6e51f59b23f88eef4f260f
hours:acf96dca2d3d6feac2415897,osm:node:6152690985,6,,open,420,1320,0,obs:ea6e51f59b23f88eef4f260f
hours:f79dd3ccab39d1b582436b40,osm:node:6195187685,0,,open,480,1380,0,obs:1df2e34f4083efff2d3bff0c
hours:276994eff053d40390c12daa,osm:node:6195187685,1,,open,480,1380,0,obs:1df2e34f4083efff2d3bff0c
hours:b7c28f1240080b422e8cbe31,osm:node:6195187685,2,,open,480,1380,0,obs:1df2e34f4083efff2d3bff0c
hours:06a61d116566f73cfb8e9df1,osm:node:6195187685,3,,open,480,1380,0,obs:1df2e34f4083efff2d3bff0c
hours:7ab915f473336a7cba95aa69,osm:node:6195187685,4,,open,480,1380,0,obs:1df2e34f4083efff2d3bff0c
hours:5cbd84ac9a5f23f00edd1763,osm:node:6195187685,5,,open,480,1380,0,obs:1df2e34f4083efff2d3bff0c
hours:e12fc120915f0d7f7b156877,osm:node:6195187685,6,,open,480,1380,0,obs:1df2e34f4083efff2d3bff0c
hours:d2830c93309281b947dda489,osm:node:6207082656,0,,open,0,1440,0,obs:c82053730c4ced42bd8bf88c
hours:17779115437216d93671ba26,osm:node:6207082656,1,,open,0,1440,0,obs:c82053730c4ced42bd8bf88c
hours:b7feda208a9702acf78cc5e2,osm:node:6207082656,2,,open,0,1440,0,obs:c82053730c4ced42bd8bf88c
hours:bbdde21fb881664e320ae55f,osm:node:6207082656,3,,open,0,1440,0,obs:c82053730c4ced42bd8bf88c
hours:4e4f5bbdd7310acc4db9ae96,osm:node:6207082656,4,,open,0,1440,0,obs:c82053730c4ced42bd8bf88c
hours:8f8c156901b505a4a4dbb7c7,osm:node:6207082656,5,,open,0,1440,0,obs:c82053730c4ced42bd8bf88c
hours:822fa73299f6a4ac655fc4fe,osm:node:6207082656,6,,open,0,1440,0,obs:c82053730c4ced42bd8bf88c
hours:4b73e2a95fcff52681d141b2,osm:node:6219918385,0,,open,360,1200,0,obs:a85c4df1f8841ebf35c612ae
hours:dad064c4e734d272be1e3298,osm:node:6219918385,1,,open,360,1200,0,obs:a85c4df1f8841ebf35c612ae
hours:040c9352d53bac928b75788e,osm:node:6219918385,2,,open,360,1200,0,obs:a85c4df1f8841ebf35c612ae
hours:2fd8b70fc76197a50ca4c004,osm:node:6219918385,3,,open,360,1200,0,obs:a85c4df1f8841ebf35c612ae
hours:ecdfef5568fc4ff56d0f7927,osm:node:6219918385,4,,open,360,1200,0,obs:a85c4df1f8841ebf35c612ae
hours:79663541772eb8fe394baac8,osm:node:6219918385,5,,open,360,1200,0,obs:a85c4df1f8841ebf35c612ae
hours:beac9f896042a28890213a8a,osm:node:6219918385,6,,open,360,1200,0,obs:a85c4df1f8841ebf35c612ae
hours:79ce50b7712213e0663d9822,osm:node:6224180286,0,,open,0,1440,0,obs:48d3337987b64aab3e7e6d93
hours:b2066d42634ae8c289972159,osm:node:6224180286,1,,open,0,1440,0,obs:48d3337987b64aab3e7e6d93
hours:a47efe866245424884c8032b,osm:node:6224180286,2,,open,0,1440,0,obs:48d3337987b64aab3e7e6d93
hours:1ef5a3bcf8685aed74d4d845,osm:node:6224180286,3,,open,0,1440,0,obs:48d3337987b64aab3e7e6d93
hours:24864493b9ae2f90dd956d09,osm:node:6224180286,4,,open,0,1440,0,obs:48d3337987b64aab3e7e6d93
hours:776cabbe1357546f4b02db45,osm:node:6224180286,5,,open,0,1440,0,obs:48d3337987b64aab3e7e6d93
hours:c7f7d09b2afa359c908b42b4,osm:node:6224180286,6,,open,0,1440,0,obs:48d3337987b64aab3e7e6d93
hours:0ce53ddfd9739b1e8baddac4,osm:node:6251697585,1,,open,540,960,0,obs:d343b0315b9d626a683da132
hours:82f1f5046a1f82d7ce5c0477,osm:node:6251697585,2,,open,540,960,0,obs:d343b0315b9d626a683da132
hours:781d6da3bdbc469a9fcf829c,osm:node:6251697585,3,,open,540,960,0,obs:d343b0315b9d626a683da132
hours:5397238c58063f967f75f415,osm:node:6251697585,4,,open,540,960,0,obs:d343b0315b9d626a683da132
hours:3999711817d30e978474980b,osm:node:6251697585,5,,open,540,960,0,obs:d343b0315b9d626a683da132
hours:96fa300c3f3c0246a7f83e8d,osm:node:6251697585,6,,open,540,960,0,obs:d343b0315b9d626a683da132
hours:389e99d1da5a764af33d13ad,osm:node:6269089078,0,,open,390,630,0,obs:f32fa6eeef1c309e6a3d886b
hours:6fe457ab469db39625f99f2c,osm:node:6269089078,1,,open,390,630,0,obs:f32fa6eeef1c309e6a3d886b
hours:3d32a66a72454965dcbb4b82,osm:node:6269089078,2,,open,390,630,0,obs:f32fa6eeef1c309e6a3d886b
hours:4eab60a12acba767b1882677,osm:node:6269089078,3,,open,390,630,0,obs:f32fa6eeef1c309e6a3d886b
hours:e2a9eaedded2ce61180058cb,osm:node:6269089078,4,,open,390,630,0,obs:f32fa6eeef1c309e6a3d886b
hours:15b806d868bea80b722d31b9,osm:node:6269089078,5,,open,390,630,0,obs:f32fa6eeef1c309e6a3d886b
hours:c552cf8e8a0285a431109597,osm:node:6269089078,6,,open,390,630,0,obs:f32fa6eeef1c309e6a3d886b
hours:5e4d57651712ebf149c3a8eb,osm:node:6310334885,0,,open,480,1320,0,obs:9f1325555164e73d2581d69d
hours:c6c8ac18bfcf052bae209cbe,osm:node:6310334885,1,,open,480,1320,0,obs:9f1325555164e73d2581d69d
hours:010f928fa08f1602ed78efe5,osm:node:6310334885,2,,open,480,1320,0,obs:9f1325555164e73d2581d69d
hours:d2991819d56690b7d31493e7,osm:node:6310334885,3,,open,480,1320,0,obs:9f1325555164e73d2581d69d
hours:048a964b7a5be9861afc9ff4,osm:node:6310334885,4,,open,480,1320,0,obs:9f1325555164e73d2581d69d
hours:cc75114f5e10747e3b1c5d49,osm:node:6310334885,5,,open,480,1320,0,obs:9f1325555164e73d2581d69d
hours:41dd90a276785b1c776d4dfb,osm:node:6310334885,6,,open,480,1320,0,obs:9f1325555164e73d2581d69d
hours:4fb7a64e69a84850d48b4bea,osm:node:6324812247,0,,open,600,1320,0,obs:1389d93a98871d5cf1ac2800
hours:5a4d13835772054214864b83,osm:node:6324812247,1,,open,600,1320,0,obs:1389d93a98871d5cf1ac2800
hours:4c4d3f34fd1db4194e8aafde,osm:node:6324812247,2,,open,600,1320,0,obs:1389d93a98871d5cf1ac2800
hours:4a37f16e7f34d230ba97ca25,osm:node:6324812247,3,,open,600,1320,0,obs:1389d93a98871d5cf1ac2800
hours:a8c4a600533306fd116e5306,osm:node:6324812247,4,,open,600,1320,0,obs:1389d93a98871d5cf1ac2800
hours:cdff3f0ee5fb320158cbc770,osm:node:6324812247,5,,open,600,1320,0,obs:1389d93a98871d5cf1ac2800
hours:f73328dba82890c3422a39e8,osm:node:6324812247,6,,open,600,1320,0,obs:1389d93a98871d5cf1ac2800
hours:7d193325ac14ed8f813275f3,osm:node:6346505980,0,,open,600,1320,0,obs:098451b7cc99ad99127ad515
hours:78677b20bb883a53849ead53,osm:node:6346505980,1,,open,600,1320,0,obs:098451b7cc99ad99127ad515
hours:d1c705c6cd0a6f48f5151431,osm:node:6346505980,2,,open,600,1320,0,obs:098451b7cc99ad99127ad515
hours:2eedaa2def9261e414221693,osm:node:6346505980,3,,open,600,1320,0,obs:098451b7cc99ad99127ad515
hours:a4a271a1a102d783cc1d4672,osm:node:6346505980,4,,open,600,1320,0,obs:098451b7cc99ad99127ad515
hours:a2f3929136e398528095787e,osm:node:6346505980,5,,open,600,1320,0,obs:098451b7cc99ad99127ad515
hours:52b09c663af6b4f510a47484,osm:node:6346505980,6,,open,600,1320,0,obs:098451b7cc99ad99127ad515
hours:6a3c205ec4e417bb8ce7f644,osm:node:6378039485,0,,open,600,1320,0,obs:c3fec6dd17b2d28906217151
hours:da718e43bcfd65dc49993ae4,osm:node:6378039485,1,,open,600,1320,0,obs:c3fec6dd17b2d28906217151
hours:9a395374708b8c8ae8776719,osm:node:6378039485,2,,open,600,1320,0,obs:c3fec6dd17b2d28906217151
hours:9b389977a3c9a32a5fd9b4ec,osm:node:6378039485,3,,open,600,1320,0,obs:c3fec6dd17b2d28906217151
hours:644beabbcc1a12d75feab3fa,osm:node:6378039485,4,,open,600,1320,0,obs:c3fec6dd17b2d28906217151
hours:a8acf6cafaa0a9fe5e984d7a,osm:node:6378039485,5,,open,600,1320,0,obs:c3fec6dd17b2d28906217151
hours:d8a4ac9e1304f793466b731b,osm:node:6378039485,6,,open,600,1320,0,obs:c3fec6dd17b2d28906217151
hours:f2fcca028ec7e7293c097e5c,osm:node:6413826385,0,,open,510,1290,0,obs:f73002ae86f0d03f5fd4ced7
hours:0f3c54f2801c16de20147458,osm:node:6413826385,1,,open,510,1290,0,obs:f73002ae86f0d03f5fd4ced7
hours:11b15818cdbf94a2a4c4abe2,osm:node:6413826385,2,,open,510,1290,0,obs:f73002ae86f0d03f5fd4ced7
hours:7ff089c38c3084f1b3d5e847,osm:node:6413826385,3,,open,510,1290,0,obs:f73002ae86f0d03f5fd4ced7
hours:d3c129c4e4a7bcc4f5eb698b,osm:node:6413826385,4,,open,510,1290,0,obs:f73002ae86f0d03f5fd4ced7
hours:f17c82984dccd4b5221129a7,osm:node:6413826385,5,,open,510,1290,0,obs:f73002ae86f0d03f5fd4ced7
hours:559e532268cdbc3dacefee4a,osm:node:6413826385,6,,open,510,1290,0,obs:f73002ae86f0d03f5fd4ced7
hours:c52e186dac0ab54662197a3d,osm:node:6418785294,0,,open,360,1320,0,obs:d2bd07e4748ee6620e9e4c47
hours:9856c35c4beda1feb7139965,osm:node:6418785294,1,,open,360,1320,0,obs:d2bd07e4748ee6620e9e4c47
hours:edd0ca76e13dcf8b435dab70,osm:node:6418785294,2,,open,360,1320,0,obs:d2bd07e4748ee6620e9e4c47
hours:fa455960671dba60c58c3107,osm:node:6418785294,3,,open,360,1320,0,obs:d2bd07e4748ee6620e9e4c47
hours:b2e71b446ed065c52a2270ea,osm:node:6418785294,4,,open,360,1320,0,obs:d2bd07e4748ee6620e9e4c47
hours:e462b1a1520778dd76b5d54e,osm:node:6418785294,5,,open,360,1320,0,obs:d2bd07e4748ee6620e9e4c47
hours:f2f9427f659e20a21d09762c,osm:node:6418785294,6,,open,360,1320,0,obs:d2bd07e4748ee6620e9e4c47
hours:6aba00e5642402c8d1454368,osm:node:6419220950,0,,open,660,840,0,obs:14041adad348c513c09760cb
hours:3ee73b672c1bf2dd4c5c878c,osm:node:6419220950,1,,open,660,840,0,obs:14041adad348c513c09760cb
hours:fa18480f8b25048e156e42c7,osm:node:6419220950,2,,open,660,840,0,obs:14041adad348c513c09760cb
hours:d3402624484dd4ebab02ea0f,osm:node:6419220950,3,,open,660,840,0,obs:14041adad348c513c09760cb
hours:0d5128299e08e8ffa64b364a,osm:node:6419220950,4,,open,660,840,0,obs:14041adad348c513c09760cb
hours:38f65eecc87d7d4c888c9735,osm:node:6422678433,0,,open,240,1260,0,obs:af944f436445794fb308e4cf
hours:1d21cf0b727a7352996eeeef,osm:node:6422678433,1,,open,240,1260,0,obs:af944f436445794fb308e4cf
hours:900f48444bc1fe8deb93706b,osm:node:6422678433,2,,open,240,1260,0,obs:af944f436445794fb308e4cf
hours:fc3820ee43f68227e9c24193,osm:node:6422678433,3,,open,240,1260,0,obs:af944f436445794fb308e4cf
hours:6096c1279a7982bb4571d144,osm:node:6422678433,4,,open,240,1260,0,obs:af944f436445794fb308e4cf
hours:48a9a1d551f05a6fcd0e4330,osm:node:6422678433,5,,open,240,1260,0,obs:af944f436445794fb308e4cf
hours:ed4e69c263d9da5aabbdce95,osm:node:6422678433,6,,open,240,1260,0,obs:af944f436445794fb308e4cf
hours:4fa276c38ad130eb0dd2f03d,osm:node:6422973404,0,,open,600,1320,0,obs:35d833655a33a8b9fc2f6647
hours:f79c6d674872c9c17ba01808,osm:node:6422973404,1,,open,600,1320,0,obs:35d833655a33a8b9fc2f6647
hours:ca5dc6472d6a33b219d2ce84,osm:node:6422973404,2,,open,600,1320,0,obs:35d833655a33a8b9fc2f6647
hours:e5b286529214a5971b48caf3,osm:node:6422973404,3,,open,600,1320,0,obs:35d833655a33a8b9fc2f6647
hours:3c154c815f34a26c624aad4d,osm:node:6422973404,4,,open,600,1320,0,obs:35d833655a33a8b9fc2f6647
hours:dade9e608eab75dea4b8c8c9,osm:node:6422973404,5,,open,600,1320,0,obs:35d833655a33a8b9fc2f6647
hours:3511ad5729f238877db4e70d,osm:node:6422973404,6,,open,600,1320,0,obs:35d833655a33a8b9fc2f6647
hours:0be136f61d636d93f59784ec,osm:node:6429760086,0,,open,390,600,0,obs:26bec4e25823be0f3ac56d3d
hours:12f1ae2c5548604d4f8f0d23,osm:node:6429760086,1,,open,390,600,0,obs:26bec4e25823be0f3ac56d3d
hours:2a0ff72fc7be1456fd651524,osm:node:6429760086,2,,open,390,600,0,obs:26bec4e25823be0f3ac56d3d
hours:499476d8cc5746cff7a1f83c,osm:node:6429760086,3,,open,390,600,0,obs:26bec4e25823be0f3ac56d3d
hours:041ee49cdabc319e8c2112e8,osm:node:6429760086,4,,open,390,600,0,obs:26bec4e25823be0f3ac56d3d
hours:00e8690ac4a10cfd23280e4b,osm:node:6429760086,5,,open,390,600,0,obs:26bec4e25823be0f3ac56d3d
hours:547e0475ead7369c2de0dc30,osm:node:6429760086,6,,open,390,600,0,obs:26bec4e25823be0f3ac56d3d
hours:2ee8ae7cc52859f7a7d29fc9,osm:node:6432124485,0,,open,960,1320,0,obs:0beb519182a102c2cde9f6f2
hours:aca26c21a041021708141b98,osm:node:6432124485,1,,open,960,1320,0,obs:0beb519182a102c2cde9f6f2
hours:51e4ff2aab1a7a8c07e6354c,osm:node:6432124485,2,,open,960,1320,0,obs:0beb519182a102c2cde9f6f2
hours:1fec4966ffd896770c19c3f3,osm:node:6432124485,3,,open,960,1320,0,obs:0beb519182a102c2cde9f6f2
hours:fa77f9ae3b6ef895985b4b28,osm:node:6432124485,4,,open,960,1320,0,obs:0beb519182a102c2cde9f6f2
hours:21da95330bcb01be7e2990fb,osm:node:6432124485,5,,open,960,1320,0,obs:0beb519182a102c2cde9f6f2
hours:22d7a25a857ffa60e097f4f9,osm:node:6432124485,6,,open,960,1320,0,obs:0beb519182a102c2cde9f6f2
hours:9b7ede6f7a57973531e7caef,osm:node:6438151686,0,,open,540,1410,0,obs:80594e9ac9b013d4a6e89b85
hours:d9899ff8d076dc26e3ce4c1a,osm:node:6438151686,1,,open,540,1410,0,obs:80594e9ac9b013d4a6e89b85
hours:c60bbbd4595720c84414b24f,osm:node:6438151686,2,,open,540,1410,0,obs:80594e9ac9b013d4a6e89b85
hours:484534cf62c234992bd5de35,osm:node:6438151686,3,,open,540,1410,0,obs:80594e9ac9b013d4a6e89b85
hours:3817fdfc0c20e50e5d28824e,osm:node:6438151686,4,,open,540,1410,0,obs:80594e9ac9b013d4a6e89b85
hours:4bd5d8e9c423ba35aae4afbd,osm:node:6438151686,5,,open,540,1410,0,obs:80594e9ac9b013d4a6e89b85
hours:90fa2ce22d0a3574b2df1ac6,osm:node:6438151686,6,,open,540,1410,0,obs:80594e9ac9b013d4a6e89b85
hours:7a0c6bcb640f0a9dad8f2062,osm:node:6477774987,0,,open,690,1440,0,obs:f0f6f3528c5a3914379862d0
hours:2b35b4b4467cb4c2c9d98431,osm:node:6477774987,1,,open,690,1440,0,obs:f0f6f3528c5a3914379862d0
hours:247327aecea3815e267f8290,osm:node:6477774987,2,,open,690,1440,0,obs:f0f6f3528c5a3914379862d0
hours:ab020107a22add3bf007d687,osm:node:6477774987,3,,open,690,1440,0,obs:f0f6f3528c5a3914379862d0
hours:2b91a661da0bed9dc01e3588,osm:node:6477774987,4,,open,690,60,1,obs:f0f6f3528c5a3914379862d0
hours:7a4f484b1f37ebf7e32c1b2b,osm:node:6477774987,5,,open,690,60,1,obs:f0f6f3528c5a3914379862d0
hours:346ee214ed545a259e53f677,osm:node:6477774987,6,,open,690,1440,0,obs:f0f6f3528c5a3914379862d0
hours:103867cb79e13ad50a6f26bf,osm:node:6483231385,0,,open,480,1080,0,obs:a72e10a6ee0bd06508b0e119
hours:d81d3f756393b45ba58d6ddf,osm:node:6483231385,1,,open,480,1080,0,obs:a72e10a6ee0bd06508b0e119
hours:c6f09eeb9d0f1df67649d1cb,osm:node:6483231385,2,,open,480,1080,0,obs:a72e10a6ee0bd06508b0e119
hours:0018e0d292bd7bb3c4ac672a,osm:node:6483231385,3,,open,480,1080,0,obs:a72e10a6ee0bd06508b0e119
hours:3f0773204994e32464916b32,osm:node:6483231385,4,,open,480,1080,0,obs:a72e10a6ee0bd06508b0e119
hours:361ff0814010e6c4025f4703,osm:node:6483231385,5,,open,480,1080,0,obs:a72e10a6ee0bd06508b0e119
hours:ba52fe5885344c37b7e2fe68,osm:node:6483231385,6,,open,480,1080,0,obs:a72e10a6ee0bd06508b0e119
hours:3e7a8b48fce594bf762249ac,osm:node:6483376386,0,,open,420,1380,0,obs:fec03d2b6c481e8a8922d7ac
hours:f4248fa4fb5ac1f185ed0faa,osm:node:6483376386,1,,open,420,1380,0,obs:fec03d2b6c481e8a8922d7ac
hours:dd0fcc9b92239ff0a2130880,osm:node:6483376386,2,,open,420,1380,0,obs:fec03d2b6c481e8a8922d7ac
hours:7f107caefdd6977fcd99ff7b,osm:node:6483376386,3,,open,420,1380,0,obs:fec03d2b6c481e8a8922d7ac
hours:9af9229e250bba862aefa43a,osm:node:6483376386,4,,open,420,1380,0,obs:fec03d2b6c481e8a8922d7ac
hours:fe42a3f01bc6429b93d974cf,osm:node:6483376386,5,,open,420,1380,0,obs:fec03d2b6c481e8a8922d7ac
hours:0541f66e34e26cc9c9f7670f,osm:node:6483376386,6,,open,420,1380,0,obs:fec03d2b6c481e8a8922d7ac
hours:76ff28e8d9f0c9d0be752adc,osm:node:6495167985,0,,open,540,1350,0,obs:6dbe7586a0659614ae913c51
hours:7015cd0a67972a846c7c00c3,osm:node:6495167985,1,,open,540,1350,0,obs:6dbe7586a0659614ae913c51
hours:5c2afeb65c5dd917be88718b,osm:node:6495167985,2,,open,540,1350,0,obs:6dbe7586a0659614ae913c51
hours:4ae170312c415d71ba77c0df,osm:node:6495167985,3,,open,540,1350,0,obs:6dbe7586a0659614ae913c51
hours:c7f0d354789d0f51434e0945,osm:node:6495167985,4,,open,540,1350,0,obs:6dbe7586a0659614ae913c51
hours:51303ea268ff158a9df6301f,osm:node:6495167985,5,,open,540,1350,0,obs:6dbe7586a0659614ae913c51
hours:9490154096cd8a4e9e28c663,osm:node:6495167985,6,,open,540,1350,0,obs:6dbe7586a0659614ae913c51
hours:a00169838a21f5363dd709d2,osm:node:6517510885,0,,open,420,1260,0,obs:017294eb70f825149960afd7
hours:96b80c2d0f98cfd2e5f86708,osm:node:6517510885,1,,open,420,1260,0,obs:017294eb70f825149960afd7
hours:4ced1587fe7e7de37bbf5863,osm:node:6517510885,2,,open,420,1260,0,obs:017294eb70f825149960afd7
hours:ebcca5c41f13eceee04cc46f,osm:node:6517510885,3,,open,420,1260,0,obs:017294eb70f825149960afd7
hours:5aaad8815c4b575d360655ee,osm:node:6517510885,4,,open,420,1260,0,obs:017294eb70f825149960afd7
hours:4e18fcc00713ddf8ec8a3b48,osm:node:6517510885,5,,open,420,1260,0,obs:017294eb70f825149960afd7
hours:1d8412e244074c9b56d77176,osm:node:6517510885,6,,open,420,1260,0,obs:017294eb70f825149960afd7
hours:3074cad89e76edac64fb81d8,osm:node:6531739087,0,,open,420,1410,0,obs:0a0b15d3686e1c43ed98cf46
hours:3e38a8b2e6ae32a1b49a51a9,osm:node:6531739087,1,,open,420,1410,0,obs:0a0b15d3686e1c43ed98cf46
hours:a685b71eaebd7434b9c5ca40,osm:node:6531739087,2,,open,420,1410,0,obs:0a0b15d3686e1c43ed98cf46
hours:cb145ebad3fce2c4d129fc45,osm:node:6531739087,3,,open,420,1410,0,obs:0a0b15d3686e1c43ed98cf46
hours:4821308bb77a08c4e57f0037,osm:node:6531739087,4,,open,420,1410,0,obs:0a0b15d3686e1c43ed98cf46
hours:7ec474b23cf0b83215b5aa20,osm:node:6531739087,5,,open,420,1410,0,obs:0a0b15d3686e1c43ed98cf46
hours:2fcb1d0d0de952fb6e2f7a7e,osm:node:6531739087,6,,open,420,1410,0,obs:0a0b15d3686e1c43ed98cf46
hours:dbff21ebc559c3b9071acd8a,osm:node:6533893985,0,,open,420,1380,0,obs:7cf521c295a1c648b0b64434
hours:34547fd592a562b779666f7b,osm:node:6533893985,1,,open,420,1380,0,obs:7cf521c295a1c648b0b64434
hours:dcd53d27a1bfeed54fa4f30b,osm:node:6533893985,2,,open,420,1380,0,obs:7cf521c295a1c648b0b64434
hours:5feea756657c7c87d2ac9bbc,osm:node:6533893985,3,,open,420,1380,0,obs:7cf521c295a1c648b0b64434
hours:127920a785b17e02e39cf506,osm:node:6533893985,4,,open,420,1380,0,obs:7cf521c295a1c648b0b64434
hours:36c77c2448e0654ce84521c8,osm:node:6533893985,5,,open,420,1380,0,obs:7cf521c295a1c648b0b64434
hours:6c5b00050e4a5115876c68b4,osm:node:6533893985,6,,open,420,1380,0,obs:7cf521c295a1c648b0b64434
hours:499ab2e1946aca2898e2672b,osm:node:6594176685,0,,open,0,1440,0,obs:f35836be77d8123274d38b37
hours:998c12c13808017157d24903,osm:node:6594176685,1,,open,0,1440,0,obs:f35836be77d8123274d38b37
hours:a30f74409ac9ff7e4f032359,osm:node:6594176685,2,,open,0,1440,0,obs:f35836be77d8123274d38b37
hours:645c3fa1dc9db3b33c471ffa,osm:node:6594176685,3,,open,0,1440,0,obs:f35836be77d8123274d38b37
hours:a3ff2926814cb1b09d6ba8c6,osm:node:6594176685,4,,open,0,1440,0,obs:f35836be77d8123274d38b37
hours:b4d468cc50748af84aac8bb8,osm:node:6594176685,5,,open,0,1440,0,obs:f35836be77d8123274d38b37
hours:123a339587885f18ec4f3747,osm:node:6594176685,6,,open,0,1440,0,obs:f35836be77d8123274d38b37
hours:3cf42c6929b3b166a9c2829e,osm:node:6602476516,0,,open,540,1320,0,obs:b6875868d11d3fc43db706b0
hours:491f5ec60da6cd696aab453a,osm:node:6602476516,1,,open,540,1320,0,obs:b6875868d11d3fc43db706b0
hours:24b571d10b5444eded7a26c8,osm:node:6602476516,2,,open,540,1320,0,obs:b6875868d11d3fc43db706b0
hours:9676e07f472007da7d438137,osm:node:6602476516,3,,open,540,1320,0,obs:b6875868d11d3fc43db706b0
hours:eed7e05b6b5df47dcb2c4c58,osm:node:6602476516,4,,open,540,1320,0,obs:b6875868d11d3fc43db706b0
hours:7a8399eb551757608aec0f7c,osm:node:6602476516,5,,open,540,1320,0,obs:b6875868d11d3fc43db706b0
hours:14433a0fd874f8d192f5b79d,osm:node:6602476516,6,,open,540,1320,0,obs:b6875868d11d3fc43db706b0
hours:d39ef773e53a3b9fcf45ae8d,osm:node:6602496036,0,,open,360,1320,0,obs:347fc97e5e777a63b9ff25e5
hours:585ca5fc30553a5b5e33f7bd,osm:node:6602496036,1,,open,360,1320,0,obs:347fc97e5e777a63b9ff25e5
hours:7412b3609cb3197286de6d1d,osm:node:6602496036,2,,open,360,1320,0,obs:347fc97e5e777a63b9ff25e5
hours:8129d742ae8fed44565808cc,osm:node:6602496036,3,,open,360,1320,0,obs:347fc97e5e777a63b9ff25e5
hours:1a3be2ce4a151d57659dda5c,osm:node:6602496036,4,,open,360,1320,0,obs:347fc97e5e777a63b9ff25e5
hours:093f85dafdc2eeb7c4608b82,osm:node:6602496036,5,,open,360,1320,0,obs:347fc97e5e777a63b9ff25e5
hours:a9aafe828fb2a88016d84771,osm:node:6602496036,6,,open,360,1320,0,obs:347fc97e5e777a63b9ff25e5
hours:23b93665761b4c913fdb8c74,osm:node:6610502429,0,,open,540,1020,0,obs:6957f9184662757e77626fca
hours:21789980c6b5d609981f4917,osm:node:6610502429,1,,open,540,1020,0,obs:6957f9184662757e77626fca
hours:8af215b83d9bcfc91ca954f7,osm:node:6610502429,2,,open,540,1020,0,obs:6957f9184662757e77626fca
hours:69f89ee798f8c9c0d97dbc44,osm:node:6610502429,3,,open,540,1020,0,obs:6957f9184662757e77626fca
hours:3557d9fd34852e788b841a9e,osm:node:6610502429,4,,open,540,1020,0,obs:6957f9184662757e77626fca
hours:49476a354f356750a54e35d0,osm:node:6610502429,5,,open,540,1020,0,obs:6957f9184662757e77626fca
hours:24860bfca18a17af9c2579bb,osm:node:6610502429,6,,open,540,1020,0,obs:6957f9184662757e77626fca
hours:e535338cc166e0e901799584,osm:node:6610625866,0,,open,360,1380,0,obs:878cb452ecba694bee555037
hours:26f459bcc288ce58b103346b,osm:node:6610625866,1,,open,360,1380,0,obs:878cb452ecba694bee555037
hours:cc0003d63f7faf93a94cdd7d,osm:node:6610625866,2,,open,360,1380,0,obs:878cb452ecba694bee555037
hours:bffb4e8f4b67a6932a75fcbf,osm:node:6610625866,3,,open,360,1380,0,obs:878cb452ecba694bee555037
hours:c9401407ba0c97f230a4dc1e,osm:node:6610625866,4,,open,360,1380,0,obs:878cb452ecba694bee555037
hours:9f1d8d6c14eaab0611e71293,osm:node:6610625866,5,,open,360,1380,0,obs:878cb452ecba694bee555037
hours:a5e2b0201e20228ef34735bf,osm:node:6610625866,6,,open,360,1380,0,obs:878cb452ecba694bee555037
hours:05da9b674cb78ba37d01a24c,osm:node:6616850170,0,,open,420,1380,0,obs:80ae8f5ab83628f55779ef5c
hours:68c660650d099e4c33cd231d,osm:node:6616850170,1,,open,420,1380,0,obs:80ae8f5ab83628f55779ef5c
hours:bead6bf220bedcff46e3f9ec,osm:node:6616850170,2,,open,420,1380,0,obs:80ae8f5ab83628f55779ef5c
hours:bd32ce16f65779c894b7ec46,osm:node:6616850170,3,,open,420,1380,0,obs:80ae8f5ab83628f55779ef5c
hours:0ffcd8e3fcbd98bb7dc876c3,osm:node:6616850170,4,,open,420,1380,0,obs:80ae8f5ab83628f55779ef5c
hours:41ecce501d2e263692f43118,osm:node:6616850170,5,,open,420,1380,0,obs:80ae8f5ab83628f55779ef5c
hours:4799340b9c23f66e424b86e0,osm:node:6616850170,6,,open,420,1380,0,obs:80ae8f5ab83628f55779ef5c
hours:df21c8e1272c6be1b6350df5,osm:node:6634628886,0,,open,420,1350,0,obs:6f81e73950636c5ac9e622e9
hours:41eb309ba17f8ce6cbbfcb5a,osm:node:6634628886,1,,open,420,1350,0,obs:6f81e73950636c5ac9e622e9
hours:649de1c99ef1cc43583e1726,osm:node:6634628886,2,,open,420,1350,0,obs:6f81e73950636c5ac9e622e9
hours:b68ae45fca7217c7168a2b8e,osm:node:6634628886,3,,open,420,1350,0,obs:6f81e73950636c5ac9e622e9
hours:cd9d237cb7627c4d795af91b,osm:node:6634628886,4,,open,420,1350,0,obs:6f81e73950636c5ac9e622e9
hours:8efd620fcf1f1258f2214940,osm:node:6634628886,5,,open,420,1350,0,obs:6f81e73950636c5ac9e622e9
hours:923c340c9614a42391c94674,osm:node:6634628886,6,,open,420,1350,0,obs:6f81e73950636c5ac9e622e9
hours:7ce7c366060a347b7d07b054,osm:node:6640901648,0,,open,1020,1380,0,obs:628d3235a2e75291670950c8
hours:a46b12e96f024b7741360d08,osm:node:6640901648,1,,open,1020,1380,0,obs:628d3235a2e75291670950c8
hours:1af30b38f04dea666c273f3e,osm:node:6640901648,2,,open,1020,1380,0,obs:628d3235a2e75291670950c8
hours:57fc91c5d65581269b6c24d3,osm:node:6640901648,3,,open,1020,1380,0,obs:628d3235a2e75291670950c8
hours:ac66b68cf48caba3901af350,osm:node:6640901648,4,,open,1020,1380,0,obs:628d3235a2e75291670950c8
hours:8328ffcde63115a8c90d82af,osm:node:6640901648,5,,open,1020,1380,0,obs:628d3235a2e75291670950c8
hours:b00dcbacf5449effc9780b66,osm:node:6640901648,6,,open,1020,1380,0,obs:628d3235a2e75291670950c8
hours:66b09b3b562edd7c4f73c8ab,osm:node:6658873511,0,,open,600,1320,0,obs:abce839960df7be3279b2f24
hours:316d47667305212c4ec9c904,osm:node:6658873511,1,,open,600,1320,0,obs:abce839960df7be3279b2f24
hours:d234245248a4457ae5536253,osm:node:6658873511,2,,open,600,1320,0,obs:abce839960df7be3279b2f24
hours:e62f36d31b252880789d204a,osm:node:6658873511,3,,open,600,1320,0,obs:abce839960df7be3279b2f24
hours:3c7392967d9e0af14952403e,osm:node:6658873511,4,,open,600,1320,0,obs:abce839960df7be3279b2f24
hours:2f11a7b60b846d679814e9f2,osm:node:6658873511,5,,open,600,1320,0,obs:abce839960df7be3279b2f24
hours:bbdd11ff2cb0e4a404f2f547,osm:node:6658873511,6,,open,600,1320,0,obs:abce839960df7be3279b2f24
hours:d834052218780b802971df47,osm:node:6696440285,0,,open,420,1380,0,obs:05b2820210ba76fed3445c70
hours:f2abf2fd76863ae8604ca655,osm:node:6696440285,1,,open,420,1380,0,obs:05b2820210ba76fed3445c70
hours:6b03bb0b1ffb71241722ff92,osm:node:6696440285,2,,open,420,1380,0,obs:05b2820210ba76fed3445c70
hours:202d1dabfeb942a91e35d028,osm:node:6696440285,3,,open,420,1380,0,obs:05b2820210ba76fed3445c70
hours:25000873e0ee3d6d86f91bca,osm:node:6696440285,4,,open,420,1380,0,obs:05b2820210ba76fed3445c70
hours:4e40b6e059f908805d99df93,osm:node:6696440285,5,,open,420,1380,0,obs:05b2820210ba76fed3445c70
hours:1c5f7579197160b9c203d648,osm:node:6696440285,6,,open,420,1380,0,obs:05b2820210ba76fed3445c70
hours:da1d40dba649a96ef5d8d9f1,osm:node:6698890634,0,,open,660,1290,0,obs:52d85aee3be07a13131f2abe
hours:b336802a22a618c9718faf40,osm:node:6698890634,1,,open,660,1290,0,obs:52d85aee3be07a13131f2abe
hours:d10d88c6baa13bf23b3bcb64,osm:node:6698890634,2,,open,660,1290,0,obs:52d85aee3be07a13131f2abe
hours:5408c38d2ca8ab5f71f72d4d,osm:node:6698890634,3,,open,660,1290,0,obs:52d85aee3be07a13131f2abe
hours:39ff9d691e43f7492190ba52,osm:node:6698890634,4,,open,660,1290,0,obs:52d85aee3be07a13131f2abe
hours:e4f771369332d0fac3e6a3be,osm:node:6698890634,5,,open,660,1290,0,obs:52d85aee3be07a13131f2abe
hours:9b839a1ed2726ad35baa7e65,osm:node:6698890634,6,,open,660,1290,0,obs:52d85aee3be07a13131f2abe
hours:42acc783ef0f683208b7ef39,osm:node:6735309134,0,,open,540,1320,0,obs:5f2b94faa1f9cd1f38ca1205
hours:3576314f96a153e16f9338a9,osm:node:6735309134,1,,open,540,1320,0,obs:5f2b94faa1f9cd1f38ca1205
hours:ac55bd26415a4f3320eb41e5,osm:node:6735309134,2,,open,540,1320,0,obs:5f2b94faa1f9cd1f38ca1205
hours:ff35d8910e56350ddde24419,osm:node:6735309134,3,,open,540,1320,0,obs:5f2b94faa1f9cd1f38ca1205
hours:d7f70b29c7b6e880bebe7eb2,osm:node:6735309134,4,,open,540,1320,0,obs:5f2b94faa1f9cd1f38ca1205
hours:03bd77848742695a7a282d53,osm:node:6735309134,5,,open,540,1320,0,obs:5f2b94faa1f9cd1f38ca1205
hours:77d51085cbae09ef0c019ca5,osm:node:6735309134,6,,open,540,1320,0,obs:5f2b94faa1f9cd1f38ca1205
hours:43b4e8adaf81f61aead3bdcd,osm:node:6743235675,0,,open,360,1380,0,obs:9bf4eaee1779e708266ea51d
hours:c6409898e90e5630ebdd45d8,osm:node:6743235675,1,,open,360,1380,0,obs:9bf4eaee1779e708266ea51d
hours:bdabee42d792cd08469eead3,osm:node:6743235675,2,,open,360,1380,0,obs:9bf4eaee1779e708266ea51d
hours:87283f48e54f1658f0e7826e,osm:node:6743235675,3,,open,360,1380,0,obs:9bf4eaee1779e708266ea51d
hours:dbf438debad85666f088e0f8,osm:node:6743235675,4,,open,360,1380,0,obs:9bf4eaee1779e708266ea51d
hours:3ddd75335efbcfef28e3c195,osm:node:6743235675,5,,open,360,1380,0,obs:9bf4eaee1779e708266ea51d
hours:7a18ad37f82d5b69ef821588,osm:node:6743235675,6,,open,360,1380,0,obs:9bf4eaee1779e708266ea51d
hours:15614bbec7ef0492816f95b1,osm:node:6821692763,0,,open,540,1290,0,obs:04e55eebdaa63441b2895c00
hours:397cb5e1e74ab17a5900b211,osm:node:6821692763,1,,open,540,1290,0,obs:04e55eebdaa63441b2895c00
hours:2b0c832fc9d77238a7e3cc83,osm:node:6821692763,2,,open,540,1290,0,obs:04e55eebdaa63441b2895c00
hours:d1a3e7ef33087ef133939f41,osm:node:6821692763,3,,open,540,1290,0,obs:04e55eebdaa63441b2895c00
hours:3bc6e9f0de4b0b215efb9703,osm:node:6821692763,4,,open,540,1290,0,obs:04e55eebdaa63441b2895c00
hours:84c4a04f7494b6d1badf1658,osm:node:6821692763,5,,open,540,1290,0,obs:04e55eebdaa63441b2895c00
hours:592636355819993f8b718eec,osm:node:6821692763,6,,open,540,1290,0,obs:04e55eebdaa63441b2895c00
hours:19643c15448b96d95c6402ec,osm:node:6835375013,0,,open,420,1260,0,obs:317fcda83a21c93fddaa874f
hours:12925ec8e66032faa5269a37,osm:node:6835375013,1,,open,420,1260,0,obs:317fcda83a21c93fddaa874f
hours:eee35656e3076be3214996b7,osm:node:6835375013,2,,open,420,1260,0,obs:317fcda83a21c93fddaa874f
hours:3326cf6514979166ad0f0d29,osm:node:6835375013,3,,open,420,1260,0,obs:317fcda83a21c93fddaa874f
hours:bfa2454c09f4a97c490aba32,osm:node:6835375013,4,,open,420,1260,0,obs:317fcda83a21c93fddaa874f
hours:dab08799380c6563ae167c41,osm:node:6835375013,5,,open,420,1260,0,obs:317fcda83a21c93fddaa874f
hours:ed3d79dcae465d21e9d86a50,osm:node:6835375013,6,,open,420,1260,0,obs:317fcda83a21c93fddaa874f
hours:6d999c9786eb25145e69365b,osm:node:6846162968,0,,open,600,1260,0,obs:9cd73c75be4bc197561b4a5f
hours:fef928e39b2857731f894f4a,osm:node:6846162968,1,,open,600,1260,0,obs:9cd73c75be4bc197561b4a5f
hours:ec5219a89c47f0882222733f,osm:node:6846162968,2,,open,600,1260,0,obs:9cd73c75be4bc197561b4a5f
hours:9e39dbaf1990a838a6982a92,osm:node:6846162968,3,,open,600,1260,0,obs:9cd73c75be4bc197561b4a5f
hours:357a2cf1d506c21ba38e2fa0,osm:node:6846162968,4,,open,600,1260,0,obs:9cd73c75be4bc197561b4a5f
hours:88386c1f10905c69bcb1d2e5,osm:node:6846162968,5,,open,600,1260,0,obs:9cd73c75be4bc197561b4a5f
hours:3ccb284b146632e0979b52d3,osm:node:6846162968,6,,open,600,1260,0,obs:9cd73c75be4bc197561b4a5f
hours:611e083d8dc20b485ca40c62,osm:node:6846162969,0,,open,480,1350,0,obs:08cde2dd2bf592040d5c8949
hours:07928ef061de62effbd6ec3e,osm:node:6846162969,1,,open,480,1350,0,obs:08cde2dd2bf592040d5c8949
hours:1bfa1f8d34867f89cefda73b,osm:node:6846162969,2,,open,480,1350,0,obs:08cde2dd2bf592040d5c8949
hours:4eba725f0c4bda134abda9b0,osm:node:6846162969,3,,open,480,1350,0,obs:08cde2dd2bf592040d5c8949
hours:82171fc809d2dbb3030e9bfa,osm:node:6846162969,4,,open,480,1350,0,obs:08cde2dd2bf592040d5c8949
hours:6ff516083cde1dde9805f24f,osm:node:6846162969,5,,open,480,1350,0,obs:08cde2dd2bf592040d5c8949
hours:ad90b0a40543430525ef3b1a,osm:node:6846162969,6,,open,480,1350,0,obs:08cde2dd2bf592040d5c8949
hours:66c261314e8a64c9133cb91a,osm:node:6882096586,0,,open,600,1320,0,obs:ecf800dd5edc20f9292e0544
hours:6a73b396ce1a31f3c91a9efc,osm:node:6882096586,1,,open,600,1320,0,obs:ecf800dd5edc20f9292e0544
hours:0d5521dc5e99e428fc0713c2,osm:node:6882096586,2,,open,600,1320,0,obs:ecf800dd5edc20f9292e0544
hours:ab50908eabe277ab0485319c,osm:node:6882096586,3,,open,600,1320,0,obs:ecf800dd5edc20f9292e0544
hours:59c74adc7900b0562c845d24,osm:node:6882096586,4,,open,600,1320,0,obs:ecf800dd5edc20f9292e0544
hours:225c50712e466bfe6b5a741c,osm:node:6882096586,5,,open,600,1320,0,obs:ecf800dd5edc20f9292e0544
hours:0fcc250ae14ab16aab3428d8,osm:node:6882096586,6,,open,600,1320,0,obs:ecf800dd5edc20f9292e0544
hours:50ec7f2d7c5668e8be4da361,osm:node:6911218676,0,,open,600,1320,0,obs:ce252bd9704cd7af8a3aebae
hours:d07ff75236d0964d2fbb74be,osm:node:6911218676,1,,open,600,1320,0,obs:ce252bd9704cd7af8a3aebae
hours:c759bae0b41ffd48e01fe82b,osm:node:6911218676,2,,open,600,1320,0,obs:ce252bd9704cd7af8a3aebae
hours:763f1d7f1d2ce83d4405b448,osm:node:6911218676,3,,open,600,1320,0,obs:ce252bd9704cd7af8a3aebae
hours:53547f50ef4931dedee83dca,osm:node:6911218676,4,,open,600,1320,0,obs:ce252bd9704cd7af8a3aebae
hours:ff61a6802d93c1c34dfdead9,osm:node:6911218676,5,,open,600,1320,0,obs:ce252bd9704cd7af8a3aebae
hours:107034f30cb292d3c20caa9a,osm:node:6911218676,6,,open,600,1320,0,obs:ce252bd9704cd7af8a3aebae
hours:b18efd0ce3b09ad23dc6b0e0,osm:node:6917372887,0,,open,600,840,0,obs:692ed93f78941a07b3501bbf
hours:5da2d6c1db8968308a5a58f1,osm:node:6917372887,1,,open,600,840,0,obs:692ed93f78941a07b3501bbf
hours:4ad3b4cb43dc498f612a01b2,osm:node:6917372887,2,,open,600,840,0,obs:692ed93f78941a07b3501bbf
hours:631a72b9cc6c8ca729f4f599,osm:node:6917372887,3,,open,600,840,0,obs:692ed93f78941a07b3501bbf
hours:39324d58062c61e876dd8a4e,osm:node:6917372887,4,,open,600,840,0,obs:692ed93f78941a07b3501bbf
hours:9c127fb7d9fbf3f285eb58be,osm:node:6917372887,5,,open,600,840,0,obs:692ed93f78941a07b3501bbf
hours:a21f0eb9935a2da3f34e2810,osm:node:6917372887,6,,open,600,840,0,obs:692ed93f78941a07b3501bbf
hours:197dfd9d34f45d37912bf8c7,osm:node:6924855571,0,,open,600,1260,0,obs:f48a8b598a665a83ee5f7444
hours:fd9b3f9d7bf44abbfb837888,osm:node:6924855571,1,,open,600,1200,0,obs:f48a8b598a665a83ee5f7444
hours:a31acfb08e68d55533cf7551,osm:node:6924855571,2,,open,600,1200,0,obs:f48a8b598a665a83ee5f7444
hours:6ef9c2e550b7c18ed689574c,osm:node:6924855571,3,,open,600,1200,0,obs:f48a8b598a665a83ee5f7444
hours:a4dc477fc38b3f267906c515,osm:node:6924855571,4,,open,600,1200,0,obs:f48a8b598a665a83ee5f7444
hours:4d1b5c295d6a6130058670d8,osm:node:6924855571,5,,open,600,1200,0,obs:f48a8b598a665a83ee5f7444
hours:7b6f6f5e9643fc4f8ce98712,osm:node:6924855571,6,,open,600,1200,0,obs:f48a8b598a665a83ee5f7444
hours:4b5801506959db345884ab92,osm:node:6938840285,0,,open,420,1380,0,obs:6b14c4388614585fdb44989f
hours:d28e0583a765407a4e8eadec,osm:node:6938840285,1,,open,420,1380,0,obs:6b14c4388614585fdb44989f
hours:a6cc48bd76acc3bb67fc5ab9,osm:node:6938840285,2,,open,420,1380,0,obs:6b14c4388614585fdb44989f
hours:323349ec571c6755c12efec4,osm:node:6938840285,3,,open,420,1380,0,obs:6b14c4388614585fdb44989f
hours:aef063f148de681b4e383299,osm:node:6938840285,4,,open,420,1380,0,obs:6b14c4388614585fdb44989f
hours:9a2efc8031b4c525bf9ac7ed,osm:node:6938840285,5,,open,420,1380,0,obs:6b14c4388614585fdb44989f
hours:0b1395cac9288e83f88892c0,osm:node:6938840285,6,,open,420,1380,0,obs:6b14c4388614585fdb44989f
hours:634c826c07bf4a87b19441c4,osm:node:6975514285,0,,open,0,1440,0,obs:770d89b59a25d2fc061ef51c
hours:257838a1fd3e9e38667b0259,osm:node:6975514285,1,,open,0,1440,0,obs:770d89b59a25d2fc061ef51c
hours:995b77dfa3d7e009507fd9a1,osm:node:6975514285,2,,open,0,1440,0,obs:770d89b59a25d2fc061ef51c
hours:41be680d2c041fa8126834ec,osm:node:6975514285,3,,open,0,1440,0,obs:770d89b59a25d2fc061ef51c
hours:03d5da8f1cd3e62331c7d01c,osm:node:6975514285,4,,open,0,1440,0,obs:770d89b59a25d2fc061ef51c
hours:eab95b90fde9ea0c7c0cf725,osm:node:6975514285,5,,open,0,1440,0,obs:770d89b59a25d2fc061ef51c
hours:39540cca6f936c5a6126cd32,osm:node:6975514285,6,,open,0,1440,0,obs:770d89b59a25d2fc061ef51c
hours:be87d1338b71e41a37982a57,osm:node:6981936785,0,,open,660,1320,0,obs:88474cf20fb106f78e771b6f
hours:9356bc6f8d99fcc4c84dbb68,osm:node:6981936785,1,,open,660,1320,0,obs:88474cf20fb106f78e771b6f
hours:8a169eac24788ac18e8b9e04,osm:node:6981936785,2,,open,660,1320,0,obs:88474cf20fb106f78e771b6f
hours:65560568f8fb1ad1034562c5,osm:node:6981936785,3,,open,660,1320,0,obs:88474cf20fb106f78e771b6f
hours:3d209b43de7581d40abaa080,osm:node:6981936785,4,,open,660,1320,0,obs:88474cf20fb106f78e771b6f
hours:94aa726848fc1ec645bdedd0,osm:node:6981936785,5,,open,660,1320,0,obs:88474cf20fb106f78e771b6f
hours:f2d13139a00f186860231433,osm:node:6981936785,6,,open,660,1320,0,obs:88474cf20fb106f78e771b6f
hours:96a72dd19cca3da22d5636ae,osm:node:7003805266,0,,open,480,1320,0,obs:f04d305b353de99b53cb816d
hours:bdfeb6f842612ea692fb28d6,osm:node:7003805266,1,,open,480,1320,0,obs:f04d305b353de99b53cb816d
hours:36fc4c3498a022389004f5c9,osm:node:7003805266,2,,open,480,1320,0,obs:f04d305b353de99b53cb816d
hours:8a5605415d30285afdc86c57,osm:node:7003805266,3,,open,480,1320,0,obs:f04d305b353de99b53cb816d
hours:b06aee368a4dfe31778f591e,osm:node:7003805266,4,,open,480,1320,0,obs:f04d305b353de99b53cb816d
hours:427b4bb2747bb605cf3d0482,osm:node:7003805266,5,,open,480,1320,0,obs:f04d305b353de99b53cb816d
hours:bb581419d3c952aed2b29cab,osm:node:7003805266,6,,open,480,1320,0,obs:f04d305b353de99b53cb816d
hours:26466864e5c93c0ad91295fd,osm:node:7020359049,0,,open,990,1410,0,obs:7093d47ae57dcbed299be2da
hours:f416a86caa26a4e49b61f3d8,osm:node:7020359049,1,,open,990,1410,0,obs:7093d47ae57dcbed299be2da
hours:2aed7bb08b14fc76a9bba7bc,osm:node:7020359049,2,,open,990,1410,0,obs:7093d47ae57dcbed299be2da
hours:00f5b623be514926b1924497,osm:node:7020359049,3,,open,990,1410,0,obs:7093d47ae57dcbed299be2da
hours:eefa1645fba2841523b1ae66,osm:node:7020359049,4,,open,990,1410,0,obs:7093d47ae57dcbed299be2da
hours:7d59255b51281402aa8b6ecf,osm:node:7020359049,5,,open,990,1410,0,obs:7093d47ae57dcbed299be2da
hours:9367058182a49ff848415d9e,osm:node:7020359049,6,,open,990,1410,0,obs:7093d47ae57dcbed299be2da
hours:2219e0967e40efe21fd66508,osm:node:7025965385,0,,open,630,840,0,obs:84ccc73576131b72e1798dbd
hours:15a5c0b56abff8898d3d1824,osm:node:7025965385,1,,open,630,840,0,obs:84ccc73576131b72e1798dbd
hours:c83eb6babd1c3bc4aa5d94ae,osm:node:7025965385,2,,open,630,840,0,obs:84ccc73576131b72e1798dbd
hours:a885c1558c7698632bd948f6,osm:node:7025965385,3,,open,630,840,0,obs:84ccc73576131b72e1798dbd
hours:3b05e408d8fd5ac2609394ba,osm:node:7025965385,4,,open,630,840,0,obs:84ccc73576131b72e1798dbd
hours:28e6d4e4aabd0be4cdc33414,osm:node:7025965385,5,,open,630,840,0,obs:84ccc73576131b72e1798dbd
hours:3f05639a603b94f7111207a9,osm:node:7025965385,6,,open,630,840,0,obs:84ccc73576131b72e1798dbd
hours:8efeb8c9a7fe43db0606f5cb,osm:node:7027674785,0,,open,660,1440,0,obs:6db8cc092089bb8644f34111
hours:debad46d6769b2296f6c38f5,osm:node:7027674785,1,,open,660,1440,0,obs:6db8cc092089bb8644f34111
hours:ecfdbc059dac211b1b7118d3,osm:node:7027674785,2,,open,660,1440,0,obs:6db8cc092089bb8644f34111
hours:b45ee78c72d877693a15298f,osm:node:7027674785,3,,open,660,1440,0,obs:6db8cc092089bb8644f34111
hours:a049a48bef45dc41927d4a06,osm:node:7027674785,4,,open,660,1440,0,obs:6db8cc092089bb8644f34111
hours:150fbd57c71391074c2e7ee7,osm:node:7027674785,5,,open,660,1440,0,obs:6db8cc092089bb8644f34111
hours:fd914fab987776174e6ecc15,osm:node:7027674785,6,,open,660,1440,0,obs:6db8cc092089bb8644f34111
hours:9926ba0b15edd4d5caee17da,osm:node:7055486785,0,,open,480,1380,0,obs:0e27c710411d3c0b79828d4e
hours:4ddc03779dfcb227e4b15296,osm:node:7055486785,1,,open,480,1380,0,obs:0e27c710411d3c0b79828d4e
hours:9f15dada72a23fdee8fc912d,osm:node:7055486785,2,,open,480,1380,0,obs:0e27c710411d3c0b79828d4e
hours:740657fd86e1358e4f961f99,osm:node:7055486785,3,,open,480,1380,0,obs:0e27c710411d3c0b79828d4e
hours:59a2d8b4b2a5824238bd49ac,osm:node:7055486785,4,,open,480,1380,0,obs:0e27c710411d3c0b79828d4e
hours:964f829cc6f33a481a452971,osm:node:7055486785,5,,open,480,1380,0,obs:0e27c710411d3c0b79828d4e
hours:42f9f48d838438ff96e7c4ce,osm:node:7055486785,6,,open,480,1380,0,obs:0e27c710411d3c0b79828d4e
hours:bfd2af53c1173399b7b97bf8,osm:node:7089810485,0,,open,360,1380,0,obs:c164e6e70321f3d5e48d251c
hours:bd68a610ffc4861b461304f3,osm:node:7089810485,1,,open,360,1380,0,obs:c164e6e70321f3d5e48d251c
hours:94d13929cae7c118a17e4740,osm:node:7089810485,2,,open,360,1380,0,obs:c164e6e70321f3d5e48d251c
hours:ba471cb9dc85c59c47a9e603,osm:node:7089810485,3,,open,360,1380,0,obs:c164e6e70321f3d5e48d251c
hours:9e347b43886d1dbc0238927f,osm:node:7089810485,4,,open,360,1380,0,obs:c164e6e70321f3d5e48d251c
hours:5f77d60b25c9f41ab42cd1b1,osm:node:7089810485,5,,open,360,1380,0,obs:c164e6e70321f3d5e48d251c
hours:1bff8b14ac0a251826553f5c,osm:node:7089810485,6,,open,360,1380,0,obs:c164e6e70321f3d5e48d251c
hours:528f16180ac5e22e798eb891,osm:node:7090665544,0,,open,450,1320,0,obs:28e2d39cdd1b96846477e9b5
hours:10c49cba339469816b014c00,osm:node:7090665544,1,,open,450,1320,0,obs:28e2d39cdd1b96846477e9b5
hours:0615e2ec6cb758618b9dd46c,osm:node:7090665544,2,,open,450,1320,0,obs:28e2d39cdd1b96846477e9b5
hours:2275c2bc02844e7f67b71bcb,osm:node:7090665544,3,,open,450,1320,0,obs:28e2d39cdd1b96846477e9b5
hours:f0231a45c54b8c2d9daafdd2,osm:node:7090665544,4,,open,450,1320,0,obs:28e2d39cdd1b96846477e9b5
hours:fad1f38047206c0db53096fe,osm:node:7090665544,5,,open,450,1320,0,obs:28e2d39cdd1b96846477e9b5
hours:5ba68d5aa7ae7d76a8c0ab90,osm:node:7090665544,6,,open,450,1320,0,obs:28e2d39cdd1b96846477e9b5
hours:325f8da39ec6943a14325485,osm:node:7094679785,0,,open,510,1290,0,obs:bb9ac714545ffd4341aa339d
hours:9fe77e77a9f26ff37b49a166,osm:node:7094679785,1,,open,510,1290,0,obs:bb9ac714545ffd4341aa339d
hours:14a04e8dbba5e1c05f721a57,osm:node:7094679785,2,,open,510,1290,0,obs:bb9ac714545ffd4341aa339d
hours:e77e2011e4492f435d217799,osm:node:7094679785,3,,open,510,1290,0,obs:bb9ac714545ffd4341aa339d
hours:1fc94552009b1dd491583250,osm:node:7094679785,4,,open,510,1290,0,obs:bb9ac714545ffd4341aa339d
hours:3f0650d0506935b630edc2b5,osm:node:7094679785,5,,open,510,1290,0,obs:bb9ac714545ffd4341aa339d
hours:45ca7c30bcfa7b55e1f9b553,osm:node:7094679785,6,,open,510,1290,0,obs:bb9ac714545ffd4341aa339d
hours:5cee9cb3af1e1631a4dafca9,osm:node:7106536485,0,,open,360,1380,0,obs:c084f56e8b7c0e9e5b5294b0
hours:16a6ea953dc55971557aa576,osm:node:7106536485,1,,open,360,1380,0,obs:c084f56e8b7c0e9e5b5294b0
hours:c0746ec00d28c0d7c4ac1261,osm:node:7106536485,2,,open,360,1380,0,obs:c084f56e8b7c0e9e5b5294b0
hours:ff11b17e2cb87ca8f1d96b0d,osm:node:7106536485,3,,open,360,1380,0,obs:c084f56e8b7c0e9e5b5294b0
hours:57f4533f839cb4216a5fe578,osm:node:7106536485,4,,open,360,1380,0,obs:c084f56e8b7c0e9e5b5294b0
hours:1aa51cf7ab49c789832a6812,osm:node:7106536485,5,,open,360,1380,0,obs:c084f56e8b7c0e9e5b5294b0
hours:2740254413fddb3a35bf83cf,osm:node:7106536485,6,,open,360,1380,0,obs:c084f56e8b7c0e9e5b5294b0
hours:5587a557cc8397f74c2dc791,osm:node:7106593486,0,,open,720,900,0,obs:17907e2c58f5aa6cbb28edec
hours:9d86e3392a20229bc4b47912,osm:node:7106593486,0,,open,1140,1320,0,obs:17907e2c58f5aa6cbb28edec
hours:0cffff386548b670b0f5c942,osm:node:7106593486,1,,open,720,900,0,obs:17907e2c58f5aa6cbb28edec
hours:ac9bac4ef45a1ebad507b063,osm:node:7106593486,1,,open,1140,1320,0,obs:17907e2c58f5aa6cbb28edec
hours:5b1f4b11c6c923dfffc20cdc,osm:node:7106593486,2,,open,720,900,0,obs:17907e2c58f5aa6cbb28edec
hours:f38c3e7416908d51e48a168f,osm:node:7106593486,2,,open,1140,1320,0,obs:17907e2c58f5aa6cbb28edec
hours:6d114f4f455715e3fc34fec1,osm:node:7106593486,3,,open,720,900,0,obs:17907e2c58f5aa6cbb28edec
hours:7825f2e33847ddc6fa1d51bc,osm:node:7106593486,3,,open,1140,1320,0,obs:17907e2c58f5aa6cbb28edec
hours:45f8b3d366ccb47dc917968c,osm:node:7106593486,4,,open,720,900,0,obs:17907e2c58f5aa6cbb28edec
hours:8b38b8f22b621936ea72ac87,osm:node:7106593486,4,,open,1140,1320,0,obs:17907e2c58f5aa6cbb28edec
hours:7a1541ac98784054f4ad1fad,osm:node:7106593486,5,,open,720,900,0,obs:17907e2c58f5aa6cbb28edec
hours:c71e359fac79eb8b1488620c,osm:node:7106593486,5,,open,1140,1320,0,obs:17907e2c58f5aa6cbb28edec
hours:1d88da1631ead5bff3b20e26,osm:node:7106593486,6,,open,720,900,0,obs:17907e2c58f5aa6cbb28edec
hours:89eb34b127083eb39825d8d1,osm:node:7106593486,6,,open,1140,1320,0,obs:17907e2c58f5aa6cbb28edec
hours:4d62fabc8e13ad7a9b3d4d6c,osm:node:7112196485,0,,open,420,1380,0,obs:6c5a359df85ab8d8edbbf357
hours:08a0b6444c8a6104bd5d5876,osm:node:7112196485,1,,open,420,1380,0,obs:6c5a359df85ab8d8edbbf357
hours:3024c723b9389b6b7f19f661,osm:node:7112196485,2,,open,420,1380,0,obs:6c5a359df85ab8d8edbbf357
hours:d286f3de5b218cd9c23f64ec,osm:node:7112196485,3,,open,420,1380,0,obs:6c5a359df85ab8d8edbbf357
hours:26135648d65c08acc56a965c,osm:node:7112196485,4,,open,420,1380,0,obs:6c5a359df85ab8d8edbbf357
hours:047e4b0cb48afd2a2cab05a3,osm:node:7112196485,5,,open,420,1380,0,obs:6c5a359df85ab8d8edbbf357
hours:1382cf44e05b907d9c6daac5,osm:node:7112196485,6,,open,420,1380,0,obs:6c5a359df85ab8d8edbbf357
hours:d1b234779ebabe161224f363,osm:node:7113800486,0,,open,420,1350,0,obs:8a6f1a1f48724093e76e6329
hours:03aab8303cac7ef7f51b5a22,osm:node:7113800486,1,,open,420,1350,0,obs:8a6f1a1f48724093e76e6329
hours:af32c6928371bf9a976aca91,osm:node:7113800486,2,,open,420,1350,0,obs:8a6f1a1f48724093e76e6329
hours:dfbd638e7da4732b1a507fe6,osm:node:7113800486,3,,open,420,1350,0,obs:8a6f1a1f48724093e76e6329
hours:825fe0c8736b27475cd66674,osm:node:7113800486,4,,open,420,1350,0,obs:8a6f1a1f48724093e76e6329
hours:ebde2513442f60130b5321e9,osm:node:7113800486,5,,open,420,1350,0,obs:8a6f1a1f48724093e76e6329
hours:de4990de6712444d98faf537,osm:node:7113800486,6,,open,420,1350,0,obs:8a6f1a1f48724093e76e6329
hours:dd4d50050ab5cfaac1e4f058,osm:node:7113898085,0,,open,480,1380,0,obs:ef1c58b710da15c4bc3b801c
hours:bb0723bcaf2fefb4ef61cf6f,osm:node:7113898085,1,,open,480,1380,0,obs:ef1c58b710da15c4bc3b801c
hours:16041f46d19c0dd7d222baae,osm:node:7113898085,2,,open,480,1380,0,obs:ef1c58b710da15c4bc3b801c
hours:f0c010e9f2ae5a6bc337c3e7,osm:node:7113898085,3,,open,480,1380,0,obs:ef1c58b710da15c4bc3b801c
hours:0014981b865b410e52f7d87b,osm:node:7113898085,4,,open,480,1380,0,obs:ef1c58b710da15c4bc3b801c
hours:9a89493852bb3184226c90d6,osm:node:7113898085,5,,open,480,1380,0,obs:ef1c58b710da15c4bc3b801c
hours:bf8b7118900327af1b1daa6c,osm:node:7113898085,6,,open,480,1380,0,obs:ef1c58b710da15c4bc3b801c
hours:822102c09e98913181517ad9,osm:node:7114209485,0,,open,660,1320,0,obs:0d6a2caeab96ff282cbfd9fa
hours:31126b4bf7ef1165b4375c05,osm:node:7114209485,1,,open,660,1320,0,obs:0d6a2caeab96ff282cbfd9fa
hours:631bbc9181794885dcc7ca06,osm:node:7114209485,2,,open,660,1320,0,obs:0d6a2caeab96ff282cbfd9fa
hours:e91b4ffe84d763017680295a,osm:node:7114209485,3,,open,660,1320,0,obs:0d6a2caeab96ff282cbfd9fa
hours:f41c338af1a65768cf9daa4b,osm:node:7114209485,4,,open,660,1320,0,obs:0d6a2caeab96ff282cbfd9fa
hours:2da08d2973bbc051ffe1db8c,osm:node:7114209485,5,,open,660,1320,0,obs:0d6a2caeab96ff282cbfd9fa
hours:557d936147535d0d2357f94f,osm:node:7114209485,6,,open,660,1320,0,obs:0d6a2caeab96ff282cbfd9fa
hours:ba010b10fb145ec316e81862,osm:node:7114573085,0,,open,0,1440,0,obs:097f955de8c0a2b90fcc214f
hours:220b4a14608c08b643282d47,osm:node:7114573085,1,,open,0,1440,0,obs:097f955de8c0a2b90fcc214f
hours:68e75b01fa946606d9dfb8f3,osm:node:7114573085,2,,open,0,1440,0,obs:097f955de8c0a2b90fcc214f
hours:e7cbf507c8a90ceb3ad302b2,osm:node:7114573085,3,,open,0,1440,0,obs:097f955de8c0a2b90fcc214f
hours:3e3d966b1347eaaf0b3a2622,osm:node:7114573085,4,,open,0,1440,0,obs:097f955de8c0a2b90fcc214f
hours:97978139f2b2092e39f5b7f1,osm:node:7114573085,5,,open,0,1440,0,obs:097f955de8c0a2b90fcc214f
hours:9f837c4ee93df68217fddd75,osm:node:7114573085,6,,open,0,1440,0,obs:097f955de8c0a2b90fcc214f
hours:0e67790d038cc05503a099cc,osm:node:7117106185,0,,open,420,540,0,obs:78dd4ff91f44bd2524fd7276
hours:bc9533611235e9284b9fbd82,osm:node:7117106185,1,,open,420,540,0,obs:78dd4ff91f44bd2524fd7276
hours:9e459c8ca44d64b9939d6e21,osm:node:7117106185,2,,open,420,540,0,obs:78dd4ff91f44bd2524fd7276
hours:cb73d71a0495cd8cd278e374,osm:node:7117106185,3,,open,420,540,0,obs:78dd4ff91f44bd2524fd7276
hours:f1ca3eb8f31d6bd095e0881c,osm:node:7117106185,4,,open,420,540,0,obs:78dd4ff91f44bd2524fd7276
hours:d3dc7340461d73aec745ef30,osm:node:7117106185,5,,open,420,540,0,obs:78dd4ff91f44bd2524fd7276
hours:bc4085b161c2e8954fc32e3d,osm:node:7117106185,6,,open,420,540,0,obs:78dd4ff91f44bd2524fd7276
hours:5bef2dd3c6f5cb41dc2717ea,osm:node:7118673485,0,,open,360,1260,0,obs:887453e8e0be850917abb9f3
hours:12e44deafc5b09d0d91cd20d,osm:node:7118673485,1,,open,360,1260,0,obs:887453e8e0be850917abb9f3
hours:37d2d00efb28dce73910b11d,osm:node:7118673485,2,,open,360,1260,0,obs:887453e8e0be850917abb9f3
hours:db50351d5adba2e61493f21c,osm:node:7118673485,3,,open,360,1260,0,obs:887453e8e0be850917abb9f3
hours:e0a46277d38ae5ec41be695f,osm:node:7118673485,4,,open,360,1260,0,obs:887453e8e0be850917abb9f3
hours:81d368bc8f76e0269570fedc,osm:node:7118673485,5,,open,360,1260,0,obs:887453e8e0be850917abb9f3
hours:7f81fc2f9e09a801575176ff,osm:node:7118673485,6,,open,360,1260,0,obs:887453e8e0be850917abb9f3
hours:d598cb41282c6656f71a46b2,osm:node:7119281385,0,,open,510,1200,0,obs:a1d6cb63384c7d785d9c82a2
hours:cef0c6a335287bd62742143f,osm:node:7119281385,1,,open,510,1200,0,obs:a1d6cb63384c7d785d9c82a2
hours:b55b437af6287bceb520de22,osm:node:7119281385,2,,open,510,1200,0,obs:a1d6cb63384c7d785d9c82a2
hours:19f85a9a2198f9a355fe1123,osm:node:7119281385,3,,open,510,1200,0,obs:a1d6cb63384c7d785d9c82a2
hours:e27062cf653d77d49e3e2417,osm:node:7119281385,4,,open,510,1200,0,obs:a1d6cb63384c7d785d9c82a2
hours:6b8668fd50d52fa600e29e00,osm:node:7119281385,5,,open,510,1200,0,obs:a1d6cb63384c7d785d9c82a2
hours:e61b4821b2053e2c3a4c0fca,osm:node:7119281385,6,,open,510,1200,0,obs:a1d6cb63384c7d785d9c82a2
hours:0daf8337d8aab7d03e01e7dc,osm:node:7140198385,0,,open,450,1380,0,obs:0da2bb9b15062fdf7f18381d
hours:9af2b37dd884edd979b0712e,osm:node:7140198385,1,,open,450,1380,0,obs:0da2bb9b15062fdf7f18381d
hours:359906784a0618d4827ea039,osm:node:7140198385,2,,open,450,1380,0,obs:0da2bb9b15062fdf7f18381d
hours:3e5243dee1d8550330e1eb44,osm:node:7140198385,3,,open,450,1380,0,obs:0da2bb9b15062fdf7f18381d
hours:7547a33101fcf860504365b3,osm:node:7140198385,4,,open,450,1380,0,obs:0da2bb9b15062fdf7f18381d
hours:777d8735cc77a577fcf148ce,osm:node:7140198385,5,,open,450,1380,0,obs:0da2bb9b15062fdf7f18381d
hours:7e1927a7bb98a560bbdd06d1,osm:node:7140198385,6,,open,450,1380,0,obs:0da2bb9b15062fdf7f18381d
hours:bfffda50a9e40030385c5082,osm:node:7155363886,0,,open,600,1320,0,obs:edb83d3e4adaea3c60bdaa21
hours:f7188f1e52316c7e85017569,osm:node:7155363886,1,,open,600,1320,0,obs:edb83d3e4adaea3c60bdaa21
hours:d31aabde4cf8b5bc30db3b24,osm:node:7155363886,2,,open,600,1320,0,obs:edb83d3e4adaea3c60bdaa21
hours:7955a86376ffc615aa5c8a0c,osm:node:7155363886,3,,open,600,1320,0,obs:edb83d3e4adaea3c60bdaa21
hours:7fb0c9c00249e7586d60323a,osm:node:7155363886,4,,open,600,1320,0,obs:edb83d3e4adaea3c60bdaa21
hours:c2ea8abc093e7e85066ad847,osm:node:7155363886,5,,open,600,1320,0,obs:edb83d3e4adaea3c60bdaa21
hours:941a742e3dae47e73787ebdb,osm:node:7155363886,6,,open,600,1320,0,obs:edb83d3e4adaea3c60bdaa21
hours:36acada52110781cd8e0abc8,osm:node:7158101286,0,,open,1080,360,1,obs:3109c21a66831a09881a5a3c
hours:444a80eb9d426a65c5ebddac,osm:node:7158101286,1,,open,1080,360,1,obs:3109c21a66831a09881a5a3c
hours:2ab506fffe1f1c74e5621ce4,osm:node:7158101286,2,,open,1080,360,1,obs:3109c21a66831a09881a5a3c
hours:a05e2df00a2ef110e087101f,osm:node:7158101286,3,,open,1080,360,1,obs:3109c21a66831a09881a5a3c
hours:1361f15613d363b0a1355bb8,osm:node:7158101286,4,,open,1080,360,1,obs:3109c21a66831a09881a5a3c
hours:8ecf5651456a72871318111e,osm:node:7158101286,5,,open,1080,360,1,obs:3109c21a66831a09881a5a3c
hours:2e48d71509991d610e5cb3ef,osm:node:7158101286,6,,open,1080,360,1,obs:3109c21a66831a09881a5a3c
hours:8cd756b17d7dd99c82adb037,osm:node:7162750926,0,,open,510,1290,0,obs:90163d4d6832ffe91931f978
hours:02edfdf528365f04dd15acf9,osm:node:7162750926,1,,open,510,1290,0,obs:90163d4d6832ffe91931f978
hours:20f1720245eec5d20ef536ae,osm:node:7162750926,2,,open,510,1290,0,obs:90163d4d6832ffe91931f978
hours:d450cc359ddee9d055d10bca,osm:node:7162750926,3,,open,510,1290,0,obs:90163d4d6832ffe91931f978
hours:466f5deb6995f831becfe2f4,osm:node:7162750926,4,,open,510,1290,0,obs:90163d4d6832ffe91931f978
hours:2509bf08777535dde6577aad,osm:node:7162750926,5,,open,510,1290,0,obs:90163d4d6832ffe91931f978
hours:bc5ff33a21fd626a54c88f09,osm:node:7162750926,6,,open,510,1290,0,obs:90163d4d6832ffe91931f978
hours:d6923321324313797f72a747,osm:node:7168561626,0,,open,630,1320,0,obs:5509fa26808f4e3c5c9a1df2
hours:f29d44442b626304fcbd6ca8,osm:node:7168561626,1,,open,630,1320,0,obs:5509fa26808f4e3c5c9a1df2
hours:550498e43926ec077bd46b0c,osm:node:7168561626,2,,open,630,1320,0,obs:5509fa26808f4e3c5c9a1df2
hours:042c11453704b06ece74396f,osm:node:7168561626,3,,open,630,1320,0,obs:5509fa26808f4e3c5c9a1df2
hours:162a025045aa061dde0eb1e0,osm:node:7168561626,4,,open,630,1320,0,obs:5509fa26808f4e3c5c9a1df2
hours:ff79ac0836e406143c35bdeb,osm:node:7168561626,5,,open,630,1320,0,obs:5509fa26808f4e3c5c9a1df2
hours:8de3ef192a5028be679d6054,osm:node:7168561626,6,,open,630,1320,0,obs:5509fa26808f4e3c5c9a1df2
hours:6d2183c4ecb78ba790b7d8bf,osm:node:7168577369,0,,open,480,1140,0,obs:105288e6473d49e148c3eb61
hours:b276b669b905191fa1f577c5,osm:node:7168577369,1,,open,480,1140,0,obs:105288e6473d49e148c3eb61
hours:2e8243bf9d2b7f613e09a83e,osm:node:7168577369,2,,open,480,1140,0,obs:105288e6473d49e148c3eb61
hours:b9bf9380632436172aa7282e,osm:node:7168577369,3,,open,480,1140,0,obs:105288e6473d49e148c3eb61
hours:42ff4412374e09b0fb7dffc4,osm:node:7168577369,4,,open,480,1140,0,obs:105288e6473d49e148c3eb61
hours:726367dbf2a724ebffb20f72,osm:node:7168577369,5,,open,480,1140,0,obs:105288e6473d49e148c3eb61
hours:b2a84cd6be76501e09536268,osm:node:7208591085,0,,open,480,1260,0,obs:a0ee5977eb218b1744a53373
hours:2f6186f73b982b8bdf27878b,osm:node:7208591085,1,,open,480,1260,0,obs:a0ee5977eb218b1744a53373
hours:e208152788f17ab3220e9c36,osm:node:7208591085,2,,open,480,1260,0,obs:a0ee5977eb218b1744a53373
hours:690f437feaa4b501a4a59a52,osm:node:7208591085,3,,open,480,1260,0,obs:a0ee5977eb218b1744a53373
hours:b3f433b91330345c67eeed85,osm:node:7208591085,4,,open,480,1260,0,obs:a0ee5977eb218b1744a53373
hours:8eb76d46c81fe991caabac77,osm:node:7208591085,5,,open,480,1260,0,obs:a0ee5977eb218b1744a53373
hours:bc22c9dbf6454d32880f7c4e,osm:node:7208591085,6,,open,480,1260,0,obs:a0ee5977eb218b1744a53373
hours:505b5aa77f9630ebdb33aa17,osm:node:721836715,0,,open,405,1320,0,obs:bd2bb3f066df35688cbd0519
hours:d4c5e8dc8ec45f441363192e,osm:node:721836715,1,,open,405,1320,0,obs:bd2bb3f066df35688cbd0519
hours:b4fcb551e344fcd193ddd016,osm:node:721836715,2,,open,405,1320,0,obs:bd2bb3f066df35688cbd0519
hours:571a8158efbb32cddcf8aea4,osm:node:721836715,3,,open,405,1320,0,obs:bd2bb3f066df35688cbd0519
hours:90e24decb737baf33a142d1c,osm:node:721836715,4,,open,405,1320,0,obs:bd2bb3f066df35688cbd0519
hours:ddf17c19d699fdff54cb47e1,osm:node:721836715,5,,open,405,1320,0,obs:bd2bb3f066df35688cbd0519
hours:0a64ec09a9f71020126a39a6,osm:node:721836715,6,,open,405,1320,0,obs:bd2bb3f066df35688cbd0519
hours:ffa594b2a318101cd00e1380,osm:node:7231903687,1,,open,660,1320,0,obs:9794ece8ad37e1f24afb1a5e
hours:7a19bb95fc3f7ec76688a62c,osm:node:7231903687,2,,open,660,1320,0,obs:9794ece8ad37e1f24afb1a5e
hours:0402af9cd8d864cac1b0d512,osm:node:7231903687,3,,open,660,1320,0,obs:9794ece8ad37e1f24afb1a5e
hours:14bcd8d74371664aa98282aa,osm:node:7231903687,4,,open,660,1320,0,obs:9794ece8ad37e1f24afb1a5e
hours:3ca32d961dd1680d11fb9bb1,osm:node:7231903687,5,,open,660,1320,0,obs:9794ece8ad37e1f24afb1a5e
hours:6bafec4b4ef4d1f4ee42eb5e,osm:node:7231903687,6,,open,660,1320,0,obs:9794ece8ad37e1f24afb1a5e
hours:8741a9764264e8eb012a0fd3,osm:node:7238341085,0,,open,360,1320,0,obs:c7bd93f66c13a52a648f215c
hours:df9aab388dd89942986b610f,osm:node:7238341085,1,,open,360,1320,0,obs:c7bd93f66c13a52a648f215c
hours:bdcd596e5e80708079bb0ca1,osm:node:7238341085,2,,open,360,1320,0,obs:c7bd93f66c13a52a648f215c
hours:fc60672c8a59103cd1914103,osm:node:7238341085,3,,open,360,1320,0,obs:c7bd93f66c13a52a648f215c
hours:9bb512e93c383d536a5c3c28,osm:node:7238341085,4,,open,360,1320,0,obs:c7bd93f66c13a52a648f215c
hours:088e698be6907467243aefc5,osm:node:7238341085,5,,open,360,1320,0,obs:c7bd93f66c13a52a648f215c
hours:9e6e35804a55fd90027e9e68,osm:node:7238341085,6,,open,360,1320,0,obs:c7bd93f66c13a52a648f215c
hours:4482f49a71f115034d998df5,osm:node:7253450586,0,,open,420,1350,0,obs:93629149d1fee49ac8fd455c
hours:620e37b639ed2b22f73f7392,osm:node:7253450586,1,,open,420,1350,0,obs:93629149d1fee49ac8fd455c
hours:f9e67c64412d98ed63199ef6,osm:node:7253450586,2,,open,420,1350,0,obs:93629149d1fee49ac8fd455c
hours:fbfe275720c6e1c690ad9292,osm:node:7253450586,3,,open,420,1350,0,obs:93629149d1fee49ac8fd455c
hours:591bbdc18fb01b8331964785,osm:node:7253450586,4,,open,420,1350,0,obs:93629149d1fee49ac8fd455c
hours:452abbe23cc06f6ae52f7613,osm:node:7253450586,5,,open,420,1350,0,obs:93629149d1fee49ac8fd455c
hours:46ef9cf2f901577af8464c41,osm:node:7253450586,6,,open,420,1350,0,obs:93629149d1fee49ac8fd455c
hours:215ad9fc877d4a90c3df3b35,osm:node:7253521885,0,,open,690,885,0,obs:08e3aa98b6c4bf3c73e0f7b9
hours:c8f128213a476b5330f28783,osm:node:7253521885,0,,open,1050,1290,0,obs:08e3aa98b6c4bf3c73e0f7b9
hours:df850ebba84c816a5db4f5ee,osm:node:7253521885,1,,open,690,885,0,obs:08e3aa98b6c4bf3c73e0f7b9
hours:df33c9c9c24a9672127e40f9,osm:node:7253521885,1,,open,1050,1290,0,obs:08e3aa98b6c4bf3c73e0f7b9
hours:cfbdec32fce0d2ce5a080335,osm:node:7253521885,2,,open,690,885,0,obs:08e3aa98b6c4bf3c73e0f7b9
hours:6cce0e25886ab63461ceaf49,osm:node:7253521885,2,,open,1050,1290,0,obs:08e3aa98b6c4bf3c73e0f7b9
hours:bb419e02478907ee92980b9c,osm:node:7253521885,3,,open,690,885,0,obs:08e3aa98b6c4bf3c73e0f7b9
hours:9d602835ecf637bcc807bd06,osm:node:7253521885,3,,open,1050,1290,0,obs:08e3aa98b6c4bf3c73e0f7b9
hours:1393efab9f25b0c26a6ec35b,osm:node:7253521885,4,,open,690,885,0,obs:08e3aa98b6c4bf3c73e0f7b9
hours:02d92724ba99b4f5e4bac1c3,osm:node:7253521885,4,,open,1050,1290,0,obs:08e3aa98b6c4bf3c73e0f7b9
hours:0b613787c362b706f93f5f67,osm:node:7253521885,5,,open,690,885,0,obs:08e3aa98b6c4bf3c73e0f7b9
hours:e7e318514202c063a6294621,osm:node:7253521885,5,,open,1050,1290,0,obs:08e3aa98b6c4bf3c73e0f7b9
hours:f5b2d92af390cf646bfe926c,osm:node:7253521885,6,,open,690,885,0,obs:08e3aa98b6c4bf3c73e0f7b9
hours:4339baa7e0428c055d81103c,osm:node:7253521885,6,,open,1050,1290,0,obs:08e3aa98b6c4bf3c73e0f7b9
hours:0162f73fd09620d69663b641,osm:node:7253556386,0,,open,690,840,0,obs:58e59b3b751c2ef3990d251c
hours:992a05346fd3ebea0210bddb,osm:node:7253556386,0,,open,1080,1290,0,obs:58e59b3b751c2ef3990d251c
hours:de72d6cb2501ec4ed4399d1c,osm:node:7253556386,1,,open,690,840,0,obs:58e59b3b751c2ef3990d251c
hours:2ac969ae8c6584fa2248099e,osm:node:7253556386,1,,open,1080,1290,0,obs:58e59b3b751c2ef3990d251c
hours:b61307579be6799538dc53f4,osm:node:7253556386,2,,open,690,840,0,obs:58e59b3b751c2ef3990d251c
hours:264ad840459d1af7f076fe79,osm:node:7253556386,2,,open,1080,1290,0,obs:58e59b3b751c2ef3990d251c
hours:34eeddfb136663ffb10343a9,osm:node:7253556386,3,,open,690,840,0,obs:58e59b3b751c2ef3990d251c
hours:6b5756d0dfd97c42e8779d6f,osm:node:7253556386,3,,open,1080,1290,0,obs:58e59b3b751c2ef3990d251c
hours:026efc012f523fa57c9fb38d,osm:node:7253556386,4,,open,690,840,0,obs:58e59b3b751c2ef3990d251c
hours:8904858c10c766ab66f3477c,osm:node:7253556386,4,,open,1080,1290,0,obs:58e59b3b751c2ef3990d251c
hours:ed180db2554c42afdf049ce9,osm:node:7253556386,5,,open,690,840,0,obs:58e59b3b751c2ef3990d251c
hours:7240c3846117144b0759d6b0,osm:node:7253556386,5,,open,1080,1290,0,obs:58e59b3b751c2ef3990d251c
hours:72626ae5f7321ab5d7d59ef5,osm:node:7253556386,6,,open,690,840,0,obs:58e59b3b751c2ef3990d251c
hours:8dce646f9e853c6a36e35341,osm:node:7253556386,6,,open,1080,1290,0,obs:58e59b3b751c2ef3990d251c
hours:ea70f26f59ce65d41d74bc1e,osm:node:7253593585,0,,open,690,1380,0,obs:1a85e267415b8c25d5d70b35
hours:10bb1f621fc7e13583632ff7,osm:node:7253593585,1,,open,690,1380,0,obs:1a85e267415b8c25d5d70b35
hours:6e2ec3395dc8b0ccdb1da4d7,osm:node:7253593585,2,,open,690,1380,0,obs:1a85e267415b8c25d5d70b35
hours:fc054f94d478f4cb9d41eb59,osm:node:7253593585,3,,open,690,1380,0,obs:1a85e267415b8c25d5d70b35
hours:508493ae84522f64f54c7298,osm:node:7253593585,4,,open,690,1380,0,obs:1a85e267415b8c25d5d70b35
hours:6608fbdffd0fcaa04ec6e6a1,osm:node:7253593585,5,,open,690,1380,0,obs:1a85e267415b8c25d5d70b35
hours:5485c5c8ee6b7edffa1d47b8,osm:node:7253593585,6,,open,690,1380,0,obs:1a85e267415b8c25d5d70b35
hours:6cef17d6a3bc9f4eff3d11ef,osm:node:7257100185,0,,open,420,1290,0,obs:4f74a9cf0e90761f524b74d2
hours:ca1727bf8acc5e76ab1564a7,osm:node:7257100185,1,,open,420,1290,0,obs:4f74a9cf0e90761f524b74d2
hours:0e7f55804c63a77c6bcc4b1b,osm:node:7257100185,2,,open,420,1290,0,obs:4f74a9cf0e90761f524b74d2
hours:9ca60974f6728ec9a55a5eb2,osm:node:7257100185,3,,open,420,1290,0,obs:4f74a9cf0e90761f524b74d2
hours:153119f3c323a766b1554350,osm:node:7257100185,4,,open,420,1290,0,obs:4f74a9cf0e90761f524b74d2
hours:d9ed08a408b5a48535221fc1,osm:node:7257100185,5,,open,420,1290,0,obs:4f74a9cf0e90761f524b74d2
hours:ed582e851fb2127f22ba3c76,osm:node:7257100185,6,,open,420,1290,0,obs:4f74a9cf0e90761f524b74d2
hours:7de8d8775dc2902beeea2509,osm:node:7265347998,0,,open,360,1320,0,obs:e7c003505c06c7bcdbdfac44
hours:b704947e0663b967fbf2bbf8,osm:node:7265347998,1,,open,360,1320,0,obs:e7c003505c06c7bcdbdfac44
hours:372ebf4fc7ababe955cc6d10,osm:node:7265347998,2,,open,360,1320,0,obs:e7c003505c06c7bcdbdfac44
hours:d4374034d62c29b5aad8a2c2,osm:node:7265347998,3,,open,360,1320,0,obs:e7c003505c06c7bcdbdfac44
hours:02fe7a893112c2e693ee4c42,osm:node:7265347998,4,,open,360,1320,0,obs:e7c003505c06c7bcdbdfac44
hours:da02d97f0317e80c7e5449b0,osm:node:7265347998,5,,open,360,1320,0,obs:e7c003505c06c7bcdbdfac44
hours:9d25cf161e5b2b2a79768c93,osm:node:7265347998,6,,open,360,1320,0,obs:e7c003505c06c7bcdbdfac44
hours:0224f68b0fe02c0709ab487b,osm:node:7271270243,0,,open,540,1020,0,obs:fac537e455a7828fc789dfc1
hours:509bda4fbf41c48e632a0b0e,osm:node:7271270243,1,,open,540,1020,0,obs:fac537e455a7828fc789dfc1
hours:c932cb775aa9a4edbff7946b,osm:node:7271270243,2,,open,540,1020,0,obs:fac537e455a7828fc789dfc1
hours:54fb851f7c58142de8a1cd45,osm:node:7271270243,3,,open,540,1020,0,obs:fac537e455a7828fc789dfc1
hours:914706e5c29b580ffd401a14,osm:node:7271270243,4,,open,540,1020,0,obs:fac537e455a7828fc789dfc1
hours:c7ff0846beabffe90ab9620a,osm:node:7271270243,5,,open,540,1020,0,obs:fac537e455a7828fc789dfc1
hours:0043b7d64e2d45759bb9b135,osm:node:7271270243,6,,open,540,1020,0,obs:fac537e455a7828fc789dfc1
hours:bd4c955957143d44c8a7ae30,osm:node:7284065585,0,,open,330,750,0,obs:31d5d9c55845a41658d6cafb
hours:a425adc11bcd09dbd0100990,osm:node:7284065585,0,,open,990,30,1,obs:31d5d9c55845a41658d6cafb
hours:3e17e453ae0f6e58b04170e1,osm:node:7284065585,1,,open,330,750,0,obs:31d5d9c55845a41658d6cafb
hours:e5c9341ec301bbb3390c0f98,osm:node:7284065585,1,,open,990,30,1,obs:31d5d9c55845a41658d6cafb
hours:d07cc950b15ff594fc13e4c0,osm:node:7284065585,2,,open,330,750,0,obs:31d5d9c55845a41658d6cafb
hours:9ea3c110e25e010f5c7ea68c,osm:node:7284065585,2,,open,990,30,1,obs:31d5d9c55845a41658d6cafb
hours:f577d5a33e9fe776269ce0a2,osm:node:7284065585,3,,open,330,750,0,obs:31d5d9c55845a41658d6cafb
hours:f3ae184a642324db474b063e,osm:node:7284065585,3,,open,990,30,1,obs:31d5d9c55845a41658d6cafb
hours:694988a9136370850b598c03,osm:node:7284065585,4,,open,330,750,0,obs:31d5d9c55845a41658d6cafb
hours:702b367811351b0b8be27ad4,osm:node:7284065585,4,,open,990,30,1,obs:31d5d9c55845a41658d6cafb
hours:2f79546f5edd82fe281d0d5d,osm:node:7284065585,5,,open,330,750,0,obs:31d5d9c55845a41658d6cafb
hours:7894aa718486219ce7f81162,osm:node:7284065585,5,,open,990,30,1,obs:31d5d9c55845a41658d6cafb
hours:cf8c00671e96529946ce1653,osm:node:7284065585,6,,open,330,750,0,obs:31d5d9c55845a41658d6cafb
hours:5d58bdf2cad349a3b801a6d7,osm:node:7284065585,6,,open,990,30,1,obs:31d5d9c55845a41658d6cafb
hours:55e68d6ffbae166d8aa68c29,osm:node:7287589653,0,,open,0,1440,0,obs:1968fa271a08cd608cef4470
hours:69d255d01b94652588115943,osm:node:7287589653,1,,open,0,1440,0,obs:1968fa271a08cd608cef4470
hours:754684dff822e0f2fdffba1e,osm:node:7287589653,2,,open,0,1440,0,obs:1968fa271a08cd608cef4470
hours:277387f9208407008b36ee78,osm:node:7287589653,3,,open,0,1440,0,obs:1968fa271a08cd608cef4470
hours:18d1746379eca913aca18e39,osm:node:7287589653,4,,open,0,1440,0,obs:1968fa271a08cd608cef4470
hours:55a56e38639e189130474f8a,osm:node:7287589653,5,,open,0,1440,0,obs:1968fa271a08cd608cef4470
hours:17388b3134e271b4675e3cc8,osm:node:7287589653,6,,open,0,1440,0,obs:1968fa271a08cd608cef4470
hours:09af3b03f43cf1d3a71f4f9e,osm:node:733355066,0,,open,480,1320,0,obs:c0af7a6c1fbc0cb1c4da539f
hours:a39d1354dfdd2c4b61cc934c,osm:node:733355066,1,,open,480,1320,0,obs:c0af7a6c1fbc0cb1c4da539f
hours:468e1a26cc4535b02eba0710,osm:node:733355066,2,,open,480,1320,0,obs:c0af7a6c1fbc0cb1c4da539f
hours:ec75db2f2ad41b3e8a1e93fd,osm:node:733355066,3,,open,480,1320,0,obs:c0af7a6c1fbc0cb1c4da539f
hours:8d6de4b47415ba35afb969a8,osm:node:733355066,4,,open,480,1320,0,obs:c0af7a6c1fbc0cb1c4da539f
hours:3e3fdc3b295d9dc8ca0a7b98,osm:node:733355066,5,,open,480,1320,0,obs:c0af7a6c1fbc0cb1c4da539f
hours:f9bcc7d16086144160141ab5,osm:node:733355066,6,,open,480,1320,0,obs:c0af7a6c1fbc0cb1c4da539f
hours:0d38c69565ddf1e186c0e3bd,osm:node:7333832605,0,,open,420,1320,0,obs:161bbdd28fe0f18208aab48e
hours:8fa1adb575714702313c7037,osm:node:7333832605,1,,open,420,1320,0,obs:161bbdd28fe0f18208aab48e
hours:cb00783ad39ae20495afdda5,osm:node:7333832605,2,,open,420,1320,0,obs:161bbdd28fe0f18208aab48e
hours:6abfb83fc3f6568ccd09febb,osm:node:7333832605,3,,open,420,1320,0,obs:161bbdd28fe0f18208aab48e
hours:a14f07b3b5de69a436a77397,osm:node:7333832605,4,,open,420,1320,0,obs:161bbdd28fe0f18208aab48e
hours:0d1face5d39f3fb95267a592,osm:node:7333832605,5,,open,420,1320,0,obs:161bbdd28fe0f18208aab48e
hours:adc35f8abb5c8670bdf22fac,osm:node:7333832605,6,,open,420,1320,0,obs:161bbdd28fe0f18208aab48e
hours:179a68cac8bb4c34f8d49760,osm:node:7370362779,0,,open,540,1380,0,obs:a5d1653f6e2b0ed8f2752e4a
hours:43a841e46231eb4e3abeeef1,osm:node:7370362779,1,,open,540,1380,0,obs:a5d1653f6e2b0ed8f2752e4a
hours:0aa02184a41f2cacae1324d5,osm:node:7370362779,2,,open,540,1380,0,obs:a5d1653f6e2b0ed8f2752e4a
hours:c972a958d0724c8ced10c42b,osm:node:7370362779,3,,open,540,1380,0,obs:a5d1653f6e2b0ed8f2752e4a
hours:996608819f03b935f692865e,osm:node:7370362779,4,,open,540,1380,0,obs:a5d1653f6e2b0ed8f2752e4a
hours:730cbb4801ccbe76a7c7c11a,osm:node:7370362779,5,,open,540,1380,0,obs:a5d1653f6e2b0ed8f2752e4a
hours:25e3717a886de8ffb8a77a82,osm:node:7370362779,6,,open,540,1380,0,obs:a5d1653f6e2b0ed8f2752e4a
hours:74f2d779580366fbb9bcc39e,osm:node:7467319992,0,,open,390,1380,0,obs:23632d93dc60357f1221849f
hours:f19e512fbc2411cca4077014,osm:node:7467319992,1,,open,390,1380,0,obs:23632d93dc60357f1221849f
hours:4af441f63c7900f31fa79728,osm:node:7467319992,2,,open,390,1380,0,obs:23632d93dc60357f1221849f
hours:d212c649939e4089e1284718,osm:node:7467319992,3,,open,390,1380,0,obs:23632d93dc60357f1221849f
hours:9ad29452750f03bb4e18712b,osm:node:7467319992,4,,open,390,1380,0,obs:23632d93dc60357f1221849f
hours:4533714d5fc95216d8750285,osm:node:7467319992,5,,open,390,1380,0,obs:23632d93dc60357f1221849f
hours:0cd471b8a9ef310813a3cd99,osm:node:7467319992,6,,open,390,1380,0,obs:23632d93dc60357f1221849f
hours:dc288d947bcc506be8008984,osm:node:7473461213,0,,open,600,1320,0,obs:eb62ec1feaf9d6bd2ef08121
hours:581036b0b19d6a6140b459c8,osm:node:7473461213,1,,open,600,1320,0,obs:eb62ec1feaf9d6bd2ef08121
hours:3fdc6bc6042519269ca27999,osm:node:7473461213,2,,open,600,1320,0,obs:eb62ec1feaf9d6bd2ef08121
hours:e7760d2addd185d0966b8653,osm:node:7473461213,3,,open,600,1320,0,obs:eb62ec1feaf9d6bd2ef08121
hours:b9cb313a4cb2616eb222e918,osm:node:7473461213,4,,open,600,1320,0,obs:eb62ec1feaf9d6bd2ef08121
hours:dbd7b174cefc9f22c8a812ce,osm:node:7473461213,5,,open,600,1320,0,obs:eb62ec1feaf9d6bd2ef08121
hours:3212cb8a40b04055af71f92b,osm:node:7473461213,6,,open,600,1320,0,obs:eb62ec1feaf9d6bd2ef08121
hours:e9575e06f07f6665fc816b4f,osm:node:7505130585,0,,open,0,1440,0,obs:32f62c9978b5a5dc5b54e1d9
hours:9c9e85dc93a2775a95a8f629,osm:node:7505130585,1,,open,0,1440,0,obs:32f62c9978b5a5dc5b54e1d9
hours:57729e1b335578f6aa478ae4,osm:node:7505130585,2,,open,0,1440,0,obs:32f62c9978b5a5dc5b54e1d9
hours:120a9fcf7274aa2c7c586bbf,osm:node:7505130585,3,,open,0,1440,0,obs:32f62c9978b5a5dc5b54e1d9
hours:c8922c6ba6671c0e41b4ce44,osm:node:7505130585,4,,open,0,1440,0,obs:32f62c9978b5a5dc5b54e1d9
hours:87a811d84e5acac1b47e2641,osm:node:7505130585,5,,open,0,1440,0,obs:32f62c9978b5a5dc5b54e1d9
hours:e9cc188a5eecd829e2f93601,osm:node:7505130585,6,,open,0,1440,0,obs:32f62c9978b5a5dc5b54e1d9
hours:961e251a64e9540699d7b78e,osm:node:7520823002,0,,open,300,1260,0,obs:2013065c19067d5f357d3664
hours:df4271042cf8553d59f4792d,osm:node:7520823002,1,,open,300,1260,0,obs:2013065c19067d5f357d3664
hours:fb48d68fa71415fb61d8c7d7,osm:node:7520823002,2,,open,300,1260,0,obs:2013065c19067d5f357d3664
hours:aae8fb050648a251ef523af0,osm:node:7520823002,3,,open,300,1260,0,obs:2013065c19067d5f357d3664
hours:b23c4db1ad11ccaa02f99cd7,osm:node:7520823002,4,,open,300,1260,0,obs:2013065c19067d5f357d3664
hours:c9c989612b6ff4f6b5267923,osm:node:7520823002,5,,open,300,1260,0,obs:2013065c19067d5f357d3664
hours:da59429f27b0111674ce60f8,osm:node:7520823002,6,,open,300,1260,0,obs:2013065c19067d5f357d3664
hours:d9efda69b2a545120de3c948,osm:node:7629533186,0,,open,420,1380,0,obs:67e8f0c9a2c91e9759b52ec6
hours:63b1e2f14789e244fca251ed,osm:node:7629533186,1,,open,420,1380,0,obs:67e8f0c9a2c91e9759b52ec6
hours:eb5915e09c67ffa649fd4457,osm:node:7629533186,2,,open,420,1380,0,obs:67e8f0c9a2c91e9759b52ec6
hours:cfaf590c45f836ab4aafe6af,osm:node:7629533186,3,,open,420,1380,0,obs:67e8f0c9a2c91e9759b52ec6
hours:8501a6d12bee89fa7d99fc72,osm:node:7629533186,4,,open,420,1380,0,obs:67e8f0c9a2c91e9759b52ec6
hours:53bad763ac4150d941f71e67,osm:node:7629533186,5,,open,420,1380,0,obs:67e8f0c9a2c91e9759b52ec6
hours:b29992889b4b2efd3ecc5ae2,osm:node:7629533186,6,,open,420,1380,0,obs:67e8f0c9a2c91e9759b52ec6
hours:0ba4a884c07e3899b252b39b,osm:node:7690438058,0,,open,300,660,0,obs:d7707c578ccbf5ae44e61d4e
hours:17bb8f538048ee54639f793e,osm:node:7690438058,1,,open,300,660,0,obs:d7707c578ccbf5ae44e61d4e
hours:0ef59509a1fe65258ce91abb,osm:node:7690438058,2,,open,300,660,0,obs:d7707c578ccbf5ae44e61d4e
hours:0d000b919c92eaa1d7c0d503,osm:node:7690438058,3,,open,300,660,0,obs:d7707c578ccbf5ae44e61d4e
hours:6e48ab9884de7f88788097fa,osm:node:7690438058,4,,open,300,660,0,obs:d7707c578ccbf5ae44e61d4e
hours:7e00342e386a8ee53b8edb58,osm:node:7690438058,5,,open,300,660,0,obs:d7707c578ccbf5ae44e61d4e
hours:c10b5d23ce8601cceba653b0,osm:node:7690438058,6,,open,300,660,0,obs:d7707c578ccbf5ae44e61d4e
hours:b8a0e4eb8e51224e0db06fb5,osm:node:7705143488,0,,open,0,1440,0,obs:4f40cb6ed0118061ebee6e8d
hours:2ad839238dc710dcbd2ec6a8,osm:node:7705143488,1,,open,0,1440,0,obs:4f40cb6ed0118061ebee6e8d
hours:1fa6e0aa2df7500366493a08,osm:node:7705143488,2,,open,0,1440,0,obs:4f40cb6ed0118061ebee6e8d
hours:125fa3b0a8eeab7aac023e49,osm:node:7705143488,3,,open,0,1440,0,obs:4f40cb6ed0118061ebee6e8d
hours:9c5ef3e1d4c17bde02df64c1,osm:node:7705143488,4,,open,0,1440,0,obs:4f40cb6ed0118061ebee6e8d
hours:c52759184d99aea742902b16,osm:node:7705143488,5,,open,0,1440,0,obs:4f40cb6ed0118061ebee6e8d
hours:097067170e096a94b4046f89,osm:node:7705143488,6,,open,0,1440,0,obs:4f40cb6ed0118061ebee6e8d
hours:36694352dcc120270e2c0563,osm:node:7705143785,0,,open,0,1440,0,obs:70e529dc21d2abb4f5a3fb50
hours:7d6e9234c7d5ba1c87de7924,osm:node:7705143785,1,,open,0,1440,0,obs:70e529dc21d2abb4f5a3fb50
hours:72bc7c311f08b5cad0cffd7f,osm:node:7705143785,2,,open,0,1440,0,obs:70e529dc21d2abb4f5a3fb50
hours:89f62ca6b376cff7f7562f53,osm:node:7705143785,3,,open,0,1440,0,obs:70e529dc21d2abb4f5a3fb50
hours:12a1c4ec2ada61121567e66c,osm:node:7705143785,4,,open,0,1440,0,obs:70e529dc21d2abb4f5a3fb50
hours:b883cdcbda9e57c51a9a9ae7,osm:node:7705143785,5,,open,0,1440,0,obs:70e529dc21d2abb4f5a3fb50
hours:8007dbcf0e02d8cdcf76b110,osm:node:7705143785,6,,open,0,1440,0,obs:70e529dc21d2abb4f5a3fb50
hours:87861cad5b81903fd2a023e3,osm:node:7705143786,0,,open,0,1440,0,obs:a5476b3417cf79a79146f006
hours:3647de6b44a4ec75fc67ce2b,osm:node:7705143786,1,,open,0,1440,0,obs:a5476b3417cf79a79146f006
hours:d611309b3dd2b28c77b07181,osm:node:7705143786,2,,open,0,1440,0,obs:a5476b3417cf79a79146f006
hours:eade683c30ee5c0475d1ce5c,osm:node:7705143786,3,,open,0,1440,0,obs:a5476b3417cf79a79146f006
hours:5d98565c56c51180af91411a,osm:node:7705143786,4,,open,0,1440,0,obs:a5476b3417cf79a79146f006
hours:d6d5b3084fb90a1c8b4ce975,osm:node:7705143786,5,,open,0,1440,0,obs:a5476b3417cf79a79146f006
hours:a982089736a663e96c56bd05,osm:node:7705143786,6,,open,0,1440,0,obs:a5476b3417cf79a79146f006
hours:199b0b7dce9a7c2d78debf52,osm:node:7705143787,0,,open,0,1440,0,obs:d98513f51b0e1f9b2d807887
hours:a97dd2614803b0daef835b53,osm:node:7705143787,1,,open,0,1440,0,obs:d98513f51b0e1f9b2d807887
hours:9e5769fcd543d9b10661ab05,osm:node:7705143787,2,,open,0,1440,0,obs:d98513f51b0e1f9b2d807887
hours:3ec18aaf731e2c0cfb24e26c,osm:node:7705143787,3,,open,0,1440,0,obs:d98513f51b0e1f9b2d807887
hours:172daff02c0e1df2d6fc4c00,osm:node:7705143787,4,,open,0,1440,0,obs:d98513f51b0e1f9b2d807887
hours:774e20c37c1e42e8e90f2001,osm:node:7705143787,5,,open,0,1440,0,obs:d98513f51b0e1f9b2d807887
hours:788cb1f7fd60b32dffd2fd01,osm:node:7705143787,6,,open,0,1440,0,obs:d98513f51b0e1f9b2d807887
hours:7142610cd29a700f0df06905,osm:node:7705143788,0,,open,0,1440,0,obs:7571d9d781701202716749df
hours:cfbb2e00926b2dcb1856063b,osm:node:7705143788,1,,open,0,1440,0,obs:7571d9d781701202716749df
hours:8fdc67afb0d7cd5ba7ddf363,osm:node:7705143788,2,,open,0,1440,0,obs:7571d9d781701202716749df
hours:157cc8bc7191e4e2fd8041cf,osm:node:7705143788,3,,open,0,1440,0,obs:7571d9d781701202716749df
hours:9b68986fef951ab985dc67ee,osm:node:7705143788,4,,open,0,1440,0,obs:7571d9d781701202716749df
hours:23b635033176f07e7d1531d7,osm:node:7705143788,5,,open,0,1440,0,obs:7571d9d781701202716749df
hours:50330451d6ce300a5af141ed,osm:node:7705143788,6,,open,0,1440,0,obs:7571d9d781701202716749df
hours:9541d445a8f6abbba8421bad,osm:node:7705143985,0,,open,0,1440,0,obs:a6e6bc1ed340297b21ae94b3
hours:225aa19b92b09049139ace05,osm:node:7705143985,1,,open,0,1440,0,obs:a6e6bc1ed340297b21ae94b3
hours:f551b262880f8a9c322e7fea,osm:node:7705143985,2,,open,0,1440,0,obs:a6e6bc1ed340297b21ae94b3
hours:b7cea92c8732228509764cff,osm:node:7705143985,3,,open,0,1440,0,obs:a6e6bc1ed340297b21ae94b3
hours:8bb3f689c118ea4db07b0af6,osm:node:7705143985,4,,open,0,1440,0,obs:a6e6bc1ed340297b21ae94b3
hours:565ddcd5a88f3e6174b128a6,osm:node:7705143985,5,,open,0,1440,0,obs:a6e6bc1ed340297b21ae94b3
hours:77e641f6018cdf61e078e88c,osm:node:7705143985,6,,open,0,1440,0,obs:a6e6bc1ed340297b21ae94b3
hours:2af8b2870ab8f1ac05d05188,osm:node:7705144085,0,,open,0,1440,0,obs:7a6957378fbda18144ba2126
hours:37a7710841e5e3235750f17d,osm:node:7705144085,1,,open,0,1440,0,obs:7a6957378fbda18144ba2126
hours:2de2ba872fe2e80c1fd4ce99,osm:node:7705144085,2,,open,0,1440,0,obs:7a6957378fbda18144ba2126
hours:14655dccb67fcb3f75eec314,osm:node:7705144085,3,,open,0,1440,0,obs:7a6957378fbda18144ba2126
hours:c8a8dfaf37a3ac7443cdf513,osm:node:7705144085,4,,open,0,1440,0,obs:7a6957378fbda18144ba2126
hours:ba261e8090088f6669b6c8d0,osm:node:7705144085,5,,open,0,1440,0,obs:7a6957378fbda18144ba2126
hours:0bbe59cb9412e5574f255752,osm:node:7705144085,6,,open,0,1440,0,obs:7a6957378fbda18144ba2126
hours:379a419d947c471206fd1687,osm:node:7721404199,0,,open,360,1260,0,obs:027795a58cf12fd19118ea78
hours:dafcb154b9919b47e83e52e1,osm:node:7721404199,1,,open,360,1260,0,obs:027795a58cf12fd19118ea78
hours:1edb0548c1a36607b30a0326,osm:node:7721404199,2,,open,360,1260,0,obs:027795a58cf12fd19118ea78
hours:98c9cf5dae331833f9f87420,osm:node:7721404199,3,,open,360,1260,0,obs:027795a58cf12fd19118ea78
hours:20bca96f97c4ef4e4906e46e,osm:node:7721404199,4,,open,360,1260,0,obs:027795a58cf12fd19118ea78
hours:6e549a8907bcc761686c2ec5,osm:node:7721404199,5,,open,360,1260,0,obs:027795a58cf12fd19118ea78
hours:95142990b6e44077f2cf4014,osm:node:7721404199,6,,open,360,1260,0,obs:027795a58cf12fd19118ea78
hours:732e729975a2b0ec4969a559,osm:node:773601261,0,,open,360,1320,0,obs:9c7e43b26a4de9223e6e6280
hours:7fd344c7cbc5d933c13c0108,osm:node:773601261,1,,open,360,1320,0,obs:9c7e43b26a4de9223e6e6280
hours:71a560dd66afb594c13d6410,osm:node:773601261,2,,open,360,1320,0,obs:9c7e43b26a4de9223e6e6280
hours:d5813256978b9f66968af7af,osm:node:773601261,3,,open,360,1320,0,obs:9c7e43b26a4de9223e6e6280
hours:3996b098b392c03020f70884,osm:node:773601261,4,,open,360,1320,0,obs:9c7e43b26a4de9223e6e6280
hours:31e4a8b52be863786127e9df,osm:node:773601261,5,,open,360,1320,0,obs:9c7e43b26a4de9223e6e6280
hours:cfacbdfe1ce3d2d7ca3b0eb5,osm:node:773601261,6,,open,360,1320,0,obs:9c7e43b26a4de9223e6e6280
hours:ed797fc23ed0eb20a665d70a,osm:node:7792963218,0,,open,0,1440,0,obs:ef295862562cfed13f3d7e35
hours:88ed687d900aa3177d0c352a,osm:node:7792963218,1,,open,0,1440,0,obs:ef295862562cfed13f3d7e35
hours:735dd2d9f48c90477235c1d0,osm:node:7792963218,2,,open,0,1440,0,obs:ef295862562cfed13f3d7e35
hours:1fa640c9174403fbcf22ee3d,osm:node:7792963218,3,,open,0,1440,0,obs:ef295862562cfed13f3d7e35
hours:73143c2c2761fbb790c34262,osm:node:7792963218,4,,open,0,1440,0,obs:ef295862562cfed13f3d7e35
hours:34e9acdb6b7fc3268f9821bd,osm:node:7792963218,5,,open,0,1440,0,obs:ef295862562cfed13f3d7e35
hours:b1a181c9e6bf4b9aefd19f39,osm:node:7792963218,6,,open,0,1440,0,obs:ef295862562cfed13f3d7e35
hours:0202864f78c49dcb63b6c3d8,osm:node:7961106585,0,,open,210,360,0,obs:06d0ae1d6d105b221270b3c6
hours:2f4fdc1fcf99aeb8d80a33aa,osm:node:7961106585,1,,open,210,360,0,obs:06d0ae1d6d105b221270b3c6
hours:f7a1caf06cfa2eb06a0bca3f,osm:node:7961106585,2,,open,210,360,0,obs:06d0ae1d6d105b221270b3c6
hours:2097459e8791ca56f2eee66f,osm:node:7961106585,3,,open,210,360,0,obs:06d0ae1d6d105b221270b3c6
hours:c4bd8f1151f222b46910ebe4,osm:node:7961106585,4,,open,210,360,0,obs:06d0ae1d6d105b221270b3c6
hours:f7eae23852d9b41b0b63d95a,osm:node:7961106585,5,,open,210,360,0,obs:06d0ae1d6d105b221270b3c6
hours:73e610f80113c123f681e812,osm:node:7961106585,6,,open,210,360,0,obs:06d0ae1d6d105b221270b3c6
hours:cfe51a3dfc5db16b8550e8fa,osm:node:8088140322,0,,open,360,1260,0,obs:9bab1cdd6cffaa98172b929d
hours:5cb48ad92dd4c1f12eb24bc5,osm:node:8088140322,1,,open,360,1260,0,obs:9bab1cdd6cffaa98172b929d
hours:f098c578240fabc61131b294,osm:node:8088140322,2,,open,360,1260,0,obs:9bab1cdd6cffaa98172b929d
hours:627443cfedd8f243e4b367ae,osm:node:8088140322,3,,open,360,1260,0,obs:9bab1cdd6cffaa98172b929d
hours:13678e77f6cc894bcb836d2b,osm:node:8088140322,4,,open,360,1260,0,obs:9bab1cdd6cffaa98172b929d
hours:edebe62d4f5629b9439d667f,osm:node:8088140322,5,,open,360,1260,0,obs:9bab1cdd6cffaa98172b929d
hours:c80744e206d2707c498c3f58,osm:node:8088140322,6,,open,360,1260,0,obs:9bab1cdd6cffaa98172b929d
hours:c1e1c441c9cc1fd405bde11f,osm:node:8132877478,0,,open,420,1380,0,obs:8e8b599aa0658c313a23a809
hours:d371d0bc3ae5580c55c96478,osm:node:8132877478,1,,open,420,1380,0,obs:8e8b599aa0658c313a23a809
hours:215145c3b6f9f3040ed13842,osm:node:8132877478,2,,open,420,1380,0,obs:8e8b599aa0658c313a23a809
hours:f24116f64ddfa62434354e4e,osm:node:8132877478,3,,open,420,1380,0,obs:8e8b599aa0658c313a23a809
hours:4991d526857b465bb3775f66,osm:node:8132877478,4,,open,420,1380,0,obs:8e8b599aa0658c313a23a809
hours:cc0d83a5b8ad6f5633c969f2,osm:node:8132877478,5,,open,420,1380,0,obs:8e8b599aa0658c313a23a809
hours:f53532175d5cd44f709b7a2b,osm:node:8132877478,6,,open,420,1380,0,obs:8e8b599aa0658c313a23a809
hours:240ee4be3adc29916f7b89d2,osm:node:8163615939,0,,open,0,1440,0,obs:7c4a2bcc4aaf6ba0c6420faa
hours:dd62042b2e9d97e2061f6c1e,osm:node:8163615939,1,,open,0,1440,0,obs:7c4a2bcc4aaf6ba0c6420faa
hours:76b4628836a691c5d684eb01,osm:node:8163615939,2,,open,0,1440,0,obs:7c4a2bcc4aaf6ba0c6420faa
hours:57ce87b2d48b6324d9e244ca,osm:node:8163615939,3,,open,0,1440,0,obs:7c4a2bcc4aaf6ba0c6420faa
hours:f651f4e652a4cac60222189f,osm:node:8163615939,4,,open,0,1440,0,obs:7c4a2bcc4aaf6ba0c6420faa
hours:e02bf8b85a458f2bda1a0fea,osm:node:8163615939,5,,open,0,1440,0,obs:7c4a2bcc4aaf6ba0c6420faa
hours:1e01b107db4238b662f9ed6d,osm:node:8163615939,6,,open,0,1440,0,obs:7c4a2bcc4aaf6ba0c6420faa
hours:82d7d67291f982f58fab90b6,osm:node:8171527817,0,,open,390,1380,0,obs:654df5d0ab8720405373192c
hours:1332e1f0dea826de57396bd8,osm:node:8171527817,1,,open,390,1380,0,obs:654df5d0ab8720405373192c
hours:ea28afaee9968065290dd40f,osm:node:8171527817,2,,open,390,1380,0,obs:654df5d0ab8720405373192c
hours:420b2ff7fc18ae36fd1cdbab,osm:node:8171527817,3,,open,390,1380,0,obs:654df5d0ab8720405373192c
hours:cfad7ca907deefaf405bc781,osm:node:8171527817,4,,open,390,1380,0,obs:654df5d0ab8720405373192c
hours:d0f709345a82fa95190d69f7,osm:node:8171527817,5,,open,390,1380,0,obs:654df5d0ab8720405373192c
hours:714bc119e46b313e4eb58270,osm:node:8171527817,6,,open,390,1380,0,obs:654df5d0ab8720405373192c
hours:c4e2c797486cb1c68ad62b5c,osm:node:8178692401,0,,open,420,1290,0,obs:9aff33f13c9fa9081ecc80fd
hours:0b7480a85b4f4f334bb80ba8,osm:node:8178692401,1,,open,420,1290,0,obs:9aff33f13c9fa9081ecc80fd
hours:3e1709a5833d8c4925b3cd92,osm:node:8178692401,2,,open,420,1290,0,obs:9aff33f13c9fa9081ecc80fd
hours:3e397979cb3bd75df315acac,osm:node:8178692401,3,,open,420,1290,0,obs:9aff33f13c9fa9081ecc80fd
hours:383406e133279180bbcb8847,osm:node:8178692401,4,,open,420,1290,0,obs:9aff33f13c9fa9081ecc80fd
hours:2e3fbf92e1d85467b25f48a8,osm:node:8178692401,5,,open,420,1290,0,obs:9aff33f13c9fa9081ecc80fd
hours:f48d904e21185c4fd925025f,osm:node:8178692401,6,,open,420,1290,0,obs:9aff33f13c9fa9081ecc80fd
hours:9f66277f3f514216f0b6a7a6,osm:node:8197311959,0,,open,0,1440,0,obs:e9455b7fa3c5ea857543feca
hours:80456ca55764f9be5fe37832,osm:node:8197311959,1,,open,0,1440,0,obs:e9455b7fa3c5ea857543feca
hours:a1adb953348d5a89632b3bd6,osm:node:8197311959,2,,open,0,1440,0,obs:e9455b7fa3c5ea857543feca
hours:e6f31d4a84f6f39fe0dd0eff,osm:node:8197311959,3,,open,0,1440,0,obs:e9455b7fa3c5ea857543feca
hours:572b2308d7cf6c583827acab,osm:node:8197311959,4,,open,0,1440,0,obs:e9455b7fa3c5ea857543feca
hours:4597bb2169268e3b3c72d121,osm:node:8197311959,5,,open,0,1440,0,obs:e9455b7fa3c5ea857543feca
hours:654de1c1b2ba4a0583f05414,osm:node:8197311959,6,,open,0,1440,0,obs:e9455b7fa3c5ea857543feca
hours:163f266f7a07c231065073bb,osm:node:8204536512,0,,open,900,1260,0,obs:43e7ba9740df772f19416ba2
hours:94451e8d68bbd8c73d4dbc01,osm:node:8204536512,1,,open,900,1260,0,obs:43e7ba9740df772f19416ba2
hours:4d8261a2ce3ab2de299a934e,osm:node:8204536512,2,,open,900,1260,0,obs:43e7ba9740df772f19416ba2
hours:d6aeba7aa2972f78dd2aea42,osm:node:8204536512,3,,open,900,1260,0,obs:43e7ba9740df772f19416ba2
hours:42d83e8124d4ba2ac452309d,osm:node:8204536512,4,,open,900,1260,0,obs:43e7ba9740df772f19416ba2
hours:5a16052de1691eb21d51f344,osm:node:8204536512,5,,open,900,1260,0,obs:43e7ba9740df772f19416ba2
hours:4954b7f04d673bc242c84484,osm:node:8204536512,6,,open,900,1260,0,obs:43e7ba9740df772f19416ba2
hours:bbac8111159d6ccd75e8718c,osm:node:8336920144,0,,open,480,1320,0,obs:d7c46f681b3059c89f630302
hours:3fdf696364a4de37575ab008,osm:node:8336920144,1,,open,480,1320,0,obs:d7c46f681b3059c89f630302
hours:bee1d3c2ac93063e8a3d6a76,osm:node:8336920144,2,,open,480,1320,0,obs:d7c46f681b3059c89f630302
hours:6813d4cfe93ee1a820a9aef0,osm:node:8336920144,3,,open,480,1320,0,obs:d7c46f681b3059c89f630302
hours:536d153a007d0ee4019eab95,osm:node:8336920144,4,,open,480,1320,0,obs:d7c46f681b3059c89f630302
hours:e32d2f0b3972c1fb1d8e3c65,osm:node:8336920144,5,,open,480,1320,0,obs:d7c46f681b3059c89f630302
hours:589384e5db8cf8930320b73e,osm:node:8336920144,6,,open,480,1320,0,obs:d7c46f681b3059c89f630302
hours:617e26210dbb0e9f1daa179e,osm:node:8337452780,0,,open,420,1320,0,obs:3301f703084e1d4589bf174d
hours:c4c17980f4a2adcad8744645,osm:node:8337452780,1,,open,420,1320,0,obs:3301f703084e1d4589bf174d
hours:ded280770106971c28c438ea,osm:node:8337452780,2,,open,420,1320,0,obs:3301f703084e1d4589bf174d
hours:235d31ff3dce1f74e0b0f511,osm:node:8337452780,3,,open,420,1320,0,obs:3301f703084e1d4589bf174d
hours:82dc09f632585b23ce5a8d29,osm:node:8337452780,4,,open,420,1320,0,obs:3301f703084e1d4589bf174d
hours:16e04d75f35127b90f8c0ff9,osm:node:8337452780,5,,open,420,1320,0,obs:3301f703084e1d4589bf174d
hours:542d0e2f74a679eadaa4366e,osm:node:8337452780,6,,open,420,1320,0,obs:3301f703084e1d4589bf174d
hours:27f1b69615239eaa07000aad,osm:node:8337460766,0,,open,480,1320,0,obs:2a27c1cd0205a1eaabb76ac4
hours:9ff085c824c3e647e809a402,osm:node:8337460766,1,,open,480,1320,0,obs:2a27c1cd0205a1eaabb76ac4
hours:7fb62f747b9a929c3a4b976f,osm:node:8337460766,2,,open,480,1320,0,obs:2a27c1cd0205a1eaabb76ac4
hours:34f7c1fc33b71a4ecf4b60d5,osm:node:8337460766,3,,open,480,1320,0,obs:2a27c1cd0205a1eaabb76ac4
hours:3414fe5e0a826709ad7b6068,osm:node:8337460766,4,,open,480,1320,0,obs:2a27c1cd0205a1eaabb76ac4
hours:766d9cf7716c782c9d8f50d3,osm:node:8337460766,5,,open,480,1320,0,obs:2a27c1cd0205a1eaabb76ac4
hours:b233f2da94071b79c30ceae0,osm:node:8337460766,6,,open,480,1320,0,obs:2a27c1cd0205a1eaabb76ac4
hours:4aed0cf9ebb23636ed699964,osm:node:8344563342,0,,open,540,1260,0,obs:dfb413aebc12deb29567334a
hours:e74430f42a854bb07341b248,osm:node:8344563342,1,,open,540,1260,0,obs:dfb413aebc12deb29567334a
hours:5f6c0d863672f154b491cf25,osm:node:8344563342,2,,open,540,1260,0,obs:dfb413aebc12deb29567334a
hours:def376ce9e2a5dcddfb00299,osm:node:8344563342,3,,open,540,1260,0,obs:dfb413aebc12deb29567334a
hours:00c645a18c253985a0b75e7d,osm:node:8344563342,4,,open,540,1260,0,obs:dfb413aebc12deb29567334a
hours:0ef68731762445b6c09ee0ee,osm:node:8344563342,5,,open,540,1260,0,obs:dfb413aebc12deb29567334a
hours:615daca96f7862980ef218fc,osm:node:8344563342,6,,open,540,1260,0,obs:dfb413aebc12deb29567334a
hours:4f831e898099836db2b177e0,osm:node:8345292959,0,,open,540,1260,0,obs:1e927ba2825d4ab311bd4b77
hours:6155d64d4bf90446a3f9dfa3,osm:node:8345292959,1,,open,540,1260,0,obs:1e927ba2825d4ab311bd4b77
hours:c7ef0a9191a79601acc5dbd9,osm:node:8345292959,2,,open,540,1260,0,obs:1e927ba2825d4ab311bd4b77
hours:d36e5a65bbd5f9c5bf259289,osm:node:8345292959,3,,open,540,1260,0,obs:1e927ba2825d4ab311bd4b77
hours:96479c35f0c3d73a07e46bbf,osm:node:8345292959,4,,open,540,1260,0,obs:1e927ba2825d4ab311bd4b77
hours:2d3ceef34a0125b50d8e44e4,osm:node:8345292959,5,,open,540,1260,0,obs:1e927ba2825d4ab311bd4b77
hours:db452b20763cefcbbcd4b435,osm:node:8345292959,6,,open,540,1260,0,obs:1e927ba2825d4ab311bd4b77
hours:7b6fa1dd2e572c195c6a9b8b,osm:node:8346042982,0,,open,480,1320,0,obs:606b519128fbd61803255511
hours:51c73d915196197c18d067ca,osm:node:8346042982,1,,open,480,1320,0,obs:606b519128fbd61803255511
hours:bd8a7b9507b056f87d12d6eb,osm:node:8346042982,2,,open,480,1320,0,obs:606b519128fbd61803255511
hours:6cc92a316db34ca90d2c7072,osm:node:8346042982,3,,open,480,1320,0,obs:606b519128fbd61803255511
hours:7988c39073823bdabaa2fa01,osm:node:8346042982,4,,open,480,1320,0,obs:606b519128fbd61803255511
hours:348c1e3c7ac43d05f538e5b1,osm:node:8346042982,5,,open,480,1320,0,obs:606b519128fbd61803255511
hours:427a894a96e602024b940b0c,osm:node:8346042982,6,,open,480,1320,0,obs:606b519128fbd61803255511
hours:e77c986fa8959637181b6a13,osm:node:8347362707,0,,open,480,1320,0,obs:5bcf301c1937f1351e316977
hours:91dc2008ac17f51f708ff1ed,osm:node:8347362707,1,,open,480,1320,0,obs:5bcf301c1937f1351e316977
hours:b6caab49c5950af8e614ae56,osm:node:8347362707,2,,open,480,1320,0,obs:5bcf301c1937f1351e316977
hours:e431e1632c99274e18ed7300,osm:node:8347362707,3,,open,480,1320,0,obs:5bcf301c1937f1351e316977
hours:3c65804b996bbbda2cbf86a9,osm:node:8347362707,4,,open,480,1320,0,obs:5bcf301c1937f1351e316977
hours:b9855e8afff89587c19fa6b0,osm:node:8347362707,5,,open,480,1320,0,obs:5bcf301c1937f1351e316977
hours:82807fe33964c682552e0195,osm:node:8347362707,6,,open,480,1320,0,obs:5bcf301c1937f1351e316977
hours:de0bd7b69d1fd89399550140,osm:node:8354821381,0,,open,480,1320,0,obs:84f68ebef1ea85f982e07133
hours:0a8f3ff63e5b3efc1ddc7130,osm:node:8354821381,1,,open,480,1320,0,obs:84f68ebef1ea85f982e07133
hours:f82d6ce148a3ca7d3dac9d8b,osm:node:8354821381,2,,open,480,1320,0,obs:84f68ebef1ea85f982e07133
hours:117cd89530d32157e4df11f1,osm:node:8354821381,3,,open,480,1320,0,obs:84f68ebef1ea85f982e07133
hours:98fe3e2e2ca6a906fde6198d,osm:node:8354821381,4,,open,480,1320,0,obs:84f68ebef1ea85f982e07133
hours:4e5c7696e95b6f41f2063ebe,osm:node:8354821381,5,,open,480,1320,0,obs:84f68ebef1ea85f982e07133
hours:82debaad4564eb49705f2f8c,osm:node:8354821381,6,,open,480,1320,0,obs:84f68ebef1ea85f982e07133
hours:67a27ee1438c406366e29896,osm:node:8370443704,0,,open,540,1260,0,obs:d886b398b4e5f4072f1569fa
hours:33bd925a53620a197f194471,osm:node:8370443704,1,,open,540,1260,0,obs:d886b398b4e5f4072f1569fa
hours:c5b2ec98ad05ed29e56fbaf8,osm:node:8370443704,2,,open,540,1260,0,obs:d886b398b4e5f4072f1569fa
hours:e970796fa995488660e4d639,osm:node:8370443704,3,,open,540,1260,0,obs:d886b398b4e5f4072f1569fa
hours:04d627ed925cadfaa6843dd3,osm:node:8370443704,4,,open,540,1260,0,obs:d886b398b4e5f4072f1569fa
hours:db44b9aa1e3079b768fd8a66,osm:node:8370443704,5,,open,540,1260,0,obs:d886b398b4e5f4072f1569fa
hours:c312d3cab805635eb2571af4,osm:node:8370443704,6,,open,540,1260,0,obs:d886b398b4e5f4072f1569fa
hours:484545544d2c9a6606c7f965,osm:node:8474743517,0,,open,380,555,0,obs:3b0186132b7418ba5ecf3cb7
hours:2c8f0f6721d6af5120050897,osm:node:8474743517,1,,open,380,555,0,obs:3b0186132b7418ba5ecf3cb7
hours:88de7d81fd8dcdd3f9467e72,osm:node:8474743517,2,,open,380,555,0,obs:3b0186132b7418ba5ecf3cb7
hours:a522d821057d032f6da57d82,osm:node:8474743517,3,,open,380,555,0,obs:3b0186132b7418ba5ecf3cb7
hours:a55157423e538822b3ddd1e7,osm:node:8474743517,4,,open,380,555,0,obs:3b0186132b7418ba5ecf3cb7
hours:eba386e02451ebb7fb13a73b,osm:node:8474743517,5,,open,380,555,0,obs:3b0186132b7418ba5ecf3cb7
hours:c45a67b98285e1b2034b4443,osm:node:8474743517,6,,open,380,555,0,obs:3b0186132b7418ba5ecf3cb7
hours:5ec9331d1c57b0b09da79f5f,osm:node:8519855378,0,,open,540,1260,0,obs:da6db7e437cdc2b316ae2c61
hours:a403c06af790a2662631f823,osm:node:8519855378,1,,open,540,1260,0,obs:da6db7e437cdc2b316ae2c61
hours:c081e32eae64d6acb9394068,osm:node:8519855378,2,,open,540,1260,0,obs:da6db7e437cdc2b316ae2c61
hours:8cdb9cc7e8b6de185db12630,osm:node:8519855378,3,,open,540,1260,0,obs:da6db7e437cdc2b316ae2c61
hours:c1cc72d742e741a978396234,osm:node:8519855378,4,,open,540,1260,0,obs:da6db7e437cdc2b316ae2c61
hours:b830e2373bb692bcd723b2b1,osm:node:8519855378,5,,open,540,1260,0,obs:da6db7e437cdc2b316ae2c61
hours:a1c322eaec1cbe4aed47148d,osm:node:8519855378,6,,open,540,1260,0,obs:da6db7e437cdc2b316ae2c61
hours:f51863f73a9224cb53666172,osm:node:8519952875,0,,open,360,1320,0,obs:e18cb7c867131525c037243e
hours:0b77ef74f83146d67b3e2129,osm:node:8519952875,1,,open,360,1320,0,obs:e18cb7c867131525c037243e
hours:4ade5d4a5461dcfea1536bc5,osm:node:8519952875,2,,open,360,1320,0,obs:e18cb7c867131525c037243e
hours:1e66de3b89fe6a768bd80d89,osm:node:8519952875,3,,open,360,1320,0,obs:e18cb7c867131525c037243e
hours:f39612f962f86a780cbde66e,osm:node:8519952875,4,,open,360,1320,0,obs:e18cb7c867131525c037243e
hours:65050216c8d4604acd8e78c3,osm:node:8519952875,5,,open,360,1320,0,obs:e18cb7c867131525c037243e
hours:1b766760c48f3fd2977f5ff6,osm:node:8519952875,6,,open,360,1320,0,obs:e18cb7c867131525c037243e
hours:4eaa9c8567f6acdbea381ed3,osm:node:8550864696,0,,open,0,1440,0,obs:bde35b4d16fb3a7c1adbfc03
hours:d87a6dc0a2dd7e826a1297b7,osm:node:8550864696,1,,open,0,1440,0,obs:bde35b4d16fb3a7c1adbfc03
hours:e4d12f4a0e0f48f15d000f82,osm:node:8550864696,2,,open,0,1440,0,obs:bde35b4d16fb3a7c1adbfc03
hours:ce5e05d661cfaf7123a03a64,osm:node:8550864696,3,,open,0,1440,0,obs:bde35b4d16fb3a7c1adbfc03
hours:7a6dfc3b6141391af0f67b60,osm:node:8550864696,4,,open,0,1440,0,obs:bde35b4d16fb3a7c1adbfc03
hours:bb920f6ec67f04236fa4e517,osm:node:8550864696,5,,open,0,1440,0,obs:bde35b4d16fb3a7c1adbfc03
hours:a15ac00d0a68bb92ac0e9e63,osm:node:8550864696,6,,open,0,1440,0,obs:bde35b4d16fb3a7c1adbfc03
hours:19096d127964f999a81b2d1d,osm:node:8552881467,0,,open,0,1440,0,obs:b6bc0f59979fec035f57a5c4
hours:fc7ae0a6793eb929ebd8d6cf,osm:node:8552881467,1,,open,0,1440,0,obs:b6bc0f59979fec035f57a5c4
hours:e0ea393e631ad6a82462daa8,osm:node:8552881467,2,,open,0,1440,0,obs:b6bc0f59979fec035f57a5c4
hours:f81d096457b7b09a6a4b7054,osm:node:8552881467,3,,open,0,1440,0,obs:b6bc0f59979fec035f57a5c4
hours:bcaf999b6291329c782df923,osm:node:8552881467,4,,open,0,1440,0,obs:b6bc0f59979fec035f57a5c4
hours:8e8ed2c7570eb2124117c982,osm:node:8552881467,5,,open,0,1440,0,obs:b6bc0f59979fec035f57a5c4
hours:f47ca313afb48730847c3c80,osm:node:8552881467,6,,open,0,1440,0,obs:b6bc0f59979fec035f57a5c4
hours:7e0f06fa4be409f73e059720,osm:node:8616526719,0,,open,360,1200,0,obs:cf8c69785511fe17163ef1ea
hours:c54f06119ca0a3335a88e5c0,osm:node:8616526719,1,,open,360,1200,0,obs:cf8c69785511fe17163ef1ea
hours:8c5ca52b8bffd5ddf22b09b5,osm:node:8616526719,2,,open,360,1200,0,obs:cf8c69785511fe17163ef1ea
hours:2fcb6bfde7650062bc476305,osm:node:8616526719,3,,open,360,1200,0,obs:cf8c69785511fe17163ef1ea
hours:846c35df15510279c8fffeb2,osm:node:8616526719,4,,open,360,1200,0,obs:cf8c69785511fe17163ef1ea
hours:30d915d7a6f1174ecb1843a9,osm:node:8616526719,5,,open,360,1200,0,obs:cf8c69785511fe17163ef1ea
hours:1c08895a2153ca5be86bfaa2,osm:node:8616526719,6,,open,360,1200,0,obs:cf8c69785511fe17163ef1ea
hours:6c2edf303d9a67d9edf40f62,osm:node:8616536517,0,,open,375,585,0,obs:30caa255c3c647ebab5dd0ce
hours:3bcc7ab516bbecc7e6689cb8,osm:node:8616536517,1,,open,375,585,0,obs:30caa255c3c647ebab5dd0ce
hours:9c36abda38dabf3e92f93386,osm:node:8616536517,2,,open,375,585,0,obs:30caa255c3c647ebab5dd0ce
hours:352e82b43841fe3f2e9828a1,osm:node:8616536517,3,,open,375,585,0,obs:30caa255c3c647ebab5dd0ce
hours:3fb77c4d576aa5f9d8bafc60,osm:node:8616536517,4,,open,375,585,0,obs:30caa255c3c647ebab5dd0ce
hours:35e183c5e15c5911cf1b6c30,osm:node:8616536517,5,,open,375,585,0,obs:30caa255c3c647ebab5dd0ce
hours:8026f9869507cceea658bce5,osm:node:8616536517,6,,open,375,585,0,obs:30caa255c3c647ebab5dd0ce
hours:b10dbfaffdaaafe42ee4305b,osm:node:8616536618,0,,open,375,1380,0,obs:e148972262c5ac5116c33d5e
hours:5eda123f6abd8e34ca2b048c,osm:node:8616536618,1,,open,375,1380,0,obs:e148972262c5ac5116c33d5e
hours:e9e8c082f57236d1dd300735,osm:node:8616536618,2,,open,375,1380,0,obs:e148972262c5ac5116c33d5e
hours:89d06c7dc39f0de2c5481b00,osm:node:8616536618,3,,open,375,1380,0,obs:e148972262c5ac5116c33d5e
hours:39e67116c636901496765b98,osm:node:8616536618,4,,open,375,1380,0,obs:e148972262c5ac5116c33d5e
hours:ae5ac2a5c2abc7c7b9463967,osm:node:8616536618,5,,open,375,1380,0,obs:e148972262c5ac5116c33d5e
hours:cd8beb81f4595347ec44d646,osm:node:8616536618,6,,open,375,1380,0,obs:e148972262c5ac5116c33d5e
hours:51e7416205d5490d59c723fb,osm:node:8616537318,0,,open,390,1350,0,obs:b330dcd29749963724cf750d
hours:7f5f5118224ac9ef66efdbe0,osm:node:8616537318,1,,open,390,1350,0,obs:b330dcd29749963724cf750d
hours:cf8c225efc96604853a2f9ba,osm:node:8616537318,2,,open,390,1350,0,obs:b330dcd29749963724cf750d
hours:07a91c4c4deb35ed09c848f3,osm:node:8616537318,3,,open,390,1350,0,obs:b330dcd29749963724cf750d
hours:11fec73d2dab266ea6c8e73b,osm:node:8616537318,4,,open,390,1350,0,obs:b330dcd29749963724cf750d
hours:10f83deae15635469e09af78,osm:node:8616537318,5,,open,390,1350,0,obs:b330dcd29749963724cf750d
hours:bb705c4e6229d714479daea4,osm:node:8616537318,6,,open,390,1350,0,obs:b330dcd29749963724cf750d
hours:a4dca7dcbcec1f65aaeffa03,osm:node:8624261430,0,,open,540,1200,0,obs:70528e042d97286860f30776
hours:9b7c9e52dc2f809a7176d9ea,osm:node:8624261430,1,,open,540,1200,0,obs:70528e042d97286860f30776
hours:c0e3587119a69b7ea2b5e348,osm:node:8624261430,2,,open,540,1200,0,obs:70528e042d97286860f30776
hours:ece353f757a0a0ec58bf6d5d,osm:node:8624261430,3,,open,540,1200,0,obs:70528e042d97286860f30776
hours:ce53da306d8a1d0279c72abc,osm:node:8624261430,4,,open,540,1200,0,obs:70528e042d97286860f30776
hours:e05c59aad0788a977c4dc866,osm:node:8624261430,5,,open,540,1200,0,obs:70528e042d97286860f30776
hours:b8667f251d920eab387e3000,osm:node:8624261430,6,,open,540,1200,0,obs:70528e042d97286860f30776
hours:05dfbbf950b8a3a8e232f719,osm:node:8631526113,0,,open,660,840,0,obs:96060f2a129b7072b6362669
hours:340899060c9d6abbf3d4b35e,osm:node:8631526113,1,,open,660,840,0,obs:96060f2a129b7072b6362669
hours:1668da56196465efb654b17d,osm:node:8631526113,2,,open,660,840,0,obs:96060f2a129b7072b6362669
hours:5a4681f984ef1bb95eeeee08,osm:node:8631526113,3,,open,660,840,0,obs:96060f2a129b7072b6362669
hours:213daf760569bd7670df5e2b,osm:node:8631526113,4,,open,660,840,0,obs:96060f2a129b7072b6362669
hours:7e4791ce696a7740d9c0e630,osm:node:8631526113,5,,open,660,840,0,obs:96060f2a129b7072b6362669
hours:7f18a77539a52309daa4c8c4,osm:node:8631526113,6,,open,660,840,0,obs:96060f2a129b7072b6362669
hours:b6a730e551aa0ae1f985e51d,osm:node:8642895211,0,,open,540,1260,0,obs:8feafb6387bb2584bf2f67ca
hours:dfa072f639fb86fd64ab32d0,osm:node:8642895211,1,,open,540,1260,0,obs:8feafb6387bb2584bf2f67ca
hours:64a9e319f330da4236a8096c,osm:node:8642895211,2,,open,540,1260,0,obs:8feafb6387bb2584bf2f67ca
hours:0278f5fefba336b4d12a4376,osm:node:8642895211,3,,open,540,1260,0,obs:8feafb6387bb2584bf2f67ca
hours:3c61f5cdd6eac25b78193b0e,osm:node:8642895211,4,,open,540,1260,0,obs:8feafb6387bb2584bf2f67ca
hours:b79fe168bc88c1a0aa669475,osm:node:8642895211,5,,open,540,1260,0,obs:8feafb6387bb2584bf2f67ca
hours:a9737cae5c6fc84f0df00bf9,osm:node:8642895211,6,,open,540,1260,0,obs:8feafb6387bb2584bf2f67ca
hours:cd9fa20659a6db7430ff9e18,osm:node:8642895212,0,,open,480,1320,0,obs:f4f3c079dbf3c628a232fdf8
hours:67b97224c61a7c3ef7bbadc8,osm:node:8642895212,1,,open,480,1320,0,obs:f4f3c079dbf3c628a232fdf8
hours:a96e0130ffd7f632c611ef80,osm:node:8642895212,2,,open,480,1320,0,obs:f4f3c079dbf3c628a232fdf8
hours:15ea1552e9b61c1be8432356,osm:node:8642895212,3,,open,480,1320,0,obs:f4f3c079dbf3c628a232fdf8
hours:76a85c4e90ab739243b0f826,osm:node:8642895212,4,,open,480,1320,0,obs:f4f3c079dbf3c628a232fdf8
hours:e2fd989eb9b3640769e14205,osm:node:8642895212,5,,open,480,1320,0,obs:f4f3c079dbf3c628a232fdf8
hours:88d7bed0b3f5d64c58727a27,osm:node:8642895212,6,,open,480,1320,0,obs:f4f3c079dbf3c628a232fdf8
hours:8b9a13d676325e4bb8c4a1a7,osm:node:8670852103,0,,open,480,1320,0,obs:ee98320fe25e09fa04801bc7
hours:fdbf3cef977b84277d950327,osm:node:8670852103,1,,open,480,1320,0,obs:ee98320fe25e09fa04801bc7
hours:354b62aa63c130fe5069046d,osm:node:8670852103,2,,open,480,1320,0,obs:ee98320fe25e09fa04801bc7
hours:04973507f9ebfb4d8f113fe9,osm:node:8670852103,3,,open,480,1320,0,obs:ee98320fe25e09fa04801bc7
hours:a93095c7946cc66a07bbd28e,osm:node:8670852103,4,,open,480,1320,0,obs:ee98320fe25e09fa04801bc7
hours:d12b471608107bde0a6940f3,osm:node:8670852103,5,,open,480,1320,0,obs:ee98320fe25e09fa04801bc7
hours:3bd962055e8707a39a4acadc,osm:node:8670852103,6,,open,480,1320,0,obs:ee98320fe25e09fa04801bc7
hours:dba2efc543dffce9e3f75fc1,osm:node:8730613332,0,,open,480,1350,0,obs:395ed3b937da4b2ee3b31b32
hours:dbc5230511c76eb64bb2dfe7,osm:node:8730613332,1,,open,480,1350,0,obs:395ed3b937da4b2ee3b31b32
hours:1711ef538341161481f12d8a,osm:node:8730613332,2,,open,480,1350,0,obs:395ed3b937da4b2ee3b31b32
hours:ec3962f9ece169d0dce693f9,osm:node:8730613332,3,,open,480,1350,0,obs:395ed3b937da4b2ee3b31b32
hours:26100f5cca770a617d8127fc,osm:node:8730613332,4,,open,480,1350,0,obs:395ed3b937da4b2ee3b31b32
hours:fbcc2e9505af06170f454d66,osm:node:8730613332,5,,open,480,1350,0,obs:395ed3b937da4b2ee3b31b32
hours:53bbebc513ec06e5b74e00bf,osm:node:8730613332,6,,open,480,1350,0,obs:395ed3b937da4b2ee3b31b32
hours:109f2efa0d3f03e9e0ca1eb4,osm:node:8861967414,0,,open,360,1320,0,obs:41da82425e42c16827e0eec7
hours:d43942ee36730617c8c36945,osm:node:8861967414,1,,open,360,1320,0,obs:41da82425e42c16827e0eec7
hours:c0108afbb5f3b9f85ec3e717,osm:node:8861967414,2,,open,360,1320,0,obs:41da82425e42c16827e0eec7
hours:553b225afb290de0067e6016,osm:node:8861967414,3,,open,360,1320,0,obs:41da82425e42c16827e0eec7
hours:bcac1dc9dc5bcf95830bca55,osm:node:8861967414,4,,open,360,1320,0,obs:41da82425e42c16827e0eec7
hours:19abd0a5adcb6596011af88e,osm:node:8861967414,5,,open,360,1320,0,obs:41da82425e42c16827e0eec7
hours:c979766bf1df9c1f5fc87df7,osm:node:8861967414,6,,open,360,1320,0,obs:41da82425e42c16827e0eec7
hours:d21d9ec3a2840eac23d5722d,osm:node:8886603909,0,,open,420,1320,0,obs:9cba69c3bfc87f542a5b17d0
hours:117d1cd62e9b8e6a66276bc2,osm:node:8886603909,1,,open,420,1320,0,obs:9cba69c3bfc87f542a5b17d0
hours:b87b33664c89d60fb924e069,osm:node:8886603909,2,,open,420,1320,0,obs:9cba69c3bfc87f542a5b17d0
hours:b700c33fc3b756b1d9c4eca3,osm:node:8886603909,3,,open,420,1320,0,obs:9cba69c3bfc87f542a5b17d0
hours:e73c80f7a364ecf4b48947b2,osm:node:8886603909,4,,open,420,1320,0,obs:9cba69c3bfc87f542a5b17d0
hours:c1228480e8f80e016e99ff4b,osm:node:8886603909,5,,open,420,1320,0,obs:9cba69c3bfc87f542a5b17d0
hours:0fb446e7b11c6778d7934f73,osm:node:8886603909,6,,open,420,1320,0,obs:9cba69c3bfc87f542a5b17d0
hours:96059ef64e9287e92dcdce73,osm:node:8898835625,0,,open,690,840,0,obs:7735d465e913b70e004e2135
hours:676668b10811b490cb026f66,osm:node:8898835625,0,,open,1050,1440,0,obs:7735d465e913b70e004e2135
hours:4d425766953a200a92d9b823,osm:node:8898835625,1,,open,690,840,0,obs:7735d465e913b70e004e2135
hours:76e7ea0f75e9f7980435ae2a,osm:node:8898835625,1,,open,1050,1440,0,obs:7735d465e913b70e004e2135
hours:e016514d8a61ddbb96dd1818,osm:node:8898835625,2,,open,690,840,0,obs:7735d465e913b70e004e2135
hours:02924ca40380248884ddb794,osm:node:8898835625,2,,open,1050,1440,0,obs:7735d465e913b70e004e2135
hours:1bbc45ca7ae88ef6f83e368a,osm:node:8898835625,3,,open,690,840,0,obs:7735d465e913b70e004e2135
hours:825b64ab8ad46638403181dd,osm:node:8898835625,3,,open,1050,1440,0,obs:7735d465e913b70e004e2135
hours:e2b1071ea851faf7cb6c6080,osm:node:8898835625,4,,open,690,840,0,obs:7735d465e913b70e004e2135
hours:9fbe2720b1c4707ae4338c88,osm:node:8898835625,4,,open,1050,1440,0,obs:7735d465e913b70e004e2135
hours:8679968651f364fe72abb86e,osm:node:8898835625,5,,open,690,840,0,obs:7735d465e913b70e004e2135
hours:5bff165433cf581b4b89b3c9,osm:node:8898835625,5,,open,1050,1440,0,obs:7735d465e913b70e004e2135
hours:a0c179239e12b24f85bf51ed,osm:node:8898835625,6,,open,690,840,0,obs:7735d465e913b70e004e2135
hours:5fd7b10ac57399e50168f875,osm:node:8898835625,6,,open,1050,1440,0,obs:7735d465e913b70e004e2135
hours:3fbc8d3ec728f15c1ac5d43d,osm:node:8913119456,0,,open,600,1255,0,obs:47f91cbecc05360d882076e5
hours:eebad6fad67ad7941dd97406,osm:node:8913119456,1,,open,600,1255,0,obs:47f91cbecc05360d882076e5
hours:7593d3f5118e3d1933ceab25,osm:node:8913119456,2,,open,600,1255,0,obs:47f91cbecc05360d882076e5
hours:6c39c92227f9e53c083bb72a,osm:node:8913119456,3,,open,600,1255,0,obs:47f91cbecc05360d882076e5
hours:4120b2c5192f5056a65da38a,osm:node:8913119456,4,,open,600,1255,0,obs:47f91cbecc05360d882076e5
hours:a5280189c5beeddc699f7de9,osm:node:8913119456,5,,open,600,1255,0,obs:47f91cbecc05360d882076e5
hours:519ea3ec19020f4a20459e17,osm:node:8913119456,6,,open,600,1255,0,obs:47f91cbecc05360d882076e5
hours:d41bf6177170039673232e8f,osm:node:8938779418,0,,open,510,1350,0,obs:e0c004d83886be0e45d92c88
hours:da410c552eb4b8b3cf9eae55,osm:node:8938779418,1,,open,510,1350,0,obs:e0c004d83886be0e45d92c88
hours:a3035053bc15a2feccea5ef4,osm:node:8938779418,2,,open,510,1350,0,obs:e0c004d83886be0e45d92c88
hours:c3b502de6fcab8a117c54e60,osm:node:8938779418,3,,open,510,1350,0,obs:e0c004d83886be0e45d92c88
hours:5f668f21bf77f63e8839ff43,osm:node:8938779418,4,,open,510,1350,0,obs:e0c004d83886be0e45d92c88
hours:9ed935aa4492eb407d1c7783,osm:node:8938779418,5,,open,510,1350,0,obs:e0c004d83886be0e45d92c88
hours:88d2a7d72456ee136690a46f,osm:node:8938779418,6,,open,510,1350,0,obs:e0c004d83886be0e45d92c88
hours:aaef1959fb12ab87d0ff53fb,osm:node:8942732117,0,,open,480,1320,0,obs:17890b34bc25f97888e214ca
hours:6e4fe336da166805fef58918,osm:node:8942732117,1,,open,480,1320,0,obs:17890b34bc25f97888e214ca
hours:b0228b68a0fb5eb724068434,osm:node:8942732117,2,,open,480,1320,0,obs:17890b34bc25f97888e214ca
hours:0b590b0a7f01f12cfcac26e2,osm:node:8942732117,3,,open,480,1320,0,obs:17890b34bc25f97888e214ca
hours:434b0aa40e7085123e977470,osm:node:8942732117,4,,open,480,1320,0,obs:17890b34bc25f97888e214ca
hours:d7feffe28a569e8898f3603c,osm:node:8942732117,5,,open,480,1320,0,obs:17890b34bc25f97888e214ca
hours:e2e140dff08f34675ba4e96f,osm:node:8942732117,6,,open,480,1320,0,obs:17890b34bc25f97888e214ca
hours:91475abcce3aaed45a5b710f,osm:node:9109491917,0,,open,480,1350,0,obs:6b212c4f19e3d5a0fde8fef7
hours:cfb81f61f70fe09daa6c78f1,osm:node:9109491917,1,,open,480,1350,0,obs:6b212c4f19e3d5a0fde8fef7
hours:a261a3a859c588009e75ad61,osm:node:9109491917,2,,open,480,1350,0,obs:6b212c4f19e3d5a0fde8fef7
hours:0aa71c39eff28d1620e5c46d,osm:node:9109491917,3,,open,480,1350,0,obs:6b212c4f19e3d5a0fde8fef7
hours:289742d70efa4a34b6c19654,osm:node:9109491917,4,,open,480,1350,0,obs:6b212c4f19e3d5a0fde8fef7
hours:e6897e881dc0de5101ce0d6d,osm:node:9109491917,5,,open,480,1350,0,obs:6b212c4f19e3d5a0fde8fef7
hours:c225026e465154eefb61cdc1,osm:node:9109491917,6,,open,480,1350,0,obs:6b212c4f19e3d5a0fde8fef7
hours:414cebb5eabb438abd98cbf5,osm:node:9181828827,0,,open,0,1440,0,obs:7f9a86e1d2a9d79c1f296398
hours:08fcb0f6ad0085feee89092f,osm:node:9181828827,1,,open,0,1440,0,obs:7f9a86e1d2a9d79c1f296398
hours:0ef8146092b1accb7136c5d5,osm:node:9181828827,2,,open,0,1440,0,obs:7f9a86e1d2a9d79c1f296398
hours:c20cbdec4c866825b0c42804,osm:node:9181828827,3,,open,0,1440,0,obs:7f9a86e1d2a9d79c1f296398
hours:ac4a33482cb40df0eeb0654f,osm:node:9181828827,4,,open,0,1440,0,obs:7f9a86e1d2a9d79c1f296398
hours:3696e65d5b059f620d884078,osm:node:9181828827,5,,open,0,1440,0,obs:7f9a86e1d2a9d79c1f296398
hours:38210521302b3da6bde91c5b,osm:node:9181828827,6,,open,0,1440,0,obs:7f9a86e1d2a9d79c1f296398
hours:14c00602762563b52db4b8bc,osm:node:9367555791,0,,open,480,1320,0,obs:b49aeb483f5bc14f6cd6dc8a
hours:f31546ddc6475935c3c591e2,osm:node:9367555791,1,,open,480,1320,0,obs:b49aeb483f5bc14f6cd6dc8a
hours:65b8154abde015d1f1e423c1,osm:node:9367555791,2,,open,480,1320,0,obs:b49aeb483f5bc14f6cd6dc8a
hours:433a2d53c98fffd162a891cf,osm:node:9367555791,3,,open,480,1320,0,obs:b49aeb483f5bc14f6cd6dc8a
hours:88353b94b9b4c43fe3d7eac8,osm:node:9367555791,4,,open,480,1320,0,obs:b49aeb483f5bc14f6cd6dc8a
hours:749d7e97b9f57907b395982b,osm:node:9367555791,5,,open,480,1320,0,obs:b49aeb483f5bc14f6cd6dc8a
hours:1a8780fec877991c43030948,osm:node:9367555791,6,,open,480,1320,0,obs:b49aeb483f5bc14f6cd6dc8a
hours:1a6ce35a9614ccc9b51a3eae,osm:node:9448868743,0,,open,0,1440,0,obs:76e43294e1b4a797a2f1ac7a
hours:7fa9155f219088b9a66e0cd2,osm:node:9448868743,1,,open,0,1440,0,obs:76e43294e1b4a797a2f1ac7a
hours:34376dce81ac3bb6e026f71c,osm:node:9448868743,2,,open,0,1440,0,obs:76e43294e1b4a797a2f1ac7a
hours:afd7d3d2756f54be46124f43,osm:node:9448868743,3,,open,0,1440,0,obs:76e43294e1b4a797a2f1ac7a
hours:7e75a90d867ea089bb94a2a1,osm:node:9448868743,4,,open,0,1440,0,obs:76e43294e1b4a797a2f1ac7a
hours:5399e2dd331d7db0f53a1d7e,osm:node:9448868743,5,,open,0,1440,0,obs:76e43294e1b4a797a2f1ac7a
hours:41b6b926c6a5791cd774a210,osm:node:9448868743,6,,open,0,1440,0,obs:76e43294e1b4a797a2f1ac7a
hours:5d34b7218a7d763a8ac57bc1,osm:node:9459565251,0,,open,480,1080,0,obs:1dad3a46622e893db95fe821
hours:8653f6519227ae68bc539346,osm:node:9459565251,1,,open,480,1080,0,obs:1dad3a46622e893db95fe821
hours:db68ab08d7f1a3d9c0cccee9,osm:node:9459565251,2,,open,480,1080,0,obs:1dad3a46622e893db95fe821
hours:731145aba0138c602b197b3d,osm:node:9459565251,3,,open,480,1080,0,obs:1dad3a46622e893db95fe821
hours:1a409c39604d4c40f404231d,osm:node:9459565251,4,,open,480,1080,0,obs:1dad3a46622e893db95fe821
hours:47db8db7e74757589095ce4d,osm:node:9459565251,5,,open,480,1080,0,obs:1dad3a46622e893db95fe821
hours:d59b19c5cfe5a2f494740419,osm:node:9459565251,6,,open,480,1080,0,obs:1dad3a46622e893db95fe821
hours:d7325c76429364637b141618,osm:node:9498052071,0,,open,480,1320,0,obs:dbe941a778fc708e910650f9
hours:6b888a2c0dc2b2e0f87dee61,osm:node:9498052071,1,,open,480,1320,0,obs:dbe941a778fc708e910650f9
hours:f3c2845094f8f58618a371a6,osm:node:9498052071,2,,open,480,1320,0,obs:dbe941a778fc708e910650f9
hours:cfd613b0213ffc8a80b86aa8,osm:node:9498052071,3,,open,480,1320,0,obs:dbe941a778fc708e910650f9
hours:90572522730bf077b098165e,osm:node:9498052071,4,,open,480,1320,0,obs:dbe941a778fc708e910650f9
hours:e760837d171b25b541f2c583,osm:node:9498052071,5,,open,480,1320,0,obs:dbe941a778fc708e910650f9
hours:ff5d1239c55e28ebd90b4923,osm:node:9498052071,6,,open,480,1320,0,obs:dbe941a778fc708e910650f9
hours:3ce3158f3d9992f434a6c87b,osm:node:9529282481,0,,open,0,1440,0,obs:4054837a5ddc3d25638631c9
hours:3ed6f0ee40ca713d77e62c91,osm:node:9529282481,1,,open,0,1440,0,obs:4054837a5ddc3d25638631c9
hours:9297fbbeda6cc298ece1fd41,osm:node:9529282481,2,,open,0,1440,0,obs:4054837a5ddc3d25638631c9
hours:dabbd27c45fc2dc40d92d444,osm:node:9529282481,3,,open,0,1440,0,obs:4054837a5ddc3d25638631c9
hours:ea31104395d3b9f43f5ab981,osm:node:9529282481,4,,open,0,1440,0,obs:4054837a5ddc3d25638631c9
hours:78427117e73b423b58c9b83f,osm:node:9529282481,5,,open,0,1440,0,obs:4054837a5ddc3d25638631c9
hours:71a6c210b06557e6085112e3,osm:node:9529282481,6,,open,0,1440,0,obs:4054837a5ddc3d25638631c9
hours:afdf80d16b00b313d10124f4,osm:node:9551695378,0,,open,540,1260,0,obs:1f7ef2cd892053f6713f015e
hours:74c7ea7919f9650701dcf61b,osm:node:9551695378,1,,open,540,1260,0,obs:1f7ef2cd892053f6713f015e
hours:b52b00377650856bd00001e2,osm:node:9551695378,2,,open,540,1260,0,obs:1f7ef2cd892053f6713f015e
hours:eb5eddead0c22364aec1e5c0,osm:node:9551695378,3,,open,540,1260,0,obs:1f7ef2cd892053f6713f015e
hours:539c9ee63aebdfb89d06cc90,osm:node:9551695378,4,,open,540,1260,0,obs:1f7ef2cd892053f6713f015e
hours:9fd74d39efde88790635a0a9,osm:node:9551695378,5,,open,540,1260,0,obs:1f7ef2cd892053f6713f015e
hours:2821c7ba6d79416121dbf6e2,osm:node:9551695378,6,,open,540,1260,0,obs:1f7ef2cd892053f6713f015e
hours:b0674875bc5fa8bb10ea6bac,osm:node:9551699235,0,,open,600,1320,0,obs:f87062e778133a63c30f0e67
hours:cf9f4e486ef388816e250422,osm:node:9551699235,1,,open,600,1320,0,obs:f87062e778133a63c30f0e67
hours:c56910b671db1fbdd89892da,osm:node:9551699235,2,,open,600,1320,0,obs:f87062e778133a63c30f0e67
hours:1b238ce9131c14994ead3fa9,osm:node:9551699235,3,,open,600,1320,0,obs:f87062e778133a63c30f0e67
hours:f029c252a0778670ee9c32f5,osm:node:9551699235,4,,open,600,1320,0,obs:f87062e778133a63c30f0e67
hours:3999327bc30864e207472136,osm:node:9551699235,5,,open,600,1320,0,obs:f87062e778133a63c30f0e67
hours:fb5921491514a20ac6a74a74,osm:node:9551699235,6,,open,600,1320,0,obs:f87062e778133a63c30f0e67
hours:d999c945d50ba3543f2fac01,osm:node:9551703841,0,,open,600,1320,0,obs:2b0f4d999a44d77e64ce6b28
hours:b8a22d31d7a0a4f34205abab,osm:node:9551703841,1,,open,600,1320,0,obs:2b0f4d999a44d77e64ce6b28
hours:1c3aec05dfeb0e3980601249,osm:node:9551703841,2,,open,600,1320,0,obs:2b0f4d999a44d77e64ce6b28
hours:a26449491f594a9e338d8684,osm:node:9551703841,3,,open,600,1320,0,obs:2b0f4d999a44d77e64ce6b28
hours:7327e5e11abc353fafab372e,osm:node:9551703841,4,,open,600,1320,0,obs:2b0f4d999a44d77e64ce6b28
hours:7a7aa2584202bee001cf409b,osm:node:9551703841,5,,open,600,1320,0,obs:2b0f4d999a44d77e64ce6b28
hours:7edf56b38a4a8228e48f4770,osm:node:9551703841,6,,open,600,1320,0,obs:2b0f4d999a44d77e64ce6b28
hours:83c5eea56d30cc1c8919b052,osm:node:9669902669,0,,open,540,1290,0,obs:50aa7cc569dbaabb68d58fce
hours:320f3139cd7927713ae49ec7,osm:node:9669902669,1,,open,540,1290,0,obs:50aa7cc569dbaabb68d58fce
hours:c0e35ee5ba6f85a14a4a5568,osm:node:9669902669,2,,open,540,1290,0,obs:50aa7cc569dbaabb68d58fce
hours:7fa9375fde82d291f5eb2cdb,osm:node:9669902669,3,,open,540,1290,0,obs:50aa7cc569dbaabb68d58fce
hours:94e8e537b50b7864306d0584,osm:node:9669902669,4,,open,540,1290,0,obs:50aa7cc569dbaabb68d58fce
hours:8e3f35af7231e5da45787740,osm:node:9669902669,5,,open,540,1290,0,obs:50aa7cc569dbaabb68d58fce
hours:2fcc0f13a58bfa0f10132fcd,osm:node:9669902669,6,,open,540,1290,0,obs:50aa7cc569dbaabb68d58fce
hours:c3385e7d7da6e2b055df916b,osm:node:9682900196,0,,open,0,1440,0,obs:ba55af70f00f88ec567ea027
hours:83c127a8ae8b6596c4d68153,osm:node:9682900196,1,,open,0,1440,0,obs:ba55af70f00f88ec567ea027
hours:122438f4281d140ca36c7e7b,osm:node:9682900196,2,,open,0,1440,0,obs:ba55af70f00f88ec567ea027
hours:08df18a5025f3f07b7c9ab41,osm:node:9682900196,3,,open,0,1440,0,obs:ba55af70f00f88ec567ea027
hours:9e41eaeba6a9ce69debfea15,osm:node:9682900196,4,,open,0,1440,0,obs:ba55af70f00f88ec567ea027
hours:3f5f93b45267511e88759901,osm:node:9682900196,5,,open,0,1440,0,obs:ba55af70f00f88ec567ea027
hours:fc2fae31bb5cd5ee9db5d690,osm:node:9682900196,6,,open,0,1440,0,obs:ba55af70f00f88ec567ea027
hours:1e5d9cc2b3fe760df491dfd9,osm:node:9683275500,0,,open,600,1260,0,obs:4c86736c805e08226a5ef765
hours:6c0882e678fb60a07a1866de,osm:node:9683275500,1,,open,600,1260,0,obs:4c86736c805e08226a5ef765
hours:8028e71de5c86c56e87e05e0,osm:node:9683275500,2,,open,600,1260,0,obs:4c86736c805e08226a5ef765
hours:9d87ef530388a2d070f7a16a,osm:node:9683275500,3,,open,600,1260,0,obs:4c86736c805e08226a5ef765
hours:05e8f8de314cf50441f1c694,osm:node:9683275500,4,,open,600,1260,0,obs:4c86736c805e08226a5ef765
hours:89ed54f1f02c9c3828320a31,osm:node:9683275500,5,,open,600,1260,0,obs:4c86736c805e08226a5ef765
hours:6eae375d4a2f63545db0f051,osm:node:9683275500,6,,open,600,1260,0,obs:4c86736c805e08226a5ef765
hours:16e172532cc40540955f77f2,osm:node:9805222029,0,,open,450,1350,0,obs:af19eefe887a0fdeea060cdb
hours:983e9883b4c6402e18f424a4,osm:node:9805222029,1,,open,450,1350,0,obs:af19eefe887a0fdeea060cdb
hours:b08f162e17aca96ab59126de,osm:node:9805222029,2,,open,450,1350,0,obs:af19eefe887a0fdeea060cdb
hours:32f623ae101d8a0a942d51b9,osm:node:9805222029,3,,open,450,1350,0,obs:af19eefe887a0fdeea060cdb
hours:c274baa6acb255740b984de3,osm:node:9805222029,4,,open,450,1350,0,obs:af19eefe887a0fdeea060cdb
hours:0c8a695e2fd3f2921c691ba8,osm:node:9805222029,5,,open,450,1350,0,obs:af19eefe887a0fdeea060cdb
hours:553b37d3a2e711a8f6d8116c,osm:node:9805222029,6,,open,450,1350,0,obs:af19eefe887a0fdeea060cdb
hours:2a26cf44901dfbae9bdeecd8,osm:node:9805222030,0,,open,540,1320,0,obs:43fd09142a591d3c041c00de
hours:06545ed24ebb30b17379546f,osm:node:9805222030,1,,open,540,1320,0,obs:43fd09142a591d3c041c00de
hours:76d1314e10a25e6f46feb0af,osm:node:9805222030,2,,open,540,1320,0,obs:43fd09142a591d3c041c00de
hours:a9d938ae97480667c709027e,osm:node:9805222030,3,,open,540,1320,0,obs:43fd09142a591d3c041c00de
hours:a0abe3bca4942a2763095474,osm:node:9805222030,4,,open,540,1320,0,obs:43fd09142a591d3c041c00de
hours:7394e70d4684566cda12ca1d,osm:node:9805222030,5,,open,540,1320,0,obs:43fd09142a591d3c041c00de
hours:bb3da2b0e0698ef01a5761e9,osm:node:9805222030,6,,open,540,1320,0,obs:43fd09142a591d3c041c00de
hours:5f962a8dc2d20aa5865e97c2,osm:node:9805222032,0,,open,450,1350,0,obs:7cef2547a4ed2ee51c8048de
hours:54140a6ce87f6102263a0e4b,osm:node:9805222032,1,,open,450,1350,0,obs:7cef2547a4ed2ee51c8048de
hours:294db44781dc814721007496,osm:node:9805222032,2,,open,450,1350,0,obs:7cef2547a4ed2ee51c8048de
hours:fb700c27899ca4d8f60ffc71,osm:node:9805222032,3,,open,450,1350,0,obs:7cef2547a4ed2ee51c8048de
hours:8f94cab718800928e900d651,osm:node:9805222032,4,,open,450,1350,0,obs:7cef2547a4ed2ee51c8048de
hours:02e5ab738fc3ad393bdcde7e,osm:node:9805222032,5,,open,450,1350,0,obs:7cef2547a4ed2ee51c8048de
hours:d530f06fe88e9b569aea88b0,osm:node:9805222032,6,,open,450,1350,0,obs:7cef2547a4ed2ee51c8048de
hours:b545ea9c56d74e7208e6d91f,osm:node:9805222034,0,,open,420,1380,0,obs:f56f59af30d0349210ac92ca
hours:038f40e1df592568d58e533c,osm:node:9805222034,1,,open,420,1380,0,obs:f56f59af30d0349210ac92ca
hours:19fd33d13d06fca74674f405,osm:node:9805222034,2,,open,420,1380,0,obs:f56f59af30d0349210ac92ca
hours:da5c2757cc8c24a3fb450c9a,osm:node:9805222034,3,,open,420,1380,0,obs:f56f59af30d0349210ac92ca
hours:ceeb4889f58d80195697e719,osm:node:9805222034,4,,open,420,1380,0,obs:f56f59af30d0349210ac92ca
hours:e97d059fe8aed72c9e573ce5,osm:node:9805222034,5,,open,420,1380,0,obs:f56f59af30d0349210ac92ca
hours:12a1bebbc3e2113fcd1a2de6,osm:node:9805222034,6,,open,420,1380,0,obs:f56f59af30d0349210ac92ca
hours:5136c2f46273951324bc1c9f,osm:node:9805222035,0,,open,480,1380,0,obs:8b1ec8f7cfbcd5c5931a1833
hours:0394101a587299ec6e234fa6,osm:node:9805222035,1,,open,480,1380,0,obs:8b1ec8f7cfbcd5c5931a1833
hours:c713c95dc15b893d8a172014,osm:node:9805222035,2,,open,480,1380,0,obs:8b1ec8f7cfbcd5c5931a1833
hours:4e9e887d82b797085ca906ba,osm:node:9805222035,3,,open,480,1380,0,obs:8b1ec8f7cfbcd5c5931a1833
hours:3768c28e3215d8e6d1fb6e59,osm:node:9805222035,4,,open,480,1380,0,obs:8b1ec8f7cfbcd5c5931a1833
hours:044d47e5f6dc52067ce00719,osm:node:9805222035,5,,open,480,1380,0,obs:8b1ec8f7cfbcd5c5931a1833
hours:c4f9837ed37eed25c63b0d36,osm:node:9805222035,6,,open,480,1380,0,obs:8b1ec8f7cfbcd5c5931a1833
hours:81f99e04258c8ed76c2c96d9,osm:node:9805222039,0,,open,540,1380,0,obs:31b76f13eacba098ea672bc3
hours:e2b9fde51cb604e94b4dbe1b,osm:node:9805222039,1,,open,540,1380,0,obs:31b76f13eacba098ea672bc3
hours:2afef1bc96efb02901ae0f6b,osm:node:9805222039,2,,open,540,1380,0,obs:31b76f13eacba098ea672bc3
hours:9dc0530f5c3c3989c615a689,osm:node:9805222039,3,,open,540,1380,0,obs:31b76f13eacba098ea672bc3
hours:06d59a2877c89a619811dae2,osm:node:9805222039,4,,open,540,1380,0,obs:31b76f13eacba098ea672bc3
hours:6eaea2da462647e6812c6ec3,osm:node:9805222039,5,,open,540,1380,0,obs:31b76f13eacba098ea672bc3
hours:f1f7a5f98aa04dca46853d08,osm:node:9805222039,6,,open,540,1380,0,obs:31b76f13eacba098ea672bc3
hours:f168845f8afe98274fd2bb67,osm:node:9805222040,0,,open,510,1350,0,obs:a5782cead7a9a7bee73b3377
hours:ccb100a7d2cd57aaffc0d2d7,osm:node:9805222040,1,,open,510,1350,0,obs:a5782cead7a9a7bee73b3377
hours:e4ae516c5c82c1f0379c4b11,osm:node:9805222040,2,,open,510,1350,0,obs:a5782cead7a9a7bee73b3377
hours:52578b0c75a9eac72177d740,osm:node:9805222040,3,,open,510,1350,0,obs:a5782cead7a9a7bee73b3377
hours:76601d2dff80fb2d804c696e,osm:node:9805222040,4,,open,510,1350,0,obs:a5782cead7a9a7bee73b3377
hours:6ea6eb0cf3f460fd34f6349d,osm:node:9805222040,5,,open,510,1350,0,obs:a5782cead7a9a7bee73b3377
hours:18e024e2c6905762398ac756,osm:node:9805222040,6,,open,510,1350,0,obs:a5782cead7a9a7bee73b3377
hours:a2cfe2691a65c85fbb0196a9,osm:node:9805222042,0,,open,390,1380,0,obs:7c1e997e33e101f9eaf3c8b4
hours:bf4434f8b4bd532e59a0643e,osm:node:9805222042,1,,open,390,1380,0,obs:7c1e997e33e101f9eaf3c8b4
hours:036bba7d912a177a811a6494,osm:node:9805222042,2,,open,390,1380,0,obs:7c1e997e33e101f9eaf3c8b4
hours:b3a50eb24dac46fd044aa7b0,osm:node:9805222042,3,,open,390,1380,0,obs:7c1e997e33e101f9eaf3c8b4
hours:5283b7b2fc0c0cfa9173be8a,osm:node:9805222042,4,,open,390,1380,0,obs:7c1e997e33e101f9eaf3c8b4
hours:9e7558c8705e615a406ed8ac,osm:node:9805222042,5,,open,390,1380,0,obs:7c1e997e33e101f9eaf3c8b4
hours:f807c01ff0034f93229cf419,osm:node:9805222042,6,,open,390,1380,0,obs:7c1e997e33e101f9eaf3c8b4
hours:23c0604516778dec5813253e,osm:node:9805222044,0,,open,420,1260,0,obs:102bc928858cc9f10e557ade
hours:c6dcb12137bf2dabed49d9e7,osm:node:9805222044,1,,open,420,1260,0,obs:102bc928858cc9f10e557ade
hours:61a08bc102fc13f5f7803703,osm:node:9805222044,2,,open,420,1260,0,obs:102bc928858cc9f10e557ade
hours:90deb2afd099ddbaa1c55d43,osm:node:9805222044,3,,open,420,1260,0,obs:102bc928858cc9f10e557ade
hours:2a01bab83d3a35fe9293ea19,osm:node:9805222044,4,,open,420,1260,0,obs:102bc928858cc9f10e557ade
hours:3eff1f63319b2348610baead,osm:node:9805222044,5,,open,420,1260,0,obs:102bc928858cc9f10e557ade
hours:30a105314d41892a1402bb42,osm:node:9805222044,6,,open,420,1260,0,obs:102bc928858cc9f10e557ade
hours:d049bb60ef818661f1fa73ca,osm:node:9805222045,0,,open,480,1380,0,obs:8f4a74dde22fbc8635440e5c
hours:d6c26a4e010ccfd01c5ef3ed,osm:node:9805222045,1,,open,480,1380,0,obs:8f4a74dde22fbc8635440e5c
hours:c9bff159d694e2a02ca14bbd,osm:node:9805222045,2,,open,480,1380,0,obs:8f4a74dde22fbc8635440e5c
hours:75be1c0de3f2b33c471a3f2b,osm:node:9805222045,3,,open,480,1380,0,obs:8f4a74dde22fbc8635440e5c
hours:04ae1dfc9510fa17b9188574,osm:node:9805222045,4,,open,480,1380,0,obs:8f4a74dde22fbc8635440e5c
hours:0126aaac2d23315a975911c0,osm:node:9805222045,5,,open,480,1380,0,obs:8f4a74dde22fbc8635440e5c
hours:3c169914ac0d746b6291304a,osm:node:9805222045,6,,open,480,1380,0,obs:8f4a74dde22fbc8635440e5c
hours:dbeebde34e1dd97687658ea9,osm:node:9805222047,0,,open,510,1350,0,obs:b9eb6915964daec5a19d2ad9
hours:e211952f3e6c225c9573ea05,osm:node:9805222047,1,,open,510,1350,0,obs:b9eb6915964daec5a19d2ad9
hours:5a041ffc9abdae69626f95ce,osm:node:9805222047,2,,open,510,1350,0,obs:b9eb6915964daec5a19d2ad9
hours:066853612e8fc55ee8523871,osm:node:9805222047,3,,open,510,1350,0,obs:b9eb6915964daec5a19d2ad9
hours:a7c684ad03d65b32d4c96fb4,osm:node:9805222047,4,,open,510,1350,0,obs:b9eb6915964daec5a19d2ad9
hours:1b1239ea477115ee4ee145f9,osm:node:9805222047,5,,open,510,1350,0,obs:b9eb6915964daec5a19d2ad9
hours:7ee35609ab2aaa8ca922ec09,osm:node:9805222047,6,,open,510,1350,0,obs:b9eb6915964daec5a19d2ad9
hours:f6f5ee31146affab76f22572,osm:node:9805222049,0,,open,420,1380,0,obs:8806ea74a9eda76f88bf850c
hours:9003eb0295b6d99683e28c3d,osm:node:9805222049,1,,open,420,1380,0,obs:8806ea74a9eda76f88bf850c
hours:46f34a051bc473dc2d8dbe60,osm:node:9805222049,2,,open,420,1380,0,obs:8806ea74a9eda76f88bf850c
hours:911969ad98fedaaba3470768,osm:node:9805222049,3,,open,420,1380,0,obs:8806ea74a9eda76f88bf850c
hours:993002902046d64b3facc568,osm:node:9805222049,4,,open,420,1380,0,obs:8806ea74a9eda76f88bf850c
hours:9b69681cc4a7b99e7bcc6f33,osm:node:9805222049,5,,open,420,1380,0,obs:8806ea74a9eda76f88bf850c
hours:7044a845e3ff99f836f32ea3,osm:node:9805222049,6,,open,420,1380,0,obs:8806ea74a9eda76f88bf850c
hours:b67c11e74b1c90023a746f87,osm:node:9805222050,0,,open,420,1380,0,obs:0f397151ca8b4d79c9251ff2
hours:96bc1d0fcc3f06c2bdad0b58,osm:node:9805222050,1,,open,420,1380,0,obs:0f397151ca8b4d79c9251ff2
hours:318e0254b9415dda26e8302f,osm:node:9805222050,2,,open,420,1380,0,obs:0f397151ca8b4d79c9251ff2
hours:ea7895b33d19d06e5f96d1ce,osm:node:9805222050,3,,open,420,1380,0,obs:0f397151ca8b4d79c9251ff2
hours:e0e2483db3e82e467669fb36,osm:node:9805222050,4,,open,420,1380,0,obs:0f397151ca8b4d79c9251ff2
hours:1bbf096e6ba0610093a58e96,osm:node:9805222050,5,,open,420,1380,0,obs:0f397151ca8b4d79c9251ff2
hours:1aa90b8701545648cc8cf5bc,osm:node:9805222050,6,,open,420,1380,0,obs:0f397151ca8b4d79c9251ff2
hours:6bdd82a73ef39dd3069740c7,osm:node:9805222052,0,,open,480,1380,0,obs:fa778946be5b32b3bc5e68b7
hours:5e749fa4eb35a09e01b3a7f0,osm:node:9805222052,1,,open,480,1380,0,obs:fa778946be5b32b3bc5e68b7
hours:fe64c877cc78987388eae9c8,osm:node:9805222052,2,,open,480,1380,0,obs:fa778946be5b32b3bc5e68b7
hours:531b30d2de79ca9751549f55,osm:node:9805222052,3,,open,480,1380,0,obs:fa778946be5b32b3bc5e68b7
hours:e16d3cc37eeb77fd8d465c09,osm:node:9805222052,4,,open,480,1380,0,obs:fa778946be5b32b3bc5e68b7
hours:58c73f5cad7ba2a884488669,osm:node:9805222052,5,,open,480,1380,0,obs:fa778946be5b32b3bc5e68b7
hours:0ec0a6d98da8f18cca4dcefa,osm:node:9805222052,6,,open,480,1380,0,obs:fa778946be5b32b3bc5e68b7
hours:43d44787664c75caccb385f8,osm:node:9805222054,0,,open,510,1380,0,obs:2467679cab9db0b39be2c0bc
hours:0ac3fbb9b9aca53efbfc0bb4,osm:node:9805222054,1,,open,510,1380,0,obs:2467679cab9db0b39be2c0bc
hours:b42b788c274adc5d129c6455,osm:node:9805222054,2,,open,510,1380,0,obs:2467679cab9db0b39be2c0bc
hours:1d33ae7bc5d6bcfdde220006,osm:node:9805222054,3,,open,510,1380,0,obs:2467679cab9db0b39be2c0bc
hours:5eed7115004a0886c96d02e4,osm:node:9805222054,4,,open,510,1380,0,obs:2467679cab9db0b39be2c0bc
hours:95b003e5a8ee6705eb60d581,osm:node:9805222054,5,,open,510,1380,0,obs:2467679cab9db0b39be2c0bc
hours:618b374d6e491a2209a76672,osm:node:9805222054,6,,open,510,1380,0,obs:2467679cab9db0b39be2c0bc
hours:d27826501c4ce3e15e7469e5,osm:node:9805222058,0,,open,510,1350,0,obs:4efb481f38cc95b31a2ee9dc
hours:94bbda45a0971869b449f572,osm:node:9805222058,1,,open,510,1350,0,obs:4efb481f38cc95b31a2ee9dc
hours:6773db96494fe8ee3d5dc2d1,osm:node:9805222058,2,,open,510,1350,0,obs:4efb481f38cc95b31a2ee9dc
hours:5b139eb29e5d9d64466ec9f4,osm:node:9805222058,3,,open,510,1350,0,obs:4efb481f38cc95b31a2ee9dc
hours:e1756f49f9377bba761a83cb,osm:node:9805222058,4,,open,510,1350,0,obs:4efb481f38cc95b31a2ee9dc
hours:d82161313f90513911e647ec,osm:node:9805222058,5,,open,510,1350,0,obs:4efb481f38cc95b31a2ee9dc
hours:eee57444d7ff565a2601fd8a,osm:node:9805222058,6,,open,510,1350,0,obs:4efb481f38cc95b31a2ee9dc
hours:e29658bce2e87a5e34ee519b,osm:node:9869536950,0,,open,0,1440,0,obs:e41f5768eb933cf226535854
hours:13f2f3b37fc8abcfeb704efd,osm:node:9869536950,1,,open,0,1440,0,obs:e41f5768eb933cf226535854
hours:bb77e4e363859013e554c35c,osm:node:9869536950,2,,open,0,1440,0,obs:e41f5768eb933cf226535854
hours:e7e5a1cd54418ae5d8964ac5,osm:node:9869536950,3,,open,0,1440,0,obs:e41f5768eb933cf226535854
hours:6562b57d234ee124bc4ea453,osm:node:9869536950,4,,open,0,1440,0,obs:e41f5768eb933cf226535854
hours:fdcf37768ad8f6da0186f697,osm:node:9869536950,5,,open,0,1440,0,obs:e41f5768eb933cf226535854
hours:d5ccde71ff013d01540a87df,osm:node:9869536950,6,,open,0,1440,0,obs:e41f5768eb933cf226535854
hours:b29012ba4b3e5d864e50c262,osm:node:9912896146,0,,open,660,1380,0,obs:35f8d29b6622f3062c8deada
hours:11d799cd7cc6d89ad6e7f3ac,osm:node:9912896146,1,,open,660,1380,0,obs:35f8d29b6622f3062c8deada
hours:bb17d7563bcbcc1831cdfb12,osm:node:9912896146,2,,open,660,1380,0,obs:35f8d29b6622f3062c8deada
hours:697004998085ff04de936450,osm:node:9912896146,3,,open,660,1380,0,obs:35f8d29b6622f3062c8deada
hours:ce7ab92e947613de0fba62bf,osm:node:9912896146,4,,open,660,1380,0,obs:35f8d29b6622f3062c8deada
hours:b08bb326f230945e690ab484,osm:node:9912896146,5,,open,660,1380,0,obs:35f8d29b6622f3062c8deada
hours:f65298c98e839cb010307b5c,osm:node:9912896146,6,,open,660,1380,0,obs:35f8d29b6622f3062c8deada
hours:aa43e94aa540385d706bb554,osm:node:9912980443,0,,open,480,1440,0,obs:78a3290098ef3f888f2f9c85
hours:75726e36c64eacc354075db4,osm:node:9912980443,1,,open,480,1440,0,obs:78a3290098ef3f888f2f9c85
hours:9d17319b89c44685723863bd,osm:node:9912980443,2,,open,480,1440,0,obs:78a3290098ef3f888f2f9c85
hours:ea73dbf804921b5a8c1399cf,osm:node:9912980443,3,,open,480,1440,0,obs:78a3290098ef3f888f2f9c85
hours:837960df4e1a211fe323597c,osm:node:9912980443,4,,open,480,1440,0,obs:78a3290098ef3f888f2f9c85
hours:6de3517a24be7ab950b6436c,osm:node:9912980443,5,,open,480,1440,0,obs:78a3290098ef3f888f2f9c85
hours:2acfac2b62da6ba97a10af1b,osm:node:9912980443,6,,open,480,1440,0,obs:78a3290098ef3f888f2f9c85
hours:7a7a6cc399c842dd68437567,osm:node:9945276817,0,,open,630,1290,0,obs:e01c471e6068c7f4e3d7d348
hours:cca35b70e623b1c5a47aacfa,osm:node:9945276817,1,,open,630,1290,0,obs:e01c471e6068c7f4e3d7d348
hours:9041757de76022900f15e8be,osm:node:9945276817,2,,open,630,1290,0,obs:e01c471e6068c7f4e3d7d348
hours:0b6deba7c1930006698adbbc,osm:node:9945276817,3,,open,630,1290,0,obs:e01c471e6068c7f4e3d7d348
hours:5629d49610f0f6071153c63a,osm:node:9945276817,4,,open,630,1290,0,obs:e01c471e6068c7f4e3d7d348
hours:91a71234c9f0bf9423ae918e,osm:node:9945276817,5,,open,630,1290,0,obs:e01c471e6068c7f4e3d7d348
hours:235a6d609e2aee913885f40b,osm:node:9945276817,6,,open,630,1290,0,obs:e01c471e6068c7f4e3d7d348
hours:4e3a471c53bce57f20c4388f,osm:node:995391083,0,,open,480,720,0,obs:4bc81654e1d5654b0e60ce62
hours:fe3ef915eb08ecb77676a895,osm:node:995391083,1,,open,480,720,0,obs:4bc81654e1d5654b0e60ce62
hours:55d1b840ad9f3165e90b8d86,osm:node:995391083,2,,open,480,720,0,obs:4bc81654e1d5654b0e60ce62
hours:809593ef91df65ed4e4f8daa,osm:node:995391083,3,,open,480,720,0,obs:4bc81654e1d5654b0e60ce62
hours:1658096ab995d54c10036645,osm:node:995391083,4,,open,480,720,0,obs:4bc81654e1d5654b0e60ce62
hours:3e1e2a2cf118ca706bc91a40,osm:node:995391083,5,,open,480,720,0,obs:4bc81654e1d5654b0e60ce62
hours:44d9f1e612a2e2102047b80c,osm:node:995391083,6,,open,480,720,0,obs:4bc81654e1d5654b0e60ce62
hours:ee2b6499c2d7dd8733890a49,osm:node:9959263717,0,,open,540,1140,0,obs:335c1f54ef6cebd053241ae0
hours:34c1bcf6a546f79ed8ccff76,osm:node:9959263717,1,,open,540,1140,0,obs:335c1f54ef6cebd053241ae0
hours:cfe33c5b84851b67288d8259,osm:node:9959263717,2,,open,540,1140,0,obs:335c1f54ef6cebd053241ae0
hours:39b2ab5fbeb52b2f9e325d4f,osm:node:9959263717,3,,open,540,1140,0,obs:335c1f54ef6cebd053241ae0
hours:a84e77e99fedeb89c1b4ee56,osm:node:9959263717,4,,open,540,1140,0,obs:335c1f54ef6cebd053241ae0
hours:439c58b1502e32af33101db6,osm:node:9959263717,5,,open,540,1140,0,obs:335c1f54ef6cebd053241ae0
hours:11d75b73debaf9faf88c5380,osm:node:9959263717,6,,open,540,1140,0,obs:335c1f54ef6cebd053241ae0
hours:d49f147c7b5287210acba102,osm:node:998227946,0,,open,390,1410,0,obs:ae27fd1bc749dcdd603ad41c
hours:d0fd18ad085f192e782f801a,osm:node:998227946,1,,open,390,1410,0,obs:ae27fd1bc749dcdd603ad41c
hours:8be12f10dcd8a11f54cd1e9c,osm:node:998227946,2,,open,390,1410,0,obs:ae27fd1bc749dcdd603ad41c
hours:5f887b981ee5fc5c6d97ba0a,osm:node:998227946,3,,open,390,1410,0,obs:ae27fd1bc749dcdd603ad41c
hours:2bdbd11bc0a167639e57a997,osm:node:998227946,4,,open,390,1410,0,obs:ae27fd1bc749dcdd603ad41c
hours:25e736d189b9540bae3ec69a,osm:node:998227946,5,,open,390,1410,0,obs:ae27fd1bc749dcdd603ad41c
hours:77922996e2bed42ce087b5b2,osm:node:998227946,6,,open,390,1410,0,obs:ae27fd1bc749dcdd603ad41c
hours:cf2ad518c35281ca732547c0,osm:node:9998849017,0,,open,660,840,0,obs:77fd0733916bcfb905d2c4f9
hours:714373504de934d89d47df9f,osm:node:9998849017,0,,open,1020,1260,0,obs:77fd0733916bcfb905d2c4f9
hours:3a4433085a94f11a40bb6373,osm:node:9998849017,1,,open,660,840,0,obs:77fd0733916bcfb905d2c4f9
hours:c3f71b8bef01cc400366e40e,osm:node:9998849017,1,,open,1020,1260,0,obs:77fd0733916bcfb905d2c4f9
hours:81b6ce1c36878d4b9876b804,osm:node:9998849017,2,,open,660,840,0,obs:77fd0733916bcfb905d2c4f9
hours:0b6515aed2ee4bc9aa3ff2bf,osm:node:9998849017,2,,open,1020,1260,0,obs:77fd0733916bcfb905d2c4f9
hours:04e8517c1fab98f8a0f5cafd,osm:node:9998849017,3,,open,660,840,0,obs:77fd0733916bcfb905d2c4f9
hours:165de7c3d2df585e8ef408e1,osm:node:9998849017,3,,open,1020,1260,0,obs:77fd0733916bcfb905d2c4f9
hours:a0a4926d586def3baf289b1b,osm:node:9998849017,4,,open,660,840,0,obs:77fd0733916bcfb905d2c4f9
hours:12931b230a45bf3256fc4abc,osm:node:9998849017,4,,open,1020,1260,0,obs:77fd0733916bcfb905d2c4f9
hours:40dcec5e0aba2ae40d574941,osm:node:9998849017,5,,open,660,840,0,obs:77fd0733916bcfb905d2c4f9
hours:a709cae1f4887efbb2c38733,osm:node:9998849017,5,,open,1020,1260,0,obs:77fd0733916bcfb905d2c4f9
hours:ec84ee27e00875e9abdac7a2,osm:node:9998849017,6,,open,660,840,0,obs:77fd0733916bcfb905d2c4f9
hours:7e3d88af1b64f1e67f186623,osm:node:9998849017,6,,open,1020,1260,0,obs:77fd0733916bcfb905d2c4f9
hours:ae52df6008acb72da99d78ed,osm:way:1015725828,0,,open,420,1260,0,obs:f6b8a4437d3af20dddaadfd4
hours:528516fe385b00a35dfad253,osm:way:1015725828,1,,open,420,1260,0,obs:f6b8a4437d3af20dddaadfd4
hours:6ed0e44cfa84a93f549b458a,osm:way:1015725828,2,,open,420,1260,0,obs:f6b8a4437d3af20dddaadfd4
hours:3ed8d986078d46d6550c8197,osm:way:1015725828,3,,open,420,1260,0,obs:f6b8a4437d3af20dddaadfd4
hours:ee61aa085d017f127ed11422,osm:way:1015725828,4,,open,420,1260,0,obs:f6b8a4437d3af20dddaadfd4
hours:0287fbc9dede6bd58163c8f3,osm:way:1015725828,5,,open,420,1260,0,obs:f6b8a4437d3af20dddaadfd4
hours:d1762de6a095f3c2d88af934,osm:way:1015725828,6,,open,420,1260,0,obs:f6b8a4437d3af20dddaadfd4
hours:1d81170557a30970b435aa53,osm:way:1040484285,0,,open,540,1260,0,obs:5a27ccfb4cb0f502cf11e9dd
hours:da98fc82ec392f937069cccd,osm:way:1040484285,1,,open,540,1260,0,obs:5a27ccfb4cb0f502cf11e9dd
hours:032c9f1fe08e36078c4c7be5,osm:way:1040484285,2,,open,540,1260,0,obs:5a27ccfb4cb0f502cf11e9dd
hours:85b0dc63709bbbc8c1463562,osm:way:1040484285,3,,open,540,1260,0,obs:5a27ccfb4cb0f502cf11e9dd
hours:769a1612166906fdae6beb9c,osm:way:1040484285,4,,open,540,1260,0,obs:5a27ccfb4cb0f502cf11e9dd
hours:adffecfd00028c0bfbb7d794,osm:way:1040484285,5,,open,540,1260,0,obs:5a27ccfb4cb0f502cf11e9dd
hours:2346c140a55f606bbffda291,osm:way:1040484285,6,,open,540,1260,0,obs:5a27ccfb4cb0f502cf11e9dd
hours:ab0d091c86d5e8851af5f016,osm:way:1116995206,0,,open,0,1440,0,obs:c76917104f6b025be3eb7db1
hours:bddca3719816f069c9064108,osm:way:1116995206,1,,open,0,1440,0,obs:c76917104f6b025be3eb7db1
hours:3478022f9bd73652f4427971,osm:way:1116995206,2,,open,0,1440,0,obs:c76917104f6b025be3eb7db1
hours:5c3fc68a5cc521393aa85f33,osm:way:1116995206,3,,open,0,1440,0,obs:c76917104f6b025be3eb7db1
hours:42d56109a03b4fc8e1a6290e,osm:way:1116995206,4,,open,0,1440,0,obs:c76917104f6b025be3eb7db1
hours:0b187056415fc17a738fdf4d,osm:way:1116995206,5,,open,0,1440,0,obs:c76917104f6b025be3eb7db1
hours:66c1d54e879dce9cd12a8617,osm:way:1116995206,6,,open,0,1440,0,obs:c76917104f6b025be3eb7db1
hours:9b23a6e4a4d630684d2bbe2e,osm:way:1117240270,0,,open,390,1380,0,obs:3cbcf1d25e94395439496bfc
hours:bc2d45d4001bcac1577e0beb,osm:way:1117240270,1,,open,390,1380,0,obs:3cbcf1d25e94395439496bfc
hours:6d33d6023c6d09bc6d491f25,osm:way:1117240270,2,,open,390,1380,0,obs:3cbcf1d25e94395439496bfc
hours:9f0aa8bd8b7db16b609a587e,osm:way:1117240270,3,,open,390,1380,0,obs:3cbcf1d25e94395439496bfc
hours:801209a15964e6f8dec2f611,osm:way:1117240270,4,,open,390,1380,0,obs:3cbcf1d25e94395439496bfc
hours:399a381f1a53040fbfaeed4e,osm:way:1117240270,5,,open,390,1380,0,obs:3cbcf1d25e94395439496bfc
hours:dbbb2c86f8123f5b013ea184,osm:way:1117240270,6,,open,390,1380,0,obs:3cbcf1d25e94395439496bfc
hours:cd0775f46d11ebf4eb5b8a2a,osm:way:1121136902,0,,open,0,1440,0,obs:af9da622e8f9aefa56475fa7
hours:284b2c50cf2c68f5cf284e60,osm:way:1121136902,1,,open,0,1440,0,obs:af9da622e8f9aefa56475fa7
hours:dc48876d43a54772b80ca6af,osm:way:1121136902,2,,open,0,1440,0,obs:af9da622e8f9aefa56475fa7
hours:3bc9902a95f7273379312d02,osm:way:1121136902,3,,open,0,1440,0,obs:af9da622e8f9aefa56475fa7
hours:68103d132b8fe42b24262d26,osm:way:1121136902,4,,open,0,1440,0,obs:af9da622e8f9aefa56475fa7
hours:c2d21dbf8e072ab8a22e5abd,osm:way:1121136902,5,,open,0,1440,0,obs:af9da622e8f9aefa56475fa7
hours:c923c9064bfa1479ec1bce22,osm:way:1121136902,6,,open,0,1440,0,obs:af9da622e8f9aefa56475fa7
hours:def049ccc88d6d6f8ce04f3c,osm:way:1121237745,0,,open,0,1440,0,obs:436a5317d9a62fe2fb28aa3e
hours:8902f507aace17e6098633d1,osm:way:1121237745,1,,open,0,1440,0,obs:436a5317d9a62fe2fb28aa3e
hours:db060772721e7d14bfec6265,osm:way:1121237745,2,,open,0,1440,0,obs:436a5317d9a62fe2fb28aa3e
hours:3225e9e5a28bf5709621192f,osm:way:1121237745,3,,open,0,1440,0,obs:436a5317d9a62fe2fb28aa3e
hours:3d4a4c64f675529c9c91753b,osm:way:1121237745,4,,open,0,1440,0,obs:436a5317d9a62fe2fb28aa3e
hours:cd20dcfa814b53fa2afeea3f,osm:way:1121237745,5,,open,0,1440,0,obs:436a5317d9a62fe2fb28aa3e
hours:c319df46283b4580de3beecd,osm:way:1121237745,6,,open,0,1440,0,obs:436a5317d9a62fe2fb28aa3e
hours:88218100f60d1c6b01fabc4b,osm:way:1121390716,0,,open,420,1350,0,obs:b619dd7d8f6dd4aa4b38ceb5
hours:cdf46b438a1c5b1f41639e50,osm:way:1121390716,1,,open,420,1350,0,obs:b619dd7d8f6dd4aa4b38ceb5
hours:4dcbcd82832b065a6d996840,osm:way:1121390716,2,,open,420,1350,0,obs:b619dd7d8f6dd4aa4b38ceb5
hours:5fdb45041a34d4d734dda97c,osm:way:1121390716,3,,open,420,1350,0,obs:b619dd7d8f6dd4aa4b38ceb5
hours:965d98faa8d4f5b8c4c6585a,osm:way:1121390716,4,,open,420,1350,0,obs:b619dd7d8f6dd4aa4b38ceb5
hours:f9a713880596db4c07ca5b0f,osm:way:1121390716,5,,open,420,1350,0,obs:b619dd7d8f6dd4aa4b38ceb5
hours:54fbec1898b74724a2da4f4e,osm:way:1121390716,6,,open,420,1350,0,obs:b619dd7d8f6dd4aa4b38ceb5
hours:298f83c865add38b27ad808f,osm:way:1181332013,0,,open,390,1350,0,obs:4dc50ff4878675e7cb2a945c
hours:647cefb7db4ee91264e0fc29,osm:way:1181332013,1,,open,390,1350,0,obs:4dc50ff4878675e7cb2a945c
hours:bed073809aa8ee123036cc9b,osm:way:1181332013,2,,open,390,1350,0,obs:4dc50ff4878675e7cb2a945c
hours:6a8b4d3fd5cc50bef0b23afc,osm:way:1181332013,3,,open,390,1350,0,obs:4dc50ff4878675e7cb2a945c
hours:71b8604ed85e288bd7fd0f48,osm:way:1181332013,4,,open,390,1350,0,obs:4dc50ff4878675e7cb2a945c
hours:379d74bed57ec226fe1729cd,osm:way:1181332013,5,,open,390,1350,0,obs:4dc50ff4878675e7cb2a945c
hours:b03cacffdc8ef16ded3c2a50,osm:way:1181332013,6,,open,390,1350,0,obs:4dc50ff4878675e7cb2a945c
hours:30fbbc0c9e9645de3b63fd8c,osm:way:1208690134,0,,open,540,1260,0,obs:3928c8c1d667cc71b1106d85
hours:6dac6e4e113b48ac3acd9276,osm:way:1208690134,1,,open,540,1260,0,obs:3928c8c1d667cc71b1106d85
hours:e37cf19f9abd633482c8516a,osm:way:1208690134,2,,open,540,1260,0,obs:3928c8c1d667cc71b1106d85
hours:e32a3ce46b3a62ed647f4f4a,osm:way:1208690134,3,,open,540,1260,0,obs:3928c8c1d667cc71b1106d85
hours:92e4c709f116705669bc418a,osm:way:1208690134,4,,open,540,1260,0,obs:3928c8c1d667cc71b1106d85
hours:f438729a085ffac849713041,osm:way:1208690134,5,,open,540,1260,0,obs:3928c8c1d667cc71b1106d85
hours:12a3ebd2ecdcca7a81bee523,osm:way:1208690134,6,,open,540,1260,0,obs:3928c8c1d667cc71b1106d85
hours:422f6b2dd606a949153d438f,osm:way:1212230635,0,,open,360,1140,0,obs:a0ebc98748eb61ed2a131f22
hours:a386ba59882f4b303063d904,osm:way:1212230635,1,,open,360,1140,0,obs:a0ebc98748eb61ed2a131f22
hours:1a7d58a05165545223064fd7,osm:way:1212230635,2,,open,360,1140,0,obs:a0ebc98748eb61ed2a131f22
hours:2a48e4e743397d18bf1b72ab,osm:way:1212230635,3,,open,360,1140,0,obs:a0ebc98748eb61ed2a131f22
hours:b4f3bca1dea4248d8b3864c1,osm:way:1212230635,4,,open,360,1140,0,obs:a0ebc98748eb61ed2a131f22
hours:5567b1816a7803f98c28d90f,osm:way:1212230635,5,,open,360,1140,0,obs:a0ebc98748eb61ed2a131f22
hours:af562bd3486d5a58adaa2082,osm:way:1212230635,6,,open,360,1140,0,obs:a0ebc98748eb61ed2a131f22
hours:2b25942d266692a65c7a5d8f,osm:way:1219438153,0,,open,480,1350,0,obs:35ed2b67397be5829be43655
hours:fcf1a26b380b5f63ab88d1a5,osm:way:1219438153,1,,open,480,1350,0,obs:35ed2b67397be5829be43655
hours:85e1f5683ff168ac68ad384f,osm:way:1219438153,2,,open,480,1350,0,obs:35ed2b67397be5829be43655
hours:9de171ca1129327035727de8,osm:way:1219438153,3,,open,480,1350,0,obs:35ed2b67397be5829be43655
hours:c1802c8c35811a161e225b0c,osm:way:1219438153,4,,open,480,1350,0,obs:35ed2b67397be5829be43655
hours:de3f2d52bbf98b48958b9501,osm:way:1219438153,5,,open,480,1350,0,obs:35ed2b67397be5829be43655
hours:9cdaa4b40815af8549dafa0b,osm:way:1219438153,6,,open,480,1350,0,obs:35ed2b67397be5829be43655
hours:65f7e4533d6f8b98bc62ca5f,osm:way:1220299340,0,,open,420,1380,0,obs:ef86fdf28fcec7d262ed2690
hours:329a8d47d761eef89b0a4e3e,osm:way:1220299340,1,,open,420,1380,0,obs:ef86fdf28fcec7d262ed2690
hours:d7ad3f515a3e894dcce9728c,osm:way:1220299340,2,,open,420,1380,0,obs:ef86fdf28fcec7d262ed2690
hours:2bacbb6d937089b3f27d2543,osm:way:1220299340,3,,open,420,1380,0,obs:ef86fdf28fcec7d262ed2690
hours:59f7836bab1ab640196292c6,osm:way:1220299340,4,,open,420,1380,0,obs:ef86fdf28fcec7d262ed2690
hours:07ad2ffb8b14e2b639596856,osm:way:1220299340,5,,open,420,1380,0,obs:ef86fdf28fcec7d262ed2690
hours:8cc3f82311635f901b9a070a,osm:way:1220299340,6,,open,420,1380,0,obs:ef86fdf28fcec7d262ed2690
hours:56e9084b832a0c7f4a1376d6,osm:way:1231374576,0,,open,360,1260,0,obs:aa0f6afdf95337c6f2096f19
hours:a5497d8007a89a6324d253a2,osm:way:1231374576,1,,open,360,1260,0,obs:aa0f6afdf95337c6f2096f19
hours:b0b3c873592ecb9aef84226e,osm:way:1231374576,2,,open,360,1260,0,obs:aa0f6afdf95337c6f2096f19
hours:d3b0dafe6f343b8432805ded,osm:way:1231374576,3,,open,360,1260,0,obs:aa0f6afdf95337c6f2096f19
hours:ebdbf33dd580b026f59b0641,osm:way:1231374576,4,,open,360,1260,0,obs:aa0f6afdf95337c6f2096f19
hours:713de158e997acadf57d6a88,osm:way:1231374576,5,,open,360,1260,0,obs:aa0f6afdf95337c6f2096f19
hours:a4472a4fe8cdfd339d433888,osm:way:1231374576,6,,open,360,1260,0,obs:aa0f6afdf95337c6f2096f19
hours:2ecb7938f2b3be38ee7f4ae1,osm:way:1234955627,0,,open,540,1320,0,obs:59ba93ccac1da55c90a0abf5
hours:8b5fc798111098502a424543,osm:way:1234955627,1,,open,540,1320,0,obs:59ba93ccac1da55c90a0abf5
hours:0da1cbea6bf0ab8ea274021e,osm:way:1234955627,2,,open,540,1320,0,obs:59ba93ccac1da55c90a0abf5
hours:066e09d406ea8cc516e49413,osm:way:1234955627,3,,open,540,1320,0,obs:59ba93ccac1da55c90a0abf5
hours:1248eec515fdfa576b0bea23,osm:way:1234955627,4,,open,540,1320,0,obs:59ba93ccac1da55c90a0abf5
hours:7d346bf5876b1ac98d65493f,osm:way:1234955627,5,,open,540,1320,0,obs:59ba93ccac1da55c90a0abf5
hours:68ae91453652b98b5fe87e22,osm:way:1234955627,6,,open,540,1320,0,obs:59ba93ccac1da55c90a0abf5
hours:e7dd5528f71ffdc7fca41498,osm:way:1235566715,0,,open,630,840,0,obs:2af4ac9731152948c91ba32f
hours:68fb29a84b4faf9082a137ba,osm:way:1235566715,0,,open,1020,1350,0,obs:2af4ac9731152948c91ba32f
hours:9fc572b40c22b327a4b5dfd8,osm:way:1235566715,1,,open,630,840,0,obs:2af4ac9731152948c91ba32f
hours:6fa4bedfc0dddeb22ac3c405,osm:way:1235566715,1,,open,1020,1350,0,obs:2af4ac9731152948c91ba32f
hours:46926012bf4659ece68bb12f,osm:way:1235566715,2,,open,630,840,0,obs:2af4ac9731152948c91ba32f
hours:4c8588b972263a56c8dd8303,osm:way:1235566715,2,,open,1020,1350,0,obs:2af4ac9731152948c91ba32f
hours:81dd229de33d3cf26db15956,osm:way:1235566715,3,,open,630,840,0,obs:2af4ac9731152948c91ba32f
hours:3f1171370fd55048d2ee3650,osm:way:1235566715,3,,open,1020,1350,0,obs:2af4ac9731152948c91ba32f
hours:833a2d9c0c1f76a9cde625eb,osm:way:1235566715,4,,open,630,840,0,obs:2af4ac9731152948c91ba32f
hours:0b332a87a576ddd2834da5bd,osm:way:1235566715,4,,open,1020,1350,0,obs:2af4ac9731152948c91ba32f
hours:e6458157282477f1a90bbd32,osm:way:1235566715,5,,open,630,840,0,obs:2af4ac9731152948c91ba32f
hours:816c5a59e5a03ba04f8ee70a,osm:way:1235566715,5,,open,1020,1350,0,obs:2af4ac9731152948c91ba32f
hours:9db2d4e3f7a446fe779f878b,osm:way:1235566715,6,,open,630,840,0,obs:2af4ac9731152948c91ba32f
hours:6543721a545d3a6d68d431a9,osm:way:1235566715,6,,open,1020,1350,0,obs:2af4ac9731152948c91ba32f
hours:6e1ef67f748244f923102738,osm:way:1236553908,0,,open,540,1320,0,obs:b4c4be917604fea54aad6342
hours:f85de12f86cfc33910d6716b,osm:way:1236553908,1,,open,540,1320,0,obs:b4c4be917604fea54aad6342
hours:c88691a85f5868e530edbebf,osm:way:1236553908,2,,open,540,1320,0,obs:b4c4be917604fea54aad6342
hours:3bcfb88c14e0a40e63bbd2e8,osm:way:1236553908,3,,open,540,1320,0,obs:b4c4be917604fea54aad6342
hours:38e105eda1a37735854c1b1b,osm:way:1236553908,4,,open,540,1320,0,obs:b4c4be917604fea54aad6342
hours:a16295746747afbaa8420af0,osm:way:1236553908,5,,open,540,1320,0,obs:b4c4be917604fea54aad6342
hours:cc8e7c134c9e0e5389922c19,osm:way:1236553908,6,,open,540,1320,0,obs:b4c4be917604fea54aad6342
hours:508efec6fad240dbcf5fe2ed,osm:way:1245731730,0,,open,690,1380,0,obs:082e26a1349cc0a422f4126a
hours:0262c52892d6787fa0c89141,osm:way:1245731730,1,,open,690,1380,0,obs:082e26a1349cc0a422f4126a
hours:b79f3c78af30160f2ee22a68,osm:way:1245731730,2,,open,690,1380,0,obs:082e26a1349cc0a422f4126a
hours:28d075545b91a1c93e969844,osm:way:1245731730,3,,open,690,1380,0,obs:082e26a1349cc0a422f4126a
hours:9b987c6173ef1c272daae612,osm:way:1245731730,4,,open,690,1380,0,obs:082e26a1349cc0a422f4126a
hours:a165d870ab2315c580c07dc9,osm:way:1245731730,5,,open,690,1380,0,obs:082e26a1349cc0a422f4126a
hours:f4f526536e41d09c7f2b13f3,osm:way:1245731730,6,,open,690,1380,0,obs:082e26a1349cc0a422f4126a
hours:e864555d83d89dbf5ad09797,osm:way:1246805135,0,,open,540,1320,0,obs:0212d948a9897f3ad4f63a87
hours:94d48566db2b6f994d2bda88,osm:way:1246805135,1,,open,540,1320,0,obs:0212d948a9897f3ad4f63a87
hours:1b923c6e4f6b673b1efc3095,osm:way:1246805135,2,,open,540,1320,0,obs:0212d948a9897f3ad4f63a87
hours:dbd527f7992f773cf5b68f52,osm:way:1246805135,3,,open,540,1320,0,obs:0212d948a9897f3ad4f63a87
hours:15abd187f59184db2e28c3dc,osm:way:1246805135,4,,open,540,1320,0,obs:0212d948a9897f3ad4f63a87
hours:76cb83574cadf535dc20c421,osm:way:1246805135,5,,open,540,1320,0,obs:0212d948a9897f3ad4f63a87
hours:508b606cb505cca114535913,osm:way:1246805135,6,,open,540,1320,0,obs:0212d948a9897f3ad4f63a87
hours:16da6bb507450483d16a63e3,osm:way:1248007872,0,,open,540,1320,0,obs:bb7adbe3a3fa523e723af844
hours:ef9b6bf8e79b01aae1138a01,osm:way:1248007872,1,,open,540,1320,0,obs:bb7adbe3a3fa523e723af844
hours:79c8c36dbc6d74910deecde5,osm:way:1248007872,2,,open,540,1320,0,obs:bb7adbe3a3fa523e723af844
hours:9e97421a44751ea1e2b24dc4,osm:way:1248007872,3,,open,540,1320,0,obs:bb7adbe3a3fa523e723af844
hours:996cad124d47114cc0659d1c,osm:way:1248007872,4,,open,540,1320,0,obs:bb7adbe3a3fa523e723af844
hours:f5a9c9a64a965e34a6aef607,osm:way:1248007872,5,,open,540,1320,0,obs:bb7adbe3a3fa523e723af844
hours:a989ebc363e166825e0eec27,osm:way:1248007872,6,,open,540,1320,0,obs:bb7adbe3a3fa523e723af844
hours:2f99947ac343cc88fe68143a,osm:way:1249564975,0,,open,540,1320,0,obs:b535c0dc6dd87430ac818bf7
hours:133322d8950439509c256013,osm:way:1249564975,1,,open,540,1320,0,obs:b535c0dc6dd87430ac818bf7
hours:f1ab59035628c02a71682cc7,osm:way:1249564975,2,,open,540,1320,0,obs:b535c0dc6dd87430ac818bf7
hours:b1926d16185943f3b7c61f5b,osm:way:1249564975,3,,open,540,1320,0,obs:b535c0dc6dd87430ac818bf7
hours:2366534f15ce28d0b6c1a62c,osm:way:1249564975,4,,open,540,1320,0,obs:b535c0dc6dd87430ac818bf7
hours:fc8146f6a00b9fdb7d4a4a37,osm:way:1249564975,5,,open,540,1320,0,obs:b535c0dc6dd87430ac818bf7
hours:e0fe1d044c2564021605a35e,osm:way:1249564975,6,,open,540,1320,0,obs:b535c0dc6dd87430ac818bf7
hours:6eade3cf121d176095912177,osm:way:1253565814,0,,open,300,1080,0,obs:242941999ba53cd703355678
hours:8d29dca6d7c4301befc3eb23,osm:way:1253565814,1,,open,300,1080,0,obs:242941999ba53cd703355678
hours:1f76578ed25509a2a230be27,osm:way:1253565814,2,,open,300,1080,0,obs:242941999ba53cd703355678
hours:52f5f0e87e79204b0841d4c7,osm:way:1253565814,3,,open,300,1080,0,obs:242941999ba53cd703355678
hours:96939af11840fe3161171393,osm:way:1253565814,4,,open,300,1080,0,obs:242941999ba53cd703355678
hours:5a793d89647d40801eb7a33a,osm:way:1253565814,5,,open,300,1080,0,obs:242941999ba53cd703355678
hours:ece939757663f23ef08cb952,osm:way:1253565814,6,,open,300,1080,0,obs:242941999ba53cd703355678
hours:c3c855025cb1e57ed4432d51,osm:way:1254526558,0,,open,450,1350,0,obs:466846297ca85fa2474c08d2
hours:adc1406b3e2a0038c6f9940b,osm:way:1254526558,1,,open,450,1350,0,obs:466846297ca85fa2474c08d2
hours:57308b02c903f802f71ce2c1,osm:way:1254526558,2,,open,450,1350,0,obs:466846297ca85fa2474c08d2
hours:ca141daec47bb083269433d0,osm:way:1254526558,3,,open,450,1350,0,obs:466846297ca85fa2474c08d2
hours:a998a54b1c21b6b800b4d596,osm:way:1254526558,4,,open,450,1350,0,obs:466846297ca85fa2474c08d2
hours:75d2aac28d4069e1fca5f85e,osm:way:1254526558,5,,open,450,1350,0,obs:466846297ca85fa2474c08d2
hours:03cbad420d5d333e0dd11f5c,osm:way:1254526558,6,,open,450,1350,0,obs:466846297ca85fa2474c08d2
hours:4f1edd7ee933bb90fe897cc6,osm:way:1255503501,0,,open,540,1440,0,obs:e7b14720cad227a90bd43c5e
hours:0587aa9949c1e147dba593d0,osm:way:1255503501,1,,open,540,1440,0,obs:e7b14720cad227a90bd43c5e
hours:4f14bbc7c7f8e0bc71e1ce62,osm:way:1255503501,2,,open,540,1440,0,obs:e7b14720cad227a90bd43c5e
hours:07512f540b37989df6c2c40b,osm:way:1255503501,3,,open,540,1440,0,obs:e7b14720cad227a90bd43c5e
hours:d6d84926181b970fa6427e6c,osm:way:1255503501,4,,open,540,1440,0,obs:e7b14720cad227a90bd43c5e
hours:a4067779627fe1f009d62bda,osm:way:1255503501,5,,open,540,1440,0,obs:e7b14720cad227a90bd43c5e
hours:d1fac1d0ac62557f979cc6c2,osm:way:1255503501,6,,open,540,1440,0,obs:e7b14720cad227a90bd43c5e
hours:e25754f297e21ad86d677626,osm:way:1264582880,0,,open,480,1439,0,obs:3a30899f4f1c9407456d6c84
hours:3d01c89dfc7cd45646d8b315,osm:way:1264582880,1,,open,480,1439,0,obs:3a30899f4f1c9407456d6c84
hours:6141fee10a2e040c04887c5b,osm:way:1264582880,2,,open,480,1439,0,obs:3a30899f4f1c9407456d6c84
hours:b93709d0f2e41c4d58562740,osm:way:1264582880,3,,open,480,1439,0,obs:3a30899f4f1c9407456d6c84
hours:c7e32b1782b4f1449198ac36,osm:way:1264582880,4,,open,480,1439,0,obs:3a30899f4f1c9407456d6c84
hours:5865bd55412f7b641e2f0c2b,osm:way:1264582880,5,,open,480,1439,0,obs:3a30899f4f1c9407456d6c84
hours:fae3756a9a7b3437c6c120f2,osm:way:1264582880,6,,open,480,1439,0,obs:3a30899f4f1c9407456d6c84
hours:1270378aa6ed50ed8dfec6e9,osm:way:1302250723,0,,open,420,1380,0,obs:59d80fed49352044050e2aff
hours:dd73a846e1ea1ab8eb5caf22,osm:way:1302250723,1,,open,420,1380,0,obs:59d80fed49352044050e2aff
hours:9f46ad64bf685e9d0bb0ce1a,osm:way:1302250723,2,,open,420,1380,0,obs:59d80fed49352044050e2aff
hours:1d7df450207d1d48723a5adc,osm:way:1302250723,3,,open,420,1380,0,obs:59d80fed49352044050e2aff
hours:dd146abe966c78ad2648e32e,osm:way:1302250723,4,,open,420,1380,0,obs:59d80fed49352044050e2aff
hours:0c357fbd5018826276feac21,osm:way:1302250723,5,,open,420,1380,0,obs:59d80fed49352044050e2aff
hours:ab61103308e9666b74eefe90,osm:way:1302250723,6,,open,420,1380,0,obs:59d80fed49352044050e2aff
hours:2115ad1f7186eedd173c6b00,osm:way:1308578267,0,,open,420,1380,0,obs:0710944fe84ca3911cbdcff4
hours:aac4ebfbaefb48e72ee3d697,osm:way:1308578267,1,,open,420,1380,0,obs:0710944fe84ca3911cbdcff4
hours:d6374373082f324dff5c6c33,osm:way:1308578267,2,,open,420,1380,0,obs:0710944fe84ca3911cbdcff4
hours:594fdd69c8e4bd49d6eddbc6,osm:way:1308578267,3,,open,420,1380,0,obs:0710944fe84ca3911cbdcff4
hours:bdefcf22897620d3b02e88a8,osm:way:1308578267,4,,open,420,1380,0,obs:0710944fe84ca3911cbdcff4
hours:cb146af2531c88a028f58862,osm:way:1308578267,5,,open,420,1380,0,obs:0710944fe84ca3911cbdcff4
hours:01a0eff4c4f742ff2315633d,osm:way:1308578267,6,,open,420,1380,0,obs:0710944fe84ca3911cbdcff4
hours:958fc0ca0365bc0ebc585b48,osm:way:1329845833,0,,open,600,1290,0,obs:24fbbc6a5c2fbd3c43fd2f6e
hours:c973fd3bd4f31b33ebec6b1d,osm:way:1329845833,1,,open,600,1290,0,obs:24fbbc6a5c2fbd3c43fd2f6e
hours:11952a5826d499b9137eabed,osm:way:1329845833,2,,open,600,1290,0,obs:24fbbc6a5c2fbd3c43fd2f6e
hours:53352462b79ee525af444c62,osm:way:1329845833,3,,open,600,1290,0,obs:24fbbc6a5c2fbd3c43fd2f6e
hours:ff031f27db387d0771920227,osm:way:1329845833,4,,open,600,1290,0,obs:24fbbc6a5c2fbd3c43fd2f6e
hours:080543f48891f771df840cd1,osm:way:1329845833,5,,open,600,1290,0,obs:24fbbc6a5c2fbd3c43fd2f6e
hours:a95be416c178af590368c75c,osm:way:1329845833,6,,open,600,1290,0,obs:24fbbc6a5c2fbd3c43fd2f6e
hours:4d51bbea88d1e80a2e8ac934,osm:way:1329845838,0,,open,600,1290,0,obs:2fb907f46c3575d896e403b2
hours:762b5a3159e62a7f7f06c3a5,osm:way:1329845838,1,,open,600,1290,0,obs:2fb907f46c3575d896e403b2
hours:a980418cc363864c442ff488,osm:way:1329845838,2,,open,600,1290,0,obs:2fb907f46c3575d896e403b2
hours:d9cf8cc42f993f7268aa121c,osm:way:1329845838,3,,open,600,1290,0,obs:2fb907f46c3575d896e403b2
hours:9c5b2024f728572ada030214,osm:way:1329845838,4,,open,600,1290,0,obs:2fb907f46c3575d896e403b2
hours:af129c55657289907affb26c,osm:way:1329845838,5,,open,600,1290,0,obs:2fb907f46c3575d896e403b2
hours:d5323b18ce1675481bafc5f8,osm:way:1329845838,6,,open,600,1290,0,obs:2fb907f46c3575d896e403b2
hours:2440d678d3f94d9afc809036,osm:way:1463167266,0,,open,510,1410,0,obs:5624d56f52c574b5a23b79f0
hours:fa8e9f178eecf8994ca2d872,osm:way:1463167266,1,,open,510,1410,0,obs:5624d56f52c574b5a23b79f0
hours:eb5a1c63edddbcdbc5117ad6,osm:way:1463167266,2,,open,510,1410,0,obs:5624d56f52c574b5a23b79f0
hours:779c484aa0c3f1d699ecf32c,osm:way:1463167266,3,,open,510,1410,0,obs:5624d56f52c574b5a23b79f0
hours:1018ea96c10f8b74e4332d17,osm:way:1463167266,4,,open,510,1410,0,obs:5624d56f52c574b5a23b79f0
hours:86b3313122a2cf24e0d439d7,osm:way:1463167266,5,,open,510,1410,0,obs:5624d56f52c574b5a23b79f0
hours:35f378c16a7dbd69e32097b6,osm:way:1463167266,6,,open,510,1410,0,obs:5624d56f52c574b5a23b79f0
hours:3beb38ffe289ba5846082ce5,osm:way:1463170014,0,,open,600,1290,0,obs:60c9afdfcd53cff7b9a69fa7
hours:663b3a9952a7fe3423b67d4d,osm:way:1463170014,1,,open,600,1290,0,obs:60c9afdfcd53cff7b9a69fa7
hours:32220330142158f6c3daa6e2,osm:way:1463170014,2,,open,600,1290,0,obs:60c9afdfcd53cff7b9a69fa7
hours:11777020404691dbd96aff83,osm:way:1463170014,3,,open,600,1290,0,obs:60c9afdfcd53cff7b9a69fa7
hours:7369b1f1b85374264abda84b,osm:way:1463170014,4,,open,600,1290,0,obs:60c9afdfcd53cff7b9a69fa7
hours:95187ce1571df49fa7fc4b7d,osm:way:1463170014,5,,open,600,1290,0,obs:60c9afdfcd53cff7b9a69fa7
hours:602a6822d45457b904db9f7a,osm:way:1463170014,6,,open,600,1290,0,obs:60c9afdfcd53cff7b9a69fa7
hours:164d1fc49d50405142495ddb,osm:way:1518794391,1,,open,480,1200,0,obs:d2b55d81d35678586439c1cd
hours:4bebe43f46d6b874c06c05e8,osm:way:1518794391,2,,open,480,1200,0,obs:d2b55d81d35678586439c1cd
hours:95b519d8ae378db464d0ad2c,osm:way:1518794391,3,,open,480,1200,0,obs:d2b55d81d35678586439c1cd
hours:e367099e3cc57ba598687062,osm:way:1518794391,4,,open,480,1200,0,obs:d2b55d81d35678586439c1cd
hours:96f39f63de9e7ad59ca290c6,osm:way:1518794391,5,,open,480,1200,0,obs:d2b55d81d35678586439c1cd
hours:3936a7422d3974cec1ffc952,osm:way:1518794391,6,,open,480,1200,0,obs:d2b55d81d35678586439c1cd
hours:c8fc2af4a971217fd567f7ce,osm:way:1535565789,0,,open,600,1320,0,obs:b48650d56348f56b057f2d04
hours:1d4d0f1ac8b0d208989a10f9,osm:way:1535565789,1,,open,600,1320,0,obs:b48650d56348f56b057f2d04
hours:e0093a50c75938adfb72f532,osm:way:1535565789,2,,open,600,1320,0,obs:b48650d56348f56b057f2d04
hours:da1e8100f85fbe89e331ad99,osm:way:1535565789,3,,open,600,1320,0,obs:b48650d56348f56b057f2d04
hours:fe5af780570928af46c642d3,osm:way:1535565789,4,,open,600,1320,0,obs:b48650d56348f56b057f2d04
hours:6bc3a1b1453001c7e22389dd,osm:way:1535565789,5,,open,600,1320,0,obs:b48650d56348f56b057f2d04
hours:e97b124cdf208938681ebf7e,osm:way:1535565789,6,,open,600,1320,0,obs:b48650d56348f56b057f2d04
hours:4a854d6fd49181002bac2d64,osm:way:1535565790,0,,open,420,1380,0,obs:7021b4add8a5c895a15015f7
hours:172518210445dca00eeb56ca,osm:way:1535565790,1,,open,420,1380,0,obs:7021b4add8a5c895a15015f7
hours:b8ff2c12bc9b9baa427b3a43,osm:way:1535565790,2,,open,420,1380,0,obs:7021b4add8a5c895a15015f7
hours:12a1c1a0a4737673b8d990e0,osm:way:1535565790,3,,open,420,1380,0,obs:7021b4add8a5c895a15015f7
hours:db16044a94f0083fbde12bf9,osm:way:1535565790,4,,open,420,1380,0,obs:7021b4add8a5c895a15015f7
hours:ae506033e882d1fdce933ed8,osm:way:1535565790,5,,open,420,1380,0,obs:7021b4add8a5c895a15015f7
hours:2d4ee749470fffe652a422b0,osm:way:1535565790,6,,open,420,1380,0,obs:7021b4add8a5c895a15015f7
hours:14fad189a54f3ad446c287fa,osm:way:210931546,0,,open,300,1140,0,obs:818ad7c31d5a3eddafaa4f52
hours:88711dea92ef72f0bf846b87,osm:way:210931546,1,,open,300,1140,0,obs:818ad7c31d5a3eddafaa4f52
hours:99f537acd0b4e62a25ec214b,osm:way:210931546,2,,open,300,1140,0,obs:818ad7c31d5a3eddafaa4f52
hours:404466798ce94d6370d155fb,osm:way:210931546,3,,open,300,1140,0,obs:818ad7c31d5a3eddafaa4f52
hours:96bab3826e8882ac870e2d72,osm:way:210931546,4,,open,300,1140,0,obs:818ad7c31d5a3eddafaa4f52
hours:6686181e6fcc6b3d11461894,osm:way:210931546,5,,open,300,1140,0,obs:818ad7c31d5a3eddafaa4f52
hours:c0e8fb28120155381a43b1b8,osm:way:210931546,6,,open,300,1140,0,obs:818ad7c31d5a3eddafaa4f52
hours:69c669733b85bc35997bf335,osm:way:212215308,0,,open,420,1320,0,obs:0dbba6924567bcae411fd727
hours:fdb7dc1541e447cb2e47cd87,osm:way:212215308,1,,open,420,1320,0,obs:0dbba6924567bcae411fd727
hours:eababfd41e6205bf99dfa2bc,osm:way:212215308,2,,open,420,1320,0,obs:0dbba6924567bcae411fd727
hours:a541d3715bbc1f3e0db83214,osm:way:212215308,3,,open,420,1320,0,obs:0dbba6924567bcae411fd727
hours:a2bbaba93aebb50bdc9264e9,osm:way:212215308,4,,open,420,1320,0,obs:0dbba6924567bcae411fd727
hours:0da1ed82f6eb84d36e5f63bf,osm:way:212215308,5,,open,420,1320,0,obs:0dbba6924567bcae411fd727
hours:187b6e3fbafc89043c17ba8e,osm:way:212215308,6,,open,420,1320,0,obs:0dbba6924567bcae411fd727
hours:d6b812e45645e635ce03e965,osm:way:549343300,0,,open,480,1320,0,obs:82b450724f124cbc480d885b
hours:0849c348cf483964ba3dcb8f,osm:way:549343300,1,,open,480,1320,0,obs:82b450724f124cbc480d885b
hours:bd8420a154eba229c0cc5268,osm:way:549343300,2,,open,480,1320,0,obs:82b450724f124cbc480d885b
hours:caca539e73169e52f102b651,osm:way:549343300,3,,open,480,1320,0,obs:82b450724f124cbc480d885b
hours:238602ab188991a3c6c73cec,osm:way:549343300,4,,open,480,1320,0,obs:82b450724f124cbc480d885b
hours:3f97a393d21264a8b93ee5ca,osm:way:549343300,5,,open,480,1320,0,obs:82b450724f124cbc480d885b
hours:7ec58874eb5037a7ddcfc61d,osm:way:549343300,6,,open,480,1320,0,obs:82b450724f124cbc480d885b
hours:070231d83962f7cf72c329ca,osm:way:565280048,0,,open,660,1380,0,obs:f8da0e491f84771cc46323c3
hours:9c8ba67e4d8524367d0622aa,osm:way:565280048,1,,open,660,1380,0,obs:f8da0e491f84771cc46323c3
hours:27a27a14d1d95543964dd8a0,osm:way:565280048,2,,open,660,1380,0,obs:f8da0e491f84771cc46323c3
hours:5534006881d9d8986d90190e,osm:way:565280048,3,,open,660,1380,0,obs:f8da0e491f84771cc46323c3
hours:eae5efbac3fee84c87e4eacb,osm:way:565280048,4,,open,660,1380,0,obs:f8da0e491f84771cc46323c3
hours:f9ed180cb0dbced9ad357bd9,osm:way:565280048,5,,open,660,1380,0,obs:f8da0e491f84771cc46323c3
hours:5d6d3894b2634dcbaece9b4d,osm:way:565280048,6,,open,660,1380,0,obs:f8da0e491f84771cc46323c3
hours:40b2f99c85537ecf50834415,osm:way:570587788,0,,open,480,1320,0,obs:afdf00c6711536e45a4f2d77
hours:c9cc9c6a7ecf4ced140616c4,osm:way:570587788,1,,open,480,1320,0,obs:afdf00c6711536e45a4f2d77
hours:c01e7f00799c3bdb7a2531fb,osm:way:570587788,2,,open,480,1320,0,obs:afdf00c6711536e45a4f2d77
hours:3059637e16523be0e1733573,osm:way:570587788,3,,open,480,1320,0,obs:afdf00c6711536e45a4f2d77
hours:23acdbb23a2404bbe34a7e4c,osm:way:570587788,4,,open,480,1320,0,obs:afdf00c6711536e45a4f2d77
hours:b63a4e62ef7c585e88ec1fc5,osm:way:570587788,5,,open,480,1320,0,obs:afdf00c6711536e45a4f2d77
hours:fe7d26523fc9debe5ed86a8a,osm:way:570587788,6,,open,480,1320,0,obs:afdf00c6711536e45a4f2d77
hours:819f5deeaefb7c50070c1f32,osm:way:616910526,0,,open,450,960,0,obs:79a0914f0f8714bfc1fadec0
hours:46abd8a6c44d25de6e334827,osm:way:616910526,1,,open,450,960,0,obs:79a0914f0f8714bfc1fadec0
hours:e9ff375dd619ffd8c96b4ce0,osm:way:616910526,2,,open,450,960,0,obs:79a0914f0f8714bfc1fadec0
hours:6d0278acd54d24137a9a8841,osm:way:616910526,3,,open,450,960,0,obs:79a0914f0f8714bfc1fadec0
hours:ec1ad8ca35958f00080fed15,osm:way:616910526,4,,open,450,960,0,obs:79a0914f0f8714bfc1fadec0
hours:26da96df67e5932e41a31ecc,osm:way:616910526,5,,open,450,960,0,obs:79a0914f0f8714bfc1fadec0
hours:d74b8630acd312470d994991,osm:way:616910526,6,,open,450,960,0,obs:79a0914f0f8714bfc1fadec0
hours:3044d36b380a9e96468a68a1,osm:way:631732355,0,,open,450,1140,0,obs:5a3475030f6f90a6e3d64fbb
hours:fdbea28a1f8aeccea890fcc7,osm:way:631732355,1,,open,450,1140,0,obs:5a3475030f6f90a6e3d64fbb
hours:567286b6386ad972be152484,osm:way:631732355,2,,open,450,1140,0,obs:5a3475030f6f90a6e3d64fbb
hours:9355b063b1c817e9d8c454a3,osm:way:631732355,3,,open,450,1140,0,obs:5a3475030f6f90a6e3d64fbb
hours:ef13651bca91d4fa6ba36d3e,osm:way:631732355,4,,open,450,1140,0,obs:5a3475030f6f90a6e3d64fbb
hours:e25b67a97dfa325308a58667,osm:way:631732355,5,,open,450,1140,0,obs:5a3475030f6f90a6e3d64fbb
hours:bacab6a53de7e28df064001f,osm:way:631732355,6,,open,450,1140,0,obs:5a3475030f6f90a6e3d64fbb
hours:f948793b9eb6cf3860c7e60f,osm:way:660703679,0,,open,0,1440,0,obs:a2fbbed1df743c93b51b89e1
hours:a32657bd1bcaa359c8ef512f,osm:way:660703679,1,,open,0,1440,0,obs:a2fbbed1df743c93b51b89e1
hours:b2f69468b994e9d8594039f7,osm:way:660703679,2,,open,0,1440,0,obs:a2fbbed1df743c93b51b89e1
hours:b353ed808d1731f8b277c813,osm:way:660703679,3,,open,0,1440,0,obs:a2fbbed1df743c93b51b89e1
hours:438cb3754b5281554d28b969,osm:way:660703679,4,,open,0,1440,0,obs:a2fbbed1df743c93b51b89e1
hours:1e228897b2623a27ae8ca43a,osm:way:660703679,5,,open,0,1440,0,obs:a2fbbed1df743c93b51b89e1
hours:1978cd19b1d669098d097ae7,osm:way:660703679,6,,open,0,1440,0,obs:a2fbbed1df743c93b51b89e1
hours:1d4a6e76a64cb8f56150c8f2,osm:way:675842233,0,,open,480,1320,0,obs:cddb57274293b1057cfc9fca
hours:a569c6be2dd60e399ba7dec8,osm:way:675842233,1,,open,480,1320,0,obs:cddb57274293b1057cfc9fca
hours:edf39c21cf0d1884fc010b9f,osm:way:675842233,2,,open,480,1320,0,obs:cddb57274293b1057cfc9fca
hours:69cb5b015523ed50f189c604,osm:way:675842233,3,,open,480,1320,0,obs:cddb57274293b1057cfc9fca
hours:33839e8116598ea18b5f80d2,osm:way:675842233,4,,open,480,1320,0,obs:cddb57274293b1057cfc9fca
hours:b98b7d22ffa96ba24c57e474,osm:way:675842233,5,,open,480,1320,0,obs:cddb57274293b1057cfc9fca
hours:70e71d2b73b08940c6c756ab,osm:way:675842233,6,,open,480,1320,0,obs:cddb57274293b1057cfc9fca
hours:c3dfdeaf03d2cd0a4f382abf,osm:way:675940105,0,,open,420,1260,0,obs:01f624eeec3430fc88c41316
hours:bbd5ad694292de7d957817e2,osm:way:675940105,1,,open,420,1260,0,obs:01f624eeec3430fc88c41316
hours:e5e80ba25e117a95ed2ed3d0,osm:way:675940105,2,,open,420,1260,0,obs:01f624eeec3430fc88c41316
hours:24937b0985935e180e0acdc9,osm:way:675940105,3,,open,420,1260,0,obs:01f624eeec3430fc88c41316
hours:166bfe1f56b92c3e7735e173,osm:way:675940105,4,,open,420,1260,0,obs:01f624eeec3430fc88c41316
hours:5aaab2b7a36162af40642399,osm:way:675940105,5,,open,420,1260,0,obs:01f624eeec3430fc88c41316
hours:578262f34b4dbd11609bdd1a,osm:way:675940105,6,,open,420,1260,0,obs:01f624eeec3430fc88c41316
hours:de3a3aa1db3ebf514c5201cf,osm:way:754677601,0,,open,990,1380,0,obs:f592a9a59f5530819ae11650
hours:041ffef7352e74b2c8e3633c,osm:way:754677601,1,,open,990,1380,0,obs:f592a9a59f5530819ae11650
hours:ca953b9946ed38d7db009498,osm:way:754677601,2,,open,990,1380,0,obs:f592a9a59f5530819ae11650
hours:ed0218441eb010a40181c7bd,osm:way:754677601,3,,open,990,1380,0,obs:f592a9a59f5530819ae11650
hours:1960f2b9a259d5e14f5546b5,osm:way:754677601,4,,open,990,1380,0,obs:f592a9a59f5530819ae11650
hours:7a2c377f5da909a127f6c97a,osm:way:754677601,5,,open,990,1380,0,obs:f592a9a59f5530819ae11650
hours:d0cfc36559134e1d0584b7bf,osm:way:754677601,6,,open,990,1380,0,obs:f592a9a59f5530819ae11650
hours:53575398700661ecb44095ef,osm:way:791093474,0,,open,930,1080,0,obs:2c58caf931ddddce62ab11c5
hours:715c48cd5ecddf2e04596d4c,osm:way:791093474,1,,open,930,1080,0,obs:2c58caf931ddddce62ab11c5
hours:2bd47729991205cd55c893a8,osm:way:791093474,2,,open,930,1080,0,obs:2c58caf931ddddce62ab11c5
hours:ae620ec771f3a9a48ace8271,osm:way:791093474,3,,open,930,1080,0,obs:2c58caf931ddddce62ab11c5
hours:92933acf2a7c302a6d72cda7,osm:way:791093474,4,,open,930,1080,0,obs:2c58caf931ddddce62ab11c5
hours:ed6591b5b8c30ce50e01b3cf,osm:way:791093474,5,,open,930,1080,0,obs:2c58caf931ddddce62ab11c5
hours:b94fb6fd5a2363aff4c3fd94,osm:way:791093474,6,,open,930,1080,0,obs:2c58caf931ddddce62ab11c5
hours:3f2cabb30fd769f7396e3a94,osm:way:858242837,0,,open,1020,120,1,obs:3c21b7a7943a6fdbb8555d4e
hours:8a900829e9036a1fc2c4bc94,osm:way:858242837,1,,open,1020,120,1,obs:3c21b7a7943a6fdbb8555d4e
hours:0ec4020e7a93b7d2b10396f4,osm:way:858242837,2,,open,1020,120,1,obs:3c21b7a7943a6fdbb8555d4e
hours:4752f4e79e511e669f17c3bb,osm:way:858242837,3,,open,1020,120,1,obs:3c21b7a7943a6fdbb8555d4e
hours:e841304c82fd1031a6e29863,osm:way:858242837,4,,open,1020,120,1,obs:3c21b7a7943a6fdbb8555d4e
hours:8e0dced016f156757e3216c5,osm:way:858242837,5,,open,1020,120,1,obs:3c21b7a7943a6fdbb8555d4e
hours:9bf9d01d6ebf9137038076cb,osm:way:858242837,6,,open,1020,120,1,obs:3c21b7a7943a6fdbb8555d4e
hours:4da525661d2bfcd5c4452a70,osm:way:966677777,0,,open,540,1350,0,obs:ce277ef2ef7e36d878e4dddd
hours:bfa539aba6d836563eb0a1e2,osm:way:966677777,1,,open,540,1350,0,obs:ce277ef2ef7e36d878e4dddd
hours:44544d6e3a6d5d714fe84215,osm:way:966677777,2,,open,540,1350,0,obs:ce277ef2ef7e36d878e4dddd
hours:8af22cd7336badb9cb8662b7,osm:way:966677777,3,,open,540,1350,0,obs:ce277ef2ef7e36d878e4dddd
hours:4103903f03c416397d9f2cc4,osm:way:966677777,4,,open,540,1350,0,obs:ce277ef2ef7e36d878e4dddd
hours:f6979b6e163030ce4d2662c2,osm:way:966677777,5,,open,540,1350,0,obs:ce277ef2ef7e36d878e4dddd
hours:c7a78da8ebcd5f06234576f0,osm:way:966677777,6,,open,540,1350,0,obs:ce277ef2ef7e36d878e4dddd
hours:759d2544a6a7614e4769971f,osm:way:696913691,0,,open,480,1020,0,obs:3e4386a02df635b49299391c
hours:49b4bc8dabb80c68720f78ea,osm:way:696913691,1,,open,480,1020,0,obs:3e4386a02df635b49299391c
hours:8b70992ca10eadda9b5107e8,osm:way:696913691,2,,open,480,1020,0,obs:3e4386a02df635b49299391c
hours:90d64445a096294395871a02,osm:way:696913691,3,,open,480,1020,0,obs:3e4386a02df635b49299391c
hours:da3f3741a5082d3d26de8189,osm:way:696913691,4,,open,480,1020,0,obs:3e4386a02df635b49299391c
hours:bee319aef54140dc1ff9e058,osm:way:696913691,5,,open,480,1020,0,obs:3e4386a02df635b49299391c
hours:590f33cebcd320675e6b3c6a,osm:way:696913691,6,,open,480,1020,0,obs:3e4386a02df635b49299391c
hours:9fad21c954db515715aadc12,osm:way:1148571536,0,,closed,,,0,obs:db70f2a60d4416bb728e0ba1
hours:a026273589a3d75735e6cdeb,osm:way:1148571536,1,,open,480,990,0,obs:db70f2a60d4416bb728e0ba1
hours:393de80d6e3427cab45c7821,osm:way:1148571536,2,,open,480,990,0,obs:db70f2a60d4416bb728e0ba1
hours:bc4a4f83f73ec3c75bed8daf,osm:way:1148571536,3,,open,480,990,0,obs:db70f2a60d4416bb728e0ba1
hours:38e6d47dcc64ef6fb723cef9,osm:way:1148571536,4,,closed,,,0,obs:db70f2a60d4416bb728e0ba1
hours:8e86428a1960a5e51fb553ee,osm:way:1148571536,5,,open,480,990,0,obs:db70f2a60d4416bb728e0ba1
hours:ccb0acaee0e70c94ab68b20c,osm:way:1148571536,6,,open,480,990,0,obs:db70f2a60d4416bb728e0ba1
hours:aa0a653a40a06d9e17b9bb7f,osm:way:37625751,0,,closed,,,0,obs:bc7b5431297922ba41a1dd39
hours:fa22a8ab8fc035daa0190d68,osm:way:37625751,1,,open,450,630,0,obs:bc7b5431297922ba41a1dd39
hours:8c838e69beccebdbc79ba57a,osm:way:37625751,2,,open,450,630,0,obs:bc7b5431297922ba41a1dd39
hours:c9c3546e3f1140cf5c5fc118,osm:way:37625751,3,,open,450,630,0,obs:bc7b5431297922ba41a1dd39
hours:56f03ed9d5af18406eee6553,osm:way:37625751,4,,closed,,,0,obs:bc7b5431297922ba41a1dd39
hours:911a40850d2eb24197cb061b,osm:way:37625751,5,,open,450,630,0,obs:bc7b5431297922ba41a1dd39
hours:eb6061c20ebe58f1ed41cc4e,osm:way:37625751,6,,open,450,630,0,obs:bc7b5431297922ba41a1dd39
hours:07a2405eaebb4f2a6f9d7c52,osm:way:339936730,0,,closed,,,0,obs:83b61c920536f16659314a04
hours:1989dbf7129c77d629a26357,osm:way:339936730,1,,open,510,1050,0,obs:83b61c920536f16659314a04
hours:ab21d045b76ee0a7565e0e0a,osm:way:339936730,2,,open,510,1050,0,obs:83b61c920536f16659314a04
hours:1d4cec7b59bdf325a08a9316,osm:way:339936730,3,,open,510,1050,0,obs:83b61c920536f16659314a04
hours:a616dcdf74c758b1749487d8,osm:way:339936730,4,,open,510,1050,0,obs:83b61c920536f16659314a04
hours:5976aa76e988f45cf48cc83f,osm:way:339936730,5,,open,510,1050,0,obs:83b61c920536f16659314a04
hours:39273efe1f7176157bf4d328,osm:way:339936730,6,,open,510,1050,0,obs:83b61c920536f16659314a04
hours:51149ba48b3a6910cb6b32ce,osm:way:340128580,0,,open,480,1020,0,obs:dd6e159227cdd7db58ebd1dc
hours:7142b7d92691dd8cb9015b5f,osm:way:340128580,1,,open,480,1020,0,obs:dd6e159227cdd7db58ebd1dc
hours:2339819f00ab53f70f23f5a7,osm:way:340128580,2,,open,480,1020,0,obs:dd6e159227cdd7db58ebd1dc
hours:a467abdbc6104317985c12c3,osm:way:340128580,3,,open,480,1020,0,obs:dd6e159227cdd7db58ebd1dc
hours:828db8bc82fd616ba67559a1,osm:way:340128580,4,,open,480,1020,0,obs:dd6e159227cdd7db58ebd1dc
hours:9bdd4c99ef12dcea5397634c,osm:way:340128580,5,,open,480,1020,0,obs:dd6e159227cdd7db58ebd1dc
hours:ee832974004d4abdf8ebba1e,osm:way:340128580,6,,open,480,1020,0,obs:dd6e159227cdd7db58ebd1dc
hours:e2b14d5ad0eb8091eb3b2404,osm:way:697326496,0,,open,420,1080,0,obs:96493165722c186d11f373f9
hours:f581e9e0a0d0701b23e56903,osm:way:697326496,1,,open,420,1080,0,obs:96493165722c186d11f373f9
hours:1032d98767edd158fa017f9c,osm:way:697326496,2,,open,420,1080,0,obs:96493165722c186d11f373f9
hours:d9ea25ef55ecc8998e7c83ad,osm:way:697326496,3,,open,420,1080,0,obs:96493165722c186d11f373f9
hours:8814e557d5522fcb7fa30815,osm:way:697326496,4,,open,420,1080,0,obs:96493165722c186d11f373f9
hours:54962658138b373630b9fb48,osm:way:697326496,5,,open,420,1080,0,obs:96493165722c186d11f373f9
hours:f918fcfc9671a63e8d2dffe8,osm:way:697326496,6,,open,420,1080,0,obs:96493165722c186d11f373f9
hours:674a6c64c4fea5ad3461629a,osm:way:704147278,0,,open,480,1020,0,obs:fe15b35719b18e4ff0244b18
hours:fee31150a8a20f485fe6b827,osm:way:704147278,1,,open,480,1020,0,obs:fe15b35719b18e4ff0244b18
hours:20853abe36aad0b64520b351,osm:way:704147278,2,,open,480,1020,0,obs:fe15b35719b18e4ff0244b18
hours:ad9b93059e073df3ddddf9d4,osm:way:704147278,3,,open,480,1020,0,obs:fe15b35719b18e4ff0244b18
hours:ef4a8424ec632c26e98144ff,osm:way:704147278,4,,open,480,1020,0,obs:fe15b35719b18e4ff0244b18
hours:8bcb616986ee9ad0cf38613e,osm:way:704147278,5,,open,480,1020,0,obs:fe15b35719b18e4ff0244b18
hours:0b90318ca6661c876ab0a792,osm:way:704147278,6,,open,480,1020,0,obs:fe15b35719b18e4ff0244b18
hours:15d9d20ea32fd923e26e668f,osm:way:208255133,0,,closed,,,0,obs:fe037293bd5ecddf1316ba9d
hours:070b3608e8f6399a5fefa43d,osm:way:208255133,1,,open,540,1020,0,obs:fe037293bd5ecddf1316ba9d
hours:a00a7f58dc9b69a0f6b8f79c,osm:way:208255133,2,,open,540,1020,0,obs:fe037293bd5ecddf1316ba9d
hours:98e037927e3a70ca373e45eb,osm:way:208255133,3,,open,540,1020,0,obs:fe037293bd5ecddf1316ba9d
hours:5b2c3d5bb8fb29c5dfd8e36e,osm:way:208255133,4,,open,540,1020,0,obs:fe037293bd5ecddf1316ba9d
hours:c6ae722dfbe9cfddcd31f87f,osm:way:208255133,5,,open,540,1020,0,obs:fe037293bd5ecddf1316ba9d
hours:3b9a231e0ab734fc097fcc29,osm:way:208255133,6,,open,540,1020,0,obs:fe037293bd5ecddf1316ba9d
hours:cfb4ba49283bd8302acf0bd4,osm:node:5406262022,0,,open,570,1350,0,obs:cd9195045e246a80620a45f3
hours:99d16373bf05063da0219287,osm:node:5406262022,1,,open,570,1350,0,obs:cd9195045e246a80620a45f3
hours:6c206193f245200ceb5ab925,osm:node:5406262022,2,,open,570,1350,0,obs:cd9195045e246a80620a45f3
hours:fd78f9a4f2c8394634df9d65,osm:node:5406262022,3,,open,570,1350,0,obs:cd9195045e246a80620a45f3
hours:975ecaea5cf3e2dbfa1c5626,osm:node:5406262022,4,,open,570,1350,0,obs:cd9195045e246a80620a45f3
hours:242bc91196d2dc90ed1355d8,osm:node:5406262022,5,,open,570,1350,0,obs:cd9195045e246a80620a45f3
hours:3aa9b36878c32da3452677f9,osm:node:5406262022,6,,open,570,1350,0,obs:cd9195045e246a80620a45f3
hours:7628581c6b0ebfc7e6f991bc,osm:node:5747015021,0,,open,0,1440,0,obs:793fd80dd33a648d56660ce4
hours:a0b6dff332ecb2b12ad3f933,osm:node:5747015021,1,,open,0,1440,0,obs:793fd80dd33a648d56660ce4
hours:730b05353b68e591d3f58f9c,osm:node:5747015021,2,,open,0,1440,0,obs:793fd80dd33a648d56660ce4
hours:3d9b86f3c22ca95d3a2a7421,osm:node:5747015021,3,,open,0,1440,0,obs:793fd80dd33a648d56660ce4
hours:7c2283277c9f5b34a21d20b4,osm:node:5747015021,4,,open,0,1440,0,obs:793fd80dd33a648d56660ce4
hours:fdf45a04064751fe55d96168,osm:node:5747015021,5,,open,0,1440,0,obs:793fd80dd33a648d56660ce4
hours:3192b863c64ff811547718f6,osm:node:5747015021,6,,open,0,1440,0,obs:793fd80dd33a648d56660ce4
hours:d72a48a562b71c615cd23321,osm:node:8883385553,0,,open,0,1440,0,obs:6d1cb6755bda5a4f84027a45
hours:206244e629f592beba9e1e60,osm:node:8883385553,1,,open,0,1440,0,obs:6d1cb6755bda5a4f84027a45
hours:e2fff1891ab01db67fbb6467,osm:node:8883385553,2,,open,0,1440,0,obs:6d1cb6755bda5a4f84027a45
hours:b415c04dedfccb2bf55aedc5,osm:node:8883385553,3,,open,0,1440,0,obs:6d1cb6755bda5a4f84027a45
hours:b64c1844916e67dbbb2ce67d,osm:node:8883385553,4,,open,0,1440,0,obs:6d1cb6755bda5a4f84027a45
hours:bbff2367f4cebd77b31fe6aa,osm:node:8883385553,5,,open,0,1440,0,obs:6d1cb6755bda5a4f84027a45
hours:9362752d55aa7db64a2c06e7,osm:node:8883385553,6,,open,0,1440,0,obs:6d1cb6755bda5a4f84027a45
hours:2ac7f13b2d5240b199682617,osm:way:1556362196,0,,open,1050,1425,0,obs:85dc98325fbb70c6b5315e67
hours:0d0b5a979d2cb10fdd53e8c4,osm:way:1556362196,1,,open,1050,1425,0,obs:85dc98325fbb70c6b5315e67
hours:d9f8e6a8768af9ff7c4f7475,osm:way:1556362196,2,,open,1050,1425,0,obs:85dc98325fbb70c6b5315e67
hours:e086750c13452ce0d39db1ef,osm:way:1556362196,3,,open,1050,1425,0,obs:85dc98325fbb70c6b5315e67
hours:beb2ec5f7b4390e495bab3d9,osm:way:1556362196,4,,open,1050,1425,0,obs:85dc98325fbb70c6b5315e67
hours:796041b540fa7339fa708303,osm:way:1556362196,5,,open,1020,1439,0,obs:85dc98325fbb70c6b5315e67
hours:751a26f48cb4f41538560f82,osm:way:1556362196,6,,open,1050,1439,0,obs:85dc98325fbb70c6b5315e67
hours:f0c73a3df68c90fddeb06635,osm:relation:2836882,0,,open,0,1440,0,obs:b674b93dc57d5bfb58f0f594
hours:4bb51bb88f60ca698f2bf703,osm:relation:2836882,1,,open,0,1440,0,obs:b674b93dc57d5bfb58f0f594
hours:d29dc3ceadf0adca4f7a34fc,osm:relation:2836882,2,,open,0,1440,0,obs:b674b93dc57d5bfb58f0f594
hours:16ca79a00358d6cbd6ff17cf,osm:relation:2836882,3,,open,0,1440,0,obs:b674b93dc57d5bfb58f0f594
hours:55ed1c3f934df8d4559abcef,osm:relation:2836882,4,,open,0,1440,0,obs:b674b93dc57d5bfb58f0f594
hours:2fe3ded22f66ff4b116276cf,osm:relation:2836882,5,,open,0,1440,0,obs:b674b93dc57d5bfb58f0f594
hours:9c58bce889cbef63c4ae5fd0,osm:relation:2836882,6,,open,0,1440,0,obs:b674b93dc57d5bfb58f0f594
hours:de3b2e9a797c0bfb080fccd4,osm:node:5513474821,0,,open,480,1050,0,obs:c9a92ae818f5622cb52fca33
hours:571dd8240ae9a1a5b33d3ac8,osm:node:5513474821,1,,open,480,1050,0,obs:c9a92ae818f5622cb52fca33
hours:210c8ffbed92758753a78f7f,osm:node:5513474821,2,,open,480,1050,0,obs:c9a92ae818f5622cb52fca33
hours:f34c712330a4753fbd9f7505,osm:node:5513474821,3,,open,480,1050,0,obs:c9a92ae818f5622cb52fca33
hours:47eeb7c7f19ea4bba87fec8b,osm:node:5513474821,4,,open,480,1050,0,obs:c9a92ae818f5622cb52fca33
hours:82392504ed818532b49dc71f,osm:node:5513474821,5,,open,480,1050,0,obs:c9a92ae818f5622cb52fca33
hours:ff28737ee37df0255f0769c8,osm:node:5513474821,6,,open,480,1050,0,obs:c9a92ae818f5622cb52fca33
hours:a81e934396e358bc4e40fc96,osm:way:1076716243,0,,open,300,1140,0,obs:db4aac4fa343ee45beb2fd1b
hours:3589679106e1128b9ae13b85,osm:way:1076716243,1,,open,300,1140,0,obs:db4aac4fa343ee45beb2fd1b
hours:3b284a7385149f2109a863cd,osm:way:1076716243,2,,open,300,1140,0,obs:db4aac4fa343ee45beb2fd1b
hours:9647bc7e957b0f294db3fd2f,osm:way:1076716243,3,,open,300,1140,0,obs:db4aac4fa343ee45beb2fd1b
hours:2587cd287213113a6f2ee932,osm:way:1076716243,4,,open,300,1140,0,obs:db4aac4fa343ee45beb2fd1b
hours:7153fd4c76c50ac27afc10fe,osm:way:1076716243,5,,open,300,1140,0,obs:db4aac4fa343ee45beb2fd1b
hours:7d54a3bdc2647bb8448f2d98,osm:way:1076716243,6,,open,300,1140,0,obs:db4aac4fa343ee45beb2fd1b
hours:63a502af0670e1d72aa6302f,osm:way:1422444084,0,,open,0,1440,0,obs:1dea289cc8ff880b7b661dde
hours:ea27435e1af5289f0270220f,osm:way:1422444084,1,,open,0,1440,0,obs:1dea289cc8ff880b7b661dde
hours:38ca93ec97102302889ac78b,osm:way:1422444084,2,,open,0,1440,0,obs:1dea289cc8ff880b7b661dde
hours:8b6d4d51264b03e0ee207bca,osm:way:1422444084,3,,open,0,1440,0,obs:1dea289cc8ff880b7b661dde
hours:bdc2f73967b72ce7c8465bdf,osm:way:1422444084,4,,open,0,1440,0,obs:1dea289cc8ff880b7b661dde
hours:5e65e2e71b9df47b6fdbfcba,osm:way:1422444084,5,,open,300,1260,0,obs:1dea289cc8ff880b7b661dde
hours:8c58e6a970b2c4eaaa66b851,osm:way:1422444084,6,,open,300,1260,0,obs:1dea289cc8ff880b7b661dde
hours:1dfc9081f4bb3131bbcc1bd1,osm:node:7127464285,0,,open,480,1020,0,obs:054825791797db0cfd9fc892
hours:900c655534f37002befbdae4,osm:node:7127464285,1,,open,480,1020,0,obs:054825791797db0cfd9fc892
hours:89ba747d344fe703eace0a17,osm:node:7127464285,2,,open,480,1020,0,obs:054825791797db0cfd9fc892
hours:5da4684e6a4684a0a353afdb,osm:node:7127464285,3,,open,480,1020,0,obs:054825791797db0cfd9fc892
hours:f4042fd9f3340f247927368a,osm:node:7127464285,4,,open,480,1020,0,obs:054825791797db0cfd9fc892
hours:7459fdec4ed1b67701ef62e6,osm:node:7127464285,5,,open,480,1020,0,obs:054825791797db0cfd9fc892
hours:ede730b11e8035799ca50c70,osm:node:7127464285,6,,open,480,1020,0,obs:054825791797db0cfd9fc892
hours:b9e9ffe1017ac9ed3e7908af,osm:way:1181242323,0,,open,180,1260,0,obs:e2cf65bd6f47ade8ead2f26e
hours:14ab70e6da74fc510feefb79,osm:way:1181242323,1,,open,180,1260,0,obs:e2cf65bd6f47ade8ead2f26e
hours:40251d928b38e1ea8c781b2b,osm:way:1181242323,2,,open,180,1260,0,obs:e2cf65bd6f47ade8ead2f26e
hours:bd39993a73827229923a2a76,osm:way:1181242323,3,,open,180,1260,0,obs:e2cf65bd6f47ade8ead2f26e
hours:8d8831afe8080d3460f67d71,osm:way:1181242323,4,,open,180,1260,0,obs:e2cf65bd6f47ade8ead2f26e
hours:87c37536345fe91e615e04fc,osm:way:1181242323,5,,open,180,1260,0,obs:e2cf65bd6f47ade8ead2f26e
hours:17a8182f7700623b835601ee,osm:way:1181242323,6,,open,180,1260,0,obs:e2cf65bd6f47ade8ead2f26e
hours:f7cc427e475861008616bf05,osm:way:302944359,0,,open,300,1320,0,obs:af94628f9be1b4ce5cfe32bc
hours:9a5f0737aae954ed5167b3c9,osm:way:302944359,1,,open,300,1320,0,obs:af94628f9be1b4ce5cfe32bc
hours:737e8a65a953c53a1c5573b6,osm:way:302944359,2,,open,300,1320,0,obs:af94628f9be1b4ce5cfe32bc
hours:a974b75d90e62e932f3c4f51,osm:way:302944359,3,,open,300,1320,0,obs:af94628f9be1b4ce5cfe32bc
hours:1b0c786ddc39cc7c3445d44d,osm:way:302944359,4,,open,300,1320,0,obs:af94628f9be1b4ce5cfe32bc
hours:8b8ca5348e29975cbba0ee56,osm:way:302944359,5,,open,300,1320,0,obs:af94628f9be1b4ce5cfe32bc
hours:f453847199782f106178d737,osm:way:302944359,6,,open,300,1320,0,obs:af94628f9be1b4ce5cfe32bc
hours:b9579109eaacc30d31ea0533,osm:node:8474743417,0,,open,480,1080,0,obs:09f0aa3b033245e57b6fe19a
hours:02c3a5dba8e7f619f61acb63,osm:node:8474743417,1,,open,480,1080,0,obs:09f0aa3b033245e57b6fe19a
hours:ef677342059e196a7b5901d7,osm:node:8474743417,2,,open,480,1080,0,obs:09f0aa3b033245e57b6fe19a
hours:08c453ecde073d45545276c8,osm:node:8474743417,3,,open,480,1080,0,obs:09f0aa3b033245e57b6fe19a
hours:26437bfaa62e3cb63383880c,osm:node:8474743417,4,,open,480,1080,0,obs:09f0aa3b033245e57b6fe19a
hours:bfeca462c5c374f7e3b285a0,osm:node:8474743417,5,,open,480,1080,0,obs:09f0aa3b033245e57b6fe19a
hours:2ff236f4526cfd8536560bc3,osm:node:8474743417,6,,open,480,1080,0,obs:09f0aa3b033245e57b6fe19a
hours:983da7b2e68387d293293c65,osm:way:118672509,0,,open,0,1440,0,obs:71696ecf7c98c59ccb2e692c
hours:c9c03b3833082753bd769fb3,osm:way:118672509,1,,open,0,1440,0,obs:71696ecf7c98c59ccb2e692c
hours:1aff7cd5ff3fd8264e106e05,osm:way:118672509,2,,open,0,1440,0,obs:71696ecf7c98c59ccb2e692c
hours:37a0225314c0477c67246efa,osm:way:118672509,3,,open,0,1440,0,obs:71696ecf7c98c59ccb2e692c
hours:78aea38ccf2490c665bfe5e7,osm:way:118672509,4,,open,0,1440,0,obs:71696ecf7c98c59ccb2e692c
hours:588f9b573dd0e884fd09a7b5,osm:way:118672509,5,,open,0,1440,0,obs:71696ecf7c98c59ccb2e692c
hours:8f7d623b91df24dabda125a1,osm:way:118672509,6,,open,0,1440,0,obs:71696ecf7c98c59ccb2e692c
hours:e52283cc60c1db3c77f86750,osm:way:565186618,0,,open,0,1440,0,obs:3d4df94d3f87b813dc28d685
hours:ebf202b59a2e5319077067fd,osm:way:565186618,1,,open,0,1440,0,obs:3d4df94d3f87b813dc28d685
hours:e3df1fb7096ebe499d53cd48,osm:way:565186618,2,,open,0,1440,0,obs:3d4df94d3f87b813dc28d685
hours:73ec0b84eb25a21027afa23f,osm:way:565186618,3,,open,0,1440,0,obs:3d4df94d3f87b813dc28d685
hours:081308a31ab3f8c18328076a,osm:way:565186618,4,,open,0,1440,0,obs:3d4df94d3f87b813dc28d685
hours:bae08a3b9e12eb69f479bf17,osm:way:565186618,5,,open,0,1440,0,obs:3d4df94d3f87b813dc28d685
hours:d35a94dc3b18136251909992,osm:way:565186618,6,,open,0,1440,0,obs:3d4df94d3f87b813dc28d685
hours:4e8076264e09649da477b10d,osm:way:1326219930,0,,open,240,1140,0,obs:09f78f1b21a6bde2233c34a0
hours:81a77a2018ac6ce8403f711b,osm:way:1326219930,1,,open,240,1140,0,obs:09f78f1b21a6bde2233c34a0
hours:c10816ab9929dcfa81df72d6,osm:way:1326219930,2,,open,240,1140,0,obs:09f78f1b21a6bde2233c34a0
hours:71f96b3078827abb63eff5c1,osm:way:1326219930,3,,open,240,1140,0,obs:09f78f1b21a6bde2233c34a0
hours:66b53c84eba8dfccdc30e74f,osm:way:1326219930,4,,open,240,1140,0,obs:09f78f1b21a6bde2233c34a0
hours:112a9e8baf24b737bd4bd012,osm:way:1326219930,5,,open,240,1140,0,obs:09f78f1b21a6bde2233c34a0
hours:fe513af9e4562e8c421d4af7,osm:way:1326219930,6,,open,240,1140,0,obs:09f78f1b21a6bde2233c34a0
hours:e48cfb47e78821d593b24ddf,osm:node:10749874405,0,,open,450,1350,0,obs:1f4b20bf438cfbde7ffdf170
hours:796a6d37510abbf5dd988277,osm:node:10749874405,1,,open,450,1350,0,obs:1f4b20bf438cfbde7ffdf170
hours:f32580e4135bf53281fc1564,osm:node:10749874405,2,,open,450,1350,0,obs:1f4b20bf438cfbde7ffdf170
hours:d1649722b6458d7ff3b06961,osm:node:10749874405,3,,open,450,1350,0,obs:1f4b20bf438cfbde7ffdf170
hours:3690e7b15398d88949e45c54,osm:node:10749874405,4,,open,450,1350,0,obs:1f4b20bf438cfbde7ffdf170
hours:f14a893bc4ae142d5a5b1833,osm:node:10749874405,5,,open,450,1350,0,obs:1f4b20bf438cfbde7ffdf170
hours:305ff3b16514db00bdcd7f7c,osm:node:10749874405,6,,open,450,1350,0,obs:1f4b20bf438cfbde7ffdf170
hours:9521726cd2139dd4e4655938,osm:node:10652658505,0,,open,660,1260,0,obs:762d96760535216b8decce98
hours:25a4391c9f8ef1786407f972,osm:node:10652658505,1,,open,660,1260,0,obs:762d96760535216b8decce98
hours:25474292c9aa60853310612b,osm:node:10652658505,2,,open,660,1260,0,obs:762d96760535216b8decce98
hours:57ea63e30d504f54747f8585,osm:node:10652658505,3,,open,660,1260,0,obs:762d96760535216b8decce98
hours:5bdcbbd0253421263d41d6da,osm:node:10652658505,4,,open,660,1260,0,obs:762d96760535216b8decce98
hours:3bf48ea1d620e6a9dd35b0cd,osm:node:10652658505,5,,open,660,1260,0,obs:762d96760535216b8decce98
hours:e441bbe3c851ee1cebde4708,osm:node:10652658505,6,,open,660,1260,0,obs:762d96760535216b8decce98
hours:a2cabe404e5d9e17aa2b11c9,osm:node:10959238968,0,,open,450,1080,0,obs:2853f550ce33952a4ce3c40d
hours:1cd5618a2bd59e2ad7193b91,osm:node:10959238968,1,,closed,,,0,obs:2853f550ce33952a4ce3c40d
hours:e2c41b431810d34c53ba558a,osm:node:10959238968,2,,closed,,,0,obs:2853f550ce33952a4ce3c40d
hours:2cd9251c3eda45dbb45b97fb,osm:node:10959238968,3,,closed,,,0,obs:2853f550ce33952a4ce3c40d
hours:b4c8911579662078c24785fa,osm:node:10959238968,4,,open,450,1080,0,obs:2853f550ce33952a4ce3c40d
hours:6bba48ec6e800b4b1a1d0cc3,osm:node:10959238968,5,,open,450,1080,0,obs:2853f550ce33952a4ce3c40d
hours:a87b972d76a116122d2f99d7,osm:node:10959238968,6,,open,450,1080,0,obs:2853f550ce33952a4ce3c40d
hours:e9e9857efc6441fa13b4c8f0,osm:node:10304039134,0,,open,900,1350,0,obs:3915983bb1bc43438e291261
hours:5636fc02a387b8a6a20a4299,osm:node:10304039134,1,,open,900,1350,0,obs:3915983bb1bc43438e291261
hours:61564c0ea9495d63a7aeaa5f,osm:node:10304039134,2,,open,900,1350,0,obs:3915983bb1bc43438e291261
hours:f2330abb67f024c443e95bf0,osm:node:10304039134,3,,open,900,1350,0,obs:3915983bb1bc43438e291261
hours:3b841d7f1c5619cb39bbd5f6,osm:node:10304039134,4,,open,900,1350,0,obs:3915983bb1bc43438e291261
hours:cd34020e712d5e0e9dae45ce,osm:node:10304039134,5,,closed,,,0,obs:3915983bb1bc43438e291261
hours:422c74408f2c1520b280bf75,osm:node:10304039134,6,,closed,,,0,obs:3915983bb1bc43438e291261
hours:076f3cd8db250ccf76871a02,osm:node:10536187009,0,,open,420,1320,0,obs:f72fb507f27da0d908e95abe
hours:36c619e3aaf45c482c6e5017,osm:node:10536187009,1,,open,420,1320,0,obs:f72fb507f27da0d908e95abe
hours:414babd9cad6477409fa3ac4,osm:node:10536187009,2,,open,420,1320,0,obs:f72fb507f27da0d908e95abe
hours:d6729c3e542d017c6c392ad7,osm:node:10536187009,3,,open,420,1320,0,obs:f72fb507f27da0d908e95abe
hours:2ce7fd88bebbb514a761a1bf,osm:node:10536187009,4,,open,420,1320,0,obs:f72fb507f27da0d908e95abe
hours:b24e64a5bc8d02c6e6297d65,osm:node:10536187009,5,,open,420,1320,0,obs:f72fb507f27da0d908e95abe
hours:f997509cfeb5bb2fa1a43377,osm:node:10536187009,6,,open,420,1320,0,obs:f72fb507f27da0d908e95abe
hours:3d6f5fa2112b1af84999cde4,osm:node:10304609242,0,,open,570,1290,0,obs:3102002ba45db6f83bddd25c
hours:6d67ad3c59b557046d56ef32,osm:node:10304609242,1,,open,570,1290,0,obs:3102002ba45db6f83bddd25c
hours:5ad2d12137e2db3784591056,osm:node:10304609242,2,,open,570,1290,0,obs:3102002ba45db6f83bddd25c
hours:1a02525620ced7e42a55ee86,osm:node:10304609242,3,,open,570,1290,0,obs:3102002ba45db6f83bddd25c
hours:907e7b9601c4d750807019a6,osm:node:10304609242,4,,open,570,1290,0,obs:3102002ba45db6f83bddd25c
hours:441f5db641daf332622d755a,osm:node:10304609242,5,,open,570,1290,0,obs:3102002ba45db6f83bddd25c
hours:ebf1bdb392ff80bc352ea911,osm:node:10304609242,6,,open,570,1290,0,obs:3102002ba45db6f83bddd25c
hours:3af1528d161bc0e4faacf4cc,osm:node:10773540605,0,,open,390,1080,0,obs:216bbf0cd945e26eb26014e4
hours:eff90ba002fcfca50aabb368,osm:node:10773540605,1,,open,390,1080,0,obs:216bbf0cd945e26eb26014e4
hours:3c0dc508420adb6183fe6de6,osm:node:10773540605,2,,open,390,1080,0,obs:216bbf0cd945e26eb26014e4
hours:c205dd211abc4a6167df90eb,osm:node:10773540605,3,,open,390,1080,0,obs:216bbf0cd945e26eb26014e4
hours:092fef5d5ed94fd234e2de77,osm:node:10773540605,4,,open,390,1080,0,obs:216bbf0cd945e26eb26014e4
hours:d739f1155157716584d72d69,osm:node:10773540605,5,,open,390,1080,0,obs:216bbf0cd945e26eb26014e4
hours:729d2eedf40c0b30645d2218,osm:node:10773540605,6,,open,390,1080,0,obs:216bbf0cd945e26eb26014e4
hours:01fbbe465a9eba7d020dcbb6,osm:node:11665246470,0,,open,390,1410,0,obs:e0a63e6c9f3453ddfb623809
hours:0e4ebe2f9f274eb718328ab1,osm:node:11665246470,1,,open,390,1410,0,obs:e0a63e6c9f3453ddfb623809
hours:75c2e9a5fb2e48831fa20df9,osm:node:11665246470,2,,open,390,1410,0,obs:e0a63e6c9f3453ddfb623809
hours:ae27ed99fc0f4b94ec200f49,osm:node:11665246470,3,,open,390,1410,0,obs:e0a63e6c9f3453ddfb623809
hours:370b45c09f91c238cc43f8ae,osm:node:11665246470,4,,open,390,1410,0,obs:e0a63e6c9f3453ddfb623809
hours:3cf67497c3183244633c7cc1,osm:node:11665246470,5,,open,390,1410,0,obs:e0a63e6c9f3453ddfb623809
hours:3f62670d17682dc3c8313931,osm:node:11665246470,6,,open,390,1410,0,obs:e0a63e6c9f3453ddfb623809
hours:a075f78967e6f245b6c291b4,osm:way:1510802054,0,,open,480,1320,0,obs:4e42df2d94e26564975f9c65
hours:19dd02234d546849a2faf938,osm:way:1510802054,1,,open,480,1320,0,obs:4e42df2d94e26564975f9c65
hours:85a2e07ee0f135125431b994,osm:way:1510802054,2,,open,480,1320,0,obs:4e42df2d94e26564975f9c65
hours:95d5c2bc51175121527029f4,osm:way:1510802054,3,,open,480,1320,0,obs:4e42df2d94e26564975f9c65
hours:145355b20a1c38103b53caf8,osm:way:1510802054,4,,open,480,1320,0,obs:4e42df2d94e26564975f9c65
hours:5ad0a6d30e615b34a17dd6d8,osm:way:1510802054,5,,open,480,1320,0,obs:4e42df2d94e26564975f9c65
hours:934c699041a6f8c47f6b92a3,osm:way:1510802054,6,,open,480,1320,0,obs:4e42df2d94e26564975f9c65
hours:25d16361fc237eb1277733e6,osm:way:1234036432,0,,open,540,1080,0,obs:c98f73a5129eadf9f0512278
hours:3b75795b13020a5a2f86b0d1,osm:way:1234036432,1,,open,540,1080,0,obs:c98f73a5129eadf9f0512278
hours:7b6232b01774b4b61c3b5b70,osm:way:1234036432,2,,open,540,1080,0,obs:c98f73a5129eadf9f0512278
hours:dc73d264f364d2b4e108d888,osm:way:1234036432,3,,open,540,1080,0,obs:c98f73a5129eadf9f0512278
hours:78485c8dd3033735ddea25c0,osm:way:1234036432,4,,open,540,1080,0,obs:c98f73a5129eadf9f0512278
hours:8867dc6d6f745d5ba1bef9ec,osm:way:1234036432,5,,open,540,1080,0,obs:c98f73a5129eadf9f0512278
hours:9efc2970fd54f5976bbe3578,osm:way:1234036432,6,,open,540,1110,0,obs:c98f73a5129eadf9f0512278
hours:9a392e6bb41c6524df5fd7ca,osm:node:12814113704,0,,open,300,1140,0,obs:a48dab684f36988771a5e1ef
hours:43e9e465ebbe692c94582066,osm:node:12814113704,1,,open,300,1140,0,obs:a48dab684f36988771a5e1ef
hours:e25d6f60823a7cc5ef672377,osm:node:12814113704,2,,open,300,1140,0,obs:a48dab684f36988771a5e1ef
hours:326aa9584c7210be3a2a8195,osm:node:12814113704,3,,open,300,1140,0,obs:a48dab684f36988771a5e1ef
hours:02cddcbb0459244d3f2c26c8,osm:node:12814113704,4,,open,300,1140,0,obs:a48dab684f36988771a5e1ef
hours:662ef8d571bf4e45bde8d825,osm:node:12814113704,5,,open,300,1140,0,obs:a48dab684f36988771a5e1ef
hours:b0d39776f3a0ca86a2f2d03c,osm:node:12814113704,6,,open,300,1140,0,obs:a48dab684f36988771a5e1ef
hours:5de25b22af505f67f59934d8,osm:way:921987266,0,,open,360,1320,0,obs:754c9cfce675575578c45cbd
hours:350a391b6936975f8da53c4f,osm:way:921987266,1,,open,360,1320,0,obs:754c9cfce675575578c45cbd
hours:bf10895ea80dc9d7cbef85dd,osm:way:921987266,2,,open,360,1320,0,obs:754c9cfce675575578c45cbd
hours:63b3409645f952a0ba221340,osm:way:921987266,3,,open,360,1320,0,obs:754c9cfce675575578c45cbd
hours:3a8077161e30262393b66456,osm:way:921987266,4,,open,360,1320,0,obs:754c9cfce675575578c45cbd
hours:a3482e19276d0d98f68d8b90,osm:way:921987266,5,,open,360,1320,0,obs:754c9cfce675575578c45cbd
hours:46f0103fa0ed0c854032caf4,osm:way:921987266,6,,open,360,1320,0,obs:754c9cfce675575578c45cbd
hours:ea8de8307132b268fca16467,osm:way:843085954,0,,closed,,,0,obs:e1fe6223ae2625b4bdb77b80
hours:eea13a2d160dbbe990d4b3fa,osm:way:843085954,1,,open,480,1020,0,obs:e1fe6223ae2625b4bdb77b80
hours:7e9f4ecfbc9d67b625bfa33d,osm:way:843085954,2,,open,480,1020,0,obs:e1fe6223ae2625b4bdb77b80
hours:bea1dc858cb9c06a8fb5796d,osm:way:843085954,3,,open,480,1020,0,obs:e1fe6223ae2625b4bdb77b80
hours:c4e33a8e912e8e33bda2be70,osm:way:843085954,4,,open,480,1020,0,obs:e1fe6223ae2625b4bdb77b80
hours:b86058d6b872bebb9121ac01,osm:way:843085954,5,,open,480,1020,0,obs:e1fe6223ae2625b4bdb77b80
hours:e6ac51e3e00ede445f637768,osm:way:843085954,6,,open,480,1020,0,obs:e1fe6223ae2625b4bdb77b80
hours:508a7302c6402a6e94cb7e8c,osm:node:13449384383,0,,open,360,1200,0,obs:135a757e508d00b88732df8c
hours:351ff8b9c6f3f3746ed6b681,osm:node:13449384383,1,,open,360,1200,0,obs:135a757e508d00b88732df8c
hours:f9541c0850e8208386f214a5,osm:node:13449384383,2,,open,360,1200,0,obs:135a757e508d00b88732df8c
hours:832e41d2ba4a56b85ac10d76,osm:node:13449384383,3,,open,360,1200,0,obs:135a757e508d00b88732df8c
hours:57246805829ec1455f7237e7,osm:node:13449384383,4,,open,360,1200,0,obs:135a757e508d00b88732df8c
hours:9d47ec148e8de238430c9f2d,osm:node:13449384383,5,,open,360,1200,0,obs:135a757e508d00b88732df8c
hours:de3fd6fb79f459fe5a34297b,osm:node:13449384383,6,,open,360,1200,0,obs:135a757e508d00b88732df8c
hours:5bcaac8f61890eb60134c785,osm:node:4489385889,0,,open,540,1020,0,obs:f13e5d4c3335cdfc7db48097
hours:b1137275ba256d1269739732,osm:node:4489385889,1,,open,540,1020,0,obs:f13e5d4c3335cdfc7db48097
hours:feb74aadcfb5fba256f92952,osm:node:4489385889,2,,open,540,1020,0,obs:f13e5d4c3335cdfc7db48097
hours:aa9f10f5df0b87f52c4fc3b2,osm:node:4489385889,3,,open,540,1020,0,obs:f13e5d4c3335cdfc7db48097
hours:bb795741510b0d8fbe7b34d3,osm:node:4489385889,4,,open,540,1020,0,obs:f13e5d4c3335cdfc7db48097
hours:193be41977571e73f8bfe710,osm:node:4489385889,5,,open,540,1020,0,obs:f13e5d4c3335cdfc7db48097
hours:a4d8da5cba2d80df8dad9c26,osm:node:4489385889,6,,open,540,1020,0,obs:f13e5d4c3335cdfc7db48097
hours:4352b11f10a13facd4be0b17,osm:node:2471647464,0,,open,180,1410,0,obs:cbb32dc76459fe0b7fa2ecda
hours:edf2946cd6b8bbd9c81f39ab,osm:node:2471647464,1,,open,180,1410,0,obs:cbb32dc76459fe0b7fa2ecda
hours:9bbabde51a3c189bef3489c2,osm:node:2471647464,2,,open,180,1410,0,obs:cbb32dc76459fe0b7fa2ecda
hours:f46e39106ee33f8d85846178,osm:node:2471647464,3,,open,180,1410,0,obs:cbb32dc76459fe0b7fa2ecda
hours:156d1d4f432659fd15750af6,osm:node:2471647464,4,,open,180,1410,0,obs:cbb32dc76459fe0b7fa2ecda
hours:8eb929cc93f877333f1f15ae,osm:node:2471647464,5,,open,180,1410,0,obs:cbb32dc76459fe0b7fa2ecda
hours:d579adbbb18747c09937e0c2,osm:node:2471647464,6,,open,180,1410,0,obs:cbb32dc76459fe0b7fa2ecda
hours:e85771170598feb824c7b936,osm:node:12404222239,0,,open,480,1020,0,obs:1456021bce7108ddc44c787b
hours:9b4f9e5dd20ef73419c97784,osm:node:12404222239,1,,open,480,1020,0,obs:1456021bce7108ddc44c787b
hours:a3b01030383654b10a796300,osm:node:12404222239,2,,open,480,1020,0,obs:1456021bce7108ddc44c787b
hours:0c46c8fada64e583d4699306,osm:node:12404222239,3,,open,480,1020,0,obs:1456021bce7108ddc44c787b
hours:ad190294f17f324c82b15189,osm:node:12404222239,4,,open,480,1020,0,obs:1456021bce7108ddc44c787b
hours:c06d2ce9471c3f61656a805f,osm:node:12404222239,5,,open,480,1020,0,obs:1456021bce7108ddc44c787b
hours:417835badf654bbf93a513df,osm:node:12404222239,6,,open,480,1020,0,obs:1456021bce7108ddc44c787b
hours:9c12f05c064e2a9b2d396581,osm:node:9237323772,0,,open,300,1170,0,obs:e7b8c58af8ea525702920255
hours:d3f8862b6a6ab33f8cc29ecc,osm:node:9237323772,1,,open,300,1170,0,obs:e7b8c58af8ea525702920255
hours:19909327633edf34b7f40c59,osm:node:9237323772,2,,open,300,1170,0,obs:e7b8c58af8ea525702920255
hours:501beaf6859f6e2bd1f3fcf9,osm:node:9237323772,3,,open,300,1170,0,obs:e7b8c58af8ea525702920255
hours:1bd4deb003ea4561a2dd9942,osm:node:9237323772,4,,open,300,1170,0,obs:e7b8c58af8ea525702920255
hours:2ba9e0fbfbf6042a8b14b284,osm:node:9237323772,5,,open,300,1170,0,obs:e7b8c58af8ea525702920255
hours:710674792e673d1d1985304d,osm:node:9237323772,6,,open,300,1170,0,obs:e7b8c58af8ea525702920255
hours:566447b2509aab172b7baeff,osm:node:12876453886,0,,open,0,1440,0,obs:f73aced6f2ff9c19833d31e2
hours:36fdbfbe519c3902c4922488,osm:node:12876453886,1,,open,0,1440,0,obs:f73aced6f2ff9c19833d31e2
hours:5aa702af3ffd86e5e8d8cbdb,osm:node:12876453886,2,,open,0,1440,0,obs:f73aced6f2ff9c19833d31e2
hours:9819ab76179538a2d3274248,osm:node:12876453886,3,,open,0,1440,0,obs:f73aced6f2ff9c19833d31e2
hours:3642d4f20250d23e651d99de,osm:node:12876453886,4,,open,0,1440,0,obs:f73aced6f2ff9c19833d31e2
hours:4c85bf55a6ec64b35faac343,osm:node:12876453886,5,,open,0,1440,0,obs:f73aced6f2ff9c19833d31e2
hours:b98dfd443a55fb9ae9f9a3fa,osm:node:12876453886,6,,open,0,1440,0,obs:f73aced6f2ff9c19833d31e2
hours:395dc403bdde05af03c5ee9c,osm:way:1114927597,0,,open,300,720,0,obs:d35f77952e8f91b92861a7ee
hours:d219a063ca6bdfd51ea20b5a,osm:way:1114927597,1,,open,300,720,0,obs:d35f77952e8f91b92861a7ee
hours:954c9615b49362462c89a481,osm:way:1114927597,2,,open,300,720,0,obs:d35f77952e8f91b92861a7ee
hours:54db88ec2c7b6e6a61969136,osm:way:1114927597,3,,open,300,720,0,obs:d35f77952e8f91b92861a7ee
hours:ab5c8ffd11536040baedad19,osm:way:1114927597,4,,open,300,720,0,obs:d35f77952e8f91b92861a7ee
hours:a26d1f110c2a3f353d16142b,osm:way:1114927597,5,,open,300,720,0,obs:d35f77952e8f91b92861a7ee
hours:afd8a128dc20e3c2e6511589,osm:way:1114927597,6,,open,300,720,0,obs:d35f77952e8f91b92861a7ee
hours:2078b9e5c096337e56dd36f7,osm:way:1185629560,0,,open,0,1440,0,obs:d525017ef477236a30d1440a
hours:1452ac827e30068cd2ebdf57,osm:way:1185629560,1,,open,0,1440,0,obs:d525017ef477236a30d1440a
hours:79e516f8cb803dd28be85659,osm:way:1185629560,2,,open,0,1440,0,obs:d525017ef477236a30d1440a
hours:c5b57429b8f2d65250104a39,osm:way:1185629560,3,,open,0,1440,0,obs:d525017ef477236a30d1440a
hours:46abfd744cb6f09314447350,osm:way:1185629560,4,,open,0,1440,0,obs:d525017ef477236a30d1440a
hours:914fcf27efeaa03ee22589c7,osm:way:1185629560,5,,open,0,1440,0,obs:d525017ef477236a30d1440a
hours:98f5bf060622ab31796af13a,osm:way:1185629560,6,,open,0,1440,0,obs:d525017ef477236a30d1440a
hours:96c1756689a942277b95e1d1,osm:way:1192808464,0,,open,0,1440,0,obs:6a7e8721207e711496c6a77b
hours:b02a8ac9930252aeb21af349,osm:way:1192808464,1,,open,0,1440,0,obs:6a7e8721207e711496c6a77b
hours:79bdeae112c142044b8f8494,osm:way:1192808464,2,,open,0,1440,0,obs:6a7e8721207e711496c6a77b
hours:c7fbe3e6aa0c8a9153f2140f,osm:way:1192808464,3,,open,0,1440,0,obs:6a7e8721207e711496c6a77b
hours:3a257f9ecad53d30287040f1,osm:way:1192808464,4,,open,0,1440,0,obs:6a7e8721207e711496c6a77b
hours:6fc8928a8962b6cd6cadee70,osm:way:1192808464,5,,open,0,1440,0,obs:6a7e8721207e711496c6a77b
hours:fd9f4d6467b3214d4c7ac9cd,osm:way:1192808464,6,,open,0,1440,0,obs:6a7e8721207e711496c6a77b
hours:427438bd6c2f7c806490c23b,osm:node:10114776452,0,,open,390,1380,0,obs:15a5e98d7ae282a9ab2fadd0
hours:144ec197ec2a665fad373cb7,osm:node:10114776452,1,,open,390,1380,0,obs:15a5e98d7ae282a9ab2fadd0
hours:c162d3c72f53f388f864b488,osm:node:10114776452,2,,open,390,1380,0,obs:15a5e98d7ae282a9ab2fadd0
hours:202f35f2106415390da9e594,osm:node:10114776452,3,,open,390,1380,0,obs:15a5e98d7ae282a9ab2fadd0
hours:5f930794439a7ceef7c8c999,osm:node:10114776452,4,,open,390,1380,0,obs:15a5e98d7ae282a9ab2fadd0
hours:ce9ceceee4fae1bff144453d,osm:node:10114776452,5,,open,390,1380,0,obs:15a5e98d7ae282a9ab2fadd0
hours:e2b8e8f6fd415a839fbcbb06,osm:node:10114776452,6,,open,390,1380,0,obs:15a5e98d7ae282a9ab2fadd0
hours:23b5418f7782c462b6ade059,osm:node:10715935205,0,,open,450,1170,0,obs:512a7b12014b8ce0d43ae304
hours:276b347549eed4afd5de8d49,osm:node:10715935205,1,,open,450,1170,0,obs:512a7b12014b8ce0d43ae304
hours:46410028121deb4e3873c8c0,osm:node:10715935205,2,,open,450,1170,0,obs:512a7b12014b8ce0d43ae304
hours:79f9af1de29414b14568c4b7,osm:node:10715935205,3,,open,450,1170,0,obs:512a7b12014b8ce0d43ae304
hours:c314b3c7e0b39ad4182b379a,osm:node:10715935205,4,,open,450,1170,0,obs:512a7b12014b8ce0d43ae304
hours:3cc0c10c682a1bcdba4f7b9d,osm:node:10715935205,5,,open,450,1170,0,obs:512a7b12014b8ce0d43ae304
hours:edd2b8ea9d5b6bd6744b28b4,osm:node:10715935205,6,,open,450,1170,0,obs:512a7b12014b8ce0d43ae304
hours:537a1046e8ca9bfcc67ddbd8,osm:way:359114064,0,,open,480,1320,0,obs:5bae78b5f7bcd4972fed5f0a
hours:00a3f39014f8f3306f799ac6,osm:way:359114064,1,,open,480,1320,0,obs:5bae78b5f7bcd4972fed5f0a
hours:6cd239f78e7d053d3351db2e,osm:way:359114064,2,,open,480,1320,0,obs:5bae78b5f7bcd4972fed5f0a
hours:7d4cf02a6be42bd4949320c0,osm:way:359114064,3,,open,480,1320,0,obs:5bae78b5f7bcd4972fed5f0a
hours:70eb25d38f8cc325da0ad907,osm:way:359114064,4,,open,480,1320,0,obs:5bae78b5f7bcd4972fed5f0a
hours:ab1df3727a2a6691add04488,osm:way:359114064,5,,open,480,1320,0,obs:5bae78b5f7bcd4972fed5f0a
hours:798c946c2b148c73ecfed3a1,osm:way:359114064,6,,open,480,1320,0,obs:5bae78b5f7bcd4972fed5f0a
hours:009f7663fff42d5860d7d477,osm:relation:8552348,0,,open,420,1050,0,obs:422e55b9bcdb12f28dc2e391
hours:d471d807d9e64c73f89e45a0,osm:relation:8552348,1,,open,420,1050,0,obs:422e55b9bcdb12f28dc2e391
hours:63002ca45ee7e830768cde93,osm:relation:8552348,2,,open,420,1050,0,obs:422e55b9bcdb12f28dc2e391
hours:42538127fd4dd88842b398b0,osm:relation:8552348,3,,open,420,1050,0,obs:422e55b9bcdb12f28dc2e391
hours:2f877db486f31ede526a0840,osm:relation:8552348,4,,open,420,1050,0,obs:422e55b9bcdb12f28dc2e391
hours:a82220ef2de3a979e2f5ff55,osm:relation:8552348,5,,open,420,1050,0,obs:422e55b9bcdb12f28dc2e391
hours:85f58c6397a6d0586dd12793,osm:relation:8552348,6,,open,420,1050,0,obs:422e55b9bcdb12f28dc2e391
hours:7d5b83d1a7adc5f4cef5113f,osm:way:302872188,0,,open,420,1020,0,obs:22b1f43dc4a1b04854c22f64
hours:cac89546301254e4c7b7b140,osm:way:302872188,1,,open,420,1020,0,obs:22b1f43dc4a1b04854c22f64
hours:d701a214340aeacdb8775506,osm:way:302872188,2,,open,420,1020,0,obs:22b1f43dc4a1b04854c22f64
hours:5dabb061f132780111653c6f,osm:way:302872188,3,,open,420,1020,0,obs:22b1f43dc4a1b04854c22f64
hours:f91936d4896773ea19fb50fd,osm:way:302872188,4,,open,420,1020,0,obs:22b1f43dc4a1b04854c22f64
hours:c4f5a4547b2c6e858447bab5,osm:way:302872188,5,,open,420,1020,0,obs:22b1f43dc4a1b04854c22f64
hours:d6000253c04979504961b8fd,osm:way:302872188,6,,open,420,1020,0,obs:22b1f43dc4a1b04854c22f64
hours:0da8ebdfbfec9cc915ad7a2e,osm:way:486703049,0,,open,360,1260,0,obs:f257a5b57c34f469a36fcb0b
hours:359ee091257a025fb3854d4f,osm:way:486703049,1,,open,360,1260,0,obs:f257a5b57c34f469a36fcb0b
hours:ab77a04be0a3964e138ced91,osm:way:486703049,2,,open,360,1260,0,obs:f257a5b57c34f469a36fcb0b
hours:d5afbadb91cb4648f71f52a2,osm:way:486703049,3,,open,360,1260,0,obs:f257a5b57c34f469a36fcb0b
hours:bb8c5bf5c8fe8faa3ebbc420,osm:way:486703049,4,,open,360,1260,0,obs:f257a5b57c34f469a36fcb0b
hours:6d2584b7a70222972a751887,osm:way:486703049,5,,open,360,1260,0,obs:f257a5b57c34f469a36fcb0b
hours:9ce10d34cdc05d203a0cc68b,osm:way:486703049,6,,open,360,1260,0,obs:f257a5b57c34f469a36fcb0b
hours:ce45ed6d7e99d8fdc8a67ae8,osm:way:14131302,0,,open,960,1320,0,obs:d47c275ddae054d8397c4bff
hours:2fef61d91a91319e9c522fa2,osm:way:14131302,1,,closed,,,0,obs:d47c275ddae054d8397c4bff
hours:811fb4a0fce811c7b2be5b48,osm:way:14131302,2,,open,960,1320,0,obs:d47c275ddae054d8397c4bff
hours:2a31298850b559eb8d6a2ef3,osm:way:14131302,3,,open,960,1320,0,obs:d47c275ddae054d8397c4bff
hours:85ff89b8aeaa20154d044328,osm:way:14131302,4,,open,960,1320,0,obs:d47c275ddae054d8397c4bff
hours:2fc25fe53220b2fa5adf2cb0,osm:way:14131302,5,,open,960,1320,0,obs:d47c275ddae054d8397c4bff
hours:64e24cbb15f66d7e03cde7ba,osm:way:14131302,6,,open,960,1320,0,obs:d47c275ddae054d8397c4bff
hours:d74827112917e88721d6bf1f,osm:way:782381624,0,,open,540,1080,0,obs:48fd889ee8c1e60c58266028
hours:f805c3be584674d3856b7ee3,osm:way:782381624,1,,open,540,1080,0,obs:48fd889ee8c1e60c58266028
hours:c7e0517c3e9d232854042b3f,osm:way:782381624,2,,open,540,1080,0,obs:48fd889ee8c1e60c58266028
hours:03bbd4258f3868db6ed00895,osm:way:782381624,3,,open,540,1080,0,obs:48fd889ee8c1e60c58266028
hours:bb9206a809f4bd4390df5031,osm:way:782381624,4,,open,540,1080,0,obs:48fd889ee8c1e60c58266028
hours:87d692bbf0af1222072b3910,osm:way:782381624,5,,open,540,1140,0,obs:48fd889ee8c1e60c58266028
hours:3bc5e977091afc3ff6778fa9,osm:way:782381624,6,,open,540,1140,0,obs:48fd889ee8c1e60c58266028
hours:6fe3c4619773f4fddaf182f6,osm:way:1368599361,0,,open,480,1020,0,obs:9633615e19140e725409cc5d
hours:bdaf4f5f1d54757ee16bb6ce,osm:way:1368599361,1,,open,480,1020,0,obs:9633615e19140e725409cc5d
hours:064e430f66b886b70317e979,osm:way:1368599361,2,,open,480,1020,0,obs:9633615e19140e725409cc5d
hours:306d83febc554313d8f9808e,osm:way:1368599361,3,,open,480,1020,0,obs:9633615e19140e725409cc5d
hours:472890c72faeb0369105f642,osm:way:1368599361,4,,open,480,1020,0,obs:9633615e19140e725409cc5d
hours:d7fc76f04bcc71c5f8cbac77,osm:way:1368599361,5,,open,480,1020,0,obs:9633615e19140e725409cc5d
hours:b67c59262570a675e254cf4f,osm:way:1368599361,6,,open,480,1020,0,obs:9633615e19140e725409cc5d
hours:e18ec894fb5a06915fb4ad40,osm:way:204885903,0,,open,360,1140,0,obs:3f23d87984f1729ae736b45c
hours:2b979380a9c9d2429be248ab,osm:way:204885903,1,,open,360,1140,0,obs:3f23d87984f1729ae736b45c
hours:c5217aaecab625a1fdb3df4e,osm:way:204885903,2,,open,360,1140,0,obs:3f23d87984f1729ae736b45c
hours:5bb49656cda302a9f73dc8a5,osm:way:204885903,3,,open,360,1140,0,obs:3f23d87984f1729ae736b45c
hours:e8d252952bb9150c95e0175c,osm:way:204885903,4,,open,360,1140,0,obs:3f23d87984f1729ae736b45c
hours:3e29c5eedf4c3d19daed0e40,osm:way:204885903,5,,open,360,1140,0,obs:3f23d87984f1729ae736b45c
hours:88d50597cb013fed28105fe5,osm:way:204885903,6,,open,360,1140,0,obs:3f23d87984f1729ae736b45c
hours:299233acd6aa2929368e3cd9,osm:way:204790989,0,,open,420,1140,0,obs:1dbdb4a5d9eca3fd68d42b45
hours:6935f9a17443267ba1146e46,osm:way:204790989,1,,open,420,1140,0,obs:1dbdb4a5d9eca3fd68d42b45
hours:efc8919642f49c746e09ca41,osm:way:204790989,2,,open,420,1140,0,obs:1dbdb4a5d9eca3fd68d42b45
hours:14c71c4545a96aa07676f956,osm:way:204790989,3,,open,420,1140,0,obs:1dbdb4a5d9eca3fd68d42b45
hours:8940dc125aa4e8d0ad69f517,osm:way:204790989,4,,open,420,1140,0,obs:1dbdb4a5d9eca3fd68d42b45
hours:1b67f748720320d32b313dbc,osm:way:204790989,5,,open,420,1140,0,obs:1dbdb4a5d9eca3fd68d42b45
hours:f39ede1c9dfb6c6b4617e6b7,osm:way:204790989,6,,open,420,1140,0,obs:1dbdb4a5d9eca3fd68d42b45
hours:61cddd86b63e9ed3b4d3660c,osm:node:4171964390,0,,open,480,1110,0,obs:60aed88b8053e7526b06f3a2
hours:3e5d9d10f1a675f3137bcf66,osm:node:4171964390,1,,open,480,1110,0,obs:60aed88b8053e7526b06f3a2
hours:cf9e2e6f9d32fa4270f64dd7,osm:node:4171964390,2,,open,480,1110,0,obs:60aed88b8053e7526b06f3a2
hours:6fead3af57f76e3adea1778e,osm:node:4171964390,3,,open,480,1110,0,obs:60aed88b8053e7526b06f3a2
hours:b832bf7fe0b2800cf41e7b65,osm:node:4171964390,4,,open,480,1110,0,obs:60aed88b8053e7526b06f3a2
hours:45127d9debbd5b5e8bcb2885,osm:node:4171964390,5,,open,480,1110,0,obs:60aed88b8053e7526b06f3a2
hours:5aa047005207c6e83fa058d5,osm:node:4171964390,6,,open,480,1110,0,obs:60aed88b8053e7526b06f3a2
hours:387267497d139b3781c1370f,osm:node:10709724107,0,,open,360,1410,0,obs:f1637c330de8ba7561a3a24f
hours:1620a99997132627640a9d21,osm:node:10709724107,1,,open,360,1410,0,obs:f1637c330de8ba7561a3a24f
hours:7ba9c3d096cadc8b74566362,osm:node:10709724107,2,,open,360,1410,0,obs:f1637c330de8ba7561a3a24f
hours:f71a76f316f05efc1ef68c8c,osm:node:10709724107,3,,open,360,1410,0,obs:f1637c330de8ba7561a3a24f
hours:3187727cf70624ff9fa3924e,osm:node:10709724107,4,,open,360,1410,0,obs:f1637c330de8ba7561a3a24f
hours:2e67bca0bd461662d2e63728,osm:node:10709724107,5,,open,360,1410,0,obs:f1637c330de8ba7561a3a24f
hours:fac3c098ed46b65a199c593e,osm:node:10709724107,6,,open,360,1410,0,obs:f1637c330de8ba7561a3a24f
hours:6580da19ddba6245f9474470,poi-google:3aac3427ee25b18a817027e9,0,,open,0,1440,0,obs:ab227e716671c9f28a284f78
hours:e524f1d23484252eddbf06f0,poi-google:3aac3427ee25b18a817027e9,1,,open,0,1440,0,obs:ab227e716671c9f28a284f78
hours:e60ac12dc3ef8c6bee45e538,poi-google:3aac3427ee25b18a817027e9,2,,open,0,1440,0,obs:ab227e716671c9f28a284f78
hours:df9b411252796a752c927d7b,poi-google:3aac3427ee25b18a817027e9,3,,open,0,1440,0,obs:ab227e716671c9f28a284f78
hours:b0d2fed9f2f1404f43e9ef33,poi-google:3aac3427ee25b18a817027e9,4,,open,0,1440,0,obs:ab227e716671c9f28a284f78
hours:9f0b55ca82a00e0777f4de42,poi-google:3aac3427ee25b18a817027e9,5,,open,0,1440,0,obs:ab227e716671c9f28a284f78
hours:9a1a71c0fd693186216e2ab3,poi-google:3aac3427ee25b18a817027e9,6,,open,0,1440,0,obs:ab227e716671c9f28a284f78
hours:397e8dcf805248be87b89fd6,poi-google:270efa89c4fa1b1bdeb4cdcd,0,,open,540,1320,0,obs:23fc482e1ca667509f5f45dc
hours:e4eaafc666ca5a48d3336536,poi-google:270efa89c4fa1b1bdeb4cdcd,1,,open,540,1320,0,obs:23fc482e1ca667509f5f45dc
hours:469dbf341e368627a58c3096,poi-google:270efa89c4fa1b1bdeb4cdcd,2,,open,540,1320,0,obs:23fc482e1ca667509f5f45dc
hours:4e765c93d663e8d40c6405bc,poi-google:270efa89c4fa1b1bdeb4cdcd,3,,open,540,1320,0,obs:23fc482e1ca667509f5f45dc
hours:19b22a63cf8d08141326551c,poi-google:270efa89c4fa1b1bdeb4cdcd,4,,open,540,1320,0,obs:23fc482e1ca667509f5f45dc
hours:9613ea481ddbfcf45788e4dd,poi-google:270efa89c4fa1b1bdeb4cdcd,5,,open,540,1320,0,obs:23fc482e1ca667509f5f45dc
hours:06fad6ef18da9b59c5b3612c,poi-google:270efa89c4fa1b1bdeb4cdcd,6,,open,540,1320,0,obs:23fc482e1ca667509f5f45dc
