rating_id,poi_id,provider,rating,review_count,observed_at,same_observation,observation_id
rating:72f0510749c501217822c6a4,osm:way:359114064,Google Maps,4.5,71653,2026-09-17T18:05:29.639373+00:00,1,obs:85cbd577b44b52829a0d3991
rating:72f3adffb7bd00444e76a892,osm:relation:8552348,Google Maps,4.4,42808,2026-09-17T18:05:36.215635+00:00,1,obs:5a68349710caed54bba1a573
rating:305ae5113e9ad1b9b6ae3521,osm:way:302872188,Google Maps,4.2,8193,2026-09-17T18:05:43.127077+00:00,1,obs:4dafcd8eb00c935667b0518e
rating:aafa3093655b91e2f6cf11a5,osm:relation:7055216,Google Maps,4.7,1125,2026-09-17T18:06:15.318847+00:00,1,obs:eb354f5317e8b6d820b293d4
rating:e9c08a6b2d35dcfdda66f49b,osm:way:486703049,Google Maps,4.5,16190,2026-09-17T18:06:22.870561+00:00,1,obs:6113fdf63a3eddf4a8b20748
rating:ff1d05c8eee8b1e76b121737,osm:relation:19000664,Google Maps,4.7,4646,2026-09-17T18:18:54.972585+00:00,1,obs:3b0355ee2d3226cc5c152099
rating:7aad6ac043a637b582fbb151,poi-google:3aac3427ee25b18a817027e9,Google Maps,4.8,631,2026-09-17T18:06:30.309628+00:00,1,obs:db4cd4384166639878e12aad
rating:b80d838e5adf1238870c9251,poi-google:270efa89c4fa1b1bdeb4cdcd,Google Maps,4.3,29250,2026-09-17T18:06:38.338334+00:00,1,obs:bb9a270ac5b5f87a868c8c1c
rating:40dafe010130588dfc67451e,osm:way:37625751,Google Maps,4.5,21183,2026-09-17T18:06:46.793990+00:00,1,obs:6b91b47e890cdaa339a132eb
rating:e3ae03789e00b1b7a1920af1,osm:way:696913691,Google Maps,4.4,19338,2026-09-17T18:06:54.499832+00:00,1,obs:34cbd7f7d0180cdd9eee61e9
rating:e1d797a4850b53378817551d,osm:way:339936730,Google Maps,4.6,15549,2026-09-17T18:07:02.589298+00:00,1,obs:b316bf8f86cf2409b4d4dffe
rating:54540d5dd1a5628153ae557d,osm:way:340128580,Google Maps,4.5,23329,2026-09-17T18:07:09.404392+00:00,1,obs:407792e0e4a1060b2bee32d1
rating:f5a8733407733036a0f6d9a9,osm:way:697326496,Google Maps,4.3,10728,2026-09-17T18:07:15.630365+00:00,1,obs:64a4fbc253e8091105bdaf2d
rating:b68727369bb0826bcbce1101,osm:way:704147278,Google Maps,4.5,6763,2026-09-17T18:07:22.585486+00:00,1,obs:741a3d685b0b95c8a1e9f6cf
rating:a9a0cf0c1410ca6836b31585,osm:way:1148571536,Google Maps,4.5,12776,2026-09-17T18:07:30.901305+00:00,1,obs:1d8a1cbc40c142dc80aa4f54
rating:d477a5ce18d586c274024704,osm:way:178995262,Google Maps,,24,2026-09-17T18:19:07.806990+00:00,0,obs:c0be81d5366351dc6da28e88
rating:59168da1edfe53f113f7e854,osm:way:220302249,Google Maps,4.4,47407,2026-09-17T18:07:38.923818+00:00,1,obs:a2d2748a8a56bc93bece9b4d
rating:d5d38416dd91b65613631ac1,osm:way:28912942,Google Maps,4.5,24288,2026-09-17T18:07:46.204013+00:00,1,obs:8737d7307c8ead703673dcad
rating:a29bdfc81cf1ac53158578de,poi-google:736d4e08506d80cd51320786,Google Maps,4.4,229,2026-09-19T12:57:32.138576+00:00,1,obs:0ff72fe01ef1ff105b8aa104
rating:8780e1bec895b7ba9dd48945,poi-google:9f6b613e52c6d0f34461666b,Google Maps,4.6,790,2026-09-19T12:57:38.638671+00:00,1,obs:01714158aae9f8b83aa11fbd
rating:4720949f621672fb4abf2362,poi-google:778bc1f6ad86906ad361ea00,Google Maps,4.3,20407,2026-09-19T12:57:45.788724+00:00,1,obs:7553b213129eee0c0240a8e3
rating:d965a6f06865df212133bd62,poi-google:ce4ac990f49853c1a445272d,Google Maps,4.4,1905,2026-09-19T12:57:51.567757+00:00,1,obs:77389851db487ded5298b678
rating:19c1ea0f392a7bcddf82b2b5,poi-google:d6565b2cea1890f2a4dca6c0,Google Maps,4.6,2577,2026-09-19T12:57:58.541508+00:00,1,obs:207bf52d820d46a65a6f6576
rating:6f3716c67de5e10de99a931e,poi-google:c7cf76efd90a14e904ff03a1,Google Maps,4.4,368,2026-09-19T12:58:04.242155+00:00,1,obs:41d09a928fe870275ceba199
rating:3cef301d250572ad281bab9a,poi-google:4be563d872732c20923e7dc5,Google Maps,4.7,127,2026-09-19T13:08:53.661481+00:00,1,obs:e134ade6a8ccc0a44612ee75
rating:6e0feb55f5c981b74d6db95b,osm:relation:8552348,Google Maps,4.4,42828,2026-09-19T12:59:13.957303+00:00,1,obs:65eea71cad02b6d033e51576
rating:5bdc01c00a5a6f26c2a4eab9,poi-google:0d78192558cd42efde612465,Google Maps,4.7,720,2026-09-19T12:59:20.445090+00:00,1,obs:c16ba28142014ba77c04e00a
rating:87d4ba2dfeffc1940d5b2dfb,poi-google:d7a8dbb1ed512ffe31b401c8,Google Maps,3.5,149,2026-09-19T12:59:33.802282+00:00,1,obs:7764126baa3c40556a06dea0
rating:0da0102da3916c344569433c,osm:way:359114064,Google Maps,4.5,71727,2026-09-19T12:59:40.932560+00:00,1,obs:5c0f775b5085437276ea6cb0
rating:51293830abe52f5ea15b0648,poi-google:ffb47bfbdaad001797941c2e,Google Maps,4.3,3203,2026-09-19T13:00:51.240612+00:00,1,obs:8aefd8708f8c0dfc00192aa3
rating:7dea5635f6f65df1f33dee4a,osm:way:302872188,Google Maps,4.2,8192,2026-09-19T13:01:06.988478+00:00,1,obs:0aa7c147cef9f8d96a8d2a41
rating:5338983b982f659fd71020fa,osm:way:1368599361,Google Maps,4.3,3691,2026-09-19T13:01:14.281573+00:00,1,obs:5df99fcbd0dcdfab5752d073
rating:86f575e35087ba36046dbd2b,osm:way:759913076,Google Maps,4.5,1648,2026-09-19T13:01:21.258361+00:00,1,obs:bb78f9749b102925029102e2
rating:62930512cf01f5136867687f,osm:node:4171964390,Google Maps,4.3,10385,2026-09-19T13:01:28.686281+00:00,1,obs:283aa02dade2fd69abb42244
rating:a0445fcb36b441995990edc3,poi-google:fb65138477020d96c1ac1463,Google Maps,4.4,76,2026-09-19T13:09:00.239106+00:00,1,obs:65f93c66f50cb4ab7176caf5
rating:761a0a5c3efe407274151677,poi-google:20e9ae55cd5e26b30254e56b,Google Maps,4.2,3410,2026-09-19T13:09:17.611409+00:00,1,obs:e9f1c0914e6b1cee1510c8c2
rating:c876303e08c728e25b845358,osm:relation:19000664,Google Maps,4.7,4647,2026-09-19T13:11:12.691103+00:00,1,obs:b1f3de9fcfbd39be669df7e4
rating:82f0213139606a920bae1101,poi-google:433657c5c0911e563865e7fc,Google Maps,4.4,662,2026-09-19T13:11:19.078801+00:00,1,obs:619159e67e2309625bfe5147
rating:41916eb38f2a5e3063eb1ef1,poi-google:9f6b613e52c6d0f34461666b,Google Maps,4.6,790,2026-09-19T13:11:25.472267+00:00,1,obs:bf563d58f2af672ba2c8a648
rating:013c73c42d1128bdc73806f4,poi-google:44589dd0fee354e42160f01b,Google Maps,4.7,201,2026-09-19T13:11:32.739209+00:00,1,obs:33b735e2c5cab7b57a413251
rating:d2de900fc0ec2a43aa8bf704,poi-google:097516ae1819b8c9e6ae899d,Google Maps,4.5,147,2026-09-19T13:11:38.774604+00:00,1,obs:49c1de336317a6084f4022b5
rating:fc7d8f9666238b395cf1f896,poi-google:a656101db03a62ca2415442f,Google Maps,4.5,3082,2026-09-19T13:11:45.108562+00:00,1,obs:c1ad67c55b6de2d42de3c0c5
rating:45424b0d89f83b5a835e9d95,poi-google:9c82e6c8558ba33b3f9ec70a,Google Maps,4.9,202,2026-09-19T13:11:51.225539+00:00,1,obs:7e4f87eeb2554547b713c55f
rating:e4b27bac6af05cbbaba5f6a4,poi-google:6fe02f0d54698ccdc8e5fc46,Google Maps,3.5,55,2026-09-19T13:11:57.162903+00:00,1,obs:b9d5e4dcf2abb81cb8db88a3
rating:c5ce503bed2fd01021737ebf,osm:way:630377259,Google Maps,4.0,326,2026-09-19T13:12:08.999180+00:00,1,obs:0fab3d587f512896ccff39bc
rating:0a3baed0522c9cb511587e6e,poi-google:998e9a8c14e1719dfcc113bb,Google Maps,4.2,386,2026-09-19T13:12:22.227049+00:00,1,obs:7e600488b9421faa9ab28e0b
rating:d6c640ce000271b8402177ab,osm:node:12647208262,Google Maps,4.8,436,2026-09-19T13:12:29.038290+00:00,1,obs:52ac3f21b53fc7cda30bb27e
rating:96e8e053a0ff89fbad2f356f,osm:way:1204900824,Google Maps,4.5,183,2026-09-19T13:12:35.883504+00:00,1,obs:28e082469e08509c981f193c
rating:00d6b1ad98542627f24530f8,poi-google:65dd50a3316d5f4bbe68a58b,Google Maps,4.8,37,2026-09-19T13:12:41.616915+00:00,1,obs:9bd8b28374149c9d6297b0c8
rating:3b79dfb2da8b88446f284f77,osm:node:13040467529,Google Maps,4.1,1047,2026-09-19T13:12:53.559617+00:00,1,obs:9aa21ef8483eb975d785f798
rating:1ad800b511102297f8d3766b,poi-google:e961b3dee73a6dfbc87c86de,Google Maps,4.3,7,2026-09-19T13:12:59.546688+00:00,1,obs:01300cff0710a06d249b0abf
rating:c3ec6dcbd7b008ffc95ae124,poi-google:736d4e08506d80cd51320786,Google Maps,4.4,229,2026-09-19T13:13:05.173941+00:00,1,obs:9423c80317e38c03dc655a69
rating:3162a1f6b8eab07332de4ab1,poi-google:493f91c7d64272fd01a9b41b,Google Maps,3.4,141,2026-09-19T13:13:10.884696+00:00,1,obs:d78fb20aa75db66487e56fa9
rating:1ea38ab06add7124dd16d451,poi-google:c3bbfbd7bec3b184f49639b7,Google Maps,4.3,60,2026-09-19T13:13:23.409843+00:00,1,obs:f8e6fd50724bd46522d48728
rating:e01645fd0e4d70e1ee12b9fa,osm:relation:19000664,Google Maps,4.6,12833,2026-09-19T13:13:41.450025+00:00,1,obs:181883d3c7616120c1ad7b71
rating:f5ce62e93cd1ee05b9c35bd1,poi-google:a5e26a17b144b3122a2c0ffe,Google Maps,4.0,31,2026-09-19T13:13:53.917292+00:00,1,obs:8f84b5da6570e1756113a49e
rating:54eeddb001bba019990b114a,poi-google:3f4a179ef8edb5fa07b7a1a3,Google Maps,4.7,89,2026-09-19T13:14:05.368145+00:00,1,obs:2add55667e14d28287465813
rating:65ec94dfd0269ae1d219b63b,poi-google:086dbd4075f8029f486a6ded,Google Maps,4.2,430,2026-09-19T13:15:01.882626+00:00,1,obs:e573075386a46685ca3cdb96
rating:b9b27cc9437686ff643eca62,poi-google:14256836840dee41128344c8,Google Maps,4.2,178,2026-09-19T13:15:08.856991+00:00,1,obs:340c3c3a75200e7d77e47c32
rating:15475ee205fa9bddcbf0c7c3,poi-google:ffb47bfbdaad001797941c2e,Google Maps,4.3,3203,2026-09-19T13:15:15.705969+00:00,1,obs:a6141a3cbd445ee7a047b54b
rating:d79fae98ed2622575beb1363,poi-google:6261b7f482ce74be8529ece3,Google Maps,4.6,12,2026-09-19T13:15:21.551637+00:00,1,obs:db554f21fa3bb7a30cd8c13d
rating:28ffede124b1a90114c28127,poi-google:30c347c1d55d721da55e5268,Google Maps,4.2,58,2026-09-19T13:15:28.680436+00:00,1,obs:a1570b72ecddcf895c7bf097
rating:6a23d9e79005cc028b8414e2,poi-google:10e7cdc97e87555377d90d71,Google Maps,4.0,162,2026-09-19T13:15:35.892649+00:00,1,obs:bacf0a5622cb6133c0706ed1
rating:f77b257f8a3e4d38554eaa6d,osm:node:11176025737,Google Maps,3.9,890,2026-09-19T13:15:42.842573+00:00,1,obs:27ee77ddf59764e59e860614
rating:508715b5131718855e9926f9,poi-google:ce4ac990f49853c1a445272d,Google Maps,4.4,1905,2026-09-19T13:15:48.676981+00:00,1,obs:e235eeb0138d80f5c9c85bf7
rating:fd28df93e4ccc5e563958d56,poi-google:d6565b2cea1890f2a4dca6c0,Google Maps,4.6,2577,2026-09-19T13:15:55.606959+00:00,1,obs:e56f69eac9bb77e83adf51bc
rating:f69b371b249798d727f3e88e,poi-google:ad16e3c56ab01b415a3bce36,Google Maps,4.8,39,2026-09-19T13:16:02.484886+00:00,1,obs:95227af6655b0a19f69e86fd
rating:afcbe7f7e00e37aa071a0a21,poi-google:06fd7684a756790c4e7cb15a,Google Maps,4.6,217,2026-09-19T13:16:08.212067+00:00,1,obs:64e8661dae8be1da8dee5fcf
rating:4e49c384318318e323fd8a22,poi-google:cb408a9f9680098e49e55cfe,Google Maps,4.5,1432,2026-09-19T13:16:15.372540+00:00,1,obs:092b0b2444d98d2794553a2c
rating:961d39d3ae3c432bc50f4bce,poi-google:bcdc26372d6b4215d4917d47,Google Maps,4.7,147,2026-09-19T13:16:22.338471+00:00,1,obs:ea42b70d2dbdbe48cf2eb385
rating:4b7ef00725ff323784354391,poi-google:842961083df2d09d44c6c919,Google Maps,5.0,1,2026-09-19T13:17:03.064168+00:00,1,obs:8fd9d6e79af585d6cdcdf235
rating:d13dcd0b16bc38ad9eaf6eda,osm:way:1384907056,Google Maps,4.5,17,2026-09-19T13:17:22.901357+00:00,1,obs:985380cef1aa5ccfc5ec1708
rating:e91e6bad144e111045e25954,poi-google:20e9ae55cd5e26b30254e56b,Google Maps,4.2,3410,2026-09-19T13:17:30.211423+00:00,1,obs:73a2eefb6ce0f994185f9e85
rating:14a098b05be76fad6b9eb265,osm:relation:8552348,Google Maps,4.4,42829,2026-09-19T13:17:37.213546+00:00,1,obs:8df52463ed1b696da0d964fc
rating:079d96f708ae8f2554f4e006,osm:way:962130353,Google Maps,4.5,130,2026-09-19T13:17:50.568880+00:00,1,obs:f77a300272247e6196060cc1
rating:ab4b2519b5d7efcb1a17c08c,poi-google:5f4830143ea064085bd78b52,Google Maps,4.7,24,2026-09-19T13:17:56.336563+00:00,1,obs:b4f7bc07521dcbd49c998352
rating:40a194d8d4cbb2d425e7226b,poi-google:3b5cd70d6b7f942685ca3c09,Google Maps,4.0,80,2026-09-19T13:18:03.115590+00:00,1,obs:9fa4308b0590fcf793680231
rating:434aec05e3ebec81383d97a9,poi-google:7a51b48e55ac4376c0224819,Google Maps,4.3,270,2026-09-19T13:18:15.620184+00:00,1,obs:e10c95bef674640dc2bae0a3
rating:19b64e8c25f3545e2266d9ce,poi-google:b74ba86b934986c0af360ab1,Google Maps,4.7,106,2026-09-19T13:18:22.606939+00:00,1,obs:7a7f3d8eba6c3f767cf63d67
rating:f00c204f9f71efd64d5d9a63,osm:way:302872188,Google Maps,4.2,8192,2026-09-19T13:20:46.588646+00:00,1,obs:51bbc020dd962066001ccc33
rating:19c1eb8639f637008abe5172,poi-google:3540cb76454a2dddabf74b4c,Google Maps,4.9,22,2026-09-19T13:20:53.234599+00:00,1,obs:44351482e9c0a9cc58a2d6c9
rating:71e9048ca2ea240517f047d3,poi-google:58a9ee978ea54208647f7d40,Google Maps,4.1,5769,2026-09-19T13:21:00.899126+00:00,1,obs:ed0321535a36f433f29be6d3
rating:f7ec7a626d7dec78f77572a1,osm:way:759913076,Google Maps,4.5,1648,2026-09-19T13:21:08.467964+00:00,1,obs:9b0d1202112f3ee0bb6cb5cc
rating:fcb5e6b92d591e34eeb2ab8e,poi-google:8617d848944c924d30b5c956,Google Maps,4.8,99,2026-09-19T13:21:14.894830+00:00,1,obs:b043dc965f8d89b9b17432e7
rating:74201f2883d6304adf38bb3b,poi-google:b0df4ad36e2811bdabcf19b5,Google Maps,4.0,75,2026-09-19T13:21:29.152790+00:00,1,obs:d83a4194533106523e9efa63
rating:b16d4852999e310e9e8ec224,poi-google:6b6960c7f95fa35203f4a939,Google Maps,4.6,9,2026-09-19T13:21:35.366073+00:00,1,obs:95a7b970091bb920a54eb9ec
rating:2137f43db40e4a94eddbe304,poi-google:f300365d20dfc26c09a203a2,Google Maps,4.3,1604,2026-09-19T13:21:55.934537+00:00,1,obs:0e03824e640fb75d6f9c2420
rating:fccd7ec3f9ef9c051ebaae60,osm:way:1368599361,Google Maps,4.3,3691,2026-09-19T13:22:10.092724+00:00,1,obs:141778bbca7be2edd37e9d1b
rating:9490840e43eaf902529cdae0,poi-google:54f6c1d76c715ccf3460f85c,Google Maps,4.0,28,2026-09-19T13:22:23.572144+00:00,1,obs:4043bdc639a3d7dda9659e3b
rating:06b65fb1dbb8907f1661a38b,poi-google:421264fff28e4864f00687ae,Google Maps,4.4,183,2026-09-19T13:22:30.027163+00:00,1,obs:608a94d039c59b0de94ed792
rating:57d76dc11a0c99cfe56e41e2,poi-google:5fe82be03ab7e639f3ffa3cc,Google Maps,4.6,4868,2026-09-19T13:22:37.677932+00:00,1,obs:6104770ad173c647c0aee2f4
rating:92be708d7e69dd0ae128b0a6,poi-google:3c58c75ee6571161c757dcf9,Google Maps,4.4,2144,2026-09-19T13:22:57.730593+00:00,1,obs:a1f8a2fe4f406d8f275e4689
rating:b394a5806b278a4b5be096e8,poi-google:7da6c8281bdfbd5d0c39a52f,Google Maps,3.7,235,2026-09-19T13:23:10.701073+00:00,1,obs:d17dbfb499a20bfafaba6295
rating:0a609665211e0cac9c0205d5,poi-google:d7a8dbb1ed512ffe31b401c8,Google Maps,3.5,149,2026-09-19T13:23:31.365179+00:00,1,obs:321b69be7023a4fb39a2e200
rating:dd74e0538fd5050a14014c4b,osm:way:359114064,Google Maps,4.5,71727,2026-09-19T13:23:59.500543+00:00,1,obs:5082e047399295196a3176fb
rating:af6ef68ee28b82d5bca0da54,poi-google:77726493c07f4ffbb0a7434f,Google Maps,4.3,4811,2026-09-19T13:24:35.147696+00:00,1,obs:d0089083eb9e74ac5a143152
rating:6994243e6585b3606c2c8e92,poi-google:6d698f62b590c54346ad832a,Google Maps,4.4,25,2026-09-19T13:24:42.578557+00:00,1,obs:dad16b36cd6292b9bd4d9b85
rating:e238fb2bf825fd03fb0d6a24,poi-google:f5e88b06c12ed32589031e47,Google Maps,4.4,5,2026-09-19T13:24:48.621076+00:00,1,obs:ebb5044cbb7dfbd974217547
rating:83c2e6a3e1b08c15860daaeb,poi-google:ca4f9cd188045f95668279fa,Google Maps,4.5,245,2026-09-19T13:24:55.683583+00:00,1,obs:f01f0b2cb6e33ccfc2048d23
rating:82a5892684719279d709134b,osm:node:5383428522,Google Maps,3.9,1663,2026-09-19T13:25:01.928028+00:00,1,obs:045e4d72712fa1509c1fd6d9
rating:151e54561646f597f2c3f5d2,poi-google:bf2824fb0db1bbed8775e338,Google Maps,4.6,41,2026-09-19T13:25:07.808759+00:00,1,obs:78e52c29f62d079a1051f395
rating:e0099fd3fef122762f2c1195,poi-google:521000d0e66da73ae4f9b6ff,Google Maps,4.5,63,2026-09-19T13:25:15.063811+00:00,1,obs:63dcdef171e441e7ec335c16
rating:a4d1eb60f7a4eaaddc71a321,poi-google:5607a70c46795183de00dbe0,Google Maps,4.3,153,2026-09-19T13:25:27.254691+00:00,1,obs:c94a12101b0a5ebf59d1ba25
rating:bceb559466d4420667d117f9,poi-google:c69f307ab4206664bf1a4923,Google Maps,4.5,1156,2026-09-19T13:25:34.485009+00:00,1,obs:4af806cda21a1f550bc886f8
rating:034aa8560a9fc500a4c82a35,poi-google:772c9aaffddae3fa546180eb,Google Maps,4.9,32,2026-09-19T13:26:01.861405+00:00,1,obs:c0b08a7696508ae1dea2fff7
rating:bb197aabcf54ceb697c4c87b,poi-google:394a5b600c264b6a13896254,Google Maps,4.5,216,2026-09-19T13:26:15.642380+00:00,1,obs:11dc9973b79ec069bb3e6a97
rating:4a271ccc67c8b14f945e8478,poi-google:8d884d56ec6941a539ca5206,Google Maps,4.8,39,2026-09-19T13:26:29.052524+00:00,1,obs:e10a7f86954a93215d699c1d
rating:785b6b8abccea1c70378ebca,poi-google:89740ab6d7ec7732c00fa5ef,Google Maps,4.5,1127,2026-09-19T13:26:36.011451+00:00,1,obs:dde9f55834aff4e796ddbf86
rating:29ee7c83eaa9eab6017743f8,poi-google:9fcb3d12cf8dc2789dbd17be,Google Maps,4.3,475,2026-09-19T13:26:43.066066+00:00,1,obs:ac61594dfcf10d5cf964191d
rating:88dfe561f2490f4eb31362cf,poi-google:c65194808af589eb023098b0,Google Maps,4.5,40,2026-09-19T13:26:50.289625+00:00,1,obs:22bcc363ad9262e6b03af76d
rating:7180a6e8cc343c94b9c0d910,poi-google:ddeb5e663c459ffe827f9b34,Google Maps,4.4,1440,2026-09-19T13:27:24.524578+00:00,1,obs:06f8a3878a7a99beac443902
rating:65a1d842679890415e32621c,poi-google:94fe56282cbce6151cb0f160,Google Maps,4.5,33,2026-09-19T13:27:30.536890+00:00,1,obs:e10915a2cf2ea4f557e674d6
rating:61d23686c742a5d58c7489b2,poi-google:7f69b6e695dc5f4e6b42447a,Google Maps,4.3,131,2026-09-19T13:27:36.914856+00:00,1,obs:d341372a9d2ca0048606f36a
rating:94a5d804fcb0d9bc9783ebc3,poi-google:07808f89028d3f46a34ffa87,Google Maps,4.2,1162,2026-09-19T13:28:03.391920+00:00,1,obs:4de5093de3d8ef556ca4f4a3
rating:6e8ff36b0299be7657e7b3cb,osm:way:1474583779,Google Maps,4.6,414,2026-09-19T13:28:10.513719+00:00,1,obs:d93c7205bb04ff597fd26fc6
rating:5595b0035052a6391eed68a6,osm:node:8474743417,Google Maps,4.8,23,2026-09-19T13:28:24.829390+00:00,1,obs:5ad8e791d64e2f8b970d8e2a
rating:15ef23d314be7213128b5f0f,poi-google:213a7020d00931869d51e9c1,Google Maps,4.4,209,2026-09-19T13:28:31.792841+00:00,1,obs:8ae57cc962d88a2abbed9df3
rating:c3cda96fcf41a37a6a553357,poi-google:2e7f69fb55e2a0db06b76ca8,Google Maps,4.0,339,2026-09-19T13:28:39.164328+00:00,1,obs:f722f6a78a863d1ef36184e2
rating:54ecc012c186e1bdc59aee42,poi-google:526b2b20016eb1de5533d5fe,Google Maps,4.3,70,2026-09-19T13:28:45.226981+00:00,1,obs:c6e990bb4434ef7f9c3f1c18
rating:18b31e54e1e1bea0c28ad43a,poi-google:30d49ba30108437ac7f52313,Google Maps,4.3,814,2026-09-19T13:28:58.637547+00:00,1,obs:54f67610771d2ad5b39c9cc8
rating:971e35416f1ce2300f35b9b3,osm:node:2076855954,Google Maps,4.3,401,2026-09-19T13:29:12.624602+00:00,1,obs:e10b727ee87dcd53117e8371
rating:ffbba066c8edc8fa7bf65522,osm:node:2076856032,Google Maps,4.1,208,2026-09-19T13:29:19.761937+00:00,1,obs:69db36f067123555d5a7d4de
rating:a6ec786a01e3b5073ce3aaf8,poi-google:82a88775641ea2336484d593,Google Maps,4.6,4467,2026-09-19T13:29:26.830082+00:00,1,obs:ce7d22b282fc29d8a463d8b5
rating:ebbd49b7ac22501d7d148dde,poi-google:b791504c992c0abe3b3e6c17,Google Maps,4.7,123,2026-09-19T13:29:43.845148+00:00,1,obs:cfd53ec0ae0b86235c08bdae
rating:08c9af242e1bbf55670712b8,poi-google:183431090e55bb6426c6b964,Google Maps,4.4,43,2026-09-19T13:29:57.083438+00:00,1,obs:ddff0f5bc216c03197f70102
rating:622cf87a9793f6153789d6f9,poi-google:6d973efb974e368df3807632,Google Maps,4.7,30,2026-09-19T13:30:03.550555+00:00,1,obs:44cb603d1de9ad69fcece5b6
rating:c1fd6e117b7a7b7ff330c372,osm:node:5273998823,Google Maps,4.7,75,2026-09-19T13:30:15.737564+00:00,1,obs:b57b41e7be26808763ddb41b
rating:e1743abfc39bf0f2d688598e,poi-google:5d675953ee6379f755940b59,Google Maps,4.6,355,2026-09-19T13:30:22.936175+00:00,1,obs:904cd3ad11bc918e0e4df2f3
rating:455fa18377505063ae2347f7,poi-google:96fd68df4dc2cab5e610d373,Google Maps,4.5,28,2026-09-19T13:30:51.825557+00:00,1,obs:b05a6cc08a25e4bc02fe23cf
rating:2b122d3ecfaf67239936ef47,poi-google:425da5752eae0ae37d75d144,Google Maps,4.1,117,2026-09-19T13:30:59.008100+00:00,1,obs:23f00942c3dfc84b5bf324b3
rating:5ff65abccb94d2ad41654d9c,poi-google:1c7f749f3ec420427df4f967,Google Maps,4.7,32,2026-09-19T13:31:18.801162+00:00,1,obs:9a6522075343a5a5d7520451
rating:23da8652fae3ce603d3eaecb,poi-google:554cc747f07be61990b2e682,Google Maps,4.9,7,2026-09-19T13:31:25.724730+00:00,1,obs:def8fcea7a9314fb00af9ca6
rating:0ebe020382189032b2d87621,poi-google:af0d624892b6750e416557b8,Google Maps,5.0,5,2026-09-19T13:31:32.029630+00:00,1,obs:bef43cee9c0ce17994f54e3d
rating:c3b0b1349a1f51dde851e2e4,osm:way:37625751,Google Maps,4.5,21185,2026-09-18T07:21:52.987040+00:00,1,obs:c16ab8edb55afb2f7fef5abe
rating:feb4ec9dd871b2c56653b01b,osm:way:339936730,Google Maps,4.6,15550,2026-09-18T07:22:06.290626+00:00,1,obs:a07a03353711d9a1c54f7c14
rating:a0b11d97300668c866baedc8,osm:way:340128580,Google Maps,4.5,23337,2026-09-18T07:22:12.976051+00:00,1,obs:d009dfe13476318b4cb9e3de
rating:a55977edc3d014c8f875324a,osm:way:697326496,Google Maps,4.3,10729,2026-09-18T07:22:19.674982+00:00,1,obs:0029aaf208cedc986c482ba3
rating:1d356296302b64c69b32ba6f,osm:way:704147278,Google Maps,4.5,6763,2026-09-18T07:22:26.459122+00:00,1,obs:b8df9c1a931e3c8cacedfa07
rating:a8f00a40a638dfa140837a3e,osm:way:178995262,Google Maps,4.97,24,2026-09-18T07:22:38.628859+00:00,1,obs:03874a843f465c06662cd5a1
rating:480df90ba515522a489ac513,osm:way:220302249,Google Maps,4.4,47410,2026-09-18T07:22:45.155814+00:00,1,obs:7b9b01ccdfc0b7c40910b8ef
rating:0b9fdbf979e3ca078d1ab33d,osm:way:28912942,Google Maps,4.5,24290,2026-09-18T07:22:51.843951+00:00,1,obs:17559e5dd22ad141b63687c5
rating:d299a57ac7ee6ccad3d35c1d,osm:way:208255133,Google Maps,4.3,4911,2026-09-18T07:22:58.615771+00:00,1,obs:39c2acd3c6c27c0f1ba5be16
rating:0fa694317d65f9c954642e79,osm:node:5406262022,Google Maps,4.4,3168,2026-09-18T07:23:05.279857+00:00,1,obs:6c10bb5953bee8af299b24bb
rating:9ecfd8105ae46c4353fe9373,osm:node:13040467529,Google Maps,4.1,1047,2026-09-18T07:24:10.510312+00:00,1,obs:df9f1f5a44a52ff491f7e7a6
rating:323120db7d83893356574782,osm:node:5747015021,Google Maps,4.4,606,2026-09-18T07:24:17.477020+00:00,1,obs:076b71582a797abc0560c4bd
rating:e078a1c64bcb540527acf214,osm:node:1819451633,Google Maps,4.4,514,2026-09-18T07:24:30.321290+00:00,1,obs:2c4145bc2f0e19ae9029c314
rating:2676f7343a57e0cc01d354e3,osm:node:11934169470,Google Maps,4.4,29,2026-09-18T07:24:36.100518+00:00,1,obs:af6068690d2f263d9b688073
rating:72fe87607d5147b1171dc110,osm:node:8883385553,Google Maps,5.0,2,2026-09-18T07:24:42.959428+00:00,1,obs:4b9bc276ecedbb53f8dc0a77
rating:4d423831dff1dd2e70a3245b,osm:way:1556362196,Google Maps,3.7,2248,2026-09-18T07:24:49.595608+00:00,1,obs:0766ca75f3566c26853cbc42
rating:b2c827d7360a87e905bd3dbd,osm:node:4280016689,Google Maps,4.5,15,2026-09-18T07:25:12.760822+00:00,1,obs:012ad77c3a8631a173e67786
rating:5a4cd9df76813052a8e30225,osm:node:14078442086,Google Maps,5.0,112,2026-09-18T07:25:19.066812+00:00,1,obs:04c176e46a99f5ec7bc77d0b
rating:a836f3134f316e2656bd7c6a,osm:relation:2836882,Google Maps,4.6,436,2026-09-18T07:25:45.481030+00:00,1,obs:16f62b616f41f132d13bbf5d
rating:a18fec0ea022931e91dfba04,osm:node:5273998823,Google Maps,4.7,75,2026-09-18T07:25:57.567189+00:00,1,obs:7cc71a69dd601e654004835c
rating:3b9ec48aeb1d3511ac3ad899,osm:node:5513474821,Google Maps,4.2,1213,2026-09-18T07:26:04.261866+00:00,1,obs:74f8374adeb604c8071d99c0
rating:1e76c34ed1af178fd144c452,osm:way:1076716243,Google Maps,4.3,199,2026-09-18T07:26:11.080541+00:00,1,obs:c31e46a030f539756b14df17
rating:1c3336c54dd7ad84bd0a76ed,osm:way:1422444084,Google Maps,4.3,33,2026-09-18T07:26:17.598354+00:00,1,obs:e260f65352a8ebf9eb185a00
rating:4258299d85f9f590128fd83a,osm:node:7127464285,Google Maps,3.8,114,2026-09-18T07:26:24.177252+00:00,1,obs:3b9c315dec50abfa16139497
rating:ebdb90e0e0577e5ff637da7f,osm:way:1181242323,Google Maps,4.0,296,2026-09-18T07:26:57.745741+00:00,1,obs:501aff2d5c516a8da3437f25
rating:2db98281762831e057f81d74,osm:way:302944359,Google Maps,4.9,57,2026-09-18T07:27:04.292638+00:00,1,obs:ba4e6793bb719f3c0ad11cc6
rating:44bb5c0d43a30e525638b2b1,osm:node:8474743417,Google Maps,4.8,23,2026-09-18T07:27:10.889395+00:00,1,obs:b1bc066708e0b2a811f646eb
rating:732f6a0863d98930344836b9,osm:way:35952591,Google Maps,5.0,6,2026-09-18T07:27:16.513020+00:00,1,obs:5470b6d9944d1fd829426f45
rating:c7e9eaffdb2d0ddb0139a289,osm:way:118672509,Google Maps,4.7,68,2026-09-18T07:27:23.067897+00:00,1,obs:ea369234d7c2ea0dbac046cd
rating:202a1a5001faf138239f6736,osm:way:565186618,Google Maps,4.2,230,2026-09-18T07:27:29.609270+00:00,1,obs:5856b259083297d074f232ab
rating:f0c70c820770a84e1b7139fb,osm:way:1326219930,Google Maps,4.1,327,2026-09-18T07:27:49.605642+00:00,1,obs:2dba9ba3717bf28657d6263c
rating:fcc1823e705c106199ce8652,osm:node:10749874405,Google Maps,4.7,3983,2026-09-18T07:28:25.627940+00:00,1,obs:527a023862aa090012249fb2
rating:5b958e30dd8b557ced243817,osm:node:10652658505,Google Maps,4.9,1049,2026-09-18T07:28:32.431254+00:00,1,obs:8838a16b250d62807e3b3fb5
rating:f519e9cb5dcbe78a712e7c2b,osm:node:10959238968,Google Maps,4.8,1583,2026-09-18T07:28:39.143425+00:00,1,obs:e740a18e237c358ca5df5c39
rating:b61d7e97fe35701f4aa13f37,osm:node:10304039134,Google Maps,4.8,347,2026-09-18T07:29:25.716440+00:00,1,obs:755aef4bc9c57180a900f871
rating:2aee658e102759229658d841,osm:node:10536187009,Google Maps,4.8,1279,2026-09-18T07:29:32.272709+00:00,1,obs:ce93d7c1462fda90bc58aae9
rating:fd2d60c763b6e6f92588eb2c,osm:node:10304609242,Google Maps,4.7,195,2026-09-18T07:29:38.948981+00:00,1,obs:29ace5082f3688e1c6c3cee8
rating:2e4cc24ef301822eb08705df,osm:node:10310109109,Google Maps,4.8,2167,2026-09-18T07:29:54.418536+00:00,1,obs:59981c50f4b5873f5d2bfbde
rating:0a35749cac255b6fc057c895,osm:node:10773540605,Google Maps,4.9,488,2026-09-18T07:30:03.752278+00:00,1,obs:fd267739e8435935b3fde7e5
rating:659eee60dc8902aa4ee26e9b,osm:node:11665246470,Google Maps,4.8,7557,2026-09-18T07:30:33.086683+00:00,1,obs:41eefae4f4ace95fc5386d4e
rating:bbf0ed088e650fbbdaa22deb,osm:node:12090398186,Google Maps,4.4,19,2026-09-18T07:31:02.262598+00:00,1,obs:0f7e8c7695b94974751ee680
rating:cb881abfb13d0176d10f983d,osm:way:1296795442,Google Maps,4.0,106,2026-09-18T07:31:08.751261+00:00,1,obs:70d62fd7bd1622b5b8634c29
rating:cdacfc9406f13a0f7c5a3aca,osm:node:10709724414,Google Maps,4.5,30,2026-09-18T07:31:14.765272+00:00,1,obs:149358bd211d89a2512dd427
rating:56b4b6e005541d2a11586611,osm:way:1510802054,Google Maps,4.5,1050,2026-09-18T07:31:21.564626+00:00,1,obs:c179393d6f68b93033962055
rating:bdc0a7a1f6970923be237cec,osm:way:1234036432,Google Maps,4.3,11,2026-09-18T07:31:33.860215+00:00,1,obs:0edeb074c1425289063e2f05
rating:d8f75a7cca6e0f332c73b274,osm:node:12814113704,Google Maps,4.3,234,2026-09-18T07:31:47.703083+00:00,1,obs:87dcc4bd4db22c808377c5fe
rating:a70eb01294639e55fc7e0bc8,osm:way:921987266,Google Maps,4.5,5497,2026-09-18T07:31:54.800567+00:00,1,obs:549bba39cb62a13bc221439a
rating:88f5b2588561deaea665bbd8,osm:way:843085954,Google Maps,4.0,12020,2026-09-18T07:32:09.060867+00:00,1,obs:a48f875a9c6e562078613c20
rating:7cc7cc564cb5119dce254a9a,osm:node:13449384383,Google Maps,4.2,304,2026-09-18T07:32:15.989658+00:00,1,obs:e848710fb7afc6fde2a6ac52
rating:95d90a034277cedb8f98d3ea,osm:node:2471647464,Google Maps,4.1,10595,2026-09-18T07:32:56.633293+00:00,1,obs:43e10eda13acfd24a119490f
rating:2b215da7c31c3af258ff027f,osm:way:1103182086,Google Maps,4.4,9,2026-09-18T07:33:02.499580+00:00,1,obs:89c2c00da6272f8aba35c140
rating:86fb2cbfeee7b4ee56fe34f9,osm:node:10855443206,Google Maps,4.6,51,2026-09-18T07:33:15.255455+00:00,1,obs:4dba2ceae9a746c43f3880fc
rating:079933b8f941d229893c114f,osm:node:6849181831,Google Maps,5.0,3,2026-09-18T07:33:21.095720+00:00,1,obs:de19b10f034d48d323d24e1a
rating:5b198d7cc2c4d95e91454ea8,osm:node:12404222239,Google Maps,4.7,278,2026-09-18T07:33:43.086336+00:00,1,obs:120965b66f6244dd09a66169
rating:63abc188d0a447cd47d42fee,osm:node:9237323772,Google Maps,4.0,597,2026-09-18T07:33:49.809145+00:00,1,obs:3222683ab2b1d9485fb9dbc9
rating:aa7adf959abe3d17dcff99b3,osm:node:12876453886,Google Maps,5.0,10,2026-09-18T07:34:09.614638+00:00,1,obs:4d6d9fca2b865625d4c2f03b
rating:6cc38e75be8625665de79966,osm:way:1114927597,Google Maps,4.2,245,2026-09-18T07:34:16.480991+00:00,1,obs:b1c956f613e7fa2fb619b793
rating:394b3c11e4d1ec05fa0beb8d,osm:way:1307631429,Google Maps,4.0,1,2026-09-18T07:34:22.216214+00:00,1,obs:3601982746be5b0deff72e6d
rating:3962c41558ecbf1be7727d92,osm:node:13352652760,Google Maps,4.8,4,2026-09-18T07:34:28.131708+00:00,1,obs:4ceadc70aed15a5a57192c70
rating:f5e8ef41edefd32ffd80a0d4,osm:way:1185629560,Google Maps,4.3,86,2026-09-18T07:34:35.036414+00:00,1,obs:3e9b6ef9b15e90b5c887a1fc
rating:eb146103957b588226a41cc7,osm:node:3794435557,Google Maps,4.5,75,2026-09-18T07:34:54.332490+00:00,1,obs:f61bf269a889de82c424c0e7
rating:20a0976733bd3694e7d774a9,osm:way:1192808464,Google Maps,4.3,66,2026-09-18T07:35:01.255721+00:00,1,obs:4b43046a5645a719e174f3db
rating:ccdd025429f302c3f7a84061,osm:node:10098130619,Google Maps,4.3,159,2026-09-18T07:36:12.660915+00:00,1,obs:b8094713f7b852f4a6c8e27f
rating:5e7e6cd347a03988ccef0e0f,osm:node:10114776452,Google Maps,4.2,741,2026-09-18T07:36:19.699689+00:00,1,obs:3d572171d273e26be18ddc08
rating:7a311f1c45b90e230a886b19,osm:node:10715935205,Google Maps,4.7,417,2026-09-18T07:37:16.817307+00:00,1,obs:a2f8e893ec32f12f3c89df62
rating:dff1709f2f7231f648cb0d98,osm:node:10179892274,Google Maps,4.6,1147,2026-09-18T07:37:49.239744+00:00,1,obs:5db240bb28530950fdcd73c3
rating:2aa08f4ca161695cd2c3031a,osm:node:10245908053,Google Maps,4.4,572,2026-09-18T07:44:28.085978+00:00,1,obs:7f540faf80b541fa184fec61
rating:90d7a188bcfde4853d1db505,osm:relation:19000664,Google Maps,4.7,4647,2026-09-18T07:04:56.118688+00:00,1,obs:66ff6d3ef7f06e4bfcfa45a4
rating:6dcda8485d667b0710bf1e11,osm:way:359114064,Google Maps,4.5,71657,2026-09-18T06:52:44.542392+00:00,1,obs:ae071900d8b9b63a4cec6cb2
rating:8b31f69c3c43b95bf0a6a6e0,osm:relation:8552348,Google Maps,4.4,42808,2026-09-18T06:52:51.511609+00:00,1,obs:e303ed22d941dd4ade0c2473
rating:bc69a39b561c798d15c5fcc5,osm:way:302872188,Google Maps,4.2,8193,2026-09-18T06:52:58.304638+00:00,1,obs:f4430e64f2c17f4e986c1183
rating:9d8e4da4d9784446634e8f0e,osm:way:198804483,Google Maps,4.5318,369,2026-09-18T07:05:01.706578+00:00,1,obs:b43ef2bf3374d24f69a95ac2
rating:f98479f9fa4978f88569dfa8,osm:relation:7055216,Google Maps,4.7,1125,2026-09-18T07:05:13.037235+00:00,1,obs:7734f474f6e02dcb3aaf83da
rating:f3d73beb9512f37119c53a4c,osm:way:486703049,Google Maps,4.5,16193,2026-09-18T06:53:22.339823+00:00,1,obs:a2b95cf263bcc8d47f37a611
rating:262be9672165d15972813f6e,osm:way:14131302,Google Maps,4.7,5224,2026-09-18T06:53:31.189326+00:00,1,obs:7374a3e47db8adc5059d2710
rating:40bebbdd11137dc2ed0bd5c0,osm:way:782381624,Google Maps,4.9,16994,2026-09-18T07:05:19.617394+00:00,1,obs:fd713f96eee8ef57ecf3fcf6
rating:d923bb28c5729dc51b13240b,osm:way:1368599361,Google Maps,4.3,3688,2026-09-18T07:05:26.449406+00:00,1,obs:55bf9c7dc963366063e8654f
rating:efd0cdc017409f08228a9e6c,osm:way:204885903,Google Maps,3.9,45264,2026-09-18T07:05:33.047399+00:00,1,obs:e6b65646aee4898806bc261b
rating:278b5cebd55e524bac9d6448,osm:way:204790989,Google Maps,4.3,23025,2026-09-18T07:05:39.764561+00:00,1,obs:d71d1945b13c85292cdc4cb8
rating:05c955925b77d8e90d732220,osm:node:4171964390,Google Maps,4.3,10382,2026-09-18T07:05:46.306530+00:00,1,obs:40f4370e23120ef777071685
rating:9dc092577f775c9c67976ab5,osm:node:4171971289,Google Maps,4.6,214,2026-09-18T07:05:51.779024+00:00,1,obs:0c9991ea4435d8c52b1365df
rating:6540a1b5c391cb64c15477ea,osm:node:10709724107,Google Maps,4.8,4,2026-09-18T06:54:20.551383+00:00,1,obs:4e8d814e690439b184e43960
rating:8c0cda4567656a42884a539f,poi-google:3aac3427ee25b18a817027e9,Google Maps,4.8,634,2026-09-18T06:54:27.448352+00:00,1,obs:9538f46935d410738875ae0f
rating:72fdbc807517d29c0fe56371,poi-google:270efa89c4fa1b1bdeb4cdcd,Google Maps,4.3,29255,2026-09-18T06:54:34.166023+00:00,1,obs:225fded0b4682f8cbe5736e6
legacy-rating:69f19767f6018c696a5ee8fb,poi-google:788efe58974f3d1e6306e11f,Google Maps (legacy unverified),4.4,,,0,obs:f90450c82f8bc10dbf5f8b26
legacy-rating:c510048b921930c5e6d6eef9,poi-google:f223d1f53b76f5b16f98148c,Google Maps (legacy unverified),4.6,12,,0,obs:a38ea51b40e8c8d3e25d587a
legacy-rating:7cdd149c4f06f6db1702265e,osm:node:2706917665,Google Maps (legacy unverified),4.5,140,,0,obs:afdb76d684dbb450c0704f64
legacy-rating:b1bf7282d9a15f0912feb688,poi-google:5a6340209990c3b4f70fea89,Google Maps (legacy unverified),4.2,27,,0,obs:9842d6813eba17b20adebf56
legacy-rating:5040e9cb9855d3b3fed1aa3f,poi-google:0b67330ff178a2ed90009d2c,Google Maps (legacy unverified),4.5,231,,0,obs:91a68e5477f608d2073ccdfd
legacy-rating:ab9c74d440f337cb34c4dc0e,poi-google:8610ddfe7a7528420c0430ae,Google Maps (legacy unverified),4.3,12,,0,obs:a4644b57ca6daf12dcbc8361
legacy-rating:05f03846b66b2435ba5022f4,poi-google:fdd1ad2656bae8eb93a51f14,Google Maps (legacy unverified),4.3,308,,0,obs:208ddb39b0555667687b46de
legacy-rating:17b77f778abfdc9b37d7a29c,osm:way:804729100,Google Maps (legacy unverified),4.5,19,,0,obs:6d5075aa8be2b4d3b9a55933
legacy-rating:97c6bf5404bac059d9e4695f,poi-google:778bc1f6ad86906ad361ea00,Google Maps (legacy unverified),4.0,20368,,0,obs:b40a2d85a1647c9e328c2645
legacy-rating:36260510d2c019fd6ca79226,osm:node:5747015021,Google Maps (legacy unverified),4.0,602,,0,obs:fe96700a337033f0f89279a5
legacy-rating:eb1f4ee0329115b8dbd8a0be,poi-google:a1fefb2cd928caec6a5184b4,Google Maps (legacy unverified),4.0,272,,0,obs:45c3cb50c0aa0cebf1c79861
legacy-rating:6038076a5b3d8334f24a61a3,osm:node:6285930895,Google Maps (legacy unverified),4.0,74,,0,obs:e69e161e4c81225cf375a018
legacy-rating:1b75be68f5809d4c3e17f861,poi-google:e0c560a9f7361c3c23ca9af7,Google Maps (legacy unverified),4.2,117,,0,obs:3eb9285eab3d115d2c9b2191
legacy-rating:232334ec43ac72da7764ce7c,poi-google:1771275300dc6341f789cf45,Google Maps (legacy unverified),4.6,1890,,0,obs:53f40db05db49634a1eb6d03
legacy-rating:340def8bb2c242b12aa24bee,poi-google:bc79b8bc8a580d58ad7577ca,Google Maps (legacy unverified),4.0,6,,0,obs:840395dd79c83cd8feb2639f
legacy-rating:549aa1c5ab9ef9daae98ce67,poi-google:fb4f0cfd0ac4fcab86677678,Google Maps (legacy unverified),4.0,2,,0,obs:52f608f8f3a6c44f8213fcf3
legacy-rating:d6e6c0438c873ef9428032e9,osm:way:205794912,Google Maps (legacy unverified),4.5,20171,,0,obs:6b79755a3e05c01adceb6e70
legacy-rating:54b94b1bdbcef88e9732e0ee,osm:way:39514795,Google Maps (legacy unverified),4.5,86544,,0,obs:9da3954516703ecd9dbb9e82
legacy-rating:f78fb646a85723759d3788fe,osm:way:39598493,Google Maps (legacy unverified),5.0,48389,,0,obs:db29f0fee618391effb6f04e
legacy-rating:fba31e2d4b35171b29688ddf,poi-google:38d1cd9a05069e449be83086,Google Maps (legacy unverified),4.6,178,,0,obs:2b8494094b84eaa2f7e6fd51
legacy-rating:bd1fc6a574ff4984d7616c90,poi-google:a36fbd54da13c28bf3e8cdf8,Google Maps (legacy unverified),4.8,70,,0,obs:801b7608b4a2ca598174c537
legacy-rating:378ea339d2b94c6582d5f4e9,poi-google:a829fc126851aa4cbd08297f,Google Maps (legacy unverified),4.8,23,,0,obs:75b5ccdd3665f2781f03c9a7
legacy-rating:8b4606e14c73dbf57a087023,osm:node:4172408414,Google Maps (legacy unverified),4.3,3019,,0,obs:209c9a8f704f81a4592aabc8
legacy-rating:68376a55b159a0b3bbd17e6f,osm:way:500751368,Google Maps (legacy unverified),4.6,499,,0,obs:834889882d09c97ede27f67f
legacy-rating:7c8d3db4ec44e7f6b5a7bd09,poi-google:2e2c1e04bc7eaf7942853098,Google Maps (legacy unverified),4.6,49,,0,obs:5f394f6f155f89e9c63d56fe
legacy-rating:fc53872a80d835c9b0379858,osm:node:5027534021,Google Maps (legacy unverified),4.7,1290,,0,obs:8c2ec3141d58af22a0c6f7b9
legacy-rating:06608b440976910984fa99a6,osm:way:973931178,Google Maps (legacy unverified),4.6,6201,,0,obs:d5b9c1e69e386d3100fcd1b1
legacy-rating:ba0f53ed8caf1a402d24cce1,poi-google:44e22e1b3b2a391054c7cfe3,Google Maps (legacy unverified),4.7,1755,,0,obs:b02cd3de20a4ae17911121d2
legacy-rating:405542264f8c9f8afa11e4f0,poi-google:bcc47fdb768b0e554397278e,Google Maps (legacy unverified),4.7,206,,0,obs:fcaadb31c1354f9b4038ed98
legacy-rating:9f9fb4f4a06bfc90163bcf4d,poi-google:e0ebadac85acf6bf99b5d125,Google Maps (legacy unverified),3.9,1777,,0,obs:6f9de7f85e6cd22e747dd1de
legacy-rating:90c3b44edd59a03ee8d34864,osm:node:4457979489,Google Maps (legacy unverified),4.6,1266,,0,obs:6fcbd0e0db6893d6b5f3025c
legacy-rating:0722f5cb4b27c2d8710622d0,osm:relation:8552348,Google Maps (legacy unverified),4.7,42744,,0,obs:d5536da49070c597ed54b366
legacy-rating:3ec1966b548949eada7b2fd7,osm:relation:19000664,Google Maps (legacy unverified),4.8,4640,,0,obs:e2a0ee5f36c4f032350a6a5a
legacy-rating:2956468afe821707f9a6b421,osm:node:11620842769,Google Maps (legacy unverified),4.2,530,,0,obs:8bc5dda26633e5d3394aa2a8
legacy-rating:0a11fc5cf84aed613f7daa3c,poi-google:0089dfb8b9cbb71d1f61c72b,Google Maps (legacy unverified),4.8,,,0,obs:def787db67c75b6cfb3aec56
legacy-rating:d3114341485d6013bb8d1530,osm:node:11630422969,Google Maps (legacy unverified),3.9,2197,,0,obs:3120421e63db96e31cac785c
legacy-rating:ccb99fd05ed4afc67a8651df,poi-google:a4a3893d87dc0d7c86b96ea2,Google Maps (legacy unverified),4.6,15,,0,obs:1344ea2059add3da44cc0d4c
legacy-rating:deda5a53748fa53147091246,osm:node:3294335517,Google Maps (legacy unverified),4.8,1255,,0,obs:1763c94e041b571b29c095a2
legacy-rating:026c686345531af7639b892e,poi-google:e3d4304fc90179c00b63ef5e,Google Maps (legacy unverified),3.7,101,,0,obs:19963d161b6ce785fe8b6d8b
legacy-rating:b8d4b8d9e953cc1533ee735b,osm:node:4275610390,Google Maps (legacy unverified),4.1,1392,,0,obs:95cd79b02d829554a8f648d0
legacy-rating:96e7fb7ca5163967d684dd7f,osm:node:7554177585,Google Maps (legacy unverified),4.0,3414,,0,obs:1b45372735cbf34b430f5ff4
legacy-rating:5d86934a32d37d61ba8d808b,osm:way:504649258,Google Maps (legacy unverified),3.9,9199,,0,obs:1539d147d56eefcdf060adb9
legacy-rating:125663be42e1c95fa573c336,osm:node:7961606192,Google Maps (legacy unverified),5.0,,,0,obs:1627939c2dac3d0d8aa31b5e
legacy-rating:d9a5594cb41cbe8dd406fa4b,osm:node:4900690486,Google Maps (legacy unverified),4.9,497,,0,obs:38496cc6452c6a6d269dd483
legacy-rating:fa14314e6e3b1045b377b679,osm:way:37625751,Google Maps (legacy unverified),4.2,21146,,0,obs:fb3a25b833f661f9a45f5ea3
legacy-rating:1155be7893df55ad54184e51,poi-google:3d6e630147467a50cd3305ec,Google Maps (legacy unverified),3.5,101,,0,obs:02e36303589b0df9e96c1436
legacy-rating:0989854a56e7d324396c5e8d,osm:way:1456837244,Google Maps (legacy unverified),3.2,1067,,0,obs:bc915e627e8affe7b4d4067a
legacy-rating:b46a0b9c9d53933b3517c1b9,osm:node:8615755117,Google Maps (legacy unverified),3.5,686,,0,obs:6e4ddd64bfe42bf51bf5b043
legacy-rating:29effc5e1eadd3be1cb7a745,osm:way:1549018362,Google Maps (legacy unverified),3.1,2963,,0,obs:9355459d1f30eb0a98a64510
legacy-rating:83a61d6d27acd7b378824ad9,poi-google:e0c560a9f7361c3c23ca9af7,Google Maps (legacy unverified),4.5,117,,0,obs:f0af680c6b06280e5d1f0407
legacy-rating:5c0fbbe9ace7e1a68017549c,osm:way:186249226,Google Maps (legacy unverified),4.5,41531,,0,obs:862c1d631b238857ff87025b
legacy-rating:bd63ff70678dbbad83dbb368,osm:way:208255133,Google Maps (legacy unverified),4.3,4901,,0,obs:8aa99e2b9493680da491c901
legacy-rating:ff50c69832988594742ca523,osm:way:339936730,Google Maps (legacy unverified),4.6,15538,,0,obs:316f3782dc0cb825224f556a
legacy-rating:05dd974501e951fc006d293c,osm:node:4389441895,Google Maps (legacy unverified),4.5,138,,0,obs:7efeddab1d0ada153b3eee56
legacy-rating:18eb0ccfa40a29ff090cea03,osm:node:3668724311,Google Maps (legacy unverified),4.1,205,,0,obs:8eb76ff076edf43b5dc06a4f
legacy-rating:294e239e99331832660d06d4,osm:way:1368599361,Google Maps (legacy unverified),4.3,3680,,0,obs:fc701e059495e55b292b48ea
legacy-rating:62526f8c97fb7513e1a28728,osm:way:302872188,Google Maps (legacy unverified),4.2,8175,,0,obs:d874ee89076602d140c7b94e
legacy-rating:a97fa4dc3321e4320688812b,osm:node:10796591857,Google Maps (legacy unverified),5.0,13,,0,obs:9138353c6d0427f9cc23c030
legacy-rating:4a8d3f092e2487ccf4a0a009,poi-google:f334d3a67051632d25a53bba,Google Maps (legacy unverified),,1,,0,obs:293f02d37d79ffe06f4c8397
legacy-rating:1dfa83893c365a96c4093cbd,osm:relation:19179452,Google Maps (legacy unverified),,176,,0,obs:bc362bf6eed91f1a5cd83224
legacy-rating:d6d5180f46792d81d57ede7a,osm:node:2076855954,Google Maps (legacy unverified),4.3,399,,0,obs:c113c6cb8d8200b59707b7c1
legacy-rating:976f096d6dc962aae243b6a1,osm:node:6637048272,Google Maps (legacy unverified),4.7,146,,0,obs:1a8692af4ee99244c9dc7373
legacy-rating:8b290ba2a2f66204bf85ce0f,osm:node:4889087244,Google Maps (legacy unverified),4.2,276,,0,obs:2f2e80effe1d259a27ed21e4
legacy-rating:112ca6a4122ffabe5788027d,osm:node:8873732682,Google Maps (legacy unverified),4.3,26,,0,obs:9594a89911ade09710e533c5
legacy-rating:6b40738b14383c7690ae254f,osm:node:2076855866,Google Maps (legacy unverified),3.7,149,,0,obs:3a4a6c1bba8af395ff2a84e3
legacy-rating:da09630d1118d4218ce154e1,osm:way:243122340,Google Maps (legacy unverified),4.6,611,,0,obs:e856631082f02b607cccdc7a
legacy-rating:ea1df4948c2cd8d173a8961d,osm:way:1019349488,Google Maps (legacy unverified),4.3,778,,0,obs:53f06835a95cce2e4c8d6d84
legacy-rating:1a6fb0f494d793399fd74c70,osm:way:1160002195,Google Maps (legacy unverified),4.3,86,,0,obs:0182d5c3e1de803a1f31b3ec
legacy-rating:328bacc5e61faf50c2bf959b,osm:way:669863010,Google Maps (legacy unverified),4.5,253,,0,obs:c1c07bf67a898b6d8aed4db3
legacy-rating:b51b43ced3d22840b472c607,osm:way:1443021489,Google Maps (legacy unverified),4.7,135,,0,obs:2247a989d34e26c4a5d6548b
legacy-rating:d441b30b842d15a3a814ffd1,osm:way:843085954,Google Maps (legacy unverified),4.0,12018,,0,obs:755d881746c0f3388a52316c
legacy-rating:42846670f5a66cef8e200e88,osm:node:4730514522,Google Maps (legacy unverified),4.4,2571,,0,obs:c5b7cad0360709b97e78e106
legacy-rating:47c1a65cb40e4971da3f9db7,osm:node:5043949621,Google Maps (legacy unverified),4.3,126,,0,obs:4de9258d173b1775a333a799
legacy-rating:ce479141d4eac1bdb5b3fb83,osm:node:4368051989,Google Maps (legacy unverified),4.2,16542,,0,obs:caa41ad6e1e421fecba85c85
legacy-rating:f04fb1625bc830ec0547b19d,osm:node:5233871122,Google Maps (legacy unverified),4.4,1350,,0,obs:1f619544854635150acef936
legacy-rating:09abf1bfc63d18cccbea9bcb,osm:way:791795169,Google Maps (legacy unverified),4.7,1015,,0,obs:97ac11fb79e1e9fedc60ea01
legacy-rating:eff0f7fe43975b77648f5044,osm:way:531031566,Google Maps (legacy unverified),4.6,515,,0,obs:5a72ee6b031e85a40380d242
legacy-rating:507c49399faba3b143df70f6,osm:way:161714451,Google Maps (legacy unverified),4.2,3520,,0,obs:77eb67586b6be8049cad0d00
legacy-rating:074367d270565b91fe9ae73a,osm:node:9824036893,Google Maps (legacy unverified),4.5,8132,,0,obs:38ec8ba9a6d8aa066942beaf
legacy-rating:e3444d13624928a91ae54be8,osm:way:697326496,Google Maps (legacy unverified),4.3,10718,,0,obs:de5fd66873683462ae64ecef
legacy-rating:643f94f792f274f9e22c59d9,osm:node:7759330985,Google Maps (legacy unverified),4.5,472,,0,obs:fb10319ea80979be081287f9
legacy-rating:b6c66db803931a2fd7666c0f,osm:node:4407485889,Google Maps (legacy unverified),4.6,13028,,0,obs:91a6d9281791dffa91fe642f
legacy-rating:09de4147e564c4cba2391c44,osm:node:6801247419,Google Maps (legacy unverified),4.4,882,,0,obs:4ee8949cbf94269746a24c6c
legacy-rating:8a8e6b8e561cee2755be9f58,osm:node:11637285469,Google Maps (legacy unverified),4.6,385,,0,obs:629eda8ecd2a27a0d4cb7d6a
legacy-rating:456685a6c2a4631e5f419763,osm:node:1152350875,Google Maps (legacy unverified),4.5,361,,0,obs:4a5e47cbf083432b1fb74775
legacy-rating:307a97218f515c32029dec4c,osm:node:4712559392,Google Maps (legacy unverified),5.0,34,,0,obs:4f644c7919ff353cbf7ea3ea
legacy-rating:1b6d5264a566422879e19299,osm:node:4593881691,Google Maps (legacy unverified),4.2,24,,0,obs:65e1d50293c6d018a2f21f42
legacy-rating:0695c0cd96bcf3c88d30aa6c,osm:node:4538859095,Google Maps (legacy unverified),,628,,0,obs:4c6ecdbca5801c46f107d047
legacy-rating:6112f56371da5ccb3123fc0d,osm:node:7178614705,Google Maps (legacy unverified),4.3,230,,0,obs:46556ec1b458e9bc9e71bb15
legacy-rating:8418d44fce16cbd881840f14,osm:way:1537915598,Google Maps (legacy unverified),,2,,0,obs:f4a75a1ec41c2da0d83e619e
legacy-rating:a06fdb3f46c3f6f437dda58f,osm:way:494789249,Google Maps (legacy unverified),4.6,5765,,0,obs:2f313731187925c94133f831
legacy-rating:92603b80c7e2b4f6e133243e,osm:node:12442016001,Google Maps (legacy unverified),4.4,52,,0,obs:4bd2ca87c1272cc636ace22f
legacy-rating:1bc7b8f4c26e89755b3efc08,osm:node:9991869767,Google Maps (legacy unverified),4.5,1496,,0,obs:835fc4c3fbfe1069af9c546d
legacy-rating:9ac666395044e3614ec87e94,osm:node:2230447361,Google Maps (legacy unverified),,1,,0,obs:b8568a99272be86bacb3030e
legacy-rating:cc7f3c4ad37ff2bd4c859013,osm:way:610783646,Google Maps (legacy unverified),4.3,75,,0,obs:a5e8e9ce14e1ebcd83e7b3cb
legacy-rating:a6ac872933cc045e001caaf8,osm:way:265244998,Google Maps (legacy unverified),4.1,418,,0,obs:051ea1c55ddc87d91660fd2c
legacy-rating:e5f9572d137666cb7da1dca0,osm:way:1019040791,Google Maps (legacy unverified),4.4,986,,0,obs:28ef6f6470a29a9816207895
legacy-rating:2e77774eafca7b7ba448ce88,osm:way:1368088427,Google Maps (legacy unverified),4.6,25,,0,obs:c6f6213600df1445631e39de
legacy-rating:b8050747250a63ab9fed4b8e,osm:way:622734399,Google Maps (legacy unverified),4.2,206,,0,obs:8eebadcc9c69dd411d50c519
legacy-rating:fa56f2b283a36064a4781a6e,osm:way:700840693,Google Maps (legacy unverified),3.9,12,,0,obs:0de0745de9a161553526fb15
legacy-rating:0e08d0e50df3a09853bdd5b9,osm:way:425862222,Google Maps (legacy unverified),4.2,136,,0,obs:88731e50c1fddc4daa49a914
legacy-rating:93dda07292aa500708f6397c,osm:way:664573950,Google Maps (legacy unverified),4.5,20,,0,obs:1959782727fe3903416f13c3
legacy-rating:517aeecd5ae0a0605c8c7c12,osm:way:569352552,Google Maps (legacy unverified),4.7,1006,,0,obs:2872a32c26b585c6471b10ee
legacy-rating:711881c2b159e43a922e9289,osm:way:751056576,Google Maps (legacy unverified),4.4,1187,,0,obs:073b8ae0b43c33f5a812d7e7
legacy-rating:a9e1a2901ac620069f8aad7f,osm:way:1472917204,Google Maps (legacy unverified),4.3,53,,0,obs:ebf8bb820487e7377b021bfd
legacy-rating:050f6f6921e359efd20e6530,osm:way:376923094,Google Maps (legacy unverified),4.2,828,,0,obs:f44a422781f24620c9dbfc0c
legacy-rating:9cd29698f74217bab567a647,osm:way:1219244331,Google Maps (legacy unverified),4.3,282,,0,obs:93a7b8722430b5364802f367
legacy-rating:ff81f240b81b42fd171832c5,osm:way:784087628,Google Maps (legacy unverified),4.2,199,,0,obs:158195e2d8b2ee3f85e78095
legacy-rating:56740f9770fd909b34181802,osm:way:962922519,Google Maps (legacy unverified),4.4,37,,0,obs:424317f47c5ac9561ddd956f
legacy-rating:2b83803c1562646d3ed430d5,osm:way:267023806,Google Maps (legacy unverified),4.8,2290,,0,obs:bd1caebe3b5ce012d225f0d4
legacy-rating:2906aa76d4847a52ab5e810a,osm:way:210966819,Google Maps (legacy unverified),4.4,87,,0,obs:48407895a8d68b31b42986ef
legacy-rating:6b1d73e38e8fc07d1b143f7e,osm:way:695810710,Google Maps (legacy unverified),4.5,1661,,0,obs:98bec05fd0e56ca0e66ce7b9
legacy-rating:4025ba1ef6c42fa27987ead4,osm:way:580493869,Google Maps (legacy unverified),4.7,2933,,0,obs:c7c7c86f301b6b337b089792
legacy-rating:765fb35168ffaa2d5242d88e,osm:way:163105324,Google Maps (legacy unverified),4.7,181,,0,obs:a470aedc69df3be864128a19
legacy-rating:0d28acf9919b86e5826c56c0,osm:way:239932350,Google Maps (legacy unverified),4.5,1566,,0,obs:6cc2a8920620215380b19831
legacy-rating:5fc6c22abcdc98a56a9f3414,osm:way:1147665704,Google Maps (legacy unverified),4.6,213,,0,obs:12ce1cd4d260b85adcfeabb0
legacy-rating:2436f8f5ff04526347a4b09d,osm:way:1139091053,Google Maps (legacy unverified),4.5,93,,0,obs:1e56136e6adddefc0a615804
legacy-rating:1ae28b80355e600ca64b532c,osm:way:671362739,Google Maps (legacy unverified),4.3,278,,0,obs:83f83957e0133efbb79605da
legacy-rating:ad6ddc365177dfd17ce859db,osm:way:1020716323,Google Maps (legacy unverified),5.0,14,,0,obs:7ce7f71bf8efccc6cbbf6f95
legacy-rating:5d350652e8d53b550a714bc7,osm:way:1020716548,Google Maps (legacy unverified),4.4,49,,0,obs:8f807819912f04e5e3a7a88e
legacy-rating:78dde42c739a369198364712,osm:way:1020461321,Google Maps (legacy unverified),,36,,0,obs:b984c68a4ff9bf4219ec4726
legacy-rating:fc1ddb599f1d2245116366ae,poi-google:b5ec2cd317a507240311efd8,Google Maps (legacy unverified),5.0,3,,0,obs:85b50e3313d2ea9464d73200
legacy-rating:1cf50b2f3d0b618d1c45d058,osm:way:743620774,Google Maps (legacy unverified),5.0,1,,0,obs:5a6a86c6c22d2d0dcb720fbf
legacy-rating:f4861b66d576abdc71249a73,osm:way:802157397,Google Maps (legacy unverified),4.7,417,,0,obs:797085387bf049bd75aab6c9
legacy-rating:fd96da4a4a36f87976138444,osm:way:715077456,Google Maps (legacy unverified),4.6,1887,,0,obs:664c24d26257bb46d09fa360
legacy-rating:491cfcadf746ff1a0a044c93,osm:way:1116582922,Google Maps (legacy unverified),4.6,1562,,0,obs:3128fdf61a7e278a6d25116f
legacy-rating:efe375e2466415a6b751f28d,osm:relation:7758125,Google Maps (legacy unverified),4.6,442,,0,obs:28fa2de22116336889e9c5f9
legacy-rating:05cad60dd14dd4c073149ed8,osm:relation:15662995,Google Maps (legacy unverified),4.2,2803,,0,obs:c1844df92394056733a74c49
legacy-rating:475a3c13958d6bfaa3d69039,osm:way:1515399859,Google Maps (legacy unverified),4.8,73,,0,obs:bcfd342b89bb5f1d5e339203
legacy-rating:8931c70de7459e8be39af2a3,osm:way:1510802054,Google Maps (legacy unverified),4.5,1049,,0,obs:a362939cc498d0ba2f9b8a15
legacy-rating:3a393a8e5ff00668cfe95016,osm:node:5406262022,Google Maps (legacy unverified),4.4,3163,,0,obs:7c86ce15efdd1a5d1ebac135
legacy-rating:0883797428b3e8950471d320,osm:way:807297567,Google Maps (legacy unverified),4.6,65,,0,obs:fead8fc1daf81608fb5a9029
legacy-rating:183d1466499193fb35ec5365,osm:way:1159206296,Google Maps (legacy unverified),4.1,616,,0,obs:7f51886cbe57621b292d80bf
legacy-rating:60d0ced9765e041056802344,osm:node:2940218996,Google Maps (legacy unverified),4.7,92,,0,obs:4b230d28926d28fe4a570aee
legacy-rating:afc29db294504508813f229b,poi-google:5fe82be03ab7e639f3ffa3cc,Google Maps (legacy unverified),4.6,4865,,0,obs:65674c7ae9fa2c9b508c313d
legacy-rating:e6c2b1487343ecbfadf78068,osm:node:13556032966,Google Maps (legacy unverified),5.0,2,,0,obs:93ee3160167eaf0ffd3e9b83
legacy-rating:89cdb50c79ce5bbe14e6f829,osm:node:1778803114,Google Maps (legacy unverified),4.4,713,,0,obs:5259a830da2c1c5b94570762
legacy-rating:31a89747ac0b308edd3a541f,osm:way:651520358,Google Maps (legacy unverified),,221,,0,obs:d4f06d7305d7dab7d6adeb20
legacy-rating:755a668698a7aabe020dc27e,osm:node:6079923667,Google Maps (legacy unverified),4.6,128,,0,obs:631265e9b079d107b52704a7
legacy-rating:e09c5c9c2cc0c27eeba00ff5,osm:node:5637455966,Google Maps (legacy unverified),4.3,93,,0,obs:e29c91b520c1d10c2e35081b
legacy-rating:087afdafbc829348267f9602,osm:node:5485835198,Google Maps (legacy unverified),4.4,192,,0,obs:606441bc8fe1b863b442c8b1
legacy-rating:b7f0d9f5314e6da63139a366,osm:node:11052129961,Google Maps (legacy unverified),4.7,88,,0,obs:e063c65b0e86442c0c6bf521
legacy-rating:37612786ba009c560eb305fd,osm:node:9531384557,Google Maps (legacy unverified),4.6,25,,0,obs:1ae889d27c2d9187e518b94e
legacy-rating:cd620732e0e40b5b54c13fc0,osm:node:1781220945,Google Maps (legacy unverified),4.6,107,,0,obs:5ac502a8b42dd3394fbc39bf
legacy-rating:85f5f4dfcb6918307ca43155,osm:node:12845727137,Google Maps (legacy unverified),,6,,0,obs:b485cf1785fe43edc27ae469
legacy-rating:dd28f3a24e9664609fb34cb5,osm:node:12845280181,Google Maps (legacy unverified),,2,,0,obs:2abcec21362e05a4947a0089
legacy-rating:e42813857ef50a15df9e72eb,osm:node:3313813773,Google Maps (legacy unverified),,114,,0,obs:ea2ab423bc55ffaf7b69b8e9
legacy-rating:9060144bd8536c116fa69ac5,osm:node:12188392056,Google Maps (legacy unverified),4.5,230,,0,obs:4e758c3eca49def7edb0add0
legacy-rating:86b14ed8c8672ba979025cf9,osm:node:12188447519,Google Maps (legacy unverified),4.7,795,,0,obs:bd3dc3d8fc66fd446de45456
legacy-rating:28dc16b1d958353941b6d4e2,osm:way:493174173,Google Maps (legacy unverified),4.7,3922,,0,obs:a0a4296722c58242406f5b44
legacy-rating:a99ae91ae26832cd103ae14b,osm:node:3815186657,Google Maps (legacy unverified),4.2,5,,0,obs:d91b20d2e074a2a5e93215a0
legacy-rating:26d631fdbba66411d782431f,osm:node:9531384558,Google Maps (legacy unverified),4.6,271,,0,obs:fc992ee1b7b6d6b69df4c877
legacy-rating:5bac8a7686b78a37950b9abb,osm:node:4401745714,Google Maps (legacy unverified),3.2,85,,0,obs:7160f8d84e073fb753da0e50
legacy-rating:7c73ef029a6948a7a5c04ac2,osm:node:4423122041,Google Maps (legacy unverified),4.6,548,,0,obs:68e34b0da9bcb34c5d035fcf
legacy-rating:75588b85f51dd00001b3fea6,osm:node:11528364473,Google Maps (legacy unverified),4.7,16,,0,obs:725d40cc0b5d5c4f5f9de18a
legacy-rating:bb6352a7057dc14f65b44773,osm:node:9028420425,Google Maps (legacy unverified),4.6,894,,0,obs:68499e004c3593b9e19a8125
legacy-rating:e8bd2a89e6ca85b1c7656adb,osm:node:4020097320,Google Maps (legacy unverified),4.6,2419,,0,obs:6b39ac082ac885c25b6c52a5
legacy-rating:e1b9b60a4cc85165431ac9bd,osm:node:12192408631,Google Maps (legacy unverified),4.0,4,,0,obs:52786f2f4cac3758f3c3fc27
legacy-rating:beb4f2bb4eb2d4df52aaddde,osm:node:12192288473,Google Maps (legacy unverified),4.4,16,,0,obs:d7fdb861cff11d143e4131e0
legacy-rating:4fcc17770edb87f80cfa3975,osm:node:12188494494,Google Maps (legacy unverified),,6,,0,obs:6818d11bcf340eced1b87f4f
legacy-rating:8874ac5de4ea7e342d00b106,osm:node:12187388985,Google Maps (legacy unverified),4.8,349,,0,obs:14733213bfbde80e5223e734
legacy-rating:2919a8faee774522be4cf66b,osm:node:13255721644,Google Maps (legacy unverified),4.5,17,,0,obs:c824f35968f55bdb7576b9d8
legacy-rating:9cfe89d73610b76fa12024e7,osm:node:11123083197,Google Maps (legacy unverified),,30,,0,obs:33f5bafa454c7058ece5ec79
legacy-rating:370c2a260f93b2d1a2200720,poi-google:b8e86abd257e7d7d72d2beb9,Google Maps (legacy unverified),,2,,0,obs:8179b794a52043fa03a1f444
legacy-rating:8e340628bbd25a136f45cdd3,osm:node:1779408248,Google Maps (legacy unverified),,7,,0,obs:0e2b11f2f9f055b5797ad7c1
legacy-rating:5d447f0feb50eeffdc998aba,osm:node:13352652760,Google Maps (legacy unverified),4.8,4,,0,obs:19dd57a3bc37e78e257fe810
legacy-rating:274c22bad13efc6cb10ab612,osm:node:11244171528,Google Maps (legacy unverified),,13,,0,obs:77c4d629edf065c4baf7c2f6
legacy-rating:8249b1f162ea6fc2c1e79ac8,osm:node:11240343026,Google Maps (legacy unverified),4.5,265,,0,obs:2eae5afa3985f1ccb61e0561
legacy-rating:43bbc53e5e8a184bb9f41ce0,osm:way:732623185,Google Maps (legacy unverified),,31,,0,obs:2e36c508bc917023bbd3c7e4
legacy-rating:341e36d4bea11695a3a28809,osm:node:12860047423,Google Maps (legacy unverified),4.7,31,,0,obs:f52f0ac23c6605b1e65d2521
legacy-rating:6b402753a9205b49febf534b,osm:node:6677388085,Google Maps (legacy unverified),4.4,168,,0,obs:f25e95981abd96d0cd535f19
legacy-rating:7660a0e680529c4c50cbf513,osm:node:2476513827,Google Maps (legacy unverified),,16,,0,obs:50d005a029b56f73e7e954ba
legacy-rating:94ac55704511c795dd622ad3,osm:way:977138975,Google Maps (legacy unverified),,36,,0,obs:6ec003b1a9827a3ec33e36c3
legacy-rating:242ce1796ff5b169119feb10,poi-google:78002295d143a1fc643c8687,Google Maps (legacy unverified),4.8,9,,0,obs:fba758cdd0401ee16abd0ba9
legacy-rating:6a273b748f9840c72a824c18,osm:way:650062444,Google Maps (legacy unverified),4.2,5,,0,obs:f4e0923a58d1e1dfb6b9f23f
legacy-rating:2ded9a3cf82fab54e0dd4f03,osm:way:119409588,Google Maps (legacy unverified),4.7,1162,,0,obs:2bc6467cd8d5501d631beb9a
legacy-rating:26f2f10704fe00873028b6ac,osm:way:972604565,Google Maps (legacy unverified),4.6,960,,0,obs:f32a8772a44aff17edbb2e7f
legacy-rating:7717db8bd932fc24d39c4edd,osm:way:260062342,Google Maps (legacy unverified),4.6,132,,0,obs:570413c374bacbbe961090e8
legacy-rating:4226ab682a118cbae2108728,osm:way:843007161,Google Maps (legacy unverified),4.3,12,,0,obs:d56c376610f0d561419bd201
legacy-rating:3a60cd63d32aea00472e16ce,osm:way:89748520,Google Maps (legacy unverified),4.7,437,,0,obs:46e9b939339be7806a565b4e
legacy-rating:879fdef0594bc3d08c344841,osm:way:251611780,Google Maps (legacy unverified),4.2,5,,0,obs:8595f3b67cb019353a34857c
legacy-rating:9a6da894fadb12b88675eace,osm:way:840060448,Google Maps (legacy unverified),5.0,6,,0,obs:cb9ec7696df32c0120f54156
legacy-rating:4f756994acb75d2797937856,osm:way:252581203,Google Maps (legacy unverified),4.6,402,,0,obs:77274a0ef3bca698c1e9766f
legacy-rating:a0d252b2219ed9e2d5f3920a,osm:way:1314190873,Google Maps (legacy unverified),4.6,87,,0,obs:4466dad7ac1135af3e7b5ec7
legacy-rating:16ba50ce52af59b2ca45b5dd,osm:way:1313916553,Google Maps (legacy unverified),,41,,0,obs:ebff69bac22f6cb2f85e3433
legacy-rating:a5f52fd1fce2be3dd8cec5b1,osm:way:1313432468,Google Maps (legacy unverified),4.6,60,,0,obs:369e87c50d932c1904693e06
legacy-rating:e07aea7f63cb64cb530dfae3,osm:way:371278740,Google Maps (legacy unverified),4.7,2389,,0,obs:b56464d14ec3673b0d210669
legacy-rating:9bda2f35231e452e454241c4,osm:way:1310615869,Google Maps (legacy unverified),,39,,0,obs:d9df9c355766e7ccb7c90519
legacy-rating:eebdc65d6b844bd7a3eebbb2,osm:node:9585091204,Google Maps (legacy unverified),4.7,408,,0,obs:b8650604099821a118e0544a
legacy-rating:a3fe59b04aa08412a7023d87,osm:way:1221686026,Google Maps (legacy unverified),4.7,333,,0,obs:a7beebceb6ae3b082f66db2c
legacy-rating:ed6a5eed57a6c806db5dcb21,osm:way:1209671828,Google Maps (legacy unverified),4.4,9,,0,obs:d86569b3cd0fa35f264b3123
legacy-rating:bda3ae0aa58f57e7ba5349db,osm:way:1219698158,Google Maps (legacy unverified),4.7,686,,0,obs:2f6f1716e97d60eef04525a7
legacy-rating:9f8c6f8bdba48ce4f734187b,osm:way:693903111,Google Maps (legacy unverified),4.4,121,,0,obs:ec4f0050993154978b3d2592
legacy-rating:a9331b569c0ec18c4c0c7d3f,osm:node:9587618754,Google Maps (legacy unverified),4.5,95,,0,obs:b2af840f7a18eff3b0df3810
legacy-rating:8a5fd747d585c3a23232829d,osm:way:1306372803,Google Maps (legacy unverified),4.7,30,,0,obs:6c4735047de4caf2d06f85fe
legacy-rating:001ec363aa0ffd4f87fa25f0,osm:way:1216840358,Google Maps (legacy unverified),4.6,222,,0,obs:4dc7c87896c4fde9891bdb90
legacy-rating:bd37fc48a526f9524acc9214,osm:way:1216840364,Google Maps (legacy unverified),5.0,14,,0,obs:db277cb4e5021f189ddb2427
legacy-rating:4b26088906e696692944460f,osm:way:1118494921,Google Maps (legacy unverified),4.6,1749,,0,obs:8b4d55e376640789ea688a5e
legacy-rating:ff0fe24b6d333b29e39ade05,osm:way:695981299,Google Maps (legacy unverified),4.6,9809,,0,obs:0bcc1b2da676a59c0d485aad
legacy-rating:1ad7152e5c55fb9980b7b0cd,osm:way:630921540,Google Maps (legacy unverified),4.7,2657,,0,obs:cdf3a4b13fa95a37875dba4e
legacy-rating:3d4e35f89ac92f4a9232c7b3,osm:way:494789264,Google Maps (legacy unverified),4.5,60,,0,obs:2deed9c96e7baeb0a03943a4
legacy-rating:a07729d0524f55f67bea69e7,osm:way:288734395,Google Maps (legacy unverified),4.8,286,,0,obs:ccc066757ce60ac2a74f39ea
legacy-rating:ef3c2fffd7a34c9c52eefabb,osm:way:1211031821,Google Maps (legacy unverified),,5,,0,obs:3b7f54095dbf39bfddf47ddd
legacy-rating:e29ae00580a0a2a95143df90,osm:way:499096665,Google Maps (legacy unverified),4.8,4,,0,obs:789dc6addb446c95996922d6
legacy-rating:b7d8e7e62c43f18b9f29c82d,osm:way:1210315494,Google Maps (legacy unverified),4.9,12,,0,obs:648ba33acfd3fbdc34a1eb9a
legacy-rating:e529792c1adc8d91bf892995,osm:way:264294891,Google Maps (legacy unverified),4.8,736,,0,obs:cbfa24ac58a863cf2b223e19
legacy-rating:b4f05132e4053137c1ab8746,osm:way:1327203210,Google Maps (legacy unverified),4.7,18,,0,obs:560447a76eaf80c43d3f483b
legacy-rating:ce57aff948c3a618d13ef65d,osm:way:647396994,Google Maps (legacy unverified),,28,,0,obs:89989a152da39f272704711a
legacy-rating:b53ab22f2cc3a9df1275487b,osm:way:790787162,Google Maps (legacy unverified),4.9,41,,0,obs:b945d53e13889d0f5551bfad
legacy-rating:44905e0f805ec48f8d3dca4c,osm:way:1210468034,Google Maps (legacy unverified),,18,,0,obs:6b37a92cb7d2e51d9c0a89f7
legacy-rating:633d4d0fb03bc2aa7dfc528d,osm:way:610127123,Google Maps (legacy unverified),4.2,21,,0,obs:0f3c9e95267fc86243182170
legacy-rating:fbfcdb43780894752407cdff,osm:way:804545969,Google Maps (legacy unverified),4.5,398,,0,obs:e398bea04a2f43c87e6b7b0b
legacy-rating:cb8af5d9633237ac8bef0487,osm:way:217341918,Google Maps (legacy unverified),4.6,4253,,0,obs:0f789b7002318e29cee30267
legacy-rating:cfe445aa4d5ab5c8e492e9f2,osm:way:732327056,Google Maps (legacy unverified),4.6,229,,0,obs:0379577db23519eab627a8e4
legacy-rating:3359d1c66368397cf44fec95,osm:node:5568791023,Google Maps (legacy unverified),4.6,521,,0,obs:aa5b22788aecd4f336bcfc45
legacy-rating:72b33aa0bd005285a0ca85f8,osm:way:377308555,Google Maps (legacy unverified),4.5,183,,0,obs:f1538c162b608453d23ce864
legacy-rating:78a1794deea43915396233b9,osm:way:207445585,Google Maps (legacy unverified),4.6,145,,0,obs:ad7b04d6100905b8d1c93fcd
legacy-rating:8c38b55a2275b3d8edc3eff6,osm:way:967540663,Google Maps (legacy unverified),4.0,18,,0,obs:58850b66d128479a7be5220b
legacy-rating:75520757a127d52cf790e58d,osm:way:1160002129,Google Maps (legacy unverified),4.5,162,,0,obs:cb6927b2c8a8904032bde024
legacy-rating:163986b30af347f84541ea14,osm:way:589901922,Google Maps (legacy unverified),4.5,1054,,0,obs:3ca3f65168626ea546efbaf9
legacy-rating:0db14ec49f18bed74395a5e2,osm:way:577203288,Google Maps (legacy unverified),,80,,0,obs:5097d41219dd013311048329
legacy-rating:19fc88ee49c3a67e1d2e5723,osm:way:650062380,Google Maps (legacy unverified),3.7,7,,0,obs:d854342b12dc27050af29d8d
legacy-rating:e325f3eb3814185c398aceae,osm:way:1358136064,Google Maps (legacy unverified),4.7,122,,0,obs:1e5eb72cf00873ffaa64a613
legacy-rating:970c2b75b8b8935f3cf7f541,osm:way:1358136072,Google Maps (legacy unverified),4.6,178,,0,obs:09d719f5f4e7749524234648
legacy-rating:fea4d7188149099d608172fb,osm:way:498264577,Google Maps (legacy unverified),4.7,65,,0,obs:accd9160e6b6ab0b81242f73
legacy-rating:28957121f6a383c178d27a15,osm:way:729254692,Google Maps (legacy unverified),4.5,42,,0,obs:06ef92387a506edb4ecf611d
legacy-rating:f6ebf39a854c64b41ef04eb0,osm:way:794223490,Google Maps (legacy unverified),4.8,12,,0,obs:9eab284f9009176663dfe9bd
legacy-rating:5a1e7d42c66732d8f9322cfd,osm:way:818875751,Google Maps (legacy unverified),4.7,113,,0,obs:d5b6a8c5edacd18514ff3920
legacy-rating:d75d877f78e8c542ab2f6f24,osm:way:1357525080,Google Maps (legacy unverified),4.7,261,,0,obs:8fadb103f52d24605ada3f23
legacy-rating:5258ebd91876034c1240ae85,osm:way:1433527682,Google Maps (legacy unverified),4.8,22,,0,obs:a6e9851f24f80f7543c08eaa
legacy-rating:c74bebca63f13eba31b2cb44,osm:way:1433975464,Google Maps (legacy unverified),,2,,0,obs:0c901bbf777ae7ebc6a7cecf
legacy-rating:66e8076ceb02dc94bd64ca49,osm:way:1452360872,Google Maps (legacy unverified),,10,,0,obs:ee1685908f38fee49ca080e8
legacy-rating:e41994d5ef4c4f9c9d22287a,osm:node:2076856032,Google Maps (legacy unverified),4.1,207,,0,obs:647665d163863debd4b17418
legacy-rating:73ace879a61f6b4201fb05a8,poi-google:3396c45d9aae3215351f2b33,Google Maps (legacy unverified),4.4,591,,0,obs:81e6598f73342a354d72ed40
legacy-rating:f5b6d627fa5154380399037b,poi-google:30d49ba30108437ac7f52313,Google Maps (legacy unverified),4.3,813,,0,obs:45140e8ad29dc23f48009548
legacy-rating:eb6efcece8edf8f5bcf55bf0,osm:node:11365555079,Google Maps (legacy unverified),4.5,10581,,0,obs:06b270293866472fd0459224
legacy-rating:25631deaac7305cfa0d214d8,osm:node:11929829169,Google Maps (legacy unverified),4.7,1293,,0,obs:e055aacce220faa643aa0d60
legacy-rating:c2bab05a2a9e12753d35367d,osm:node:4228397491,Google Maps (legacy unverified),4.1,577,,0,obs:4f1b6b30d09655463ba88e56
legacy-rating:480b51a779c46ee9ffd099d3,osm:node:1954274170,Google Maps (legacy unverified),3.8,386,,0,obs:7075b6953334d5c5fab2c2a5
legacy-rating:7597e98d0f9de45bb06ac461,osm:node:5826260261,Google Maps (legacy unverified),4.7,514,,0,obs:a174d0bdada5f4a6d11ab1c6
legacy-rating:b592159c0b5cc3bf6f71471e,osm:node:11847033202,Google Maps (legacy unverified),4.5,731,,0,obs:0992cef95c0157fc2b0617db
legacy-rating:08e2863ebd3c99c4887b6a84,osm:node:1164597191,Google Maps (legacy unverified),4.4,25309,,0,obs:9fe9c5fe542ebcc990aee647
legacy-rating:6c97fe936652be4a0cbce152,osm:node:13038535919,Google Maps (legacy unverified),4.4,3806,,0,obs:a1bbaad7b854cc3fdfe9d11b
legacy-rating:1f1349e894aee561e7fcc51c,osm:node:12848915702,Google Maps (legacy unverified),4.4,514,,0,obs:ba68aad71cf413b483ecfd62
legacy-rating:bd044497ac0d98a19f3cdb9d,osm:node:12854695786,Google Maps (legacy unverified),4.7,20,,0,obs:6293c7f9cc17f7272cb73ba2
legacy-rating:a7eb9a5dcc7981b22d6f4f76,osm:node:5155521805,Google Maps (legacy unverified),4.5,187,,0,obs:0b1bbdad092f18761c09bba3
legacy-rating:bb80b052c26e38ed4b5b057a,osm:node:4417074190,Google Maps (legacy unverified),4.1,259,,0,obs:814a2f73c64d03fccdc06ae3
legacy-rating:7140354e868c252b0cc66b57,osm:node:4139586001,Google Maps (legacy unverified),,8,,0,obs:ee49fff58cde783759e930f8
legacy-rating:ce87ab68cb48145fef5ebb24,osm:node:5274759821,Google Maps (legacy unverified),4.2,9595,,0,obs:0d27d3476a45fe0443174013
legacy-rating:6901a6f524c9e9aba7af2361,osm:node:3294682392,Google Maps (legacy unverified),4.4,999,,0,obs:d00ec706c3747520a6563872
legacy-rating:ddeb53b95138d28a520f68d2,poi-google:c6d0e839e6d389bb59523158,Google Maps (legacy unverified),4.8,91,,0,obs:153c77cee08526921042ea32
legacy-rating:407d3637e630c113668eae71,osm:node:667953368,Google Maps (legacy unverified),4.0,42,,0,obs:412a26399e1392641f7c7fa2
legacy-rating:3b6149cd7428fc89b5ca5849,osm:node:5984618285,Google Maps (legacy unverified),4.4,294,,0,obs:3829be5318c65661a7ddacaf
legacy-rating:0d5c25122136dc87219f21a5,osm:node:7809578985,Google Maps (legacy unverified),4.2,4068,,0,obs:4190f3c6ab0f01f768d87e6c
legacy-rating:68851726c6c058467e211c42,poi-google:25205a2dd439c7245cc56cae,Google Maps (legacy unverified),,2,,0,obs:9677a9c18b316b41505e96fc
legacy-rating:ea829b7b00c1b27cab29ba3c,osm:node:13355765824,Google Maps (legacy unverified),4.0,88,,0,obs:f3498a3776890219cde2b5cf
legacy-rating:5f7eb21e2e8b05e5680a2982,osm:node:4504835990,Google Maps (legacy unverified),5.0,2,,0,obs:f228cd5ed70c606fab73f4fe
legacy-rating:ef3c819725dc1df66e091b0d,osm:node:10709724414,Google Maps (legacy unverified),4.5,30,,0,obs:7ce5895ffd6f808d8586cb66
legacy-rating:0f18133243eca8819cf2207f,osm:node:6712202605,Google Maps (legacy unverified),4.7,498,,0,obs:19727ddfdecc7d04d4f33c1d
legacy-rating:87e487bf77d737cb6cb7cfd3,osm:node:7189142285,Google Maps (legacy unverified),4.7,64,,0,obs:ed526ba12e2d9210880f8034
legacy-rating:f63cf51b8f23a72cc11b57aa,osm:node:5383428522,Google Maps (legacy unverified),3.9,1643,,0,obs:b5b2e4900428413a03d2965b
legacy-rating:367566950f2f960a6ede5c60,osm:node:13352751549,Google Maps (legacy unverified),5.0,11,,0,obs:2f5638505398a1308998e711
legacy-rating:c1babbbc391399f0e990470f,osm:node:13162197539,Google Maps (legacy unverified),4.7,34,,0,obs:a2c8e9be8a09c949dde626f3
legacy-rating:2d273585b326db52c000553f,osm:node:7148312785,Google Maps (legacy unverified),4.8,426,,0,obs:4ac8d444dab927e579da8f48
legacy-rating:4ded1702213a2e8659bcd8b1,osm:node:10709738105,Google Maps (legacy unverified),4.8,45,,0,obs:0240c52c21322d4fa3997a5e
legacy-rating:cca37bc1ab3edae0e4aac93b,osm:node:10709738007,Google Maps (legacy unverified),4.7,281,,0,obs:a8ae474652293db7da2f5170
legacy-rating:e36debd3a6f585f1e478f2de,osm:node:4318938089,Google Maps (legacy unverified),4.6,592,,0,obs:2aa74df2913aca3752838792
legacy-rating:3c2b2bddd2856bf61cf2b7a8,osm:way:1184773521,Google Maps (legacy unverified),4.6,384,,0,obs:aa3c9b7996307d322a57fc45
legacy-rating:302a78a677cf63632dd35c11,osm:node:6892187773,Google Maps (legacy unverified),4.7,162,,0,obs:0f18b7f47638646d581e3c21
legacy-rating:e2ce93163dc919e0d68249b2,osm:node:2797512242,Google Maps (legacy unverified),,481,,0,obs:b9586fc1f2b933522ac7f9ee
legacy-rating:3ef32f2fd8121e811423dcb3,osm:node:5914162435,Google Maps (legacy unverified),4.7,30,,0,obs:c1c8c576fa68919b88373226
legacy-rating:8cc14f8260061533326b74e5,osm:node:11048038005,Google Maps (legacy unverified),4.7,495,,0,obs:dc50997404d773e47f74ab21
legacy-rating:baea600549878600116c5360,osm:node:13352713846,Google Maps (legacy unverified),4.5,71,,0,obs:4df435a923471ef8dd754238
legacy-rating:9d9ade9496b0834bb488b36e,osm:node:10932916144,Google Maps (legacy unverified),,26,,0,obs:916157ea6e2bc6a2062005f1
legacy-rating:ffe034a431d159aeebe24058,osm:node:10709738016,Google Maps (legacy unverified),4.4,43,,0,obs:439684cb0d92680ef4ac1488
legacy-rating:885505806d3228d37c152a6b,osm:node:10775392105,Google Maps (legacy unverified),4.4,425,,0,obs:124582b94fd4cccfdce05917
legacy-rating:20febde093b916f51a07bcfe,osm:node:11708010270,Google Maps (legacy unverified),,74,,0,obs:1ea0855ac804dab7a2d48c2c
legacy-rating:17c2cb06a21e597cdf932b43,osm:node:5575773758,Google Maps (legacy unverified),5.0,11,,0,obs:74c688459378921313afdca0
legacy-rating:c66c3edc66f3fc33d3ce5157,osm:node:12511801248,Google Maps (legacy unverified),4.9,40,,0,obs:bd927157542f463a51859543
legacy-rating:cd4dc499cb8e6a3e58b314c9,osm:node:11377886669,Google Maps (legacy unverified),4.2,1606,,0,obs:dc0970b6c76393f0af9fce00
legacy-rating:721d0cc8cb49ac23fa85ec40,osm:node:12878563601,Google Maps (legacy unverified),4.7,2216,,0,obs:42e7019bf54ddd29761484d5
legacy-rating:183549ae187caa47aedfef55,osm:node:9992439400,Google Maps (legacy unverified),4.4,217,,0,obs:cba935b9d01dadf7da5ff081
legacy-rating:63c082afa61e1d14943bddaf,osm:node:13352751552,Google Maps (legacy unverified),,8,,0,obs:1685b9ba21a068aed46973ff
legacy-rating:fa1b386b457bf99e18ff1f33,osm:node:13072770501,Google Maps (legacy unverified),4.3,928,,0,obs:886d159d4335871e23a7da36
legacy-rating:95f71358278e74dcd649b364,osm:way:39619627,Google Maps (legacy unverified),4.6,912,,0,obs:dcd94112dd8a3f2f0fbdb426
legacy-rating:d83f4e1cf3fbcb57786ab1fa,osm:way:449263543,Google Maps (legacy unverified),,27,,0,obs:96de83b9bf4a5d5af3f07317
legacy-rating:f6e1e33f6edd7df0c35b3ceb,osm:way:39598493,Google Maps (legacy unverified),4.5,48393,,0,obs:5144528b637700f07623aeb5
legacy-rating:6b4b0b44e537736132714e02,osm:way:743192138,Google Maps (legacy unverified),4.0,536,,0,obs:580497fb8e94c22d00d188fc
legacy-rating:986965452cf1ace11707bc35,osm:way:1266718113,Google Maps (legacy unverified),4.5,774,,0,obs:ffe8b188ac763a89e88b3f18
legacy-rating:10e78cb423dc85ea219d98e3,osm:way:14131302,Google Maps (legacy unverified),4.7,5208,,0,obs:0aa10b2f5a2b4d5bf2908725
legacy-rating:edb2e04a8811d11fd8ff590a,osm:way:751056510,Google Maps (legacy unverified),4.8,458,,0,obs:3ce48ce1b9c931724caebd1c
legacy-rating:3579d45a2d294d773a0725fa,osm:way:853584056,Google Maps (legacy unverified),4.4,1688,,0,obs:743906df78c4e831dd02881b
legacy-rating:fa8b76acd810f7884f2f66c6,osm:way:921987266,Google Maps (legacy unverified),4.5,5498,,0,obs:da87783f5368ecccf9cb36da
legacy-rating:d1a7f1eebd382da1cee4c971,osm:way:1148179691,Google Maps (legacy unverified),4.6,770,,0,obs:ea69f6c482f6ca20d19b0099
legacy-rating:232054cab746e82e141da232,osm:way:378921412,Google Maps (legacy unverified),4.6,1178,,0,obs:b53bcc0048c86979ec4fbf09
legacy-rating:0c77e02aa7024c1cec5cb26b,osm:way:531031513,Google Maps (legacy unverified),4.6,78,,0,obs:b3512f5b4f1c47e240055eec
legacy-rating:cb74b1cc8eb0e5abded46176,osm:way:466418347,Google Maps (legacy unverified),4.6,4121,,0,obs:8dff248e3158448d1f6fc008
legacy-rating:f49b9961037d83dea3c6bc78,osm:node:3656511124,Google Maps (legacy unverified),,7,,0,obs:673a68c44edd0ecf18eb8a21
legacy-rating:21b16a21208aa3b5a36e4e2d,poi-google:ca572509f5a2c6e1a3a576de,Google Maps (legacy unverified),5.0,2,,0,obs:b44d03a5a488ac9ea71917c9
legacy-rating:b558ff31fe35f0cac4495301,osm:node:3794435557,Google Maps (legacy unverified),4.5,75,,0,obs:1647e59c89a720466374b41a
legacy-rating:ff3482f094e727307ec955ce,osm:node:7860662424,Google Maps (legacy unverified),,198,,0,obs:acf5d10391ec1942f9e53c15
legacy-rating:a27ed830d0f07f2f24ddac7a,osm:node:10780143806,Google Maps (legacy unverified),4.7,224,,0,obs:73437495c19ca1c3ad3527e4
legacy-rating:8ff354a5352773c9bc5a0018,osm:node:6458005702,Google Maps (legacy unverified),,31,,0,obs:ea42b272dde725d3d7092698
legacy-rating:4f4377668d5c1247895b0c70,poi-google:594fc1654c484923cb3d5f42,Google Maps (legacy unverified),4.2,5,,0,obs:9197a42155482027c41e1c28
legacy-rating:e5c66ba74e286a7e2dc51823,osm:node:3673169335,Google Maps (legacy unverified),,14,,0,obs:a8c0ccccbe641277c9b3b805
legacy-rating:b376f0f58e0e17b149b580a7,osm:node:4496262793,Google Maps (legacy unverified),,220,,0,obs:83d2004d19d9b91fe27313fc
legacy-rating:8b1145c549f0936b1773afd7,osm:node:1793935355,Google Maps (legacy unverified),4.5,254,,0,obs:3b740d8e0ceaf2b8f894e2b5
legacy-rating:583487d37c559292ee7e88dc,osm:node:12272257836,Google Maps (legacy unverified),,5,,0,obs:284532482994e5a8c6353f15
legacy-rating:b0390042f9df7575a91ca646,osm:node:1758562897,Google Maps (legacy unverified),4.5,2868,,0,obs:41446eb91f868b76ecb74418
legacy-rating:67f5a55891fb256e92e324bc,osm:node:6813401785,Google Maps (legacy unverified),4.5,11,,0,obs:6207d56fd87a76a43e8fb8d3
legacy-rating:92890d9fb9cb4037fb10e795,osm:node:1335374878,Google Maps (legacy unverified),1.0,1,,0,obs:163bc8925e8af031dac070e4
legacy-rating:2e084b00b0d540674e1ec64f,osm:node:1335374884,Google Maps (legacy unverified),3.0,1,,0,obs:ca0fb519ccd6be071428ab77
legacy-rating:5a7c35e4fdcf5d8078c3e200,osm:node:5454129750,Google Maps (legacy unverified),4.5,16,,0,obs:dfbb25dd8696ec807072ea31
legacy-rating:1fbf63afdfa72fc77f009dc9,osm:node:5251451629,Google Maps (legacy unverified),4.5,124,,0,obs:12d564289d9ee96f20a7f452
legacy-rating:c4efa83357199f69f1c11621,osm:node:12850482156,Google Maps (legacy unverified),,7,,0,obs:59f4dcccb76cd69d02cd692e
legacy-rating:7e29dd004a757b74e129558d,osm:node:4566036891,Google Maps (legacy unverified),4.6,654,,0,obs:4ebae8bc3f0476b2e9f54d5f
legacy-rating:8be299a8d4d5f9f9491c510f,osm:node:12842182743,Google Maps (legacy unverified),4.5,4,,0,obs:aaee285fbc0d899bcaae1669
legacy-rating:ad8f6d274e41e64ca3b8a844,osm:node:4907002221,Google Maps (legacy unverified),,4,,0,obs:00e88173eb948548579d1c75
legacy-rating:f0337e3c52a214d3da7ffce5,osm:node:12159797672,Google Maps (legacy unverified),4.3,1060,,0,obs:cebb77d1fb6a10cc0dc0234b
legacy-rating:5e59981db496dd550adbe464,osm:node:9584838627,Google Maps (legacy unverified),4.2,91,,0,obs:1136d80d210cf4418ab46c67
legacy-rating:f75f86bc5a70e8cb2c373427,osm:way:1140667038,Google Maps (legacy unverified),,18,,0,obs:a064be31fbcca08d0e4d67be
legacy-rating:57fd6783e9c37ddff9c3668e,osm:node:4801267622,Google Maps (legacy unverified),4.6,133,,0,obs:46809243e4aa5e4b6cdf4fef
legacy-rating:e83d58e0c40cc9aeb0e047a8,osm:node:2068659844,Google Maps (legacy unverified),4.6,288,,0,obs:148eaf1b80f72b1c46e3bc41
legacy-rating:104b1c510cfdbdb1cb0da204,osm:way:1547483080,Google Maps (legacy unverified),,1,,0,obs:ee4a32de90a8947cdd0892ac
legacy-rating:e37312d772d87927d8dcf66b,osm:node:3355719306,Google Maps (legacy unverified),4.6,1127,,0,obs:ece785540abb233f3ceddd30
legacy-rating:e8a80a7083086665df8c59df,osm:node:9587042692,Google Maps (legacy unverified),4.6,127,,0,obs:50f600664f64816a7e7979cf
legacy-rating:e234e115cbd2b63cc63de247,osm:node:9585160205,Google Maps (legacy unverified),4.6,286,,0,obs:289700b8cbad4375e131a57a
legacy-rating:8ebe662c154d8001ba3c4e87,osm:node:9593358305,Google Maps (legacy unverified),4.6,638,,0,obs:b7dbef607effae96119bea1f
legacy-rating:951145c2aa5b06b8f8760b04,osm:node:4290667291,Google Maps (legacy unverified),4.6,137,,0,obs:df232a88337a993068ef934a
legacy-rating:341f9af5c58350ac6cb56bbe,osm:node:6813397785,Google Maps (legacy unverified),4.8,12,,0,obs:3e64b1b8b2054515e2d204e7
legacy-rating:49f2066b9149c3e0ab54bb35,osm:node:4110081290,Google Maps (legacy unverified),4.7,782,,0,obs:b736d9044a17e8c612bdd28a
legacy-rating:42b68ee02a0930614758f691,osm:node:9585108829,Google Maps (legacy unverified),5.0,2,,0,obs:9cdb6bde5f4ffe2f9591a696
legacy-rating:d54f03fac822dc3db8b85fde,osm:way:609063637,Google Maps (legacy unverified),4.6,161,,0,obs:60fef9c650f446f0c7b68047
legacy-rating:0eb0a5876d3dc23b0435dc50,osm:node:1754441381,Google Maps (legacy unverified),4.0,14,,0,obs:daa773e295df9923fa3984ad
legacy-rating:b9f77e6112d3261636cc1c32,poi-google:bdb5471c8dac11592e26d485,Google Maps (legacy unverified),4.1,205,,0,obs:f7df1d96b03b920a97604673
legacy-rating:f8e2f129488f7c3493bf9fc0,osm:node:5115399759,Google Maps (legacy unverified),4.6,56,,0,obs:b8b613596a66365fcc3b2a91
legacy-rating:e994010f6026e96d1cacb7bc,osm:node:5632464837,Google Maps (legacy unverified),3.7,3,,0,obs:62233ddc92e37e2996b4c946
legacy-rating:2254def3b25118ded5e5fe01,osm:node:13038535388,Google Maps (legacy unverified),5.0,1,,0,obs:21e334d94ea3ee6f558168db
legacy-rating:a19e454c8f4a738fe526d64e,osm:node:12723387900,Google Maps (legacy unverified),,50,,0,obs:0ebd58cb711b050f6daf65cf
legacy-rating:58321825b97f5ba7cf5e3f86,osm:node:9587253810,Google Maps (legacy unverified),4.7,155,,0,obs:4c65c7affbd8fe9acb7bf84e
legacy-rating:f009122ad14ddb3caab32cb1,osm:node:13044639859,Google Maps (legacy unverified),4.5,264,,0,obs:7a9513db1342e471d4d509fd
legacy-rating:28502b79e4a6d44a0a7d7b46,osm:node:1814474832,Google Maps (legacy unverified),4.6,961,,0,obs:a295e2726ce1096f72a5a088
legacy-rating:8d9b34eb49df5e418655a2df,osm:way:970382350,Google Maps (legacy unverified),,155,,0,obs:5330a3b61fc67848331372c0
legacy-rating:1eb8d6112bb64f75f1d08585,osm:node:6702224488,Google Maps (legacy unverified),4.6,10,,0,obs:df9a36d8e0a24c526b77eb71
legacy-rating:cf2630888005ccde7140147f,osm:node:6528715048,Google Maps (legacy unverified),,15,,0,obs:9493235d15438cd015265473
legacy-rating:e809cbe0dd511076d8b527e0,poi-google:a48014f32dc47554c6c1c308,Google Maps (legacy unverified),,3,,0,obs:8be019ce76baf42f6de44b50
legacy-rating:63e830febabd937fb16a639d,osm:node:5251466673,Google Maps (legacy unverified),4.7,77,,0,obs:52a74352a4a23fb914cf96e3
legacy-rating:b5604110e8a433b6d071d32c,osm:node:7116347485,Google Maps (legacy unverified),4.6,386,,0,obs:212f5b92fd8beaefeb66cef4
legacy-rating:d497e101f54bade0e5fc7abb,osm:node:9587253811,Google Maps (legacy unverified),4.5,1291,,0,obs:b20bffc1e6d2a4aaef04fcfe
legacy-rating:033d80d4c7a4e48abac23e02,osm:node:4131348091,Google Maps (legacy unverified),4.7,2933,,0,obs:967402fb6d03cc7ce9375d44
legacy-rating:011603797deccf7d6a409b30,osm:node:9587042695,Google Maps (legacy unverified),4.5,61,,0,obs:1c83b29b05e28364fd96adfb
legacy-rating:2ae87c50e5d19e2a2a22de20,osm:node:9593358315,Google Maps (legacy unverified),4.7,35,,0,obs:8d392fac139a893e95bcb026
legacy-rating:8dfdb479703cfd929bc99ef0,osm:way:1518080758,Google Maps (legacy unverified),4.7,581,,0,obs:3067e4c35781e9751cc554bd
legacy-rating:0acc5092294b70a5f7f5d8f3,osm:way:1518080762,Google Maps (legacy unverified),4.6,610,,0,obs:d619bd4dcb72f421b31fbdb8
legacy-rating:d0e95821e9d913d8f1a51a62,osm:node:9585453810,Google Maps (legacy unverified),4.4,18,,0,obs:6d9e2e6e3582602baadd253f
legacy-rating:452ec13b536ecb43299f74ff,osm:way:1104647425,Google Maps (legacy unverified),,2,,0,obs:73615fc72954b999d738cc3c
legacy-rating:e3769f71c6c3c79c06687e3f,osm:node:6275850985,Google Maps (legacy unverified),4.6,1713,,0,obs:fba2f0875b9a85bc70aa7af1
legacy-rating:3af0197de4c85056c03b9625,osm:node:9593946660,Google Maps (legacy unverified),4.6,118,,0,obs:8845337a189a8eb2ec6f9616
legacy-rating:adfa2278fd4a765b4c1789e2,osm:node:6952846497,Google Maps (legacy unverified),4.4,9,,0,obs:41cc30aa23ef5e6477142c59
legacy-rating:6c49b946f0997d2ff78dd30e,osm:node:4813074210,Google Maps (legacy unverified),4.8,359,,0,obs:af9713bd38dce76e740153a4
legacy-rating:e34762698e1d903e77bf1be0,osm:node:9584888591,Google Maps (legacy unverified),4.7,366,,0,obs:e9890575b511b80344aa5ead
legacy-rating:8a8a8827a3ccfb598bbfc816,osm:node:4020886325,Google Maps (legacy unverified),4.7,25,,0,obs:81fa0ec8b4def679418427cf
legacy-rating:0ff05cf7f76bc7c1d626a894,osm:node:9587246058,Google Maps (legacy unverified),4.5,170,,0,obs:e492cda859164ce4ebef804d
legacy-rating:71c42832de80b756285edc8d,poi-google:fbb907d39e625108a8680155,Google Maps (legacy unverified),,22,,0,obs:1f9737738e2e32e7adf53a0b
legacy-rating:6603b9b135dc547607b762c8,osm:node:5770166508,Google Maps (legacy unverified),,2,,0,obs:19deb8b7cdf90424658e45d0
legacy-rating:d02fe92802fa4fcb14b79f09,osm:node:5672638087,Google Maps (legacy unverified),4.3,26,,0,obs:df19f7234ff41b2b6d8f28ee
legacy-rating:45bd61fbacbe325292c4425e,osm:node:9587309953,Google Maps (legacy unverified),4.2,54,,0,obs:f6c217270a58d530c9733c1d
legacy-rating:0c4e15dd324785c1fd0933f7,poi-google:87a88f95d05c27f3d3c21dbb,Google Maps (legacy unverified),,5,,0,obs:08aa33dd26e607f40d9b70c7
legacy-rating:d90b956f5eec75171b2c7e60,osm:node:9587493567,Google Maps (legacy unverified),4.7,392,,0,obs:64853f11ab358aa89a23adb9
legacy-rating:459dc966073bfbe4695af8b2,osm:node:4020886326,Google Maps (legacy unverified),4.5,678,,0,obs:5a3f73ed0b58c8e3eaca05d2
legacy-rating:f859aa9235a93e2c3867814d,osm:node:3198064128,Google Maps (legacy unverified),4.6,82,,0,obs:dbe5922af528973994de16ee
legacy-rating:306c0c8ea1c7eb305d4a0043,osm:node:4131658297,Google Maps (legacy unverified),4.6,1926,,0,obs:ea1657ab31139bf663d373db
legacy-rating:68e7f655aa9c7321cec4ce90,osm:node:2593665195,Google Maps (legacy unverified),4.6,132,,0,obs:dec268e7d18fea0c2a224df7
legacy-rating:ad57c02c7c98f333e17655e8,osm:way:585932824,Google Maps (legacy unverified),4.6,602,,0,obs:11a0cd38f493b17c0b8d6c0d
legacy-rating:3bd07613135569d12e788748,osm:node:13077396986,Google Maps (legacy unverified),4.4,34,,0,obs:efd17f527332716cf169dc03
legacy-rating:03ec6463301455ded3bb6ec5,osm:node:12248299185,Google Maps (legacy unverified),4.3,127,,0,obs:d78d8d3bee9e6c449445e382
legacy-rating:23014f7bd17047f47ca15907,osm:node:13335196158,Google Maps (legacy unverified),,20,,0,obs:36d290169b4e3da38b206032
legacy-rating:fa1d1069daf2bb6124b61794,osm:node:13359125623,Google Maps (legacy unverified),4.5,44,,0,obs:be166c772c53166e2407af08
legacy-rating:8e87684ef0b2145413dc8669,osm:node:4347784689,Google Maps (legacy unverified),,5,,0,obs:a1884f88a9433399a5abab1c
legacy-rating:888a788da1c70e64bdaf9a97,osm:node:4049605100,Google Maps (legacy unverified),,7,,0,obs:1e53db1ba308268deab75c33
legacy-rating:bc103db31b5fc5aafc48d2ee,osm:node:5244555569,Google Maps (legacy unverified),,10,,0,obs:e6daac490c5742b4227b43d8
legacy-rating:d6b769fccc028b9f4491664e,osm:node:847902246,Google Maps (legacy unverified),4.5,1029,,0,obs:f20ba6952e3e0ef323017e67
legacy-rating:05c11ba3a5687c1d3ffe7e94,osm:node:3724802104,Google Maps (legacy unverified),4.6,58,,0,obs:45efbb69800ed7956b03dd1a
legacy-rating:c206f00b00646ed8b1f97f8c,osm:node:10856178293,Google Maps (legacy unverified),,1,,0,obs:7f38a85984e4969889523d24
legacy-rating:7fa8ae125fd19ad716b52617,poi-google:d3642999469f1bc81543ef45,Google Maps (legacy unverified),,2,,0,obs:0a0df66fc451812ce76884c4
legacy-rating:615924e9167481dfeb28bd01,poi-google:52a6ef709faa125c478f6c10,Google Maps (legacy unverified),,45,,0,obs:69b46c4c3084f82fb5a9c827
legacy-rating:de7afc7ce5927ca4a084f4fb,osm:way:907749144,Google Maps (legacy unverified),3.0,1,,0,obs:1ab1f6ebb24d93b4baa1f0b9
legacy-rating:9fc500199606657e623a6139,osm:node:6385048431,Google Maps (legacy unverified),,8,,0,obs:ff1f935adebf9aac3e730a5a
legacy-rating:1490eb4f372ebe48d708b154,osm:node:7178615025,Google Maps (legacy unverified),,79,,0,obs:8debfd174217ea0fe372d55c
legacy-rating:d6868b7ce4dfe8abd220b091,osm:node:13146787401,Google Maps (legacy unverified),,29,,0,obs:c5ac23a1c944bcd3aa90e3eb
legacy-rating:ce386863b83bb76638cf177f,osm:node:445345257,Google Maps (legacy unverified),4.4,257,,0,obs:1afc8838bad4beeb86e677a9
legacy-rating:0f3b19907afa93d30e1c536c,osm:node:11493069470,Google Maps (legacy unverified),,28,,0,obs:d6339d1f53c9c456a5257df4
legacy-rating:a659b5c0b19c0b58796578c0,osm:node:13161515774,Google Maps (legacy unverified),,2,,0,obs:7d6f22fc098e613c45b05fd3
legacy-rating:638f1b1aaa801a0806bb5fad,osm:node:9587296896,Google Maps (legacy unverified),4.7,675,,0,obs:8eab07614e1f4a32d8a10976
legacy-rating:40059f3310926dbdbf550828,osm:node:4294167889,Google Maps (legacy unverified),4.7,63,,0,obs:9ff7f2d052eec0c618c9b1e4
legacy-rating:039779d839543651945f2943,osm:node:7567834850,Google Maps (legacy unverified),4.3,3,,0,obs:42f5c1637cbbec76a2d46957
legacy-rating:08ec2b8cf34823b85588752c,osm:node:6811454185,Google Maps (legacy unverified),4.7,778,,0,obs:b16b74029681bd119aa364d3
legacy-rating:6843014e9d88b4753839e982,osm:node:1608499060,Google Maps (legacy unverified),4.7,2913,,0,obs:d046372f6e9422aef0b51b25
legacy-rating:7c8f1ad441a5c542a46c5a70,osm:node:9534445427,Google Maps (legacy unverified),4.6,542,,0,obs:6dbb50fd6d28f44ef4893ddc
legacy-rating:0d538dc0d28ab4df05f151ab,osm:node:4550329090,Google Maps (legacy unverified),4.7,2122,,0,obs:29898fb61aa6c5637975d56a
legacy-rating:729530871901cb394cf0b333,osm:node:6969093908,Google Maps (legacy unverified),,282,,0,obs:423d79a34d337c345bf28c2e
legacy-rating:6200173f2d39b7063659006f,osm:node:6969093919,Google Maps (legacy unverified),4.5,99,,0,obs:d1d2dc06feaa11a9fce64fa3
legacy-rating:9b1c4e076c2b69fa4065515c,poi-google:ffb0bf24a54c75a59b584c6c,Google Maps (legacy unverified),,17,,0,obs:fa65e336bcb8d9e677671e2f
legacy-rating:ca560aed218e649a3b54486c,poi-google:04a9eabc04679872feb4ef62,Google Maps (legacy unverified),4.6,107,,0,obs:c449dccd4871a07aed513251
legacy-rating:bdb78c0e15fb9f35a010ca03,poi-google:37864c4cf22e4ebeec99d64e,Google Maps (legacy unverified),4.6,236,,0,obs:cea19bb6d17695927b41c3a2
legacy-rating:aceb0ad3a2cd9550597c1588,osm:node:10855443206,Google Maps (legacy unverified),4.6,51,,0,obs:e7318bd79c367c5fb27be675
legacy-rating:33dd2151886c73eff19a8c78,osm:way:683917145,Google Maps (legacy unverified),,54,,0,obs:2abe1da3069aa91f47abb96b
legacy-rating:bf6cf02ad2871fde011fc091,osm:node:5432952097,Google Maps (legacy unverified),4.4,263,,0,obs:7c71bdc02ef4a546544ff15b
legacy-rating:cd3a15dd73d5e73a86e9677c,osm:node:12603022547,Google Maps (legacy unverified),4.9,26,,0,obs:9deccdf0b2facc33b79f44f9
legacy-rating:9fdf61575ce86a0ba222fa43,osm:node:1152350935,Google Maps (legacy unverified),4.7,576,,0,obs:137b124f1232ed6db173d523
legacy-rating:453350955265c76fed2b8794,osm:node:1527934275,Google Maps (legacy unverified),4.6,691,,0,obs:4021e35e90862a7b1c837294
legacy-rating:2ea15ea233013e7201a95907,poi-google:2deeef8ef32bb2c16fd0ef00,Google Maps (legacy unverified),,49,,0,obs:4265121d7b962f59309587bd
legacy-rating:e3c0f9cd808514adc7421a4c,osm:node:11056491237,Google Maps (legacy unverified),,8,,0,obs:64ff37cf5694d24dde631e6a
legacy-rating:9cbee88175521e608e18d346,osm:node:6205651286,Google Maps (legacy unverified),4.6,35,,0,obs:37ecbcfc1f43543318669f54
legacy-rating:0cb8e3eab2f6a8c67b76b9b1,osm:node:9028203890,Google Maps (legacy unverified),,23,,0,obs:b44a4f30bf9f6e3d2ac180c0
legacy-rating:e8cb8bea4cc169392c38af78,poi-google:681f6976d170b34cc1ae0693,Google Maps (legacy unverified),4.5,111,,0,obs:5ecc8bbcf39979393be7217f
legacy-rating:b66d89e935d3614d0fbcf0a1,osm:node:13323571096,Google Maps (legacy unverified),5.0,2,,0,obs:58179e7786d91f47403dd0ad
legacy-rating:5769412f07a252d3950146c1,osm:node:11112383412,Google Maps (legacy unverified),4.4,5,,0,obs:eda33a6a0bf01358531eb1e4
legacy-rating:5fd114217c01a4bc45449d74,poi-google:8f5d13002387d2d58dfcb7dd,Google Maps (legacy unverified),,40,,0,obs:5eb77efa606b52d6d78b97d9
legacy-rating:68838b03911977884c2d3168,osm:node:11111015684,Google Maps (legacy unverified),4.6,28,,0,obs:2a16f67bac46cde59a09527f
legacy-rating:74bd4201f6ed70d20b7d5acc,osm:node:11097050855,Google Maps (legacy unverified),4.1,8,,0,obs:4ac1e66dd6958cfd3c08cd5f
legacy-rating:a15a1e5db04d40b1d4eedea4,osm:node:11093760299,Google Maps (legacy unverified),4.5,12,,0,obs:54575bafe97208cc2dddc12e
legacy-rating:947e03d87c9d4647a283b72d,osm:node:10799553236,Google Maps (legacy unverified),4.7,104,,0,obs:d021c8a118ded9609a6851bf
legacy-rating:030c559f79a40ff93383ad0b,osm:node:11358499279,Google Maps (legacy unverified),4.0,4,,0,obs:d1eed39ee392af7c67cff23b
legacy-rating:38587646a7b4c4b874392abf,osm:node:11056561135,Google Maps (legacy unverified),4.7,48,,0,obs:bceeb676cb3ba2f06e7e8b4b
legacy-rating:c704eb27e282957947c36350,osm:node:11056445882,Google Maps (legacy unverified),4.6,253,,0,obs:a3ae0d4e2a0a4ec70d961875
legacy-rating:0ae57a227c637d747bf018b4,osm:node:11056438888,Google Maps (legacy unverified),4.7,33,,0,obs:31f52d2d9a282762d7c792ab
legacy-rating:65fa85f0d5f0bbb5d14a7cac,osm:node:11056423853,Google Maps (legacy unverified),4.3,8,,0,obs:4340258fd6fdd5da5954a0f3
legacy-rating:7c362b7d90109c73318a85f7,osm:node:11048905175,Google Maps (legacy unverified),,3,,0,obs:a60ca4791689cedc3b70d90f
legacy-rating:dabdfcb08beda4b53cb66c93,osm:node:5419192721,Google Maps (legacy unverified),4.7,4266,,0,obs:32ff9bab9605303b7bed6bed
legacy-rating:b221fd99920342fef5b41b05,poi-google:b9a44caa704a72a7a0c2f8b9,Google Maps (legacy unverified),4.7,21,,0,obs:b9c602f7a48f5e0c7a81e1ff
legacy-rating:080affb353018d7713e0135e,osm:node:9963236668,Google Maps (legacy unverified),,1,,0,obs:9e14775d04d57d11f512d289
legacy-rating:db6c8db8501ac24698fac3d1,osm:node:10799568891,Google Maps (legacy unverified),5.0,1,,0,obs:0e21ca77c3ec47098985243c
legacy-rating:9c25ad488672378205c062ef,osm:node:10799545886,Google Maps (legacy unverified),5.0,3,,0,obs:385e48808d546124a336eb96
legacy-rating:efa5edcee48696fa7ef1cd84,osm:node:10723109605,Google Maps (legacy unverified),4.7,1219,,0,obs:0cefbd08ca5b4b1fede7ebf9
legacy-rating:4d76d8aa74f6379ff89b0244,osm:node:10712612459,Google Maps (legacy unverified),4.5,39,,0,obs:7e0effc79d68c4574965ff35
legacy-rating:5e384923226daa4835d85717,osm:node:10712612460,Google Maps (legacy unverified),4.7,152,,0,obs:4e8aead839eee571c0fb71d4
legacy-rating:999c9e5b14f7566db0a965a0,osm:node:10712612458,Google Maps (legacy unverified),4.8,4,,0,obs:54ae0adc1a54eea91990856d
legacy-rating:65a34c271af6355963a198cd,osm:node:12533631401,Google Maps (legacy unverified),5.0,13,,0,obs:809f86d617c8adbf598545b3
legacy-rating:530f8d469fc108840b870db7,osm:node:12452511544,Google Maps (legacy unverified),4.7,46,,0,obs:164103ce201b50315222b394
legacy-rating:ffd8ffbc1e9437f5f189ed53,osm:node:1819451633,Google Maps (legacy unverified),4.4,514,,0,obs:99d038887bc5e1af9349db5f
legacy-rating:909eda7205cd4de880ec7983,osm:node:4280016689,Google Maps (legacy unverified),4.5,15,,0,obs:47751c98af9317cdf1153680
legacy-rating:078078d49f16baace0f21c40,osm:node:12404222239,Google Maps (legacy unverified),4.7,278,,0,obs:fd8f4247d228a5f15412c725
legacy-rating:74e1623bad42dbaf1f600286,osm:node:12876453886,Google Maps (legacy unverified),5.0,10,,0,obs:0c99df38b75f07291a54ea07
legacy-rating:90e0a02956e480a2d805132b,osm:node:9593386638,Google Maps (legacy unverified),4.7,283,,0,obs:a21a98e2d912a91868c954f6
legacy-rating:d1ccbc2218d55022cce39050,osm:node:9587300724,Google Maps (legacy unverified),4.7,448,,0,obs:d3ce64305f17bdaf013e9757
legacy-rating:d6b15d561ffe3c9d95209b0d,osm:node:13534322582,Google Maps (legacy unverified),4.4,14,,0,obs:eaeee76d8491c792e86171db
legacy-rating:76767b85ba2fc923a0b60cad,osm:way:682073307,Google Maps (legacy unverified),4.5,83,,0,obs:1c8b52f979a5e644a505df00
legacy-rating:a5bc25f6cb337447921c6eab,osm:way:225364168,Google Maps (legacy unverified),4.6,76,,0,obs:00e1dbaaf1bfbc6aa8d54f7f
legacy-rating:8c84b801deda6200d4dd37bb,osm:way:907748761,Google Maps (legacy unverified),4.5,19,,0,obs:d1b447a4b878c2756eedfb26
legacy-rating:14d0d2a40bb7da27c5878ce4,osm:way:499420812,Google Maps (legacy unverified),4.5,35,,0,obs:43c98c2cf49862f49b8b499a
legacy-rating:63f4c62a427c13bbd5c9bd45,osm:way:993050409,Google Maps (legacy unverified),4.6,159,,0,obs:7669f055f372d1702e267a69
legacy-rating:853aa564bc3092edd83dbd27,osm:way:907749225,Google Maps (legacy unverified),5.0,1,,0,obs:9041028fcd96161c00c74d40
legacy-rating:81cdb6916460789155f8251d,osm:way:659054388,Google Maps (legacy unverified),4.3,4,,0,obs:5994c6d79d604dbaf0063b18
legacy-rating:904a534c06f182ef8e18cd4d,osm:way:542728983,Google Maps (legacy unverified),,41,,0,obs:859837066e0b9c43329e28e2
legacy-rating:97e46a25474219f78201d113,osm:way:130226169,Google Maps (legacy unverified),4.4,77,,0,obs:5550918882ef382c4863a43a
legacy-rating:8d1f66332de844ea7c571d3e,osm:way:907749137,Google Maps (legacy unverified),5.0,6,,0,obs:9ac43bac8810bef7d48c8c94
legacy-rating:1c293267607f0ff2c9d594f6,osm:way:907749138,Google Maps (legacy unverified),4.6,7,,0,obs:9911d69646f043f7aff53a2b
legacy-rating:f292b3727de59863cc8f2769,osm:way:907749139,Google Maps (legacy unverified),5.0,1,,0,obs:45c41dd72363ce09bdc003fb
legacy-rating:0726cb9e9b15cac85db0261c,osm:way:907749170,Google Maps (legacy unverified),4.7,274,,0,obs:b8b8844464b133e6d87ba141
legacy-rating:f22ace0a3a82a511fa7a4a0e,osm:way:1475629306,Google Maps (legacy unverified),,13,,0,obs:546e0369bba9099d23e66791
legacy-rating:fd7106729972587d2e4abd44,osm:way:907749102,Google Maps (legacy unverified),,75,,0,obs:25c40b2b3dced85558b11d4a
legacy-rating:8db9962ed97afe32f1e1be07,osm:way:1236634389,Google Maps (legacy unverified),4.4,554,,0,obs:9eac38cf91a0fbefb6bed50d
legacy-rating:2c96c390778d9091e23acbe1,osm:way:1236634391,Google Maps (legacy unverified),4.5,132,,0,obs:616a46bd3d6462396518c00b
legacy-rating:79ea8b5bd9972540c479798e,osm:way:262963859,Google Maps (legacy unverified),4.7,1952,,0,obs:6598559b8e0da5f492e68992
legacy-rating:de2c90007359285f9785c238,osm:way:605090824,Google Maps (legacy unverified),4.3,264,,0,obs:7a2db54f5dcfba180155766e
legacy-rating:8c78c578556575edd38e7fad,osm:way:907749082,Google Maps (legacy unverified),4.3,32,,0,obs:e6591290b82ecfc973cc1db6
legacy-rating:0ebaf92d202bd3d8eb5541e7,osm:way:1235472354,Google Maps (legacy unverified),4.9,206,,0,obs:713ee3cf02e7a7d97418adf4
legacy-rating:f916f4adf057271a3ca3339d,osm:way:907749078,Google Maps (legacy unverified),,3,,0,obs:2fc79265aef8b4a97a5884dd
legacy-rating:a4b090685898e4dd6d19753a,osm:way:1448429854,Google Maps (legacy unverified),4.5,48,,0,obs:93efbab6a0ac0a2d093ffd06
legacy-rating:379a87f61c6c318bd961c6f8,osm:way:1272225917,Google Maps (legacy unverified),,1,,0,obs:ea4314021abd4658aaabfb07
legacy-rating:f2e75c6fa0b02295f51ff74d,osm:way:1518080743,Google Maps (legacy unverified),4.5,42,,0,obs:f3659684f2b4e6080fbf7027
legacy-rating:e2a563b510e53338136af1d3,osm:way:242465870,Google Maps (legacy unverified),4.6,8,,0,obs:d980154a8a6656847147cae8
legacy-rating:84b3d951f45872d721903252,osm:way:853382374,Google Maps (legacy unverified),4.7,153,,0,obs:97dc75152ba2bd4937f067de
legacy-rating:5395157f71378f2294fba49e,poi-google:f77ffe2372f6cae467fe2e90,Google Maps (legacy unverified),4.2,13,,0,obs:f6a812798a344196f93612ea
legacy-rating:d6cacfcaa3cef15b296143e2,osm:way:1479833532,Google Maps (legacy unverified),4.9,9,,0,obs:82fbcbbc86f088fcc409b313
legacy-rating:e89232d266e6bd931f0f235d,osm:way:667459352,Google Maps (legacy unverified),4.1,11,,0,obs:1e70379c2259e21708bd2650
legacy-rating:6d0538901e719aa834e03a22,osm:way:666659081,Google Maps (legacy unverified),4.6,38,,0,obs:c86d0e27f30f21334a7a5f95
legacy-rating:6449913a7abcf64b6683d661,osm:way:666407587,Google Maps (legacy unverified),4.7,67,,0,obs:d96a53050f624d73241b66ff
legacy-rating:b3f49c7d2c81d2b78b10d962,osm:way:1474294608,Google Maps (legacy unverified),4.6,159,,0,obs:663ed207cbca698494172071
legacy-rating:af0fab6416f6f54d27a8be76,osm:way:666291398,Google Maps (legacy unverified),,2,,0,obs:959675d6bac5534f06b608de
legacy-rating:005485bc245ea7db7a25f986,osm:way:806663473,Google Maps (legacy unverified),,6,,0,obs:01b038528ce6a8a6305e47aa
legacy-rating:7ec9e0f385f9e1b3764af9c9,osm:way:381146700,Google Maps (legacy unverified),4.7,3,,0,obs:bdf630dd33e1c304a12f6295
legacy-rating:e478876ee8ef48b23863c7ba,osm:way:1144867250,Google Maps (legacy unverified),4.6,500,,0,obs:925ff695d2131cbf3bb9366c
legacy-rating:9608ebf292eadfaee11e509f,osm:way:1334475362,Google Maps (legacy unverified),4.8,5,,0,obs:19d39e8b54aa4819327afa9a
legacy-rating:b1e47543cb9d38a32a21b1ec,osm:way:665312402,Google Maps (legacy unverified),4.7,57,,0,obs:dad3345e9224f9994d72e4e8
legacy-rating:7263e67b104809543b3357e1,osm:way:664624766,Google Maps (legacy unverified),5.0,1,,0,obs:b227a996143e36f8a3e0a9d1
legacy-rating:4a5a2c4b76d5b8e89b5d54a6,osm:way:339945287,Google Maps (legacy unverified),4.8,126,,0,obs:a777cb72d0b30c256b287a47
legacy-rating:f6c6edd83c0c4e9a32850473,osm:way:663150639,Google Maps (legacy unverified),4.8,12,,0,obs:a8dcde0bc710f9771431fb6c
legacy-rating:a57f79dbe26852c772d40151,osm:way:695260226,Google Maps (legacy unverified),4.5,69,,0,obs:df7c539f8979bfb3f7692c9d
legacy-rating:6d140bdee7ad5e6e6b5a8ee4,osm:way:221906199,Google Maps (legacy unverified),4.8,2999,,0,obs:81099883fd8c9a975ce12eef
legacy-rating:f727225770ad0e010ab5f8c3,osm:way:740984224,Google Maps (legacy unverified),4.5,74,,0,obs:7fce0dbf8c01c8e467f55261
legacy-rating:7dc72632e7a071a76bd0c6ad,osm:way:661451739,Google Maps (legacy unverified),4.0,39,,0,obs:a0269684057a96f5ce0df726
legacy-rating:14fa71ca91eab2954ef516a2,poi-google:0ef527af72c9b93ef181bb66,Google Maps (legacy unverified),4.7,6,,0,obs:7d69e07592238a1e6efb590a
legacy-rating:ddfb1be13b629e76bf5d7901,osm:way:661138458,Google Maps (legacy unverified),4.7,7,,0,obs:16209e59a807c505e023db2d
legacy-rating:a8f3f1914e10ee631d878a91,osm:way:495488233,Google Maps (legacy unverified),4.7,216,,0,obs:eabdc5df187b910c1d85c0d3
legacy-rating:37276e87c7a5b02b199a4def,osm:way:1187726804,Google Maps (legacy unverified),4.8,12,,0,obs:34fba79cc98a8cfffb4f7c2a
legacy-rating:ff996beb46d3c0055b9ff6ee,osm:way:660703687,Google Maps (legacy unverified),5.0,4,,0,obs:c2c116c53869c2ce8b32e840
legacy-rating:537532c027a0e9833abb56b0,osm:way:691227633,Google Maps (legacy unverified),4.8,67,,0,obs:6f5b3979f768a61e0c358056
legacy-rating:8aea95f93d9a53987694385c,osm:way:327192429,Google Maps (legacy unverified),4.8,265,,0,obs:836903c7068bf80a795c7359
legacy-rating:b8bbc392d866b619d1216df8,osm:way:695630426,Google Maps (legacy unverified),,1,,0,obs:9f0d3ae90155fb60d8670eb8
legacy-rating:0059aea914bfdf4b972af721,osm:way:657444778,Google Maps (legacy unverified),4.7,74,,0,obs:076f408654ada5c89410db16
legacy-rating:eb5bc962c52449850ab5e389,osm:way:657444781,Google Maps (legacy unverified),4.6,186,,0,obs:7205885247ed1c9dd7e8cbcb
legacy-rating:4d6ca2cea95a4b68c639c22c,osm:way:570283279,Google Maps (legacy unverified),5.0,3,,0,obs:9013feff0c620e599e14d97b
legacy-rating:aa28d6e005974c9351032033,osm:way:748644373,Google Maps (legacy unverified),,18,,0,obs:b5bd7a90ae50d4cf09388f93
legacy-rating:fa77e6507c173c582445def1,osm:way:566708503,Google Maps (legacy unverified),4.3,30,,0,obs:07128d8ec6b1520831237524
legacy-rating:c83466ffc1b73a7e6533a65d,osm:way:799546571,Google Maps (legacy unverified),4.0,2,,0,obs:006cef5263104e937856ddb6
legacy-rating:0712d1b87f45a5039b83c7de,osm:way:492971831,Google Maps (legacy unverified),4.7,205,,0,obs:77e7f61e3da62a989187e5c0
legacy-rating:925a4382a3691dd3dd741b9a,osm:way:578136729,Google Maps (legacy unverified),,79,,0,obs:8fc65bfbe4460542b603c622
legacy-rating:c0d71177afcd0824f6d8c362,osm:way:577760678,Google Maps (legacy unverified),5.0,15,,0,obs:50ecf5eb7f4806032337b892
legacy-rating:e42daa222b392ac0ecfe8c02,osm:way:682095546,Google Maps (legacy unverified),,30,,0,obs:8a2e393f2d3ef80615b6cf04
legacy-rating:d39ff9554316a3cc3610cc27,osm:way:686129769,Google Maps (legacy unverified),4.5,47,,0,obs:59770513add4159716ddc36e
legacy-rating:f45ff68fec1fcd1cac8b762a,osm:way:602131377,Google Maps (legacy unverified),,8,,0,obs:3913f98ca6cac6234ae33884
legacy-rating:f6a5cf8e42c8a6ef6e7ab0a4,osm:way:728723451,Google Maps (legacy unverified),4.6,38,,0,obs:e5430046aeeaa0a374d58a49
legacy-rating:00585e02fd78885ccbf9724b,osm:way:696931898,Google Maps (legacy unverified),,870,,0,obs:7a3b2a80c58dae19621f5a14
legacy-rating:a638036ea8608e49b22d3255,osm:way:665576232,Google Maps (legacy unverified),,32,,0,obs:55b59d7fbdc282c61df0e540
legacy-rating:ca20c5d80ad0fe70dcca5a39,osm:way:868661276,Google Maps (legacy unverified),4.3,28,,0,obs:3ae70986e72bb5819a33120e
legacy-rating:be9af2c836a3f780bf445c5d,osm:way:1121014307,Google Maps (legacy unverified),4.5,97,,0,obs:a55ba3396802c0e2fc6c17df
legacy-rating:28850e34e4d0ba1236008fd9,osm:way:189008790,Google Maps (legacy unverified),4.4,206,,0,obs:ebc94a89d89873a91bbba3da
legacy-rating:585a8ef069c44cf6cbef848a,osm:way:232410627,Google Maps (legacy unverified),4.9,14,,0,obs:d9d476e0fdf7aebde35839df
legacy-rating:071d55b5e587807fe163b8f1,osm:way:242210241,Google Maps (legacy unverified),4.6,94,,0,obs:b5fba1359441dc3c289249ef
legacy-rating:92941ba69456ec9fcdafcc66,osm:way:1308852107,Google Maps (legacy unverified),4.6,411,,0,obs:a2d68801312d3e1aec09536b
legacy-rating:212ece7f864f2f5e50b79731,osm:way:420287564,Google Maps (legacy unverified),,11,,0,obs:67d041ab4107884858dac8fe
legacy-rating:d6628e518abf424c95085b28,osm:way:751205964,Google Maps (legacy unverified),4.8,949,,0,obs:7bfa9abcd6d53d7c7368c2ce
legacy-rating:fd53628ef237a454855ce659,osm:way:240473025,Google Maps (legacy unverified),4.2,98,,0,obs:932b2fb3c8b6d4fd54256e1e
legacy-rating:03bc1246e5a037756c706a33,osm:way:373719793,Google Maps (legacy unverified),4.6,160,,0,obs:2d3c21e59e18551a95d82975
legacy-rating:5880153e022f5c0cedbda203,osm:way:206503686,Google Maps (legacy unverified),4.5,329,,0,obs:500c03e81850e37731a537bb
legacy-rating:7985750566be8d744e560d62,osm:way:1462051681,Google Maps (legacy unverified),4.5,541,,0,obs:3e7d785259cf274c58836797
legacy-rating:556077841aaa161217b0a002,osm:way:708953648,Google Maps (legacy unverified),4.7,219,,0,obs:22a3a89e7c06f5db7858ead3
legacy-rating:0276a7ad2805d58c19b9bf6a,osm:way:646377983,Google Maps (legacy unverified),4.8,53,,0,obs:4620b2f3fe99e31fbbe835a8
legacy-rating:ee99ac9bf336d4d105217eff,osm:way:918491414,Google Maps (legacy unverified),,32,,0,obs:d0a9941ce15dd61897f4f28a
legacy-rating:0771455148ffe283e4031e6a,osm:way:625966631,Google Maps (legacy unverified),4.6,14,,0,obs:3d2ae5f8656eed35b3cf46ac
legacy-rating:396516dc7129bfb557881bcf,osm:way:241890814,Google Maps (legacy unverified),4.5,260,,0,obs:88cda6d1c64ffbc239c6bf2e
legacy-rating:53016d9f84d9a43d5fec231e,osm:way:241212722,Google Maps (legacy unverified),4.6,33,,0,obs:f2563739641e9d0cf5eb98a8
legacy-rating:a4531ac2d45e675d8c62ffbe,osm:way:925434573,Google Maps (legacy unverified),,2,,0,obs:e448f160838f4e2c50407935
legacy-rating:63ad317fe519090592ce072a,osm:way:628802055,Google Maps (legacy unverified),4.2,65,,0,obs:1524070ae031d0ab6f949898
legacy-rating:d0d46740d5b6fe040f7fb904,osm:way:1128232751,Google Maps (legacy unverified),4.8,12,,0,obs:a63427db1d0a7da7f2588bc1
legacy-rating:69b7224c6afa6e6ad6953fe9,osm:way:446778605,Google Maps (legacy unverified),4.6,14,,0,obs:c9d89d1c3cbd002406c83dfd
legacy-rating:fd64cd9d2da178de18276054,osm:way:501720089,Google Maps (legacy unverified),4.0,5,,0,obs:8e13a805406c48774164a01f
legacy-rating:4ce48b3890c9c893694f2570,osm:way:1122930525,Google Maps (legacy unverified),4.7,89,,0,obs:45f7f11fec21b0969699a3e7
legacy-rating:0e68f8577b375ff7ef09ee65,osm:way:1063191474,Google Maps (legacy unverified),5.0,2,,0,obs:f1130d6a4e4a68e78de168e6
legacy-rating:005157d4373ffef4f8aced79,osm:way:779903817,Google Maps (legacy unverified),4.3,17,,0,obs:93bcb13acdde55c27223f8a0
legacy-rating:2fc3ac59f291675871c8f63e,osm:way:866849200,Google Maps (legacy unverified),4.5,32,,0,obs:e636496deff72d5382a2b13e
legacy-rating:be8900adf5e61b31bd4d4ac8,osm:way:324550132,Google Maps (legacy unverified),4.4,258,,0,obs:2b4ac1f1dd7a81dcad9bc616
legacy-rating:cdcf1690b3de1ec1c213254f,osm:way:856836416,Google Maps (legacy unverified),4.5,21,,0,obs:176cbccf896fa89061f4744a
legacy-rating:b11ca41366e99dd941fdeed5,poi-google:7ae5a8f62d8fc3ede1c611f7,Google Maps (legacy unverified),,38,,0,obs:a6a65e74fa80c1b6034ab6ab
legacy-rating:efe588d0fd2e9d7e33dc6c30,osm:way:978019636,Google Maps (legacy unverified),4.7,274,,0,obs:91226527a4a14669dee4a8e0
legacy-rating:fafec1edee87316a40ddde2b,osm:way:977156611,Google Maps (legacy unverified),4.6,162,,0,obs:397aa181d49204116ded5d47
legacy-rating:4232362733bdf11a0fdab271,osm:way:1315344017,Google Maps (legacy unverified),4.2,34,,0,obs:3850b7f346a8d8571e3ca988
legacy-rating:2bdd3d08c97c4b243824d31f,osm:way:377422765,Google Maps (legacy unverified),4.6,598,,0,obs:bc93e1c8e01bb6e456b8dd08
legacy-rating:36e6713af6765c7fa1a39930,osm:way:702456221,Google Maps (legacy unverified),4.9,9,,0,obs:421451be406fb4d4991df193
legacy-rating:4a3ae0057d20bc353303b9c0,osm:node:13860996057,Google Maps (legacy unverified),,31,,0,obs:1cce416c7865006fbbc9a89f
legacy-rating:e4d82ac1ed43a4d3c5e39209,osm:way:529188257,Google Maps (legacy unverified),4.7,689,,0,obs:e38cbed4e9c429470614f623
legacy-rating:52ba9f086f7e7a25c09555c9,poi-google:e6b70333001763ba5800523f,Google Maps (legacy unverified),,54,,0,obs:0e13acfc65cd6c35d38476e8
legacy-rating:81f1c017f17fb31662c51929,osm:way:1396507642,Google Maps (legacy unverified),4.5,6,,0,obs:072d843d490be30144a78d38
legacy-rating:f897b15b201a3b090b555886,osm:way:361692265,Google Maps (legacy unverified),4.6,7321,,0,obs:9f7b4ee905d5e02f6f999d61
legacy-rating:23ea9f604cc8ad8b36e92265,poi-google:ecd30e722d97dc4f6f20e1f1,Google Maps (legacy unverified),4.8,37,,0,obs:1885ebf16695337989cb0112
legacy-rating:298c1df83c349733732ed2e5,osm:way:748981247,Google Maps (legacy unverified),4.3,4,,0,obs:0adae8e1b02d572b9743eb51
legacy-rating:7ff618b0fcaebb3efadafd2c,poi-google:3fc3b3ff808a5a1d7809694a,Google Maps (legacy unverified),,11,,0,obs:a46a51a793a69cd129beb936
legacy-rating:7ab0d7642275908a43d93519,osm:way:762231844,Google Maps (legacy unverified),4.8,16,,0,obs:83b5a7220e44d2fb184c9605
legacy-rating:a3ed068916d97902b02a08fd,osm:way:263963927,Google Maps (legacy unverified),4.6,273,,0,obs:2b538c5c190011021e1eaa07
legacy-rating:885c8827464ff3003fae54ac,osm:way:628746702,Google Maps (legacy unverified),4.5,118,,0,obs:0c0e202d7d5c6b5a387d1d92
legacy-rating:d6416063499379b7068e7a98,osm:way:366903502,Google Maps (legacy unverified),4.6,49,,0,obs:fead3332dca24efa49695160
legacy-rating:a9df607839943d7ab1583a3b,osm:way:669499456,Google Maps (legacy unverified),,10,,0,obs:27bcaea4bf9fcc3734fb9bc8
legacy-rating:78f0006bf5bbb1bd1a8ecea2,osm:way:518855280,Google Maps (legacy unverified),4.6,416,,0,obs:e4190622080b0dbf906f8848
legacy-rating:baa23444386da440a07624c9,osm:way:598541972,Google Maps (legacy unverified),4.5,77,,0,obs:8b8f7e74d78771cc9b814a7e
legacy-rating:ffb1ffe06b4b202937deb52d,osm:way:1471931003,Google Maps (legacy unverified),5.0,4,,0,obs:54c296509541112e37326496
legacy-rating:41eeb8e5ba2dabb2b23e17d9,osm:way:1471931002,Google Maps (legacy unverified),4.6,142,,0,obs:eef79498cb2341ac067ad58f
legacy-rating:9ac3aed5056b02fdc7048827,osm:way:899712058,Google Maps (legacy unverified),,11,,0,obs:5027cf3936f4f54e0ae21244
legacy-rating:5ef7b3f10cd8b542cfdb0424,osm:way:1446285673,Google Maps (legacy unverified),4.7,46,,0,obs:60b86ee4b5ba7d6a1b586da1
legacy-rating:07c9966df4de3f2535b94098,osm:way:294351726,Google Maps (legacy unverified),5.0,1,,0,obs:9487844cbcd7a6f6c86d25e3
legacy-rating:7721d89a631a82d1a27816a2,osm:way:907749069,Google Maps (legacy unverified),5.0,7,,0,obs:376d422527de4bebcb322df4
legacy-rating:4c659699d4feec0d750e3421,osm:way:737843613,Google Maps (legacy unverified),,4,,0,obs:04f5f73b5fe4dfbe9dcfb5fb
legacy-rating:6114a48a13ac2ab78d8d6a10,osm:way:659038392,Google Maps (legacy unverified),4.7,456,,0,obs:ef4aa36716bc7343a2d45d29
legacy-rating:fa52e9e00eb83ea916cba34b,osm:way:292074917,Google Maps (legacy unverified),4.7,534,,0,obs:7ed85fb6fe6fce7dece4dd8b
legacy-rating:03b6de4c7d1f0476eb4814e9,osm:way:1246953700,Google Maps (legacy unverified),4.2,107,,0,obs:75b172947575d3e08196d113
legacy-rating:acc98a186a546eb7ed63b478,osm:way:288582861,Google Maps (legacy unverified),4.6,283,,0,obs:946ccfa6a4f8b503019a9aaf
legacy-rating:cffa00d3115c6c1282014bbe,osm:way:723231899,Google Maps (legacy unverified),4.9,17,,0,obs:9777ab3ce6a56911462f8427
legacy-rating:d2a38485297d71fc3f3dbf1c,osm:way:1396505827,Google Maps (legacy unverified),4.6,102,,0,obs:d5fcf77855575778744de23b
legacy-rating:4bc3517304ee86a83609e2e9,osm:way:1314190883,Google Maps (legacy unverified),,4,,0,obs:f3e9a3f56049c5ef6aa48eee
legacy-rating:31605340dc2c46f88dd3a8c4,osm:way:1175259950,Google Maps (legacy unverified),3.9,9,,0,obs:fa3bd2df7b18c44e2eceff3f
legacy-rating:fdad08dffd26dd31ecc2b1b9,osm:way:816359268,Google Maps (legacy unverified),4.6,17,,0,obs:553765d8c6cdc41e7cce2b56
legacy-rating:7b8a898564d4a56e0bb02f4d,osm:way:730209807,Google Maps (legacy unverified),4.8,57,,0,obs:f37756c17066d5795bd84d89
legacy-rating:96e703f819482b3d0020fa4d,osm:way:971945056,Google Maps (legacy unverified),4.7,42,,0,obs:a37b541815f86daa3bc6c9f2
legacy-rating:bb14b6be34ded76959a0a7fd,osm:way:187949849,Google Maps (legacy unverified),4.7,431,,0,obs:bad4adb15fc6654d2c03b933
legacy-rating:663d5f5c7bf4e5011fb6268d,osm:way:1000681750,Google Maps (legacy unverified),4.9,71,,0,obs:9b1b07916e4e58b17f5b3e52
legacy-rating:2fd42dacf7607be296ed1042,osm:way:729092300,Google Maps (legacy unverified),4.7,109,,0,obs:72008c7bd8feca7fb20b821c
legacy-rating:aa1b46e7282dfeb9af38531b,osm:way:1390651511,Google Maps (legacy unverified),4.8,5,,0,obs:1027ca64e4a26a00f19f44c4
legacy-rating:2374dfdd6f84826d70b45fe0,osm:way:615100220,Google Maps (legacy unverified),4.4,29,,0,obs:461b758018a59950975cf6e0
legacy-rating:a96544f5c6ae08f8b61d0a16,osm:way:654251798,Google Maps (legacy unverified),4.8,66,,0,obs:078f0e378680dd36f2d929ea
legacy-rating:a7f9b89fa559593e224ad7a0,osm:way:695038354,Google Maps (legacy unverified),4.7,20,,0,obs:42f886a82a9fa6bc9b95c2fc
legacy-rating:7d220d4b40c7155e7685d2f0,osm:way:845590156,Google Maps (legacy unverified),4.4,94,,0,obs:531b76949b5b6ba47665ed15
legacy-rating:2e9d4ea9ef97a70498132fc4,osm:way:1369853038,Google Maps (legacy unverified),4.4,59,,0,obs:c3ac2d8b3361979796f7240c
legacy-rating:6863f9ed74a92f25062e2d56,osm:way:544350015,Google Maps (legacy unverified),4.5,46,,0,obs:56f57f81dd146ca2fe8c5157
legacy-rating:4d451dc61fcf2413792a1b32,osm:way:220821642,Google Maps (legacy unverified),4.6,81,,0,obs:f72a1bf31717db53356a9bb8
legacy-rating:c0553fcf022683cad68624a5,osm:way:1454208910,Google Maps (legacy unverified),4.2,46,,0,obs:6560b7eb277ec740d5f66db8
legacy-rating:336dc2f73e91b9dd2d4b0dfe,osm:way:225119716,Google Maps (legacy unverified),4.3,34,,0,obs:d2d24773ddd2282ccd2075e6
legacy-rating:e474a3142a44ba1f169067b6,osm:way:363255214,Google Maps (legacy unverified),4.7,64,,0,obs:0eaf0365264062da0a2c45a5
legacy-rating:a2340325d3247aad46877b41,osm:way:425307158,Google Maps (legacy unverified),4.3,9,,0,obs:3a461df6219e1750ca1453e1
legacy-rating:0d45f24724b140924ccdc0e7,osm:way:363255210,Google Maps (legacy unverified),,7,,0,obs:46ffcca9a779423257fe143f
legacy-rating:e22b97fbd91b9f90255597e8,osm:way:807297543,Google Maps (legacy unverified),4.5,143,,0,obs:031433de18ae96bef4df4a01
legacy-rating:7c23e04a13fed59f2d31fa4b,osm:way:941812629,Google Maps (legacy unverified),4.8,9,,0,obs:65dfc10152d5edc43d9f474f
legacy-rating:5748207cd46715e0c7080ed2,osm:way:1185648382,Google Maps (legacy unverified),3.7,11,,0,obs:f257e931eb2dfd09ce51df71
legacy-rating:19cd98605ec5082f83448146,osm:way:363255415,Google Maps (legacy unverified),4.4,24,,0,obs:f708386cdeca91d0d50a1fcd
legacy-rating:26dd08cc9a93197b8fbbb48a,osm:way:363255504,Google Maps (legacy unverified),4.1,9,,0,obs:e530b2848cb994916c77da75
legacy-rating:4b9bd341825d1f0add90b537,osm:way:1064336014,Google Maps (legacy unverified),4.5,54,,0,obs:741e462a0b0496d8fefc7f92
legacy-rating:9f09f738cad696efd92bece0,osm:way:771414913,Google Maps (legacy unverified),4.9,17,,0,obs:b7c074cb03380843c41501c1
legacy-rating:10c110b7a882248c83c0fcc4,osm:way:1088370266,Google Maps (legacy unverified),4.6,428,,0,obs:55bf510ee78a2983681c4e95
legacy-rating:904ab2449feb66c245057ed5,osm:way:1388998257,Google Maps (legacy unverified),,2,,0,obs:12f103ce2ed77b6ffd50c1c3
legacy-rating:576cf86a871ca249bf35d6fb,osm:way:1344043010,Google Maps (legacy unverified),4.0,19,,0,obs:66bc9a66cd2e615267cdc622
legacy-rating:68a2a9be49bc65acf185dfd8,osm:way:907748805,Google Maps (legacy unverified),4.7,14,,0,obs:652ed524233c075f4028c7ca
legacy-rating:a4c59361a5910c9c258b3b4e,osm:way:674801575,Google Maps (legacy unverified),4.7,47,,0,obs:06e615a61eeb0ffcec8fcf2a
legacy-rating:0d674f1fc591f42a57ba4609,osm:way:826547721,Google Maps (legacy unverified),,278,,0,obs:0deb568aa8e1dcf1554596bb
legacy-rating:15dd04ac6f6a39681374cf47,osm:way:221463920,Google Maps (legacy unverified),4.4,177,,0,obs:aa0fc2efa084a5cdf6f1696c
legacy-rating:80fdc7e686d81d9938c8e2c0,osm:way:323613746,Google Maps (legacy unverified),4.7,84,,0,obs:51cb7b6ef8131d2912144b28
legacy-rating:a5717cc96d96d8def9cb28de,osm:way:907280822,Google Maps (legacy unverified),4.8,264,,0,obs:b11dc9f421e2ee793d847d5d
legacy-rating:94ae7530bd1c39c7904f5b86,osm:way:595963444,Google Maps (legacy unverified),4.8,80,,0,obs:6ff008f7f0c445930578c7e6
legacy-rating:2be77adede3aa9412d4efcce,osm:way:646377876,Google Maps (legacy unverified),4.8,12,,0,obs:6e642c109277826f47e319bb
legacy-rating:b177489f12efb52779ddfd93,osm:way:674228574,Google Maps (legacy unverified),4.7,377,,0,obs:c9324f46ef19c7ebc577e82a
legacy-rating:847fa5d266f159fc920e9144,osm:way:379183287,Google Maps (legacy unverified),4.6,172,,0,obs:97e04a7e20d8729cbea5c97d
legacy-rating:125cc2946337f4b2e27822a2,osm:way:790787160,Google Maps (legacy unverified),4.6,151,,0,obs:28df9ffe4dc26b42349e151c
legacy-rating:e31830926cf3a607e203f1ae,osm:way:704292564,Google Maps (legacy unverified),4.5,2,,0,obs:37dad5a6eb7a2200c65d89a7
legacy-rating:435acf9067477a284439347b,osm:way:743778517,Google Maps (legacy unverified),3.0,2,,0,obs:c4450ee5794ac4eb17b7ca55
legacy-rating:31e17fa78a978981f4853049,osm:way:1429645007,Google Maps (legacy unverified),4.5,16,,0,obs:ce04003ae24e68e504c6937b
legacy-rating:65f03ec509a98cbd4f97fcd2,osm:way:700853412,Google Maps (legacy unverified),5.0,1,,0,obs:43524bc9fd54c906a4105780
legacy-rating:ca3d589d816c068e5ba2b912,osm:way:1303678473,Google Maps (legacy unverified),4.6,140,,0,obs:f171be2801fa73f1ab882230
legacy-rating:f814b2abb356ab5fcc138e29,osm:way:568314766,Google Maps (legacy unverified),4.6,456,,0,obs:c8b22dcff7996910adc65ec6
legacy-rating:fc98a8b24021d69a732c2d0b,osm:way:1213872798,Google Maps (legacy unverified),,3,,0,obs:08317e2cd8acea34b820e5fc
legacy-rating:45415cdaf115654820e2cfcb,osm:way:695621906,Google Maps (legacy unverified),4.6,213,,0,obs:17f25f885bc8249d99253299
legacy-rating:da01b0bff986480337071ee6,osm:way:659915523,Google Maps (legacy unverified),4.6,111,,0,obs:18aeaef7c9ecb5e458b42491
legacy-rating:1b297cdcf95a491149a3ec93,osm:way:1411771805,Google Maps (legacy unverified),4.8,11,,0,obs:95acd7366acaf54c820a1c12
legacy-rating:83c4988d41e439c3bb5b182f,osm:way:695260222,Google Maps (legacy unverified),4.4,43,,0,obs:1e15af870130b54dcdd22c52
legacy-rating:a445ddf2e7b4ba4856729d82,osm:way:834920043,Google Maps (legacy unverified),4.6,395,,0,obs:2acec11e54566b5d40a43a6a
legacy-rating:713d4607ed5e6cbc0133f317,osm:way:548114715,Google Maps (legacy unverified),4.6,20,,0,obs:5cc70ef8f5164b8a7d02efeb
legacy-rating:0ca79c2c29d3fae3eff78c94,osm:way:292072051,Google Maps (legacy unverified),4.7,217,,0,obs:fc0eebbad17584dddce5e8f1
legacy-rating:9a7c82e5d29ba3e69ed0f7fd,osm:way:370154310,Google Maps (legacy unverified),4.7,188,,0,obs:f03f8871f47399c1b13bb64e
legacy-rating:81ecfa4a916c7baf1d3f044d,osm:way:692383459,Google Maps (legacy unverified),,4,,0,obs:3f83fb344396679fb21396f0
legacy-rating:e5ea3b6813bb04951300b931,osm:way:1002940009,Google Maps (legacy unverified),4.6,11,,0,obs:c03370fccb2e89ba2caf463f
legacy-rating:a32d495c6b82b3ca375e7289,osm:way:1128232777,Google Maps (legacy unverified),4.7,121,,0,obs:9024d6bc64f4f107b8c01047
legacy-rating:5c9e6107baf13a0c3f665783,osm:way:1270429377,Google Maps (legacy unverified),,1279,,0,obs:2cfaa88aacfe28f1d0f6e28c
legacy-rating:1720c5aecff110fe974ada1e,poi-google:348eb7e8c25790b64d09ecbb,Google Maps (legacy unverified),,5,,0,obs:82a34cd18f3b91beefff115c
legacy-rating:f85ce27cfc571325a7aa6857,osm:way:680884771,Google Maps (legacy unverified),4.4,49,,0,obs:ddd52fe7eccaa6f0c56bf7e4
legacy-rating:95ae2dfc3edd7c83381a1458,osm:way:1301999271,Google Maps (legacy unverified),4.8,10,,0,obs:1ee8c43a30d45ab551278ee0
legacy-rating:e0c63975f29e21715e4f5b0f,osm:way:1301999311,Google Maps (legacy unverified),5.0,8,,0,obs:fde42383f8a857492c7b6ec0
legacy-rating:4e5fb7b4ad85ffe4eeacd187,osm:way:780127468,Google Maps (legacy unverified),4.6,47,,0,obs:b3275aa5120c6cb4e2c71cfe
legacy-rating:cdebee4bcf79f7c034dffae9,poi-google:e90e92d4fb8b8775e3c50b42,Google Maps (legacy unverified),4.6,46,,0,obs:552c384d859435247943192b
legacy-rating:d9a366090237ee744e1e12cf,osm:way:744898289,Google Maps (legacy unverified),4.7,113,,0,obs:300bc7f505c4cf13471d780f
legacy-rating:06c0adb30070d3e6515e91af,osm:way:746366648,Google Maps (legacy unverified),4.4,139,,0,obs:3ee1466d2214305648a0a70b
legacy-rating:0f0e99c508e35c38ae73e55c,osm:way:747273586,Google Maps (legacy unverified),4.4,44,,0,obs:15f5d8e1f4f0637411b53114
legacy-rating:891001a0ccef65471a47a94e,osm:way:739799969,Google Maps (legacy unverified),4.7,39,,0,obs:d32a7b69b60047ce9cb599ca
legacy-rating:895ca6c6a190a49979d2611f,osm:way:666462036,Google Maps (legacy unverified),4.8,22,,0,obs:28ac56a264c572fc3e222e02
legacy-rating:bf7487ddac1b047bda111e3e,osm:way:550384178,Google Maps (legacy unverified),4.7,92,,0,obs:227ed6477c322b8b5650fbde
legacy-rating:caf0a018a243b1f05cffaad7,osm:way:664573945,Google Maps (legacy unverified),4.3,18,,0,obs:c1afd9e51cbbb6031c5238af
legacy-rating:e1a98cb8b1b479d6490c4057,osm:way:580855653,Google Maps (legacy unverified),4.6,425,,0,obs:4a9fb1baab5ef2993d263297
legacy-rating:5f360a53c751858610235650,poi-google:0ebb7f8fe5694837f5bfe0a2,Google Maps (legacy unverified),4.5,20,,0,obs:dda97e4d618c0bc491305fd2
legacy-rating:88f23d2a8422a97832273447,osm:way:725148877,Google Maps (legacy unverified),4.7,79,,0,obs:8dd539281e29be2c82fb9409
legacy-rating:0abc9f904933124e2e16bb6d,osm:way:420287580,Google Maps (legacy unverified),4.6,105,,0,obs:1f0b3aca95751d60b9e68319
legacy-rating:454a438930cb47603dadda64,osm:way:768857660,Google Maps (legacy unverified),4.2,6,,0,obs:acf24b2c84c55f0ed9a3448c
legacy-rating:6aa11aa7147a362996e5b31e,osm:way:1415826946,Google Maps (legacy unverified),4.7,113,,0,obs:7edf7a285517d9f9afb629f6
legacy-rating:1ceab8ca232c91b554c707b1,osm:way:766662044,Google Maps (legacy unverified),4.6,28,,0,obs:eaaa517c61e7b5a7e27b95ba
legacy-rating:6690bcc17b71f9b92c83c730,osm:way:727014725,Google Maps (legacy unverified),4.7,1912,,0,obs:c7d9c3ddefff7cf9810bf086
legacy-rating:cf3159e1fd55e42e9b51e47b,osm:way:420032386,Google Maps (legacy unverified),4.5,64,,0,obs:e5e5d9476d4a4bdbd21d3bfe
legacy-rating:e3d104c4322b9f76cd4ac9ba,osm:way:302944359,Google Maps (legacy unverified),4.9,57,,0,obs:4a4e32b6cc076a1b44acbe1d
legacy-rating:dfd642bab403ef45e89e42b0,osm:way:1183911034,Google Maps (legacy unverified),5.0,3,,0,obs:0a179eb41ad23fb825a573ff
legacy-rating:1dc22aabff3f51c5dae4b27e,osm:way:899754205,Google Maps (legacy unverified),4.8,23,,0,obs:fa6b3f06d0c64277133ab7c2
legacy-rating:f13b4bac821d9dc9e4414dcc,osm:way:60118190,Google Maps (legacy unverified),4.6,203,,0,obs:00d526f3dc803f8d55d65eaa
legacy-rating:e4aa7f63b512f29f5c86907d,osm:way:776811000,Google Maps (legacy unverified),4.6,74,,0,obs:ceef7f6e98891028814fcac2
legacy-rating:aab47fc0c5241d8b867e7163,osm:way:1124817477,Google Maps (legacy unverified),4.6,8,,0,obs:fc85e59b4ab5f06c6e0ab376
legacy-rating:1939414789acb71480fbff04,osm:way:941901613,Google Maps (legacy unverified),4.7,5539,,0,obs:bfff89ab268390da1823b429
legacy-rating:cb91740ed56d4a6059518f3d,osm:way:412784309,Google Maps (legacy unverified),5.0,5,,0,obs:bc1b62538025e2b8c9b8f2c2
legacy-rating:b227aec9ac31065d7b1da9c1,osm:way:685081272,Google Maps (legacy unverified),4.3,105,,0,obs:3032af1c85cf36cb057c27a6
legacy-rating:6cd15346fb937babd95ea778,osm:way:585932843,Google Maps (legacy unverified),4.7,147,,0,obs:0892c0d7b383a812bd48ccc1
legacy-rating:487d10075098d75806c13ed9,osm:way:242013804,Google Maps (legacy unverified),4.7,29,,0,obs:78db6b0b148f1d6c2ecc5c4f
legacy-rating:9caebecc0e52b0a8663250d5,poi-google:3230c9201a7a21b2abe87df9,Google Maps (legacy unverified),,14,,0,obs:1d5f3b43f5893e8973c6d0a0
legacy-rating:ed46a5ab48ccb6abf291f06f,osm:way:197982839,Google Maps (legacy unverified),4.8,457,,0,obs:1d3ad54488306f90e0ab8c45
legacy-rating:8b202610defd0ba9f77338c9,osm:way:576709125,Google Maps (legacy unverified),4.7,63,,0,obs:558c08a370b1371e34913bfd
legacy-rating:37a8e609981bae49a4f1627c,osm:way:669691791,Google Maps (legacy unverified),4.8,30,,0,obs:af7f70a93e2e6d4c98722fd7
legacy-rating:f9b73abc7d08dabd733aecfc,osm:way:666456004,Google Maps (legacy unverified),,36,,0,obs:d1f799dcf15b81df0d5dd97b
legacy-rating:d9caf178eac7bbdc74520c19,osm:way:1002473802,Google Maps (legacy unverified),4.6,84,,0,obs:22412ed9a391f2aa63fa615c
legacy-rating:b0a965ba44bf94a1ab998131,osm:way:292410052,Google Maps (legacy unverified),4.6,271,,0,obs:da7ee1e2d9a640cdbf59aa04
legacy-rating:6c7e9e7c45868323700f9585,osm:way:267609350,Google Maps (legacy unverified),,117,,0,obs:dce3ec2b00b3c813585aed36
legacy-rating:b88a07a9293562e55583fb73,osm:way:745694283,Google Maps (legacy unverified),4.9,13,,0,obs:25ec5a06ccf8d5bb1a00f719
legacy-rating:f4140f86e3cba5bfa40df0ea,osm:way:746959074,Google Maps (legacy unverified),4.7,14,,0,obs:4ae13a1e756ab891e4dd5c76
legacy-rating:f509462ecd14600c282b355a,osm:way:977331233,Google Maps (legacy unverified),4.6,94,,0,obs:41e0bd2b3f0f01588336e3fd
legacy-rating:10c221925d934f47e1c8f985,osm:way:872194563,Google Maps (legacy unverified),4.7,51,,0,obs:aa7c0ef8e7931c5e88d05210
legacy-rating:174d2b6d1cc750272e72f518,osm:way:852595467,Google Maps (legacy unverified),4.5,28,,0,obs:38598c1f6ed21f29e931ef65
legacy-rating:feb4d1d4c227e7d867a98a1c,osm:way:684802037,Google Maps (legacy unverified),,15,,0,obs:37ff3fd86da2dc0eb518abae
legacy-rating:d9be6263a05f50cced3fc248,osm:way:1041093306,Google Maps (legacy unverified),4.6,188,,0,obs:6e0d578fb57f8111e65fa3c4
legacy-rating:e55e4c02de84b3e62c62a866,osm:way:290789271,Google Maps (legacy unverified),3.8,40,,0,obs:431bcb963b4dbe0834cc29f6
legacy-rating:e7f227c745972bf2a51c18ea,osm:way:291663731,Google Maps (legacy unverified),4.7,12,,0,obs:0c6733b0231b086feb0d6c31
legacy-rating:7ace79910021375dbbd978c4,osm:way:288590754,Google Maps (legacy unverified),5.0,6,,0,obs:140d3f3e1dbbc92dd8c38e9a
legacy-rating:67764bbad7e5dbe08dc5be6f,osm:way:857523781,Google Maps (legacy unverified),4.6,7,,0,obs:bf6c5c77796dd648af67e375
legacy-rating:0692ba561f47e4a806636888,osm:way:831361161,Google Maps (legacy unverified),4.4,60,,0,obs:5f92357a9924cb6c82b31bb5
legacy-rating:f71898123fce1f0edb57ae64,osm:way:606893652,Google Maps (legacy unverified),3.3,4,,0,obs:181d01a6d68a859fb209f899
legacy-rating:4020144b71dedaf6c396c4b8,osm:way:612843369,Google Maps (legacy unverified),5.0,1,,0,obs:54768c49f8e9064f1b9e6736
legacy-rating:6ac10f27ce0e4fe3b8c0999b,osm:way:898280534,Google Maps (legacy unverified),4.5,2,,0,obs:a5425e8f740716333aee8955
legacy-rating:e9c44e0d377c9d9ac39c4c7d,osm:way:612105703,Google Maps (legacy unverified),4.6,7,,0,obs:4f06ca8b3b2c70336f02777e
legacy-rating:445d38d520b2fdf801ecfaa4,osm:way:759193012,Google Maps (legacy unverified),5.0,3,,0,obs:eac46889ece01d8eb5eec2e2
legacy-rating:d7bcc63e962c081d52ca2e20,osm:way:1196276577,Google Maps (legacy unverified),4.6,236,,0,obs:987bff0d8a94cf5995811e47
legacy-rating:4d0afaad880db3ad8a23d18a,osm:way:291493820,Google Maps (legacy unverified),4.9,7,,0,obs:4fbc7948309d449040398006
legacy-rating:3345082998f899e8a4ee97d0,osm:way:1245422040,Google Maps (legacy unverified),4.6,39,,0,obs:c3f5f5ae03acbffc2d325a79
legacy-rating:e6a42fdf7dfc68208627738e,osm:way:569352723,Google Maps (legacy unverified),4.1,14,,0,obs:c30ed2875c86dce5676c7c3e
legacy-rating:3431eb05d3ab786c538640c6,osm:way:739078500,Google Maps (legacy unverified),4.7,12,,0,obs:73034fb87a51f90411b1399e
legacy-rating:b57daeec31fffc1e70b93331,poi-google:f689f14b52b97cc52ca91061,Google Maps (legacy unverified),,7,,0,obs:668bfbcbeab2a889894b54a1
legacy-rating:453f72f1b2b4050189522f6c,osm:way:610529440,Google Maps (legacy unverified),4.0,4,,0,obs:39063d8292f3fac7796faaf6
legacy-rating:2edef80d7e1fbd47041617fc,osm:way:732112636,Google Maps (legacy unverified),3.0,2,,0,obs:9e11648ad60184b8f8eca5e1
legacy-rating:4aabd2ae47fab364cffbfa71,osm:relation:19811318,Google Maps (legacy unverified),4.7,1374,,0,obs:e49adc8a081b6575865ea502
legacy-rating:d4531a5d980b4ee780a7dd21,osm:way:853382380,Google Maps (legacy unverified),4.6,9,,0,obs:3f3b1c947a527a9f17b5b5bf
legacy-rating:54faa521b9d2f35bbff38fbf,osm:way:574773479,Google Maps (legacy unverified),,23,,0,obs:ac7abd8e9fa2f61b5591b890
legacy-rating:6cfb2d69fa66e490c602f0eb,poi-google:7fd843dd355e98c5abdcbc27,Google Maps (legacy unverified),,15,,0,obs:443b95a128b13edeccef89f9
legacy-rating:a05a2c6ed65334bdb8d55be7,osm:way:577760675,Google Maps (legacy unverified),4.4,23,,0,obs:a96bf1f7006f4b0ce8116003
legacy-rating:904a5720234247fc9b67725b,osm:way:744059380,Google Maps (legacy unverified),4.6,10,,0,obs:64be7a367340c87f3892b5ce
legacy-rating:459d01bc9b7c032de3d5f499,osm:way:221906193,Google Maps (legacy unverified),4.7,505,,0,obs:ea2af1a4bb60f29b8a985f98
legacy-rating:81871db0cf93b9617c7a510c,osm:way:740264506,Google Maps (legacy unverified),4.4,75,,0,obs:0e7f0e42d3af1dfeac201a5b
legacy-rating:ad36c2e785c4e42a4ea61445,osm:way:732983276,Google Maps (legacy unverified),,1,,0,obs:2d68285f399bcd3e62b596ec
legacy-rating:70f68ce4017aab34e6487ed4,osm:way:696698294,Google Maps (legacy unverified),4.7,3207,,0,obs:754c923e46ae9e8c4d4164bd
legacy-rating:cdfed31ddc01e0e67ae6a245,osm:way:1159194118,Google Maps (legacy unverified),4.9,20,,0,obs:480cf3a2b71fe92ec9103829
legacy-rating:f0915081a38cc052fbbab127,osm:way:1286509450,Google Maps (legacy unverified),4.3,4,,0,obs:0ff588f1b50387d05c1b1c4f
legacy-rating:66b408df0191227ad31a9747,osm:way:225386191,Google Maps (legacy unverified),4.5,23,,0,obs:a879d5096c111d14c0ebc308
legacy-rating:cc778c9fc5d27752a45ea291,osm:way:225386200,Google Maps (legacy unverified),4.9,10,,0,obs:0f2f911a637757117cf2b4f8
legacy-rating:64905ecf2196385a34aff002,osm:way:612178010,Google Maps (legacy unverified),4.6,283,,0,obs:56d553d7b8ccd80ef70d07bd
legacy-rating:58bee8876ea6757e84b87d96,osm:way:1184591041,Google Maps (legacy unverified),4.6,42,,0,obs:94f014e7845b18c884be1795
legacy-rating:ca8611b1bc168c17c9683419,osm:way:694331968,Google Maps (legacy unverified),4.6,40,,0,obs:7814bc4f876426c8d657d5a5
legacy-rating:87be4eef771991b24af58594,osm:way:199222879,Google Maps (legacy unverified),4.4,272,,0,obs:2c0b7fc60bd5f37ebcc3e898
legacy-rating:275d2171d5c66f9f410602da,osm:way:174683856,Google Maps (legacy unverified),4.7,666,,0,obs:78f41e32bd6027ea55d8712a
legacy-rating:07a1d5178359fadee5a4a69e,osm:way:773078222,Google Maps (legacy unverified),5.0,9,,0,obs:f50efcbfc8b70c4a615e75a9
legacy-rating:305b29a383916293b3ee67d8,poi-google:93b447209b7240e7d59e19c5,Google Maps (legacy unverified),,26,,0,obs:329990fe75830fc167a6068f
legacy-rating:fe6b9b629e7ecb0e986cc689,osm:way:32589169,Google Maps (legacy unverified),4.8,22,,0,obs:74b5d43da2e269f523d628e2
legacy-rating:1b4025fe841264e4f775c68a,osm:way:60118189,Google Maps (legacy unverified),4.4,9041,,0,obs:f4bbe52d86489b490c878ffa
legacy-rating:a19e6feda9a0579603f1baef,osm:way:616464935,Google Maps (legacy unverified),4.6,37,,0,obs:d27fcda30e663970684dc104
legacy-rating:ea8bef810d0cc80bfc0330f5,osm:way:627899751,Google Maps (legacy unverified),4.7,132,,0,obs:1ec3e3fc2ebcc4e345cb23ac
legacy-rating:9c02420447ad67c15feb9ff1,osm:way:1046746189,Google Maps (legacy unverified),4.6,12,,0,obs:3657985468718c0bc9445efd
legacy-rating:0f4ea95fd83708f54097d9f3,osm:way:166344439,Google Maps (legacy unverified),4.7,295,,0,obs:44ceaab76d1a1aa7f1812558
legacy-rating:504198a7e6d702a84fabe314,osm:way:582526150,Google Maps (legacy unverified),4.6,65,,0,obs:3799e73f8de4004b6993a514
legacy-rating:b80b4860147151a7dfec288b,osm:way:1178329293,Google Maps (legacy unverified),,19,,0,obs:7ac05ea18a5c12b366fd70f7
legacy-rating:42f80f3b5de301c8fc30a020,osm:way:498423483,Google Maps (legacy unverified),4.9,34,,0,obs:0d4ac5e3ba664cfff35bcecd
legacy-rating:dfdcc356774621e41b04a117,poi-google:e3cc821f28f826eb897bb4cd,Google Maps (legacy unverified),,39,,0,obs:cc31087f2d7aad9c6f80aa7d
legacy-rating:843ed32b72e8b6c90f175dab,osm:way:704134588,Google Maps (legacy unverified),4.7,3424,,0,obs:7c66270a8304b2ae36d7eb10
legacy-rating:ff47679719ce0abdc9099b28,osm:way:627398358,Google Maps (legacy unverified),4.7,440,,0,obs:6685f7ab99bbe04207750500
legacy-rating:e6f6332111e2be326aa3bdeb,osm:way:668640597,Google Maps (legacy unverified),4.8,67,,0,obs:4c0b25eae43a148ac8845ed6
legacy-rating:4cf4bf3a8f06dd92458b8c2a,osm:way:187949842,Google Maps (legacy unverified),4.6,14,,0,obs:1c5c9864fb7e93d20f9f6a2e
legacy-rating:d8e68c258f591de0c5c0e540,osm:way:500829667,Google Maps (legacy unverified),4.5,306,,0,obs:19c74d4c9abf78842b4e8dbc
legacy-rating:dac77b232fee8d46f424ea9e,osm:way:1099958814,Google Maps (legacy unverified),4.5,389,,0,obs:ac1e34036bb61d46f5c38866
legacy-rating:9eabe71d12835fb296ed3e86,osm:way:366062489,Google Maps (legacy unverified),4.3,6,,0,obs:503cbdbea94028196418bfda
legacy-rating:115a4fde1d5a9ddca2735025,osm:way:875471253,Google Maps (legacy unverified),4.9,21,,0,obs:5846900649a67353efb3cb20
legacy-rating:babdbe49f9c8bdff37a6a941,osm:way:856836499,Google Maps (legacy unverified),4.7,38,,0,obs:614955f0cd20be2cf9aa7e3c
legacy-rating:e5b7ee0e7ec0a48774b1df66,osm:way:421970911,Google Maps (legacy unverified),4.5,249,,0,obs:8a2e6d5c35828bdd4f55be35
legacy-rating:9a3dfa2d22f96fa86da94053,osm:way:499047936,Google Maps (legacy unverified),4.6,393,,0,obs:d48b904aeeee0947e14190f6
legacy-rating:ab779744ab4e572f7bea8cb2,osm:way:547931031,Google Maps (legacy unverified),4.6,193,,0,obs:85bd5b41dcf8f6d52c12b627
legacy-rating:84367518ab1b408fdacd25a5,poi-google:3d1240e4b3e1de1489b555c6,Google Maps (legacy unverified),4.6,40,,0,obs:b738b9d3ae33bbb6511f7e06
legacy-rating:c06e30ba6a0892768394d105,osm:way:730792912,Google Maps (legacy unverified),,33,,0,obs:186f5ab481662a011b213255
legacy-rating:ca0c3dee32effe41ff06e8fe,osm:way:225209627,Google Maps (legacy unverified),4.7,1895,,0,obs:7ccca5c76e0381270878318e
legacy-rating:30956ac99ff3474150b25242,osm:way:1171597396,Google Maps (legacy unverified),4.5,863,,0,obs:3007d6398cec224910774fc9
legacy-rating:3bc4db02d27f122dee1f56dc,osm:way:1169249141,Google Maps (legacy unverified),4.5,118,,0,obs:fadac3b544294a3f9eae2c31
legacy-rating:8d57ca440b472f948d63e3a4,osm:way:420032416,Google Maps (legacy unverified),4.5,951,,0,obs:12c244507c5a74c03b01df9d
legacy-rating:a91cc17a0621a11a7fc1f634,osm:way:1039072271,Google Maps (legacy unverified),4.8,9,,0,obs:ff006bb40c680dbba6521114
legacy-rating:5ad8bfd7bfbd3a9b3d7ad083,osm:way:974927173,Google Maps (legacy unverified),,8,,0,obs:251c32b648ad02e85cb690f7
legacy-rating:58ed1c4aed32ddaa2a698feb,osm:way:237370552,Google Maps (legacy unverified),4.8,57,,0,obs:444f07ad5a0b4d3acb418549
legacy-rating:35508bfd0799f39d6c071306,osm:way:871579522,Google Maps (legacy unverified),4.6,119,,0,obs:a97e574f3e63267750c9d6ab
legacy-rating:a81250926d0d3f6653a2de07,osm:way:1089984778,Google Maps (legacy unverified),4.9,11,,0,obs:bb1bbaba37f135a1365f3880
legacy-rating:493338634683c8150139f480,osm:way:428850033,Google Maps (legacy unverified),,11,,0,obs:939d7acc44c562399a024af2
legacy-rating:c7fe56a3abee23ec0bd43be3,osm:way:1286509443,Google Maps (legacy unverified),4.7,6,,0,obs:ff7b978448a24c893d9706e3
legacy-rating:fe68d79153887f24ea935b7f,osm:way:1287954080,Google Maps (legacy unverified),,25,,0,obs:eeb1aaf021ce8edb6b070d8c
legacy-rating:5c5ef2c7c9d01af5e1bdfefb,osm:way:1085721442,Google Maps (legacy unverified),4.3,66,,0,obs:321704d8353a139f7a172ce8
legacy-rating:ca2a83c92241ebb5ffe91b52,osm:way:1159104317,Google Maps (legacy unverified),,6,,0,obs:d8d988df30aabc69485fac7a
legacy-rating:cf531a7e6fdbb24033d5c3e8,osm:way:1269984173,Google Maps (legacy unverified),3.9,20,,0,obs:3c55b1ab8fb7f2e04fcdb5a7
legacy-rating:a662f30f85ae764ffa1a3df3,osm:way:1289066922,Google Maps (legacy unverified),4.8,317,,0,obs:176e0d61c4efbf7f6680d41f
legacy-rating:433838ddc97f50d965587ca9,osm:way:1157899904,Google Maps (legacy unverified),4.6,63,,0,obs:27e0b473e16c68d0ee129a6a
legacy-rating:918bcd75782f8d0385167c22,osm:way:460267385,Google Maps (legacy unverified),4.5,44,,0,obs:b2d3568dd50819a88c744fde
legacy-rating:a7da6e3d0c8522a2a856fea6,osm:way:420287565,Google Maps (legacy unverified),4.4,71,,0,obs:b6cdf9b54fb011416f0f1fe8
legacy-rating:bcd3feca3024adc5924cd2fd,osm:way:916865965,Google Maps (legacy unverified),4.5,186,,0,obs:d99fcbe7596ab336de0e718e
legacy-rating:b1884e525ec5edc00b91ef7b,osm:way:1155931538,Google Maps (legacy unverified),4.4,43,,0,obs:2eedeade1c55140af42693a6
legacy-rating:2d03c744a9f31718260479d3,osm:way:1108261874,Google Maps (legacy unverified),4.6,1946,,0,obs:2135ecbc5d63f0d33aeff802
legacy-rating:fddf48daea3ff9860b6a4aa4,osm:way:741245313,Google Maps (legacy unverified),,12,,0,obs:06a36eefe6ad7ba800584911
legacy-rating:3769591f833c8641ad209443,osm:way:1147083161,Google Maps (legacy unverified),,48,,0,obs:3d23340c81ce84a9bcd1186e
legacy-rating:c79061c3211d27ee0239f6c5,osm:way:972772688,Google Maps (legacy unverified),4.8,460,,0,obs:8af272f02a3b0b3c0bd75436
legacy-rating:a61a7faf2d213c632a514b42,osm:way:1144380326,Google Maps (legacy unverified),3.0,1,,0,obs:8626a64d0ef0cf19a633a98c
legacy-rating:79fde9b5532610e9d1147315,osm:way:1144380327,Google Maps (legacy unverified),,39,,0,obs:410f2b19834e25c370f8218e
legacy-rating:53ae863f5cb55c06ed676d63,poi-google:a0233c5e0837e136b8ad0d7e,Google Maps (legacy unverified),4.5,30,,0,obs:6f1e97aac28c9904379e5cb3
legacy-rating:6d229babb7d11a21f0438af4,osm:way:977812704,Google Maps (legacy unverified),4.8,44,,0,obs:172652b352ee731afd9e50e0
legacy-rating:ec7b711b7c49f53c0d3e805f,osm:way:982158092,Google Maps (legacy unverified),5.0,25,,0,obs:dee12d755cdb20feabb65cac
legacy-rating:b8cd373c169cdf91a6e16904,osm:way:806359775,Google Maps (legacy unverified),4.9,12,,0,obs:df22b7b87727a1ad5e3f3ba1
legacy-rating:7e8ab7f5cb6c53e138cf6bd0,osm:way:39622250,Google Maps (legacy unverified),4.6,213,,0,obs:783a8b66847735cd66c23bc2
legacy-rating:cbd03f40ab31496c3bc1036c,osm:way:977138972,Google Maps (legacy unverified),,109,,0,obs:7e2d055549793ec6b251fb02
legacy-rating:6b86ec8b3f157baedaa7de0e,osm:way:977146590,Google Maps (legacy unverified),4.6,167,,0,obs:2b8099db6e2911b4c10122d5
legacy-rating:19486f9c1e2374ce783e1d8c,osm:way:977146584,Google Maps (legacy unverified),4.6,174,,0,obs:5b434f72e441077d535419f1
legacy-rating:b4c969b892885a8978aef5d8,osm:way:465820437,Google Maps (legacy unverified),4.6,119,,0,obs:05ed0c1c7e2a9ff4159b51a2
legacy-rating:02a62ca0100216ebf4a008e9,osm:way:242187679,Google Maps (legacy unverified),4.4,46,,0,obs:91086aecd1323b1339c8c270
legacy-rating:ebad3dfb5f041fc186143aac,osm:way:1046846554,Google Maps (legacy unverified),4.5,199,,0,obs:c04cef9ef3d99f892a3969b5
legacy-rating:d1a4f3ef0ad8807244186440,osm:way:985392051,Google Maps (legacy unverified),4.8,95,,0,obs:93e8a7c7beec58a661421cc2
legacy-rating:38452443f06011dc81725af1,osm:way:1222783976,Google Maps (legacy unverified),4.3,46,,0,obs:508e6c94657a9b18fbecf59f
legacy-rating:4dc708a043c8a395ff63cbef,osm:way:1009632954,Google Maps (legacy unverified),5.0,19,,0,obs:7da7e5e93857e64f5b0870f7
legacy-rating:b0d26c39fabbd586f7ac7e92,osm:way:992089292,Google Maps (legacy unverified),,16,,0,obs:cd98434e836e388fc7d3f3f1
legacy-rating:89113b1238aff0e309c48603,osm:way:366901565,Google Maps (legacy unverified),4.7,450,,0,obs:521f494dee4cea96cc5632bc
legacy-rating:6447ac96d98353067638f28f,osm:way:582263756,Google Maps (legacy unverified),4.6,291,,0,obs:6285e09468bde53c2bccafd4
legacy-rating:f28f6f0a56e6f9e474888e54,osm:way:982007364,Google Maps (legacy unverified),,95,,0,obs:a9343a6d84cc8b12300a48a5
legacy-rating:1ba82622391a001241981ccf,osm:way:580855612,Google Maps (legacy unverified),4.7,104,,0,obs:0b2a1d8ab099f8eb7b4a4322
legacy-rating:cf28e6906a286c16eb5bc3ae,osm:way:1039222550,Google Maps (legacy unverified),4.7,30,,0,obs:0f119b003fc05b74d84b79da
legacy-rating:f1da8c8cf7b6a645dc275489,osm:way:666404235,Google Maps (legacy unverified),4.4,63,,0,obs:a3bbf2dd2a72bf83f99abee1
legacy-rating:7cccb6beec7397d7fa5a3579,osm:way:406432511,Google Maps (legacy unverified),4.5,3486,,0,obs:fd34198356511e234cb24e68
legacy-rating:0e965d5628993bbe56c9a6f1,osm:way:1352282357,Google Maps (legacy unverified),4.8,16,,0,obs:a9eb4af4bac31f8a96465ec2
legacy-rating:da678f20ae656b5d0ae555f3,osm:way:1130734861,Google Maps (legacy unverified),4.7,75,,0,obs:e10e027e82b979f603c63471
legacy-rating:dcdbe10aa684c8cafc5817d0,poi-google:1d43f5dce75b0d0e22b4396d,Google Maps (legacy unverified),5.0,1,,0,obs:a40ff3e5f4e978320ede56e5
legacy-rating:dab36975f6cd09492fae5c64,osm:way:1250726825,Google Maps (legacy unverified),,21,,0,obs:2013808aa58b2c07f8146286
legacy-rating:2559f6e881ad2a0104147461,osm:way:515288602,Google Maps (legacy unverified),4.7,220,,0,obs:b40c22f79be6e52d8169bdb5
legacy-rating:7ef88c70fe78ce308395a30d,osm:way:209492808,Google Maps (legacy unverified),4.7,298,,0,obs:ebe4a317ad9644116fe6289e
legacy-rating:fdfb1e6771ddc77c1e1fdd5a,osm:way:288574348,Google Maps (legacy unverified),4.6,1747,,0,obs:1c707e95c3df849fca7f7b88
legacy-rating:104355bfe516473ef678a856,osm:way:1098290854,Google Maps (legacy unverified),4.8,166,,0,obs:f680bfef1f51f9aa333392f6
legacy-rating:ce14d2694b25169915850f8f,osm:way:606957397,Google Maps (legacy unverified),4.7,815,,0,obs:0ee6664a3dca5a21bb7d0ac1
legacy-rating:d2782b230c2e8ab0b077afef,poi-google:5560ab68fff4a4c0650537ad,Google Maps (legacy unverified),,13,,0,obs:7577193b26ddf2a05391d480
legacy-rating:64153231854e8347ebae7a6d,poi-google:9f90b2b0df1fb57ac7f7a274,Google Maps (legacy unverified),,35,,0,obs:7f14f9dfc3e78180022c4226
legacy-rating:16df8e9b962cc4f005507cd7,osm:way:1387002583,Google Maps (legacy unverified),4.6,61,,0,obs:f0a97ba1506dd68b58becdc6
legacy-rating:07e79a4a5a377313f16ea43e,osm:way:363255217,Google Maps (legacy unverified),4.3,76,,0,obs:19b8522fce31c309b52cf2d6
legacy-rating:364a557dcf82721a2b891367,osm:way:751211612,Google Maps (legacy unverified),4.7,98,,0,obs:7a7f74e01e0ffda438a0a8d1
legacy-rating:b9a6806298fd2f8ca06affed,osm:way:1349898745,Google Maps (legacy unverified),4.7,208,,0,obs:2e83d1d36af5826d77575cb0
legacy-rating:a1799f791449c2ba78fac329,osm:way:1337938107,Google Maps (legacy unverified),,16,,0,obs:e4cc79a14078505cfe9d147b
legacy-rating:0969930787892d8d8241768e,osm:way:498042951,Google Maps (legacy unverified),,32,,0,obs:4b2d5041bdab5c8cea0b1591
legacy-rating:036dde974b68ff9e7c102793,osm:way:463250888,Google Maps (legacy unverified),4.8,18,,0,obs:e48c474509f7b6a0b3593501
legacy-rating:1744ad5f4188e624809a99b4,osm:way:542486128,Google Maps (legacy unverified),4.6,242,,0,obs:206d9f20aea2f894ff14c3d9
legacy-rating:801e34c4995d7332dbd73596,osm:way:492971840,Google Maps (legacy unverified),4.6,311,,0,obs:218bed2833dbae032647b530
legacy-rating:50e649fb492e89a1d5747bae,osm:way:1353113763,Google Maps (legacy unverified),4.6,269,,0,obs:221152def39c13502f5af5de
legacy-rating:07daaf68ccc44a98e61b8472,osm:way:577760677,Google Maps (legacy unverified),4.6,138,,0,obs:c3be5c04d4ac28caf0937ab5
legacy-rating:fe9ae98db8012a2d348162ad,osm:way:607211735,Google Maps (legacy unverified),5.0,5,,0,obs:ec24d789cb179f3b24486748
legacy-rating:e2fdf3886bb5d1c61d952280,osm:way:596974770,Google Maps (legacy unverified),5.0,7,,0,obs:2c9921fec5d8f6568ccdc484
legacy-rating:5607ef9c6a4226dfcd27ce96,osm:way:597853667,Google Maps (legacy unverified),4.5,877,,0,obs:52a9514f331b4bac2aa5adc9
legacy-rating:0605b90a9da9ac283bc7e5e0,osm:way:627779281,Google Maps (legacy unverified),4.4,726,,0,obs:f74c479ce9f521336ca57924
legacy-rating:022a40e75aa7b4e737f96f5e,osm:way:682250577,Google Maps (legacy unverified),4.5,13,,0,obs:0dcecdec262b7641560229a7
legacy-rating:1c4c76c8c3f6e80f8694c2ec,osm:way:646860264,Google Maps (legacy unverified),4.7,38,,0,obs:5fe1ef3ab4c0852a051df7f7
legacy-rating:097972dcc792abf722731cf5,osm:way:700671916,Google Maps (legacy unverified),,3,,0,obs:dd64c4147c00544d78bf691e
legacy-rating:3cba08f819666e2b79c5180a,osm:way:1185443921,Google Maps (legacy unverified),4.7,93,,0,obs:631c6707150e3c919e405ebd
legacy-rating:87f4fc78ab1faf6bc1be93fd,osm:way:1444281620,Google Maps (legacy unverified),4.7,17,,0,obs:657ca16fc691cda9a54a1f53
legacy-rating:9ec7d8469603ac2df83a6c47,osm:way:505295938,Google Maps (legacy unverified),4.8,131,,0,obs:538e0f8291785e6504ade986
legacy-rating:e89d7bd4a31db22fe6667487,osm:way:497625731,Google Maps (legacy unverified),4.7,60,,0,obs:8ad735b840e08e5821f37935
legacy-rating:5710726287ed63c93d00a380,osm:way:907749114,Google Maps (legacy unverified),4.7,139,,0,obs:055668dc95917b97444d3fe1
legacy-rating:d792e69b07ce6388f63190fa,osm:way:822326407,Google Maps (legacy unverified),4.8,128,,0,obs:84b212f6d542c75577b54220
legacy-rating:8e33433d98944d3610ebf944,osm:way:825942481,Google Maps (legacy unverified),4.6,110,,0,obs:c7854bfbd50c1ca93f46a33c
legacy-rating:d929eb2e295a8056825e4e1e,osm:way:1281237377,Google Maps (legacy unverified),4.7,29,,0,obs:dcb28ccd7da702c321c8bbf8
legacy-rating:d6ee336bc570f3d87b101b09,osm:way:907749165,Google Maps (legacy unverified),4.4,7,,0,obs:88ace3b92fd2af8bcf38d8d7
legacy-rating:54397b70064625167ca5624d,osm:way:982159599,Google Maps (legacy unverified),4.4,5,,0,obs:ac54c44753f673258248ab5b
legacy-rating:01c03aa0c1ac275fd7ef3f0b,osm:way:905779140,Google Maps (legacy unverified),,3,,0,obs:2a781613606ae8544e264226
legacy-rating:bc799059db8cbcea14337d3a,osm:way:907748786,Google Maps (legacy unverified),4.0,4,,0,obs:83bd96d8d6a80407ab95353d
legacy-rating:093822a753efc94a4e458fc5,osm:way:694351743,Google Maps (legacy unverified),4.6,196,,0,obs:0fb6d9e5f74809dd7edd3983
legacy-rating:38fbe1ac0ef13c3fd9d5a1ef,osm:way:907748788,Google Maps (legacy unverified),,2,,0,obs:fded4e60205651f62aba6585
legacy-rating:db8060728532925e1a070f3c,osm:way:907748790,Google Maps (legacy unverified),4.2,5,,0,obs:cf3eac9aa5da23141a80f5f9
legacy-rating:20aa8c51456182299b7db000,osm:way:907749035,Google Maps (legacy unverified),5.0,3,,0,obs:7960f0c6ac5bba63167982c2
legacy-rating:a28d663be725b2603d8fa864,osm:way:907749041,Google Maps (legacy unverified),,2,,0,obs:f66fd4776f5ff810e0becb11
legacy-rating:8acd38afc261eaaf56ae7a43,osm:way:907749043,Google Maps (legacy unverified),,3,,0,obs:510874a8a9f11960527a502b
legacy-rating:cb50cbb2350f91d2a0f87068,osm:way:907749161,Google Maps (legacy unverified),4.6,50,,0,obs:26aa77c4e5b68b28cb2a2e3a
legacy-rating:380ba50b4c666c15741a7949,osm:way:907749168,Google Maps (legacy unverified),4.7,3,,0,obs:5c06dc048adf27120653d6aa
legacy-rating:f1cc923c6e9bbb8e45716172,osm:way:907749178,Google Maps (legacy unverified),4.7,19,,0,obs:b7b3a761c923ba4669db771a
legacy-rating:635cded1e9d7e3c790f8f082,osm:way:907749186,Google Maps (legacy unverified),4.4,28,,0,obs:616b6063af1a82af2e06a32c
legacy-rating:b59df1a4bff48a39d54c6d0a,osm:way:1081726703,Google Maps (legacy unverified),,4,,0,obs:8c15f4aed5bd0ab2828fab1e
legacy-rating:725005ec7950b51045def8f3,osm:way:1042849147,Google Maps (legacy unverified),4.7,257,,0,obs:41971c724602062a72913ee8
legacy-rating:cba4268fcd31eedeafcbecb5,osm:way:1210579529,Google Maps (legacy unverified),4.9,40,,0,obs:976e63540aaef1c0148423d2
legacy-rating:92dd6b122aab0f5e8b0b7201,osm:way:1323789775,Google Maps (legacy unverified),4.7,34,,0,obs:ca73a597a636a5143e881f94
legacy-rating:f27af3541d3f4e13ffd2df7d,osm:way:1413605529,Google Maps (legacy unverified),,21,,0,obs:71296e2b99b2fc5a0b3c85ef
legacy-rating:24a453d7ec50f593dbfe0c68,osm:way:1422444084,Google Maps (legacy unverified),4.3,33,,0,obs:cca3d7757fb79eea3a6bfb2b
legacy-rating:77d6a3c4d21b864cd24d0751,osm:way:1425907446,Google Maps (legacy unverified),4.2,38,,0,obs:3735b20980bd494bd1802a46
legacy-rating:c785cbd7c3f344fb575dd27f,osm:way:1427714278,Google Maps (legacy unverified),,30,,0,obs:700b3641cbedadd9e66e57ee
legacy-rating:038872dba0f0552454fa50e0,osm:way:1445339600,Google Maps (legacy unverified),4.6,385,,0,obs:0d1f0b96ffbab247a1b5c898
legacy-rating:7fc1d106c6fd01833e4a5e30,osm:way:1445282730,Google Maps (legacy unverified),4.5,120,,0,obs:4cb8e895970d9b0b58423fcf
legacy-rating:ece92bd266c0788ba0003252,osm:way:1451240924,Google Maps (legacy unverified),4.8,63,,0,obs:0213cb5fbf86a30c2aed3ae1
legacy-rating:c642ceb05e8bd0c1bd9a794c,osm:way:1449950279,Google Maps (legacy unverified),4.6,238,,0,obs:9a6aa98ecb8beff83845ebbc
legacy-rating:59304c967ffc933a51bac369,osm:relation:2836882,Google Maps (legacy unverified),4.6,436,,0,obs:585abfb642ac067150ee98e3
legacy-rating:77fdc02fae082ddcbaadc647,osm:relation:14428279,Google Maps (legacy unverified),4.6,69,,0,obs:15871bffe171671bd7dbf277
legacy-rating:25cfd08dcf1c7e8346ba5b20,osm:node:10314905409,Google Maps (legacy unverified),4.6,22,,0,obs:36fc751f43149e6f3db99dbb
legacy-rating:0350e134d6f977bd9672b0ae,osm:node:5800116755,Google Maps (legacy unverified),4.5,66,,0,obs:6cbd893a976e5a766c96121c
legacy-rating:8ca576e22de4f89defaa7d97,osm:node:5745158221,Google Maps (legacy unverified),4.6,59,,0,obs:b2e9be16df9ce6075dac4de5
legacy-rating:aabc8f8078de87c06e083b8d,poi-google:85f6d72354d40d115632e884,Google Maps (legacy unverified),4.2,842,,0,obs:c2cef7a34f9bf230eac932e6
legacy-rating:d06f7f667b635c01e51f4921,osm:node:5349009821,Google Maps (legacy unverified),4.2,110,,0,obs:4c6ae0f5528f45bffd8de543
legacy-rating:4ea36d488c07997072c59c63,poi-google:2a9743a95de081d2506ed7be,Google Maps (legacy unverified),4.8,4670,,0,obs:0636c4f27c2e1b319928353a
legacy-rating:09540e568bc0c2385fc426ff,osm:node:11176025737,Google Maps (legacy unverified),3.9,890,,0,obs:609cdacfd38bbc8498a2c101
legacy-rating:b6e1a8187c50809fe0b15dc9,poi-google:c2b509abae83df7de7116ded,Google Maps (legacy unverified),4.3,1232,,0,obs:f46c3b9753d6c3ba21f41e5e
legacy-rating:168f26239ad1d2a81afa3938,osm:node:12351093402,Google Maps (legacy unverified),4.3,13081,,0,obs:63cc4986d83e4c17614e6da8
legacy-rating:9fa554586f534261ad324c36,osm:node:4223828694,Google Maps (legacy unverified),4.4,4361,,0,obs:b86047105ad840144924d39a
legacy-rating:3694139c649a3925518c7e03,osm:node:8693352417,Google Maps (legacy unverified),3.9,22,,0,obs:a61fcae5cfba1d3778c01bcd
legacy-rating:c84b3eab06d43f080003047c,osm:node:4293357089,Google Maps (legacy unverified),,558,,0,obs:1e85fa51f214060708fb9fae
legacy-rating:cab70d19af9a87d127e66f43,osm:node:12351093402,Google Maps (legacy unverified),,13081,,0,obs:921783d932d9415348b27f9c
legacy-rating:ed5c8ce61c680bae42b27426,osm:node:3918120668,Google Maps (legacy unverified),3.8,725,,0,obs:8c0311f1b2918683f8305b01
legacy-rating:848d072034db49f5e5810fe1,poi-google:395e77f819d7cc372c42bf23,Google Maps (legacy unverified),4.0,9,,0,obs:3fef287214b4a862897d7642
legacy-rating:63a0c5c45be825e235716686,osm:way:972604565,Google Maps (legacy unverified),,960,,0,obs:a1c08bf051e856a8ee124b47
legacy-rating:5d683bb16e2a38f5f63d9856,osm:node:5582045526,Google Maps (legacy unverified),3.8,165,,0,obs:b111760dd10e12e13dd40dc4
legacy-rating:0d93500b1b5e599cebae7b21,osm:node:5417771221,Google Maps (legacy unverified),4.7,279,,0,obs:76b06d719a2215a67b12d122
legacy-rating:7081ebb4743310b076784233,osm:node:6053785702,Google Maps (legacy unverified),,1689,,0,obs:ec7ff56afe65d782524545d2
legacy-rating:eca0eca7e2f91d34f1d161ec,poi-google:e148f13444a6c8959b0ea6da,Google Maps (legacy unverified),4.2,1522,,0,obs:fadc189c2532af1741f545a8
legacy-rating:65a8820d8cfa4b506140cd7f,poi-google:e669849a04c8f6f77519478b,Google Maps (legacy unverified),4.7,4074,,0,obs:3b2449d6591595dbc408b386
legacy-rating:3e840ebbf547bac673352c89,osm:node:5320014421,Google Maps (legacy unverified),4.6,96,,0,obs:8df24413edc87302892ecf55
legacy-rating:ca0301eb11ed530bb8024e13,osm:node:4713142090,Google Maps (legacy unverified),4.6,331,,0,obs:ebea4e6fb5db151d167e470b
legacy-rating:32bf58ee347da6e1b6913120,osm:node:4171889289,Google Maps (legacy unverified),4.4,2183,,0,obs:4429f9486d4d8fe8ff9ea5a3
legacy-rating:4f67bd483bc6b9ed511ab303,osm:node:5406330126,Google Maps (legacy unverified),4.1,42,,0,obs:cddb4b9f9c90f99f30c89df2
legacy-rating:31760f57f4cd077590d229d6,osm:node:11359603957,Google Maps (legacy unverified),4.8,2754,,0,obs:3db770ebecd68ac3a394a273
legacy-rating:84c32ea49294a67a7aa01a11,osm:node:11913629654,Google Maps (legacy unverified),4.5,180,,0,obs:17e1c61e144aade4261d87a9
legacy-rating:9b9f3dbc4fc3c7778034b99d,osm:node:13415760108,Google Maps (legacy unverified),5.0,2362,,0,obs:abc568b08a7515af641e0159
legacy-rating:485d9dba7ed866f19653c54a,poi-google:6cb2d1ceadc0b57fc43ed25b,Google Maps (legacy unverified),4.3,233,,0,obs:dbb19140bdf8cd65008ff3eb
legacy-rating:dcef812408fc9628daeb9c28,osm:node:7130126788,Google Maps (legacy unverified),4.9,8,,0,obs:4d0daf9997b859f88b69780f
legacy-rating:6c066b5d03517b4f8ef20c48,poi-google:778bc1f6ad86906ad361ea00,Google Maps (legacy unverified),4.3,20369,,0,obs:c076c0f3806926e468ecb310
legacy-rating:cb3e335d83a11b369975fd70,osm:node:13503143701,Google Maps (legacy unverified),4.6,966,,0,obs:f18285088c18441b99ab3578
legacy-rating:03f33fbf912f1136587ebd43,osm:way:1415191977,Google Maps (legacy unverified),,281,,0,obs:0edceea1ee6927b3864d61b0
legacy-rating:7d180fc56e84918274447309,osm:way:683639731,Google Maps (legacy unverified),3.9,1900,,0,obs:98f83ebc401e74ec800b4931
legacy-rating:6a0d1edccc89bc3ae8eaf7b7,osm:node:7554177585,Google Maps (legacy unverified),4.7,3414,,0,obs:5ef4eee140e847bfea8c02f5
legacy-rating:43238e4e63722e3a0c28fe21,poi-google:bc730f42965d4c5085398a1b,Google Maps (legacy unverified),4.4,23,,0,obs:3d71a2a1704bd88b40bccb73
legacy-rating:0b2f4b9821c7e7430a619110,osm:node:10856207127,Google Maps (legacy unverified),,195,,0,obs:092ac2375cab522c660befcd
legacy-rating:51040d9a59f07aa2f405e9f9,osm:node:5614527823,Google Maps (legacy unverified),4.5,94,,0,obs:8a4e7e683ffe94e6f694617a
legacy-rating:e91955c721380736ce314551,osm:way:768410220,Google Maps (legacy unverified),4.6,92,,0,obs:038da7008b085bc9efe3f0e1
legacy-rating:f4c6b3403b06fba766fe0e6c,osm:way:694296716,Google Maps (legacy unverified),,35,,0,obs:3fc16ce6f9a5511aba6fa6cb
legacy-rating:4dddacfe947cc36c9fcf963d,osm:way:674801676,Google Maps (legacy unverified),4.7,518,,0,obs:c15de354426ef4260f8554dd
legacy-rating:d09c49838adcca04cacab9a1,osm:way:205795043,Google Maps (legacy unverified),4.7,97,,0,obs:c83d231f5083c21623ed853b
legacy-rating:870a68416b38e1b4fde66ada,osm:way:680968171,Google Maps (legacy unverified),4.5,25,,0,obs:f91cf70ab89e4a41561d8384
legacy-rating:75ce84fd66c398ee6c2a680d,poi-google:9fcb3d12cf8dc2789dbd17be,Google Maps (legacy unverified),4.3,474,,0,obs:b6f048fb18f75e3b4f3c0dc8
legacy-rating:a735b5e7df98fc11c90f5825,poi-google:dc10c2306655e6eb29d19b8c,Google Maps (legacy unverified),4.6,261,,0,obs:9e06274f9f50404e4a9561ed
legacy-rating:2042fdea713c0aa5bfb6aa88,poi-google:b281aa900b144e4d91af042a,Google Maps (legacy unverified),4.0,126,,0,obs:0fe9b4d00386d2b73b02f2a3
legacy-rating:186cf979ba1561741ea8f2f0,osm:node:11846546669,Google Maps (legacy unverified),4.8,38,,0,obs:7a7067f854bb4e5ff8835efc
legacy-rating:2a235b759d62a2a702f1b25d,osm:node:3844119611,Google Maps (legacy unverified),4.7,244,,0,obs:ef9b55cca134e0cd0d5f892a
legacy-rating:c8d88aaa30d466fd08f05269,osm:node:11736197269,Google Maps (legacy unverified),4.8,12,,0,obs:f5e80cca5aedcd3fdae2d191
legacy-rating:dbbe6322b2a8c6982e985b75,osm:relation:19811318,Google Maps (legacy unverified),,1375,,0,obs:1a34fc69e114eecff91e5be4
legacy-rating:4be41b80e56c00ee8a03d17b,osm:node:11563319766,Google Maps (legacy unverified),4.5,285,,0,obs:0d0168023f84924aedffa0c2
legacy-rating:cd2459d482446ca5ca5c5609,osm:node:6314254009,Google Maps (legacy unverified),4.5,785,,0,obs:78913f02da84894f93f9a698
legacy-rating:957ed032223756b6121edf2d,osm:node:5516823721,Google Maps (legacy unverified),4.7,857,,0,obs:407af7adb693e712c687aa4f
legacy-rating:40b7067e7a6dcc827364a1f7,poi-google:17bf75c8245e3db43e1e5bba,Google Maps (legacy unverified),4.2,1537,,0,obs:ecb53fa359fface0d9a884ec
legacy-rating:f9c578dffc42f179f8b52f47,osm:node:12623061376,Google Maps (legacy unverified),5.0,3,,0,obs:c47c9fd0f7a5b62373dcd3db
legacy-rating:a35086cca33964e442a55fba,osm:node:11040495502,Google Maps (legacy unverified),4.3,93,,0,obs:4fffb34dd9e03a05ae3a5f79
legacy-rating:edd3cf65ddd77004c142c0d0,osm:relation:8552348,Google Maps (legacy unverified),4.4,42748,,0,obs:155f9bc8d5aafe0295e26797
legacy-rating:5db455122d73871f5532c495,osm:way:39598493,Google Maps (legacy unverified),4.5,48394,,0,obs:ab1cf0a186f2e8387fc8fa06
legacy-rating:3215e6feae830e8e65ea7e74,osm:node:11377884269,Google Maps (legacy unverified),4.6,786,,0,obs:1ac79b5560891dff2233b660
legacy-rating:c92d81fde04851c37a15e7ce,poi-google:d7d5c6f04dd62bde6139bb4b,Google Maps (legacy unverified),4.4,12735,,0,obs:dee33f17abf2678ee29cb940
legacy-rating:d1dd9da5db699d741e63373f,osm:node:5522559821,Google Maps (legacy unverified),4.1,44,,0,obs:b4fca75808702d9c6a2edc73
legacy-rating:ded9c6dbd53dc64f10e0e06b,poi-google:7101180dc98f3aefe8c4f69b,Google Maps (legacy unverified),4.7,1056,,0,obs:2ada330b662e13667da37831
legacy-rating:5d255705ebe6d39174eae9a6,poi-google:d0d59d4a52a9bfb7345e007c,Google Maps (legacy unverified),4.3,1493,,0,obs:b951949c25c56d0807677a40
legacy-rating:4654d8ae32cdff5ec412f9c0,osm:node:5724377221,Google Maps (legacy unverified),4.5,4658,,0,obs:f21873c0ab978aab28b92297
legacy-rating:40ffa09d58381ace4a6ec751,poi-google:8db1883729f1e9db822cc9c9,Google Maps (legacy unverified),4.8,32,,0,obs:661d9d90491aec095ae0d53c
legacy-rating:e5d57ebb2d71e4ff7cf7e5a8,osm:node:4368051989,Google Maps (legacy unverified),4.2,16543,,0,obs:fc5b9c61657d30b9e277979a
legacy-rating:aeb980935ab1208b18b3375a,poi-google:cd36130408c833f8fb01539b,Google Maps (legacy unverified),4.6,618,,0,obs:04acef676e6255a6c2942ea4
legacy-rating:788599d1d5ffbb0cee4a5db8,poi-google:9d6501e788d109565141638c,Google Maps (legacy unverified),4.1,3313,,0,obs:9b2826b369b3addaa3cf556a
legacy-rating:23f3daa1477e33c3e5bc3f20,poi-google:4cb157167e25e25b3d522191,Google Maps (legacy unverified),4.1,204,,0,obs:78d378357e5ba7a4f0ca00cb
legacy-rating:c107731b335e33effedd40c1,osm:way:1386126642,Google Maps (legacy unverified),4.7,15,,0,obs:047a3cd98c9852d2a5c7701f
legacy-rating:e907c36c2fff9ad8dda8233e,osm:way:759913076,Google Maps (legacy unverified),4.5,1646,,0,obs:1bcd19dc6da874f40805bd46
legacy-rating:2d50f493e0a3e950109ac48b,poi-google:85834389b36d3b8b79cda08f,Google Maps (legacy unverified),4.8,4,,0,obs:4887f0383cae8ff2d6389c70
legacy-rating:e1370fb1e2203e40ea9004c1,poi-google:2c5ed79b7070628bb1ddc283,Google Maps (legacy unverified),4.3,12,,0,obs:5c2e63eae1c9da6e177adca4
legacy-rating:2279072c7f07f261989452df,poi-google:a6fa030ddd7a8f26a1431b86,Google Maps (legacy unverified),4.4,24,,0,obs:f830ec8bd11f9760666d9bb9
legacy-rating:8d6e136c9a3d305ad86f51d9,poi-google:05197cb145db89bc21f1120b,Google Maps (legacy unverified),4.6,14,,0,obs:ab239c5593015d7cb24a8e61
legacy-rating:dd218b97231d85b44fee7f7f,osm:way:1549322198,Google Maps (legacy unverified),4.6,9,,0,obs:33564a65fb13339f05910455
legacy-rating:27d412c5ba03418eb3febab4,poi-google:7a63d8db6d3b6bea9da9fa73,Google Maps (legacy unverified),4.6,1056,,0,obs:744ad134dce92f892e5e9cc3
legacy-rating:aa9ede21c88f9cea787efc29,poi-google:36c24a30ac6f3e6a99a109ba,Google Maps (legacy unverified),5.0,7,,0,obs:3cac57a3ac43deb0b6c707dd
legacy-rating:00fbe6f3593bf295476039a1,osm:way:384652653,Google Maps (legacy unverified),4.5,1966,,0,obs:aca96d379309b351401b3a7d
legacy-rating:20a970bec5aa98022673ff24,poi-google:43be5863e2da7c49d5ba3603,Google Maps (legacy unverified),4.9,215,,0,obs:72d2626d201e048113b74f00
legacy-rating:00cfdb045d16ef418a0199b8,osm:way:944100695,Google Maps (legacy unverified),4.5,157,,0,obs:1f3991fd0ce6db5d97ae2300
legacy-rating:6d72d1754aa9e439abc77e67,poi-google:1e61aec944c1210047c458de,Google Maps (legacy unverified),4.8,28,,0,obs:0882e8ab2820907ca3cfc946
legacy-rating:42954673edd4e688899b6768,poi-google:cb408a9f9680098e49e55cfe,Google Maps (legacy unverified),4.5,1430,,0,obs:b40c4b1c428d3c0d42232a25
legacy-rating:e267520812a0fdaad4190df0,osm:node:13040467529,Google Maps (legacy unverified),4.1,104,,0,obs:25f852c4e0844b4ae650df35
legacy-rating:7d94f6d0627d200783d71428,poi-google:c409e4aa1a49c97a64d2fb90,Google Maps (legacy unverified),5.0,1,,0,obs:dd0b0de927e2335096a480dd
legacy-rating:66daff0fbd55ef9ae0aa8a2a,poi-google:d0f94083a862ff21647f6a34,Google Maps (legacy unverified),4.5,1398,,0,obs:8902101671ca233647fd65b7
legacy-rating:5f1d5cd450e04b6d128f031a,poi-google:c44ab32165f037aa55794219,Google Maps (legacy unverified),4.8,31,,0,obs:8183b174461dcc4e43401f59
legacy-rating:8c9c112c9921f723bda10cc2,poi-google:a451cbc5da5467a87a59c783,Google Maps (legacy unverified),,4,,0,obs:79b32d5aee5c98426a6cb077
legacy-rating:326da220e2c0fc5047b077b9,poi-google:a4fdc1c4570336cfe196597e,Google Maps (legacy unverified),3.4,1084,,0,obs:cfcfe9b8334c5020ac48e61b
legacy-rating:beef13826af65e013d0a74cb,poi-google:e43622b9107ec025880745a7,Google Maps (legacy unverified),4.9,64,,0,obs:a2183d30876077a788fb1fdf
legacy-rating:e9754a79540353f74135ba9c,poi-google:6327387e1c9df7f3ba4db7d6,Google Maps (legacy unverified),4.7,38,,0,obs:2f85810d2f51bebc0e29f327
legacy-rating:06d83177cfac4896294bf148,osm:node:11359603957,Google Maps (legacy unverified),,2754,,0,obs:1841a6185134aa7e31679747
legacy-rating:c0e454f600871a83be4984eb,poi-google:bb51a22b02608e00b9822fc3,Google Maps (legacy unverified),4.8,6,,0,obs:9a75e1e3c0a69a685bcabe66
legacy-rating:7f50284d4377ab4e5f4c335b,poi-google:32180b0b4e54c3f77d786db3,Google Maps (legacy unverified),5.0,1,,0,obs:cadeb7cb38c17ee671641b9a
legacy-rating:4c42f21922ec2e480f28a395,poi-google:2675226397e042871806a57c,Google Maps (legacy unverified),,52,,0,obs:2b16b6208d04217fdc5cdc91
legacy-rating:afea86e1f58e7f284c870719,poi-google:c9fdab3a97ed49664c7b521c,Google Maps (legacy unverified),3.5,50,,0,obs:0633dfe39cd1ea28269c1904
legacy-rating:ce98d54734c99753b62bcb6c,poi-google:d814bda70f4f7541215dd975,Google Maps (legacy unverified),4.6,78,,0,obs:8ddc6d03fe099558d5300c0c
legacy-rating:5394145e5d5a814c2b1a49c1,poi-google:57dcb6938e9589a0f4268205,Google Maps (legacy unverified),4.5,31,,0,obs:52f99b806717dfd66e3f3357
legacy-rating:33f0b61ae04f0098d0b1e52b,poi-google:ecbf7830615e353c6543b946,Google Maps (legacy unverified),4.3,1205,,0,obs:52d07e908d0cb44f03432a32
legacy-rating:b3ced0b1b3d88efc16cde229,poi-google:d11a3228a861fa7cd7214296,Google Maps (legacy unverified),3.9,306,,0,obs:22e7610517dbdab434b71032
legacy-rating:ff7f983272246236fd32daed,poi-google:bddac68b6fd4d78b216401b8,Google Maps (legacy unverified),4.3,2159,,0,obs:8b0f09107e848819a2308b34
legacy-rating:443f9384b3f0cded854d9dc1,poi-google:b7d2aea529bac4020a8b07d0,Google Maps (legacy unverified),4.0,367,,0,obs:7f0149e7040e9b7b27b2ad29
legacy-rating:bcf39b84a7022c8d533ebb70,poi-google:55e6d3bc60d1dfb2c150de82,Google Maps (legacy unverified),4.1,308,,0,obs:cd5d995d0bc810e9abc50b8b
legacy-rating:4c5b8f9628664041155831ec,poi-google:1e69c72e3d6e883900834f89,Google Maps (legacy unverified),4.8,102,,0,obs:432ab19a1cbb25dd270cd9fd
legacy-rating:638abcd4f7f755ab6a069f4f,poi-google:ac5d5d1c75bc5fdbab4c548a,Google Maps (legacy unverified),4.8,110,,0,obs:975c7a044335b62bc355042a
legacy-rating:a83ff8466a7b165c44264c57,poi-google:fae5114f339634ba688afbc7,Google Maps (legacy unverified),3.9,152,,0,obs:784812a050f11c51bba707f7
legacy-rating:f320f6bf80d884d48debcd43,poi-google:d8b3ad5cedb655ab5b0de9c3,Google Maps (legacy unverified),4.1,180,,0,obs:922bce52cf44115946cf337e
legacy-rating:130c9216b9c5e05ea18d730d,osm:node:6422678433,Google Maps (legacy unverified),4.1,34,,0,obs:68df4ae82fcb88cbf2927929
legacy-rating:a1cc6b520185a334b14fdfa3,poi-google:7948a4b7886d66af6387826f,Google Maps (legacy unverified),4.1,81,,0,obs:4450fa718f9153f8f80530f7
legacy-rating:1709f5f16b7273c431ff7f2d,osm:node:12333995781,Google Maps (legacy unverified),4.0,97,,0,obs:3bc101fa3f24af09166b097f
legacy-rating:b4672f8d4ed262dfe27c6134,osm:way:118672509,Google Maps (legacy unverified),4.7,68,,0,obs:0f0f16dc5f788748c5c672d6
legacy-rating:47f18267bac9126e44a3bb24,osm:way:1330644994,Google Maps (legacy unverified),4.0,261,,0,obs:212e772766368f42f4a719b2
legacy-rating:7fa97524ccabc55cdf5909db,osm:way:1326233277,Google Maps (legacy unverified),4.1,995,,0,obs:c51ae1e1778cefe9baad75f1
legacy-rating:487d0dffb52d0bd2e8e2bd5a,osm:way:1326219930,Google Maps (legacy unverified),4.1,327,,0,obs:844d969379be4eeeb9f944bd
legacy-rating:49ec533aff74480496e71d63,osm:way:1164429696,Google Maps (legacy unverified),,8,,0,obs:e8f826cb10c8cbecca05522c
legacy-rating:92faf79d431774944393cd85,osm:way:570571437,Google Maps (legacy unverified),4.0,26,,0,obs:5a183590855d2b9983641c45
legacy-rating:b34ce3179aaf2485674eda4c,poi-google:b3ff999a3c1f89ae64356349,Google Maps (legacy unverified),4.3,61,,0,obs:8bd07767af975c8567ad8987
legacy-rating:6d80502d6aeb039a6a3fa9c0,poi-google:7873ff6dab3aae1d8391666e,Google Maps (legacy unverified),4.0,63,,0,obs:d6c7634f6fda53e77872c690
legacy-rating:94d85ee8c9e369c23eb4c3e7,osm:way:1074490447,Google Maps (legacy unverified),4.0,34,,0,obs:7a28cb55a72ac0cac6463b84
legacy-rating:e3202396d6ba6d86524059ec,poi-google:6a65da95d36f9b3ca1c385eb,Google Maps (legacy unverified),4.3,37,,0,obs:017dca4ad78bbb0e8482b894
legacy-rating:2a3020114443156e446192a2,poi-google:19014777d1db4cba1858738d,Google Maps (legacy unverified),4.0,488,,0,obs:d4ffbea6c7d559684cf0ef18
legacy-rating:34d69bb81aa8844d8114f112,poi-google:bb39550e5e39f9cd370cf2d4,Google Maps (legacy unverified),4.8,16,,0,obs:db78cbf4d3ea7c33b5ce4f19
legacy-rating:7eb01d908eeac288a05088a6,osm:way:303193771,Google Maps (legacy unverified),4.1,45,,0,obs:bce7e5cd1c58b1503510e680
legacy-rating:b056c3d15ea1207db2eb2d4b,poi-google:4d5cc0acd5adc3198648dd96,Google Maps (legacy unverified),4.6,86,,0,obs:ed4beca070507510dba3ce7f
legacy-rating:ca72ee2945b5252f3bd8d78a,osm:way:792416732,Google Maps (legacy unverified),4.2,136,,0,obs:2ef0d5866e31e18861ac50fd
legacy-rating:dc9357592f2bda1dda2e59c4,osm:way:568394248,Google Maps (legacy unverified),,1,,0,obs:3b685c529dc9a11e429f9ae5
legacy-rating:2f02d0053093a37683c000f5,poi-google:9cf9f3a3c7f59a0fe3fd2a69,Google Maps (legacy unverified),,88,,0,obs:345a566066c5bddcdf50da69
legacy-rating:48f996524a3e443ec6d9f783,osm:way:210931546,Google Maps (legacy unverified),4.3,871,,0,obs:0c95b8daf069b13a6814f80e
legacy-rating:26dce93efbcdc0526b6ccc9b,poi-google:851c564841d007deb710fff6,Google Maps (legacy unverified),3.6,5,,0,obs:2bcb45be0edb64b5884ae9a2
legacy-rating:ae046ff172e6c9724831665d,poi-google:1c3aff79e5e4866aeafe664f,Google Maps (legacy unverified),,24,,0,obs:95c0b89500c08c6e4991fcaa
legacy-rating:31f209b1f1356a57b3d55833,poi-google:d358f098ff112db05b6f7627,Google Maps (legacy unverified),4.2,216,,0,obs:cf9fb3528c447798cd7a0fa7
legacy-rating:c8507a417be20a6046cb5283,poi-google:b1701f61434e9b0b324aea75,Google Maps (legacy unverified),4.3,249,,0,obs:93e2ad9594a9eb47c9e19de7
legacy-rating:16edf2093b36f1459e7178fc,poi-google:47b8c7b506d2dd83190f776a,Google Maps (legacy unverified),4.3,1240,,0,obs:e42d394beb4c3fbcde022835
legacy-rating:e32c3f14893368ca3b4f4fa4,poi-google:8b61d287aff7b888151e9108,Google Maps (legacy unverified),3.6,106,,0,obs:28df2f8bb7332c1654c372e2
legacy-rating:bf24a99af0f08b05867d35f1,poi-google:eceec0e43f541a1e713c10c2,Google Maps (legacy unverified),4.1,472,,0,obs:55d789774e0117429071eb06
legacy-rating:b60793c0ee2c9a4f5b36f847,poi-google:5840ad68bc95ef822c4eebdd,Google Maps (legacy unverified),4.1,303,,0,obs:e204f303572dbab9288d64f8
legacy-rating:f3b8453524d7468a99a5de17,poi-google:aba3f5aa556bd46e466c6709,Google Maps (legacy unverified),4.4,31,,0,obs:9c9a9914738bba2bc39e809b
legacy-rating:d144d49bcbdd5a0445d9b83b,poi-google:7fd9a26b9e4754627932f064,Google Maps (legacy unverified),,122,,0,obs:02028baa9fe21c3562732418
legacy-rating:5eea1aef6ad683382258f728,poi-google:50547b7601c81dad2846f771,Google Maps (legacy unverified),4.2,153,,0,obs:f284b4c864834f5199ffb4e0
legacy-rating:41af3917cb80739841573b74,poi-google:bbbe5663edefc83abbc043e4,Google Maps (legacy unverified),3.1,98,,0,obs:42b232d5edb967e8c2e7f535
legacy-rating:005ed0d1bc612178ef4e799c,poi-google:e4a09bd3c3d116c936a9ea12,Google Maps (legacy unverified),4.9,181,,0,obs:187261d868ce9efa87677c04
legacy-rating:faf992f93d39435cc41316bc,osm:node:5485665267,Google Maps (legacy unverified),4.0,50,,0,obs:6ab48f91243033433e91fa9c
legacy-rating:12932d16df2102835d0e7d6a,poi-google:994eb43e86928d0dbcae69d7,Google Maps (legacy unverified),4.4,45,,0,obs:2aef6766debfbe01fd45ac50
legacy-rating:73bb553524185644cf3ee070,poi-google:ed0274d09afbecebc60176bd,Google Maps (legacy unverified),3.9,488,,0,obs:425a3ff51ec1701f8f0d6d79
legacy-rating:70e336b176b20ac0713f3a27,poi-google:ffe611aa36c049e012b42ee2,Google Maps (legacy unverified),,19,,0,obs:dd6a15f644d8555d49e388b2
legacy-rating:07322887333f8a188eeaa48c,poi-google:5125cfefe69ad78835caff25,Google Maps (legacy unverified),,209,,0,obs:959c3e93025c622cf63353e5
legacy-rating:33b4a098c0402c41fb2a4292,poi-google:849cce159d196b642ca9638b,Google Maps (legacy unverified),4.2,484,,0,obs:03461274b999a3defda544fb
legacy-rating:bfb680d85551ba10c5f030c1,poi-google:efe8809d41956622cf150be2,Google Maps (legacy unverified),,87,,0,obs:250c63f112d3f9b6875c5db4
legacy-rating:d9f0c4e7dbecb975e2919968,poi-google:4963fef04953b104e8408dd2,Google Maps (legacy unverified),4.1,107,,0,obs:de4e22a2804b1187bb8f3b46
legacy-rating:e11940d0f3bccdee41195309,osm:node:12814113704,Google Maps (legacy unverified),4.3,234,,0,obs:103c46bab488b8b004877fb3
legacy-rating:8de804823976b15f25dfc005,osm:node:12995557127,Google Maps (legacy unverified),4.0,881,,0,obs:bce098e3d3106a4793675bbd
legacy-rating:7824ac172eb3fcc1cd0b6ba4,poi-google:4ed25b647b9b0cfbe9d91c66,Google Maps (legacy unverified),4.3,56,,0,obs:2a8f4924637b9a93671c03f8
legacy-rating:790876d62083d9b38c6daefc,poi-google:f5923e7c5a6ad17db31d0294,Google Maps (legacy unverified),4.0,28,,0,obs:a5b3a7f700f912fa7d2d181f
legacy-rating:f44f236e66cd3cd403a394bc,poi-google:8e86217a528229a1c8db2cc6,Google Maps (legacy unverified),4.8,5,,0,obs:8aaad5d1a2e477cebf4e99a0
legacy-rating:610663a3b8d5effe9e9d0ecc,poi-google:5ee02c1a1bfaefecda0e3751,Google Maps (legacy unverified),5.0,1,,0,obs:0552c70c537edf860fbd6a03
legacy-rating:d2772f9c6da6fd1ce3fe50d4,poi-google:4806b0c34abf6cc264f4021c,Google Maps (legacy unverified),4.2,151,,0,obs:6735edb9ad9be27871eba0ed
legacy-rating:166a87f6b12a2016be584238,poi-google:cffa8eb9e232b3525623b2fc,Google Maps (legacy unverified),5.0,5,,0,obs:45b86a49ee04034a9b5e938d
legacy-rating:17eb22f75d8546d60d5d88b1,poi-google:f05cd0ac2fd2c9760db88880,Google Maps (legacy unverified),4.2,322,,0,obs:cbd270d6188ee56ded1ce582
legacy-rating:3bf9a4298a5255729ab42121,poi-google:a319716323c0993fcb1b5615,Google Maps (legacy unverified),3.7,408,,0,obs:2a099f22de08895a99671068
legacy-rating:0bc7a9affe39d61dcbe3d098,poi-google:e3c81367d910d4b390ff650c,Google Maps (legacy unverified),4.1,56,,0,obs:c6a55393c1e0127342fdd206
legacy-rating:423b36c8d06127ab8a2beb4a,poi-google:58d8062a28e0fa37f3e41acf,Google Maps (legacy unverified),4.9,14,,0,obs:f450a1c6c92e22e6e52a62f3
legacy-rating:c0dec0139f357164d112a74a,osm:way:1556362196,Google Maps (legacy unverified),3.6,2128,,0,obs:1ee5a5106a89208fd1590837
legacy-rating:fb31be8a5a46dc60572d0424,poi-google:9b58a0571fa2e752f579f1e8,Google Maps (legacy unverified),4.2,308,,0,obs:fb15b81f09ea84cff56d85e1
legacy-rating:b33a43c89925dbc0a6ad7449,poi-google:45583d4b2bb584834669f2d2,Google Maps (legacy unverified),4.2,155,,0,obs:c2a4bff951042e775af6fb61
legacy-rating:2647842b42c997b249f44381,poi-google:f7119ac9704d579009231abd,Google Maps (legacy unverified),4.2,253,,0,obs:4e7dfc24837d26ff5d021ac3
legacy-rating:a9e0112962dfac63eb7c6606,osm:node:2471647464,Google Maps (legacy unverified),4.1,10593,,0,obs:879619a4b58741d693c1eb48
legacy-rating:9eded8ba1f011225f2f4cad4,poi-google:5f05d4601c773d01df951fe9,Google Maps (legacy unverified),4.0,1007,,0,obs:33b8c442ad34c42fa9444ca6
legacy-rating:30f45f084670f6a1e429890f,poi-google:8c3a286b05691ec3f8a84ab0,Google Maps (legacy unverified),4.4,130,,0,obs:62f15f033e0afcd614e4dd2a
legacy-rating:8c4c88576bfdced4ca8861e2,osm:node:11989415196,Google Maps (legacy unverified),4.4,29,,0,obs:e1af2f954608408792eb9142
legacy-rating:d822fa8588292d1ac9887ccb,poi-google:c93302e65b2a4722f732431f,Google Maps (legacy unverified),,4,,0,obs:211f12a30fea5aef67087a33
legacy-rating:71620210748bcb66d4d07a87,osm:node:9844633824,Google Maps (legacy unverified),4.3,1197,,0,obs:016cb11d044a4590444483d2
legacy-rating:5402c94a647cf7f841d7cbfb,poi-google:06a24d8474729099cfe75095,Google Maps (legacy unverified),4.3,31,,0,obs:8eeb9feed641480b8c58f468
legacy-rating:b0dc1eb57c245c06617f11e0,osm:node:6849181831,Google Maps (legacy unverified),5.0,3,,0,obs:1e31b0458ee40a1dbca6214b
legacy-rating:9cb084d5ffdf066bb62d42ee,poi-google:3e187cb23500d2e6fcb695d7,Google Maps (legacy unverified),4.2,137,,0,obs:aaf906166346c1d1f75e74e8
legacy-rating:35533eb45cba2c141d3ece12,osm:node:9237323772,Google Maps (legacy unverified),4.0,597,,0,obs:aaf5bbc9990f762eec6b21aa
legacy-rating:06c86237ec5b5ec66e6ed7cd,poi-google:6ec9439e2e94172b0c1b16f0,Google Maps (legacy unverified),4.1,79,,0,obs:54f34ad447b6ad157cc53a1a
legacy-rating:1c50eccb0cff6a22e640b4d7,poi-google:5b23495de06acab934e72196,Google Maps (legacy unverified),4.3,167,,0,obs:2f0b8f78cc2e2c1ea82e48e8
legacy-rating:047111833a13d7fd78592783,poi-google:c642c2ae7698b6c88285b47e,Google Maps (legacy unverified),4.2,325,,0,obs:c18878dce871ce2b06bd1245
legacy-rating:4f01d1dfb99bc940dc80b2f4,poi-google:61a4bd6ab867330c96e49648,Google Maps (legacy unverified),4.3,322,,0,obs:222d845661c1470784d01beb
legacy-rating:5d7a0531971692e7af6bc5b7,poi-google:955a04c7b9b1f4ff47a9bba4,Google Maps (legacy unverified),4.3,310,,0,obs:d44a4edccf5f032022d431e9
legacy-rating:a374be843c60553621cfdca7,poi-google:23b6dc4fdc7132da67bc5dd5,Google Maps (legacy unverified),,249,,0,obs:4714500b3c6022aaa429d8f2
legacy-rating:ad9f158c48f5ddb383f4fb16,poi-google:cee0568a0132bf1e8ca26ffa,Google Maps (legacy unverified),4.3,113,,0,obs:7650fc237a546e73944674d4
legacy-rating:c1a1f1fddab90addc1e0d810,poi-google:b514b2a56e567a890c7d2a82,Google Maps (legacy unverified),4.1,796,,0,obs:f085d06b22b8387710ab5df9
legacy-rating:7af4ef75c96d18e455163f70,poi-google:662a3ac6c03d0b13a448f0dc,Google Maps (legacy unverified),4.0,276,,0,obs:966e9a5883f89c7135522ced
legacy-rating:7fd9e2213c19d0e0ee5db972,poi-google:32622d96933adef8e82888b8,Google Maps (legacy unverified),4.1,319,,0,obs:4a22cd9620fd7b360eb46648
legacy-rating:49b0dd6a36e6b41e4e5db632,osm:node:13449384383,Google Maps (legacy unverified),4.2,304,,0,obs:36dab77d0cfb112f18bb3afe
legacy-rating:4cb4243fbb36afbbc7eff5ff,poi-google:42b4792e42360929c925cfdc,Google Maps (legacy unverified),4.4,21,,0,obs:879ace2686209e31829de280
legacy-rating:e5404f1eaca8efd901a93d88,osm:node:13459658479,Google Maps (legacy unverified),4.2,259,,0,obs:b68af000a45b790ca1177787
legacy-rating:880fbc967f7f52be4acee754,osm:node:13464169251,Google Maps (legacy unverified),,4,,0,obs:b9bb2ed8fd324d8516c7d6c4
legacy-rating:4383e92d61d5cbb5277fb5b0,poi-google:3f3bb03d2a180610b28ccb25,Google Maps (legacy unverified),3.8,14,,0,obs:e0d280ee976d815f95177ed5
legacy-rating:45e87f69a7ebb54a577875fd,poi-google:612ccf80744c671c119515bb,Google Maps (legacy unverified),4.1,58,,0,obs:a61d20eac21dbdc9c877e60e
legacy-rating:6638e612bdcf2e61b7a18012,poi-google:42daf1dcc5e948d0d298a93b,Google Maps (legacy unverified),4.1,692,,0,obs:f72eb4426d51b4ddf218576c
legacy-rating:e367ee0aae11cec34a7ae5cd,poi-google:b23052e6811c48193e1186da,Google Maps (legacy unverified),4.2,39,,0,obs:664707ced4d9245f7f2a2020
legacy-rating:38d7745d851fe996c53f6fd9,poi-google:e3c58a8029dd6180706ffd91,Google Maps (legacy unverified),4.3,68,,0,obs:dd89d7eb2ccc1e5317fc82bc
legacy-rating:23793f20ccd1037daa741212,poi-google:4c69745718ca37ca972507f9,Google Maps (legacy unverified),3.9,634,,0,obs:703e2434fcb9b06939bd76a7
legacy-rating:89ed6abe2712595ecf35b048,poi-google:25c894fa63041decdd56fdae,Google Maps (legacy unverified),,479,,0,obs:29f2bee8d146d22e2bd008d8
legacy-rating:627d8bc5cef07a23761a7951,poi-google:ca5d89d5ff54b629461624d6,Google Maps (legacy unverified),3.8,329,,0,obs:554ce42f021a037eb0e216b6
legacy-rating:4c483f3502c09234db2b4407,poi-google:0fccb92c5722587467918e40,Google Maps (legacy unverified),,78,,0,obs:bc8665976fd95844cd6989be
legacy-rating:a13005553951c68c792ed1ea,poi-google:8137ed5ec457f9d6e27c8b90,Google Maps (legacy unverified),,491,,0,obs:6f043f413c2def7d84d10958
legacy-rating:28c1c7ca6dc69bb73c4a26ba,poi-google:2972a66c051ff16670d38634,Google Maps (legacy unverified),3.9,358,,0,obs:a6e5b48e0e2079c4bca4c212
legacy-rating:334c99f4f91c5b6837ab72ef,poi-google:2aeb07333a0fdbee38e66191,Google Maps (legacy unverified),4.2,114,,0,obs:a2623cf2d12975e876c2d68f
legacy-rating:a35d6601aa32e97a04593397,poi-google:072765cebdbc88bfd907a03d,Google Maps (legacy unverified),4.2,115,,0,obs:784e65ab7715774c8cbfb629
legacy-rating:fbf04150211743fc1b16d684,poi-google:4780dc37c91b69ab8a3979b2,Google Maps (legacy unverified),4.3,21,,0,obs:dce340d8fe490847b72fced1
legacy-rating:cff53f3a7ed3d19ed43239e3,poi-google:f7eedb01487fa9dd9edcf035,Google Maps (legacy unverified),4.0,131,,0,obs:246f0501274bbc1d2f10bd45
legacy-rating:14d695935efc783b1ace90e4,poi-google:928d7565fa158ff85b9a99ac,Google Maps (legacy unverified),4.6,62,,0,obs:a205d9b6ed330e8466420541
legacy-rating:4167b36f3001b4c1ba1b2784,poi-google:63dbfedad4755835dbb4ce30,Google Maps (legacy unverified),,103,,0,obs:be7cc7025aef46851748f839
legacy-rating:4fe3c1966b64f962b5130a62,poi-google:3d2e07486cade8ef9f3168b1,Google Maps (legacy unverified),4.0,265,,0,obs:6193a1e8333ff083093c0ce8
legacy-rating:646fa68729ea8d4acfb43901,poi-google:d038f1184601bb59fc306898,Google Maps (legacy unverified),3.9,184,,0,obs:c85530c539d8fc56257caa21
legacy-rating:97cb1e4467058b5b4387f78a,poi-google:b29735a37080e42f26510677,Google Maps (legacy unverified),4.3,6,,0,obs:8ba4942ff0dcbf21b052f4bf
legacy-rating:79a8b31132238432d34c4ce9,poi-google:0948c3f4937486b34caa02ae,Google Maps (legacy unverified),4.2,299,,0,obs:ac265bf505cee0684d685b96
legacy-rating:13bd466c9b4e71030e2aeddd,poi-google:90a2e8006662e28edb7c0246,Google Maps (legacy unverified),3.8,63,,0,obs:3cabce80d01a7c6e5c03ebba
legacy-rating:6d65080084490db7e71a905a,poi-google:ddb4efe5f2b7d99a98db1b85,Google Maps (legacy unverified),4.1,184,,0,obs:242c1438d11be9e15f17d35f
legacy-rating:7bce39f96ddfe774dd0229e7,poi-google:2a1078f5d2c3601e12e4c6a4,Google Maps (legacy unverified),4.5,275,,0,obs:39ea7ba6f06b6bc96fc61698
legacy-rating:1e9c52ffc42a82d4b1409d8c,poi-google:39e6177184a9cc132d1c0f29,Google Maps (legacy unverified),3.8,72,,0,obs:6ef16feb1c143e7fae2f0708
legacy-rating:05b3d5aaa6defd9cf96d0835,poi-google:a32b2745a4044f224568c61c,Google Maps (legacy unverified),,15,,0,obs:3fb5a75e185589ef9706ab45
legacy-rating:12e69172f5e77be673b09458,poi-google:5f6b57397709f071b4725c1c,Google Maps (legacy unverified),4.3,528,,0,obs:2d100910f9bb64ada22dad6b
legacy-rating:4fe5df79b31d54a6459d0281,osm:way:406780032,Google Maps (legacy unverified),4.4,564,,0,obs:01a6cf6d931b1d35c724b762
legacy-rating:9741b10ed2b82f9ba96b9c82,poi-google:ffca13fd7eb59a725d6f40ae,Google Maps (legacy unverified),3.9,493,,0,obs:9eef9b3310cbfa71a63744fc
legacy-rating:a8169ea76522e038603d1179,poi-google:59cb5c9af89a580ab307aee7,Google Maps (legacy unverified),4.2,60,,0,obs:35e3db81a141c4e82ebb3bdf
legacy-rating:b2f79a1d3bcc9ea212a00a29,poi-google:d93ca092b16ee45aa64eef0c,Google Maps (legacy unverified),4.3,991,,0,obs:e95901c92b1b319d93675121
legacy-rating:17f84913db601777d4874188,poi-google:4f366ae4bc542d554641dd8d,Google Maps (legacy unverified),3.9,59,,0,obs:5d784fd574ae57b05f15a723
legacy-rating:783079278368dd36ff5eff22,poi-google:e9bb4448fe4d04288102e45f,Google Maps (legacy unverified),,167,,0,obs:3d492b0f081008a8194737ca
legacy-rating:7931bdb0046c7c045098422e,poi-google:0e006198ae81bf05cddf7ca6,Google Maps (legacy unverified),4.2,305,,0,obs:765de6128a0ae2265f9a58b0
legacy-rating:5c59839d9f5faf3572881855,osm:way:573038806,Google Maps (legacy unverified),4.0,325,,0,obs:067ac52ed50e6f09b92a7fac
legacy-rating:2b946636a4c9100e8d6b0025,poi-google:8b8cd21d7620cf7b3d600ba1,Google Maps (legacy unverified),4.6,19,,0,obs:241d44ce69829a58df418f57
legacy-rating:8029358755f57b5cc7fef2ba,osm:way:780466790,Google Maps (legacy unverified),4.2,632,,0,obs:f21d8a990e8207780ff56952
legacy-rating:8510718f2f981e2f6a585085,osm:way:702456227,Google Maps (legacy unverified),4.0,3,,0,obs:33e552058c37a89e05c57cfa
legacy-rating:53a439da662d02cf7cc5c25f,poi-google:a04b7bfb6930f5945321979f,Google Maps (legacy unverified),4.5,2,,0,obs:716cfa335a8d8e9eba69f35e
legacy-rating:e53ceda650db7aa7c28f68c9,poi-google:830c3a3d7e94de163ac8b37d,Google Maps (legacy unverified),4.0,17,,0,obs:d7c0e669f65d866e8fa78553
legacy-rating:cb3e4f7bbae9369ee8284628,poi-google:61e76322c76db05b5ca672b3,Google Maps (legacy unverified),,83,,0,obs:238229ea05f45009153112fe
legacy-rating:b998e2387a69df99f9fd0456,osm:way:633559431,Google Maps (legacy unverified),4.2,130,,0,obs:2d57f8bff8ad520c96a739c1
legacy-rating:bb529592d809f206088cffd1,poi-google:c6051ca5ced65a5d0cdbc0c1,Google Maps (legacy unverified),4.2,90,,0,obs:2c22975cbe09a290bc9257ce
legacy-rating:8ac42c561f34762e125ee33f,poi-google:8651ffff4f2027be3736887c,Google Maps (legacy unverified),3.8,90,,0,obs:4213432648302010dbefc1a8
legacy-rating:27d99e8a6db4865c23591a71,poi-google:73f67ad0ad3fe62ba08f86fa,Google Maps (legacy unverified),3.9,100,,0,obs:8b4a07422e3d01c0dfa45511
legacy-rating:958e3fa2ed4c0912264f9bb1,poi-google:6bfe53f886d9241eb36fa888,Google Maps (legacy unverified),4.3,104,,0,obs:88661633f270b788cbb77a9e
legacy-rating:f461f264844808862a7097ec,poi-google:2db350f911fd40c89c6bf0ad,Google Maps (legacy unverified),3.8,92,,0,obs:063a5adf0ab8d99d1d623cc8
legacy-rating:4369792435d9564603b40b68,poi-google:c612c41efbef4bc7a622f622,Google Maps (legacy unverified),3.9,22,,0,obs:141c800a3e5dc9bd46866a81
legacy-rating:57e0c390c69b7ac185b59948,osm:way:1114925845,Google Maps (legacy unverified),4.1,194,,0,obs:202d02f8b5d938f35c0283a3
legacy-rating:26ea6fdb36d094f5e3b36a7b,poi-google:91cfe7840f68ce60f2de1628,Google Maps (legacy unverified),4.4,67,,0,obs:d76bad153f8e3b77076b49ce
legacy-rating:391ef894000e4a73201eb236,osm:way:967022598,Google Maps (legacy unverified),4.2,145,,0,obs:4f0c6b39fe7869d94cbf3086
legacy-rating:693329e5861ac51bab673897,osm:way:1213885337,Google Maps (legacy unverified),,9,,0,obs:a72df5b2cdd9db11a2f87599
legacy-rating:7360c555e04d0dd8e561c74f,osm:way:698273221,Google Maps (legacy unverified),3.8,1129,,0,obs:a3ba7088ed8a84e138f89822
legacy-rating:106d63da33631dac86d06482,poi-google:4ca3564eab5d0179c540785b,Google Maps (legacy unverified),4.3,30,,0,obs:77011e9d7ed270333f088e05
legacy-rating:350abfc741d2ef11f3a5baec,poi-google:2a970faad7eceeb523d2b727,Google Maps (legacy unverified),4.2,176,,0,obs:30bccc90b6b45a31da1740f7
legacy-rating:58e939e2c6426f0d7fde677b,osm:way:1212720895,Google Maps (legacy unverified),4.3,110,,0,obs:caf083f3b47e643cc84fd5a9
legacy-rating:c6095669de3e116378814246,poi-google:1fa2382eddb2d1e9202cc31b,Google Maps (legacy unverified),,1,,0,obs:e6866e3bc50100ce0665b40a
legacy-rating:8b54b8c59963e24dbe986ce5,poi-google:e1f66299a8ea23b02d2eb1c2,Google Maps (legacy unverified),,48,,0,obs:990bc9997306ce02d8da445d
legacy-rating:36bf3b6199ef37975f0a1e18,poi-google:09017666cb62d98e3fdad785,Google Maps (legacy unverified),5.0,3,,0,obs:737b6dec7e743bfd4bac1b69
legacy-rating:32cb9241fe216091709e7afa,poi-google:68452f3d6de74fb9f4014fc2,Google Maps (legacy unverified),4.3,594,,0,obs:3c317666f2226afa26705ef8
legacy-rating:1ccf58b30a1ff3049c681546,poi-google:9db0200f157f4df4744aa00b,Google Maps (legacy unverified),4.2,318,,0,obs:388856b80c9f71afae6ef1e2
legacy-rating:f1f50b9a7a70336edfabc35d,poi-google:26566f428f829e715d4a6b2c,Google Maps (legacy unverified),,164,,0,obs:149a7652be592e1deb4a5101
legacy-rating:ac8270194f63ad76dab20a12,poi-google:71d02641e962bb9505a06512,Google Maps (legacy unverified),4.2,1078,,0,obs:2a7a83208f0085e9fc68aef7
legacy-rating:c4ebb5c534d8614888dd10bc,poi-google:0e2a461d669a46b296cbfd47,Google Maps (legacy unverified),3.9,28,,0,obs:fb947a93a5f2ab87e8662f8b
legacy-rating:ca2a029f604647d327aea60d,osm:way:768696755,Google Maps (legacy unverified),3.9,195,,0,obs:7c9b47fc941349e8719c468c
legacy-rating:36d673545019d0ed1cc2e0fe,osm:way:1024232159,Google Maps (legacy unverified),4.1,1054,,0,obs:495e780bad0d4aeecda40f04
legacy-rating:a5c821b200cccc4be6f479c2,poi-google:a4959641671c03e1b1270033,Google Maps (legacy unverified),,83,,0,obs:f4f75cc31172d98d86d07e93
legacy-rating:a2d0667ebdf413ab90c4a528,poi-google:50cd120d5b1533ae73282a65,Google Maps (legacy unverified),4.1,502,,0,obs:96455b4767907acc689e5a88
legacy-rating:5e45b51a150503c96cf4b8ab,poi-google:8b8cfd4149f67b1e1d3c545b,Google Maps (legacy unverified),5.0,1,,0,obs:6ef74790092648aeb4719535
legacy-rating:ff37e45a559426ea86875b86,poi-google:de89445ff58869e72349f0cb,Google Maps (legacy unverified),4.2,66,,0,obs:ba95c87be1e8ec37927a3c46
legacy-rating:910997239397df6e3fe3f0c5,poi-google:62b8c88879be4b4c2bce762d,Google Maps (legacy unverified),4.3,131,,0,obs:b8f887f2eab3fe95bc3e82a9
legacy-rating:17771228d4854a30b9e62597,poi-google:30f369a9742b449c755bf5d1,Google Maps (legacy unverified),4.1,126,,0,obs:896547d1440acd60b9cc48a0
legacy-rating:79b13eb3aa88367e8d67c1df,poi-google:51afc9487bfc61aa18124338,Google Maps (legacy unverified),3.9,243,,0,obs:d00477e3c6437b658ace7b69
legacy-rating:b430bf84526febff5befb4ff,poi-google:2675f91ae5568225f556ff8a,Google Maps (legacy unverified),,20,,0,obs:d0047f46f4ec32922bd58035
legacy-rating:a4de7f927ebdd994509ce0fb,poi-google:8982371d63fa8c44ac37c8bf,Google Maps (legacy unverified),4.0,374,,0,obs:476fecdd18b100b48906c8aa
legacy-rating:8b5b02ebde78133d05fef231,poi-google:d54aedeb408931b0de2c8bb5,Google Maps (legacy unverified),4.0,125,,0,obs:0bf4b8e13535dd7622398791
legacy-rating:e024e27816fdb6442c21c90c,poi-google:e3f3f408d496ac40fa148493,Google Maps (legacy unverified),4.3,483,,0,obs:b1023feac639d479dd58fd32
legacy-rating:bd47c10e4b500695e3330b3e,poi-google:25ee6aaf8802fe732fddce94,Google Maps (legacy unverified),,6,,0,obs:c1eacaa747f74eb03313ad64
legacy-rating:50e7b38e3d5382c3a6226d05,poi-google:460f03550c8bc16c2a862336,Google Maps (legacy unverified),4.2,405,,0,obs:32e31574f75084abf7a4d169
legacy-rating:9cd9ce1f73133534fe2412b4,poi-google:4f482535e5d8b9d9eb2ff3f5,Google Maps (legacy unverified),,11,,0,obs:e38c816fee07a0dc4817b634
legacy-rating:6aeed882f0eedd87cd66bd40,poi-google:36536284017fd708ee1004b9,Google Maps (legacy unverified),3.9,204,,0,obs:725689946be04b0dd201a636
legacy-rating:124e61fef0517c068c659300,poi-google:6cc4c040b4f8b5a7370cd95e,Google Maps (legacy unverified),4.3,36,,0,obs:04b8ca818b86476e46a5d187
legacy-rating:fa092aaad426172789836abd,poi-google:bb3e91da5dcd9099cff05142,Google Maps (legacy unverified),3.9,78,,0,obs:6ee33dc22fd6de7a5de711cf
legacy-rating:3477261778db7d955ac14bc9,poi-google:5d7febdc0a0dd428e4ffd76e,Google Maps (legacy unverified),3.9,121,,0,obs:e04b3d4b0881c5cf2b21753c
legacy-rating:ac28b333bd1a209c58f8de27,poi-google:b504a71c50652c684e47b535,Google Maps (legacy unverified),3.9,11,,0,obs:bf04135f6ed4ad926673641b
legacy-rating:19d618a75bb5baadf2f81855,poi-google:8692474ead0bc0be327f1995,Google Maps (legacy unverified),,65,,0,obs:bf4653288c148146f8e85852
legacy-rating:30ced1ab14bd7f1e14144e59,poi-google:b7d10b793686883d06b0bf89,Google Maps (legacy unverified),4.4,182,,0,obs:1f4e98fce008709146e0e631
legacy-rating:ae7b72394f5939ac3891fd09,poi-google:8835a3d84cf9b49edf978b49,Google Maps (legacy unverified),4.3,253,,0,obs:ea13589b46b453148a64968d
legacy-rating:7fca0b24c927bdb9d9c0cef7,osm:way:1286768581,Google Maps (legacy unverified),4.4,94,,0,obs:f3bbbe82a46379cdf5a700c5
legacy-rating:2aab528b36583fe2ba6ea067,poi-google:e1a2794b0d63cf4ed461990a,Google Maps (legacy unverified),,48,,0,obs:70cd882f6599b826e32fc804
legacy-rating:fa259efc23273d7e8618c6c0,osm:way:1185629560,Google Maps (legacy unverified),4.3,86,,0,obs:b253dd8d5329126de98d213e
legacy-rating:b3042ee3fb141cba9ca5173f,poi-google:eac650a11dc6212489e6ca94,Google Maps (legacy unverified),,14,,0,obs:4e8693d060464ca45a2eceac
legacy-rating:0bb85ec60e805511934f9d8e,osm:way:1181242323,Google Maps (legacy unverified),4.0,296,,0,obs:7d48142b030986eb44b563ac
legacy-rating:c8f499f8b4f4092b2d191776,poi-google:80933a5f904dba9c56a4eb19,Google Maps (legacy unverified),4.1,110,,0,obs:a05d5279ec44a3d08995a79d
legacy-rating:613ae1222bf8ba329ae5cc4d,poi-google:d00513fddb8d57becb2a85b5,Google Maps (legacy unverified),3.9,74,,0,obs:3d99bf84fb45d9888fb8c1f5
legacy-rating:ce517465be19afa594762d4e,poi-google:be83753b189748c37e112f95,Google Maps (legacy unverified),4.1,475,,0,obs:d86f51c42e0dae6c69f082c5
legacy-rating:3c13ab034586ac1e20f1c043,poi-google:ba938ad7808bcee4349af2da,Google Maps (legacy unverified),4.6,246,,0,obs:38c5e90817930400e37cb7bc
legacy-rating:7a2161f899460715393e2928,poi-google:4fb46b6892d63dc9528ff54e,Google Maps (legacy unverified),4.4,127,,0,obs:50d4b27ee208ec3ed0b2ad0a
legacy-rating:680ce80f72ea7fa797f50627,osm:way:885744701,Google Maps (legacy unverified),4.0,5,,0,obs:e95685ebc53bbab11e9d3c66
legacy-rating:72ae6782680151c0ff804bcd,poi-google:276abd1c5cb8c16b0523ffee,Google Maps (legacy unverified),5.0,1,,0,obs:9de2dd79a65d08d9f4ed0770
legacy-rating:7459e8b13dd6dd63ca47ce32,poi-google:e6674523f840e52f41686a25,Google Maps (legacy unverified),4.2,96,,0,obs:4e4959562e8c2790dc2250a3
legacy-rating:06a79c7a37b9768992b079ae,osm:way:699905182,Google Maps (legacy unverified),3.9,573,,0,obs:7b79f051919f169e0e3265a7
legacy-rating:f916890102d7a4f9f3629e48,poi-google:e760f3b259aabfdde7e53fc7,Google Maps (legacy unverified),4.2,2712,,0,obs:ab2efe76b6322c78894409a2
legacy-rating:556a6be27528683ada44996d,poi-google:c71d8575e018e4bc78582041,Google Maps (legacy unverified),4.0,101,,0,obs:ac4cf4aeb2cf28158923410c
legacy-rating:68593e76d17994839cd8ef3c,poi-google:2991c4eeaa602b2bbcd77bc2,Google Maps (legacy unverified),4.3,89,,0,obs:49eb26c1b033be78e1a67111
legacy-rating:229e3fc60b2fe6e53286c999,poi-google:b01590e3b62fb6249446a1c9,Google Maps (legacy unverified),4.0,363,,0,obs:d835d9288a8d4ae4e4623e04
legacy-rating:cc749f7313ad377ff39b2a38,poi-google:598718b33ba3a795a847818f,Google Maps (legacy unverified),3.9,46,,0,obs:c0a3bd853a9cd8f20f9094c3
legacy-rating:6da03e754e57a32e1dd5d1fb,poi-google:1f283ff7fbc070386cfc9b1d,Google Maps (legacy unverified),4.3,162,,0,obs:4d1aebfb75c80f337729bd3a
legacy-rating:e01ccccf3e8d72ba844c641f,osm:way:1076716232,Google Maps (legacy unverified),4.1,753,,0,obs:2de16807dafa2f3759864054
legacy-rating:1504abea158b08bf66b6003d,osm:way:1076716243,Google Maps (legacy unverified),4.3,198,,0,obs:c5b54d3f1292d83c1f57910c
legacy-rating:349b1bdcc7dd3e068eef0566,poi-google:73a07d47e9b73e790e1043fb,Google Maps (legacy unverified),4.1,342,,0,obs:81c67a2bedf48faf715204e8
legacy-rating:c3768a886f0201caef541f64,poi-google:c53fcc294f0e8260837f01ec,Google Maps (legacy unverified),4.0,211,,0,obs:6cb5bf83091436622bf47de8
legacy-rating:17c98b226fa98e971812e197,osm:way:1114927597,Google Maps (legacy unverified),4.2,245,,0,obs:813d0d1215a520be8daea23e
legacy-rating:f07620cee6a0127ec7905b55,poi-google:5aad7c761b2785545fb0e06c,Google Maps (legacy unverified),4.7,112,,0,obs:d386d8467d2977cc058c1fa9
legacy-rating:edeea7acbbd38e1a7ad70211,osm:way:1251537938,Google Maps (legacy unverified),4.5,4,,0,obs:13fea3b65e427a6b4ad4cc33
legacy-rating:332a7db9fd538b04476517f2,poi-google:7e2b79d6a71287df9e58db0d,Google Maps (legacy unverified),4.4,334,,0,obs:548f533c1a5b3705b7d399f3
legacy-rating:44306ff23d3673a56cb8db3d,poi-google:93b4ca8409a4b1ab5a8287c7,Google Maps (legacy unverified),3.9,196,,0,obs:9c3013f308fa6a26f55ee779
legacy-rating:7808744681be734a8088d42e,osm:way:939812622,Google Maps (legacy unverified),4.1,5916,,0,obs:86843bd672dd067708b54ad2
legacy-rating:0473e13b6f0ba4ee253d3722,osm:way:1187339538,Google Maps (legacy unverified),4.1,528,,0,obs:6653eb7ae85a71048741ead8
legacy-rating:db7d0e22be2650f7506e1014,poi-google:433840e37971ebcf18a99118,Google Maps (legacy unverified),3.9,405,,0,obs:35e635a369c081b6b3c0560f
legacy-rating:3f3728c66b419bf2badb515f,poi-google:e0661d5fbc6395fc74a1e43b,Google Maps (legacy unverified),4.7,7,,0,obs:30cdf2deb46694e401a63058
legacy-rating:db72f637804d8acd44f94333,poi-google:f672b3da4358aa5d8bb3fd2a,Google Maps (legacy unverified),4.5,61,,0,obs:c18b8b6b53e2ca1388d7e244
legacy-rating:325fa4d06c26b54816e4fbe4,poi-google:05c76dbc47ed9278f339c523,Google Maps (legacy unverified),4.3,3073,,0,obs:71fccb016fea4c696fc54da7
legacy-rating:67bf1fc8eab7160cf21d1fba,poi-google:d9cf00f52881abfa03ecaf81,Google Maps (legacy unverified),3.9,1177,,0,obs:c78af254a8d4d582a639e0dd
legacy-rating:0448f330aea3c9e37a49e30b,poi-google:068c30c4c0435d6600f510d8,Google Maps (legacy unverified),4.4,84,,0,obs:239a7c73986810b05d0ab4b8
legacy-rating:a2ac5190455d8f183424af44,poi-google:d86fa456ebeea29727080055,Google Maps (legacy unverified),4.2,268,,0,obs:002da14714cd2b2c1899485f
legacy-rating:a91ac9acd140038a8a2a06db,osm:way:1192808464,Google Maps (legacy unverified),4.3,66,,0,obs:652f6eee921d456dd3c8e9b3
legacy-rating:b6eba8d64085aacd5879d3ac,poi-google:7d7ef21456577f75ee54b9e9,Google Maps (legacy unverified),5.0,3,,0,obs:2422c6e272783771a8283b3b
legacy-rating:8d7d6f24be0a6432dc6e5d5a,poi-google:a19f07e879047bca578bc2a9,Google Maps (legacy unverified),3.9,141,,0,obs:7980a07237c3bc6d0dd08dd9
legacy-rating:527bbe3f6046d4d4a5b1279e,poi-google:c89e255d3e22e840f0e879dc,Google Maps (legacy unverified),3.9,1276,,0,obs:8a4bb89ddcc02cc074994716
legacy-rating:ceb6550ec060e9d821a7eeb6,poi-google:e8fbf8a47d5800345bf9566b,Google Maps (legacy unverified),3.0,1,,0,obs:004dce183a5fe5c2242deaa8
legacy-rating:dfced48b23c2586dcd4dd4d6,osm:way:565186618,Google Maps (legacy unverified),4.2,230,,0,obs:986bef0f86811878e7a91c06
legacy-rating:f6a87606db1b45925afa14fe,osm:way:1551522690,Google Maps (legacy unverified),4.3,3,,0,obs:7188c302c5536acaf2929024
legacy-rating:156c3e78beccdf26f4b1ef6c,poi-google:192593754abdefc490d73cd6,Google Maps (legacy unverified),4.1,10544,,0,obs:a4fc88fe687917f36cdf1eed
legacy-rating:ec9bee09bccdf92d4bdd78ca,poi-google:16e8f329ea73b338f65d0342,Google Maps (legacy unverified),4.1,1024,,0,obs:e4dd5e11eff6e15a6b047533
legacy-rating:14118adc381e7437bf57c963,poi-google:73fa706af8c068e70994e0ee,Google Maps (legacy unverified),3.0,2,,0,obs:c59687ff0a73d9cf69f56a24
legacy-rating:90650ce9a6c71ca54bc62a5b,poi-google:1b974702bf3afd5824fd313e,Google Maps (legacy unverified),4.0,31,,0,obs:d25e027613d5ec486627bb44
legacy-rating:3e70547283f378fa8c5a57e8,poi-google:3a55eb4dc4ab76b9e07b9a95,Google Maps (legacy unverified),4.2,96,,0,obs:d2d41cbcf6f5211aa72dbd66
legacy-rating:00fa3f9acca3b078599db9f0,poi-google:6f8baf6b46b10beba59cbbe9,Google Maps (legacy unverified),4.8,362,,0,obs:53f6ff521767236de2c2e312
legacy-rating:d8a808e97c2ffad75b98bf78,osm:way:1159206296,Google Maps (legacy unverified),4.5,616,,0,obs:b2e533a73ee4a152aa08bab6
legacy-rating:6adbf613cf6739dd5dba1d8c,osm:way:941812629,Google Maps (legacy unverified),4.8,,,0,obs:a09951a57474459d71c50668
