{"type": "FeatureCollection", "scope_id": "danang_hoian", "version": 2, "source": "data\\vietnam_provinces_wards_geojson.zip", "source_sha256": "7ea9ed33d6b17fff5bdaa249b7edcb6546a39d397442104cb3d0ad2f683b9469", "boundary_method": "Union of 19 local snapshot wards covering old mainland Da Nang, Hoi An and Tan Hiep; excludes Hoang Sa and other former Quang Nam wards. Upstream origin of inherited snapshot not independently verified.", "features": [{"type": "Feature", "id": "20194", "bbox": [107.816735, 16.033449, 108.154526, 16.215549], "geometry": {"type": "MultiPolygon", "coordinates": [[[[108.065371, 16.112598], [108.065038, 16.112363], [108.064991, 16.112358], [108.064986, 16.112358], [108.064933, 16.112348], [108.064902, 16.112337], [108.064867, 16.112319], [108.064843, 16.112301], [108.064813, 16.112274], [108.0648, 16.112255], [108.064786, 16.112229], [108.064771, 16.112199], [108.064755, 16.112151], [108.06472, 16.112014], [108.0647, 16.11196], [108.064677, 16.111902], [108.064646, 16.111796], [108.064578, 16.111618], [108.064497, 16.111422], [108.06447, 16.111241], [108.06451, 16.110983], [108.064531, 16.110748], [108.064511, 16.110424], [108.064498, 16.110223], [108.064401, 16.110005], [108.064304, 16.109805], [108.064198, 16.109646], [108.064113, 16.109575], [108.064012, 16.109482], [108.063931, 16.109403], [108.063916, 16.109387], [108.063813, 16.109069], [108.063816, 16.108908], [108.06388, 16.108632], [108.063846, 16.108406], [108.063902, 16.108065], [108.063763, 16.107069], [108.063626, 16.105781], [108.063602, 16.105666], [108.063578, 16.105664], [108.063506, 16.105695], [108.063419, 16.105768], [108.063292, 16.105876], [108.063116, 16.10599], [108.062825, 16.106108], [108.062604, 16.106201], [108.062442, 16.106243], [108.062228, 16.106294], [108.062168, 16.106301], [108.061872, 16.106312], [108.061721, 16.106357], [108.061625, 16.106434], [108.061531, 16.106568], [108.061439, 16.106634], [108.06131, 16.106721], [108.061069, 16.106879], [108.060845, 16.107008], [108.060657, 16.107125], [108.060478, 16.107267], [108.060218, 16.107504], [108.060047, 16.107682], [108.059802, 16.107855], [108.059552, 16.108037], [108.059176, 16.108214], [108.058892, 16.108275], [108.058644, 16.108283], [108.058388, 16.108268], [108.058276, 16.10822], [108.057989, 16.108134], [108.057603, 16.108108], [108.057284, 16.108084], [108.056991, 16.108059], [108.056892, 16.108022], [108.056453, 16.107823], [108.056185, 16.107712], [108.055856, 16.107574], [108.055617, 16.107441], [108.055372, 16.107387], [108.055157, 16.10739], [108.05492, 16.107401], [108.054571, 16.107384], [108.054163, 16.107369], [108.053664, 16.107232], [108.053188, 16.107117], [108.052905, 16.107064], [108.052746, 16.107044], [108.052326, 16.107029], [108.052015, 16.107048], [108.051725, 16.106988], [108.051272, 16.106894], [108.050974, 16.106834], [108.050833, 16.106807], [108.050677, 16.106823], [108.050471, 16.106927], [108.05008, 16.107011], [108.049755, 16.10708], [108.049474, 16.107142], [108.049209, 16.107267], [108.048885, 16.107415], [108.048612, 16.107484], [108.048123, 16.107505], [108.047766, 16.107481], [108.047492, 16.10745], [108.047127, 16.107333], [108.046953, 16.10729], [108.046658, 16.107239], [108.046339, 16.107215], [108.046124, 16.107197], [108.045989, 16.107105], [108.045787, 16.107029], [108.045661, 16.106995], [108.044828, 16.106835], [108.044345, 16.106735], [108.044136, 16.10668], [108.043875, 16.106584], [108.043568, 16.106387], [108.043307, 16.106255], [108.043134, 16.106136], [108.042731, 16.105926], [108.042499, 16.105765], [108.042297, 16.105696], [108.042142, 16.105698], [108.041697, 16.105733], [108.041142, 16.105741], [108.040911, 16.105716], [108.040719, 16.10574], [108.04052, 16.10585], [108.04014, 16.106164], [108.039774, 16.106463], [108.039632, 16.106606], [108.039073, 16.107136], [108.038934, 16.107226], [108.03888, 16.107237], [108.038865, 16.10724], [108.038727, 16.107162], [108.038512, 16.107034], [108.0385, 16.107028], [108.038371, 16.106939], [108.0381, 16.106723], [108.037734, 16.106375], [108.037533, 16.10612], [108.037332, 16.105951], [108.037118, 16.105796], [108.036779, 16.105634], [108.036498, 16.105549], [108.036147, 16.105411], [108.035775, 16.105294], [108.035477, 16.105227], [108.035015, 16.105097], [108.034666, 16.105038], [108.034351, 16.104799], [108.033751, 16.104348], [108.033293, 16.103997], [108.032857, 16.103601], [108.032639, 16.103411], [108.032135, 16.102881], [108.031608, 16.102372], [108.031209, 16.102005], [108.030744, 16.101625], [108.03009, 16.101046], [108.029744, 16.100671], [108.029418, 16.100231], [108.029069, 16.099713], [108.028804, 16.09933], [108.028532, 16.099026], [108.028218, 16.098858], [108.027972, 16.098725], [108.02765, 16.098558], [108.027239, 16.098284], [108.026818, 16.097953], [108.026383, 16.097572], [108.02612, 16.097347], [108.025759, 16.097029], [108.025519, 16.096846], [108.025248, 16.096693], [108.02512, 16.096606], [108.024797, 16.096204], [108.024531, 16.095902], [108.024312, 16.095781], [108.024093, 16.095693], [108.023855, 16.095687], [108.023498, 16.095592], [108.023128, 16.095311], [108.023002, 16.09515], [108.022782, 16.094618], [108.02261, 16.094405], [108.022461, 16.094307], [108.022204, 16.094029], [108.021759, 16.093686], [108.021361, 16.093496], [108.020639, 16.093162], [108.020059, 16.093056], [108.019787, 16.092997], [108.019249, 16.092733], [108.017408, 16.091602], [108.017183, 16.0914], [108.016933, 16.091241], [108.016461, 16.091085], [108.016139, 16.091037], [108.015838, 16.091018], [108.015508, 16.091104], [108.014991, 16.091249], [108.014834, 16.091328], [108.01459, 16.091486], [108.014282, 16.091608], [108.013947, 16.091725], [108.013441, 16.091871], [108.013109, 16.091947], [108.012768, 16.091967], [108.012597, 16.091933], [108.012413, 16.092007], [108.012303, 16.092109], [108.012245, 16.092217], [108.012086, 16.092449], [108.01188, 16.092595], [108.011666, 16.092613], [108.011205, 16.092545], [108.010559, 16.092321], [108.010168, 16.092207], [108.009975, 16.092126], [108.009944, 16.092085], [108.009924, 16.092002], [108.009841, 16.09183], [108.009697, 16.091712], [108.009579, 16.091636], [108.009355, 16.091544], [108.009182, 16.09154], [108.008923, 16.091562], [108.008669, 16.091536], [108.008451, 16.091449], [108.008309, 16.091337], [108.006954, 16.090167], [108.006667, 16.089936], [108.006178, 16.089544], [108.005936, 16.08926], [108.005707, 16.088819], [108.005538, 16.088399], [108.005466, 16.088063], [108.005534, 16.087663], [108.005764, 16.087134], [108.006237, 16.086561], [108.006528, 16.086206], [108.006757, 16.085687], [108.006889, 16.085061], [108.007046, 16.084658], [108.007065, 16.084421], [108.007061, 16.08417], [108.006889, 16.083903], [108.006607, 16.083567], [108.006372, 16.083234], [108.00631, 16.083041], [108.006351, 16.082847], [108.006349, 16.082653], [108.006263, 16.082382], [108.006148, 16.082104], [108.005976, 16.081562], [108.005882, 16.080868], [108.00584, 16.080367], [108.005846, 16.080058], [108.005864, 16.079499], [108.005966, 16.078889], [108.006074, 16.078192], [108.006086, 16.07802], [108.006141, 16.077732], [108.006241, 16.077494], [108.00631, 16.077114], [108.006355, 16.076676], [108.006405, 16.076051], [108.006364, 16.075292], [108.006206, 16.074642], [108.006044, 16.074265], [108.005899, 16.073958], [108.005525, 16.073734], [108.005078, 16.073576], [108.00448, 16.073226], [108.004113, 16.07303], [108.003449, 16.072753], [108.003054, 16.072579], [108.002397, 16.072245], [108.002026, 16.071908], [108.001845, 16.071712], [108.001818, 16.071672], [108.001816, 16.071669], [108.001816, 16.071668], [108.001811, 16.071664], [108.001706, 16.071576], [108.001615, 16.071424], [108.001552, 16.071224], [108.001483, 16.070915], [108.001407, 16.070729], [108.001282, 16.070659], [108.000547, 16.070436], [108.000087, 16.070423], [107.999453, 16.070464], [107.998992, 16.070421], [107.998221, 16.070276], [107.99781, 16.070224], [107.996765, 16.0701], [107.996398, 16.070048], [107.996105, 16.069932], [107.995865, 16.069735], [107.99567, 16.069605], [107.995436, 16.069493], [107.995103, 16.069318], [107.994776, 16.069173], [107.994534, 16.069051], [107.994243, 16.068817], [107.994061, 16.068637], [107.993793, 16.068309], [107.993503, 16.068083], [107.993289, 16.068009], [107.992966, 16.067927], [107.992615, 16.067818], [107.992477, 16.067779], [107.992205, 16.067712], [107.99202, 16.067758], [107.991825, 16.067938], [107.991695, 16.068126], [107.991353, 16.068328], [107.991117, 16.068437], [107.990864, 16.068565], [107.990546, 16.068739], [107.990247, 16.068934], [107.989977, 16.069029], [107.989905, 16.069032], [107.989843, 16.069014], [107.989731, 16.068946], [107.989644, 16.068909], [107.989503, 16.068875], [107.989146, 16.068844], [107.988939, 16.068838], [107.988778, 16.068859], [107.988581, 16.068902], [107.988272, 16.068934], [107.988109, 16.068898], [107.987915, 16.068809], [107.987617, 16.068723], [107.987181, 16.068662], [107.987012, 16.068588], [107.986731, 16.068326], [107.986543, 16.068114], [107.986169, 16.067696], [107.986011, 16.067562], [107.985775, 16.067465], [107.985666, 16.067455], [107.985508, 16.067478], [107.985381, 16.067547], [107.985259, 16.067644], [107.985127, 16.06773], [107.98495, 16.067806], [107.984743, 16.067814], [107.984396, 16.067785], [107.984141, 16.067727], [107.983567, 16.067551], [107.983248, 16.067481], [107.982921, 16.067452], [107.982485, 16.067513], [107.981664, 16.067665], [107.981427, 16.067688], [107.981321, 16.067683], [107.980888, 16.067657], [107.980705, 16.067643], [107.980616, 16.067618], [107.980406, 16.067485], [107.980291, 16.067367], [107.980151, 16.067266], [107.979851, 16.067063], [107.979529, 16.066833], [107.979279, 16.066645], [107.979042, 16.066479], [107.978769, 16.066258], [107.978547, 16.06607], [107.978268, 16.065771], [107.978076, 16.065683], [107.97792, 16.065651], [107.977318, 16.065667], [107.976685, 16.06568], [107.976306, 16.065748], [107.975832, 16.065797], [107.975274, 16.065827], [107.974995, 16.065847], [107.97483, 16.065845], [107.974616, 16.065762], [107.974469, 16.06568], [107.974344, 16.065601], [107.974213, 16.06544], [107.974102, 16.06527], [107.973915, 16.065021], [107.973787, 16.064894], [107.97346, 16.064803], [107.973076, 16.064749], [107.97222, 16.064679], [107.971849, 16.064663], [107.971669, 16.064675], [107.971372, 16.064815], [107.971218, 16.064937], [107.970998, 16.065102], [107.970766, 16.065273], [107.970635, 16.065413], [107.970513, 16.065499], [107.970401, 16.065524], [107.970167, 16.065532], [107.969937, 16.06553], [107.969442, 16.065461], [107.969071, 16.065445], [107.968204, 16.065295], [107.967247, 16.065098], [107.966658, 16.064998], [107.966421, 16.064984], [107.966275, 16.065005], [107.966043, 16.065049], [107.965897, 16.065023], [107.965748, 16.064972], [107.965644, 16.064907], [107.965578, 16.06481], [107.965385, 16.064582], [107.965281, 16.064484], [107.965143, 16.064424], [107.964929, 16.064424], [107.964741, 16.064454], [107.964576, 16.064537], [107.96443, 16.064631], [107.964291, 16.064647], [107.963813, 16.064676], [107.963801, 16.064678], [107.963578, 16.064709], [107.963369, 16.064762], [107.963118, 16.064882], [107.962878, 16.064966], [107.962746, 16.065017], [107.962636, 16.065032], [107.962531, 16.065014], [107.962473, 16.064977], [107.962409, 16.064909], [107.962309, 16.064838], [107.962219, 16.064791], [107.962022, 16.064702], [107.961859, 16.064634], [107.961642, 16.064547], [107.96145, 16.064497], [107.961345, 16.064469], [107.961184, 16.064401], [107.961154, 16.064388], [107.96111, 16.064374], [107.961088, 16.064366], [107.961046, 16.064361], [107.961001, 16.064363], [107.960913, 16.064371], [107.960868, 16.064388], [107.960663, 16.064478], [107.960526, 16.064522], [107.959974, 16.064684], [107.959752, 16.064717], [107.959635, 16.064712], [107.959542, 16.064678], [107.959423, 16.064602], [107.959286, 16.06455], [107.959095, 16.064547], [107.958836, 16.064598], [107.958398, 16.064635], [107.958228, 16.064618], [107.957885, 16.064532], [107.957324, 16.064356], [107.956999, 16.064258], [107.956749, 16.064206], [107.956466, 16.064151], [107.956272, 16.064069], [107.956129, 16.063999], [107.955966, 16.063923], [107.955875, 16.063903], [107.955776, 16.063897], [107.955614, 16.063897], [107.955508, 16.06388], [107.955411, 16.063854], [107.95524, 16.063798], [107.955058, 16.063729], [107.954841, 16.063644], [107.95466, 16.063568], [107.95434, 16.063479], [107.954018, 16.063365], [107.953887, 16.063292], [107.953795, 16.06323], [107.953699, 16.063161], [107.953565, 16.063044], [107.953226, 16.062845], [107.952792, 16.06264], [107.952607, 16.062597], [107.952505, 16.062591], [107.952378, 16.06257], [107.9519, 16.062375], [107.951381, 16.06214], [107.951065, 16.06201], [107.950746, 16.061924], [107.950527, 16.061876], [107.949958, 16.061777], [107.949806, 16.061758], [107.949433, 16.061666], [107.949231, 16.061613], [107.948904, 16.061478], [107.948783, 16.061426], [107.948582, 16.061364], [107.948362, 16.061308], [107.948124, 16.061214], [107.948018, 16.061144], [107.947877, 16.061007], [107.947794, 16.060859], [107.947645, 16.060683], [107.947348, 16.060471], [107.947018, 16.060336], [107.946874, 16.060287], [107.946696, 16.060238], [107.946545, 16.060221], [107.946401, 16.060211], [107.946253, 16.060242], [107.946154, 16.060253], [107.946026, 16.060266], [107.945959, 16.060269], [107.945911, 16.060266], [107.945802, 16.060217], [107.945727, 16.060169], [107.945598, 16.060067], [107.945253, 16.059887], [107.944955, 16.059769], [107.944769, 16.059714], [107.944601, 16.059688], [107.944499, 16.059679], [107.944344, 16.059691], [107.944137, 16.059667], [107.94397, 16.059609], [107.943554, 16.059447], [107.943296, 16.0593], [107.943042, 16.059068], [107.942932, 16.058904], [107.942719, 16.058721], [107.942646, 16.058673], [107.94243, 16.058568], [107.94236, 16.058547], [107.942218, 16.058514], [107.942013, 16.058451], [107.941764, 16.058304], [107.941473, 16.058183], [107.941332, 16.058162], [107.941116, 16.058147], [107.940797, 16.058115], [107.940629, 16.058087], [107.940431, 16.058026], [107.940114, 16.057884], [107.93996, 16.05783], [107.939779, 16.057738], [107.939558, 16.057632], [107.939277, 16.057441], [107.939087, 16.057292], [107.938903, 16.057205], [107.938757, 16.057147], [107.938549, 16.057072], [107.938359, 16.056966], [107.938238, 16.056888], [107.937903, 16.056391], [107.937809, 16.056276], [107.937643, 16.056138], [107.93731, 16.055978], [107.936959, 16.05581], [107.936596, 16.055603], [107.936429, 16.055536], [107.936276, 16.055481], [107.936144, 16.055412], [107.936011, 16.05534], [107.935921, 16.055308], [107.935815, 16.055296], [107.935694, 16.055283], [107.935607, 16.05528], [107.935434, 16.055237], [107.934899, 16.054986], [107.934447, 16.054778], [107.934097, 16.054661], [107.933823, 16.054548], [107.933677, 16.054429], [107.933379, 16.054087], [107.933237, 16.053931], [107.932994, 16.053714], [107.932646, 16.053427], [107.932493, 16.053329], [107.932256, 16.053229], [107.932073, 16.05319], [107.931938, 16.053151], [107.931801, 16.053102], [107.931141, 16.052686], [107.930333, 16.052171], [107.929764, 16.051811], [107.929287, 16.051618], [107.929033, 16.051544], [107.928773, 16.051465], [107.928454, 16.051338], [107.927562, 16.050953], [107.927284, 16.050767], [107.926957, 16.050557], [107.926431, 16.050255], [107.925978, 16.050029], [107.925674, 16.049871], [107.92554, 16.049804], [107.925184, 16.049608], [107.924923, 16.049486], [107.924705, 16.049386], [107.924179, 16.04915], [107.923844, 16.048946], [107.923668, 16.048798], [107.923398, 16.048605], [107.922929, 16.048309], [107.922875, 16.048277], [107.922802, 16.048238], [107.922306, 16.047987], [107.922039, 16.047856], [107.921928, 16.047818], [107.921783, 16.047766], [107.921618, 16.047719], [107.921431, 16.047633], [107.921331, 16.047577], [107.921257, 16.047513], [107.921025, 16.047291], [107.920756, 16.047056], [107.920409, 16.046716], [107.920301, 16.046592], [107.920164, 16.046477], [107.920107, 16.046438], [107.919976, 16.046378], [107.919874, 16.046343], [107.919716, 16.046311], [107.919599, 16.046282], [107.919312, 16.046188], [107.919104, 16.046126], [107.918956, 16.0461], [107.918698, 16.046086], [107.91859, 16.046095], [107.918128, 16.046152], [107.91794, 16.04615], [107.917761, 16.046162], [107.917699, 16.046151], [107.917564, 16.046111], [107.917343, 16.045986], [107.917028, 16.045774], [107.916987, 16.045749], [107.916269, 16.04539], [107.915981, 16.045208], [107.915402, 16.044782], [107.915356, 16.04475], [107.915164, 16.044611], [107.914737, 16.04433], [107.91463, 16.044253], [107.914597, 16.044202], [107.914564, 16.04413], [107.914535, 16.044027], [107.914458, 16.043881], [107.914347, 16.043755], [107.914179, 16.043632], [107.914082, 16.043559], [107.913993, 16.043509], [107.913564, 16.043274], [107.913222, 16.043142], [107.913029, 16.043059], [107.912909, 16.042954], [107.912865, 16.042901], [107.912748, 16.042753], [107.912425, 16.042412], [107.912035, 16.042098], [107.911863, 16.04197], [107.911249, 16.041522], [107.910807, 16.041245], [107.910326, 16.040835], [107.910279, 16.04079], [107.910045, 16.040459], [107.909899, 16.040308], [107.909719, 16.04014], [107.909411, 16.039884], [107.909101, 16.039633], [107.908675, 16.039248], [107.908517, 16.039095], [107.908029, 16.038654], [107.907419, 16.038185], [107.907206, 16.037956], [107.90684, 16.037603], [107.906533, 16.037358], [107.90629, 16.037144], [107.905888, 16.036771], [107.905757, 16.036669], [107.905238, 16.03636], [107.904959, 16.036163], [107.904473, 16.035844], [107.904251, 16.035689], [107.90391, 16.035369], [107.903331, 16.034816], [107.90295, 16.034453], [107.902655, 16.034256], [107.902201, 16.034006], [107.901917, 16.033852], [107.901702, 16.033659], [107.901561, 16.033472], [107.901526, 16.033449], [107.901501, 16.033456], [107.901484, 16.033594], [107.901477, 16.033797], [107.901468, 16.034], [107.901441, 16.034197], [107.901401, 16.03431], [107.901324, 16.034446], [107.90117, 16.034759], [107.900996, 16.035024], [107.900763, 16.035305], [107.900497, 16.035544], [107.900405, 16.035622], [107.900095, 16.035844], [107.899909, 16.035973], [107.899788, 16.03602], [107.899695, 16.036033], [107.899485, 16.035998], [107.899423, 16.035989], [107.899231, 16.036021], [107.898991, 16.036186], [107.898747, 16.036381], [107.898556, 16.036555], [107.898416, 16.036758], [107.898253, 16.037095], [107.898039, 16.037365], [107.897757, 16.037838], [107.897664, 16.038078], [107.897536, 16.038626], [107.897313, 16.039073], [107.897087, 16.039356], [107.896845, 16.039574], [107.896662, 16.039677], [107.89641, 16.039737], [107.896247, 16.03974], [107.895812, 16.03971], [107.895609, 16.039648], [107.895334, 16.03963], [107.895113, 16.03969], [107.894884, 16.03978], [107.894553, 16.03992], [107.893494, 16.039985], [107.893264, 16.040024], [107.893103, 16.040141], [107.893076, 16.040306], [107.89308, 16.040571], [107.893188, 16.040899], [107.893417, 16.041355], [107.893571, 16.041657], [107.893633, 16.041754], [107.893703, 16.041857], [107.893704, 16.041914], [107.893613, 16.042016], [107.893428, 16.042276], [107.893081, 16.042751], [107.893047, 16.042818], [107.892853, 16.04317], [107.892751, 16.043471], [107.892674, 16.043923], [107.892592, 16.044252], [107.892406, 16.044801], [107.892318, 16.045185], [107.892257, 16.045616], [107.8922, 16.045954], [107.8922, 16.046208], [107.892227, 16.046542], [107.892318, 16.047046], [107.892387, 16.047361], [107.892368, 16.047523], [107.89232, 16.047622], [107.892175, 16.047684], [107.89183, 16.047685], [107.891277, 16.047684], [107.890909, 16.047653], [107.890564, 16.047556], [107.890527, 16.04755], [107.890153, 16.047501], [107.889761, 16.047542], [107.889299, 16.047677], [107.888673, 16.047908], [107.888164, 16.048069], [107.887824, 16.048181], [107.887724, 16.048189], [107.887635, 16.048173], [107.887574, 16.048098], [107.887519, 16.048013], [107.887364, 16.047773], [107.887189, 16.04756], [107.886952, 16.047388], [107.886695, 16.047268], [107.886539, 16.047216], [107.886372, 16.047204], [107.88614, 16.047272], [107.884046, 16.048338], [107.883936, 16.048418], [107.88377, 16.048545], [107.883635, 16.04862], [107.883495, 16.048687], [107.883284, 16.048776], [107.883047, 16.048961], [107.882816, 16.049207], [107.882617, 16.049448], [107.882322, 16.049818], [107.882008, 16.050258], [107.881864, 16.050477], [107.881454, 16.051026], [107.881245, 16.051215], [107.88104, 16.051414], [107.880947, 16.051501], [107.880818, 16.051532], [107.880637, 16.051509], [107.880184, 16.051449], [107.879982, 16.051433], [107.879894, 16.051418], [107.879717, 16.051388], [107.879528, 16.051391], [107.879134, 16.051453], [107.878903, 16.051501], [107.878706, 16.051569], [107.878583, 16.051607], [107.878494, 16.051638], [107.878359, 16.051726], [107.878109, 16.051891], [107.877918, 16.051968], [107.877715, 16.051995], [107.877304, 16.052024], [107.877069, 16.052009], [107.876818, 16.051978], [107.876817, 16.051978], [107.876816, 16.051978], [107.876738, 16.051927], [107.87648, 16.051845], [107.876048, 16.051736], [107.875633, 16.051729], [107.875477, 16.051822], [107.875242, 16.052026], [107.874991, 16.052157], [107.874714, 16.052227], [107.874532, 16.052328], [107.874449, 16.052382], [107.8742, 16.052558], [107.873952, 16.052857], [107.873811, 16.052998], [107.873609, 16.053096], [107.873299, 16.053167], [107.873122, 16.053213], [107.872882, 16.053393], [107.872757, 16.053605], [107.872625, 16.053716], [107.872468, 16.05379], [107.872177, 16.053827], [107.872004, 16.053858], [107.871764, 16.05401], [107.871534, 16.054505], [107.871245, 16.054657], [107.870941, 16.054833], [107.870761, 16.055041], [107.870649, 16.055511], [107.87049, 16.056149], [107.870307, 16.056476], [107.870153, 16.056722], [107.869963, 16.056916], [107.869645, 16.057173], [107.869189, 16.057385], [107.868879, 16.057494], [107.86844, 16.057576], [107.868197, 16.057842], [107.867915, 16.058195], [107.867804, 16.05835], [107.867648, 16.058892], [107.867608, 16.05915], [107.867685, 16.059374], [107.867447, 16.059286], [107.867031, 16.059253], [107.866794, 16.059261], [107.866492, 16.059251], [107.866288, 16.059149], [107.865965, 16.058981], [107.865746, 16.058898], [107.865582, 16.058867], [107.865307, 16.05898], [107.865182, 16.059187], [107.865048, 16.059505], [107.864859, 16.059751], [107.86458, 16.059979], [107.864137, 16.060463], [107.863845, 16.060763], [107.86339, 16.06109], [107.863134, 16.061323], [107.862998, 16.061535], [107.862896, 16.061803], [107.862735, 16.061915], [107.862548, 16.061938], [107.862109, 16.061937], [107.861712, 16.061853], [107.861457, 16.061731], [107.861219, 16.061448], [107.861118, 16.061276], [107.861061, 16.061225], [107.860841, 16.061085], [107.860588, 16.060998], [107.860073, 16.06089], [107.859494, 16.060826], [107.858782, 16.060831], [107.858302, 16.060827], [107.857943, 16.060768], [107.857842, 16.060737], [107.857564, 16.060656], [107.857263, 16.060607], [107.856962, 16.060557], [107.856589, 16.060463], [107.856216, 16.060399], [107.854612, 16.060693], [107.853925, 16.060836], [107.853408, 16.060979], [107.853103, 16.061098], [107.852889, 16.06122], [107.852625, 16.061391], [107.852536, 16.061403], [107.852365, 16.061351], [107.85188, 16.061066], [107.85158, 16.060813], [107.851178, 16.060344], [107.850824, 16.059913], [107.850566, 16.059572], [107.850438, 16.059421], [107.850413, 16.059385], [107.850249, 16.059089], [107.850172, 16.058904], [107.850097, 16.058833], [107.849921, 16.058918], [107.84971, 16.058974], [107.849455, 16.059028], [107.849311, 16.059037], [107.849133, 16.059029], [107.848966, 16.059027], [107.848807, 16.059051], [107.848641, 16.059138], [107.848498, 16.05924], [107.848226, 16.059596], [107.847919, 16.06025], [107.84763, 16.060475], [107.847189, 16.060611], [107.846769, 16.06054], [107.846324, 16.060401], [107.846126, 16.060358], [107.845873, 16.060384], [107.845251, 16.06056], [107.844526, 16.060879], [107.844176, 16.060984], [107.843905, 16.061036], [107.843668, 16.061015], [107.843479, 16.060979], [107.843295, 16.060872], [107.84301, 16.060627], [107.84275, 16.060411], [107.842586, 16.060337], [107.842378, 16.060311], [107.842046, 16.060282], [107.841705, 16.060272], [107.84131, 16.060272], [107.84078, 16.060292], [107.840438, 16.060335], [107.840179, 16.060374], [107.839929, 16.060396], [107.839835, 16.060286], [107.839742, 16.060105], [107.839612, 16.059962], [107.839131, 16.059502], [107.838229, 16.058895], [107.83772, 16.05868], [107.837347, 16.058563], [107.83676, 16.058479], [107.836165, 16.058318], [107.83552, 16.058036], [107.835193, 16.057842], [107.834866, 16.057602], [107.834483, 16.0574], [107.834109, 16.057214], [107.833838, 16.057049], [107.83374, 16.056837], [107.833671, 16.056683], [107.833571, 16.056349], [107.833545, 16.055929], [107.833557, 16.055661], [107.833499, 16.055433], [107.8334, 16.055167], [107.833184, 16.054971], [107.832786, 16.054792], [107.831825, 16.054492], [107.831344, 16.054605], [107.83087, 16.054642], [107.830348, 16.054603], [107.829724, 16.054695], [107.829067, 16.054922], [107.828936, 16.054963], [107.828601, 16.055088], [107.828184, 16.055217], [107.828006, 16.05524], [107.827561, 16.05528], [107.827185, 16.05534], [107.82652, 16.055408], [107.82616, 16.055412], [107.826038, 16.055404], [107.825925, 16.055376], [107.825589, 16.055277], [107.825352, 16.055288], [107.824977, 16.055614], [107.824735, 16.055801], [107.824404, 16.055897], [107.823993, 16.055926], [107.82345, 16.055981], [107.82223, 16.055958], [107.821088, 16.055887], [107.819737, 16.055776], [107.818618, 16.055647], [107.817649, 16.055468], [107.817492, 16.055429], [107.816788, 16.055253], [107.816746, 16.055243], [107.816735, 16.05524], [107.816923, 16.055574], [107.817029, 16.055788], [107.81717, 16.055977], [107.817361, 16.05617], [107.817641, 16.056439], [107.817749, 16.056539], [107.818053, 16.056874], [107.81833, 16.057074], [107.818566, 16.057239], [107.818641, 16.057292], [107.818761, 16.057387], [107.818796, 16.057505], [107.818784, 16.057699], [107.818742, 16.057897], [107.818716, 16.058266], [107.81872, 16.058431], [107.818735, 16.05871], [107.818712, 16.058809], [107.818665, 16.059012], [107.818616, 16.059242], [107.818645, 16.0594], [107.818751, 16.059578], [107.819027, 16.059922], [107.819327, 16.060368], [107.819586, 16.060785], [107.819726, 16.061166], [107.819873, 16.061613], [107.820011, 16.061905], [107.820063, 16.061976], [107.820154, 16.0621], [107.820205, 16.062261], [107.820202, 16.062376], [107.820189, 16.06287], [107.820184, 16.063126], [107.820188, 16.063676], [107.820215, 16.063882], [107.820158, 16.064303], [107.820042, 16.064557], [107.820043, 16.064707], [107.820072, 16.064954], [107.820114, 16.065058], [107.820134, 16.065108], [107.820871, 16.065969], [107.821205, 16.066349], [107.821624, 16.066784], [107.82193, 16.067177], [107.822205, 16.067625], [107.82294, 16.068181], [107.823188, 16.068369], [107.823653, 16.068822], [107.824277, 16.069303], [107.824559, 16.069681], [107.824779, 16.070114], [107.824857, 16.070394], [107.824868, 16.070537], [107.824848, 16.070673], [107.824701, 16.071331], [107.82456, 16.072021], [107.824519, 16.072457], [107.824377, 16.073048], [107.824174, 16.073234], [107.823988, 16.073459], [107.823715, 16.073783], [107.823522, 16.074069], [107.823184, 16.074761], [107.822873, 16.075406], [107.822867, 16.075417], [107.822632, 16.07587], [107.822413, 16.076124], [107.822128, 16.076422], [107.821998, 16.076653], [107.821902, 16.076908], [107.821816, 16.077139], [107.821649, 16.07782], [107.821686, 16.078075], [107.821804, 16.07845], [107.821906, 16.078923], [107.82199, 16.079265], [107.822002, 16.079571], [107.822065, 16.080129], [107.822092, 16.080358], [107.822216, 16.080708], [107.822411, 16.081126], [107.822374, 16.081948], [107.822378, 16.082259], [107.822409, 16.082384], [107.82245, 16.082548], [107.822465, 16.082739], [107.822437, 16.082918], [107.822454, 16.083021], [107.822676, 16.083261], [107.822898, 16.08354], [107.82347, 16.083848], [107.823887, 16.084135], [107.824627, 16.084568], [107.825034, 16.084792], [107.825597, 16.084953], [107.82554, 16.085343], [107.825457, 16.085643], [107.825475, 16.085725], [107.825511, 16.085981], [107.825506, 16.086522], [107.8255, 16.086767], [107.825514, 16.086877], [107.825596, 16.087028], [107.82564, 16.087095], [107.825675, 16.08715], [107.825692, 16.087257], [107.825721, 16.087551], [107.825851, 16.087794], [107.826217, 16.088098], [107.826352, 16.088258], [107.826389, 16.088425], [107.826391, 16.088445], [107.826407, 16.088612], [107.826465, 16.088718], [107.826667, 16.088976], [107.826723, 16.089579], [107.826827, 16.089912], [107.826884, 16.09004], [107.827037, 16.09013], [107.827282, 16.090278], [107.827638, 16.09053], [107.828177, 16.090914], [107.828453, 16.091127], [107.828569, 16.091242], [107.828684, 16.091459], [107.828848, 16.091725], [107.828871, 16.091742], [107.829035, 16.09186], [107.82934, 16.091972], [107.829764, 16.092093], [107.830773, 16.092461], [107.832289, 16.09297], [107.832308, 16.093029], [107.83227, 16.093185], [107.832097, 16.09363], [107.832032, 16.093807], [107.832027, 16.093923], [107.832063, 16.094139], [107.832198, 16.094767], [107.832212, 16.095241], [107.832249, 16.095554], [107.832575, 16.096284], [107.833091, 16.096942], [107.833664, 16.097753], [107.833945, 16.098078], [107.834322, 16.098409], [107.835087, 16.098804], [107.835863, 16.099421], [107.836184, 16.099761], [107.836401, 16.100033], [107.836695, 16.100702], [107.837101, 16.101134], [107.837284, 16.101252], [107.837558, 16.10131], [107.837818, 16.101353], [107.837979, 16.101408], [107.838107, 16.101488], [107.838238, 16.101654], [107.838394, 16.101848], [107.838573, 16.101907], [107.838754, 16.101919], [107.838934, 16.101931], [107.839137, 16.101962], [107.839348, 16.102043], [107.839702, 16.102238], [107.840278, 16.102582], [107.840622, 16.102764], [107.840942, 16.103004], [107.841289, 16.103394], [107.84175, 16.10354], [107.842551, 16.103675], [107.843066, 16.10376], [107.843383, 16.104008], [107.843683, 16.104238], [107.843937, 16.104369], [107.844194, 16.104413], [107.84494, 16.104522], [107.845368, 16.104584], [107.845483, 16.104645], [107.845523, 16.105233], [107.845623, 16.105576], [107.845744, 16.105727], [107.845912, 16.105855], [107.846319, 16.106125], [107.846535, 16.106321], [107.846898, 16.106805], [107.847099, 16.107032], [107.847473, 16.107211], [107.847656, 16.107277], [107.848044, 16.107449], [107.848229, 16.107571], [107.848469, 16.107792], [107.84869, 16.108078], [107.848737, 16.10815], [107.849018, 16.108473], [107.849164, 16.108676], [107.849291, 16.108914], [107.849434, 16.109356], [107.849622, 16.109721], [107.849727, 16.109808], [107.849881, 16.109916], [107.850172, 16.110103], [107.850579, 16.110319], [107.850763, 16.110493], [107.851014, 16.110895], [107.851602, 16.111078], [107.851971, 16.111196], [107.852186, 16.111311], [107.852861, 16.111719], [107.853672, 16.112037], [107.854162, 16.112565], [107.854588, 16.113026], [107.855003, 16.113242], [107.855037, 16.113275], [107.855186, 16.113504], [107.855288, 16.113708], [107.855439, 16.113854], [107.855692, 16.113966], [107.855986, 16.114129], [107.856102, 16.114257], [107.856122, 16.1143], [107.856183, 16.114428], [107.856214, 16.11462], [107.856216, 16.114652], [107.856223, 16.114751], [107.856196, 16.115421], [107.856134, 16.116064], [107.855995, 16.117475], [107.856064, 16.118017], [107.856067, 16.118651], [107.856025, 16.119354], [107.856002, 16.119732], [107.855999, 16.119848], [107.85595, 16.120333], [107.85579, 16.120748], [107.855629, 16.121063], [107.855443, 16.121326], [107.855067, 16.121621], [107.854921, 16.121699], [107.854713, 16.121883], [107.85447, 16.122183], [107.854351, 16.122447], [107.854316, 16.122768], [107.854325, 16.123107], [107.854447, 16.123583], [107.854624, 16.123978], [107.854624, 16.123978], [107.854627, 16.123984], [107.854707, 16.124164], [107.854842, 16.124449], [107.854893, 16.124586], [107.854927, 16.124764], [107.85492, 16.124941], [107.854918, 16.125154], [107.854947, 16.12529], [107.855008, 16.125363], [107.855384, 16.125653], [107.855411, 16.125679], [107.85555, 16.125866], [107.855708, 16.126108], [107.855807, 16.126319], [107.85589, 16.126551], [107.855921, 16.126748], [107.85593, 16.126817], [107.855951, 16.127336], [107.855964, 16.127709], [107.855989, 16.127774], [107.856067, 16.127834], [107.856379, 16.127972], [107.856865, 16.128276], [107.857008, 16.128394], [107.857317, 16.128656], [107.857393, 16.12878], [107.857454, 16.128923], [107.857537, 16.129116], [107.857559, 16.129336], [107.857617, 16.129757], [107.857721, 16.13009], [107.857855, 16.130369], [107.858247, 16.131015], [107.858388, 16.131371], [107.858469, 16.131615], [107.858511, 16.131943], [107.858545, 16.13242], [107.858579, 16.13262], [107.858602, 16.132673], [107.858636, 16.132706], [107.858739, 16.132746], [107.858922, 16.132839], [107.859116, 16.132959], [107.859289, 16.133117], [107.859351, 16.133201], [107.859367, 16.133278], [107.859344, 16.133386], [107.859204, 16.133752], [107.859199, 16.133848], [107.859245, 16.134006], [107.859324, 16.134124], [107.859523, 16.134229], [107.859697, 16.134298], [107.859841, 16.134395], [107.859945, 16.134564], [107.860074, 16.134855], [107.860087, 16.134891], [107.860175, 16.135092], [107.860198, 16.135182], [107.860155, 16.135233], [107.860021, 16.135339], [107.859887, 16.135491], [107.859861, 16.135601], [107.859774, 16.136], [107.85966, 16.136252], [107.859532, 16.136452], [107.859289, 16.13674], [107.859022, 16.137007], [107.858731, 16.137205], [107.858544, 16.137306], [107.858181, 16.137504], [107.857902, 16.137752], [107.857748, 16.137998], [107.857639, 16.138334], [107.857599, 16.138673], [107.857595, 16.13878], [107.85757, 16.139386], [107.857597, 16.139873], [107.857674, 16.140239], [107.857695, 16.14035], [107.8577, 16.140365], [107.857712, 16.140399], [107.857718, 16.140414], [107.857817, 16.140689], [107.857882, 16.140883], [107.857884, 16.140888], [107.857942, 16.14113], [107.85809, 16.141742], [107.858265, 16.142418], [107.858298, 16.142546], [107.858302, 16.142559], [107.858391, 16.14273], [107.858518, 16.142851], [107.858676, 16.142954], [107.85872, 16.14307], [107.858715, 16.143128], [107.858708, 16.143192], [107.858665, 16.143315], [107.858628, 16.143378], [107.858577, 16.143468], [107.858572, 16.143473], [107.858407, 16.143651], [107.85832, 16.143768], [107.858307, 16.143872], [107.858323, 16.143904], [107.85839, 16.144042], [107.858587, 16.144273], [107.858739, 16.144419], [107.858854, 16.144518], [107.858899, 16.144565], [107.859419, 16.144888], [107.859812, 16.145148], [107.859971, 16.145375], [107.860123, 16.145929], [107.860219, 16.146264], [107.860371, 16.146915], [107.860377, 16.146937], [107.860468, 16.1473], [107.860471, 16.147473], [107.860406, 16.147677], [107.860153, 16.148164], [107.859708, 16.148899], [107.85963, 16.149044], [107.859349, 16.149693], [107.859273, 16.149963], [107.859181, 16.150442], [107.859137, 16.150849], [107.859065, 16.151133], [107.858851, 16.15183], [107.858663, 16.152442], [107.858639, 16.152779], [107.858647, 16.152886], [107.858731, 16.153124], [107.858921, 16.153432], [107.859489, 16.154109], [107.859602, 16.15428], [107.859861, 16.154548], [107.860108, 16.15473], [107.860355, 16.154869], [107.860734, 16.155027], [107.861025, 16.15513], [107.861373, 16.15522], [107.861947, 16.155323], [107.862165, 16.155337], [107.862568, 16.155271], [107.862709, 16.155273], [107.863175, 16.155366], [107.863487, 16.155462], [107.863866, 16.155636], [107.864129, 16.155871], [107.864417, 16.156142], [107.864594, 16.156426], [107.865003, 16.156881], [107.865228, 16.157099], [107.865614, 16.157273], [107.865987, 16.157405], [107.866259, 16.157449], [107.866693, 16.157551], [107.867189, 16.157616], [107.867565, 16.157575], [107.868004, 16.157533], [107.868411, 16.157522], [107.868943, 16.157568], [107.869668, 16.157636], [107.870701, 16.157754], [107.871698, 16.157842], [107.872205, 16.157835], [107.872618, 16.157788], [107.872946, 16.157813], [107.873299, 16.157862], [107.873479, 16.157919], [107.873592, 16.158037], [107.873663, 16.158222], [107.873781, 16.158734], [107.873843, 16.158938], [107.873929, 16.159089], [107.874108, 16.159299], [107.874372, 16.159603], [107.87454, 16.159857], [107.874692, 16.160154], [107.874899, 16.160518], [107.874978, 16.160688], [107.875055, 16.160884], [107.87507, 16.161078], [107.875027, 16.161272], [107.874993, 16.161512], [107.875012, 16.161715], [107.875044, 16.161871], [107.875204, 16.162215], [107.875413, 16.162618], [107.87563, 16.163087], [107.875729, 16.163504], [107.875738, 16.164125], [107.87577, 16.164585], [107.875997, 16.165252], [107.876101, 16.16553], [107.876128, 16.165644], [107.876147, 16.165721], [107.876166, 16.165863], [107.876162, 16.166244], [107.87615, 16.166546], [107.876097, 16.166856], [107.876038, 16.167088], [107.875994, 16.167292], [107.875972, 16.167518], [107.875939, 16.167941], [107.875937, 16.168176], [107.875973, 16.168349], [107.87605, 16.16858], [107.876157, 16.168793], [107.876244, 16.168929], [107.876349, 16.169125], [107.876377, 16.169286], [107.87633, 16.169602], [107.876246, 16.169958], [107.876117, 16.170279], [107.875885, 16.170641], [107.875522, 16.171124], [107.875306, 16.171413], [107.875291, 16.171438], [107.875024, 16.171801], [107.874918, 16.172032], [107.87486, 16.172215], [107.874857, 16.172223], [107.874811, 16.172337], [107.874808, 16.172346], [107.874807, 16.172349], [107.874805, 16.172353], [107.874781, 16.172429], [107.874682, 16.172649], [107.874521, 16.172908], [107.874321, 16.173156], [107.874137, 16.173469], [107.873992, 16.17369], [107.873759, 16.174363], [107.873675, 16.174693], [107.873547, 16.175049], [107.873437, 16.175399], [107.873263, 16.17589], [107.873023, 16.176413], [107.872633, 16.177219], [107.872601, 16.177278], [107.872447, 16.177615], [107.872336, 16.177813], [107.872225, 16.17795], [107.871973, 16.178136], [107.871568, 16.178362], [107.871361, 16.178568], [107.870925, 16.179195], [107.870717, 16.179452], [107.870522, 16.179622], [107.870272, 16.179773], [107.870052, 16.179967], [107.869492, 16.180601], [107.86917, 16.180957], [107.868992, 16.181061], [107.868752, 16.181118], [107.868738, 16.18112], [107.868678, 16.181132], [107.868467, 16.181157], [107.868301, 16.181192], [107.868138, 16.181233], [107.86803, 16.181294], [107.867983, 16.18135], [107.867862, 16.181578], [107.867745, 16.181992], [107.867579, 16.182502], [107.867433, 16.182939], [107.867985, 16.18326], [107.869183, 16.18398], [107.870518, 16.184772], [107.871962, 16.185626], [107.873386, 16.186474], [107.873823, 16.18673], [107.874129, 16.186909], [107.875117, 16.187494], [107.875649, 16.187814], [107.876244, 16.188159], [107.876816, 16.188412], [107.876819, 16.188415], [107.877123, 16.188715], [107.877346, 16.189037], [107.877391, 16.189418], [107.87734, 16.189992], [107.876819, 16.191503], [107.876816, 16.191511], [107.876672, 16.191783], [107.87662, 16.191924], [107.876578, 16.192105], [107.8765, 16.192336], [107.876425, 16.192463], [107.876377, 16.192555], [107.876363, 16.192651], [107.876346, 16.192835], [107.876316, 16.192964], [107.876253, 16.193061], [107.87619, 16.193136], [107.876071, 16.193342], [107.876037, 16.19353], [107.875997, 16.193767], [107.875861, 16.193991], [107.875754, 16.194111], [107.875578, 16.194272], [107.875402, 16.194384], [107.875245, 16.194489], [107.875006, 16.194703], [107.874793, 16.194939], [107.874703, 16.195099], [107.874656, 16.195296], [107.874656, 16.195484], [107.874697, 16.195729], [107.874811, 16.195939], [107.87503, 16.196307], [107.875244, 16.196585], [107.875417, 16.196785], [107.875597, 16.196914], [107.876142, 16.197012], [107.876407, 16.197061], [107.876576, 16.197094], [107.876816, 16.197111], [107.876817, 16.197111], [107.876819, 16.197111], [107.876884, 16.197112], [107.877172, 16.197133], [107.877414, 16.197159], [107.87763, 16.197223], [107.877828, 16.197385], [107.878009, 16.197569], [107.878139, 16.197722], [107.878243, 16.197906], [107.878448, 16.198191], [107.878636, 16.198353], [107.878979, 16.198506], [107.879678, 16.198611], [107.880506, 16.198841], [107.880926, 16.19903], [107.881398, 16.199277], [107.881881, 16.199518], [107.882348, 16.199699], [107.882925, 16.19991], [107.883347, 16.200015], [107.883867, 16.20007], [107.884915, 16.199957], [107.885604, 16.199855], [107.88611, 16.199786], [107.886459, 16.199708], [107.886736, 16.199709], [107.886855, 16.199731], [107.886975, 16.199806], [107.887076, 16.199953], [107.887182, 16.200109], [107.887366, 16.200266], [107.88752, 16.20035], [107.887753, 16.200361], [107.888059, 16.200347], [107.888129, 16.200347], [107.888184, 16.200379], [107.888187, 16.200401], [107.888157, 16.200658], [107.888161, 16.201129], [107.888252, 16.201624], [107.888352, 16.20201], [107.888461, 16.202362], [107.888668, 16.202675], [107.888773, 16.202868], [107.88886, 16.202993], [107.889062, 16.203148], [107.889358, 16.203312], [107.889652, 16.203419], [107.88978, 16.203496], [107.889856, 16.203614], [107.889904, 16.203867], [107.889951, 16.204343], [107.889946, 16.204761], [107.889897, 16.205457], [107.889913, 16.206009], [107.889968, 16.206252], [107.890088, 16.206322], [107.890296, 16.206348], [107.890555, 16.206344], [107.891326, 16.206305], [107.891784, 16.206163], [107.892, 16.206067], [107.892689, 16.205745], [107.892905, 16.20566], [107.89329, 16.205593], [107.893626, 16.205531], [107.893921, 16.205436], [107.894289, 16.205259], [107.894596, 16.205149], [107.894692, 16.205112], [107.894914, 16.205097], [107.89523, 16.205153], [107.895503, 16.205239], [107.895831, 16.205453], [107.896509, 16.205975], [107.897782, 16.207152], [107.898642, 16.207781], [107.900211, 16.208906], [107.901138, 16.209343], [107.902221, 16.20971], [107.903275, 16.210078], [107.903776, 16.210501], [107.904182, 16.211184], [107.904384, 16.211913], [107.904466, 16.212953], [107.904623, 16.213376], [107.904766, 16.213675], [107.904932, 16.213835], [107.905172, 16.214018], [107.905492, 16.214238], [107.905858, 16.214416], [107.906074, 16.214499], [107.906541, 16.214471], [107.907274, 16.214363], [107.907559, 16.2143], [107.907858, 16.214201], [107.908202, 16.214121], [107.908393, 16.214107], [107.908517, 16.214117], [107.908731, 16.21428], [107.908841, 16.21444], [107.90901, 16.214581], [107.909123, 16.214673], [107.909313, 16.214724], [107.909477, 16.214786], [107.909661, 16.214956], [107.909934, 16.215307], [107.910003, 16.215377], [107.910108, 16.215509], [107.910328, 16.215432], [107.910441, 16.215418], [107.910809, 16.21548], [107.9111, 16.215525], [107.911199, 16.215549], [107.911201, 16.215549], [107.911415, 16.215457], [107.911455, 16.215432], [107.911753, 16.215251], [107.912013, 16.215132], [107.912455, 16.214971], [107.912786, 16.214851], [107.91325, 16.214655], [107.913497, 16.214537], [107.913658, 16.214392], [107.913836, 16.214156], [107.914034, 16.213949], [107.914438, 16.213668], [107.914682, 16.213403], [107.914889, 16.21312], [107.915024, 16.212918], [107.915083, 16.212706], [107.915103, 16.21253], [107.915163, 16.212289], [107.915267, 16.212079], [107.915461, 16.211786], [107.915839, 16.211226], [107.916073, 16.211041], [107.916404, 16.210635], [107.916456, 16.210536], [107.916686, 16.210066], [107.916983, 16.209534], [107.917122, 16.209293], [107.917429, 16.208954], [107.917606, 16.208725], [107.917792, 16.208436], [107.917906, 16.2083], [107.918, 16.208249], [107.918138, 16.208213], [107.918392, 16.20816], [107.91863, 16.208087], [107.918856, 16.207943], [107.919027, 16.207785], [107.919517, 16.207492], [107.920085, 16.207138], [107.920575, 16.206789], [107.920841, 16.206604], [107.920956, 16.206485], [107.921089, 16.206252], [107.921237, 16.205929], [107.921344, 16.205622], [107.921355, 16.205603], [107.921411, 16.205474], [107.921658, 16.205136], [107.921853, 16.204947], [107.922699, 16.204305], [107.923104, 16.203955], [107.923372, 16.203655], [107.923561, 16.203472], [107.923732, 16.203347], [107.923847, 16.203219], [107.924003, 16.202925], [107.924255, 16.202406], [107.924408, 16.202196], [107.924522, 16.202089], [107.924684, 16.201989], [107.925007, 16.201852], [107.925606, 16.201708], [107.925944, 16.201599], [107.926367, 16.201539], [107.926638, 16.201491], [107.926792, 16.20142], [107.926945, 16.201307], [107.927149, 16.201158], [107.927403, 16.200964], [107.927777, 16.200734], [107.927966, 16.2006], [107.928057, 16.200435], [107.9281, 16.200216], [107.928289, 16.199679], [107.928303, 16.199645], [107.928355, 16.199534], [107.928511, 16.199276], [107.928704, 16.199026], [107.928976, 16.198592], [107.929363, 16.197931], [107.92962, 16.197515], [107.929704, 16.197417], [107.929767, 16.197405], [107.929827, 16.19744], [107.929921, 16.197554], [107.930034, 16.197635], [107.930198, 16.197704], [107.930361, 16.197727], [107.930491, 16.197725], [107.930791, 16.197664], [107.930867, 16.197634], [107.931185, 16.197511], [107.931337, 16.197446], [107.931507, 16.197378], [107.931769, 16.197317], [107.932076, 16.197248], [107.93219, 16.197185], [107.932318, 16.19704], [107.932614, 16.196735], [107.932774, 16.196552], [107.932853, 16.196472], [107.933077, 16.196196], [107.933269, 16.196065], [107.933553, 16.195854], [107.933972, 16.195599], [107.934318, 16.195435], [107.934535, 16.195362], [107.934631, 16.195351], [107.93498, 16.195344], [107.935313, 16.195337], [107.935595, 16.195312], [107.93578, 16.195257], [107.936006, 16.195112], [107.936106, 16.195068], [107.936214, 16.195062], [107.936328, 16.195091], [107.936488, 16.195168], [107.936776, 16.195291], [107.937064, 16.195344], [107.937676, 16.195424], [107.937889, 16.195426], [107.938049, 16.195378], [107.938309, 16.195248], [107.938433, 16.19511], [107.938531, 16.194877], [107.938561, 16.194728], [107.938605, 16.194694], [107.939489, 16.194614], [107.93973, 16.194596], [107.940023, 16.194583], [107.940395, 16.194658], [107.940767, 16.194743], [107.941129, 16.194759], [107.941697, 16.194761], [107.942114, 16.19474], [107.942454, 16.194698], [107.942805, 16.194607], [107.943067, 16.194579], [107.94333, 16.194615], [107.943576, 16.194689], [107.943692, 16.19468], [107.943773, 16.194664], [107.943839, 16.194609], [107.943937, 16.194478], [107.943967, 16.194431], [107.944158, 16.19419], [107.944345, 16.194066], [107.944516, 16.193979], [107.944912, 16.193831], [107.94541, 16.193714], [107.945819, 16.193615], [107.946052, 16.193543], [107.946305, 16.193403], [107.946418, 16.193312], [107.946705, 16.193013], [107.94696, 16.19273], [107.947158, 16.192576], [107.947465, 16.192414], [107.94771, 16.192304], [107.948025, 16.192175], [107.948187, 16.192099], [107.94836, 16.19195], [107.948514, 16.191781], [107.948802, 16.191397], [107.949202, 16.191017], [107.949234, 16.190987], [107.94931, 16.190945], [107.949818, 16.190693], [107.950202, 16.190587], [107.950372, 16.190525], [107.950587, 16.190381], [107.950947, 16.190208], [107.951193, 16.190118], [107.951384, 16.190113], [107.95177, 16.190113], [107.952129, 16.190114], [107.952434, 16.19005], [107.952898, 16.189864], [107.953532, 16.189665], [107.954151, 16.189569], [107.95488, 16.189488], [107.955164, 16.189466], [107.955339, 16.189415], [107.95568, 16.189276], [107.955985, 16.189182], [107.956113, 16.189172], [107.956123, 16.189172], [107.956204, 16.189185], [107.956304, 16.189235], [107.956426, 16.189347], [107.956511, 16.18948], [107.956665, 16.189824], [107.956734, 16.189934], [107.956859, 16.190015], [107.957092, 16.190078], [107.957427, 16.190157], [107.957736, 16.190185], [107.957993, 16.190167], [107.958126, 16.190165], [107.958213, 16.190212], [107.958479, 16.190432], [107.958853, 16.190678], [107.958967, 16.190749], [107.959283, 16.190925], [107.959687, 16.19103], [107.959982, 16.191149], [107.96016, 16.191287], [107.960314, 16.191456], [107.960415, 16.191535], [107.960638, 16.191589], [107.960795, 16.191612], [107.961003, 16.191624], [107.961161, 16.191667], [107.961302, 16.191763], [107.961505, 16.191907], [107.961636, 16.192007], [107.961832, 16.192055], [107.96202, 16.192073], [107.962264, 16.192067], [107.962659, 16.192001], [107.962856, 16.191983], [107.963308, 16.191962], [107.963479, 16.191978], [107.963629, 16.192055], [107.963815, 16.192233], [107.964023, 16.192487], [107.964143, 16.192665], [107.964243, 16.19272], [107.964576, 16.192871], [107.964896, 16.193011], [107.965244, 16.193139], [107.965436, 16.193154], [107.965724, 16.19315], [107.966002, 16.193141], [107.966391, 16.193153], [107.96663, 16.193182], [107.96683, 16.193165], [107.967083, 16.193113], [107.967262, 16.193099], [107.967436, 16.19312], [107.967486, 16.193131], [107.967766, 16.193209], [107.967988, 16.193273], [107.968279, 16.193398], [107.968613, 16.193608], [107.968808, 16.193724], [107.969159, 16.193925], [107.969466, 16.194063], [107.96967, 16.194158], [107.969718, 16.19425], [107.969749, 16.19445], [107.969759, 16.194712], [107.96983, 16.194953], [107.969975, 16.195313], [107.970021, 16.195512], [107.970028, 16.195763], [107.97003, 16.195891], [107.970042, 16.195979], [107.970161, 16.19607], [107.970479, 16.19621], [107.970654, 16.196325], [107.970859, 16.196567], [107.971092, 16.196877], [107.971188, 16.1971], [107.971316, 16.197358], [107.971443, 16.197586], [107.971508, 16.197776], [107.971567, 16.198005], [107.97168, 16.198177], [107.971869, 16.198571], [107.971972, 16.198851], [107.972058, 16.199035], [107.972143, 16.199105], [107.972332, 16.199147], [107.972914, 16.199205], [107.973267, 16.199248], [107.973622, 16.199278], [107.973914, 16.199322], [107.974075, 16.199383], [107.974482, 16.199551], [107.974637, 16.19962], [107.974891, 16.199731], [107.975626, 16.200149], [107.976272, 16.200546], [107.976694, 16.200857], [107.97713, 16.201281], [107.977826, 16.201961], [107.978127, 16.202265], [107.978222, 16.202415], [107.978301, 16.202543], [107.978433, 16.202666], [107.978733, 16.202877], [107.978952, 16.203068], [107.979243, 16.203273], [107.979371, 16.203409], [107.979414, 16.203555], [107.97944, 16.203847], [107.979411, 16.204465], [107.979409, 16.204573], [107.979345, 16.20482], [107.979198, 16.205135], [107.97918, 16.20529], [107.979194, 16.205579], [107.979252, 16.205758], [107.979444, 16.206143], [107.979786, 16.20674], [107.980099, 16.207102], [107.980442, 16.207447], [107.980596, 16.207579], [107.980722, 16.207732], [107.980774, 16.207869], [107.980785, 16.208], [107.980831, 16.208161], [107.980884, 16.208202], [107.98098, 16.208212], [107.981404, 16.208233], [107.981711, 16.208274], [107.98188, 16.208304], [107.982027, 16.208377], [107.982103, 16.20848], [107.982226, 16.208759], [107.98245, 16.209389], [107.9826, 16.209683], [107.982704, 16.209807], [107.982844, 16.2099], [107.983228, 16.210128], [107.983611, 16.210293], [107.983892, 16.210513], [107.98423, 16.210792], [107.984414, 16.210963], [107.984576, 16.211163], [107.984652, 16.211314], [107.984755, 16.211567], [107.984866, 16.211783], [107.984967, 16.211889], [107.985076, 16.21193], [107.985473, 16.212017], [107.985801, 16.212099], [107.986063, 16.21222], [107.986335, 16.212408], [107.986673, 16.212684], [107.986907, 16.212886], [107.987026, 16.212968], [107.987228, 16.213052], [107.987506, 16.213251], [107.987838, 16.21353], [107.988064, 16.213736], [107.988149, 16.213848], [107.988181, 16.214013], [107.988202, 16.214101], [107.988217, 16.214217], [107.988227, 16.214217], [107.988227, 16.214217], [107.988269, 16.214219], [107.98834, 16.2142], [107.98845, 16.214153], [107.988747, 16.213991], [107.988825, 16.21395], [107.989012, 16.213823], [107.989423, 16.213553], [107.989571, 16.213405], [107.989858, 16.213055], [107.990173, 16.212845], [107.990454, 16.212654], [107.990802, 16.212378], [107.991124, 16.212162], [107.991392, 16.211896], [107.991692, 16.211506], [107.99203, 16.211202], [107.992555, 16.210734], [107.992987, 16.210358], [107.993226, 16.210178], [107.993373, 16.210015], [107.993619, 16.209738], [107.993863, 16.209576], [107.994045, 16.209532], [107.994221, 16.209526], [107.994358, 16.20959], [107.994573, 16.209695], [107.994738, 16.209779], [107.994909, 16.209827], [107.995015, 16.209871], [107.995074, 16.209888], [107.995155, 16.209886], [107.995194, 16.209886], [107.995301, 16.209819], [107.995564, 16.20963], [107.996015, 16.209214], [107.996375, 16.208979], [107.996782, 16.208809], [107.997666, 16.208353], [107.997962, 16.208197], [107.998159, 16.208079], [107.998343, 16.208023], [107.998596, 16.207942], [107.998785, 16.207831], [107.999009, 16.207664], [107.999245, 16.20755], [107.999506, 16.207469], [107.999799, 16.20739], [108.00009, 16.20726], [108.000489, 16.207028], [108.000902, 16.206738], [108.001571, 16.206351], [108.001803, 16.206255], [108.001814, 16.206251], [108.001816, 16.20625], [108.001819, 16.206248], [108.001819, 16.206248], [108.001848, 16.206229], [108.001881, 16.206206], [108.002253, 16.205986], [108.002448, 16.205791], [108.002567, 16.205712], [108.002834, 16.205532], [108.003487, 16.205099], [108.003673, 16.205027], [108.003803, 16.205008], [108.004047, 16.205047], [108.004221, 16.2051], [108.004368, 16.205137], [108.004506, 16.205129], [108.004643, 16.20512], [108.00475, 16.205117], [108.004814, 16.205115], [108.004973, 16.205135], [108.005091, 16.205155], [108.005118, 16.205171], [108.005331, 16.20527], [108.005372, 16.205286], [108.005395, 16.205297], [108.005445, 16.205315], [108.005531, 16.205311], [108.005545, 16.20531], [108.005641, 16.205247], [108.005715, 16.205178], [108.005881, 16.20494], [108.00601, 16.204731], [108.006138, 16.204593], [108.006274, 16.204455], [108.006491, 16.2043], [108.006724, 16.204103], [108.006864, 16.203961], [108.006926, 16.20383], [108.007014, 16.203674], [108.007289, 16.20314], [108.007541, 16.202722], [108.007788, 16.202423], [108.008101, 16.202111], [108.008414, 16.201761], [108.008441, 16.201658], [108.008438, 16.201604], [108.008402, 16.201324], [108.008407, 16.201206], [108.008439, 16.201092], [108.008659, 16.200729], [108.00902, 16.200172], [108.009455, 16.199615], [108.009686, 16.199281], [108.00982, 16.199016], [108.009906, 16.19887], [108.009949, 16.198809], [108.01026, 16.198365], [108.010499, 16.198107], [108.010641, 16.197955], [108.010874, 16.197754], [108.011144, 16.197567], [108.011398, 16.197422], [108.011664, 16.197245], [108.011702, 16.19717], [108.01174, 16.196953], [108.011767, 16.196791], [108.011814, 16.196677], [108.012061, 16.196505], [108.012191, 16.196453], [108.012312, 16.196435], [108.012366, 16.196427], [108.012568, 16.196358], [108.012773, 16.196232], [108.012916, 16.196112], [108.013108, 16.195904], [108.013422, 16.195499], [108.013644, 16.195284], [108.013876, 16.195029], [108.013992, 16.194891], [108.014322, 16.194602], [108.014764, 16.194318], [108.015178, 16.194055], [108.015329, 16.193985], [108.01562, 16.193914], [108.015742, 16.193909], [108.015912, 16.193929], [108.016174, 16.194011], [108.016336, 16.194089], [108.016513, 16.194203], [108.016779, 16.194267], [108.017049, 16.194392], [108.017456, 16.194554], [108.017671, 16.194609], [108.017786, 16.194618], [108.018544, 16.194493], [108.018804, 16.194468], [108.019108, 16.194472], [108.019346, 16.194454], [108.019547, 16.194424], [108.019744, 16.194377], [108.019897, 16.194315], [108.020286, 16.194105], [108.02054, 16.193976], [108.020715, 16.193914], [108.020882, 16.193894], [108.020923, 16.193893], [108.021086, 16.193908], [108.021312, 16.193976], [108.0215, 16.193997], [108.021631, 16.193959], [108.022001, 16.193731], [108.022296, 16.193624], [108.022459, 16.193598], [108.022734, 16.193602], [108.023027, 16.193595], [108.023321, 16.193538], [108.023815, 16.193424], [108.024178, 16.193231], [108.024395, 16.193135], [108.024514, 16.193082], [108.024784, 16.193007], [108.024977, 16.192996], [108.02511, 16.19303], [108.025291, 16.193158], [108.025377, 16.19322], [108.025604, 16.193416], [108.025722, 16.19345], [108.026042, 16.193387], [108.026277, 16.193293], [108.026423, 16.193209], [108.026461, 16.193192], [108.026643, 16.193108], [108.027108, 16.193004], [108.027348, 16.193054], [108.027523, 16.193122], [108.027747, 16.19321], [108.02809, 16.193301], [108.028236, 16.193305], [108.028351, 16.193193], [108.028441, 16.19313], [108.028841, 16.192913], [108.029163, 16.192767], [108.029491, 16.192632], [108.029766, 16.192433], [108.030774, 16.19189], [108.031107, 16.191676], [108.031754, 16.191257], [108.031873, 16.191207], [108.032747, 16.1909], [108.03299, 16.190824], [108.033106, 16.190806], [108.033197, 16.190812], [108.033316, 16.190907], [108.033532, 16.190998], [108.033916, 16.191153], [108.034177, 16.191289], [108.034383, 16.191367], [108.03468, 16.191368], [108.035077, 16.191327], [108.035207, 16.191325], [108.035684, 16.191443], [108.036209, 16.191554], [108.036398, 16.191553], [108.03655, 16.191523], [108.036752, 16.191443], [108.037063, 16.191236], [108.037393, 16.191011], [108.037696, 16.190833], [108.038058, 16.190626], [108.038227, 16.190454], [108.038281, 16.190388], [108.038402, 16.190163], [108.038403, 16.190162], [108.038459, 16.190105], [108.038563, 16.190089], [108.038643, 16.19009], [108.038667, 16.19009], [108.039023, 16.190124], [108.039208, 16.190137], [108.039375, 16.190129], [108.039449, 16.190112], [108.039692, 16.189998], [108.039786, 16.189962], [108.040386, 16.189498], [108.040843, 16.189189], [108.041345, 16.188819], [108.041839, 16.188558], [108.042187, 16.188344], [108.042426, 16.188197], [108.042867, 16.18774], [108.043521, 16.187441], [108.043916, 16.187271], [108.044035, 16.187276], [108.044054, 16.18728], [108.044335, 16.187331], [108.044405, 16.187314], [108.044615, 16.187173], [108.045006, 16.186953], [108.045619, 16.186655], [108.04617, 16.186354], [108.046685, 16.185905], [108.046891, 16.185754], [108.047134, 16.185639], [108.047465, 16.185535], [108.047504, 16.185519], [108.048147, 16.185184], [108.048739, 16.184783], [108.049079, 16.184558], [108.049427, 16.184287], [108.049684, 16.183986], [108.049853, 16.183827], [108.050022, 16.183729], [108.050261, 16.183618], [108.050529, 16.183539], [108.051261, 16.183169], [108.051794, 16.183023], [108.051804, 16.18302], [108.051991, 16.182995], [108.05225, 16.182983], [108.052377, 16.182976], [108.052475, 16.182945], [108.052722, 16.182763], [108.053008, 16.182534], [108.053211, 16.182285], [108.053219, 16.182276], [108.053457, 16.18207], [108.053618, 16.181911], [108.053716, 16.181814], [108.053914, 16.181597], [108.054179, 16.181418], [108.054311, 16.181319], [108.054541, 16.181184], [108.054921, 16.180959], [108.055262, 16.180741], [108.055527, 16.180562], [108.055826, 16.180375], [108.056197, 16.180167], [108.057104, 16.179774], [108.057816, 16.179496], [108.058261, 16.179344], [108.058451, 16.179275], [108.058788, 16.179222], [108.059352, 16.179163], [108.059388, 16.179169], [108.059454, 16.179165], [108.059727, 16.179219], [108.059893, 16.179279], [108.060328, 16.179489], [108.060659, 16.179669], [108.061083, 16.180091], [108.061138, 16.180143], [108.061226, 16.180213], [108.061555, 16.180492], [108.061756, 16.180731], [108.061853, 16.180893], [108.061958, 16.181124], [108.062307, 16.181709], [108.062568, 16.182237], [108.062636, 16.182392], [108.062687, 16.182482], [108.062925, 16.18275], [108.06307, 16.182932], [108.063565, 16.183362], [108.063653, 16.183439], [108.063863, 16.183674], [108.063977, 16.183839], [108.064117, 16.184043], [108.064194, 16.184146], [108.064354, 16.184078], [108.064645, 16.183996], [108.064831, 16.183949], [108.065148, 16.183842], [108.065434, 16.183803], [108.065843, 16.18373], [108.066237, 16.183624], [108.066484, 16.183543], [108.066883, 16.183422], [108.067094, 16.183374], [108.067328, 16.183363], [108.067541, 16.183299], [108.067925, 16.183162], [108.068256, 16.183057], [108.068569, 16.182939], [108.068846, 16.182771], [108.069176, 16.182622], [108.06947, 16.182519], [108.069979, 16.182359], [108.070171, 16.182299], [108.070526, 16.18216], [108.070676, 16.182137], [108.070755, 16.182136], [108.07105, 16.182268], [108.071082, 16.182282], [108.071341, 16.182343], [108.071578, 16.18239], [108.071895, 16.182379], [108.072034, 16.182371], [108.072061, 16.182369], [108.072409, 16.182333], [108.072714, 16.182287], [108.072937, 16.18224], [108.07303, 16.182225], [108.073164, 16.182204], [108.073286, 16.182209], [108.073607, 16.182238], [108.073682, 16.182254], [108.073819, 16.182316], [108.074068, 16.182552], [108.07459, 16.182973], [108.074935, 16.183233], [108.074995, 16.183279], [108.075396, 16.183528], [108.075457, 16.183551], [108.075679, 16.183428], [108.075836, 16.183355], [108.076283, 16.183233], [108.07647, 16.183167], [108.077319, 16.182928], [108.077353, 16.182923], [108.077664, 16.18286], [108.078103, 16.182784], [108.078371, 16.182761], [108.078463, 16.182753], [108.078831, 16.182726], [108.079262, 16.182654], [108.079558, 16.18264], [108.079731, 16.182679], [108.080202, 16.182874], [108.080253, 16.182895], [108.080518, 16.182976], [108.080858, 16.182981], [108.081093, 16.182942], [108.081382, 16.182881], [108.081683, 16.182748], [108.082046, 16.18262], [108.082047, 16.182619], [108.08235, 16.182522], [108.082445, 16.1825], [108.083026, 16.18224], [108.083324, 16.182113], [108.083347, 16.182122], [108.083696, 16.181967], [108.084088, 16.181747], [108.084289, 16.181596], [108.084373, 16.18158], [108.084447, 16.181617], [108.084654, 16.181843], [108.085022, 16.182316], [108.085281, 16.182451], [108.085644, 16.182575], [108.08565, 16.182577], [108.085684, 16.182588], [108.085891, 16.182623], [108.085971, 16.182637], [108.086124, 16.18261], [108.086272, 16.182536], [108.086354, 16.182485], [108.086443, 16.182426], [108.086767, 16.182122], [108.0869, 16.182018], [108.087222, 16.181874], [108.08761, 16.18176], [108.087793, 16.18172], [108.088063, 16.181706], [108.088564, 16.181744], [108.088883, 16.181771], [108.089138, 16.181774], [108.08925, 16.181755], [108.089313, 16.181734], [108.08939, 16.181683], [108.089496, 16.181582], [108.089636, 16.181396], [108.089761, 16.181278], [108.089866, 16.181225], [108.089981, 16.181202], [108.090074, 16.181203], [108.090215, 16.18118], [108.090421, 16.181068], [108.090608, 16.180938], [108.090951, 16.180714], [108.091182, 16.180534], [108.091531, 16.180334], [108.091633, 16.180293], [108.09179, 16.180246], [108.091989, 16.180207], [108.092027, 16.180199], [108.092165, 16.180178], [108.092442, 16.18023], [108.092807, 16.1803], [108.093316, 16.180564], [108.093531, 16.180663], [108.093645, 16.180808], [108.093658, 16.180826], [108.093741, 16.181072], [108.093857, 16.181647], [108.093861, 16.181969], [108.093771, 16.182398], [108.0938, 16.182566], [108.094138, 16.182961], [108.094587, 16.183423], [108.095186, 16.183848], [108.095595, 16.184101], [108.09601, 16.184418], [108.096432, 16.184716], [108.096895, 16.185028], [108.097454, 16.1854], [108.097927, 16.18568], [108.09838, 16.185985], [108.098911, 16.186399], [108.099186, 16.186606], [108.099481, 16.186747], [108.100225, 16.187038], [108.10051, 16.187129], [108.100665, 16.186954], [108.100902, 16.186808], [108.101286, 16.18673], [108.101603, 16.186645], [108.101984, 16.186345], [108.102144, 16.186219], [108.102172, 16.186193], [108.102634, 16.186027], [108.103135, 16.18581], [108.10331, 16.185776], [108.103483, 16.185772], [108.103702, 16.185829], [108.103896, 16.185909], [108.104054, 16.186002], [108.104156, 16.186062], [108.104371, 16.186178], [108.104629, 16.186269], [108.104873, 16.186308], [108.104959, 16.186297], [108.105136, 16.186243], [108.105386, 16.186118], [108.105872, 16.185794], [108.106252, 16.18558], [108.10633, 16.185536], [108.106391, 16.185485], [108.106493, 16.185389], [108.106616, 16.18533], [108.106633, 16.185325], [108.106723, 16.185306], [108.106913, 16.185311], [108.107023, 16.185295], [108.107293, 16.1852], [108.107625, 16.185127], [108.10766, 16.185115], [108.107788, 16.185055], [108.107959, 16.184919], [108.108297, 16.184592], [108.108599, 16.184341], [108.108713, 16.184246], [108.108811, 16.184197], [108.109068, 16.184086], [108.109304, 16.183989], [108.109307, 16.183988], [108.109314, 16.183983], [108.109482, 16.183859], [108.109646, 16.183691], [108.109871, 16.183296], [108.110035, 16.183117], [108.11039, 16.182692], [108.110782, 16.182281], [108.111022, 16.182084], [108.111365, 16.181967], [108.111558, 16.181948], [108.11175, 16.181965], [108.111987, 16.182025], [108.112251, 16.182194], [108.112283, 16.18221], [108.112503, 16.182311], [108.112538, 16.182321], [108.112635, 16.182349], [108.112747, 16.182347], [108.112999, 16.182283], [108.11363, 16.182183], [108.113902, 16.182199], [108.114108, 16.182266], [108.11496, 16.182618], [108.115633, 16.182777], [108.116145, 16.182784], [108.116365, 16.182755], [108.116529, 16.182697], [108.116709, 16.182633], [108.117083, 16.182456], [108.117412, 16.182251], [108.117857, 16.181927], [108.118179, 16.181673], [108.118273, 16.181599], [108.118363, 16.181504], [108.118455, 16.181419], [108.118538, 16.181346], [108.118612, 16.181328], [108.118818, 16.181295], [108.118919, 16.181296], [108.119488, 16.181415], [108.119748, 16.181465], [108.1206, 16.181598], [108.120733, 16.181636], [108.1211, 16.181741], [108.121778, 16.182022], [108.122392, 16.182174], [108.122741, 16.182289], [108.123662, 16.182688], [108.124243, 16.182873], [108.124284, 16.182882], [108.124727, 16.183008], [108.124953, 16.183136], [108.125176, 16.183284], [108.125414, 16.183483], [108.125875, 16.183927], [108.126473, 16.184305], [108.126806, 16.184496], [108.126815, 16.184502], [108.126818, 16.184504], [108.126819, 16.184504], [108.129414, 16.186346], [108.130233, 16.186947], [108.130565, 16.187182], [108.1308, 16.187328], [108.130806, 16.187332], [108.130914, 16.187401], [108.131321, 16.18766], [108.131338, 16.18767], [108.131823, 16.188083], [108.13194, 16.188182], [108.13198, 16.188249], [108.13225, 16.188707], [108.132464, 16.188964], [108.132912, 16.189061], [108.133988, 16.189621], [108.135456, 16.190526], [108.135716, 16.190813], [108.135955, 16.191076], [108.13622, 16.191349], [108.136542, 16.192062], [108.136596, 16.192156], [108.13662, 16.192197], [108.136734, 16.192397], [108.136739, 16.192405], [108.136839, 16.192579], [108.137189, 16.192922], [108.137504, 16.193014], [108.137514, 16.19302], [108.137932, 16.193231], [108.137988, 16.193292], [108.138118, 16.193431], [108.138252, 16.193626], [108.138351, 16.193689], [108.138388, 16.193684], [108.138844, 16.193698], [108.139171, 16.193708], [108.139179, 16.193708], [108.139872, 16.193674], [108.139884, 16.193669], [108.140214, 16.193552], [108.140846, 16.193327], [108.141958, 16.192873], [108.143127, 16.192347], [108.144713, 16.191747], [108.146053, 16.191286], [108.14659, 16.191101], [108.150354, 16.189708], [108.1525, 16.188913], [108.154282, 16.188347], [108.154289, 16.188345], [108.154526, 16.188256], [108.154509, 16.188192], [108.154443, 16.187948], [108.154374, 16.187855], [108.154344, 16.187814], [108.154334, 16.187799], [108.154258, 16.187687], [108.154248, 16.187673], [108.154238, 16.187658], [108.15418, 16.187528], [108.154178, 16.187523], [108.15413, 16.187415], [108.154068, 16.187209], [108.154086, 16.186993], [108.154158, 16.186806], [108.154297, 16.186704], [108.154378, 16.186659], [108.154399, 16.186573], [108.15439, 16.186473], [108.154269, 16.186367], [108.154141, 16.186233], [108.154028, 16.186098], [108.153915, 16.186014], [108.153818, 16.185987], [108.153728, 16.185931], [108.153635, 16.185667], [108.153632, 16.185495], [108.153589, 16.18539], [108.153571, 16.185345], [108.153426, 16.185118], [108.153332, 16.184783], [108.153282, 16.184425], [108.153231, 16.184018], [108.153206, 16.183942], [108.153197, 16.183902], [108.153161, 16.183806], [108.153151, 16.183779], [108.153145, 16.183759], [108.153083, 16.18359], [108.153079, 16.183495], [108.153072, 16.183332], [108.153067, 16.183067], [108.153138, 16.182865], [108.153151, 16.18275], [108.15309, 16.182658], [108.152986, 16.182617], [108.15297, 16.182601], [108.152896, 16.182525], [108.152878, 16.18236], [108.152894, 16.18217], [108.152897, 16.182138], [108.152983, 16.18195], [108.15301, 16.181821], [108.152971, 16.181664], [108.152848, 16.181372], [108.1528, 16.181214], [108.152761, 16.181086], [108.152713, 16.180807], [108.152776, 16.180599], [108.15297, 16.180216], [108.153229, 16.179875], [108.153244, 16.179845], [108.153265, 16.179828], [108.153355, 16.179709], [108.153478, 16.179528], [108.153498, 16.179419], [108.153526, 16.179269], [108.153525, 16.179213], [108.153524, 16.179134], [108.153523, 16.179097], [108.153484, 16.178993], [108.153423, 16.178833], [108.153236, 16.178284], [108.153139, 16.177798], [108.153103, 16.177362], [108.153018, 16.177134], [108.152857, 16.176799], [108.152817, 16.176681], [108.152747, 16.176471], [108.152718, 16.176318], [108.152707, 16.176264], [108.152728, 16.176156], [108.152748, 16.176027], [108.152835, 16.175932], [108.152865, 16.175908], [108.152916, 16.175867], [108.152922, 16.175773], [108.152914, 16.175759], [108.152884, 16.175702], [108.152787, 16.175661], [108.152704, 16.175598], [108.152657, 16.175448], [108.152734, 16.175146], [108.152826, 16.174879], [108.152912, 16.174706], [108.152925, 16.174692], [108.152934, 16.174671], [108.153084, 16.174523], [108.153143, 16.174464], [108.153168, 16.174425], [108.153189, 16.174401], [108.153277, 16.174313], [108.153402, 16.174283], [108.153484, 16.174289], [108.1535, 16.174276], [108.153502, 16.174276], [108.153502, 16.174274], [108.153528, 16.174252], [108.153549, 16.174145], [108.153542, 16.173979], [108.153537, 16.173858], [108.15354, 16.173593], [108.153596, 16.173391], [108.153683, 16.173283], [108.153741, 16.173196], [108.153747, 16.173117], [108.153749, 16.173031], [108.153751, 16.172916], [108.153793, 16.172758], [108.15388, 16.172592], [108.153952, 16.172447], [108.153964, 16.172297], [108.153977, 16.172196], [108.153939, 16.172132], [108.153892, 16.17212], [108.153889, 16.172116], [108.153808, 16.17209], [108.153746, 16.172064], [108.153669, 16.171928], [108.153522, 16.171565], [108.15349, 16.171415], [108.153385, 16.171309], [108.153373, 16.171302], [108.153272, 16.171239], [108.153263, 16.171231], [108.153062, 16.17107], [108.152744, 16.170645], [108.152486, 16.170276], [108.15222, 16.169879], [108.152104, 16.169551], [108.152019, 16.16933], [108.152016, 16.169136], [108.151991, 16.168906], [108.151989, 16.168893], [108.151985, 16.168824], [108.15198, 16.168745], [108.15198, 16.168736], [108.151911, 16.168615], [108.15162, 16.168483], [108.151544, 16.168446], [108.151304, 16.16833], [108.151299, 16.168327], [108.151293, 16.168324], [108.151276, 16.168316], [108.151136, 16.168189], [108.151065, 16.168126], [108.15101, 16.167912], [108.151027, 16.167617], [108.151174, 16.167005], [108.151698, 16.165755], [108.151879, 16.16544], [108.151883, 16.165431], [108.151884, 16.165431], [108.15192, 16.165369], [108.152057, 16.165272], [108.152303, 16.16523], [108.152616, 16.165259], [108.15266, 16.165263], [108.152827, 16.165251], [108.153033, 16.165143], [108.153258, 16.165036], [108.153367, 16.164985], [108.153573, 16.164905], [108.153671, 16.164818], [108.153679, 16.164693], [108.153655, 16.164455], [108.153711, 16.164225], [108.153789, 16.164017], [108.15385, 16.163839], [108.153953, 16.163304], [108.153969, 16.163055], [108.153905, 16.162722], [108.153761, 16.16237], [108.153556, 16.161962], [108.153513, 16.161734], [108.153504, 16.161642], [108.15349, 16.161505], [108.153419, 16.161412], [108.153389, 16.161372], [108.153199, 16.161261], [108.152819, 16.160989], [108.152452, 16.16088], [108.151965, 16.160753], [108.151302, 16.160677], [108.151011, 16.160643], [108.150796, 16.160618], [108.150602, 16.160628], [108.150549, 16.160631], [108.150331, 16.160558], [108.150241, 16.160483], [108.150062, 16.160457], [108.149986, 16.160466], [108.149806, 16.160489], [108.14956, 16.160607], [108.149482, 16.160634], [108.149354, 16.160677], [108.149321, 16.16068], [108.149107, 16.1607], [108.148781, 16.160705], [108.148722, 16.160733], [108.148516, 16.160833], [108.148213, 16.161076], [108.147772, 16.161303], [108.147537, 16.161469], [108.147391, 16.161614], [108.146791, 16.162445], [108.146706, 16.162675], [108.146712, 16.163038], [108.146729, 16.163249], [108.14675, 16.16351], [108.146757, 16.163617], [108.146815, 16.163817], [108.146813, 16.163867], [108.146809, 16.16396], [108.146735, 16.164104], [108.146709, 16.164155], [108.146654, 16.164203], [108.14646, 16.164374], [108.146436, 16.164389], [108.146038, 16.164636], [108.145841, 16.164714], [108.14569, 16.164773], [108.145531, 16.164778], [108.144964, 16.164798], [108.144548, 16.164747], [108.144244, 16.164744], [108.143971, 16.164827], [108.143593, 16.164861], [108.142955, 16.164828], [108.142722, 16.164776], [108.142352, 16.164693], [108.141487, 16.164369], [108.140934, 16.164112], [108.140199, 16.163585], [108.139607, 16.163088], [108.139073, 16.16257], [108.138639, 16.162099], [108.138183, 16.161383], [108.137723, 16.160416], [108.137481, 16.159972], [108.137335, 16.159735], [108.137222, 16.159597], [108.137146, 16.159505], [108.137146, 16.159505], [108.137044, 16.159315], [108.136991, 16.159053], [108.136896, 16.158559], [108.136799, 16.157503], [108.13679, 16.156512], [108.136784, 16.156111], [108.136782, 16.15604], [108.136748, 16.155802], [108.136721, 16.155641], [108.136719, 16.15557], [108.136755, 16.155491], [108.13681, 16.155425], [108.136864, 16.155317], [108.136851, 16.155275], [108.13681, 16.155185], [108.136763, 16.155061], [108.136766, 16.154889], [108.136856, 16.15464], [108.136986, 16.154432], [108.136989, 16.154341], [108.136968, 16.154241], [108.136912, 16.154123], [108.13686, 16.153985], [108.136893, 16.153884], [108.136961, 16.153831], [108.137025, 16.153782], [108.137026, 16.153778], [108.137039, 16.15372], [108.137028, 16.153638], [108.13693, 16.153425], [108.136823, 16.153178], [108.136794, 16.15298], [108.136789, 16.152944], [108.136806, 16.152806], [108.136816, 16.152725], [108.136908, 16.151987], [108.137017, 16.151573], [108.137026, 16.151537], [108.137211, 16.150836], [108.137292, 16.150614], [108.137471, 16.150126], [108.137623, 16.149712], [108.138266, 16.14825], [108.13831, 16.148149], [108.138396, 16.147961], [108.138539, 16.147897], [108.138657, 16.147895], [108.138745, 16.147823], [108.138871, 16.147668], [108.138957, 16.147456], [108.139024, 16.147345], [108.139211, 16.147247], [108.139259, 16.147184], [108.139283, 16.147117], [108.139326, 16.147045], [108.13938, 16.147006], [108.139428, 16.146943], [108.139437, 16.146857], [108.13944, 16.146747], [108.139516, 16.146545], [108.139607, 16.146376], [108.139621, 16.146295], [108.139619, 16.146214], [108.139578, 16.1461], [108.139526, 16.145933], [108.139472, 16.145619], [108.139418, 16.145352], [108.139401, 16.145228], [108.139425, 16.145156], [108.139438, 16.145084], [108.139393, 16.145004], [108.139302, 16.1449], [108.13926, 16.144771], [108.139254, 16.144686], [108.139199, 16.144615], [108.139114, 16.144549], [108.138944, 16.144475], [108.138427, 16.144277], [108.138124, 16.144143], [108.137943, 16.143993], [108.137745, 16.143657], [108.137551, 16.143282], [108.137535, 16.143168], [108.137514, 16.143101], [108.137449, 16.14304], [108.137379, 16.142984], [108.137317, 16.14287], [108.137209, 16.14259], [108.13707, 16.142243], [108.136992, 16.141957], [108.136881, 16.141806], [108.136719, 16.141608], [108.136609, 16.141519], [108.136499, 16.141453], [108.136385, 16.141388], [108.136309, 16.141318], [108.136268, 16.141199], [108.136217, 16.141118], [108.136187, 16.141095], [108.136073, 16.141087], [108.135944, 16.14106], [108.135805, 16.141024], [108.135374, 16.140959], [108.13484, 16.140938], [108.134474, 16.140924], [108.134301, 16.140893], [108.134135, 16.140757], [108.13383, 16.140504], [108.133665, 16.140415], [108.133541, 16.140374], [108.133494, 16.14038], [108.133329, 16.140401], [108.133059, 16.140496], [108.132805, 16.140691], [108.132445, 16.140976], [108.132257, 16.141052], [108.131922, 16.141119], [108.131696, 16.14115], [108.131394, 16.141204], [108.131236, 16.141201], [108.131061, 16.141103], [108.130887, 16.140918], [108.13086, 16.140901], [108.130701, 16.140813], [108.130448, 16.140773], [108.130137, 16.140806], [108.129734, 16.140932], [108.128944, 16.141307], [108.127572, 16.142067], [108.127024, 16.142311], [108.126929, 16.142354], [108.12684, 16.142394], [108.126818, 16.142404], [108.126644, 16.142482], [108.126481, 16.142485], [108.12628, 16.142412], [108.126205, 16.142334], [108.125989, 16.14211], [108.125666, 16.141666], [108.125158, 16.140823], [108.124784, 16.140274], [108.124773, 16.140257], [108.124763, 16.140243], [108.124723, 16.140184], [108.12448, 16.139827], [108.12445, 16.139782], [108.124249, 16.139584], [108.123881, 16.139485], [108.123784, 16.139495], [108.123599, 16.139514], [108.123558, 16.139537], [108.123555, 16.139539], [108.123553, 16.13954], [108.123498, 16.139572], [108.123454, 16.139598], [108.123164, 16.13997], [108.122972, 16.140049], [108.122892, 16.139952], [108.122812, 16.139856], [108.122787, 16.139825], [108.122918, 16.139712], [108.123326, 16.139358], [108.123338, 16.139347], [108.123417, 16.139278], [108.123504, 16.139204], [108.123529, 16.139181], [108.123741, 16.138956], [108.123796, 16.138675], [108.123706, 16.138125], [108.123609, 16.137533], [108.123603, 16.137495], [108.123468, 16.136666], [108.123228, 16.135731], [108.123199, 16.135531], [108.123185, 16.135435], [108.123103, 16.134867], [108.123143, 16.134299], [108.123202, 16.133942], [108.123245, 16.133677], [108.123324, 16.133191], [108.123516, 16.132537], [108.123536, 16.132471], [108.123576, 16.132334], [108.123701, 16.131633], [108.123754, 16.131245], [108.123758, 16.131222], [108.123761, 16.131199], [108.123762, 16.13119], [108.123696, 16.1311], [108.12368, 16.131078], [108.123634, 16.131062], [108.123243, 16.130929], [108.123817, 16.129563], [108.123839, 16.12951], [108.124054, 16.12893], [108.124043, 16.128816], [108.124405, 16.128193], [108.124704, 16.127567], [108.125018, 16.126709], [108.125332, 16.12585], [108.12542, 16.125144], [108.125416, 16.124862], [108.125415, 16.124845], [108.125413, 16.12468], [108.125367, 16.124616], [108.125226, 16.124597], [108.125055, 16.124564], [108.124957, 16.12445], [108.124873, 16.12428], [108.124775, 16.124174], [108.124685, 16.124153], [108.124581, 16.124155], [108.124494, 16.124228], [108.124533, 16.124385], [108.124656, 16.124677], [108.124689, 16.124829], [108.124704, 16.124898], [108.124721, 16.125041], [108.124752, 16.125127], [108.124872, 16.12519], [108.12491, 16.125239], [108.124911, 16.125304], [108.124778, 16.125363], [108.124652, 16.125351], [108.12451, 16.125281], [108.124352, 16.12514], [108.124099, 16.125012], [108.124065, 16.124925], [108.123936, 16.124475], [108.123846, 16.124277], [108.123764, 16.124107], [108.123703, 16.123978], [108.123702, 16.123977], [108.1236, 16.123812], [108.123571, 16.123765], [108.123551, 16.12374], [108.123501, 16.123677], [108.12345, 16.123614], [108.123297, 16.123424], [108.123289, 16.123413], [108.123396, 16.123279], [108.123452, 16.123198], [108.123559, 16.123042], [108.123609, 16.12297], [108.123969, 16.122447], [108.123999, 16.122404], [108.124112, 16.122239], [108.124236, 16.122059], [108.124473, 16.122219], [108.12477, 16.122243], [108.125402, 16.122196], [108.125926, 16.122207], [108.125989, 16.122221], [108.126356, 16.122302], [108.126372, 16.122306], [108.126414, 16.122338], [108.126542, 16.122437], [108.126545, 16.122448], [108.126585, 16.122609], [108.1265, 16.122877], [108.126483, 16.12305], [108.126484, 16.123053], [108.126555, 16.12323], [108.126685, 16.123343], [108.126818, 16.123341], [108.126833, 16.123341], [108.127029, 16.123233], [108.127233, 16.122972], [108.127366, 16.122715], [108.127469, 16.122515], [108.127482, 16.12249], [108.127573, 16.122394], [108.127701, 16.122258], [108.127818, 16.122135], [108.127831, 16.122121], [108.127949, 16.121996], [108.128367, 16.121541], [108.128446, 16.121418], [108.128695, 16.12103], [108.129135, 16.120378], [108.129479, 16.119867], [108.129574, 16.119727], [108.129988, 16.119281], [108.130167, 16.119087], [108.130408, 16.118983], [108.130511, 16.118939], [108.130787, 16.118852], [108.130796, 16.118849], [108.13122, 16.118785], [108.131774, 16.118796], [108.132259, 16.118846], [108.132457, 16.118891], [108.132635, 16.118898], [108.133039, 16.118806], [108.133196, 16.118718], [108.133302, 16.118563], [108.133439, 16.118428], [108.133655, 16.118348], [108.133863, 16.118374], [108.134011, 16.118372], [108.134079, 16.118313], [108.134078, 16.118199], [108.134125, 16.118074], [108.134331, 16.117956], [108.134507, 16.11782], [108.134594, 16.117732], [108.134632, 16.117617], [108.13458, 16.117465], [108.134396, 16.117274], [108.134289, 16.117163], [108.134079, 16.117004], [108.133899, 16.116921], [108.133702, 16.116952], [108.133151, 16.117094], [108.132244, 16.117232], [108.132058, 16.11725], [108.132017, 16.117254], [108.131877, 16.117199], [108.131776, 16.117019], [108.131542, 16.116592], [108.131378, 16.116241], [108.13116, 16.115595], [108.131132, 16.115326], [108.13109, 16.114936], [108.131084, 16.114556], [108.131084, 16.114516], [108.131336, 16.113585], [108.131379, 16.113498], [108.131662, 16.112921], [108.132366, 16.112034], [108.132446, 16.11192], [108.132958, 16.111134], [108.133607, 16.110255], [108.133948, 16.10979], [108.134093, 16.109592], [108.13411, 16.109569], [108.135436, 16.107811], [108.135702, 16.107494], [108.13572, 16.107475], [108.135731, 16.107459], [108.136213, 16.106882], [108.137105, 16.105799], [108.138269, 16.104367], [108.1383, 16.104333], [108.138519, 16.104095], [108.139007, 16.103564], [108.139354, 16.103186], [108.139639, 16.102876], [108.139815, 16.102683], [108.140113, 16.102355], [108.140902, 16.101491], [108.142876, 16.099407], [108.142985, 16.099287], [108.143277, 16.098967], [108.144498, 16.097625], [108.145161, 16.097052], [108.14546, 16.096869], [108.145514, 16.096836], [108.145786, 16.096574], [108.146089, 16.09636], [108.146432, 16.096163], [108.146625, 16.095874], [108.147005, 16.095515], [108.147136, 16.095342], [108.147142, 16.095335], [108.147315, 16.095109], [108.14746, 16.095004], [108.14733, 16.094843], [108.147322, 16.094834], [108.147293, 16.094798], [108.147064, 16.094492], [108.146941, 16.094327], [108.146106, 16.093384], [108.145031, 16.092197], [108.144006, 16.091137], [108.144054, 16.091096], [108.144102, 16.091054], [108.144112, 16.091045], [108.144117, 16.091041], [108.144448, 16.090745], [108.144738, 16.09049], [108.145027, 16.090233], [108.145277, 16.090013], [108.145244, 16.089981], [108.145204, 16.089943], [108.145098, 16.089856], [108.145078, 16.089841], [108.14488, 16.089687], [108.144686, 16.089583], [108.14443, 16.089425], [108.144195, 16.089197], [108.144082, 16.089124], [108.143897, 16.089012], [108.143854, 16.088993], [108.143778, 16.088958], [108.143584, 16.088845], [108.143584, 16.088845], [108.143589, 16.088832], [108.143631, 16.088728], [108.143576, 16.088712], [108.14351, 16.088694], [108.143455, 16.088678], [108.14342, 16.088667], [108.143411, 16.088664], [108.143405, 16.088662], [108.143394, 16.088658], [108.143384, 16.088655], [108.143226, 16.088606], [108.142784, 16.088449], [108.142707, 16.088422], [108.14257, 16.088378], [108.142565, 16.088376], [108.1425, 16.088568], [108.142046, 16.088425], [108.141705, 16.088303], [108.141564, 16.088247], [108.14148, 16.088215], [108.141428, 16.088208], [108.141398, 16.088208], [108.141374, 16.088209], [108.141327, 16.088217], [108.141287, 16.088211], [108.141239, 16.088201], [108.141193, 16.088184], [108.141113, 16.088145], [108.141067, 16.088121], [108.140982, 16.088065], [108.140922, 16.088019], [108.140883, 16.087978], [108.140882, 16.087978], [108.140328, 16.087629], [108.140322, 16.087601], [108.140795, 16.087573], [108.140943, 16.087565], [108.141262, 16.087438], [108.141291, 16.087426], [108.14153, 16.08731], [108.141566, 16.087292], [108.141719, 16.087218], [108.141874, 16.087135], [108.141671, 16.086933], [108.14162, 16.086883], [108.141537, 16.086806], [108.141285, 16.086574], [108.141251, 16.086515], [108.141196, 16.08646], [108.140805, 16.086177], [108.140508, 16.086202], [108.140446, 16.086224], [108.140187, 16.086314], [108.140031, 16.086368], [108.139265, 16.086711], [108.138934, 16.087051], [108.138581, 16.087543], [108.137988, 16.088207], [108.137879, 16.088136], [108.13702, 16.087514], [108.136295, 16.086989], [108.135506, 16.086418], [108.134112, 16.085409], [108.133459, 16.08578], [108.131957, 16.083957], [108.131177, 16.084622], [108.130326, 16.085346], [108.128264, 16.086973], [108.12683, 16.088074], [108.126822, 16.08808], [108.126818, 16.088083], [108.126818, 16.088083], [108.126816, 16.088084], [108.126798, 16.088104], [108.126139, 16.08865], [108.126107, 16.088676], [108.125812, 16.08892], [108.124863, 16.089746], [108.124722, 16.089886], [108.124589, 16.08998], [108.121158, 16.092425], [108.121334, 16.092627], [108.119482, 16.09407], [108.118948, 16.093704], [108.118611, 16.093671], [108.118258, 16.093829], [108.116699, 16.095266], [108.116586, 16.09565], [108.116672, 16.09605], [108.118479, 16.097839], [108.116303, 16.100279], [108.11584, 16.09975], [108.114633, 16.098449], [108.112524, 16.100104], [108.113994, 16.101784], [108.114454, 16.102179], [108.114066, 16.102643], [108.118139, 16.105183], [108.115954, 16.108402], [108.117555, 16.10958], [108.117418, 16.109929], [108.117944, 16.110403], [108.118341, 16.110493], [108.118733, 16.110439], [108.11913, 16.110386], [108.119412, 16.110725], [108.119783, 16.111714], [108.119708, 16.111982], [108.119227, 16.112443], [108.119221, 16.112448], [108.119186, 16.112735], [108.119351, 16.113173], [108.119455, 16.113372], [108.119462, 16.113395], [108.119473, 16.113424], [108.119481, 16.113448], [108.119495, 16.113491], [108.119514, 16.11355], [108.119533, 16.113609], [108.119549, 16.113664], [108.119564, 16.113719], [108.119576, 16.113764], [108.119578, 16.113774], [108.119588, 16.113822], [108.119593, 16.113861], [108.119595, 16.113894], [108.119595, 16.113895], [108.119597, 16.113929], [108.119598, 16.113979], [108.119599, 16.114047], [108.119599, 16.11412], [108.119598, 16.114192], [108.119599, 16.114205], [108.119599, 16.114371], [108.119599, 16.114389], [108.119592, 16.11465], [108.119554, 16.11483], [108.119494, 16.115052], [108.11945, 16.115023], [108.119315, 16.114931], [108.119236, 16.114876], [108.118937, 16.114648], [108.118565, 16.1144], [108.118423, 16.114306], [108.118111, 16.114147], [108.117825, 16.114002], [108.117259, 16.11377], [108.116416, 16.113511], [108.116018, 16.113447], [108.114652, 16.113271], [108.114516, 16.113241], [108.113834, 16.113092], [108.113401, 16.112895], [108.11332, 16.112854], [108.113286, 16.112824], [108.113236, 16.112777], [108.113191, 16.112738], [108.113154, 16.112706], [108.113117, 16.112673], [108.11308, 16.11264], [108.113038, 16.112603], [108.112985, 16.112557], [108.11294, 16.112515], [108.112895, 16.112473], [108.112854, 16.112437], [108.112819, 16.11241], [108.112809, 16.112404], [108.112787, 16.11239], [108.11272, 16.112289], [108.112692, 16.112232], [108.112632, 16.112093], [108.112615, 16.112048], [108.112596, 16.111998], [108.112574, 16.111938], [108.112552, 16.111881], [108.112529, 16.111821], [108.112511, 16.111775], [108.112492, 16.111714], [108.11247, 16.111628], [108.112445, 16.11153], [108.112418, 16.111432], [108.112389, 16.111339], [108.112354, 16.111241], [108.112292, 16.111095], [108.112206, 16.110911], [108.112143, 16.110769], [108.112101, 16.110665], [108.112049, 16.110542], [108.111965, 16.110368], [108.111861, 16.110165], [108.111779, 16.110011], [108.111776, 16.110005], [108.111705, 16.109877], [108.111621, 16.109733], [108.111523, 16.109575], [108.111424, 16.109417], [108.111334, 16.109279], [108.111261, 16.109171], [108.111192, 16.109077], [108.111113, 16.108978], [108.111023, 16.108872], [108.110931, 16.108765], [108.110836, 16.10866], [108.11074, 16.10856], [108.110646, 16.108465], [108.110555, 16.108375], [108.110479, 16.108301], [108.110424, 16.108251], [108.11038, 16.108214], [108.110338, 16.10818], [108.110291, 16.108143], [108.110224, 16.108095], [108.110138, 16.108037], [108.110052, 16.107978], [108.109952, 16.107911], [108.109837, 16.107836], [108.109732, 16.10777], [108.109641, 16.107719], [108.109553, 16.107674], [108.109551, 16.107673], [108.109465, 16.107632], [108.109383, 16.107593], [108.109317, 16.107563], [108.109272, 16.107543], [108.109242, 16.107529], [108.109221, 16.10752], [108.109195, 16.107509], [108.109146, 16.107491], [108.109061, 16.107459], [108.108954, 16.107419], [108.108842, 16.107377], [108.10883, 16.107373], [108.108724, 16.107335], [108.108596, 16.107295], [108.10846, 16.107259], [108.108324, 16.107225], [108.108194, 16.107197], [108.108082, 16.107177], [108.107983, 16.107163], [108.10789, 16.107152], [108.107886, 16.107152], [108.107806, 16.107144], [108.10772, 16.10713], [108.107648, 16.107118], [108.107578, 16.107106], [108.107516, 16.107095], [108.107359, 16.107008], [108.107351, 16.107001], [108.107289, 16.106955], [108.107173, 16.106858], [108.107117, 16.106806], [108.10708, 16.106769], [108.107043, 16.106734], [108.107027, 16.106721], [108.107001, 16.1067], [108.106958, 16.106667], [108.106919, 16.106639], [108.106885, 16.106615], [108.106852, 16.106593], [108.106815, 16.10657], [108.106766, 16.10654], [108.106699, 16.106502], [108.106616, 16.106457], [108.106525, 16.106411], [108.106438, 16.106368], [108.106384, 16.106341], [108.106365, 16.106332], [108.106309, 16.106305], [108.10626, 16.106282], [108.106205, 16.106255], [108.106133, 16.10622], [108.106042, 16.106175], [108.105942, 16.106126], [108.1059, 16.106105], [108.105847, 16.106079], [108.105768, 16.10604], [108.105699, 16.106007], [108.105616, 16.105967], [108.105501, 16.105912], [108.105357, 16.105844], [108.105256, 16.105797], [108.105203, 16.105772], [108.105058, 16.105706], [108.104928, 16.10565], [108.104793, 16.105592], [108.104649, 16.105531], [108.104544, 16.105492], [108.104473, 16.105471], [108.104393, 16.105445], [108.104303, 16.105416], [108.104223, 16.105394], [108.10416, 16.105382], [108.104101, 16.105376], [108.104036, 16.105372], [108.103967, 16.105372], [108.103896, 16.105371], [108.103823, 16.105366], [108.103757, 16.105365], [108.103679, 16.10537], [108.1035, 16.105363], [108.103025, 16.105316], [108.10302, 16.105315], [108.102936, 16.1053], [108.102847, 16.105285], [108.102782, 16.105282], [108.102746, 16.105259], [108.10271, 16.105244], [108.102621, 16.105214], [108.102593, 16.1052], [108.102531, 16.105167], [108.102508, 16.105156], [108.102483, 16.105144], [108.102462, 16.105133], [108.102427, 16.105494], [108.102412, 16.105621], [108.102404, 16.105659], [108.102397, 16.105674], [108.102388, 16.105691], [108.102379, 16.105711], [108.102371, 16.105732], [108.102364, 16.105755], [108.102357, 16.105783], [108.102354, 16.105811], [108.102355, 16.105838], [108.102359, 16.105863], [108.102364, 16.105887], [108.102369, 16.105911], [108.102376, 16.105938], [108.102379, 16.105973], [108.102379, 16.106016], [108.102379, 16.106068], [108.102376, 16.106126], [108.102369, 16.106183], [108.102355, 16.106239], [108.102349, 16.106262], [108.10234, 16.106301], [108.10233, 16.106376], [108.102324, 16.106451], [108.10232, 16.106511], [108.102316, 16.106554], [108.102315, 16.106588], [108.102318, 16.106621], [108.102319, 16.106654], [108.102318, 16.106691], [108.102315, 16.106717], [108.102313, 16.106732], [108.102306, 16.106779], [108.102299, 16.106829], [108.10229, 16.106878], [108.102277, 16.106923], [108.102256, 16.106963], [108.102237, 16.106985], [108.1021, 16.107089], [108.102046, 16.107124], [108.101977, 16.107168], [108.101906, 16.107213], [108.101838, 16.107253], [108.101779, 16.107284], [108.101734, 16.107305], [108.10171, 16.107315], [108.101625, 16.107352], [108.101588, 16.10736], [108.101568, 16.107364], [108.101502, 16.107354], [108.101468, 16.10735], [108.10142, 16.107343], [108.101318, 16.107332], [108.10129, 16.107341], [108.101243, 16.107378], [108.101186, 16.107422], [108.101106, 16.107476], [108.100917, 16.107577], [108.100762, 16.107673], [108.100584, 16.107804], [108.100468, 16.107922], [108.100063, 16.108408], [108.099879, 16.10888], [108.099462, 16.110365], [108.099011, 16.111967], [108.09881, 16.112682], [108.098729, 16.112975], [108.09872, 16.113008], [108.098239, 16.112754], [108.097845, 16.111995], [108.096821, 16.109715], [108.095497, 16.108058], [108.093816, 16.106874], [108.09253, 16.106448], [108.091099, 16.106539], [108.088267, 16.107696], [108.086069, 16.108733], [108.083662, 16.109929], [108.080912, 16.110262], [108.078045, 16.11024], [108.076609, 16.110177], [108.075389, 16.110211], [108.073484, 16.110418], [108.071739, 16.110621], [108.070888, 16.110594], [108.069778, 16.110727], [108.068518, 16.111224], [108.065439, 16.112649], [108.065371, 16.112598], [108.065371, 16.112598]]]]}, "properties": {"code": "20194", "name": "Hải Vân", "nameEn": "Hai Van", "fullName": "Phường Hải Vân", "fullNameEn": "Hai Van Ward", "codeName": "hai_van", "postalCode": "50611", "postalCodePrefix": "", "gisServerId": "diaphanhanhchinhcapxa_2025.1912", "areaKm2": 406.09, "ward_code": "20194", "source_member": "geojson/48_da_nang/wards/20194_hai_van.geojson", "requires_boat": false, "region": "danang", "search_name": "Đà Nẵng", "grid_km": 5}}, {"type": "Feature", "id": "20197", "bbox": [108.038865, 16.061739, 108.155801, 16.115052], "geometry": {"type": "MultiPolygon", "coordinates": [[[[108.065371, 16.112598], [108.065439, 16.112649], [108.068518, 16.111224], [108.069778, 16.110727], [108.070888, 16.110594], [108.071739, 16.110621], [108.073484, 16.110418], [108.075389, 16.110211], [108.076609, 16.110177], [108.078045, 16.11024], [108.080912, 16.110262], [108.083662, 16.109929], [108.086069, 16.108733], [108.088267, 16.107696], [108.091099, 16.106539], [108.09253, 16.106448], [108.093816, 16.106874], [108.095497, 16.108058], [108.096821, 16.109715], [108.097845, 16.111995], [108.098239, 16.112754], [108.09872, 16.113008], [108.098729, 16.112975], [108.09881, 16.112682], [108.099011, 16.111967], [108.099462, 16.110365], [108.099879, 16.10888], [108.100063, 16.108408], [108.100468, 16.107922], [108.100584, 16.107804], [108.100762, 16.107673], [108.100917, 16.107577], [108.101106, 16.107476], [108.101186, 16.107422], [108.101243, 16.107378], [108.10129, 16.107341], [108.101318, 16.107332], [108.10142, 16.107343], [108.101468, 16.10735], [108.101502, 16.107354], [108.101568, 16.107364], [108.101588, 16.10736], [108.101625, 16.107352], [108.10171, 16.107315], [108.101734, 16.107305], [108.101779, 16.107284], [108.101838, 16.107253], [108.101906, 16.107213], [108.101977, 16.107168], [108.102046, 16.107124], [108.1021, 16.107089], [108.102237, 16.106985], [108.102256, 16.106963], [108.102277, 16.106923], [108.10229, 16.106878], [108.102299, 16.106829], [108.102306, 16.106779], [108.102313, 16.106732], [108.102315, 16.106717], [108.102318, 16.106691], [108.102319, 16.106654], [108.102318, 16.106621], [108.102315, 16.106588], [108.102316, 16.106554], [108.10232, 16.106511], [108.102324, 16.106451], [108.10233, 16.106376], [108.10234, 16.106301], [108.102349, 16.106262], [108.102355, 16.106239], [108.102369, 16.106183], [108.102376, 16.106126], [108.102379, 16.106068], [108.102379, 16.106016], [108.102379, 16.105973], [108.102376, 16.105938], [108.102369, 16.105911], [108.102364, 16.105887], [108.102359, 16.105863], [108.102355, 16.105838], [108.102354, 16.105811], [108.102357, 16.105783], [108.102364, 16.105755], [108.102371, 16.105732], [108.102379, 16.105711], [108.102388, 16.105691], [108.102397, 16.105674], [108.102404, 16.105659], [108.102412, 16.105621], [108.102427, 16.105494], [108.102462, 16.105133], [108.102483, 16.105144], [108.102508, 16.105156], [108.102531, 16.105167], [108.102593, 16.1052], [108.102621, 16.105214], [108.10271, 16.105244], [108.102746, 16.105259], [108.102782, 16.105282], [108.102847, 16.105285], [108.102936, 16.1053], [108.10302, 16.105315], [108.103025, 16.105316], [108.1035, 16.105363], [108.103679, 16.10537], [108.103757, 16.105365], [108.103823, 16.105366], [108.103896, 16.105371], [108.103967, 16.105372], [108.104036, 16.105372], [108.104101, 16.105376], [108.10416, 16.105382], [108.104223, 16.105394], [108.104303, 16.105416], [108.104393, 16.105445], [108.104473, 16.105471], [108.104544, 16.105492], [108.104649, 16.105531], [108.104793, 16.105592], [108.104928, 16.10565], [108.105058, 16.105706], [108.105203, 16.105772], [108.105256, 16.105797], [108.105357, 16.105844], [108.105501, 16.105912], [108.105616, 16.105967], [108.105699, 16.106007], [108.105768, 16.10604], [108.105847, 16.106079], [108.1059, 16.106105], [108.105942, 16.106126], [108.106042, 16.106175], [108.106133, 16.10622], [108.106205, 16.106255], [108.10626, 16.106282], [108.106309, 16.106305], [108.106365, 16.106332], [108.106384, 16.106341], [108.106438, 16.106368], [108.106525, 16.106411], [108.106616, 16.106457], [108.106699, 16.106502], [108.106766, 16.10654], [108.106815, 16.10657], [108.106852, 16.106593], [108.106885, 16.106615], [108.106919, 16.106639], [108.106958, 16.106667], [108.107001, 16.1067], [108.107027, 16.106721], [108.107043, 16.106734], [108.10708, 16.106769], [108.107117, 16.106806], [108.107173, 16.106858], [108.107289, 16.106955], [108.107351, 16.107001], [108.107359, 16.107008], [108.107516, 16.107095], [108.107578, 16.107106], [108.107648, 16.107118], [108.10772, 16.10713], [108.107806, 16.107144], [108.107886, 16.107152], [108.10789, 16.107152], [108.107983, 16.107163], [108.108082, 16.107177], [108.108194, 16.107197], [108.108324, 16.107225], [108.10846, 16.107259], [108.108596, 16.107295], [108.108724, 16.107335], [108.10883, 16.107373], [108.108842, 16.107377], [108.108954, 16.107419], [108.109061, 16.107459], [108.109146, 16.107491], [108.109195, 16.107509], [108.109221, 16.10752], [108.109242, 16.107529], [108.109272, 16.107543], [108.109317, 16.107563], [108.109383, 16.107593], [108.109465, 16.107632], [108.109551, 16.107673], [108.109553, 16.107674], [108.109641, 16.107719], [108.109732, 16.10777], [108.109837, 16.107836], [108.109952, 16.107911], [108.110052, 16.107978], [108.110138, 16.108037], [108.110224, 16.108095], [108.110291, 16.108143], [108.110338, 16.10818], [108.11038, 16.108214], [108.110424, 16.108251], [108.110479, 16.108301], [108.110555, 16.108375], [108.110646, 16.108465], [108.11074, 16.10856], [108.110836, 16.10866], [108.110931, 16.108765], [108.111023, 16.108872], [108.111113, 16.108978], [108.111192, 16.109077], [108.111261, 16.109171], [108.111334, 16.109279], [108.111424, 16.109417], [108.111523, 16.109575], [108.111621, 16.109733], [108.111705, 16.109877], [108.111776, 16.110005], [108.111779, 16.110011], [108.111861, 16.110165], [108.111965, 16.110368], [108.112049, 16.110542], [108.112101, 16.110665], [108.112143, 16.110769], [108.112206, 16.110911], [108.112292, 16.111095], [108.112354, 16.111241], [108.112389, 16.111339], [108.112418, 16.111432], [108.112445, 16.11153], [108.11247, 16.111628], [108.112492, 16.111714], [108.112511, 16.111775], [108.112529, 16.111821], [108.112552, 16.111881], [108.112574, 16.111938], [108.112596, 16.111998], [108.112615, 16.112048], [108.112632, 16.112093], [108.112692, 16.112232], [108.11272, 16.112289], [108.112787, 16.11239], [108.112809, 16.112404], [108.112819, 16.11241], [108.112854, 16.112437], [108.112895, 16.112473], [108.11294, 16.112515], [108.112985, 16.112557], [108.113038, 16.112603], [108.11308, 16.11264], [108.113117, 16.112673], [108.113154, 16.112706], [108.113191, 16.112738], [108.113236, 16.112777], [108.113286, 16.112824], [108.11332, 16.112854], [108.113401, 16.112895], [108.113834, 16.113092], [108.114516, 16.113241], [108.114652, 16.113271], [108.116018, 16.113447], [108.116416, 16.113511], [108.117259, 16.11377], [108.117825, 16.114002], [108.118111, 16.114147], [108.118423, 16.114306], [108.118565, 16.1144], [108.118937, 16.114648], [108.119236, 16.114876], [108.119315, 16.114931], [108.11945, 16.115023], [108.119494, 16.115052], [108.119554, 16.11483], [108.119592, 16.11465], [108.119599, 16.114389], [108.119599, 16.114371], [108.119599, 16.114205], [108.119598, 16.114192], [108.119599, 16.11412], [108.119599, 16.114047], [108.119598, 16.113979], [108.119597, 16.113929], [108.119595, 16.113895], [108.119595, 16.113894], [108.119593, 16.113861], [108.119588, 16.113822], [108.119578, 16.113774], [108.119576, 16.113764], [108.119564, 16.113719], [108.119549, 16.113664], [108.119533, 16.113609], [108.119514, 16.11355], [108.119495, 16.113491], [108.119481, 16.113448], [108.119473, 16.113424], [108.119462, 16.113395], [108.119455, 16.113372], [108.119351, 16.113173], [108.119186, 16.112735], [108.119221, 16.112448], [108.119227, 16.112443], [108.119708, 16.111982], [108.119783, 16.111714], [108.119412, 16.110725], [108.11913, 16.110386], [108.118733, 16.110439], [108.118341, 16.110493], [108.117944, 16.110403], [108.117418, 16.109929], [108.117555, 16.10958], [108.115954, 16.108402], [108.118139, 16.105183], [108.114066, 16.102643], [108.114454, 16.102179], [108.113994, 16.101784], [108.112524, 16.100104], [108.114633, 16.098449], [108.11584, 16.09975], [108.116303, 16.100279], [108.118479, 16.097839], [108.116672, 16.09605], [108.116586, 16.09565], [108.116699, 16.095266], [108.118258, 16.093829], [108.118611, 16.093671], [108.118948, 16.093704], [108.119482, 16.09407], [108.121334, 16.092627], [108.121158, 16.092425], [108.124589, 16.08998], [108.124722, 16.089886], [108.124863, 16.089746], [108.125812, 16.08892], [108.126107, 16.088676], [108.126139, 16.08865], [108.126798, 16.088104], [108.126816, 16.088084], [108.126818, 16.088083], [108.126818, 16.088083], [108.126822, 16.08808], [108.12683, 16.088074], [108.128264, 16.086973], [108.130326, 16.085346], [108.131177, 16.084622], [108.131957, 16.083957], [108.133459, 16.08578], [108.134112, 16.085409], [108.135506, 16.086418], [108.136295, 16.086989], [108.13702, 16.087514], [108.137879, 16.088136], [108.137988, 16.088207], [108.138581, 16.087543], [108.138934, 16.087051], [108.139265, 16.086711], [108.140031, 16.086368], [108.140187, 16.086314], [108.140446, 16.086224], [108.140508, 16.086202], [108.140805, 16.086177], [108.141196, 16.08646], [108.141251, 16.086515], [108.141285, 16.086574], [108.141537, 16.086806], [108.14162, 16.086883], [108.141671, 16.086933], [108.141874, 16.087135], [108.141719, 16.087218], [108.141566, 16.087292], [108.14153, 16.08731], [108.141291, 16.087426], [108.141262, 16.087438], [108.140943, 16.087565], [108.140795, 16.087573], [108.140322, 16.087601], [108.140328, 16.087629], [108.140882, 16.087978], [108.140883, 16.087978], [108.140922, 16.088019], [108.140982, 16.088065], [108.141067, 16.088121], [108.141113, 16.088145], [108.141193, 16.088184], [108.141239, 16.088201], [108.141287, 16.088211], [108.141327, 16.088217], [108.141374, 16.088209], [108.141398, 16.088208], [108.141428, 16.088208], [108.14148, 16.088215], [108.141564, 16.088247], [108.141705, 16.088303], [108.142046, 16.088425], [108.1425, 16.088568], [108.142565, 16.088376], [108.14257, 16.088378], [108.142707, 16.088422], [108.142784, 16.088449], [108.143226, 16.088606], [108.143384, 16.088655], [108.143394, 16.088658], [108.143405, 16.088662], [108.143411, 16.088664], [108.14342, 16.088667], [108.143455, 16.088678], [108.14351, 16.088694], [108.143576, 16.088712], [108.143631, 16.088728], [108.143589, 16.088832], [108.143584, 16.088845], [108.143584, 16.088845], [108.143778, 16.088958], [108.143854, 16.088993], [108.143897, 16.089012], [108.144082, 16.089124], [108.144195, 16.089197], [108.14443, 16.089425], [108.144686, 16.089583], [108.14488, 16.089687], [108.145078, 16.089841], [108.145098, 16.089856], [108.145204, 16.089943], [108.145244, 16.089981], [108.145277, 16.090013], [108.145027, 16.090233], [108.144738, 16.09049], [108.144448, 16.090745], [108.144117, 16.091041], [108.144112, 16.091045], [108.144102, 16.091054], [108.144054, 16.091096], [108.144006, 16.091137], [108.145031, 16.092197], [108.146106, 16.093384], [108.146941, 16.094327], [108.147064, 16.094492], [108.147293, 16.094798], [108.147322, 16.094834], [108.14733, 16.094843], [108.14746, 16.095004], [108.14746, 16.095004], [108.14746, 16.095004], [108.147598, 16.094904], [108.1477, 16.094835], [108.147872, 16.094718], [108.147985, 16.094618], [108.148213, 16.094417], [108.148255, 16.094391], [108.148634, 16.094153], [108.14882, 16.094026], [108.148946, 16.093881], [108.14902, 16.093781], [108.149111, 16.093659], [108.149286, 16.093503], [108.149329, 16.09347], [108.149511, 16.093328], [108.149631, 16.093125], [108.149665, 16.093068], [108.149967, 16.092824], [108.150171, 16.092582], [108.150464, 16.092358], [108.150567, 16.092326], [108.150621, 16.092308], [108.150778, 16.09222], [108.150884, 16.092065], [108.1509, 16.092045], [108.150991, 16.09192], [108.151303, 16.091686], [108.1515, 16.091598], [108.151609, 16.091563], [108.151657, 16.091547], [108.151774, 16.091431], [108.151804, 16.091384], [108.151899, 16.091238], [108.152124, 16.091111], [108.152389, 16.090963], [108.152701, 16.090691], [108.153296, 16.090224], [108.153432, 16.090135], [108.153551, 16.090058], [108.15373, 16.089987], [108.153777, 16.089968], [108.153952, 16.089822], [108.154242, 16.089563], [108.154245, 16.08956], [108.154249, 16.089557], [108.154391, 16.089472], [108.154394, 16.089471], [108.154384, 16.089461], [108.154249, 16.089321], [108.154113, 16.089182], [108.153827, 16.088887], [108.153459, 16.088508], [108.152798, 16.087781], [108.153302, 16.087341], [108.153356, 16.087293], [108.153329, 16.087265], [108.152989, 16.086921], [108.152654, 16.086541], [108.152346, 16.086194], [108.152269, 16.086104], [108.152188, 16.086008], [108.152104, 16.08591], [108.15192, 16.085695], [108.151823, 16.085585], [108.151664, 16.085405], [108.151495, 16.085214], [108.151317, 16.085014], [108.150889, 16.084539], [108.150499, 16.084124], [108.15031, 16.083923], [108.150249, 16.083858], [108.150196, 16.083827], [108.1502, 16.083821], [108.150201, 16.08382], [108.15021, 16.083804], [108.150232, 16.083766], [108.150514, 16.083277], [108.150526, 16.083255], [108.150663, 16.083015], [108.150853, 16.082683], [108.150947, 16.082519], [108.151264, 16.081965], [108.151335, 16.081841], [108.151337, 16.081837], [108.152092, 16.080604], [108.152424, 16.080011], [108.152529, 16.079824], [108.152556, 16.079775], [108.152654, 16.079603], [108.152697, 16.079528], [108.153194, 16.078659], [108.153327, 16.078439], [108.153928, 16.077382], [108.154227, 16.076839], [108.154423, 16.076446], [108.154555, 16.076155], [108.154719, 16.075728], [108.154906, 16.075169], [108.15497, 16.074849], [108.154984, 16.07479], [108.154985, 16.074787], [108.155062, 16.074482], [108.155144, 16.074113], [108.155217, 16.073803], [108.155235, 16.073731], [108.155239, 16.073713], [108.155241, 16.073702], [108.155252, 16.073659], [108.155264, 16.073604], [108.155327, 16.073339], [108.15542, 16.072947], [108.155513, 16.072555], [108.155602, 16.072172], [108.155688, 16.071811], [108.155733, 16.071626], [108.155745, 16.071578], [108.155774, 16.071456], [108.155787, 16.071396], [108.155801, 16.071334], [108.155793, 16.071331], [108.155745, 16.071315], [108.155718, 16.071305], [108.15569, 16.071295], [108.155388, 16.071166], [108.154923, 16.070945], [108.15442, 16.070683], [108.154357, 16.070652], [108.15424, 16.070595], [108.153526, 16.070244], [108.153129, 16.070049], [108.152695, 16.069843], [108.152166, 16.069554], [108.152117, 16.069527], [108.151913, 16.069436], [108.151858, 16.069406], [108.151643, 16.069289], [108.151585, 16.069257], [108.151512, 16.069222], [108.151447, 16.069199], [108.15142, 16.069185], [108.151416, 16.069183], [108.150946, 16.068978], [108.150945, 16.068978], [108.150706, 16.06888], [108.149366, 16.06832], [108.149295, 16.068291], [108.149264, 16.068278], [108.148707, 16.068048], [108.148098, 16.067797], [108.148073, 16.067772], [108.147792, 16.067509], [108.147651, 16.06739], [108.147646, 16.067386], [108.146917, 16.068036], [108.146684, 16.067285], [108.146386, 16.066514], [108.146305, 16.066556], [108.146165, 16.06662], [108.146098, 16.06665], [108.145213, 16.065184], [108.140459, 16.064791], [108.13995, 16.064728], [108.139909, 16.064715], [108.139684, 16.064569], [108.139399, 16.064431], [108.139217, 16.064381], [108.139024, 16.064412], [108.13887, 16.064438], [108.138707, 16.064407], [108.138441, 16.064337], [108.13807, 16.064254], [108.138062, 16.064252], [108.137885, 16.064229], [108.137721, 16.06427], [108.137448, 16.064367], [108.137338, 16.064413], [108.13722, 16.064397], [108.137083, 16.064309], [108.13695, 16.06426], [108.136742, 16.064309], [108.136508, 16.064388], [108.136345, 16.064428], [108.136009, 16.064405], [108.135734, 16.064305], [108.135607, 16.064156], [108.135449, 16.063819], [108.135323, 16.06364], [108.135201, 16.063548], [108.135068, 16.063494], [108.134915, 16.063487], [108.134786, 16.063523], [108.134652, 16.063569], [108.134523, 16.063582], [108.134244, 16.063524], [108.134182, 16.063518], [108.133584, 16.063771], [108.133484, 16.063944], [108.133453, 16.064029], [108.133374, 16.064047], [108.133216, 16.064007], [108.132931, 16.063898], [108.132626, 16.063846], [108.132231, 16.063774], [108.131878, 16.063597], [108.131603, 16.06346], [108.131467, 16.063315], [108.131408, 16.063266], [108.13123, 16.063264], [108.130574, 16.063513], [108.130425, 16.063568], [108.130334, 16.063729], [108.130259, 16.06413], [108.130108, 16.0643], [108.129509, 16.064779], [108.12906, 16.06506], [108.128697, 16.065514], [108.128156, 16.066073], [108.127923, 16.066222], [108.127882, 16.066241], [108.127742, 16.066305], [108.127629, 16.066335], [108.127453, 16.066341], [108.127329, 16.066311], [108.12714, 16.066202], [108.127005, 16.066134], [108.126888, 16.066126], [108.126839, 16.066129], [108.126829, 16.066129], [108.126818, 16.066129], [108.126818, 16.066129], [108.126817, 16.06613], [108.126817, 16.06613], [108.126816, 16.06613], [108.126816, 16.06613], [108.126815, 16.066129], [108.126778, 16.066125], [108.126677, 16.06612], [108.126567, 16.066145], [108.126541, 16.066151], [108.126424, 16.066242], [108.126344, 16.066358], [108.126191, 16.066543], [108.126005, 16.066711], [108.125781, 16.066828], [108.125474, 16.066993], [108.125219, 16.06713], [108.124973, 16.067182], [108.124475, 16.067246], [108.12415, 16.067299], [108.123913, 16.067322], [108.12375, 16.067314], [108.123581, 16.067269], [108.123398, 16.067229], [108.123249, 16.067231], [108.123037, 16.067239], [108.12281, 16.067261], [108.12245, 16.067359], [108.122284, 16.067393], [108.121958, 16.067435], [108.121457, 16.067586], [108.121087, 16.067733], [108.12067, 16.067871], [108.120404, 16.067927], [108.120049, 16.067975], [108.119787, 16.067984], [108.119599, 16.067967], [108.119233, 16.067949], [108.118971, 16.067905], [108.118591, 16.067944], [108.118383, 16.067937], [108.11822, 16.067892], [108.117951, 16.067862], [108.117637, 16.067836], [108.117604, 16.067833], [108.117581, 16.067836], [108.117566, 16.067839], [108.117552, 16.067855], [108.117535, 16.067879], [108.117506, 16.067935], [108.117466, 16.068066], [108.117439, 16.068203], [108.117408, 16.068374], [108.11739, 16.068663], [108.117388, 16.068799], [108.117387, 16.068886], [108.117383, 16.068988], [108.117381, 16.069071], [108.11737, 16.069282], [108.117367, 16.06935], [108.117367, 16.069382], [108.117365, 16.0695], [108.117374, 16.069617], [108.117387, 16.069669], [108.117397, 16.069691], [108.117401, 16.069702], [108.117406, 16.069712], [108.117425, 16.06974], [108.117444, 16.069856], [108.117459, 16.069969], [108.117468, 16.070105], [108.117479, 16.070345], [108.11749, 16.0707], [108.117493, 16.070743], [108.117496, 16.070804], [108.117502, 16.070933], [108.117499, 16.070953], [108.117486, 16.070981], [108.117453, 16.071038], [108.117426, 16.071116], [108.117421, 16.071157], [108.117422, 16.071187], [108.11743, 16.071241], [108.117447, 16.071304], [108.117476, 16.071362], [108.117513, 16.071416], [108.117534, 16.071442], [108.117563, 16.071482], [108.117579, 16.071508], [108.117583, 16.071543], [108.117578, 16.071612], [108.117526, 16.071869], [108.117485, 16.072032], [108.117448, 16.072176], [108.117317, 16.072806], [108.11718, 16.073678], [108.11714, 16.075026], [108.117649, 16.075043], [108.117426, 16.077225], [108.116925, 16.077146], [108.11677, 16.077683], [108.115666, 16.079898], [108.115668, 16.079901], [108.113486, 16.081756], [108.112431, 16.081205], [108.109617, 16.078176], [108.108197, 16.079857], [108.107704, 16.080238], [108.107366, 16.079958], [108.106099, 16.080471], [108.105326, 16.080797], [108.104817, 16.080511], [108.104814, 16.080267], [108.105005, 16.080207], [108.105245, 16.079867], [108.105317, 16.079872], [108.105321, 16.079848], [108.105331, 16.079735], [108.105343, 16.079622], [108.10535, 16.079579], [108.105364, 16.079505], [108.105388, 16.079382], [108.105408, 16.079261], [108.105427, 16.079144], [108.10535, 16.079131], [108.105243, 16.0791], [108.105135, 16.079065], [108.104325, 16.078848], [108.104274, 16.078928], [108.103768, 16.078806], [108.10389, 16.078398], [108.102538, 16.078192], [108.102606, 16.07768], [108.102212, 16.077696], [108.102205, 16.077647], [108.102197, 16.077591], [108.102176, 16.07747], [108.102162, 16.07741], [108.10213, 16.077291], [108.102089, 16.07714], [108.102032, 16.076939], [108.102006, 16.076852], [108.101081, 16.077081], [108.101042, 16.076863], [108.101227, 16.076782], [108.101228, 16.076656], [108.101621, 16.076488], [108.10146, 16.076062], [108.101015, 16.07617], [108.100973, 16.076061], [108.10074, 16.076115], [108.1007, 16.075824], [108.100432, 16.075886], [108.100219, 16.075093], [108.100991, 16.074867], [108.100879, 16.074584], [108.100446, 16.074676], [108.100229, 16.074758], [108.100034, 16.074832], [108.100014, 16.074844], [108.09957, 16.074042], [108.099097, 16.073452], [108.098985, 16.073099], [108.09878, 16.073162], [108.098342, 16.073179], [108.098284, 16.072979], [108.098155, 16.072765], [108.097924, 16.07265], [108.097782, 16.072609], [108.097679, 16.072586], [108.097625, 16.072582], [108.097595, 16.072585], [108.097532, 16.072602], [108.097452, 16.072639], [108.097415, 16.072519], [108.097364, 16.072364], [108.097297, 16.072217], [108.097297, 16.072209], [108.097294, 16.072199], [108.097393, 16.072051], [108.097525, 16.071975], [108.097506, 16.07182], [108.097069, 16.071809], [108.097065, 16.071637], [108.09576, 16.071596], [108.095444, 16.071486], [108.095498, 16.071166], [108.095513, 16.070997], [108.095, 16.070922], [108.094258, 16.070871], [108.093855, 16.070662], [108.093496, 16.070632], [108.093149, 16.070573], [108.092589, 16.070208], [108.090678, 16.070702], [108.090971, 16.070497], [108.091058, 16.070371], [108.091106, 16.070069], [108.091218, 16.069888], [108.09139, 16.069553], [108.091392, 16.069516], [108.091475, 16.069346], [108.091528, 16.069257], [108.091575, 16.068418], [108.091592, 16.067941], [108.091612, 16.067763], [108.091598, 16.067671], [108.091571, 16.067599], [108.091538, 16.067534], [108.091621, 16.067181], [108.091761, 16.066905], [108.091875, 16.066803], [108.091934, 16.066631], [108.092, 16.066344], [108.092139, 16.065896], [108.092199, 16.065798], [108.092274, 16.065734], [108.092281, 16.065726], [108.09209, 16.065748], [108.091897, 16.065679], [108.091728, 16.065532], [108.091205, 16.064871], [108.090867, 16.064177], [108.090807, 16.063889], [108.09102, 16.063649], [108.091049, 16.063541], [108.091046, 16.063338], [108.091042, 16.063087], [108.091112, 16.062806], [108.091346, 16.062378], [108.091349, 16.062157], [108.091338, 16.062146], [108.091058, 16.06224], [108.090806, 16.062309], [108.090561, 16.062438], [108.090402, 16.062536], [108.090389, 16.062536], [108.090284, 16.062538], [108.089973, 16.062381], [108.089599, 16.062144], [108.089367, 16.061997], [108.089151, 16.061921], [108.088736, 16.061948], [108.088306, 16.061904], [108.087912, 16.061867], [108.087569, 16.061743], [108.087332, 16.061739], [108.086978, 16.061852], [108.086119, 16.061914], [108.08561, 16.061997], [108.08554, 16.062016], [108.085344, 16.062036], [108.084998, 16.06197], [108.084682, 16.061928], [108.08436, 16.061947], [108.084069, 16.062015], [108.083759, 16.062134], [108.083486, 16.062206], [108.083178, 16.062222], [108.08274, 16.062128], [108.082301, 16.062034], [108.081758, 16.061891], [108.081614, 16.061867], [108.081465, 16.061866], [108.081296, 16.061922], [108.080945, 16.06201], [108.080918, 16.062015], [108.080712, 16.062056], [108.080605, 16.062058], [108.080326, 16.062019], [108.080099, 16.061975], [108.07991, 16.061949], [108.079806, 16.061929], [108.079673, 16.061946], [108.079414, 16.062003], [108.079266, 16.062027], [108.078811, 16.062047], [108.078422, 16.062046], [108.078236, 16.06202], [108.07811, 16.061997], [108.078009, 16.061944], [108.077905, 16.061924], [108.077827, 16.061933], [108.077721, 16.06202], [108.077613, 16.062262], [108.077498, 16.062478], [108.077403, 16.062544], [108.07713, 16.062961], [108.077043, 16.063106], [108.076866, 16.063151], [108.07677, 16.063189], [108.076699, 16.063376], [108.076688, 16.064136], [108.076335, 16.064162], [108.076263, 16.064179], [108.076145, 16.064157], [108.075961, 16.064121], [108.075807, 16.06409], [108.075669, 16.064096], [108.075541, 16.064098], [108.075418, 16.064138], [108.075355, 16.06422], [108.075218, 16.064624], [108.075157, 16.064859], [108.075016, 16.065018], [108.074955, 16.065234], [108.074948, 16.065411], [108.074946, 16.06588], [108.074894, 16.066067], [108.074778, 16.066207], [108.074602, 16.066377], [108.074541, 16.066549], [108.074463, 16.066819], [108.074478, 16.067201], [108.074522, 16.067468], [108.074525, 16.067678], [108.074452, 16.068071], [108.074296, 16.068838], [108.074164, 16.06926], [108.07413, 16.069614], [108.074084, 16.070456], [108.074154, 16.070978], [108.074584, 16.071884], [108.074999, 16.072353], [108.075481, 16.072654], [108.075552, 16.07276], [108.07557, 16.072875], [108.075551, 16.072951], [108.075496, 16.072989], [108.075352, 16.073012], [108.075276, 16.073024], [108.074586, 16.073012], [108.073621, 16.072904], [108.073012, 16.072877], [108.072671, 16.072868], [108.072338, 16.072894], [108.072109, 16.072919], [108.071753, 16.07291], [108.071464, 16.072935], [108.07122, 16.072953], [108.070952, 16.072878], [108.070773, 16.072816], [108.07058, 16.072783], [108.070387, 16.072786], [108.070165, 16.072803], [108.069884, 16.072836], [108.069587, 16.07284], [108.069157, 16.072811], [108.068816, 16.072808], [108.068304, 16.072809], [108.067786, 16.07283], [108.067527, 16.072834], [108.067164, 16.072854], [108.066861, 16.072908], [108.066475, 16.072914], [108.065838, 16.072901], [108.065209, 16.072975], [108.064824, 16.073009], [108.064446, 16.073], [108.064237, 16.072931], [108.064065, 16.072862], [108.063887, 16.07285], [108.063769, 16.072852], [108.063658, 16.072861], [108.063482, 16.072978], [108.063224, 16.073082], [108.062854, 16.073166], [108.062218, 16.073261], [108.061604, 16.073342], [108.060902, 16.073431], [108.060199, 16.073527], [108.059725, 16.073584], [108.059474, 16.073659], [108.059174, 16.073885], [108.058748, 16.074114], [108.058366, 16.07437], [108.058057, 16.074532], [108.057912, 16.074706], [108.057508, 16.075006], [108.057151, 16.075376], [108.056727, 16.075791], [108.056353, 16.076011], [108.05623, 16.076235], [108.056117, 16.076624], [108.055963, 16.076741], [108.055792, 16.076853], [108.055285, 16.077601], [108.055048, 16.078263], [108.054927, 16.078426], [108.054926, 16.078427], [108.054603, 16.078862], [108.054111, 16.079187], [108.054052, 16.079206], [108.053972, 16.079226], [108.053855, 16.079245], [108.053723, 16.079243], [108.053564, 16.079225], [108.053474, 16.079224], [108.053198, 16.079231], [108.053086, 16.079244], [108.053022, 16.079254], [108.052942, 16.079268], [108.052915, 16.079277], [108.052884, 16.079288], [108.052841, 16.079313], [108.052338, 16.079521], [108.051895, 16.079793], [108.051836, 16.079823], [108.051787, 16.079868], [108.051717, 16.079949], [108.051706, 16.079975], [108.0517, 16.080016], [108.051729, 16.080078], [108.051765, 16.080119], [108.051817, 16.080177], [108.051848, 16.080254], [108.051854, 16.080295], [108.051862, 16.080357], [108.051861, 16.080454], [108.051837, 16.080618], [108.051815, 16.080695], [108.051761, 16.080756], [108.051681, 16.080816], [108.051622, 16.080857], [108.051531, 16.080907], [108.051434, 16.080952], [108.051346, 16.080983], [108.051258, 16.081057], [108.051202, 16.081105], [108.05088, 16.081376], [108.050476, 16.081633], [108.049631, 16.082087], [108.049096, 16.082415], [108.04896, 16.082581], [108.048763, 16.08288], [108.048659, 16.082925], [108.048202, 16.08297], [108.047988, 16.082991], [108.047747, 16.083015], [108.04761, 16.083065], [108.047499, 16.083193], [108.047447, 16.083367], [108.047426, 16.083525], [108.047424, 16.083532], [108.047239, 16.084148], [108.047157, 16.084663], [108.04715, 16.084714], [108.04728, 16.085154], [108.047544, 16.085449], [108.047708, 16.085685], [108.047641, 16.086104], [108.047504, 16.086426], [108.047497, 16.086441], [108.047497, 16.086441], [108.047474, 16.086496], [108.047439, 16.086566], [108.047383, 16.086605], [108.047381, 16.086607], [108.047354, 16.086625], [108.047335, 16.086634], [108.047314, 16.086644], [108.047242, 16.086678], [108.047164, 16.0867], [108.047133, 16.086709], [108.047094, 16.086729], [108.04689, 16.086829], [108.046532, 16.08707], [108.046469, 16.087135], [108.046369, 16.087226], [108.045472, 16.088176], [108.045196, 16.088723], [108.045012, 16.089209], [108.044942, 16.089509], [108.044929, 16.089844], [108.044854, 16.090185], [108.044715, 16.090426], [108.044501, 16.090955], [108.044293, 16.091131], [108.043907, 16.091316], [108.043569, 16.091398], [108.043434, 16.09149], [108.04335, 16.091658], [108.043269, 16.092018], [108.043192, 16.092616], [108.043248, 16.093081], [108.043237, 16.093529], [108.043243, 16.093941], [108.043162, 16.094313], [108.0429, 16.095361], [108.042857, 16.09581], [108.042857, 16.09618], [108.04291, 16.096395], [108.043063, 16.096739], [108.043066, 16.09696], [108.042808, 16.097447], [108.042304, 16.098428], [108.042119, 16.098861], [108.041905, 16.099371], [108.041807, 16.099845], [108.041629, 16.100313], [108.041382, 16.100764], [108.041113, 16.101318], [108.040859, 16.101704], [108.040613, 16.102185], [108.040484, 16.102605], [108.040445, 16.102934], [108.04053, 16.10365], [108.040543, 16.103853], [108.039699, 16.105521], [108.039338, 16.106266], [108.038865, 16.10724], [108.03888, 16.107237], [108.038934, 16.107226], [108.039073, 16.107136], [108.039632, 16.106606], [108.039774, 16.106463], [108.04014, 16.106164], [108.04052, 16.10585], [108.040719, 16.10574], [108.040911, 16.105716], [108.041142, 16.105741], [108.041697, 16.105733], [108.042142, 16.105698], [108.042297, 16.105696], [108.042499, 16.105765], [108.042731, 16.105926], [108.043134, 16.106136], [108.043307, 16.106255], [108.043568, 16.106387], [108.043875, 16.106584], [108.044136, 16.10668], [108.044345, 16.106735], [108.044828, 16.106835], [108.045661, 16.106995], [108.045787, 16.107029], [108.045989, 16.107105], [108.046124, 16.107197], [108.046339, 16.107215], [108.046658, 16.107239], [108.046953, 16.10729], [108.047127, 16.107333], [108.047492, 16.10745], [108.047766, 16.107481], [108.048123, 16.107505], [108.048612, 16.107484], [108.048885, 16.107415], [108.049209, 16.107267], [108.049474, 16.107142], [108.049755, 16.10708], [108.05008, 16.107011], [108.050471, 16.106927], [108.050677, 16.106823], [108.050833, 16.106807], [108.050974, 16.106834], [108.051272, 16.106894], [108.051725, 16.106988], [108.052015, 16.107048], [108.052326, 16.107029], [108.052746, 16.107044], [108.052905, 16.107064], [108.053188, 16.107117], [108.053664, 16.107232], [108.054163, 16.107369], [108.054571, 16.107384], [108.05492, 16.107401], [108.055157, 16.10739], [108.055372, 16.107387], [108.055617, 16.107441], [108.055856, 16.107574], [108.056185, 16.107712], [108.056453, 16.107823], [108.056892, 16.108022], [108.056991, 16.108059], [108.057284, 16.108084], [108.057603, 16.108108], [108.057989, 16.108134], [108.058276, 16.10822], [108.058388, 16.108268], [108.058644, 16.108283], [108.058892, 16.108275], [108.059176, 16.108214], [108.059552, 16.108037], [108.059802, 16.107855], [108.060047, 16.107682], [108.060218, 16.107504], [108.060478, 16.107267], [108.060657, 16.107125], [108.060845, 16.107008], [108.061069, 16.106879], [108.06131, 16.106721], [108.061439, 16.106634], [108.061531, 16.106568], [108.061625, 16.106434], [108.061721, 16.106357], [108.061872, 16.106312], [108.062168, 16.106301], [108.062228, 16.106294], [108.062442, 16.106243], [108.062604, 16.106201], [108.062825, 16.106108], [108.063116, 16.10599], [108.063292, 16.105876], [108.063419, 16.105768], [108.063506, 16.105695], [108.063578, 16.105664], [108.063602, 16.105666], [108.063626, 16.105781], [108.063763, 16.107069], [108.063902, 16.108065], [108.063846, 16.108406], [108.06388, 16.108632], [108.063816, 16.108908], [108.063813, 16.109069], [108.063916, 16.109387], [108.063931, 16.109403], [108.064012, 16.109482], [108.064113, 16.109575], [108.064198, 16.109646], [108.064304, 16.109805], [108.064401, 16.110005], [108.064498, 16.110223], [108.064511, 16.110424], [108.064531, 16.110748], [108.06451, 16.110983], [108.06447, 16.111241], [108.064497, 16.111422], [108.064578, 16.111618], [108.064646, 16.111796], [108.064677, 16.111902], [108.0647, 16.11196], [108.06472, 16.112014], [108.064755, 16.112151], [108.064771, 16.112199], [108.064786, 16.112229], [108.0648, 16.112255], [108.064813, 16.112274], [108.064843, 16.112301], [108.064867, 16.112319], [108.064902, 16.112337], [108.064933, 16.112348], [108.064986, 16.112358], [108.064991, 16.112358], [108.065038, 16.112363], [108.065371, 16.112598], [108.065371, 16.112598]]]]}, "properties": {"code": "20197", "name": "Liên Chiểu", "nameEn": "Lien Chieu", "fullName": "Phường Liên Chiểu", "fullNameEn": "Lien Chieu Ward", "codeName": "lien_chieu", "postalCode": "50612", "postalCodePrefix": "", "gisServerId": "diaphanhanhchinhcapxa_2025.1911", "areaKm2": 41.19, "ward_code": "20197", "source_member": "geojson/48_da_nang/wards/20197_lien_chieu.geojson", "requires_boat": false, "region": "danang", "search_name": "Đà Nẵng", "grid_km": 2}}, {"type": "Feature", "id": "20200", "bbox": [108.084069, 16.021135, 108.178813, 16.089471], "geometry": {"type": "MultiPolygon", "coordinates": [[[[108.168164, 16.075674], [108.16825, 16.075607], [108.168869, 16.076507], [108.168911, 16.076568], [108.168975, 16.076529], [108.169361, 16.076292], [108.169699, 16.076085], [108.169854, 16.07599], [108.170169, 16.075796], [108.171066, 16.075246], [108.171437, 16.075018], [108.171538, 16.074953], [108.17165, 16.074885], [108.171937, 16.074709], [108.172253, 16.074513], [108.172301, 16.07449], [108.172375, 16.074439], [108.172862, 16.074142], [108.172887, 16.074126], [108.173345, 16.073838], [108.173835, 16.073544], [108.174396, 16.073208], [108.174401, 16.073204], [108.174663, 16.073025], [108.174902, 16.072861], [108.174869, 16.072811], [108.174708, 16.072573], [108.174487, 16.072241], [108.174357, 16.07205], [108.173862, 16.071312], [108.174356, 16.071], [108.174632, 16.070835], [108.17473, 16.070806], [108.175001, 16.070726], [108.175286, 16.070714], [108.175464, 16.070739], [108.175134, 16.070264], [108.175126, 16.070241], [108.175049, 16.070118], [108.175013, 16.070069], [108.174949, 16.069983], [108.17486, 16.069858], [108.17477, 16.069733], [108.174672, 16.069595], [108.174388, 16.069141], [108.174614, 16.06892], [108.174759, 16.068677], [108.174793, 16.068457], [108.174745, 16.068354], [108.174649, 16.068192], [108.174651, 16.068066], [108.174677, 16.067953], [108.174889, 16.067777], [108.175023, 16.0676], [108.175077, 16.067411], [108.17513, 16.067128], [108.175258, 16.066816], [108.175561, 16.066186], [108.175751, 16.065401], [108.175903, 16.065096], [108.176185, 16.064805], [108.176718, 16.064224], [108.176242, 16.06372], [108.177439, 16.062948], [108.177956, 16.062598], [108.178335, 16.06232], [108.178813, 16.062031], [108.178813, 16.062031], [108.178695, 16.06194], [108.17805, 16.061443], [108.177038, 16.060675], [108.176467, 16.060272], [108.176449, 16.060259], [108.175769, 16.0598], [108.17531, 16.059524], [108.175192, 16.059452], [108.174107, 16.058793], [108.173817, 16.058602], [108.173553, 16.058427], [108.17331, 16.058243], [108.173346, 16.058109], [108.173613, 16.05712], [108.17362, 16.057099], [108.173646, 16.057018], [108.17203, 16.056453], [108.172107, 16.056092], [108.172099, 16.05612], [108.171496, 16.056081], [108.17122, 16.05605], [108.171188, 16.055952], [108.171184, 16.055678], [108.171191, 16.055649], [108.171274, 16.055265], [108.17135, 16.054758], [108.171442, 16.054399], [108.171488, 16.054229], [108.170398, 16.053989], [108.170912, 16.05232], [108.170913, 16.052317], [108.170367, 16.052137], [108.170602, 16.051293], [108.171616, 16.051562], [108.171867, 16.050737], [108.170966, 16.050435], [108.171115, 16.049971], [108.171505, 16.048828], [108.171213, 16.048824], [108.171197, 16.047865], [108.171331, 16.047754], [108.17152, 16.047017], [108.171073, 16.046588], [108.171472, 16.046177], [108.171501, 16.04615], [108.171825, 16.045861], [108.171671, 16.045728], [108.171206, 16.045357], [108.171137, 16.045227], [108.171092, 16.045108], [108.17104, 16.045004], [108.171022, 16.04478], [108.170621, 16.044334], [108.170605, 16.044349], [108.16872, 16.042477], [108.169119, 16.042124], [108.168041, 16.041037], [108.167541, 16.040637], [108.166779, 16.040352], [108.165979, 16.040114], [108.165697, 16.039931], [108.165456, 16.039534], [108.165089, 16.039278], [108.164667, 16.038937], [108.164663, 16.038935], [108.164638, 16.03891], [108.164622, 16.038891], [108.164587, 16.038839], [108.16452, 16.038719], [108.164506, 16.038695], [108.164399, 16.038419], [108.164389, 16.038382], [108.16438, 16.038304], [108.16433, 16.038222], [108.164274, 16.038114], [108.164213, 16.037996], [108.164096, 16.037923], [108.164071, 16.037907], [108.164015, 16.03789], [108.163575, 16.037758], [108.16356, 16.037752], [108.163393, 16.037676], [108.163254, 16.03758], [108.163118, 16.037419], [108.163066, 16.037274], [108.162799, 16.036708], [108.162666, 16.036434], [108.162619, 16.036337], [108.16244, 16.036112], [108.162366, 16.03602], [108.162285, 16.035869], [108.162257, 16.03579], [108.162186, 16.035595], [108.162166, 16.035322], [108.162202, 16.035143], [108.162216, 16.035085], [108.162231, 16.035027], [108.162237, 16.035], [108.162205, 16.034965], [108.162178, 16.034935], [108.162177, 16.034935], [108.162018, 16.034691], [108.161648, 16.034265], [108.160772, 16.033327], [108.160585, 16.033229], [108.160458, 16.033189], [108.16019, 16.033233], [108.159963, 16.03323], [108.159481, 16.03308], [108.159303, 16.03304], [108.159145, 16.033057], [108.158861, 16.03331], [108.158555, 16.033403], [108.158112, 16.033418], [108.157977, 16.033525], [108.157834, 16.033639], [108.157705, 16.033618], [108.157612, 16.033683], [108.157508, 16.033755], [108.157335, 16.03387], [108.156867, 16.034182], [108.156588, 16.034308], [108.156035, 16.034514], [108.155706, 16.034588], [108.155486, 16.034759], [108.155055, 16.034861], [108.154796, 16.034829], [108.154398, 16.034691], [108.154263, 16.034717], [108.154069, 16.034959], [108.153952, 16.034877], [108.153839, 16.034664], [108.153752, 16.034639], [108.153667, 16.034614], [108.153526, 16.034543], [108.153397, 16.034518], [108.153273, 16.034519], [108.153171, 16.034536], [108.153117, 16.034554], [108.152932, 16.034904], [108.152712, 16.035074], [108.152627, 16.035253], [108.152567, 16.035303], [108.152386, 16.035418], [108.152293, 16.035454], [108.152002, 16.035479], [108.15141, 16.035535], [108.150818, 16.03558], [108.150336, 16.035539], [108.149678, 16.035346], [108.149257, 16.035292], [108.149073, 16.035379], [108.148841, 16.035513], [108.148545, 16.035554], [108.14831, 16.035557], [108.148228, 16.035478], [108.148024, 16.035394], [108.147576, 16.03521], [108.147092, 16.035061], [108.146349, 16.034905], [108.145929, 16.034935], [108.145524, 16.035096], [108.145259, 16.035186], [108.144932, 16.035117], [108.14473, 16.034881], [108.14443, 16.034611], [108.144026, 16.034067], [108.143741, 16.034], [108.143081, 16.033995], [108.142592, 16.033969], [108.142252, 16.03396], [108.142023, 16.033953], [108.14189, 16.034062], [108.141696, 16.034083], [108.141504, 16.034099], [108.141307, 16.033917], [108.141128, 16.03362], [108.141045, 16.033469], [108.140988, 16.033437], [108.14091, 16.03333], [108.140843, 16.033203], [108.140794, 16.033157], [108.140694, 16.033108], [108.14048, 16.033015], [108.14038, 16.032966], [108.140058, 16.032845], [108.139934, 16.032827], [108.139801, 16.03282], [108.139603, 16.032823], [108.139416, 16.032816], [108.139123, 16.032725], [108.138929, 16.032684], [108.138781, 16.032701], [108.138599, 16.032636], [108.138035, 16.032531], [108.137832, 16.032382], [108.137541, 16.032144], [108.137232, 16.032002], [108.136827, 16.03193], [108.136185, 16.031912], [108.135274, 16.03177], [108.134917, 16.031722], [108.134543, 16.031675], [108.134227, 16.031556], [108.133728, 16.031306], [108.133288, 16.031151], [108.13277, 16.031074], [108.132508, 16.03102], [108.132312, 16.030943], [108.132145, 16.030846], [108.131949, 16.030735], [108.131842, 16.030723], [108.13164, 16.030788], [108.131396, 16.030836], [108.130974, 16.030794], [108.130468, 16.030883], [108.129814, 16.030895], [108.129519, 16.030873], [108.129366, 16.030815], [108.129149, 16.030709], [108.128892, 16.030526], [108.128764, 16.030393], [108.128694, 16.030273], [108.128574, 16.030096], [108.128427, 16.029919], [108.128214, 16.029766], [108.128071, 16.02969], [108.127875, 16.029664], [108.127565, 16.029662], [108.127504, 16.029633], [108.127243, 16.029475], [108.127142, 16.029384], [108.127107, 16.029363], [108.126969, 16.029346], [108.1269, 16.029388], [108.126858, 16.029455], [108.126833, 16.029494], [108.126818, 16.029518], [108.126818, 16.029518], [108.126817, 16.02952], [108.126816, 16.029522], [108.126816, 16.029522], [108.126633, 16.029574], [108.12657, 16.029588], [108.126455, 16.029599], [108.126093, 16.029636], [108.12556, 16.029686], [108.125259, 16.029681], [108.12514, 16.029664], [108.124991, 16.029618], [108.124856, 16.029549], [108.124757, 16.029502], [108.124628, 16.02949], [108.124495, 16.029492], [108.124307, 16.029485], [108.124153, 16.029425], [108.124052, 16.029307], [108.123961, 16.029151], [108.123889, 16.02898], [108.123876, 16.028789], [108.123874, 16.028617], [108.123944, 16.028401], [108.124016, 16.028252], [108.124073, 16.028108], [108.124062, 16.028012], [108.123961, 16.027899], [108.123856, 16.027819], [108.123726, 16.027707], [108.123655, 16.027612], [108.123619, 16.027498], [108.123578, 16.027412], [108.123513, 16.027342], [108.123463, 16.027333], [108.123379, 16.027339], [108.123315, 16.027326], [108.123235, 16.027241], [108.123049, 16.027019], [108.122861, 16.026835], [108.122693, 16.026674], [108.122593, 16.026583], [108.122461, 16.026464], [108.122327, 16.026321], [108.12219, 16.026144], [108.122085, 16.02598], [108.12201, 16.025849], [108.12196, 16.025696], [108.122032, 16.025484], [108.122398, 16.025173], [108.122478, 16.025089], [108.122077, 16.024902], [108.121918, 16.02478], [108.121739, 16.024627], [108.121687, 16.024578], [108.121539, 16.024442], [108.121392, 16.024343], [108.121299, 16.024293], [108.120703, 16.023766], [108.120567, 16.023927], [108.120518, 16.023976], [108.120374, 16.02412], [108.12031, 16.024169], [108.120162, 16.024313], [108.120048, 16.024458], [108.119965, 16.024525], [108.119819, 16.024698], [108.119674, 16.024865], [108.119639, 16.024901], [108.1196, 16.024937], [108.119541, 16.024983], [108.119509, 16.025], [108.11947, 16.025016], [108.119428, 16.02503], [108.119376, 16.025046], [108.119321, 16.025073], [108.119289, 16.025093], [108.119259, 16.025115], [108.119224, 16.025144], [108.119189, 16.025185], [108.119151, 16.025239], [108.119095, 16.025316], [108.118993, 16.025445], [108.118962, 16.025491], [108.118941, 16.02553], [108.118926, 16.025569], [108.11891, 16.025624], [108.118849, 16.025816], [108.118835, 16.025868], [108.118829, 16.02589], [108.118826, 16.025902], [108.118822, 16.025916], [108.118649, 16.025963], [108.118337, 16.025962], [108.118198, 16.025913], [108.117804, 16.02566], [108.117776, 16.025615], [108.11772, 16.025546], [108.117699, 16.025524], [108.117678, 16.025503], [108.117632, 16.025481], [108.117593, 16.025467], [108.117565, 16.025461], [108.117537, 16.025459], [108.117391, 16.025469], [108.117308, 16.025483], [108.117227, 16.025496], [108.117179, 16.025506], [108.117148, 16.025513], [108.117125, 16.025518], [108.117096, 16.025518], [108.117069, 16.025514], [108.117033, 16.025495], [108.116901, 16.025424], [108.116865, 16.025411], [108.116834, 16.025398], [108.116724, 16.025263], [108.116483, 16.024938], [108.116425, 16.024893], [108.116394, 16.024879], [108.116365, 16.024872], [108.116333, 16.024866], [108.116295, 16.024867], [108.116266, 16.024872], [108.116229, 16.024882], [108.116193, 16.024898], [108.11615, 16.024914], [108.116114, 16.024924], [108.116008, 16.024956], [108.115957, 16.024965], [108.115891, 16.024968], [108.115846, 16.024971], [108.115812, 16.024971], [108.115759, 16.024974], [108.115722, 16.024979], [108.115681, 16.02499], [108.115655, 16.025], [108.115617, 16.025018], [108.115576, 16.02504], [108.115543, 16.025062], [108.115521, 16.025082], [108.115508, 16.02509], [108.115488, 16.025107], [108.115452, 16.025141], [108.115434, 16.025162], [108.115422, 16.025193], [108.115414, 16.025221], [108.115407, 16.025254], [108.115401, 16.025283], [108.115392, 16.025306], [108.115379, 16.025321], [108.115171, 16.025467], [108.114965, 16.025604], [108.114633, 16.025685], [108.114439, 16.025649], [108.114243, 16.025639], [108.114162, 16.025641], [108.114126, 16.025647], [108.114109, 16.025658], [108.113971, 16.025941], [108.113904, 16.026286], [108.113753, 16.02643], [108.113735, 16.026448], [108.113717, 16.026473], [108.113681, 16.026553], [108.113654, 16.026597], [108.113615, 16.026659], [108.113597, 16.026681], [108.113576, 16.026699], [108.113535, 16.026724], [108.113428, 16.02677], [108.113392, 16.026784], [108.113369, 16.026792], [108.113349, 16.026797], [108.113322, 16.026798], [108.113236, 16.026786], [108.113189, 16.026771], [108.113135, 16.026743], [108.113077, 16.026709], [108.113016, 16.026676], [108.112865, 16.026614], [108.112754, 16.02657], [108.112709, 16.02656], [108.112609, 16.026541], [108.112532, 16.026535], [108.112485, 16.026537], [108.112276, 16.026566], [108.112197, 16.02657], [108.11204, 16.02658], [108.111925, 16.026533], [108.111858, 16.026403], [108.111846, 16.026148], [108.111851, 16.026056], [108.111868, 16.025843], [108.111866, 16.025811], [108.111865, 16.025777], [108.111862, 16.025746], [108.111861, 16.02573], [108.111854, 16.025679], [108.111846, 16.025625], [108.111833, 16.025566], [108.11181, 16.025496], [108.111781, 16.02542], [108.111751, 16.025342], [108.11172, 16.02526], [108.111686, 16.025157], [108.111647, 16.025034], [108.111638, 16.025004], [108.11161, 16.02492], [108.111572, 16.024801], [108.111531, 16.024668], [108.111494, 16.024551], [108.111463, 16.024449], [108.111434, 16.024348], [108.111404, 16.024246], [108.111372, 16.024141], [108.111348, 16.024072], [108.111337, 16.024038], [108.111301, 16.023943], [108.111291, 16.023917], [108.111266, 16.023853], [108.111235, 16.023778], [108.111208, 16.023718], [108.111182, 16.023665], [108.111155, 16.023613], [108.111128, 16.023562], [108.111103, 16.023519], [108.111079, 16.023484], [108.111067, 16.023467], [108.111055, 16.02345], [108.111028, 16.023414], [108.110994, 16.023372], [108.110956, 16.023326], [108.110941, 16.023308], [108.110917, 16.023279], [108.11088, 16.023236], [108.110848, 16.023197], [108.110818, 16.02316], [108.110809, 16.023149], [108.110789, 16.023123], [108.110766, 16.023086], [108.11075, 16.023052], [108.110741, 16.023022], [108.110734, 16.022992], [108.110731, 16.022971], [108.110723, 16.022946], [108.110411, 16.022861], [108.109344, 16.022549], [108.109126, 16.022546], [108.10892, 16.022472], [108.108696, 16.02222], [108.1084, 16.021848], [108.108303, 16.021761], [108.108061, 16.02172], [108.107858, 16.021736], [108.107703, 16.021868], [108.107523, 16.022013], [108.107221, 16.022081], [108.106995, 16.022021], [108.106522, 16.02189], [108.106327, 16.021687], [108.106046, 16.02131], [108.105841, 16.021135], [108.105746, 16.021144], [108.105547, 16.021189], [108.105353, 16.021216], [108.104895, 16.021274], [108.104831, 16.021302], [108.104817, 16.021324], [108.104821, 16.021568], [108.104778, 16.021725], [108.104725, 16.021953], [108.10466, 16.022212], [108.104568, 16.022352], [108.104398, 16.022498], [108.104182, 16.022625], [108.104042, 16.022785], [108.10395, 16.022934], [108.103878, 16.023083], [108.103851, 16.02327], [108.10381, 16.023447], [108.103762, 16.023558], [108.103562, 16.023714], [108.10341, 16.023811], [108.103262, 16.023828], [108.103119, 16.023859], [108.103021, 16.023884], [108.102894, 16.023948], [108.1026, 16.024115], [108.102243, 16.024335], [108.102101, 16.024461], [108.101995, 16.024592], [108.101933, 16.024736], [108.101895, 16.024875], [108.101888, 16.025061], [108.101919, 16.025424], [108.101914, 16.025773], [108.101878, 16.025984], [108.101811, 16.026133], [108.101626, 16.026307], [108.10144, 16.026458], [108.101388, 16.026583], [108.101399, 16.026674], [108.101411, 16.026788], [108.101392, 16.026855], [108.10133, 16.026966], [108.101237, 16.027054], [108.101174, 16.027136], [108.100975, 16.027339], [108.100809, 16.027447], [108.100692, 16.027544], [108.100584, 16.027651], [108.100361, 16.027912], [108.100224, 16.027995], [108.099985, 16.028185], [108.099824, 16.028345], [108.099621, 16.028572], [108.09949, 16.02878], [108.099432, 16.028814], [108.099343, 16.028835], [108.099195, 16.028865], [108.098999, 16.028959], [108.098651, 16.029112], [108.098209, 16.029329], [108.097777, 16.029507], [108.097399, 16.029661], [108.096972, 16.029805], [108.096765, 16.029842], [108.096622, 16.029844], [108.096499, 16.029874], [108.096396, 16.029933], [108.096363, 16.030048], [108.096331, 16.030235], [108.096196, 16.030457], [108.095935, 16.030833], [108.095693, 16.031119], [108.095488, 16.031289], [108.095336, 16.031377], [108.095017, 16.031511], [108.09482, 16.031585], [108.094591, 16.031732], [108.09437, 16.031864], [108.094049, 16.032146], [108.093606, 16.032577], [108.093318, 16.03282], [108.093092, 16.03291], [108.09287, 16.032965], [108.092537, 16.033147], [108.092265, 16.033404], [108.09202, 16.033565], [108.091707, 16.033756], [108.091202, 16.03405], [108.090928, 16.034183], [108.090678, 16.034306], [108.090278, 16.03436], [108.089958, 16.034388], [108.089546, 16.034308], [108.088842, 16.034122], [108.088316, 16.033948], [108.087974, 16.033896], [108.087796, 16.033908], [108.087708, 16.033981], [108.087537, 16.03406], [108.087374, 16.034058], [108.087135, 16.033985], [108.086921, 16.033887], [108.086762, 16.03377], [108.086552, 16.033632], [108.086502, 16.033627], [108.086429, 16.033676], [108.086278, 16.033782], [108.086053, 16.033971], [108.085833, 16.034089], [108.085632, 16.034221], [108.085555, 16.034342], [108.085464, 16.034558], [108.085353, 16.034736], [108.085202, 16.034829], [108.085089, 16.034874], [108.084872, 16.034935], [108.084563, 16.035087], [108.08439, 16.035174], [108.084146, 16.035273], [108.084126, 16.035419], [108.084106, 16.035571], [108.084099, 16.035973], [108.084069, 16.036373], [108.084126, 16.036667], [108.084205, 16.036962], [108.084314, 16.037314], [108.084454, 16.037723], [108.084479, 16.038095], [108.084451, 16.038492], [108.084374, 16.038933], [108.084234, 16.039499], [108.084168, 16.039724], [108.084145, 16.039825], [108.084152, 16.039916], [108.084238, 16.040043], [108.084393, 16.040189], [108.084538, 16.040278], [108.084687, 16.040386], [108.084789, 16.040551], [108.084851, 16.040746], [108.084919, 16.040956], [108.084886, 16.041114], [108.084829, 16.041253], [108.084777, 16.041369], [108.084754, 16.041465], [108.08474, 16.041565], [108.084723, 16.041718], [108.08468, 16.041843], [108.084624, 16.042011], [108.084566, 16.04239], [108.084585, 16.043221], [108.084591, 16.043789], [108.084699, 16.044045], [108.084788, 16.044355], [108.084845, 16.04455], [108.084863, 16.044731], [108.084866, 16.044889], [108.084868, 16.045046], [108.08495, 16.045241], [108.085136, 16.04542], [108.0855, 16.045663], [108.085875, 16.045944], [108.086161, 16.046203], [108.086397, 16.046486], [108.086519, 16.046709], [108.086614, 16.047071], [108.086717, 16.047361], [108.08681, 16.047646], [108.086867, 16.047808], [108.087003, 16.047973], [108.087218, 16.048137], [108.087482, 16.048301], [108.087559, 16.048433], [108.087597, 16.048672], [108.087562, 16.048949], [108.087497, 16.049227], [108.0875, 16.049442], [108.087552, 16.049623], [108.087668, 16.04976], [108.087847, 16.049863], [108.088329, 16.050037], [108.088722, 16.050184], [108.08896, 16.050205], [108.089202, 16.050254], [108.089337, 16.050319], [108.089532, 16.050493], [108.089741, 16.050749], [108.089788, 16.050813], [108.089835, 16.050856], [108.090005, 16.051021], [108.09016, 16.051124], [108.090289, 16.05118], [108.090433, 16.051259], [108.090548, 16.051329], [108.090662, 16.05137], [108.090786, 16.051392], [108.090891, 16.051434], [108.090985, 16.051475], [108.09109, 16.051536], [108.091146, 16.051626], [108.091193, 16.051835], [108.091202, 16.052069], [108.091229, 16.052217], [108.0913, 16.052321], [108.091389, 16.05232], [108.091493, 16.052342], [108.091547, 16.052365], [108.091583, 16.052427], [108.091609, 16.052498], [108.091649, 16.052574], [108.09173, 16.052673], [108.09188, 16.052791], [108.092155, 16.052992], [108.09234, 16.053104], [108.092421, 16.053232], [108.092462, 16.053375], [108.092482, 16.053671], [108.092471, 16.053938], [108.092236, 16.054377], [108.091834, 16.054941], [108.091639, 16.055306], [108.091365, 16.056198], [108.090706, 16.057684], [108.090502, 16.058238], [108.090502, 16.058238], [108.090563, 16.058352], [108.090719, 16.058546], [108.090812, 16.058657], [108.090903, 16.058773], [108.090951, 16.058847], [108.090985, 16.058916], [108.090985, 16.058968], [108.09096, 16.059009], [108.090684, 16.059232], [108.090608, 16.059315], [108.090565, 16.059392], [108.090554, 16.059472], [108.090551, 16.059626], [108.090611, 16.059868], [108.090608, 16.059932], [108.090594, 16.059992], [108.090568, 16.060025], [108.090489, 16.060075], [108.090376, 16.060124], [108.090225, 16.060179], [108.090137, 16.060218], [108.090089, 16.060268], [108.090063, 16.060303], [108.090061, 16.060342], [108.090066, 16.060463], [108.090072, 16.060502], [108.090061, 16.06057], [108.090061, 16.060724], [108.090098, 16.060815], [108.090208, 16.060953], [108.090369, 16.061133], [108.090759, 16.061539], [108.091338, 16.062146], [108.091349, 16.062157], [108.091346, 16.062378], [108.091112, 16.062806], [108.091042, 16.063087], [108.091046, 16.063338], [108.091049, 16.063541], [108.09102, 16.063649], [108.090807, 16.063889], [108.090867, 16.064177], [108.091205, 16.064871], [108.091728, 16.065532], [108.091897, 16.065679], [108.09209, 16.065748], [108.092281, 16.065726], [108.092274, 16.065734], [108.092199, 16.065798], [108.092139, 16.065896], [108.092, 16.066344], [108.091934, 16.066631], [108.091875, 16.066803], [108.091761, 16.066905], [108.091621, 16.067181], [108.091538, 16.067534], [108.091571, 16.067599], [108.091598, 16.067671], [108.091612, 16.067763], [108.091592, 16.067941], [108.091575, 16.068418], [108.091528, 16.069257], [108.091475, 16.069346], [108.091392, 16.069516], [108.09139, 16.069553], [108.091218, 16.069888], [108.091106, 16.070069], [108.091058, 16.070371], [108.090971, 16.070497], [108.090678, 16.070702], [108.092589, 16.070208], [108.093149, 16.070573], [108.093496, 16.070632], [108.093855, 16.070662], [108.094258, 16.070871], [108.095, 16.070922], [108.095513, 16.070997], [108.095498, 16.071166], [108.095444, 16.071486], [108.09576, 16.071596], [108.097065, 16.071637], [108.097069, 16.071809], [108.097506, 16.07182], [108.097525, 16.071975], [108.097393, 16.072051], [108.097294, 16.072199], [108.097297, 16.072209], [108.097297, 16.072217], [108.097364, 16.072364], [108.097415, 16.072519], [108.097452, 16.072639], [108.097532, 16.072602], [108.097595, 16.072585], [108.097625, 16.072582], [108.097679, 16.072586], [108.097782, 16.072609], [108.097924, 16.07265], [108.098155, 16.072765], [108.098284, 16.072979], [108.098342, 16.073179], [108.09878, 16.073162], [108.098985, 16.073099], [108.099097, 16.073452], [108.09957, 16.074042], [108.100014, 16.074844], [108.100034, 16.074832], [108.100229, 16.074758], [108.100446, 16.074676], [108.100879, 16.074584], [108.100991, 16.074867], [108.100219, 16.075093], [108.100432, 16.075886], [108.1007, 16.075824], [108.10074, 16.076115], [108.100973, 16.076061], [108.101015, 16.07617], [108.10146, 16.076062], [108.101621, 16.076488], [108.101228, 16.076656], [108.101227, 16.076782], [108.101042, 16.076863], [108.101081, 16.077081], [108.102006, 16.076852], [108.102032, 16.076939], [108.102089, 16.07714], [108.10213, 16.077291], [108.102162, 16.07741], [108.102176, 16.07747], [108.102197, 16.077591], [108.102205, 16.077647], [108.102212, 16.077696], [108.102606, 16.07768], [108.102538, 16.078192], [108.10389, 16.078398], [108.103768, 16.078806], [108.104274, 16.078928], [108.104325, 16.078848], [108.105135, 16.079065], [108.105243, 16.0791], [108.10535, 16.079131], [108.105427, 16.079144], [108.105408, 16.079261], [108.105388, 16.079382], [108.105364, 16.079505], [108.10535, 16.079579], [108.105343, 16.079622], [108.105331, 16.079735], [108.105321, 16.079848], [108.105317, 16.079872], [108.105245, 16.079867], [108.105005, 16.080207], [108.104814, 16.080267], [108.104817, 16.080511], [108.105326, 16.080797], [108.106099, 16.080471], [108.107366, 16.079958], [108.107704, 16.080238], [108.108197, 16.079857], [108.109617, 16.078176], [108.112431, 16.081205], [108.113486, 16.081756], [108.115668, 16.079901], [108.115666, 16.079898], [108.11677, 16.077683], [108.116925, 16.077146], [108.117426, 16.077225], [108.117649, 16.075043], [108.11714, 16.075026], [108.11718, 16.073678], [108.117317, 16.072806], [108.117448, 16.072176], [108.117485, 16.072032], [108.117526, 16.071869], [108.117578, 16.071612], [108.117583, 16.071543], [108.117579, 16.071508], [108.117563, 16.071482], [108.117534, 16.071442], [108.117513, 16.071416], [108.117476, 16.071362], [108.117447, 16.071304], [108.11743, 16.071241], [108.117422, 16.071187], [108.117421, 16.071157], [108.117426, 16.071116], [108.117453, 16.071038], [108.117486, 16.070981], [108.117499, 16.070953], [108.117502, 16.070933], [108.117496, 16.070804], [108.117493, 16.070743], [108.11749, 16.0707], [108.117479, 16.070345], [108.117468, 16.070105], [108.117459, 16.069969], [108.117444, 16.069856], [108.117425, 16.06974], [108.117406, 16.069712], [108.117401, 16.069702], [108.117397, 16.069691], [108.117387, 16.069669], [108.117374, 16.069617], [108.117365, 16.0695], [108.117367, 16.069382], [108.117367, 16.06935], [108.11737, 16.069282], [108.117381, 16.069071], [108.117383, 16.068988], [108.117387, 16.068886], [108.117388, 16.068799], [108.11739, 16.068663], [108.117408, 16.068374], [108.117439, 16.068203], [108.117466, 16.068066], [108.117506, 16.067935], [108.117535, 16.067879], [108.117552, 16.067855], [108.117566, 16.067839], [108.117581, 16.067836], [108.117604, 16.067833], [108.117637, 16.067836], [108.117951, 16.067862], [108.11822, 16.067892], [108.118383, 16.067937], [108.118591, 16.067944], [108.118971, 16.067905], [108.119233, 16.067949], [108.119599, 16.067967], [108.119787, 16.067984], [108.120049, 16.067975], [108.120404, 16.067927], [108.12067, 16.067871], [108.121087, 16.067733], [108.121457, 16.067586], [108.121958, 16.067435], [108.122284, 16.067393], [108.12245, 16.067359], [108.12281, 16.067261], [108.123037, 16.067239], [108.123249, 16.067231], [108.123398, 16.067229], [108.123581, 16.067269], [108.12375, 16.067314], [108.123913, 16.067322], [108.12415, 16.067299], [108.124475, 16.067246], [108.124973, 16.067182], [108.125219, 16.06713], [108.125474, 16.066993], [108.125781, 16.066828], [108.126005, 16.066711], [108.126191, 16.066543], [108.126344, 16.066358], [108.126424, 16.066242], [108.126541, 16.066151], [108.126567, 16.066145], [108.126677, 16.06612], [108.126778, 16.066125], [108.126815, 16.066129], [108.126816, 16.06613], [108.126816, 16.06613], [108.126817, 16.06613], [108.126817, 16.06613], [108.126818, 16.066129], [108.126818, 16.066129], [108.126829, 16.066129], [108.126839, 16.066129], [108.126888, 16.066126], [108.127005, 16.066134], [108.12714, 16.066202], [108.127329, 16.066311], [108.127453, 16.066341], [108.127629, 16.066335], [108.127742, 16.066305], [108.127882, 16.066241], [108.127923, 16.066222], [108.128156, 16.066073], [108.128697, 16.065514], [108.12906, 16.06506], [108.129509, 16.064779], [108.130108, 16.0643], [108.130259, 16.06413], [108.130334, 16.063729], [108.130425, 16.063568], [108.130574, 16.063513], [108.13123, 16.063264], [108.131408, 16.063266], [108.131467, 16.063315], [108.131603, 16.06346], [108.131878, 16.063597], [108.132231, 16.063774], [108.132626, 16.063846], [108.132931, 16.063898], [108.133216, 16.064007], [108.133374, 16.064047], [108.133453, 16.064029], [108.133484, 16.063944], [108.133584, 16.063771], [108.134182, 16.063518], [108.134244, 16.063524], [108.134523, 16.063582], [108.134652, 16.063569], [108.134786, 16.063523], [108.134915, 16.063487], [108.135068, 16.063494], [108.135201, 16.063548], [108.135323, 16.06364], [108.135449, 16.063819], [108.135607, 16.064156], [108.135734, 16.064305], [108.136009, 16.064405], [108.136345, 16.064428], [108.136508, 16.064388], [108.136742, 16.064309], [108.13695, 16.06426], [108.137083, 16.064309], [108.13722, 16.064397], [108.137338, 16.064413], [108.137448, 16.064367], [108.137721, 16.06427], [108.137885, 16.064229], [108.138062, 16.064252], [108.13807, 16.064254], [108.138441, 16.064337], [108.138707, 16.064407], [108.13887, 16.064438], [108.139024, 16.064412], [108.139217, 16.064381], [108.139399, 16.064431], [108.139684, 16.064569], [108.139909, 16.064715], [108.13995, 16.064728], [108.140459, 16.064791], [108.145213, 16.065184], [108.146098, 16.06665], [108.146165, 16.06662], [108.146305, 16.066556], [108.146386, 16.066514], [108.146684, 16.067285], [108.146917, 16.068036], [108.147646, 16.067386], [108.147651, 16.06739], [108.147792, 16.067509], [108.148073, 16.067772], [108.148098, 16.067797], [108.148707, 16.068048], [108.149264, 16.068278], [108.149295, 16.068291], [108.149366, 16.06832], [108.150706, 16.06888], [108.150945, 16.068978], [108.150946, 16.068978], [108.151416, 16.069183], [108.15142, 16.069185], [108.151447, 16.069199], [108.151512, 16.069222], [108.151585, 16.069257], [108.151643, 16.069289], [108.151858, 16.069406], [108.151913, 16.069436], [108.152117, 16.069527], [108.152166, 16.069554], [108.152695, 16.069843], [108.153129, 16.070049], [108.153526, 16.070244], [108.15424, 16.070595], [108.154357, 16.070652], [108.15442, 16.070683], [108.154923, 16.070945], [108.155388, 16.071166], [108.15569, 16.071295], [108.155718, 16.071305], [108.155745, 16.071315], [108.155793, 16.071331], [108.155801, 16.071334], [108.155787, 16.071396], [108.155774, 16.071456], [108.155745, 16.071578], [108.155733, 16.071626], [108.155688, 16.071811], [108.155602, 16.072172], [108.155513, 16.072555], [108.15542, 16.072947], [108.155327, 16.073339], [108.155264, 16.073604], [108.155252, 16.073659], [108.155241, 16.073702], [108.155239, 16.073713], [108.155235, 16.073731], [108.155217, 16.073803], [108.155144, 16.074113], [108.155062, 16.074482], [108.154985, 16.074787], [108.154984, 16.07479], [108.15497, 16.074849], [108.154906, 16.075169], [108.154719, 16.075728], [108.154555, 16.076155], [108.154423, 16.076446], [108.154227, 16.076839], [108.153928, 16.077382], [108.153327, 16.078439], [108.153194, 16.078659], [108.152697, 16.079528], [108.152654, 16.079603], [108.152556, 16.079775], [108.152529, 16.079824], [108.152424, 16.080011], [108.152092, 16.080604], [108.151337, 16.081837], [108.151335, 16.081841], [108.151264, 16.081965], [108.150947, 16.082519], [108.150853, 16.082683], [108.150663, 16.083015], [108.150526, 16.083255], [108.150514, 16.083277], [108.150232, 16.083766], [108.15021, 16.083804], [108.150201, 16.08382], [108.1502, 16.083821], [108.150196, 16.083827], [108.150249, 16.083858], [108.15031, 16.083923], [108.150499, 16.084124], [108.150889, 16.084539], [108.151317, 16.085014], [108.151495, 16.085214], [108.151664, 16.085405], [108.151823, 16.085585], [108.15192, 16.085695], [108.152104, 16.08591], [108.152188, 16.086008], [108.152269, 16.086104], [108.152346, 16.086194], [108.152654, 16.086541], [108.152989, 16.086921], [108.153329, 16.087265], [108.153356, 16.087293], [108.153302, 16.087341], [108.152798, 16.087781], [108.153459, 16.088508], [108.153827, 16.088887], [108.154113, 16.089182], [108.154249, 16.089321], [108.154384, 16.089461], [108.154394, 16.089471], [108.154538, 16.089384], [108.154676, 16.089305], [108.154695, 16.089278], [108.154712, 16.089255], [108.154801, 16.089131], [108.154979, 16.08905], [108.155017, 16.089033], [108.155213, 16.088915], [108.155486, 16.088682], [108.156082, 16.088272], [108.157138, 16.08753], [108.157559, 16.087265], [108.157842, 16.087022], [108.158243, 16.086797], [108.159309, 16.086055], [108.159788, 16.085751], [108.160081, 16.085508], [108.160276, 16.085352], [108.160718, 16.085145], [108.161325, 16.084802], [108.161686, 16.084539], [108.162597, 16.084009], [108.164717, 16.08275], [108.164907, 16.082644], [108.16903, 16.080457], [108.168669, 16.079879], [108.168598, 16.079759], [108.168495, 16.079599], [108.168313, 16.079316], [108.168144, 16.079053], [108.16812, 16.079017], [108.167561, 16.078197], [108.16725, 16.077748], [108.16723, 16.077719], [108.16662, 16.076831], [108.166543, 16.076709], [108.166757, 16.076587], [108.166811, 16.076551], [108.167565, 16.076056], [108.168164, 16.075674], [108.168164, 16.075674]]]]}, "properties": {"code": "20200", "name": "Hoà Khánh", "nameEn": "Hoa Khanh", "fullName": "Phường Hoà Khánh", "fullNameEn": "Hoa Khanh Ward", "codeName": "hoa_khanh", "postalCode": "50613", "postalCodePrefix": "", "gisServerId": "diaphanhanhchinhcapxa_2025.1906", "areaKm2": 40.93, "ward_code": "20200", "source_member": "geojson/48_da_nang/wards/20200_hoa_khanh.geojson", "requires_boat": false, "region": "danang", "search_name": "Đà Nẵng", "grid_km": 2}}, {"type": "Feature", "id": "20209", "bbox": [108.166543, 16.052441, 108.21459, 16.080457], "geometry": {"type": "MultiPolygon", "coordinates": [[[[108.178143, 16.076526], [108.17822, 16.07641], [108.178221, 16.076395], [108.178228, 16.076314], [108.178098, 16.076144], [108.178074, 16.076085], [108.178075, 16.076085], [108.178094, 16.076078], [108.178268, 16.076016], [108.17831, 16.076], [108.178334, 16.075992], [108.178454, 16.075948], [108.178463, 16.075945], [108.178471, 16.076029], [108.178483, 16.076158], [108.178613, 16.076336], [108.178634, 16.076366], [108.178763, 16.076393], [108.178852, 16.076353], [108.178909, 16.076291], [108.179056, 16.07613], [108.179127, 16.076085], [108.179408, 16.075905], [108.179921, 16.075727], [108.180243, 16.075616], [108.182536, 16.074999], [108.185871, 16.074203], [108.1859, 16.074197], [108.185902, 16.074196], [108.186007, 16.074174], [108.189145, 16.07361], [108.190779, 16.073373], [108.191048, 16.073333], [108.19114, 16.073325], [108.191429, 16.073298], [108.191646, 16.073278], [108.192799, 16.07317], [108.192838, 16.073168], [108.192912, 16.073162], [108.192944, 16.07316], [108.194414, 16.073092], [108.195676, 16.073082], [108.195992, 16.073092], [108.197469, 16.073218], [108.198599, 16.073393], [108.199428, 16.073571], [108.199471, 16.07358], [108.200176, 16.073732], [108.201159, 16.07399], [108.201343, 16.074038], [108.20142, 16.07424], [108.201482, 16.074359], [108.201701, 16.074555], [108.202336, 16.075178], [108.202758, 16.075626], [108.202794, 16.075666], [108.202829, 16.075706], [108.203426, 16.076384], [108.203738, 16.07677], [108.203916, 16.076991], [108.204252, 16.077438], [108.204585, 16.077907], [108.204773, 16.0782], [108.205078, 16.078669], [108.205265, 16.078979], [108.205298, 16.078945], [108.207447, 16.076727], [108.207637, 16.07656], [108.207638, 16.07656], [108.208186, 16.076149], [108.20832, 16.07633], [108.20929, 16.075502], [108.209682, 16.075846], [108.209971, 16.075696], [108.209922, 16.075411], [108.209902, 16.075372], [108.209816, 16.075245], [108.20949, 16.074934], [108.209691, 16.074637], [108.209892, 16.07428], [108.210119, 16.074465], [108.210217, 16.074541], [108.210414, 16.074709], [108.210535, 16.074801], [108.210627, 16.074884], [108.210675, 16.074929], [108.210825, 16.075049], [108.211022, 16.075205], [108.211203, 16.075352], [108.21139, 16.075504], [108.211414, 16.075525], [108.211591, 16.075681], [108.211656, 16.075729], [108.211869, 16.075903], [108.211909, 16.075929], [108.212055, 16.076051], [108.212219, 16.076162], [108.212281, 16.076201], [108.212307, 16.076086], [108.212376, 16.075687], [108.212426, 16.075399], [108.212454, 16.07526], [108.212507, 16.074986], [108.212541, 16.074811], [108.212567, 16.074688], [108.212655, 16.07427], [108.212686, 16.074119], [108.21284, 16.073359], [108.212906, 16.073098], [108.212919, 16.073029], [108.212957, 16.072828], [108.213006, 16.072563], [108.213055, 16.072299], [108.213058, 16.072272], [108.213065, 16.072215], [108.21307, 16.072168], [108.213102, 16.071998], [108.213126, 16.07189], [108.213137, 16.071842], [108.213151, 16.071778], [108.213169, 16.071695], [108.213303, 16.071056], [108.213322, 16.070963], [108.213374, 16.070716], [108.213399, 16.070598], [108.21348, 16.070209], [108.213504, 16.070055], [108.21356, 16.069778], [108.213579, 16.069681], [108.213609, 16.069527], [108.213661, 16.069273], [108.213713, 16.069025], [108.213762, 16.068747], [108.213841, 16.068354], [108.213856, 16.068273], [108.213891, 16.068091], [108.213934, 16.067908], [108.213938, 16.06789], [108.213975, 16.067721], [108.214013, 16.06753], [108.214074, 16.067253], [108.214105, 16.067103], [108.214136, 16.066952], [108.214172, 16.066795], [108.214213, 16.066603], [108.214235, 16.066503], [108.214284, 16.066311], [108.214288, 16.066297], [108.214348, 16.066073], [108.214396, 16.065943], [108.214458, 16.065762], [108.214528, 16.06559], [108.214549, 16.065547], [108.21459, 16.065456], [108.21459, 16.065456], [108.214539, 16.065417], [108.214523, 16.065391], [108.214511, 16.065356], [108.214497, 16.065284], [108.214482, 16.065206], [108.214447, 16.064959], [108.214425, 16.064807], [108.214422, 16.064787], [108.21439, 16.064614], [108.214342, 16.064375], [108.214285, 16.064096], [108.214212, 16.063737], [108.214156, 16.063418], [108.21415, 16.063383], [108.21403, 16.062838], [108.213962, 16.062501], [108.213961, 16.0625], [108.213959, 16.062489], [108.213861, 16.061992], [108.213749, 16.061379], [108.21362, 16.060675], [108.213614, 16.060639], [108.21357, 16.060387], [108.213566, 16.060365], [108.213562, 16.060342], [108.213564, 16.060221], [108.213563, 16.060215], [108.213561, 16.060197], [108.213548, 16.060116], [108.213521, 16.059936], [108.213317, 16.058853], [108.213316, 16.058848], [108.213176, 16.058117], [108.213073, 16.057545], [108.212944, 16.056875], [108.212929, 16.056764], [108.212928, 16.05676], [108.212893, 16.056591], [108.212849, 16.056396], [108.212794, 16.056235], [108.212701, 16.055964], [108.212668, 16.055891], [108.212627, 16.055799], [108.212484, 16.05547], [108.212141, 16.054874], [108.212101, 16.054832], [108.212078, 16.054808], [108.211983, 16.054724], [108.211946, 16.054666], [108.211842, 16.054466], [108.211768, 16.054348], [108.211673, 16.0542], [108.211564, 16.054045], [108.211293, 16.053631], [108.210863, 16.052989], [108.210608, 16.052605], [108.210502, 16.052441], [108.210045, 16.052726], [108.20998, 16.052955], [108.209933, 16.053198], [108.209872, 16.053519], [108.209749, 16.054296], [108.209669, 16.054778], [108.209594, 16.055235], [108.209569, 16.055439], [108.209554, 16.055528], [108.209519, 16.055682], [108.209484, 16.055753], [108.209432, 16.055819], [108.209389, 16.055868], [108.209361, 16.055893], [108.20929, 16.055943], [108.209247, 16.055968], [108.208942, 16.056143], [108.208757, 16.05626], [108.208515, 16.056407], [108.208296, 16.056447], [108.208107, 16.056459], [108.207766, 16.056433], [108.207441, 16.056402], [108.207277, 16.056296], [108.206967, 16.056204], [108.205644, 16.056039], [108.205185, 16.055982], [108.205181, 16.05602], [108.20513, 16.056459], [108.20533, 16.056486], [108.20632, 16.056636], [108.206298, 16.056684], [108.205503, 16.058411], [108.205496, 16.058525], [108.205471, 16.058573], [108.204824, 16.059984], [108.204628, 16.06041], [108.204514, 16.060632], [108.204414, 16.060771], [108.204061, 16.061117], [108.204, 16.061199], [108.203925, 16.06132], [108.20387, 16.061432], [108.203767, 16.06164], [108.203697, 16.061781], [108.203426, 16.062308], [108.203329, 16.0625], [108.203329, 16.0625], [108.203329, 16.062501], [108.203289, 16.062571], [108.203264, 16.062619], [108.203109, 16.06292], [108.202464, 16.064179], [108.202318, 16.064437], [108.202209, 16.064553], [108.202132, 16.064601], [108.202062, 16.064644], [108.201939, 16.064675], [108.201723, 16.064671], [108.2015, 16.064667], [108.200533, 16.064627], [108.20014, 16.064611], [108.198829, 16.064537], [108.198487, 16.064518], [108.198445, 16.064516], [108.198278, 16.064512], [108.197895, 16.064502], [108.197889, 16.064502], [108.197643, 16.064496], [108.197593, 16.064494], [108.196741, 16.064454], [108.196706, 16.064453], [108.196504, 16.064446], [108.196055, 16.064431], [108.195905, 16.064426], [108.195223, 16.064391], [108.194899, 16.064387], [108.194896, 16.064387], [108.194852, 16.064387], [108.194852, 16.064387], [108.194801, 16.064386], [108.194793, 16.064386], [108.194782, 16.064386], [108.194636, 16.064374], [108.194503, 16.064367], [108.19388, 16.064334], [108.193772, 16.064329], [108.193639, 16.064324], [108.193425, 16.064286], [108.193319, 16.064234], [108.193225, 16.064146], [108.193149, 16.064022], [108.19311, 16.063909], [108.193089, 16.063742], [108.193144, 16.062654], [108.193158, 16.0625], [108.193159, 16.062487], [108.193174, 16.062066], [108.193183, 16.061883], [108.193005, 16.061698], [108.192572, 16.061172], [108.191705, 16.060276], [108.191328, 16.059687], [108.191267, 16.059632], [108.191156, 16.059532], [108.190674, 16.059094], [108.190626, 16.059051], [108.190493, 16.058931], [108.190493, 16.05893], [108.190487, 16.058855], [108.190941, 16.057656], [108.190962, 16.057456], [108.190948, 16.057256], [108.190903, 16.057194], [108.190581, 16.056999], [108.190546, 16.056978], [108.190472, 16.056933], [108.190274, 16.056813], [108.190039, 16.056671], [108.189586, 16.056365], [108.189503, 16.056299], [108.190683, 16.053547], [108.188883, 16.052823], [108.188831, 16.052802], [108.188831, 16.052802], [108.188799, 16.053004], [108.187683, 16.055415], [108.187496, 16.055819], [108.187146, 16.056542], [108.186761, 16.057437], [108.186014, 16.059151], [108.185866, 16.059464], [108.185727, 16.059802], [108.185608, 16.060095], [108.185607, 16.060096], [108.184564, 16.0625], [108.184564, 16.0625], [108.184424, 16.062812], [108.184356, 16.062971], [108.184258, 16.063187], [108.184237, 16.063233], [108.184233, 16.063242], [108.184232, 16.063244], [108.184229, 16.06325], [108.18415, 16.063425], [108.184149, 16.063426], [108.184144, 16.063437], [108.184143, 16.063441], [108.184142, 16.063442], [108.184004, 16.063758], [108.183667, 16.064533], [108.18365, 16.064572], [108.183448, 16.065052], [108.183375, 16.065238], [108.183171, 16.065141], [108.183121, 16.065117], [108.183078, 16.065096], [108.182533, 16.064833], [108.182283, 16.064668], [108.181943, 16.064405], [108.181325, 16.063968], [108.181279, 16.063932], [108.180962, 16.063691], [108.180078, 16.06302], [108.179647, 16.062681], [108.179489, 16.062559], [108.179364, 16.062462], [108.178813, 16.062031], [108.178335, 16.06232], [108.177956, 16.062598], [108.177439, 16.062948], [108.176242, 16.06372], [108.176718, 16.064224], [108.176185, 16.064805], [108.175903, 16.065096], [108.175751, 16.065401], [108.175561, 16.066186], [108.175258, 16.066816], [108.17513, 16.067128], [108.175077, 16.067411], [108.175023, 16.0676], [108.174889, 16.067777], [108.174677, 16.067953], [108.174651, 16.068066], [108.174649, 16.068192], [108.174745, 16.068354], [108.174793, 16.068457], [108.174759, 16.068677], [108.174614, 16.06892], [108.174388, 16.069141], [108.174672, 16.069595], [108.17477, 16.069733], [108.17486, 16.069858], [108.174949, 16.069983], [108.175013, 16.070069], [108.175049, 16.070118], [108.175126, 16.070241], [108.175134, 16.070264], [108.175464, 16.070739], [108.175286, 16.070714], [108.175001, 16.070726], [108.17473, 16.070806], [108.174632, 16.070835], [108.174356, 16.071], [108.173862, 16.071312], [108.174357, 16.07205], [108.174487, 16.072241], [108.174708, 16.072573], [108.174869, 16.072811], [108.174902, 16.072861], [108.174663, 16.073025], [108.174401, 16.073204], [108.174396, 16.073208], [108.173835, 16.073544], [108.173345, 16.073838], [108.172887, 16.074126], [108.172862, 16.074142], [108.172375, 16.074439], [108.172301, 16.07449], [108.172253, 16.074513], [108.171937, 16.074709], [108.17165, 16.074885], [108.171538, 16.074953], [108.171437, 16.075018], [108.171066, 16.075246], [108.170169, 16.075796], [108.169854, 16.07599], [108.169699, 16.076085], [108.169361, 16.076292], [108.168975, 16.076529], [108.168911, 16.076568], [108.168869, 16.076507], [108.16825, 16.075607], [108.168164, 16.075674], [108.167565, 16.076056], [108.166811, 16.076551], [108.166757, 16.076587], [108.166543, 16.076709], [108.16662, 16.076831], [108.16723, 16.077719], [108.16725, 16.077748], [108.167561, 16.078197], [108.16812, 16.079017], [108.168144, 16.079053], [108.168313, 16.079316], [108.168495, 16.079599], [108.168598, 16.079759], [108.168669, 16.079879], [108.16903, 16.080457], [108.169225, 16.080353], [108.169225, 16.080353], [108.170553, 16.079649], [108.170778, 16.079551], [108.170825, 16.07953], [108.173655, 16.078299], [108.174283, 16.078026], [108.17509, 16.07771], [108.176782, 16.077048], [108.177219, 16.076877], [108.177583, 16.076735], [108.178005, 16.076576], [108.178143, 16.076526], [108.178143, 16.076526]]]]}, "properties": {"code": "20209", "name": "Thanh Khê", "nameEn": "Thanh Khe", "fullName": "Phường Thanh Khê", "fullNameEn": "Thanh Khe Ward", "codeName": "thanh_khe", "postalCode": "50316", "postalCodePrefix": "", "gisServerId": "diaphanhanhchinhcapxa_2025.1907", "areaKm2": 7.92, "ward_code": "20209", "source_member": "geojson/48_da_nang/wards/20209_thanh_khe.geojson", "requires_boat": false, "region": "danang", "search_name": "Đà Nẵng", "grid_km": 2}}, {"type": "Feature", "id": "20242", "bbox": [108.205265, 16.055891, 108.2271, 16.096269], "geometry": {"type": "MultiPolygon", "coordinates": [[[[108.217104, 16.057129], [108.217103, 16.057181], [108.217033, 16.057183], [108.216683, 16.057196], [108.216203, 16.057188], [108.215791, 16.057161], [108.2158, 16.056897], [108.215803, 16.05681], [108.215803, 16.056807], [108.215799, 16.056545], [108.215799, 16.056389], [108.215605, 16.05644], [108.215463, 16.056513], [108.21538, 16.056533], [108.215294, 16.056533], [108.215171, 16.056515], [108.214996, 16.056481], [108.214869, 16.056448], [108.214731, 16.056402], [108.214591, 16.056355], [108.214447, 16.056309], [108.214223, 16.05622], [108.21404, 16.056153], [108.213903, 16.056121], [108.213587, 16.056083], [108.21334, 16.055987], [108.213043, 16.055917], [108.212881, 16.055892], [108.212713, 16.055894], [108.212668, 16.055891], [108.212701, 16.055964], [108.212794, 16.056235], [108.212849, 16.056396], [108.212893, 16.056591], [108.212928, 16.05676], [108.212929, 16.056764], [108.212944, 16.056875], [108.213073, 16.057545], [108.213176, 16.058117], [108.213316, 16.058848], [108.213317, 16.058853], [108.213521, 16.059936], [108.213548, 16.060116], [108.213561, 16.060197], [108.213563, 16.060215], [108.213564, 16.060221], [108.213562, 16.060342], [108.213566, 16.060365], [108.21357, 16.060387], [108.213614, 16.060639], [108.21362, 16.060675], [108.213749, 16.061379], [108.213861, 16.061992], [108.213959, 16.062489], [108.213961, 16.0625], [108.213962, 16.062501], [108.21403, 16.062838], [108.21415, 16.063383], [108.214156, 16.063418], [108.214212, 16.063737], [108.214285, 16.064096], [108.214342, 16.064375], [108.21439, 16.064614], [108.214422, 16.064787], [108.214425, 16.064807], [108.214447, 16.064959], [108.214482, 16.065206], [108.214497, 16.065284], [108.214511, 16.065356], [108.214523, 16.065391], [108.214539, 16.065417], [108.21459, 16.065456], [108.214549, 16.065547], [108.214528, 16.06559], [108.214458, 16.065762], [108.214396, 16.065943], [108.214348, 16.066073], [108.214288, 16.066297], [108.214284, 16.066311], [108.214235, 16.066503], [108.214213, 16.066603], [108.214172, 16.066795], [108.214136, 16.066952], [108.214105, 16.067103], [108.214074, 16.067253], [108.214013, 16.06753], [108.213975, 16.067721], [108.213938, 16.06789], [108.213934, 16.067908], [108.213891, 16.068091], [108.213856, 16.068273], [108.213841, 16.068354], [108.213762, 16.068747], [108.213713, 16.069025], [108.213661, 16.069273], [108.213609, 16.069527], [108.213579, 16.069681], [108.21356, 16.069778], [108.213504, 16.070055], [108.21348, 16.070209], [108.213399, 16.070598], [108.213374, 16.070716], [108.213322, 16.070963], [108.213303, 16.071056], [108.213169, 16.071695], [108.213151, 16.071778], [108.213137, 16.071842], [108.213126, 16.07189], [108.213102, 16.071998], [108.21307, 16.072168], [108.213065, 16.072215], [108.213058, 16.072272], [108.213055, 16.072299], [108.213006, 16.072563], [108.212957, 16.072828], [108.212919, 16.073029], [108.212906, 16.073098], [108.21284, 16.073359], [108.212686, 16.074119], [108.212655, 16.07427], [108.212567, 16.074688], [108.212541, 16.074811], [108.212507, 16.074986], [108.212454, 16.07526], [108.212426, 16.075399], [108.212376, 16.075687], [108.212307, 16.076086], [108.212281, 16.076201], [108.212219, 16.076162], [108.212055, 16.076051], [108.211909, 16.075929], [108.211869, 16.075903], [108.211656, 16.075729], [108.211591, 16.075681], [108.211414, 16.075525], [108.21139, 16.075504], [108.211203, 16.075352], [108.211022, 16.075205], [108.210825, 16.075049], [108.210675, 16.074929], [108.210627, 16.074884], [108.210535, 16.074801], [108.210414, 16.074709], [108.210217, 16.074541], [108.210119, 16.074465], [108.209892, 16.07428], [108.209691, 16.074637], [108.20949, 16.074934], [108.209816, 16.075245], [108.209902, 16.075372], [108.209922, 16.075411], [108.209971, 16.075696], [108.209682, 16.075846], [108.20929, 16.075502], [108.20832, 16.07633], [108.208186, 16.076149], [108.207638, 16.07656], [108.207637, 16.07656], [108.207447, 16.076727], [108.205298, 16.078945], [108.205265, 16.078979], [108.205354, 16.079125], [108.205608, 16.079589], [108.206008, 16.080334], [108.206236, 16.080827], [108.206581, 16.081617], [108.206676, 16.081887], [108.206788, 16.082202], [108.206808, 16.08226], [108.207031, 16.082964], [108.207172, 16.083466], [108.207293, 16.083989], [108.207412, 16.084691], [108.207502, 16.085636], [108.207505, 16.086109], [108.207488, 16.086717], [108.207486, 16.086797], [108.207457, 16.087116], [108.207452, 16.087166], [108.207326, 16.087968], [108.207286, 16.088127], [108.207152, 16.088117], [108.207138, 16.088164], [108.207075, 16.08838], [108.207041, 16.088492], [108.207006, 16.088637], [108.207006, 16.088705], [108.20702, 16.088768], [108.207067, 16.088841], [108.207069, 16.088884], [108.207181, 16.088935], [108.207232, 16.088958], [108.207299, 16.088979], [108.207857, 16.089121], [108.208579, 16.089275], [108.209084, 16.08936], [108.209298, 16.089375], [108.209513, 16.08939], [108.209722, 16.089399], [108.210259, 16.08943], [108.21032, 16.089447], [108.211327, 16.09006], [108.211802, 16.090382], [108.212102, 16.090586], [108.213015, 16.091301], [108.213305, 16.091631], [108.21334, 16.091721], [108.213474, 16.092066], [108.213452, 16.092271], [108.213449, 16.092307], [108.213426, 16.092573], [108.213429, 16.092639], [108.213457, 16.092692], [108.21364, 16.092851], [108.213683, 16.092896], [108.213714, 16.092965], [108.213752, 16.093284], [108.213788, 16.093653], [108.213821, 16.093786], [108.213993, 16.094386], [108.214092, 16.094633], [108.214323, 16.095181], [108.214478, 16.095459], [108.214686, 16.095801], [108.214749, 16.095904], [108.214728, 16.095954], [108.214718, 16.095994], [108.21473, 16.096033], [108.21474, 16.096068], [108.21473, 16.096111], [108.214791, 16.096161], [108.214851, 16.096269], [108.214979, 16.096179], [108.215042, 16.096135], [108.21528, 16.095968], [108.215686, 16.095672], [108.21594, 16.095445], [108.21621, 16.095214], [108.216717, 16.094692], [108.217174, 16.094136], [108.217243, 16.093986], [108.217319, 16.093922], [108.217393, 16.093891], [108.217534, 16.093823], [108.217616, 16.093753], [108.217623, 16.093742], [108.220758, 16.095322], [108.220759, 16.095323], [108.220914, 16.095401], [108.22185, 16.095873], [108.221916, 16.09542], [108.222027, 16.094919], [108.222226, 16.094435], [108.224262, 16.089384], [108.224638, 16.088162], [108.225001, 16.087154], [108.225138, 16.086629], [108.225601, 16.084854], [108.226147, 16.082164], [108.226213, 16.081841], [108.226433, 16.078728], [108.226433, 16.078725], [108.226437, 16.078637], [108.226476, 16.077964], [108.226584, 16.076082], [108.226586, 16.076049], [108.226803, 16.072276], [108.226807, 16.072204], [108.226814, 16.072088], [108.226821, 16.071956], [108.226825, 16.07189], [108.226831, 16.071697], [108.226837, 16.071479], [108.226876, 16.070067], [108.22692, 16.068524], [108.226981, 16.067616], [108.2271, 16.065832], [108.227093, 16.065264], [108.227083, 16.064529], [108.227057, 16.0625], [108.227069, 16.061853], [108.227044, 16.061347], [108.227042, 16.061301], [108.226958, 16.059573], [108.226912, 16.05862], [108.226868, 16.057732], [108.226865, 16.056776], [108.225403, 16.057072], [108.223848, 16.057386], [108.223838, 16.057389], [108.223763, 16.057408], [108.223764, 16.05742], [108.223164, 16.057559], [108.22263, 16.057705], [108.222573, 16.05772], [108.222564, 16.057697], [108.222501, 16.057522], [108.222445, 16.057327], [108.222395, 16.057134], [108.222351, 16.056928], [108.222321, 16.056725], [108.22232, 16.05672], [108.222297, 16.056371], [108.222169, 16.056395], [108.222121, 16.056397], [108.222071, 16.056399], [108.221383, 16.056432], [108.221318, 16.056431], [108.220765, 16.056469], [108.220302, 16.056501], [108.220216, 16.056507], [108.220223, 16.056548], [108.220251, 16.05669], [108.220306, 16.056959], [108.220346, 16.057094], [108.220419, 16.057296], [108.220428, 16.057315], [108.220368, 16.057348], [108.22029, 16.057389], [108.220208, 16.057405], [108.219762, 16.057315], [108.218933, 16.057086], [108.218837, 16.057022], [108.218828, 16.056969], [108.218715, 16.056977], [108.218019, 16.056919], [108.217108, 16.056835], [108.217108, 16.056878], [108.217104, 16.057129]]]]}, "properties": {"code": "20242", "name": "Hải Châu", "nameEn": "Hai Chau", "fullName": "Phường Hải Châu", "fullNameEn": "Hai Chau Ward", "codeName": "hai_chau", "postalCode": "50206", "postalCodePrefix": "", "gisServerId": "diaphanhanhchinhcapxa_2025.1908", "areaKm2": 7.58, "ward_code": "20242", "source_member": "geojson/48_da_nang/wards/20242_hai_chau.geojson", "requires_boat": false, "region": "danang", "search_name": "Đà Nẵng", "grid_km": 2}}, {"type": "Feature", "id": "20257", "bbox": [108.188831, 16.021303, 108.235821, 16.064675], "geometry": {"type": "MultiPolygon", "coordinates": [[[[108.217108, 16.056835], [108.218019, 16.056919], [108.218715, 16.056977], [108.218828, 16.056969], [108.218837, 16.057022], [108.218933, 16.057086], [108.219762, 16.057315], [108.220208, 16.057405], [108.22029, 16.057389], [108.220368, 16.057348], [108.220428, 16.057315], [108.220419, 16.057296], [108.220346, 16.057094], [108.220306, 16.056959], [108.220251, 16.05669], [108.220223, 16.056548], [108.220216, 16.056507], [108.220302, 16.056501], [108.220765, 16.056469], [108.221318, 16.056431], [108.221383, 16.056432], [108.222071, 16.056399], [108.222121, 16.056397], [108.222169, 16.056395], [108.222297, 16.056371], [108.22232, 16.05672], [108.222321, 16.056725], [108.222351, 16.056928], [108.222395, 16.057134], [108.222445, 16.057327], [108.222501, 16.057522], [108.222564, 16.057697], [108.222573, 16.05772], [108.22263, 16.057705], [108.223164, 16.057559], [108.223764, 16.05742], [108.223763, 16.057408], [108.223838, 16.057389], [108.223848, 16.057386], [108.225403, 16.057072], [108.226865, 16.056776], [108.226863, 16.056316], [108.226846, 16.055653], [108.226825, 16.054801], [108.22685, 16.054025], [108.227854, 16.05231], [108.227984, 16.052066], [108.228449, 16.051463], [108.228648, 16.051257], [108.228837, 16.05106], [108.229504, 16.050407], [108.229756, 16.05016], [108.229772, 16.050144], [108.230976, 16.048931], [108.231399, 16.048448], [108.231904, 16.047871], [108.232197, 16.04746], [108.23295, 16.046106], [108.232951, 16.046104], [108.232951, 16.046103], [108.233695, 16.044146], [108.234345, 16.04247], [108.234348, 16.042463], [108.234829, 16.040844], [108.23537, 16.038354], [108.23575, 16.036758], [108.235821, 16.035586], [108.235809, 16.035419], [108.235743, 16.034453], [108.235384, 16.032822], [108.234518, 16.030194], [108.234036, 16.029287], [108.234001, 16.02922], [108.233969, 16.029196], [108.233683, 16.028977], [108.233376, 16.028842], [108.232405, 16.028638], [108.231832, 16.02853], [108.231209, 16.028413], [108.228521, 16.02802], [108.227058, 16.027466], [108.226042, 16.026841], [108.224812, 16.026051], [108.224635, 16.02589], [108.224508, 16.025803], [108.224301, 16.025653], [108.224103, 16.025511], [108.223924, 16.025398], [108.2238, 16.02531], [108.223714, 16.025229], [108.223653, 16.02517], [108.223594, 16.025111], [108.223522, 16.025036], [108.223465, 16.024981], [108.22342, 16.024942], [108.223362, 16.02488], [108.223281, 16.024787], [108.223195, 16.024697], [108.223109, 16.024606], [108.223033, 16.024514], [108.222988, 16.024457], [108.222971, 16.024438], [108.222958, 16.024425], [108.222925, 16.024389], [108.222863, 16.024309], [108.222777, 16.024193], [108.222686, 16.024082], [108.222666, 16.024058], [108.222503, 16.023901], [108.221867, 16.023187], [108.221664, 16.022866], [108.221464, 16.02255], [108.220679, 16.023009], [108.220592, 16.023064], [108.220461, 16.023138], [108.220459, 16.023139], [108.220236, 16.023275], [108.220152, 16.023326], [108.220032, 16.023415], [108.219661, 16.023695], [108.219354, 16.023831], [108.219134, 16.023897], [108.218828, 16.02391], [108.218795, 16.023912], [108.218752, 16.023932], [108.218614, 16.023995], [108.218425, 16.024108], [108.2184, 16.024123], [108.218278, 16.024221], [108.218144, 16.024391], [108.217968, 16.024668], [108.217954, 16.024691], [108.217861, 16.024929], [108.217897, 16.025247], [108.21798, 16.025658], [108.217449, 16.02651], [108.217295, 16.026773], [108.217047, 16.027195], [108.216868, 16.027576], [108.216669, 16.028232], [108.216407, 16.028794], [108.216074, 16.029684], [108.215919, 16.029995], [108.215866, 16.030071], [108.215734, 16.030216], [108.215592, 16.030345], [108.21536, 16.030492], [108.215209, 16.030602], [108.214985, 16.030848], [108.214894, 16.030987], [108.214871, 16.031129], [108.21478, 16.031797], [108.214668, 16.032682], [108.21451, 16.033942], [108.214509, 16.033948], [108.214352, 16.035397], [108.214323, 16.03567], [108.214297, 16.035906], [108.213756, 16.036012], [108.212764, 16.036229], [108.211618, 16.036493], [108.210643, 16.036715], [108.210187, 16.036819], [108.210104, 16.036838], [108.210052, 16.036851], [108.209928, 16.03688], [108.20987, 16.036894], [108.209099, 16.037078], [108.208524, 16.037215], [108.207958, 16.037347], [108.208086, 16.037872], [108.207794, 16.037939], [108.207445, 16.037617], [108.207455, 16.037587], [108.207484, 16.037502], [108.207673, 16.036939], [108.207787, 16.036601], [108.207788, 16.036598], [108.207898, 16.036273], [108.208021, 16.035907], [108.208066, 16.035761], [108.208103, 16.035642], [108.208106, 16.035633], [108.208113, 16.035589], [108.208115, 16.035573], [108.208117, 16.035562], [108.208117, 16.03556], [108.208146, 16.035367], [108.208149, 16.035119], [108.208151, 16.034977], [108.208161, 16.034778], [108.208162, 16.034764], [108.20817, 16.034605], [108.208177, 16.034477], [108.208174, 16.034466], [108.20816, 16.034415], [108.207765, 16.034072], [108.207446, 16.033792], [108.207822, 16.032327], [108.208024, 16.031516], [108.208045, 16.031303], [108.208056, 16.031168], [108.208073, 16.030722], [108.208095, 16.030132], [108.208207, 16.027496], [108.20827, 16.026347], [108.208332, 16.02524], [108.207055, 16.02474], [108.206061, 16.024001], [108.203528, 16.023639], [108.202447, 16.02347], [108.202044, 16.023354], [108.201843, 16.023793], [108.201696, 16.023735], [108.201612, 16.02365], [108.201298, 16.023524], [108.20089, 16.023362], [108.200389, 16.023129], [108.200239, 16.023034], [108.199812, 16.022742], [108.19918, 16.022735], [108.198425, 16.022722], [108.197443, 16.022705], [108.197401, 16.022685], [108.19687, 16.022196], [108.196382, 16.021751], [108.196258, 16.021631], [108.196193, 16.02159], [108.195857, 16.021354], [108.195077, 16.021303], [108.1946, 16.021575], [108.194545, 16.021607], [108.194001, 16.021918], [108.193635, 16.022325], [108.193349, 16.022643], [108.193153, 16.022869], [108.192973, 16.023102], [108.192781, 16.023142], [108.192633, 16.023332], [108.192462, 16.023551], [108.192288, 16.02377], [108.192114, 16.023996], [108.19196, 16.024196], [108.191811, 16.024398], [108.191733, 16.024514], [108.191657, 16.024629], [108.191606, 16.024713], [108.191542, 16.024827], [108.191489, 16.024927], [108.191453, 16.024998], [108.191403, 16.025102], [108.1913, 16.025359], [108.19101, 16.026211], [108.190788, 16.026871], [108.190722, 16.027068], [108.190607, 16.027412], [108.190456, 16.02786], [108.190348, 16.028179], [108.190347, 16.028179], [108.189051, 16.032052], [108.189289, 16.032138], [108.189114, 16.032693], [108.189899, 16.03316], [108.190546, 16.033488], [108.190908, 16.03364], [108.191352, 16.033855], [108.192853, 16.03441], [108.192895, 16.034426], [108.194003, 16.034816], [108.196288, 16.035629], [108.1964, 16.035669], [108.195816, 16.037047], [108.195609, 16.037522], [108.194727, 16.03956], [108.194151, 16.04086], [108.193507, 16.042311], [108.193275, 16.042836], [108.192976, 16.04349], [108.192722, 16.044052], [108.192434, 16.044706], [108.192097, 16.045474], [108.191661, 16.046455], [108.191518, 16.04679], [108.191251, 16.047416], [108.19061, 16.048901], [108.190448, 16.049187], [108.190353, 16.049363], [108.190392, 16.049442], [108.189874, 16.050525], [108.189776, 16.050763], [108.189602, 16.051125], [108.189171, 16.052059], [108.188847, 16.052769], [108.188831, 16.052802], [108.188883, 16.052823], [108.190683, 16.053547], [108.189503, 16.056299], [108.189586, 16.056365], [108.190039, 16.056671], [108.190274, 16.056813], [108.190472, 16.056933], [108.190546, 16.056978], [108.190581, 16.056999], [108.190903, 16.057194], [108.190948, 16.057256], [108.190962, 16.057456], [108.190941, 16.057656], [108.190487, 16.058855], [108.190493, 16.05893], [108.190493, 16.058931], [108.190626, 16.059051], [108.190674, 16.059094], [108.191156, 16.059532], [108.191267, 16.059632], [108.191328, 16.059687], [108.191705, 16.060276], [108.192572, 16.061172], [108.193005, 16.061698], [108.193183, 16.061883], [108.193174, 16.062066], [108.193159, 16.062487], [108.193158, 16.0625], [108.193144, 16.062654], [108.193089, 16.063742], [108.19311, 16.063909], [108.193149, 16.064022], [108.193225, 16.064146], [108.193319, 16.064234], [108.193425, 16.064286], [108.193639, 16.064324], [108.193772, 16.064329], [108.19388, 16.064334], [108.194503, 16.064367], [108.194636, 16.064374], [108.194782, 16.064386], [108.194793, 16.064386], [108.194801, 16.064386], [108.194852, 16.064387], [108.194896, 16.064387], [108.194899, 16.064387], [108.195223, 16.064391], [108.195905, 16.064426], [108.196055, 16.064431], [108.196504, 16.064446], [108.196706, 16.064453], [108.196741, 16.064454], [108.197593, 16.064494], [108.197643, 16.064496], [108.197889, 16.064502], [108.197895, 16.064502], [108.198278, 16.064512], [108.198445, 16.064516], [108.198487, 16.064518], [108.198829, 16.064537], [108.20014, 16.064611], [108.200533, 16.064627], [108.2015, 16.064667], [108.201723, 16.064671], [108.201939, 16.064675], [108.202062, 16.064644], [108.202132, 16.064601], [108.202209, 16.064553], [108.202318, 16.064437], [108.202464, 16.064179], [108.203109, 16.06292], [108.203264, 16.062619], [108.203289, 16.062571], [108.203329, 16.062501], [108.203329, 16.0625], [108.203426, 16.062308], [108.203697, 16.061781], [108.203767, 16.06164], [108.20387, 16.061432], [108.203925, 16.06132], [108.204, 16.061199], [108.204061, 16.061117], [108.204414, 16.060771], [108.204514, 16.060632], [108.204628, 16.06041], [108.204824, 16.059984], [108.205471, 16.058573], [108.205496, 16.058525], [108.205503, 16.058411], [108.206298, 16.056684], [108.20632, 16.056636], [108.20533, 16.056486], [108.20513, 16.056459], [108.205181, 16.05602], [108.205185, 16.055982], [108.205644, 16.056039], [108.206967, 16.056204], [108.207277, 16.056296], [108.207441, 16.056402], [108.207766, 16.056433], [108.208107, 16.056459], [108.208296, 16.056447], [108.208515, 16.056407], [108.208757, 16.05626], [108.208942, 16.056143], [108.209247, 16.055968], [108.20929, 16.055943], [108.209361, 16.055893], [108.209389, 16.055868], [108.209432, 16.055819], [108.209484, 16.055753], [108.209519, 16.055682], [108.209554, 16.055528], [108.209569, 16.055439], [108.209594, 16.055235], [108.209669, 16.054778], [108.209749, 16.054296], [108.209872, 16.053519], [108.209933, 16.053198], [108.20998, 16.052955], [108.210045, 16.052726], [108.210502, 16.052441], [108.210608, 16.052605], [108.210863, 16.052989], [108.211293, 16.053631], [108.211564, 16.054045], [108.211673, 16.0542], [108.211768, 16.054348], [108.211842, 16.054466], [108.211946, 16.054666], [108.211983, 16.054724], [108.212078, 16.054808], [108.212101, 16.054832], [108.212141, 16.054874], [108.212484, 16.05547], [108.212627, 16.055799], [108.212668, 16.055891], [108.212713, 16.055894], [108.212881, 16.055892], [108.213043, 16.055917], [108.21334, 16.055987], [108.213587, 16.056083], [108.213903, 16.056121], [108.21404, 16.056153], [108.214223, 16.05622], [108.214447, 16.056309], [108.214591, 16.056355], [108.214731, 16.056402], [108.214869, 16.056448], [108.214996, 16.056481], [108.215171, 16.056515], [108.215294, 16.056533], [108.21538, 16.056533], [108.215463, 16.056513], [108.215605, 16.05644], [108.215799, 16.056389], [108.215799, 16.056545], [108.215803, 16.056807], [108.215803, 16.05681], [108.2158, 16.056897], [108.215791, 16.057161], [108.216203, 16.057188], [108.216683, 16.057196], [108.217033, 16.057183], [108.217103, 16.057181], [108.217104, 16.057129], [108.217108, 16.056878], [108.217108, 16.056835]]]]}, "properties": {"code": "20257", "name": "Hoà Cường", "nameEn": "Hoa Cuong", "fullName": "Phường Hoà Cường", "fullNameEn": "Hoa Cuong Ward", "codeName": "hoa_cuong", "postalCode": "50219", "postalCodePrefix": "", "gisServerId": "diaphanhanhchinhcapxa_2025.1904", "areaKm2": 15.72, "ward_code": "20257", "source_member": "geojson/48_da_nang/wards/20257_hoa_cuong.geojson", "requires_boat": false, "region": "danang", "search_name": "Đà Nẵng", "grid_km": 2}}, {"type": "Feature", "id": "20260", "bbox": [108.157429, 15.993409, 108.221464, 16.037939], "geometry": {"type": "MultiPolygon", "coordinates": [[[[108.220461, 16.023138], [108.220592, 16.023064], [108.220679, 16.023009], [108.221464, 16.02255], [108.220713, 16.021636], [108.219504, 16.020627], [108.217838, 16.019352], [108.216932, 16.018669], [108.216525, 16.018362], [108.214814, 16.016953], [108.213697, 16.015688], [108.213218, 16.015018], [108.211982, 16.013356], [108.210393, 16.011461], [108.208524, 16.009547], [108.207507, 16.00862], [108.207172, 16.008328], [108.207172, 16.008328], [108.207168, 16.008325], [108.207168, 16.008324], [108.206498, 16.007804], [108.204993, 16.006674], [108.204368, 16.006258], [108.203117, 16.005618], [108.202715, 16.005413], [108.20212, 16.005092], [108.201715, 16.004806], [108.201287, 16.00439], [108.201117, 16.004207], [108.2003, 16.003331], [108.200233, 16.003285], [108.199205, 16.002581], [108.197599, 16.001689], [108.195838, 16.000987], [108.195237, 16.000787], [108.194542, 16.000555], [108.194503, 16.000542], [108.193817, 16.000314], [108.193526, 16.000217], [108.193103, 16.000071], [108.192398, 15.999926], [108.191225, 15.999524], [108.191022, 15.999446], [108.190333, 15.999182], [108.189779, 15.998986], [108.189749, 15.998975], [108.189217, 15.99868], [108.188894, 15.998413], [108.188494, 15.997953], [108.188019, 15.998366], [108.187892, 15.998523], [108.187788, 15.99861], [108.187786, 15.99861], [108.187738, 15.998643], [108.187738, 15.998643], [108.18764, 15.998709], [108.187588, 15.998752], [108.187526, 15.998589], [108.187429, 15.998451], [108.186691, 15.998284], [108.186595, 15.998254], [108.186344, 15.998184], [108.18575, 15.998034], [108.185065, 15.99785], [108.18493, 15.998342], [108.184588, 15.998347], [108.183977, 15.998207], [108.18366, 15.998042], [108.183525, 15.997909], [108.183418, 15.997758], [108.183385, 15.997631], [108.183383, 15.997526], [108.183499, 15.997408], [108.183607, 15.997236], [108.183789, 15.996612], [108.183957, 15.996129], [108.184204, 15.996109], [108.184409, 15.995807], [108.18466, 15.996011], [108.184883, 15.996049], [108.185241, 15.996079], [108.185599, 15.995759], [108.18592, 15.995506], [108.186382, 15.995137], [108.185815, 15.994563], [108.185255, 15.994156], [108.184781, 15.993866], [108.18421, 15.993723], [108.183026, 15.993577], [108.182097, 15.993524], [108.180855, 15.993714], [108.178784, 15.993955], [108.177019, 15.994163], [108.175736, 15.994201], [108.174371, 15.994088], [108.173479, 15.9939], [108.172958, 15.99432], [108.172679, 15.994502], [108.172475, 15.994598], [108.172094, 15.99474], [108.171591, 15.994941], [108.171434, 15.995015], [108.171235, 15.995066], [108.17104, 15.99509], [108.17084, 15.995095], [108.170558, 15.995066], [108.170294, 15.995051], [108.170111, 15.995046], [108.169975, 15.99501], [108.169805, 15.994944], [108.169678, 15.994782], [108.169638, 15.994738], [108.169598, 15.994706], [108.169532, 15.994637], [108.169429, 15.994553], [108.169293, 15.994476], [108.169068, 15.994397], [108.168799, 15.994297], [108.168379, 15.994148], [108.168228, 15.994078], [108.168218, 15.994039], [108.168219, 15.993942], [108.16828, 15.993409], [108.167245, 15.993582], [108.166115, 15.993778], [108.165182, 15.993813], [108.164362, 15.993767], [108.164173, 15.993756], [108.163873, 15.993803], [108.163508, 15.993859], [108.16264, 15.994209], [108.161447, 15.994685], [108.160716, 15.99486], [108.160243, 15.994932], [108.159754, 15.994925], [108.159275, 15.994782], [108.158998, 15.99461], [108.158455, 15.994186], [108.158003, 15.993918], [108.157912, 15.994303], [108.157792, 15.995126], [108.158043, 15.995886], [108.157932, 15.996023], [108.158051, 15.99613], [108.157993, 15.996228], [108.157981, 15.996343], [108.157992, 15.996425], [108.15802, 15.996476], [108.15807, 15.996514], [108.157972, 15.996714], [108.157598, 15.996607], [108.157542, 15.996728], [108.157537, 15.996795], [108.157563, 15.996925], [108.157594, 15.997134], [108.157634, 15.997545], [108.157626, 15.997803], [108.157609, 15.998211], [108.157579, 15.998338], [108.157547, 15.998418], [108.157483, 15.998594], [108.157449, 15.998696], [108.157432, 15.998816], [108.157429, 15.998942], [108.15743, 15.998975], [108.157431, 15.998984], [108.157454, 15.999231], [108.157522, 15.999573], [108.157643, 15.999785], [108.157655, 15.99981], [108.157744, 16], [108.157966, 16.000506], [108.158065, 16.000719], [108.158373, 16.002312], [108.158803, 16.004533], [108.158999, 16.004912], [108.159121, 16.005214], [108.159117, 16.005458], [108.159062, 16.005952], [108.159199, 16.006885], [108.15922, 16.006934], [108.159423, 16.0074], [108.159544, 16.007354], [108.15971, 16.007738], [108.160072, 16.008575], [108.16018, 16.008627], [108.160187, 16.008631], [108.160182, 16.008637], [108.160146, 16.008719], [108.160068, 16.008923], [108.160019, 16.00914], [108.160003, 16.009211], [108.160135, 16.009241], [108.16043, 16.00934], [108.16069, 16.009444], [108.160975, 16.009558], [108.161864, 16.009933], [108.163313, 16.010568], [108.163762, 16.010766], [108.164177, 16.010944], [108.164616, 16.011135], [108.165531, 16.011532], [108.166373, 16.01189], [108.166485, 16.011928], [108.167466, 16.013018], [108.167504, 16.013094], [108.167861, 16.013499], [108.168289, 16.013913], [108.169234, 16.014634], [108.169897, 16.015145], [108.170354, 16.0155], [108.170647, 16.015728], [108.170816, 16.015859], [108.171387, 16.01623], [108.171658, 16.016373], [108.171804, 16.016434], [108.171946, 16.016494], [108.172003, 16.016504], [108.17226, 16.016549], [108.172895, 16.016649], [108.173231, 16.016763], [108.173821, 16.017014], [108.173907, 16.017077], [108.174375, 16.017619], [108.175066, 16.018455], [108.175323, 16.01884], [108.175522, 16.019126], [108.175787, 16.019341], [108.176265, 16.01964], [108.176643, 16.019768], [108.177168, 16.019812], [108.177565, 16.019859], [108.177765, 16.019899], [108.177907, 16.019964], [108.177954, 16.019998], [108.177993, 16.01997], [108.178033, 16.019936], [108.178087, 16.019868], [108.178134, 16.019807], [108.178282, 16.019557], [108.178481, 16.019217], [108.178587, 16.019033], [108.178742, 16.018773], [108.178844, 16.018572], [108.178893, 16.018498], [108.179032, 16.018258], [108.179281, 16.01785], [108.179404, 16.017642], [108.179497, 16.017453], [108.179581, 16.017278], [108.179587, 16.017266], [108.179646, 16.017153], [108.179681, 16.017086], [108.179771, 16.016943], [108.179904, 16.016763], [108.180371, 16.016635], [108.180488, 16.016604], [108.18062, 16.016568], [108.181034, 16.016458], [108.181451, 16.016348], [108.181578, 16.016321], [108.181686, 16.016328], [108.181718, 16.016209], [108.181746, 16.0161], [108.181992, 16.016134], [108.182259, 16.016143], [108.182603, 16.016041], [108.182827, 16.016132], [108.182951, 16.01618], [108.183038, 16.0162], [108.183122, 16.016227], [108.183151, 16.016235], [108.183231, 16.016257], [108.183337, 16.016278], [108.183421, 16.016293], [108.183484, 16.016303], [108.183566, 16.016328], [108.183635, 16.016349], [108.183745, 16.016392], [108.183792, 16.016394], [108.183907, 16.016398], [108.184065, 16.016396], [108.184128, 16.016376], [108.184552, 16.016629], [108.184633, 16.016651], [108.184734, 16.016699], [108.184824, 16.01674], [108.184893, 16.016758], [108.184924, 16.016762], [108.185618, 16.017231], [108.18566, 16.017279], [108.185706, 16.017333], [108.185794, 16.017429], [108.18587, 16.017509], [108.185875, 16.01753], [108.185886, 16.017568], [108.185892, 16.017636], [108.185894, 16.017662], [108.185908, 16.017692], [108.185924, 16.017708], [108.186138, 16.017817], [108.186094, 16.018104], [108.186059, 16.018341], [108.186037, 16.018486], [108.18639, 16.018601], [108.186547, 16.018743], [108.18667, 16.01897], [108.186745, 16.019054], [108.186875, 16.019152], [108.186949, 16.019177], [108.187003, 16.019212], [108.187126, 16.019291], [108.187236, 16.019364], [108.187276, 16.019375], [108.187328, 16.01937], [108.187397, 16.019367], [108.187797, 16.019371], [108.18804, 16.019404], [108.188241, 16.019399], [108.188322, 16.01939], [108.188423, 16.019341], [108.188446, 16.019298], [108.188482, 16.019218], [108.188659, 16.018796], [108.188711, 16.01864], [108.188753, 16.018542], [108.188802, 16.018406], [108.188819, 16.018326], [108.188897, 16.018329], [108.188913, 16.018344], [108.188934, 16.018375], [108.188994, 16.018474], [108.189048, 16.018555], [108.189151, 16.018648], [108.189196, 16.018666], [108.189226, 16.018661], [108.189262, 16.018625], [108.189414, 16.018453], [108.189496, 16.018406], [108.189551, 16.01841], [108.189757, 16.018492], [108.190184, 16.018732], [108.19025, 16.018741], [108.190298, 16.018717], [108.190493, 16.018341], [108.190526, 16.018165], [108.190494, 16.017854], [108.19049, 16.017775], [108.19049, 16.017767], [108.190489, 16.017708], [108.190507, 16.017586], [108.190554, 16.017454], [108.190632, 16.01729], [108.190711, 16.017179], [108.190804, 16.016965], [108.190836, 16.016829], [108.190846, 16.016729], [108.190854, 16.016633], [108.190882, 16.016558], [108.191011, 16.016404], [108.191164, 16.016287], [108.191268, 16.016201], [108.191396, 16.016033], [108.191494, 16.01594], [108.191443, 16.015841], [108.191415, 16.015797], [108.191408, 16.015778], [108.191408, 16.01577], [108.191424, 16.015691], [108.19143, 16.015683], [108.191536, 16.015568], [108.191655, 16.015428], [108.191695, 16.015374], [108.191729, 16.015318], [108.191756, 16.015262], [108.191791, 16.015163], [108.191794, 16.015127], [108.191799, 16.01495], [108.191792, 16.014881], [108.191776, 16.014822], [108.191763, 16.014792], [108.191756, 16.014773], [108.191755, 16.014753], [108.191761, 16.014689], [108.191793, 16.014554], [108.191934, 16.014238], [108.192592, 16.014241], [108.192915, 16.014228], [108.19291, 16.014387], [108.192926, 16.014652], [108.192989, 16.015154], [108.19313, 16.015685], [108.193496, 16.015646], [108.193828, 16.016742], [108.194554, 16.017304], [108.194935, 16.017925], [108.194907, 16.019137], [108.196467, 16.019203], [108.196715, 16.019244], [108.196581, 16.019777], [108.197324, 16.020038], [108.197086, 16.020661], [108.198791, 16.021303], [108.198764, 16.021463], [108.198702, 16.02162], [108.198619, 16.021751], [108.19851, 16.021917], [108.198483, 16.022055], [108.198464, 16.022155], [108.19843, 16.022384], [108.198421, 16.022578], [108.198422, 16.022612], [108.198425, 16.022722], [108.19918, 16.022735], [108.199812, 16.022742], [108.200239, 16.023034], [108.200389, 16.023129], [108.20089, 16.023362], [108.201298, 16.023524], [108.201612, 16.02365], [108.201696, 16.023735], [108.201843, 16.023793], [108.202044, 16.023354], [108.202447, 16.02347], [108.203528, 16.023639], [108.206061, 16.024001], [108.207055, 16.02474], [108.208332, 16.02524], [108.20827, 16.026347], [108.208207, 16.027496], [108.208095, 16.030132], [108.208073, 16.030722], [108.208056, 16.031168], [108.208045, 16.031303], [108.208024, 16.031516], [108.207822, 16.032327], [108.207446, 16.033792], [108.207765, 16.034072], [108.20816, 16.034415], [108.208174, 16.034466], [108.208177, 16.034477], [108.20817, 16.034605], [108.208162, 16.034764], [108.208161, 16.034778], [108.208151, 16.034977], [108.208149, 16.035119], [108.208146, 16.035367], [108.208117, 16.03556], [108.208117, 16.035562], [108.208115, 16.035573], [108.208113, 16.035589], [108.208106, 16.035633], [108.208103, 16.035642], [108.208066, 16.035761], [108.208021, 16.035907], [108.207898, 16.036273], [108.207788, 16.036598], [108.207787, 16.036601], [108.207673, 16.036939], [108.207484, 16.037502], [108.207455, 16.037587], [108.207445, 16.037617], [108.207794, 16.037939], [108.208086, 16.037872], [108.207958, 16.037347], [108.208524, 16.037215], [108.209099, 16.037078], [108.20987, 16.036894], [108.209928, 16.03688], [108.210052, 16.036851], [108.210104, 16.036838], [108.210187, 16.036819], [108.210643, 16.036715], [108.211618, 16.036493], [108.212764, 16.036229], [108.213756, 16.036012], [108.214297, 16.035906], [108.214323, 16.03567], [108.214352, 16.035397], [108.214509, 16.033948], [108.21451, 16.033942], [108.214668, 16.032682], [108.21478, 16.031797], [108.214871, 16.031129], [108.214894, 16.030987], [108.214985, 16.030848], [108.215209, 16.030602], [108.21536, 16.030492], [108.215592, 16.030345], [108.215734, 16.030216], [108.215866, 16.030071], [108.215919, 16.029995], [108.216074, 16.029684], [108.216407, 16.028794], [108.216669, 16.028232], [108.216868, 16.027576], [108.217047, 16.027195], [108.217295, 16.026773], [108.217449, 16.02651], [108.21798, 16.025658], [108.217897, 16.025247], [108.217861, 16.024929], [108.217954, 16.024691], [108.217968, 16.024668], [108.218144, 16.024391], [108.218278, 16.024221], [108.2184, 16.024123], [108.218425, 16.024108], [108.218614, 16.023995], [108.218752, 16.023932], [108.218795, 16.023912], [108.218828, 16.02391], [108.219134, 16.023897], [108.219354, 16.023831], [108.219661, 16.023695], [108.220032, 16.023415], [108.220152, 16.023326], [108.220236, 16.023275], [108.220459, 16.023139], [108.220461, 16.023138], [108.220461, 16.023138]]]]}, "properties": {"code": "20260", "name": "Cẩm Lệ", "nameEn": "Cam Le", "fullName": "Phường Cẩm Lệ", "fullNameEn": "Cam Le Ward", "codeName": "cam_le", "postalCode": "50712", "postalCodePrefix": "", "gisServerId": "diaphanhanhchinhcapxa_2025.1902", "areaKm2": 14.05, "ward_code": "20260", "source_member": "geojson/48_da_nang/wards/20260_cam_le.geojson", "requires_boat": false, "region": "danang", "search_name": "Đà Nẵng", "grid_km": 2}}, {"type": "Feature", "id": "20263", "bbox": [108.213673, 16.078728, 108.33845, 16.155602], "geometry": {"type": "Polygon", "coordinates": [[[108.21367870082393, 16.123127782131426], [108.21369089921693, 16.12316852995483], [108.21374697567711, 16.12350685793123], [108.21374841882063, 16.123518564551052], [108.21379841882063, 16.123821564551054], [108.21380368017522, 16.12384534002693], [108.21381148475322, 16.123868406098712], [108.21389148475322, 16.12406840609871], [108.21389477821849, 16.12407620968062], [108.21390116408517, 16.124090577880676], [108.21404867946588, 16.124456891242126], [108.21405869616123, 16.1244784076514], [108.21407092763144, 16.124498746805525], [108.21408523726818, 16.124517681544773], [108.21410146525294, 16.124535000394747], [108.21455246525294, 16.124968000394748], [108.21456728314037, 16.12498102557202], [108.21458318698643, 16.124992700018982], [108.21460005405585, 16.125002933640054], [108.21510905405584, 16.125281933640053], [108.21512706004707, 16.12529078141391], [108.21514578380555, 16.125297986945828], [108.21516507590604, 16.12530349273194], [108.21518478238761, 16.125307254833235], [108.21566078238762, 16.125376254833235], [108.21568784794678, 16.125378518689182], [108.21571498886033, 16.125377498714684], [108.21639598886033, 16.125310498714686], [108.21641364594456, 16.125308050637923], [108.21643105324044, 16.125304209836795], [108.21696330567926, 16.12516440619433], [108.21700955678342, 16.125152597401776], [108.21703002854328, 16.125146316932714], [108.21704980908096, 16.125138115251644], [108.21726163174772, 16.125038198899407], [108.21749145426811, 16.124930282237646], [108.21751476759914, 16.12491760284058], [108.21811082710835, 16.12454618887505], [108.2184886102163, 16.124315930569143], [108.2185443027204, 16.12428220130609], [108.21854992598992, 16.124279900877653], [108.21862581940687, 16.12424894435232], [108.21862673485322, 16.124248568592005], [108.21876448751179, 16.124191670754765], [108.21878288849516, 16.124184121633384], [108.21887963083509, 16.124200446903245], [108.21888233038081, 16.124200885562733], [108.21891329731879, 16.124205724146794], [108.21910479072656, 16.12423747434912], [108.2192330743226, 16.12425930985483], [108.21939167974159, 16.124304758191265], [108.21954922303541, 16.124350625226175], [108.21982242381574, 16.124430001164196], [108.22038287974489, 16.124732190568004], [108.22043486847045, 16.12482317083773], [108.22067268339875, 16.125241845018227], [108.2207007057574, 16.125291266268917], [108.22070359070955, 16.125365698034518], [108.2207036500731, 16.12536711413605], [108.2207132518976, 16.125580100061313], [108.22066027895642, 16.12580666125589], [108.22057422084363, 16.12599780085377], [108.22056537207955, 16.126020730258784], [108.22055908192021, 16.12604448930203], [108.22055542570239, 16.126068793423315], [108.2205544472163, 16.126093351534095], [108.22055744721631, 16.126294351534092], [108.22055867067213, 16.126314647341477], [108.22056172475592, 16.12633474931187], [108.22056658443337, 16.126354492669652], [108.22057320986978, 16.126373715578744], [108.22069720986978, 16.126686715578746], [108.22069980563295, 16.12669298914789], [108.22076727519119, 16.126849321051125], [108.22077008036098, 16.12688274932448], [108.22070220855535, 16.126994161533716], [108.22069966871335, 16.12699843652248], [108.22059366871335, 16.12718143652248], [108.22058334629139, 16.12720152273255], [108.2205750933587, 16.12722254408674], [108.22056899337022, 16.12724428801395], [108.22056510800992, 16.127266534636288], [108.22054144761057, 16.127458547877094], [108.22047242325132, 16.12768770874984], [108.22034590306754, 16.128087193739596], [108.22033899254411, 16.128115114039023], [108.22027799254411, 16.128453114039022], [108.22027756780032, 16.12845554380702], [108.22024356780032, 16.128656543807022], [108.22024084384498, 16.128680244869763], [108.22024064948846, 16.128704101158938], [108.22024298692408, 16.128727843456687], [108.22026798692407, 16.12889184345669], [108.2202731621218, 16.128916451005324], [108.22028105585127, 16.128940325744203], [108.22029156914752, 16.128963168351834], [108.22034456914753, 16.129063168351834], [108.22035428470797, 16.12907974450293], [108.22036538157208, 16.12909542954379], [108.22037777851625, 16.12911010866757], [108.22055177851624, 16.12929910866757], [108.22055197946356, 16.129299326649022], [108.2206085114069, 16.129360569587625], [108.2206692179307, 16.129432658584655], [108.22066984298475, 16.129433397598245], [108.22092384298476, 16.129732397598247], [108.22092704778146, 16.12973608802008], [108.22137849337477, 16.130244655300714], [108.22139429809938, 16.130315381443367], [108.22135899597569, 16.130458060859958], [108.22135434321453, 16.130482688887216], [108.22135246372169, 16.130507681994658], [108.2213484637217, 16.13071568199466], [108.22134935376963, 16.130740434017685], [108.22135296407838, 16.130764937497023], [108.22135925073496, 16.13078889439119], [108.22139825073495, 16.13090989439119], [108.22140675686299, 16.13093216161559], [108.22141757518166, 16.130953401848117], [108.22149086571963, 16.13108017467052], [108.22152217180528, 16.1311359386356], [108.22153269820492, 16.131152879589326], [108.22154468614852, 16.131168819796702], [108.2215580410827, 16.1311836335314], [108.22157265767216, 16.131197203952006], [108.22190365767216, 16.131478203952007], [108.22192260775725, 16.131492634550707], [108.22194297963495, 16.131504976937137], [108.22196454414099, 16.131515092271176], [108.222203544141, 16.131612092271176], [108.22222398642178, 16.131619261346383], [108.22253984283334, 16.1317131894921], [108.2227989104839, 16.131868452638837], [108.2229416118853, 16.131972407302115], [108.22303231014989, 16.132038716117396], [108.22309493725693, 16.132124349100494], [108.22318632552462, 16.13233504982877], [108.22323801056802, 16.132528663642166], [108.22324046710834, 16.132651490657842], [108.22324172505029, 16.132671155377736], [108.2232447019114, 16.132690634133457], [108.22324937477383, 16.132709776964575], [108.22327237477383, 16.132788776964578], [108.22327923504858, 16.132808779106668], [108.2232879461949, 16.132828047344457], [108.22329843098139, 16.132846410849297], [108.22331059645187, 16.132863706813744], [108.22332433474949, 16.132879781894964], [108.22333952407305, 16.132894493574245], [108.22335602975683, 16.132907711420557], [108.22337370546444, 16.132919318246906], [108.22339239448635, 16.132929211149314], [108.22341193112912, 16.132937302419123], [108.22348693112912, 16.132964302419122], [108.2235061799441, 16.132970270952253], [108.2235258863149, 16.13297448986393], [108.22354589155171, 16.132976925180454], [108.22356603455799, 16.132977557290914], [108.22362453039526, 16.132976766806625], [108.2236561538025, 16.13298071973253], [108.2236880904254, 16.133003766779993], [108.22376365968026, 16.133085979485823], [108.22377887361797, 16.13310102471333], [108.2237954503201, 16.13311455378269], [108.2238132393125, 16.133126443884482], [108.22383207911652, 16.13313658708693], [108.22385179871482, 16.133144891315634], [108.22396379871482, 16.133185891315634], [108.22399317623395, 16.133194426691276], [108.2241220609349, 16.133222516946613], [108.22415960070074, 16.13324113903518], [108.22415743456037, 16.13344764441847], [108.22415899545825, 16.133476536009542], [108.22421099545825, 16.133913536009544], [108.22421527480938, 16.133937936003296], [108.22424927480938, 16.134083936003293], [108.22424959314846, 16.134085284152913], [108.22439059314846, 16.134674284152915], [108.22439741310124, 16.1346972739644], [108.22440664548898, 16.134719405530195], [108.22441818504744, 16.134740426514437], [108.22443190020687, 16.1347600972437], [108.22444763459214, 16.134778193439658], [108.22459863459214, 16.13493419343966], [108.22461491550128, 16.134949422500487], [108.2246326260845, 16.134962962350475], [108.22465159182033, 16.134974679566874], [108.22467162581891, 16.134984458687303], [108.22469253066366, 16.134992203347544], [108.22514653066365, 16.13513520334754], [108.22516972942964, 16.135141171074494], [108.22519343185787, 16.1351446339352], [108.22521736828799, 16.135145552533007], [108.22541736828799, 16.135142552533008], [108.2254385772851, 16.13514122890158], [108.22545956622845, 16.135137906580777], [108.22553409891307, 16.13512246287135], [108.22555554030286, 16.135125143045077], [108.22557584175676, 16.135136985559853], [108.22559559181656, 16.135147230498973], [108.22561625868192, 16.13515547090645], [108.22563763950663, 16.13516162590232], [108.22565952443692, 16.135165635075012], [108.22568169867121, 16.135167459074314], [108.22570394456837, 16.135167079997593], [108.2257260437839, 16.1351645015655], [108.22574777941301, 16.135159749085467], [108.225806779413, 16.13514374908547], [108.22582843768836, 16.13513667823858], [108.2258492681009, 16.13512744938809], [108.22586905626446, 16.13511615751711], [108.22588759851973, 16.13510291884132], [108.22590470403027, 16.135087869612864], [108.22592019674651, 16.135071164718052], [108.22595619674652, 16.13502816471805], [108.2259678743312, 16.135012939581866], [108.2259782096555, 16.134996773202317], [108.22598712727277, 16.13497978359203], [108.22603359200735, 16.134881246310062], [108.22612344830377, 16.134770204382786], [108.22625046167445, 16.13467099867314], [108.22632584164735, 16.134637496462965], [108.22649439305887, 16.134592830338907], [108.22666489230501, 16.13457071151779], [108.22668471965706, 16.134567229515486], [108.2267041555452, 16.134561985997443], [108.2267230438015, 16.134555023095484], [108.2268110438015, 16.134518023095485], [108.22683193189053, 16.134507941342672], [108.22685166875165, 16.134495758965407], [108.2268700438667, 16.134481605903908], [108.22688686124219, 16.134465633118175], [108.22690194149992, 16.134448010977852], [108.22691512379016, 16.134428927444983], [108.2269522555966, 16.134368748310415], [108.22697651030099, 16.134349624408877], [108.22702543962177, 16.134343202435524], [108.22720463012926, 16.134400490107062], [108.22741931408248, 16.134580225509765], [108.22754593732643, 16.134712571838175], [108.22755468891826, 16.13475002865125], [108.2275549703041, 16.134777323076882], [108.22752687493976, 16.13484662497558], [108.22751817526657, 16.13487250025286], [108.2275126793268, 16.134899239903834], [108.2275006793268, 16.134983239903832], [108.22749862390121, 16.135005484132275], [108.22749878856285, 16.135027822515386], [108.22750117168249, 16.13505003402624], [108.22750574968033, 16.135071898893244], [108.22752774968033, 16.135155898893245], [108.2275345174551, 16.135177308899486], [108.2275433893846, 16.135197936066263], [108.22755427677784, 16.13521757418764], [108.22756707079554, 16.135236026944973], [108.22758164353833, 16.1352531098695], [108.22773164353833, 16.1354121098695], [108.22774870465537, 16.13542839030953], [108.22776737892954, 16.135442791904097], [108.22778746044496, 16.135455155850906], [108.22799466113086, 16.135568174406853], [108.22819484857811, 16.13568215673328], [108.22828178831593, 16.135740320642377], [108.22832855882936, 16.13583140006328], [108.22835918638577, 16.135899530750002], [108.2283681188132, 16.136012674830557], [108.22836823909277, 16.136014137446008], [108.22838123909277, 16.136166137446008], [108.22838458712103, 16.136190050531063], [108.22839048318416, 16.13621346593987], [108.22839885912201, 16.13623611298372], [108.22847792185283, 16.13641900508393], [108.22851321653224, 16.136525609421724], [108.22851346976206, 16.13653713137915], [108.22850448475322, 16.136559593901268], [108.22849765746943, 16.13657926005984], [108.2284926805388, 16.136599473910504], [108.22848959672618, 16.136620061763633], [108.22848843252949, 16.136640846715956], [108.22848919795224, 16.136661650170595], [108.22849019795224, 16.136673650170597], [108.2284904761135, 16.136676731488954], [108.2284974761135, 16.136748731488954], [108.22850051684986, 16.1367696891784], [108.22850551812745, 16.136790267274698], [108.22851243547477, 16.136810282796937], [108.22852120738264, 16.13682955776664], [108.22853175585105, 16.136847920790327], [108.22854398708276, 16.13686520858358], [108.22855779231737, 16.13688126742294], [108.22857304879845, 16.136895954512838], [108.22858962086501, 16.136909139255337], [108.22865062086501, 16.136953139255336], [108.22867229013222, 16.13696695645016], [108.22869539610076, 16.136978207504885], [108.2287196361873, 16.136986745081774], [108.2288238320415, 16.13701686419588], [108.22888089606022, 16.137048125353964], [108.22903950991673, 16.137234143698777], [108.22934171115621, 16.137649317364218], [108.22943007408243, 16.13784594477661], [108.22944326283142, 16.137939522090928], [108.22943026948835, 16.138116231556815], [108.22941783115698, 16.138236727891844], [108.22940228572452, 16.138275591473004], [108.22938714969293, 16.138279477751386], [108.22936944046971, 16.138284810978263], [108.22935223013957, 16.138291583306714], [108.22933563542587, 16.138299748805665], [108.22925663542587, 16.138342748805663], [108.2292373427188, 16.13835454618212], [108.22921933425093, 16.13836822396416], [108.22920279261875, 16.13838364346616], [108.22918788554585, 16.138400648342365], [108.22917476418223, 16.138419066172144], [108.22916356157172, 16.138438710208252], [108.22915439130297, 16.138459381270344], [108.22912439130296, 16.138537381270346], [108.22911822423335, 16.138555742438417], [108.2291136622251, 16.138574566713203], [108.229110739213, 16.138593714069177], [108.22910947694004, 16.138613042077544], [108.22910275759058, 16.138917332617634], [108.22909150023544, 16.139000107287785], [108.22906214178528, 16.139069565084508], [108.22905427325247, 16.139091215432337], [108.22904866395679, 16.13911355792932], [108.22904537291615, 16.139136357499954], [108.22903937291615, 16.139201357499953], [108.22903843440119, 16.139224340357835], [108.22903985170169, 16.139247298664092], [108.22904360994939, 16.13926999157358], [108.22906460994939, 16.13936599157358], [108.22906965250469, 16.139385009974617], [108.22907634033382, 16.13940351402508], [108.2290846221028, 16.139421361692847], [108.22909443424298, 16.13943841598401], [108.22919543424297, 16.13959741598401], [108.22920850046698, 16.139615863603183], [108.22928343389229, 16.13971110608768], [108.22929691656144, 16.139773525852252], [108.22930355988103, 16.139836858832354], [108.22927585531177, 16.139847594352943], [108.22925643554805, 16.139856196672213], [108.22923791530222, 16.13986659511508], [108.22922046023214, 16.1398786966707], [108.22920422646801, 16.139892393094396], [108.22918935921584, 16.139907561875905], [108.22917599145858, 16.13992406733517], [108.22916424276667, 16.139941761835967], [108.22915421822856, 16.139960487106464], [108.22914600751061, 16.13998007565492], [108.22911100751061, 16.14007607565492], [108.22910423572597, 16.140098100943536], [108.22909975651513, 16.140120704197198], [108.22909761703423, 16.140143647453883], [108.22909783980725, 16.14016668917209], [108.22910461323825, 16.14027760410444], [108.2290849768411, 16.140443620916688], [108.22908352972499, 16.14046305154114], [108.22908377227529, 16.140482534469072], [108.22909277227528, 16.14064353446907], [108.22909487748557, 16.140664117578854], [108.22909886808262, 16.14068441958501], [108.22910471019402, 16.14070426816312], [108.22914371019402, 16.140817268163122], [108.22914968144889, 16.140832700850698], [108.2291567728526, 16.140847651961824], [108.22922352072065, 16.140975946565323], [108.22926232756316, 16.141109614578436], [108.22926639056338, 16.141122210582886], [108.22932539056337, 16.141288210582886], [108.22933336207655, 16.14130769309151], [108.22934312271063, 16.141326343646103], [108.22941912271064, 16.1414563436461], [108.22943102059166, 16.141474600457393], [108.22944463189347, 16.141491618189157], [108.22945982845933, 16.14150723661154], [108.22947646720648, 16.14152130866983], [108.2294943914734, 16.14153370186905], [108.22951343249476, 16.141544299521467], [108.22960643249475, 16.141590299521468], [108.22962768352235, 16.14159947972533], [108.22964976667569, 16.141606423546754], [108.22967244731754, 16.141611057206468], [108.22969548446228, 16.141613331471067], [108.22985261687673, 16.141620697052993], [108.22990131623465, 16.141638762943835], [108.23005022261972, 16.141778669492453], [108.23006593647008, 16.14179212607699], [108.23008282195978, 16.141804079528278], [108.23026382195978, 16.141920079528276], [108.23028821171535, 16.141933650471003], [108.23055621171535, 16.142061650471003], [108.23055883949343, 16.142062884733235], [108.23077934034741, 16.142164719097103], [108.23080424811948, 16.142192187481257], [108.23079450567921, 16.142219466313986], [108.23078793488091, 16.142241308387238], [108.23078361347885, 16.142263704302906], [108.23078158604939, 16.14228642304152], [108.23078187350596, 16.142309230253606], [108.23078987350597, 16.142435230253604], [108.23079225989173, 16.142456588057392], [108.23079667682036, 16.14247761997031], [108.23080308384469, 16.142498133396618], [108.2308114222936, 16.142517940488517], [108.23082161580933, 16.142536859866325], [108.2308335710467, 16.14255471827944], [108.23084717852791, 16.14257135219284], [108.23086231364502, 16.142586609284628], [108.23087883780107, 16.14260034984088], [108.23094783780107, 16.14265234984088], [108.2309654880643, 16.142664379545444], [108.23098420136125, 16.14267467799688], [108.2310038084081, 16.142683152033577], [108.23102413183607, 16.14268972499791], [108.23104498779583, 16.14269433742968], [108.23106618762068, 16.14269694760402], [108.23108753953329, 16.142697531908826], [108.2311088503805, 16.14269608505838], [108.23112992738058, 16.142692620141144], [108.23124692738058, 16.142667620141147], [108.23126833215113, 16.142661929667337], [108.23128907230546, 16.1426541584581], [108.23130894611943, 16.142644382098233], [108.2313277602952, 16.142632695675143], [108.2313453318412, 16.14261921285401], [108.23142056824237, 16.142555349397192], [108.23149264540548, 16.142604735601534], [108.23158866638893, 16.14273529650709], [108.23162941740652, 16.142854414866207], [108.23162747475502, 16.142926778634976], [108.23159296100336, 16.143022355177994], [108.23131592110327, 16.14328361432428], [108.23131395380935, 16.14328549219267], [108.23110695380934, 16.143485492192674], [108.23109235661059, 16.143500999934613], [108.23107929402354, 16.143517820668595], [108.2310678835213, 16.143535803124216], [108.23105822771953, 16.14355478558359], [108.23105041345374, 16.143574597335707], [108.23100341345375, 16.143712597335707], [108.23099688965254, 16.143735747171867], [108.23099287897455, 16.14375946192168], [108.23099142742093, 16.1437834695848], [108.23099255164051, 16.14380749480128], [108.23100615200457, 16.143942591751014], [108.23100254075707, 16.144093361334377], [108.2309936404431, 16.144295101784248], [108.23099344736626, 16.144308361566374], [108.23099844736626, 16.144642361566376], [108.23099846332548, 16.14464329735263], [108.23100246332548, 16.144852297352628], [108.2310048053343, 16.144880629985856], [108.23102580533428, 16.145023629985857], [108.23102974416325, 16.14504391101183], [108.23103553009747, 16.145063744250425], [108.23104311417045, 16.14508296185239], [108.23105243219793, 16.14510140117862], [108.2310866727017, 16.145162055785278], [108.2311285665529, 16.145238712619406], [108.23121486206044, 16.14543239809188], [108.23121507066911, 16.14543286487243], [108.23122003989212, 16.145443950062237], [108.23132672836904, 16.145867025056884], [108.23132150771089, 16.146062799737514], [108.23132008238665, 16.14611268608629], [108.23129038906946, 16.14625521400877], [108.23124800204364, 16.146337338871305], [108.23121016126923, 16.146369256741888], [108.23116752914976, 16.14637786929128], [108.23114833244347, 16.146382636057595], [108.23112962961885, 16.146389073444116], [108.23111156575739, 16.146397131514778], [108.23102556575739, 16.146440131514776], [108.2310048882628, 16.146451877995574], [108.2309855688154, 16.14646574513463], [108.23096782404754, 16.146481577437278], [108.23095185293441, 16.14649919737312], [108.23093783456292, 16.14651840736673], [108.23085183456291, 16.14665040736673], [108.23084313380114, 16.14666493110902], [108.23083555190489, 16.14668006904792], [108.2308305519049, 16.14669106904792], [108.23082116306922, 16.146715378192404], [108.23081465344168, 16.146740611295467], [108.23076399078943, 16.146997898098093], [108.23073835473502, 16.147118190353357], [108.23069598090551, 16.147317700206987], [108.23063529110168, 16.147443125801573], [108.23046912790939, 16.14760332416133], [108.23045229892439, 16.147621439824718], [108.23043756347894, 16.147641295772026], [108.23042510020099, 16.14766265130289], [108.23037069829324, 16.147768905028943], [108.23028643505396, 16.14783341907152], [108.23028246680875, 16.14783625353239], [108.23026632618497, 16.147848935372778], [108.23025141091286, 16.147863037977817], [108.23023784559851, 16.147878443530633], [108.2302257435701, 16.147895023329177], [108.2301297435701, 16.148040023329177], [108.2301202353861, 16.148055746260287], [108.2301120443561, 16.148072193848357], [108.23010522531135, 16.148089255992254], [108.23008122531135, 16.148157255992253], [108.23008057237462, 16.148159132384304], [108.23002157237461, 16.148331132384303], [108.23001504461158, 16.148354062806153], [108.22996304461158, 16.148582062806152], [108.22996069403061, 16.14859380506112], [108.22992669403061, 16.14879080506112], [108.22992427538948, 16.14880944279949], [108.22992342356949, 16.148828217503727], [108.22992242356949, 16.149115217503727], [108.22992353250409, 16.149138303894564], [108.22992700841391, 16.1491611540418], [108.229932814482, 16.14918352591591], [108.22994088921028, 16.149205182553246], [108.23003088921028, 16.149413182553246], [108.23003201535494, 16.149415741379613], [108.23016001535494, 16.149701741379612], [108.2301860706691, 16.149759864872433], [108.23019781839982, 16.149782525345657], [108.23021206159108, 16.14980370641567], [108.23022861625368, 16.14982313447192], [108.23033561625368, 16.14993513447192], [108.23035067647919, 16.14994950211108], [108.23036700221725, 16.14996241372306], [108.2303844532294, 16.149973758396804], [108.23040287961102, 16.14998343868129], [108.23042212307905, 16.149991371422647], [108.23045931771944, 16.15000472334484], [108.23075352369354, 16.150116044524225], [108.23076665501347, 16.150120554254695], [108.23131965501346, 16.150291554254693], [108.23134464913693, 16.150297738060985], [108.23137018679712, 16.150301020374204], [108.23171018679712, 16.150325020374204], [108.23173465284415, 16.150325411037457], [108.23175901616916, 16.150323137610542], [108.23178298754353, 16.150318227082394], [108.23180628239166, 16.150310737748228], [108.23201528239166, 16.150230737748227], [108.23203455143913, 16.15022230746735], [108.23205294732325, 16.150212111523405], [108.23207030869419, 16.150200239344784], [108.23208648327575, 16.15018679506208], [108.23210132920106, 16.150171896594784], [108.23227567752458, 16.149979717192736], [108.2327089221575, 16.149522678804228], [108.23271280048085, 16.149518800480866], [108.23272604662301, 16.14950434384279], [108.23273798129728, 16.149488786908094], [108.23280876583436, 16.149387666140825], [108.23286099157487, 16.14933846797949], [108.23288203046866, 16.149315710768906], [108.23292303046865, 16.149264710768907], [108.2329255563813, 16.14926150969748], [108.23319837813257, 16.148909234594093], [108.23333978786903, 16.148781364087718], [108.23346318738389, 16.148735275112287], [108.23355277843714, 16.14870411300681], [108.23357334589923, 16.148695799010653], [108.2335929927406, 16.14868549635794], [108.23361152724874, 16.148673305581234], [108.23362876856521, 16.148659345637284], [108.23364454845046, 16.148643752746256], [108.23369954845046, 16.148583752746255], [108.23371216311466, 16.14856872267559], [108.2337234176443, 16.148552648835363], [108.23373322611994, 16.148535653936637], [108.23374151366163, 16.148517867722035], [108.23379531636664, 16.148387844518233], [108.23391378905839, 16.148188594991208], [108.23407169372443, 16.147970994658742], [108.2340869951782, 16.147949955159802], [108.23410935798336, 16.147919813987638], [108.23411046054848, 16.14791831498325], [108.23418848070695, 16.14781131590877], [108.23433414734791, 16.147724302649795], [108.23443476929576, 16.147712252117117], [108.23454748537672, 16.1477179194061], [108.23468669771394, 16.147787826900114], [108.23475080162, 16.147877318491727], [108.2347896426549, 16.147940548083437], [108.23479004932926, 16.14794120755808], [108.23486804932926, 16.148067207558082], [108.23488091354866, 16.14808582251749], [108.23494391354866, 16.14816782251749], [108.23495909967934, 16.148185591949893], [108.23497605053157, 16.148201686666464], [108.23504505053157, 16.148260686666465], [108.23506213630937, 16.148273927525622], [108.23508041591259, 16.14828546443425], [108.23509971999441, 16.148295190511536], [108.23511986971701, 16.148303015652676], [108.2351406784083, 16.14830886736361], [108.2351619532914, 16.148312691432622], [108.23528492885647, 16.14832873172372], [108.23532277830657, 16.148347859940436], [108.23535690526748, 16.148434942530326], [108.23536475797096, 16.148452683655563], [108.23537411260229, 16.148469680812646], [108.23538489934515, 16.148485807146848], [108.23541731991796, 16.14853001701888], [108.23545274740806, 16.14857922186623], [108.23546620007812, 16.148596127552523], [108.23548121498783, 16.14861166232149], [108.23549765317453, 16.14862568239918], [108.23551536250316, 16.148638058030077], [108.23553417907428, 16.148648674677972], [108.23555392874088, 16.148657434086026], [108.23561459764579, 16.148680918823416], [108.2357164138031, 16.1487218271009], [108.2360628884867, 16.148896528420238], [108.23608876426796, 16.148907600496383], [108.23613344350024, 16.148923486445632], [108.23625012307906, 16.148965371422648], [108.23627233997519, 16.148972072894193], [108.23629512980337, 16.14897644598536], [108.2363182492349, 16.148978444004342], [108.23634145142194, 16.148978045618133], [108.2363696685314, 16.148976099610586], [108.23647624590818, 16.1489694974722], [108.23659571126865, 16.148968116369765], [108.23664876582721, 16.14899108844667], [108.23664904673207, 16.148991209848383], [108.23674974510713, 16.149034648363116], [108.23680445067365, 16.149059070491024], [108.2368064998027, 16.1490599730568], [108.23692253456468, 16.149110392923617], [108.23697816405732, 16.149181099568462], [108.23700309248461, 16.149235111160937], [108.23706309248462, 16.149365111160954], [108.23707439465547, 16.149386491846897], [108.23708793037865, 16.149406533228962], [108.23710354268685, 16.149425002896795], [108.23712105053157, 16.149441686666464], [108.23717412111465, 16.149487065860683], [108.23720295763202, 16.14954423299162], [108.23724332980645, 16.149675252123696], [108.23725626164078, 16.14982439927971], [108.23725877106124, 16.149843638608896], [108.23726293173782, 16.14986258953893], [108.23727593173781, 16.14991158953893], [108.23728234365171, 16.149931840146277], [108.23729064012475, 16.149951394385536], [108.23730074693559, 16.149970077321935], [108.23733274693559, 16.150023077321933], [108.23734318160291, 16.150038822820182], [108.23735490254187, 16.150053635739773], [108.23740490254187, 16.150111635739776], [108.2374196400318, 16.150127168016965], [108.23743578971124, 16.150141226220935], [108.23745320478295, 16.150153682565566], [108.23747172694762, 16.150164423825295], [108.2376397269476, 16.150251423825292], [108.23766315654046, 16.150261905234366], [108.23768762908242, 16.15026964477235], [108.23771282490276, 16.150274541342114], [108.23783082490276, 16.150290541342116], [108.2378518054624, 16.15029238949602], [108.23787286689203, 16.150292264045977], [108.23789382394715, 16.150290166095385], [108.23791449230127, 16.150286114096634], [108.23793469016715, 16.15028014368883], [108.23795423989573, 16.15027230738432], [108.23797296953857, 16.150262674106845], [108.23799071436025, 16.1502513285853], [108.2380073182873, 16.15023837060851], [108.23808997503433, 16.150167383049297], [108.23825257732092, 16.150035330283224], [108.23826922424095, 16.15002037463733], [108.2382843000887, 16.150003836496406], [108.23829765516999, 16.149985880074322], [108.23830915687685, 16.149966683667635], [108.23834937851213, 16.149891268101495], [108.23835575599318, 16.149882646691918], [108.23835857673556, 16.14988151226292], [108.23847414943208, 16.149870579710548], [108.23849357148657, 16.149867882638347], [108.23851268424615, 16.14986350167715], [108.23869768424613, 16.149812501677147], [108.23872184397092, 16.14980433956413], [108.23896784397093, 16.149705339564132], [108.23898780878092, 16.149696145480615], [108.23900677919389, 16.149685043758183], [108.23902457348996, 16.14967214074159], [108.23916049018277, 16.14956304971183], [108.23919610566303, 16.14954390639119], [108.23932112050105, 16.149514682143344], [108.23932539868862, 16.149513637705244], [108.23943539868861, 16.149485637705244], [108.23945538328717, 16.14947954797437], [108.2394747155144, 16.149471627495135], [108.23949322806811, 16.149461944811826], [108.2395107607396, 16.149450583718934], [108.23952716180013, 16.149437642536018], [108.23954228931395, 16.149423233256822], [108.2396330796603, 16.149328316076552], [108.23966264341831, 16.14930972443491], [108.23968098286487, 16.149317256707608], [108.23975354293187, 16.149384679778706], [108.23981330413433, 16.14945656644254], [108.23982861267457, 16.14947320117115], [108.23984551603888, 16.14948821256266], [108.23986384294352, 16.14950144850489], [108.23988340767981, 16.149512774876502], [108.23990401199602, 16.14952207690606], [108.2399254471062, 16.149529260335004], [108.24000761935743, 16.149552268565348], [108.24009585681061, 16.14959354092248], [108.2401095959348, 16.14960342638988], [108.24015506812081, 16.149711260430994], [108.24016787805822, 16.149736924121257], [108.2403704973432, 16.1500852363207], [108.24044183091266, 16.150255695759384], [108.24045137187345, 16.150275669156926], [108.24046283274727, 16.150294606287478], [108.2404761021943, 16.150312323181048], [108.24053910219429, 16.150388323181048], [108.24055439578376, 16.150404987801004], [108.24057128807577, 16.150420029539866], [108.24058960771862, 16.15043329581754], [108.24064960771862, 16.150472295817536], [108.24067156575734, 16.150484868485197], [108.24069356575733, 16.150495868485198], [108.24071846631401, 16.15050649432079], [108.24073246631401, 16.150511494320792], [108.24075135837472, 16.15051731753664], [108.24077068934862, 16.150521456769457], [108.24095468934863, 16.150552456769457], [108.24096306997328, 16.15055370662091], [108.24134044771458, 16.150602728729464], [108.24150628586625, 16.150673326496843], [108.24156835437896, 16.150755437966776], [108.24159537246243, 16.150905265520542], [108.24159279836722, 16.15095460234517], [108.2415690550472, 16.15101037153872], [108.24153698609948, 16.151071042520922], [108.24152453055012, 16.151094037381238], [108.24151506515322, 16.151113746606747], [108.2415075611776, 16.15113428285905], [108.24150208974933, 16.151155451486343], [108.24149870272905, 16.151177051842875], [108.24149743222044, 16.15119887919078], [108.24149829026598, 16.151220726640666], [108.24150126873272, 16.151242387112607], [108.24150256555937, 16.151249303521414], [108.24150251057195, 16.15125129937624], [108.24150459598258, 16.151276171116066], [108.24150942842606, 16.151300657844498], [108.24151616431091, 16.151326989030764], [108.24152348915274, 16.151401865191595], [108.24152657601581, 16.151422993634878], [108.24153165553689, 16.151443733410787], [108.24153868179651, 16.15146389702938], [108.2415475912765, 16.151483302209243], [108.24155830343413, 16.151501773525332], [108.24157072143028, 16.15151914399484], [108.24158473300484, 16.151535256586733], [108.24159968903174, 16.15154946915287], [108.24159434326543, 16.15156094849452], [108.24158624850809, 16.151585229461514], [108.24158096908356, 16.15161027378485], [108.24156896908356, 16.15168927378485], [108.24156666481606, 16.15171256397158], [108.24156679690131, 16.151735967496954], [108.2415693639048, 16.151759230191114], [108.24157433794807, 16.151782099413666], [108.24158166501138, 16.151804326797446], [108.24159126552047, 16.151825670945872], [108.24160303521067, 16.151845900054575], [108.24162003521067, 16.151871900054573], [108.2416308195971, 16.15188699380519], [108.24164281290308, 16.15190114601031], [108.24167781290308, 16.15193914601031], [108.24169355607742, 16.151954635615088], [108.24171074457345, 16.15196850396027], [108.24172921215556, 16.151980616920497], [108.24174878021763, 16.151990857347315], [108.24183478883026, 16.1520306092271], [108.24189397600878, 16.15208617270082], [108.24200552894803, 16.152227899795754], [108.24200573276016, 16.15222815834724], [108.24209573276016, 16.15234215834724], [108.2421096194529, 16.15235813782057], [108.2421249491131, 16.152372738687724], [108.24214158551632, 16.15238583120054], [108.24215938082592, 16.152397299014606], [108.24231638082593, 16.152488299014607], [108.24233568670748, 16.15249827387225], [108.24235586626327, 16.152506336153298], [108.24237673055605, 16.152512410372175], [108.24239808423746, 16.15251643965715], [108.24241972737717, 16.152518386282804], [108.24244145733464, 16.15251823202327], [108.24245427222124, 16.152517520085123], [108.24255707933489, 16.152516568167403], [108.24255866608765, 16.152516547868494], [108.24276820583519, 16.152513126811392], [108.2427984293794, 16.152522374313726], [108.24283527263006, 16.15257136369096], [108.24293420194616, 16.152755353727443], [108.24294484847562, 16.1527731349764], [108.24295708884448, 16.15278985905408], [108.24297081881002, 16.15280538353315], [108.24298592144368, 16.152819576202408], [108.24317392144367, 16.152980576202406], [108.24318794015437, 16.15299164631187], [108.24320279432432, 16.153001567259818], [108.2435352319499, 16.153204960974183], [108.24354180361149, 16.153218651935838], [108.24355909248462, 16.15325611116094], [108.2435673043581, 16.153272174412557], [108.24357677907365, 16.153287526698495], [108.24366777907365, 16.153422526698495], [108.24368006173184, 16.153439058665047], [108.24369380724433, 16.153454395890908], [108.2437089000087, 16.15346840938705], [108.2437252130919, 16.153480981297275], [108.2438452130919, 16.153564981297276], [108.24386069653092, 16.15357490077189], [108.24387693959093, 16.15358352027661], [108.24408179321549, 16.153681698972242], [108.24419608115846, 16.153754427663234], [108.24428669698027, 16.153888447702215], [108.24429455841181, 16.153901025992667], [108.24429591712969, 16.153903172825334], [108.24438691712969, 16.154045172825334], [108.24439903911983, 16.154062275205053], [108.24441270294297, 16.15407817281411], [108.24442778954834, 16.154092727139084], [108.24444416748864, 16.154105811370364], [108.2444616940654, 16.154117311507058], [108.2445766940654, 16.154185311507057], [108.24457832525832, 16.154186266796007], [108.24462832525832, 16.154215266796008], [108.24464894466828, 16.154225843846252], [108.24485591722984, 16.154318855807116], [108.24495075598101, 16.15441814012474], [108.2451370179936, 16.15462805445639], [108.24514150245716, 16.154632960186174], [108.24522962506143, 16.15472654171283], [108.2452458107234, 16.154761376072305], [108.24524932897715, 16.154788202757125], [108.24524982735278, 16.154791779570868], [108.24525882735277, 16.15485277957087], [108.2452631524761, 16.15487456777231], [108.24526960890971, 16.154895822110188], [108.24527813348713, 16.154916334642788], [108.24528864280818, 16.154935904685836], [108.24530103405496, 16.1549543407759], [108.24535403405497, 16.1550253407759], [108.24536765266637, 16.15504187660533], [108.24538278484076, 16.15505703963701], [108.24539929289334, 16.15507069190538], [108.24541702662046, 16.155082709191017], [108.24543582466627, 16.15509298215092], [108.24545551599091, 16.155101417313357], [108.24547592142673, 16.15510793792838], [108.24549685530853, 16.15511248466615], [108.24551812716287, 16.155115016156753], [108.24553954344115, 16.15511550936663], [108.24562054344115, 16.155113509366632], [108.2456404664274, 16.155112129214853], [108.24566018803083, 16.155108984606994], [108.24567955229739, 16.15510410040992], [108.24569840609877, 16.155097515246766], [108.24570340609877, 16.155095515246764], [108.2457215936349, 16.1550872845945], [108.24576447098825, 16.155065535212366], [108.24580853447301, 16.155084419562975], [108.24581172604448, 16.155085758364347], [108.24594572604448, 16.155140758364347], [108.2459670170728, 16.15514827045889], [108.24598895476518, 16.155153606853187], [108.24601131740127, 16.155156713613245], [108.24603387896589, 16.155157559339596], [108.24617168257733, 16.15515579262663], [108.24638938451037, 16.155188447916583], [108.24658244630952, 16.15526263370052], [108.24659913752252, 16.155268306222425], [108.24661622224659, 16.155272652059473], [108.24683028964874, 16.15531824048771], [108.24716173052018, 16.1553949453751], [108.24740686960544, 16.155492625317123], [108.24742713786003, 16.155499600410028], [108.24744797877567, 16.15550461142797], [108.24746897877567, 16.155508611427965], [108.24746971463469, 16.155508750320625], [108.2477193354771, 16.155555435134662], [108.24779603280018, 16.155578902226054], [108.24784340544731, 16.155619814966766], [108.24785622879993, 16.155631525440075], [108.24786822879993, 16.155641525440075], [108.24788507727808, 16.15565427225401], [108.24790304902508, 16.155665379404496], [108.24792198499057, 16.155674748592997], [108.24803398499057, 16.155723748592997], [108.24805574637932, 16.155731954735185], [108.24807823976303, 16.155737866291545], [108.24810122390846, 16.155741419862814], [108.2481244523191, 16.155742577338245], [108.24814767587877, 16.155741326304337], [108.24817064552336, 16.155737680177978], [108.24819311491187, 16.155731678062523], [108.24821484306837, 16.155723384328454], [108.24826684306836, 16.15570038432845], [108.24828509773566, 16.155691297910124], [108.24830245298347, 16.15568059317988], [108.2483187657323, 16.155668358389256], [108.24832710833064, 16.15566148801415], [108.24846158435916, 16.155671388089868], [108.24863271852115, 16.155696245565913], [108.24863347223105, 16.15569635373896], [108.24873944702618, 16.15571138001588], [108.24891428432561, 16.15578357651266], [108.24893850852317, 16.15579199533264], [108.248963534586, 16.15579759751584], [108.249042534586, 16.15581059751584], [108.249045047603, 16.155810996441826], [108.249130047603, 16.155823996441825], [108.24915110557907, 16.155826207313336], [108.24917227817568, 16.155826425170716], [108.24919337718629, 16.1558246480774], [108.24921421505844, 16.155820891830246], [108.24923460656105, 16.155815189819126], [108.2492543704308, 16.155807592730124], [108.24932516172952, 16.15577647567575], [108.24933714217886, 16.15577298613813], [108.24935916437616, 16.155763947279365], [108.24938010609266, 16.15575262815165], [108.24938840228127, 16.15574755825861], [108.2493924806636, 16.155745522910205], [108.24941197372573, 16.15573314479535], [108.24951635101422, 16.155659070590612], [108.2495972234739, 16.15562452313211], [108.24960943424261, 16.155618868485224], [108.24961366182265, 16.155616754695203], [108.24970073318201, 16.155579304648167], [108.24972192426442, 16.155568836262056], [108.24974189776255, 16.15555619868103], [108.24976043243845, 16.15554153188619], [108.2497773229914, 16.15552499833538], [108.24979238233195, 16.15550678116371], [108.2498054436542, 16.155487082155034], [108.24986392070728, 16.155387925412832], [108.24989823382337, 16.15535400221852], [108.24996703252913, 16.155325857293438], [108.2499730664472, 16.155323285380973], [108.2501060664472, 16.155264285380973], [108.25012884297227, 16.155252584511548], [108.25015013948672, 16.155238366955086], [108.2502766458372, 16.155143053951292], [108.2504047271786, 16.15508444045608], [108.25063375497628, 16.155045381451824], [108.2508857748286, 16.15500237806524], [108.25091161924762, 16.154996378217973], [108.25093657572236, 16.154987372301566], [108.2511610466154, 16.15489102859969], [108.25117650795124, 16.15488466216728], [108.25119478950279, 16.154876155528562], [108.251212234366, 16.154866043418156], [108.2513609114894, 16.15477069613249], [108.25163662332758, 16.154714577793747], [108.2517129098424, 16.154714577793747], [108.25181375079156, 16.15471555683209], [108.25186468199465, 16.154716536278304], [108.25188240048573, 16.154715604077296], [108.2523249996634, 16.154717575565837], [108.2523270745226, 16.154717575223135], [108.25274507452261, 16.154715575223136], [108.25274535694075, 16.154715573694265], [108.25306820016532, 16.15471362297992], [108.25321006130737, 16.154723080389388], [108.25321565070412, 16.154723383101217], [108.25325111582916, 16.15472486081476], [108.2532688942121, 16.154727069187118], [108.2534468942121, 16.15473906918712], [108.25346943152833, 16.15473945480131], [108.25349189398003, 16.154737579278915], [108.25351405528258, 16.154733461513775], [108.25377005528259, 16.154672461513776], [108.25378672286662, 16.154667804473874], [108.25381296408234, 16.15465936979739], [108.25407819623574, 16.154578906110405], [108.25410062480492, 16.154570777849415], [108.25412206461804, 16.15456031631246], [108.25418434894884, 16.154525713906462], [108.25433563039884, 16.154443106272577], [108.25435359235016, 16.15443217665543], [108.25437045342518, 16.154419615111948], [108.25440945342518, 16.154387615111947], [108.25443117877921, 16.154367233527335], [108.25443253289666, 16.154365782687222], [108.2545128368916, 16.154304075406884], [108.25451761710049, 16.154300297969847], [108.25478453544189, 16.15408342681747], [108.25482880063764, 16.15405155587653], [108.25500503454758, 16.153925900308447], [108.25520363633328, 16.153901354020327], [108.25540039882566, 16.153898167583204], [108.25551093706765, 16.15392720729085], [108.25552012740856, 16.153929416044157], [108.25557512740856, 16.153941416044155], [108.25557673462067, 16.15394176055178], [108.25559941468542, 16.153946535302254], [108.25561822041182, 16.15395254039392], [108.25565722041182, 16.15396254039392], [108.25567692928206, 16.15396666210491], [108.25569692811023, 16.15396900196384], [108.25591992811023, 16.15398500196384], [108.25602980356705, 16.153992780858324], [108.25627447526772, 16.15401744534428], [108.25629727881248, 16.154018577620676], [108.25632007947551, 16.154017388726785], [108.25634264159567, 16.15401389095068], [108.2563647319773, 16.154008120444367], [108.2564627319773, 16.153977120444367], [108.25648367105072, 16.153969331360216], [108.25650373262131, 16.153959500388062], [108.25652271815656, 16.15394772481677], [108.25654043977258, 16.15393412117927], [108.25655672209346, 16.153918824099325], [108.25657140398674, 16.153901984959276], [108.25659740398675, 16.153868984959274], [108.25659827097948, 16.153867877428464], [108.25664027097947, 16.153813877428465], [108.25665363734998, 16.153794712199172], [108.25666494005232, 16.153774261898576], [108.2566740567336, 16.1537527479032], [108.25668156245807, 16.153732107160952], [108.25670769550368, 16.15371008955559], [108.25687689195394, 16.15369648284805], [108.25697389730304, 16.153728356034186], [108.25699287174612, 16.15373368033085], [108.25701223990383, 16.15373732067321], [108.25713018627498, 16.153754170154798], [108.25718813412017, 16.15376300965661], [108.25720910037018, 16.153765207013706], [108.25723018028587, 16.153765428760117], [108.2572511881206, 16.153763672941913], [108.25727193876283, 16.15375995503057], [108.25729224936728, 16.153754307786638], [108.25731194096612, 16.153746780971076], [108.2573308400459, 16.153737440906774], [108.25734878007647, 16.153726369894144], [108.25736560297841, 16.153713665485945], [108.25746660297841, 16.153629665485944], [108.25747088551199, 16.15362601201373], [108.257486885512, 16.15361201201373], [108.25750446762149, 16.153594840876195], [108.25758246762149, 16.153509840876197], [108.25759544617003, 16.153494353033874], [108.25760698004414, 16.15347776129707], [108.25761697586722, 16.153460199990086], [108.25762535271456, 16.153441811286733], [108.25763204276838, 16.1534227440593], [108.25766004276838, 16.1533297440593], [108.257664988766, 16.153310167779278], [108.25766630295114, 16.153301894722702], [108.2577701957066, 16.153279562635078], [108.2577917542387, 16.153273794387452], [108.25781263382878, 16.153265914939194], [108.25783262829275, 16.153256002099155], [108.25795062829275, 16.153190002099155], [108.25796871727019, 16.153178725429598], [108.25798565563314, 16.15316578455474], [108.25800129078259, 16.153151296059903], [108.25801548186033, 16.15313539047303], [108.25810253612616, 16.153027961804565], [108.25812669092943, 16.153003505066245], [108.25820761516972, 16.152987101504024], [108.25822848164398, 16.15298181931884], [108.25824874658618, 16.1529745637454], [108.25826822383708, 16.152965401435363], [108.25828673447342, 16.152954416556184], [108.25830410845148, 16.152941710017927], [108.25832018616921, 16.152927398546286], [108.25833481993237, 16.1529116136103], [108.25834787531124, 16.15289450021465], [108.25842711855296, 16.15277959751416], [108.25848123522613, 16.152703087734864], [108.25850322806838, 16.152691924701298], [108.2585502902929, 16.15272883624995], [108.2585901876111, 16.152760948725575], [108.25860641147214, 16.15277284989744], [108.25862363542586, 16.152783251194332], [108.2587008036453, 16.152825254149214], [108.25874999069698, 16.152853223257036], [108.258753855762, 16.1528553709647], [108.25878885576199, 16.152874370964703], [108.25880877850446, 16.152883948293447], [108.25882954629168, 16.152891520605298], [108.25885095791513, 16.152897014535966], [108.25887280592846, 16.152900376857556], [108.25889487865739, 16.152901574994235], [108.25891696225041, 16.15290059733787], [108.25894677788723, 16.152897802121917], [108.25899858994016, 16.15289396419207], [108.25903879616158, 16.152890948820943], [108.25906080353832, 16.152888200069754], [108.259082432475, 16.152883294016124], [108.25910347203063, 16.152876278507424], [108.25912371701234, 16.152867221963945], [108.25914296997647, 16.152856212711626], [108.25916104315422, 16.152843358120624], [108.25917776028297, 16.152828783558178], [108.25919295832522, 16.152812631165915], [108.25921573564844, 16.152785892569096], [108.259221154395, 16.152779570698097], [108.25927879457684, 16.1527129863501], [108.25929586001938, 16.15269057334626], [108.25930186001938, 16.15268157334626], [108.25930626354578, 16.15267470064357], [108.25939426354579, 16.152531700643568], [108.25940572562168, 16.152510630780593], [108.25941487518973, 16.152488458642356], [108.25942160788006, 16.15246543714826], [108.25943738535031, 16.152398382899673], [108.2594585984473, 16.15231160204837], [108.25945888517603, 16.152310526815636], [108.25950914308541, 16.152180170363184], [108.25966832503548, 16.151947324425564], [108.25974107450375, 16.151879549279908], [108.2598998539785, 16.151805563032518], [108.25991909622509, 16.15179543535578], [108.25993726881046, 16.151783494207137], [108.25995420136518, 16.15176985153581], [108.25997220136517, 16.151753851535812], [108.25997323462352, 16.151752927359475], [108.26007290407563, 16.151663224852577], [108.26010057235207, 16.15163852103432], [108.260119914113, 16.15161899732386], [108.26013672634464, 16.15159725731802], [108.26027472634463, 16.15139425731802], [108.26028509590931, 16.15137746040286], [108.26029395042927, 16.151359817792315], [108.26033416708488, 16.151270048471783], [108.2603876963148, 16.151231692881836], [108.26051683082751, 16.151189445170886], [108.26053933846985, 16.151180716370696], [108.26056077912772, 16.151169622043014], [108.26058090505119, 16.151156290384417], [108.26059948368227, 16.151140875444156], [108.26061630034219, 16.151123555344117], [108.2607113003422, 16.15101455534412], [108.26072371086046, 16.15099897101439], [108.26073469143174, 16.150982348158106], [108.26090769143174, 16.150693348158104], [108.26091623810159, 16.150677691583972], [108.26092351524686, 16.150661406098536], [108.26092618463709, 16.15065473262296], [108.260980748593, 16.150530015009437], [108.26104980833837, 16.150371878324997], [108.26105502109704, 16.15035884583302], [108.26111799390651, 16.150185920499062], [108.26116796666744, 16.150048995134107], [108.26117343538066, 16.150031924214197], [108.26117752518164, 16.15001447151645], [108.26120352518163, 16.14987947151645], [108.26120369497362, 16.14987858021243], [108.26125546268922, 16.149603813106552], [108.26125921664476, 16.14958504332884], [108.26126157021686, 16.149570961375346], [108.2612895073721, 16.14936342822212], [108.26129101841124, 16.149352548740325], [108.26132548532028, 16.149260636982863], [108.26144544171362, 16.149119688220715], [108.26159574900106, 16.14900158963771], [108.26161087379998, 16.148988578846808], [108.26162478420935, 16.148974277073034], [108.26163737044666, 16.148958797187618], [108.26164853317988, 16.14894226135957], [108.26165818431144, 16.148924800091528], [108.26172054243833, 16.148799094026234], [108.26174088397524, 16.148759379597024], [108.2617418684852, 16.14875743424264], [108.2617518684852, 16.14873743424264], [108.2617547969159, 16.14873135042403], [108.2618547969159, 16.148515350424027], [108.26186429604545, 16.148491285008657], [108.26187096430185, 16.148466286768006], [108.26187738112033, 16.148435119363945], [108.26189372519062, 16.148364936003293], [108.26189409520738, 16.14836332013326], [108.26194609520738, 16.14813232013326], [108.26194969534713, 16.14811201668155], [108.26195141806556, 16.14809146860625], [108.26196099445303, 16.147837694338225], [108.26198220566232, 16.147684604740792], [108.26199293007484, 16.147615383532724], [108.26199540536221, 16.147589798798222], [108.26199494091819, 16.147564098798632], [108.26197585175964, 16.147311167447867], [108.26198412775973, 16.147055439045047], [108.26204126752079, 16.1469184601658], [108.26204148811935, 16.14691792942319], [108.26207406751408, 16.146839262104237], [108.2621138600194, 16.14677957334625], [108.26211498643137, 16.146777866948618], [108.26217220368405, 16.146690324552036], [108.26235241169019, 16.146630255216657], [108.2623745091785, 16.1466238574232], [108.2626105091785, 16.1465408574232], [108.26263243841966, 16.146531817200106], [108.26265329186585, 16.146520514499844], [108.26267283689161, 16.14650707540689], [108.26276783689161, 16.14643407540689], [108.26278530506129, 16.14641917209782], [108.26280116013764, 16.14640256300011], [108.26281523637293, 16.146384421744003], [108.26282738661526, 16.146364937976802], [108.26283748384694, 16.146344315380322], [108.26290848384694, 16.146178315380322], [108.26291543700314, 16.146159855788117], [108.26292074351205, 16.146140857264786], [108.2629243624344, 16.146121466382223], [108.2629843624344, 16.14569746638222], [108.26298653893693, 16.145670177468595], [108.26299050103445, 16.145457214727088], [108.26299335544105, 16.145379574867516], [108.26303044062412, 16.145316066491507], [108.26319884157004, 16.145146893064183], [108.26336014064145, 16.14507453460224], [108.26355856295868, 16.14501797496976], [108.2635603682905, 16.14501745218774], [108.2636113682905, 16.145002452187743], [108.2636149859399, 16.145001355007643], [108.2637109859399, 16.14497135500764], [108.2637310251272, 16.144964030946188], [108.26375027885518, 16.144954838293522], [108.26376857334621, 16.14494386001942], [108.26377063118565, 16.144942488126468], [108.26392958169225, 16.14484594763472], [108.26395031753079, 16.144831705039838], [108.26414831753078, 16.14467870503984], [108.26416603949167, 16.14466347443327], [108.26418208290909, 16.14464648478842], [108.26419627408809, 16.144627920044606], [108.2643511611302, 16.14440182056936], [108.26449967904429, 16.144283854911873], [108.26451801821578, 16.14426757891128], [108.26453447366603, 16.14424940058453], [108.26454884923106, 16.144229536633862], [108.26461384923107, 16.14412853663386], [108.26462455787188, 16.144110013791373], [108.26463345524262, 16.14409055595295], [108.26464046058702, 16.144070339726003], [108.26464551032167, 16.144049548601412], [108.2646485586131, 16.144028371288044], [108.26464957779375, 16.144007], [108.26464957779375, 16.143954], [108.2646495392958, 16.143949841864906], [108.2646485392958, 16.143895841864904], [108.2646468905363, 16.14387252284078], [108.26464282662498, 16.14384950154805], [108.26462519666137, 16.14377310503912], [108.2646245665042, 16.14377017930942], [108.2646570563008, 16.143673870269474], [108.26470118587804, 16.143577505682476], [108.26470197955452, 16.143575752752962], [108.26477679421261, 16.143408613623162], [108.2648643199817, 16.143328754344793], [108.26511814953052, 16.143252521708018], [108.2652076962648, 16.143226936926798], [108.26520802386703, 16.143226843057253], [108.26538202386703, 16.14317684305725], [108.26540148761597, 16.143170272439388], [108.26542026952677, 16.14316195075876], [108.26543821244398, 16.14315194764605], [108.26545516623233, 16.143140346801147], [108.26547098903298, 16.143127245292767], [108.26548554845046, 16.14311275274626], [108.26555154845046, 16.14304075274626], [108.26556489089104, 16.143024769048573], [108.26557669573286, 16.143007618391973], [108.26558686151124, 16.142989448189375], [108.26559530084951, 16.14297041461688], [108.26560194121006, 16.142950681271397], [108.26560672551786, 16.142930417764507], [108.26560961265089, 16.14290979826463], [108.26560966177736, 16.142908739618022], [108.26561968197039, 16.14284694842762], [108.26562191313552, 16.1428282653755], [108.2656225725213, 16.142809461127445], [108.2656216554991, 16.142790667681655], [108.26562065549909, 16.14277966768166], [108.26561730707414, 16.14275641125686], [108.26561154712556, 16.142733631962827], [108.26560343870285, 16.142711579146102], [108.2655930705624, 16.142690494201055], [108.26558055619584, 16.142670607927553], [108.26555342823514, 16.142632124076314], [108.26554438764572, 16.142608808872026], [108.26554189121052, 16.142602389166516], [108.2655672384351, 16.142497982741457], [108.2655676757401, 16.14249614788497], [108.26562761772597, 16.142239874177253], [108.26569162031326, 16.142142254069363], [108.26570284088447, 16.142137529618328], [108.26573352592683, 16.142125063819865], [108.26578773250253, 16.142102979778972], [108.26580466984447, 16.142095245919236], [108.26582090831864, 16.1420861355902], [108.26597490831864, 16.1419911355902], [108.2659815733462, 16.141986860019436], [108.26598882714359, 16.141982024154515], [108.26616205948986, 16.141871155452897], [108.26617723663038, 16.141860535055343], [108.26619148687783, 16.141848699985143], [108.26620471327988, 16.14183573076282], [108.26628171327988, 16.141753730762822], [108.26628256914563, 16.14175281420665], [108.26631562061688, 16.14171722031454], [108.2663699529054, 16.14166714938197], [108.26640657968068, 16.14165759457103], [108.26646146811558, 16.141643872462303], [108.26648747029641, 16.14163566572643], [108.2667714702964, 16.14152666572643], [108.2667781489849, 16.1415239788392], [108.26678686204873, 16.14152031018074], [108.26680061872965, 16.14151560869704], [108.26686852593414, 16.14148949054146], [108.26702010686843, 16.141447384726384], [108.26703880475135, 16.141441297400384], [108.26705689846982, 16.141433597808458], [108.26707424930653, 16.14142434498029], [108.26716224930654, 16.14137234498029], [108.26718059333678, 16.141360257254995], [108.26719766857543, 16.141346435070915], [108.2672133116288, 16.14133101069314], [108.26729012717398, 16.14124747378774], [108.26733614168145, 16.14120145928027], [108.26752330249691, 16.1410971839688], [108.2675405817771, 16.14108650536152], [108.26755682550198, 16.141074309149868], [108.26757190078298, 16.141060695110067], [108.26766090078299, 16.14097269511007], [108.26766180048088, 16.140971800480855], [108.26769680048088, 16.140936800480855], [108.26771058790773, 16.14092169620576], [108.26772294415453, 16.140905400334184], [108.26773376675747, 16.140888047999148], [108.26774296597043, 16.140869783094374], [108.26775046550921, 16.14085075708104], [108.26775620318412, 16.140831127731786], [108.26778420318412, 16.140716127731785], [108.26778854763798, 16.140693128628897], [108.26779047475277, 16.140669802265236], [108.26779439219669, 16.140540526615734], [108.26783284547933, 16.1404423846556], [108.26787668379842, 16.14041243570493], [108.26805407865348, 16.14029120103403], [108.26812061872964, 16.140265608697046], [108.2681212589635, 16.14026536132951], [108.26833200865912, 16.140183563502447], [108.26841341849993, 16.1401591405502], [108.26842970277794, 16.140154273984358], [108.26843065384921, 16.14017519755228], [108.26843079077078, 16.140175191328574], [108.26843200826725, 16.140195643433927], [108.26843674404742, 16.140221910534017], [108.26844474404743, 16.140254910534015], [108.26845094391648, 16.14027594188857], [108.26845916513803, 16.140296268417227], [108.26846932934606, 16.140315696364258], [108.26848133965373, 16.140334040539365], [108.26849508157686, 16.140351126082944], [108.26851042412525, 16.14036679013286], [108.26852722105127, 16.14038088337688], [108.26861022105126, 16.140443883376882], [108.26862783458454, 16.140455976752605], [108.26864651762698, 16.14046634160748], [108.26866610107928, 16.140474884129734], [108.26868640769266, 16.140481527001434], [108.26870725367296, 16.140486210098288], [108.26872845034428, 16.14048889103383], [108.26874980585666, 16.14048954554304], [108.26886780585666, 16.140487545543042], [108.26888807743933, 16.140486283367853], [108.26890815208272, 16.140483194866054], [108.26892786558804, 16.14047830529977], [108.26894705671042, 16.140471654662775], [108.26915305671042, 16.140389654662773], [108.26917320061821, 16.140380461319165], [108.26919234128385, 16.140369328956112], [108.26921029263553, 16.140356365794435], [108.26926919538009, 16.140309243598793], [108.26935213803516, 16.140300276825272], [108.26935923525541, 16.140299395018523], [108.26953723525541, 16.140274395018523], [108.26955819975157, 16.140270427039034], [108.26957869306484, 16.14026448742026], [108.26961605436213, 16.140251705923816], [108.26977641435731, 16.14019792058382], [108.26979695716322, 16.140189887934188], [108.26981661289102, 16.14017987880337], [108.26983519192886, 16.140167989745894], [108.26985251505138, 16.140154335451285], [108.26986841514854, 16.14013904763767], [108.26988273883777, 16.140122273781166], [108.26989534794349, 16.14010417569321], [108.26990612083017, 16.14008492795964], [108.26998512083017, 16.13992592795964], [108.2699933557361, 16.139907273373268], [108.26999986463201, 16.139887948737627], [108.27000459385599, 16.139868113372515], [108.27002559385599, 16.139758113372515], [108.27002616051897, 16.13975502832687], [108.27003216051897, 16.13972102832687], [108.27003479550487, 16.13970072851967], [108.27003557115421, 16.13968027311229], [108.27003448102278, 16.139659832052228], [108.27003153416756, 16.139639575167784], [108.27002675507161, 16.139619670757092], [108.2699903693402, 16.139493720148366], [108.26995921664474, 16.13933795667105], [108.26995389881182, 16.139316779710825], [108.26994654962914, 16.139296219251076], [108.26993723856549, 16.13927646964134], [108.26992605363449, 16.13925771756653], [108.26991310056269, 16.13924014028226], [108.26989203598194, 16.139214288296802], [108.26984695618019, 16.139157448546758], [108.26983136892618, 16.13913978361102], [108.26981401689726, 16.13912384875818], [108.26979509104332, 16.139109819342842], [108.26977479963331, 16.13909784975127], [108.26975336596345, 16.139088071702464], [108.26964936596345, 16.139047071702464], [108.26963150879111, 16.139040886538513], [108.2696131948278, 16.13903622460709], [108.26948173975076, 16.13900859392211], [108.2693558628419, 16.138949548567954], [108.26928277806846, 16.13886153249671], [108.26927256488045, 16.138850055348314], [108.26922338204594, 16.138798453685865], [108.269203182302, 16.13876950071955], [108.269200117581, 16.13876549421715], [108.26921789784888, 16.138772185715816], [108.26923850350518, 16.138778825610892], [108.26925965275444, 16.138783450601025], [108.26928114906211, 16.138786017707364], [108.26930279266848, 16.13878650307445], [108.26932438244508, 16.138784902191883], [108.26934571776361, 16.13878122993626], [108.26946271776362, 16.138755229936258], [108.26948334784463, 16.13874960257931], [108.26950334918784, 16.138742038608214], [108.26952254045234, 16.13873260660123], [108.26954074764177, 16.13872139207305], [108.26963874764178, 16.138654392073054], [108.26965831586276, 16.138639372690747], [108.2696761187927, 16.138622297773395], [108.26973014452972, 16.138564458454944], [108.26979444560833, 16.13855536537312], [108.26981532379655, 16.138551397357492], [108.26983573342848, 16.138545473607362], [108.26983750197567, 16.138544773070446], [108.26983936884983, 16.138544388450047], [108.26986101378584, 16.13853759210494], [108.26988186258733, 16.138528646656987], [108.2699017024912, 16.138517643394923], [108.26995470249119, 16.13848464339492], [108.26997225429886, 16.138472521571487], [108.26998857687883, 16.138458789203195], [108.27000153327806, 16.13844559620892], [108.27000518777186, 16.13844302916471], [108.27002231258324, 16.138428213399372], [108.27003785835764, 16.138411748437626], [108.2700516670438, 16.138393801675974], [108.27006359825111, 16.138374555576124], [108.270073530677, 16.138354205809954], [108.27011453067699, 16.13825820580995], [108.27012105320205, 16.138241017734003], [108.27015105320204, 16.138151017734003], [108.27015752185805, 16.13812738501113], [108.2701613774623, 16.138103188246536], [108.27016257412008, 16.138078715463468], [108.2701610975871, 16.138054257970722], [108.27015509758711, 16.138002257970722], [108.27015145903441, 16.137980324873755], [108.2701456696309, 16.1379588590261], [108.27013778611679, 16.13793807080796], [108.27012788575595, 16.13791816395829], [108.2701160655788, 16.137899333578034], [108.27010244143129, 16.137881764217976], [108.2700871468395, 16.137865628070042], [108.27007033170104, 16.13785108327967], [108.27005216081594, 16.137838272395896], [108.27002216081594, 16.137819272395898], [108.2700032815983, 16.13780855743145], [108.26998345606779, 16.13779971527895], [108.2699628694619, 16.137792828554034], [108.26994171412926, 16.13778796160202], [108.26992018773224, 16.137785159896712], [108.26989849140024, 16.137784449615516], [108.26987281465732, 16.137784850814626], [108.26999981976827, 16.13759942335263], [108.27014490929372, 16.13741661055057], [108.270152385173, 16.137406634346416], [108.27021111622429, 16.137323551395824], [108.2702257715324, 16.13732084580048], [108.27023100771515, 16.137319814639163], [108.27027400771516, 16.137310814639164], [108.270294758968, 16.137305425804506], [108.27031490179581, 16.137298082745126], [108.27033425262177, 16.137288852383897], [108.27035263508712, 16.13727781884408], [108.27036988165857, 16.13726508268268], [108.27038583515501, 16.13725075997398], [108.27046883515501, 16.137168759973978], [108.27048231767294, 16.137154208265546], [108.27049446345086, 16.137138523540898], [108.2705051777189, 16.13712182818321], [108.2705143768769, 16.137104252461313], [108.2705513768769, 16.137025252461314], [108.27056056516982, 16.137002465398822], [108.27057556516982, 16.136958465398823], [108.2705810407364, 16.136939790544872], [108.27058487897374, 16.136920711762585], [108.27058705105942, 16.1369013723199], [108.27058754068266, 16.136881917442146], [108.27058654068266, 16.136826917442146], [108.27058496526784, 16.13680413599466], [108.2705810844962, 16.13678163230845], [108.27057493849311, 16.136759639061133], [108.27056659080537, 16.136738383652624], [108.27055612774419, 16.136718085853925], [108.27054365749271, 16.136698955534804], [108.27052930898753, 16.136681190493835], [108.2705132305855, 16.13666497441325], [108.27049558852978, 16.136650474959758], [108.27044558852978, 16.136613474959756], [108.27042828152221, 16.13660187037439], [108.27040997344149, 16.13659191984212], [108.2704027696093, 16.136588831352416], [108.27042362743046, 16.136567973531264], [108.27049380985915, 16.13651826097761], [108.2705116433006, 16.136504223642657], [108.27052796890827, 16.136488458080812], [108.27060096890827, 16.136410458080814], [108.27061497697092, 16.13639396489794], [108.27062733265782, 16.136376200104067], [108.2706379212562, 16.136357328631284], [108.27064664445923, 16.136337525686322], [108.27070445168582, 16.136187027561945], [108.27073425651095, 16.136110528510784], [108.27073527874094, 16.13610785452781], [108.27075627874093, 16.13605185452781], [108.27076488694519, 16.136023236348077], [108.27079272361135, 16.135901948016922], [108.27079694331697, 16.135884095416237], [108.27082899968809, 16.135833247379285], [108.27086785005193, 16.1357834175648], [108.27088958963772, 16.135755749001067], [108.2709023567426, 16.13573774439729], [108.2709132948084, 16.13571857349641], [108.2709222981819, 16.13569842147443], [108.2709292798975, 16.13567748298424], [108.27093417251724, 16.13565596027539], [108.27093692878225, 16.135634061240538], [108.27094492878224, 16.135529061240536], [108.27094553167026, 16.13551655131765], [108.27094769297295, 16.135409927052194], [108.27097911671291, 16.135332319936843], [108.27108470030011, 16.135235596510803], [108.27109408502086, 16.135226482591683], [108.27111499799948, 16.135204954525463], [108.27113091401061, 16.13519231339947], [108.2711680385233, 16.135158626341664], [108.27132729719759, 16.135064316735665], [108.27152927707442, 16.13494508632379], [108.27176842726153, 16.13487701361135], [108.271944371966, 16.13482702932031], [108.27197376622537, 16.13481641829952], [108.27218876622537, 16.13472141829952], [108.27221193914666, 16.13470952792125], [108.27223357955903, 16.13469503454588], [108.27232093894328, 16.134628878895672], [108.2723333274123, 16.134635015419192], [108.27234976426794, 16.134641600496373], [108.27239476426794, 16.134657600496375], [108.27241929482054, 16.13466477881575], [108.2724444821466, 16.13466912333944], [108.27247, 16.13467057779375], [108.27254414455295, 16.134679843576336], [108.27256961679723, 16.13468156514821], [108.27259511984082, 16.134680384552745], [108.27262032409519, 16.134676317047376], [108.27273832409519, 16.134650317047374], [108.27276114539345, 16.13464401060639], [108.27278317591663, 16.1346353365704], [108.27280417079733, 16.134624391350584], [108.27288717079733, 16.134575391350584], [108.27290619335942, 16.134562816798034], [108.27292384272312, 16.134548378058437], [108.2729399369268, 16.134532223992466], [108.27295431004231, 16.134514521145494], [108.2729668138855, 16.134495452030535], [108.27303582164531, 16.134377563774194], [108.27312759044604, 16.134318216286307], [108.27328459619103, 16.134277329373546], [108.27330624488967, 16.13427050634833], [108.2733270942789, 16.134261532898893], [108.2733469313721, 16.13425050069337], [108.2735279313721, 16.134137500693367], [108.27354454621398, 16.134126059792578], [108.27356006737199, 16.134113174109196], [108.27357026780804, 16.134103900985508], [108.27367157221057, 16.134013571226586], [108.2737107196757, 16.133991387663013], [108.27371173017383, 16.13399081158513], [108.27374503245149, 16.13397171174941], [108.27377932762825, 16.133965888040148], [108.27385581622487, 16.133990655776195], [108.27387676192001, 16.13399633598219], [108.27389815808446, 16.13399996792822], [108.27391980491102, 16.13400151769751], [108.27394150025171, 16.134000970817603], [108.27396304150548, 16.133998332395517], [108.27409104150547, 16.13397633239552], [108.27410696010776, 16.133972998835354], [108.27420452041864, 16.133948850243552], [108.27421505558044, 16.13394659270888], [108.27423073216431, 16.13394231441531], [108.27430883453793, 16.133923029878616], [108.27433013378104, 16.133916636717966], [108.27435069631764, 16.133908168403632], [108.27437032052669, 16.133897707969655], [108.27438881398763, 16.13388535798335], [108.27448151702075, 16.133816578313624], [108.27450021933124, 16.133802797663776], [108.2745154024284, 16.13379055831242], [108.27452946643338, 16.133777047874773], [108.27471618335063, 16.13358139713373], [108.27474022656608, 16.133567526047894], [108.27488903726466, 16.13348163531398], [108.2749123017312, 16.133468279786893], [108.27502996578816, 16.133443153608063], [108.27550048925772, 16.13351394796495], [108.27563632673447, 16.133580241853124], [108.27564300198978, 16.13358771813907], [108.27565142842606, 16.133620657844503], [108.27565840467489, 16.133643005092697], [108.27566766941464, 16.13366450467751], [108.27567912196753, 16.13368492296789], [108.27573912196753, 16.13377992296789], [108.27575109655425, 16.133797060386076], [108.2757646128893, 16.13381301001039], [108.27577955383732, 16.13382763361806], [108.27579578991694, 16.133840804477856], [108.2758131804229, 16.133852408448366], [108.27583157464545, 16.133862344967156], [108.27596657464545, 16.133927344967155], [108.27598260947896, 16.13393431022079], [108.2759991375284, 16.13394000708179], [108.27615696771383, 16.133987620657287], [108.27621444997528, 16.134018228095204], [108.27621786714953, 16.13402001016549], [108.27622605508002, 16.134024191236374], [108.27625047253991, 16.1340522943506], [108.27639714577585, 16.134220918735295], [108.27650920556408, 16.13435119962731], [108.27654953236443, 16.13441457031356], [108.2765651863773, 16.13443621114585], [108.27657183258687, 16.13444433429088], [108.27660582437296, 16.134502831783248], [108.27660679762539, 16.13450449029607], [108.27665320286903, 16.134582799144688], [108.2766594730061, 16.134594085391438], [108.27666466849519, 16.13460971368067], [108.27667109248462, 16.134625111160933], [108.27673109248461, 16.134755111160935], [108.27674584454711, 16.13478205948987], [108.27679384454711, 16.134857059489867], [108.27679672688487, 16.134861449240816], [108.27682972688487, 16.134910449240817], [108.27684498387963, 16.134930563292134], [108.27686240201022, 16.134948837855763], [108.2768928359689, 16.134977369692017], [108.2768941974184, 16.13498326930654], [108.27689730729134, 16.13502784415201], [108.27688767932679, 16.135095239903805], [108.27688562983762, 16.13511734517313], [108.27688577285234, 16.13513954478764], [108.27688810697342, 16.1351616218168], [108.27689260939225, 16.135183360527947], [108.27691360939225, 16.135264360527945], [108.27692070879307, 16.13528682127716], [108.2769301218129, 16.135308414836498], [108.2769417448899, 16.135328903634125], [108.27695545014726, 16.135348062252756], [108.27697108680005, 16.13536567990971], [108.27698848281418, 16.135381562775937], [108.2770074467991, 16.1353955361085], [108.2770924467991, 16.1354515361085], [108.27709993663353, 16.13545626148967], [108.27748004242463, 16.13568572167852], [108.27750721193672, 16.135702470007892], [108.27752425127673, 16.13572985466147], [108.27755839130295, 16.13581861872963], [108.27756643852676, 16.13583703614468], [108.27757610015068, 16.135854660332928], [108.27758729879025, 16.135871350134007], [108.2775999447503, 16.1358869718715], [108.27761393674346, 16.135901400423602], [108.27768393674347, 16.135967400423603], [108.27770114173413, 16.13598205898041], [108.27771973303541, 16.135994913882495], [108.27773952232609, 16.13600583491567], [108.27776030914983, 16.136014711454944], [108.27778188294579, 16.136021453585094], [108.27784249363638, 16.136037095053634], [108.27793310902182, 16.136061718799677], [108.27795574360917, 16.136066631810824], [108.27797876384363, 16.136069187398416], [108.27824891237188, 16.13608513712702], [108.27841306130738, 16.136096080389386], [108.27841530836507, 16.136096218883786], [108.27848993290016, 16.136100442914074], [108.27848854850534, 16.136117469263585], [108.27848884876043, 16.136138835000764], [108.27849117823511, 16.13616007549101], [108.27849551584089, 16.136180998446214], [108.2785018223098, 16.136201414452877], [108.27851004055002, 16.136221138686853], [108.27854604055003, 16.136297138686853], [108.27855619607836, 16.136316160033175], [108.27856812900639, 16.13633411975478], [108.27858172932815, 16.136350852286547], [108.2785968716665, 16.136366203376443], [108.27861341642888, 16.136380031507525], [108.27863121109426, 16.136392209202523], [108.27865009161913, 16.136402624199036], [108.27866988394976, 16.136411180484437], [108.27869040562678, 16.136417799180972], [108.27874575517656, 16.13643275851875], [108.27875046076075, 16.13643485990383], [108.27876898434947, 16.136441260730116], [108.27878799545542, 16.136446022217992], [108.27882512354331, 16.13645361659961], [108.27884054000512, 16.13645733250847], [108.27885907949228, 16.136460190846], [108.27887779284802, 16.136461491996982], [108.2790749439496, 16.136466943179514], [108.27908394893275, 16.136468806279478], [108.27913591566045, 16.136479829524745], [108.2791624096201, 16.13649898669557], [108.27918905315181, 16.136515548091154], [108.27925905315182, 16.136552548091156], [108.27927803411171, 16.1365614730139], [108.27929776492643, 16.136568588211404], [108.27931807348993, 16.136573831619923], [108.27933878265668, 16.136577157502767], [108.27935971178681, 16.136578536849253], [108.27938067832174, 16.136577957627754], [108.27940149937665, 16.136575424890644], [108.27951146333811, 16.136556801961685], [108.27962135050036, 16.13655227719618], [108.279660222188, 16.136572109689872], [108.27990592286423, 16.136722365103417], [108.28002933393684, 16.136810651486126], [108.28004641497232, 16.13682173597222], [108.28006442979017, 16.136831227755092], [108.28008323029063, 16.136839048802813], [108.28010266191478, 16.136845134818557], [108.28012256491527, 16.13684943576919], [108.28014277566955, 16.136851916296607], [108.28015577566956, 16.136852916296604], [108.28016280244769, 16.136853346150783], [108.28022880244768, 16.136856346150783], [108.28025044560265, 16.136856285941654], [108.28027198245364, 16.136854142619043], [108.28029321297159, 16.13684993608961], [108.28031393997259, 16.136843705422585], [108.28038724783002, 16.136817755738537], [108.28046160276452, 16.136821198096616], [108.28068230956681, 16.136933162496316], [108.28088175181368, 16.137061034558908], [108.28109058507007, 16.13719503589842], [108.28115301310345, 16.13727325033103], [108.28120909879203, 16.137355999707623], [108.28122151445177, 16.13737261118469], [108.28123540952237, 16.13738800653433], [108.28125066551257, 16.13740205447155], [108.2812671523258, 16.13741463520153], [108.28128472936953, 16.13742564144116], [108.28144972936953, 16.137518641441158], [108.2814661925433, 16.137527047412416], [108.28148329125901, 16.137534070970293], [108.28150090967348, 16.137539664530454], [108.28152290967348, 16.137545664530457], [108.28152814524721, 16.137547024886302], [108.28177914524721, 16.137609024886302], [108.28179971732705, 16.137613097836834], [108.28214671732704, 16.137665097836834], [108.28217142190258, 16.137667413907078], [108.28219623119399, 16.137666990477], [108.28226523119399, 16.137661990477], [108.2822657663889, 16.1376619510519], [108.28243536517033, 16.137649253816928], [108.28253058312384, 16.137656922376944], [108.28254977203291, 16.1376650954308], [108.2825803479728, 16.137678548844352], [108.28258108828913, 16.137679356462172], [108.28271872693084, 16.13783095844435], [108.2827326684376, 16.13784501600088], [108.28274779385998, 16.137857791058796], [108.2827639856437, 16.137869184330786], [108.28278111794678, 16.13787910726874], [108.2828041179468, 16.137891107268743], [108.28280472694762, 16.137891423825295], [108.2829167269476, 16.137949423825294], [108.28293817834263, 16.137959142061366], [108.28296052948295, 16.137966560483576], [108.28298353458601, 16.137971597515843], [108.28306253458602, 16.137984597515842], [108.28308462421631, 16.137987117206585], [108.2831068547395, 16.13798744038966], [108.28312900828067, 16.137985563897647], [108.28315086771937, 16.1379815061215], [108.28317221881763, 16.137975306830295], [108.28319285231952, 16.137967026781496], [108.2832428523195, 16.137944026781497], [108.2832494342426, 16.137940868485224], [108.28325343424261, 16.13793886848522], [108.28327325462355, 16.137927668160103], [108.28329183921359, 16.13791451871916], [108.28330899702904, 16.137899555292], [108.28332455174845, 16.137882931649568], [108.28333429045036, 16.137871404206493], [108.28333586816292, 16.137871993547147], [108.28335724532504, 16.137877656973057], [108.28336242279777, 16.13787849499338], [108.28336728366337, 16.137893677608847], [108.28337479781212, 16.13791162455898], [108.2834067978121, 16.13797962455898], [108.28341696668858, 16.1379987751111], [108.28342893499439, 16.138016855745796], [108.2834425911627, 16.138033697917944], [108.28345780789259, 16.138049144627185], [108.28350880789259, 16.138096144627184], [108.28353394813809, 16.13811927376299], [108.2835512632556, 16.13813366968345], [108.28356993296416, 16.138146259274507], [108.28358976956574, 16.13815691596528], [108.28361057363082, 16.138165532617528], [108.28363213600342, 16.138172022602767], [108.28365423990378, 16.138176320673203], [108.28366123990378, 16.138177320673204], [108.28367683539129, 16.138178995292073], [108.28377383539129, 16.138185995292073], [108.28379379933325, 16.138186545653515], [108.28381373322856, 16.13818532021697], [108.28383347943188, 16.138182328673686], [108.28385288178224, 16.138177594682002], [108.28390088178224, 16.138163594682002], [108.28390533439561, 16.13816224580419], [108.28394033439561, 16.13815124580419], [108.28396282811708, 16.138142830257312], [108.28398429454258, 16.13813206078601], [108.28400448817685, 16.138119060552548], [108.28411248817685, 16.138041060552546], [108.284129791843, 16.138027214663158], [108.28414564661053, 16.138011730740477], [108.28415989808958, 16.13799475956315], [108.28417240750275, 16.137976466392367], [108.28418305303641, 16.137957029362546], [108.28419173102697, 16.137936637746744], [108.28419873102696, 16.137917637746746], [108.2841991628301, 16.137916455507472], [108.28422016283011, 16.137858455507473], [108.28422637093094, 16.13783843636971], [108.28423068566231, 16.137817925653337], [108.28423306944156, 16.13779710201318], [108.28423350150521, 16.137776146829722], [108.28423197808985, 16.137755242629225], [108.28423038576216, 16.137741973231755], [108.28425478092652, 16.137730967894445], [108.28430093076517, 16.137710456855046], [108.28449347725879, 16.137640756766856], [108.28453788166344, 16.13763407223282], [108.28462221955276, 16.13765243612808], [108.2846437556328, 16.137656039051816], [108.28466553981126, 16.137657533498974], [108.28468736615363, 16.13765690534195], [108.28470902832689, 16.13765416051896], [108.28482802832688, 16.13763316051896], [108.28485145487464, 16.137627718738358], [108.28487416515844, 16.13761980298658], [108.28499616515843, 16.13756980298658], [108.2850157056201, 16.13756067541006], [108.2850342804263, 16.13754971553461], [108.28505171826949, 16.13753702443851], [108.28506785832784, 16.137522719166345], [108.28508255174845, 16.13750693164957], [108.28512826796229, 16.137452818580115], [108.2851843828267, 16.137392194485532], [108.28519268712965, 16.13739463708464], [108.28521724262922, 16.137398978089852], [108.28526577958156, 16.137404802524134], [108.2852793189633, 16.137406607775034], [108.28530264075967, 16.137408487740217], [108.28532603158135, 16.137407931040013], [108.28534923753654, 16.137404943717037], [108.28537200673998, 16.137399558196694], [108.28539409204708, 16.137391832935236], [108.2854152537365, 16.13738185178524], [108.28546925373651, 16.137352851785238], [108.2854880129405, 16.137341566208498], [108.2855055841802, 16.137328507743348], [108.28552180048086, 16.137313800480868], [108.28557225624292, 16.137263344718825], [108.28558588403159, 16.137256897162892], [108.28558961210508, 16.137256846783522], [108.28559652132626, 16.137258080573016], [108.2855985739773, 16.13725843730099], [108.2856695739773, 16.13727043730099], [108.28569254117005, 16.137273111864214], [108.28581654117005, 16.137281111864212], [108.28583635528906, 16.137281513933473], [108.28585612770408, 16.137280167613984], [108.28587570443862, 16.13727708339013], [108.28600370443863, 16.137251083390133], [108.28602321200233, 16.137246202240235], [108.28604220473795, 16.137239595678356], [108.28605739155915, 16.13723273469941], [108.286085992427, 16.137262527270078], [108.28608919951913, 16.13726580048085], [108.28611319951912, 16.13728980048085], [108.28612752927143, 16.137302940088492], [108.28614294177277, 16.137314791075486], [108.28615932151274, 16.137325264623524], [108.28617654573189, 16.137334282237653], [108.2862915457319, 16.13738828223765], [108.28629342860435, 16.13738915577229], [108.28631742860435, 16.13740015577229], [108.28633710120504, 16.137408071104932], [108.28635743266335, 16.13741409568058], [108.28637824171061, 16.13741817578608], [108.28639934282012, 16.137420275044537], [108.28642054786125, 16.137420374739644], [108.2864514977272, 16.137419057724074], [108.28646157385796, 16.137419577060562], [108.28648580046845, 16.137418204216377], [108.2864865533385, 16.13741812056415], [108.28664126107243, 16.137412425800935], [108.28664991389424, 16.13741193995987], [108.28698091389424, 16.13738693995987], [108.28699965632029, 16.137384729141676], [108.28701814694637, 16.137380952503186], [108.28703625519425, 16.13737563671449], [108.28713925519425, 16.13734063671449], [108.28715813665708, 16.13733325422086], [108.28717627542105, 16.137324199051474], [108.28725527542106, 16.137280199051474], [108.28727189376649, 16.13726962637742], [108.28730192449578, 16.137278113322655], [108.28732434393734, 16.13728322588968], [108.28734716865459, 16.13728601909282], [108.28737015934993, 16.137286463647733], [108.28739307498563, 16.137284554893643], [108.28750407498563, 16.137269554893642], [108.28750576009611, 16.137269320673216], [108.2875127600961, 16.13726832067322], [108.2875331519789, 16.137264438450238], [108.28755309829347, 16.137258689965734], [108.28784809829347, 16.13715868996573], [108.28786783392101, 16.137150943202847], [108.28788675107194, 16.137141369868477], [108.28804375107194, 16.137052369868478], [108.28806745578463, 16.137036880036206], [108.28816047631976, 16.136967349535205], [108.28819121323777, 16.13694741207487], [108.28821028478028, 16.136933567454886], [108.28822684364528, 16.136918661788226], [108.28825707536141, 16.13689616376691], [108.28827414772825, 16.13688210102255], [108.28828975394656, 16.136866427081184], [108.28830374263443, 16.136849293981655], [108.28831597810014, 16.13683086791679], [108.28833334378311, 16.136801693569417], [108.28834307928147, 16.136789396097793], [108.28835407916847, 16.136774243994505], [108.28836377863561, 16.136758228249597], [108.28839350519173, 16.136704179965758], [108.28840744368016, 16.136682110692405], [108.28847248416575, 16.1366001031236], [108.28854684341704, 16.136546679972206], [108.28857541707845, 16.1365276308646], [108.28866825135992, 16.136467387341504], [108.28867501668822, 16.136462820237202], [108.28883590184623, 16.13634990084059], [108.28885578690813, 16.136335981297254], [108.28887139225544, 16.136324005994112], [108.2888858898368, 16.136310711074604], [108.28889916842792, 16.136296198536293], [108.28891112615649, 16.136280579718232], [108.28902975458071, 16.136110703814772], [108.28921779072506, 16.135891328313015], [108.28949496080675, 16.135766997733516], [108.28962142287932, 16.135746579378047], [108.28989707963814, 16.13579252217118], [108.28992457227649, 16.135795379819665], [108.29004357227649, 16.135800379819667], [108.29006688805295, 16.13580014795879], [108.29009005411952, 16.13579749983673], [108.29011282075159, 16.135792463999604], [108.29013494253032, 16.135785094732526], [108.29020894253031, 16.135756094732525], [108.29021993095226, 16.135751448095014], [108.29035193095227, 16.135691448095017], [108.29037170836213, 16.13568124729226], [108.290390379135, 16.13566913925533], [108.29055594754249, 16.13554971286305], [108.2907284475134, 16.135469751939027], [108.29074802891031, 16.135459475045053], [108.2907665046239, 16.13544732211693], [108.29094850462391, 16.13531432211693], [108.29095151982355, 16.135312079766784], [108.29097570736761, 16.13529377567939], [108.29114711355017, 16.135199028543294], [108.2913348452741, 16.135126756236435], [108.29160463323564, 16.135053788673883], [108.29162808458646, 16.13504603900619], [108.29165054310853, 16.135035760971782], [108.29180454310854, 16.13495476097178], [108.29182806290528, 16.134940485982497], [108.29184966067072, 16.134923442136532], [108.2919601916254, 16.13482464898234], [108.29197665858467, 16.134810782069273], [108.29199336907263, 16.134795189653452], [108.2920084082399, 16.134777979560877], [108.29202162032387, 16.13475933003874], [108.29203286848524, 16.13473943424259], [108.29205508079447, 16.134695009624107], [108.29205598812922, 16.1346934217883], [108.29206367720036, 16.134678732300184], [108.29208467720036, 16.13463473230018], [108.29208622429304, 16.13463142175108], [108.29209836167622, 16.134604888866907], [108.2921602154989, 16.1345708061483], [108.2926762133053, 16.13441159492922], [108.29268375119366, 16.13440912248084], [108.29298575119367, 16.134304122480838], [108.29300887793984, 16.134294607626256], [108.29303080343308, 16.13428258050722], [108.29318480343308, 16.134186580507222], [108.29320182843908, 16.134174845801127], [108.29321770198676, 16.13416159496567], [108.29323228951132, 16.13414694033214], [108.29324546734995, 16.13413100613226], [108.29325712379014, 16.134113927445004], [108.29331512379015, 16.134019927445003], [108.29332964357137, 16.133992254678542], [108.29339983923481, 16.133832315192237], [108.29353123501112, 16.13364353771615], [108.29369606394624, 16.133527787059453], [108.29370515583982, 16.133521054085996], [108.29383715583982, 16.133418054085997], [108.29385114601033, 16.133406187096917], [108.29404114601031, 16.133231187096914], [108.29405527306913, 16.133216958444358], [108.29419327306914, 16.133064958444358], [108.2942080478345, 16.133046879144587], [108.29435437850714, 16.132847503603116], [108.2946297782834, 16.13259973591144], [108.2946341375965, 16.13259638259366], [108.29475410929811, 16.13250787887937], [108.294926897862, 16.132381034095467], [108.29494397568271, 16.132367160043184], [108.29495961384539, 16.132351681375443], [108.294973662235, 16.13233474667625], [108.29514602506907, 16.132104929564136], [108.29534440030153, 16.131853401159354], [108.29551621933122, 16.1317267976638], [108.2955328675181, 16.131713257025147], [108.2955481473023, 16.131698189204574], [108.29556191916791, 16.131681731782564], [108.29562791916791, 16.131594731782563], [108.29564004466936, 16.1315770555791], [108.29565042971062, 16.131558303862594], [108.29565897968163, 16.131538647465423], [108.29570297968162, 16.131422647465424], [108.29570449432077, 16.131418533686016], [108.29570456058603, 16.131418348143306], [108.29578087176394, 16.13126940343462], [108.29578126711456, 16.131268628087987], [108.29583443821383, 16.131163849745324], [108.29592880283104, 16.13106444274398], [108.29612642283152, 16.13092039972141], [108.29620523374662, 16.13089360401028], [108.2963068505505, 16.13090184321059], [108.29633048983902, 16.130902510683736], [108.29635406825228, 16.130900688621516], [108.29637732433594, 16.130896397228263], [108.29647332433593, 16.130873397228264], [108.2964942645267, 16.13086729106098], [108.29651451358157, 16.13085918226051], [108.29653388048246, 16.130849147320667], [108.29655218253306, 16.13083728090537], [108.29656924708222, 16.13082369495564], [108.29663524708222, 16.13076569495564], [108.29665013638682, 16.130751342815653], [108.29666364234355, 16.130735681894674], [108.29667565042595, 16.130718844992636], [108.29668605880909, 16.130700974881442], [108.29669477923295, 16.130682223094297], [108.29670173775095, 16.13066274864076], [108.29670687535695, 16.130642716658382], [108.29672787535695, 16.13054171665838], [108.29673110976644, 16.13052163625486], [108.29673251416497, 16.130501345575343], [108.29673551416496, 16.13037534557534], [108.29673552474596, 16.130374880972795], [108.29673632261391, 16.13033817904732], [108.29675035238407, 16.13020442857174], [108.29675042191661, 16.130203755935952], [108.29676026361479, 16.13010712835383], [108.29678483572735, 16.129987881336987], [108.29683263932958, 16.129903391249332], [108.29688085971773, 16.129864100562692], [108.29689685713478, 16.129849738256045], [108.29691140793288, 16.12983391209166], [108.29692437876703, 16.129816767102124], [108.29693565077116, 16.129798460405887], [108.29694512064751, 16.12977915976738], [108.29695270161311, 16.129759042059632], [108.29697370161311, 16.129694042059633], [108.29697961992652, 16.12967192838506], [108.29698325630415, 16.12964932710646], [108.29698457296263, 16.12962647305984], [108.29698355622138, 16.129603603707555], [108.29698021664474, 16.129580956671006], [108.29697621664474, 16.129560956671007], [108.29697567275667, 16.12955831953921], [108.29695867275667, 16.12947831953921], [108.29695859270886, 16.129477944419428], [108.29695559270885, 16.129463944419427], [108.29695024418218, 16.12944366044372], [108.29694302637753, 16.12942396400486], [108.29693400227012, 16.12940502695405], [108.29689860146338, 16.129338883341443], [108.29688215449191, 16.129304161957226], [108.29688856704692, 16.12929518438021], [108.29691035798335, 16.129265813987637], [108.29692228736234, 16.129248020497027], [108.29693246708567, 16.129229171316048], [108.29694080452632, 16.12920943795662], [108.29694722382048, 16.129188999975963], [108.29695166655789, 16.12916804334276], [108.29697137090119, 16.129046861631483], [108.29698957410007, 16.128945443809183], [108.29699848188316, 16.128932561784396], [108.29716866670384, 16.128832688063344], [108.29718468169867, 16.128822351690676], [108.29719976250361, 16.12881069450484], [108.29721380048086, 16.128797800480864], [108.29728680048086, 16.128724800480864], [108.2973013466516, 16.128708779983977], [108.29731428344748, 16.1286914338975], [108.29732549076145, 16.128672923264954], [108.29733486454322, 16.128653419941678], [108.29734231776528, 16.128633104999285], [108.29734778123087, 16.128612167044572], [108.29735120421637, 16.128590800468483], [108.29735720421637, 16.128536800468485], [108.2973579162966, 16.128529224330464], [108.29735968692755, 16.128506206128083], [108.29736538736839, 16.128451274607247], [108.29740804673116, 16.128378053312943], [108.29740858092997, 16.12837713138337], [108.2974107542939, 16.128373359957706], [108.29747952879674, 16.128336243559357], [108.2975583913715, 16.128294840707607], [108.29757844783148, 16.128282943635046], [108.29759716247088, 16.12826903090006], [108.29776287481687, 16.128131923661417], [108.29779753792295, 16.128104755280972], [108.29781450123203, 16.128090032565492], [108.2978299090344, 16.128073689009202], [108.29784360720305, 16.128055888099624], [108.29785545871273, 16.128036807902443], [108.29792009397198, 16.127920105351034], [108.2979579305594, 16.127869388223196], [108.29802760594092, 16.127776207893717], [108.2984571518551, 16.127390001813914], [108.2984617479403, 16.12738575214412], [108.29851674429912, 16.127333460524255], [108.2985348004809, 16.12731780048083], [108.29855937866395, 16.127293222297762], [108.29870888412195, 16.12715256913662], [108.29872282875489, 16.127138226989768], [108.29873544184379, 16.12712270088426], [108.29885844184379, 16.126956700884264], [108.29886898127305, 16.126941158109293], [108.29887818530592, 16.126924789138606], [108.29904768407174, 16.126591441565836], [108.2991865047413, 16.126418366445357], [108.29921281362273, 16.126386211145814], [108.29923085993057, 16.12636072597176], [108.29931785993058, 16.12621772597176], [108.29931998555988, 16.126214158243204], [108.29933398555987, 16.126190158243205], [108.29934564357136, 16.126167254678542], [108.29940100299486, 16.12604111928322], [108.29943604863898, 16.126014760166278], [108.29959279743223, 16.125973013000237], [108.29961326578434, 16.12596649858063], [108.2996330181455, 16.125958058478165], [108.29965187381718, 16.12594776990458], [108.29966966030396, 16.12593572698179], [108.29968621489151, 16.12592203988085], [108.2998542148915, 16.125769039880854], [108.29986424940297, 16.125759313196767], [108.30005424940298, 16.125563313196764], [108.30006739713085, 16.12554849496881], [108.30007918785232, 16.12553257575041], [108.30008952982232, 16.125515679411034], [108.30009834256863, 16.125497937423262], [108.30017762265071, 16.12531891788311], [108.30023352782975, 16.125254709954707], [108.30029493675177, 16.125217310536026], [108.30035623004947, 16.125210099559826], [108.30047100880975, 16.12522556620128], [108.30049809843449, 16.12522755904872], [108.3005252305064, 16.125226266809005], [108.30065269104769, 16.125212433882044], [108.3007103278314, 16.125206981753852], [108.30074697279774, 16.12520837775257], [108.30077416084556, 16.125223441400692], [108.30079540480459, 16.125233790394326], [108.30081761859867, 16.12524184984944], [108.3008405562815, 16.125247530533496], [108.30086396389198, 16.125250769551183], [108.30088758226614, 16.125251531040796], [108.30093429137152, 16.125250577793746], [108.30097, 16.125250577793746], [108.30099108744187, 16.12524958556581], [108.30101198854699, 16.125246617649715], [108.30103251862514, 16.125241700271108], [108.30105249626463, 16.12523487688184], [108.30107174493536, 16.125226207776006], [108.30117637890746, 16.12517303313444], [108.30141514283065, 16.125099923250986], [108.30146047948648, 16.125086322254237], [108.30176309641018, 16.125007830989652], [108.30204470257956, 16.124970532159267], [108.3021648751491, 16.124962015992924], [108.30216660904041, 16.124961886371047], [108.30225560904042, 16.124954886371047], [108.30227944972835, 16.124951719517636], [108.3023028150571, 16.12494602137991], [108.30250249935868, 16.124885829461252], [108.30258973973997, 16.124867583106994], [108.30263732905156, 16.124882029862295], [108.30271518116413, 16.1249133496777], [108.30273649933308, 16.12492070547531], [108.30275844773853, 16.124925886168725], [108.30278080505984, 16.124928839517505], [108.30280334585305, 16.124929535741042], [108.30295834585306, 16.124926535741043], [108.30298090024176, 16.1249249608989], [108.30300318198586, 16.12492112625975], [108.30302496525105, 16.12491507068918], [108.30304602925531, 16.1249068555628], [108.30306616050665, 16.124896564144166], [108.30315116050664, 16.124847564144165], [108.30316298880328, 16.1248402483968], [108.30323698880328, 16.124791248396804], [108.30325552616831, 16.12477755539977], [108.30327256259272, 16.124762034693806], [108.30328791866621, 16.1247448497272], [108.30330143267425, 16.124726181474543], [108.30331296230102, 16.124706226530876], [108.30332238612824, 16.124685195041373], [108.30332960491376, 16.124663308488287], [108.30333629079594, 16.124638890483794], [108.30341392914885, 16.124623037626396], [108.30343791630565, 16.12461674220047], [108.30346106308414, 16.124607840362195], [108.30363906308413, 16.124527840362195], [108.30365635513796, 16.124519154630956], [108.30367283528236, 16.1245090125457], [108.30368838116016, 16.12449748940654], [108.30388338116016, 16.12433948940654], [108.30390520027476, 16.124319275259737], [108.30399922061456, 16.124219815726736], [108.3040747955151, 16.124181687848974], [108.30411920751001, 16.124159481851528], [108.30433093062177, 16.124061990744245], [108.30433487292227, 16.124060128861203], [108.30452487292227, 16.123968128861204], [108.30454427110962, 16.123957527210326], [108.30456253301494, 16.12394506978334], [108.30457948169209, 16.123930877284742], [108.30459495291922, 16.123915087230756], [108.30460879679002, 16.12389785261691], [108.3046703020571, 16.123813049900168], [108.30471816987047, 16.123755713728123], [108.30489626271684, 16.123689499721134], [108.30491874651344, 16.12367971204616], [108.30517574651344, 16.12355071204616], [108.30519821489254, 16.123537758556935], [108.30521904003554, 16.123522301055157], [108.30539792960992, 16.123372753156993], [108.30543233645345, 16.123350256374682], [108.30549798471202, 16.12335189758115], [108.30588215959257, 16.123446535783426], [108.30649404671831, 16.12360997143265], [108.30651121614395, 16.123613843524993], [108.3065286360716, 16.123616359155385], [108.30676716033526, 16.12364130939217], [108.30685895403246, 16.123651306725527], [108.30715995569894, 16.123708152241488], [108.30757494847744, 16.12384001910569], [108.30764090719161, 16.12386100596928], [108.30764172265279, 16.123861263725342], [108.30822307644722, 16.124043804848508], [108.3086324978492, 16.12419214593619], [108.30891255427805, 16.124293442977866], [108.30932268088252, 16.12445089388119], [108.30954562978944, 16.12459807499553], [108.30964476014604, 16.124684702424272], [108.30979030013256, 16.124813295974008], [108.30979090490965, 16.124813828403], [108.30984790490965, 16.124863828402997], [108.30985115124592, 16.12486662174654], [108.31009684567981, 16.125073987848737], [108.31020376309154, 16.125173824637177], [108.31024345283832, 16.125286515168227], [108.31031754533079, 16.12574892373567], [108.31029866043231, 16.125866279890566], [108.31027923098017, 16.12591971088395], [108.31016963251659, 16.12600849951267], [108.31015397218817, 16.126022446420908], [108.31013968104054, 16.12603779325232], [108.3101268836832, 16.126054406192477], [108.31011569170084, 16.126072140387308], [108.3101062026803, 16.126090841206125], [108.3100522026803, 16.126210841206124], [108.31004381102959, 16.126232390876346], [108.31003768000676, 16.126254689276454], [108.31003387462434, 16.126277499957133], [108.31002999633294, 16.12631143500692], [108.31001512820181, 16.12643137126468], [108.31001496042842, 16.126432760050466], [108.31001296042842, 16.126449760050466], [108.31001145582141, 16.126472114474684], [108.31001218611475, 16.126494507571746], [108.31001514403977, 16.126516716461946], [108.31004216455003, 16.126663282259972], [108.31003682325131, 16.12671194742597], [108.31003402676885, 16.126736316773204], [108.30999032780909, 16.12683038063571], [108.30998202977953, 16.12685081232525], [108.30997577563062, 16.12687195935467], [108.30994077563062, 16.12701595935467], [108.30993672698227, 16.127036908084545], [108.30993468462682, 16.12705814648423], [108.30993466699911, 16.12707948285051], [108.30994317776019, 16.12726161313751], [108.30993278117998, 16.12730493222174], [108.30992560514231, 16.12733405849227], [108.30988596169699, 16.127392322343717], [108.30983689834218, 16.127456197277343], [108.3098360808321, 16.127457268217437], [108.3097920808321, 16.127515268217437], [108.30977775633556, 16.12753657940921], [108.30973275633556, 16.12761257940921], [108.3097322571932, 16.1276134266305], [108.3096812571932, 16.1277004266305], [108.30967026343609, 16.12772170631201], [108.30966159850587, 16.127744035810984], [108.30965536096393, 16.127767161135], [108.30965162176074, 16.12779081923932], [108.30964062176074, 16.127896819239318], [108.30964036139486, 16.12789948269677], [108.30963036139485, 16.12800848269677], [108.30963028294573, 16.12800935655134], [108.30959429672953, 16.128419199569354], [108.30957035556999, 16.128687540065602], [108.30956776317645, 16.128715192263538], [108.30954582870736, 16.128885793689804], [108.30952514029998, 16.128930618572422], [108.30950949068844, 16.12895440598198], [108.3094926223445, 16.12897994947425], [108.30948668355599, 16.128984930393635], [108.3094817986348, 16.128989148464203], [108.30946379863481, 16.129005148464206], [108.30944827488314, 16.129020353934475], [108.30943429335002, 16.129036988534672], [108.30942198493585, 16.129054896525407], [108.3094114648766, 16.12907391024533], [108.30940283166504, 16.12909385168084], [108.30939616612855, 16.129114534132707], [108.3093915306724, 16.129135763964033], [108.30938896869544, 16.129157342413144], [108.30938850418391, 16.129179067454476], [108.30938947362513, 16.129214936779793], [108.30939020059392, 16.129257827938545], [108.30937827844382, 16.129359911348992], [108.30937715229062, 16.129363611566607], [108.30937673401988, 16.12936500200591], [108.30936573401988, 16.12940200200591], [108.30936040905763, 16.129423871368516], [108.30935729994367, 16.12944616391557], [108.30935643790923, 16.129468655717197], [108.30935783161347, 16.129491120841994], [108.30936146705658, 16.129513333626537], [108.30936730772032, 16.12953507094217], [108.3093752949349, 16.129556114436344], [108.3093853484683, 16.129576252725993], [108.30939736733221, 16.129595283520874], [108.3094112307965, 16.129613015655593], [108.30942679960188, 16.129629271009875], [108.30944246763458, 16.129644068596306], [108.30945319951911, 16.12965480048084], [108.30947210091145, 16.129671679909116], [108.30949278360147, 16.129686322452084], [108.30951498424203, 16.12969854167015], [108.30955768207465, 16.129718993573178], [108.30956246059252, 16.129730185365002], [108.30957048768815, 16.129747014510833], [108.30957988314756, 16.1297631197819], [108.30963688314756, 16.129852119781898], [108.30964650957046, 16.129865975446457], [108.30965714900627, 16.129879069332958], [108.30967335166063, 16.12989754604408], [108.30969816079546, 16.130031807244315], [108.30969878335526, 16.13003504332896], [108.3096992598316, 16.130037425710697], [108.3096984281887, 16.130151360789704], [108.30969842438536, 16.130152010680114], [108.30969656956533, 16.130573054828687], [108.30964217708375, 16.13075153015885], [108.30963683851226, 16.130772681778453], [108.30960583851227, 16.13092668177845], [108.30960390685573, 16.13093768602829], [108.30960090685572, 16.130957686028292], [108.3095988145013, 16.13097773170633], [108.30959852774653, 16.13099788424778], [108.30960004890095, 16.131017981343202], [108.30965704890096, 16.1314889813432], [108.30965767932679, 16.13149376009615], [108.30966567932678, 16.13154976009615], [108.30966573031806, 16.13155011501108], [108.30970370468151, 16.131812937579113], [108.30970595787886, 16.131828709960672], [108.30971146648994, 16.131885632275164], [108.30971168900454, 16.13188781983954], [108.30971968900455, 16.13196281983954], [108.30972298651703, 16.13198404722803], [108.30972829712523, 16.132004862440045], [108.30973557223777, 16.132025075019005], [108.30974474528827, 16.132044500022356], [108.30975573234447, 16.132062959713757], [108.3097684328762, 16.13208028518935], [108.30978273067518, 16.13209631792321], [108.30979849491834, 16.132110911217836], [108.30986749491834, 16.132168911217835], [108.30988746138392, 16.132183883168185], [108.3099089657644, 16.13219654731704], [108.31005588240156, 16.132272406234268], [108.31009254207314, 16.13229426103849], [108.31014462949595, 16.132332686186462], [108.31027812234795, 16.13243127894644], [108.31041216027646, 16.13258408218493], [108.31052614900626, 16.132714069332955], [108.3105385517364, 16.132727118361032], [108.3106765517364, 16.13286111836103], [108.31067793448018, 16.132862449592203], [108.3107087713801, 16.13289188481485], [108.3108024980455, 16.133015961067162], [108.31102670193452, 16.13331556095426], [108.31102742994842, 16.13331658017372], [108.31118374128995, 16.13360235182879], [108.31128959162697, 16.13379784118995], [108.3113685254269, 16.133982337059635], [108.31136861831024, 16.13398255384561], [108.31148961831023, 16.134264553845608], [108.31148975429532, 16.134264870100406], [108.31153698007475, 16.13437446955076], [108.31156370655113, 16.13446844329027], [108.31160043851925, 16.134602252602743], [108.31161546560323, 16.134751639496344], [108.31162738761769, 16.13487980115184], [108.31162965063083, 16.13489694261734], [108.31163322567703, 16.1349138591806], [108.31166622567703, 16.1350448591806], [108.31167267635415, 16.13506600988189], [108.31168117579003, 16.135086423676], [108.31169164158362, 16.135105902653514], [108.31170397227024, 16.13512425796795], [108.31179192557424, 16.13524219535287], [108.3118618789278, 16.13533613271336], [108.31187415782162, 16.135351211891614], [108.31188769516224, 16.135365172309196], [108.31190238944943, 16.135377909293712], [108.31202838944942, 16.135477909293712], [108.31204622853564, 16.13549069789589], [108.31206523084192, 16.135501683964282], [108.31208521484902, 16.135510762554645], [108.31224199912918, 16.135572935631263], [108.31231413434756, 16.13561638070596], [108.31242461187814, 16.1356828217923], [108.31248063089984, 16.13575024291577], [108.31249183130362, 16.135794629701085], [108.31246526610506, 16.13608170523373], [108.31244897428046, 16.13617221537049], [108.31244889159329, 16.136172677513677], [108.31238915168676, 16.136508592070065], [108.31234921978194, 16.13667171814937], [108.31224581700252, 16.136891334672022], [108.31223852252575, 16.136908677472732], [108.31223270529674, 16.136926569984418], [108.31222840614402, 16.136944886627496], [108.31216540614402, 16.137274886627495], [108.31216209051004, 16.137299687410565], [108.31214711911869, 16.137493317405273], [108.3121271489501, 16.13774094749598], [108.31212664216237, 16.13774906289105], [108.31208164216237, 16.13876506289105], [108.31208207741604, 16.13879214239876], [108.31209794278405, 16.138999383768528], [108.31213036841052, 16.139532932713262], [108.31212645874164, 16.14002848324491], [108.3121096131415, 16.140436741318947], [108.31211028127832, 16.140465624449273], [108.31215528127832, 16.14097862444927], [108.31216034209012, 16.141010224055798], [108.31222597389942, 16.141290383719408], [108.31222991942698, 16.141312478673765], [108.31223084448331, 16.14131734787387], [108.31225884448331, 16.141456347873866], [108.31226426543213, 16.14147775903597], [108.31227176335942, 16.141498534156547], [108.31228126574293, 16.14151847229228], [108.31235126574293, 16.14164847229228], [108.31236133321022, 16.14166535461667], [108.31237283832884, 16.141681291963362], [108.31238569296202, 16.141696162241775], [108.31239979863479, 16.14170985153577], [108.31240668736828, 16.141715974854435], [108.31251765623753, 16.14181972623625], [108.31259092078353, 16.141907129554294], [108.31259585890123, 16.141925582520408], [108.3126098473005, 16.14198806403717], [108.31261000681464, 16.14198877117851], [108.31261500681464, 16.14201077117851], [108.31262277248031, 16.142037276604345], [108.31264877248032, 16.142109276604348], [108.31265766192816, 16.142130439674297], [108.31266866520757, 16.142150584789203], [108.312681667367, 16.142169501492486], [108.31269653257249, 16.142186992160802], [108.31271310552684, 16.142202874068648], [108.31273121309191, 16.142216981297285], [108.31283121309191, 16.142286981297282], [108.31284805165903, 16.142297686297407], [108.31286577394418, 16.1423068544477], [108.3130875159055, 16.14240934850982], [108.31339530765486, 16.142563739226542], [108.3134205242185, 16.142574514992024], [108.31344686613141, 16.14258213705392], [108.31366986613142, 16.142632137053923], [108.31369230125817, 16.142635985117508], [108.31371501067267, 16.142637542358393], [108.31373776107125, 16.142636792778372], [108.31390476107124, 16.142622792778372], [108.31391991695085, 16.142621001860107], [108.31412131731892, 16.142590232359428], [108.31418145794025, 16.14258901329278], [108.31421479186864, 16.142651587509228], [108.31422796897125, 16.142673274128732], [108.31424350850988, 16.14269333573979], [108.3143386455373, 16.142802779087123], [108.31436650363186, 16.142931502945363], [108.31437224445175, 16.142952874894082], [108.31438006080222, 16.14297357807912], [108.3143898767878, 16.142993411476002], [108.31440159709695, 16.143012182505778], [108.31445859709694, 16.14309418250578], [108.31447038540128, 16.143109664142198], [108.3144834696201, 16.143124067211435], [108.31449775152282, 16.143137283581584], [108.31461675254145, 16.14323819644539], [108.31469500189408, 16.143314582718176], [108.31471252519046, 16.14333174094589], [108.31471705461614, 16.14334182921219], [108.31477030404083, 16.143460914289225], [108.31485276207395, 16.14366509608552], [108.3148636038836, 16.14368809789294], [108.3149146038836, 16.14378209789294], [108.31492582814671, 16.143800599468502], [108.3149387810217, 16.1438179348488], [108.31495334224068, 16.14383394307426], [108.31496937660226, 16.143848475507966], [108.31498673522685, 16.14386139721579], [108.31500525693905, 16.143872588219242], [108.3150892659598, 16.14391797240286], [108.31512866224622, 16.14394082224899], [108.31514358390761, 16.143970333979293], [108.31515488314756, 16.143990119781893], [108.31521188314755, 16.144079119781896], [108.31522557216928, 16.144098215055028], [108.31524118126833, 16.144115775658626], [108.31525853960136, 16.144131609389913], [108.31527745717946, 16.14414554294692], [108.3152977269476, 16.1441574238253], [108.3154097269476, 16.144215423825298], [108.31542761413797, 16.14422371239735], [108.31544615930919, 16.14423040034398], [108.31546521955275, 16.144235436128078], [108.31555186131234, 16.144254301672508], [108.31560313474039, 16.144285854551296], [108.31561368290281, 16.14430952931586], [108.31564242669701, 16.14440795503539], [108.31564918340881, 16.144427648754885], [108.31565773492123, 16.14444663209961], [108.31566800773315, 16.144464741905708], [108.31567991354866, 16.14448182251749], [108.31574291354866, 16.14456382251749], [108.31575605356966, 16.144579406891445], [108.31577055257569, 16.144593735592967], [108.31578629111021, 16.144606690568633], [108.31580313950425, 16.14461816508307], [108.31582095894477, 16.144628064598358], [108.31583960261833, 16.144636307552897], [108.31600160261833, 16.144699307552898], [108.3160184549833, 16.144705102594738], [108.316035713781, 16.144709543159625], [108.31610749994037, 16.144725004793948], [108.31611251538897, 16.14473519242391], [108.31611914674325, 16.1447476574842], [108.31617014674325, 16.144836657484202], [108.31618256404045, 16.144855966812983], [108.3161968877636, 16.14487390755997], [108.31621296823216, 16.144890292247283], [108.31623063740786, 16.14490494965762], [108.3162497106507, 16.144917726623433], [108.31626998864839, 16.14492848962752], [108.31629125949918, 16.14493712619825], [108.31631330092617, 16.144943546084864], [108.31640630092616, 16.144965546084862], [108.3164289217182, 16.144969687312106], [108.31645184741741, 16.144971493499174], [108.31647483763096, 16.144970945706874], [108.31649765128958, 16.14496804967921], [108.31652004917528, 16.144962835783158], [108.31654179642976, 16.14495535869025], [108.31663379642977, 16.14491835869025], [108.31665711552488, 16.144907386549125], [108.316679024043, 16.144893815074937], [108.31673881113197, 16.14485184913748], [108.31679992355683, 16.1448432417537], [108.31691440825271, 16.14485533520749], [108.3169228603445, 16.14485606690134], [108.31699686034452, 16.14486106690134], [108.3170187115952, 16.14486147748202], [108.31704049928379, 16.144859762151786], [108.31706201707031, 16.144855937155643], [108.31708306117086, 16.14485003871817], [108.31710343228757, 16.14484212270044], [108.31712293749605, 16.14483226407098], [108.31714139207249, 16.144820556195818], [108.31715289908303, 16.14481244469658], [108.31715935658765, 16.144811879664925], [108.31727609318277, 16.144815471560158], [108.31729831491177, 16.144815054990843], [108.31732038664148, 16.144812443953366], [108.31747438664148, 16.144786443953368], [108.31749658376005, 16.14478152935363], [108.31751817025764, 16.14477439573711], [108.31769617025765, 16.14470539573711], [108.31771352112224, 16.144697813710923], [108.31773017160822, 16.144688797007515], [108.3177460033486, 16.14467840972589], [108.3178560033486, 16.144599409725892], [108.31787173958384, 16.144587007882112], [108.31788630785708, 16.144573252874174], [108.31789959221332, 16.144558254183973], [108.3179114869168, 16.144542131192377], [108.31792189729256, 16.14452501222906], [108.31801789729256, 16.144350012229058], [108.31802680816351, 16.144331878725367], [108.31803405320203, 16.14431301773403], [108.31806405320204, 16.14422301773403], [108.31806483192398, 16.144220637407688], [108.31808590938576, 16.144154973007545], [108.31809978490138, 16.144159788013912], [108.3181231017418, 16.144165183432822], [108.31814686034451, 16.14416806690134], [108.31822086034451, 16.144173066901338], [108.31824561638531, 16.144173371813242], [108.31827025555518, 16.14417094986457], [108.31829447840661, 16.144165830490024], [108.31831799055175, 16.144158075906955], [108.31836899055175, 16.144138075906955], [108.31837090469891, 16.144137315114538], [108.31844290469891, 16.144108315114536], [108.3184628474168, 16.14409912533608], [108.31848179734585, 16.14408803190499], [108.31849957332341, 16.144075140875273], [108.31851600540979, 16.144060575486108], [108.3185309365131, 16.14404447498367], [108.3185442238909, 16.144026993289923], [108.31855574051488, 16.144008297531133], [108.31861574051489, 16.143899297531135], [108.31862630787708, 16.143877363357667], [108.31863443869894, 16.14385441413447], [108.31864003741688, 16.14383071958939], [108.31864303822786, 16.14380655821023], [108.31864803822785, 16.14373455821023], [108.31864841149368, 16.14371035899644], [108.31864617850215, 16.14368626013704], [108.31864326472149, 16.143671901868558], [108.31865237376752, 16.143676350615124], [108.31867283676318, 16.143683983547476], [108.31869394441951, 16.14368959270887], [108.3187079444195, 16.14369259270887], [108.31871684267954, 16.143694312458617], [108.31873963726345, 16.143698242559292], [108.31874650154813, 16.14369982662499], [108.31876742133694, 16.143703621400896], [108.31878860623186, 16.14370542087715], [108.31880986635802, 16.143705208925507], [108.31883101116625, 16.143702987445625], [108.31885185114096, 16.143698776348078], [108.31887219949867, 16.14369261337587], [108.31889187386217, 16.14368455376617], [108.3189106978951, 16.14367466975524], [108.31891380771184, 16.143672640238268], [108.31893465734439, 16.143706571993206], [108.31894695794982, 16.143724569648928], [108.3189609455611, 16.143741289913148], [108.3189764883814, 16.14375657524085], [108.31899343996, 16.143770281607555], [108.31901164057236, 16.143782279866393], [108.31903091872502, 16.143792456964963], [108.3190510927715, 16.143800717010567], [108.31907197262389, 16.143806982173754], [108.31909336154384, 16.143811193421648], [108.31911505799638, 16.143813311074183], [108.319181270406, 16.143816540947824], [108.31918255726421, 16.143816769379015], [108.3192043509952, 16.143818479344663], [108.31922620772777, 16.143818062291473], [108.31923881314005, 16.143816587607958], [108.3192413911725, 16.14381645876765], [108.31924648030233, 16.14381569064104], [108.3192479203619, 16.143815522171174], [108.31925102775372, 16.143815004272536], [108.31926355920355, 16.143813112841116], [108.31928528317546, 16.14380757335831], [108.31930634659582, 16.143799895523497], [108.31932653955506, 16.143790155850898], [108.31938153955505, 16.1437601558509], [108.31940086005581, 16.143748315168523], [108.31941888898706, 16.143734587781818], [108.3194227079644, 16.143731017840594], [108.31942680308036, 16.143734270550887], [108.31944463137759, 16.143745862685677], [108.31946347619163, 16.14375571655577], [108.3194831685509, 16.143763743806687], [108.31950353188442, 16.143769872462304], [108.31957153188442, 16.143786872462304], [108.31959040070961, 16.143790738305146], [108.3196095313863, 16.143792973146176], [108.3197455313863, 16.143802973146176], [108.31976963679124, 16.14380344791125], [108.31979365417754, 16.143801335778694], [108.31981730673036, 16.143796661092118], [108.31984032183972, 16.1437894777301], [108.31986243424261, 16.143779868485222], [108.3199484342426, 16.143736868485224], [108.31996584277904, 16.14372717600496], [108.31998232371429, 16.143715978679914], [108.31999774731841, 16.143703364650012], [108.32003431623683, 16.143670645091426], [108.32009186346795, 16.1436209008747], [108.32010579455712, 16.14360778104428], [108.32011855813195, 16.143593522841257], [108.3201300615173, 16.14357822979313], [108.32016816547541, 16.14352280585407], [108.32018227689647, 16.143522537065095], [108.32020375352535, 16.14352109626034], [108.32022499357014, 16.14351760598765], [108.32024580190972, 16.143512098310325], [108.32026598738884, 16.143504623824498], [108.32028536457413, 16.143495251194334], [108.32036436457413, 16.143452251194333], [108.3203827114367, 16.143441096265757], [108.32039990914168, 16.1434282401878], [108.32041580048086, 16.143413800480864], [108.32048951870574, 16.14334008225598], [108.32049169743539, 16.143341180474557], [108.32051187707422, 16.143349018109262], [108.32053271759095, 16.143354876368722], [108.32060671759095, 16.143371876368725], [108.32062725283535, 16.14337559894798], [108.32064804497368, 16.14337739918215], [108.32066891444683, 16.14337726152457], [108.32068968102786, 16.14337518716404], [108.32071016537837, 16.143371194014556], [108.32073019059733, 16.143365316560605], [108.32074958374868, 16.14335760555937], [108.32076817735485, 16.143348127602387], [108.32085417735485, 16.143299127602386], [108.32087111182909, 16.14328845201189], [108.3208870283606, 16.143276310814475], [108.32090180048084, 16.14326280048088], [108.32095654206994, 16.1432080588918], [108.3210541475786, 16.143156968508354], [108.32107253484209, 16.14314620307627], [108.3210898191236, 16.14313374355783], [108.32110584484083, 16.143119702105828], [108.3211204677403, 16.143104205112632], [108.32113355619582, 16.14308739207248], [108.32117655619582, 16.143026392072482], [108.3211879943893, 16.14300841083245], [108.32119767670308, 16.14298942636346], [108.32120551595015, 16.142969609616294], [108.32123984779155, 16.14286912617806], [108.321261367413, 16.14283086907325], [108.32128621665547, 16.142811681683508], [108.32136174987728, 16.142774701876988], [108.32136506394664, 16.14277304533546], [108.32141406394665, 16.142748045335463], [108.32143394663456, 16.142736584738955], [108.32145255590169, 16.142723154857052], [108.3214696974218, 16.142707895930535], [108.3214851921956, 16.14269096729987], [108.32149887841975, 16.142672545741323], [108.32151061317664, 16.142652823620967], [108.32154861317663, 16.142580823620964], [108.32155725813696, 16.142562482657834], [108.32156421361675, 16.14254343672471], [108.32156942291788, 16.142523841075977], [108.32157284357633, 16.142503855447057], [108.32158184357634, 16.142431855447057], [108.32158346589958, 16.14241108839681], [108.32158467968532, 16.14237265184815], [108.32163131654862, 16.14233163388405], [108.32164686542745, 16.142316568574678], [108.32166089138467, 16.142300076039874], [108.32167326406672, 16.14228230955687], [108.32168386848522, 16.142263434242622], [108.32172686848523, 16.142177434242623], [108.32173144123111, 16.142167714309835], [108.32173300160639, 16.14216418051877], [108.32174661269116, 16.14216450764607], [108.32182661269115, 16.142162507646066], [108.32184803050896, 16.142160945143544], [108.32186920116781, 16.142157344096947], [108.32188993108954, 16.14215173743317], [108.32191003072589, 16.142144176417883], [108.32195403072589, 16.142125176417885], [108.32197456559194, 16.14211503715594], [108.32199396106398, 16.142102859265265], [108.32201201544468, 16.142088769386138], [108.32202854098303, 16.142072914041965], [108.32204336582672, 16.14205545811557], [108.3220563358093, 16.142036583134544], [108.32206731605336, 16.14201648538351], [108.32207619237323, 16.14199537386291], [108.3220828724623, 16.141973468115566], [108.3221008724623, 16.141901468115563], [108.32210515149204, 16.141879922637035], [108.32210730517941, 16.141858062184816], [108.32210731291991, 16.14183609589973], [108.32210372389167, 16.141762264461757], [108.32210841217285, 16.141762234527693], [108.3221302535214, 16.141759950178457], [108.32215176733673, 16.14175554353495], [108.32217274790314, 16.141749056733627], [108.32221717341822, 16.141732902000868], [108.32221878391525, 16.141732650747137], [108.32224265406019, 16.141726174081967], [108.32226566723833, 16.141717111817165], [108.32228754432163, 16.141705573869423], [108.3223078628607, 16.141693382745984], [108.32235905044298, 16.141665960826902], [108.32237642103185, 16.14165562311783], [108.32239279171314, 16.14164376536172], [108.32240802985821, 16.141630483625352], [108.32242201201373, 16.141615885512003], [108.32248501201373, 16.141543885512004], [108.32250142933634, 16.14152269312006], [108.3225152044947, 16.141499695490406], [108.32252108283924, 16.141488402881162], [108.32252354246725, 16.14148836288721], [108.32253784120614, 16.141494797319705], [108.32255890732537, 16.14150302820719], [108.322580694488, 16.14150909849824], [108.322602981722, 16.141512946626122], [108.32262554298356, 16.141514533561967], [108.32264814944952, 16.14151384321059], [108.32272214944952, 16.141507843210587], [108.3227423492201, 16.141505279286786], [108.32276223373943, 16.141500896327855], [108.32278163954598, 16.14149473036408], [108.32280040711356, 16.14148683208301], [108.32281838216267, 16.141477266412775], [108.32287358835399, 16.141444593360763], [108.32288857407384, 16.141459847442935], [108.32293457407384, 16.141501847442935], [108.32295131292925, 16.14151570692367], [108.32296931299281, 16.141527883630875], [108.32298840571215, 16.141538263542], [108.32300841230325, 16.141546749459685], [108.32302914542464, 16.141553261921892], [108.32305041093161, 16.14155773994601], [108.3230720096942, 16.14156014159986], [108.32309373946185, 16.141560444394393], [108.32311887088058, 16.14155957779375], [108.32317, 16.14155957779375], [108.32319403986116, 16.141558287416842], [108.32321780346632, 16.1415544311146], [108.32324101773409, 16.14154805320202], [108.32324701773409, 16.141546053202017], [108.32325001773424, 16.141545053201963], [108.32327055862994, 16.141537066337378], [108.32329021776602, 16.141527104571875], [108.3233088058142, 16.14151526384271], [108.32332614376143, 16.141501658182566], [108.32334206463383, 16.141486418621398], [108.32335343215422, 16.141473168807508], [108.32336280048088, 16.14146380048085], [108.32337869573226, 16.141446126137115], [108.32339263381172, 16.141426870712326], [108.32340445856651, 16.14140624993114], [108.32341403752017, 16.141384494814734], [108.3234212633566, 16.141361849092604], [108.32342577932808, 16.141339906524067], [108.32344326779939, 16.141344278641895], [108.32346502849529, 16.141347500421535], [108.323487, 16.14134857779375], [108.323488, 16.14134857779375], [108.32349258226614, 16.141348531040798], [108.32353929137152, 16.14134757779375], [108.323552, 16.14134757779375], [108.32357242559557, 16.141346646999736], [108.32359268187768, 16.141343862333308], [108.32361260093634, 16.14133924687734], [108.32363201765693, 16.14133283889064], [108.32365077108882, 16.141324691490794], [108.32366870577958, 16.141314872213876], [108.32376159568703, 16.14125837216707], [108.32385538231082, 16.14120669382335], [108.32387156103853, 16.141196868223957], [108.32388685487949, 16.14118571510501], [108.3239358548795, 16.14114671510501], [108.32395409614101, 16.141130501710467], [108.3239704703553, 16.141112404669535], [108.32398478414996, 16.141092637700446], [108.32399686848524, 16.14107143424259], [108.32401586848523, 16.14103343424259], [108.32402591986, 16.1410101232656], [108.32403327622217, 16.14098582685189], [108.32403540171077, 16.140974206024033], [108.3241073006335, 16.140954878356638], [108.32412786542676, 16.140948274653503], [108.32414770072398, 16.140939725934203], [108.32416662305094, 16.140929311273407], [108.32418445737832, 16.140917127005512], [108.32420103874065, 16.140903285833588], [108.32421621376227, 16.140887915786866], [108.32429421376227, 16.140800915786865], [108.32430649340456, 16.140785971490192], [108.32431744158822, 16.14077002599263], [108.32443244158821, 16.140586025992633], [108.32444364546855, 16.140565865011283], [108.32454464546855, 16.14035986501128], [108.32455504894192, 16.140334962366637], [108.32456239005062, 16.140308991573598], [108.32457631059478, 16.140245354800328], [108.32460579048274, 16.140112695304506], [108.32465004328391, 16.140028004598797], [108.32465579731969, 16.140016158793866], [108.32470016264722, 16.139917569177157], [108.32470650861026, 16.139903970684927], [108.32471374057204, 16.139886611833802], [108.32471949490673, 16.139868708800105], [108.32472373126728, 16.13985038711261], [108.32474141728618, 16.1397560616785], [108.32476033437702, 16.139662989591557], [108.32478447569743, 16.139613760232265], [108.32483779464171, 16.139563653272585], [108.32485455890831, 16.13954609874826], [108.32486933064446, 16.13952683744586], [108.32488193728142, 16.139506094382842], [108.32494893728142, 16.139381094382845], [108.32495830257886, 16.1393613760745], [108.32497942658316, 16.13931067846417], [108.32498473298202, 16.13930059630635], [108.32499339830451, 16.139282145973375], [108.32500035500765, 16.13926298593991], [108.3250024918326, 16.139256148100035], [108.32502982336996, 16.139189337675376], [108.32511437276703, 16.139036962937798], [108.3251249911319, 16.13901511978396], [108.3251331885978, 16.1389922577063], [108.32517618859781, 16.1388482577063], [108.32520761173984, 16.138742947733352], [108.32522386848521, 16.138710434242633], [108.3252245707704, 16.13870901722055], [108.3252542403748, 16.138648618383026], [108.32528578222914, 16.138627298425924], [108.32532044090291, 16.138616334967892], [108.32533760146009, 16.138616048958607], [108.32539839492733, 16.138631585066904], [108.32541748100056, 16.13863558869133], [108.32543684244578, 16.138637921423225], [108.32545633326778, 16.13863856567259], [108.32547580649575, 16.13863751658146], [108.32559880649575, 16.13862551658146], [108.32562268062146, 16.138621882846685], [108.3256460265459, 16.138615706624616], [108.32566857432205, 16.1386070593304], [108.32569006323185, 16.138596040951985], [108.32581706323185, 16.138522040951987], [108.32583409480442, 16.138511058808337], [108.32585006704535, 16.138498586059534], [108.32586484989643, 16.138484724268267], [108.32587832298435, 16.13846958630786], [108.3258903766009, 16.1384532954432], [108.32590091259627, 16.138435984326986], [108.32593491259627, 16.138373984326986], [108.32594476783316, 16.1383536484376], [108.32595252947262, 16.138332425076783], [108.32595811892527, 16.13831052913857], [108.32596147959596, 16.138288182327077], [108.32596257745669, 16.138265610911677], [108.32596140139125, 16.138243043435935], [108.3259579633077, 16.138220708403523], [108.32595229801785, 16.138198831964544], [108.32593129801785, 16.138131831964543], [108.32592181153446, 16.138106872800986], [108.3259094298294, 16.138083215950125], [108.32585403875143, 16.13799115753886], [108.32584385263073, 16.137954869483817], [108.3258461810252, 16.13794115782743], [108.3258706896628, 16.137901005378584], [108.3258710584422, 16.137900399055926], [108.32589105844221, 16.137867399055928], [108.32590221231314, 16.13784660303987], [108.32591112240316, 16.13782475141712], [108.32591769033094, 16.137802085463683], [108.32592184357634, 16.13777885544704], [108.32593984357634, 16.137634855447036], [108.32594149905879, 16.13761294626325], [108.32594100569251, 16.13759098016332], [108.32593836819987, 16.137569167401253], [108.3259336118263, 16.137547716763343], [108.32591661081321, 16.137485597677053], [108.32591769586759, 16.13745196099125], [108.32591982104965, 16.137443381552558], [108.32595991501036, 16.13741316990611], [108.32610925373922, 16.137378882953058], [108.32613070105644, 16.137372824209034], [108.32615144224732, 16.137364669529624], [108.32617127304844, 16.137354499223743], [108.32618999816215, 16.1373424134506], [108.32620743317973, 16.137328531233308], [108.32622340639767, 16.13731298928672], [108.32629040639767, 16.137240989286717], [108.32630371500703, 16.137225304631095], [108.326315532671, 16.137208468054148], [108.32632576024491, 16.137190620806834], [108.32633431192426, 16.137171912619177], [108.32634111596444, 16.137152500444074], [108.32634611528277, 16.13713254714056], [108.32638011528277, 16.13696454714056], [108.32638106368522, 16.13695957312883], [108.32640111488577, 16.136847562974026], [108.32644465944765, 16.136786815622273], [108.32653639047302, 16.136712481860332], [108.32653768877269, 16.136711421739104], [108.32660680728824, 16.136654552074404], [108.32671806623333, 16.136582507347665], [108.32673750187382, 16.136568391528314], [108.32675531867129, 16.136552280593957], [108.32677131279378, 16.1365343588607], [108.32678530126161, 16.136514831360977], [108.3267971240406, 16.13649392149788], [108.3268751240406, 16.136336921497882], [108.32693186724828, 16.136222439807877], [108.3269885123421, 16.136110143393804], [108.3269993546861, 16.136084923528028], [108.32703616534059, 16.135982450624976], [108.32710452459875, 16.13579509562112], [108.32717639245747, 16.135704479625346], [108.32736096484427, 16.13557611791998], [108.3275662253691, 16.135459100237604], [108.32757957334626, 16.135450860019386], [108.32774457334625, 16.135340860019387], [108.32776376298753, 16.135326532283525], [108.3277813178205, 16.135310242587778], [108.32779703821942, 16.135292176171276], [108.32782055263353, 16.1352620483282], [108.32782380048089, 16.13525880048084], [108.32783857614172, 16.135242500906912], [108.3278516860963, 16.13522483383714], [108.32785732985103, 16.135215427101173], [108.32788606039678, 16.135179673533127], [108.32789880372034, 16.13516214604364], [108.32790979839167, 16.1351434719336], [108.32791894203866, 16.13512382507881], [108.32792614952427, 16.135103388412382], [108.32793135373912, 16.135082352221396], [108.32793450622644, 16.13506091237515], [108.32794195842722, 16.13498489992732], [108.32796258722561, 16.1349245229564], [108.32807795708372, 16.134774293141163], [108.32824324335256, 16.13456644813245], [108.32826370831391, 16.134541110561248], [108.32828013559022, 16.13451790831862], [108.3283751355902, 16.134363908318623], [108.32837590665231, 16.134362649141625], [108.32840690665232, 16.134311649141623], [108.32841637994255, 16.1342944047493], [108.3284243075529, 16.134276397381687], [108.32849997998977, 16.134081811115443], [108.32863395457166, 16.133768004880004], [108.32882941741664, 16.133540263767042], [108.32883098051258, 16.133538201793694], [108.3289361997293, 16.13342832685942], [108.3289506611851, 16.133411657892392], [108.32896341684948, 16.133393650083203], [108.32897434355728, 16.133374477310262], [108.32898333580324, 16.13335432470055], [108.3290352082762, 16.13322080111277], [108.32904179731973, 16.133206158793797], [108.32904207049101, 16.133205549326355], [108.32907345916274, 16.13313523870169], [108.32921935935838, 16.132999373969252], [108.32939167833828, 16.132873195044066], [108.32940933326707, 16.13285883852749], [108.32942544475988, 16.132842769119353], [108.32943984740385, 16.13282515180045], [108.32945239333044, 16.132806167443615], [108.32946295373361, 16.132786010956732], [108.3294714201922, 16.132764889281667], [108.32950642019222, 16.13266288928167], [108.32951261543323, 16.13264140503674], [108.32951664358366, 16.132619411224074], [108.32951846471329, 16.132597125863896], [108.32952246471328, 16.132471125863894], [108.32952187512012, 16.132446248492034], [108.3295185368413, 16.13242158906898], [108.32948355698687, 16.13223969382593], [108.3294904597816, 16.132088599319257], [108.32951127549859, 16.131994512278435], [108.32951181463915, 16.1319920077152], [108.32951187593191, 16.13199171487196], [108.32952545320575, 16.131971441956242], [108.32955852183773, 16.131956179510713], [108.32959786682966, 16.13193829542347], [108.32972873250255, 16.131884979778963], [108.32974899920089, 16.13187552041018], [108.32976822451184, 16.131864092105936], [108.32978621775781, 16.13185080821272], [108.32980280048086, 16.131835800480864], [108.32988780048086, 16.131750800480866], [108.3299022134068, 16.13173494160048], [108.3299150491417, 16.13171778116836], [108.32992619081007, 16.131699475438452], [108.32993553696164, 16.1316801910932], [108.32994300249526, 16.131660103725796], [108.32994851943366, 16.131639396241354], [108.33000474509353, 16.131378982658774], [108.33017728708373, 16.130689806318593], [108.33032919856828, 16.13013247501226], [108.33041622253795, 16.12993620818706], [108.33060814319491, 16.12950538629564], [108.33061058319709, 16.12949969948503], [108.3306553473412, 16.129391270780374], [108.33090710834395, 16.12879084076984], [108.33090951381827, 16.1287848649825], [108.3311273796538, 16.12822039440867], [108.33116085119727, 16.128145667241824], [108.33147119870051, 16.127667411362985], [108.33180599405358, 16.127290040878304], [108.33180624179386, 16.127289761165102], [108.3318553893905, 16.127234177573666], [108.33189265566641, 16.127219011066025], [108.33189363845734, 16.127218608381494], [108.33195144753724, 16.12719476213604], [108.33203882320234, 16.127179018772956], [108.332057787822, 16.127174746804886], [108.33207631194955, 16.127168850771636], [108.33210631194956, 16.12715785077164], [108.33210731784766, 16.127157479215562], [108.33219331784765, 16.12712547921556], [108.33221399403165, 16.127116582159786], [108.33223367574061, 16.12710566004835], [108.33225216525587, 16.127092822602688], [108.33226927683532, 16.127078198785313], [108.33228483857931, 16.12706193550429], [108.33229869415757, 16.12704419613741], [108.3323107043796, 16.127025158890948], [108.332320748593, 16.127005015009427], [108.332362748593, 16.126909015009428], [108.33237360491374, 16.126878308488305], [108.33240354860571, 16.12676894891764], [108.3324672668389, 16.12670452270408], [108.3325024421468, 16.12668191000615], [108.33250280405082, 16.12668167686304], [108.33272805240098, 16.12653626337116], [108.33296045018447, 16.126424333010135], [108.33297928529355, 16.126414127343057], [108.33299706230608, 16.126402173481775], [108.33301361946648, 16.126388580196185], [108.3330288061188, 16.126373471173537], [108.33304248407751, 16.126356983892993], [108.3331334840775, 16.126235983892993], [108.3331489881293, 16.12621242178817], [108.33318580371436, 16.12614799451432], [108.33318778916187, 16.126149235007784], [108.33320817586481, 16.126159265504757], [108.33322947172576, 16.126167184774488], [108.33325145877127, 16.12617291175942], [108.33327391195328, 16.12617638784108], [108.33329660145264, 16.126177577440107], [108.33331929503132, 16.126176468380365], [108.33334176040955, 16.126173072013625], [108.33338639831152, 16.12616399311831], [108.33340473615178, 16.126161277857427], [108.33342607908472, 16.126155941615743], [108.33344679749266, 16.12614854270813], [108.33346669255347, 16.126139152137476], [108.33348557334615, 16.12612786001946], [108.33348857334616, 16.126125860019457], [108.33349973178255, 16.126117919167918], [108.33352873178255, 16.12609591916792], [108.3335463491218, 16.126081070814855], [108.33356235241926, 16.12606449557123], [108.33357657323583, 16.126046367896056], [108.33358886189349, 16.12602687858811], [108.33359908905071, 16.126006232777733], [108.33360714706386, 16.12598464776777], [108.33361295112013, 16.125962350746402], [108.33363058173374, 16.125876842270326], [108.33369467501046, 16.125675182936305], [108.33381786632297, 16.125535746615533], [108.33390403364064, 16.1254906388922], [108.33399200877788, 16.12548514044612], [108.33401230123869, 16.125482942809004], [108.33403231035838, 16.12547891184093], [108.33405187085411, 16.125473080839203], [108.3342298708541, 16.125411080839203], [108.33425086004438, 16.125402560205895], [108.33427088409145, 16.125391968471448], [108.33428973926286, 16.12537941340031], [108.3343072337187, 16.12536502273268], [108.33432318946356, 16.125348942884848], [108.33433744415743, 16.125331337459464], [108.33434985276747, 16.12531238558101], [108.33437846617586, 16.125263465882817], [108.33440291000615, 16.125225442146817], [108.334414687169, 16.125204796059673], [108.3344242162838, 16.125183020879984], [108.33443139060775, 16.125160360527936], [108.33445939060775, 16.125052360527935], [108.33446392559385, 16.12503041244307], [108.3344662504207, 16.12500812164433], [108.33446653767012, 16.1250028075301], [108.33449047779109, 16.1249339796823], [108.33453658563212, 16.12487926504429], [108.33456836465, 16.124843747318423], [108.33457888434106, 16.12483108518027], [108.33465818822754, 16.124728178946622], [108.33479308610563, 16.124575937055628], [108.33480488661633, 16.12456144698104], [108.3348154415882, 16.12454602599265], [108.33482544158821, 16.124530025992648], [108.33482862750452, 16.124524769833158], [108.33493262750451, 16.12434776983316], [108.33494217023465, 16.12432969243019], [108.33495002969663, 16.12431082221413], [108.33501600092953, 16.124129600032205], [108.335027725938, 16.124117875023728], [108.33509151892274, 16.124091243000976], [108.33511230081682, 16.12408128588433], [108.33513195294223, 16.12406925154764], [108.33515026838207, 16.124055266700246], [108.33516705429335, 16.124039478588397], [108.33518213393747, 16.12402205344488], [108.33519534854106, 16.12400317473876], [108.33526734854107, 16.12388817473876], [108.33527698395831, 16.123871184156602], [108.33528510658032, 16.12385342059391], [108.33532810658032, 16.12374742059391], [108.33532856694741, 16.123746276730795], [108.33543583467542, 16.123477624222787], [108.33560518726101, 16.123143785505214], [108.33565809299962, 16.123039970470973], [108.33565849233489, 16.123039183047496], [108.33570223605146, 16.122952505683145], [108.33576025261712, 16.122879188045246], [108.33580259832826, 16.122848158860354], [108.33587799677628, 16.122840397255413], [108.33589808239742, 16.122837406652526], [108.33591781576168, 16.12283261392703], [108.33593703552208, 16.122826058265947], [108.33601603552208, 16.122795058265943], [108.33603525921109, 16.12278645387902], [108.33605359230879, 16.122776086467486], [108.33607087357261, 16.122764047214428], [108.336086951011, 16.12275044200704], [108.33610168322026, 16.12273539050534], [108.33615068322027, 16.12268039050534], [108.3361646019535, 16.12266312083836], [108.33617674924142, 16.12264456239208], [108.3361870065927, 16.122624896195777], [108.33619527395149, 16.12260431408435], [108.33620147067343, 16.122583016827026], [108.33622602176992, 16.122479902221823], [108.33623533255131, 16.122443590174335], [108.33627384688434, 16.122297905523304], [108.33632554327323, 16.122205590543153], [108.33634342744446, 16.12218965030358], [108.33634403234068, 16.122189109192444], [108.33647036252911, 16.1220756886583], [108.33664219690645, 16.121957098735905], [108.3366806219069, 16.121945675087122], [108.33669902051753, 16.121959254568356], [108.33671872973743, 16.121970904242765], [108.33673952262863, 16.121980486723594], [108.3367611830925, 16.121987902420997], [108.33678348601384, 16.121993074264317], [108.33680619960042, 16.12199594850305], [108.336829087792, 16.121996495265503], [108.33685191271371, 16.12199470886922], [108.33687443714825, 16.121990607880058], [108.3369079680347, 16.121982718259716], [108.3369594984519, 16.12197082662498], [108.33698004858493, 16.121965042915924], [108.336999956685, 16.121957334037358], [108.33701904285194, 16.121947769650824], [108.33703713461291, 16.121936436185223], [108.33713168296855, 16.12187074995919], [108.33719522979312, 16.121827061517305], [108.33721478850845, 16.121811965641335], [108.33730201286858, 16.12173663551212], [108.33732459802135, 16.12171748723043], [108.3376647578207, 16.121557139423103], [108.33767004155162, 16.12155456368139], [108.33793373812816, 16.12142171654245], [108.33795143424261, 16.121412868485223], [108.33797212307122, 16.121401114745755], [108.33799145218994, 16.121387238031787], [108.3380092046129, 16.121371394121283], [108.3381432046129, 16.121238394121285], [108.3381582748458, 16.121221867117494], [108.33817162640956, 16.12120392305111], [108.33818312687346, 16.12118473990476], [108.3381926621673, 16.121164507951192], [108.3382061805985, 16.1211316774754], [108.33827368588717, 16.120972841502056], [108.33827466216724, 16.12097050795135], [108.33828166216725, 16.12095350795135], [108.33829158506691, 16.12092360507265], [108.33833758506691, 16.12074360507265], [108.33834220492797, 16.120720560028182], [108.33834439097578, 16.12069715835333], [108.33834411926655, 16.12067365636693], [108.33833611926654, 16.12054865636693], [108.33833359666076, 16.120526529390148], [108.33832889493041, 16.12050476105596], [108.33832206031111, 16.12048356542857], [108.33829081436684, 16.120400937264822], [108.33828917634979, 16.12031303034983], [108.33830532948203, 16.12025764818219], [108.33836529581754, 16.120165392281393], [108.3383756561715, 16.120147742116522], [108.33838436668185, 16.12012922206622], [108.33839135500764, 16.12010998593988], [108.33842135500764, 16.12001398593988], [108.3384270503591, 16.119991866746087], [108.33843046953493, 16.119969283455827], [108.33843157716757, 16.11994646966806], [108.3384303617998, 16.119923661365988], [108.33842683600322, 16.119901094476063], [108.3384210362483, 16.119879002427602], [108.33841302252704, 16.11985761373822], [108.33840287773242, 16.119837149650053], [108.3383362087677, 16.119718270050303], [108.33830936231598, 16.11959588181456], [108.33830608065438, 16.11958280901825], [108.33827408065439, 16.11946980901825], [108.33826755713581, 16.11945024733888], [108.33825926685537, 16.119431366479663], [108.33824927970787, 16.119413325623835], [108.33823767989423, 16.11939627687261], [108.33822456521173, 16.11938036396285], [108.33821004622932, 16.1193657210552], [108.33819424535558, 16.119352471603012], [108.33815624535558, 16.119323471603014], [108.33813698235028, 16.11931029628285], [108.33811645604592, 16.119299191182023], [108.33809488810725, 16.11929027622515], [108.33807251144765, 16.119283647685357], [108.33804956771394, 16.119279377144622], [108.3380263046768, 16.119277510720757], [108.3380029735551, 16.119278068569383], [108.33797982630296, 16.119281044666256], [108.33796802638902, 16.11928319010515], [108.33796266729858, 16.11926955281327], [108.33795245406785, 16.119249648760835], [108.33792645406785, 16.119204648760835], [108.33792457386942, 16.11920145567836], [108.33791398731186, 16.119183811415773], [108.33804932856576, 16.119049270997703], [108.3380498004809, 16.119048800480822], [108.3380568004809, 16.119041800480822], [108.3380750134383, 16.11902120791622], [108.3380905738694, 16.11899854432167], [108.33811782437193, 16.11895312681746], [108.33812286001942, 16.11894557334621], [108.33812768966281, 16.118938005378585], [108.33817468966281, 16.118861005378584], [108.33818666064053, 16.118838644222958], [108.33819603382666, 16.118815075833734], [108.33820268966157, 16.118790600837304], [108.33821953275094, 16.118711197701728], [108.33823176594252, 16.11869603918172], [108.33823443558094, 16.11869266553694], [108.33827943558094, 16.11863466553694], [108.33829457386942, 16.118612544321635], [108.33834857386941, 16.118522544321635], [108.3383600318223, 16.118500841360444], [108.338369053202, 16.11847801773414], [108.33837205320201, 16.11846901773414], [108.3383747895954, 16.11846020961307], [108.33838793256373, 16.118414619941657], [108.33844083614306, 16.11836992553844], [108.33853262558628, 16.11831079195482], [108.33855067808547, 16.118297855673447], [108.33856736457732, 16.11828319957942], [108.33858252187324, 16.11826696700468], [108.33859600173969, 16.118249316698652], [108.33860767234785, 16.118230421275733], [108.3386174195629, 16.118210465527152], [108.33861924693056, 16.118206201669253], [108.33864548797112, 16.118149195270803], [108.33864786848517, 16.11814443424272], [108.33865675426337, 16.11812423923258], [108.33866361551388, 16.11810326976119], [108.33866838601259, 16.118081728223853], [108.33867101971511, 16.118059822537376], [108.3386714912012, 16.118037764133316], [108.3386705338772, 16.11800330046933], [108.33866969746143, 16.11794391495053], [108.33867393610493, 16.11788796485644], [108.33867452689411, 16.11786621886395], [108.3386730109302, 16.11784451773322], [108.33866940243759, 16.11782306508764], [108.33866373527503, 16.117802062219027], [108.33865606261799, 16.117781706198908], [108.338630062618, 16.117721706198907], [108.3386198600938, 16.11770111820396], [108.33860760730028, 16.117681680454954], [108.33859343250002, 16.117663596426826], [108.33857748407526, 16.11764705542373], [108.33855992897459, 16.11763223059738], [108.33854095096534, 16.11761927713451], [108.33852074870987, 16.117608330632347], [108.33849953368599, 16.117599505679213], [108.33838753368599, 16.117559505679214], [108.33836451182793, 16.11755264777681], [108.33834088917394, 16.11754828807604], [108.3383169359944, 16.117546476456905], [108.3382929263414, 16.117547233646427], [108.33826913491308, 16.11755055098148], [108.33825062830131, 16.117554149489322], [108.33819983846628, 16.117523208555344], [108.3381818491499, 16.117513346755523], [108.33816303495897, 16.11750516770795], [108.3381435528938, 16.117498739664995], [108.3380435528938, 16.117470739664995], [108.33802301510407, 16.11746601588996], [108.33800212495514, 16.117463238024822], [108.33788512495515, 16.117453238024822], [108.33786454811468, 16.11745242689949], [108.33784398348183, 16.117453504008154], [108.33782360396614, 16.117456460294374], [108.33780358092072, 16.117461270901394], [108.33762525628902, 16.117512867368436], [108.33733059203965, 16.11754509627071], [108.3370466283164, 16.117560763234753], [108.33702207963813, 16.11756347782882], [108.33682407963813, 16.11759647782882], [108.33680379721176, 16.1176008294991], [108.33678400284053, 16.11760703407176], [108.33676486541037, 16.117615038609284], [108.33674654820216, 16.11762477481682], [108.3367292074986, 16.117636159624887], [108.3367129912509, 16.117649095898102], [108.33665586583953, 16.117699154248275], [108.33656187537603, 16.117723744776516], [108.33641369250817, 16.117725400451018], [108.3360708938272, 16.117719455965222], [108.33604689429353, 16.11772032401557], [108.33586889429353, 16.117736324015567], [108.33586770798314, 16.11773643382308], [108.33580470798314, 16.11774243382308], [108.33578210662014, 16.11774575341853], [108.33575995941189, 16.117751351854963], [108.3357384955105, 16.117759171206643], [108.3356604955105, 16.117792171206645], [108.33566001737813, 16.11779237414563], [108.33550501737814, 16.11785837414563], [108.33548894017422, 16.117865985583183], [108.33505480591484, 16.11809298388874], [108.33477693435667, 16.1181589783838], [108.33451606206425, 16.118184536817857], [108.33436060382513, 16.11817199986309], [108.33435402832687, 16.118170839481042], [108.33434723506676, 16.118169747697614], [108.33421623506675, 16.118150747697612], [108.33419676486072, 16.11814878527306], [108.33417719773475, 16.118148525247225], [108.33414575805975, 16.11814947796465], [108.33396431889143, 16.118152452377245], [108.3339438820958, 16.118153720999327], [108.33392364579436, 16.11815684575887], [108.33390377821324, 16.11816180067948], [108.33372826693513, 16.118214178390755], [108.33364925795239, 16.118225821819788], [108.33364669099082, 16.11822621528611], [108.33345847659473, 16.118256179767084], [108.33326465454535, 16.118264462760646], [108.33305724240977, 16.11822264579783], [108.33287064682614, 16.11815984045504], [108.33275756849714, 16.118115759072552], [108.33273512674373, 16.1181083454048], [108.33271203013223, 16.118103331294456], [108.33268853446909, 16.118100772275287], [108.33252753446908, 16.11809177227529], [108.33250431148983, 16.118091676703852], [108.33248120280545, 16.118093979876846], [108.33245845552283, 16.118098657165874], [108.33233545552282, 16.118130657165874], [108.33232854130291, 16.11813257442304], [108.33222934063579, 16.118161796324983], [108.33211879922612, 16.11816307426035], [108.33203798847876, 16.118141034965614], [108.33192624998934, 16.118071198409726], [108.33184362989643, 16.117976604390307], [108.33180037087513, 16.117821592897315], [108.33176830596939, 16.117635805061123], [108.33176394898587, 16.117615962744953], [108.33175781675314, 16.117596595335783], [108.33174995944998, 16.117577861313165], [108.33170495944998, 16.117482861313164], [108.33169463253313, 16.117463553507534], [108.33168247445258, 16.117445343135568], [108.33166860078298, 16.117428403304956], [108.33165314340731, 16.117412895045618], [108.33163624926334, 16.117398965778982], [108.33161807894668, 16.117386747916566], [108.33159880518423, 16.1173763576013], [108.3315786111923, 16.117367893603458], [108.3314546111923, 16.117322893603458], [108.33143537964904, 16.117316876161325], [108.33141568613291, 16.117312606818462], [108.33139568919961, 16.117310119948048], [108.33137554984769, 16.117309435572277], [108.33135543022235, 16.117310559201172], [108.33125643022234, 16.117320559201172], [108.33125499025195, 16.117320709343133], [108.33121491336055, 16.117325018686294], [108.3312299189539, 16.11720224564992], [108.33123151078775, 16.117180485583816], [108.331230983568, 16.117158673741823], [108.33122834227086, 16.117137015995837], [108.3312236118263, 16.117115716763315], [108.3311976118263, 16.117020716763317], [108.33119061846097, 16.116999406661165], [108.33118153441484, 16.116978900376317], [108.33117045028985, 16.1169594024332], [108.33115747663624, 16.116941107299304], [108.33114274284988, 16.11692419744561], [108.3311263958818, 16.11690884152665], [108.33110859877246, 16.11689519269844], [108.33108952902566, 16.116883387090887], [108.33106937683819, 16.11687354245009], [108.33104834320278, 16.116865756963982], [108.33102663790353, 16.116860108283], [108.33092063790355, 16.116838108282998], [108.33089573642086, 16.116834381605642], [108.33087057428067, 16.116833465818964], [108.33084546777192, 16.116835372434437], [108.33074746777191, 16.116848372434436], [108.33072736254951, 16.11685197646484], [108.33070766793712, 16.116857392297653], [108.33068854685212, 16.116864575132134], [108.3306701574676, 16.11687346555056], [108.33053065659269, 16.116948918853975], [108.33051938781112, 16.11695239268889], [108.33051337364824, 16.116921749097067], [108.33051132874998, 16.116912390662677], [108.33049132874999, 16.116829390662677], [108.33048532484393, 16.11680883343593], [108.33047739010253, 16.116788941569787], [108.3304675966826, 16.1167698959565], [108.33045603364332, 16.116751869792672], [108.33044280613645, 16.11673502700427], [108.33042803444998, 16.116719520755893], [108.33041185291441, 16.116705492057946], [108.3303368529144, 16.116646492057946], [108.33031970421553, 16.116634258723735], [108.33030148475434, 16.11662368594866], [108.33028235482695, 16.11661486675274], [108.3302624827398, 16.116607878727898], [108.33024204332894, 16.116602783355262], [108.33017449792533, 16.116589274274542], [108.33017105784315, 16.116588170851955], [108.3301630496585, 16.11647160727536], [108.33016035045378, 16.1164490637106], [108.33015538882614, 16.11642690789264], [108.33014821548835, 16.1164053662761], [108.3301389037591, 16.11638465903783], [108.33012754881359, 16.11636499782651], [108.3300395488136, 16.11622899782651], [108.33002604198741, 16.116210303560493], [108.33001068909738, 16.11619309313623], [108.3299936520613, 16.116177548061838], [108.3298866520613, 16.116089548061836], [108.32987038951627, 16.116077363592954], [108.3298530921732, 16.11606669899849], [108.32983490165185, 16.11605764159346], [108.32981596688482, 16.11605026553421], [108.32979644289809, 16.11604463121128], [108.32954244289809, 16.115983631211282], [108.32951785907352, 16.115979156877003], [108.32949293035554, 16.11597744132513], [108.32946796535998, 16.11597850579407], [108.32935729786868, 16.115989416673493], [108.32935835535633, 16.115977992973875], [108.32935828488961, 16.115956533800198], [108.32935616657795, 16.11593517931926], [108.32935201976274, 16.115914124509263], [108.32934588230665, 16.115893561612257], [108.32933781024809, 16.115873678378843], [108.32932787728939, 16.115854656353928], [108.3292898772894, 16.11578965635393], [108.329277847058, 16.115771216719782], [108.32926406904402, 16.115754043691343], [108.32924867567179, 16.115738302323358], [108.32923181489126, 16.11572414391048], [108.3292136487561, 16.115711704533158], [108.32919435186606, 16.115701103749696], [108.32917410968894, 16.11569244344717], [108.32911210968892, 16.11566944344717], [108.32909004046122, 16.115662526663357], [108.32906737689379, 16.115657916303153], [108.32904435934616, 16.115655661261947], [108.329021231932, 16.11565578545568], [108.32899823993019, 16.115658287567214], [108.32887423993019, 16.115678287567214], [108.32884687586079, 16.115684476153305], [108.3286078758608, 16.115754476153306], [108.3285943776647, 16.11575889764763], [108.32849440154268, 16.115795185277104], [108.32842738700684, 16.115796482332637], [108.32826234495487, 16.11572177193874], [108.32816261245412, 16.115632012688064], [108.32809669780298, 16.115524007958477], [108.3280851828133, 16.115506950235964], [108.32807215462621, 16.115491018279844], [108.32805772265404, 16.115476345888634], [108.32798872265404, 16.115412345888632], [108.32797190014325, 16.115398208678872], [108.32795377654847, 16.11538578318568], [108.32793452538178, 16.11537518836854], [108.32791433095046, 16.115366525660363], [108.32789338659245, 16.115359877996386], [108.32787189282531, 16.11535530902017], [108.32776689282531, 16.11533830902017], [108.3277477474894, 16.11533604753396], [108.32772847874081, 16.11533543635936], [108.32770922857144, 16.115336480000128], [108.32755522857144, 16.11535148000013], [108.32753139076782, 16.11535510233429], [108.32750807869803, 16.11536125941055], [108.32748556107835, 16.115369880256804], [108.32731956107834, 16.115443880256805], [108.32730126870754, 16.115453055546393], [108.32728388750839, 16.11546385789264], [108.32716647711926, 16.11554446801055], [108.32707332110182, 16.1154547201401], [108.32705680048086, 16.115438199519136], [108.3270398197552, 16.115422866882874], [108.3268458197552, 16.11526486688287], [108.32682438837216, 16.11524941670618], [108.3268012908399, 16.11523659032158], [108.32662029083988, 16.115149590321582], [108.3265979739964, 16.11514030662432], [108.32657478867294, 16.115133475130026], [108.3265510034425, 16.115129174973013], [108.3265268938272, 16.115127455965222], [108.3263538938272, 16.11512445596522], [108.32633452524419, 16.115124955992318], [108.32631527184068, 16.11512712359207], [108.3262962769209, 16.115130942630906], [108.32627768186514, 16.115136384683492], [108.32613068186514, 16.115186384683494], [108.32610946323774, 16.115194828357627], [108.32590646323773, 16.115287828357626], [108.32589137395858, 16.11529544067417], [108.32587689987017, 16.115304166181215], [108.32570423086366, 16.115417327790006], [108.32552601678648, 16.115522713999106], [108.32531625206893, 16.11558155044427], [108.32502262050639, 16.115641194355412], [108.32472957156081, 16.115651236531118], [108.3244594119153, 16.115638194341336], [108.32424921180339, 16.115608031096578], [108.32398451655484, 16.115564410905804], [108.32395377766261, 16.11556149653887], [108.32368177766261, 16.11555449653887], [108.32365840171742, 16.115555112783092], [108.32363521657153, 16.115558156396048], [108.32361247359655, 16.11556359437911], [108.32331747359655, 16.11565059437911], [108.32331685531047, 16.11565077768645], [108.32306185531047, 16.11572677768645], [108.32306162985908, 16.11572684500842], [108.32257362985908, 16.115872845008422], [108.32255450906543, 16.115879518707583], [108.32129465656861, 16.116384054443916], [108.32101858978261, 16.1164616706649], [108.3208189261806, 16.116469745295863], [108.32075694864527, 16.116446134806207], [108.32075620160549, 16.11644585174011], [108.3205665239839, 16.116374365199313], [108.320409498635, 16.11629869033237], [108.32011590796921, 16.11615729849958], [108.3197401828613, 16.115795153817245], [108.31952533973158, 16.11550616128878], [108.31932472665969, 16.115235383053818], [108.31905389788275, 16.11484253252023], [108.31903519775578, 16.114818958643337], [108.31874619775577, 16.114500958643337], [108.31872633975924, 16.11448164783444], [108.31835033975923, 16.114158647834444], [108.31833778271148, 16.114148618815975], [108.31809778271149, 16.113970618815973], [108.31809736603863, 16.113970310528295], [108.3178966803422, 16.11382218537142], [108.31742336991952, 16.113391012315553], [108.31707948730691, 16.11306905844926], [108.31705592349947, 16.113049819570566], [108.31674292349948, 16.112827819570565], [108.31671740440403, 16.112812166135015], [108.31641840440403, 16.112655166135013], [108.316396815741, 16.11264524957847], [108.31609181574099, 16.11252424957847], [108.31607021504765, 16.112516926162186], [108.31604798294117, 16.1125118314766], [108.31579618504779, 16.112467449833524], [108.31562058268038, 16.112391062803702], [108.31561026803756, 16.112386876789323], [108.31544326803757, 16.112323876789322], [108.31542024095553, 16.112316578427095], [108.31539656319075, 16.11231179553548], [108.31537250868435, 16.112309583450397], [108.31516150868434, 16.112301583450396], [108.31515861269115, 16.112301492353932], [108.31501941376207, 16.112298012380705], [108.31490508068464, 16.112273670499704], [108.31479925827504, 16.112229648377312], [108.31477828140127, 16.11222211974476], [108.31475666160541, 16.11221670735451], [108.31464566160541, 16.112194707354508], [108.31461885432996, 16.112191055549285], [108.31459180244768, 16.112190653849215], [108.31439380244768, 16.112199653849217], [108.31437114251624, 16.112201838862074], [108.31434882021188, 16.112206306691817], [108.31432706490746, 16.112213011429265], [108.31430610014962, 16.112221884179885], [108.31421293441043, 16.112267011334804], [108.314133407174, 16.112275772810005], [108.31411199228484, 16.11227918536084], [108.31390496029533, 16.11232251763771], [108.31351202814092, 16.112375431194664], [108.3134911317697, 16.11237925903769], [108.31347069058421, 16.112385044247166], [108.31345088749896, 16.112392735055113], [108.31307274849797, 16.112560582468817], [108.31288133267007, 16.112616226604835], [108.312796796414, 16.11259992318402], [108.31279572175694, 16.112599692900364], [108.31260760060896, 16.11251231909704], [108.31259088751352, 16.112505361160554], [108.31257366828555, 16.112499772007887], [108.31243529962859, 16.1124609491473], [108.3123139299265, 16.112426129970473], [108.31231122761785, 16.11242537295938], [108.31206824221834, 16.112358938749026], [108.3118782741382, 16.112258173071726], [108.31185129113905, 16.112236837677056], [108.3118506502156, 16.112236332789802], [108.3116926502156, 16.112112332789803], [108.31168758852978, 16.112108474959754], [108.31158048088992, 16.11202921530626], [108.31156194295167, 16.11199246465676], [108.31154717887848, 16.111913019881943], [108.31153852217119, 16.11186107963817], [108.31153791210176, 16.111857589249666], [108.31152291210175, 16.111775589249667], [108.31151696340233, 16.11175099291496], [108.31150828535027, 16.11172722196381], [108.31149698812929, 16.11170457821182], [108.31148098812929, 16.11167657821182], [108.3114701815456, 16.111659499635394], [108.31145788332869, 16.11164346174636], [108.3114208833287, 16.111599461746362], [108.31140688305436, 16.111584287362458], [108.31139154837932, 16.111570462842597], [108.31136357370193, 16.111547483643307], [108.31134495012303, 16.11153217659216], [108.3113675850669, 16.11144360507265], [108.31137225616273, 16.111420208439448], [108.3113744188311, 16.11139644829536], [108.31137404866368, 16.111372592802123], [108.31137114983828, 16.111348911197602], [108.3113657550716, 16.111325670757115], [108.31133975507161, 16.111235670757114], [108.3113338749379, 16.11121807693769], [108.31132656283087, 16.11120102843203], [108.31129545699125, 16.111136051789266], [108.31128315663054, 16.111067631032846], [108.31128152804236, 16.110990273093858], [108.31128022011107, 16.110970343003814], [108.31127714661113, 16.110950607939294], [108.31127233185252, 16.110931223995607], [108.31126581391777, 16.110912344490846], [108.31124681391776, 16.110864344490846], [108.31123810204961, 16.110845047289484], [108.31122761163202, 16.110826656265438], [108.311215435906, 16.110809334882035], [108.31120168309202, 16.1107932370954], [108.31117088648142, 16.110760453606687], [108.31111408929799, 16.110699670655993], [108.31109747466435, 16.110683629374385], [108.31107930043737, 16.11066937924316], [108.3110597588155, 16.110657070962166], [108.31103905645786, 16.110646834695544], [108.31101741229871, 16.110638778695204], [108.3108744122987, 16.110593778695204], [108.31085228676803, 16.110588035698154], [108.31078617882898, 16.110574425240113], [108.31077539606191, 16.1105629072844], [108.31072606381987, 16.110441474073188], [108.31071780093637, 16.110423458441247], [108.310707981809, 16.11040624150262], [108.31069668291867, 16.110389957359555], [108.31068399227213, 16.110374732848783], [108.31059162833606, 16.110273377733087], [108.31052126149167, 16.110134110020255], [108.31051537659495, 16.11010958961722], [108.31051510373034, 16.110108465448], [108.31048905415842, 16.11000233756244], [108.31044886654341, 16.109809240973203], [108.31044394821092, 16.10978994270165], [108.31043733956413, 16.109771156029062], [108.31037133956413, 16.109607156029064], [108.31037103889898, 16.10960641275535], [108.31033403889897, 16.10951541275535], [108.31032243843141, 16.109491155486552], [108.31012520488382, 16.109135195893494], [108.3101132933377, 16.109092565096844], [108.3101129369268, 16.109091303735195], [108.31004356407026, 16.108848498737306], [108.31001511385558, 16.108406572069384], [108.31001183530505, 16.108380171658258], [108.31000545788808, 16.108354344169914], [108.3098905183197, 16.10798453860213], [108.30984857839813, 16.107848733141765], [108.30984813260179, 16.10784730646782], [108.30965651507664, 16.10724116939847], [108.30952244651772, 16.106491162677614], [108.30950130276284, 16.10629510240496], [108.3094187124455, 16.105517376916733], [108.30942425047843, 16.10502818400793], [108.30945542749744, 16.104909202323114], [108.30953122582461, 16.104805636291925], [108.30954460913776, 16.104785082420307], [108.30955567121556, 16.10476319166554], [108.3095642801131, 16.10474022513353], [108.3095802801131, 16.10468922513353], [108.30958193692679, 16.10468369626479], [108.30958793692679, 16.10466269626479], [108.3095919865745, 16.104646178451514], [108.30959477463404, 16.104629401546973], [108.30962119061788, 16.104422201173787], [108.3096294403645, 16.104407626621402], [108.3096311558509, 16.104404539555055], [108.30965545981373, 16.104359982289875], [108.30972373810658, 16.104296639777225], [108.30973901604858, 16.104281016082567], [108.30975270323127, 16.104263981518383], [108.30976467006572, 16.10424569736624], [108.30977480325116, 16.104226336738677], [108.30978300684757, 16.104206082940205], [108.30978920318412, 16.104185127731785], [108.30981720318412, 16.104070127731784], [108.30982122713374, 16.104049408123654], [108.30984189688854, 16.103907672662064], [108.30991020490623, 16.10379679587972], [108.30992040792272, 16.103778348045328], [108.30992883617539, 16.10375902477707], [108.30993541539625, 16.103738996347474], [108.30996341539625, 16.103637996347473], [108.30996855605355, 16.103614716489215], [108.30997119989001, 16.103591022855333], [108.309971317111, 16.10356718246068], [108.30996890639548, 16.103543463974038], [108.30996399491096, 16.103520134690346], [108.30995599491095, 16.103490134690347], [108.30995593048229, 16.103489893620853], [108.30994851175923, 16.103462197054785], [108.30996167686304, 16.10344180405085], [108.30996195990477, 16.103441364491673], [108.31004095990477, 16.103318364491674], [108.31005356521975, 16.103296028519317], [108.31006354166541, 16.103272400989642], [108.31009954166541, 16.10317140098964], [108.31010596693685, 16.1031500888148], [108.31011025082482, 16.103128245252517], [108.31011235124294, 16.103106084901587], [108.31011224755592, 16.103083825473057], [108.31010994078247, 16.10306168565134], [108.3101054535851, 16.10303988294579], [108.3100814535851, 16.10294688294579], [108.31007538388714, 16.102927157810523], [108.3100675290646, 16.102908073158115], [108.310057955451, 16.102889790157338], [108.31004674389494, 16.102872463207074], [108.31003398907737, 16.1028562386324], [108.31001979871198, 16.102841253448897], [108.31000429263555, 16.102827634205568], [108.30985429263555, 16.102707634205565], [108.30985300679848, 16.10270661322209], [108.30984426966761, 16.102699727668625], [108.30987183192123, 16.10268064610843], [108.30988884862073, 16.102667621859087], [108.30990454651153, 16.102653035037736], [108.30991878266846, 16.102637018453567], [108.30993142747505, 16.10261971793337], [108.30994236580365, 16.102601290993842], [108.30995149806364, 16.102581905407437], [108.30995874110819, 16.102561737674836], [108.30996402899129, 16.102540971417948], [108.30996731356815, 16.102519795708098], [108.30998031356816, 16.1023977957081], [108.30998157366628, 16.102375361564633], [108.30998058568213, 16.102352913791297], [108.30997735950582, 16.10233067710029], [108.30997192743285, 16.10230887409078], [108.30996434384069, 16.10228772302059], [108.30995468464444, 16.102267435621343], [108.30988568464443, 16.102139435621343], [108.30987306073237, 16.10211876906518], [108.30985828489976, 16.102099581973945], [108.30984152896274, 16.1020820974587], [108.30974818719544, 16.101994663398195], [108.3097460337076, 16.10196236108051], [108.30978476376706, 16.101764676401967], [108.30982157173825, 16.10166716756598], [108.30991291121784, 16.101558505081663], [108.30992546761908, 16.101542089355366], [108.30993646175052, 16.101524588830927], [108.30994580050209, 16.101506151721576], [108.30995340478319, 16.101486934172538], [108.31001040478318, 16.101320934172538], [108.31001608806372, 16.101301598338686], [108.31002001499631, 16.101281830856585], [108.31003577934388, 16.10117837732566], [108.31003699898625, 16.101171059471497], [108.31008226658952, 16.10102555646094], [108.31013755761796, 16.100920928822507], [108.31014619667849, 16.10090262979782], [108.31015315349109, 16.100883627418238], [108.31023715349109, 16.100617627418238], [108.31024220646633, 16.100598823258412], [108.31029120646633, 16.100378823258414], [108.3102914468571, 16.10037773114663], [108.31037344685708, 16.10000073114663], [108.31037634445445, 16.09998459317986], [108.31042934445446, 16.099611593179862], [108.31043157444083, 16.099581227182732], [108.31043357444082, 16.099215227182732], [108.31043259814628, 16.099193046374385], [108.31042943645707, 16.099171070361752], [108.31034043645707, 16.09871407036175], [108.31033611040195, 16.09869591416192], [108.31021711040195, 16.09827491416192], [108.31021085739239, 16.098256030879067], [108.31020295799138, 16.098237774976916], [108.31009595799138, 16.098017774976917], [108.31008616479322, 16.097999776604365], [108.31007477191754, 16.097982745734495], [108.31006187420444, 16.09796682414093], [108.31004757902105, 16.097952144363116], [108.31003200536775, 16.09793882860299], [108.31001528288755, 16.097926987707723], [108.30989528288755, 16.097849987707722], [108.30989264487218, 16.097848320741157], [108.30985559476794, 16.097825267342966], [108.30972039226567, 16.09772461659127], [108.30969059643728, 16.09767289553068], [108.30967732979714, 16.097652505886487], [108.30966193566732, 16.097633670757116], [108.3096445946627, 16.09761661112964], [108.30962551024021, 16.097601527159703], [108.30959229334137, 16.09757807993699], [108.30952907169605, 16.097532639379416], [108.30950926613572, 16.097519923008818], [108.30937426613572, 16.097442923008817], [108.30935549853473, 16.097433355902805], [108.30933591708835, 16.097425589351325], [108.3091858830689, 16.097374085135698], [108.30910360995576, 16.097289092250204], [108.3091013077529, 16.09728663656716], [108.30902825403064, 16.097180783214483], [108.308975905967, 16.097043158466544], [108.30896838404686, 16.097025655852644], [108.30895940581452, 16.09700885370635], [108.30894903587544, 16.096992872932294], [108.30885803587543, 16.096864872932294], [108.30884224019091, 16.096845113696475], [108.30882432253165, 16.09682725624606], [108.30880451024021, 16.096811527159705], [108.30877074218878, 16.096787690888107], [108.30864697372573, 16.09669985520465], [108.30862688877255, 16.09668714382034], [108.30836488877256, 16.09654014382034], [108.30834816245212, 16.096531657290416], [108.30833078631329, 16.096524596073447], [108.30785378631329, 16.096353596073445], [108.3078306365812, 16.096346677816598], [108.30747420416333, 16.096260743425443], [108.30720520490283, 16.096173082324572], [108.30714193225214, 16.09612541692772], [108.30712474926504, 16.096072105608787], [108.30711631276353, 16.096049995304632], [108.3071055964373, 16.0960288955307], [108.3070525964373, 16.095936895530702], [108.30704132081975, 16.095919274665192], [108.30702845449711, 16.095902779447886], [108.30701410911259, 16.095887553010513], [108.30699840914345, 16.095873727475393], [108.30698149082093, 16.09586142280898], [108.30696350094811, 16.0958507457809], [108.30694459562612, 16.095841789037497], [108.30681059562612, 16.095785789037496], [108.30679348317906, 16.09577944140553], [108.30659062589112, 16.09571343999127], [108.30635064356936, 16.09561978835351], [108.30633012719505, 16.095612901292295], [108.30630904317894, 16.095608020975508], [108.30616004317895, 16.09558102097551], [108.30613673456287, 16.095578046567674], [108.30611324274533, 16.095577523887787], [108.30608982490277, 16.095579458657884], [108.30597182490277, 16.095595458657886], [108.30594886721201, 16.095599798047022], [108.30592648460465, 16.095606499147735], [108.30590491933913, 16.095615489430582], [108.30588440482734, 16.09562667158912], [108.3058651631084, 16.09563992459311], [108.3057771535128, 16.0957075530192], [108.30573655288734, 16.095733963134787], [108.30567917422462, 16.09573442962798], [108.30567737824859, 16.095734451412028], [108.3056187557384, 16.095735396936387], [108.30541390127956, 16.095732538502073], [108.30525868165371, 16.095686640225612], [108.30523934187225, 16.095681843274438], [108.30521965302094, 16.095678779449862], [108.30519977009513, 16.095677472871042], [108.30517984961797, 16.095677933823684], [108.30489884961797, 16.095696933823685], [108.30487790431003, 16.095699341960195], [108.30444190431004, 16.095770341960193], [108.30441333008189, 16.095776934923485], [108.30398433008189, 16.095905934923486], [108.30398319825484, 16.0959062785158], [108.30385919825484, 16.0959442785158], [108.30384356447436, 16.09594970728487], [108.30382837292683, 16.095956272611186], [108.30372137292683, 16.096007272611185], [108.30371944733685, 16.096008201689727], [108.30346144733684, 16.09613420168973], [108.30345552332318, 16.096137204101037], [108.30331852332317, 16.096209204101037], [108.30330259408717, 16.09621842784592], [108.30328747372486, 16.096228925115685], [108.30281047372488, 16.096589925115683], [108.30279751716687, 16.09660051251172], [108.30278538483599, 16.0966120351806], [108.30274238483598, 16.0966560351806], [108.30272637827889, 16.096674291842064], [108.30227637827889, 16.097247291842063], [108.3022592571932, 16.097272426630504], [108.3022422571932, 16.097301426630505], [108.30223914933595, 16.097306902814534], [108.30205056090946, 16.09765033226485], [108.30193154240744, 16.097662618045703], [108.30188232895988, 16.097663452171933], [108.3017554637803, 16.097665450048776], [108.3017370712626, 16.097666495378302], [108.30171882630296, 16.097669044666254], [108.30163082630295, 16.097685044666253], [108.30160758326686, 16.097690562066006], [108.30158505779903, 16.09769851717291], [108.30156350477793, 16.097708819973935], [108.30154316807872, 16.097721353891597], [108.30153016807873, 16.0977303538916], [108.3015249622596, 16.09773406867305], [108.3014569622596, 16.097784068673047], [108.30143945747766, 16.097798350264302], [108.30142347611786, 16.097814318275432], [108.30140917990435, 16.097831811117384], [108.30139671350834, 16.097850651770525], [108.3013862030841, 16.09787064957597], [108.30129073576954, 16.09807685897544], [108.30116108076763, 16.098298352937032], [108.30106419496298, 16.098416686744244], [108.30095261028191, 16.098487380144665], [108.30070038127036, 16.098584391302957], [108.30069253447301, 16.098587580437023], [108.30055253447301, 16.09864758043702], [108.30053287539795, 16.09865716439378], [108.30051424178552, 16.09866861515567], [108.30049681035845, 16.098681824122718], [108.30048074643786, 16.09869666601999], [108.30046620237526, 16.09871300008571], [108.30045331610775, 16.09873067140625], [108.30044220984976, 16.098749512385346], [108.30043298893396, 16.0987693443336], [108.30039798893397, 16.0988553443336], [108.30039105255437, 16.09887494017319], [108.30038595776618, 16.098895093421664], [108.30027595776617, 16.099434093421664], [108.30027309398864, 16.09945164866462], [108.30027162853526, 16.099469375486766], [108.30025562853525, 16.099842375486766], [108.30025590104077, 16.09986665748689], [108.30025879371844, 16.099890768111212], [108.30029279371846, 16.100084768111213], [108.30029738918252, 16.10010528692259], [108.3003038835647, 16.100125285995333], [108.30031221993201, 16.10014459000762], [108.30032232520371, 16.100163029730883], [108.30033411079198, 16.100180443513345], [108.30040511079197, 16.100275443513347], [108.30041757584031, 16.100290680780997], [108.30043132740177, 16.10030476787841], [108.30056728806004, 16.10043234740021], [108.30065347455992, 16.100535771200068], [108.30065488534905, 16.10053744745331], [108.30072929962593, 16.100624993661402], [108.30074459411446, 16.1006697006279], [108.30075010794418, 16.100763987115926], [108.30073500792984, 16.1008056919174], [108.30068263073422, 16.100876401131504], [108.3004029811935, 16.10117153299974], [108.30038325353235, 16.101195466808804], [108.30031325353234, 16.101293466808805], [108.30030045810831, 16.10131355293556], [108.30028986167578, 16.101334881108986], [108.30028158339829, 16.101357211480362], [108.30027571637025, 16.10138029293062], [108.30025071637026, 16.10150629293062], [108.30024731360778, 16.10153001041812], [108.30024645704219, 16.101553955444768], [108.30024815642366, 16.101577855447033], [108.30027415642365, 16.101785855447034], [108.30027889507305, 16.101811529676695], [108.30028658136442, 16.101836480464094], [108.30034544989961, 16.10199431639174], [108.30035790012866, 16.102118127002964], [108.30034077808965, 16.10224468120435], [108.30018154128726, 16.10253219209756], [108.30017012235282, 16.102556017241458], [108.30016158047214, 16.10258101855782], [108.30008758047214, 16.10284801855782], [108.30008126871482, 16.102879260479337], [108.3000469884452, 16.103144932568867], [108.29999709240644, 16.1033421023995], [108.29974503728681, 16.1037398087474], [108.29946157930792, 16.103984986227537], [108.29905539007575, 16.10420327839993], [108.29849660749788, 16.104403940872043], [108.29809828909512, 16.104515783970356], [108.2980816543826, 16.104521161576283], [108.29771780469333, 16.104654639043815], [108.29728746444007, 16.104793552489], [108.29681972154681, 16.10490464142615], [108.29589636325734, 16.10509190286997], [108.29587722424316, 16.105096668074165], [108.2958585771345, 16.105103094143963], [108.29584056575739, 16.10511113151478], [108.29572256575739, 16.10517013151478], [108.29570353602321, 16.10518083285327], [108.2956734446623, 16.105199736400508], [108.2956408942121, 16.105201930812882], [108.29561397877562, 16.105205388572042], [108.29552997877563, 16.10522138857204], [108.29550802727917, 16.105226726507823], [108.29548672313297, 16.105234242830708], [108.2954662819171, 16.10524386148181], [108.29544691047951, 16.105255485128453], [108.29542880484291, 16.105268996149086], [108.29541214822115, 16.10528425782352], [108.29539710916525, 16.105301115716415], [108.29533910916524, 16.105373115716414], [108.2953371438643, 16.105375590850326], [108.29529223369836, 16.105432976062367], [108.29524828320368, 16.10545815158845], [108.29511997774385, 16.105498745406244], [108.29498653493029, 16.10550774155098], [108.29470864654868, 16.10548271433649], [108.29451679389945, 16.10541792199442], [108.29427329437577, 16.105306717487544], [108.29425023684814, 16.1052976880908], [108.29326623684814, 16.1049736880908], [108.29324355185825, 16.104967514223194], [108.29322034574169, 16.10496374572724], [108.29319687281715, 16.104962423902354], [108.2931733903273, 16.104963563234573], [108.29300539032731, 16.104980563234573], [108.29297764301087, 16.10498514077792], [108.29286464301086, 16.10501114077792], [108.29284101162784, 16.105017960130564], [108.29281826769981, 16.105027322799636], [108.29264226769982, 16.105111322799637], [108.29261866572948, 16.105124382361623], [108.29251466572948, 16.105190382361624], [108.29251419644353, 16.105190680993587], [108.29240919644353, 16.10525768099359], [108.29240837441371, 16.10525820804518], [108.29232607318566, 16.105311229028633], [108.29219963817552, 16.105356444197827], [108.2921688989748, 16.10536735165614], [108.29215934433358, 16.105370988933974], [108.2920221637487, 16.10542681824178], [108.2918508027758, 16.105436217788817], [108.29168392557234, 16.10540333558124], [108.29137993761329, 16.10531863305395], [108.29091289129914, 16.10513737688686], [108.29036414594945, 16.104863987626622], [108.29036227603284, 16.104863066825875], [108.28964927603285, 16.104516066825873], [108.28963823564276, 16.10451105766968], [108.28921561674521, 16.104332904504446], [108.28898491575991, 16.104223935102876], [108.28896506119037, 16.10421569481605], [108.28894450971941, 16.104209390587304], [108.2889234496474, 16.104205080178357], [108.2886464496474, 16.104162080178355], [108.28862782803756, 16.10415998067344], [108.28860909621957, 16.10415944097991], [108.28837709621958, 16.10416244097991], [108.28836956580145, 16.104162664730936], [108.28807185888901, 16.104176511564074], [108.28778775062865, 16.104181376431544], [108.28756010106774, 16.104175956203903], [108.28740967429978, 16.10414556695785], [108.28726692230742, 16.104075870396876], [108.2870973946912, 16.10399018524302], [108.28699951294121, 16.103923447686213], [108.2869805740396, 16.103911862962768], [108.28696058384944, 16.103902204799954], [108.28687897652877, 16.103867641699434], [108.28658591150928, 16.103732016140256], [108.2863936897839, 16.103612348693574], [108.28639291279129, 16.10361186716897], [108.28621169799627, 16.103500072967073], [108.28574156349454, 16.103054072680003], [108.28574080251364, 16.10305335412549], [108.28548044679069, 16.102808658897153], [108.28453886863174, 16.1017927456204], [108.28440288163338, 16.101633278852532], [108.28430996422719, 16.101524375644292], [108.28396650539844, 16.101120475736728], [108.28384231631246, 16.100896935381968], [108.28384192177698, 16.10089622822425], [108.28376292177698, 16.100755228224248], [108.28376222325704, 16.100753990696976], [108.28362057822868, 16.100504890819526], [108.2835395707704, 16.100339982779452], [108.28352848495925, 16.100320043429164], [108.2835154334121, 16.100301331667726], [108.28350055081624, 16.10028404059376], [108.28348399075466, 16.100268348644896], [108.28332202231246, 16.10012978604695], [108.28308583732654, 16.099867990640867], [108.28258978437628, 16.099270540093563], [108.28257231243505, 16.099251786458762], [108.28255281739767, 16.099235145813765], [108.28223293334614, 16.09899223386213], [108.28211963230953, 16.09890596403731], [108.28211842099175, 16.098897991026032], [108.28211042099176, 16.098856991026032], [108.28210531394917, 16.098836163578294], [108.2820982436892, 16.098815918186546], [108.28208927467796, 16.09879643944684], [108.28207848869425, 16.098777904964955], [108.28206598408394, 16.098760483736985], [108.28205187486316, 16.098744334608458], [108.2820362896788, 16.098729604825994], [108.28201937063545, 16.098716428694708], [108.28200127199979, 16.09870492635363], [108.28198215879388, 16.0986952026803], [108.28194215879388, 16.0986772026803], [108.28192003478418, 16.098668621663588], [108.28189712884054, 16.098662423002494], [108.28187369670638, 16.098658675904677], [108.28185, 16.09865742220625], [108.281816, 16.09865742220625], [108.28179527985519, 16.098658380096943], [108.28177473646547, 16.09866124559764], [108.28175454507809, 16.09866599426393], [108.28173487793754, 16.098672585586876], [108.28171590281615, 16.098680963338598], [108.28169778158292, 16.098691056051926], [108.28169133871174, 16.098695469169208], [108.28167098417862, 16.098682115558304], [108.2816753206732, 16.098651760096175], [108.28167717581557, 16.098633430902925], [108.28167752237881, 16.098615011327134], [108.28167635803072, 16.09859662532235], [108.28166735803072, 16.09851062532235], [108.2816637964164, 16.098487905306367], [108.28165792992591, 16.098465668658413], [108.2816498200777, 16.098444148561182], [108.28163955191499, 16.098423570683313], [108.281591551915, 16.09833857068331], [108.28157790095256, 16.098317291120626], [108.28156194474685, 16.098297680713603], [108.28154388551201, 16.098279987986274], [108.28147404591931, 16.098218878342664], [108.28143006808705, 16.098169921887887], [108.28141340852316, 16.098153229314317], [108.28139509030223, 16.09813837583448], [108.28134009030224, 16.09809837583448], [108.28132408319219, 16.098087750480005], [108.28130722649088, 16.098078532163967], [108.28128964356935, 16.098070788353507], [108.28120764356935, 16.09803878835351], [108.28119322513352, 16.098033719886907], [108.28113428094012, 16.09801522759094], [108.28111619576103, 16.09798745392305], [108.28110323344184, 16.097969542083508], [108.28108857262848, 16.097952991667633], [108.28107235542453, 16.097937963094495], [108.28105473901934, 16.09792460203231], [108.28103589416435, 16.097913037986537], [108.28101600351803, 16.097903383044596], [108.28096200351803, 16.097880383044597], [108.28094076502305, 16.097872576080764], [108.2809188487238, 16.09786694596705], [108.28089647711644, 16.09786354986086], [108.28087387731946, 16.09786242223976], [108.28085127876794, 16.097863574551454], [108.28083938406789, 16.09786478418197], [108.28080889065207, 16.097854873821827], [108.28078688275353, 16.097794775329678], [108.28077798828369, 16.097773837284592], [108.28076702122053, 16.09775390648302], [108.28075409409662, 16.09773518743408], [108.28073933955665, 16.09771787221315], [108.28072290899631, 16.097702138490984], [108.28070497100893, 16.097688147710652], [108.28063797100893, 16.097641147710654], [108.28061684795638, 16.097628012681252], [108.28059440188179, 16.09761729418874], [108.28050198856305, 16.097579296834333], [108.28050156361898, 16.097541476813277], [108.28050152236297, 16.097539010614167], [108.28049952236297, 16.097449010614167], [108.28049792402179, 16.09742679584676], [108.28049413313208, 16.09740484864328], [108.28047013313208, 16.09729784864328], [108.28046416366134, 16.097276314506903], [108.28045608367897, 16.097255480220362], [108.2804459731841, 16.097235552061797], [108.28043393227968, 16.097216727337862], [108.28042008018147, 16.097199192430228], [108.28040455403769, 16.097183120950216], [108.28038750757109, 16.097168672019908], [108.280369109557, 16.097155988696688], [108.28034954215227, 16.097145196556834], [108.28032899909176, 16.09713640245222], [108.28030199909176, 16.097126402452222], [108.28028112887631, 16.097119810044116], [108.28025971605946, 16.09711528047325], [108.2802379640169, 16.097112856760805], [108.28021607934622, 16.097112561926828], [108.28019426990471, 16.097114398771613], [108.28017274283513, 16.097118349849087], [108.28015170259835, 16.09712437763251], [108.2801313490313, 16.097132424870914], [108.28011187544908, 16.09714241513285], [108.28009346680884, 16.097154253532324], [108.28005146680883, 16.097184253532323], [108.28003755334026, 16.097195039690806], [108.27996255334027, 16.097258039690807], [108.27995456959464, 16.097265075299106], [108.2798953640464, 16.097319795578535], [108.27989411090147, 16.097320775602128], [108.27989381758405, 16.097319312839552], [108.27988755980851, 16.097298649931233], [108.27986155980852, 16.097225649931236], [108.27985253679451, 16.09720397406369], [108.27984130004755, 16.097183358692398], [108.2798279723856, 16.09716402914395], [108.27981269948042, 16.097146196690872], [108.27979564826526, 16.097130056242374], [108.27977700511042, 16.097115784214026], [108.27974200511042, 16.097091784214022], [108.2797222877952, 16.097079707033963], [108.27970143319142, 16.097069721229097], [108.27967966236525, 16.097061932652487], [108.27965720609515, 16.0970564238658], [108.2796343024255, 16.097053253264125], [108.27961119414334, 16.097052454456957], [108.27955219414333, 16.097053454456958], [108.27953048491477, 16.097054876343993], [108.27950901513422, 16.097058392149883], [108.27948798628628, 16.097063968880317], [108.27946759571759, 16.097071554200095], [108.2794480347848, 16.097081076924276], [108.27942948705878, 16.09709244768622], [108.27938548705878, 16.09712244768622], [108.27936776674713, 16.097135860654667], [108.27935145892715, 16.097150959402143], [108.27933672330309, 16.097167596064992], [108.27932370418247, 16.0971856077186], [108.27930938683947, 16.097207634400146], [108.27929218045458, 16.097214845301867], [108.27927102705193, 16.09722652526921], [108.27925125099895, 16.097240410362282], [108.27919525099895, 16.09728441036228], [108.27917848642744, 16.097298979278506], [108.27916324292687, 16.097315132911795], [108.27914966959321, 16.09733271326422], [108.2791378991866, 16.09735154838317], [108.2791371902514, 16.097352818558715], [108.27904846631401, 16.097384505679212], [108.27903273730844, 16.097390801787103], [108.27901752770772, 16.09739826574292], [108.27893775474088, 16.097441220417377], [108.27883743525157, 16.097481348213098], [108.27860650011327, 16.09753052071403], [108.2783290142437, 16.09755531326595], [108.27832585164768, 16.097555618399976], [108.27813828371686, 16.09757505549125], [108.27803520988472, 16.09758069234145], [108.27787284647538, 16.097561343334117], [108.27779391053555, 16.097543723704693], [108.27768633707818, 16.097495741299248], [108.27753961917406, 16.097410700985396], [108.27753481923244, 16.097407996957994], [108.27738681923243, 16.097326996957992], [108.27736523027079, 16.097316636729765], [108.27731568520687, 16.097296033831896], [108.27731117254609, 16.09728624315769], [108.27730022059562, 16.097267492070344], [108.27728750885903, 16.09724988638237], [108.27727315618591, 16.097233590699805], [108.27725729676791, 16.097218757380663], [108.27722429676791, 16.097190757380663], [108.27720459107286, 16.097175822482928], [108.27718336298705, 16.09716314439314], [108.27716086983324, 16.097152876792656], [108.27713738426911, 16.097145144143344], [108.27708538426911, 16.097131144143344], [108.27706697917878, 16.097127009387737], [108.27704829201686, 16.09712443382308], [108.27699643088478, 16.09711949466764], [108.27695140609869, 16.09710148475321], [108.27692871065472, 16.097093783900117], [108.27690532380117, 16.0970885454464], [108.27681632380119, 16.0970735454464], [108.27679438029733, 16.097070949488064], [108.27677228789885, 16.097070522533105], [108.27675026047933, 16.09707226871482], [108.27668826047933, 16.097080268714823], [108.27666727660086, 16.097083995961174], [108.27664674052761, 16.097089695541577], [108.27662683720594, 16.097097316126032], [108.27655383720594, 16.097129316126033], [108.27653592179529, 16.097138138914183], [108.27651886098583, 16.0971485183318], [108.276454122159, 16.09719196149191], [108.27645178256819, 16.097193151114354], [108.27637775932132, 16.097195538961028], [108.27635848677993, 16.097196992747637], [108.27635442003613, 16.097197654786193], [108.27634592143626, 16.097188325313798], [108.27632845990448, 16.09717276815164], [108.2763094751942, 16.097159111242682], [108.27628917317985, 16.09714750268549], [108.276267774021, 16.09713806836584], [108.27621777402099, 16.09711906836584], [108.27619775586322, 16.097112518078685], [108.27617721208695, 16.09710787198802], [108.27615632339726, 16.097105170961317], [108.27613527353314, 16.097104438757075], [108.27611424765131, 16.09710568181584], [108.27609343069749, 16.09710888920354], [108.27607300577968, 16.097114032707676], [108.27605315255748, 16.097121067085475], [108.27603404566183, 16.097129930461847], [108.27601585315887, 16.097140544873657], [108.27596185315886, 16.097175544873657], [108.27594522204721, 16.0971874331139], [108.27592974089973, 16.097200784451015], [108.27591553799876, 16.09721548825102], [108.27590273103468, 16.09723142267292], [108.27589142613058, 16.09724845567835], [108.27585517763355, 16.09730886984009], [108.27574981050971, 16.097347734762817], [108.27514577417284, 16.097560632815977], [108.27495426287457, 16.097619258723608], [108.27493441091677, 16.097626371258546], [108.27491531360022, 16.097635314461655], [108.27489713930646, 16.097646009480485], [108.27488004827872, 16.09765836201676], [108.27486419120906, 16.09767226315784], [108.27484970790968, 16.09768759033699], [108.27470870790968, 16.09785159033699], [108.27469604473889, 16.09786775961503], [108.27468491166644, 16.09788501812437], [108.27467540180086, 16.097903221527996], [108.27460204691928, 16.09806079868102], [108.27456838898023, 16.09811035064686], [108.27452192283108, 16.09813788614265], [108.2743750655893, 16.09819064922353], [108.27434573683819, 16.098203619425824], [108.27419873683819, 16.098281619425823], [108.27418085120324, 16.098292198084938], [108.27393720213475, 16.098451967965918], [108.27383399174148, 16.098519096676988], [108.2737081393954, 16.09856803925602], [108.27325238883739, 16.098445826815883], [108.27284030765881, 16.09829251699352], [108.27283301773394, 16.098289946797934], [108.27283001773394, 16.098288946797933], [108.27280234842353, 16.098281645513723], [108.27249734842353, 16.09822164551372], [108.27248875116243, 16.098220127193745], [108.27199914767216, 16.098143442309727], [108.27127898937411, 16.097974050236935], [108.27063131674815, 16.09772044916505], [108.27034973230738, 16.097525380523482], [108.27033898812931, 16.097506578211846], [108.27033844466143, 16.09750563248208], [108.27022455922105, 16.097308561154815], [108.27020963530457, 16.097281511556176], [108.27019580443861, 16.097259548006257], [108.27005617639894, 16.097063885029602], [108.27004806864085, 16.09704623873258], [108.2699967387276, 16.096934520686098], [108.26999138754923, 16.096866739093333], [108.26998952588026, 16.096780171486458], [108.26998817050213, 16.096759897959746], [108.2699849882923, 16.09673982991361], [108.26998000529969, 16.0967201316213], [108.26997326231417, 16.09670096432933], [108.26995026231415, 16.096643964329328], [108.26994109527689, 16.096624094965662], [108.26993003805066, 16.096605212065136], [108.26991719561154, 16.09658749489995], [108.26990268988428, 16.09657111167496], [108.26988665858467, 16.096556217930726], [108.26985600720063, 16.0965304062389], [108.26985061308741, 16.09652501212569], [108.26982578526733, 16.09648087377887], [108.26981752024318, 16.096398223537438], [108.26982277593267, 16.09633573922918], [108.26983808574923, 16.09628568790577], [108.2698405152468, 16.0962804060987], [108.2698504374478, 16.096255600596194], [108.26987414227561, 16.096228295035043], [108.26996128379778, 16.096186413063148], [108.26998133044138, 16.096175490869154], [108.27000016467355, 16.09616258994127], [108.27001759187438, 16.096147843588742], [108.27003343196324, 16.096131404190157], [108.27004752125967, 16.096113441618858], [108.27005971417464, 16.09609414148761], [108.27006988471499, 16.096073703230587], [108.27007792778544, 16.096052338042565], [108.27010092778544, 16.095980338042562], [108.27010706703284, 16.09595678489145], [108.27011062124372, 16.09593270567072], [108.27011562124372, 16.09587870567072], [108.270116577111, 16.095857446231943], [108.27011551641183, 16.095836191765663], [108.27011244867066, 16.095815133124123], [108.27010740143395, 16.095794459401166], [108.2701004200228, 16.0957743562343], [108.27009156712609, 16.095755004137796], [108.27008092223744, 16.09573657688175], [108.27006858094153, 16.095719239931775], [108.2700546540557, 16.095703148963167], [108.27003926663497, 16.095688448463086], [108.27002255684904, 16.09567527043312], [108.27000467474168, 16.095663733203992], [108.26995467474168, 16.09563473320399], [108.26993314840603, 16.09562375099629], [108.26991056665754, 16.09561514537901], [108.26988719097166, 16.095609015997113], [108.26986329201682, 16.095605433823074], [108.26984246215856, 16.095603450027053], [108.26981245025068, 16.095600545648868], [108.26976526762581, 16.09559563079211], [108.26973849140023, 16.095594449615515], [108.2696685913481, 16.09559554180383], [108.26966007845448, 16.09559099292938], [108.26965895521641, 16.095588256836656], [108.26964311345992, 16.09551776102026], [108.2696374420627, 16.095497159672732], [108.26962983841456, 16.095477190576577], [108.26962037134989, 16.095458034508276], [108.26960912657225, 16.095439864884117], [108.26955212657225, 16.095356864884117], [108.26953674397484, 16.09533695521617], [108.26951923089666, 16.0953188911282], [108.26949980714687, 16.095302899345157], [108.26939480714687, 16.09522589934516], [108.26939253319125, 16.09522425353239], [108.26938553319125, 16.095219253532388], [108.26936886444618, 16.095208428118415], [108.26935130385093, 16.09519911886795], [108.26933298894991, 16.09519139869626], [108.26931406319572, 16.095185328072063], [108.26929467482546, 16.095180954543885], [108.2690312131233, 16.09513366654606], [108.26882956849254, 16.095079193825903], [108.26880594264408, 16.095074157269515], [108.26878191250056, 16.095071687488588], [108.26859691250056, 16.095062687488586], [108.26857641672304, 16.095062626770208], [108.26855600076576, 16.09506443488281], [108.26853583467562, 16.09506809676641], [108.26848906230828, 16.09507881543393], [108.26846776904229, 16.095083444404796], [108.26841742573305, 16.095073064341037], [108.26829802240503, 16.095048360204206], [108.26817998772131, 16.094993499013178], [108.2681526317017, 16.094980675878983], [108.26790234011207, 16.094850131638115], [108.26775882362098, 16.094774386823378], [108.26773961841414, 16.094765383351813], [108.26771964945604, 16.09475823190562], [108.26769909487797, 16.09475299627861], [108.26767813803515, 16.09474972317473], [108.26753013803516, 16.09473372317473], [108.26750756326877, 16.094732427647216], [108.26748497265437, 16.094733408774367], [108.2674625952096, 16.09473665660978], [108.26744065779103, 16.09474213822776], [108.26741938279436, 16.094749798057123], [108.26729738279437, 16.094800798057122], [108.26727438424811, 16.094811990886996], [108.26725280756641, 16.094825726220172], [108.26723293262802, 16.094841825890803], [108.26721093262802, 16.094861825890803], [108.26720319951916, 16.094869199519117], [108.26718819951915, 16.094884199519118], [108.26717266050056, 16.094901434028174], [108.26715898288035, 16.094920180017255], [108.26714731269256, 16.094940237338065], [108.26713777453813, 16.094961391841405], [108.26713067505482, 16.09498280009547], [108.26712030617664, 16.095001617689203], [108.26711010745981, 16.09502264633804], [108.26710214940904, 16.09504462103542], [108.26709651821079, 16.095067303793257], [108.26709327485146, 16.09509044895511], [108.26709245445696, 16.095113805856652], [108.26709345445695, 16.095172805856652], [108.26709493240581, 16.09519500065127], [108.26709859875423, 16.095216940367088], [108.26710441753357, 16.095238409765027], [108.26711233165886, 16.09525919822004], [108.26712226348874, 16.095279101787465], [108.26713126348874, 16.095295101787467], [108.26713220868476, 16.09529676550878], [108.26716720868477, 16.09535776550878], [108.26717820065049, 16.09537504644344], [108.26719072121921, 16.095391254138292], [108.26720466626115, 16.095406253798902], [108.26721991979969, 16.095419920677674], [108.26723635497581, 16.095432141111356], [108.26725383510316, 16.09544281346634], [108.26727221480488, 16.09545184898392], [108.26736389767329, 16.09549183832015], [108.26748948999985, 16.095550017118477], [108.26756715474139, 16.095593806813177], [108.2676509143123, 16.09565119763028], [108.26765102843218, 16.09566066958101], [108.26763544597404, 16.095713117854743], [108.26757188132315, 16.09577855205419], [108.26742528725136, 16.095835815363483], [108.26740063551847, 16.095847207728877], [108.26737753911166, 16.095861492333032], [108.26723153911166, 16.09596449233303], [108.26721369184068, 16.09597848453863], [108.2671973467274, 16.095994205358306], [108.26711934672741, 16.096077205358306], [108.26711891070204, 16.096077670655987], [108.26689091070203, 16.09632167065599], [108.26687623895144, 16.09633906003912], [108.26647647523457, 16.096864749326812], [108.26644071259746, 16.096911439436376], [108.26642937341768, 16.09692767982414], [108.26641950931257, 16.096944856163194], [108.26641119701343, 16.096962834841563], [108.26639192452858, 16.097009859704574], [108.26633907680748, 16.097027951717205], [108.2662338148198, 16.097029444795044], [108.2662099175337, 16.097031061162056], [108.26618632830673, 16.09703521342604], [108.26616331546292, 16.097041854355595], [108.26614114077005, 16.097050908411113], [108.26601614077005, 16.097109908411113], [108.26599770928016, 16.097119679497204], [108.26598026397934, 16.097131118702706], [108.26596395539922, 16.097144127321272], [108.26594892426286, 16.09715859310444], [108.26593530027058, 16.0971743912302], [108.26581466390927, 16.09732817956866], [108.26571778705596, 16.097419587567348], [108.2656329978265, 16.09747445118641], [108.26561252480579, 16.0974894027521], [108.26559386734175, 16.097506566461753], [108.26557726318582, 16.097525723598796], [108.26548226318582, 16.097648723598795], [108.26547475229833, 16.097659041445844], [108.26531575229833, 16.097891041445845], [108.26530451893981, 16.097909232456907], [108.26529506631695, 16.097928409243615], [108.26528748010023, 16.097948398004032], [108.26528182904458, 16.097969017577196], [108.26527816436634, 16.09799008108499], [108.265276519279, 16.098011397625868], [108.2652755295311, 16.098045049054555], [108.26527154086568, 16.09816770051595], [108.265271519279, 16.098181602374133], [108.26527245695945, 16.098213483509713], [108.26527314825891, 16.098279156959144], [108.26526350362288, 16.098320235964525], [108.2652581787518, 16.098327126974155], [108.26500033570784, 16.098536740383988], [108.26498688632418, 16.098548596388532], [108.26497442556402, 16.098561487479284], [108.26452742556403, 16.099062487479284], [108.26451270705138, 16.099080834202912], [108.26449998815828, 16.09910061971885], [108.26421098815827, 16.09960661971885], [108.26420206512606, 16.09962394813859], [108.26419467819932, 16.099641984988313], [108.26418888301885, 16.099660594408455], [108.26418472323587, 16.099679636226654], [108.26412872323587, 16.100002636226655], [108.26412605204999, 16.100024192230038], [108.26412547578774, 16.100045905461894], [108.26412699983979, 16.100067572805553], [108.26413060994938, 16.1000889915736], [108.26414436787113, 16.100151884930145], [108.2642101369688, 16.100467775899244], [108.26421735142186, 16.100494220271806], [108.26425324951408, 16.100599920210026], [108.26435968530897, 16.100916243413558], [108.26434490811187, 16.10121999690984], [108.26431964224912, 16.101310796104123], [108.26431920081903, 16.101312405626764], [108.26430285778166, 16.101372874865028], [108.26415738540322, 16.101412206285865], [108.26413699213326, 16.101418778824954], [108.26411731802843, 16.101427264891676], [108.26409854217125, 16.101437587242035], [108.26392254217124, 16.101545587242036], [108.26390525495904, 16.101557336538537], [108.26388913497277, 16.101570642165782], [108.26387432185145, 16.10158538886407], [108.26377732185145, 16.10169138886407], [108.26376423947464, 16.10170705935112], [108.26375263407841, 16.101723853026293], [108.26374260155052, 16.101741631134505], [108.26373648579612, 16.101753721510526], [108.26372181362272, 16.101735788854164], [108.26370696576018, 16.101719364970656], [108.26369057283564, 16.101704482934608], [108.26367279417956, 16.101691287391443], [108.26365380259092, 16.101679906594764], [108.26363378265782, 16.101670451159816], [108.26361292896325, 16.101663012988354], [108.26346392896326, 16.101618012988354], [108.26344049568128, 16.101612289116986], [108.26341658365484, 16.10160911163378], [108.26339246876205, 16.10160851719804], [108.26336842922154, 16.10161051266789], [108.26323742922153, 16.10162851266789], [108.26323525795239, 16.101628821819787], [108.26314025795239, 16.101642821819787], [108.26312724097319, 16.10164513345659], [108.26273808733966, 16.10172612482194], [108.26223457244444, 16.10180795802671], [108.2616259188392, 16.10182597113964], [108.2608391645905, 16.10171877348045], [108.26074388053443, 16.10169069871393], [108.25953460301504, 16.101329408393315], [108.25929993168752, 16.10124647234183], [108.25879480530234, 16.101017494817025], [108.25807014615204, 16.100688281385843], [108.25772443082839, 16.100444471130047], [108.25772412433001, 16.100444255359694], [108.25696210246616, 16.099908753684836], [108.25621593041446, 16.09932155304228], [108.25541278847226, 16.098688833902447], [108.25457412992347, 16.097720021809913], [108.25373856032301, 16.096631219441413], [108.25335317228418, 16.095976254415802], [108.2532284343872, 16.095729702166288], [108.25298093239783, 16.095239457841203], [108.25275203456636, 16.094228411249425], [108.25275185616712, 16.094227629735393], [108.25246485616712, 16.092980629735393], [108.25245745425732, 16.092955354230117], [108.25211545425732, 16.09199935423012], [108.25202865955701, 16.091756927632215], [108.25200288019664, 16.09168355560657], [108.25199577016777, 16.09166578089225], [108.25198717215332, 16.09164867629851], [108.25197714863172, 16.09163236611781], [108.25178614863172, 16.09134936611781], [108.2517859728421, 16.091349106046824], [108.25137028104807, 16.090735038552513], [108.25136054881358, 16.090719997826493], [108.2513601013877, 16.090719309114498], [108.2506961013877, 16.0897013091145], [108.25069486001938, 16.08969942665374], [108.25068956300683, 16.089691481134913], [108.25049663700878, 16.089394893406574], [108.25028898766978, 16.088971832136444], [108.24983284089225, 16.08802391757491], [108.24933714488367, 16.086693571370027], [108.24924369723333, 16.08619743178323], [108.24923860146171, 16.086176141467146], [108.24923145700518, 16.08615544844445], [108.24922233175168, 16.086135549344068], [108.24910763240283, 16.08591454328161], [108.24902736435202, 16.085671177382892], [108.24900678136174, 16.085442191616075], [108.24900853198025, 16.08535553599959], [108.24900855633534, 16.085354104465456], [108.24901155633533, 16.085137104465456], [108.24901010089741, 16.08510828667623], [108.24897610089741, 16.08481328667623], [108.24897316284502, 16.08479468852166], [108.24896867720433, 16.08477640184529], [108.24896267550619, 16.084758555189453], [108.24865899146359, 16.08396701742677], [108.24851379033989, 16.08328457214535], [108.2483286620604, 16.082146929008545], [108.24832858709846, 16.082146471336632], [108.24820809213696, 16.081415534958673], [108.2481185122845, 16.080759611372375], [108.24809651003453, 16.08059859490211], [108.24809158701899, 16.0805734025665], [108.24808382142682, 16.080548936560824], [108.24793882142683, 16.080168936560824], [108.2479308238761, 16.080150499703144], [108.2479212101455, 16.08013285162329], [108.2478082101455, 16.079945851623293], [108.24780733194406, 16.079944410576058], [108.24775960095356, 16.079866746591495], [108.24775378271312, 16.079854779164375], [108.247741924091, 16.079835570544954], [108.2477281969927, 16.079817649474933], [108.24771274011704, 16.079801197029106], [108.24769570964057, 16.079786379443274], [108.24767727763951, 16.079773346434575], [108.24765763035113, 16.079762229688754], [108.24763696629194, 16.0797531415296], [108.24761549425197, 16.07974617378403], [108.24759343118508, 16.079741396854267], [108.24757100001688, 16.07973885900649], [108.24754842739225, 16.07973858588315], [108.2475259413854, 16.079740580243897], [108.24730452632424, 16.07977149856325], [108.24682895933316, 16.079835358269793], [108.24675855499444, 16.079698980634646], [108.24674779589218, 16.079680380525634], [108.24673530840762, 16.07966289381449], [108.2467212068608, 16.079646680587967], [108.24670562034808, 16.079631889274367], [108.24668869156032, 16.07961865528471], [108.24667057547664, 16.079607099773074], [108.24665143794556, 16.079597328527473], [108.24663145416667, 16.079589431001374], [108.24661080708682, 16.079583479494783], [108.2465896857252, 16.079579528492356], [108.24650268572519, 16.079567528492355], [108.24648095799355, 16.079565600936284], [108.24645914575146, 16.079565790379913], [108.24643745477742, 16.079568095036013], [108.24641608970592, 16.079572493162264], [108.24639525209686, 16.079578943266373], [108.24614225209686, 16.079670943266375], [108.246140197498, 16.079671701756727], [108.245697197498, 16.079837701756727], [108.24569549771051, 16.079838346555405], [108.2453334977105, 16.079977346555403], [108.24532746224932, 16.079979764860234], [108.24523708020304, 16.080017506813626], [108.24493823494583, 16.080140211488768], [108.24477079485575, 16.080204232699685], [108.24475082662784, 16.080213001291167], [108.24473180306366, 16.080223665358353], [108.2447139035609, 16.080236124336025], [108.24469729691707, 16.08025026073243], [108.24468213973756, 16.080265941237283], [108.24466857495896, 16.080283017978907], [108.24465673050103, 16.080301329918708], [108.24464671806042, 16.08032070436982], [108.24463863205733, 16.080340958625595], [108.2446325487451, 16.080361901682565], [108.24462852549111, 16.08038333604167], [108.2446266002358, 16.080405059570733], [108.2446267911349, 16.08042686741062], [108.24462909638815, 16.080448553907118], [108.24463349425638, 16.08046991455032], [108.24463994326639, 16.080490747903216], [108.2446479432664, 16.080512747903214], [108.24464902031839, 16.080515647465443], [108.2446596270276, 16.080543610607922], [108.24471174569338, 16.08068521603948], [108.24492126482532, 16.081277855869832], [108.24492219561635, 16.081280438345054], [108.24494019561637, 16.081329438345055], [108.24494284557049, 16.08133630254395], [108.24510484557048, 16.08173630254395], [108.24510589562033, 16.08173885022374], [108.24517089562033, 16.081893850223743], [108.24517115439755, 16.08189446474827], [108.24552997437857, 16.082743039020908], [108.24565781107661, 16.08304886373702], [108.2456678184858, 16.083076270391718], [108.24514704048579, 16.083272629309754], [108.24503484604621, 16.083310986383122], [108.24456734942264, 16.08346349594262], [108.24456598226598, 16.08346394679796], [108.24456298226599, 16.083464946797957], [108.24455861105201, 16.0834664540429], [108.244095611052, 16.0836314540429], [108.24407572045189, 16.083639635811522], [108.24405670372893, 16.083649682779182], [108.24403873529918, 16.083661502797924], [108.24402197996399, 16.083674987457865], [108.2440065913986, 16.083690013081508], [108.24399271074256, 16.083706441858062], [108.24398046530537, 16.08372412310742], [108.24396996739871, 16.08374289466214], [108.24396131330644, 16.08376258435482], [108.24395458240143, 16.083783011597138], [108.24394983641767, 16.083803989036184], [108.24394711888397, 16.0838253242728], [108.24394645472479, 16.083846821626206], [108.2439478500316, 16.083868283928734], [108.24395129200705, 16.083889514334192], [108.24395674908233, 16.08391031812328], [108.24396417120664, 16.08393050448951], [108.24397392481205, 16.08395355846594], [108.24395895667105, 16.08395578335526], [108.24389895667105, 16.083967783355263], [108.24389388226354, 16.083968859329634], [108.24383588226354, 16.083981859329633], [108.2438210855443, 16.083985709201784], [108.24375708554429, 16.084004709201782], [108.24374013501749, 16.084010486181718], [108.24368313501749, 16.08403248618172], [108.24367735651042, 16.08403480904663], [108.24364117283315, 16.084049940402583], [108.24363753057109, 16.084045930067354], [108.24362094198106, 16.084030966499043], [108.24360294878075, 16.084017725107945], [108.24358372902482, 16.084006336926425], [108.24356347290556, 16.083996914648118], [108.24354238087074, 16.08398955151273], [108.24352066164005, 16.08398432038338], [108.24349853013973, 16.083981273025575], [108.2434762053757, 16.083980439594942], [108.24345390826633, 16.08398182833884], [108.24343185945635, 16.08398542551471], [108.24341027713339, 16.08399119552612], [108.24274918807023, 16.08420368843928], [108.24271417524774, 16.08409182929212], [108.24266030149131, 16.083879220360533], [108.24262885313101, 16.083742616545397], [108.24262636418547, 16.083732819233173], [108.24258436418546, 16.083581819233174], [108.24258380670983, 16.08357984978332], [108.24234880670983, 16.08276384978332], [108.24234145045507, 16.082742432104126], [108.24233197464923, 16.082721864154074], [108.24232047564351, 16.082702355070722], [108.24230707036128, 16.08268410322495], [108.24229189510918, 16.082667294203873], [108.24227510419112, 16.082652098923784], [108.24225686833934, 16.08263867189225], [108.24223737297832, 16.082627149637066], [108.24221681633941, 16.082617649317996], [108.24219540744515, 16.082610267535514], [108.24217336398395, 16.082605079348536], [108.24215091009656, 16.082602137511213], [108.242128274097, 16.08260147193653], [108.24210568615102, 16.082603089392137], [108.24208337593578, 16.08260697343153], [108.24206157030443, 16.082613084561302], [108.24190657030444, 16.082665084561302], [108.24188415638332, 16.082673969215428], [108.2415095014542, 16.082846291120806], [108.24097358820444, 16.08301809573275], [108.24046129952693, 16.08318154970768], [108.24033905130835, 16.0832185946224], [108.24014439660395, 16.083261744680026], [108.24014414612043, 16.08326180035608], [108.23980314612042, 16.08333780035608], [108.23965292097459, 16.083371403280676], [108.23957687240753, 16.083387002986743], [108.23955466013068, 16.083392755916197], [108.23953315079942, 16.083400745290962], [108.23951256894478, 16.083410887711764], [108.23949312941605, 16.083423077304182], [108.23947503513807, 16.083437186823826], [108.23945847499289, 16.08345306898463], [108.2394436218481, 16.083470557996325], [108.2394306307523, 16.08348947129509], [108.23941963731659, 16.0835096114493], [108.23941075629895, 16.083530768220463], [108.2394040804063, 16.083552720757847], [108.23939967932678, 16.083575239903908], [108.23939867932678, 16.083582239903908], [108.2393966563995, 16.083603746495033], [108.23939670909638, 16.083625347951454], [108.23939883692987, 16.083646844416773], [108.23940302021325, 16.083668037005967], [108.23946202021325, 16.083906037005967], [108.23946747737894, 16.0839245900887], [108.2394745104868, 16.083942604886225], [108.2396275104868, 16.084289604886226], [108.2396279585181, 16.08429061427914], [108.23966995851809, 16.084384614279138], [108.23968700129089, 16.084422709948807], [108.23968821017229, 16.084425365733026], [108.23987609826457, 16.084831124059967], [108.23992798692974, 16.084943882120818], [108.23992853999466, 16.084945074768854], [108.23997834538818, 16.085051658310984], [108.2400701524885, 16.08525024106059], [108.24007124902143, 16.085252577565367], [108.24037958495549, 16.085899885375664], [108.2404444309581, 16.086067722088284], [108.24045135536835, 16.086085754406636], [108.24043109897775, 16.086065498016033], [108.24016639634878, 16.085798797631366], [108.24015015998039, 16.085783967039376], [108.24013255101238, 16.085770795465315], [108.24011373827729, 16.085759409196555], [108.24009390214924, 16.085749917403184], [108.24007323281447, 16.08574241109131], [108.24005192844794, 16.08573696223049], [108.24003019331319, 16.085733623063707], [108.24000823580391, 16.085732425606462], [108.2399862664459, 16.085733381339825], [108.23996449587857, 16.085736481100348], [108.23994313283531, 16.08574169516792], [108.23992238214228, 16.085748973550725], [108.23990244275446, 16.085758246464565], [108.23988350584817, 16.08576942500192], [108.23986575298802, 16.085782401984403], [108.2398493543862, 16.085797052990365], [108.23971035438619, 16.085934052990364], [108.23970919951914, 16.085935199519135], [108.23967519951914, 16.085969199519134], [108.23967164062857, 16.0859727584097], [108.23949436922733, 16.086148071010932], [108.23927378510851, 16.086348960119143], [108.23927264834204, 16.086350002552255], [108.23899884364572, 16.086602822217117], [108.23857003398821, 16.086996890351443], [108.23842212628045, 16.08712324859184], [108.23840919951907, 16.087135199519206], [108.23840462303562, 16.087139776002655], [108.23827519091522, 16.08725850321084], [108.23827460811161, 16.087259039708428], [108.23816995324053, 16.087355720875046], [108.2380272996999, 16.087486403489194], [108.23802605968334, 16.08748754804659], [108.2379263442409, 16.087580283408048], [108.23776978878581, 16.08772487284109], [108.23769588095826, 16.087792868042456], [108.23753784100397, 16.087935004605104], [108.23733988227919, 16.088112967499093], [108.23694590598036, 16.088466946204132], [108.23694273124472, 16.088469854107263], [108.23678537970214, 16.088616778740406], [108.2367685713391, 16.088599970377363], [108.23666733467675, 16.088496748682427], [108.23666580048086, 16.088495199519134], [108.23658595091707, 16.088415349955344], [108.23651875678787, 16.088338823308202], [108.23650773830573, 16.08832714440157], [108.23635917402154, 16.088180547856254], [108.23623853538109, 16.088054024404066], [108.2362353547532, 16.088050755732883], [108.23595189375101, 16.087765305530663], [108.23580440231578, 16.08761088496761], [108.23580183050535, 16.087608236268416], [108.23557289576324, 16.087376302381227], [108.23537083077753, 16.087171251213444], [108.23518469078743, 16.086978143416236], [108.23518180048093, 16.0869751995192], [108.2351747994507, 16.086968198488965], [108.23490592864262, 16.08668543767605], [108.23485310936935, 16.086629628632593], [108.2348480004936, 16.086624403541816], [108.23475275062953, 16.086530106176376], [108.23474052727009, 16.086516992427025], [108.23471698781098, 16.086494394546282], [108.23450975366806, 16.0862881425557], [108.23427701557844, 16.086042529593023], [108.23427545766341, 16.08604090192707], [108.2340424576634, 16.08579990192707], [108.23404041957897, 16.08579782104032], [108.23378660273622, 16.08554201347722], [108.23376176792432, 16.08551622348026], [108.2337609317397, 16.085515359773357], [108.23339648619836, 16.08514092942268], [108.23318317077802, 16.08491864279307], [108.23296430470565, 16.084689782836097], [108.23295426006925, 16.084679918030186], [108.23274826006924, 16.084489918030187], [108.2327311713881, 16.084475657084653], [108.23271275499138, 16.08446315772773], [108.23269319177345, 16.08445254273385], [108.2326726738932, 16.084443916368365], [108.23265140288672, 16.084437363363406], [108.2326295876876, 16.084432948085606], [108.23260744257475, 16.08443071390385], [108.23258518506766, 16.084430682763294], [108.23256303378983, 16.084432854969826], [108.23254120632127, 16.084437209187026], [108.23251991706144, 16.084443702645775], [108.23249937512321, 16.08445227156433], [108.23247978227897, 16.084462831774832], [108.23246133097865, 16.084475279550038], [108.2324442024594, 16.084489492622172], [108.23242856496543, 16.0845053313839], [108.23215115711777, 16.08481566894011], [108.23188309885978, 16.085110813224162], [108.23185304260576, 16.08509112849442], [108.2308585378954, 16.084441138053943], [108.23085221376225, 16.08443408421312], [108.23083924577428, 16.08442077185733], [108.23082522148869, 16.084408577311745], [108.23081023694581, 16.084397584086393], [108.23055212388327, 16.084224179943988], [108.2304130051104, 16.084128784214016], [108.23041259476615, 16.084128503502377], [108.23020159476614, 16.08398450350238], [108.23020059437957, 16.08398382870498], [108.22999424443466, 16.083833488030848], [108.22997406272313, 16.083820379519246], [108.2299525942235, 16.083809505785702], [108.22986101236937, 16.08376913098979], [108.22981819282117, 16.08374954332412], [108.22984817872091, 16.08359227033965], [108.2300770201253, 16.08304805086541], [108.23007719095337, 16.083047643489586], [108.23012315717196, 16.082937724271215], [108.23027223593998, 16.082582011008267], [108.23034423569047, 16.082476976078144], [108.23034500142928, 16.082475851713344], [108.23048100142928, 16.082274851713343], [108.23049238360322, 16.082256120953257], [108.23050188569788, 16.082236369865846], [108.2305094172058, 16.082215786580267], [108.23051490638933, 16.082194567152353], [108.23051830096401, 16.082172913697214], [108.2305195685965, 16.08215103246405], [108.23051869721259, 16.082129131871664], [108.23051569511222, 16.082107420523243], [108.23051059089039, 16.082086105219435], [108.23050343316486, 16.082065388988557], [108.23049429011293, 16.082045469152753], [108.23048324882222, 16.082026535448506], [108.23047041446107, 16.082008768219392], [108.23045590927676, 16.081992336698313], [108.23043987143123, 16.081977397395537], [108.23042245368498, 16.08196409260796], [108.23040382194209, 16.081952549063722], [108.23038415366995, 16.081942876715097], [108.23010560940318, 16.08182239909106], [108.23008155384426, 16.08180895627872], [108.2300603137435, 16.081798515452988], [108.23003809279606, 16.081790367924683], [108.23001513779641, 16.08178460418342], [108.22999170369167, 16.081781288243537], [108.22996805075009, 16.08178045693315], [108.2297945889725, 16.081783507768435], [108.2297945518067, 16.081781513204284], [108.22979256046789, 16.081621210428978], [108.22979249903942, 16.081618053005574], [108.22978849903942, 16.08146705300557], [108.22978836886253, 16.081463315013128], [108.22978269408104, 16.08133184924176], [108.22978541632432, 16.08121842243818], [108.2297911746419, 16.081122450478514], [108.22979149581609, 16.081102932545498], [108.22978863398635, 16.080997044845375], [108.2297905392958, 16.080894158135127], [108.22979049120119, 16.08088376413323], [108.22978957779374, 16.080850881465505], [108.22978957779374, 16.0807208379665], [108.22979057154046, 16.080587675907037], [108.22979057620678, 16.08058684427145], [108.22979157620678, 16.08032084427145], [108.22979157779375, 16.08032], [108.22979157779375, 16.080054], [108.22979133300089, 16.080043517149488], [108.22978655384865, 16.07994124329174], [108.22978557779375, 16.079727487266283], [108.22978557779375, 16.079497], [108.22978555783395, 16.07949400589554], [108.22978255783394, 16.07926900589554], [108.22978254442161, 16.079268128544463], [108.22978157779374, 16.079212064128107], [108.22978157779374, 16.079172403556175], [108.22978556025066, 16.078853807003135], [108.22978557779375, 16.078851], [108.22978557779375, 16.078816201531335], [108.22978653463475, 16.078767402639883], [108.2297858695403, 16.07874517826117], [108.22978301007804, 16.078723128571024], [108.22977798427645, 16.078701469700363], [108.22977084139838, 16.078680413949304], [108.22976165145828, 16.078660167706172], [108.22975050453589, 16.07864092942452], [108.22973750989325, 16.078622887677852], [108.22972279490378, 16.078606219311258], [108.22970650380371, 16.078591087707952], [108.22968879627831, 16.07857764118782], [108.2296698458966, 16.07856601155356], [108.22964983841011, 16.078556312798767], [108.22962896993211, 16.07854863999058], [108.22960744501526, 16.07854306833781], [108.22958547464667, 16.078539652453763], [108.22956327417974, 16.078538425820916], [108.22889971872796, 16.078534660967293], [108.22888134498413, 16.07853174564463], [108.22885950133016, 16.078530436136496], [108.22805150133016, 16.078521436136494], [108.22643550133016, 16.078503436136497], [108.22641290014845, 16.078504323489362], [108.22639050285417, 16.078507479755938], [108.22636853663938, 16.078512872919923], [108.22634722432342, 16.07852044827452], [108.22632678209257, 16.078530128977395], [108.22630741730732, 16.07854181683013], [108.22628932639876, 16.078555393274325], [108.22627269287614, 16.078570720594218], [108.22625768546541, 16.078587643313643], [108.22624445639765, 16.078605989773138], [108.22623313986495, 16.078625573871204], [108.22622385065911, 16.078646196952075], [108.22621668300732, 16.078667649820826], [108.22621170961631, 16.078689714865387], [108.22620898093479, 16.078712168263944], [108.22599001944393, 16.08181047335971], [108.22592696866768, 16.082119040037355], [108.22592691012814, 16.08211932748326], [108.22538213682968, 16.084803283843765], [108.2249206961981, 16.08657230570352], [108.2247862638954, 16.087087465987643], [108.22442670559859, 16.088085908861395], [108.22442335325891, 16.088095954848896], [108.2240501508562, 16.089308862657692], [108.22201799788111, 16.094350318786024], [108.22181929342258, 16.094833599981598], [108.22181272393085, 16.094851761977747], [108.22180773921514, 16.094870421263234], [108.22169673921513, 16.095371421263234], [108.22169376849, 16.095387621899214], [108.2216277910427, 16.095840467105713], [108.2213368138108, 16.097818312345268], [108.22117081445596, 16.0989483079191], [108.22092382202106, 16.100624256586638], [108.22092376086074, 16.100624674307017], [108.22077977225207, 16.101614595991556], [108.2202887837031, 16.104973517653534], [108.2198527910833, 16.10796246698843], [108.21977580831907, 16.108486349695745], [108.21977569930789, 16.10848710034911], [108.21975780694402, 16.10861178775986], [108.2179109057057, 16.109863130265534], [108.21785383918407, 16.10989927239589], [108.21784502899105, 16.109905147710656], [108.21777802899105, 16.109952147710658], [108.21775952637286, 16.10996662847127], [108.21774263793014, 16.109982963091255], [108.21772754851567, 16.11000097277972], [108.21771442329093, 16.110020460411256], [108.21770340591831, 16.110041212683623], [108.2176946169887, 16.11006300245241], [108.2146906169887, 16.11880300245241], [108.21459258410667, 16.119089098108716], [108.21430661978995, 16.11992099430279], [108.21430653257669, 16.119921248508756], [108.21421862958672, 16.120177965195353], [108.21411372735108, 16.120481682144284], [108.2141136077062, 16.120482029465023], [108.2134756077062, 16.122339029465024], [108.21347020201854, 16.122357234822065], [108.21346635378038, 16.122375831798895], [108.21346409051004, 16.122394687410566], [108.21344909051004, 16.122588687410566], [108.21344853126905, 16.12261299816176], [108.21345060380297, 16.12263722686328], [108.21349160380296, 16.122929226863278], [108.21349571239796, 16.122950779809017], [108.21350190457484, 16.12297182896501], [108.21351012122855, 16.12299217341449], [108.2135202839301, 16.123011618967197], [108.21353229567526, 16.123029980012944], [108.21354604181046, 16.1230470812933], [108.21356139112716, 16.123062759574452], [108.21357819711423, 16.123076865205284], [108.21359629935648, 16.123089263545825], [108.21360929935649, 16.123097263545827], [108.21362813364581, 16.123107644810133], [108.2136478745601, 16.123116176949747], [108.21367870082393, 16.123127782131426]]]}, "properties": {"code": "20263", "name": "Sơn Trà", "nameEn": "Son Tra", "fullName": "Phường Sơn Trà", "fullNameEn": "Son Tra Ward", "codeName": "son_tra", "postalCode": "50414", "postalCodePrefix": "", "gisServerId": "diaphanhanhchinhcapxa_2025.1910", "areaKm2": 56.03, "ward_code": "20263", "source_member": "geojson/48_da_nang/wards/20263_son_tra.geojson", "requires_boat": false, "region": "danang", "search_name": "Đà Nẵng", "grid_km": 2, "coastal_precision_tolerance_m": 25}}, {"type": "Feature", "id": "20275", "bbox": [108.226433, 16.05106, 108.247897, 16.088931], "geometry": {"type": "Polygon", "coordinates": [[[108.22881243921009, 16.078979095379424], [108.22883379904606, 16.078982376142818], [108.22885572582027, 16.078983574179084], [108.22933471351381, 16.078986291839755], [108.22933243974934, 16.079168192996864], [108.22933242220626, 16.079171], [108.22933242220626, 16.079214], [108.22933245557839, 16.079217871455537], [108.22933344801521, 16.079275432791757], [108.22933642220626, 16.079498497119527], [108.22933642220626, 16.079728], [108.22933642454747, 16.079729025458683], [108.22933742454747, 16.079948025458684], [108.22933766699911, 16.079957482850514], [108.22934242220626, 16.080059244283355], [108.22934242220626, 16.080319577862245], [108.22934142535648, 16.080584739904335], [108.22934042845954, 16.080718324092963], [108.22934042220625, 16.08072], [108.22934042220625, 16.080854], [108.22934050879881, 16.08086023586677], [108.22934136445315, 16.08089103942225], [108.2293394607042, 16.080993841864874], [108.22933950418391, 16.081004067454504], [108.22934224023926, 16.081105301502188], [108.2293368253581, 16.08119554952149], [108.22933648685674, 16.08120361168455], [108.22933348685673, 16.081328611684548], [108.22933363113746, 16.08134368498687], [108.22933955048478, 16.081480816532974], [108.22934345914612, 16.08162836849862], [108.22934543953211, 16.081787789571024], [108.2293454611838, 16.081789183953106], [108.22934842220626, 16.08194809215811], [108.22934842220626, 16.081951], [108.22934845237725, 16.08195468110856], [108.22934945237725, 16.082015681108558], [108.22935089636387, 16.082037689550166], [108.22935449222591, 16.08205945021136], [108.22936020528063, 16.082080753206576], [108.22936798042457, 16.082101393064526], [108.22937774266505, 16.082121170709996], [108.22938939784345, 16.08213989538398], [108.22940283354346, 16.08215738648356], [108.2294179201753, 16.082173475303886], [108.22943451222562, 16.082188006665334], [108.22945244966107, 16.082200840410266], [108.22947155947179, 16.08221185275486], [108.22949165734018, 16.082220937483033], [108.22951254941859, 16.082228006970922], [108.2295340341991, 16.082232993032022], [108.2295559044571, 16.08223584757486], [108.22957794924992, 16.08223654306685], [108.22991786669522, 16.08223056461932], [108.22995699434364, 16.082247488342684], [108.22988876430954, 16.08234702392186], [108.22987679495382, 16.0823665506854], [108.2298668766637, 16.08238719499434], [108.22970887666371, 16.08276419499434], [108.22966289426066, 16.08287415273779], [108.22942497987471, 16.08343994913459], [108.22941700788705, 16.0834620879301], [108.22941139608874, 16.083484939332106], [108.22936239608875, 16.083741939332107], [108.22936224844165, 16.08374272125332], [108.22933924844165, 16.083865721253318], [108.22933629096593, 16.083887265423208], [108.22933543106429, 16.083908994631386], [108.22933667679943, 16.083930705137202], [108.22934001649092, 16.08395219337537], [108.22934541882465, 16.083973257864663], [108.22935283314645, 16.08399370109707], [108.22936218993705, 16.0840133313897], [108.22937340146389, 16.08403196468207], [108.2293863626038, 16.084049426261924], [108.22940095182861, 16.084065552403388], [108.22941703234463, 16.084080191902125], [108.22943445337535, 16.084093207493083], [108.22945305157506, 16.08410447713753], [108.22947265256059, 16.084113895167345], [108.2294930725462, 16.08412137327579], [108.22951412006702, 16.08412684134551], [108.22960447374744, 16.08414569776577], [108.22967557824893, 16.084178224293048], [108.2296784057765, 16.0841794942143], [108.2297492901675, 16.084210744322167], [108.22993975556534, 16.08434951196915], [108.22994742665344, 16.084354860019182], [108.2299494122425, 16.084356183745232], [108.2301591999063, 16.08449935636886], [108.2302989948896, 16.08459521578598], [108.23030076305417, 16.084596415913605], [108.23053649689588, 16.08475478536711], [108.23054378623775, 16.08476291578688], [108.23055744491049, 16.084776878064215], [108.23057226511287, 16.08478960072632], [108.2305881347411, 16.08480098753576], [108.23160704604753, 16.085466929567247], [108.23174895739423, 16.08555987150558], [108.23176057821182, 16.085566988129294], [108.23181657821182, 16.085598988129295], [108.23183643694375, 16.08560906436106], [108.23185719596165, 16.085617124314897], [108.23187865115426, 16.085623088741997], [108.2319005915652, 16.085626898997635], [108.23192280146726, 16.0856285176178], [108.23194506248345, 16.08562792868754], [108.23196715573421, 16.085625137997464], [108.23198886398954, 16.0856201729868], [108.23200997380485, 16.08561308247359], [108.2320302776197, 16.0856039361747], [108.23204957579851, 16.085592824020342], [108.23206767859362, 16.08557985526983], [108.2320844080108, 16.085565157437305], [108.2320995995595, 16.085548875037954], [108.23219997785114, 16.085429980362427], [108.23248424550601, 16.085116988798184], [108.23248543503458, 16.0851156686161], [108.23261141522617, 16.08497473394132], [108.23264456293157, 16.08500530706764], [108.23285869529435, 16.085229217163903], [108.23285896338916, 16.085229497016673], [108.23307296338916, 16.085452497016675], [108.2330740682603, 16.085453640226643], [108.23343864901278, 16.0858282094929], [108.23346423207568, 16.085854776519742], [108.23346658042102, 16.08585717895968], [108.23372055463169, 16.086113145124944], [108.2339517592968, 16.08635228814765], [108.23418598442156, 16.086599470406977], [108.23419057716434, 16.086604177230118], [108.23440157716435, 16.086814177230117], [108.2344044727299, 16.086817007572975], [108.2344230189936, 16.08683481198612], [108.2344319995064, 16.086844596458185], [108.2345294025571, 16.08694102547838], [108.23457989063064, 16.086994371367407], [108.23458025253069, 16.08699475285678], [108.2348512525307, 16.08727975285678], [108.23485519951907, 16.0872838004808], [108.23486274084534, 16.08729134180707], [108.23504830921256, 16.087483856583763], [108.23505003902646, 16.087485631444796], [108.23525303902646, 16.087691631444798], [108.23548087270358, 16.08792244995198], [108.23562859768423, 16.088077115032387], [108.2356316452468, 16.088080244267115], [108.23591503833701, 16.088365626080783], [108.2360364646189, 16.088492975595933], [108.23604126169427, 16.08849785559843], [108.23618654357277, 16.088641213213634], [108.23625324321213, 16.088717176691798], [108.23626319951914, 16.088727800480864], [108.2363474286609, 16.088812029622634], [108.23644866532325, 16.08891525131757], [108.23645019951914, 16.088916800480863], [108.23647219951914, 16.088938800480864], [108.23648345747752, 16.088950058439245], [108.23653538007572, 16.089002960709127], [108.23660689860104, 16.08907646586014], [108.23660748782734, 16.089077153290827], [108.23662306846741, 16.08909357738359], [108.23664022347508, 16.089108349413934], [108.23665877852629, 16.089121319272934], [108.23667854507022, 16.08913235516479], [108.23669932224522, 16.08914134494609], [108.23672089891984, 16.08914819726538], [108.23674305583847, 16.089152842491465], [108.23676556784913, 16.089155233420946], [108.23678820619158, 16.08915534575792], [108.23681074082178, 16.089153178360856], [108.2368329427496, 16.08914875325419], [108.23685458636575, 16.08914211540452], [108.2368754517343, 16.089133332263675], [108.23689532682769, 16.08912249308329], [108.23691400968117, 16.089109708007857], [108.23693131044523, 16.089095106955455], [108.23708328960885, 16.08895312642102], [108.23724769532453, 16.08879961505999], [108.23764009401962, 16.088447053795868], [108.23783814139668, 16.088269011216536], [108.23799717659313, 16.088125979568577], [108.23799905186195, 16.08812427376297], [108.23807405186194, 16.08805527376297], [108.23807437028836, 16.088054980243268], [108.23823137028836, 16.087909980243268], [108.23823194031667, 16.08790945195341], [108.23833132245827, 16.087817026561726], [108.2384737003001, 16.087686596510803], [108.23847439188839, 16.08768596029157], [108.2385791009588, 16.0875892290551], [108.23871180908479, 16.08746749678916], [108.23871880048094, 16.087460800480795], [108.23872057148945, 16.087459029472285], [108.23886487371955, 16.08733575140816], [108.23887096062353, 16.08733035765583], [108.23930296062353, 16.08693335765583], [108.23930335165797, 16.086932997447743], [108.23957678506514, 16.086680520615563], [108.23980021489149, 16.086477039880855], [108.23980691581902, 16.086470680241572], [108.23998791581901, 16.086291680241573], [108.23998880048079, 16.08629080048093], [108.23999280048079, 16.08628680048093], [108.24000540564295, 16.08627419531878], [108.24011260365123, 16.086382202368636], [108.24011319951914, 16.086382800480862], [108.24048229054956, 16.08675189151129], [108.24065400773073, 16.086956408603456], [108.24066869059689, 16.086972277687586], [108.24068483134764, 16.086986661378194], [108.24070228039652, 16.086999426372635], [108.2407208760323, 16.087010454369718], [108.24074044591761, 16.08701964316611], [108.24076080868608, 16.08702690760348], [108.2407817756232, 16.087032180357756], [108.24080315241527, 16.087035412563022], [108.24082474095019, 16.087036574264413], [108.24084634115351, 16.087035654695722], [108.24086775284265, 16.087032662379155], [108.24088877758209, 16.08702762504639], [108.24090922052244, 16.087020589381535], [108.24092889220618, 16.087011620588495], [108.24094761032353, 16.08700080178668], [108.240965201402, 16.08698823324069], [108.24098150241407, 16.086974031431094], [108.24099636228806, 16.086958327974944], [108.24100964330823, 16.086941268405983], [108.24102122239107, 16.0869230108259], [108.24103099222599, 16.086903724439097], [108.2410388622698, 16.086883587984584], [108.2410447595859, 16.08686278807947], [108.2410486295202, 16.086841517489475], [108.24105043620754, 16.086819973342454], [108.24105016290426, 16.086798355301486], [108.24103616290427, 16.086568355301488], [108.24103593610494, 16.08656503514356], [108.24103108232852, 16.086500965294793], [108.24102219526009, 16.0863488976796], [108.24101966877753, 16.08632597031063], [108.24101480388205, 16.08630342302356], [108.24100765189411, 16.08628149367267], [108.24086365189412, 16.085906493672667], [108.24086348574704, 16.085906062324995], [108.24079548574703, 16.085730062324995], [108.24078875097857, 16.085714422434634], [108.24047730595845, 16.08506058753661], [108.2403858475115, 16.084862758939412], [108.24038546000534, 16.084861925231145], [108.24033573828343, 16.084755520746274], [108.24028401307027, 16.08464311787918], [108.24028378982771, 16.084642634266974], [108.24009640289532, 16.084237958232134], [108.24008002010179, 16.084201337870113], [108.24003826673875, 16.084107889867134], [108.23989331352462, 16.083779139767103], [108.23989301913308, 16.083777952221556], [108.2399009384761, 16.083776180789563], [108.2402417286529, 16.083700227553674], [108.24044460339606, 16.08365525531997], [108.240461129221, 16.08365092642931], [108.240593129221, 16.083610926429312], [108.24059626459595, 16.083609951233658], [108.24111026459595, 16.083445951233657], [108.24111055892465, 16.083445857100177], [108.24165955892465, 16.083269857100177], [108.24168484361668, 16.083260030784572], [108.24198458705062, 16.083122164295578], [108.24215191006455, 16.083703166760944], [108.2421922810666, 16.083848310125394], [108.242223146869, 16.083982383454604], [108.24222430248079, 16.08398716317229], [108.2422803024808, 16.08420816317229], [108.24228367602015, 16.084220085148168], [108.24236067602016, 16.08446608514817], [108.24236092556644, 16.0844668772594], [108.24237392556644, 16.084507877259398], [108.24237405389616, 16.084508280671464], [108.24238905389616, 16.084555280671463], [108.24239681172116, 16.08457600325339], [108.24240657115848, 16.084595861819135], [108.24241823746652, 16.084614663587864], [108.24243169739233, 16.08463222603779], [108.24244682027113, 16.08464837867806], [108.24246345929463, 16.084662964703814], [108.24248145293633, 16.084675842518404], [108.2425006265195, 16.084686887107978], [108.2425207939129, 16.084695991255053], [108.24254175933768, 16.084703066579376], [108.24256331926796, 16.084708044395878], [108.24258526440656, 16.084710876381447], [108.24260738171684, 16.08471153504404], [108.24262945649076, 16.084710013989564], [108.24265127443321, 16.084706327983948], [108.24267262374234, 16.0847005128098], [108.24276417361217, 16.084670659591374], [108.24334163542164, 16.0844850468669], [108.24335519894726, 16.084497954806807], [108.24337224103188, 16.084511297014803], [108.24339048833109, 16.084522936741376], [108.24340977136207, 16.084532765875547], [108.24342991102208, 16.084540693123316], [108.2434507202519, 16.084546644855596], [108.24347200577326, 16.084550565792085], [108.24349356988407, 16.084552419514726], [108.24351521229465, 16.08455218880595], [108.2435367319881, 16.084549875808612], [108.24355792908729, 16.084545502006062], [108.24366292908728, 16.084518502006063], [108.24368077843714, 16.084513113006807], [108.24372677843714, 16.084497113006808], [108.243728533686, 16.084496494320785], [108.243784533686, 16.084476494320782], [108.24379564348958, 16.084472190953367], [108.24384777034166, 16.08445039245159], [108.24389350497547, 16.08443274048766], [108.24394158165936, 16.084418467722134], [108.2439895867462, 16.08440770796129], [108.24403605988702, 16.084398413333126], [108.24406086168062, 16.084395981784734], [108.24418174903776, 16.084400426172863], [108.24420400877788, 16.084400140446117], [108.24426800877788, 16.084396140446117], [108.24429641093101, 16.084392536841307], [108.24434841093101, 16.084382536841307], [108.24436999085049, 16.084377268103765], [108.24439094469024, 16.08436989320586], [108.24441106744014, 16.08436048430282], [108.2444301622213, 16.084349133450356], [108.24444804221244, 16.08433595170401], [108.2444645324776, 16.084321068032587], [108.24447947167775, 16.08430462805636], [108.24449271364936, 16.084286792622315], [108.24450412883438, 16.08426773623045], [108.24451360554784, 16.084247645326496], [108.24452105107056, 16.084226716477723], [108.24452639255638, 16.08420515444978], [108.24452957774473, 16.08418317020326], [108.24453057547207, 16.084160978829715], [108.24452937597674, 16.084138797447192], [108.24452599099449, 16.08411684307599], [108.24452045364362, 16.084095330515357], [108.24451281810097, 16.08407447024191], [108.24447057336073, 16.083974653023834], [108.24470721109944, 16.083890322080237], [108.24470733487836, 16.083890280820594], [108.24517565057737, 16.083737504057382], [108.24517865027492, 16.083736502054105], [108.24529565027491, 16.083696502054103], [108.24530223192033, 16.083694136832193], [108.24603423192033, 16.083418136832194], [108.24605431571102, 16.083409423868964], [108.24607345572655, 16.0833987968194], [108.24609147008357, 16.083386356669997], [108.24610818759568, 16.083372221636733], [108.24612344940006, 16.083356526041694], [108.24613711046717, 16.083339419036637], [108.2461490409789, 16.083321063185632], [108.2461591275623, 16.08330163292026], [108.24616727436673, 16.083281312882026], [108.24617340397496, 16.08326029616774], [108.24617745813869, 16.083238782494576], [108.24617939833209, 16.083216976302197], [108.24617920611792, 16.083195084810008], [108.24617688332276, 16.083173316048], [108.24617245201961, 16.0831518768799], [108.24616595431817, 16.083130971037352], [108.24607795431818, 16.082889971037353], [108.24607420388614, 16.082880387443094], [108.24594420388614, 16.082569387443094], [108.24594384560245, 16.08256853525173], [108.24558497544716, 16.08171984232182], [108.24552063721988, 16.08156642039524], [108.24536053563803, 16.081171107847407], [108.24534427767063, 16.0811268500473], [108.24513810893438, 16.080543687050476], [108.24540830031565, 16.080432747542936], [108.24540953775067, 16.080432235139764], [108.24549753752552, 16.080395487981033], [108.24585565370023, 16.08025797928412], [108.24629677705215, 16.080092682497618], [108.24643110790628, 16.0800438349143], [108.24650244500556, 16.080182019365356], [108.24651304894131, 16.08020037826355], [108.24652533686218, 16.08021765540443], [108.24653919925474, 16.08023369680924], [108.24655451257347, 16.080248359512463], [108.24657114034174, 16.080261512835946], [108.24658893436818, 16.080273039553564], [108.24660773606742, 16.080282836935957], [108.24662737787342, 16.080290817666093], [108.24664768473285, 16.080296910617456], [108.24666847566526, 16.080301061487937], [108.24668956537599, 16.080303233283818], [108.2467107659076, 16.08030340664943], [108.24673188831497, 16.080301580039702], [108.24736488831498, 16.0802165800397], [108.2473660586146, 16.080216419756102], [108.2475880586146, 16.080185419756102], [108.24760931298397, 16.080181399947694], [108.24763008202517, 16.08017535395697], [108.24765017305566, 16.08016733787496], [108.24766939968302, 16.080157426070016], [108.24768758353424, 16.080145710497856], [108.24770455591062, 16.080132299848458], [108.24772015935268, 16.08011731853769], [108.24773424910119, 16.080100905553085], [108.24774669443998, 16.08008321316435], [108.24775737990876, 16.080064405510754], [108.24776620637421, 16.080044657078297], [108.24777309194974, 16.08002415108097], [108.24777797275515, 16.080003077760985], [108.2477808035093, 16.079981632623827], [108.24778155795015, 16.07996001462448], [108.24778022907847, 16.07993842432164], [108.24775894718289, 16.079745113770006], [108.24778120421638, 16.07954480046848], [108.24779120421637, 16.079454800468493], [108.24779193286577, 16.07944700755942], [108.24781593286576, 16.079131007559422], [108.24781657097398, 16.079112249831805], [108.24781564058861, 16.07909350432806], [108.24781314820784, 16.0790749019743], [108.24778114820784, 16.078893901974297], [108.2477809357774, 16.078892718891428], [108.24774793577741, 16.07871171889143], [108.24774513655723, 16.078698599364746], [108.2475382403734, 16.07785344797237], [108.24749534511777, 16.07698774372226], [108.24746338105989, 16.076224601840423], [108.24746155920133, 16.076203956908454], [108.24745784191234, 16.076183567839145], [108.2474522608513, 16.076163608276463], [108.24732424633828, 16.075775771714785], [108.2472469361362, 16.07513989530259], [108.24724408454468, 16.07512230124566], [108.24713021895224, 16.074561657947324], [108.24712354937891, 16.074142427623517], [108.24712258764127, 16.07412493457532], [108.247120265224, 16.07410756972425], [108.247087265224, 16.07391756972425], [108.24708324433654, 16.07389907826702], [108.24707768096386, 16.073880990967304], [108.24707061460718, 16.073863436249137], [108.2469489043704, 16.073594392567813], [108.24689276597935, 16.07328951792106], [108.24689456834321, 16.073093060260025], [108.24689457408499, 16.073092290655676], [108.246895465588, 16.072937169133333], [108.24700120690494, 16.07233376455408], [108.24700387243293, 16.072312785365398], [108.2470045527837, 16.072291648465907], [108.24700155278369, 16.072090648465906], [108.24700022265444, 16.0720693660399], [108.24699688000608, 16.072048305707465], [108.24699155497508, 16.072027657343234], [108.24690440991925, 16.071745826524367], [108.24687215495162, 16.071403565478867], [108.24689390838262, 16.071005383111373], [108.24693623872237, 16.070619487921082], [108.24693748889352, 16.07058868160399], [108.24692048889352, 16.06998468160399], [108.24691448441637, 16.06977652448799], [108.24691318674708, 16.06975804280918], [108.24691037009302, 16.0697397309863], [108.24686737009301, 16.069520730986298], [108.24685986574129, 16.06949242233846], [108.24674593889351, 16.06915361379984], [108.24665673889726, 16.06885942535069], [108.24669221462017, 16.068574007034535], [108.24681657723796, 16.06819142585155], [108.24682171337929, 16.06817298669593], [108.24682526069459, 16.0681541771515], [108.2468792606946, 16.0677811771515], [108.24688116714823, 16.067762574796316], [108.24688151938417, 16.067743878323018], [108.24688031496025, 16.067725217359833], [108.24682351303247, 16.067191856885273], [108.24685399072003, 16.066803035477143], [108.24694291975841, 16.066316368871522], [108.24694572680421, 16.066295532089597], [108.24694657294407, 16.066274524114103], [108.2469454507618, 16.066253529074356], [108.24694237009302, 16.066232730986293], [108.24689937009302, 16.066013730986295], [108.24689148742027, 16.065984306935178], [108.24679899191494, 16.065713935458042], [108.24679365374145, 16.06537407174647], [108.2468058730469, 16.065090409298648], [108.24688893804434, 16.0648630735162], [108.24689544873142, 16.064842135858857], [108.24689988658358, 16.06482066308518], [108.24690220929688, 16.06479885988486], [108.24692520929688, 16.06439785988486], [108.24692505941037, 16.064369749883063], [108.24688827882983, 16.063829358276564], [108.24701911174431, 16.063247246613543], [108.24702384660505, 16.0632161075357], [108.24708184660506, 16.062499107535697], [108.24708186488525, 16.062498880117456], [108.24720369530895, 16.060973523592963], [108.24737179354953, 16.060186166891448], [108.24749220613478, 16.059835875734315], [108.24761610683004, 16.05962295009507], [108.24762560845375, 16.05960475644045], [108.24763340931659, 16.05958577127623], [108.24763944425723, 16.0595661531873], [108.24768644425723, 16.059384153187303], [108.2476911184908, 16.0593611445544], [108.24769336501741, 16.059337773658708], [108.247693159283, 16.05931429593904], [108.24767915928301, 16.059085295939038], [108.24767711738548, 16.059065848039094], [108.24767339143541, 16.05904665149113], [108.24762263111778, 16.058834885791022], [108.2476860194783, 16.058596773103442], [108.24768616164415, 16.058596236402334], [108.24772016164415, 16.058467236402333], [108.24772172519062, 16.0584609360033], [108.24784067006297, 16.05795017272795], [108.24794361442413, 16.057512409328044], [108.24794392434309, 16.057511073121024], [108.24811592434308, 16.056759073121025], [108.24811969674101, 16.05673800598191], [108.24812144659397, 16.056716675408747], [108.24812115800968, 16.056695275127073], [108.2481188336091, 16.0566739994955], [108.24811449450256, 16.056653041740585], [108.24810818009809, 16.05663259220189], [108.24809994774348, 16.056612836603335], [108.24808987220547, 16.056593954366434], [108.24807804499066, 16.056576116980782], [108.24806457351457, 16.056559486446567], [108.2480495801259, 16.05654421380329], [108.24803320099548, 16.056530437757992], [108.2480155848796, 16.056518283425536], [108.2479968917688, 16.056507861192287], [108.24797729143506, 16.056499265713587], [108.24795696188977, 16.056492575054076], [108.2474950947136, 16.056364611853752], [108.24712547126943, 16.056261716678744], [108.24613575151498, 16.055983795373965], [108.24572678813652, 16.055868805670976], [108.24530346008206, 16.055749994233075], [108.24424323329555, 16.055444217233383], [108.24389932679746, 16.055345244104505], [108.2433615430102, 16.05518930679816], [108.24336101120527, 16.055189153304717], [108.24299917025819, 16.05508519899948], [108.24246573228726, 16.054931094696762], [108.24245726100298, 16.054928225226327], [108.24200326100298, 16.054797225226327], [108.24200250435344, 16.0547970083336], [108.24155668478012, 16.054670059710705], [108.23936186511914, 16.05404111138872], [108.23936037457601, 16.05404068981527], [108.23824465263453, 16.053729279424495], [108.23788823622584, 16.053595970430074], [108.23761154461026, 16.0534288412663], [108.23756290005458, 16.053397035210665], [108.23755327415643, 16.0533910821026], [108.23713727415642, 16.0531480821026], [108.23711664132547, 16.053137420503813], [108.2370999871507, 16.053130894179144], [108.23710002771251, 16.0531307862847], [108.23696728150416, 16.0530808816951], [108.23679853506528, 16.05301697771824], [108.23679639035657, 16.053016177994145], [108.23677361671147, 16.053007818048478], [108.23656622441746, 16.052760446517045], [108.2364591366838, 16.05262085000712], [108.2363152883966, 16.052421827034404], [108.2361715621772, 16.052221209186488], [108.23616152544008, 16.052208228799927], [108.23595652544007, 16.051962228799926], [108.2359474004236, 16.051951936743464], [108.2357164004236, 16.051706936743464], [108.23570295475587, 16.05169382118365], [108.23568846012559, 16.051681875072028], [108.23532746012559, 16.051408875072028], [108.23530217650713, 16.051392305537327], [108.23492917650714, 16.051182305537328], [108.23490813743052, 16.05117186969188], [108.23487113743052, 16.051155869691883], [108.23485035663556, 16.051148078154885], [108.23441535663557, 16.051009078154884], [108.23439488300374, 16.05100358622788], [108.23437398277865, 16.05100004907468], [108.23339898277865, 16.05088204907468], [108.23339082325245, 16.050881212443127], [108.23317682325245, 16.050863212443126], [108.23315338165116, 16.050862469698483], [108.23312999041889, 16.050864175744564], [108.233106904667, 16.050868311974746], [108.232999904667, 16.050893311974747], [108.23296838292868, 16.050903170871358], [108.23228800913513, 16.051172340649536], [108.23213997245028, 16.051223448552633], [108.23197571632645, 16.051254850458665], [108.23186465493391, 16.05125186894477], [108.23163013877446, 16.051216880646788], [108.23162679583815, 16.05121640756196], [108.2313732176782, 16.051182464028738], [108.22942763930054, 16.05091452209389], [108.22886759161437, 16.050837515531835], [108.22884651179359, 16.050835623728467], [108.22882534749426, 16.050835724712563], [108.22880428668611, 16.05083781758724], [108.22878351641975, 16.05084188376473], [108.22876322116534, 16.05084788713146], [108.22874358117421, 16.050855774368813], [108.22872477087807, 16.05086547542665], [108.22870695733968, 16.05087690414548], [108.22869029876915, 16.050889959021664], [108.22867494311882, 16.050904524108923], [108.22848621055364, 16.05110124535412], [108.22828747894366, 16.051306967523235], [108.22827115883925, 16.051325858806383], [108.22780615883926, 16.051928858806384], [108.22779531824402, 16.05194420352878], [108.22778579816935, 16.051960400663983], [108.22765791572894, 16.052200426167484], [108.2266561909214, 16.05391153975807], [108.2266458802084, 16.053931350140846], [108.22663758807049, 16.0539520866429], [108.22663139651003, 16.05397354419746], [108.2266273667564, 16.053995510607145], [108.22662553866054, 16.054017768642414], [108.22660053866055, 16.054793768642416], [108.22660049039276, 16.0548065336875], [108.22662149039274, 16.0556585336875], [108.22663843472206, 16.05631936684576], [108.2266404237383, 16.056776840579925], [108.22664342331201, 16.05773270473856], [108.2266436973866, 16.05774311409346], [108.22668769028552, 16.058630970780417], [108.22673368336741, 16.05958382745551], [108.22681765915463, 16.06131132963397], [108.22681963417213, 16.06135675503604], [108.22681969580972, 16.06135808222284], [108.22684431935714, 16.06185646282266], [108.22683246082327, 16.06249583544031], [108.22683244064223, 16.062502877547214], [108.22685844064222, 16.064531877547214], [108.22686844103161, 16.065266911333378], [108.22687532998542, 16.065825900728044], [108.22675692371224, 16.0676009998149], [108.22669592728346, 16.06850894665671], [108.22669551345892, 16.068517598569144], [108.22665151345892, 16.070060598569146], [108.22661250782093, 16.07147279943698], [108.22660651822272, 16.071690421466766], [108.22660063342836, 16.071879715685327], [108.22659683352124, 16.07194241415279], [108.22659673732208, 16.07194410728224], [108.22658978067754, 16.072075289722296], [108.2265828299927, 16.07219047249954], [108.22658276797672, 16.072191542665404], [108.22657878013594, 16.072263323799604], [108.22636181258933, 16.076035759529287], [108.22635983352124, 16.076068414152836], [108.22635979107687, 16.076069133600587], [108.226251794692, 16.07795107060366], [108.22621279834127, 16.078624007630474], [108.22621265384922, 16.07862680244768], [108.22620865384921, 16.078714802447678], [108.22620842220626, 16.078725], [108.22620842220626, 16.078728], [108.22620948834022, 16.07874985688424], [108.22621267661967, 16.07877150624692], [108.22621795677325, 16.078792742536812], [108.22622527866824, 16.07881336412463], [108.22623457278642, 16.078833175217415], [108.22624575088423, 16.078851987717503], [108.22625870683052, 16.078869623008433], [108.22627331761423, 16.07888591365083], [108.22628944451236, 16.07890070497217], [108.22630693440706, 16.078913856535323], [108.22632562123944, 16.07892524347195], [108.2263453275862, 16.078934757668065], [108.2263658663442, 16.07894230879054], [108.22638704250689, 16.078947825144766], [108.22640865501587, 16.078951254355374], [108.22643049866984, 16.078952563863506], [108.22804649866984, 16.078970563863503], [108.22881243921009, 16.078979095379424]]]}, "properties": {"code": "20275", "name": "An Hải", "nameEn": "An Hai", "fullName": "Phường An Hải", "fullNameEn": "An Hai Ward", "codeName": "an_hai", "postalCode": "50413", "postalCodePrefix": "", "gisServerId": "diaphanhanhchinhcapxa_2025.1909", "areaKm2": 7.37, "ward_code": "20275", "source_member": "geojson/48_da_nang/wards/20275_an_hai.geojson", "requires_boat": false, "region": "danang", "search_name": "Đà Nẵng", "grid_km": 2, "coastal_precision_tolerance_m": 25}}, {"type": "Feature", "id": "20285", "bbox": [108.216862, 15.956002, 108.291309, 16.05671], "geometry": {"type": "Polygon", "coordinates": [[[108.22903695459058, 15.956494451443277], [108.22903316893238, 15.956485304804906], [108.22902311323548, 15.956466359415007], [108.22901129605509, 15.956448459719875], [108.22899782518166, 15.95643176899168], [108.22898282348987, 15.956416439475], [108.22896642781772, 15.956402610998108], [108.22894878771844, 15.956390409697537], [108.22893006409629, 15.956379946867523], [108.2289104277389, 15.95637131794483], [108.22889005775941, 15.956364601638226], [108.22886913996274, 15.956359859210544], [108.22875613996274, 15.956339859210544], [108.22875362821287, 15.956339429335275], [108.22839043352604, 15.956279389021194], [108.22787718061984, 15.956166651388616], [108.22787388933351, 15.956165954247526], [108.22737392607038, 15.95606396174185], [108.22714396280571, 15.956016969248633], [108.22714335631419, 15.95601684618369], [108.22660235631419, 15.95590784618369], [108.22659790932266, 15.955906996761543], [108.22608290932267, 15.955813996761544], [108.22606305828259, 15.955811319757814], [108.22569505828258, 15.955778319757814], [108.22567549995327, 15.955777422762749], [108.22565593782406, 15.95577823266795], [108.225636520577, 15.955780743317728], [108.225360520577, 15.955828743317728], [108.2253303625923, 15.95583616807603], [108.22524936259231, 15.95586216807603], [108.22524698226599, 15.955862946797957], [108.22508498226598, 15.955916946797958], [108.22506928566321, 15.955922838687881], [108.22505407235796, 15.955929885179872], [108.22441207235796, 15.956256885179872], [108.22439278733036, 15.956267942669635], [108.22437468998397, 15.95628085260468], [108.22435795764247, 15.95629548848926], [108.2243427542548, 15.956311706916212], [108.2243292287887, 15.95632934897211], [108.2243175137711, 15.956348241794343], [108.22430772398954, 15.956368200264889], [108.22429995536751, 15.956389028824153], [108.22429428402448, 15.956410523387131], [108.22429076553011, 15.956432473343096], [108.22428943435978, 15.956454663619231], [108.2242903035567, 15.956476876787987], [108.22429336460422, 15.9564988951975], [108.22429858750918, 15.956520503104228], [108.22440053134243, 15.956866312577768], [108.22451126693718, 15.95724440978869], [108.22454401108003, 15.957359014288677], [108.22461917419449, 15.957773375047879], [108.22467836685533, 15.95820324961761], [108.22470661529421, 15.958662043228223], [108.22471412959757, 15.95893067957336], [108.22462930182382, 15.95983968628517], [108.22448313188494, 15.960356902992002], [108.22424192402914, 15.960905532624771], [108.22394234287032, 15.961362788077748], [108.2235407551322, 15.961757853509198], [108.22310932436348, 15.962068778029092], [108.22230178163406, 15.962378782583986], [108.22106132655222, 15.962733056555361], [108.22103885853619, 15.962740780405555], [108.22101733222976, 15.962750834645368], [108.22037033222976, 15.963095834645367], [108.22035305597555, 15.963106063967544], [108.22033676236308, 15.963117795386244], [108.22032158162061, 15.963130935136991], [108.22030763508164, 15.963145378199089], [108.21976563508163, 15.96375937819909], [108.21974817447095, 15.963781888707087], [108.21916317447095, 15.964643888707087], [108.2191508843726, 15.964664239025977], [108.2186538843726, 15.965595239025976], [108.21864880069039, 15.965605369324912], [108.21789675675289, 15.967203337850806], [108.21768820611082, 15.967624411528135], [108.21726966727131, 15.968450501314003], [108.21726689861242, 15.968456161532735], [108.21696489861242, 15.969096161532734], [108.2169570997262, 15.9691148231903], [108.21695101145336, 15.969134110829428], [108.21680001145336, 15.969700110829429], [108.2167970459916, 15.96971266326397], [108.2166690459916, 15.970333663263968], [108.21666586553467, 15.970353579617884], [108.21663886553468, 15.970590579617884], [108.21663749136292, 15.970621572909428], [108.21664449136291, 15.970903572909428], [108.21664628403629, 15.970926858013591], [108.21673128403629, 15.97158285801359], [108.2167333507933, 15.971595822398651], [108.2167913507933, 15.971901822398651], [108.21679519422342, 15.971918569964028], [108.21680030685744, 15.971934974654653], [108.21686830685744, 15.972126974654653], [108.21686958852683, 15.972130499664997], [108.21696658852684, 15.972390499664998], [108.21697382017031, 15.97240767205573], [108.2170708201703, 15.972613672055731], [108.21708131617576, 15.972633360865645], [108.21745081261577, 15.973250519784349], [108.21771031641686, 15.973692674337743], [108.21771805797124, 15.9737049394592], [108.21790905797124, 15.973986939459198], [108.21792300500358, 15.974005405355346], [108.21816854532771, 15.974297857855234], [108.21859408914625, 15.974811307439099], [108.21859453796786, 15.974811847255504], [108.21896653796786, 15.975257847255504], [108.21897305819449, 15.975265322511975], [108.22014971381418, 15.97655565503051], [108.2213075074595, 15.977943825982807], [108.22194973891779, 15.979156714911541], [108.22236168438955, 15.980576715184863], [108.22245654685011, 15.98190670604589], [108.22229260207101, 15.982599326685701], [108.22195730446714, 15.983261445268623], [108.22117373307944, 15.98431606336276], [108.22116059006066, 15.984335860695596], [108.22114961246338, 15.984356935934331], [108.22083361246337, 15.98505093593433], [108.2208262094382, 15.98506930098138], [108.2208204528586, 15.985088246733564], [108.22081638747582, 15.985107625907888], [108.22070838747582, 15.985765625907888], [108.2207060315827, 15.985785467199419], [108.2207054485443, 15.985805439358748], [108.22070664297577, 15.98582538429333], [108.22070960542241, 15.98584514412612], [108.22082960542242, 15.98645814412612], [108.22083464995359, 15.986478714542695], [108.2208416098883, 15.986498718258387], [108.22085042332232, 15.986517977352694], [108.22086101186568, 15.986536320528053], [108.22087328133992, 15.98655358463343], [108.22132028133991, 15.987123584633432], [108.22133456747866, 15.987140083401615], [108.2213503876083, 15.987155117583], [108.22136759232566, 15.987168545196802], [108.22214059232566, 15.9877135451968], [108.22216234849957, 15.987727094748537], [108.22218550684103, 15.98773807712881], [108.2231861521982, 15.98814440572296], [108.22418500402233, 15.988813577573707], [108.22418774043605, 15.988815382017364], [108.2257268878976, 15.989814285735129], [108.22755024832439, 15.991226457777207], [108.22867115384594, 15.992839278471243], [108.22954630448001, 15.994831203820185], [108.22977076820517, 15.995683969937632], [108.22984438398366, 15.995965709336772], [108.22984345972779, 15.996663522519908], [108.22958137806974, 15.997685737695399], [108.22918142156824, 15.998893488116192], [108.22897110471814, 15.999336725963817], [108.22896334710781, 15.999355150501259], [108.22895725869299, 15.999374191911475], [108.22895288771774, 15.999393699311957], [108.22884588771774, 15.999995699311958], [108.2288434846733, 16.000013180646683], [108.22880248467331, 16.00043318064668], [108.22880142221021, 16.00045495786069], [108.22880247650077, 16.000476735471885], [108.22880563760782, 16.000498308215803], [108.22883960731201, 16.000671154063582], [108.22895057723245, 16.00123999987205], [108.22895644888796, 16.001263355148748], [108.22896478762878, 16.001285947419312], [108.22897549756924, 16.001307516899217], [108.22959449756924, 16.002402516899217], [108.22960766048163, 16.00242310105067], [108.22962298163216, 16.002442133441487], [108.23036098163217, 16.003263133441486], [108.23036191035912, 16.00326416023496], [108.23076691035911, 16.003709160234962], [108.23076707362969, 16.003709339436647], [108.23109016238224, 16.004063569273782], [108.23112545932277, 16.00411282081869], [108.23112578457815, 16.00411327347595], [108.23125966247103, 16.004299103983968], [108.231471296025, 16.004594019260587], [108.23157396895112, 16.004758649986947], [108.23157502116078, 16.004761148984862], [108.23158113151477, 16.004774434242602], [108.23159313151477, 16.004798434242602], [108.23159736469547, 16.0048064884439], [108.23161281006543, 16.004834483176932], [108.23163326574293, 16.004872472292288], [108.23163549091836, 16.004876505133115], [108.2316606563352, 16.004921028562887], [108.23168240035537, 16.00496089259988], [108.2317040281436, 16.005003207837714], [108.23170463004594, 16.005004377013222], [108.23173263004594, 16.00505837701322], [108.23173498638117, 16.005062799904632], [108.23176398638117, 16.005115799904633], [108.2317705584118, 16.00512702599265], [108.23177342700987, 16.00513161574956], [108.23180541907003, 16.005187131383373], [108.23180651759309, 16.005189016418374], [108.23183875606694, 16.005243724131564], [108.23186563545033, 16.005290763052518], [108.23189197221565, 16.005337583968632], [108.23192558213715, 16.005398081827337], [108.23196952085961, 16.005481077191973], [108.23207269029754, 16.005675512112347], [108.23210170045301, 16.005732596611836], [108.23211273136087, 16.00575550695891], [108.2321425392899, 16.00582054244043], [108.23216403375108, 16.005874278593346], [108.23218466938954, 16.005936185508762], [108.23220889318964, 16.006010794813054], [108.2322332285873, 16.0060896415015], [108.23225604979788, 16.006165050719062], [108.23227580708921, 16.006230249832143], [108.23229456967513, 16.006294042624248], [108.23231154715086, 16.006359122947877], [108.23232308677387, 16.00640431980471], [108.23233178503344, 16.006440079316228], [108.23233236229476, 16.006442398688584], [108.23234543466931, 16.00649375444581], [108.23236025488882, 16.006561371697245], [108.23237255624039, 16.006621999787164], [108.23238031192221, 16.006677151302416], [108.23238783076577, 16.006739181761684], [108.23239463795974, 16.006804336332554], [108.23239467476988, 16.006804686009243], [108.23240137637464, 16.00686787256844], [108.23240605498209, 16.006925887300795], [108.23240986689491, 16.006980207058387], [108.23241278111621, 16.0070316916349], [108.23241326648666, 16.007038455088136], [108.23241715093675, 16.007083126264163], [108.23241985278466, 16.00711915090305], [108.23242170957349, 16.007155358284823], [108.23242354684383, 16.007192103691885], [108.23242431375299, 16.007226614604093], [108.23242263417212, 16.00726524496403], [108.2324225087988, 16.007268764133315], [108.23242160019242, 16.0073014739629], [108.23241978796837, 16.007333187883845], [108.2324196889258, 16.007335057996407], [108.23241789008131, 16.00737193430861], [108.23241537849101, 16.007401236195427], [108.23241253674313, 16.007429653674265], [108.23241173261108, 16.007440196453246], [108.23240982405139, 16.007476459087446], [108.23240694239745, 16.007518723345246], [108.23240651381457, 16.007527586109003], [108.23240551381457, 16.007562586109003], [108.23240542220626, 16.007569], [108.23240542220626, 16.007583989568857], [108.23240399292584, 16.00760399949474], [108.23240387830515, 16.00760569435987], [108.23240103746893, 16.00765020079377], [108.23239625207309, 16.007705711385604], [108.23239614895009, 16.007706947495972], [108.2323912169754, 16.007768103982116], [108.23238542865282, 16.007833704971365], [108.23237690013679, 16.007917094905967], [108.23236456098246, 16.00801201147763], [108.23235386301282, 16.008083979637036], [108.23235367932678, 16.008085239903842], [108.23234734712405, 16.008129565323003], [108.23234021082251, 16.008167922943755], [108.23233935679107, 16.008172813353607], [108.23233135679106, 16.008221813353607], [108.23233039222495, 16.00822831896336], [108.23232042259457, 16.008303091191358], [108.23230745342975, 16.008398863485258], [108.23230679578361, 16.008404199531537], [108.23229779578362, 16.00848519953154], [108.23229722432967, 16.008491035960137], [108.23229276830392, 16.008543617064024], [108.23229267932679, 16.00854423990391], [108.23229068380567, 16.00856516346887], [108.23228068380567, 16.00877216346887], [108.23228042220626, 16.008783], [108.23228042220626, 16.008792], [108.23228074377195, 16.008804013726472], [108.23228374377194, 16.008860013726473], [108.23228472317473, 16.00887213803519], [108.23228872317473, 16.00890913803519], [108.23229126873272, 16.008926387112606], [108.23229572239698, 16.00895013998866], [108.23229974715541, 16.00898636281452], [108.23230567800852, 16.009041717443484], [108.23231165615951, 16.009098509877944], [108.23231193515561, 16.009101024231832], [108.23231839308569, 16.009156377918313], [108.23232304496213, 16.00921871306253], [108.23232310444185, 16.009219491840483], [108.23232809399217, 16.009283358084513], [108.2323330837034, 16.009348224330513], [108.23233360274459, 16.00935399677628], [108.23234042058891, 16.00942022726402], [108.23234624283279, 16.009487183068668], [108.23235221984102, 16.009557910999348], [108.2323532924736, 16.009567923055386], [108.23236329247361, 16.009644923055387], [108.23236346486252, 16.009646220821143], [108.23237427887977, 16.009725851311867], [108.2323829447301, 16.00979614098671], [108.23238689991592, 16.009831737659063], [108.23238758813002, 16.009849631225748], [108.2323880837034, 16.00985822433047], [108.2323900837034, 16.009884224330467], [108.23239030420395, 16.00988688407078], [108.23239430420395, 16.00993188407078], [108.23239505403745, 16.009939023753017], [108.23240246142267, 16.010000134681025], [108.2324070837034, 16.010060224330513], [108.23240734450088, 16.010063332318097], [108.23241334450088, 16.010129332318098], [108.23241497816265, 16.010142785931787], [108.23242897816266, 16.010234785931786], [108.23243004466626, 16.010241173697025], [108.2324498615072, 16.01035016632225], [108.23246445706936, 16.010434820582734], [108.23247217785696, 16.01048307550529], [108.23247711443726, 16.010514669619187], [108.23247817669669, 16.010520893204333], [108.23248317669669, 16.010547893204333], [108.23248493761182, 16.01055646570053], [108.23249193761181, 16.01058746570053], [108.23249248965249, 16.010589849912996], [108.23250615093907, 16.010647422477867], [108.23252434290714, 16.010728807598202], [108.23253889849597, 16.01080061516975], [108.23255190387017, 16.01086464172015], [108.23256789116816, 16.01094357900392], [108.23256929688965, 16.010950030725756], [108.2325901144536, 16.01103924885693], [108.23261093761184, 16.01113146570056], [108.23261172811561, 16.011134844772005], [108.23263472811561, 16.011229844772007], [108.23263614414336, 16.0112353842691], [108.23266414414336, 16.0113393842691], [108.23266477910757, 16.011341693583823], [108.23269676988124, 16.011455660715086], [108.23272676066686, 16.01156262785043], [108.2327276752352, 16.011565799930292], [108.23275967523519, 16.011673799930293], [108.23276051380327, 16.01167656468176], [108.23279595510152, 16.011790764420542], [108.23282842669701, 16.01190195503539], [108.23282889348607, 16.011903531954154], [108.23286189348606, 16.012013531954157], [108.23286301891453, 16.012017170965297], [108.23289901891454, 16.012130170965296], [108.23290069022153, 16.01213521026844], [108.23294069022153, 16.01225121026844], [108.2329426510623, 16.012256667082386], [108.2329886510623, 16.01237966708239], [108.23299095461637, 16.01238557129416], [108.23304095461637, 16.01250857129416], [108.23304361567153, 16.012514843068352], [108.23308961567153, 16.012618843068353], [108.23308994274461, 16.012619578968422], [108.23313557390877, 16.012721753096873], [108.23318721173786, 16.012839924282638], [108.23318836948596, 16.012842528580258], [108.23324036948596, 16.01295752858026], [108.23324144092899, 16.012959862479683], [108.23328944092898, 16.013062862479682], [108.23329050570842, 16.01306511460924], [108.23333750570843, 16.013163114609238], [108.23333913151478, 16.01316643424261], [108.23338413151478, 16.01325643424261], [108.23338880094853, 16.01326527542104], [108.23343280094852, 16.013344275421044], [108.2334409910618, 16.0133578325063], [108.2334899910618, 16.0134328325063], [108.2334915039608, 16.013435117595932], [108.23354450396081, 16.013514117595932], [108.23354659709695, 16.013517182505783], [108.23360359709694, 16.013599182505782], [108.23360444380415, 16.013600392072448], [108.23364744380414, 16.01366139207245], [108.23365170172411, 16.013667230594574], [108.23405351941666, 16.01419998887846], [108.23407133776499, 16.014223746676233], [108.23407870629892, 16.014233048832043], [108.23418056066728, 16.0143548746452], [108.23457841538509, 16.01483270016054], [108.23458155791967, 16.014836392560376], [108.23545055791966, 16.015835392560376], [108.23546020619882, 16.015845800907957], [108.23633120619883, 16.016727800907958], [108.23633141533364, 16.016728012403647], [108.23653241533364, 16.016931012403646], [108.23778249884015, 16.018191940546807], [108.23836313566113, 16.019130188125082], [108.23875156969314, 16.020083095257803], [108.23878566270288, 16.020322643510454], [108.2387879091865, 16.02033566787728], [108.2388429091865, 16.02060666787728], [108.23884452932657, 16.020614016827036], [108.23884913726228, 16.02063337015701], [108.2388514966723, 16.02064398750208], [108.23885242323114, 16.02095067847966], [108.2388524266366, 16.020951410636705], [108.2388571484592, 16.021703124795863], [108.23853976571694, 16.022490601976706], [108.23820449734676, 16.022936095564464], [108.23239308658265, 16.02834252301752], [108.23225214104264, 16.028473472419943], [108.23223657478351, 16.028489446535232], [108.23222266983102, 16.028506885946882], [108.23221056334035, 16.02852561863665], [108.23220037472706, 16.028545459829697], [108.23219220448924, 16.02856621381718], [108.23218613321617, 16.028587675886644], [108.23218222079349, 16.028609634341304], [108.2321805058124, 16.02863187258814], [108.23218100518905, 16.02865417127432], [108.23218371399773, 16.02867631045086], [108.23218860551938, 16.02869807174214], [108.23219563150519, 16.028719240499917], [108.23220472265248, 16.02873960792055], [108.23221578928833, 16.0287589731046], [108.23222872225405, 16.02877714503846], [108.2322433939819, 16.028793944478455], [108.23225965975344, 16.02880920571887], [108.2322773591269, 16.028822778226424], [108.23229631751985, 16.0288345281251], [108.23231634793119, 16.02884433951667], [108.23233725278563, 16.028852115623877], [108.23235882588261, 16.028857779745035], [108.23330697404886, 16.029056978741856], [108.23356789285987, 16.029171715026827], [108.2338254133409, 16.029368907283285], [108.23383694573118, 16.029390983573254], [108.23383768597658, 16.02939238848874], [108.23431069855351, 16.03028247647067], [108.23516712857499, 16.03288143501154], [108.23552008279614, 16.034484967977328], [108.23558494454616, 16.0354343081366], [108.23558499975485, 16.035435095826], [108.23559593395122, 16.03558726339207], [108.23552701240695, 16.036724954235318], [108.23515152932656, 16.038301983172992], [108.23515054232145, 16.038306318632895], [108.23461132756753, 16.040788101881013], [108.2341361647513, 16.042387454478657], [108.2341356175111, 16.042388795574112], [108.23348561751109, 16.044064795574112], [108.23348508047833, 16.044066194111334], [108.23274540188642, 16.046011827181722], [108.23200683896158, 16.047339867288272], [108.23172763249323, 16.04773151868243], [108.23123002958432, 16.048300066956575], [108.23081167122103, 16.048777766931682], [108.22961290386385, 16.049985495174415], [108.22959799509265, 16.050000403945628], [108.22934684559317, 16.05024657032012], [108.2286798926028, 16.050899524297193], [108.22866509468749, 16.050915487893327], [108.22865191174124, 16.05093280911231], [108.22864046761157, 16.05095132522949], [108.2286308698107, 16.05097086229471], [108.2286232085054, 16.05099123676649], [108.22861755567003, 16.0510122572363], [108.22861396441027, 16.051033726226787], [108.22861246846433, 16.051055442046938], [108.22861308188591, 16.0510772006869], [108.22861579891222, 16.05109879773455], [108.22862059401804, 16.051120030295845], [108.22862742215567, 16.051140698900916], [108.22863621917796, 16.05116060937801], [108.22864690244104, 16.051179574677604], [108.22865937158073, 16.05119741662969], [108.22867350945538, 16.051213967617574], [108.2286891832463, 16.051229072152555], [108.22870624570568, 16.051242588334677], [108.22872453653977, 16.051254389185804], [108.22874388391485, 16.05126436384252], [108.22876410607148, 16.05127241859765], [108.22878501303207, 16.051278477780585], [108.22880640838562, 16.051282484468164], [108.2293663845432, 16.05135948118983], [108.23131236069946, 16.05162747790611], [108.23131320416184, 16.051627592438038], [108.23156553091552, 16.051661368460184], [108.23181186122554, 16.051698119353212], [108.23183897323726, 16.051700496912176], [108.23198797323725, 16.051704496912176], [108.23201217740642, 16.051703840942057], [108.23203617027653, 16.05170058298489], [108.23224017027653, 16.051661582984888], [108.23227128814678, 16.051653282907903], [108.23243928814678, 16.051595282907904], [108.23244861707133, 16.051591829128643], [108.23311821966075, 16.05132692065896], [108.23317453894617, 16.05131376194741], [108.23334908934402, 16.051328443756574], [108.23429890274522, 16.051443395532313], [108.2347030602357, 16.05157254010973], [108.23471906982682, 16.051579463176157], [108.23506862283074, 16.051776262454506], [108.23540251892196, 16.052028765592745], [108.23561587940483, 16.05225505701397], [108.23581121893946, 16.05248946445552], [108.2359504378228, 16.05268379081351], [108.23595098697945, 16.052684553965342], [108.23609698697945, 16.052886553965344], [108.23610081292865, 16.052891691451997], [108.23621281292866, 16.053037691451994], [108.236218902787, 16.053045283522007], [108.236467902787, 16.053342283522007], [108.23648385203407, 16.05335940941169], [108.23650149688851, 16.05337478256009], [108.23652064574522, 16.053388236030525], [108.23654109066717, 16.053399623732044], [108.23656260964341, 16.053408822005853], [108.23664053525111, 16.053437427608678], [108.23680846493471, 16.05350102228176], [108.23680897228748, 16.0535012137153], [108.23692777254725, 16.05354587546709], [108.2373218378662, 16.053776062660617], [108.23736909994543, 16.053806964789338], [108.23737588700169, 16.05381123151944], [108.23767388700169, 16.05399123151944], [108.23769218582511, 16.054001157296767], [108.23771132512394, 16.05400934602283], [108.23809632512393, 16.05415334602283], [108.23811462542399, 16.05415931018473], [108.23923887942549, 16.05447310196826], [108.24143313488086, 16.05510188861128], [108.24143349564656, 16.055101991666398], [108.24187911713176, 16.055228883883036], [108.24232628783086, 16.055357913313834], [108.24233467075709, 16.055360755071604], [108.24287467075709, 16.055516755071604], [108.24287498879472, 16.055516846695284], [108.24323672279633, 16.055620770275855], [108.2437744569898, 16.055776693201842], [108.2437748895423, 16.05577681815607], [108.24411882812201, 16.055875800479885], [108.24517976670445, 16.05618178276662], [108.24518131470943, 16.056182223220198], [108.24560526328494, 16.056301208787385], [108.24601421186348, 16.056416194329024], [108.24700428510621, 16.05669421490956], [108.24700477250832, 16.0566943511837], [108.24737477250831, 16.056797351183704], [108.24737503811022, 16.056797424945927], [108.24783703811022, 16.056925424945927], [108.24783706829206, 16.05692531600836], [108.2478501201123, 16.056928968450347], [108.24787173445235, 16.056932791930418], [108.24789361880833, 16.056934487117307], [108.24791556412275, 16.056934037817182], [108.24793736075576, 16.05693144832213], [108.24795880048787, 16.05692674336915], [108.24797967850898, 16.05691996790386], [108.24799979537494, 16.056911186651114], [108.24801895891274, 16.056900483496722], [108.24803698605642, 16.056887960686083], [108.24805370459575, 16.056873737847464], [108.24806895482136, 16.05685795084921], [108.24808259105049, 16.056840750501813], [108.24809448301856, 16.056822301117247], [108.24810451712364, 16.05680277893933], [108.24811259751164, 16.056782370460077], [108.24811864699198, 16.056761270638205], [108.24812260777503, 16.056739681036703], [108.24812660777503, 16.056709681036704], [108.24812754676364, 16.056701494881125], [108.24812891415975, 16.05668727396157], [108.24813006864085, 16.05668476126742], [108.24813773467073, 16.05666585729527], [108.2481436537305, 16.056646335694182], [108.24817365373049, 16.056528335694182], [108.24817941429345, 16.05649583065772], [108.24822141429344, 16.05608483065772], [108.2482225070581, 16.05606763616046], [108.24823965409277, 16.05538461261301], [108.2482827857256, 16.055256815182386], [108.24828925875856, 16.0552335878816], [108.24829320421637, 16.05520980046854], [108.24829374616846, 16.05520492289972], [108.24835034818825, 16.05502714472487], [108.24835757128439, 16.055014865461438], [108.24835772481397, 16.055014604057575], [108.24844031321612, 16.054873769098126], [108.24871962427595, 16.054572754814043], [108.24873440266767, 16.05455509207333], [108.24874729447211, 16.05453600871278], [108.24875816411983, 16.054515705411823], [108.24881196359172, 16.054401499515365], [108.24881331631244, 16.054399064618075], [108.24882036796807, 16.05438527148056], [108.24887236796808, 16.05427427148056], [108.24888097664885, 16.054253169304896], [108.24888740226943, 16.054231303290113], [108.24889157865498, 16.054208898625284], [108.24891857865497, 16.054007898625283], [108.24892029331077, 16.05398930027373], [108.24892045662514, 16.053970623762993], [108.2489190674685, 16.05395199827055], [108.24888119456459, 16.053627088621013], [108.2488754469527, 16.05357320475959], [108.24888874219764, 16.05339039514157], [108.24890391519142, 16.053324113116094], [108.2489040772641, 16.053323399775252], [108.24895007726411, 16.053119399775255], [108.24895443666435, 16.053092610671612], [108.24895553253039, 16.05306549131465], [108.24895083309649, 16.052831459506713], [108.24897200180719, 16.0526450120163], [108.24911419309177, 16.05226708254938], [108.24912164595845, 16.052243366255183], [108.24912643189914, 16.052218971530262], [108.24916872462582, 16.051915232856878], [108.24923368000613, 16.05165923224036], [108.24923377723962, 16.05165884760109], [108.24926558469883, 16.05153255327773], [108.2493506259433, 16.051281518065775], [108.24953989645071, 16.051084642939735], [108.24955320885564, 16.051069488584393], [108.24956510780221, 16.051053200868726], [108.24964210780222, 16.050937200868727], [108.24965332877737, 16.0509183607209], [108.24966265883722, 16.050898516038064], [108.24967000902669, 16.050877856024304], [108.24967530926723, 16.050856577657267], [108.24971130926724, 16.050674577657265], [108.24971434311885, 16.05065451673246], [108.24971555407504, 16.050634263867362], [108.24972037249228, 16.050302756760484], [108.24975147393455, 16.050056611060306], [108.24985547752507, 16.049709359402662], [108.24989691916791, 16.049654731782564], [108.24989733062078, 16.04965418769875], [108.25009333062079, 16.04939418769875], [108.25010677361325, 16.049374210761133], [108.25011800052157, 16.049352909385295], [108.25012688228361, 16.049330528447292], [108.25021088228361, 16.049080528447295], [108.25021798965697, 16.049054163439514], [108.25027996808531, 16.048752268514402], [108.25045448082577, 16.047906325399627], [108.25076837035348, 16.046933169465735], [108.25106842863572, 16.046115188801952], [108.25119678853576, 16.045801200738747], [108.25133837326302, 16.045456936504664], [108.2516680078302, 16.044840962656735], [108.25168101488542, 16.04481186288813], [108.25184201488543, 16.044369862888132], [108.25184871737306, 16.044348084761136], [108.25185317854702, 16.04432573955845], [108.25185535248129, 16.044303057315044], [108.25185521679607, 16.044280271535584], [108.25184334117539, 16.0440710779099], [108.25189902585706, 16.043607343183933], [108.25200758505967, 16.043299462166694], [108.25201436995408, 16.043286377013178], [108.25202172736212, 16.04327071648883], [108.25217986848523, 16.04295443424261], [108.25218020270341, 16.0429537630071], [108.25229920270341, 16.042713763007104], [108.25231120286877, 16.042684567146697], [108.25235807062043, 16.04254296670547], [108.2524727062082, 16.042200923935486], [108.2527005719482, 16.041831781436684], [108.25275208217323, 16.041770301490665], [108.25289302080799, 16.041602374606704], [108.25290868089284, 16.041581333158163], [108.25309268089285, 16.041301333158163], [108.25310627044962, 16.041277626259347], [108.25311688019666, 16.041252444393397], [108.25312949521275, 16.04121654011683], [108.25318209891726, 16.04107163179874], [108.25318822171857, 16.041052007985606], [108.25319252447804, 16.041031906518022], [108.253194971144, 16.041011495820737], [108.25319554121648, 16.040990946909446], [108.25319081099273, 16.040728892513773], [108.2531920975871, 16.04071774202922], [108.25319357779374, 16.040692], [108.25319357779374, 16.04069], [108.25319352588025, 16.04068517148646], [108.25319212844141, 16.04062019058066], [108.25320682662498, 16.040556498451927], [108.25321133768325, 16.040529568298236], [108.25322950514334, 16.040357409986076], [108.25346207577932, 16.039708948330418], [108.25370128363306, 16.039420366613633], [108.25371751982354, 16.039408079766783], [108.25371960113853, 16.03940648552651], [108.25389760113853, 16.03926848552651], [108.25391449112821, 16.0392539959409], [108.25392986417943, 16.039237905908628], [108.2539435693452, 16.03922037341669], [108.25395547205538, 16.039201570615493], [108.25396545543802, 16.039181682128532], [108.25397342146691, 16.039160903239583], [108.25397929192415, 16.03913943797522], [108.25403429192416, 16.03889043797522], [108.25403849301661, 16.038864046699896], [108.25408684172336, 16.038373923535286], [108.25412389386514, 16.03826840547936], [108.2541240463936, 16.03826796967219], [108.25421304750485, 16.038012833153307], [108.25435585682555, 16.037863076352135], [108.25453122831985, 16.037716143478523], [108.25454624319778, 16.03770235652624], [108.25455994609905, 16.037687264902424], [108.25457222412786, 16.0376709929443], [108.2545829761277, 16.037653674713667], [108.25464369553704, 16.037545176096977], [108.25470741238338, 16.03743267604016], [108.25471963777213, 16.03740756717263], [108.25493763777212, 16.03687856717263], [108.25494392303371, 16.036861352915764], [108.25494878383587, 16.036843683514107], [108.25506768631011, 16.036330421166987], [108.25508138472638, 16.036281106868408], [108.25508199491097, 16.036278865309598], [108.25519580726758, 16.03585206897232], [108.25527930570647, 16.035613121312128], [108.2553282371725, 16.035532103638825], [108.25533765705944, 16.03551482598092], [108.25533855231377, 16.035513512941236], [108.25534557386942, 16.035502544321645], [108.25558550192463, 16.035102664229623], [108.25579822359903, 16.034749126798914], [108.25583501614875, 16.034688468811556], [108.25583828416593, 16.03468290211892], [108.25606828416592, 16.03427790211892], [108.25607835179407, 16.03425791658877], [108.25608638045333, 16.03423702833412], [108.25617138045334, 16.03397802833412], [108.25617666220761, 16.03395920570684], [108.2562506622076, 16.033643205706838], [108.25625193017021, 16.033637452235162], [108.25628285340906, 16.033487823660025], [108.25631004218384, 16.033358471004245], [108.25656581516257, 16.03283451814858], [108.25657755729019, 16.03280548718769], [108.25672343186206, 16.03235716600344], [108.25690154287636, 16.03197203590444], [108.25725891219123, 16.03143549505296], [108.25726501481445, 16.031425806214315], [108.25749401481445, 16.031040806214317], [108.25764909413135, 16.030779672759998], [108.25765147612569, 16.0307755634195], [108.25777647612568, 16.0305545634195], [108.25778609720187, 16.030535489470587], [108.25779386238341, 16.0305155876468], [108.25790686238341, 16.0301795876468], [108.25791260788004, 16.0301594371483], [108.25791660788005, 16.0301424371483], [108.25791729944126, 16.030139403930722], [108.25801505870061, 16.029696494633267], [108.2581865564384, 16.028954644418896], [108.25836122345088, 16.02848424489856], [108.25868428714948, 16.02800442839944], [108.25868599596828, 16.028001852355917], [108.25903299596827, 16.02747085235592], [108.25904612901239, 16.027447911489922], [108.2595051290124, 16.02652391148992], [108.25951075337518, 16.026511682537002], [108.25975745077955, 16.02592997581701], [108.25985379766381, 16.02579921933122], [108.26011886078061, 16.02543913363017], [108.26013015511563, 16.025422239395148], [108.26013987603167, 16.025404393359963], [108.26019787603167, 16.02528539335996], [108.26037894246029, 16.024913256949763], [108.2603862273366, 16.02489660335204], [108.26039214151966, 16.024879415153222], [108.26063628220402, 16.024064004567105], [108.2608697637885, 16.023695103663616], [108.26088223426743, 16.023672654935964], [108.26089206046046, 16.02364892933485], [108.26100606046047, 16.02332192933485], [108.2610126622076, 16.02329920570684], [108.26108048252709, 16.02300959461282], [108.2611912022982, 16.022791755713552], [108.26119151854647, 16.02279113109299], [108.26124374116726, 16.022687586241396], [108.26143969682168, 16.022389308915216], [108.2614514783434, 16.02236916770792], [108.26146110639887, 16.02234791275478], [108.26146847704852, 16.022325773513398], [108.26154247704852, 16.0220577735134], [108.26154272224504, 16.022056878297796], [108.26158575513166, 16.02189848065135], [108.26190836511095, 16.021135067246863], [108.26230579563862, 16.020412197329282], [108.26230709452891, 16.02040980048704], [108.26240109452891, 16.02023380048704], [108.26294917821872, 16.019205643641886], [108.2629560027069, 16.019191701012033], [108.2631810027069, 16.01868870101203], [108.2631814840817, 16.01868761720374], [108.2632524840817, 16.01852661720374], [108.26325408934538, 16.018522886066048], [108.26338708934539, 16.018205886066045], [108.26339529299382, 16.018182907059526], [108.26340095533375, 16.018159173697036], [108.26344889894207, 16.0178954838512], [108.26367329155124, 16.017463528078565], [108.26367640579134, 16.0174572989264], [108.26383840579135, 16.017120298926397], [108.26384305670716, 16.017109963816996], [108.26394381162696, 16.01687007115078], [108.26412011756325, 16.016543614554482], [108.26441762468205, 16.01600450769491], [108.26442660671509, 16.015986338608332], [108.26443391408944, 16.0159674337173], [108.26453691408943, 16.015660433717297], [108.26454352313523, 16.01563637909393], [108.26465790446902, 16.015106412247384], [108.26481543767298, 16.014779160950745], [108.26498190787576, 16.01457831103217], [108.26499406742224, 16.014562221203693], [108.26500473448296, 16.014545105393267], [108.26501382303285, 16.014527101632222], [108.26514782303285, 16.014229101632225], [108.26515076151236, 16.014222266285415], [108.26528394147417, 16.013897757364372], [108.26541874432843, 16.013698840957478], [108.26564108136844, 16.013503840438783], [108.26565721663589, 16.013488192956572], [108.26567170700618, 16.013471010997307], [108.26598070700616, 16.013065010997305], [108.26599322314335, 16.013046766272282], [108.26600388326958, 16.013027378508355], [108.2660125839177, 16.013007035883067], [108.26601924063928, 16.012985935841854], [108.26612224063929, 16.012592935841855], [108.26612510883184, 16.012580579003913], [108.26618734531048, 16.012273286390617], [108.26636796574651, 16.011642563691517], [108.26643157457325, 16.011494589473532], [108.26659166780333, 16.011385130381342], [108.26670757334625, 16.01130786001939], [108.26672570957777, 16.011294404618898], [108.26674240281464, 16.011279195853696], [108.26675748426474, 16.011262387505806], [108.26677080143341, 16.011244149531272], [108.2667822196653, 16.011224666341683], [108.26689721966531, 16.011003666341683], [108.26690569938972, 16.01098541749794], [108.26699845693095, 16.0107598702135], [108.26720593145885, 16.010322197757013], [108.2672131700643, 16.010305143726974], [108.26721897835448, 16.01028755108321], [108.26733097835448, 16.00989455108321], [108.26733562364888, 16.009874957013754], [108.26733849509665, 16.009855025603727], [108.26737249509665, 16.009510025603728], [108.26737327159866, 16.009499723288112], [108.26739526111706, 16.00907905424033], [108.2674629668389, 16.00878212794212], [108.2676797893245, 16.00850133866959], [108.26801347256922, 16.008214237986092], [108.26802758239727, 16.00820099834117], [108.2680405002379, 16.00818659331293], [108.2682435002379, 16.00793959331293], [108.26825523569046, 16.007923976078143], [108.26834023569046, 16.007799976078143], [108.26835241154791, 16.00778006944566], [108.26836245604359, 16.007759006833567], [108.2685444560436, 16.007320006833567], [108.26855026119921, 16.007304390669546], [108.26855489269562, 16.007288387118336], [108.26871197638334, 16.00665905816689], [108.2688826773481, 16.00606160479024], [108.26925853235244, 16.005340576822736], [108.2698117914878, 16.00451167608244], [108.26981465130467, 16.00450728120421], [108.27021865130466, 16.003870281204208], [108.27022854526447, 16.00385303821071], [108.27023687558305, 16.003834987807448], [108.27031071905549, 16.003654370665426], [108.27039856111651, 16.003441752949538], [108.27040625563507, 16.00342003278078], [108.2704116839862, 16.00339763848796], [108.27050145687396, 16.002921842182854], [108.27050834809829, 16.002887386061186], [108.27066084576371, 16.002438471058586], [108.27092644691788, 16.00181873503217], [108.27121501155467, 16.001360711296602], [108.27122867962464, 16.00133560336119], [108.27149605165434, 16.00075995537189], [108.271657150865, 16.000424829236138], [108.27166427273944, 16.000410210651747], [108.2718704137905, 16.000159698432764], [108.27188166560178, 16.00014480375959], [108.2721167161731, 15.999805175603571], [108.27214074646767, 15.999771533191169], [108.27215068668707, 15.999756356083804], [108.27215936938528, 15.999740426133979], [108.2722383392002, 15.999580487268325], [108.27228330897347, 15.999489548393477], [108.27229169412354, 15.99947039626855], [108.27229826188425, 15.999450547360516], [108.27230295533374, 15.999430173697057], [108.27230699567562, 15.999407951816773], [108.27239325963394, 15.999239964108453], [108.272491248288, 15.99912761504819], [108.27250545906567, 15.99910952975207], [108.2725177455067, 15.999090085794041], [108.27252797873635, 15.999069487125432], [108.27253605141632, 15.99904794980955], [108.27254187887075, 15.999025699755345], [108.2725453999744, 15.999002970347819], [108.27254657779375, 15.99898], [108.27254657779375, 15.998974], [108.272545708644, 15.998954261001957], [108.2725429139473, 15.998922587772736], [108.27253615909835, 15.998822230016897], [108.27253423202328, 15.998787542665404], [108.27253399794161, 15.998783872148193], [108.27252823939477, 15.998703892331054], [108.27257261609023, 15.998572106993045], [108.27267347836172, 15.998398206524925], [108.27301112881203, 15.997896962053638], [108.27318524653857, 15.99772831399389], [108.27319162529889, 15.997721881237092], [108.2732116252989, 15.997700881237092], [108.27322811890993, 15.99768146808314], [108.27331811890993, 15.99756246808314], [108.27333062327945, 15.997544114064981], [108.27334125367541, 15.997524614733667], [108.27334990613818, 15.997504160782269], [108.27340990613818, 15.997340160782269], [108.27341625355946, 15.997319886521652], [108.27342065681773, 15.997299103193788], [108.27345985711268, 15.997058431615459], [108.27351011310219, 15.996929312380868], [108.2735205241379, 15.996911230055714], [108.27427139951122, 15.995612445621699], [108.27453237519448, 15.995161487640265], [108.27454205072758, 15.9951428002453], [108.27454993463968, 15.99512328925862], [108.27481225658862, 15.994374929283547], [108.27520786835295, 15.993462741756755], [108.27529269989301, 15.993269126241783], [108.27529313030811, 15.993268137430535], [108.2753799432557, 15.993067382489247], [108.27566209914797, 15.99266672112223], [108.27588514567465, 15.992392804335074], [108.27589638847928, 15.992377752898172], [108.27590633393173, 15.992361814442024], [108.27596533393172, 15.992257814442024], [108.27597682879335, 15.9922345044895], [108.27598782879335, 15.9922085044895], [108.27598792580672, 15.992208274830043], [108.27604992580672, 15.992061274830045], [108.27605722558327, 15.992041398701106], [108.27606262098598, 15.992020923426528], [108.27615714597165, 15.99157850751428], [108.27621054422126, 15.991415124810251], [108.27629581048808, 15.991290067618912], [108.2764070121456, 15.9911946333606], [108.27651576568064, 15.991101843647204], [108.27653095376496, 15.991087617594767], [108.27654475983013, 15.99107204675543], [108.27655706533127, 15.99105526482721], [108.27665006533128, 15.99091526482721], [108.27666206652907, 15.990894960100281], [108.27667187198125, 15.990873508671624], [108.27667937353164, 15.990851147154995], [108.27675637353163, 15.990574147154994], [108.27675646833397, 15.990573805065248], [108.27684846833398, 15.990240805065248], [108.27685148356942, 15.990228562045854], [108.27695731876453, 15.98974016660414], [108.2769788546407, 15.989680481461601], [108.27702696635733, 15.989604689031307], [108.27706603285212, 15.989563452175698], [108.27706650947326, 15.98956294751574], [108.27722750947325, 15.98939194751574], [108.27724819919263, 15.98936647506714], [108.27733119919263, 15.98924747506714], [108.27734152853581, 15.989231222253569], [108.27735042751314, 15.989214144271182], [108.27755658360151, 15.988773362920316], [108.2777504991268, 15.988433294314397], [108.27796352777825, 15.988122387633899], [108.27824248023525, 15.987762607963218], [108.27825407477229, 15.987746185460871], [108.27826415427293, 15.987728791912089], [108.2782726379712, 15.987710566689556], [108.27827945788808, 15.987691655830076], [108.27829855811066, 15.987630202939991], [108.27840864712606, 15.987382502655368], [108.27863080156176, 15.987061715337418], [108.27879396564134, 15.98687278850843], [108.27880939224767, 15.986852747386354], [108.27882246768108, 15.986831098834486], [108.27883302611691, 15.986808117403081], [108.27884402611691, 15.98678011740308], [108.27885066578456, 15.986760637487265], [108.27885549430113, 15.986740631544789], [108.27885847111696, 15.98672026758461], [108.27888520302331, 15.986451993810228], [108.27891540024348, 15.986312433684622], [108.27901821557897, 15.98605888061149], [108.27925420864175, 15.985692298502114], [108.27974280299283, 15.985068477027605], [108.27975394978164, 15.985052923004469], [108.27976373198389, 15.985036476513795], [108.27977207857711, 15.98501925696333], [108.2800440785771, 15.98439125696333], [108.2800504077795, 15.98437492544583], [108.28005544498947, 15.984358150351712], [108.28015117564313, 15.983987428702754], [108.28028270594429, 15.983731726438972], [108.28028317348787, 15.983730812377438], [108.28033370422406, 15.983631463811356], [108.28046433316968, 15.98345473053199], [108.28068567059132, 15.983241869862667], [108.28070023708123, 15.983226473620894], [108.28071328726712, 15.983209772736569], [108.28081028726712, 15.98307277273657], [108.28082449952569, 15.9830499070755], [108.28083587342971, 15.983025505004735], [108.2808977150974, 15.982868943820701], [108.28090060337281, 15.982865870521092], [108.28091502934376, 15.982846810447517], [108.28092734773357, 15.9828263250304], [108.28093741898361, 15.98280464635505], [108.28094512899371, 15.982782020025551], [108.28109544715117, 15.982249602809786], [108.28123029032976, 15.981954277256673], [108.28123109145915, 15.981952502343303], [108.28125191544237, 15.981905827898139], [108.28131291791892, 15.981816254641439], [108.28152421285401, 15.981567331841196], [108.28154229128995, 15.981542846981721], [108.28165529128995, 15.98136584698172], [108.28165907311352, 15.981359708143914], [108.28186107311352, 15.981019708143915], [108.28186842483497, 15.981006316686546], [108.2822238915263, 15.98030313189659], [108.28235676993967, 15.980143677800562], [108.28244348076686, 15.980055102224409], [108.28245870971192, 15.980037861655157], [108.28247209513846, 15.980019153679518], [108.28248349660868, 15.97999917457862], [108.28249279450016, 15.979978133970029], [108.2824998912609, 15.979956252608487], [108.2825047124328, 15.979933760069782], [108.28251681244154, 15.97985874001553], [108.28265996724947, 15.979429275591754], [108.28268677246298, 15.979392623565113], [108.28270822636571, 15.97936464021372], [108.28272214995405, 15.97934424792728], [108.28273375063894, 15.979322450318028], [108.2827428881795, 15.979299510897565], [108.2827494521119, 15.979275706980866], [108.28278326150311, 15.979120183781365], [108.28281776593626, 15.978992517378694], [108.28286151801412, 15.978889440449505], [108.28306972099354, 15.978591879968183], [108.28326472720195, 15.978396873759765], [108.28348287678742, 15.978219086652667], [108.28349882271554, 15.978204772262616], [108.28351333178668, 15.978189003266424], [108.28352627190667, 15.978171923228924], [108.28353752526546, 15.978153687650998], [108.28354698940969, 15.978134462553852], [108.28366013502803, 15.977873942390628], [108.28367057386943, 15.97785654432163], [108.28368175385178, 15.977835443386919], [108.28369063010724, 15.977813274635498], [108.28369710227717, 15.977790288716603], [108.28370109718445, 15.977766745518716], [108.283702569661, 15.977742911231152], [108.28370436650819, 15.977531781686116], [108.28375377416171, 15.977311150957444], [108.28377918981461, 15.977243146913226], [108.28379650908163, 15.977212505133119], [108.28379675166238, 15.977212074847824], [108.28398779457369, 15.976872333588007], [108.28413805888655, 15.976635806428874], [108.28428275826462, 15.976466402278938], [108.28447052514944, 15.976294756793315], [108.2844852991728, 15.976279929687502], [108.28449862860676, 15.976263791502246], [108.28451039766264, 15.976246482424964], [108.28452050410634, 15.976228152814251], [108.28454876491865, 15.976170719550524], [108.28475442106227, 15.97580521692561], [108.28488186111876, 15.975599352218964], [108.2850227713494, 15.975372496741262], [108.28503443875343, 15.97535123032732], [108.28504374445959, 15.97532882960162], [108.2850505799053, 15.975305555896274], [108.28505486534668, 15.975281680727774], [108.28509004379676, 15.97499844910413], [108.28519880547672, 15.97473972813816], [108.28534409747958, 15.974550358786102], [108.28563709677017, 15.974305253610327], [108.28565546921855, 15.974288044956277], [108.28567180034904, 15.974268888265248], [108.28574780034903, 15.974168888265249], [108.28576019018466, 15.974150819772257], [108.28577076051332, 15.974131630019317], [108.28577941073995, 15.974111501630286], [108.28578605854261, 15.974090626161775], [108.28581605854262, 15.973977626161775], [108.28582210003492, 15.973945720806029], [108.28586455845222, 15.973577440186359], [108.28596811148279, 15.973324403345547], [108.2861278361157, 15.97308744921979], [108.28631459849676, 15.972883878224444], [108.28639329524131, 15.972802266785635], [108.2866486787751, 15.972539900108368], [108.28669642907415, 15.972491155011399], [108.28670857929114, 15.97247770655418], [108.2867196054841, 15.9724633221236], [108.2868006054841, 15.972348322123601], [108.28681197211527, 15.972330449808057], [108.28682160447336, 15.972311586148694], [108.28682941687875, 15.972291898937389], [108.28683533984024, 15.972271563291491], [108.28683932067321, 15.972250760096165], [108.28685490413197, 15.972141675884792], [108.28687836383054, 15.972078627944914], [108.28698224753201, 15.971801937701548], [108.28698290613818, 15.971800160782283], [108.28698652945504, 15.971790257049538], [108.287005662235, 15.97176474667625], [108.28701816006051, 15.971746231220367], [108.28702875660858, 15.97172656574508], [108.28703734703443, 15.971705944825288], [108.28704384634231, 15.971684572489288], [108.28704819022656, 15.971662660200069], [108.28705033570773, 15.971640424763045], [108.28705026155792, 15.971618086180928], [108.28704796851079, 15.971595865476978], [108.28704347925431, 15.971573982508136], [108.28703683820622, 15.971552653789717], [108.28702811107466, 15.97153209035314], [108.28701738420793, 15.971512495657953], [108.28700476374023, 15.971494063578739], [108.28699037454146, 15.971476976486887], [108.2869743589818, 15.971461403446156], [108.28695687552299, 15.971447498539925], [108.28693809715055, 15.971435399346648], [108.28690241944989, 15.97141484767576], [108.29149769946363, 15.96429376903494], [108.29150854978786, 15.964275029450192], [108.29151754487536, 15.964255331989097], [108.29152460109776, 15.964234859781161], [108.2915296528526, 15.964213803158792], [108.29153265317312, 15.96419235788777], [108.29153357416503, 15.964170723347182], [108.29153240726576, 15.964149100675781], [108.29152916332409, 15.964127690901963], [108.29152387249933, 15.964106693074795], [108.29151658398084, 15.964086302413433], [108.29150736553082, 15.964066708492139], [108.29149630285421, 15.964048093477794], [108.291483498802, 15.964030630436277], [108.29146907241484, 15.96401448172344], [108.2914531578165, 15.963999797475676], [108.2914359029668, 15.963986714214084], [108.29141746828597, 15.963975353575213], [108.29139802516335, 15.963965821180196], [108.2913777543638, 15.963958205652776], [108.2913568443472, 15.963952577795371], [108.2792218443472, 15.961306577795371], [108.27920218739406, 15.961303198168183], [108.27918230810718, 15.961301575935337], [108.27916236328842, 15.961301723892515], [108.27914251025656, 15.961303640872677], [108.27912290560641, 15.961307311755256], [108.27503997084841, 15.96226124997792], [108.27502763557658, 15.96225926752352], [108.27500529154868, 15.962256815878845], [108.27489143970654, 15.962250065769627], [108.27467179790071, 15.961731422527373], [108.27466234701342, 15.961711811652957], [108.27465104178839, 15.961693207955664], [108.27463798845326, 15.96167578624198], [108.27462330966146, 15.961659710212082], [108.27460714333978, 15.961645130921662], [108.27458964139231, 15.961632185362545], [108.27457096827315, 15.961620995175483], [108.27455129944107, 15.961611665507174], [108.27453081971095, 15.96160428402226], [108.27450972151706, 15.961598920079615], [108.27448820310502, 15.961595624080612], [108.27446646666895, 15.961594426995552], [108.27444471645157, 15.961595340072638], [108.27361771645157, 15.961670340072637], [108.27359849734032, 15.961672923711534], [108.27327949734031, 15.961729923711534], [108.2732633421555, 15.96173342842605], [108.27308516200456, 15.961779009394897], [108.27307294557485, 15.961768158556476], [108.27305561373021, 15.961755503783642], [108.2730371531381, 15.961744561084993], [108.27301773236678, 15.961735430381005], [108.27299752875207, 15.961728195046389], [108.27297672677817, 15.96172292114877], [108.27295551639304, 15.961719656845407], [108.27293409127391, 15.96171843194346], [108.27291264705885, 15.96171925762781], [108.27289137956026, 15.961722126358929], [108.27228237956027, 15.961834126358928], [108.27226079674105, 15.961839208572872], [108.27223982028512, 15.961846394342171], [108.27221965467297, 15.961855613619257], [108.27220049648089, 15.961866776533743], [108.27218253246475, 15.961879774268475], [108.27216593773952, 15.961894480120302], [108.27215087407214, 15.96191075073518], [108.27213748830466, 15.961928427505608], [108.27212591092282, 15.961947338116747], [108.27211625478407, 15.961967298226163], [108.27210861401733, 15.96198811326081], [108.27210306310553, 15.96200958031375], [108.27209965615951, 15.962031490122111], [108.27209765615952, 15.962050490122111], [108.27209644215121, 15.962071007009985], [108.27209710891206, 15.962091548965445], [108.27209781286524, 15.962097197043672], [108.27187102642716, 15.96219359396366], [108.2718603337533, 15.962180426952038], [108.2718458112749, 15.96216421678841], [108.27182978789806, 15.96214948847628], [108.2718124141094, 15.96213638033944], [108.27179385307824, 15.962125015485483], [108.27177427912406, 15.962115500649636], [108.27175387607943, 15.962107925192315], [108.2717328355635, 15.96210236025989], [108.27171135518233, 15.962098858116496], [108.27168963667307, 15.962097451653193], [108.27166788400929, 15.962098154079053], [108.27164630148535, 15.962100958797103], [108.27162509179766, 15.962105839466297], [108.27160445414111, 15.962112750248885], [108.27146845414111, 15.962165750248884], [108.27145022636009, 15.962173802569046], [108.27143278412788, 15.962183438979], [108.2714162647726, 15.962194583608298], [108.27127960150413, 15.962295886450645], [108.27117907125867, 15.962359992694134], [108.2711766743521, 15.962360591920776], [108.27115982545823, 15.962353611664744], [108.27114928927914, 15.962348021039096], [108.27110068613244, 15.962300092936113], [108.2710997777884, 15.962299202268323], [108.2710597777884, 15.962260202268324], [108.27104204343813, 15.962244642103215], [108.2710227745405, 15.962231028305016], [108.27100218375591, 15.962219511121871], [108.27098049833374, 15.962210217662713], [108.2709579576043, 15.962203250494435], [108.27093481033745, 15.96219868650991], [108.27091131199707, 15.962196576079375], [108.27088431199707, 15.962195576079374], [108.27086278682364, 15.96219581124601], [108.27084138305025, 15.96219810621407], [108.27082029733046, 15.962202439897842], [108.27079972339565, 15.962208772480311], [108.27076372339566, 15.962221772480312], [108.27074500873893, 15.962229500993214], [108.27072706622974, 15.96223888367153], [108.27071004171589, 15.962249844247065], [108.27070293821562, 15.962255382412629], [108.27067843288228, 15.962229039179288], [108.27066046617065, 15.962211756508786], [108.27064069461264, 15.962196571683464], [108.27061936184556, 15.962183671820092], [108.27058736184556, 15.962166671820093], [108.27056752043512, 15.962157342973581], [108.27054686391044, 15.962149993352273], [108.27052558915344, 15.96214469300704], [108.27050389893854, 15.962141492456649], [108.270482, 15.962140422206252], [108.270438, 15.962140422206252], [108.27041928535202, 15.962141437491148], [108.27041727821528, 15.962133768817496], [108.27040984037917, 15.962113522900236], [108.2704004946293, 15.96209408387941], [108.27038932717164, 15.962075631062252], [108.27037644101581, 15.962058334659167], [108.27036195502487, 15.96204235421369], [108.27034600281883, 15.962027837130853], [108.27032873154225, 15.962014917317502], [108.27029173154226, 15.961989917317501], [108.27027208767545, 15.961978059123565], [108.27025133634811, 15.9619682672555], [108.27022969418555, 15.961960643931654], [108.2702073871126, 15.96195526873272], [108.2701753871126, 15.96194926873272], [108.27015513673089, 15.961946419088356], [108.27013471108766, 15.961945423332025], [108.27011427954824, 15.961946289720338], [108.27009401152684, 15.961949011069375], [108.26999107118492, 15.961967638369341], [108.26992513743174, 15.96197830412353], [108.26990379936511, 15.961982828931914], [108.26988300090821, 15.96198940245223], [108.26982900090822, 15.962009402452232], [108.26981018435322, 15.962017362599747], [108.26972018435322, 15.962060362599747], [108.26969898596822, 15.962071929662828], [108.26958623016495, 15.962141572953081], [108.26958304324002, 15.962140170866725], [108.26956168026086, 15.962133224050158], [108.26953973014949, 15.962128446210679], [108.26951741253032, 15.962125885153517], [108.26920641253032, 15.962105885153516], [108.26918059156425, 15.962105712164757], [108.26915492141748, 15.96210850425701], [108.2689283185353, 15.962146437779136], [108.26870271588872, 15.9621833727257], [108.26868348306188, 15.962187392428842], [108.26866467519329, 15.9621930778243], [108.26864643624913, 15.962200385392823], [108.26847843624913, 15.962276385392823], [108.26845920328039, 15.962286226595943], [108.26844100494311, 15.962297870344754], [108.26842400965526, 15.962311208881271], [108.26840837470104, 15.962326118762967], [108.26839026321584, 15.962345135822439], [108.26836419951914, 15.962371199519131], [108.26835440641463, 15.962381637644874], [108.26833240641463, 15.962406637644875], [108.26832734122563, 15.962412599805027], [108.2682997198503, 15.962446284409085], [108.26821206588606, 15.962519610321475], [108.26806222879993, 15.962644474559921], [108.26804851329915, 15.962656896519404], [108.26803586702418, 15.962670405470828], [108.2680243758345, 15.962684909697753], [108.26800037583449, 15.962717909697753], [108.26799134814402, 15.962731311098839], [108.2675207927688, 15.96348717162787], [108.26749575890997, 15.963521384568288], [108.26748445205465, 15.96353841248259], [108.26747474022743, 15.963556397900435], [108.26739174022742, 15.963728397900434], [108.26738492409305, 15.963744009448256], [108.26730492409305, 15.963948009448256], [108.26729768882826, 15.963969628960392], [108.26729268272634, 15.963991870617368], [108.26728995737692, 15.964014505211072], [108.26728954086569, 15.964037299484037], [108.26729754086568, 15.964283299484038], [108.26729885562867, 15.964301333278213], [108.2673016169261, 15.964319202849289], [108.26738642220626, 15.964751805064887], [108.26738642220626, 15.964776357169688], [108.2672823729785, 15.96473817161566], [108.26727034057785, 15.964734137731721], [108.26673783008847, 15.964572198907529], [108.26526242846644, 15.964070631300038], [108.26526991231705, 15.964051438999794], [108.26527578726235, 15.96403066872085], [108.26527964105429, 15.96400943036504], [108.26528143809158, 15.96398792013197], [108.26528116177322, 15.96396633673284], [108.26527881465184, 15.963944879554765], [108.2652744184101, 15.963923746818823], [108.26526801366043, 15.963903133748905], [108.2652596595698, 15.963883230768237], [108.26524943331316, 15.96386422174025], [108.26523742936052, 15.96384628227005], [108.26522375860424, 15.963829578082189], [108.26520854733451, 15.963814263489697], [108.26519193607284, 15.963800479968548], [108.26517407827379, 15.963788354850696], [108.26515513890743, 15.963778000147794], [108.26513529293537, 15.96376951151643], [108.26427229293537, 15.96344851151643], [108.26426532847526, 15.963446050630285], [108.26159332847526, 15.962551050630285], [108.2615719383299, 15.962545044870689], [108.26155005943977, 15.962541182017592], [108.26152790593285, 15.96253949987661], [108.26150569462477, 15.9625400149108], [108.26148364289685, 15.96254272207954], [108.26146196656862, 15.96254759488786], [108.26144087778555, 15.962554585645748], [108.26142058294288, 15.96256362593489], [108.26140128066554, 15.962574627278283], [108.26138315986427, 15.962587482006144], [108.26136639788675, 15.962602064309689], [108.26135115878189, 15.962618231472398], [108.2613375916943, 15.962635825266792], [108.2613258294046, 15.962654673503], [108.26131598702995, 15.962674591713961], [108.2613081608973, 15.962695384960819], [108.26123342327446, 15.96292830512521], [108.26102852164279, 15.96303468262737], [108.26100906916132, 15.963046055342332], [108.26099085424086, 15.963059320121015], [108.26097406025343, 15.963074343425136], [108.26095885626631, 15.963090974013108], [108.26094539534004, 15.963109044462602], [108.26093381298757, 15.963128372856014], [108.26091253387189, 15.96316829861947], [108.26064401427674, 15.963082969059235], [108.26062318951001, 15.963077436033036], [108.26060193033634, 15.963073924221167], [108.2605804324588, 15.963072465951907], [108.2605588937779, 15.963073074649472], [108.26053751256973, 15.963075744710446], [108.2605164856608, 15.963080451555363], [108.26049600661608, 15.96308715185497], [108.26047626395709, 15.963095783929102], [108.26045743942652, 15.963106268314485], [108.26043970631515, 15.963118508496239], [108.26042322786662, 15.963132391796353], [108.26040815577466, 15.963147790410956], [108.26039462878664, 15.96316456258682], [108.26038277142639, 15.963182553926291], [108.26037269284782, 15.963201598808597], [108.26036448583014, 15.963221521914493], [108.26027859762667, 15.963462208624252], [108.26005071034922, 15.96409489567081], [108.25987165973763, 15.964593036331397], [108.25981805833163, 15.964742226905065], [108.25951336675408, 15.965282714830845], [108.25950410593397, 15.965301056500236], [108.259496560228, 15.965320167804391], [108.2594907927993, 15.965339888767634], [108.25948685192546, 15.965360054310983], [108.25941785510061, 15.96582529004429], [108.25929862249838, 15.966389920466433], [108.25918202636828, 15.966903142748459], [108.2590800502019, 15.967350038301104], [108.2590759012232, 15.967374268283507], [108.25907442537724, 15.96739880657909], [108.25907564034735, 15.967423359174049], [108.25907953157598, 15.967447631883235], [108.2592328329746, 15.968153982631344], [108.25924894056223, 15.969097697765132], [108.25918260936847, 15.96935774619524], [108.25913688120731, 15.969406702226589], [108.25912348117377, 15.96942244182401], [108.25911158511117, 15.96943934683867], [108.25910129380507, 15.969457274048283], [108.25909269444523, 15.96947607157036], [108.25908585988695, 15.96949558014896], [108.25908084803383, 15.969515634503951], [108.25907770134717, 15.969536064731283], [108.25907644648623, 15.969556697742453], [108.25907544648624, 15.969624697742454], [108.25907615273746, 15.96964609940605], [108.25907889408944, 15.969667336519432], [108.25908364561926, 15.969688216006011], [108.25909036412853, 15.969708548040556], [108.25909898853611, 15.969728147774973], [108.25910944043348, 15.969746837018858], [108.25912162479749, 15.969764445859505], [108.25913543085439, 15.969780814206658], [108.25920043085439, 15.969850814206657], [108.25921574524352, 15.969865804061675], [108.25923241863838, 15.969879266014445], [108.25925029922307, 15.969891077490182], [108.25926922418995, 15.969901130942139], [108.259289021222, 15.969909334830866], [108.25930951006177, 15.969915614457697], [108.25933050415271, 15.969919912644896], [108.25935181233787, 15.969922190256282], [108.25948063574916, 15.969929768104006], [108.25956099081873, 15.969939682041161], [108.25975755643044, 15.970106168217635], [108.25962968660053, 15.970247085989373], [108.25961587974285, 15.970263866192134], [108.2596037592793, 15.970281902236238], [108.25959343868892, 15.970301025257394], [108.25958501459931, 15.970321056214383], [108.25957856588185, 15.970341807565346], [108.2595741529133, 15.97036308502366], [108.25957181701054, 15.97038468937697], [108.25957158004368, 15.970406418352335], [108.25957344423136, 15.970428068510024], [108.25957739211994, 15.970449437148249], [108.25964539211994, 15.970738437148249], [108.25965081909045, 15.970757633457037], [108.2596579281288, 15.970776272444507], [108.25966666314231, 15.970794207042887], [108.25971359117437, 15.970880587845267], [108.25931330845162, 15.971009185462082], [108.25929161932828, 15.971017411771678], [108.2592708944714, 15.971027831490863], [108.25925135499334, 15.971040333452219], [108.25895245580494, 15.971254109247154], [108.25870147351722, 15.971394623978656], [108.25799187020331, 15.97160247781039], [108.25798717312873, 15.971603909596253], [108.25743060276642, 15.971780238967675], [108.25705942335648, 15.971866405616408], [108.25648286991445, 15.971933947530669], [108.25646599809147, 15.971936577629746], [108.25573299809147, 15.972079577629748], [108.25571176588925, 15.972084804357713], [108.25569114262579, 15.9720920711384], [108.25567132380947, 15.972101309082793], [108.25549027187826, 15.972196692539237], [108.2551489170993, 15.972282031233975], [108.25470943863144, 15.972356585616916], [108.2546874791393, 15.972361453347782], [108.25466611669945, 15.972368493252764], [108.25464556559798, 15.97237763471475], [108.2546260319825, 15.972388786035959], [108.25460771179421, 15.972401835357765], [108.25459078880247, 15.972416651782742], [108.25457543276138, 15.9724330866877], [108.25456179770704, 15.972450975214512], [108.25455002041231, 15.972470137923805], [108.25454021901496, 15.972490382594922], [108.25453666240523, 15.97250010518875], [108.2543748562458, 15.972462718159488], [108.25377045115532, 15.972309628712226], [108.25364840214144, 15.972277147926276], [108.25280504687944, 15.972047323625022], [108.2527978687424, 15.972045494121346], [108.2518668687424, 15.971824494121346], [108.25186385038016, 15.97182379957618], [108.25169557185377, 15.971786297504586], [108.251355188922, 15.971688204440673], [108.25133653580176, 15.97168368245778], [108.2510066634408, 15.97161849809903], [108.25082075763203, 15.971574467775897], [108.25081958641245, 15.971574193692227], [108.25028282780394, 15.971450099041453], [108.24985190251739, 15.97131561894064], [108.24984565876674, 15.97131376933737], [108.24954265876674, 15.971228769337369], [108.24952423434044, 15.971224429272267], [108.24950550987795, 15.971221656159512], [108.24946840388745, 15.971217750265776], [108.24900713607114, 15.971083833802979], [108.24882585234177, 15.971001516191171], [108.24882420968066, 15.97100077821851], [108.24859161423106, 15.970897402463136], [108.2484773812759, 15.97084474821036], [108.24830286197881, 15.970737009256549], [108.24800706839338, 15.970509102723504], [108.24799227694714, 15.970498629265432], [108.24797668912124, 15.970489382650424], [108.24781555845425, 15.970402391860878], [108.24748440836163, 15.970215436253042], [108.2474814488417, 15.97021379469616], [108.2470244488417, 15.96996479469616], [108.24701864003192, 15.969961738946989], [108.24662102383515, 15.969759933741585], [108.24634185514525, 15.969616896780336], [108.24596624040612, 15.96940778145063], [108.24595798343643, 15.969403407051443], [108.24537398343642, 15.969109407051443], [108.24537142315673, 15.969108138493851], [108.24504991556532, 15.968951378581266], [108.24480653827656, 15.968831240110703], [108.24487545745953, 15.968564102038645], [108.2448800023471, 15.968541913763058], [108.24488228925186, 15.968519380551056], [108.24488229491374, 15.968496731587624], [108.24488001927513, 15.96847419723506], [108.24487548548153, 15.968452006689953], [108.2448687396461, 15.96843038565203], [108.24485985038062, 15.968409554028574], [108.2448489080977, 15.968389723697735], [108.24483602409116, 15.968371096353538], [108.24482132940402, 15.968353861454444], [108.24480497349577, 15.968338194296374], [108.24478712272213, 15.968324254229778], [108.24476795864305, 15.96831218303888], [108.24474767617613, 15.968302103499596], [108.24446340311562, 15.96817829119101], [108.24385233209495, 15.96789266027418], [108.24351656629756, 15.967734770405173], [108.24349324627485, 15.967725360254859], [108.24285881503353, 15.967509806507802], [108.24291700521862, 15.967276006656993], [108.24319685255645, 15.9665920441075], [108.24320409098452, 15.966571583696261], [108.24320932063918, 15.966550520126267], [108.24322532063918, 15.966469520126267], [108.24322857333135, 15.966447216761043], [108.24322957402927, 15.96642469968507], [108.24322831265317, 15.966402195706822], [108.24322480190857, 15.96637993150284], [108.24321907715824, 15.966358131334482], [108.24321119606608, 15.966337014789005], [108.2432012380162, 15.966316794567708], [108.24318930331337, 15.966297674343467], [108.24317551217266, 15.966279846709174], [108.24312151217266, 15.966216846709173], [108.2431018350299, 15.96619661496702], [108.24302576018874, 15.966127649924097], [108.2429834751768, 15.966043751090885], [108.2428682563902, 15.965791648446677], [108.24285790255084, 15.96577169957536], [108.24284560658107, 15.965752885522534], [108.24283149163749, 15.965735394729988], [108.24281569909556, 15.965719402385721], [108.24279838713355, 15.965705068669257], [108.24277972914831, 15.965692537147278], [108.24275991201846, 15.965681933335672], [108.24273913423261, 15.965673363442347], [108.24271760390134, 15.965666913303464], [108.24269553667271, 15.965662647523695], [108.24267315357238, 15.965660608829145], [108.24265067878974, 15.965660817639405], [108.24262833743252, 15.965663271863027], [108.2423614859474, 15.965706192031961], [108.24230287896589, 15.965705440660404], [108.24228436977569, 15.965705966784757], [108.24224136977568, 15.965708966784756], [108.24221295667103, 15.965712783355265], [108.24219295667103, 15.965716783355266], [108.24216923337652, 15.965722890518226], [108.2421463163885, 15.965731545216533], [108.24212447837982, 15.965742644474128], [108.24210547837981, 15.965753644474127], [108.24208652354943, 15.965765930979044], [108.2420688988429, 15.965780059443851], [108.24205278256626, 15.965795886933385], [108.242038337765, 15.965813253323752], [108.24199382508874, 15.96587260355876], [108.24194554772835, 15.965936012629145], [108.24194261537895, 15.965938258684], [108.24183235260917, 15.965988596035421], [108.2418002323969, 15.965986747390112], [108.24150716320614, 15.965823738491109], [108.24150075540784, 15.96582030895963], [108.24042591898917, 15.965267228288821], [108.24041173899705, 15.965255133589661], [108.2403934800397, 15.965241110776619], [108.24037388138085, 15.96522903098439], [108.24035314898492, 15.965219021160813], [108.24004914898492, 15.965091021160813], [108.24004565049053, 15.965089582676152], [108.23989865049052, 15.965030582676151], [108.23989840609873, 15.965030484753225], [108.23984840609874, 15.965010484753224], [108.23984165869227, 15.9650079108474], [108.23965165869227, 15.9649389108474], [108.23964351070614, 15.964936127447789], [108.23934456316582, 15.964840364308134], [108.2393062263657, 15.964790359786258], [108.23929156161027, 15.964773107878408], [108.23927523421956, 15.96475742031362], [108.23925741016465, 15.964743456559015], [108.23923827063048, 15.964731358558847], [108.23918327063049, 15.964700358558847], [108.23916385207619, 15.964690619656007], [108.23914358341098, 15.964682802515165], [108.23912265429058, 15.964676980282], [108.2391012605506, 15.96467320743566], [108.23907960237415, 15.964671519279001], [108.23894603215943, 15.964667590743275], [108.23867657215375, 15.964653822713787], [108.23838161733102, 15.964633175876196], [108.2381590169262, 15.964611720415492], [108.23776249760955, 15.964486751057398], [108.23766400351336, 15.964452656947177], [108.23746552775091, 15.964378584653057], [108.23702031879965, 15.964172650997192], [108.23632235071308, 15.963841141119161], [108.23630647408152, 15.963834335726338], [108.23562647408151, 15.963573335726338], [108.23561934724931, 15.963570737505757], [108.23542835415793, 15.963504739893029], [108.23521151259257, 15.963429794651542], [108.23499566414142, 15.963354847272674], [108.23499001023931, 15.963352967776274], [108.23477601023932, 15.963284967776275], [108.23476445849002, 15.963281634813395], [108.23414896344636, 15.963121765970882], [108.23365018809419, 15.962989737201193], [108.23332857668024, 15.9628696172755], [108.23330147346415, 15.962861400668043], [108.23264562774995, 15.962706969039361], [108.23261839572133, 15.962696416628276], [108.23249414261885, 15.962584989652507], [108.23233234837683, 15.96243917508871], [108.23231710300448, 15.962426605564117], [108.23230081181167, 15.962415424716049], [108.23228360090708, 15.962405719094463], [108.23226560351884, 15.96239756382972], [108.23208360351884, 15.962324563829721], [108.23206789606512, 15.962318931530145], [108.23205181376497, 15.962314481078156], [108.23165386447573, 15.962220121968336], [108.23167650728124, 15.961855321212813], [108.23169077532587, 15.96180862579402], [108.23169613707603, 15.961787439320489], [108.23169941415503, 15.961765832012038], [108.23170057552939, 15.96174400848723], [108.23169961020099, 15.961722175412174], [108.2316965273114, 15.961700539543411], [108.23169135605518, 15.961679305769968], [108.23168414540353, 15.961658675173078], [108.2316749636404, 15.961638843121966], [108.23166389771599, 15.961619997423725], [108.23165105242323, 15.961602316544806], [108.23163654940548, 15.961585967920968], [108.23162052600453, 15.961571106371673], [108.23160313396004, 15.961557872633973], [108.23158453797251, 15.961546392029744], [108.23156491414369, 15.961536773278898], [108.23096321929239, 15.961277354023338], [108.23061408839882, 15.961092221660893], [108.23056229076057, 15.961004658986703], [108.2305513808998, 15.960987956523114], [108.23053903182323, 15.960972288158167], [108.23052534098069, 15.960957777535063], [108.23051041641024, 15.960944539160957], [108.23049437588558, 15.960932677503354], [108.23038737588558, 15.960860677503355], [108.23036449960499, 15.960847177537747], [108.23017149960499, 15.960748177537747], [108.2301656745699, 15.960745295256643], [108.2301006745699, 15.960714295256643], [108.23007996355474, 15.960705659696712], [108.2300584941584, 15.960699134050056], [108.23003648072029, 15.960694783465392], [108.23001414301133, 15.960692651376725], [108.22999170403973, 15.960692759069735], [108.22996938782471, 15.960695105469274], [108.22994741715989, 15.960699667150088], [108.22992601138917, 15.960706398570695], [108.22990538421676, 15.96071523252804], [108.2298857415738, 15.96072608082842], [108.2298778001572, 15.960731567095397], [108.22977864319516, 15.960702087998579], [108.22959405862743, 15.96061858545603], [108.22954237575074, 15.960587810652187], [108.2296130749328, 15.960384887809033], [108.22961754330076, 15.960370533052476], [108.22970854330076, 15.960039533052475], [108.22970953455804, 15.96003580234315], [108.22982753455804, 15.95957580234315], [108.22982961484917, 15.959566952140179], [108.22985923287538, 15.95942841621114], [108.22987976822094, 15.959354064097907], [108.2299775781348, 15.959168889989147], [108.22998952489938, 15.959142194962633], [108.23002852489938, 15.959037194962633], [108.2300324143501, 15.959025795747701], [108.23012809129878, 15.958718672742485], [108.23037601555436, 15.958179876722477], [108.23037750803674, 15.95817656286367], [108.23040350803674, 15.95811756286367], [108.23041121296973, 15.958097536621569], [108.23045521296973, 15.957964536621569], [108.23046142143548, 15.95794184787457], [108.23046522262922, 15.957918634188662], [108.23046657484808, 15.957895150241136], [108.23046546325688, 15.957871653674315], [108.23045946325688, 15.957811653674316], [108.2304558283522, 15.957788057851479], [108.23044970913527, 15.957764981227564], [108.23044117476022, 15.957742684594864], [108.23043032167527, 15.957721419930875], [108.23041727253273, 15.957701427550674], [108.23036827253273, 15.957634427550675], [108.2303547458689, 15.957617679844253], [108.23033967776371, 15.957602304262611], [108.23032320668018, 15.957588442094218], [108.23030548397354, 15.957576220720572], [108.23021048397354, 15.957517220720572], [108.23019009056156, 15.957505976666752], [108.23016864240036, 15.95749690493158], [108.22920745658338, 15.957147926678527], [108.22907641326691, 15.957096354792695], [108.22905623766319, 15.957083226831369], [108.22914647439809, 15.956890043962266], [108.22915393101395, 15.95687209275449], [108.22915980739083, 15.95685356398832], [108.22916405950444, 15.956834596476343], [108.22916665549911, 15.956815332318108], [108.22917165549912, 15.956760332318108], [108.22917255762707, 15.956736990419934], [108.22917103026705, 15.956713681082393], [108.22916708994359, 15.956690656489103], [108.22916077928699, 15.956668165743036], [108.22915216657225, 15.956646452171473], [108.22914134498028, 15.956625750693448], [108.22911534498027, 15.956581750693449], [108.22910452637453, 15.956565159226368], [108.2290922879551, 15.956549585527387], [108.2290787249207, 15.956535150739278], [108.22903695459058, 15.956494451443277]]]}, "properties": {"code": "20285", "name": "Ngũ Hành Sơn", "nameEn": "Ngu Hanh Son", "fullName": "Phường Ngũ Hành Sơn", "fullNameEn": "Ngu Hanh Son Ward", "codeName": "ngu_hanh_son", "postalCode": "50510", "postalCodePrefix": "", "gisServerId": "diaphanhanhchinhcapxa_2025.1901", "areaKm2": 40.19, "ward_code": "20285", "source_member": "geojson/48_da_nang/wards/20285_ngu_hanh_son.geojson", "requires_boat": false, "region": "danang", "search_name": "Đà Nẵng", "grid_km": 2, "coastal_precision_tolerance_m": 25}}, {"type": "Feature", "id": "20305", "bbox": [108.159918, 16.014228, 108.198791, 16.065238], "geometry": {"type": "MultiPolygon", "coordinates": [[[[108.187146, 16.056542], [108.187496, 16.055819], [108.187683, 16.055415], [108.188799, 16.053004], [108.188831, 16.052802], [108.188847, 16.052769], [108.189171, 16.052059], [108.189602, 16.051125], [108.189776, 16.050763], [108.189874, 16.050525], [108.190392, 16.049442], [108.190353, 16.049363], [108.190448, 16.049187], [108.19061, 16.048901], [108.191251, 16.047416], [108.191518, 16.04679], [108.191661, 16.046455], [108.192097, 16.045474], [108.192434, 16.044706], [108.192722, 16.044052], [108.192976, 16.04349], [108.193275, 16.042836], [108.193507, 16.042311], [108.194151, 16.04086], [108.194727, 16.03956], [108.195609, 16.037522], [108.195816, 16.037047], [108.1964, 16.035669], [108.196288, 16.035629], [108.194003, 16.034816], [108.192895, 16.034426], [108.192853, 16.03441], [108.191352, 16.033855], [108.190908, 16.03364], [108.190546, 16.033488], [108.189899, 16.03316], [108.189114, 16.032693], [108.189289, 16.032138], [108.189051, 16.032052], [108.190347, 16.028179], [108.190348, 16.028179], [108.190456, 16.02786], [108.190607, 16.027412], [108.190722, 16.027068], [108.190788, 16.026871], [108.19101, 16.026211], [108.1913, 16.025359], [108.191403, 16.025102], [108.191453, 16.024998], [108.191489, 16.024927], [108.191542, 16.024827], [108.191606, 16.024713], [108.191657, 16.024629], [108.191733, 16.024514], [108.191811, 16.024398], [108.19196, 16.024196], [108.192114, 16.023996], [108.192288, 16.02377], [108.192462, 16.023551], [108.192633, 16.023332], [108.192781, 16.023142], [108.192973, 16.023102], [108.193153, 16.022869], [108.193349, 16.022643], [108.193635, 16.022325], [108.194001, 16.021918], [108.194545, 16.021607], [108.1946, 16.021575], [108.195077, 16.021303], [108.195857, 16.021354], [108.196193, 16.02159], [108.196258, 16.021631], [108.196382, 16.021751], [108.19687, 16.022196], [108.197401, 16.022685], [108.197443, 16.022705], [108.198425, 16.022722], [108.198422, 16.022612], [108.198421, 16.022578], [108.19843, 16.022384], [108.198464, 16.022155], [108.198483, 16.022055], [108.19851, 16.021917], [108.198619, 16.021751], [108.198702, 16.02162], [108.198764, 16.021463], [108.198791, 16.021303], [108.197086, 16.020661], [108.197324, 16.020038], [108.196581, 16.019777], [108.196715, 16.019244], [108.196467, 16.019203], [108.194907, 16.019137], [108.194935, 16.017925], [108.194554, 16.017304], [108.193828, 16.016742], [108.193496, 16.015646], [108.19313, 16.015685], [108.192989, 16.015154], [108.192926, 16.014652], [108.19291, 16.014387], [108.192915, 16.014228], [108.192592, 16.014241], [108.191934, 16.014238], [108.191793, 16.014554], [108.191761, 16.014689], [108.191755, 16.014753], [108.191756, 16.014773], [108.191763, 16.014792], [108.191776, 16.014822], [108.191792, 16.014881], [108.191799, 16.01495], [108.191794, 16.015127], [108.191791, 16.015163], [108.191756, 16.015262], [108.191729, 16.015318], [108.191695, 16.015374], [108.191655, 16.015428], [108.191536, 16.015568], [108.19143, 16.015683], [108.191424, 16.015691], [108.191408, 16.01577], [108.191408, 16.015778], [108.191415, 16.015797], [108.191443, 16.015841], [108.191494, 16.01594], [108.191396, 16.016033], [108.191268, 16.016201], [108.191164, 16.016287], [108.191011, 16.016404], [108.190882, 16.016558], [108.190854, 16.016633], [108.190846, 16.016729], [108.190836, 16.016829], [108.190804, 16.016965], [108.190711, 16.017179], [108.190632, 16.01729], [108.190554, 16.017454], [108.190507, 16.017586], [108.190489, 16.017708], [108.19049, 16.017767], [108.19049, 16.017775], [108.190494, 16.017854], [108.190526, 16.018165], [108.190493, 16.018341], [108.190298, 16.018717], [108.19025, 16.018741], [108.190184, 16.018732], [108.189757, 16.018492], [108.189551, 16.01841], [108.189496, 16.018406], [108.189414, 16.018453], [108.189262, 16.018625], [108.189226, 16.018661], [108.189196, 16.018666], [108.189151, 16.018648], [108.189048, 16.018555], [108.188994, 16.018474], [108.188934, 16.018375], [108.188913, 16.018344], [108.188897, 16.018329], [108.188819, 16.018326], [108.188802, 16.018406], [108.188753, 16.018542], [108.188711, 16.01864], [108.188659, 16.018796], [108.188482, 16.019218], [108.188446, 16.019298], [108.188423, 16.019341], [108.188322, 16.01939], [108.188241, 16.019399], [108.18804, 16.019404], [108.187797, 16.019371], [108.187397, 16.019367], [108.187328, 16.01937], [108.187276, 16.019375], [108.187236, 16.019364], [108.187126, 16.019291], [108.187003, 16.019212], [108.186949, 16.019177], [108.186875, 16.019152], [108.186745, 16.019054], [108.18667, 16.01897], [108.186547, 16.018743], [108.18639, 16.018601], [108.186037, 16.018486], [108.186059, 16.018341], [108.186094, 16.018104], [108.186138, 16.017817], [108.185924, 16.017708], [108.185908, 16.017692], [108.185894, 16.017662], [108.185892, 16.017636], [108.185886, 16.017568], [108.185875, 16.01753], [108.18587, 16.017509], [108.185794, 16.017429], [108.185706, 16.017333], [108.18566, 16.017279], [108.185618, 16.017231], [108.184924, 16.016762], [108.184893, 16.016758], [108.184824, 16.01674], [108.184734, 16.016699], [108.184633, 16.016651], [108.184552, 16.016629], [108.184128, 16.016376], [108.184065, 16.016396], [108.183907, 16.016398], [108.183792, 16.016394], [108.183745, 16.016392], [108.183635, 16.016349], [108.183566, 16.016328], [108.183484, 16.016303], [108.183421, 16.016293], [108.183337, 16.016278], [108.183231, 16.016257], [108.183151, 16.016235], [108.183122, 16.016227], [108.183038, 16.0162], [108.182951, 16.01618], [108.182827, 16.016132], [108.182603, 16.016041], [108.182259, 16.016143], [108.181992, 16.016134], [108.181746, 16.0161], [108.181718, 16.016209], [108.181686, 16.016328], [108.181578, 16.016321], [108.181451, 16.016348], [108.181034, 16.016458], [108.18062, 16.016568], [108.180488, 16.016604], [108.180371, 16.016635], [108.179904, 16.016763], [108.179771, 16.016943], [108.179681, 16.017086], [108.179646, 16.017153], [108.179587, 16.017266], [108.179581, 16.017278], [108.179497, 16.017453], [108.179404, 16.017642], [108.179281, 16.01785], [108.179032, 16.018258], [108.178893, 16.018498], [108.178844, 16.018572], [108.178742, 16.018773], [108.178587, 16.019033], [108.178481, 16.019217], [108.178282, 16.019557], [108.178134, 16.019807], [108.178087, 16.019868], [108.178033, 16.019936], [108.177993, 16.01997], [108.177954, 16.019998], [108.177907, 16.019964], [108.177765, 16.019899], [108.177565, 16.019859], [108.177168, 16.019812], [108.176643, 16.019768], [108.176265, 16.01964], [108.175787, 16.019341], [108.175522, 16.019126], [108.175323, 16.01884], [108.175066, 16.018455], [108.174375, 16.017619], [108.173907, 16.017077], [108.173821, 16.017014], [108.173231, 16.016763], [108.172895, 16.016649], [108.17226, 16.016549], [108.172003, 16.016504], [108.171946, 16.016494], [108.171804, 16.016434], [108.171658, 16.016373], [108.171387, 16.01623], [108.170816, 16.015859], [108.170647, 16.015728], [108.170434, 16.016228], [108.170351, 16.016424], [108.169899, 16.016237], [108.169782, 16.016188], [108.16911, 16.017518], [108.168919, 16.017468], [108.168597, 16.018071], [108.168298, 16.018296], [108.167892, 16.018348], [108.167595, 16.019035], [108.166508, 16.018621], [108.166295, 16.019021], [108.166082, 16.019226], [108.16604, 16.019313], [108.165998, 16.0194], [108.165982, 16.019544], [108.166008, 16.019665], [108.166039, 16.01973], [108.166161, 16.019889], [108.165761, 16.020165], [108.16541, 16.020543], [108.165365, 16.020924], [108.16544, 16.021881], [108.165319, 16.022109], [108.16488, 16.022342], [108.164393, 16.022546], [108.164303, 16.02265], [108.16431, 16.02286], [108.164218, 16.02304], [108.1638, 16.023245], [108.163313, 16.023487], [108.163121, 16.023733], [108.16286, 16.024026], [108.162622, 16.02409], [108.16205, 16.024054], [108.161705, 16.023963], [108.159918, 16.023688], [108.160262, 16.023982], [108.160736, 16.024677], [108.161113, 16.025312], [108.161528, 16.025968], [108.162151, 16.026645], [108.162367, 16.026744], [108.162575, 16.026746], [108.162821, 16.026807], [108.163352, 16.026986], [108.163962, 16.027195], [108.164383, 16.027487], [108.164584, 16.027821], [108.164642, 16.028045], [108.164577, 16.028445], [108.164257, 16.030095], [108.163795, 16.031274], [108.163645, 16.031405], [108.163386, 16.031555], [108.163314, 16.031764], [108.163249, 16.032213], [108.163479, 16.032703], [108.163405, 16.033008], [108.16305, 16.033701], [108.162463, 16.034528], [108.162381, 16.034724], [108.162378, 16.034728], [108.162205, 16.034965], [108.162237, 16.035], [108.162231, 16.035027], [108.162216, 16.035085], [108.162202, 16.035143], [108.162166, 16.035322], [108.162186, 16.035595], [108.162257, 16.03579], [108.162285, 16.035869], [108.162366, 16.03602], [108.16244, 16.036112], [108.162619, 16.036337], [108.162666, 16.036434], [108.162799, 16.036708], [108.163066, 16.037274], [108.163118, 16.037419], [108.163254, 16.03758], [108.163393, 16.037676], [108.16356, 16.037752], [108.163575, 16.037758], [108.164015, 16.03789], [108.164071, 16.037907], [108.164096, 16.037923], [108.164213, 16.037996], [108.164274, 16.038114], [108.16433, 16.038222], [108.16438, 16.038304], [108.164389, 16.038382], [108.164399, 16.038419], [108.164506, 16.038695], [108.16452, 16.038719], [108.164587, 16.038839], [108.164622, 16.038891], [108.164638, 16.03891], [108.164663, 16.038935], [108.164667, 16.038937], [108.165089, 16.039278], [108.165456, 16.039534], [108.165697, 16.039931], [108.165979, 16.040114], [108.166779, 16.040352], [108.167541, 16.040637], [108.168041, 16.041037], [108.169119, 16.042124], [108.16872, 16.042477], [108.170605, 16.044349], [108.170621, 16.044334], [108.171022, 16.04478], [108.17104, 16.045004], [108.171092, 16.045108], [108.171137, 16.045227], [108.171206, 16.045357], [108.171671, 16.045728], [108.171825, 16.045861], [108.171501, 16.04615], [108.171472, 16.046177], [108.171073, 16.046588], [108.17152, 16.047017], [108.171331, 16.047754], [108.171197, 16.047865], [108.171213, 16.048824], [108.171505, 16.048828], [108.171115, 16.049971], [108.170966, 16.050435], [108.171867, 16.050737], [108.171616, 16.051562], [108.170602, 16.051293], [108.170367, 16.052137], [108.170913, 16.052317], [108.170912, 16.05232], [108.170398, 16.053989], [108.171488, 16.054229], [108.171442, 16.054399], [108.17135, 16.054758], [108.171274, 16.055265], [108.171191, 16.055649], [108.171184, 16.055678], [108.171188, 16.055952], [108.17122, 16.05605], [108.171496, 16.056081], [108.172099, 16.05612], [108.172107, 16.056092], [108.17203, 16.056453], [108.173646, 16.057018], [108.17362, 16.057099], [108.173613, 16.05712], [108.173346, 16.058109], [108.17331, 16.058243], [108.173553, 16.058427], [108.173817, 16.058602], [108.174107, 16.058793], [108.175192, 16.059452], [108.17531, 16.059524], [108.175769, 16.0598], [108.176449, 16.060259], [108.176467, 16.060272], [108.177038, 16.060675], [108.17805, 16.061443], [108.178695, 16.06194], [108.178813, 16.062031], [108.178813, 16.062031], [108.179364, 16.062462], [108.179489, 16.062559], [108.179647, 16.062681], [108.180078, 16.06302], [108.180962, 16.063691], [108.181279, 16.063932], [108.181325, 16.063968], [108.181943, 16.064405], [108.182283, 16.064668], [108.182533, 16.064833], [108.183078, 16.065096], [108.183121, 16.065117], [108.183171, 16.065141], [108.183375, 16.065238], [108.183448, 16.065052], [108.18365, 16.064572], [108.183667, 16.064533], [108.184004, 16.063758], [108.184142, 16.063442], [108.184143, 16.063441], [108.184144, 16.063437], [108.184149, 16.063426], [108.18415, 16.063425], [108.184229, 16.06325], [108.184232, 16.063244], [108.184233, 16.063242], [108.184237, 16.063233], [108.184258, 16.063187], [108.184356, 16.062971], [108.184424, 16.062812], [108.184564, 16.0625], [108.184564, 16.0625], [108.185607, 16.060096], [108.185608, 16.060095], [108.185727, 16.059802], [108.185866, 16.059464], [108.186014, 16.059151], [108.186761, 16.057437], [108.187146, 16.056542], [108.187146, 16.056542]]]]}, "properties": {"code": "20305", "name": "An Khê", "nameEn": "An Khe", "fullName": "Phường An Khê", "fullNameEn": "An Khe Ward", "codeName": "an_khe", "postalCode": "50309", "postalCodePrefix": "", "gisServerId": "diaphanhanhchinhcapxa_2025.1905", "areaKm2": 12.36, "ward_code": "20305", "source_member": "geojson/48_da_nang/wards/20305_an_khe.geojson", "requires_boat": false, "region": "danang", "search_name": "Đà Nẵng", "grid_km": 2}}, {"type": "Feature", "id": "20308", "bbox": [107.95791, 15.992956, 108.170647, 16.10724], "geometry": {"type": "MultiPolygon", "coordinates": [[[[108.044501, 16.090955], [108.044715, 16.090426], [108.044854, 16.090185], [108.044929, 16.089844], [108.044942, 16.089509], [108.045012, 16.089209], [108.045196, 16.088723], [108.045472, 16.088176], [108.046369, 16.087226], [108.046469, 16.087135], [108.046532, 16.08707], [108.04689, 16.086829], [108.047094, 16.086729], [108.047133, 16.086709], [108.047164, 16.0867], [108.047242, 16.086678], [108.047314, 16.086644], [108.047335, 16.086634], [108.047354, 16.086625], [108.047381, 16.086607], [108.047383, 16.086605], [108.047439, 16.086566], [108.047474, 16.086496], [108.047497, 16.086441], [108.047497, 16.086441], [108.047504, 16.086426], [108.047641, 16.086104], [108.047708, 16.085685], [108.047544, 16.085449], [108.04728, 16.085154], [108.04715, 16.084714], [108.047157, 16.084663], [108.047239, 16.084148], [108.047424, 16.083532], [108.047426, 16.083525], [108.047447, 16.083367], [108.047499, 16.083193], [108.04761, 16.083065], [108.047747, 16.083015], [108.047988, 16.082991], [108.048202, 16.08297], [108.048659, 16.082925], [108.048763, 16.08288], [108.04896, 16.082581], [108.049096, 16.082415], [108.049631, 16.082087], [108.050476, 16.081633], [108.05088, 16.081376], [108.051202, 16.081105], [108.051258, 16.081057], [108.051346, 16.080983], [108.051434, 16.080952], [108.051531, 16.080907], [108.051622, 16.080857], [108.051681, 16.080816], [108.051761, 16.080756], [108.051815, 16.080695], [108.051837, 16.080618], [108.051861, 16.080454], [108.051862, 16.080357], [108.051854, 16.080295], [108.051848, 16.080254], [108.051817, 16.080177], [108.051765, 16.080119], [108.051729, 16.080078], [108.0517, 16.080016], [108.051706, 16.079975], [108.051717, 16.079949], [108.051787, 16.079868], [108.051836, 16.079823], [108.051895, 16.079793], [108.052338, 16.079521], [108.052841, 16.079313], [108.052884, 16.079288], [108.052915, 16.079277], [108.052942, 16.079268], [108.053022, 16.079254], [108.053086, 16.079244], [108.053198, 16.079231], [108.053474, 16.079224], [108.053564, 16.079225], [108.053723, 16.079243], [108.053855, 16.079245], [108.053972, 16.079226], [108.054052, 16.079206], [108.054111, 16.079187], [108.054603, 16.078862], [108.054926, 16.078427], [108.054927, 16.078426], [108.055048, 16.078263], [108.055285, 16.077601], [108.055792, 16.076853], [108.055963, 16.076741], [108.056117, 16.076624], [108.05623, 16.076235], [108.056353, 16.076011], [108.056727, 16.075791], [108.057151, 16.075376], [108.057508, 16.075006], [108.057912, 16.074706], [108.058057, 16.074532], [108.058366, 16.07437], [108.058748, 16.074114], [108.059174, 16.073885], [108.059474, 16.073659], [108.059725, 16.073584], [108.060199, 16.073527], [108.060902, 16.073431], [108.061604, 16.073342], [108.062218, 16.073261], [108.062854, 16.073166], [108.063224, 16.073082], [108.063482, 16.072978], [108.063658, 16.072861], [108.063769, 16.072852], [108.063887, 16.07285], [108.064065, 16.072862], [108.064237, 16.072931], [108.064446, 16.073], [108.064824, 16.073009], [108.065209, 16.072975], [108.065838, 16.072901], [108.066475, 16.072914], [108.066861, 16.072908], [108.067164, 16.072854], [108.067527, 16.072834], [108.067786, 16.07283], [108.068304, 16.072809], [108.068816, 16.072808], [108.069157, 16.072811], [108.069587, 16.07284], [108.069884, 16.072836], [108.070165, 16.072803], [108.070387, 16.072786], [108.07058, 16.072783], [108.070773, 16.072816], [108.070952, 16.072878], [108.07122, 16.072953], [108.071464, 16.072935], [108.071753, 16.07291], [108.072109, 16.072919], [108.072338, 16.072894], [108.072671, 16.072868], [108.073012, 16.072877], [108.073621, 16.072904], [108.074586, 16.073012], [108.075276, 16.073024], [108.075352, 16.073012], [108.075496, 16.072989], [108.075551, 16.072951], [108.07557, 16.072875], [108.075552, 16.07276], [108.075481, 16.072654], [108.074999, 16.072353], [108.074584, 16.071884], [108.074154, 16.070978], [108.074084, 16.070456], [108.07413, 16.069614], [108.074164, 16.06926], [108.074296, 16.068838], [108.074452, 16.068071], [108.074525, 16.067678], [108.074522, 16.067468], [108.074478, 16.067201], [108.074463, 16.066819], [108.074541, 16.066549], [108.074602, 16.066377], [108.074778, 16.066207], [108.074894, 16.066067], [108.074946, 16.06588], [108.074948, 16.065411], [108.074955, 16.065234], [108.075016, 16.065018], [108.075157, 16.064859], [108.075218, 16.064624], [108.075355, 16.06422], [108.075418, 16.064138], [108.075541, 16.064098], [108.075669, 16.064096], [108.075807, 16.06409], [108.075961, 16.064121], [108.076145, 16.064157], [108.076263, 16.064179], [108.076335, 16.064162], [108.076688, 16.064136], [108.076699, 16.063376], [108.07677, 16.063189], [108.076866, 16.063151], [108.077043, 16.063106], [108.07713, 16.062961], [108.077403, 16.062544], [108.077498, 16.062478], [108.077613, 16.062262], [108.077721, 16.06202], [108.077827, 16.061933], [108.077905, 16.061924], [108.078009, 16.061944], [108.07811, 16.061997], [108.078236, 16.06202], [108.078422, 16.062046], [108.078811, 16.062047], [108.079266, 16.062027], [108.079414, 16.062003], [108.079673, 16.061946], [108.079806, 16.061929], [108.07991, 16.061949], [108.080099, 16.061975], [108.080326, 16.062019], [108.080605, 16.062058], [108.080712, 16.062056], [108.080918, 16.062015], [108.080945, 16.06201], [108.081296, 16.061922], [108.081465, 16.061866], [108.081614, 16.061867], [108.081758, 16.061891], [108.082301, 16.062034], [108.08274, 16.062128], [108.083178, 16.062222], [108.083486, 16.062206], [108.083759, 16.062134], [108.084069, 16.062015], [108.08436, 16.061947], [108.084682, 16.061928], [108.084998, 16.06197], [108.085344, 16.062036], [108.08554, 16.062016], [108.08561, 16.061997], [108.086119, 16.061914], [108.086978, 16.061852], [108.087332, 16.061739], [108.087569, 16.061743], [108.087912, 16.061867], [108.088306, 16.061904], [108.088736, 16.061948], [108.089151, 16.061921], [108.089367, 16.061997], [108.089599, 16.062144], [108.089973, 16.062381], [108.090284, 16.062538], [108.090389, 16.062536], [108.090402, 16.062536], [108.090561, 16.062438], [108.090806, 16.062309], [108.091058, 16.06224], [108.091338, 16.062146], [108.090759, 16.061539], [108.090369, 16.061133], [108.090208, 16.060953], [108.090098, 16.060815], [108.090061, 16.060724], [108.090061, 16.06057], [108.090072, 16.060502], [108.090066, 16.060463], [108.090061, 16.060342], [108.090063, 16.060303], [108.090089, 16.060268], [108.090137, 16.060218], [108.090225, 16.060179], [108.090376, 16.060124], [108.090489, 16.060075], [108.090568, 16.060025], [108.090594, 16.059992], [108.090608, 16.059932], [108.090611, 16.059868], [108.090551, 16.059626], [108.090554, 16.059472], [108.090565, 16.059392], [108.090608, 16.059315], [108.090684, 16.059232], [108.09096, 16.059009], [108.090985, 16.058968], [108.090985, 16.058916], [108.090951, 16.058847], [108.090903, 16.058773], [108.090812, 16.058657], [108.090719, 16.058546], [108.090563, 16.058352], [108.090502, 16.058238], [108.090502, 16.058238], [108.090706, 16.057684], [108.091365, 16.056198], [108.091639, 16.055306], [108.091834, 16.054941], [108.092236, 16.054377], [108.092471, 16.053938], [108.092482, 16.053671], [108.092462, 16.053375], [108.092421, 16.053232], [108.09234, 16.053104], [108.092155, 16.052992], [108.09188, 16.052791], [108.09173, 16.052673], [108.091649, 16.052574], [108.091609, 16.052498], [108.091583, 16.052427], [108.091547, 16.052365], [108.091493, 16.052342], [108.091389, 16.05232], [108.0913, 16.052321], [108.091229, 16.052217], [108.091202, 16.052069], [108.091193, 16.051835], [108.091146, 16.051626], [108.09109, 16.051536], [108.090985, 16.051475], [108.090891, 16.051434], [108.090786, 16.051392], [108.090662, 16.05137], [108.090548, 16.051329], [108.090433, 16.051259], [108.090289, 16.05118], [108.09016, 16.051124], [108.090005, 16.051021], [108.089835, 16.050856], [108.089788, 16.050813], [108.089741, 16.050749], [108.089532, 16.050493], [108.089337, 16.050319], [108.089202, 16.050254], [108.08896, 16.050205], [108.088722, 16.050184], [108.088329, 16.050037], [108.087847, 16.049863], [108.087668, 16.04976], [108.087552, 16.049623], [108.0875, 16.049442], [108.087497, 16.049227], [108.087562, 16.048949], [108.087597, 16.048672], [108.087559, 16.048433], [108.087482, 16.048301], [108.087218, 16.048137], [108.087003, 16.047973], [108.086867, 16.047808], [108.08681, 16.047646], [108.086717, 16.047361], [108.086614, 16.047071], [108.086519, 16.046709], [108.086397, 16.046486], [108.086161, 16.046203], [108.085875, 16.045944], [108.0855, 16.045663], [108.085136, 16.04542], [108.08495, 16.045241], [108.084868, 16.045046], [108.084866, 16.044889], [108.084863, 16.044731], [108.084845, 16.04455], [108.084788, 16.044355], [108.084699, 16.044045], [108.084591, 16.043789], [108.084585, 16.043221], [108.084566, 16.04239], [108.084624, 16.042011], [108.08468, 16.041843], [108.084723, 16.041718], [108.08474, 16.041565], [108.084754, 16.041465], [108.084777, 16.041369], [108.084829, 16.041253], [108.084886, 16.041114], [108.084919, 16.040956], [108.084851, 16.040746], [108.084789, 16.040551], [108.084687, 16.040386], [108.084538, 16.040278], [108.084393, 16.040189], [108.084238, 16.040043], [108.084152, 16.039916], [108.084145, 16.039825], [108.084168, 16.039724], [108.084234, 16.039499], [108.084374, 16.038933], [108.084451, 16.038492], [108.084479, 16.038095], [108.084454, 16.037723], [108.084314, 16.037314], [108.084205, 16.036962], [108.084126, 16.036667], [108.084069, 16.036373], [108.084099, 16.035973], [108.084106, 16.035571], [108.084126, 16.035419], [108.084146, 16.035273], [108.08439, 16.035174], [108.084563, 16.035087], [108.084872, 16.034935], [108.085089, 16.034874], [108.085202, 16.034829], [108.085353, 16.034736], [108.085464, 16.034558], [108.085555, 16.034342], [108.085632, 16.034221], [108.085833, 16.034089], [108.086053, 16.033971], [108.086278, 16.033782], [108.086429, 16.033676], [108.086502, 16.033627], [108.086552, 16.033632], [108.086762, 16.03377], [108.086921, 16.033887], [108.087135, 16.033985], [108.087374, 16.034058], [108.087537, 16.03406], [108.087708, 16.033981], [108.087796, 16.033908], [108.087974, 16.033896], [108.088316, 16.033948], [108.088842, 16.034122], [108.089546, 16.034308], [108.089958, 16.034388], [108.090278, 16.03436], [108.090678, 16.034306], [108.090928, 16.034183], [108.091202, 16.03405], [108.091707, 16.033756], [108.09202, 16.033565], [108.092265, 16.033404], [108.092537, 16.033147], [108.09287, 16.032965], [108.093092, 16.03291], [108.093318, 16.03282], [108.093606, 16.032577], [108.094049, 16.032146], [108.09437, 16.031864], [108.094591, 16.031732], [108.09482, 16.031585], [108.095017, 16.031511], [108.095336, 16.031377], [108.095488, 16.031289], [108.095693, 16.031119], [108.095935, 16.030833], [108.096196, 16.030457], [108.096331, 16.030235], [108.096363, 16.030048], [108.096396, 16.029933], [108.096499, 16.029874], [108.096622, 16.029844], [108.096765, 16.029842], [108.096972, 16.029805], [108.097399, 16.029661], [108.097777, 16.029507], [108.098209, 16.029329], [108.098651, 16.029112], [108.098999, 16.028959], [108.099195, 16.028865], [108.099343, 16.028835], [108.099432, 16.028814], [108.09949, 16.02878], [108.099621, 16.028572], [108.099824, 16.028345], [108.099985, 16.028185], [108.100224, 16.027995], [108.100361, 16.027912], [108.100584, 16.027651], [108.100692, 16.027544], [108.100809, 16.027447], [108.100975, 16.027339], [108.101174, 16.027136], [108.101237, 16.027054], [108.10133, 16.026966], [108.101392, 16.026855], [108.101411, 16.026788], [108.101399, 16.026674], [108.101388, 16.026583], [108.10144, 16.026458], [108.101626, 16.026307], [108.101811, 16.026133], [108.101878, 16.025984], [108.101914, 16.025773], [108.101919, 16.025424], [108.101888, 16.025061], [108.101895, 16.024875], [108.101933, 16.024736], [108.101995, 16.024592], [108.102101, 16.024461], [108.102243, 16.024335], [108.1026, 16.024115], [108.102894, 16.023948], [108.103021, 16.023884], [108.103119, 16.023859], [108.103262, 16.023828], [108.10341, 16.023811], [108.103562, 16.023714], [108.103762, 16.023558], [108.10381, 16.023447], [108.103851, 16.02327], [108.103878, 16.023083], [108.10395, 16.022934], [108.104042, 16.022785], [108.104182, 16.022625], [108.104398, 16.022498], [108.104568, 16.022352], [108.10466, 16.022212], [108.104725, 16.021953], [108.104778, 16.021725], [108.104821, 16.021568], [108.104817, 16.021324], [108.104831, 16.021302], [108.104895, 16.021274], [108.105353, 16.021216], [108.105547, 16.021189], [108.105746, 16.021144], [108.105841, 16.021135], [108.106046, 16.02131], [108.106327, 16.021687], [108.106522, 16.02189], [108.106995, 16.022021], [108.107221, 16.022081], [108.107523, 16.022013], [108.107703, 16.021868], [108.107858, 16.021736], [108.108061, 16.02172], [108.108303, 16.021761], [108.1084, 16.021848], [108.108696, 16.02222], [108.10892, 16.022472], [108.109126, 16.022546], [108.109344, 16.022549], [108.110411, 16.022861], [108.110723, 16.022946], [108.110731, 16.022971], [108.110734, 16.022992], [108.110741, 16.023022], [108.11075, 16.023052], [108.110766, 16.023086], [108.110789, 16.023123], [108.110809, 16.023149], [108.110818, 16.02316], [108.110848, 16.023197], [108.11088, 16.023236], [108.110917, 16.023279], [108.110941, 16.023308], [108.110956, 16.023326], [108.110994, 16.023372], [108.111028, 16.023414], [108.111055, 16.02345], [108.111067, 16.023467], [108.111079, 16.023484], [108.111103, 16.023519], [108.111128, 16.023562], [108.111155, 16.023613], [108.111182, 16.023665], [108.111208, 16.023718], [108.111235, 16.023778], [108.111266, 16.023853], [108.111291, 16.023917], [108.111301, 16.023943], [108.111337, 16.024038], [108.111348, 16.024072], [108.111372, 16.024141], [108.111404, 16.024246], [108.111434, 16.024348], [108.111463, 16.024449], [108.111494, 16.024551], [108.111531, 16.024668], [108.111572, 16.024801], [108.11161, 16.02492], [108.111638, 16.025004], [108.111647, 16.025034], [108.111686, 16.025157], [108.11172, 16.02526], [108.111751, 16.025342], [108.111781, 16.02542], [108.11181, 16.025496], [108.111833, 16.025566], [108.111846, 16.025625], [108.111854, 16.025679], [108.111861, 16.02573], [108.111862, 16.025746], [108.111865, 16.025777], [108.111866, 16.025811], [108.111868, 16.025843], [108.111851, 16.026056], [108.111846, 16.026148], [108.111858, 16.026403], [108.111925, 16.026533], [108.11204, 16.02658], [108.112197, 16.02657], [108.112276, 16.026566], [108.112485, 16.026537], [108.112532, 16.026535], [108.112609, 16.026541], [108.112709, 16.02656], [108.112754, 16.02657], [108.112865, 16.026614], [108.113016, 16.026676], [108.113077, 16.026709], [108.113135, 16.026743], [108.113189, 16.026771], [108.113236, 16.026786], [108.113322, 16.026798], [108.113349, 16.026797], [108.113369, 16.026792], [108.113392, 16.026784], [108.113428, 16.02677], [108.113535, 16.026724], [108.113576, 16.026699], [108.113597, 16.026681], [108.113615, 16.026659], [108.113654, 16.026597], [108.113681, 16.026553], [108.113717, 16.026473], [108.113735, 16.026448], [108.113753, 16.02643], [108.113904, 16.026286], [108.113971, 16.025941], [108.114109, 16.025658], [108.114126, 16.025647], [108.114162, 16.025641], [108.114243, 16.025639], [108.114439, 16.025649], [108.114633, 16.025685], [108.114965, 16.025604], [108.115171, 16.025467], [108.115379, 16.025321], [108.115392, 16.025306], [108.115401, 16.025283], [108.115407, 16.025254], [108.115414, 16.025221], [108.115422, 16.025193], [108.115434, 16.025162], [108.115452, 16.025141], [108.115488, 16.025107], [108.115508, 16.02509], [108.115521, 16.025082], [108.115543, 16.025062], [108.115576, 16.02504], [108.115617, 16.025018], [108.115655, 16.025], [108.115681, 16.02499], [108.115722, 16.024979], [108.115759, 16.024974], [108.115812, 16.024971], [108.115846, 16.024971], [108.115891, 16.024968], [108.115957, 16.024965], [108.116008, 16.024956], [108.116114, 16.024924], [108.11615, 16.024914], [108.116193, 16.024898], [108.116229, 16.024882], [108.116266, 16.024872], [108.116295, 16.024867], [108.116333, 16.024866], [108.116365, 16.024872], [108.116394, 16.024879], [108.116425, 16.024893], [108.116483, 16.024938], [108.116724, 16.025263], [108.116834, 16.025398], [108.116865, 16.025411], [108.116901, 16.025424], [108.117033, 16.025495], [108.117069, 16.025514], [108.117096, 16.025518], [108.117125, 16.025518], [108.117148, 16.025513], [108.117179, 16.025506], [108.117227, 16.025496], [108.117308, 16.025483], [108.117391, 16.025469], [108.117537, 16.025459], [108.117565, 16.025461], [108.117593, 16.025467], [108.117632, 16.025481], [108.117678, 16.025503], [108.117699, 16.025524], [108.11772, 16.025546], [108.117776, 16.025615], [108.117804, 16.02566], [108.118198, 16.025913], [108.118337, 16.025962], [108.118649, 16.025963], [108.118822, 16.025916], [108.118826, 16.025902], [108.118829, 16.02589], [108.118835, 16.025868], [108.118849, 16.025816], [108.11891, 16.025624], [108.118926, 16.025569], [108.118941, 16.02553], [108.118962, 16.025491], [108.118993, 16.025445], [108.119095, 16.025316], [108.119151, 16.025239], [108.119189, 16.025185], [108.119224, 16.025144], [108.119259, 16.025115], [108.119289, 16.025093], [108.119321, 16.025073], [108.119376, 16.025046], [108.119428, 16.02503], [108.11947, 16.025016], [108.119509, 16.025], [108.119541, 16.024983], [108.1196, 16.024937], [108.119639, 16.024901], [108.119674, 16.024865], [108.119819, 16.024698], [108.119965, 16.024525], [108.120048, 16.024458], [108.120162, 16.024313], [108.12031, 16.024169], [108.120374, 16.02412], [108.120518, 16.023976], [108.120567, 16.023927], [108.120703, 16.023766], [108.121299, 16.024293], [108.121392, 16.024343], [108.121539, 16.024442], [108.121687, 16.024578], [108.121739, 16.024627], [108.121918, 16.02478], [108.122077, 16.024902], [108.122478, 16.025089], [108.122398, 16.025173], [108.122032, 16.025484], [108.12196, 16.025696], [108.12201, 16.025849], [108.122085, 16.02598], [108.12219, 16.026144], [108.122327, 16.026321], [108.122461, 16.026464], [108.122593, 16.026583], [108.122693, 16.026674], [108.122861, 16.026835], [108.123049, 16.027019], [108.123235, 16.027241], [108.123315, 16.027326], [108.123379, 16.027339], [108.123463, 16.027333], [108.123513, 16.027342], [108.123578, 16.027412], [108.123619, 16.027498], [108.123655, 16.027612], [108.123726, 16.027707], [108.123856, 16.027819], [108.123961, 16.027899], [108.124062, 16.028012], [108.124073, 16.028108], [108.124016, 16.028252], [108.123944, 16.028401], [108.123874, 16.028617], [108.123876, 16.028789], [108.123889, 16.02898], [108.123961, 16.029151], [108.124052, 16.029307], [108.124153, 16.029425], [108.124307, 16.029485], [108.124495, 16.029492], [108.124628, 16.02949], [108.124757, 16.029502], [108.124856, 16.029549], [108.124991, 16.029618], [108.12514, 16.029664], [108.125259, 16.029681], [108.12556, 16.029686], [108.126093, 16.029636], [108.126455, 16.029599], [108.12657, 16.029588], [108.126633, 16.029574], [108.126816, 16.029522], [108.126816, 16.029522], [108.126817, 16.02952], [108.126818, 16.029518], [108.126818, 16.029518], [108.126833, 16.029494], [108.126858, 16.029455], [108.1269, 16.029388], [108.126969, 16.029346], [108.127107, 16.029363], [108.127142, 16.029384], [108.127243, 16.029475], [108.127504, 16.029633], [108.127565, 16.029662], [108.127875, 16.029664], [108.128071, 16.02969], [108.128214, 16.029766], [108.128427, 16.029919], [108.128574, 16.030096], [108.128694, 16.030273], [108.128764, 16.030393], [108.128892, 16.030526], [108.129149, 16.030709], [108.129366, 16.030815], [108.129519, 16.030873], [108.129814, 16.030895], [108.130468, 16.030883], [108.130974, 16.030794], [108.131396, 16.030836], [108.13164, 16.030788], [108.131842, 16.030723], [108.131949, 16.030735], [108.132145, 16.030846], [108.132312, 16.030943], [108.132508, 16.03102], [108.13277, 16.031074], [108.133288, 16.031151], [108.133728, 16.031306], [108.134227, 16.031556], [108.134543, 16.031675], [108.134917, 16.031722], [108.135274, 16.03177], [108.136185, 16.031912], [108.136827, 16.03193], [108.137232, 16.032002], [108.137541, 16.032144], [108.137832, 16.032382], [108.138035, 16.032531], [108.138599, 16.032636], [108.138781, 16.032701], [108.138929, 16.032684], [108.139123, 16.032725], [108.139416, 16.032816], [108.139603, 16.032823], [108.139801, 16.03282], [108.139934, 16.032827], [108.140058, 16.032845], [108.14038, 16.032966], [108.14048, 16.033015], [108.140694, 16.033108], [108.140794, 16.033157], [108.140843, 16.033203], [108.14091, 16.03333], [108.140988, 16.033437], [108.141045, 16.033469], [108.141128, 16.03362], [108.141307, 16.033917], [108.141504, 16.034099], [108.141696, 16.034083], [108.14189, 16.034062], [108.142023, 16.033953], [108.142252, 16.03396], [108.142592, 16.033969], [108.143081, 16.033995], [108.143741, 16.034], [108.144026, 16.034067], [108.14443, 16.034611], [108.14473, 16.034881], [108.144932, 16.035117], [108.145259, 16.035186], [108.145524, 16.035096], [108.145929, 16.034935], [108.146349, 16.034905], [108.147092, 16.035061], [108.147576, 16.03521], [108.148024, 16.035394], [108.148228, 16.035478], [108.14831, 16.035557], [108.148545, 16.035554], [108.148841, 16.035513], [108.149073, 16.035379], [108.149257, 16.035292], [108.149678, 16.035346], [108.150336, 16.035539], [108.150818, 16.03558], [108.15141, 16.035535], [108.152002, 16.035479], [108.152293, 16.035454], [108.152386, 16.035418], [108.152567, 16.035303], [108.152627, 16.035253], [108.152712, 16.035074], [108.152932, 16.034904], [108.153117, 16.034554], [108.153171, 16.034536], [108.153273, 16.034519], [108.153397, 16.034518], [108.153526, 16.034543], [108.153667, 16.034614], [108.153752, 16.034639], [108.153839, 16.034664], [108.153952, 16.034877], [108.154069, 16.034959], [108.154263, 16.034717], [108.154398, 16.034691], [108.154796, 16.034829], [108.155055, 16.034861], [108.155486, 16.034759], [108.155706, 16.034588], [108.156035, 16.034514], [108.156588, 16.034308], [108.156867, 16.034182], [108.157335, 16.03387], [108.157508, 16.033755], [108.157612, 16.033683], [108.157705, 16.033618], [108.157834, 16.033639], [108.157977, 16.033525], [108.158112, 16.033418], [108.158555, 16.033403], [108.158861, 16.03331], [108.159145, 16.033057], [108.159303, 16.03304], [108.159481, 16.03308], [108.159963, 16.03323], [108.16019, 16.033233], [108.160458, 16.033189], [108.160585, 16.033229], [108.160772, 16.033327], [108.161648, 16.034265], [108.162018, 16.034691], [108.162177, 16.034935], [108.162178, 16.034935], [108.162205, 16.034965], [108.162378, 16.034728], [108.162381, 16.034724], [108.162463, 16.034528], [108.16305, 16.033701], [108.163405, 16.033008], [108.163479, 16.032703], [108.163249, 16.032213], [108.163314, 16.031764], [108.163386, 16.031555], [108.163645, 16.031405], [108.163795, 16.031274], [108.164257, 16.030095], [108.164577, 16.028445], [108.164642, 16.028045], [108.164584, 16.027821], [108.164383, 16.027487], [108.163962, 16.027195], [108.163352, 16.026986], [108.162821, 16.026807], [108.162575, 16.026746], [108.162367, 16.026744], [108.162151, 16.026645], [108.161528, 16.025968], [108.161113, 16.025312], [108.160736, 16.024677], [108.160262, 16.023982], [108.159918, 16.023688], [108.161705, 16.023963], [108.16205, 16.024054], [108.162622, 16.02409], [108.16286, 16.024026], [108.163121, 16.023733], [108.163313, 16.023487], [108.1638, 16.023245], [108.164218, 16.02304], [108.16431, 16.02286], [108.164303, 16.02265], [108.164393, 16.022546], [108.16488, 16.022342], [108.165319, 16.022109], [108.16544, 16.021881], [108.165365, 16.020924], [108.16541, 16.020543], [108.165761, 16.020165], [108.166161, 16.019889], [108.166039, 16.01973], [108.166008, 16.019665], [108.165982, 16.019544], [108.165998, 16.0194], [108.16604, 16.019313], [108.166082, 16.019226], [108.166295, 16.019021], [108.166508, 16.018621], [108.167595, 16.019035], [108.167892, 16.018348], [108.168298, 16.018296], [108.168597, 16.018071], [108.168919, 16.017468], [108.16911, 16.017518], [108.169782, 16.016188], [108.169899, 16.016237], [108.170351, 16.016424], [108.170434, 16.016228], [108.170647, 16.015728], [108.170354, 16.0155], [108.169897, 16.015145], [108.169234, 16.014634], [108.168289, 16.013913], [108.167861, 16.013499], [108.167504, 16.013094], [108.167466, 16.013018], [108.166485, 16.011928], [108.166373, 16.01189], [108.165531, 16.011532], [108.164616, 16.011135], [108.164177, 16.010944], [108.163762, 16.010766], [108.163313, 16.010568], [108.161864, 16.009933], [108.160975, 16.009558], [108.16069, 16.009444], [108.16043, 16.00934], [108.160135, 16.009241], [108.160003, 16.009211], [108.160019, 16.00914], [108.160068, 16.008923], [108.160146, 16.008719], [108.160182, 16.008637], [108.160187, 16.008631], [108.16018, 16.008627], [108.160072, 16.008575], [108.15971, 16.007738], [108.159544, 16.007354], [108.159423, 16.0074], [108.15922, 16.006934], [108.159199, 16.006885], [108.159062, 16.005952], [108.159117, 16.005458], [108.159121, 16.005214], [108.158999, 16.004912], [108.158803, 16.004533], [108.158373, 16.002312], [108.158065, 16.000719], [108.157966, 16.000506], [108.157744, 16], [108.157655, 15.99981], [108.157643, 15.999785], [108.157522, 15.999573], [108.157454, 15.999231], [108.157431, 15.998984], [108.15743, 15.998975], [108.157429, 15.998942], [108.157432, 15.998816], [108.157449, 15.998696], [108.157483, 15.998594], [108.157547, 15.998418], [108.157579, 15.998338], [108.157609, 15.998211], [108.157626, 15.997803], [108.157634, 15.997545], [108.157594, 15.997134], [108.157563, 15.996925], [108.157537, 15.996795], [108.157542, 15.996728], [108.157598, 15.996607], [108.157972, 15.996714], [108.15807, 15.996514], [108.15802, 15.996476], [108.157992, 15.996425], [108.157981, 15.996343], [108.157993, 15.996228], [108.158051, 15.99613], [108.157932, 15.996023], [108.158043, 15.995886], [108.157792, 15.995126], [108.157912, 15.994303], [108.158003, 15.993918], [108.157787, 15.993867], [108.157701, 15.993858], [108.157546, 15.993856], [108.157417, 15.993875], [108.156893, 15.99394], [108.156776, 15.993954], [108.154778, 15.99432], [108.153004, 15.994608], [108.152722, 15.99465], [108.152407, 15.994687], [108.152163, 15.994698], [108.151867, 15.994693], [108.151582, 15.994671], [108.151264, 15.99459], [108.150985, 15.994507], [108.150485, 15.994337], [108.149566, 15.993965], [108.14894, 15.993723], [108.147797, 15.993353], [108.147502, 15.993272], [108.146806, 15.993111], [108.146293, 15.993021], [108.146086, 15.992993], [108.145659, 15.992956], [108.145033, 15.99298], [108.144601, 15.993043], [108.143881, 15.993179], [108.143726, 15.993217], [108.143537, 15.993227], [108.143337, 15.993202], [108.143058, 15.993127], [108.142886, 15.993076], [108.142727, 15.993074], [108.142531, 15.99309], [108.142373, 15.993125], [108.142261, 15.993164], [108.142168, 15.993223], [108.142037, 15.993307], [108.141825, 15.993461], [108.141667, 15.993626], [108.141563, 15.99378], [108.14143, 15.994119], [108.141343, 15.99449], [108.141228, 15.995307], [108.14115, 15.995986], [108.141151, 15.996534], [108.1412, 15.997038], [108.141258, 15.997432], [108.141336, 15.997681], [108.141497, 15.998062], [108.141564, 15.998301], [108.141585, 15.998462], [108.14157, 15.998681], [108.141505, 15.99897], [108.141504, 15.998975], [108.1415, 15.998981], [108.141366, 15.999158], [108.14133, 15.999215], [108.141156, 15.999452], [108.141141, 15.999482], [108.141127, 15.999516], [108.141116, 15.999545], [108.141105, 15.999573], [108.141095, 15.999604], [108.141088, 15.99963], [108.141084, 15.99965], [108.141082, 15.999662], [108.141075, 15.999691], [108.141079, 15.999711], [108.141081, 15.999719], [108.141084, 15.999734], [108.141085, 15.999751], [108.141085, 15.999771], [108.141084, 15.999781], [108.141082, 15.999792], [108.141079, 15.999812], [108.141076, 15.99983], [108.141074, 15.999842], [108.141057, 15.999949], [108.141045, 16], [108.141011, 16.000155], [108.140964, 16.000229], [108.140962, 16.000243], [108.140958, 16.000259], [108.140954, 16.000275], [108.140948, 16.000292], [108.14094, 16.00031], [108.140933, 16.000329], [108.140925, 16.000347], [108.140919, 16.000364], [108.140912, 16.00038], [108.140905, 16.000397], [108.140896, 16.000417], [108.140888, 16.000434], [108.140881, 16.000445], [108.140877, 16.00045], [108.140873, 16.000454], [108.140868, 16.000458], [108.140858, 16.00047], [108.140835, 16.000495], [108.140804, 16.00053], [108.140769, 16.000567], [108.140728, 16.000609], [108.140678, 16.000656], [108.140625, 16.000705], [108.140573, 16.000753], [108.140528, 16.000795], [108.140491, 16.000827], [108.140455, 16.000855], [108.140415, 16.000882], [108.140368, 16.000913], [108.140314, 16.000948], [108.140248, 16.000988], [108.140183, 16.001028], [108.140145, 16.001052], [108.140128, 16.001064], [108.140114, 16.001075], [108.140101, 16.001086], [108.140092, 16.001093], [108.140085, 16.0011], [108.140077, 16.001107], [108.140061, 16.001119], [108.140025, 16.001143], [108.139973, 16.001177], [108.139935, 16.0012], [108.139908, 16.001216], [108.139874, 16.001232], [108.139833, 16.001252], [108.139787, 16.001274], [108.139728, 16.001302], [108.139661, 16.00133], [108.139606, 16.001349], [108.139551, 16.001367], [108.139479, 16.001388], [108.139412, 16.001399], [108.139378, 16.001402], [108.13936, 16.001404], [108.139318, 16.001415], [108.139279, 16.00143], [108.13927, 16.001432], [108.139186, 16.001442], [108.13903, 16.00146], [108.138847, 16.001434], [108.138584, 16.001318], [108.138414, 16.001196], [108.138266, 16.001045], [108.138241, 16.001025], [108.138182, 16.000977], [108.138117, 16.000917], [108.138042, 16.000843], [108.137992, 16.000792], [108.13797, 16.000768], [108.137954, 16.000746], [108.137931, 16.000709], [108.1379, 16.000662], [108.137871, 16.000617], [108.137845, 16.000576], [108.137823, 16.000542], [108.137807, 16.000511], [108.137794, 16.000475], [108.13778, 16.000429], [108.137765, 16.000383], [108.137749, 16.000331], [108.137731, 16.000271], [108.137716, 16.000213], [108.137709, 16.00015], [108.13771, 16.000113], [108.137695, 16.000051], [108.137694, 16], [108.137691, 15.999836], [108.137733, 15.999653], [108.137788, 15.999542], [108.137856, 15.99933], [108.137908, 15.999168], [108.137911, 15.99898], [108.137911, 15.998976], [108.137824, 15.998808], [108.137722, 15.998671], [108.137597, 15.998527], [108.137474, 15.998439], [108.137266, 15.998361], [108.137021, 15.998313], [108.136788, 15.998297], [108.136459, 15.998321], [108.136019, 15.998378], [108.135836, 15.998432], [108.135517, 15.998567], [108.135263, 15.998702], [108.135028, 15.998875], [108.134936, 15.998976], [108.134936, 15.998979], [108.13483, 15.999581], [108.134806, 15.99974], [108.134774, 15.999964], [108.134776, 15.999998], [108.134776, 16], [108.1348, 16.000384], [108.134841, 16.000625], [108.134876, 16.000832], [108.134881, 16.000846], [108.134926, 16.000988], [108.135006, 16.001236], [108.135028, 16.001312], [108.135055, 16.001378], [108.135092, 16.001469], [108.135117, 16.001538], [108.135137, 16.001599], [108.135155, 16.001658], [108.13517, 16.001707], [108.135178, 16.00174], [108.135185, 16.001772], [108.135194, 16.001813], [108.135201, 16.001856], [108.135209, 16.001899], [108.135219, 16.001946], [108.135227, 16.001994], [108.135233, 16.002043], [108.135238, 16.002089], [108.135243, 16.002139], [108.135248, 16.002196], [108.135253, 16.002253], [108.135258, 16.002313], [108.13526, 16.002372], [108.135262, 16.002421], [108.135262, 16.002458], [108.13526, 16.00249], [108.135258, 16.002516], [108.135254, 16.002542], [108.135249, 16.00257], [108.135244, 16.002597], [108.135239, 16.002624], [108.135232, 16.00265], [108.135224, 16.00268], [108.135213, 16.002715], [108.135201, 16.002751], [108.135188, 16.002788], [108.135175, 16.002825], [108.135162, 16.002863], [108.135146, 16.002902], [108.135127, 16.002938], [108.135106, 16.002972], [108.135087, 16.003004], [108.135072, 16.003029], [108.135063, 16.003043], [108.135058, 16.00305], [108.135054, 16.003055], [108.135047, 16.003062], [108.135032, 16.003076], [108.135003, 16.003104], [108.13498, 16.003129], [108.134968, 16.003142], [108.134933, 16.003181], [108.134903, 16.003219], [108.134884, 16.003248], [108.13488, 16.003254], [108.134859, 16.003285], [108.134837, 16.003313], [108.134814, 16.003337], [108.134791, 16.003358], [108.134765, 16.003387], [108.134734, 16.003422], [108.134702, 16.003455], [108.134672, 16.003481], [108.134642, 16.003499], [108.13461, 16.003518], [108.134586, 16.003534], [108.134492, 16.003583], [108.134438, 16.003583], [108.134407, 16.003583], [108.134321, 16.003583], [108.134263, 16.003597], [108.134204, 16.003612], [108.134128, 16.003649], [108.134104, 16.003649], [108.134061, 16.003651], [108.133988, 16.003656], [108.133905, 16.00367], [108.133749, 16.003752], [108.133695, 16.003788], [108.133627, 16.00383], [108.133599, 16.003848], [108.133577, 16.003855], [108.133551, 16.003861], [108.133519, 16.003864], [108.133484, 16.003864], [108.133448, 16.003864], [108.133413, 16.003863], [108.133379, 16.003863], [108.133347, 16.003865], [108.133308, 16.003869], [108.133265, 16.003874], [108.133222, 16.003876], [108.133177, 16.003876], [108.133114, 16.003877], [108.133037, 16.003878], [108.132961, 16.003883], [108.132885, 16.003887], [108.132811, 16.003887], [108.132749, 16.003886], [108.132699, 16.003888], [108.132653, 16.003887], [108.132613, 16.003884], [108.132576, 16.00388], [108.13254, 16.003873], [108.132495, 16.003865], [108.132435, 16.003853], [108.132373, 16.003843], [108.132322, 16.003837], [108.132279, 16.003835], [108.132241, 16.003836], [108.132235, 16.003836], [108.132228, 16.003837], [108.132185, 16.003843], [108.132131, 16.003855], [108.132074, 16.003869], [108.132016, 16.003883], [108.131957, 16.003896], [108.131891, 16.003904], [108.131799, 16.003909], [108.131689, 16.003914], [108.131653, 16.003915], [108.131612, 16.003917], [108.131579, 16.003918], [108.131551, 16.003922], [108.131501, 16.003931], [108.131437, 16.003944], [108.131431, 16.003944], [108.131357, 16.003956], [108.13129, 16.003964], [108.131262, 16.003967], [108.131189, 16.003976], [108.131117, 16.003988], [108.131003, 16.004004], [108.130861, 16.004022], [108.130714, 16.00404], [108.130574, 16.004058], [108.13044, 16.004079], [108.130305, 16.004104], [108.13017, 16.004131], [108.130034, 16.004158], [108.129907, 16.004182], [108.129789, 16.004201], [108.129673, 16.004217], [108.129556, 16.004227], [108.129433, 16.004232], [108.129306, 16.004233], [108.129189, 16.004234], [108.129081, 16.004233], [108.128971, 16.004229], [108.128861, 16.004224], [108.128734, 16.004215], [108.128594, 16.004204], [108.128482, 16.004193], [108.128415, 16.004185], [108.128363, 16.004175], [108.128281, 16.00416], [108.128245, 16.004154], [108.128151, 16.004138], [108.128008, 16.004108], [108.127876, 16.004074], [108.127749, 16.004038], [108.127638, 16.004004], [108.127547, 16.003974], [108.127541, 16.003971], [108.127469, 16.003946], [108.127397, 16.00392], [108.127334, 16.003896], [108.127279, 16.003873], [108.127234, 16.003852], [108.127199, 16.003832], [108.127171, 16.003815], [108.127147, 16.003801], [108.127125, 16.00379], [108.127105, 16.003777], [108.127082, 16.003762], [108.127059, 16.003746], [108.127035, 16.003729], [108.127013, 16.003713], [108.126993, 16.0037], [108.126973, 16.003687], [108.126948, 16.003673], [108.126911, 16.003652], [108.126862, 16.003624], [108.126844, 16.003614], [108.126822, 16.003602], [108.126817, 16.0036], [108.126817, 16.0036], [108.126817, 16.0036], [108.126789, 16.003585], [108.126748, 16.003562], [108.126698, 16.003529], [108.126649, 16.003492], [108.126602, 16.003453], [108.126565, 16.003416], [108.126527, 16.003376], [108.126481, 16.003331], [108.126443, 16.003292], [108.126413, 16.003258], [108.126376, 16.003217], [108.126334, 16.003166], [108.126296, 16.003117], [108.126256, 16.003063], [108.126199, 16.002985], [108.126128, 16.002881], [108.126053, 16.002764], [108.125976, 16.002645], [108.125898, 16.002526], [108.125814, 16.002409], [108.125726, 16.002297], [108.125641, 16.002191], [108.125555, 16.002089], [108.125468, 16.001987], [108.125389, 16.001898], [108.12532, 16.001825], [108.125252, 16.001759], [108.125183, 16.001694], [108.12511, 16.001629], [108.125096, 16.001617], [108.125038, 16.001569], [108.124976, 16.001518], [108.124916, 16.001469], [108.124896, 16.001453], [108.12486, 16.001424], [108.124857, 16.001421], [108.124812, 16.001385], [108.124774, 16.001351], [108.124729, 16.001309], [108.124675, 16.00126], [108.124615, 16.001208], [108.124537, 16.001153], [108.124432, 16.001093], [108.124312, 16.001032], [108.124187, 16.000971], [108.124047, 16.000907], [108.123861, 16.000837], [108.123641, 16.000761], [108.123458, 16.000698], [108.123321, 16.000651], [108.123172, 16.000612], [108.122964, 16.000564], [108.122716, 16.000508], [108.12251, 16.000466], [108.122381, 16.000443], [108.122304, 16.000429], [108.122232, 16.000415], [108.12213, 16.000396], [108.122002, 16.000371], [108.121861, 16.000345], [108.121719, 16.000319], [108.121573, 16.000297], [108.121427, 16.000282], [108.121282, 16.000268], [108.121141, 16.000254], [108.121005, 16.000242], [108.120875, 16.000231], [108.120766, 16.000222], [108.120682, 16.000214], [108.120596, 16.000207], [108.120497, 16.000204], [108.120406, 16.000205], [108.120313, 16.000208], [108.120204, 16.000218], [108.120067, 16.000243], [108.11991, 16.000279], [108.119795, 16.000307], [108.119725, 16.00032], [108.11967, 16.000325], [108.119622, 16.000324], [108.119578, 16.000321], [108.119528, 16.000323], [108.119433, 16.000338], [108.119297, 16.000366], [108.119197, 16.000392], [108.119137, 16.000417], [108.11908, 16.000447], [108.119018, 16.000478], [108.118954, 16.00051], [108.118884, 16.000547], [108.118805, 16.000591], [108.118719, 16.000639], [108.118645, 16.000684], [108.118638, 16.000688], [108.118578, 16.000718], [108.117851, 16.001261], [108.117604, 16.001445], [108.117019, 16.00176], [108.116813, 16.001786], [108.116678, 16.001803], [108.116339, 16.001846], [108.115649, 16.001706], [108.114581, 16.001249], [108.113594, 16.000578], [108.113272, 16.000372], [108.11289, 16.000148], [108.11277, 16.000078], [108.112169, 15.999783], [108.112056, 15.999748], [108.111504, 15.999573], [108.111382, 15.999534], [108.110422, 15.999282], [108.109868, 15.999179], [108.109214, 15.999149], [108.109165, 15.999143], [108.108966, 15.999116], [108.108641, 15.999152], [108.108305, 15.999256], [108.107962, 15.999467], [108.10786, 15.99953], [108.106805, 16.000022], [108.106007, 16.000525], [108.1057, 16.000736], [108.105615, 16.00077], [108.10546, 16.000833], [108.105186, 16.000944], [108.104505, 16.001066], [108.104327, 16.001074], [108.104023, 16.001088], [108.103977, 16.001089], [108.103761, 16.00108], [108.103548, 16.001066], [108.103348, 16.001042], [108.10318, 16.00101], [108.103052, 16.000984], [108.103018, 16.000977], [108.102917, 16.000949], [108.102833, 16.000926], [108.102827, 16.000924], [108.102822, 16.000921], [108.102079, 16.00052], [108.101222, 16.000006], [108.101114, 15.999946], [108.100205, 15.999443], [108.100043, 15.999354], [108.09936, 15.998982], [108.0983, 15.99811], [108.097751, 15.99774], [108.097303, 15.997532], [108.096623, 15.997395], [108.096396, 15.997349], [108.09499, 15.99715], [108.093995, 15.99703], [108.092056, 15.997154], [108.090676, 15.997001], [108.090167, 15.99699], [108.089841, 15.996994], [108.089255, 15.997122], [108.088762, 15.99722], [108.088452, 15.997296], [108.088297, 15.997317], [108.088243, 15.997325], [108.088137, 15.997339], [108.087965, 15.997437], [108.087757, 15.997727], [108.087452, 15.998287], [108.087211, 15.998598], [108.087077, 15.998771], [108.086924, 15.998949], [108.086877, 15.998984], [108.086848, 15.998984], [108.086848, 15.998984], [108.086645, 15.999186], [108.086635, 15.999194], [108.086542, 15.999277], [108.086453, 15.999361], [108.086384, 15.999427], [108.086342, 15.999467], [108.086319, 15.99949], [108.086298, 15.99951], [108.086269, 15.999537], [108.086234, 15.999568], [108.086204, 15.999592], [108.086179, 15.999604], [108.086154, 15.99961], [108.086121, 15.999616], [108.08608, 15.999633], [108.086033, 15.999669], [108.085984, 15.999726], [108.085938, 15.999791], [108.085898, 15.99985], [108.08587, 15.999894], [108.085848, 15.999928], [108.085829, 15.999957], [108.085811, 15.999982], [108.085795, 16.000003], [108.085781, 16.000021], [108.085761, 16.000043], [108.08573, 16.000074], [108.08569, 16.000113], [108.085651, 16.00015], [108.085612, 16.000186], [108.085567, 16.000227], [108.085515, 16.000272], [108.085465, 16.000321], [108.085426, 16.000368], [108.085423, 16.000372], [108.085388, 16.000423], [108.085358, 16.000473], [108.085332, 16.000521], [108.085312, 16.000567], [108.085299, 16.000611], [108.085294, 16.000652], [108.085294, 16.000694], [108.085296, 16.000733], [108.0853, 16.00076], [108.085306, 16.000783], [108.085315, 16.000817], [108.085327, 16.000859], [108.085339, 16.000899], [108.08535, 16.000929], [108.085359, 16.000949], [108.085368, 16.000967], [108.08538, 16.000987], [108.085397, 16.00101], [108.085421, 16.001032], [108.085452, 16.001052], [108.085487, 16.00107], [108.085524, 16.001088], [108.085561, 16.001105], [108.085598, 16.001122], [108.085634, 16.001139], [108.08567, 16.001158], [108.085706, 16.001176], [108.085745, 16.001194], [108.085784, 16.001211], [108.085824, 16.001225], [108.085864, 16.001238], [108.085906, 16.001249], [108.085946, 16.001261], [108.085985, 16.001276], [108.086022, 16.001294], [108.086043, 16.001307], [108.086054, 16.001314], [108.08608, 16.001331], [108.086103, 16.001347], [108.08613, 16.001368], [108.086163, 16.001394], [108.086196, 16.001422], [108.086226, 16.00145], [108.086255, 16.001476], [108.086293, 16.001505], [108.086348, 16.001539], [108.086415, 16.001578], [108.086476, 16.001611], [108.086523, 16.001635], [108.086564, 16.001657], [108.086618, 16.001689], [108.086695, 16.001737], [108.086783, 16.001795], [108.086801, 16.001807], [108.08686, 16.001848], [108.086913, 16.00189], [108.086948, 16.001926], [108.086975, 16.001963], [108.086998, 16.002002], [108.08702, 16.002041], [108.087039, 16.00208], [108.087055, 16.002115], [108.087067, 16.002146], [108.087077, 16.002174], [108.087085, 16.0022], [108.087093, 16.002226], [108.087098, 16.002249], [108.087098, 16.002267], [108.087095, 16.002284], [108.087089, 16.002304], [108.087079, 16.002325], [108.087066, 16.002347], [108.08705, 16.002369], [108.087033, 16.00239], [108.087016, 16.00241], [108.086998, 16.002428], [108.086977, 16.002444], [108.086952, 16.00246], [108.086922, 16.002475], [108.086893, 16.002489], [108.086869, 16.0025], [108.086849, 16.00251], [108.086848, 16.002511], [108.086806, 16.002537], [108.086801, 16.00254], [108.086784, 16.002553], [108.086766, 16.00257], [108.086751, 16.002587], [108.086741, 16.002603], [108.086731, 16.002622], [108.086721, 16.002643], [108.086711, 16.002666], [108.086702, 16.00269], [108.086694, 16.002714], [108.086687, 16.002737], [108.086681, 16.002759], [108.086677, 16.002781], [108.086673, 16.002801], [108.08667, 16.00282], [108.086668, 16.002838], [108.086667, 16.002854], [108.086666, 16.002869], [108.086665, 16.002884], [108.086665, 16.002897], [108.086665, 16.00291], [108.086665, 16.002923], [108.086665, 16.00294], [108.08666, 16.002982], [108.086651, 16.003038], [108.08659, 16.003134], [108.086555, 16.003161], [108.086503, 16.003199], [108.086469, 16.003221], [108.086469, 16.003222], [108.086466, 16.003223], [108.086352, 16.003273], [108.086326, 16.003281], [108.086298, 16.003289], [108.086275, 16.003295], [108.086267, 16.003296], [108.086237, 16.003302], [108.086213, 16.003306], [108.086196, 16.00331], [108.086172, 16.003315], [108.086093, 16.0033], [108.086051, 16.003296], [108.085995, 16.003292], [108.085954, 16.003287], [108.085908, 16.003277], [108.085835, 16.003264], [108.08575, 16.003251], [108.085667, 16.003234], [108.085583, 16.003211], [108.085495, 16.003181], [108.085398, 16.003139], [108.085294, 16.003089], [108.085198, 16.003041], [108.085191, 16.003038], [108.085103, 16.002984], [108.085094, 16.002977], [108.08504, 16.002933], [108.084996, 16.00289], [108.084957, 16.002848], [108.084921, 16.002804], [108.084907, 16.002783], [108.084895, 16.002764], [108.084868, 16.002715], [108.084831, 16.002649], [108.0848, 16.002586], [108.084777, 16.002539], [108.084754, 16.002503], [108.084722, 16.002461], [108.084687, 16.002412], [108.084667, 16.002382], [108.084654, 16.002368], [108.084635, 16.002348], [108.084608, 16.002318], [108.084571, 16.002274], [108.084522, 16.002218], [108.084472, 16.002162], [108.084469, 16.002159], [108.084414, 16.002099], [108.084346, 16.00203], [108.084281, 16.001971], [108.084215, 16.001921], [108.084144, 16.001873], [108.084075, 16.00183], [108.084002, 16.001784], [108.083919, 16.00173], [108.083831, 16.001679], [108.08374, 16.001634], [108.083655, 16.001594], [108.083571, 16.001557], [108.083493, 16.001521], [108.083446, 16.001501], [108.08338, 16.001475], [108.08334, 16.001441], [108.083325, 16.001428], [108.083309, 16.001412], [108.083305, 16.001408], [108.083283, 16.001386], [108.083263, 16.001364], [108.08325, 16.001349], [108.083243, 16.001335], [108.08323, 16.001315], [108.083211, 16.001288], [108.083193, 16.001259], [108.083174, 16.001223], [108.083151, 16.001182], [108.083127, 16.001141], [108.083103, 16.001104], [108.083079, 16.001075], [108.083053, 16.001053], [108.083027, 16.001032], [108.083, 16.001014], [108.082974, 16.000999], [108.082943, 16.000987], [108.082903, 16.000977], [108.082861, 16.00097], [108.082818, 16.000964], [108.082781, 16.000962], [108.082751, 16.000966], [108.082721, 16.000973], [108.082688, 16.000984], [108.082652, 16.000998], [108.082617, 16.00101], [108.082584, 16.001021], [108.082551, 16.001032], [108.082518, 16.001042], [108.082487, 16.00105], [108.082456, 16.001055], [108.082426, 16.001057], [108.082394, 16.001059], [108.082358, 16.00106], [108.082317, 16.001058], [108.082275, 16.001056], [108.082235, 16.001054], [108.082207, 16.001053], [108.082143, 16.001055], [108.082097, 16.001071], [108.082051, 16.001073], [108.082006, 16.001089], [108.081987, 16.001092], [108.081968, 16.001095], [108.081856, 16.001086], [108.081838, 16.001087], [108.081824, 16.001088], [108.08177, 16.001087], [108.081702, 16.001082], [108.081639, 16.001073], [108.081589, 16.001064], [108.081551, 16.001056], [108.081503, 16.001044], [108.081453, 16.001032], [108.081444, 16.001031], [108.081433, 16.001028], [108.081424, 16.001025], [108.081325, 16.001002], [108.08122, 16.000977], [108.08111, 16.000946], [108.080992, 16.000906], [108.08087, 16.000859], [108.080757, 16.000811], [108.08065, 16.00076], [108.080539, 16.000705], [108.080424, 16.000642], [108.080308, 16.000575], [108.080211, 16.000515], [108.080151, 16.000476], [108.080134, 16.000466], [108.080055, 16.00042], [108.079965, 16.000371], [108.079885, 16.000332], [108.07981, 16.000299], [108.079728, 16.000263], [108.079646, 16.000226], [108.079567, 16.000191], [108.079495, 16.000161], [108.079429, 16.000132], [108.079367, 16.000104], [108.079311, 16.000076], [108.079274, 16.000055], [108.079262, 16.000048], [108.079196, 16.000008], [108.079152, 15.999949], [108.079137, 15.999927], [108.079132, 15.99992], [108.079105, 15.999879], [108.079078, 15.999836], [108.07905, 15.999789], [108.07902, 15.99974], [108.078989, 15.99969], [108.078961, 15.999645], [108.078961, 15.999644], [108.078952, 15.999628], [108.078947, 15.999622], [108.078816, 15.999467], [108.078812, 15.999463], [108.078757, 15.999412], [108.078724, 15.999398], [108.078687, 15.999378], [108.078655, 15.999364], [108.078639, 15.999356], [108.078577, 15.999332], [108.078571, 15.99933], [108.078568, 15.999329], [108.078525, 15.999317], [108.078481, 15.999308], [108.078405, 15.999311], [108.078403, 15.999311], [108.07837, 15.99931], [108.07832, 15.999313], [108.078261, 15.999321], [108.078197, 15.999331], [108.078138, 15.999341], [108.078078, 15.999352], [108.078015, 15.999363], [108.077962, 15.999371], [108.077916, 15.999376], [108.077869, 15.999379], [108.077825, 15.999381], [108.077777, 15.999382], [108.077724, 15.999384], [108.077688, 15.999385], [108.07766, 15.999385], [108.077642, 15.99938], [108.077065, 15.999429], [108.076818, 15.999439], [108.076676, 15.999411], [108.076594, 15.999329], [108.076568, 15.999222], [108.076528, 15.999031], [108.076496, 15.99898], [108.076494, 15.998976], [108.076427, 15.998905], [108.076312, 15.998875], [108.07616, 15.998884], [108.076063, 15.998922], [108.076013, 15.998976], [108.076008, 15.99898], [108.07593, 15.999041], [108.075924, 15.999044], [108.07585, 15.999065], [108.075827, 15.999082], [108.075808, 15.999101], [108.075782, 15.999122], [108.075752, 15.999146], [108.075724, 15.999173], [108.07569, 15.999213], [108.075653, 15.999261], [108.075621, 15.999308], [108.075592, 15.999355], [108.07556, 15.999406], [108.075535, 15.999448], [108.075518, 15.999478], [108.075501, 15.999502], [108.075482, 15.999528], [108.075452, 15.999574], [108.075413, 15.999639], [108.075379, 15.999689], [108.07535, 15.999726], [108.075318, 15.999781], [108.075282, 15.999855], [108.075254, 15.999918], [108.075238, 15.999971], [108.075218, 16.000032], [108.075183, 16.000117], [108.075134, 16.000224], [108.075083, 16.000325], [108.075026, 16.000433], [108.074962, 16.000554], [108.074907, 16.000657], [108.074871, 16.000734], [108.074844, 16.0008], [108.074819, 16.000863], [108.0748, 16.001104], [108.074842, 16.001233], [108.074842, 16.001234], [108.074837, 16.001366], [108.074804, 16.001581], [108.074701, 16.001787], [108.07455, 16.001968], [108.074434, 16.002049], [108.074409, 16.002061], [108.074383, 16.002108], [108.074294, 16.00231], [108.0743, 16.002319], [108.074317, 16.002348], [108.074322, 16.002375], [108.074318, 16.0024], [108.07431, 16.002424], [108.074303, 16.002449], [108.074297, 16.002477], [108.074294, 16.002513], [108.074295, 16.002549], [108.074297, 16.002579], [108.0743, 16.002601], [108.074305, 16.002627], [108.074313, 16.002659], [108.074318, 16.002682], [108.07432, 16.0027], [108.074323, 16.002724], [108.074327, 16.002759], [108.074328, 16.002803], [108.07433, 16.00286], [108.074343, 16.00292], [108.074361, 16.002971], [108.07437, 16.002992], [108.074382, 16.003016], [108.074409, 16.003057], [108.074435, 16.003091], [108.074458, 16.003122], [108.07448, 16.003151], [108.074501, 16.003176], [108.074518, 16.003195], [108.074535, 16.003212], [108.074547, 16.003225], [108.07456, 16.003235], [108.074599, 16.003252], [108.074605, 16.003254], [108.074624, 16.003261], [108.074626, 16.003261], [108.074658, 16.003273], [108.074669, 16.003279], [108.074684, 16.003288], [108.074704, 16.003301], [108.074725, 16.003315], [108.074749, 16.003332], [108.074772, 16.00335], [108.074799, 16.003374], [108.074821, 16.0034], [108.074835, 16.003421], [108.074846, 16.003438], [108.074858, 16.003457], [108.074873, 16.00348], [108.074886, 16.003501], [108.074898, 16.003526], [108.074911, 16.003556], [108.074923, 16.003582], [108.074933, 16.003608], [108.074944, 16.003638], [108.074951, 16.003662], [108.074954, 16.003682], [108.074957, 16.003711], [108.074959, 16.00375], [108.074958, 16.003778], [108.074956, 16.003793], [108.074954, 16.003806], [108.074954, 16.003812], [108.074953, 16.003819], [108.074955, 16.003837], [108.074959, 16.003873], [108.074963, 16.003907], [108.074967, 16.003937], [108.074971, 16.003961], [108.07498, 16.003982], [108.074991, 16.004011], [108.075001, 16.004032], [108.075004, 16.004038], [108.07503, 16.004094], [108.075041, 16.004125], [108.075052, 16.004164], [108.075062, 16.004202], [108.075072, 16.004241], [108.075072, 16.004241], [108.075079, 16.004267], [108.075083, 16.004282], [108.075094, 16.004326], [108.075102, 16.004371], [108.075104, 16.004398], [108.075105, 16.004419], [108.075104, 16.004468], [108.075099, 16.004515], [108.075093, 16.004564], [108.075083, 16.004617], [108.075068, 16.00468], [108.075046, 16.004757], [108.075018, 16.004844], [108.074986, 16.004936], [108.074953, 16.005022], [108.074921, 16.005096], [108.074892, 16.005154], [108.074866, 16.005195], [108.074839, 16.005227], [108.074822, 16.005241], [108.074807, 16.005254], [108.074775, 16.005274], [108.074767, 16.005279], [108.074717, 16.005301], [108.074658, 16.00532], [108.074593, 16.005336], [108.074522, 16.00535], [108.07448, 16.005357], [108.074446, 16.005362], [108.074371, 16.005375], [108.074302, 16.005387], [108.074257, 16.005396], [108.074237, 16.0054], [108.074176, 16.005413], [108.074121, 16.005426], [108.074073, 16.00544], [108.074029, 16.005455], [108.073987, 16.005472], [108.073973, 16.005478], [108.073947, 16.005491], [108.073911, 16.005509], [108.073883, 16.005525], [108.073882, 16.005525], [108.073855, 16.005542], [108.073826, 16.005561], [108.073794, 16.005584], [108.073764, 16.005609], [108.073735, 16.005634], [108.073707, 16.00566], [108.073705, 16.005662], [108.073678, 16.005685], [108.073647, 16.00571], [108.073613, 16.005734], [108.073577, 16.005754], [108.073539, 16.005771], [108.073502, 16.005783], [108.073465, 16.005793], [108.073427, 16.0058], [108.073392, 16.005803], [108.073361, 16.005802], [108.073334, 16.005798], [108.073333, 16.005798], [108.073306, 16.005792], [108.073282, 16.005783], [108.073259, 16.005774], [108.073237, 16.005764], [108.073211, 16.005752], [108.073178, 16.005737], [108.073137, 16.005717], [108.073088, 16.005696], [108.073035, 16.005674], [108.072985, 16.005655], [108.072941, 16.005642], [108.072904, 16.005637], [108.072872, 16.005636], [108.072841, 16.005638], [108.072809, 16.005641], [108.072777, 16.005644], [108.072744, 16.005648], [108.072711, 16.005651], [108.072677, 16.005653], [108.072642, 16.005655], [108.072607, 16.005658], [108.07257, 16.005663], [108.072531, 16.005671], [108.072493, 16.00568], [108.072455, 16.005687], [108.072421, 16.005691], [108.072389, 16.005694], [108.072361, 16.005698], [108.072351, 16.005701], [108.072333, 16.005707], [108.0723, 16.00572], [108.072268, 16.005734], [108.072243, 16.005748], [108.07222, 16.005761], [108.072196, 16.005773], [108.072171, 16.005781], [108.072145, 16.005787], [108.072119, 16.005788], [108.072092, 16.005787], [108.072075, 16.005785], [108.072063, 16.005783], [108.072032, 16.005781], [108.071999, 16.00578], [108.071964, 16.005778], [108.071927, 16.005774], [108.071888, 16.005766], [108.071849, 16.005757], [108.07181, 16.005751], [108.071772, 16.005747], [108.071735, 16.005745], [108.071699, 16.005744], [108.071663, 16.005745], [108.071626, 16.005748], [108.071588, 16.005751], [108.071549, 16.005757], [108.07151, 16.005766], [108.071472, 16.005777], [108.071434, 16.005792], [108.071397, 16.005809], [108.071361, 16.005829], [108.071324, 16.005852], [108.071286, 16.005879], [108.071249, 16.00591], [108.071214, 16.005942], [108.071181, 16.005976], [108.07115, 16.006012], [108.071119, 16.006054], [108.071086, 16.006103], [108.071052, 16.006159], [108.071016, 16.006221], [108.070981, 16.006286], [108.070947, 16.006353], [108.070914, 16.006421], [108.070883, 16.006486], [108.070853, 16.006549], [108.070824, 16.006609], [108.070799, 16.006665], [108.070779, 16.006714], [108.070763, 16.006759], [108.070749, 16.006804], [108.070739, 16.006851], [108.070734, 16.006903], [108.070734, 16.00696], [108.070739, 16.007016], [108.070748, 16.007064], [108.070756, 16.0071], [108.070763, 16.007129], [108.070768, 16.00716], [108.070774, 16.007195], [108.070778, 16.007229], [108.070782, 16.007261], [108.070786, 16.007296], [108.070788, 16.007335], [108.070791, 16.007374], [108.070793, 16.007413], [108.070796, 16.007451], [108.070799, 16.007487], [108.070802, 16.007522], [108.070805, 16.007556], [108.07081, 16.007588], [108.070817, 16.007621], [108.070827, 16.007655], [108.070839, 16.007692], [108.070852, 16.007735], [108.070866, 16.00778], [108.070878, 16.007824], [108.070888, 16.007864], [108.070896, 16.007903], [108.070903, 16.007943], [108.070909, 16.007983], [108.070915, 16.008019], [108.070922, 16.008051], [108.070929, 16.00808], [108.070933, 16.008104], [108.070934, 16.008126], [108.070929, 16.008151], [108.070919, 16.008181], [108.070907, 16.008214], [108.070895, 16.008253], [108.070879, 16.008298], [108.070856, 16.008346], [108.070829, 16.008396], [108.070799, 16.008444], [108.07077, 16.008492], [108.070744, 16.008539], [108.070723, 16.008584], [108.070708, 16.008626], [108.070697, 16.008667], [108.07069, 16.008708], [108.070685, 16.008747], [108.070684, 16.008782], [108.070687, 16.008815], [108.070695, 16.008847], [108.070709, 16.008878], [108.070727, 16.008907], [108.070747, 16.008934], [108.070767, 16.008958], [108.070789, 16.008979], [108.070812, 16.008999], [108.070836, 16.009018], [108.07086, 16.009034], [108.070886, 16.009048], [108.070914, 16.00906], [108.070945, 16.009071], [108.070983, 16.009081], [108.071027, 16.009089], [108.071077, 16.009097], [108.071127, 16.009104], [108.071177, 16.009111], [108.071231, 16.009119], [108.071289, 16.00913], [108.07135, 16.009143], [108.071407, 16.009158], [108.071459, 16.009172], [108.07151, 16.009185], [108.071563, 16.009197], [108.071619, 16.00921], [108.071681, 16.009224], [108.071747, 16.009239], [108.071813, 16.009256], [108.071876, 16.009274], [108.071937, 16.009292], [108.071994, 16.009311], [108.072044, 16.009328], [108.072083, 16.009343], [108.072111, 16.009354], [108.072134, 16.009364], [108.072151, 16.009371], [108.072511, 16.009514], [108.072971, 16.009851], [108.073152, 16.010069], [108.073315, 16.010429], [108.073522, 16.011029], [108.074023, 16.01148], [108.07509, 16.018192], [108.075177, 16.01868], [108.072996, 16.018407], [108.072812, 16.018321], [108.072716, 16.018319], [108.072661, 16.018341], [108.072602, 16.018348], [108.072522, 16.018313], [108.07246, 16.018296], [108.072308, 16.018295], [108.072175, 16.018276], [108.072012, 16.018278], [108.072004, 16.018282], [108.071932, 16.018314], [108.071914, 16.018319], [108.07178, 16.018358], [108.071531, 16.018409], [108.07133, 16.018496], [108.071184, 16.01859], [108.0711, 16.018707], [108.070853, 16.019069], [108.070833, 16.019096], [108.07082, 16.019114], [108.070813, 16.019123], [108.070806, 16.019134], [108.070791, 16.019156], [108.070771, 16.019186], [108.070767, 16.019192], [108.070733, 16.019246], [108.070695, 16.01931], [108.070655, 16.019376], [108.070568, 16.019477], [108.070333, 16.019748], [108.070099, 16.020109], [108.069973, 16.020323], [108.069931, 16.020451], [108.06989, 16.020576], [108.069883, 16.020628], [108.069878, 16.020711], [108.069877, 16.020795], [108.069884, 16.020848], [108.069898, 16.020878], [108.069919, 16.020907], [108.069943, 16.020942], [108.069969, 16.020978], [108.069996, 16.021012], [108.070021, 16.021042], [108.070041, 16.021072], [108.070063, 16.021099], [108.070094, 16.021117], [108.070125, 16.021131], [108.070153, 16.021146], [108.070162, 16.021149], [108.070174, 16.021154], [108.070176, 16.021156], [108.070234, 16.021225], [108.070246, 16.021325], [108.070234, 16.021545], [108.070227, 16.021772], [108.070212, 16.021895], [108.070198, 16.021934], [108.07017, 16.021974], [108.070125, 16.02201], [108.07008, 16.022025], [108.070012, 16.02203], [108.069937, 16.02203], [108.06989, 16.022041], [108.069787, 16.022081], [108.069757, 16.022103], [108.069701, 16.022148], [108.069636, 16.022203], [108.069569, 16.02226], [108.0695, 16.02232], [108.069433, 16.022384], [108.069371, 16.022447], [108.069312, 16.022507], [108.069264, 16.022556], [108.069229, 16.022588], [108.069201, 16.02261], [108.0692, 16.022611], [108.069171, 16.022632], [108.069139, 16.022647], [108.069107, 16.022656], [108.069079, 16.022661], [108.069049, 16.022662], [108.069015, 16.022655], [108.06898, 16.02264], [108.068954, 16.022627], [108.068928, 16.022612], [108.068927, 16.022612], [108.068889, 16.022588], [108.068841, 16.022554], [108.06884, 16.022554], [108.068788, 16.022516], [108.068732, 16.022475], [108.068671, 16.022424], [108.068669, 16.022422], [108.068657, 16.022413], [108.068645, 16.022399], [108.068607, 16.022364], [108.068544, 16.022301], [108.068485, 16.02224], [108.068434, 16.022189], [108.068391, 16.022148], [108.068347, 16.022109], [108.0683, 16.02207], [108.068244, 16.022028], [108.068174, 16.021982], [108.068098, 16.021936], [108.068025, 16.02189], [108.067953, 16.021844], [108.067883, 16.021797], [108.067823, 16.021757], [108.067818, 16.021754], [108.067762, 16.021721], [108.067742, 16.02171], [108.067712, 16.021695], [108.067664, 16.021671], [108.06762, 16.021653], [108.06758, 16.02164], [108.067542, 16.021633], [108.067504, 16.021627], [108.067467, 16.021624], [108.067433, 16.021626], [108.067401, 16.02163], [108.067398, 16.02163], [108.067327, 16.021677], [108.067185, 16.021818], [108.067097, 16.021872], [108.067074, 16.021875], [108.067028, 16.021882], [108.066965, 16.021883], [108.066951, 16.02188], [108.06691, 16.021871], [108.066878, 16.021862], [108.066868, 16.021859], [108.066859, 16.021856], [108.066781, 16.021833], [108.066707, 16.021794], [108.066258, 16.021559], [108.065978, 16.021386], [108.065918, 16.021315], [108.065881, 16.021187], [108.06588, 16.021096], [108.065905, 16.021026], [108.065927, 16.020961], [108.065951, 16.020904], [108.06595, 16.020835], [108.06595, 16.020822], [108.065879, 16.020714], [108.065579, 16.020469], [108.065498, 16.020409], [108.065382, 16.020348], [108.065319, 16.020315], [108.065204, 16.020255], [108.064997, 16.020202], [108.064827, 16.020221], [108.064752, 16.020274], [108.062797, 16.019111], [108.059276, 16.017016], [108.059217, 16.016981], [108.058872, 16.016776], [108.053393, 16.013516], [108.052222, 16.012819], [108.051329, 16.012293], [108.051338, 16.012186], [108.051414, 16.012008], [108.051627, 16.011624], [108.05166, 16.01143], [108.051618, 16.011251], [108.05148, 16.01107], [108.051335, 16.010933], [108.051202, 16.010785], [108.051077, 16.010618], [108.051057, 16.010501], [108.051092, 16.010414], [108.051224, 16.010265], [108.051331, 16.010031], [108.051398, 16.009793], [108.051451, 16.00951], [108.051269, 16.009435], [108.050293, 16.008652], [108.050209, 16.008585], [108.049723, 16.008058], [108.049242, 16.007504], [108.049152, 16.007446], [108.048987, 16.007343], [108.048723, 16.007312], [108.048607, 16.007341], [108.048491, 16.007319], [108.048346, 16.007254], [108.048234, 16.007249], [108.048165, 16.007297], [108.048105, 16.007417], [108.04801, 16.007542], [108.047917, 16.007587], [108.047852, 16.007613], [108.047814, 16.007627], [108.047678, 16.007604], [108.047558, 16.007516], [108.047394, 16.007378], [108.047388, 16.007373], [108.047251, 16.007272], [108.047247, 16.007267], [108.047066, 16.007276], [108.046976, 16.007262], [108.046873, 16.007266], [108.046753, 16.0073], [108.046652, 16.007383], [108.046614, 16.007429], [108.046546, 16.007513], [108.046383, 16.00764], [108.04617, 16.007807], [108.045949, 16.007909], [108.045808, 16.007938], [108.045678, 16.007924], [108.04543, 16.007848], [108.045252, 16.007774], [108.045075, 16.00765], [108.044923, 16.00755], [108.044915, 16.007545], [108.044696, 16.007478], [108.044544, 16.007472], [108.044536, 16.007471], [108.044371, 16.007484], [108.044222, 16.007431], [108.044058, 16.007364], [108.043898, 16.007262], [108.043674, 16.007131], [108.043495, 16.007045], [108.043347, 16.00699], [108.043241, 16.006881], [108.04313, 16.006737], [108.042991, 16.006517], [108.04291, 16.006424], [108.042746, 16.00628], [108.042623, 16.006172], [108.042464, 16.005989], [108.04235, 16.005802], [108.042302, 16.005743], [108.042168, 16.005623], [108.041998, 16.00551], [108.0418, 16.005307], [108.041479, 16.004951], [108.041213, 16.004713], [108.040917, 16.004457], [108.040789, 16.004296], [108.040726, 16.004166], [108.040656, 16.003971], [108.040596, 16.003891], [108.040559, 16.003843], [108.040545, 16.003825], [108.040428, 16.003724], [108.040241, 16.003627], [108.040026, 16.003566], [108.040024, 16.003566], [108.040005, 16.003567], [108.039864, 16.003571], [108.039651, 16.003536], [108.039374, 16.003472], [108.039107, 16.003422], [108.0391, 16.00342], [108.038758, 16.003335], [108.0385, 16.003286], [108.038201, 16.003354], [108.038017, 16.003387], [108.03781, 16.003351], [108.03778, 16.003345], [108.037602, 16.003305], [108.037308, 16.003308], [108.03706, 16.003257], [108.036906, 16.003217], [108.036663, 16.003089], [108.036409, 16.002828], [108.036186, 16.0026], [108.035658, 16.001996], [108.035336, 16.00157], [108.03509, 16.001083], [108.034902, 16.000795], [108.034789, 16.000648], [108.034707, 16.000512], [108.034625, 16.000348], [108.034579, 16.000196], [108.034504, 15.999973], [108.034323, 15.999688], [108.033848, 15.998983], [108.033561, 15.998557], [108.032765, 15.997237], [108.031818, 15.997322], [108.030258, 15.997044], [108.02939, 15.996953], [108.028255, 15.996517], [108.02723, 15.996082], [108.025466, 15.995899], [108.025331, 15.995903], [108.019219, 15.995408], [108.007397, 15.995178], [108.006399, 15.995275], [108.005806, 15.995252], [108.005524, 15.995263], [108.005147, 15.995236], [108.004694, 15.995316], [108.004122, 15.995358], [108.003267, 15.995604], [108.002917, 15.995707], [108.002573, 15.995895], [108.002395, 15.995936], [108.001816, 15.995978], [108.001816, 15.995978], [108.000603, 15.995735], [108.000546, 15.995759], [108.000457, 15.995768], [108.000163, 15.995698], [107.999873, 15.995108], [107.999511, 15.994715], [107.999026, 15.994489], [107.998866, 15.994412], [107.9985, 15.994256], [107.998162, 15.994182], [107.997971, 15.994188], [107.997537, 15.994228], [107.997212, 15.994309], [107.996975, 15.994308], [107.996747, 15.994292], [107.996571, 15.994414], [107.996269, 15.994705], [107.996015, 15.994856], [107.995239, 15.995149], [107.99491, 15.995287], [107.994359, 15.995627], [107.993994, 15.995808], [107.993787, 15.995869], [107.993519, 15.995794], [107.992999, 15.995601], [107.99297, 15.995505], [107.992923, 15.995414], [107.992867, 15.995347], [107.992791, 15.995289], [107.992731, 15.995277], [107.992575, 15.995281], [107.99239, 15.995322], [107.992342, 15.995338], [107.992199, 15.995385], [107.992089, 15.995416], [107.992006, 15.995413], [107.991935, 15.995391], [107.991869, 15.995371], [107.991819, 15.995343], [107.991748, 15.995336], [107.991671, 15.995347], [107.991618, 15.995386], [107.99156, 15.995438], [107.991474, 15.99548], [107.991403, 15.995484], [107.991341, 15.995466], [107.991269, 15.99541], [107.99125, 15.995353], [107.99121, 15.995304], [107.991194, 15.995283], [107.991199, 15.995246], [107.991246, 15.995202], [107.991411, 15.995133], [107.991527, 15.995055], [107.991573, 15.995004], [107.99158, 15.994984], [107.991594, 15.994941], [107.991599, 15.994866], [107.991558, 15.994752], [107.991491, 15.994638], [107.991448, 15.994536], [107.991447, 15.994478], [107.991458, 15.994419], [107.991487, 15.994382], [107.99151, 15.994338], [107.991515, 15.99425], [107.991502, 15.994195], [107.991468, 15.994172], [107.991415, 15.994175], [107.991346, 15.994229], [107.991272, 15.994311], [107.99121, 15.994392], [107.99116, 15.994425], [107.991081, 15.994438], [107.99101, 15.994439], [107.990922, 15.994409], [107.990852, 15.994368], [107.990799, 15.994333], [107.990761, 15.99431], [107.990721, 15.994305], [107.990678, 15.994332], [107.99053, 15.994455], [107.99046, 15.994534], [107.990384, 15.99465], [107.990338, 15.994716], [107.990291, 15.994756], [107.990219, 15.994792], [107.990137, 15.994856], [107.990024, 15.994974], [107.989896, 15.995131], [107.989814, 15.995235], [107.989696, 15.995367], [107.989633, 15.995408], [107.989568, 15.995428], [107.989507, 15.995463], [107.989474, 15.995511], [107.98944, 15.995565], [107.989393, 15.995595], [107.989318, 15.995619], [107.989255, 15.995621], [107.989191, 15.995594], [107.989129, 15.995554], [107.989052, 15.995527], [107.988939, 15.995538], [107.988869, 15.995571], [107.988804, 15.995644], [107.988664, 15.995728], [107.988553, 15.995755], [107.988457, 15.995753], [107.988356, 15.9957], [107.988291, 15.995569], [107.988235, 15.995544], [107.988146, 15.995544], [107.988047, 15.995542], [107.987982, 15.995564], [107.987913, 15.995648], [107.987883, 15.995741], [107.98786, 15.995873], [107.987809, 15.995966], [107.987728, 15.99609], [107.987577, 15.996307], [107.987519, 15.996377], [107.987486, 15.99644], [107.987469, 15.996545], [107.987458, 15.996646], [107.987453, 15.996697], [107.987423, 15.996751], [107.987374, 15.996779], [107.987091, 15.996881], [107.986928, 15.996943], [107.9869, 15.996971], [107.986895, 15.997024], [107.986909, 15.997102], [107.986916, 15.997159], [107.986901, 15.99723], [107.98685, 15.997312], [107.986728, 15.997421], [107.986667, 15.997455], [107.986646, 15.997512], [107.986647, 15.997574], [107.986631, 15.997624], [107.98635, 15.997784], [107.986136, 15.997837], [107.985965, 15.997811], [107.985763, 15.997699], [107.985346, 15.997511], [107.985129, 15.99741], [107.983603, 15.996959], [107.982612, 15.9968], [107.982226, 15.996742], [107.981873, 15.996674], [107.981795, 15.996696], [107.98148, 15.997313], [107.981392, 15.997472], [107.981367, 15.997576], [107.981338, 15.997844], [107.981326, 15.998013], [107.981311, 15.998215], [107.981311, 15.99822], [107.981273, 15.998365], [107.981254, 15.998441], [107.981245, 15.998459], [107.981182, 15.998588], [107.981152, 15.998648], [107.981098, 15.998758], [107.981083, 15.998782], [107.981042, 15.998844], [107.980965, 15.998963], [107.980956, 15.998982], [107.980955, 15.998984], [107.98083, 15.999329], [107.980775, 15.999607], [107.980771, 15.999977], [107.980809, 16.000249], [107.980883, 16.000396], [107.981008, 16.000528], [107.981166, 16.000682], [107.981284, 16.000807], [107.981365, 16.000913], [107.981394, 16.001061], [107.981352, 16.001212], [107.981299, 16.001447], [107.981306, 16.00164], [107.981337, 16.00184], [107.9814, 16.001964], [107.981559, 16.002177], [107.98197, 16.002587], [107.982193, 16.002815], [107.982262, 16.002924], [107.9823, 16.00301], [107.982299, 16.00311], [107.98227, 16.003316], [107.982274, 16.003571], [107.982281, 16.003747], [107.98226, 16.004405], [107.982243, 16.0047], [107.982199, 16.00485], [107.98194, 16.005111], [107.981549, 16.005549], [107.981336, 16.005791], [107.981298, 16.005911], [107.981383, 16.006152], [107.981426, 16.006247], [107.981481, 16.006378], [107.981545, 16.006511], [107.981626, 16.006609], [107.981737, 16.00675], [107.981834, 16.006851], [107.981956, 16.006962], [107.981988, 16.007], [107.982058, 16.00717], [107.982072, 16.007253], [107.982073, 16.007373], [107.982087, 16.007498], [107.98212, 16.007575], [107.982217, 16.007693], [107.982357, 16.007778], [107.982606, 16.007915], [107.982819, 16.008162], [107.982988, 16.008373], [107.983035, 16.008477], [107.983031, 16.008581], [107.983012, 16.008646], [107.98295, 16.008717], [107.982892, 16.008833], [107.982844, 16.009017], [107.982831, 16.009073], [107.98283, 16.009138], [107.982863, 16.009279], [107.982979, 16.009501], [107.983079, 16.009721], [107.983184, 16.010108], [107.983264, 16.010577], [107.983274, 16.010696], [107.983291, 16.010802], [107.983306, 16.010981], [107.98336, 16.011291], [107.983464, 16.011612], [107.98359, 16.01181], [107.983613, 16.011876], [107.983598, 16.011903], [107.983499, 16.011901], [107.982827, 16.011782], [107.981961, 16.011663], [107.981852, 16.011652], [107.98181, 16.01171], [107.981783, 16.011997], [107.981748, 16.012105], [107.981693, 16.012162], [107.981094, 16.012467], [107.980873, 16.012601], [107.98075, 16.012634], [107.980491, 16.012656], [107.980355, 16.012661], [107.980226, 16.01267], [107.979995, 16.012711], [107.979867, 16.01273], [107.979751, 16.012753], [107.979579, 16.012848], [107.979463, 16.012981], [107.979375, 16.013083], [107.979229, 16.013235], [107.979083, 16.013369], [107.978824, 16.013561], [107.978526, 16.013746], [107.978496, 16.013762], [107.97828, 16.013834], [107.978122, 16.013867], [107.977918, 16.013894], [107.977765, 16.013922], [107.977598, 16.014008], [107.977434, 16.01413], [107.9773, 16.014239], [107.977145, 16.014404], [107.97696, 16.014598], [107.976724, 16.014847], [107.976512, 16.015027], [107.976387, 16.015155], [107.976322, 16.015242], [107.976289, 16.015314], [107.976225, 16.015504], [107.976191, 16.015597], [107.976146, 16.015722], [107.976024, 16.015949], [107.975786, 16.016222], [107.975547, 16.016441], [107.975325, 16.016559], [107.975109, 16.01664], [107.974877, 16.016693], [107.9747, 16.016742], [107.974584, 16.016804], [107.974504, 16.016891], [107.974427, 16.017011], [107.974341, 16.0172], [107.97427, 16.01738], [107.974228, 16.017446], [107.973969, 16.017717], [107.973693, 16.01803], [107.973285, 16.018359], [107.973022, 16.018489], [107.97289, 16.018516], [107.972488, 16.01859], [107.972222, 16.01867], [107.97209, 16.018712], [107.971768, 16.018841], [107.971201, 16.0191], [107.970901, 16.019283], [107.970488, 16.019638], [107.970235, 16.019933], [107.970021, 16.020127], [107.969987, 16.020218], [107.969995, 16.020418], [107.970078, 16.020776], [107.970083, 16.020824], [107.970059, 16.021067], [107.970038, 16.021326], [107.970086, 16.021875], [107.970092, 16.022274], [107.970087, 16.022418], [107.970006, 16.022631], [107.969806, 16.022952], [107.969633, 16.023145], [107.969541, 16.023285], [107.969417, 16.023588], [107.969355, 16.023822], [107.969343, 16.023868], [107.969329, 16.024021], [107.969352, 16.024218], [107.969374, 16.024382], [107.969409, 16.024497], [107.969499, 16.024711], [107.969652, 16.02503], [107.969742, 16.02526], [107.969837, 16.025623], [107.969846, 16.025808], [107.969775, 16.026032], [107.969554, 16.026393], [107.969322, 16.026762], [107.96914, 16.027005], [107.968896, 16.027287], [107.968734, 16.027562], [107.968586, 16.027833], [107.968448, 16.028053], [107.968276, 16.028213], [107.968092, 16.028298], [107.967934, 16.028347], [107.967574, 16.028429], [107.967248, 16.028479], [107.966828, 16.028505], [107.966619, 16.028568], [107.966362, 16.028718], [107.965865, 16.029097], [107.965691, 16.029322], [107.965474, 16.02971], [107.96517, 16.030205], [107.964986, 16.030481], [107.964677, 16.030748], [107.964551, 16.030831], [107.964076, 16.031085], [107.963856, 16.031253], [107.963638, 16.031414], [107.96358, 16.031461], [107.96341, 16.031525], [107.963095, 16.03164], [107.96274, 16.031702], [107.962332, 16.0317], [107.962018, 16.031755], [107.961642, 16.031903], [107.961468, 16.032022], [107.961218, 16.032296], [107.961179, 16.032363], [107.961112, 16.032638], [107.96106, 16.032868], [107.960974, 16.033112], [107.960779, 16.033511], [107.960621, 16.033836], [107.96055, 16.034031], [107.960474, 16.034426], [107.960448, 16.03466], [107.96033, 16.035008], [107.960143, 16.035405], [107.959972, 16.035704], [107.959829, 16.035885], [107.959656, 16.035963], [107.959318, 16.03608], [107.958656, 16.036252], [107.958429, 16.036385], [107.958327, 16.036501], [107.95812, 16.036812], [107.958063, 16.036913], [107.957978, 16.037237], [107.95791, 16.037491], [107.957922, 16.037586], [107.957945, 16.037634], [107.958027, 16.037692], [107.95813, 16.037779], [107.958177, 16.037812], [107.95821, 16.037855], [107.958262, 16.0382], [107.958309, 16.038384], [107.958335, 16.0385], [107.958347, 16.038605], [107.958357, 16.038801], [107.95835, 16.03898], [107.958354, 16.039269], [107.958398, 16.039575], [107.958416, 16.039789], [107.95842, 16.039973], [107.958411, 16.040081], [107.958379, 16.040292], [107.958365, 16.040497], [107.95837, 16.04066], [107.9584, 16.04087], [107.958466, 16.04117], [107.958488, 16.041322], [107.958495, 16.041597], [107.958459, 16.041866], [107.95841, 16.042112], [107.958316, 16.042433], [107.958285, 16.042636], [107.958303, 16.042791], [107.95831, 16.042927], [107.958335, 16.043098], [107.958322, 16.043242], [107.958263, 16.043501], [107.958233, 16.043741], [107.958212, 16.044032], [107.958245, 16.044304], [107.958332, 16.044636], [107.958438, 16.044955], [107.958443, 16.045095], [107.958392, 16.045276], [107.958379, 16.045319], [107.958322, 16.045451], [107.958244, 16.045655], [107.958183, 16.045919], [107.958185, 16.046069], [107.95821, 16.046236], [107.958279, 16.046405], [107.95835, 16.046518], [107.958438, 16.046625], [107.958486, 16.046715], [107.958535, 16.046798], [107.958545, 16.046862], [107.958539, 16.046936], [107.958517, 16.047085], [107.958527, 16.047312], [107.95854, 16.047493], [107.958541, 16.047584], [107.958497, 16.047754], [107.958461, 16.048032], [107.958463, 16.048285], [107.958503, 16.048521], [107.958576, 16.048722], [107.958672, 16.04896], [107.958815, 16.049148], [107.958951, 16.049294], [107.959131, 16.04952], [107.959404, 16.049907], [107.959598, 16.050363], [107.959743, 16.050774], [107.959809, 16.050938], [107.959855, 16.051195], [107.959881, 16.051804], [107.95989, 16.0519], [107.959965, 16.052138], [107.960027, 16.052278], [107.96016, 16.052462], [107.960251, 16.052568], [107.960384, 16.052708], [107.960573, 16.052991], [107.960712, 16.053204], [107.960733, 16.053353], [107.960705, 16.053568], [107.960636, 16.053874], [107.960638, 16.054023], [107.960788, 16.054343], [107.960865, 16.054507], [107.960905, 16.054656], [107.960902, 16.054874], [107.96084, 16.055287], [107.960825, 16.055356], [107.960807, 16.055438], [107.960766, 16.055733], [107.960771, 16.055876], [107.960824, 16.056117], [107.960906, 16.056433], [107.960947, 16.056662], [107.960987, 16.056904], [107.961, 16.057145], [107.961029, 16.057393], [107.961071, 16.05753], [107.96113, 16.057792], [107.961174, 16.058033], [107.961211, 16.058251], [107.96125, 16.058576], [107.961293, 16.058996], [107.961349, 16.059249], [107.961438, 16.05957], [107.961508, 16.059752], [107.961563, 16.059979], [107.961576, 16.060208], [107.961551, 16.060461], [107.961437, 16.060774], [107.961224, 16.061102], [107.961015, 16.061367], [107.96089, 16.061574], [107.960829, 16.061781], [107.960791, 16.061937], [107.960772, 16.062082], [107.960798, 16.062388], [107.960808, 16.062732], [107.960819, 16.063114], [107.960815, 16.063383], [107.960807, 16.063442], [107.960808, 16.063643], [107.960856, 16.063871], [107.960864, 16.063907], [107.960944, 16.064157], [107.960969, 16.064188], [107.961088, 16.064366], [107.96111, 16.064374], [107.961154, 16.064388], [107.961184, 16.064401], [107.961345, 16.064469], [107.96145, 16.064497], [107.961642, 16.064547], [107.961859, 16.064634], [107.962022, 16.064702], [107.962219, 16.064791], [107.962309, 16.064838], [107.962409, 16.064909], [107.962473, 16.064977], [107.962531, 16.065014], [107.962636, 16.065032], [107.962746, 16.065017], [107.962878, 16.064966], [107.963118, 16.064882], [107.963369, 16.064762], [107.963578, 16.064709], [107.963801, 16.064678], [107.963813, 16.064676], [107.964291, 16.064647], [107.96443, 16.064631], [107.964576, 16.064537], [107.964741, 16.064454], [107.964929, 16.064424], [107.965143, 16.064424], [107.965281, 16.064484], [107.965385, 16.064582], [107.965578, 16.06481], [107.965644, 16.064907], [107.965748, 16.064972], [107.965897, 16.065023], [107.966043, 16.065049], [107.966275, 16.065005], [107.966421, 16.064984], [107.966658, 16.064998], [107.967247, 16.065098], [107.968204, 16.065295], [107.969071, 16.065445], [107.969442, 16.065461], [107.969937, 16.06553], [107.970167, 16.065532], [107.970401, 16.065524], [107.970513, 16.065499], [107.970635, 16.065413], [107.970766, 16.065273], [107.970998, 16.065102], [107.971218, 16.064937], [107.971372, 16.064815], [107.971669, 16.064675], [107.971849, 16.064663], [107.97222, 16.064679], [107.973076, 16.064749], [107.97346, 16.064803], [107.973787, 16.064894], [107.973915, 16.065021], [107.974102, 16.06527], [107.974213, 16.06544], [107.974344, 16.065601], [107.974469, 16.06568], [107.974616, 16.065762], [107.97483, 16.065845], [107.974995, 16.065847], [107.975274, 16.065827], [107.975832, 16.065797], [107.976306, 16.065748], [107.976685, 16.06568], [107.977318, 16.065667], [107.97792, 16.065651], [107.978076, 16.065683], [107.978268, 16.065771], [107.978547, 16.06607], [107.978769, 16.066258], [107.979042, 16.066479], [107.979279, 16.066645], [107.979529, 16.066833], [107.979851, 16.067063], [107.980151, 16.067266], [107.980291, 16.067367], [107.980406, 16.067485], [107.980616, 16.067618], [107.980705, 16.067643], [107.980888, 16.067657], [107.981321, 16.067683], [107.981427, 16.067688], [107.981664, 16.067665], [107.982485, 16.067513], [107.982921, 16.067452], [107.983248, 16.067481], [107.983567, 16.067551], [107.984141, 16.067727], [107.984396, 16.067785], [107.984743, 16.067814], [107.98495, 16.067806], [107.985127, 16.06773], [107.985259, 16.067644], [107.985381, 16.067547], [107.985508, 16.067478], [107.985666, 16.067455], [107.985775, 16.067465], [107.986011, 16.067562], [107.986169, 16.067696], [107.986543, 16.068114], [107.986731, 16.068326], [107.987012, 16.068588], [107.987181, 16.068662], [107.987617, 16.068723], [107.987915, 16.068809], [107.988109, 16.068898], [107.988272, 16.068934], [107.988581, 16.068902], [107.988778, 16.068859], [107.988939, 16.068838], [107.989146, 16.068844], [107.989503, 16.068875], [107.989644, 16.068909], [107.989731, 16.068946], [107.989843, 16.069014], [107.989905, 16.069032], [107.989977, 16.069029], [107.990247, 16.068934], [107.990546, 16.068739], [107.990864, 16.068565], [107.991117, 16.068437], [107.991353, 16.068328], [107.991695, 16.068126], [107.991825, 16.067938], [107.99202, 16.067758], [107.992205, 16.067712], [107.992477, 16.067779], [107.992615, 16.067818], [107.992966, 16.067927], [107.993289, 16.068009], [107.993503, 16.068083], [107.993793, 16.068309], [107.994061, 16.068637], [107.994243, 16.068817], [107.994534, 16.069051], [107.994776, 16.069173], [107.995103, 16.069318], [107.995436, 16.069493], [107.99567, 16.069605], [107.995865, 16.069735], [107.996105, 16.069932], [107.996398, 16.070048], [107.996765, 16.0701], [107.99781, 16.070224], [107.998221, 16.070276], [107.998992, 16.070421], [107.999453, 16.070464], [108.000087, 16.070423], [108.000547, 16.070436], [108.001282, 16.070659], [108.001407, 16.070729], [108.001483, 16.070915], [108.001552, 16.071224], [108.001615, 16.071424], [108.001706, 16.071576], [108.001811, 16.071664], [108.001816, 16.071668], [108.001816, 16.071669], [108.001818, 16.071672], [108.001845, 16.071712], [108.002026, 16.071908], [108.002397, 16.072245], [108.003054, 16.072579], [108.003449, 16.072753], [108.004113, 16.07303], [108.00448, 16.073226], [108.005078, 16.073576], [108.005525, 16.073734], [108.005899, 16.073958], [108.006044, 16.074265], [108.006206, 16.074642], [108.006364, 16.075292], [108.006405, 16.076051], [108.006355, 16.076676], [108.00631, 16.077114], [108.006241, 16.077494], [108.006141, 16.077732], [108.006086, 16.07802], [108.006074, 16.078192], [108.005966, 16.078889], [108.005864, 16.079499], [108.005846, 16.080058], [108.00584, 16.080367], [108.005882, 16.080868], [108.005976, 16.081562], [108.006148, 16.082104], [108.006263, 16.082382], [108.006349, 16.082653], [108.006351, 16.082847], [108.00631, 16.083041], [108.006372, 16.083234], [108.006607, 16.083567], [108.006889, 16.083903], [108.007061, 16.08417], [108.007065, 16.084421], [108.007046, 16.084658], [108.006889, 16.085061], [108.006757, 16.085687], [108.006528, 16.086206], [108.006237, 16.086561], [108.005764, 16.087134], [108.005534, 16.087663], [108.005466, 16.088063], [108.005538, 16.088399], [108.005707, 16.088819], [108.005936, 16.08926], [108.006178, 16.089544], [108.006667, 16.089936], [108.006954, 16.090167], [108.008309, 16.091337], [108.008451, 16.091449], [108.008669, 16.091536], [108.008923, 16.091562], [108.009182, 16.09154], [108.009355, 16.091544], [108.009579, 16.091636], [108.009697, 16.091712], [108.009841, 16.09183], [108.009924, 16.092002], [108.009944, 16.092085], [108.009975, 16.092126], [108.010168, 16.092207], [108.010559, 16.092321], [108.011205, 16.092545], [108.011666, 16.092613], [108.01188, 16.092595], [108.012086, 16.092449], [108.012245, 16.092217], [108.012303, 16.092109], [108.012413, 16.092007], [108.012597, 16.091933], [108.012768, 16.091967], [108.013109, 16.091947], [108.013441, 16.091871], [108.013947, 16.091725], [108.014282, 16.091608], [108.01459, 16.091486], [108.014834, 16.091328], [108.014991, 16.091249], [108.015508, 16.091104], [108.015838, 16.091018], [108.016139, 16.091037], [108.016461, 16.091085], [108.016933, 16.091241], [108.017183, 16.0914], [108.017408, 16.091602], [108.019249, 16.092733], [108.019787, 16.092997], [108.020059, 16.093056], [108.020639, 16.093162], [108.021361, 16.093496], [108.021759, 16.093686], [108.022204, 16.094029], [108.022461, 16.094307], [108.02261, 16.094405], [108.022782, 16.094618], [108.023002, 16.09515], [108.023128, 16.095311], [108.023498, 16.095592], [108.023855, 16.095687], [108.024093, 16.095693], [108.024312, 16.095781], [108.024531, 16.095902], [108.024797, 16.096204], [108.02512, 16.096606], [108.025248, 16.096693], [108.025519, 16.096846], [108.025759, 16.097029], [108.02612, 16.097347], [108.026383, 16.097572], [108.026818, 16.097953], [108.027239, 16.098284], [108.02765, 16.098558], [108.027972, 16.098725], [108.028218, 16.098858], [108.028532, 16.099026], [108.028804, 16.09933], [108.029069, 16.099713], [108.029418, 16.100231], [108.029744, 16.100671], [108.03009, 16.101046], [108.030744, 16.101625], [108.031209, 16.102005], [108.031608, 16.102372], [108.032135, 16.102881], [108.032639, 16.103411], [108.032857, 16.103601], [108.033293, 16.103997], [108.033751, 16.104348], [108.034351, 16.104799], [108.034666, 16.105038], [108.035015, 16.105097], [108.035477, 16.105227], [108.035775, 16.105294], [108.036147, 16.105411], [108.036498, 16.105549], [108.036779, 16.105634], [108.037118, 16.105796], [108.037332, 16.105951], [108.037533, 16.10612], [108.037734, 16.106375], [108.0381, 16.106723], [108.038371, 16.106939], [108.0385, 16.107028], [108.038512, 16.107034], [108.038727, 16.107162], [108.038865, 16.10724], [108.039338, 16.106266], [108.039699, 16.105521], [108.040543, 16.103853], [108.04053, 16.10365], [108.040445, 16.102934], [108.040484, 16.102605], [108.040613, 16.102185], [108.040859, 16.101704], [108.041113, 16.101318], [108.041382, 16.100764], [108.041629, 16.100313], [108.041807, 16.099845], [108.041905, 16.099371], [108.042119, 16.098861], [108.042304, 16.098428], [108.042808, 16.097447], [108.043066, 16.09696], [108.043063, 16.096739], [108.04291, 16.096395], [108.042857, 16.09618], [108.042857, 16.09581], [108.0429, 16.095361], [108.043162, 16.094313], [108.043243, 16.093941], [108.043237, 16.093529], [108.043248, 16.093081], [108.043192, 16.092616], [108.043269, 16.092018], [108.04335, 16.091658], [108.043434, 16.09149], [108.043569, 16.091398], [108.043907, 16.091316], [108.044293, 16.091131], [108.044501, 16.090955], [108.044501, 16.090955]]]]}, "properties": {"code": "20308", "name": "Bà Nà", "nameEn": "Ba Na", "fullName": "Xã Bà Nà", "fullNameEn": "Ba Na Commune", "codeName": "ba_na", "postalCode": "50818", "postalCodePrefix": "", "gisServerId": "diaphanhanhchinhcapxa_2025.1913", "areaKm2": 136.41, "ward_code": "20308", "source_member": "geojson/48_da_nang/wards/20308_ba_na.geojson", "requires_boat": false, "region": "danang", "search_name": "Đà Nẵng", "grid_km": 5}}, {"type": "Feature", "id": "20314", "bbox": [108.181634, 15.942763, 108.239082, 16.028638], "geometry": {"type": "MultiPolygon", "coordinates": [[[[108.229797, 15.997749], [108.230068, 15.996692], [108.230069, 15.995937], [108.229988, 15.995627], [108.229759, 15.994757], [108.228868, 15.992729], [108.227715, 15.99107], [108.225857, 15.989631], [108.22431, 15.988627], [108.223292, 15.987945], [108.22227, 15.98753], [108.221497, 15.986985], [108.22105, 15.986415], [108.22093, 15.985802], [108.221038, 15.985144], [108.221354, 15.98445], [108.222149, 15.98338], [108.222505, 15.982677], [108.222683, 15.981925], [108.222584, 15.980537], [108.222159, 15.979072], [108.221495, 15.977818], [108.220319, 15.976408], [108.219139, 15.975114], [108.218767, 15.974668], [108.218341, 15.974154], [108.218095, 15.973861], [108.217904, 15.973579], [108.217644, 15.973136], [108.217274, 15.972518], [108.217177, 15.972312], [108.21708, 15.972052], [108.217012, 15.97186], [108.216954, 15.971554], [108.216869, 15.970898], [108.216862, 15.970616], [108.216889, 15.970379], [108.217017, 15.969758], [108.217168, 15.969192], [108.21747, 15.968552], [108.217889, 15.967725], [108.218099, 15.967301], [108.218852, 15.965701], [108.219349, 15.96477], [108.219934, 15.963908], [108.220476, 15.963294], [108.221123, 15.962949], [108.222373, 15.962592], [108.223217, 15.962268], [108.223686, 15.96193], [108.224117, 15.961506], [108.22444, 15.961013], [108.224695, 15.960433], [108.224851, 15.959881], [108.224939, 15.958938], [108.224931, 15.958652], [108.224902, 15.958181], [108.224841, 15.957738], [108.224763, 15.957308], [108.224727, 15.957182], [108.224616, 15.956803], [108.224514, 15.956457], [108.223816, 15.954741], [108.222967, 15.95289], [108.222526, 15.951884], [108.222228, 15.951058], [108.221994, 15.950277], [108.221945, 15.949824], [108.221943, 15.949375], [108.222009, 15.948876], [108.22213, 15.948394], [108.222318, 15.947976], [108.222564, 15.947543], [108.222004, 15.947377], [108.222027, 15.947273], [108.222083, 15.947009], [108.220723, 15.946619], [108.220651, 15.946761], [108.220086, 15.946549], [108.21984, 15.946449], [108.219777, 15.946406], [108.219546, 15.94627], [108.21947, 15.946197], [108.219427, 15.946102], [108.219035, 15.946293], [108.218445, 15.946621], [108.218117, 15.946893], [108.217836, 15.947354], [108.217753, 15.947592], [108.217696, 15.947828], [108.217696, 15.948042], [108.217739, 15.948335], [108.217917, 15.948713], [108.217981, 15.949034], [108.21786, 15.949431], [108.217679, 15.949422], [108.21714, 15.949397], [108.217109, 15.949396], [108.217038, 15.949392], [108.216772, 15.94937], [108.216474, 15.949353], [108.216271, 15.949333], [108.216172, 15.949316], [108.216073, 15.949278], [108.216, 15.949236], [108.216088, 15.948991], [108.216182, 15.948793], [108.216239, 15.948666], [108.216258, 15.948587], [108.216266, 15.948497], [108.216238, 15.948127], [108.216234, 15.947974], [108.21623, 15.947863], [108.216259, 15.947722], [108.216261, 15.947716], [108.216383, 15.947266], [108.216453, 15.947033], [108.216541, 15.946797], [108.216564, 15.946551], [108.216551, 15.946343], [108.216509, 15.946201], [108.216388, 15.946052], [108.21622, 15.945909], [108.215759, 15.945688], [108.215722, 15.945743], [108.215624, 15.945844], [108.215521, 15.945938], [108.215374, 15.945855], [108.215175, 15.945783], [108.215045, 15.945748], [108.214688, 15.945646], [108.214534, 15.945607], [108.214598, 15.945313], [108.214682, 15.944883], [108.214441, 15.944849], [108.214342, 15.944864], [108.214042, 15.944872], [108.214042, 15.944717], [108.214052, 15.944597], [108.214023, 15.944559], [108.213916, 15.944494], [108.213822, 15.944428], [108.213755, 15.944355], [108.213679, 15.944237], [108.213422, 15.944115], [108.213107, 15.943946], [108.212962, 15.943862], [108.212792, 15.943744], [108.21274, 15.943716], [108.212696, 15.943713], [108.212618, 15.943727], [108.212506, 15.943771], [108.212419, 15.943792], [108.212254, 15.943815], [108.212146, 15.943847], [108.212047, 15.943856], [108.211934, 15.943852], [108.211891, 15.943842], [108.211819, 15.943801], [108.211783, 15.94378], [108.211742, 15.943779], [108.211702, 15.943789], [108.211645, 15.943813], [108.211608, 15.943815], [108.211245, 15.943717], [108.211066, 15.943659], [108.210895, 15.943595], [108.210947, 15.943479], [108.211006, 15.943365], [108.211038, 15.943258], [108.211123, 15.943278], [108.211169, 15.943192], [108.210985, 15.943041], [108.210774, 15.942813], [108.21075, 15.942763], [108.210728, 15.942817], [108.210518, 15.943329], [108.210313, 15.943817], [108.210221, 15.943772], [108.209452, 15.945023], [108.209361, 15.944953], [108.209187, 15.945053], [108.208966, 15.945103], [108.208788, 15.94517], [108.208706, 15.945257], [108.208624, 15.945425], [108.208499, 15.945665], [108.208385, 15.945726], [108.208134, 15.945853], [108.207934, 15.945955], [108.20772, 15.946056], [108.207692, 15.94607], [108.206554, 15.946699], [108.205902, 15.946913], [108.205865, 15.947647], [108.205991, 15.948141], [108.205604, 15.948444], [108.205455, 15.948414], [108.205347, 15.948362], [108.205213, 15.948303], [108.205146, 15.9483], [108.204787, 15.948538], [108.204769, 15.948596], [108.204947, 15.949169], [108.205125, 15.950018], [108.205137, 15.950072], [108.205179, 15.950192], [108.205219, 15.950304], [108.205241, 15.95037], [108.205281, 15.950437], [108.205327, 15.95052], [108.205425, 15.950672], [108.205483, 15.950767], [108.205549, 15.950861], [108.205585, 15.950934], [108.205604, 15.950982], [108.205651, 15.951118], [108.204484, 15.951468], [108.204536, 15.951715], [108.204609, 15.952083], [108.204632, 15.95234], [108.204588, 15.952631], [108.204764, 15.952814], [108.204933, 15.953138], [108.204961, 15.953246], [108.204946, 15.953482], [108.204939, 15.953722], [108.204983, 15.953915], [108.205086, 15.954114], [108.205339, 15.954437], [108.205512, 15.954696], [108.205402, 15.954808], [108.205263, 15.955007], [108.205146, 15.955209], [108.20507, 15.955282], [108.204886, 15.955377], [108.204813, 15.955456], [108.204586, 15.955746], [108.20436, 15.955993], [108.204274, 15.956091], [108.204211, 15.956139], [108.203683, 15.956489], [108.203105, 15.95697], [108.203594, 15.957446], [108.204004, 15.957825], [108.204358, 15.958349], [108.204638, 15.959043], [108.204945, 15.959893], [108.20507, 15.960369], [108.205093, 15.960703], [108.205073, 15.961145], [108.205033, 15.961584], [108.204925, 15.962132], [108.204899, 15.962234], [108.204809, 15.96237], [108.20459, 15.9626], [108.204353, 15.962825], [108.204179, 15.962965], [108.20386, 15.963113], [108.203336, 15.96333], [108.203021, 15.963543], [108.20274, 15.963906], [108.202709, 15.963899], [108.201367, 15.963629], [108.200468, 15.963502], [108.200219, 15.96355], [108.200078, 15.963574], [108.199976, 15.963501], [108.199797, 15.963432], [108.199403, 15.963329], [108.199057, 15.963232], [108.198649, 15.963126], [108.198247, 15.963032], [108.197811, 15.962958], [108.197805, 15.963019], [108.197802, 15.963041], [108.197797, 15.963058], [108.197778, 15.963087], [108.197773, 15.963096], [108.197772, 15.963108], [108.197769, 15.963122], [108.197772, 15.963139], [108.197786, 15.96318], [108.197792, 15.963203], [108.197793, 15.963238], [108.197789, 15.963241], [108.197782, 15.963251], [108.197779, 15.963252], [108.197764, 15.963256], [108.197751, 15.963264], [108.197738, 15.963279], [108.197694, 15.963478], [108.197677, 15.96352], [108.197649, 15.963547], [108.197586, 15.963577], [108.197543, 15.963591], [108.19752, 15.963617], [108.197493, 15.963663], [108.197445, 15.963715], [108.197431, 15.96387], [108.197416, 15.964121], [108.19739, 15.96439], [108.197372, 15.964479], [108.197106, 15.964425], [108.196933, 15.964409], [108.196892, 15.964381], [108.196736, 15.964349], [108.19656, 15.964328], [108.196306, 15.9643], [108.196092, 15.964257], [108.195894, 15.964198], [108.195521, 15.964184], [108.195233, 15.964198], [108.195119, 15.963911], [108.195063, 15.963644], [108.195058, 15.963444], [108.195143, 15.962888], [108.19463, 15.962822], [108.194573, 15.962787], [108.19451, 15.962692], [108.194438, 15.962652], [108.194215, 15.962649], [108.194067, 15.962665], [108.193974, 15.962721], [108.193902, 15.962799], [108.193811, 15.96286], [108.193573, 15.962945], [108.193206, 15.962961], [108.192773, 15.962957], [108.192281, 15.963036], [108.191852, 15.963078], [108.191527, 15.963119], [108.191441, 15.962766], [108.191266, 15.961967], [108.189726, 15.962142], [108.189099, 15.962476], [108.188724, 15.962157], [108.188416, 15.96178], [108.188183, 15.961962], [108.188076, 15.962014], [108.187496, 15.962119], [108.187496, 15.962119], [108.187381, 15.962136], [108.1871, 15.962177], [108.186753, 15.962188], [108.186469, 15.962189], [108.186316, 15.962871], [108.186336, 15.963052], [108.186535, 15.963281], [108.186987, 15.963733], [108.186777, 15.963872], [108.186929, 15.964152], [108.186921, 15.964342], [108.186511, 15.964475], [108.186172, 15.96452], [108.186242, 15.964822], [108.186376, 15.965293], [108.186406, 15.965523], [108.186376, 15.965544], [108.18625, 15.96556], [108.186105, 15.965598], [108.185864, 15.965641], [108.185675, 15.965649], [108.185493, 15.965633], [108.185279, 15.965597], [108.185079, 15.965559], [108.184869, 15.965503], [108.184698, 15.965504], [108.184643, 15.965506], [108.184632, 15.965592], [108.18419, 15.9655], [108.183245, 15.965278], [108.182651, 15.965179], [108.182347, 15.965167], [108.182004, 15.965191], [108.181634, 15.965255], [108.18172, 15.965619], [108.181813, 15.966004], [108.181837, 15.9661], [108.181879, 15.966268], [108.181901, 15.966356], [108.181984, 15.966716], [108.182027, 15.96691], [108.18207, 15.967105], [108.182133, 15.967398], [108.182213, 15.967723], [108.182257, 15.967907], [108.182275, 15.967985], [108.182325, 15.968216], [108.182386, 15.968483], [108.182415, 15.968606], [108.182448, 15.968751], [108.182461, 15.968806], [108.182506, 15.969006], [108.182542, 15.969139], [108.182556, 15.9692], [108.182587, 15.969334], [108.182657, 15.969573], [108.182686, 15.96972], [108.182731, 15.969948], [108.182767, 15.970105], [108.182841, 15.970427], [108.1829, 15.970683], [108.182952, 15.9709], [108.182955, 15.970915], [108.183001, 15.971138], [108.183065, 15.971404], [108.183076, 15.971449], [108.183131, 15.971677], [108.183141, 15.971717], [108.183205, 15.972006], [108.183267, 15.972251], [108.183306, 15.972412], [108.183328, 15.972505], [108.183333, 15.972526], [108.183388, 15.972787], [108.183413, 15.972886], [108.183454, 15.973084], [108.183471, 15.973154], [108.183243, 15.973182], [108.183408, 15.973985], [108.183473, 15.97401], [108.183518, 15.974057], [108.183537, 15.97416], [108.183711, 15.974185], [108.183733, 15.974276], [108.183792, 15.974503], [108.183837, 15.974667], [108.183973, 15.975082], [108.184039, 15.975266], [108.184107, 15.975434], [108.18412, 15.975471], [108.183449, 15.975668], [108.183562, 15.975774], [108.183638, 15.975832], [108.183788, 15.975918], [108.183856, 15.975946], [108.184079, 15.976036], [108.184116, 15.97605], [108.184179, 15.976074], [108.184432, 15.976704], [108.184003, 15.976855], [108.183926, 15.976959], [108.183908, 15.977001], [108.183902, 15.977031], [108.183904, 15.97706], [108.183908, 15.977082], [108.183934, 15.977155], [108.18401, 15.977376], [108.184037, 15.977508], [108.184035, 15.977539], [108.18403, 15.977565], [108.184, 15.977627], [108.183945, 15.977739], [108.183918, 15.977806], [108.183907, 15.977866], [108.183903, 15.977903], [108.183907, 15.977922], [108.183929, 15.97795], [108.183971, 15.977977], [108.184013, 15.978011], [108.184026, 15.978032], [108.184033, 15.978061], [108.184048, 15.978142], [108.184057, 15.978185], [108.184063, 15.978196], [108.18408, 15.978202], [108.184106, 15.978204], [108.184356, 15.9782], [108.184364, 15.978319], [108.184373, 15.978447], [108.184384, 15.978475], [108.1844, 15.978497], [108.18442, 15.978513], [108.184447, 15.978519], [108.184634, 15.978507], [108.184687, 15.978513], [108.184703, 15.978529], [108.184715, 15.978558], [108.184726, 15.978626], [108.184743, 15.978724], [108.184714, 15.978841], [108.184672, 15.978938], [108.184647, 15.979035], [108.18467, 15.979336], [108.184716, 15.97941], [108.18475, 15.979471], [108.184755, 15.979542], [108.184703, 15.979658], [108.184604, 15.979805], [108.184492, 15.979902], [108.184306, 15.979996], [108.184401, 15.98025], [108.184719, 15.980037], [108.184992, 15.980487], [108.185139, 15.98038], [108.185297, 15.98062], [108.185545, 15.980527], [108.185809, 15.981435], [108.18586, 15.981669], [108.185477, 15.981868], [108.185147, 15.982025], [108.185689, 15.983222], [108.185789, 15.983202], [108.185821, 15.983219], [108.186015, 15.983779], [108.186056, 15.983841], [108.186118, 15.983883], [108.186148, 15.983909], [108.186154, 15.983959], [108.186146, 15.984033], [108.186106, 15.984165], [108.186031, 15.984335], [108.186006, 15.984393], [108.18599, 15.984481], [108.185955, 15.984508], [108.185909, 15.984515], [108.185798, 15.984515], [108.185751, 15.984536], [108.185603, 15.984627], [108.185533, 15.984658], [108.185484, 15.984706], [108.185464, 15.984749], [108.185452, 15.98478], [108.185455, 15.984876], [108.185434, 15.984925], [108.185388, 15.985008], [108.185249, 15.985207], [108.184887, 15.9854], [108.184072, 15.985814], [108.183863, 15.985957], [108.184021, 15.985987], [108.18407, 15.986016], [108.184124, 15.986046], [108.184172, 15.986104], [108.184181, 15.986145], [108.184161, 15.986169], [108.184094, 15.986201], [108.184025, 15.986236], [108.183975, 15.986281], [108.183954, 15.986333], [108.183953, 15.986414], [108.183965, 15.986582], [108.183964, 15.986706], [108.18393, 15.986806], [108.18389, 15.986997], [108.183899, 15.98716], [108.1839, 15.987183], [108.183928, 15.987329], [108.183973, 15.987432], [108.184054, 15.987515], [108.184142, 15.987561], [108.184196, 15.987569], [108.18429, 15.987542], [108.184347, 15.98754], [108.184423, 15.987575], [108.184503, 15.987671], [108.184527, 15.987755], [108.18455, 15.987873], [108.184606, 15.987966], [108.184693, 15.988082], [108.184738, 15.988195], [108.184742, 15.988265], [108.184688, 15.988419], [108.1846, 15.988559], [108.1845, 15.988644], [108.184392, 15.988733], [108.184326, 15.988866], [108.184264, 15.989061], [108.184256, 15.989104], [108.184203, 15.989369], [108.184165, 15.989531], [108.184117, 15.989648], [108.184058, 15.989871], [108.184018, 15.990147], [108.184004, 15.990343], [108.183982, 15.990582], [108.183932, 15.990874], [108.183913, 15.990924], [108.183881, 15.990947], [108.183846, 15.990942], [108.183789, 15.990914], [108.183747, 15.990904], [108.183679, 15.990903], [108.183574, 15.99092], [108.183433, 15.990967], [108.183275, 15.991044], [108.183115, 15.991147], [108.183063, 15.991192], [108.183038, 15.991225], [108.183033, 15.991265], [108.183043, 15.991321], [108.183073, 15.991364], [108.183143, 15.99142], [108.183223, 15.991479], [108.183267, 15.99153], [108.18334, 15.991661], [108.183444, 15.99187], [108.183516, 15.992049], [108.183575, 15.992292], [108.183662, 15.992609], [108.183753, 15.992766], [108.183844, 15.992892], [108.18421, 15.993723], [108.184781, 15.993866], [108.185255, 15.994156], [108.185815, 15.994563], [108.186382, 15.995137], [108.18592, 15.995506], [108.185599, 15.995759], [108.185241, 15.996079], [108.184883, 15.996049], [108.18466, 15.996011], [108.184409, 15.995807], [108.184204, 15.996109], [108.183957, 15.996129], [108.183789, 15.996612], [108.183607, 15.997236], [108.183499, 15.997408], [108.183383, 15.997526], [108.183385, 15.997631], [108.183418, 15.997758], [108.183525, 15.997909], [108.18366, 15.998042], [108.183977, 15.998207], [108.184588, 15.998347], [108.18493, 15.998342], [108.185065, 15.99785], [108.18575, 15.998034], [108.186344, 15.998184], [108.186595, 15.998254], [108.186691, 15.998284], [108.187429, 15.998451], [108.187526, 15.998589], [108.187588, 15.998752], [108.18764, 15.998709], [108.187738, 15.998643], [108.187738, 15.998643], [108.187786, 15.99861], [108.187788, 15.99861], [108.187892, 15.998523], [108.188019, 15.998366], [108.188494, 15.997953], [108.188894, 15.998413], [108.189217, 15.99868], [108.189749, 15.998975], [108.189779, 15.998986], [108.190333, 15.999182], [108.191022, 15.999446], [108.191225, 15.999524], [108.192398, 15.999926], [108.193103, 16.000071], [108.193526, 16.000217], [108.193817, 16.000314], [108.194503, 16.000542], [108.194542, 16.000555], [108.195237, 16.000787], [108.195838, 16.000987], [108.197599, 16.001689], [108.199205, 16.002581], [108.200233, 16.003285], [108.2003, 16.003331], [108.201117, 16.004207], [108.201287, 16.00439], [108.201715, 16.004806], [108.20212, 16.005092], [108.202715, 16.005413], [108.203117, 16.005618], [108.204368, 16.006258], [108.204993, 16.006674], [108.206498, 16.007804], [108.207168, 16.008324], [108.207168, 16.008325], [108.207172, 16.008328], [108.207172, 16.008328], [108.207507, 16.00862], [108.208524, 16.009547], [108.210393, 16.011461], [108.211982, 16.013356], [108.213218, 16.015018], [108.213697, 16.015688], [108.214814, 16.016953], [108.216525, 16.018362], [108.216932, 16.018669], [108.217838, 16.019352], [108.219504, 16.020627], [108.220713, 16.021636], [108.221464, 16.02255], [108.221664, 16.022866], [108.221867, 16.023187], [108.222503, 16.023901], [108.222666, 16.024058], [108.222686, 16.024082], [108.222777, 16.024193], [108.222863, 16.024309], [108.222925, 16.024389], [108.222958, 16.024425], [108.222971, 16.024438], [108.222988, 16.024457], [108.223033, 16.024514], [108.223109, 16.024606], [108.223195, 16.024697], [108.223281, 16.024787], [108.223362, 16.02488], [108.22342, 16.024942], [108.223465, 16.024981], [108.223522, 16.025036], [108.223594, 16.025111], [108.223653, 16.02517], [108.223714, 16.025229], [108.2238, 16.02531], [108.223924, 16.025398], [108.224103, 16.025511], [108.224301, 16.025653], [108.224508, 16.025803], [108.224635, 16.02589], [108.224812, 16.026051], [108.226042, 16.026841], [108.227058, 16.027466], [108.228521, 16.02802], [108.231209, 16.028413], [108.231832, 16.02853], [108.232405, 16.028638], [108.232546, 16.028507], [108.238372, 16.023087], [108.238737, 16.022602], [108.239082, 16.021746], [108.239077, 16.02095], [108.239076, 16.020619], [108.239068, 16.020583], [108.239063, 16.020562], [108.239008, 16.020291], [108.23897, 16.020024], [108.238564, 16.019028], [108.23796, 16.018052], [108.236692, 16.016773], [108.236491, 16.01657], [108.23562, 16.015688], [108.234751, 16.014689], [108.234353, 16.014211], [108.234251, 16.014089], [108.234233, 16.014065], [108.233831, 16.013532], [108.233788, 16.013471], [108.233731, 16.013389], [108.233678, 16.01331], [108.233629, 16.013235], [108.233585, 16.013156], [108.23354, 16.013066], [108.233493, 16.012968], [108.233445, 16.012865], [108.233393, 16.01275], [108.233341, 16.012631], [108.233295, 16.012528], [108.233249, 16.012424], [108.233199, 16.012301], [108.233153, 16.012178], [108.233113, 16.012062], [108.233077, 16.011949], [108.233044, 16.011839], [108.233011, 16.011726], [108.232975, 16.01161], [108.232943, 16.011502], [108.232913, 16.011395], [108.232881, 16.011281], [108.232853, 16.011177], [108.23283, 16.011082], [108.232809, 16.010989], [108.232788, 16.010899], [108.232772, 16.01082], [108.232759, 16.010756], [108.232744, 16.010682], [108.232725, 16.010597], [108.232711, 16.010538], [108.232704, 16.010507], [108.232699, 16.01048], [108.232694, 16.010448], [108.232686, 16.010398], [108.232671, 16.010311], [108.232651, 16.010201], [108.232637, 16.010109], [108.232631, 16.010043], [108.232626, 16.009978], [108.232618, 16.009912], [108.232614, 16.009867], [108.232612, 16.009841], [108.232611, 16.009815], [108.232606, 16.00977], [108.232597, 16.009697], [108.232586, 16.009616], [108.232576, 16.009539], [108.23257, 16.009468], [108.232564, 16.009399], [108.232557, 16.009331], [108.232552, 16.009266], [108.232547, 16.009202], [108.232542, 16.009135], [108.232535, 16.009075], [108.232529, 16.009018], [108.232523, 16.008962], [108.232518, 16.008917], [108.232512, 16.008885], [108.232508, 16.008848], [108.232505, 16.008792], [108.232505, 16.008783], [108.232515, 16.008576], [108.232516, 16.008569], [108.232521, 16.00851], [108.23253, 16.008429], [108.232543, 16.008333], [108.232553, 16.008258], [108.232561, 16.008209], [108.232569, 16.008166], [108.232576, 16.008117], [108.232587, 16.008043], [108.2326, 16.007943], [108.232609, 16.007855], [108.232615, 16.007787], [108.23262, 16.007725], [108.232625, 16.007667], [108.232628, 16.00762], [108.23263, 16.007592], [108.23263, 16.007569], [108.232631, 16.007534], [108.232634, 16.00749], [108.232636, 16.007452], [108.232639, 16.007422], [108.232642, 16.007387], [108.232644, 16.007346], [108.232646, 16.007311], [108.232647, 16.007275], [108.232649, 16.007229], [108.232648, 16.007184], [108.232646, 16.007144], [108.232644, 16.007105], [108.232641, 16.007065], [108.232637, 16.007019], [108.232634, 16.006966], [108.23263, 16.006909], [108.232625, 16.006847], [108.232618, 16.006781], [108.232611, 16.006714], [108.232603, 16.006648], [108.232594, 16.006584], [108.23258, 16.006515], [108.232564, 16.006442], [108.23255, 16.006387], [108.232541, 16.00635], [108.232529, 16.006303], [108.232511, 16.006234], [108.232491, 16.006166], [108.232471, 16.0061], [108.232448, 16.006024], [108.232423, 16.005943], [108.232398, 16.005866], [108.232375, 16.005797], [108.232349, 16.005732], [108.232316, 16.00566], [108.232303, 16.005633], [108.232272, 16.005572], [108.23222, 16.005474], [108.232168, 16.005376], [108.232123, 16.005291], [108.232088, 16.005228], [108.232061, 16.00518], [108.232033, 16.005131], [108.232, 16.005075], [108.231966, 16.005016], [108.231961, 16.005008], [108.231932, 16.004955], [108.231904, 16.004901], [108.231881, 16.004856], [108.231857, 16.004812], [108.231831, 16.004766], [108.23181, 16.004727], [108.231794, 16.004698], [108.231782, 16.004674], [108.231774, 16.004655], [108.231658, 16.004469], [108.231442, 16.004168], [108.231308, 16.003982], [108.231265, 16.003922], [108.230933, 16.003558], [108.230528, 16.003113], [108.22979, 16.002292], [108.229171, 16.001197], [108.22906, 16.000628], [108.229026, 16.000455], [108.229067, 16.000035], [108.229174, 15.999433], [108.229388, 15.998982], [108.229391, 15.998975], [108.229797, 15.997749], [108.229797, 15.997749]]]]}, "properties": {"code": "20314", "name": "Hoà Xuân", "nameEn": "Hoa Xuan", "fullName": "Phường Hoà Xuân", "fullNameEn": "Hoa Xuan Ward", "codeName": "hoa_xuan", "postalCode": "50707", "postalCodePrefix": "", "gisServerId": "diaphanhanhchinhcapxa_2025.1903", "areaKm2": 27.96, "ward_code": "20314", "source_member": "geojson/48_da_nang/wards/20314_hoa_xuan.geojson", "requires_boat": false, "region": "danang", "search_name": "Đà Nẵng", "grid_km": 2}}, {"type": "Feature", "id": "20320", "bbox": [107.949139, 15.918041, 108.164362, 16.022662], "geometry": {"type": "MultiPolygon", "coordinates": [[[[108.070227, 16.021772], [108.070234, 16.021545], [108.070246, 16.021325], [108.070234, 16.021225], [108.070176, 16.021156], [108.070174, 16.021154], [108.070162, 16.021149], [108.070153, 16.021146], [108.070125, 16.021131], [108.070094, 16.021117], [108.070063, 16.021099], [108.070041, 16.021072], [108.070021, 16.021042], [108.069996, 16.021012], [108.069969, 16.020978], [108.069943, 16.020942], [108.069919, 16.020907], [108.069898, 16.020878], [108.069884, 16.020848], [108.069877, 16.020795], [108.069878, 16.020711], [108.069883, 16.020628], [108.06989, 16.020576], [108.069931, 16.020451], [108.069973, 16.020323], [108.070099, 16.020109], [108.070333, 16.019748], [108.070568, 16.019477], [108.070655, 16.019376], [108.070695, 16.01931], [108.070733, 16.019246], [108.070767, 16.019192], [108.070771, 16.019186], [108.070791, 16.019156], [108.070806, 16.019134], [108.070813, 16.019123], [108.07082, 16.019114], [108.070833, 16.019096], [108.070853, 16.019069], [108.0711, 16.018707], [108.071184, 16.01859], [108.07133, 16.018496], [108.071531, 16.018409], [108.07178, 16.018358], [108.071914, 16.018319], [108.071932, 16.018314], [108.072004, 16.018282], [108.072012, 16.018278], [108.072175, 16.018276], [108.072308, 16.018295], [108.07246, 16.018296], [108.072522, 16.018313], [108.072602, 16.018348], [108.072661, 16.018341], [108.072716, 16.018319], [108.072812, 16.018321], [108.072996, 16.018407], [108.075177, 16.01868], [108.07509, 16.018192], [108.074023, 16.01148], [108.073522, 16.011029], [108.073315, 16.010429], [108.073152, 16.010069], [108.072971, 16.009851], [108.072511, 16.009514], [108.072151, 16.009371], [108.072134, 16.009364], [108.072111, 16.009354], [108.072083, 16.009343], [108.072044, 16.009328], [108.071994, 16.009311], [108.071937, 16.009292], [108.071876, 16.009274], [108.071813, 16.009256], [108.071747, 16.009239], [108.071681, 16.009224], [108.071619, 16.00921], [108.071563, 16.009197], [108.07151, 16.009185], [108.071459, 16.009172], [108.071407, 16.009158], [108.07135, 16.009143], [108.071289, 16.00913], [108.071231, 16.009119], [108.071177, 16.009111], [108.071127, 16.009104], [108.071077, 16.009097], [108.071027, 16.009089], [108.070983, 16.009081], [108.070945, 16.009071], [108.070914, 16.00906], [108.070886, 16.009048], [108.07086, 16.009034], [108.070836, 16.009018], [108.070812, 16.008999], [108.070789, 16.008979], [108.070767, 16.008958], [108.070747, 16.008934], [108.070727, 16.008907], [108.070709, 16.008878], [108.070695, 16.008847], [108.070687, 16.008815], [108.070684, 16.008782], [108.070685, 16.008747], [108.07069, 16.008708], [108.070697, 16.008667], [108.070708, 16.008626], [108.070723, 16.008584], [108.070744, 16.008539], [108.07077, 16.008492], [108.070799, 16.008444], [108.070829, 16.008396], [108.070856, 16.008346], [108.070879, 16.008298], [108.070895, 16.008253], [108.070907, 16.008214], [108.070919, 16.008181], [108.070929, 16.008151], [108.070934, 16.008126], [108.070933, 16.008104], [108.070929, 16.00808], [108.070922, 16.008051], [108.070915, 16.008019], [108.070909, 16.007983], [108.070903, 16.007943], [108.070896, 16.007903], [108.070888, 16.007864], [108.070878, 16.007824], [108.070866, 16.00778], [108.070852, 16.007735], [108.070839, 16.007692], [108.070827, 16.007655], [108.070817, 16.007621], [108.07081, 16.007588], [108.070805, 16.007556], [108.070802, 16.007522], [108.070799, 16.007487], [108.070796, 16.007451], [108.070793, 16.007413], [108.070791, 16.007374], [108.070788, 16.007335], [108.070786, 16.007296], [108.070782, 16.007261], [108.070778, 16.007229], [108.070774, 16.007195], [108.070768, 16.00716], [108.070763, 16.007129], [108.070756, 16.0071], [108.070748, 16.007064], [108.070739, 16.007016], [108.070734, 16.00696], [108.070734, 16.006903], [108.070739, 16.006851], [108.070749, 16.006804], [108.070763, 16.006759], [108.070779, 16.006714], [108.070799, 16.006665], [108.070824, 16.006609], [108.070853, 16.006549], [108.070883, 16.006486], [108.070914, 16.006421], [108.070947, 16.006353], [108.070981, 16.006286], [108.071016, 16.006221], [108.071052, 16.006159], [108.071086, 16.006103], [108.071119, 16.006054], [108.07115, 16.006012], [108.071181, 16.005976], [108.071214, 16.005942], [108.071249, 16.00591], [108.071286, 16.005879], [108.071324, 16.005852], [108.071361, 16.005829], [108.071397, 16.005809], [108.071434, 16.005792], [108.071472, 16.005777], [108.07151, 16.005766], [108.071549, 16.005757], [108.071588, 16.005751], [108.071626, 16.005748], [108.071663, 16.005745], [108.071699, 16.005744], [108.071735, 16.005745], [108.071772, 16.005747], [108.07181, 16.005751], [108.071849, 16.005757], [108.071888, 16.005766], [108.071927, 16.005774], [108.071964, 16.005778], [108.071999, 16.00578], [108.072032, 16.005781], [108.072063, 16.005783], [108.072075, 16.005785], [108.072092, 16.005787], [108.072119, 16.005788], [108.072145, 16.005787], [108.072171, 16.005781], [108.072196, 16.005773], [108.07222, 16.005761], [108.072243, 16.005748], [108.072268, 16.005734], [108.0723, 16.00572], [108.072333, 16.005707], [108.072351, 16.005701], [108.072361, 16.005698], [108.072389, 16.005694], [108.072421, 16.005691], [108.072455, 16.005687], [108.072493, 16.00568], [108.072531, 16.005671], [108.07257, 16.005663], [108.072607, 16.005658], [108.072642, 16.005655], [108.072677, 16.005653], [108.072711, 16.005651], [108.072744, 16.005648], [108.072777, 16.005644], [108.072809, 16.005641], [108.072841, 16.005638], [108.072872, 16.005636], [108.072904, 16.005637], [108.072941, 16.005642], [108.072985, 16.005655], [108.073035, 16.005674], [108.073088, 16.005696], [108.073137, 16.005717], [108.073178, 16.005737], [108.073211, 16.005752], [108.073237, 16.005764], [108.073259, 16.005774], [108.073282, 16.005783], [108.073306, 16.005792], [108.073333, 16.005798], [108.073334, 16.005798], [108.073361, 16.005802], [108.073392, 16.005803], [108.073427, 16.0058], [108.073465, 16.005793], [108.073502, 16.005783], [108.073539, 16.005771], [108.073577, 16.005754], [108.073613, 16.005734], [108.073647, 16.00571], [108.073678, 16.005685], [108.073705, 16.005662], [108.073707, 16.00566], [108.073735, 16.005634], [108.073764, 16.005609], [108.073794, 16.005584], [108.073826, 16.005561], [108.073855, 16.005542], [108.073882, 16.005525], [108.073883, 16.005525], [108.073911, 16.005509], [108.073947, 16.005491], [108.073973, 16.005478], [108.073987, 16.005472], [108.074029, 16.005455], [108.074073, 16.00544], [108.074121, 16.005426], [108.074176, 16.005413], [108.074237, 16.0054], [108.074257, 16.005396], [108.074302, 16.005387], [108.074371, 16.005375], [108.074446, 16.005362], [108.07448, 16.005357], [108.074522, 16.00535], [108.074593, 16.005336], [108.074658, 16.00532], [108.074717, 16.005301], [108.074767, 16.005279], [108.074775, 16.005274], [108.074807, 16.005254], [108.074822, 16.005241], [108.074839, 16.005227], [108.074866, 16.005195], [108.074892, 16.005154], [108.074921, 16.005096], [108.074953, 16.005022], [108.074986, 16.004936], [108.075018, 16.004844], [108.075046, 16.004757], [108.075068, 16.00468], [108.075083, 16.004617], [108.075093, 16.004564], [108.075099, 16.004515], [108.075104, 16.004468], [108.075105, 16.004419], [108.075104, 16.004398], [108.075102, 16.004371], [108.075094, 16.004326], [108.075083, 16.004282], [108.075079, 16.004267], [108.075072, 16.004241], [108.075072, 16.004241], [108.075062, 16.004202], [108.075052, 16.004164], [108.075041, 16.004125], [108.07503, 16.004094], [108.075004, 16.004038], [108.075001, 16.004032], [108.074991, 16.004011], [108.07498, 16.003982], [108.074971, 16.003961], [108.074967, 16.003937], [108.074963, 16.003907], [108.074959, 16.003873], [108.074955, 16.003837], [108.074953, 16.003819], [108.074954, 16.003812], [108.074954, 16.003806], [108.074956, 16.003793], [108.074958, 16.003778], [108.074959, 16.00375], [108.074957, 16.003711], [108.074954, 16.003682], [108.074951, 16.003662], [108.074944, 16.003638], [108.074933, 16.003608], [108.074923, 16.003582], [108.074911, 16.003556], [108.074898, 16.003526], [108.074886, 16.003501], [108.074873, 16.00348], [108.074858, 16.003457], [108.074846, 16.003438], [108.074835, 16.003421], [108.074821, 16.0034], [108.074799, 16.003374], [108.074772, 16.00335], [108.074749, 16.003332], [108.074725, 16.003315], [108.074704, 16.003301], [108.074684, 16.003288], [108.074669, 16.003279], [108.074658, 16.003273], [108.074626, 16.003261], [108.074624, 16.003261], [108.074605, 16.003254], [108.074599, 16.003252], [108.07456, 16.003235], [108.074547, 16.003225], [108.074535, 16.003212], [108.074518, 16.003195], [108.074501, 16.003176], [108.07448, 16.003151], [108.074458, 16.003122], [108.074435, 16.003091], [108.074409, 16.003057], [108.074382, 16.003016], [108.07437, 16.002992], [108.074361, 16.002971], [108.074343, 16.00292], [108.07433, 16.00286], [108.074328, 16.002803], [108.074327, 16.002759], [108.074323, 16.002724], [108.07432, 16.0027], [108.074318, 16.002682], [108.074313, 16.002659], [108.074305, 16.002627], [108.0743, 16.002601], [108.074297, 16.002579], [108.074295, 16.002549], [108.074294, 16.002513], [108.074297, 16.002477], [108.074303, 16.002449], [108.07431, 16.002424], [108.074318, 16.0024], [108.074322, 16.002375], [108.074317, 16.002348], [108.0743, 16.002319], [108.074294, 16.00231], [108.074383, 16.002108], [108.074409, 16.002061], [108.074434, 16.002049], [108.07455, 16.001968], [108.074701, 16.001787], [108.074804, 16.001581], [108.074837, 16.001366], [108.074842, 16.001234], [108.074842, 16.001233], [108.0748, 16.001104], [108.074819, 16.000863], [108.074844, 16.0008], [108.074871, 16.000734], [108.074907, 16.000657], [108.074962, 16.000554], [108.075026, 16.000433], [108.075083, 16.000325], [108.075134, 16.000224], [108.075183, 16.000117], [108.075218, 16.000032], [108.075238, 15.999971], [108.075254, 15.999918], [108.075282, 15.999855], [108.075318, 15.999781], [108.07535, 15.999726], [108.075379, 15.999689], [108.075413, 15.999639], [108.075452, 15.999574], [108.075482, 15.999528], [108.075501, 15.999502], [108.075518, 15.999478], [108.075535, 15.999448], [108.07556, 15.999406], [108.075592, 15.999355], [108.075621, 15.999308], [108.075653, 15.999261], [108.07569, 15.999213], [108.075724, 15.999173], [108.075752, 15.999146], [108.075782, 15.999122], [108.075808, 15.999101], [108.075827, 15.999082], [108.07585, 15.999065], [108.075924, 15.999044], [108.07593, 15.999041], [108.076008, 15.99898], [108.076013, 15.998976], [108.076063, 15.998922], [108.07616, 15.998884], [108.076312, 15.998875], [108.076427, 15.998905], [108.076494, 15.998976], [108.076496, 15.99898], [108.076528, 15.999031], [108.076568, 15.999222], [108.076594, 15.999329], [108.076676, 15.999411], [108.076818, 15.999439], [108.077065, 15.999429], [108.077642, 15.99938], [108.07766, 15.999385], [108.077688, 15.999385], [108.077724, 15.999384], [108.077777, 15.999382], [108.077825, 15.999381], [108.077869, 15.999379], [108.077916, 15.999376], [108.077962, 15.999371], [108.078015, 15.999363], [108.078078, 15.999352], [108.078138, 15.999341], [108.078197, 15.999331], [108.078261, 15.999321], [108.07832, 15.999313], [108.07837, 15.99931], [108.078403, 15.999311], [108.078405, 15.999311], [108.078481, 15.999308], [108.078525, 15.999317], [108.078568, 15.999329], [108.078571, 15.99933], [108.078577, 15.999332], [108.078639, 15.999356], [108.078655, 15.999364], [108.078687, 15.999378], [108.078724, 15.999398], [108.078757, 15.999412], [108.078812, 15.999463], [108.078816, 15.999467], [108.078947, 15.999622], [108.078952, 15.999628], [108.078961, 15.999644], [108.078961, 15.999645], [108.078989, 15.99969], [108.07902, 15.99974], [108.07905, 15.999789], [108.079078, 15.999836], [108.079105, 15.999879], [108.079132, 15.99992], [108.079137, 15.999927], [108.079152, 15.999949], [108.079196, 16.000008], [108.079262, 16.000048], [108.079274, 16.000055], [108.079311, 16.000076], [108.079367, 16.000104], [108.079429, 16.000132], [108.079495, 16.000161], [108.079567, 16.000191], [108.079646, 16.000226], [108.079728, 16.000263], [108.07981, 16.000299], [108.079885, 16.000332], [108.079965, 16.000371], [108.080055, 16.00042], [108.080134, 16.000466], [108.080151, 16.000476], [108.080211, 16.000515], [108.080308, 16.000575], [108.080424, 16.000642], [108.080539, 16.000705], [108.08065, 16.00076], [108.080757, 16.000811], [108.08087, 16.000859], [108.080992, 16.000906], [108.08111, 16.000946], [108.08122, 16.000977], [108.081325, 16.001002], [108.081424, 16.001025], [108.081433, 16.001028], [108.081444, 16.001031], [108.081453, 16.001032], [108.081503, 16.001044], [108.081551, 16.001056], [108.081589, 16.001064], [108.081639, 16.001073], [108.081702, 16.001082], [108.08177, 16.001087], [108.081824, 16.001088], [108.081838, 16.001087], [108.081856, 16.001086], [108.081968, 16.001095], [108.081987, 16.001092], [108.082006, 16.001089], [108.082051, 16.001073], [108.082097, 16.001071], [108.082143, 16.001055], [108.082207, 16.001053], [108.082235, 16.001054], [108.082275, 16.001056], [108.082317, 16.001058], [108.082358, 16.00106], [108.082394, 16.001059], [108.082426, 16.001057], [108.082456, 16.001055], [108.082487, 16.00105], [108.082518, 16.001042], [108.082551, 16.001032], [108.082584, 16.001021], [108.082617, 16.00101], [108.082652, 16.000998], [108.082688, 16.000984], [108.082721, 16.000973], [108.082751, 16.000966], [108.082781, 16.000962], [108.082818, 16.000964], [108.082861, 16.00097], [108.082903, 16.000977], [108.082943, 16.000987], [108.082974, 16.000999], [108.083, 16.001014], [108.083027, 16.001032], [108.083053, 16.001053], [108.083079, 16.001075], [108.083103, 16.001104], [108.083127, 16.001141], [108.083151, 16.001182], [108.083174, 16.001223], [108.083193, 16.001259], [108.083211, 16.001288], [108.08323, 16.001315], [108.083243, 16.001335], [108.08325, 16.001349], [108.083263, 16.001364], [108.083283, 16.001386], [108.083305, 16.001408], [108.083309, 16.001412], [108.083325, 16.001428], [108.08334, 16.001441], [108.08338, 16.001475], [108.083446, 16.001501], [108.083493, 16.001521], [108.083571, 16.001557], [108.083655, 16.001594], [108.08374, 16.001634], [108.083831, 16.001679], [108.083919, 16.00173], [108.084002, 16.001784], [108.084075, 16.00183], [108.084144, 16.001873], [108.084215, 16.001921], [108.084281, 16.001971], [108.084346, 16.00203], [108.084414, 16.002099], [108.084469, 16.002159], [108.084472, 16.002162], [108.084522, 16.002218], [108.084571, 16.002274], [108.084608, 16.002318], [108.084635, 16.002348], [108.084654, 16.002368], [108.084667, 16.002382], [108.084687, 16.002412], [108.084722, 16.002461], [108.084754, 16.002503], [108.084777, 16.002539], [108.0848, 16.002586], [108.084831, 16.002649], [108.084868, 16.002715], [108.084895, 16.002764], [108.084907, 16.002783], [108.084921, 16.002804], [108.084957, 16.002848], [108.084996, 16.00289], [108.08504, 16.002933], [108.085094, 16.002977], [108.085103, 16.002984], [108.085191, 16.003038], [108.085198, 16.003041], [108.085294, 16.003089], [108.085398, 16.003139], [108.085495, 16.003181], [108.085583, 16.003211], [108.085667, 16.003234], [108.08575, 16.003251], [108.085835, 16.003264], [108.085908, 16.003277], [108.085954, 16.003287], [108.085995, 16.003292], [108.086051, 16.003296], [108.086093, 16.0033], [108.086172, 16.003315], [108.086196, 16.00331], [108.086213, 16.003306], [108.086237, 16.003302], [108.086267, 16.003296], [108.086275, 16.003295], [108.086298, 16.003289], [108.086326, 16.003281], [108.086352, 16.003273], [108.086466, 16.003223], [108.086469, 16.003222], [108.086469, 16.003221], [108.086503, 16.003199], [108.086555, 16.003161], [108.08659, 16.003134], [108.086651, 16.003038], [108.08666, 16.002982], [108.086665, 16.00294], [108.086665, 16.002923], [108.086665, 16.00291], [108.086665, 16.002897], [108.086665, 16.002884], [108.086666, 16.002869], [108.086667, 16.002854], [108.086668, 16.002838], [108.08667, 16.00282], [108.086673, 16.002801], [108.086677, 16.002781], [108.086681, 16.002759], [108.086687, 16.002737], [108.086694, 16.002714], [108.086702, 16.00269], [108.086711, 16.002666], [108.086721, 16.002643], [108.086731, 16.002622], [108.086741, 16.002603], [108.086751, 16.002587], [108.086766, 16.00257], [108.086784, 16.002553], [108.086801, 16.00254], [108.086806, 16.002537], [108.086848, 16.002511], [108.086849, 16.00251], [108.086869, 16.0025], [108.086893, 16.002489], [108.086922, 16.002475], [108.086952, 16.00246], [108.086977, 16.002444], [108.086998, 16.002428], [108.087016, 16.00241], [108.087033, 16.00239], [108.08705, 16.002369], [108.087066, 16.002347], [108.087079, 16.002325], [108.087089, 16.002304], [108.087095, 16.002284], [108.087098, 16.002267], [108.087098, 16.002249], [108.087093, 16.002226], [108.087085, 16.0022], [108.087077, 16.002174], [108.087067, 16.002146], [108.087055, 16.002115], [108.087039, 16.00208], [108.08702, 16.002041], [108.086998, 16.002002], [108.086975, 16.001963], [108.086948, 16.001926], [108.086913, 16.00189], [108.08686, 16.001848], [108.086801, 16.001807], [108.086783, 16.001795], [108.086695, 16.001737], [108.086618, 16.001689], [108.086564, 16.001657], [108.086523, 16.001635], [108.086476, 16.001611], [108.086415, 16.001578], [108.086348, 16.001539], [108.086293, 16.001505], [108.086255, 16.001476], [108.086226, 16.00145], [108.086196, 16.001422], [108.086163, 16.001394], [108.08613, 16.001368], [108.086103, 16.001347], [108.08608, 16.001331], [108.086054, 16.001314], [108.086043, 16.001307], [108.086022, 16.001294], [108.085985, 16.001276], [108.085946, 16.001261], [108.085906, 16.001249], [108.085864, 16.001238], [108.085824, 16.001225], [108.085784, 16.001211], [108.085745, 16.001194], [108.085706, 16.001176], [108.08567, 16.001158], [108.085634, 16.001139], [108.085598, 16.001122], [108.085561, 16.001105], [108.085524, 16.001088], [108.085487, 16.00107], [108.085452, 16.001052], [108.085421, 16.001032], [108.085397, 16.00101], [108.08538, 16.000987], [108.085368, 16.000967], [108.085359, 16.000949], [108.08535, 16.000929], [108.085339, 16.000899], [108.085327, 16.000859], [108.085315, 16.000817], [108.085306, 16.000783], [108.0853, 16.00076], [108.085296, 16.000733], [108.085294, 16.000694], [108.085294, 16.000652], [108.085299, 16.000611], [108.085312, 16.000567], [108.085332, 16.000521], [108.085358, 16.000473], [108.085388, 16.000423], [108.085423, 16.000372], [108.085426, 16.000368], [108.085465, 16.000321], [108.085515, 16.000272], [108.085567, 16.000227], [108.085612, 16.000186], [108.085651, 16.00015], [108.08569, 16.000113], [108.08573, 16.000074], [108.085761, 16.000043], [108.085781, 16.000021], [108.085795, 16.000003], [108.085811, 15.999982], [108.085829, 15.999957], [108.085848, 15.999928], [108.08587, 15.999894], [108.085898, 15.99985], [108.085938, 15.999791], [108.085984, 15.999726], [108.086033, 15.999669], [108.08608, 15.999633], [108.086121, 15.999616], [108.086154, 15.99961], [108.086179, 15.999604], [108.086204, 15.999592], [108.086234, 15.999568], [108.086269, 15.999537], [108.086298, 15.99951], [108.086319, 15.99949], [108.086342, 15.999467], [108.086384, 15.999427], [108.086453, 15.999361], [108.086542, 15.999277], [108.086635, 15.999194], [108.086645, 15.999186], [108.086848, 15.998984], [108.086848, 15.998984], [108.086877, 15.998984], [108.086924, 15.998949], [108.087077, 15.998771], [108.087211, 15.998598], [108.087452, 15.998287], [108.087757, 15.997727], [108.087965, 15.997437], [108.088137, 15.997339], [108.088243, 15.997325], [108.088297, 15.997317], [108.088452, 15.997296], [108.088762, 15.99722], [108.089255, 15.997122], [108.089841, 15.996994], [108.090167, 15.99699], [108.090676, 15.997001], [108.092056, 15.997154], [108.093995, 15.99703], [108.09499, 15.99715], [108.096396, 15.997349], [108.096623, 15.997395], [108.097303, 15.997532], [108.097751, 15.99774], [108.0983, 15.99811], [108.09936, 15.998982], [108.100043, 15.999354], [108.100205, 15.999443], [108.101114, 15.999946], [108.101222, 16.000006], [108.102079, 16.00052], [108.102822, 16.000921], [108.102827, 16.000924], [108.102833, 16.000926], [108.102917, 16.000949], [108.103018, 16.000977], [108.103052, 16.000984], [108.10318, 16.00101], [108.103348, 16.001042], [108.103548, 16.001066], [108.103761, 16.00108], [108.103977, 16.001089], [108.104023, 16.001088], [108.104327, 16.001074], [108.104505, 16.001066], [108.105186, 16.000944], [108.10546, 16.000833], [108.105615, 16.00077], [108.1057, 16.000736], [108.106007, 16.000525], [108.106805, 16.000022], [108.10786, 15.99953], [108.107962, 15.999467], [108.108305, 15.999256], [108.108641, 15.999152], [108.108966, 15.999116], [108.109165, 15.999143], [108.109214, 15.999149], [108.109868, 15.999179], [108.110422, 15.999282], [108.111382, 15.999534], [108.111504, 15.999573], [108.112056, 15.999748], [108.112169, 15.999783], [108.11277, 16.000078], [108.11289, 16.000148], [108.113272, 16.000372], [108.113594, 16.000578], [108.114581, 16.001249], [108.115649, 16.001706], [108.116339, 16.001846], [108.116678, 16.001803], [108.116813, 16.001786], [108.117019, 16.00176], [108.117604, 16.001445], [108.117851, 16.001261], [108.118578, 16.000718], [108.118638, 16.000688], [108.118645, 16.000684], [108.118719, 16.000639], [108.118805, 16.000591], [108.118884, 16.000547], [108.118954, 16.00051], [108.119018, 16.000478], [108.11908, 16.000447], [108.119137, 16.000417], [108.119197, 16.000392], [108.119297, 16.000366], [108.119433, 16.000338], [108.119528, 16.000323], [108.119578, 16.000321], [108.119622, 16.000324], [108.11967, 16.000325], [108.119725, 16.00032], [108.119795, 16.000307], [108.11991, 16.000279], [108.120067, 16.000243], [108.120204, 16.000218], [108.120313, 16.000208], [108.120406, 16.000205], [108.120497, 16.000204], [108.120596, 16.000207], [108.120682, 16.000214], [108.120766, 16.000222], [108.120875, 16.000231], [108.121005, 16.000242], [108.121141, 16.000254], [108.121282, 16.000268], [108.121427, 16.000282], [108.121573, 16.000297], [108.121719, 16.000319], [108.121861, 16.000345], [108.122002, 16.000371], [108.12213, 16.000396], [108.122232, 16.000415], [108.122304, 16.000429], [108.122381, 16.000443], [108.12251, 16.000466], [108.122716, 16.000508], [108.122964, 16.000564], [108.123172, 16.000612], [108.123321, 16.000651], [108.123458, 16.000698], [108.123641, 16.000761], [108.123861, 16.000837], [108.124047, 16.000907], [108.124187, 16.000971], [108.124312, 16.001032], [108.124432, 16.001093], [108.124537, 16.001153], [108.124615, 16.001208], [108.124675, 16.00126], [108.124729, 16.001309], [108.124774, 16.001351], [108.124812, 16.001385], [108.124857, 16.001421], [108.12486, 16.001424], [108.124896, 16.001453], [108.124916, 16.001469], [108.124976, 16.001518], [108.125038, 16.001569], [108.125096, 16.001617], [108.12511, 16.001629], [108.125183, 16.001694], [108.125252, 16.001759], [108.12532, 16.001825], [108.125389, 16.001898], [108.125468, 16.001987], [108.125555, 16.002089], [108.125641, 16.002191], [108.125726, 16.002297], [108.125814, 16.002409], [108.125898, 16.002526], [108.125976, 16.002645], [108.126053, 16.002764], [108.126128, 16.002881], [108.126199, 16.002985], [108.126256, 16.003063], [108.126296, 16.003117], [108.126334, 16.003166], [108.126376, 16.003217], [108.126413, 16.003258], [108.126443, 16.003292], [108.126481, 16.003331], [108.126527, 16.003376], [108.126565, 16.003416], [108.126602, 16.003453], [108.126649, 16.003492], [108.126698, 16.003529], [108.126748, 16.003562], [108.126789, 16.003585], [108.126817, 16.0036], [108.126817, 16.0036], [108.126817, 16.0036], [108.126822, 16.003602], [108.126844, 16.003614], [108.126862, 16.003624], [108.126911, 16.003652], [108.126948, 16.003673], [108.126973, 16.003687], [108.126993, 16.0037], [108.127013, 16.003713], [108.127035, 16.003729], [108.127059, 16.003746], [108.127082, 16.003762], [108.127105, 16.003777], [108.127125, 16.00379], [108.127147, 16.003801], [108.127171, 16.003815], [108.127199, 16.003832], [108.127234, 16.003852], [108.127279, 16.003873], [108.127334, 16.003896], [108.127397, 16.00392], [108.127469, 16.003946], [108.127541, 16.003971], [108.127547, 16.003974], [108.127638, 16.004004], [108.127749, 16.004038], [108.127876, 16.004074], [108.128008, 16.004108], [108.128151, 16.004138], [108.128245, 16.004154], [108.128281, 16.00416], [108.128363, 16.004175], [108.128415, 16.004185], [108.128482, 16.004193], [108.128594, 16.004204], [108.128734, 16.004215], [108.128861, 16.004224], [108.128971, 16.004229], [108.129081, 16.004233], [108.129189, 16.004234], [108.129306, 16.004233], [108.129433, 16.004232], [108.129556, 16.004227], [108.129673, 16.004217], [108.129789, 16.004201], [108.129907, 16.004182], [108.130034, 16.004158], [108.13017, 16.004131], [108.130305, 16.004104], [108.13044, 16.004079], [108.130574, 16.004058], [108.130714, 16.00404], [108.130861, 16.004022], [108.131003, 16.004004], [108.131117, 16.003988], [108.131189, 16.003976], [108.131262, 16.003967], [108.13129, 16.003964], [108.131357, 16.003956], [108.131431, 16.003944], [108.131437, 16.003944], [108.131501, 16.003931], [108.131551, 16.003922], [108.131579, 16.003918], [108.131612, 16.003917], [108.131653, 16.003915], [108.131689, 16.003914], [108.131799, 16.003909], [108.131891, 16.003904], [108.131957, 16.003896], [108.132016, 16.003883], [108.132074, 16.003869], [108.132131, 16.003855], [108.132185, 16.003843], [108.132228, 16.003837], [108.132235, 16.003836], [108.132241, 16.003836], [108.132279, 16.003835], [108.132322, 16.003837], [108.132373, 16.003843], [108.132435, 16.003853], [108.132495, 16.003865], [108.13254, 16.003873], [108.132576, 16.00388], [108.132613, 16.003884], [108.132653, 16.003887], [108.132699, 16.003888], [108.132749, 16.003886], [108.132811, 16.003887], [108.132885, 16.003887], [108.132961, 16.003883], [108.133037, 16.003878], [108.133114, 16.003877], [108.133177, 16.003876], [108.133222, 16.003876], [108.133265, 16.003874], [108.133308, 16.003869], [108.133347, 16.003865], [108.133379, 16.003863], [108.133413, 16.003863], [108.133448, 16.003864], [108.133484, 16.003864], [108.133519, 16.003864], [108.133551, 16.003861], [108.133577, 16.003855], [108.133599, 16.003848], [108.133627, 16.00383], [108.133695, 16.003788], [108.133749, 16.003752], [108.133905, 16.00367], [108.133988, 16.003656], [108.134061, 16.003651], [108.134104, 16.003649], [108.134128, 16.003649], [108.134204, 16.003612], [108.134263, 16.003597], [108.134321, 16.003583], [108.134407, 16.003583], [108.134438, 16.003583], [108.134492, 16.003583], [108.134586, 16.003534], [108.13461, 16.003518], [108.134642, 16.003499], [108.134672, 16.003481], [108.134702, 16.003455], [108.134734, 16.003422], [108.134765, 16.003387], [108.134791, 16.003358], [108.134814, 16.003337], [108.134837, 16.003313], [108.134859, 16.003285], [108.13488, 16.003254], [108.134884, 16.003248], [108.134903, 16.003219], [108.134933, 16.003181], [108.134968, 16.003142], [108.13498, 16.003129], [108.135003, 16.003104], [108.135032, 16.003076], [108.135047, 16.003062], [108.135054, 16.003055], [108.135058, 16.00305], [108.135063, 16.003043], [108.135072, 16.003029], [108.135087, 16.003004], [108.135106, 16.002972], [108.135127, 16.002938], [108.135146, 16.002902], [108.135162, 16.002863], [108.135175, 16.002825], [108.135188, 16.002788], [108.135201, 16.002751], [108.135213, 16.002715], [108.135224, 16.00268], [108.135232, 16.00265], [108.135239, 16.002624], [108.135244, 16.002597], [108.135249, 16.00257], [108.135254, 16.002542], [108.135258, 16.002516], [108.13526, 16.00249], [108.135262, 16.002458], [108.135262, 16.002421], [108.13526, 16.002372], [108.135258, 16.002313], [108.135253, 16.002253], [108.135248, 16.002196], [108.135243, 16.002139], [108.135238, 16.002089], [108.135233, 16.002043], [108.135227, 16.001994], [108.135219, 16.001946], [108.135209, 16.001899], [108.135201, 16.001856], [108.135194, 16.001813], [108.135185, 16.001772], [108.135178, 16.00174], [108.13517, 16.001707], [108.135155, 16.001658], [108.135137, 16.001599], [108.135117, 16.001538], [108.135092, 16.001469], [108.135055, 16.001378], [108.135028, 16.001312], [108.135006, 16.001236], [108.134926, 16.000988], [108.134881, 16.000846], [108.134876, 16.000832], [108.134841, 16.000625], [108.1348, 16.000384], [108.134776, 16], [108.134776, 15.999998], [108.134774, 15.999964], [108.134806, 15.99974], [108.13483, 15.999581], [108.134936, 15.998979], [108.134936, 15.998976], [108.135028, 15.998875], [108.135263, 15.998702], [108.135517, 15.998567], [108.135836, 15.998432], [108.136019, 15.998378], [108.136459, 15.998321], [108.136788, 15.998297], [108.137021, 15.998313], [108.137266, 15.998361], [108.137474, 15.998439], [108.137597, 15.998527], [108.137722, 15.998671], [108.137824, 15.998808], [108.137911, 15.998976], [108.137911, 15.99898], [108.137908, 15.999168], [108.137856, 15.99933], [108.137788, 15.999542], [108.137733, 15.999653], [108.137691, 15.999836], [108.137694, 16], [108.137695, 16.000051], [108.13771, 16.000113], [108.137709, 16.00015], [108.137716, 16.000213], [108.137731, 16.000271], [108.137749, 16.000331], [108.137765, 16.000383], [108.13778, 16.000429], [108.137794, 16.000475], [108.137807, 16.000511], [108.137823, 16.000542], [108.137845, 16.000576], [108.137871, 16.000617], [108.1379, 16.000662], [108.137931, 16.000709], [108.137954, 16.000746], [108.13797, 16.000768], [108.137992, 16.000792], [108.138042, 16.000843], [108.138117, 16.000917], [108.138182, 16.000977], [108.138241, 16.001025], [108.138266, 16.001045], [108.138414, 16.001196], [108.138584, 16.001318], [108.138847, 16.001434], [108.13903, 16.00146], [108.139186, 16.001442], [108.13927, 16.001432], [108.139279, 16.00143], [108.139318, 16.001415], [108.13936, 16.001404], [108.139378, 16.001402], [108.139412, 16.001399], [108.139479, 16.001388], [108.139551, 16.001367], [108.139606, 16.001349], [108.139661, 16.00133], [108.139728, 16.001302], [108.139787, 16.001274], [108.139833, 16.001252], [108.139874, 16.001232], [108.139908, 16.001216], [108.139935, 16.0012], [108.139973, 16.001177], [108.140025, 16.001143], [108.140061, 16.001119], [108.140077, 16.001107], [108.140085, 16.0011], [108.140092, 16.001093], [108.140101, 16.001086], [108.140114, 16.001075], [108.140128, 16.001064], [108.140145, 16.001052], [108.140183, 16.001028], [108.140248, 16.000988], [108.140314, 16.000948], [108.140368, 16.000913], [108.140415, 16.000882], [108.140455, 16.000855], [108.140491, 16.000827], [108.140528, 16.000795], [108.140573, 16.000753], [108.140625, 16.000705], [108.140678, 16.000656], [108.140728, 16.000609], [108.140769, 16.000567], [108.140804, 16.00053], [108.140835, 16.000495], [108.140858, 16.00047], [108.140868, 16.000458], [108.140873, 16.000454], [108.140877, 16.00045], [108.140881, 16.000445], [108.140888, 16.000434], [108.140896, 16.000417], [108.140905, 16.000397], [108.140912, 16.00038], [108.140919, 16.000364], [108.140925, 16.000347], [108.140933, 16.000329], [108.14094, 16.00031], [108.140948, 16.000292], [108.140954, 16.000275], [108.140958, 16.000259], [108.140962, 16.000243], [108.140964, 16.000229], [108.141011, 16.000155], [108.141045, 16], [108.141057, 15.999949], [108.141074, 15.999842], [108.141076, 15.99983], [108.141079, 15.999812], [108.141082, 15.999792], [108.141084, 15.999781], [108.141085, 15.999771], [108.141085, 15.999751], [108.141084, 15.999734], [108.141081, 15.999719], [108.141079, 15.999711], [108.141075, 15.999691], [108.141082, 15.999662], [108.141084, 15.99965], [108.141088, 15.99963], [108.141095, 15.999604], [108.141105, 15.999573], [108.141116, 15.999545], [108.141127, 15.999516], [108.141141, 15.999482], [108.141156, 15.999452], [108.14133, 15.999215], [108.141366, 15.999158], [108.1415, 15.998981], [108.141504, 15.998975], [108.141505, 15.99897], [108.14157, 15.998681], [108.141585, 15.998462], [108.141564, 15.998301], [108.141497, 15.998062], [108.141336, 15.997681], [108.141258, 15.997432], [108.1412, 15.997038], [108.141151, 15.996534], [108.14115, 15.995986], [108.141228, 15.995307], [108.141343, 15.99449], [108.14143, 15.994119], [108.141563, 15.99378], [108.141667, 15.993626], [108.141825, 15.993461], [108.142037, 15.993307], [108.142168, 15.993223], [108.142261, 15.993164], [108.142373, 15.993125], [108.142531, 15.99309], [108.142727, 15.993074], [108.142886, 15.993076], [108.143058, 15.993127], [108.143337, 15.993202], [108.143537, 15.993227], [108.143726, 15.993217], [108.143881, 15.993179], [108.144601, 15.993043], [108.145033, 15.99298], [108.145659, 15.992956], [108.146086, 15.992993], [108.146293, 15.993021], [108.146806, 15.993111], [108.147502, 15.993272], [108.147797, 15.993353], [108.14894, 15.993723], [108.149566, 15.993965], [108.150485, 15.994337], [108.150985, 15.994507], [108.151264, 15.99459], [108.151582, 15.994671], [108.151867, 15.994693], [108.152163, 15.994698], [108.152407, 15.994687], [108.152722, 15.99465], [108.153004, 15.994608], [108.154778, 15.99432], [108.156776, 15.993954], [108.156893, 15.99394], [108.157417, 15.993875], [108.157546, 15.993856], [108.157701, 15.993858], [108.157787, 15.993867], [108.158003, 15.993918], [108.158455, 15.994186], [108.158998, 15.99461], [108.159275, 15.994782], [108.159754, 15.994925], [108.160243, 15.994932], [108.160716, 15.99486], [108.161447, 15.994685], [108.16264, 15.994209], [108.163508, 15.993859], [108.163873, 15.993803], [108.164173, 15.993756], [108.164362, 15.993767], [108.163521, 15.992806], [108.163241, 15.992304], [108.163107, 15.991928], [108.163062, 15.991575], [108.163076, 15.991241], [108.163217, 15.99078], [108.163386, 15.990247], [108.163425, 15.989888], [108.163349, 15.989436], [108.163194, 15.988974], [108.163187, 15.988963], [108.162929, 15.988491], [108.162662, 15.988146], [108.162326, 15.987798], [108.161881, 15.98746], [108.161277, 15.987134], [108.160865, 15.986982], [108.160672, 15.986918], [108.159957, 15.9867], [108.15952, 15.986515], [108.159145, 15.986268], [108.159119, 15.986243], [108.158814, 15.985948], [108.158622, 15.985673], [108.158505, 15.985451], [108.158406, 15.985113], [108.158354, 15.984868], [108.158315, 15.984684], [108.158294, 15.984259], [108.158239, 15.983911], [108.158075, 15.983541], [108.157712, 15.983069], [108.157505, 15.982888], [108.157161, 15.982589], [108.156715, 15.982152], [108.156263, 15.981671], [108.155831, 15.981045], [108.155506, 15.980636], [108.155373, 15.980384], [108.155189, 15.979971], [108.155022, 15.979716], [108.154792, 15.979504], [108.154362, 15.979205], [108.153794, 15.978912], [108.153315, 15.978556], [108.15298, 15.97829], [108.152757, 15.978544], [108.15263, 15.97865], [108.152564, 15.978683], [108.152454, 15.978687], [108.152414, 15.97868], [108.152204, 15.978643], [108.15204, 15.978591], [108.151916, 15.978577], [108.151822, 15.978569], [108.151786, 15.978572], [108.15168, 15.97858], [108.151551, 15.978606], [108.151402, 15.978633], [108.151278, 15.978632], [108.15123, 15.978614], [108.151163, 15.978564], [108.151017, 15.97844], [108.150939, 15.978375], [108.150801, 15.978292], [108.150737, 15.978215], [108.150652, 15.978074], [108.150603, 15.977962], [108.150559, 15.977862], [108.150472, 15.977668], [108.150441, 15.977618], [108.150409, 15.977583], [108.15037, 15.977565], [108.150348, 15.977555], [108.150268, 15.977535], [108.150136, 15.977503], [108.149903, 15.977434], [108.149646, 15.977323], [108.14957, 15.977323], [108.149466, 15.977331], [108.14932, 15.977346], [108.14916, 15.977332], [108.149039, 15.977311], [108.148941, 15.977262], [108.14888, 15.977247], [108.148827, 15.977247], [108.148754, 15.977272], [108.14865, 15.977255], [108.14857, 15.977266], [108.14857, 15.977266], [108.148518, 15.977274], [108.148407, 15.977302], [108.148317, 15.977332], [108.148303, 15.977336], [108.14822, 15.977398], [108.148118, 15.977476], [108.148086, 15.977504], [108.148048, 15.977537], [108.148043, 15.977542], [108.147936, 15.977599], [108.147837, 15.977634], [108.147675, 15.977633], [108.147611, 15.97765], [108.147568, 15.97768], [108.147533, 15.977739], [108.147466, 15.97779], [108.147377, 15.977851], [108.147309, 15.977891], [108.147222, 15.97791], [108.147126, 15.977902], [108.146999, 15.977849], [108.146871, 15.977814], [108.14684, 15.977773], [108.146833, 15.977714], [108.146833, 15.977656], [108.146831, 15.977642], [108.146826, 15.977585], [108.146761, 15.977505], [108.146728, 15.977466], [108.146696, 15.977457], [108.146634, 15.977461], [108.146585, 15.977437], [108.14656, 15.977404], [108.146536, 15.977299], [108.14652, 15.97711], [108.146507, 15.976986], [108.146467, 15.97693], [108.14632, 15.976821], [108.146192, 15.976728], [108.146016, 15.976571], [108.145883, 15.976764], [108.145852, 15.976776], [108.145808, 15.976788], [108.145668, 15.976798], [108.145598, 15.976798], [108.145548, 15.976793], [108.145497, 15.976786], [108.145461, 15.976781], [108.145421, 15.976781], [108.145327, 15.976792], [108.145237, 15.976814], [108.144732, 15.976958], [108.144617, 15.976985], [108.144485, 15.977007], [108.14438, 15.977028], [108.144265, 15.977034], [108.14424, 15.976865], [108.144231, 15.97685], [108.144218, 15.97684], [108.144205, 15.976835], [108.144049, 15.976819], [108.143914, 15.976795], [108.143793, 15.976755], [108.143708, 15.976718], [108.143642, 15.976694], [108.143578, 15.976674], [108.143466, 15.976652], [108.143393, 15.976628], [108.143314, 15.976594], [108.143226, 15.976532], [108.143193, 15.976526], [108.143017, 15.976489], [108.142886, 15.976475], [108.142805, 15.976465], [108.142784, 15.97646], [108.142765, 15.976444], [108.142763, 15.97643], [108.142767, 15.976409], [108.142783, 15.976377], [108.142795, 15.976348], [108.142795, 15.976331], [108.142794, 15.976314], [108.142782, 15.976299], [108.142745, 15.97628], [108.14268, 15.976274], [108.1427, 15.975691], [108.142786, 15.975676], [108.142822, 15.975652], [108.142868, 15.975597], [108.142946, 15.975406], [108.143045, 15.975089], [108.143088, 15.974959], [108.143116, 15.974924], [108.143148, 15.974896], [108.143171, 15.974858], [108.143218, 15.974686], [108.143255, 15.974474], [108.14219, 15.974214], [108.142203, 15.973918], [108.142192, 15.973867], [108.142162, 15.973827], [108.142156, 15.973781], [108.14218, 15.9736], [108.142169, 15.973505], [108.141513, 15.973607], [108.141403, 15.973474], [108.141295, 15.973273], [108.141143, 15.972753], [108.140862, 15.972779], [108.140513, 15.972795], [108.140276, 15.972765], [108.139856, 15.972709], [108.139411, 15.972682], [108.13941, 15.972146], [108.139404, 15.971512], [108.139403, 15.971416], [108.139398, 15.970934], [108.139397, 15.970793], [108.139395, 15.970551], [108.139203, 15.9706], [108.139047, 15.970656], [108.13892, 15.970661], [108.138775, 15.9707], [108.138676, 15.970764], [108.13857, 15.970772], [108.138423, 15.970786], [108.138297, 15.970816], [108.138233, 15.97084], [108.138228, 15.970853], [108.138227, 15.970861], [108.138255, 15.971155], [108.138199, 15.971174], [108.138076, 15.971188], [108.138062, 15.971183], [108.138036, 15.971161], [108.138014, 15.971143], [108.13799, 15.971135], [108.137954, 15.971133], [108.137919, 15.971144], [108.137891, 15.971157], [108.137873, 15.971163], [108.137851, 15.971169], [108.137828, 15.971168], [108.137815, 15.971163], [108.137706, 15.971094], [108.137667, 15.971064], [108.137653, 15.971059], [108.13764, 15.971062], [108.137625, 15.971072], [108.137571, 15.971138], [108.137554, 15.971152], [108.137536, 15.971155], [108.137518, 15.971151], [108.137477, 15.971108], [108.137417, 15.971075], [108.137321, 15.971041], [108.137244, 15.971014], [108.137198, 15.971004], [108.137158, 15.971003], [108.13713, 15.971005], [108.137047, 15.97103], [108.137005, 15.971039], [108.136942, 15.971042], [108.13687, 15.971039], [108.136713, 15.971046], [108.136549, 15.971071], [108.136416, 15.971117], [108.136247, 15.971181], [108.136216, 15.971183], [108.136173, 15.971186], [108.136138, 15.9712], [108.136108, 15.971219], [108.136067, 15.971243], [108.135986, 15.971252], [108.135919, 15.97127], [108.136064, 15.971408], [108.136086, 15.971438], [108.136097, 15.971478], [108.136097, 15.971499], [108.136086, 15.971535], [108.13606, 15.971575], [108.136001, 15.971655], [108.135962, 15.971747], [108.135936, 15.971851], [108.135908, 15.971922], [108.135861, 15.972005], [108.135829, 15.972024], [108.135813, 15.972026], [108.135743, 15.972024], [108.135674, 15.972019], [108.1356, 15.972017], [108.135568, 15.972022], [108.135548, 15.972031], [108.135531, 15.972044], [108.135515, 15.972073], [108.135491, 15.972199], [108.135478, 15.972216], [108.135461, 15.97223], [108.135439, 15.972317], [108.135424, 15.972408], [108.135362, 15.972756], [108.135341, 15.972854], [108.135248, 15.973057], [108.135218, 15.973095], [108.135187, 15.973114], [108.13464, 15.973002], [108.134661, 15.972724], [108.134079, 15.972647], [108.133635, 15.972593], [108.133626, 15.972654], [108.13359, 15.972787], [108.133442, 15.973021], [108.133352, 15.973174], [108.132981, 15.972979], [108.132806, 15.972852], [108.131962, 15.972239], [108.131848, 15.972244], [108.129638, 15.972359], [108.129759, 15.974186], [108.129763, 15.974245], [108.129763, 15.974248], [108.129627, 15.974258], [108.128904, 15.974398], [108.128753, 15.974428], [108.127673, 15.974817], [108.127416, 15.974932], [108.127313, 15.974982], [108.127094, 15.975093], [108.126982, 15.975137], [108.126917, 15.97516], [108.126833, 15.975189], [108.126815, 15.975195], [108.126773, 15.975211], [108.126634, 15.975225], [108.126546, 15.975242], [108.126481, 15.975272], [108.126344, 15.975317], [108.126191, 15.975361], [108.126043, 15.975396], [108.125992, 15.975386], [108.125964, 15.975383], [108.125939, 15.975383], [108.125887, 15.975392], [108.125813, 15.975405], [108.12579, 15.975401], [108.125738, 15.97538], [108.125652, 15.975345], [108.125572, 15.975314], [108.125518, 15.975304], [108.125448, 15.975292], [108.125363, 15.975289], [108.125267, 15.975286], [108.125176, 15.975286], [108.12509, 15.975295], [108.125022, 15.975298], [108.12501, 15.9753], [108.124942, 15.975312], [108.124877, 15.97533], [108.124809, 15.975342], [108.124743, 15.975343], [108.124533, 15.975344], [108.124517, 15.975344], [108.124504, 15.975344], [108.124307, 15.975336], [108.124154, 15.975298], [108.124078, 15.975266], [108.12401, 15.975206], [108.123886, 15.975055], [108.123819, 15.974999], [108.123688, 15.974943], [108.123516, 15.974904], [108.123499, 15.974899], [108.123284, 15.974842], [108.123198, 15.974807], [108.12293, 15.974695], [108.122833, 15.974656], [108.122554, 15.974544], [108.122327, 15.974454], [108.121986, 15.974339], [108.121719, 15.97433], [108.121628, 15.974326], [108.121477, 15.974311], [108.121214, 15.974285], [108.121045, 15.974232], [108.120965, 15.974207], [108.120778, 15.97414], [108.12074, 15.974126], [108.120414, 15.973986], [108.120377, 15.973961], [108.12029, 15.973903], [108.12019, 15.973826], [108.120098, 15.973734], [108.120096, 15.973732], [108.119999, 15.973594], [108.119932, 15.973532], [108.119898, 15.973513], [108.119727, 15.97342], [108.119581, 15.973339], [108.119538, 15.973315], [108.119357, 15.973214], [108.119257, 15.973167], [108.119087, 15.973104], [108.118866, 15.972998], [108.118771, 15.97296], [108.118591, 15.972918], [108.118352, 15.972856], [108.118161, 15.972797], [108.118017, 15.972754], [108.117779, 15.972714], [108.117691, 15.972705], [108.117589, 15.972681], [108.117513, 15.972666], [108.117454, 15.972644], [108.117302, 15.972595], [108.117231, 15.972576], [108.11708, 15.972558], [108.116918, 15.972544], [108.116814, 15.972522], [108.11662, 15.972518], [108.116503, 15.972504], [108.116435, 15.972481], [108.116362, 15.972467], [108.116309, 15.972458], [108.116284, 15.972444], [108.116249, 15.972419], [108.116212, 15.972405], [108.116133, 15.972409], [108.115986, 15.972396], [108.115904, 15.972378], [108.115768, 15.972341], [108.115679, 15.972328], [108.115497, 15.972328], [108.115452, 15.972325], [108.115309, 15.972319], [108.115223, 15.972319], [108.115154, 15.972337], [108.115103, 15.972351], [108.115045, 15.972345], [108.114998, 15.972341], [108.114834, 15.97232], [108.114544, 15.972264], [108.114373, 15.972251], [108.114241, 15.97226], [108.114195, 15.972278], [108.114139, 15.972301], [108.114014, 15.972391], [108.113885, 15.972456], [108.113822, 15.972481], [108.113747, 15.972486], [108.113727, 15.972491], [108.113699, 15.972498], [108.113627, 15.972521], [108.113545, 15.972606], [108.113468, 15.972665], [108.113405, 15.972683], [108.113197, 15.972697], [108.113102, 15.972686], [108.113057, 15.972662], [108.113003, 15.972617], [108.112959, 15.972569], [108.112909, 15.972493], [108.112882, 15.972481], [108.112701, 15.972476], [108.109628, 15.972737], [108.109547, 15.97274], [108.109409, 15.972766], [108.109131, 15.972812], [108.10884, 15.972856], [108.108585, 15.972895], [108.108384, 15.972922], [108.108333, 15.972916], [108.108303, 15.972915], [108.108266, 15.97292], [108.108011, 15.972927], [108.107597, 15.972927], [108.106975, 15.972938], [108.106402, 15.972958], [108.106157, 15.972959], [108.105964, 15.97296], [108.105652, 15.972969], [108.105362, 15.972961], [108.105022, 15.97297], [108.104836, 15.972975], [108.104728, 15.972978], [108.103613, 15.973007], [108.103475, 15.973022], [108.103376, 15.973033], [108.103362, 15.973033], [108.103232, 15.97304], [108.103232, 15.973022], [108.103238, 15.971904], [108.102683, 15.97189], [108.102555, 15.971885], [108.102375, 15.971877], [108.102221, 15.971865], [108.102008, 15.971846], [108.101894, 15.97184], [108.101678, 15.971831], [108.101416, 15.97183], [108.101277, 15.971833], [108.101248, 15.971833], [108.101214, 15.971827], [108.101172, 15.971816], [108.101096, 15.971802], [108.100947, 15.971788], [108.100012, 15.97172], [108.099931, 15.971712], [108.099684, 15.971667], [108.099526, 15.971547], [108.098838, 15.971122], [108.098272, 15.970765], [108.097766, 15.970468], [108.09767, 15.970447], [108.097589, 15.97044], [108.097437, 15.970437], [108.097382, 15.970439], [108.097235, 15.970244], [108.097017, 15.970005], [108.09692, 15.969846], [108.096869, 15.96964], [108.096834, 15.96899], [108.096792, 15.968789], [108.096779, 15.968726], [108.096542, 15.968011], [108.096444, 15.96757], [108.096387, 15.967445], [108.096329, 15.967387], [108.096191, 15.967333], [108.095743, 15.967207], [108.095601, 15.967153], [108.095518, 15.967094], [108.095396, 15.966944], [108.095263, 15.966579], [108.09512, 15.966272], [108.094966, 15.965988], [108.094854, 15.965833], [108.094807, 15.96568], [108.094824, 15.965546], [108.094879, 15.965465], [108.095078, 15.965334], [108.093601, 15.964843], [108.092186, 15.964482], [108.091496, 15.964358], [108.091023, 15.964285], [108.090591, 15.964069], [108.09018, 15.963815], [108.089374, 15.963508], [108.088803, 15.963376], [108.088498, 15.963276], [108.088135, 15.963118], [108.087162, 15.962771], [108.086454, 15.962551], [108.085805, 15.96237], [108.085305, 15.962083], [108.083687, 15.961545], [108.082224, 15.961128], [108.081948, 15.961046], [108.081788, 15.960949], [108.081722, 15.960816], [108.08162, 15.960654], [108.081499, 15.960497], [108.081339, 15.960405], [108.0811, 15.960282], [108.080605, 15.959989], [108.080028, 15.959706], [108.080015, 15.9597], [108.079505, 15.95943], [108.078937, 15.959265], [108.078427, 15.959172], [108.078087, 15.959131], [108.077488, 15.959037], [108.076891, 15.958864], [108.076403, 15.958764], [108.076063, 15.958709], [108.075748, 15.958505], [108.075498, 15.958343], [108.075187, 15.958318], [108.074964, 15.958358], [108.074703, 15.958519], [108.074289, 15.958922], [108.074095, 15.959063], [108.073932, 15.959075], [108.073422, 15.958967], [108.073029, 15.958969], [108.072909, 15.95909], [108.072817, 15.959296], [108.072701, 15.959624], [108.072527, 15.959858], [108.071975, 15.960166], [108.070996, 15.960719], [108.070304, 15.960918], [108.069784, 15.960989], [108.069516, 15.961079], [108.069142, 15.961332], [108.06876, 15.961628], [108.068385, 15.961909], [108.06808, 15.962034], [108.067879, 15.962067], [108.06762, 15.962064], [108.067152, 15.962115], [108.066514, 15.962235], [108.065928, 15.962284], [108.065594, 15.96228], [108.065366, 15.962205], [108.06505, 15.962022], [108.064852, 15.961833], [108.064627, 15.961536], [108.064365, 15.961238], [108.064139, 15.960956], [108.063582, 15.960525], [108.063032, 15.960145], [108.062451, 15.959857], [108.061414, 15.959334], [108.061163, 15.959281], [108.060933, 15.959299], [108.060731, 15.959425], [108.060425, 15.959572], [108.060224, 15.959612], [108.060017, 15.959588], [108.05973, 15.959462], [108.058889, 15.959228], [108.058423, 15.959193], [108.057993, 15.959216], [108.057725, 15.959262], [108.057479, 15.959366], [108.057315, 15.959457], [108.056973, 15.959524], [108.056751, 15.959507], [108.05636, 15.959387], [108.055761, 15.959336], [108.055255, 15.959472], [108.054609, 15.959745], [108.053218, 15.96012], [108.052405, 15.960004], [108.047755, 15.958915], [108.04622, 15.958657], [108.045085, 15.958247], [108.044994, 15.958206], [108.044279, 15.95791], [108.043771, 15.957709], [108.043462, 15.957526], [108.04328, 15.957359], [108.042959, 15.956953], [108.042757, 15.956606], [108.04243, 15.95615], [108.042242, 15.955853], [108.042156, 15.955637], [108.04198, 15.955542], [108.041787, 15.955575], [108.041653, 15.955616], [108.041497, 15.955607], [108.041313, 15.955561], [108.04104, 15.955493], [108.040885, 15.955469], [108.04043, 15.95542], [108.040233, 15.95541], [108.039908, 15.95537], [108.039664, 15.955366], [108.03945, 15.955313], [108.039237, 15.955167], [108.039031, 15.955071], [108.03878, 15.955017], [108.038513, 15.955042], [108.038164, 15.955086], [108.037056, 15.954918], [108.036741, 15.9549], [108.036496, 15.954926], [108.036171, 15.955044], [108.035957, 15.955209], [108.03543, 15.955806], [108.035391, 15.95585], [108.035295, 15.955942], [108.035212, 15.955925], [108.031884, 15.954997], [108.029119, 15.953797], [108.013449, 15.946997], [108.013248, 15.946873], [108.013233, 15.943899], [108.013222, 15.941593], [108.013147, 15.926647], [108.013074, 15.926573], [108.012965, 15.926491], [108.012819, 15.926284], [108.012783, 15.926241], [108.012327, 15.925512], [108.012022, 15.925102], [108.011744, 15.924769], [108.011386, 15.9245], [108.011055, 15.924333], [108.01097, 15.924302], [108.010956, 15.924288], [108.010336, 15.923982], [108.009796, 15.923803], [108.009511, 15.923675], [108.009375, 15.923549], [108.00926, 15.923337], [108.009135, 15.923096], [108.008978, 15.922989], [108.008685, 15.922824], [108.007505, 15.922318], [108.00685, 15.921984], [108.006013, 15.92144], [108.006012, 15.92144], [108.005853, 15.921348], [108.005691, 15.921286], [108.005509, 15.921242], [108.005309, 15.921236], [108.005091, 15.921257], [108.004921, 15.921333], [108.004752, 15.921483], [108.004671, 15.921593], [108.004452, 15.921884], [108.004144, 15.921995], [108.003768, 15.922037], [108.003432, 15.922004], [108.003186, 15.921953], [108.00301, 15.921874], [108.002833, 15.921795], [108.00248, 15.921656], [108.001938, 15.921402], [108.001817, 15.92135], [108.001815, 15.921349], [108.001813, 15.921348], [108.001813, 15.921348], [108.001461, 15.921201], [108.001181, 15.921044], [108.001092, 15.920982], [108.000988, 15.920909], [108.000752, 15.920802], [108.000339, 15.920641], [108.000075, 15.92065], [107.999721, 15.920671], [107.998605, 15.92071], [107.997692, 15.920783], [107.997124, 15.920767], [107.996823, 15.920848], [107.996732, 15.920969], [107.996693, 15.921256], [107.996607, 15.921305], [107.996292, 15.921292], [107.995885, 15.921274], [107.995668, 15.921223], [107.995493, 15.921088], [107.995298, 15.92084], [107.995149, 15.9204], [107.994895, 15.919908], [107.994706, 15.919612], [107.9944, 15.919401], [107.993818, 15.918824], [107.993203, 15.918199], [107.992973, 15.918041], [107.992843, 15.918049], [107.992696, 15.918128], [107.992428, 15.918389], [107.991869, 15.918976], [107.99154, 15.919261], [107.991039, 15.919579], [107.990665, 15.919763], [107.990308, 15.91987], [107.989982, 15.919904], [107.989357, 15.919835], [107.98901, 15.919756], [107.988651, 15.919678], [107.988341, 15.919539], [107.987798, 15.919176], [107.987431, 15.91896], [107.987045, 15.918768], [107.986674, 15.918684], [107.986291, 15.918683], [107.986003, 15.918818], [107.985641, 15.918973], [107.985352, 15.91906], [107.985043, 15.919053], [107.9846, 15.919136], [107.984076, 15.919299], [107.984075, 15.919299], [107.984074, 15.9193], [107.98304, 15.91946], [107.982508, 15.919575], [107.981911, 15.919791], [107.981669, 15.919952], [107.981297, 15.92033], [107.980684, 15.920933], [107.980004, 15.921538], [107.979237, 15.922308], [107.977462, 15.923967], [107.976001, 15.925356], [107.974535, 15.92644], [107.973426, 15.92728], [107.971942, 15.928406], [107.968551, 15.930673], [107.966138, 15.932269], [107.963966, 15.933704], [107.963578, 15.934003], [107.963175, 15.934295], [107.963081, 15.934512], [107.963028, 15.934878], [107.962832, 15.935153], [107.962511, 15.935516], [107.962254, 15.935677], [107.961843, 15.935948], [107.961523, 15.936354], [107.96118, 15.93671], [107.961029, 15.936999], [107.960843, 15.937481], [107.960627, 15.937893], [107.95986, 15.939108], [107.959365, 15.939752], [107.957818, 15.941315], [107.957167, 15.941904], [107.956565, 15.942278], [107.956101, 15.942478], [107.955746, 15.942519], [107.955389, 15.942532], [107.955013, 15.942493], [107.95482, 15.942503], [107.954659, 15.942648], [107.954493, 15.942951], [107.954236, 15.9436], [107.95379, 15.944502], [107.953116, 15.945522], [107.95247, 15.94642], [107.95226, 15.946752], [107.952066, 15.947207], [107.951913, 15.947338], [107.950567, 15.948023], [107.949737, 15.948486], [107.949414, 15.948691], [107.949298, 15.948915], [107.949139, 15.949655], [107.949167, 15.950042], [107.949266, 15.950263], [107.949559, 15.950502], [107.949873, 15.950706], [107.950433, 15.951045], [107.950796, 15.951314], [107.951, 15.951801], [107.951771, 15.954345], [107.952238, 15.955906], [107.952642, 15.957143], [107.952886, 15.957608], [107.953214, 15.957804], [107.953858, 15.957919], [107.955275, 15.958177], [107.955692, 15.958334], [107.955802, 15.958452], [107.955817, 15.958672], [107.956046, 15.961202], [107.956107, 15.961583], [107.956074, 15.961823], [107.955898, 15.962088], [107.955895, 15.962243], [107.956027, 15.962427], [107.956094, 15.962519], [107.956182, 15.962677], [107.956207, 15.962716], [107.956263, 15.963009], [107.956273, 15.963178], [107.956213, 15.963298], [107.956129, 15.963399], [107.956173, 15.963532], [107.956224, 15.963644], [107.956326, 15.963799], [107.956379, 15.963878], [107.956404, 15.963956], [107.956381, 15.96406], [107.956303, 15.96422], [107.956162, 15.96441], [107.956006, 15.964567], [107.955847, 15.964656], [107.955702, 15.964835], [107.955421, 15.965178], [107.955354, 15.965248], [107.955316, 15.965302], [107.955226, 15.965442], [107.955159, 15.965545], [107.955075, 15.965719], [107.95509, 15.965916], [107.955146, 15.966375], [107.955242, 15.966613], [107.955332, 15.966695], [107.955395, 15.966746], [107.955676, 15.966963], [107.955888, 15.967103], [107.956007, 15.967233], [107.956084, 15.967393], [107.956264, 15.968027], [107.956354, 15.968295], [107.95652, 15.96857], [107.956666, 15.968747], [107.956871, 15.968846], [107.95705, 15.968867], [107.95726, 15.96884], [107.957773, 15.968887], [107.958033, 15.968913], [107.958188, 15.968983], [107.958344, 15.969094], [107.95842, 15.969231], [107.958511, 15.96951], [107.958695, 15.96992], [107.958791, 15.970073], [107.958971, 15.970197], [107.959213, 15.970253], [107.959609, 15.970343], [107.959937, 15.970386], [107.960272, 15.970495], [107.960515, 15.970587], [107.960619, 15.970812], [107.960732, 15.971133], [107.960903, 15.971338], [107.961162, 15.971555], [107.961412, 15.97171], [107.961446, 15.971731], [107.961506, 15.971824], [107.961538, 15.971853], [107.961623, 15.971926], [107.961733, 15.972234], [107.961831, 15.972624], [107.961979, 15.972806], [107.962058, 15.97291], [107.962209, 15.973002], [107.962455, 15.973055], [107.962776, 15.973137], [107.963073, 15.973211], [107.963372, 15.973333], [107.963586, 15.973438], [107.963594, 15.973448], [107.963735, 15.973689], [107.963785, 15.973774], [107.963929, 15.973951], [107.964106, 15.974015], [107.964165, 15.974042], [107.964564, 15.974187], [107.964755, 15.974286], [107.964974, 15.974456], [107.965769, 15.97518], [107.966452, 15.975875], [107.966937, 15.976126], [107.967522, 15.976404], [107.967963, 15.976619], [107.96825, 15.976782], [107.968493, 15.976993], [107.969627, 15.977907], [107.970347, 15.978296], [107.971532, 15.97874], [107.971847, 15.979016], [107.971977, 15.979291], [107.97211, 15.979936], [107.972259, 15.980328], [107.972419, 15.980567], [107.972462, 15.980627], [107.972957, 15.981319], [107.97298, 15.981352], [107.973039, 15.981485], [107.973117, 15.981661], [107.973302, 15.981987], [107.973369, 15.982081], [107.973457, 15.982204], [107.973569, 15.982361], [107.973881, 15.982751], [107.974031, 15.982938], [107.974295, 15.983333], [107.97476, 15.983833], [107.975321, 15.984465], [107.97583, 15.985049], [107.976195, 15.985399], [107.976412, 15.985543], [107.976817, 15.985641], [107.977211, 15.985743], [107.978528, 15.986137], [107.978335, 15.98657], [107.978327, 15.986753], [107.978355, 15.986942], [107.978428, 15.987117], [107.978583, 15.98733], [107.97867, 15.987422], [107.978823, 15.987506], [107.978946, 15.987526], [107.979112, 15.987509], [107.979399, 15.987448], [107.979533, 15.987454], [107.979814, 15.987475], [107.97996, 15.987524], [107.980172, 15.98764], [107.980307, 15.987785], [107.980568, 15.988094], [107.980823, 15.988449], [107.980871, 15.988503], [107.981041, 15.988691], [107.981075, 15.988776], [107.981102, 15.988843], [107.981123, 15.988967], [107.981124, 15.988972], [107.981086, 15.989149], [107.981075, 15.989199], [107.981037, 15.989374], [107.981025, 15.989392], [107.980925, 15.989533], [107.980894, 15.989666], [107.980876, 15.989746], [107.98087, 15.989918], [107.980866, 15.990046], [107.980861, 15.990193], [107.980856, 15.990498], [107.980821, 15.990618], [107.980719, 15.990795], [107.980599, 15.991039], [107.980564, 15.991197], [107.980564, 15.991288], [107.980663, 15.991778], [107.980721, 15.992309], [107.980721, 15.992374], [107.980696, 15.992699], [107.980631, 15.99292], [107.980563, 15.99305], [107.980534, 15.993275], [107.980534, 15.993512], [107.980601, 15.993794], [107.980903, 15.994556], [107.980998, 15.994999], [107.981147, 15.995653], [107.981156, 15.995691], [107.981312, 15.995998], [107.98167, 15.996429], [107.981873, 15.996674], [107.981873, 15.996674], [107.982226, 15.996742], [107.982612, 15.9968], [107.983603, 15.996959], [107.985129, 15.99741], [107.985346, 15.997511], [107.985763, 15.997699], [107.985965, 15.997811], [107.986136, 15.997837], [107.98635, 15.997784], [107.986631, 15.997624], [107.986647, 15.997574], [107.986646, 15.997512], [107.986667, 15.997455], [107.986728, 15.997421], [107.98685, 15.997312], [107.986901, 15.99723], [107.986916, 15.997159], [107.986909, 15.997102], [107.986895, 15.997024], [107.9869, 15.996971], [107.986928, 15.996943], [107.987091, 15.996881], [107.987374, 15.996779], [107.987423, 15.996751], [107.987453, 15.996697], [107.987458, 15.996646], [107.987469, 15.996545], [107.987486, 15.99644], [107.987519, 15.996377], [107.987577, 15.996307], [107.987728, 15.99609], [107.987809, 15.995966], [107.98786, 15.995873], [107.987883, 15.995741], [107.987913, 15.995648], [107.987982, 15.995564], [107.988047, 15.995542], [107.988146, 15.995544], [107.988235, 15.995544], [107.988291, 15.995569], [107.988356, 15.9957], [107.988457, 15.995753], [107.988553, 15.995755], [107.988664, 15.995728], [107.988804, 15.995644], [107.988869, 15.995571], [107.988939, 15.995538], [107.989052, 15.995527], [107.989129, 15.995554], [107.989191, 15.995594], [107.989255, 15.995621], [107.989318, 15.995619], [107.989393, 15.995595], [107.98944, 15.995565], [107.989474, 15.995511], [107.989507, 15.995463], [107.989568, 15.995428], [107.989633, 15.995408], [107.989696, 15.995367], [107.989814, 15.995235], [107.989896, 15.995131], [107.990024, 15.994974], [107.990137, 15.994856], [107.990219, 15.994792], [107.990291, 15.994756], [107.990338, 15.994716], [107.990384, 15.99465], [107.99046, 15.994534], [107.99053, 15.994455], [107.990678, 15.994332], [107.990721, 15.994305], [107.990761, 15.99431], [107.990799, 15.994333], [107.990852, 15.994368], [107.990922, 15.994409], [107.99101, 15.994439], [107.991081, 15.994438], [107.99116, 15.994425], [107.99121, 15.994392], [107.991272, 15.994311], [107.991346, 15.994229], [107.991415, 15.994175], [107.991468, 15.994172], [107.991502, 15.994195], [107.991515, 15.99425], [107.99151, 15.994338], [107.991487, 15.994382], [107.991458, 15.994419], [107.991447, 15.994478], [107.991448, 15.994536], [107.991491, 15.994638], [107.991558, 15.994752], [107.991599, 15.994866], [107.991594, 15.994941], [107.99158, 15.994984], [107.991573, 15.995004], [107.991527, 15.995055], [107.991411, 15.995133], [107.991246, 15.995202], [107.991199, 15.995246], [107.991194, 15.995283], [107.99121, 15.995304], [107.99125, 15.995353], [107.991269, 15.99541], [107.991341, 15.995466], [107.991403, 15.995484], [107.991474, 15.99548], [107.99156, 15.995438], [107.991618, 15.995386], [107.991671, 15.995347], [107.991748, 15.995336], [107.991819, 15.995343], [107.991869, 15.995371], [107.991935, 15.995391], [107.992006, 15.995413], [107.992089, 15.995416], [107.992199, 15.995385], [107.992342, 15.995338], [107.99239, 15.995322], [107.992575, 15.995281], [107.992731, 15.995277], [107.992791, 15.995289], [107.992867, 15.995347], [107.992923, 15.995414], [107.99297, 15.995505], [107.992999, 15.995601], [107.993519, 15.995794], [107.993787, 15.995869], [107.993994, 15.995808], [107.994359, 15.995627], [107.99491, 15.995287], [107.995239, 15.995149], [107.996015, 15.994856], [107.996269, 15.994705], [107.996571, 15.994414], [107.996747, 15.994292], [107.996975, 15.994308], [107.997212, 15.994309], [107.997537, 15.994228], [107.997971, 15.994188], [107.998162, 15.994182], [107.9985, 15.994256], [107.998866, 15.994412], [107.999026, 15.994489], [107.999511, 15.994715], [107.999873, 15.995108], [108.000163, 15.995698], [108.000457, 15.995768], [108.000546, 15.995759], [108.000603, 15.995735], [108.001816, 15.995978], [108.001816, 15.995978], [108.002395, 15.995936], [108.002573, 15.995895], [108.002917, 15.995707], [108.003267, 15.995604], [108.004122, 15.995358], [108.004694, 15.995316], [108.005147, 15.995236], [108.005524, 15.995263], [108.005806, 15.995252], [108.006399, 15.995275], [108.007397, 15.995178], [108.019219, 15.995408], [108.025331, 15.995903], [108.025466, 15.995899], [108.02723, 15.996082], [108.028255, 15.996517], [108.02939, 15.996953], [108.030258, 15.997044], [108.031818, 15.997322], [108.032765, 15.997237], [108.033561, 15.998557], [108.033848, 15.998983], [108.034323, 15.999688], [108.034504, 15.999973], [108.034579, 16.000196], [108.034625, 16.000348], [108.034707, 16.000512], [108.034789, 16.000648], [108.034902, 16.000795], [108.03509, 16.001083], [108.035336, 16.00157], [108.035658, 16.001996], [108.036186, 16.0026], [108.036409, 16.002828], [108.036663, 16.003089], [108.036906, 16.003217], [108.03706, 16.003257], [108.037308, 16.003308], [108.037602, 16.003305], [108.03778, 16.003345], [108.03781, 16.003351], [108.038017, 16.003387], [108.038201, 16.003354], [108.0385, 16.003286], [108.038758, 16.003335], [108.0391, 16.00342], [108.039107, 16.003422], [108.039374, 16.003472], [108.039651, 16.003536], [108.039864, 16.003571], [108.040005, 16.003567], [108.040024, 16.003566], [108.040026, 16.003566], [108.040241, 16.003627], [108.040428, 16.003724], [108.040545, 16.003825], [108.040559, 16.003843], [108.040596, 16.003891], [108.040656, 16.003971], [108.040726, 16.004166], [108.040789, 16.004296], [108.040917, 16.004457], [108.041213, 16.004713], [108.041479, 16.004951], [108.0418, 16.005307], [108.041998, 16.00551], [108.042168, 16.005623], [108.042302, 16.005743], [108.04235, 16.005802], [108.042464, 16.005989], [108.042623, 16.006172], [108.042746, 16.00628], [108.04291, 16.006424], [108.042991, 16.006517], [108.04313, 16.006737], [108.043241, 16.006881], [108.043347, 16.00699], [108.043495, 16.007045], [108.043674, 16.007131], [108.043898, 16.007262], [108.044058, 16.007364], [108.044222, 16.007431], [108.044371, 16.007484], [108.044536, 16.007471], [108.044544, 16.007472], [108.044696, 16.007478], [108.044915, 16.007545], [108.044923, 16.00755], [108.045075, 16.00765], [108.045252, 16.007774], [108.04543, 16.007848], [108.045678, 16.007924], [108.045808, 16.007938], [108.045949, 16.007909], [108.04617, 16.007807], [108.046383, 16.00764], [108.046546, 16.007513], [108.046614, 16.007429], [108.046652, 16.007383], [108.046753, 16.0073], [108.046873, 16.007266], [108.046976, 16.007262], [108.047066, 16.007276], [108.047247, 16.007267], [108.047251, 16.007272], [108.047388, 16.007373], [108.047394, 16.007378], [108.047558, 16.007516], [108.047678, 16.007604], [108.047814, 16.007627], [108.047852, 16.007613], [108.047917, 16.007587], [108.04801, 16.007542], [108.048105, 16.007417], [108.048165, 16.007297], [108.048234, 16.007249], [108.048346, 16.007254], [108.048491, 16.007319], [108.048607, 16.007341], [108.048723, 16.007312], [108.048987, 16.007343], [108.049152, 16.007446], [108.049242, 16.007504], [108.049723, 16.008058], [108.050209, 16.008585], [108.050293, 16.008652], [108.051269, 16.009435], [108.051451, 16.00951], [108.051398, 16.009793], [108.051331, 16.010031], [108.051224, 16.010265], [108.051092, 16.010414], [108.051057, 16.010501], [108.051077, 16.010618], [108.051202, 16.010785], [108.051335, 16.010933], [108.05148, 16.01107], [108.051618, 16.011251], [108.05166, 16.01143], [108.051627, 16.011624], [108.051414, 16.012008], [108.051338, 16.012186], [108.051329, 16.012293], [108.052222, 16.012819], [108.053393, 16.013516], [108.058872, 16.016776], [108.059217, 16.016981], [108.059276, 16.017016], [108.062797, 16.019111], [108.064752, 16.020274], [108.064827, 16.020221], [108.064997, 16.020202], [108.065204, 16.020255], [108.065319, 16.020315], [108.065382, 16.020348], [108.065498, 16.020409], [108.065579, 16.020469], [108.065879, 16.020714], [108.06595, 16.020822], [108.06595, 16.020835], [108.065951, 16.020904], [108.065927, 16.020961], [108.065905, 16.021026], [108.06588, 16.021096], [108.065881, 16.021187], [108.065918, 16.021315], [108.065978, 16.021386], [108.066258, 16.021559], [108.066707, 16.021794], [108.066781, 16.021833], [108.066859, 16.021856], [108.066868, 16.021859], [108.066878, 16.021862], [108.06691, 16.021871], [108.066951, 16.02188], [108.066965, 16.021883], [108.067028, 16.021882], [108.067074, 16.021875], [108.067097, 16.021872], [108.067185, 16.021818], [108.067327, 16.021677], [108.067398, 16.02163], [108.067401, 16.02163], [108.067433, 16.021626], [108.067467, 16.021624], [108.067504, 16.021627], [108.067542, 16.021633], [108.06758, 16.02164], [108.06762, 16.021653], [108.067664, 16.021671], [108.067712, 16.021695], [108.067742, 16.02171], [108.067762, 16.021721], [108.067818, 16.021754], [108.067823, 16.021757], [108.067883, 16.021797], [108.067953, 16.021844], [108.068025, 16.02189], [108.068098, 16.021936], [108.068174, 16.021982], [108.068244, 16.022028], [108.0683, 16.02207], [108.068347, 16.022109], [108.068391, 16.022148], [108.068434, 16.022189], [108.068485, 16.02224], [108.068544, 16.022301], [108.068607, 16.022364], [108.068645, 16.022399], [108.068657, 16.022413], [108.068669, 16.022422], [108.068671, 16.022424], [108.068732, 16.022475], [108.068788, 16.022516], [108.06884, 16.022554], [108.068841, 16.022554], [108.068889, 16.022588], [108.068927, 16.022612], [108.068928, 16.022612], [108.068954, 16.022627], [108.06898, 16.02264], [108.069015, 16.022655], [108.069049, 16.022662], [108.069079, 16.022661], [108.069107, 16.022656], [108.069139, 16.022647], [108.069171, 16.022632], [108.0692, 16.022611], [108.069201, 16.02261], [108.069229, 16.022588], [108.069264, 16.022556], [108.069312, 16.022507], [108.069371, 16.022447], [108.069433, 16.022384], [108.0695, 16.02232], [108.069569, 16.02226], [108.069636, 16.022203], [108.069701, 16.022148], [108.069757, 16.022103], [108.069787, 16.022081], [108.06989, 16.022041], [108.069937, 16.02203], [108.070012, 16.02203], [108.07008, 16.022025], [108.070125, 16.02201], [108.07017, 16.021974], [108.070198, 16.021934], [108.070212, 16.021895], [108.070227, 16.021772], [108.070227, 16.021772]]]]}, "properties": {"code": "20320", "name": "Hoà Vang", "nameEn": "Hoa Vang", "fullName": "Xã Hoà Vang", "fullNameEn": "Hoa Vang Commune", "codeName": "hoa_vang", "postalCode": "50817", "postalCodePrefix": "", "gisServerId": "diaphanhanhchinhcapxa_2025.1900", "areaKm2": 107.61, "ward_code": "20320", "source_member": "geojson/48_da_nang/wards/20320_hoa_vang.geojson", "requires_boat": false, "region": "danang", "search_name": "Đà Nẵng", "grid_km": 5}}, {"type": "Feature", "id": "20332", "bbox": [108.013147, 15.92537, 108.186154, 15.995095], "geometry": {"type": "MultiPolygon", "coordinates": [[[[108.172958, 15.99432], [108.173479, 15.9939], [108.174371, 15.994088], [108.175736, 15.994201], [108.177019, 15.994163], [108.178784, 15.993955], [108.180855, 15.993714], [108.182097, 15.993524], [108.183026, 15.993577], [108.18421, 15.993723], [108.183844, 15.992892], [108.183753, 15.992766], [108.183662, 15.992609], [108.183575, 15.992292], [108.183516, 15.992049], [108.183444, 15.99187], [108.18334, 15.991661], [108.183267, 15.99153], [108.183223, 15.991479], [108.183143, 15.99142], [108.183073, 15.991364], [108.183043, 15.991321], [108.183033, 15.991265], [108.183038, 15.991225], [108.183063, 15.991192], [108.183115, 15.991147], [108.183275, 15.991044], [108.183433, 15.990967], [108.183574, 15.99092], [108.183679, 15.990903], [108.183747, 15.990904], [108.183789, 15.990914], [108.183846, 15.990942], [108.183881, 15.990947], [108.183913, 15.990924], [108.183932, 15.990874], [108.183982, 15.990582], [108.184004, 15.990343], [108.184018, 15.990147], [108.184058, 15.989871], [108.184117, 15.989648], [108.184165, 15.989531], [108.184203, 15.989369], [108.184256, 15.989104], [108.184264, 15.989061], [108.184326, 15.988866], [108.184392, 15.988733], [108.1845, 15.988644], [108.1846, 15.988559], [108.184688, 15.988419], [108.184742, 15.988265], [108.184738, 15.988195], [108.184693, 15.988082], [108.184606, 15.987966], [108.18455, 15.987873], [108.184527, 15.987755], [108.184503, 15.987671], [108.184423, 15.987575], [108.184347, 15.98754], [108.18429, 15.987542], [108.184196, 15.987569], [108.184142, 15.987561], [108.184054, 15.987515], [108.183973, 15.987432], [108.183928, 15.987329], [108.1839, 15.987183], [108.183899, 15.98716], [108.18389, 15.986997], [108.18393, 15.986806], [108.183964, 15.986706], [108.183965, 15.986582], [108.183953, 15.986414], [108.183954, 15.986333], [108.183975, 15.986281], [108.184025, 15.986236], [108.184094, 15.986201], [108.184161, 15.986169], [108.184181, 15.986145], [108.184172, 15.986104], [108.184124, 15.986046], [108.18407, 15.986016], [108.184021, 15.985987], [108.183863, 15.985957], [108.184072, 15.985814], [108.184887, 15.9854], [108.185249, 15.985207], [108.185388, 15.985008], [108.185434, 15.984925], [108.185455, 15.984876], [108.185452, 15.98478], [108.185464, 15.984749], [108.185484, 15.984706], [108.185533, 15.984658], [108.185603, 15.984627], [108.185751, 15.984536], [108.185798, 15.984515], [108.185909, 15.984515], [108.185955, 15.984508], [108.18599, 15.984481], [108.186006, 15.984393], [108.186031, 15.984335], [108.186106, 15.984165], [108.186146, 15.984033], [108.186154, 15.983959], [108.186148, 15.983909], [108.186118, 15.983883], [108.186056, 15.983841], [108.186015, 15.983779], [108.185821, 15.983219], [108.185789, 15.983202], [108.185689, 15.983222], [108.185147, 15.982025], [108.185477, 15.981868], [108.18586, 15.981669], [108.185809, 15.981435], [108.185545, 15.980527], [108.185297, 15.98062], [108.185139, 15.98038], [108.184992, 15.980487], [108.184719, 15.980037], [108.184401, 15.98025], [108.184306, 15.979996], [108.184492, 15.979902], [108.184604, 15.979805], [108.184703, 15.979658], [108.184755, 15.979542], [108.18475, 15.979471], [108.184716, 15.97941], [108.18467, 15.979336], [108.184647, 15.979035], [108.184672, 15.978938], [108.184714, 15.978841], [108.184743, 15.978724], [108.184726, 15.978626], [108.184715, 15.978558], [108.184703, 15.978529], [108.184687, 15.978513], [108.184634, 15.978507], [108.184447, 15.978519], [108.18442, 15.978513], [108.1844, 15.978497], [108.184384, 15.978475], [108.184373, 15.978447], [108.184364, 15.978319], [108.184356, 15.9782], [108.184106, 15.978204], [108.18408, 15.978202], [108.184063, 15.978196], [108.184057, 15.978185], [108.184048, 15.978142], [108.184033, 15.978061], [108.184026, 15.978032], [108.184013, 15.978011], [108.183971, 15.977977], [108.183929, 15.97795], [108.183907, 15.977922], [108.183903, 15.977903], [108.183907, 15.977866], [108.183918, 15.977806], [108.183945, 15.977739], [108.184, 15.977627], [108.18403, 15.977565], [108.184035, 15.977539], [108.184037, 15.977508], [108.18401, 15.977376], [108.183934, 15.977155], [108.183908, 15.977082], [108.183904, 15.97706], [108.183902, 15.977031], [108.183908, 15.977001], [108.183926, 15.976959], [108.184003, 15.976855], [108.184432, 15.976704], [108.184179, 15.976074], [108.184116, 15.97605], [108.184079, 15.976036], [108.183856, 15.975946], [108.183788, 15.975918], [108.183638, 15.975832], [108.183562, 15.975774], [108.183449, 15.975668], [108.18412, 15.975471], [108.184107, 15.975434], [108.184039, 15.975266], [108.183973, 15.975082], [108.183837, 15.974667], [108.183792, 15.974503], [108.183733, 15.974276], [108.183711, 15.974185], [108.183537, 15.97416], [108.183518, 15.974057], [108.183473, 15.97401], [108.183408, 15.973985], [108.183243, 15.973182], [108.183471, 15.973154], [108.183454, 15.973084], [108.183413, 15.972886], [108.183388, 15.972787], [108.183333, 15.972526], [108.183328, 15.972505], [108.183306, 15.972412], [108.183267, 15.972251], [108.183205, 15.972006], [108.183141, 15.971717], [108.183131, 15.971677], [108.183076, 15.971449], [108.183065, 15.971404], [108.183001, 15.971138], [108.182955, 15.970915], [108.182952, 15.9709], [108.1829, 15.970683], [108.182841, 15.970427], [108.182767, 15.970105], [108.182731, 15.969948], [108.182686, 15.96972], [108.182657, 15.969573], [108.182587, 15.969334], [108.182556, 15.9692], [108.182542, 15.969139], [108.182506, 15.969006], [108.182461, 15.968806], [108.182448, 15.968751], [108.182415, 15.968606], [108.182386, 15.968483], [108.182325, 15.968216], [108.182275, 15.967985], [108.182257, 15.967907], [108.182213, 15.967723], [108.182133, 15.967398], [108.18207, 15.967105], [108.182027, 15.96691], [108.181984, 15.966716], [108.181901, 15.966356], [108.181879, 15.966268], [108.181837, 15.9661], [108.181813, 15.966004], [108.18172, 15.965619], [108.181634, 15.965255], [108.182004, 15.965191], [108.182347, 15.965167], [108.182651, 15.965179], [108.183245, 15.965278], [108.18419, 15.9655], [108.184632, 15.965592], [108.184643, 15.965506], [108.184576, 15.964967], [108.184513, 15.963916], [108.184461, 15.962862], [108.184437, 15.962747], [108.184356, 15.962452], [108.184335, 15.962333], [108.184334, 15.96215], [108.184366, 15.961856], [108.184437, 15.961556], [108.184413, 15.961477], [108.184326, 15.961425], [108.184186, 15.961416], [108.184244, 15.961103], [108.18425, 15.960777], [108.184232, 15.96058], [108.184268, 15.960297], [108.184328, 15.960095], [108.184396, 15.95999], [108.184691, 15.959878], [108.184542, 15.959437], [108.184504, 15.959383], [108.184422, 15.959308], [108.184284, 15.959188], [108.184147, 15.959013], [108.183796, 15.958731], [108.183944, 15.958605], [108.183723, 15.958289], [108.183667, 15.958158], [108.183523, 15.957584], [108.183582, 15.957572], [108.183628, 15.957565], [108.183712, 15.957531], [108.183704, 15.957519], [108.183643, 15.957426], [108.183575, 15.957334], [108.183482, 15.957266], [108.183409, 15.957179], [108.183351, 15.957069], [108.18334, 15.956985], [108.183004, 15.956932], [108.182636, 15.956829], [108.182839, 15.956325], [108.182715, 15.956281], [108.182831, 15.956063], [108.182215, 15.956155], [108.182156, 15.956122], [108.181871, 15.955569], [108.181844, 15.955569], [108.18178, 15.955556], [108.181731, 15.955537], [108.181732, 15.955508], [108.181725, 15.955465], [108.181709, 15.955442], [108.181684, 15.955435], [108.181551, 15.955428], [108.181747, 15.955124], [108.181359, 15.95498], [108.181294, 15.95507], [108.180715, 15.954857], [108.180695, 15.954757], [108.180681, 15.954701], [108.180639, 15.954549], [108.180635, 15.954535], [108.180526, 15.954511], [108.180397, 15.954478], [108.180359, 15.954481], [108.180364, 15.954425], [108.18037, 15.954353], [108.180396, 15.954261], [108.180415, 15.95417], [108.180463, 15.954069], [108.180507, 15.954024], [108.180302, 15.953786], [108.180216, 15.953611], [108.180143, 15.953327], [108.180093, 15.952489], [108.180095, 15.951898], [108.180132, 15.951446], [108.179182, 15.951204], [108.179256, 15.950996], [108.179383, 15.950694], [108.179527, 15.950401], [108.179717, 15.950027], [108.179801, 15.949862], [108.179901, 15.949666], [108.180089, 15.949291], [108.180197, 15.949076], [108.180258, 15.948953], [108.180595, 15.94829], [108.180692, 15.9481], [108.180776, 15.947933], [108.180854, 15.947778], [108.180959, 15.947571], [108.181128, 15.947237], [108.181234, 15.947029], [108.181357, 15.946786], [108.180861, 15.946467], [108.180584, 15.946264], [108.180864, 15.945724], [108.180678, 15.945622], [108.180932, 15.945223], [108.180414, 15.944807], [108.180271, 15.944741], [108.179623, 15.942326], [108.179427, 15.941767], [108.17934, 15.941482], [108.179243, 15.941015], [108.179115, 15.939613], [108.177997, 15.939424], [108.177461, 15.939369], [108.176702, 15.939291], [108.176379, 15.939291], [108.176169, 15.939367], [108.17593, 15.939529], [108.175735, 15.939662], [108.175565, 15.939763], [108.17539, 15.939868], [108.175386, 15.93987], [108.175384, 15.939871], [108.175271, 15.939911], [108.17519, 15.939939], [108.174663, 15.940059], [108.174333, 15.940129], [108.174154, 15.940167], [108.174115, 15.940177], [108.173875, 15.940226], [108.173819, 15.940234], [108.173782, 15.94024], [108.173727, 15.940247], [108.173684, 15.940254], [108.173268, 15.940314], [108.173117, 15.940336], [108.17287, 15.940307], [108.172594, 15.940164], [108.172167, 15.939732], [108.172052, 15.939701], [108.171948, 15.9397], [108.171758, 15.939763], [108.171451, 15.939881], [108.17119, 15.939977], [108.17092, 15.940086], [108.170635, 15.940193], [108.170535, 15.940234], [108.17032, 15.940404], [108.169758, 15.940983], [108.169479, 15.94125], [108.169091, 15.941621], [108.169068, 15.941621], [108.169006, 15.941635], [108.168917, 15.941637], [108.168765, 15.941629], [108.168559, 15.941576], [108.168417, 15.942213], [108.168308, 15.942164], [108.16811, 15.942961], [108.168002, 15.943159], [108.16781, 15.943511], [108.167706, 15.943552], [108.167595, 15.943542], [108.167481, 15.944161], [108.167421, 15.944482], [108.167366, 15.944659], [108.167307, 15.944796], [108.167227, 15.944771], [108.167154, 15.944866], [108.167125, 15.944923], [108.167087, 15.945054], [108.167079, 15.945142], [108.167079, 15.945216], [108.167097, 15.945378], [108.167132, 15.945566], [108.167159, 15.945648], [108.167204, 15.945754], [108.167226, 15.94584], [108.167228, 15.945881], [108.167225, 15.945961], [108.167163, 15.946127], [108.167052, 15.946351], [108.166948, 15.946479], [108.166866, 15.946571], [108.166815, 15.946614], [108.166759, 15.946641], [108.166653, 15.946676], [108.166535, 15.946691], [108.166328, 15.946704], [108.166235, 15.946695], [108.166114, 15.946671], [108.166007, 15.946639], [108.165948, 15.946621], [108.165705, 15.94649], [108.165608, 15.947002], [108.165531, 15.947299], [108.165434, 15.947732], [108.16538, 15.948175], [108.165391, 15.948263], [108.165024, 15.948274], [108.164914, 15.948289], [108.164836, 15.948305], [108.164675, 15.948421], [108.164603, 15.948485], [108.164535, 15.948607], [108.164528, 15.948657], [108.164539, 15.948709], [108.164608, 15.948801], [108.164756, 15.948933], [108.165046, 15.949158], [108.164938, 15.94925], [108.164977, 15.94933], [108.165086, 15.949579], [108.165163, 15.949878], [108.165267, 15.950333], [108.165271, 15.950465], [108.165265, 15.950559], [108.165248, 15.950624], [108.165203, 15.950737], [108.165063, 15.951074], [108.165021, 15.951147], [108.16499, 15.951172], [108.164949, 15.951187], [108.164905, 15.951197], [108.164755, 15.951198], [108.164704, 15.951201], [108.164671, 15.951221], [108.164648, 15.951316], [108.16458, 15.95161], [108.16454, 15.951807], [108.164399, 15.951784], [108.163829, 15.951689], [108.163745, 15.951659], [108.163678, 15.951614], [108.163627, 15.95155], [108.162788, 15.950662], [108.162531, 15.950373], [108.162387, 15.950264], [108.16235, 15.95023], [108.162327, 15.950198], [108.162202, 15.950162], [108.162031, 15.950116], [108.161863, 15.950075], [108.161748, 15.950061], [108.161592, 15.950077], [108.161363, 15.950115], [108.161172, 15.950129], [108.160988, 15.950133], [108.160845, 15.950166], [108.16067, 15.950243], [108.160276, 15.95045], [108.160089, 15.950551], [108.159835, 15.950682], [108.159468, 15.950879], [108.158513, 15.951372], [108.158005, 15.951624], [108.157423, 15.95191], [108.15676, 15.95215], [108.156194, 15.952296], [108.155567, 15.952457], [108.154782, 15.952637], [108.154477, 15.952731], [108.154425, 15.95273], [108.154076, 15.952748], [108.153734, 15.95284], [108.153692, 15.952768], [108.153459, 15.952484], [108.153208, 15.952231], [108.152602, 15.951733], [108.151952, 15.951246], [108.151413, 15.950711], [108.150978, 15.950132], [108.150628, 15.949492], [108.150419, 15.948719], [108.150094, 15.947666], [108.149932, 15.946815], [108.149758, 15.945569], [108.149649, 15.94452], [108.149635, 15.943994], [108.149689, 15.942745], [108.149674, 15.941778], [108.149518, 15.940431], [108.149259, 15.939282], [108.149065, 15.938341], [108.148876, 15.937299], [108.148725, 15.936721], [108.148578, 15.936365], [108.148223, 15.935785], [108.147749, 15.935117], [108.147332, 15.934449], [108.147171, 15.934057], [108.147053, 15.933581], [108.14703, 15.933072], [108.146736, 15.933036], [108.146036, 15.933002], [108.145665, 15.933168], [108.1455, 15.933251], [108.14494, 15.932564], [108.144199, 15.933342], [108.143695, 15.932917], [108.143471, 15.932794], [108.143318, 15.932692], [108.143212, 15.932565], [108.143014, 15.93275], [108.142636, 15.932487], [108.142099, 15.93294], [108.141844, 15.932422], [108.14165, 15.93191], [108.141469, 15.931481], [108.141405, 15.931334], [108.141025, 15.931362], [108.140333, 15.931308], [108.139428, 15.931185], [108.139336, 15.931177], [108.138927, 15.931139], [108.138494, 15.931131], [108.138231, 15.931177], [108.138047, 15.931245], [108.137632, 15.930522], [108.137397, 15.930635], [108.136434, 15.931086], [108.135921, 15.931297], [108.135447, 15.931556], [108.135081, 15.931806], [108.134678, 15.932023], [108.133153, 15.932532], [108.132331, 15.932752], [108.132068, 15.932822], [108.130956, 15.933254], [108.130112, 15.933705], [108.129585, 15.933992], [108.128489, 15.934546], [108.128158, 15.934745], [108.12798, 15.934852], [108.127942, 15.93493], [108.127906, 15.935105], [108.127781, 15.935195], [108.12771, 15.935339], [108.127631, 15.935421], [108.127505, 15.935474], [108.127213, 15.935544], [108.126816, 15.935665], [108.126815, 15.935664], [108.126566, 15.935713], [108.126561, 15.936565], [108.125961, 15.9366], [108.125948, 15.937144], [108.125642, 15.937164], [108.125345, 15.937265], [108.125106, 15.937332], [108.125103, 15.937338], [108.125125, 15.937374], [108.125142, 15.937503], [108.12508, 15.937666], [108.125049, 15.93772], [108.125033, 15.937749], [108.124941, 15.937912], [108.124742, 15.938197], [108.1247, 15.938303], [108.124657, 15.938408], [108.12457, 15.938534], [108.124548, 15.938549], [108.124433, 15.938627], [108.124236, 15.938634], [108.124058, 15.938646], [108.124022, 15.938663], [108.12392, 15.938709], [108.123872, 15.93873], [108.123801, 15.938776], [108.123716, 15.93883], [108.123578, 15.938919], [108.123493, 15.939033], [108.123416, 15.939134], [108.123399, 15.939156], [108.123141, 15.939389], [108.123028, 15.939506], [108.123005, 15.93953], [108.122859, 15.939646], [108.12256, 15.939813], [108.122433, 15.939898], [108.122389, 15.939928], [108.122218, 15.940043], [108.122061, 15.940107], [108.121974, 15.940119], [108.121859, 15.940134], [108.121613, 15.940166], [108.121565, 15.940183], [108.121356, 15.940256], [108.121298, 15.940276], [108.121047, 15.940372], [108.121013, 15.940385], [108.120827, 15.940455], [108.120679, 15.940485], [108.120388, 15.940509], [108.12023, 15.940492], [108.120201, 15.940499], [108.120077, 15.940528], [108.119935, 15.940582], [108.119827, 15.940596], [108.119772, 15.940604], [108.119649, 15.940629], [108.119517, 15.940693], [108.11942, 15.940778], [108.119273, 15.940907], [108.119157, 15.941052], [108.11909, 15.941192], [108.119032, 15.94124], [108.118935, 15.941251], [108.118933, 15.941251], [108.11882, 15.941253], [108.118726, 15.941297], [108.11861, 15.94141], [108.118546, 15.941472], [108.118439, 15.941583], [108.118233, 15.941629], [108.118006, 15.941685], [108.117849, 15.941692], [108.11754, 15.941705], [108.117304, 15.941702], [108.116702, 15.941931], [108.116216, 15.942295], [108.115768, 15.942552], [108.115429, 15.942906], [108.115276, 15.94325], [108.115073, 15.943618], [108.115069, 15.943904], [108.115162, 15.944288], [108.115121, 15.944522], [108.115057, 15.944644], [108.115004, 15.944704], [108.114895, 15.944819], [108.114776, 15.944913], [108.114673, 15.945001], [108.114634, 15.94504], [108.114601, 15.945085], [108.114551, 15.945146], [108.114473, 15.945236], [108.114373, 15.945321], [108.114245, 15.945415], [108.114102, 15.945503], [108.113949, 15.945569], [108.113852, 15.945591], [108.113692, 15.945603], [108.113499, 15.945624], [108.113452, 15.945636], [108.11342, 15.945649], [108.113361, 15.945688], [108.113311, 15.945742], [108.113171, 15.945851], [108.113084, 15.94593], [108.112887, 15.946036], [108.112759, 15.946099], [108.11264, 15.946151], [108.112578, 15.946178], [108.112554, 15.946185], [108.112466, 15.946225], [108.112261, 15.946294], [108.111939, 15.946361], [108.11179, 15.946407], [108.111678, 15.946501], [108.111378, 15.946754], [108.111154, 15.9469], [108.110997, 15.947018], [108.110779, 15.947218], [108.110684, 15.94736], [108.110541, 15.947436], [108.110186, 15.947634], [108.110042, 15.947722], [108.1097, 15.947932], [108.109545, 15.94802], [108.109422, 15.948048], [108.109261, 15.948004], [108.109046, 15.947905], [108.108906, 15.947802], [108.108882, 15.947784], [108.108722, 15.947662], [108.10862, 15.947505], [108.108517, 15.947373], [108.108254, 15.947142], [108.108247, 15.947127], [108.108243, 15.947126], [108.108052, 15.947087], [108.107961, 15.947069], [108.107914, 15.947056], [108.10788, 15.947039], [108.107846, 15.947003], [108.10779, 15.946918], [108.107618, 15.946691], [108.107403, 15.946443], [108.10732, 15.946321], [108.107293, 15.946289], [108.107204, 15.946141], [108.107109, 15.945993], [108.107051, 15.945917], [108.106982, 15.945837], [108.106916, 15.945769], [108.106875, 15.945737], [108.106792, 15.94569], [108.106721, 15.945656], [108.106632, 15.945642], [108.106467, 15.945596], [108.106419, 15.945582], [108.106369, 15.94556], [108.106315, 15.945524], [108.106247, 15.945462], [108.106193, 15.94539], [108.106139, 15.945308], [108.106077, 15.945226], [108.10603, 15.945162], [108.105992, 15.945117], [108.105932, 15.945068], [108.105851, 15.945016], [108.105773, 15.944965], [108.105663, 15.944901], [108.105629, 15.944881], [108.105499, 15.944817], [108.105369, 15.944763], [108.105276, 15.944731], [108.105216, 15.944701], [108.10512, 15.944643], [108.105044, 15.944579], [108.104957, 15.944501], [108.104876, 15.944423], [108.104785, 15.944331], [108.104733, 15.944276], [108.10469, 15.944245], [108.104645, 15.944216], [108.104569, 15.944169], [108.104497, 15.944131], [108.10446, 15.944115], [108.104409, 15.944097], [108.104344, 15.944083], [108.104272, 15.944069], [108.104198, 15.944056], [108.10414, 15.944041], [108.104091, 15.944026], [108.104057, 15.944012], [108.104029, 15.943995], [108.10401, 15.943977], [108.103992, 15.94395], [108.103967, 15.943909], [108.103952, 15.943878], [108.10388, 15.943783], [108.103803, 15.943693], [108.103663, 15.943569], [108.103514, 15.943482], [108.103319, 15.943412], [108.102987, 15.943363], [108.102554, 15.943248], [108.102184, 15.943029], [108.10206, 15.942943], [108.101967, 15.942869], [108.101865, 15.942749], [108.101803, 15.942627], [108.101513, 15.942113], [108.10129, 15.941775], [108.101156, 15.941477], [108.101111, 15.94119], [108.100995, 15.941007], [108.100827, 15.941014], [108.100619, 15.941078], [108.100309, 15.941303], [108.10007, 15.941472], [108.099703, 15.941513], [108.099565, 15.941484], [108.09908, 15.941324], [108.098859, 15.941263], [108.098776, 15.941247], [108.098632, 15.941212], [108.098499, 15.941158], [108.098411, 15.941107], [108.098346, 15.94109], [108.098198, 15.94109], [108.09805, 15.941084], [108.09791, 15.941082], [108.097789, 15.941094], [108.097694, 15.94111], [108.097629, 15.941125], [108.097532, 15.941143], [108.097495, 15.94114], [108.097472, 15.94114], [108.09744, 15.941137], [108.097414, 15.941131], [108.097392, 15.94112], [108.097381, 15.941108], [108.097348, 15.941057], [108.097328, 15.941026], [108.097294, 15.940995], [108.097208, 15.940918], [108.097078, 15.940788], [108.096996, 15.940667], [108.096923, 15.940525], [108.096661, 15.94028], [108.096472, 15.94018], [108.096292, 15.940088], [108.095882, 15.939955], [108.095805, 15.939931], [108.095778, 15.939919], [108.095726, 15.939896], [108.095636, 15.939838], [108.095466, 15.939687], [108.09536, 15.939514], [108.095265, 15.939245], [108.095239, 15.938986], [108.095114, 15.938746], [108.094859, 15.93858], [108.094635, 15.938376], [108.094347, 15.937827], [108.094154, 15.937471], [108.093805, 15.937027], [108.093506, 15.936535], [108.093292, 15.936265], [108.092842, 15.935972], [108.092333, 15.935688], [108.09194, 15.93553], [108.091279, 15.935445], [108.090983, 15.935421], [108.09062, 15.935302], [108.090198, 15.935095], [108.089851, 15.934937], [108.089553, 15.934782], [108.089277, 15.934635], [108.089129, 15.934615], [108.088993, 15.934655], [108.088614, 15.934805], [108.088447, 15.934845], [108.088336, 15.934807], [108.088288, 15.934717], [108.088284, 15.93458], [108.088257, 15.934329], [108.08823, 15.934053], [108.088164, 15.933921], [108.088035, 15.933848], [108.08785, 15.933743], [108.08776, 15.933659], [108.087617, 15.933352], [108.087572, 15.933017], [108.087576, 15.932766], [108.087633, 15.932612], [108.087834, 15.932423], [108.08796, 15.932222], [108.088, 15.932025], [108.087949, 15.931708], [108.087846, 15.931163], [108.087844, 15.930858], [108.087891, 15.930614], [108.087975, 15.930323], [108.088003, 15.930078], [108.087975, 15.929887], [108.087881, 15.929745], [108.087697, 15.929572], [108.087461, 15.929475], [108.087107, 15.929111], [108.087098, 15.929099], [108.086875, 15.928764], [108.086825, 15.928592], [108.086835, 15.928412], [108.086861, 15.928176], [108.086872, 15.927926], [108.086815, 15.92776], [108.086588, 15.92757], [108.086168, 15.9274], [108.085882, 15.927253], [108.085513, 15.927097], [108.085303, 15.927018], [108.084983, 15.926958], [108.084829, 15.926928], [108.084549, 15.926925], [108.084041, 15.92697], [108.083928, 15.926999], [108.083469, 15.927058], [108.082997, 15.927039], [108.082688, 15.926969], [108.082461, 15.926822], [108.081926, 15.926243], [108.081484, 15.925884], [108.080953, 15.925576], [108.080455, 15.925469], [108.079641, 15.925459], [108.079032, 15.925389], [108.078655, 15.925459], [108.078308, 15.925492], [108.077774, 15.925478], [108.077285, 15.925428], [108.076869, 15.92537], [108.076603, 15.925381], [108.076046, 15.925508], [108.075656, 15.925638], [108.075254, 15.925831], [108.074789, 15.92593], [108.074304, 15.925871], [108.073679, 15.925697], [108.073434, 15.925686], [108.073256, 15.925727], [108.073129, 15.925775], [108.072942, 15.925952], [108.072747, 15.926071], [108.072442, 15.926189], [108.072064, 15.926212], [108.071842, 15.926195], [108.071665, 15.926135], [108.071502, 15.92609], [108.071193, 15.926], [108.070667, 15.925978], [108.070194, 15.925998], [108.069472, 15.926048], [108.069087, 15.926025], [108.069033, 15.926043], [108.068992, 15.926042], [108.068613, 15.926123], [108.068248, 15.92629], [108.067926, 15.926515], [108.067738, 15.92672], [108.067571, 15.926969], [108.067209, 15.927374], [108.06716, 15.927436], [108.066863, 15.927856], [108.066672, 15.927988], [108.066348, 15.928107], [108.065728, 15.928259], [108.064776, 15.92848], [108.063668, 15.92869], [108.062275, 15.929154], [108.061929, 15.929302], [108.061747, 15.929498], [108.061618, 15.929758], [108.061549, 15.930081], [108.061479, 15.930391], [108.061442, 15.93085], [108.061437, 15.93129], [108.061418, 15.931501], [108.061312, 15.932115], [108.06111, 15.932634], [108.060742, 15.933433], [108.060614, 15.933882], [108.0605, 15.933857], [108.060164, 15.933787], [108.059586, 15.93373], [108.059316, 15.9337], [108.058792, 15.933641], [108.058774, 15.933639], [108.058295, 15.933584], [108.057925, 15.933468], [108.057855, 15.933447], [108.057387, 15.933324], [108.057349, 15.933312], [108.057244, 15.933278], [108.057238, 15.933276], [108.057215, 15.933212], [108.057237, 15.933177], [108.05728, 15.933111], [108.057346, 15.933063], [108.057441, 15.932994], [108.057483, 15.932905], [108.057513, 15.932842], [108.057489, 15.932699], [108.057398, 15.932586], [108.057338, 15.932572], [108.057168, 15.932532], [108.057088, 15.932538], [108.056798, 15.932559], [108.056444, 15.9327], [108.055938, 15.933022], [108.05528, 15.933132], [108.05497, 15.933179], [108.054846, 15.93316], [108.05462, 15.933126], [108.054579, 15.933119], [108.054558, 15.933114], [108.054173, 15.933023], [108.054071, 15.932999], [108.053692, 15.932904], [108.053106, 15.93284], [108.052662, 15.932875], [108.052491, 15.932898], [108.052425, 15.932907], [108.052165, 15.932882], [108.051934, 15.932785], [108.051732, 15.93263], [108.051678, 15.932488], [108.05166, 15.932458], [108.051556, 15.932282], [108.051458, 15.932118], [108.051234, 15.932007], [108.051012, 15.93201], [108.050702, 15.9321], [108.050291, 15.932364], [108.050169, 15.932453], [108.050145, 15.93247], [108.050049, 15.93254], [108.049857, 15.932564], [108.049753, 15.932535], [108.049686, 15.932516], [108.049278, 15.932493], [108.048753, 15.932572], [108.048665, 15.932596], [108.048303, 15.932693], [108.047668, 15.932788], [108.047648, 15.932795], [108.047321, 15.932908], [108.047144, 15.932903], [108.046846, 15.9328], [108.046614, 15.932688], [108.046555, 15.932648], [108.046502, 15.932611], [108.046384, 15.932606], [108.046344, 15.932625], [108.046214, 15.932687], [108.046119, 15.932746], [108.046007, 15.932711], [108.04579, 15.932633], [108.045776, 15.932629], [108.045683, 15.932603], [108.045316, 15.932624], [108.044892, 15.932752], [108.044522, 15.93288], [108.044071, 15.93306], [108.043756, 15.93327], [108.043539, 15.933522], [108.042845, 15.934095], [108.042268, 15.934547], [108.041896, 15.934649], [108.04158, 15.934734], [108.04132, 15.934731], [108.04113, 15.934657], [108.041114, 15.934637], [108.04096, 15.934451], [108.040857, 15.93436], [108.040635, 15.934309], [108.039379, 15.934071], [108.038871, 15.934034], [108.038154, 15.93381], [108.037624, 15.933522], [108.03743, 15.93346], [108.037183, 15.933471], [108.036335, 15.933471], [108.036013, 15.933477], [108.035661, 15.933484], [108.035618, 15.933487], [108.035232, 15.933452], [108.034488, 15.933294], [108.033836, 15.933049], [108.033049, 15.932669], [108.031984, 15.93196], [108.031666, 15.931823], [108.030764, 15.931253], [108.030364, 15.930962], [108.029796, 15.930423], [108.029522, 15.930315], [108.029354, 15.930293], [108.029068, 15.930251], [108.028624, 15.930235], [108.02821, 15.930163], [108.027905, 15.930063], [108.027532, 15.929914], [108.027288, 15.929758], [108.026929, 15.929505], [108.026091, 15.929216], [108.025248, 15.929008], [108.024405, 15.928772], [108.023893, 15.928715], [108.023338, 15.92871], [108.022698, 15.928853], [108.022285, 15.928964], [108.021686, 15.929221], [108.020225, 15.929929], [108.019822, 15.93003], [108.019624, 15.930033], [108.019425, 15.929883], [108.019303, 15.929665], [108.019189, 15.929323], [108.019136, 15.929084], [108.019034, 15.928847], [108.018813, 15.928621], [108.018594, 15.928509], [108.018267, 15.928418], [108.017892, 15.928392], [108.017649, 15.928337], [108.01736, 15.928296], [108.017129, 15.928252], [108.0169, 15.92817], [108.016724, 15.928084], [108.016715, 15.928077], [108.01646, 15.927823], [108.016122, 15.927317], [108.015793, 15.927013], [108.015413, 15.926805], [108.015167, 15.926778], [108.014858, 15.926797], [108.014325, 15.926815], [108.013623, 15.926706], [108.013422, 15.926686], [108.013301, 15.926674], [108.013147, 15.926647], [108.013222, 15.941593], [108.013233, 15.943899], [108.013248, 15.946873], [108.013449, 15.946997], [108.029119, 15.953797], [108.031884, 15.954997], [108.035212, 15.955925], [108.035295, 15.955942], [108.035391, 15.95585], [108.03543, 15.955806], [108.035957, 15.955209], [108.036171, 15.955044], [108.036496, 15.954926], [108.036741, 15.9549], [108.037056, 15.954918], [108.038164, 15.955086], [108.038513, 15.955042], [108.03878, 15.955017], [108.039031, 15.955071], [108.039237, 15.955167], [108.03945, 15.955313], [108.039664, 15.955366], [108.039908, 15.95537], [108.040233, 15.95541], [108.04043, 15.95542], [108.040885, 15.955469], [108.04104, 15.955493], [108.041313, 15.955561], [108.041497, 15.955607], [108.041653, 15.955616], [108.041787, 15.955575], [108.04198, 15.955542], [108.042156, 15.955637], [108.042242, 15.955853], [108.04243, 15.95615], [108.042757, 15.956606], [108.042959, 15.956953], [108.04328, 15.957359], [108.043462, 15.957526], [108.043771, 15.957709], [108.044279, 15.95791], [108.044994, 15.958206], [108.045085, 15.958247], [108.04622, 15.958657], [108.047755, 15.958915], [108.052405, 15.960004], [108.053218, 15.96012], [108.054609, 15.959745], [108.055255, 15.959472], [108.055761, 15.959336], [108.05636, 15.959387], [108.056751, 15.959507], [108.056973, 15.959524], [108.057315, 15.959457], [108.057479, 15.959366], [108.057725, 15.959262], [108.057993, 15.959216], [108.058423, 15.959193], [108.058889, 15.959228], [108.05973, 15.959462], [108.060017, 15.959588], [108.060224, 15.959612], [108.060425, 15.959572], [108.060731, 15.959425], [108.060933, 15.959299], [108.061163, 15.959281], [108.061414, 15.959334], [108.062451, 15.959857], [108.063032, 15.960145], [108.063582, 15.960525], [108.064139, 15.960956], [108.064365, 15.961238], [108.064627, 15.961536], [108.064852, 15.961833], [108.06505, 15.962022], [108.065366, 15.962205], [108.065594, 15.96228], [108.065928, 15.962284], [108.066514, 15.962235], [108.067152, 15.962115], [108.06762, 15.962064], [108.067879, 15.962067], [108.06808, 15.962034], [108.068385, 15.961909], [108.06876, 15.961628], [108.069142, 15.961332], [108.069516, 15.961079], [108.069784, 15.960989], [108.070304, 15.960918], [108.070996, 15.960719], [108.071975, 15.960166], [108.072527, 15.959858], [108.072701, 15.959624], [108.072817, 15.959296], [108.072909, 15.95909], [108.073029, 15.958969], [108.073422, 15.958967], [108.073932, 15.959075], [108.074095, 15.959063], [108.074289, 15.958922], [108.074703, 15.958519], [108.074964, 15.958358], [108.075187, 15.958318], [108.075498, 15.958343], [108.075748, 15.958505], [108.076063, 15.958709], [108.076403, 15.958764], [108.076891, 15.958864], [108.077488, 15.959037], [108.078087, 15.959131], [108.078427, 15.959172], [108.078937, 15.959265], [108.079505, 15.95943], [108.080015, 15.9597], [108.080028, 15.959706], [108.080605, 15.959989], [108.0811, 15.960282], [108.081339, 15.960405], [108.081499, 15.960497], [108.08162, 15.960654], [108.081722, 15.960816], [108.081788, 15.960949], [108.081948, 15.961046], [108.082224, 15.961128], [108.083687, 15.961545], [108.085305, 15.962083], [108.085805, 15.96237], [108.086454, 15.962551], [108.087162, 15.962771], [108.088135, 15.963118], [108.088498, 15.963276], [108.088803, 15.963376], [108.089374, 15.963508], [108.09018, 15.963815], [108.090591, 15.964069], [108.091023, 15.964285], [108.091496, 15.964358], [108.092186, 15.964482], [108.093601, 15.964843], [108.095078, 15.965334], [108.094879, 15.965465], [108.094824, 15.965546], [108.094807, 15.96568], [108.094854, 15.965833], [108.094966, 15.965988], [108.09512, 15.966272], [108.095263, 15.966579], [108.095396, 15.966944], [108.095518, 15.967094], [108.095601, 15.967153], [108.095743, 15.967207], [108.096191, 15.967333], [108.096329, 15.967387], [108.096387, 15.967445], [108.096444, 15.96757], [108.096542, 15.968011], [108.096779, 15.968726], [108.096792, 15.968789], [108.096834, 15.96899], [108.096869, 15.96964], [108.09692, 15.969846], [108.097017, 15.970005], [108.097235, 15.970244], [108.097382, 15.970439], [108.097437, 15.970437], [108.097589, 15.97044], [108.09767, 15.970447], [108.097766, 15.970468], [108.098272, 15.970765], [108.098838, 15.971122], [108.099526, 15.971547], [108.099684, 15.971667], [108.099931, 15.971712], [108.100012, 15.97172], [108.100947, 15.971788], [108.101096, 15.971802], [108.101172, 15.971816], [108.101214, 15.971827], [108.101248, 15.971833], [108.101277, 15.971833], [108.101416, 15.97183], [108.101678, 15.971831], [108.101894, 15.97184], [108.102008, 15.971846], [108.102221, 15.971865], [108.102375, 15.971877], [108.102555, 15.971885], [108.102683, 15.97189], [108.103238, 15.971904], [108.103232, 15.973022], [108.103232, 15.97304], [108.103362, 15.973033], [108.103376, 15.973033], [108.103475, 15.973022], [108.103613, 15.973007], [108.104728, 15.972978], [108.104836, 15.972975], [108.105022, 15.97297], [108.105362, 15.972961], [108.105652, 15.972969], [108.105964, 15.97296], [108.106157, 15.972959], [108.106402, 15.972958], [108.106975, 15.972938], [108.107597, 15.972927], [108.108011, 15.972927], [108.108266, 15.97292], [108.108303, 15.972915], [108.108333, 15.972916], [108.108384, 15.972922], [108.108585, 15.972895], [108.10884, 15.972856], [108.109131, 15.972812], [108.109409, 15.972766], [108.109547, 15.97274], [108.109628, 15.972737], [108.112701, 15.972476], [108.112882, 15.972481], [108.112909, 15.972493], [108.112959, 15.972569], [108.113003, 15.972617], [108.113057, 15.972662], [108.113102, 15.972686], [108.113197, 15.972697], [108.113405, 15.972683], [108.113468, 15.972665], [108.113545, 15.972606], [108.113627, 15.972521], [108.113699, 15.972498], [108.113727, 15.972491], [108.113747, 15.972486], [108.113822, 15.972481], [108.113885, 15.972456], [108.114014, 15.972391], [108.114139, 15.972301], [108.114195, 15.972278], [108.114241, 15.97226], [108.114373, 15.972251], [108.114544, 15.972264], [108.114834, 15.97232], [108.114998, 15.972341], [108.115045, 15.972345], [108.115103, 15.972351], [108.115154, 15.972337], [108.115223, 15.972319], [108.115309, 15.972319], [108.115452, 15.972325], [108.115497, 15.972328], [108.115679, 15.972328], [108.115768, 15.972341], [108.115904, 15.972378], [108.115986, 15.972396], [108.116133, 15.972409], [108.116212, 15.972405], [108.116249, 15.972419], [108.116284, 15.972444], [108.116309, 15.972458], [108.116362, 15.972467], [108.116435, 15.972481], [108.116503, 15.972504], [108.11662, 15.972518], [108.116814, 15.972522], [108.116918, 15.972544], [108.11708, 15.972558], [108.117231, 15.972576], [108.117302, 15.972595], [108.117454, 15.972644], [108.117513, 15.972666], [108.117589, 15.972681], [108.117691, 15.972705], [108.117779, 15.972714], [108.118017, 15.972754], [108.118161, 15.972797], [108.118352, 15.972856], [108.118591, 15.972918], [108.118771, 15.97296], [108.118866, 15.972998], [108.119087, 15.973104], [108.119257, 15.973167], [108.119357, 15.973214], [108.119538, 15.973315], [108.119581, 15.973339], [108.119727, 15.97342], [108.119898, 15.973513], [108.119932, 15.973532], [108.119999, 15.973594], [108.120096, 15.973732], [108.120098, 15.973734], [108.12019, 15.973826], [108.12029, 15.973903], [108.120377, 15.973961], [108.120414, 15.973986], [108.12074, 15.974126], [108.120778, 15.97414], [108.120965, 15.974207], [108.121045, 15.974232], [108.121214, 15.974285], [108.121477, 15.974311], [108.121628, 15.974326], [108.121719, 15.97433], [108.121986, 15.974339], [108.122327, 15.974454], [108.122554, 15.974544], [108.122833, 15.974656], [108.12293, 15.974695], [108.123198, 15.974807], [108.123284, 15.974842], [108.123499, 15.974899], [108.123516, 15.974904], [108.123688, 15.974943], [108.123819, 15.974999], [108.123886, 15.975055], [108.12401, 15.975206], [108.124078, 15.975266], [108.124154, 15.975298], [108.124307, 15.975336], [108.124504, 15.975344], [108.124517, 15.975344], [108.124533, 15.975344], [108.124743, 15.975343], [108.124809, 15.975342], [108.124877, 15.97533], [108.124942, 15.975312], [108.12501, 15.9753], [108.125022, 15.975298], [108.12509, 15.975295], [108.125176, 15.975286], [108.125267, 15.975286], [108.125363, 15.975289], [108.125448, 15.975292], [108.125518, 15.975304], [108.125572, 15.975314], [108.125652, 15.975345], [108.125738, 15.97538], [108.12579, 15.975401], [108.125813, 15.975405], [108.125887, 15.975392], [108.125939, 15.975383], [108.125964, 15.975383], [108.125992, 15.975386], [108.126043, 15.975396], [108.126191, 15.975361], [108.126344, 15.975317], [108.126481, 15.975272], [108.126546, 15.975242], [108.126634, 15.975225], [108.126773, 15.975211], [108.126815, 15.975195], [108.126833, 15.975189], [108.126917, 15.97516], [108.126982, 15.975137], [108.127094, 15.975093], [108.127313, 15.974982], [108.127416, 15.974932], [108.127673, 15.974817], [108.128753, 15.974428], [108.128904, 15.974398], [108.129627, 15.974258], [108.129763, 15.974248], [108.129763, 15.974245], [108.129759, 15.974186], [108.129638, 15.972359], [108.131848, 15.972244], [108.131962, 15.972239], [108.132806, 15.972852], [108.132981, 15.972979], [108.133352, 15.973174], [108.133442, 15.973021], [108.13359, 15.972787], [108.133626, 15.972654], [108.133635, 15.972593], [108.134079, 15.972647], [108.134661, 15.972724], [108.13464, 15.973002], [108.135187, 15.973114], [108.135218, 15.973095], [108.135248, 15.973057], [108.135341, 15.972854], [108.135362, 15.972756], [108.135424, 15.972408], [108.135439, 15.972317], [108.135461, 15.97223], [108.135478, 15.972216], [108.135491, 15.972199], [108.135515, 15.972073], [108.135531, 15.972044], [108.135548, 15.972031], [108.135568, 15.972022], [108.1356, 15.972017], [108.135674, 15.972019], [108.135743, 15.972024], [108.135813, 15.972026], [108.135829, 15.972024], [108.135861, 15.972005], [108.135908, 15.971922], [108.135936, 15.971851], [108.135962, 15.971747], [108.136001, 15.971655], [108.13606, 15.971575], [108.136086, 15.971535], [108.136097, 15.971499], [108.136097, 15.971478], [108.136086, 15.971438], [108.136064, 15.971408], [108.135919, 15.97127], [108.135986, 15.971252], [108.136067, 15.971243], [108.136108, 15.971219], [108.136138, 15.9712], [108.136173, 15.971186], [108.136216, 15.971183], [108.136247, 15.971181], [108.136416, 15.971117], [108.136549, 15.971071], [108.136713, 15.971046], [108.13687, 15.971039], [108.136942, 15.971042], [108.137005, 15.971039], [108.137047, 15.97103], [108.13713, 15.971005], [108.137158, 15.971003], [108.137198, 15.971004], [108.137244, 15.971014], [108.137321, 15.971041], [108.137417, 15.971075], [108.137477, 15.971108], [108.137518, 15.971151], [108.137536, 15.971155], [108.137554, 15.971152], [108.137571, 15.971138], [108.137625, 15.971072], [108.13764, 15.971062], [108.137653, 15.971059], [108.137667, 15.971064], [108.137706, 15.971094], [108.137815, 15.971163], [108.137828, 15.971168], [108.137851, 15.971169], [108.137873, 15.971163], [108.137891, 15.971157], [108.137919, 15.971144], [108.137954, 15.971133], [108.13799, 15.971135], [108.138014, 15.971143], [108.138036, 15.971161], [108.138062, 15.971183], [108.138076, 15.971188], [108.138199, 15.971174], [108.138255, 15.971155], [108.138227, 15.970861], [108.138228, 15.970853], [108.138233, 15.97084], [108.138297, 15.970816], [108.138423, 15.970786], [108.13857, 15.970772], [108.138676, 15.970764], [108.138775, 15.9707], [108.13892, 15.970661], [108.139047, 15.970656], [108.139203, 15.9706], [108.139395, 15.970551], [108.139397, 15.970793], [108.139398, 15.970934], [108.139403, 15.971416], [108.139404, 15.971512], [108.13941, 15.972146], [108.139411, 15.972682], [108.139856, 15.972709], [108.140276, 15.972765], [108.140513, 15.972795], [108.140862, 15.972779], [108.141143, 15.972753], [108.141295, 15.973273], [108.141403, 15.973474], [108.141513, 15.973607], [108.142169, 15.973505], [108.14218, 15.9736], [108.142156, 15.973781], [108.142162, 15.973827], [108.142192, 15.973867], [108.142203, 15.973918], [108.14219, 15.974214], [108.143255, 15.974474], [108.143218, 15.974686], [108.143171, 15.974858], [108.143148, 15.974896], [108.143116, 15.974924], [108.143088, 15.974959], [108.143045, 15.975089], [108.142946, 15.975406], [108.142868, 15.975597], [108.142822, 15.975652], [108.142786, 15.975676], [108.1427, 15.975691], [108.14268, 15.976274], [108.142745, 15.97628], [108.142782, 15.976299], [108.142794, 15.976314], [108.142795, 15.976331], [108.142795, 15.976348], [108.142783, 15.976377], [108.142767, 15.976409], [108.142763, 15.97643], [108.142765, 15.976444], [108.142784, 15.97646], [108.142805, 15.976465], [108.142886, 15.976475], [108.143017, 15.976489], [108.143193, 15.976526], [108.143226, 15.976532], [108.143314, 15.976594], [108.143393, 15.976628], [108.143466, 15.976652], [108.143578, 15.976674], [108.143642, 15.976694], [108.143708, 15.976718], [108.143793, 15.976755], [108.143914, 15.976795], [108.144049, 15.976819], [108.144205, 15.976835], [108.144218, 15.97684], [108.144231, 15.97685], [108.14424, 15.976865], [108.144265, 15.977034], [108.14438, 15.977028], [108.144485, 15.977007], [108.144617, 15.976985], [108.144732, 15.976958], [108.145237, 15.976814], [108.145327, 15.976792], [108.145421, 15.976781], [108.145461, 15.976781], [108.145497, 15.976786], [108.145548, 15.976793], [108.145598, 15.976798], [108.145668, 15.976798], [108.145808, 15.976788], [108.145852, 15.976776], [108.145883, 15.976764], [108.146016, 15.976571], [108.146192, 15.976728], [108.14632, 15.976821], [108.146467, 15.97693], [108.146507, 15.976986], [108.14652, 15.97711], [108.146536, 15.977299], [108.14656, 15.977404], [108.146585, 15.977437], [108.146634, 15.977461], [108.146696, 15.977457], [108.146728, 15.977466], [108.146761, 15.977505], [108.146826, 15.977585], [108.146831, 15.977642], [108.146833, 15.977656], [108.146833, 15.977714], [108.14684, 15.977773], [108.146871, 15.977814], [108.146999, 15.977849], [108.147126, 15.977902], [108.147222, 15.97791], [108.147309, 15.977891], [108.147377, 15.977851], [108.147466, 15.97779], [108.147533, 15.977739], [108.147568, 15.97768], [108.147611, 15.97765], [108.147675, 15.977633], [108.147837, 15.977634], [108.147936, 15.977599], [108.148043, 15.977542], [108.148048, 15.977537], [108.148086, 15.977504], [108.148118, 15.977476], [108.14822, 15.977398], [108.148303, 15.977336], [108.148317, 15.977332], [108.148407, 15.977302], [108.148518, 15.977274], [108.14857, 15.977266], [108.14857, 15.977266], [108.14865, 15.977255], [108.148754, 15.977272], [108.148827, 15.977247], [108.14888, 15.977247], [108.148941, 15.977262], [108.149039, 15.977311], [108.14916, 15.977332], [108.14932, 15.977346], [108.149466, 15.977331], [108.14957, 15.977323], [108.149646, 15.977323], [108.149903, 15.977434], [108.150136, 15.977503], [108.150268, 15.977535], [108.150348, 15.977555], [108.15037, 15.977565], [108.150409, 15.977583], [108.150441, 15.977618], [108.150472, 15.977668], [108.150559, 15.977862], [108.150603, 15.977962], [108.150652, 15.978074], [108.150737, 15.978215], [108.150801, 15.978292], [108.150939, 15.978375], [108.151017, 15.97844], [108.151163, 15.978564], [108.15123, 15.978614], [108.151278, 15.978632], [108.151402, 15.978633], [108.151551, 15.978606], [108.15168, 15.97858], [108.151786, 15.978572], [108.151822, 15.978569], [108.151916, 15.978577], [108.15204, 15.978591], [108.152204, 15.978643], [108.152414, 15.97868], [108.152454, 15.978687], [108.152564, 15.978683], [108.15263, 15.97865], [108.152757, 15.978544], [108.15298, 15.97829], [108.153315, 15.978556], [108.153794, 15.978912], [108.154362, 15.979205], [108.154792, 15.979504], [108.155022, 15.979716], [108.155189, 15.979971], [108.155373, 15.980384], [108.155506, 15.980636], [108.155831, 15.981045], [108.156263, 15.981671], [108.156715, 15.982152], [108.157161, 15.982589], [108.157505, 15.982888], [108.157712, 15.983069], [108.158075, 15.983541], [108.158239, 15.983911], [108.158294, 15.984259], [108.158315, 15.984684], [108.158354, 15.984868], [108.158406, 15.985113], [108.158505, 15.985451], [108.158622, 15.985673], [108.158814, 15.985948], [108.159119, 15.986243], [108.159145, 15.986268], [108.15952, 15.986515], [108.159957, 15.9867], [108.160672, 15.986918], [108.160865, 15.986982], [108.161277, 15.987134], [108.161881, 15.98746], [108.162326, 15.987798], [108.162662, 15.988146], [108.162929, 15.988491], [108.163187, 15.988963], [108.163194, 15.988974], [108.163349, 15.989436], [108.163425, 15.989888], [108.163386, 15.990247], [108.163217, 15.99078], [108.163076, 15.991241], [108.163062, 15.991575], [108.163107, 15.991928], [108.163241, 15.992304], [108.163521, 15.992806], [108.164362, 15.993767], [108.165182, 15.993813], [108.166115, 15.993778], [108.167245, 15.993582], [108.16828, 15.993409], [108.168219, 15.993942], [108.168218, 15.994039], [108.168228, 15.994078], [108.168379, 15.994148], [108.168799, 15.994297], [108.169068, 15.994397], [108.169293, 15.994476], [108.169429, 15.994553], [108.169532, 15.994637], [108.169598, 15.994706], [108.169638, 15.994738], [108.169678, 15.994782], [108.169805, 15.994944], [108.169975, 15.99501], [108.170111, 15.995046], [108.170294, 15.995051], [108.170558, 15.995066], [108.17084, 15.995095], [108.17104, 15.99509], [108.171235, 15.995066], [108.171434, 15.995015], [108.171591, 15.994941], [108.172094, 15.99474], [108.172475, 15.994598], [108.172679, 15.994502], [108.172958, 15.99432], [108.172958, 15.99432]]]]}, "properties": {"code": "20332", "name": "Hoà Tiến", "nameEn": "Hoa Tien", "fullName": "Xã Hoà Tiến", "fullNameEn": "Hoa Tien Commune", "codeName": "hoa_tien", "postalCode": "50814", "postalCodePrefix": "", "gisServerId": "diaphanhanhchinhcapxa_2025.1914", "areaKm2": 65.9, "ward_code": "20332", "source_member": "geojson/48_da_nang/wards/20332_hoa_tien.geojson", "requires_boat": false, "region": "danang", "search_name": "Đà Nẵng", "grid_km": 5}}, {"type": "Feature", "id": "20401", "bbox": [108.28959, 15.872457, 108.362898, 15.922078], "geometry": {"type": "MultiPolygon", "coordinates": [[[[108.340917, 15.913782], [108.341416, 15.913459], [108.342169, 15.913036], [108.342223, 15.912999], [108.342413, 15.912871], [108.342471, 15.912831], [108.3427, 15.912703], [108.342747, 15.91269], [108.342801, 15.912676], [108.343158, 15.912581], [108.343489, 15.91229], [108.343501, 15.91228], [108.343563, 15.912226], [108.343947, 15.911891], [108.344357, 15.911619], [108.34481, 15.911319], [108.345099, 15.911128], [108.345389, 15.91096], [108.346399, 15.910378], [108.34642, 15.910363], [108.346552, 15.91027], [108.346636, 15.910219], [108.34693, 15.910038], [108.346995, 15.909999], [108.347214, 15.909887], [108.347434, 15.909639], [108.347797, 15.90949], [108.348055, 15.909402], [108.348204, 15.909277], [108.348399, 15.909132], [108.348572, 15.909021], [108.348773, 15.908892], [108.349265, 15.90864], [108.349529, 15.908491], [108.349661, 15.908377], [108.350028, 15.908062], [108.350342, 15.907865], [108.350546, 15.9077], [108.350736, 15.907573], [108.351113, 15.907364], [108.351284, 15.90729], [108.351409, 15.907217], [108.351825, 15.906914], [108.352236, 15.906701], [108.352363, 15.906635], [108.352556, 15.906509], [108.35271, 15.906367], [108.352756, 15.906315], [108.35286, 15.906197], [108.353, 15.906089], [108.353269, 15.905944], [108.353381, 15.905897], [108.353726, 15.905625], [108.354156, 15.90536], [108.35448, 15.90525], [108.354637, 15.905181], [108.354686, 15.905148], [108.354731, 15.905116], [108.354941, 15.90497], [108.355121, 15.904855], [108.355205, 15.904801], [108.355435, 15.904584], [108.355639, 15.904462], [108.355932, 15.904346], [108.356195, 15.904221], [108.356693, 15.903911], [108.357177, 15.903597], [108.357616, 15.903263], [108.357825, 15.90314], [108.358573, 15.902645], [108.358662, 15.902574], [108.358768, 15.902489], [108.359051, 15.902332], [108.359292, 15.902191], [108.359403, 15.902126], [108.35956, 15.902037], [108.359971, 15.901839], [108.3601, 15.901777], [108.360194, 15.901713], [108.360752, 15.90139], [108.36093, 15.901334], [108.361098, 15.901303], [108.361203, 15.901252], [108.361472, 15.901049], [108.36206, 15.900655], [108.362803, 15.900246], [108.362841, 15.900225], [108.362898, 15.900191], [108.362689, 15.899973], [108.362423, 15.899655], [108.362106, 15.89917], [108.36192, 15.898727], [108.36149, 15.897401], [108.361301, 15.897091], [108.361254, 15.89703], [108.36129, 15.896987], [108.361142, 15.896854], [108.361141, 15.896854], [108.360849, 15.895939], [108.359986, 15.896305], [108.358285, 15.897216], [108.357033, 15.897909], [108.355631, 15.898529], [108.354435, 15.898986], [108.353182, 15.89966], [108.351837, 15.900516], [108.350604, 15.901117], [108.349255, 15.901642], [108.348491, 15.901939], [108.347183, 15.902668], [108.346585, 15.903177], [108.344151, 15.902147], [108.343139, 15.901751], [108.342502, 15.901499], [108.341958, 15.90118], [108.341413, 15.900306], [108.341036, 15.899364], [108.340954, 15.898841], [108.341067, 15.898363], [108.3412, 15.898049], [108.341402, 15.897697], [108.341355, 15.897675], [108.341034, 15.897572], [108.340915, 15.897533], [108.340937, 15.897328], [108.340987, 15.89676], [108.340871, 15.896454], [108.338864, 15.895102], [108.338529, 15.895618], [108.338367, 15.895895], [108.338222, 15.896026], [108.338062, 15.896098], [108.337894, 15.896077], [108.337749, 15.896074], [108.337569, 15.895981], [108.337434, 15.895856], [108.337105, 15.895437], [108.335982, 15.895363], [108.335839, 15.895352], [108.335242, 15.895342], [108.334942, 15.895256], [108.334672, 15.895132], [108.334576, 15.895103], [108.334377, 15.895161], [108.334096, 15.895171], [108.333881, 15.894973], [108.333864, 15.894957], [108.333808, 15.894905], [108.333785, 15.894884], [108.333769, 15.894869], [108.333721, 15.894826], [108.333429, 15.894562], [108.332206, 15.893487], [108.332119, 15.893411], [108.331634, 15.892987], [108.331541, 15.892901], [108.331089, 15.892486], [108.330598, 15.892084], [108.330533, 15.892043], [108.330039, 15.891784], [108.329791, 15.891575], [108.329672, 15.891467], [108.329569, 15.891294], [108.329369, 15.890854], [108.328992, 15.890095], [108.328563, 15.889232], [108.330367, 15.888154], [108.330369, 15.888152], [108.330534, 15.888065], [108.330342, 15.88767], [108.3303, 15.887499], [108.330305, 15.887341], [108.330331, 15.88627], [108.330278, 15.885963], [108.330251, 15.885824], [108.330717, 15.88567], [108.330796, 15.885644], [108.331107, 15.885527], [108.330847, 15.88547], [108.330779, 15.885397], [108.330699, 15.885192], [108.330659, 15.885092], [108.330367, 15.884571], [108.330066, 15.883725], [108.32976, 15.882894], [108.329693, 15.882913], [108.328968, 15.883119], [108.328241, 15.883325], [108.327974, 15.883401], [108.327708, 15.883476], [108.327669, 15.883489], [108.327112, 15.883666], [108.32699, 15.883708], [108.326645, 15.883827], [108.32636, 15.88397], [108.325673, 15.884345], [108.325665, 15.884349], [108.324529, 15.88493], [108.323903, 15.885179], [108.323324, 15.885402], [108.322602, 15.885664], [108.321289, 15.886057], [108.321212, 15.886089], [108.321174, 15.886021], [108.320987, 15.885686], [108.320924, 15.885571], [108.320643, 15.885019], [108.320586, 15.884907], [108.320529, 15.884845], [108.320111, 15.884236], [108.320005, 15.884173], [108.319869, 15.884126], [108.318982, 15.883986], [108.318687, 15.883927], [108.318318, 15.883794], [108.317788, 15.883555], [108.317452, 15.883402], [108.317148, 15.883283], [108.31701, 15.883256], [108.316853, 15.883261], [108.316859, 15.883194], [108.316913, 15.883053], [108.316998, 15.882849], [108.317087, 15.882673], [108.317164, 15.882565], [108.317219, 15.882465], [108.317267, 15.882359], [108.317323, 15.882253], [108.31736, 15.881868], [108.317333, 15.881309], [108.317315, 15.880831], [108.317476, 15.880833], [108.317449, 15.880007], [108.317651, 15.880019], [108.317666, 15.879659], [108.317669, 15.879117], [108.317593, 15.878444], [108.318165, 15.878161], [108.318474, 15.877985], [108.31855, 15.877878], [108.318551, 15.877778], [108.318471, 15.877641], [108.318278, 15.877059], [108.31825, 15.876306], [108.318246, 15.876181], [108.31824, 15.876027], [108.317935, 15.875748], [108.317528, 15.875616], [108.316245, 15.87545], [108.315962, 15.875389], [108.313186, 15.875204], [108.312706, 15.874819], [108.311654, 15.873974], [108.309779, 15.872468], [108.309486, 15.872479], [108.309242, 15.872468], [108.309106, 15.872457], [108.309039, 15.872485], [108.308997, 15.872543], [108.309011, 15.872627], [108.309044, 15.872747], [108.309024, 15.872781], [108.308979, 15.8728], [108.30885, 15.872831], [108.308516, 15.872848], [108.307852, 15.872848], [108.3076, 15.872873], [108.307307, 15.872875], [108.306679, 15.87283], [108.306248, 15.872769], [108.305927, 15.872723], [108.305435, 15.872631], [108.305408, 15.872626], [108.304777, 15.872727], [108.303783, 15.872925], [108.303406, 15.873], [108.303251, 15.873046], [108.303094, 15.873092], [108.303444, 15.873974], [108.303963, 15.874592], [108.304124, 15.874844], [108.304277, 15.875084], [108.304398, 15.87534], [108.304419, 15.875454], [108.304408, 15.875613], [108.304315, 15.875742], [108.304193, 15.875827], [108.303934, 15.875935], [108.303465, 15.876088], [108.302744, 15.876181], [108.301581, 15.876139], [108.299919, 15.876018], [108.298488, 15.876052], [108.296477, 15.876117], [108.296323, 15.877613], [108.297143, 15.87769], [108.297095, 15.877892], [108.297006, 15.878299], [108.29694, 15.878769], [108.296876, 15.879258], [108.296795, 15.879573], [108.296624, 15.880285], [108.296524, 15.880576], [108.296204, 15.881045], [108.295328, 15.882064], [108.294359, 15.883062], [108.293611, 15.883797], [108.292898, 15.884366], [108.291679, 15.885096], [108.290809, 15.885623], [108.28959, 15.886394], [108.290274, 15.887186], [108.290274, 15.887186], [108.290286, 15.8872], [108.290346, 15.88727], [108.290473, 15.887376], [108.290592, 15.887476], [108.290787, 15.887684], [108.290974, 15.887867], [108.291345, 15.888186], [108.291451, 15.888278], [108.291544, 15.888367], [108.29161, 15.888463], [108.291707, 15.888651], [108.291863, 15.888933], [108.291954, 15.88915], [108.292117, 15.889534], [108.292177, 15.889691], [108.292203, 15.889745], [108.292208, 15.88977], [108.292354, 15.890146], [108.292406, 15.890391], [108.292415, 15.890547], [108.292433, 15.890797], [108.292442, 15.891045], [108.292445, 15.891151], [108.292484, 15.891528], [108.292562, 15.891874], [108.29264, 15.892187], [108.292692, 15.892433], [108.29271, 15.892533], [108.292719, 15.89263], [108.292728, 15.892816], [108.292728, 15.892831], [108.292738, 15.893362], [108.292754, 15.894007], [108.292753, 15.894668], [108.292768, 15.895367], [108.292788, 15.897048], [108.292787, 15.897158], [108.292801, 15.897718], [108.292852, 15.898429], [108.292908, 15.898799], [108.292997, 15.899034], [108.293253, 15.899548], [108.293465, 15.899928], [108.293587, 15.899927], [108.293713, 15.899926], [108.293867, 15.89995], [108.293966, 15.89997], [108.294059, 15.899991], [108.294239, 15.900049], [108.294587, 15.90017], [108.294449, 15.900447], [108.294601, 15.9009], [108.294917, 15.900904], [108.295367, 15.900978], [108.295598, 15.901394], [108.296368, 15.90087], [108.296853, 15.901474], [108.297216, 15.90191], [108.297362, 15.902001], [108.298033, 15.902349], [108.298591, 15.90264], [108.299052, 15.902882], [108.299467, 15.903088], [108.299834, 15.903302], [108.300286, 15.90357], [108.300617, 15.903769], [108.301085, 15.904047], [108.301366, 15.904215], [108.302203, 15.904714], [108.302718, 15.905023], [108.302872, 15.905159], [108.303035, 15.904954], [108.303041, 15.905004], [108.303524, 15.905472], [108.303829, 15.905765], [108.304167, 15.90609], [108.305139, 15.907024], [108.305188, 15.907071], [108.30527, 15.907125], [108.305365, 15.907187], [108.305453, 15.907181], [108.305912, 15.907547], [108.306068, 15.907528], [108.306339, 15.907321], [108.306751, 15.907657], [108.307163, 15.907999], [108.307322, 15.90833], [108.307372, 15.908614], [108.307539, 15.908832], [108.308159, 15.909431], [108.308597, 15.909466], [108.308721, 15.909425], [108.308801, 15.909411], [108.3092, 15.909822], [108.309652, 15.910363], [108.309764, 15.910572], [108.309926, 15.910829], [108.310123, 15.911152], [108.310191, 15.911263], [108.310552, 15.911775], [108.311105, 15.912174], [108.311954, 15.912583], [108.312098, 15.912647], [108.312332, 15.912786], [108.312587, 15.91288], [108.312628, 15.913153], [108.313218, 15.913362], [108.313511, 15.913411], [108.313549, 15.91341], [108.313988, 15.913409], [108.314682, 15.913189], [108.315189, 15.912842], [108.315534, 15.912341], [108.315753, 15.911897], [108.31598, 15.910901], [108.316203, 15.91017], [108.31647, 15.909738], [108.316759, 15.908917], [108.316768, 15.908903], [108.3169, 15.908756], [108.3171, 15.908586], [108.317676, 15.908147], [108.318118, 15.907877], [108.31863, 15.907746], [108.318868, 15.907634], [108.319323, 15.907307], [108.320015, 15.906983], [108.320952, 15.906872], [108.322262, 15.906905], [108.323161, 15.907048], [108.324004, 15.907299], [108.325195, 15.90781], [108.324371, 15.909308], [108.324372, 15.909591], [108.324407, 15.910101], [108.324679, 15.910749], [108.324922, 15.911496], [108.325014, 15.911905], [108.325152, 15.911827], [108.325367, 15.911802], [108.325605, 15.911856], [108.32585, 15.911961], [108.326028, 15.91197], [108.326166, 15.91193], [108.326299, 15.911891], [108.326525, 15.911818], [108.326807, 15.911676], [108.326993, 15.911617], [108.327324, 15.911537], [108.327657, 15.91142], [108.328268, 15.91131], [108.32849, 15.911179], [108.328737, 15.911153], [108.328828, 15.911172], [108.329033, 15.911214], [108.329169, 15.911398], [108.329192, 15.911769], [108.329291, 15.912149], [108.329867, 15.912704], [108.329752, 15.912841], [108.329174, 15.913315], [108.328853, 15.913545], [108.328356, 15.913872], [108.328007, 15.913429], [108.327337, 15.91382], [108.327668, 15.915397], [108.327865, 15.917057], [108.328109, 15.918473], [108.328388, 15.918814], [108.328562, 15.920546], [108.328606, 15.920996], [108.329425, 15.922036], [108.329461, 15.922078], [108.329933, 15.921643], [108.330011, 15.921592], [108.330182, 15.921443], [108.330186, 15.921439], [108.330456, 15.921205], [108.330475, 15.921192], [108.331066, 15.920814], [108.33131, 15.920688], [108.331657, 15.920384], [108.331898, 15.920154], [108.332105, 15.919957], [108.332268, 15.919793], [108.332398, 15.919713], [108.332403, 15.91971], [108.332933, 15.91938], [108.333218, 15.919242], [108.333382, 15.919057], [108.333792, 15.918765], [108.333966, 15.918696], [108.333988, 15.918688], [108.334096, 15.918645], [108.334545, 15.918342], [108.334712, 15.918202], [108.335042, 15.917924], [108.335489, 15.917695], [108.335797, 15.917428], [108.335988, 15.917262], [108.336323, 15.917139], [108.336509, 15.917041], [108.33661, 15.916944], [108.336712, 15.916846], [108.336859, 15.916785], [108.337269, 15.916466], [108.337292, 15.916451], [108.338115, 15.915916], [108.338365, 15.915685], [108.338405, 15.915658], [108.338749, 15.915427], [108.338879, 15.915345], [108.339182, 15.915155], [108.339715, 15.914798], [108.340125, 15.914459], [108.340362, 15.914211], [108.340503, 15.914101], [108.34075, 15.913911], [108.340811, 15.913864], [108.340917, 15.913782], [108.340917, 15.913782]]]]}, "properties": {"code": "20401", "name": "Hội An Tây", "nameEn": "Hoi An Tay", "fullName": "Phường Hội An Tây", "fullNameEn": "Hoi An Tay Ward", "codeName": "hoi_an_tay", "postalCode": "51321", "postalCodePrefix": "", "gisServerId": "diaphanhanhchinhcapxa_2025.1945", "areaKm2": 18.09, "ward_code": "20401", "source_member": "geojson/48_da_nang/wards/20401_hoi_an_tay.geojson", "requires_boat": false, "region": "hoi_an", "search_name": "Hội An", "grid_km": 2}}, {"type": "Feature", "id": "20410", "bbox": [108.303675, 15.854582, 108.361196, 15.886089], "geometry": {"type": "Polygon", "coordinates": [[[108.30580040142515, 15.85947542333766], [108.30577526873103, 15.859402670802032], [108.30576603164228, 15.859380013867252], [108.30575438458867, 15.859358496278071], [108.30574046581953, 15.859338373446073], [108.30570246581952, 15.859289373446073], [108.30568840042359, 15.859272936743464], [108.30565540042359, 15.859237936743463], [108.30563879587979, 15.859222040725111], [108.3056206533997, 15.859207925318984], [108.30560116305661, 15.859195738407946], [108.305580529045, 15.8591856076706], [108.30555896754122, 15.859177639243637], [108.30553670443862, 15.859171916609867], [108.30547270443863, 15.859158916609868], [108.30545017672054, 15.859155519847613], [108.30542742077847, 15.859154422953205], [108.30540467079727, 15.859155637214952], [108.3053821609004, 15.859159150136703], [108.3053601227406, 15.859164925566452], [108.30530953839194, 15.859180964506269], [108.3052488364577, 15.859181912973991], [108.30502177173113, 15.859114666881894], [108.30500209232318, 15.859109793159776], [108.30498205357546, 15.859106714060111], [108.30496181879802, 15.859105454676676], [108.30467924679883, 15.859100649030431], [108.30447259601932, 15.859076002607189], [108.30446088381086, 15.859074915958582], [108.30419435528695, 15.859057212956992], [108.30385181135536, 15.859020688099735], [108.30382976340863, 15.859019429129596], [108.30380769841014, 15.859020341709535], [108.30378582972348, 15.859023417015111], [108.30371782972348, 15.85903641701511], [108.30369623941112, 15.859041663582385], [108.3036752731981, 15.859049017898641], [108.30365513630524, 15.859058407978596], [108.3036360258358, 15.859069741910572], [108.30361812884628, 15.85908290875614], [108.30360162051542, 15.85909777963601], [108.30358666242952, 15.85911420899151], [108.30357340100083, 15.859132036009358], [108.30356196603447, 15.859151086195709], [108.30355246945777, 15.859171173084142], [108.30354500422483, 15.85919210006083], [108.30353964340661, 15.859213662289006], [108.30353643947569, 15.85923564871397], [108.3034514394757, 15.86012564871397], [108.30345042904045, 15.860148752020661], [108.30345179981789, 15.86017183675], [108.3034555372731, 15.860194658125682], [108.30369853727309, 15.861313658125683], [108.30370240747213, 15.861328889167362], [108.30402940747213, 15.862449889167362], [108.30563141323634, 15.867939908924479], [108.30563854722693, 15.867960562113703], [108.30564765454962, 15.867980424256602], [108.3056586489893, 15.86799930732688], [108.30567142646638, 15.86801703256669], [108.30568586602202, 15.868033432178867], [108.30570183096322, 15.868048350915391], [108.30571917015679, 15.868061647547043], [108.3057377194601, 15.868073196200378], [108.30575730327492, 15.868082887549294], [108.30577773620978, 15.868090629849993], [108.30579882483492, 15.868096349809468], [108.30582036951348, 15.868099993279342], [108.30584216629131, 15.868101525768465], [108.30677116629131, 15.868121525768464], [108.30677173663311, 15.868121537322393], [108.3069289957561, 15.86812452325511], [108.30939024795606, 15.868187506118284], [108.30958803940867, 15.868264141182943], [108.30970383456292, 15.868374838437322], [108.31015562126305, 15.868941767320209], [108.31056215590414, 15.86947890366966], [108.31065039096558, 15.869618788523178], [108.31065609395277, 15.86969235705793], [108.31065913666092, 15.869715676416918], [108.31066460126155, 15.869738549735791], [108.31067242783222, 15.869760726195564], [108.3106825305501, 15.869781962618703], [108.3107215305501, 15.869853962618702], [108.31073212215878, 15.869871546609382], [108.31074427510563, 15.869888090030603], [108.31075788785448, 15.8699034546644], [108.31077284667272, 15.869917512141413], [108.3107890265815, 15.869930145013392], [108.31080629239999, 15.869941247734461], [108.31082449987466, 15.869950727542948], [108.31096290121157, 15.87001492575344], [108.31100997435479, 15.87005486660224], [108.31129877348582, 15.870542449550715], [108.31130081906922, 15.870545834787519], [108.31138827625776, 15.870687729613834], [108.3114629374287, 15.870878024549514], [108.311466810404, 15.870887282063618], [108.311934810404, 15.871939282063618], [108.31193785904442, 15.871945847940818], [108.31210485904442, 15.872290847940818], [108.31210497733186, 15.872291091931357], [108.31218680544829, 15.872459618885433], [108.3125498336742, 15.87330005409339], [108.31255003383785, 15.873300516062788], [108.31266261213308, 15.87355954576859], [108.31287519958936, 15.874061571545651], [108.31287625140702, 15.874064015009479], [108.31287765213561, 15.874067216674817], [108.312960443867, 15.874680065812996], [108.31296061391309, 15.874681298782617], [108.3129768211012, 15.874796455119144], [108.31296158576512, 15.875195430482677], [108.31296180288761, 15.875217070586991], [108.31296410190507, 15.875238589317803], [108.31296846146876, 15.875259786852125], [108.3129748410958, 15.875280466349599], [108.31298318154495, 15.87530043578036], [108.31299340536677, 15.875319509708229], [108.31300541762283, 15.875337511012658], [108.3130191067673, 15.875354272533494], [108.31303434568274, 15.875369638623212], [108.31305099286054, 15.875383466592265], [108.31306889371497, 15.875395628034097], [108.31308788201866, 15.875406010017532], [108.31310778144616, 15.875414516135441], [108.31312840721137, 15.875421067399996], [108.31314956778333, 15.875425602976136], [108.31317106666495, 15.875428080746493], [108.31593070720827, 15.875611990508927], [108.31619767956528, 15.875669535787294], [108.31621618336757, 15.875672721321703], [108.31747852816606, 15.87583604886383], [108.31781937019647, 15.875946592225043], [108.3180192424513, 15.87612942618929], [108.31802156207037, 15.876188963078935], [108.31802553710186, 15.876313182812748], [108.31802557730663, 15.876314345066952], [108.31805357730663, 15.877067345066951], [108.31805536151352, 15.877088449783992], [108.31805912596393, 15.877109292561844], [108.31806483717523, 15.877129688015776], [108.31825783717522, 15.877711688015777], [108.31826634224379, 15.877733468309513], [108.31827706580233, 15.877754246246814], [108.3183140809359, 15.877817634663051], [108.31805954117989, 15.877962615236058], [108.31749341121437, 15.878242711005715], [108.31747343603512, 15.878253895702985], [108.31745470332378, 15.87826705589925], [108.31743740774432, 15.878282054838243], [108.3174217290265, 15.878298736656102], [108.3174078300982, 15.87831692800107], [108.31739585539235, 15.878336439834897], [108.31738592934599, 15.87835706939726], [108.31737815510722, 15.878378602312791], [108.31737261346328, 15.878400814818773], [108.31736936200105, 15.878423476090424], [108.31736843450858, 15.878446350639543], [108.31736984062408, 15.878469200761616], [108.31744435223113, 15.879129020650408], [108.31744144809022, 15.879653702109852], [108.31743606213458, 15.879782965045397], [108.31741848733239, 15.879784504690928], [108.31739690509136, 15.879788547932174], [108.31737582085756, 15.879794679490965], [108.31735543618817, 15.879802840751964], [108.31733594595272, 15.87981295369666], [108.3173175364704, 15.879824921649202], [108.31730038372872, 15.87983863020058], [108.3172846517013, 15.879853948302323], [108.31727049078026, 15.879870729519288], [108.31725803633853, 15.879888813429512], [108.31724740743579, 15.87990802715778], [108.31723870568023, 15.879928187028263], [108.31723201425727, 15.879949100320369], [108.31722739713437, 15.87997056711109], [108.31722489844944, 15.879992382186183], [108.31722454208891, 15.880014337001938], [108.31724427824453, 15.880618117170204], [108.31723400774979, 15.880621535347013], [108.3172144345382, 15.880630197177963], [108.31719577483275, 15.880640683040845], [108.31717819813258, 15.880652897685259], [108.31716186409906, 15.880666730157081], [108.31714692110563, 15.880682054806334], [108.3171335048899, 15.880698732428549], [108.3171217373207, 15.880716611529268], [108.31711172529106, 15.880735529700159], [108.31710355974722, 15.880755315094298], [108.31709731486251, 15.880775787987163], [108.31709304736356, 15.88079676240921], [108.31709079601504, 15.880818047835145], [108.31709058126752, 15.880839450914618], [108.31710858126753, 15.881317450914617], [108.31710868371225, 15.881319834597079], [108.31713490187465, 15.881862647663434], [108.31710369791821, 15.882187337480554], [108.31706842980056, 15.882254094988971], [108.31706241992, 15.882266359963763], [108.31701801792994, 15.882364414358479], [108.31697353442078, 15.882445293466056], [108.31690413920012, 15.882542627022305], [108.31689481525915, 15.882556809592357], [108.31688658905985, 15.882571655831395], [108.31679758905985, 15.882747655831395], [108.31679069742115, 15.882762623925483], [108.31670569742116, 15.882966623925483], [108.31670327651103, 15.882972680365919], [108.31664927651103, 15.883113680365918], [108.31664277568139, 15.883133318623196], [108.31663810942673, 15.883153471737158], [108.31663531733831, 15.883173968716866], [108.31662931733831, 15.883240968716866], [108.31662843391683, 15.88326329341214], [108.31662977309456, 15.883285595408815], [108.31663332161723, 15.883307653977205], [108.31663904436402, 15.883329250796919], [108.31664688469517, 15.883350172117625], [108.31665676501252, 15.883370210874617], [108.31666858752754, 15.883389168738185], [108.3166822352292, 15.883406858076562], [108.316697573042, 15.883423103812953], [108.31671444916294, 15.88343774515834], [108.31673269656388, 15.883450637202847], [108.31675213464472, 15.88346165234997], [108.3167725710208, 15.883470681579428], [108.3167938034271, 15.883477635526178], [108.31681562172, 15.883482445364884], [108.31683780995714, 15.883485063491097], [108.31686014853479, 15.883485463992423], [108.31699178382114, 15.883481271785852], [108.31708499989689, 15.883499509713713], [108.31736447058086, 15.883608907777507], [108.31769493157844, 15.883759385553196], [108.31769568062177, 15.883759724981006], [108.31822568062178, 15.883998724981007], [108.31824185003612, 15.884005273208063], [108.31861085003611, 15.884138273208062], [108.31862673721567, 15.884143341355893], [108.31864295667106, 15.884147216644738], [108.31893795667106, 15.884206216644738], [108.31894698711197, 15.884207831654901], [108.31981439356629, 15.884344739099777], [108.3199099723042, 15.884377769987145], [108.31995379549706, 15.884403815847055], [108.32034384095469, 15.884972087817626], [108.32036367310073, 15.884996994084839], [108.32039982387181, 15.885036315976187], [108.32044285141873, 15.885120861331535], [108.32072386188845, 15.88567288190099], [108.32072704083693, 15.885678899367592], [108.32079004083693, 15.885793899367592], [108.32079090498009, 15.885795461996189], [108.32097790498008, 15.886130461996189], [108.32101595627873, 15.886198553844254], [108.32102748853, 15.88621702618047], [108.32104075566208, 15.886234294742414], [108.32105563292987, 15.886250197161342], [108.32107198044895, 15.886264583913752], [108.32108964451072, 15.886277319727295], [108.32110845902774, 15.886288284852677], [108.32112824709529, 15.886297376189612], [108.32114882265483, 15.886304508256229], [108.32116999224337, 15.88630961399282], [108.32119155681251, 15.886312645392373], [108.3212133136, 15.886313573951961], [108.32123505803628, 15.886312390940747], [108.32125658566792, 15.886309107482065], [108.32127769408, 15.886303754448846], [108.32129818479932, 15.886296382173322], [108.32136449092427, 15.886268826381132], [108.32266639664488, 15.885879147060344], [108.32267860702508, 15.88587510790879], [108.32340060702508, 15.885613107908789], [108.32340471573958, 15.885611571359748], [108.32398371573959, 15.88538857135975], [108.32398600362704, 15.885387675785235], [108.32461200362704, 15.885138675785235], [108.32463126055382, 15.885129944903854], [108.32576634950222, 15.884549410855419], [108.32577343424268, 15.884545868485187], [108.32578059986075, 15.884542122944909], [108.32646418904767, 15.884168984742438], [108.32673235772702, 15.8840344299314], [108.327063166115, 15.88392032500917], [108.32718256829263, 15.88387921934146], [108.32773701350115, 15.88370303118723], [108.32774001773402, 15.883702053202041], [108.32777401752219, 15.883690719939317], [108.32803494462433, 15.883617150267657], [108.32803548254154, 15.883616997876215], [108.328302353827, 15.883541034514064], [108.32902922506966, 15.883335070998262], [108.32962116288374, 15.883166879062344], [108.32985482925638, 15.883801443623316], [108.33015541529714, 15.88464628013659], [108.33016252446654, 15.884663870564031], [108.33017109300826, 15.884680798160433], [108.33045592772518, 15.885189013528649], [108.33049013283515, 15.885274526303563], [108.33056978835353, 15.885478643569371], [108.33057842273101, 15.885498014576203], [108.330588845886, 15.88551648472023], [108.33060096486325, 15.885533889281996], [108.33061467158397, 15.88555007304507], [108.33068267158397, 15.885623073045071], [108.33069891577622, 15.885638837934454], [108.33071666445731, 15.885652887483868], [108.33073573730626, 15.885665078954336], [108.33075594054895, 15.885675288484379], [108.33077706892685, 15.885683412348405], [108.33079890778231, 15.885689368010526], [108.3310589077823, 15.885746368010526], [108.33108012316393, 15.88574996372155], [108.33110158528905, 15.885751512508225], [108.33112309712406, 15.885751000151878], [108.33114446117901, 15.885748431356207], [108.33116548132061, 15.88574382970411], [108.33118596457291, 15.885737237441173], [108.33120572288884, 15.885728715087843], [108.33122457487669, 15.88571834088381], [108.33124234746526, 15.885706210069731], [108.33138534746526, 15.885598210069732], [108.33140380696939, 15.885582641686655], [108.33142048816883, 15.88556518129063], [108.33143519819681, 15.88554603075745], [108.33144776697709, 15.885525411504146], [108.33145804919036, 15.885503561928983], [108.3315004623848, 15.885399212006174], [108.33154081483242, 15.885364729005472], [108.33176960172428, 15.885273062734235], [108.33189567335573, 15.88527156188148], [108.33191255762665, 15.88527072457327], [108.33192933107865, 15.88526861957984], [108.33217333107866, 15.88522861957984], [108.33219306437982, 15.885224467171685], [108.33221234564859, 15.885218561382782], [108.33223101942515, 15.885210949829954], [108.33237201942515, 15.885145949829955], [108.33238101936536, 15.885141554994439], [108.33265801936535, 15.884998554994437], [108.3326621796442, 15.884996351740078], [108.3332771796442, 15.88466235174008], [108.33328800127904, 15.884656078213277], [108.33360700127905, 15.884459078213277], [108.33361229933674, 15.884455703114], [108.33405529933674, 15.884164703114], [108.33407566246771, 15.884149615992351], [108.33409419609632, 15.88413233065308], [108.33427519609631, 15.883943330653079], [108.33429043558094, 15.883925665536937], [108.33440155935462, 15.883782439339754], [108.33446721551846, 15.883783545904313], [108.33449135163792, 15.883782653741928], [108.33451525236433, 15.88377917473446], [108.33453864125487, 15.883773149121138], [108.33456124778671, 15.883764646595976], [108.33462956728508, 15.883734664657844], [108.33475175226543, 15.883765676074178], [108.33478427876794, 15.883771425448547], [108.33484327876795, 15.883777425448548], [108.3348645788115, 15.883778573296873], [108.33488589167655, 15.88377769511986], [108.33490702508551, 15.88377479884013], [108.33492778837986, 15.883769910586956], [108.33494799424007, 15.883763074460521], [108.3349674603756, 15.883754352134076], [108.33512346037558, 15.883675352134077], [108.33514219644513, 15.883664705034253], [108.33515982576047, 15.883652311153607], [108.33517618599302, 15.883638284613482], [108.33519112649975, 15.883622754568549], [108.33520450971028, 15.88360586401757], [108.33521621239368, 15.883587768486676], [108.33525184816091, 15.883526395776459], [108.33548690458362, 15.88312753232827], [108.3356559064649, 15.883203625215113], [108.33540953723293, 15.883737425217712], [108.33516551841358, 15.884178233407516], [108.33515559546122, 15.884198499424786], [108.33514775629872, 15.884219658913693], [108.3351420800676, 15.884241498255253], [108.33513862407314, 15.884263796966916], [108.33513742320591, 15.884286329928491], [108.33513848958941, 15.88430886965488], [108.33514181245785, 15.884331188592688], [108.33514735826465, 15.884353061417528], [108.33515507102123, 15.884374267308816], [108.33516487286225, 15.884394592179103], [108.33517666483165, 15.884413830835426], [108.33519032788173, 15.88443178905087], [108.335205724075, 15.884448285525414], [108.33522269797673, 15.884463153716272], [108.3352410782242, 15.884476243519261], [108.3352606792567, 15.88448742278419], [108.33553123521044, 15.88462419830324], [108.33557579216229, 15.884646971856403], [108.3355825090343, 15.884650265001692], [108.3360955090343, 15.884891265001693], [108.33611626225223, 15.884899776897946], [108.33613776106435, 15.884906176078376], [108.3361597909955, 15.88491039870387], [108.33618213227203, 15.884912402648927], [108.33620456201425, 15.884912167921913], [108.33622685645992, 15.884909696864495], [108.33624879319655, 15.88490501412829], [108.33627015338021, 15.884898166428924], [108.33629072391872, 15.884889222079998], [108.33631029959754, 15.884878270311585], [108.33632868512697, 15.88486542038005], [108.3363456970904, 15.8848508004781], [108.33636116577411, 15.88483455645591], [108.33637493686035, 15.884816850366112], [108.33637670954012, 15.884814029858328], [108.33638301585027, 15.884818560474804], [108.33640196124361, 15.884829544982713], [108.33642188643078, 15.884838632020688], [108.33654488643079, 15.884887632020689], [108.3365617964539, 15.884893597940179], [108.33657912854665, 15.884898195726445], [108.33703212854664, 15.884999195726444], [108.33705336067254, 15.885002870484861], [108.33707484724648, 15.88500449349449], [108.33709639046275, 15.885004049813881], [108.3371177919942, 15.885001543527565], [108.33713885481805, 15.884996997708448], [108.33715938502964, 15.884990454205404], [108.33717919362755, 15.884981973258014], [108.33719809825355, 15.884971632941996], [108.33721592487142, 15.884959528450445], [108.33723250936902, 15.884945771217478], [108.33724769906927, 15.884930487892372], [108.33726135413555, 15.884913819173635], [108.33727334885916, 15.884895918513719], [108.33728357281649, 15.884876950706351], [108.33729193188564, 15.884857090369431], [108.33729834911293, 15.884836520337496], [108.33730276542126, 15.884815429978547], [108.3373132043927, 15.884750089749923], [108.33731339907085, 15.88475016185427], [108.33733465857976, 15.884755744529434], [108.33735636200632, 15.884759222209272], [108.3373783014472, 15.884760561580102], [108.33740026673831, 15.884759749811709], [108.33742204746784, 15.884756794680253], [108.33744343499201, 15.884751724493778], [108.33746422443365, 15.884744587821046], [108.3375025846668, 15.884729282475497], [108.33750936598238, 15.884733236482193], [108.33752903995148, 15.8847422928124], [108.33754949480722, 15.8847494118751], [108.33757054030526, 15.88475452745808], [108.33759198070788, 15.88475759198287], [108.3376136166045, 15.884758576947267], [108.33763524676627, 15.884757473190419], [108.33765667001768, 15.88475429097803], [108.33788367001767, 15.88470929097803], [108.33790915361739, 15.88470266553921], [108.33793368659278, 15.88469310293427], [108.33817768659277, 15.88458110293427], [108.33819766255668, 15.884570690497068], [108.33821649489492, 15.884558329226167], [108.33823399412432, 15.884544143495566], [108.33824998417487, 15.884528276036225], [108.33826430416127, 15.884510886499953], [108.33827681000176, 15.88449214985308], [108.33828737586772, 15.884472254615995], [108.3382958954498, 15.884451400966348], [108.33830228302749, 15.884429798724943], [108.33830647433159, 15.884407665244597], [108.33830842719095, 15.884385223223239], [108.33830812195673, 15.88436269846321], [108.33830556170004, 15.88434031759933], [108.33829097371824, 15.884252206189318], [108.33846672847187, 15.884216704605668], [108.33859677968258, 15.884205791217358], [108.338619983396, 15.884202618630002], [108.339155983396, 15.884100618630002], [108.33917705846821, 15.884095543070012], [108.33919754600548, 15.884088459229616], [108.33921725511918, 15.884079433111111], [108.3392360021735, 15.884068548813591], [108.3396780021735, 15.883782548813592], [108.33969644823951, 15.883769241197971], [108.33971345362686, 15.883754136007298], [108.33972884389908, 15.88373738818638], [108.33998684389908, 15.88342638818638], [108.34000353532281, 15.883403463881955], [108.3402965353228, 15.882942463881955], [108.34030768286506, 15.882922804628457], [108.34031679810458, 15.882902124532835], [108.34032378873191, 15.882880633021118], [108.3403285839534, 15.882858547736488], [108.34033113520815, 15.882836092335234], [108.34033141665977, 15.882813494221788], [108.34032942545801, 15.88279098224582], [108.34032518176765, 15.882768784384698], [108.34031872856427, 15.88274712543476], [108.34031013119905, 15.882726224734826], [108.34029947673697, 15.882706293944972], [108.3402868730751, 15.882687534903049], [108.34027244784994, 15.882670137580693], [108.3402563471448, 15.882654278159494], [108.34023873401055, 15.882640117246806], [108.33999573401056, 15.882464117246805], [108.33997710000476, 15.882451980479411], [108.33995735703031, 15.882441746113043], [108.33993669867112, 15.882433514497759], [108.33991532748661, 15.882427366346223], [108.33989345302561, 15.882423361942319], [108.33987128977166, 15.882421540550045], [108.33984905504003, 15.882421920028525], [108.33982696684679, 15.882424496656894], [108.33980524177116, 15.882429245170785], [108.33978409283198, 15.882436119010048], [108.3397637273989, 15.882445050775289], [108.33974434515916, 15.882455952888721], [108.33972613615957, 15.882468718452897], [108.33970927894309, 15.882483222298852], [108.3396982242394, 15.882494824522038], [108.33922857879267, 15.882115331508661], [108.33931323460374, 15.881918520228146], [108.33951885836183, 15.881559648574884], [108.33952888282566, 15.881539968544608], [108.33953692572636, 15.881519399023102], [108.3395429092755, 15.881498138952393], [108.33954677560203, 15.881476393953294], [108.33954848731207, 15.881454374336688], [108.33954802785046, 15.881432293069473], [108.33954540166098, 15.881410363714819], [108.33954063414332, 15.881388798366638], [108.33953377140745, 15.881367805598288], [108.3395248798276, 15.881347588445312], [108.33951404540036, 15.881328342441742], [108.33950137291298, 15.881310253728955], [108.33948698492982, 15.881293497255365], [108.33947102060696, 15.88127823508439], [108.33945363434643, 15.88126461482701], [108.33934415492972, 15.881187224204856], [108.33948940322969, 15.880974731321562], [108.33950087375182, 15.880956055130788], [108.33951046913796, 15.880936349762374], [108.3395180979963, 15.880915802901296], [108.33952368766529, 15.880894610247376], [108.33952718490582, 15.88087297365133], [108.33952855640817, 15.88085109919223], [108.33952778910941, 15.880829195214684], [108.33952489031773, 15.880807470344457], [108.33951988764282, 15.88078613150139], [108.33951282873298, 15.880765381928585], [108.33950378082122, 15.880745419256609], [108.33949283008494, 15.880726433621138], [108.33948008082504, 15.880708605852007], [108.33946565447268, 15.880692105750887], [108.3394496884325, 15.880677090473986], [108.339432334774, 15.880663703035223], [108.33941375878318, 15.880652070944064], [108.33915570730194, 15.880507511391922], [108.3392051485672, 15.88030535155176], [108.33920905107988, 15.880285593204219], [108.33930572615093, 15.879646570984605], [108.33945315738384, 15.879239470547883], [108.33945942702859, 15.879219219860246], [108.33946375930671, 15.879198468229921], [108.33957075930671, 15.878529468229921], [108.33957098418838, 15.878528032419126], [108.33961498418839, 15.878241032419126], [108.33961726723068, 15.878218806552834], [108.33961733050282, 15.878196463826699], [108.33961517337858, 15.878174225386342], [108.33961081720886, 15.878152311345179], [108.33960430511057, 15.87813093860576], [108.33959570153964, 15.878110318712897], [108.33958509165318, 15.878090655759813], [108.33957258046658, 15.87807214436806], [108.33955829181409, 15.878054967761173], [108.33954236712303, 15.878039295951146], [108.33952496401412, 15.878025284055674], [108.33950625474122, 15.878013070762817], [108.3394864244865, 15.878002776958283], [108.3394656695274, 15.877994504528916], [108.33944419529405, 15.877988335354225], [108.33919219529405, 15.877929335354224], [108.33917631586345, 15.877926216377446], [108.33901931586345, 15.877901216377447], [108.33900916875801, 15.877899837012333], [108.33887616875802, 15.877884837012331], [108.3388581725933, 15.87788353677506], [108.33884013013042, 15.877883685418707], [108.33863155690162, 15.877893792491468], [108.33849723588752, 15.877878208285413], [108.33841527956217, 15.877846576019488], [108.33821618443186, 15.8777576597477], [108.33800238151008, 15.877658130801356], [108.33797793701748, 15.877641464101858], [108.33796239768367, 15.877571537099728], [108.33795069279078, 15.877440082148773], [108.3379506366995, 15.877439461935747], [108.33794257779374, 15.877351709406382], [108.33794257779374, 15.877311], [108.33794256206922, 15.877308342460728], [108.33794076346149, 15.877156360106916], [108.33795246727678, 15.877072970422985], [108.33800969450084, 15.876860412162179], [108.3380485177943, 15.876749604012101], [108.33824554861708, 15.876774768274794], [108.33827497148822, 15.876776575692485], [108.33966197148823, 15.876770575692484], [108.33969147215998, 15.876768500860472], [108.34092547215998, 15.876599500860472], [108.34094468391815, 15.876596012998977], [108.3409635200986, 15.876590869543259], [108.34098183831215, 15.876584109374459], [108.34145883831215, 15.87638410937446], [108.34147669442203, 15.876375681311252], [108.3414937412255, 15.876365717406347], [108.34150984694776, 15.876354294682493], [108.34152488708871, 15.876341501439363], [108.3423038870887, 15.875617501439363], [108.34230894443216, 15.87561265193953], [108.34286048279981, 15.875067012377967], [108.34306231600338, 15.874909840138578], [108.34343001447407, 15.87475125928155], [108.34389298063911, 15.874686958425297], [108.34552760030088, 15.874621613241967], [108.34765584152666, 15.874638425556482], [108.34959772547836, 15.874974292219559], [108.34961809718772, 15.874976863071446], [108.34963861855667, 15.874977562527162], [108.34965911803563, 15.874976384739572], [108.35132111803563, 15.874804384739571], [108.35134541060373, 15.874800516332192], [108.35136913436564, 15.874794014289355], [108.3513920046968, 15.87478495661897], [108.35160980040803, 15.874684573410507], [108.35185679845377, 15.874638099910612], [108.35223887959236, 15.874611015678003], [108.3522632988541, 15.874607932541295], [108.3527292988541, 15.874522932541295], [108.35275085643838, 15.87451789109865], [108.35292885643838, 15.874466891098649], [108.3529492108943, 15.874459989364091], [108.35296881237745, 15.874451173487863], [108.35331681237746, 15.874274173487864], [108.35334043180387, 15.874260284857208], [108.35347587423509, 15.874169086953513], [108.35380486843489, 15.874015556326944], [108.35417239205242, 15.873906490714754], [108.3546662838371, 15.873843789609278], [108.35468970473791, 15.873839544744897], [108.35471254481988, 15.873832844884934], [108.35473454751177, 15.873823765291446], [108.35475546564902, 15.873812407958935], [108.35477506425032, 15.873798900468598], [108.35479312315718, 15.873783394555176], [108.35486012315718, 15.873719394555176], [108.35487500711896, 15.87370374046799], [108.35488831832176, 15.873686728864769], [108.3548999336218, 15.873668517122166], [108.35490974556438, 15.87364927371949], [108.35491766337789, 15.873629176680078], [108.35492361381355, 15.873608411924376], [108.35492754182307, 15.873587171549968], [108.3549294110679, 15.873565652054443], [108.3549292042554, 15.873544052517586], [108.35492692329883, 15.87352257275965], [108.35492258929962, 15.873501411492802], [108.35488758929962, 15.873364411492801], [108.35487978416647, 15.873339838981162], [108.35486921410842, 15.87331632298013], [108.35438602683392, 15.87238788462211], [108.35403351882742, 15.87168380613042], [108.35403175523957, 15.871595626737385], [108.35419269374562, 15.871308931631253], [108.35702519150698, 15.869256765952791], [108.35850163172532, 15.868629520108401], [108.36108004437206, 15.868340176981054], [108.36110136255495, 15.868336740071317], [108.36112225211237, 15.868331271647277], [108.36114251991869, 15.868323822264943], [108.36116197859646, 15.868314460794446], [108.36118044824866, 15.868303273783319], [108.36119775812189, 15.868290364656362], [108.36121374818502, 15.868275852759472], [108.36122827060866, 15.868259872256285], [108.36136927060868, 15.868088872256285], [108.36138277375932, 15.868070702639418], [108.3613943791087, 15.868051265923642], [108.36140396873529, 15.868030759604709], [108.36141144519925, 15.868009392046567], [108.3614167325325, 15.867987380364184], [108.36141977701067, 15.86796494821745], [108.3614205476989, 15.867942323538578], [108.36141903676626, 15.867919736216097], [108.36141525956529, 15.867897415758952], [108.36140925447597, 15.867875588964486], [108.36120025447596, 15.867242588964485], [108.36119312873231, 15.86722385892554], [108.36064076526559, 15.865946580388483], [108.36037926446825, 15.865113725018853], [108.36037201829636, 15.865093944785254], [108.3603629506302, 15.865074930525378], [108.36035214125354, 15.865056849540212], [108.35967414125355, 15.864034849540213], [108.35967378505427, 15.864034314279293], [108.35813778505427, 15.861733314279292], [108.35812449351111, 15.861715398502644], [108.35810949012055, 15.861698889764218], [108.35809292291994, 15.861683950954495], [108.35807495537657, 15.86167072947358], [108.35805576477483, 15.861659355776832], [108.35803554046697, 15.861649942087656], [108.35801448200469, 15.861642581290218], [108.35799279717027, 15.861637346012946], [108.3579706999263, 15.861634287911931], [108.35794840830465, 15.861633437161222], [108.35792614225507, 15.861634802155114], [108.35790412147499, 15.861638369425314], [108.35788256324177, 15.861644103773836], [108.35786168026888, 15.861651948620294], [108.3552049924303, 15.862803577130297], [108.35203725361629, 15.863519032158381], [108.35101664236579, 15.86354392511571], [108.34924742239367, 15.863220455689373], [108.34664266336658, 15.862694532969778], [108.34585951732278, 15.862435737483045], [108.34555456427549, 15.862284610309175], [108.34349173070099, 15.860694550553893], [108.34325250006715, 15.860464966316584], [108.34323420750448, 15.860449209994204], [108.34286620750449, 15.860165209994205], [108.34284252055515, 15.860149226242735], [108.34227752055514, 15.859818226242734], [108.34225012121279, 15.859804591412539], [108.34196112121279, 15.85968459141254], [108.34193932515741, 15.859676831555362], [108.34191684640028, 15.859671355343984], [108.34145284640027, 15.859583355343984], [108.34143331797823, 15.859580533910197], [108.34141361727904, 15.859579437457944], [108.34098461727905, 15.859574437457944], [108.3409623818262, 15.859575280727917], [108.34094033896663, 15.859578320268842], [108.34040533896663, 15.85967932026884], [108.34039007368267, 15.859682756864688], [108.33968407368268, 15.859867756864688], [108.3396785031089, 15.859869293430684], [108.33810340043637, 15.860325649583974], [108.33676053391892, 15.859956456937438], [108.3367376346303, 15.859951430396244], [108.33671433609682, 15.85994881852448], [108.33538633609682, 15.85986981852448], [108.3353623445687, 15.859869675130161], [108.3349623445687, 15.859888675130161], [108.33494227314692, 15.859890534169041], [108.33492244926806, 15.859894185446223], [108.33490303263808, 15.859899599546134], [108.33457603818843, 15.8600068108411], [108.33454188905738, 15.86000528177553], [108.33434750948467, 15.859725970587728], [108.33422868475495, 15.859554223919547], [108.33421540447374, 15.859536894204696], [108.33420050417425, 15.859520935947865], [108.3341841246857, 15.859506499977481], [108.33416642081777, 15.859493722734186], [108.33414755989742, 15.859482724981262], [108.33412772018741, 15.859473610663262], [108.33410708920147, 15.85946646592357], [108.33408586193204, 15.859461358290227], [108.33406423900728, 15.859458336037704], [108.33404242479483, 15.859457427730622], [108.33402062547034, 15.859458641953786], [108.33399904706872, 15.859461967231047], [108.33390604706871, 15.859480967231047], [108.33387625599224, 15.859489225311357], [108.33337213409037, 15.859667150688486], [108.33307248562068, 15.859754548158817], [108.33223623956228, 15.859945718125273], [108.33214864663059, 15.85995724351102], [108.33202790681723, 15.85995352843984], [108.33201759769666, 15.859953447979798], [108.33195159769666, 15.8599544479798], [108.3319316318849, 15.859955641282593], [108.33191185143168, 15.859958606292064], [108.33189241323781, 15.85996331948942], [108.33187347148923, 15.859969743489048], [108.33179647148924, 15.859999743489047], [108.33177970672261, 15.860007075219288], [108.33176359447141, 15.860015747417938], [108.33165858131521, 15.86007791520641], [108.33156493320813, 15.860109824931788], [108.33124368529072, 15.86015729164254], [108.33115993743426, 15.860141372628505], [108.33114379963173, 15.860138909066864], [108.33099679963173, 15.860121909066864], [108.33097305085325, 15.860120431570683], [108.33075405085324, 15.860118431570683], [108.33072511792533, 15.860120036909994], [108.33062566733703, 15.860132027406454], [108.33053223224036, 15.860108319993868], [108.33050742828914, 15.860103493135691], [108.33039042828914, 15.86008749313569], [108.33038785544704, 15.860087156423663], [108.33032385544705, 15.860079156423664], [108.33030246029233, 15.860077515145127], [108.33028100615857, 15.860077923294018], [108.33025968891063, 15.860080377144156], [108.33008268891062, 15.860109377144155], [108.33006631522512, 15.860112689441525], [108.330050233056, 15.860117209698867], [108.329736233056, 15.860218209698866], [108.3297353041825, 15.86021851070643], [108.32944430418252, 15.86031351070643], [108.32942933103256, 15.860318994347683], [108.3291323462552, 15.860439882382055], [108.32842059139577, 15.860615907777396], [108.32774253775301, 15.86067798311089], [108.32721138062453, 15.860655259811276], [108.32673195170119, 15.860570825972548], [108.32673106290042, 15.860570671282801], [108.32657406290042, 15.860543671282802], [108.32655337193141, 15.860541095106255], [108.32635770082133, 15.860525913727026], [108.32625454166914, 15.86048240442474], [108.3259592158138, 15.8603217256159], [108.32591199756042, 15.860278673678998], [108.32525467975087, 15.859669306104795], [108.32523981197096, 15.859656678128523], [108.32522390444566, 15.859645387986673], [108.32520707719196, 15.8596355208596], [108.32519048792483, 15.859626738306414], [108.32515743579664, 15.859609064598978], [108.32515169123664, 15.859515920661742], [108.32515313963326, 15.859427568467186], [108.32519829179338, 15.859240762471385], [108.32520176296491, 15.85922344535001], [108.32520386257602, 15.8592059090061], [108.32521186257603, 15.8591059090061], [108.32521252260544, 15.859083021537062], [108.3252108487307, 15.859060185818961], [108.3252068583517, 15.859037639228239], [108.32520059294828, 15.859015616135865], [108.32519211764905, 15.85899434547107], [108.32518152055447, 15.85897404834162], [108.3251689118209, 15.858954935735424], [108.32515442251568, 15.858937206327312], [108.3251382032546, 15.85892104441382], [108.32512042263626, 15.858906617997443], [108.32510126548955, 15.858894077040237], [108.32508093095228, 15.858883551904988], [108.32495993095228, 15.858828551904988], [108.32493624826006, 15.858819365115387], [108.32491167960663, 15.858812911567329], [108.32468474854616, 15.858766842855806], [108.3245771086072, 15.858700602893357], [108.32439450366255, 15.858584489966601], [108.3243730867961, 15.858572463421975], [108.32435048462541, 15.858562847714857], [108.324326967524, 15.858555757871056], [108.32378125969262, 15.858423314182055], [108.32353453967107, 15.858357918513692], [108.32350278458033, 15.85835190732674], [108.3233236165676, 15.858331199465974], [108.32314673324217, 15.858277953975152], [108.32312151991734, 15.858271926795883], [108.3230957799976, 15.858268845372319], [108.3228517799976, 15.85825384537232], [108.32284608336573, 15.85825356772816], [108.32237681066229, 15.858236665957063], [108.32211453476641, 15.858220830431273], [108.3220849499031, 15.858220996473612], [108.32179097439352, 15.858242060139407], [108.32144168400738, 15.85818260645666], [108.32142272714587, 15.858180204380178], [108.32140363470658, 15.858179422503342], [108.32138454491188, 15.858180266486661], [108.32121043621302, 15.858195406373518], [108.32106809915862, 15.85816578292565], [108.3206231321759, 15.857973595058644], [108.3202811437371, 15.857809519680496], [108.32026684926826, 15.85780326288257], [108.32024840201551, 15.857795941034826], [108.32026633602169, 15.857768330406603], [108.32028027601604, 15.857743568431268], [108.32040327601604, 15.857488568431267], [108.32040689152598, 15.85748068759655], [108.32052189152598, 15.85721668759655], [108.32052662294348, 15.857204930489083], [108.32059025324996, 15.85703295668778], [108.32059954948647, 15.857019906201906], [108.32125167701669, 15.856604399691355], [108.32126952915172, 15.856591762155363], [108.32128606725998, 15.856577447931118], [108.32130113446826, 15.856561592797071], [108.32131458785561, 15.856544347148068], [108.32132629980912, 15.85652587456877], [108.32133615923432, 15.85650635028196], [108.32134407260904, 15.856485959486452], [108.32134996487048, 15.85646489560039], [108.32135378012723, 15.856443358426555], [108.32135548218942, 15.856421552257126], [108.32135505491206, 15.856399683935862], [108.32135250234812, 15.856377960896063], [108.32134784871008, 15.856356589192952], [108.32134113814031, 15.85633577154913], [108.32133243429234, 15.856315705431632], [108.32132181972706, 15.856296581178842], [108.32130939512957, 15.856278580195037], [108.32125966182096, 15.856213544329911], [108.3207268287866, 15.855466582132225], [108.32072631323908, 15.855465862406982], [108.32056231323908, 15.855237862406982], [108.32056119769555, 15.855236325282847], [108.32017024022794, 15.854702383370544], [108.31998528272382, 15.854449441486539], [108.31997183091165, 15.854432775435871], [108.31995685267574, 15.854417466584046], [108.31994048424328, 15.854403654165218], [108.3199228744853, 15.854391463803465], [108.31990418356274, 15.854381006370248], [108.31988458146974, 15.854372376976023], [108.31986424648747, 15.85436565410521], [108.31984336356284, 15.854360898902387], [108.3198221226262, 15.854358154616166], [108.31980071686414, 15.854357446205858], [108.3197793409622, 15.854358780114463], [108.31975818933446, 15.854362144210066], [108.31973745435516, 15.854367507896189], [108.31971732460914, 15.854374822390055], [108.31752436251301, 15.855292276003315], [108.31601443317398, 15.85563396047114], [108.31598895279316, 15.855641332567005], [108.3159645193607, 15.855651657535898], [108.31444251936071, 15.856403657535898], [108.31442395740468, 15.85641394730796], [108.31440644966129, 15.856425943329866], [108.31380144966128, 15.856883943329866], [108.31378699684564, 15.856895864608395], [108.31377358796829, 15.856908949056034], [108.3130306162956, 15.857697068280823], [108.31126236245736, 15.858995156228413], [108.3088594563979, 15.859918362423207], [108.30883633669633, 15.85992877875385], [108.30838955424434, 15.8601612587021], [108.30807910483226, 15.860249695329875], [108.30763388633864, 15.860356118171552], [108.30715255600096, 15.860443116975217], [108.30714630778175, 15.86044302230523], [108.30711322791873, 15.860430961938503], [108.30702909823246, 15.86037253854526], [108.30702723301437, 15.860371257135998], [108.30662969079704, 15.860101082813545], [108.3066194127671, 15.860092885008614], [108.30660127090816, 15.86008108020522], [108.30639714471758, 15.859961847617264], [108.30626805650884, 15.859867648113584], [108.30598492557868, 15.859610697098207], [108.30596569564652, 15.85959508946668], [108.30580040142515, 15.85947542333766]]]}, "properties": {"code": "20410", "name": "Hội An", "nameEn": "Hoi An", "fullName": "Phường Hội An", "fullNameEn": "Hoi An Ward", "codeName": "hoi_an", "postalCode": "51319", "postalCodePrefix": "", "gisServerId": "diaphanhanhchinhcapxa_2025.1935", "areaKm2": 10.81, "ward_code": "20410", "source_member": "geojson/48_da_nang/wards/20410_hoi_an.geojson", "requires_boat": false, "region": "hoi_an", "search_name": "Hội An", "grid_km": 2, "coastal_precision_tolerance_m": 25}}, {"type": "Feature", "id": "20413", "bbox": [108.328563, 15.858662, 108.391562, 15.903177], "geometry": {"type": "MultiPolygon", "coordinates": [[[[108.39026176780187, 15.875156727715257], [108.39019734950948, 15.875182582676153], [108.39017650101991, 15.875192215824057], [108.39015674539289, 15.875203927880074], [108.39013828923503, 15.875217596358155], [108.39012132556302, 15.87523307831176], [108.3901060317849, 15.875250211828812], [108.39009256784479, 15.875268817724988], [108.39008107455015, 15.875288701417658], [108.39007167209921, 15.875309654960839], [108.38999667209922, 15.875502654960838], [108.38998871470707, 15.875527234808896], [108.38998363299679, 15.875552565921007], [108.38995663299679, 15.875743565921008], [108.38995464354146, 15.875765031802915], [108.38995472144987, 15.875786589538158], [108.38995686600413, 15.875808040479994], [108.38996105744292, 15.87582918696574], [108.38996725714367, 15.875849834138165], [108.38997540797835, 15.875869791741035], [108.38998543484, 15.875888875872247], [108.3899972453347, 15.875906910678426], [108.39001073063298, 15.87592372997534], [108.3900257664727, 15.875939178779252], [108.3901157664727, 15.876023178779251], [108.3901328458427, 15.876037597958817], [108.39015127397379, 15.876050247923377], [108.39017086831447, 15.876061003360709], [108.3901914347606, 15.876069757726029], [108.39021276957826, 15.876076424297434], [108.39038676957826, 15.876121424297434], [108.39041002245908, 15.876126143348403], [108.39043364344069, 15.876128382798456], [108.39045736886176, 15.87612811765048], [108.39048093389522, 15.876125350864102], [108.39050407550424, 15.876120113322651], [108.39057848882307, 15.876099083471676], [108.39074532994456, 15.876080144749777], [108.39076971209332, 15.876076006605432], [108.39079349139739, 15.876069212629112], [108.3908163794918, 15.876059845209472], [108.39099480964072, 15.875975066243686], [108.39100138819158, 15.875972142443304], [108.39108646811557, 15.875950872462303], [108.39110717037151, 15.875944623724308], [108.3911271756551, 15.875936412831752], [108.39114629847927, 15.87592631591523], [108.39116436153907, 15.875914426592367], [108.39132336153908, 15.875798426592366], [108.39134609456252, 15.875779421864669], [108.39147909456251, 15.875652421864668], [108.39149684700254, 15.875633384445297], [108.39164284700254, 15.875457384445298], [108.39165599007703, 15.87543986848966], [108.39166736471596, 15.875421155748054], [108.39167686276667, 15.875401424145448], [108.39174786276668, 15.87523342414545], [108.39175541637032, 15.87521278926252], [108.391760917199, 15.875191514953947], [108.391764312589, 15.875169804895263], [108.391785312589, 15.874972804895263], [108.39178654686212, 15.87495272721818], [108.39178597961778, 15.874932619637988], [108.39178361540694, 15.874912643475836], [108.39177947319742, 15.874892958998512], [108.39177358622176, 15.874873724132646], [108.39169983014598, 15.874666409757491], [108.39167706962212, 15.87460109694987], [108.3916691519694, 15.874581420307583], [108.3916594133717, 15.874562578354631], [108.39152641337171, 15.87433257835463], [108.39151557986501, 15.874315641511261], [108.39150327502568, 15.87429974143391], [108.39143627502568, 15.874220741433911], [108.39142461677537, 15.874208020031432], [108.39141201621233, 15.87419623127862], [108.39121818984508, 15.874028381641002], [108.39110460825191, 15.873929615038245], [108.39094283729388, 15.873784715897925], [108.39092587363585, 15.873770948122518], [108.39090765246506, 15.873758893817552], [108.39088834622622, 15.873748667064666], [108.39086813763306, 15.873740364649592], [108.39084721793924, 15.87373406514618], [108.39064221793923, 15.873683065146182], [108.39061987093378, 15.87367869518893], [108.39059719628787, 15.873676610575709], [108.39047519628788, 15.873671610575709], [108.39044983872432, 15.873672004467426], [108.39042468725309, 15.873675254802121], [108.39040006261159, 15.873681320130766], [108.39026006261159, 15.873724320130766], [108.3902391021536, 15.873731915597554], [108.39021899806212, 15.87374155185305], [108.39019994846022, 15.873753133933265], [108.39018214107917, 15.873766547698366], [108.39016575140826, 15.87378166095752], [108.3901509409655, 15.873798324771606], [108.39013785570579, 15.873816374920994], [108.39012662458259, 15.873835633523909], [108.39011735827711, 15.873855910789432], [108.39011014810751, 15.873877006887861], [108.39010506512905, 15.873898713920005], [108.39010215943378, 15.873920817966004], [108.39010145965695, 15.873943101193484], [108.39010545965695, 15.874162101193484], [108.39010572350041, 15.874169629151824], [108.39011933267865, 15.87443209187509], [108.3901184487788, 15.874489545365835], [108.3901190736898, 15.87451009365504], [108.39012157499606, 15.8745304987076], [108.39012593173781, 15.874550589538948], [108.39016493173781, 15.874697589538949], [108.39017069758087, 15.874716068870873], [108.39021712373213, 15.874845030402183], [108.39023372306788, 15.874957075918402], [108.39026176780187, 15.875156727715257]]], [[[108.33023789193408, 15.887969530873228], [108.32844780159807, 15.889039219000843], [108.32842920927948, 15.889051624756284], [108.32841194220191, 15.889065817187767], [108.32839617140147, 15.889081655714593], [108.32838205309308, 15.889098983450953], [108.32836972712325, 15.889117628759923], [108.32835931558475, 15.889137406953596], [108.3283509216073, 15.889158122122465], [108.32834462833597, 15.88917956907598], [108.32834049810772, 15.889201535375019], [108.3283385718338, 15.889223803436176], [108.32833886859459, 15.88924615268699], [108.32834138545056, 15.88926836175079], [108.32834609747145, 15.889290210639505], [108.32835295798313, 15.889311482932714], [108.32836189902999, 15.889331967921365], [108.32879088311356, 15.890194935903011], [108.32916614961985, 15.890950445924963], [108.329364551905, 15.89138693095228], [108.32937603357323, 15.89140888752577], [108.32947903357322, 15.89158188752577], [108.32949132510554, 15.891600385786184], [108.32950538367878, 15.891617579503743], [108.32952107179695, 15.89163330052004], [108.32964007179694, 15.891741300520039], [108.32964627745488, 15.891746728187497], [108.32989427745488, 15.891955728187497], [108.32991375928871, 15.89197041338386], [108.32993471911604, 15.891982898674419], [108.33042077428291, 15.89223773326596], [108.33046645950515, 15.892266550098443], [108.33094180466782, 15.892655732899641], [108.3313888199454, 15.893066156218676], [108.33148152613768, 15.893151884525516], [108.33148618854365, 15.893156076783793], [108.33197118854366, 15.893580076783794], [108.33205799276219, 15.893655905777413], [108.33327955347048, 15.894729640660005], [108.33357038752891, 15.894992586521054], [108.33357115084407, 15.894993273476413], [108.33361725697809, 15.89503457688814], [108.33363140201024, 15.895047837855776], [108.33363357407384, 15.895049847442936], [108.33365587724806, 15.895070211210706], [108.33371063231561, 15.895121055202], [108.33372708230799, 15.895136537547764], [108.33372886492955, 15.89513819717245], [108.33394386492955, 15.89533619717245], [108.33396066491275, 15.89535021941748], [108.33397874985081, 15.89536254004271], [108.33399794803421, 15.89537304206851], [108.33401807718349, 15.895381625782163], [108.33403894618012, 15.895388209684592], [108.33406035688093, 15.895392731264161], [108.33408210599951, 15.895395147590206], [108.33410398703633, 15.895395435720632], [108.33438498703633, 15.895385435720632], [108.33440349414214, 15.895384009519702], [108.3344218202537, 15.895381059833461], [108.33443984017656, 15.895376606812638], [108.33457485613592, 15.8953372554275], [108.33459229056236, 15.895342522077152], [108.3348482724698, 15.89546008413835], [108.33486396975842, 15.895466586008185], [108.33488011367385, 15.89547188253306], [108.33518011367384, 15.89555788253306], [108.3351992109939, 15.895562463798395], [108.33521863553658, 15.89556535909942], [108.33523823875552, 15.895566546294747], [108.3358284977561, 15.895576433380185], [108.3359647756695, 15.8955869162966], [108.3359672334877, 15.895587091801632], [108.33699024844499, 15.89565450329481], [108.33725736648636, 15.89599469314079], [108.33726887704215, 15.896008215617579], [108.33728142004324, 15.89602078635331], [108.33741642004324, 15.89614578635331], [108.33743185210977, 15.896158835996504], [108.33744839484817, 15.896170445461266], [108.33746591428947, 15.896180520730072], [108.33764591428947, 15.896273520730071], [108.33766452231183, 15.896282083410307], [108.33768383311694, 15.896288915012963], [108.33770368605528, 15.896293958704893], [108.33772391596723, 15.89629717252686], [108.33774435455706, 15.896298529742584], [108.33787770581534, 15.896301288734135], [108.33803414455295, 15.896320843576337], [108.33805455582225, 15.896322454382142], [108.33807502896717, 15.896322199534922], [108.338095393816, 15.896320081152954], [108.33811548109719, 15.896316116844117], [108.3381351238463, 15.89631033955954], [108.33815415879386, 15.896302797319706], [108.33831415879386, 15.896230797319706], [108.33833491253263, 15.89622012868263], [108.33835444717988, 15.896207364081308], [108.33837255182435, 15.896192641332298], [108.33851755182435, 15.896061641332297], [108.33853378158102, 15.89604539644171], [108.33854826763094, 15.896027579151529], [108.338560858522, 15.896008375742095], [108.33872021445792, 15.895735896765224], [108.33892797781088, 15.895415879182769], [108.34068631311811, 15.896600368139108], [108.34075877851237, 15.896791526851542], [108.34071347543751, 15.897306169781805], [108.34069170436796, 15.897509036566316], [108.3406904327569, 15.897530823128179], [108.34069128178693, 15.897552630246752], [108.34069424344047, 15.897574251992305], [108.3406992897499, 15.897595484185631], [108.34070637306179, 15.897616126326154], [108.34071542648672, 15.897635983485301], [108.34072636453111, 15.89765486814727], [108.34073908390441, 15.897672601979773], [108.34075346449461, 15.897689017518074], [108.34076937050244, 15.897703959746398], [108.34078665172375, 15.897717287561782], [108.34080514496789, 15.897728875106546], [108.34082467559884, 15.897738612956788], [108.34084505918426, 15.897746409155705], [108.34096405918426, 15.897785409155706], [108.34096538496081, 15.897785839102697], [108.3410723861262, 15.897820172809974], [108.34100521651688, 15.89793722084207], [108.34099320758244, 15.897961409581093], [108.34086020758244, 15.898275409581093], [108.34085356972606, 15.898293123654843], [108.34084844620786, 15.898311333517759], [108.34073544620786, 15.898789333517758], [108.34073147235611, 15.898810724049923], [108.3407295869799, 15.898832398729171], [108.34072980777395, 15.898854154133419], [108.34073213266603, 15.898875786082955], [108.34081413266604, 15.899398786082957], [108.3408194453638, 15.89942349180603], [108.34082750002136, 15.899447444258966], [108.34120450002136, 15.900389444258966], [108.34121268512943, 15.900407533925724], [108.34122243602017, 15.90042482994166], [108.34176743602018, 15.901298829941659], [108.34177978200196, 15.9013166511274], [108.34179378884123, 15.901333198827594], [108.34180932600475, 15.901348318830141], [108.3418262486979, 15.901361870228014], [108.34184439921391, 15.901373726732393], [108.3423883992139, 15.901692726732392], [108.34240360230213, 15.901700873917331], [108.34241938582541, 15.901707830274631], [108.3430563858254, 15.901959830274633], [108.34305716399825, 15.901960136448912], [108.34406630562046, 15.902355017953251], [108.34649747887889, 15.903383821756115], [108.34651867100298, 15.903391559198356], [108.34654053249596, 15.903397131384699], [108.34656284273936, 15.903400482082603], [108.346585376586, 15.903401577478006], [108.34660790663229, 15.90340040651656], [108.34663020551291, 15.903396981015199], [108.3466520481954, 15.903391335542874], [108.3466732142511, 15.903383527071705], [108.34669349007964, 15.903373634402037], [108.3467126710645, 15.903361757367204], [108.3467305636379, 15.903348015826063], [108.34731168870212, 15.902853379274752], [108.34858680483211, 15.902142706752755], [108.34933637093829, 15.901851317834518], [108.35068544978651, 15.901326287165691], [108.35070239891866, 15.90131887332229], [108.35193539891866, 15.900717873322291], [108.35195757942813, 15.90070546183509], [108.3532956359196, 15.89985388090075], [108.35452866010961, 15.899190626069084], [108.35571116013278, 15.898738784505046], [108.35572182893036, 15.898734390581224], [108.35712382893036, 15.898114390581224], [108.35714175801193, 15.89810548633613], [108.35839239806785, 15.897413239084727], [108.36008305498764, 15.896507778500414], [108.36070993281481, 15.896241918379042], [108.36092705245522, 15.896922276156365], [108.36093553436699, 15.896944659026534], [108.36094635033574, 15.896966012024548], [108.36095937749378, 15.896986092583735], [108.36097446785469, 15.89700467259213], [108.36099144999433, 15.897021540983788], [108.36103133101186, 15.897057139475944], [108.36103277806157, 15.897068678668548], [108.36103754472263, 15.897089852304434], [108.36104433298708, 15.897110466944385], [108.3610530794553, 15.897130330056127], [108.36106370243888, 15.89714925612636], [108.3610761027235, 15.89716706839336], [108.36111562629324, 15.897218364941317], [108.36128451356485, 15.897495375810097], [108.36170637392256, 15.898796275424809], [108.3617129332815, 15.898813939976614], [108.3618989332815, 15.899256939976615], [108.36190765878553, 15.899275337306237], [108.36191801472879, 15.89929286872366], [108.3622350147288, 15.899777868723659], [108.36225074126307, 15.899799090641586], [108.36251674126306, 15.900117090641587], [108.3625268884416, 15.900128418879396], [108.36273588844159, 15.900346418879396], [108.36275149651689, 15.900361211382943], [108.36276844785348, 15.900374443252199], [108.36278658702791, 15.90038599316679], [108.3628057477257, 15.900395755227848], [108.36282575426624, 15.90040363992898], [108.36284642321351, 15.900409574976932], [108.3628675650581, 15.900413505954427], [108.36288898595458, 15.900415396819117], [108.36291048949907, 15.900415230234039], [108.36293187852982, 15.90041300772658], [108.36295295693509, 15.900408749674467], [108.36297353145115, 15.900402495118934], [108.36299341343437, 15.900394301406754], [108.36301242059079, 15.900384243664444], [108.36346842059079, 15.900114243664445], [108.36347624794523, 15.900109389557386], [108.36388924794522, 15.899841389557386], [108.36388990973732, 15.899840958457954], [108.36441290973733, 15.899498958457954], [108.36484083908911, 15.899219004681788], [108.36528168982655, 15.898931322574738], [108.36548673666462, 15.898821235952653], [108.36576455792405, 15.898768699240133], [108.36581238711261, 15.898759731267276], [108.36583447516348, 15.898754420725709], [108.36585591369743, 15.898746905866759], [108.36587648334219, 15.898737263587087], [108.3658959736165, 15.898725592552431], [108.36611077362468, 15.898581726500453], [108.36630496119898, 15.898452268117579], [108.36657544313492, 15.89827449553777], [108.36692048124318, 15.898105789059425], [108.36721023512749, 15.897978652151005], [108.36722770377466, 15.897970066187787], [108.36724436334407, 15.89795999985053], [108.36726008868793, 15.897948528758214], [108.36727476167644, 15.897935739082435], [108.36746153667374, 15.897758119722253], [108.36749026416179, 15.897740531464267], [108.36749218993374, 15.897739339026844], [108.36780518993375, 15.897543339026845], [108.36782027403848, 15.897533015743862], [108.36794227403847, 15.897442015743861], [108.36794441980497, 15.897440395129575], [108.36796690073646, 15.897423203829018], [108.3684214217977, 15.897166556160824], [108.36844056640903, 15.897154433178835], [108.36845839189905, 15.897140442655605], [108.36860011229238, 15.897017165327158], [108.36867465021561, 15.896958667210198], [108.36889184144589, 15.896787953194035], [108.36925813369227, 15.896644019716867], [108.36928300588603, 15.896632446007297], [108.36972074829744, 15.896395211457811], [108.36973543424263, 15.896387868485213], [108.36974943424265, 15.8963808684852], [108.36975057714342, 15.89638029295888], [108.37003057714342, 15.896238292958882], [108.3700956646514, 15.896205248555802], [108.37068553435527, 15.895905348512523], [108.3707382009477, 15.895881325154573], [108.37074089613397, 15.895880074166094], [108.37077635773244, 15.895863328411266], [108.3708488179885, 15.895829579798852], [108.37084920753371, 15.895829397912898], [108.37117646559602, 15.895676213287983], [108.37121270994881, 15.895659998709107], [108.37121563268731, 15.895658666000935], [108.3713146326873, 15.895612666000936], [108.37133038650262, 15.895604576086173], [108.37165638650262, 15.895420576086172], [108.37167405262116, 15.895409493120892], [108.37169061448797, 15.895396819193659], [108.37181061448798, 15.895295819193658], [108.37181372577484, 15.895293151650572], [108.37196372577483, 15.895162151650572], [108.37196424708222, 15.89516169495564], [108.37203024708222, 15.89510369495564], [108.37203903479185, 15.895095546752051], [108.37235439382006, 15.89478708620259], [108.37244237559368, 15.894710456915883], [108.37259407182856, 15.894578720711904], [108.37288971549465, 15.894323081634303], [108.3730090363527, 15.894236350614133], [108.3730154473361, 15.894243901629551], [108.37303199524746, 15.89425977864465], [108.37305007605113, 15.894273885292652], [108.37306950120947, 15.894286074476463], [108.37309006816665, 15.89429621909335], [108.37311156246065, 15.894304213360302], [108.37321956246066, 15.894338213360301], [108.37323998065884, 15.894343600471311], [108.37326081457952, 15.89434704598001], [108.37328188001918, 15.89434851942286], [108.37330299072725, 15.89434800777238], [108.37332396005296, 15.894345515552343], [108.37334460259557, 15.894341064797766], [108.37336473584358, 15.89433469486009], [108.37338418178845, 15.894326462059258], [108.37350918178845, 15.894266462059258], [108.37352874736612, 15.894255846912797], [108.37354716597622, 15.89424334699417], [108.37356425666779, 15.894229085107012], [108.37357985153582, 15.894213201365165], [108.3737024030187, 15.894075330946917], [108.37383617940044, 15.89399172070833], [108.3746339634073, 15.893569539358111], [108.37570116359232, 15.893005882786369], [108.3756569521655, 15.893066120855412], [108.37564519994952, 15.893083833485855], [108.37563517504078, 15.89310257790002], [108.37562696725305, 15.893122186165575], [108.37562065012038, 15.89314248261089], [108.37561628023833, 15.893163285398888], [108.37561389675697, 15.893184408156145], [108.37561352103002, 15.89320566164261], [108.37561515642366, 15.893226855447015], [108.37562415642365, 15.893298855447016], [108.37562804628816, 15.893320944544394], [108.37563412007827, 15.893342535476338], [108.3756423172118, 15.893363412886876], [108.37565255592746, 15.893383368536965], [108.3756647341005, 15.893402203381536], [108.37567873026131, 15.893419729554857], [108.37569440480698, 15.893435772244368], [108.37571160139377, 15.893450171434326], [108.37573014849654, 15.893462783501862], [108.3757498611196, 15.893473482649531], [108.37577054264193, 15.893482162160064], [108.37579198677834, 15.893488735460796], [108.37581397963704, 15.893493136987184], [108.37588797963706, 15.893504136987183], [108.37591101031207, 15.893506355502673], [108.37593414702056, 15.893506192643267], [108.37595714418272, 15.893503650137605], [108.37597975769997, 15.893498754972585], [108.3760017475458, 15.893491559106922], [108.3761107475458, 15.893449559106923], [108.37613061434439, 15.893440778333366], [108.37614953995461, 15.893430119395898], [108.37644853995461, 15.893242119395898], [108.37646636965307, 15.893229664751313], [108.37666036965308, 15.893079664751312], [108.37667811274403, 15.893064404501434], [108.37669417141394, 15.893047380646903], [108.37670837127638, 15.893028778055431], [108.37672055813029, 15.893008798738764], [108.37673059963457, 15.892987659658969], [108.37673838674516, 15.892965590372363], [108.37676938674515, 15.892860590372363], [108.3767742241039, 15.892841006016736], [108.3767772845376, 15.8928210665892], [108.3767785433525, 15.892800932975268], [108.37677799039157, 15.892780767627288], [108.37677563011653, 15.892760733253663], [108.37675763011653, 15.892650733253664], [108.37675369597537, 15.89263183073543], [108.3767481527733, 15.89261333599096], [108.3767410414819, 15.892595385720849], [108.37664661274958, 15.892384045224695], [108.37664351560369, 15.892367978780442], [108.37666780616365, 15.892338948599024], [108.37694691141546, 15.892134024145035], [108.37695508043183, 15.892127732644921], [108.37709008043183, 15.892018732644921], [108.37710194031666, 15.892008451953414], [108.37730194031667, 15.891822451953413], [108.37730780048086, 15.891816800480864], [108.37746380048087, 15.891660800480864], [108.3774686532726, 15.8916557946417], [108.37762465327259, 15.891489794641702], [108.37762530290156, 15.891489100431036], [108.37766020346491, 15.891451646167935], [108.37782979073525, 15.891296473815578], [108.37793281617805, 15.891245998263065], [108.37802967239486, 15.891217362512007], [108.37804431784765, 15.891212479215563], [108.37805201441488, 15.891209615376596], [108.37813732057688, 15.891294921538602], [108.37827045141735, 15.891431032920273], [108.37828606503774, 15.891445548949745], [108.37830298474984, 15.891458519053677], [108.37832105808046, 15.89146982635106], [108.37834012216048, 15.89147936894538], [108.3783600051926, 15.891487060842872], [108.37838052799947, 15.891492832727456], [108.37840150563835, 15.891496632585385], [108.37842274906777, 15.891498426173968], [108.37844406685105, 15.891498197330154], [108.37846526688148, 15.891495948116185], [108.37848615811346, 15.891491698801017], [108.3785065522842, 15.891485487677649], [108.37852626561016, 15.891477370718064], [108.37854512044332, 15.89146742106882], [108.37950612044331, 15.890900421068821], [108.379508660402, 15.890898899807326], [108.380240660402, 15.890453899807325], [108.38025923990418, 15.890441291254003], [108.38027646748552, 15.89042689042211], [108.38029217093111, 15.890410841269041], [108.38030619326206, 15.890393304229578], [108.3803183943046, 15.890374454612104], [108.38032865209146, 15.890354480846142], [108.38033686408104, 15.890333582598727], [108.3803429481825, 15.890311968778438], [108.38034684357633, 15.890289855447051], [108.38035184357634, 15.89024985544705], [108.38035344621868, 15.890229686375203], [108.3803532271311, 15.890209454916477], [108.38035118809184, 15.8901893252806], [108.38034118809183, 15.890121325280601], [108.38033754402211, 15.890102292207134], [108.38033227268772, 15.890083644146548], [108.38032541333868, 15.890065519951097], [108.38031701704928, 15.890048054572373], [108.38023307733691, 15.889891167252797], [108.38017189007309, 15.889776491784835], [108.38062868789507, 15.889426955191984], [108.38196982472496, 15.888419354997378], [108.38270974354998, 15.887877147275391], [108.38271378605369, 15.887874114460283], [108.38320078605369, 15.887500114460282], [108.38347680272267, 15.887288101657813], [108.38348890299257, 15.887278116281928], [108.38380390299257, 15.88699911628193], [108.3838074977501, 15.886995862432535], [108.3841674977501, 15.886662862432534], [108.38416891769202, 15.886661537547765], [108.38442384501366, 15.886421605950925], [108.38494310842819, 15.88593375704902], [108.3849611250956, 15.885943863960005], [108.38498042161363, 15.885953501195543], [108.38500055365863, 15.885961242815661], [108.38502133552548, 15.88596701740893], [108.38504257551493, 15.885970771708466], [108.38506407770186, 15.885972471083289], [108.3850856437425, 15.885972099857764], [108.3851070747041, 15.885969661456208], [108.38512817289991, 15.885965178371297], [108.38514874371276, 15.885958691956583], [108.38516859739023, 15.885950262045043], [108.38518755079498, 15.885939966397146], [108.38520542909414, 15.88592789998358], [108.38522206737198, 15.885914174109196], [108.38523196449522, 15.885905176724442], [108.38551224146192, 15.88565709373365], [108.38591362402657, 15.88541031067356], [108.38592580985915, 15.885402260977608], [108.38604580985914, 15.88531726097761], [108.38606395143073, 15.885302954312133], [108.38608052710991, 15.885286859463385], [108.38609536146257, 15.885269146776457], [108.38640315070441, 15.884860661054264], [108.38646190050378, 15.884812536218613], [108.38664218477518, 15.884709124428419], [108.38722462662142, 15.884379440364505], [108.38724653687541, 15.884365298544123], [108.38726666004875, 15.884348712157902], [108.38730766004876, 15.884310712157902], [108.38732377439797, 15.884294156633455], [108.3873381026008, 15.884276033161271], [108.38735049302126, 15.884256533542798], [108.38736081453106, 15.884235864143301], [108.38736895789722, 15.88421424370788], [108.38737483693815, 15.884191901046497], [108.38737838943574, 15.884169072612451], [108.38737957779375, 15.884146], [108.38737957779375, 15.884113], [108.38737855285748, 15.884091568589419], [108.38737548740394, 15.884070332797734], [108.3873704094136, 15.884049486458297], [108.38736336523668, 15.884029219849667], [108.38735441917012, 15.884009717958808], [108.38734365287071, 15.883991158792593], [108.38733116460966, 15.883973711753015], [108.38731706837576, 15.883957536090932], [108.38730149283482, 15.883942779452493], [108.38728339895253, 15.883927207747735], [108.38744313097725, 15.883735057784433], [108.38782937634747, 15.883326347861725], [108.38785094146616, 15.883343552819808], [108.38786979760837, 15.88335706391964], [108.38788994688517, 15.883368557855562], [108.38791117431953, 15.88337791199628], [108.38793325343137, 15.883385026540441], [108.38795594865385, 15.883389825581434], [108.38797901784675, 15.883392257917247], [108.38800221487983, 15.883392297596766], [108.38806221487984, 15.883389297596766], [108.38808412755027, 15.8833871210275], [108.38810572172017, 15.883382808904289], [108.38812678977513, 15.883376402685487], [108.3881471291591, 15.883367963962854], [108.38816654432166, 15.883357573869405], [108.38826654432165, 15.883297573869406], [108.3882877013003, 15.883283179516047], [108.38830708344493, 15.883266471804541], [108.38832443911133, 15.883247667656118], [108.38842643911134, 15.883123667656116], [108.38843962844996, 15.883105920002842], [108.38845100854148, 15.883086961327594], [108.38853712898683, 15.882926029182231], [108.38860404516198, 15.882851746088726], [108.38875522656609, 15.882764526047888], [108.3887595509644, 15.882761966294291], [108.3889275509644, 15.882659966294291], [108.38894474285091, 15.88264841074047], [108.3889607968818, 15.882635320290605], [108.3892567968818, 15.882370320290606], [108.38925883691806, 15.882368471253569], [108.38952583691807, 15.882123471253568], [108.38954732691805, 15.882100803938762], [108.38967832691804, 15.881941803938764], [108.38969171916989, 15.881923784362169], [108.3897032453196, 15.88190451767011], [108.38978779887734, 15.881745659470736], [108.38986118747385, 15.881668637775373], [108.39005325369703, 15.881497805004], [108.3900552309364, 15.881496025267124], [108.3902572309364, 15.881312025267123], [108.39027176617788, 15.88129751488282], [108.39028491500164, 15.881281737274287], [108.39029656743494, 15.881264824400617], [108.39040256743495, 15.881094824400618], [108.39041183280592, 15.881078479437575], [108.39041969951121, 15.88106141720255], [108.39042611249033, 15.881043757117194], [108.39047611249033, 15.880885757117193], [108.3904806685358, 15.88086917867619], [108.3904839429579, 15.88085230027531], [108.3905009429579, 15.88074230027531], [108.39050353123099, 15.88071257293749], [108.39051353123098, 15.88022157293749], [108.39051342647615, 15.88020875729136], [108.39049151650076, 15.879612208415912], [108.39048768642517, 15.879354635832527], [108.39050110318303, 15.8791485927654], [108.39050155613621, 15.879137118835217], [108.39050255613621, 15.879065118835216], [108.39050169563431, 15.879042114109772], [108.39049848460554, 15.87901931833932], [108.39049295679044, 15.878996971055003], [108.39046435145592, 15.878902414532556], [108.39046012040987, 15.878839654016137], [108.39044816647876, 15.878642414152804], [108.3904451831165, 15.878617099943186], [108.39043935045754, 15.878592286846878], [108.39038935045754, 15.878423286846878], [108.390381274099, 15.878400555605552], [108.39037080614725, 15.87837882178661], [108.39028780614724, 15.87822782178661], [108.39027784356477, 15.878211401975362], [108.39026651448145, 15.878195893425408], [108.39025390175375, 15.878181409560225], [108.39020692269504, 15.878131904745675], [108.39011687268156, 15.87761786925197], [108.39014235441691, 15.877233007180036], [108.39029563786569, 15.876735073989245], [108.39030104011823, 15.876713916943453], [108.39030436215218, 15.876692335261183], [108.39030557256164, 15.876670532971666], [108.3903046599036, 15.876648716189719], [108.3903016328062, 15.876627091167165], [108.39029651988703, 15.876605862342968], [108.3902893694827, 15.876585230410509], [108.39028024919179, 15.876565390420263], [108.39024124919179, 15.876490390420264], [108.39023077109952, 15.876472342047427], [108.39021866287018, 15.876455344254577], [108.39020502906466, 15.87643954382654], [108.39018998741797, 15.876425077208268], [108.3901736678226, 15.876412069326566], [108.39015621120677, 15.876400632511293], [108.38981948094887, 15.876201745049018], [108.3896902790014, 15.87611561041737], [108.38953898108242, 15.876013086169642], [108.38953804600888, 15.876012455953967], [108.3893564221581, 15.875890708097954], [108.389251797288, 15.875819961757214], [108.38923273833329, 15.875808409226803], [108.38921262817925, 15.875798802644791], [108.38919166487825, 15.875791236620419], [108.38917005488479, 15.875785785666745], [108.38916924868643, 15.875785665628607], [108.38920015319543, 15.875283803275757], [108.38941516497148, 15.8717426106944], [108.38941538561886, 15.871719711324564], [108.38941327308336, 15.871696908539253], [108.38940884933135, 15.871674439443984], [108.3894021603614, 15.871652537674532], [108.38939327572606, 15.871631430967565], [108.3893822878086, 15.871611338792617], [108.38936931086243, 15.871592470070022], [108.38935447982307, 15.87157502099854], [108.38933794890507, 15.871559173015266], [108.38931988999845, 15.871545090909027], [108.38930049088145, 15.871532921106894], [108.38927995326793, 15.87152279015162], [108.38897807103612, 15.871392566443777], [108.38761013235612, 15.870736514219693], [108.3849111822243, 15.869441538146814], [108.38410629503588, 15.869055032912772], [108.37697507468782, 15.865359529820836], [108.37639189208487, 15.864361681665773], [108.3763809552698, 15.864344759627237], [108.37423395526979, 15.861328759627236], [108.37422116213453, 15.861312439318317], [108.3742069181753, 15.861297368604376], [108.37419134483794, 15.86128367598023], [108.37417457490265, 15.86127147819093], [108.37415675135207, 15.861260879236378], [108.37066275135209, 15.859395879236377], [108.37064415069837, 15.85938702188227], [108.3706248166284, 15.859379906351434], [108.37060491184796, 15.859374592524581], [108.36633691184795, 15.858442592524582], [108.36631650977621, 15.858439113487046], [108.36629587406276, 15.858437527434404], [108.36627517996757, 15.858437847837067], [108.36625460324653, 15.85844007197384], [108.36623431865861, 15.858444180955036], [108.36479231865862, 15.858806180955035], [108.36476644846682, 15.858814365470524], [108.36163044846683, 15.860019365470524], [108.36162172157957, 15.860022930717742], [108.35786172157957, 15.861651930717741], [108.35784213402725, 15.861661573460497], [108.35782357534944, 15.861673072598368], [108.35780622094117, 15.861686319454884], [108.35779023481614, 15.86170118883617], [108.35777576805657, 15.861717540214133], [108.35776295738546, 15.861735219054575], [108.35775192387436, 15.861754058277663], [108.35774277179918, 15.861773879836978], [108.35773558765469, 15.861794496402204], [108.35773043933708, 15.861815713129552], [108.35772737550222, 15.861837329503201], [108.35772642510595, 15.861859141230337], [108.35772759713029, 15.861880942171892], [108.35773088049864, 15.86190252629073], [108.35773624418042, 15.861923689598871], [108.35774363748435, 15.861944232085353], [108.3577529905375, 15.86196395960649], [108.35776421494573, 15.861982685720708], [108.35930003646358, 15.864283418346066], [108.35996026777443, 15.865278634274816], [108.36021573553174, 15.866092274981147], [108.36022387126768, 15.86611414107446], [108.36077689014549, 15.867392935176115], [108.36094389294233, 15.867898737905268], [108.36093958340304, 15.867903964367814], [108.35841895562794, 15.868186823018947], [108.35839753366098, 15.868190281851497], [108.35837654550495, 15.868195791978343], [108.35835618710584, 15.868203301956802], [108.35682618710584, 15.8688533019568], [108.35680351296503, 15.868864480690092], [108.35678223884159, 15.868878136912548], [108.35388923884159, 15.870974136912547], [108.353870391404, 15.870989409975518], [108.35385330131116, 15.871006626859161], [108.3538381679752, 15.871025586671887], [108.35382516797627, 15.87104606818511], [108.35361016797627, 15.871429068185112], [108.35359960926871, 15.871450467229355], [108.3535913806804, 15.87147286579481], [108.35358557511083, 15.871496011005158], [108.35358225810398, 15.87151964155457], [108.35358146710834, 15.871543490657823], [108.35358546710833, 15.871743490657822], [108.3535867509351, 15.871763393451209], [108.35358979547006, 15.871783103859693], [108.35359457670178, 15.871802466432325], [108.35360105692192, 15.871821328461452], [108.3536091850226, 15.871839541187082], [108.35398518502261, 15.872590541187083], [108.35398678589158, 15.87259367701987], [108.35441814634211, 15.873422530778125], [108.35409771616288, 15.873463210390721], [108.35407976043348, 15.873466234015522], [108.35406210867346, 15.873470702336661], [108.35366110867346, 15.873589702336663], [108.35364535058001, 15.873595021059772], [108.35363002931518, 15.873601491389689], [108.35327002931518, 15.873769491389687], [108.35325446277245, 15.87377750906217], [108.35323956819613, 15.873786715142792], [108.3531009534891, 15.873880049045528], [108.35278441088727, 15.874041049161981], [108.3526377979542, 15.874083056238305], [108.35219482617374, 15.874163855811995], [108.35181212040763, 15.874190984321999], [108.35178647360372, 15.874194294893902], [108.35149947360372, 15.874248294893901], [108.35148154232694, 15.874252435989694], [108.35146401031679, 15.874258031343265], [108.35144699530319, 15.874265043381028], [108.3512378272819, 15.874361450041043], [108.34964372269074, 15.874526423560708], [108.34771427452165, 15.874192707780441], [108.34769609126148, 15.87419032271761], [108.34767777402574, 15.874189429213216], [108.34552577402573, 15.874172429213216], [108.34551502949411, 15.874172601436126], [108.34386402949411, 15.874238601436126], [108.34384210519869, 15.874240557430566], [108.34333810519868, 15.874310557430565], [108.34331829784243, 15.874314220483907], [108.34329889838327, 15.874319643610884], [108.34328006288919, 15.874326783182632], [108.34285806288919, 15.874508783182632], [108.34284091263507, 15.874517058957144], [108.34282452512949, 15.874526757891168], [108.34280901819558, 15.874537810251162], [108.34257401819559, 15.874720810251162], [108.34255405556785, 15.87473834806047], [108.34199554640927, 15.875290883859064], [108.34124835080861, 15.875985324956464], [108.34083533505937, 15.876158497178372], [108.33964520972125, 15.876321488411872], [108.33828779938642, 15.876327360410437], [108.33793445138292, 15.876282231725206], [108.33791198482355, 15.876280501965862], [108.3378894580141, 15.876281032260923], [108.33786709773523, 15.876283817271833], [108.33784512909111, 15.876288828961478], [108.33782377324331, 15.876296016876452], [108.33780324518423, 15.876305308654965], [108.33778375157286, 15.876316610755332], [108.33776548865421, 15.876329809397662], [108.33774864028373, 15.8763447717093], [108.33773337607644, 15.876361347062476], [108.33771984969933, 15.876379368590694], [108.3377081973244, 15.876398654868607], [108.33769853625782, 15.876419011738443], [108.33763553625782, 15.876571011738443], [108.33763105450271, 15.876582741723563], [108.3375830545027, 15.876719741723564], [108.33757814414334, 15.876735615730903], [108.33751514414334, 15.876969615730902], [108.33750960196345, 15.876996786240479], [108.33749360196344, 15.877110786240479], [108.33749187916149, 15.877127680950169], [108.33749143793078, 15.877144657539272], [108.33749342220625, 15.877312328817], [108.33749342220625, 15.877362], [108.3374943633005, 15.877382538064252], [108.33750333482502, 15.87748022799793], [108.33751630720921, 15.877625917851226], [108.33752077006373, 15.877654717763628], [108.33754077006374, 15.877744717763628], [108.33754273018715, 15.877752824412593], [108.33755973018715, 15.877817824412592], [108.33756671434331, 15.87783983608334], [108.33757592202014, 15.87786101415629], [108.33758725585739, 15.87788113469852], [108.33760059601322, 15.877899984959232], [108.33762659601321, 15.877932984959232], [108.33764161641378, 15.87795017465718], [108.33765830423536, 15.87796575075296], [108.33767648705879, 15.877979552313786], [108.33776448705879, 15.878039552313785], [108.33777998700128, 15.878049221155512], [108.337796221528, 15.878057598199128], [108.33802822152799, 15.878165598199129], [108.33803142103157, 15.878167057255387], [108.33823742103158, 15.878259057255388], [108.33824813501751, 15.87826351381828], [108.3383621350175, 15.87830751381828], [108.33838005920586, 15.878313577461434], [108.33839843021705, 15.878318110699178], [108.33841711763347, 15.878321081349618], [108.33859811763347, 15.878342081349619], [108.33861646846754, 15.878343451467947], [108.33863486986958, 15.878343314581292], [108.33884380418267, 15.878333190011054], [108.3389537419609, 15.8783455890086], [108.33909768819719, 15.878368510383801], [108.33913953507101, 15.878378307866166], [108.33912712592965, 15.878459249310952], [108.3390235999531, 15.879106528547524], [108.33887584261616, 15.879514529452116], [108.33886933739433, 15.879535699226633], [108.33886494892013, 15.879557406795781], [108.33876645675008, 15.880208440039839], [108.3386788514328, 15.88056664844824], [108.33867461496209, 15.880588693764901], [108.33867260054194, 15.880611051890542], [108.33867282830025, 15.880633499424858], [108.33867529596128, 15.88065581207418], [108.3386799788684, 15.880677766892594], [108.33868683023043, 15.880699144509606], [108.3386957815892, 15.880719731322054], [108.33870674350358, 15.880739321628432], [108.33871960644312, 15.880757719684224], [108.33873424188255, 15.88077474165777], [108.33875050358591, 15.8807902174671], [108.3387682290678, 15.880803992479366], [108.33878724121682, 15.880815929055936], [108.33898005869877, 15.880923944746067], [108.3388485967703, 15.881116268678438], [108.3388371740073, 15.881134857898845], [108.33882760901035, 15.881154467831623], [108.33881999205985, 15.881174913386035], [108.33881439504933, 15.88119600158423], [108.33881087080682, 15.881217533382689], [108.33880945259634, 15.881239305550912], [108.33881015380382, 15.881261112589641], [108.33881296781085, 15.88128274867049], [108.33881786805706, 15.88130400957868], [108.33882480829091, 15.881324694640544], [108.33883372300613, 15.88134460861761], [108.33884452806011, 15.881363563549383], [108.33885712146804, 15.881381380527438], [108.33887138436549, 15.88139789138406], [108.33888718213038, 15.88141294027952], [108.33890436565358, 15.88142638517299], [108.33902762904127, 15.881513519636703], [108.33891714163818, 15.881706351425118], [108.33890569755782, 15.881729261689253], [108.33874869755782, 15.882094261689252], [108.33874088278482, 15.882115257815146], [108.33873519880876, 15.882136928080392], [108.33873170219398, 15.882159056832382], [108.3387304277372, 15.882181423855867], [108.33873138812125, 15.882203806564418], [108.33873457378878, 15.882225982215523], [108.3387399530375, 15.882247730127208], [108.3387474723356, 15.88226883387417], [108.33875705685443, 15.882289083441533], [108.33876861121323, 15.882308277314834], [108.3387820204283, 15.882326224485393], [108.33879715105721, 15.88234274635115], [108.33881385252687, 15.882357678494026], [108.33958485252687, 15.882980678494027], [108.33960227762776, 15.882993424544958], [108.33962084610697, 15.883004438514972], [108.33964038636418, 15.88301361861864], [108.33966071781843, 15.883020880018185], [108.33968165257691, 15.883026155607494], [108.3397029971714, 15.883029396632296], [108.33970888070074, 15.883029717732898], [108.33963208528712, 15.883150546011661], [108.33940511840952, 15.883424137867987], [108.33902887135052, 15.883667591847338], [108.33854753563648, 15.883759189315308], [108.33841622031743, 15.883770208782641], [108.33839053447736, 15.88377386821506], [108.33798953447734, 15.88385486821506], [108.33796864494887, 15.883860142133635], [108.3379483569239, 15.883867393523794], [108.33792885712583, 15.883876555646449], [108.3379103250235, 15.883887544176844], [108.3378929311795, 15.883900257980647], [108.33787683568023, 15.883914580044756], [108.3378621866627, 15.88393037855424], [108.33784911895097, 15.883947508105516], [108.3378377528154, 15.88396581104459], [108.33782819286564, 15.88398511891804], [108.33782052708791, 15.884005254023414], [108.33781482603516, 15.884026031044716], [108.33781114217774, 15.884047258757999], [108.33780950942052, 15.884068741791317], [108.33780994279078, 15.88409028242285], [108.33781243829995, 15.88411168240067], [108.33783442043489, 15.884244454495658], [108.33777036778089, 15.884273855713886], [108.33772147178928, 15.88428354875187], [108.33771941095746, 15.884281728928595], [108.33770198046035, 15.884269087808226], [108.33768341947827, 15.884258174050975], [108.33766389863106, 15.884249087980413], [108.3376435973621, 15.884241913119288], [108.33762270228867, 15.884236715421759], [108.33760140548652, 15.884233542667118], [108.3375799027243, 15.884232424020578], [108.33755839166386, 15.884233369765179], [108.33753707004341, 15.884236371207262], [108.33751613385968, 15.88424140075639], [108.33749577556635, 15.884248412178954], [108.33748608374106, 15.88425227911935], [108.33745401884914, 15.884190948651487], [108.3374427894218, 15.884171832153116], [108.3374297298016, 15.884153916046706], [108.33741496726742, 15.884137374942355], [108.33739864569469, 15.884122370049413], [108.33738092415322, 15.884109047605339], [108.33736197535687, 15.884097537450467], [108.33734198398031, 15.884087951762591], [108.33732114485922, 15.884080383963683], [108.33729966109132, 15.884074907809392], [108.33727774205713, 15.884071576670237], [108.33725560137917, 15.884070423011446], [108.3372334548402, 15.884071458076564], [108.33721151828001, 15.884074671777858], [108.33719000549202, 15.884080032794648], [108.3371691261395, 15.884087488878544], [108.33714908371232, 15.884096967362666], [108.33713007354368, 15.884108375869852], [108.33711228090635, 15.884121603212966], [108.33709587920715, 15.884136520478522], [108.33708102829677, 15.88415298228308], [108.33696102829677, 15.88429998228308], [108.33694707262488, 15.884319042742705], [108.3369351963566, 15.884339463716023], [108.33692553090208, 15.884361019246356], [108.33691818320888, 15.884383470823222], [108.33691323457874, 15.884406570021453], [108.33689689243681, 15.884508859724614], [108.33673552210344, 15.884472880908563], [108.33673494241799, 15.884470707780595], [108.3367273576817, 15.884450390222588], [108.33671784856475, 15.884430898991663], [108.33670650374405, 15.884412415852546], [108.33669342901531, 15.884395113169042], [108.3366787463064, 15.884379152296665], [108.33666259254036, 15.884364682077914], [108.3366451183585, 15.884351837454263], [108.33662648671567, 15.884340738207756], [108.3366068713605, 15.884331487843992], [108.33658645521525, 15.884324172626881], [108.33645845521525, 15.88428517262688], [108.33643792057761, 15.884279960623632], [108.33641698617963, 15.884276706810153], [108.33639583832216, 15.884275440143007], [108.3363746652057, 15.884276171894609], [108.33635365525552, 15.884278895552901], [108.33633299544483, 15.884283586879317], [108.33631286963087, 15.88429020412447], [108.33616886963087, 15.884345204124472], [108.33614845770565, 15.884354185576983], [108.33612903717182, 15.884365147148301], [108.33611079952438, 15.884377980752502], [108.33609392459462, 15.884392559844581], [108.33609280252901, 15.884393742964695], [108.33577687682926, 15.884245325628163], [108.33573520783771, 15.884224028143596], [108.3357343207433, 15.88422357721581], [108.33567140707954, 15.88419177215332], [108.33580648158643, 15.883947766592485], [108.33581390751539, 15.883933111160946], [108.33608984746913, 15.883335241261191], [108.33615878725867, 15.883186371280853], [108.33616710501691, 15.883165801404086], [108.33617335238829, 15.883144511141444], [108.33617746839131, 15.883122708310172], [108.3361794128491, 15.883100605730768], [108.33617916678155, 15.883078419149616], [108.33617673259053, 15.883056365133054], [108.33617213403653, 15.883034658953436], [108.33616541600671, 15.883013512487832], [108.33615664407667, 15.882993132149862], [108.33614590387046, 15.88297371687487], [108.33613330022473, 15.882955456178085], [108.33611895616548, 15.882938528304733], [108.33610301170704, 15.882923098490165], [108.33608562248553, 15.882909317346968], [108.33606695823958, 15.88289731939482], [108.33604720115353, 15.882887221747414], [108.33566329220696, 15.882714367221713], [108.33553767498269, 15.88262855827275], [108.33551925226105, 15.882617234572596], [108.33549982585059, 15.882607735233956], [108.33547957586829, 15.88260014833241], [108.33545869006711, 15.882594544211873], [108.33543736209515, 15.882590974832398], [108.3354157897002, 15.882589473288412], [108.33539417289633, 15.882590053501865], [108.33537271210928, 15.88259271009316], [108.33535160631831, 15.882597418431022], [108.33533105121121, 15.882604134860882], [108.33531123736996, 15.882612797109624], [108.33529234850374, 15.88262332486297], [108.33527455974553, 15.88263562051013], [108.3352580360284, 15.882649570048837], [108.33524293055628, 15.882665044142339], [108.33522938338344, 15.882681899318575], [108.33521752011599, 15.882699979300419], [108.334864520116, 15.883298979300418], [108.33486378760632, 15.883300231513324], [108.33486119168136, 15.883304702272982], [108.3348278411947, 15.883321591301486], [108.33466524773456, 15.88328032392582], [108.33464444240029, 15.883276079053475], [108.33462332915758, 15.883273818111785], [108.33460209675475, 15.88327356131314], [108.33458093500542, 15.883275310953266], [108.33456003309156, 15.88327905139072], [108.33453957787226, 15.883284749186705], [108.33451975221328, 15.883292353404023], [108.3344257028246, 15.88333362687675], [108.33429678448154, 15.883331454095687], [108.33427365717496, 15.883332256753032], [108.33425073524887, 15.883335435097406], [108.33422826208637, 15.883340955381415], [108.3342064763056, 15.883348758991145], [108.33418560922615, 15.883358763068525], [108.33416588241295, 15.883370861391096], [108.33414750532361, 15.88338492549989], [108.33413067308456, 15.883400806063374], [108.33411556441906, 15.883418334463062], [108.33394272475736, 15.883641105582585], [108.33378741691922, 15.883803277855566], [108.33336832608828, 15.88407857228402], [108.33305732214825, 15.884270634278327], [108.3324498889482, 15.88460052482925], [108.33217943159264, 15.884740147218588], [108.33207062713072, 15.88479030530387], [108.33187338680645, 15.884822639783257], [108.33172232664427, 15.884824438118521], [108.33170164188978, 15.884825640236096], [108.33168115595944, 15.884828743591349], [108.33166104322947, 15.884833721768524], [108.33164147489934, 15.884840532393394], [108.33133947489934, 15.884961532393394], [108.33131735534815, 15.884971822319677], [108.3312964824498, 15.884984450828796], [108.33127710251358, 15.884999268898852], [108.33116710251358, 15.885093268898851], [108.33115148372636, 15.885107962572446], [108.33113733758861, 15.885124078941281], [108.33112479307991, 15.885141471061882], [108.33111396457673, 15.885159980358914], [108.33110495080963, 15.885179438071017], [108.3310652580528, 15.885277094853686], [108.33099754917328, 15.885328231629838], [108.33072132534974, 15.885432148630974], [108.33064679286171, 15.885456678310579], [108.33064653160623, 15.885456764470776], [108.33018053160623, 15.885610764470776], [108.33016036923954, 15.885618521897268], [108.33014104551867, 15.885628180701973], [108.33012273925442, 15.88563965150777], [108.33010561984261, 15.885652828170306], [108.33008984569659, 15.885667588760196], [108.3300755627814, 15.885683796691284], [108.33006290326307, 15.885701301984538], [108.3300519842856, 15.885719942655868], [108.33004290688707, 15.88573954621504], [108.33003575506457, 15.885759931261799], [108.33003059499703, 15.885780909164446], [108.3300274744328, 15.885802285805324], [108.33002642224781, 15.885823863377087], [108.3300274481784, 15.885845442213082], [108.33003054273118, 15.885866822634956], [108.33005709517363, 15.886003518542385], [108.33010595463723, 15.886286534680655], [108.3300805084202, 15.887334723082354], [108.33007553457269, 15.88749189666369], [108.33007581551911, 15.887512285479767], [108.33007794462053, 15.887532564771643], [108.33008190432486, 15.887552567358815], [108.33012390432486, 15.887723567358815], [108.33013078068792, 15.887746299329287], [108.33014001915915, 15.88776817802897], [108.33023789193408, 15.887969530873228]]]]}, "properties": {"code": "20413", "name": "Hội An Đông", "nameEn": "Hoi An Dong", "fullName": "Phường Hội An Đông", "fullNameEn": "Hoi An Dong Ward", "codeName": "hoi_an_dong", "postalCode": "51320", "postalCodePrefix": "", "gisServerId": "diaphanhanhchinhcapxa_2025.1947", "areaKm2": 18.22, "ward_code": "20413", "source_member": "geojson/48_da_nang/wards/20413_hoi_an_dong.geojson", "requires_boat": false, "region": "hoi_an", "search_name": "Hội An", "grid_km": 2, "coastal_precision_tolerance_m": 25}}, {"type": "Feature", "id": "20434", "bbox": [108.416734, 15.811242, 108.698464, 15.97983], "geometry": {"type": "MultiPolygon", "coordinates": [[[[108.69771068920782, 15.81143091563747], [108.69768958004792, 15.811419848193554], [108.69766741683388, 15.811411080246843], [108.69718741683387, 15.811250080246843], [108.6971648221356, 15.81124379328359], [108.69714169498296, 15.811239896989498], [108.69711828760076, 15.811238433857566], [108.69652928760077, 15.811232433857567], [108.6965192740684, 15.811232555139455], [108.69480527406839, 15.811291555139453], [108.69479764228068, 15.811291947939303], [108.69349675040365, 15.811381117984187], [108.69262440484918, 15.811346607610604], [108.69166205317464, 15.811084325340639], [108.6916425479384, 15.811079931806871], [108.69162272923884, 15.811077290495108], [108.69095372923884, 15.811018290495108], [108.69093436138063, 15.811017422497011], [108.69091499082924, 15.811018228158895], [108.69089576194335, 15.811020701476577], [108.69087681802594, 15.811024824017702], [108.69050081802594, 15.811123824017702], [108.6904784713524, 15.811130975287984], [108.69045699275682, 15.811140419038113], [108.69043661668421, 15.811152052186848], [108.69041756554523, 15.811165747755046], [108.69040004728853, 15.811181356251657], [108.69038425313087, 15.811198707305472], [108.69019425313088, 15.81143070730547], [108.69018450514804, 15.811443520948615], [108.69002150514804, 15.811674520948616], [108.69001008891134, 15.811692443498812], [108.69000041772154, 15.811711364818896], [108.68999257816519, 15.811731115505523], [108.68998664043016, 15.811751518729993], [108.68993064043016, 15.811984518729993], [108.68992688336168, 15.812003843033523], [108.6899248330388, 15.812023422115386], [108.68992450521621, 15.812043105529796], [108.6899259024129, 15.812062742029278], [108.68994990241289, 15.812270742029279], [108.68995371130791, 15.812293452605374], [108.68995982581471, 15.812315653748465], [108.6901928258147, 15.813018653748465], [108.69019777234426, 15.813032121512322], [108.69073347259958, 15.814358151029133], [108.6908519545726, 15.815367190127184], [108.69085283422662, 15.815373826126516], [108.69103383422662, 15.816598826126516], [108.69103716905713, 15.816616479737405], [108.69123416905713, 15.817470479737405], [108.69124036908745, 15.817492272266316], [108.6912487333822, 15.817513329171737], [108.69125917680535, 15.817533436125894], [108.69127159305847, 15.817552388470089], [108.69161459305847, 15.818022388470089], [108.69162955670964, 15.818040770741662], [108.6916463744427, 15.818057473514466], [108.69166485891783, 15.818072310729287], [108.69168480422869, 15.818085117108138], [108.69187080422869, 15.818191117108139], [108.69189110558324, 15.818201361608988], [108.6919123388473, 15.818209500607143], [108.69193428632347, 15.818215450656224], [108.69195672299172, 15.818219150752402], [108.69197941881654, 15.818220562959851], [108.69232741881655, 15.81822456295985], [108.69234828753625, 15.818223831971492], [108.69236899815091, 15.818221165842004], [108.69238937160675, 15.818216587621428], [108.69284537160675, 15.81809158762143], [108.69286814965076, 15.818084013445322], [108.69288998915872, 15.818074051350946], [108.69291064062057, 15.818061815152353], [108.69547364062056, 15.816351815152352], [108.69549477127264, 15.816335838875892], [108.69711582794152, 15.81495264378975], [108.69824987577978, 15.814006438236587], [108.69826773258445, 15.813989813210503], [108.69828368055414, 15.813971349212318], [108.69829753146426, 15.813951264161798], [108.69859753146427, 15.813461264161798], [108.6986077649831, 15.813442620875302], [108.69861618909637, 15.813423093167954], [108.69862272825759, 15.81340285616202], [108.69862732382433, 15.813382091340682], [108.69868532382432, 15.813045091340681], [108.6986879183964, 15.813024197011275], [108.69868854481669, 15.813003151527122], [108.69868719757919, 15.812982139869483], [108.69868388852558, 15.812961346722298], [108.69867864674109, 15.812940954848893], [108.69857464674108, 15.812602954848892], [108.69856857041862, 15.81258573196339], [108.69836057041861, 15.81206473196339], [108.69835155261562, 15.812044976026861], [108.69834066880253, 15.812026183464194], [108.69832802075352, 15.812008530004041], [108.69803802075353, 15.81164253000404], [108.69802458903379, 15.81162708069347], [108.69800980627687, 15.811612918688311], [108.69799379532041, 15.811600161668062], [108.69797668920782, 15.811588915637468], [108.69771068920782, 15.81143091563747]]], [[[108.54299033311771, 15.903955657818242], [108.54300450134059, 15.903937875689591], [108.54301679898991, 15.90391875213186], [108.54302710001915, 15.903898483154686], [108.54303529884643, 15.903877276507849], [108.54304131143672, 15.903855349551904], [108.5430450761631, 15.903832927030319], [108.54304655443848, 15.903810238765931], [108.54304955443847, 15.90360223876593], [108.54304857300966, 15.903577779849384], [108.54304493539254, 15.903553573041606], [108.5430386848043, 15.903529905934734], [108.54302989550585, 15.903507059708918], [108.54292489550586, 15.90327305970892], [108.54291400169645, 15.903251869424027], [108.54290092418545, 15.903231952547687], [108.54288581017455, 15.903213533266157], [108.54262181017455, 15.902924533266157], [108.54261399440256, 15.902916397511913], [108.54221699440255, 15.902523397511912], [108.54220040529482, 15.902508530151492], [108.54218242488606, 15.902495379417594], [108.54216323008735, 15.902484074701624], [108.54214300975823, 15.902474727231823], [108.54212196284861, 15.902467428978897], [108.54210029644112, 15.902462251751093], [108.54180629644112, 15.902407251751093], [108.54178603323336, 15.902404409328149], [108.54176559542269, 15.902403422995576], [108.54174515266924, 15.902404300941205], [108.54172487467417, 15.902407035876958], [108.54132287467418, 15.902480035876959], [108.54130211733504, 15.902484832272181], [108.5412819078866, 15.902491573987797], [108.54126242819622, 15.902500200354265], [108.54124385356407, 15.902510633741834], [108.54122635114558, 15.902522780259146], [108.54079335114558, 15.902854780259146], [108.54077661464541, 15.902868963057697], [108.54076134177771, 15.902884711128214], [108.54057983491529, 15.903091150251948], [108.54050191764041, 15.903178590749302], [108.54011874482323, 15.903493643954555], [108.53999640149925, 15.903575853489714], [108.53985214774828, 15.90357465636315], [108.53957083256496, 15.90350279391757], [108.5381566158595, 15.902951455785702], [108.53691704073857, 15.902295501565032], [108.53689752673534, 15.902286345568344], [108.53634837225466, 15.90206016503583], [108.53589901722054, 15.9018394292296], [108.53587708419266, 15.901830065856997], [108.53585428192781, 15.901823081075266], [108.53583086755485, 15.901818553648036], [108.53580710510508, 15.90181653462867], [108.53578326253485, 15.901817046784561], [108.53575960870403, 15.901820084340406], [108.53549160870404, 15.901869084340404], [108.53546630156207, 15.901875246884313], [108.53544187816196, 15.901884298177567], [108.53464706575701, 15.902232520444088], [108.53363988318192, 15.902527474009176], [108.53360997683883, 15.902538593843216], [108.53277497683882, 15.902918593843218], [108.53275446982902, 15.902929231876403], [108.53273516419563, 15.902941920364135], [108.53271726423091, 15.902956525036823], [108.53270095935231, 15.902972891347797], [108.53223995935232, 15.903485891347797], [108.5322258980666, 15.903503194596642], [108.53221362183999, 15.903521806862404], [108.53193962183998, 15.903985806862403], [108.53192861817236, 15.904006923397274], [108.53191991215061, 15.904029086292649], [108.53191360164723, 15.904052046394849], [108.53180060164723, 15.90456904639485], [108.5317970857278, 15.90458971607263], [108.53179551274769, 15.90461062355939], [108.53179589641714, 15.904631586623738], [108.53181789641714, 15.904969586623737], [108.53182106094098, 15.904995263105262], [108.53182715741816, 15.905020405278611], [108.53213125995211, 15.90601931813281], [108.53227781283685, 15.907015681033869], [108.53228239205046, 15.907038515454966], [108.53228931141996, 15.90706075286286], [108.53229849653444, 15.907082154116466], [108.53230984861719, 15.907102489066707], [108.53270384861719, 15.907729489066707], [108.53271494936416, 15.907745558309406], [108.5327274042918, 15.907760602308926], [108.53274111920206, 15.907774507285756], [108.53275599036749, 15.907787168074947], [108.53312699036749, 15.908076168074947], [108.53314385356349, 15.908088099778865], [108.5331617417815, 15.908098431506428], [108.53318050366899, 15.90810707584072], [108.53319998048134, 15.908113959641883], [108.53322000742492, 15.908119024665963], [108.53359202492818, 15.90819509807062], [108.53379000623968, 15.908294088726374], [108.53414712021926, 15.90871883792935], [108.53490152862051, 15.909883121761197], [108.53491524536733, 15.909902053194955], [108.53493085586851, 15.909919456084955], [108.53494819095856, 15.909935141842215], [108.5349670627832, 15.909948940485712], [108.5360570627832, 15.910661940485713], [108.53607964815977, 15.91067490966529], [108.53610358316037, 15.910685176826535], [108.53676684094017, 15.910925184521627], [108.53737712541121, 15.911164121345527], [108.5373934159132, 15.91116978806532], [108.53741009326323, 15.911174187856743], [108.53802409326323, 15.911311187856743], [108.53805371138561, 15.911315747926917], [108.53871200187797, 15.91137249710729], [108.53987373797321, 15.911891195571542], [108.54028344013138, 15.912464595690233], [108.54085878170206, 15.913348511459706], [108.540860454227, 15.913351043432536], [108.541228454227, 15.913900043432536], [108.54124179701397, 15.913917954227198], [108.5412568528559, 15.913934451140653], [108.54127347284377, 15.91394937101105], [108.54156547284377, 15.91418637101105], [108.54158361975385, 15.914199649940858], [108.54160300361839, 15.914211047577364], [108.54162343010353, 15.91422044965303], [108.5416446944226, 15.914227761906902], [108.5420186944226, 15.914335761906903], [108.54203747149568, 15.914340318984104], [108.54205657078762, 15.914343245154544], [108.5420758509163, 15.914344518757305], [108.54209516916097, 15.914344130364569], [108.54244316916098, 15.914322130364567], [108.54246531268564, 15.914319622594304], [108.54248709864697, 15.91431493255326], [108.54250831252322, 15.914308106423281], [108.54252874542586, 15.91429921141982], [108.54254819615637, 15.914288335130097], [108.54256647318758, 15.914275584650632], [108.5425833965494, 15.9142610855327], [108.5428273965494, 15.914030085532701], [108.54284191288005, 15.914014998731062], [108.542854961178, 15.913998625662934], [108.54286642803966, 15.913981108627713], [108.54327642803966, 15.913286108627712], [108.54328767520452, 15.913264429681911], [108.54329650176311, 15.913241657609722], [108.54330280332749, 15.91321806172672], [108.5434168033275, 15.91267406172672], [108.54342086440943, 15.912645886073944], [108.54345186440942, 15.912257886073945], [108.54345253430888, 15.912235580771728], [108.54345098725341, 15.912213319103065], [108.54344723851796, 15.912191320870075], [108.54344132511591, 15.912169803273821], [108.5433643251159, 15.91193580327382], [108.54335617024223, 15.911914674444175], [108.54334592877267, 15.9118944744019], [108.54333370486367, 15.911875408582853], [108.5433196228333, 15.911857670887764], [108.54330382589676, 15.91184144171025], [108.54328647471002, 15.911826886102192], [108.5432677457359, 15.911814152095157], [108.54324782944938, 15.911803369194896], [108.5432269284005, 15.911794647064271], [108.54286641334738, 15.911665132273068], [108.54236215957174, 15.911413478418813], [108.54213302754532, 15.911246248996303], [108.54196379051513, 15.911112026524082], [108.54187997629374, 15.910978307651778], [108.54186292281905, 15.910836422742396], [108.54186350400443, 15.910813756512919], [108.5418631217584, 15.910793695355368], [108.5418609504725, 15.910773748383873], [108.5418109504725, 15.910449748383874], [108.54180596960326, 15.910426039869668], [108.54179846390844, 15.910403005824225], [108.54178852073007, 15.910380914289462], [108.54157152073006, 15.909960914289462], [108.54156083097087, 15.909942434997298], [108.54142956446299, 15.909738534355048], [108.54108967320877, 15.908491952580597], [108.5411132441278, 15.90831811705279], [108.54152740868788, 15.906913516002971], [108.54153232887154, 15.906893478429275], [108.54153538930653, 15.906873073863498], [108.54153656416035, 15.906852474536196], [108.54154056416034, 15.906489474536196], [108.5415395682099, 15.906465729340356], [108.54149589226617, 15.906006667293413], [108.54160017365342, 15.905529556875607], [108.54173230381174, 15.905045079628458], [108.54191363821255, 15.904724001285736], [108.54212878705363, 15.904561250317391], [108.54264556998022, 15.904318227863065], [108.54266575760437, 15.904307445739049], [108.54268474302847, 15.90429466497077], [108.54270232907955, 15.904280018292834], [108.54271833311772, 15.904263657818241], [108.54299033311771, 15.903955657818242]]], [[[108.50335282378391, 15.97959750916801], [108.50356888647745, 15.979593598531022], [108.50385970850915, 15.979596566102773], [108.50388883033338, 15.979594969322228], [108.50412983033338, 15.979565969322229], [108.50415264440377, 15.979562021959216], [108.50417493081571, 15.97955574666436], [108.50419645269227, 15.979547210136266], [108.50421698128258, 15.979536503107639], [108.50436298128258, 15.979450503107639], [108.50437613511589, 15.97944212657225], [108.50454213511588, 15.97932812657225], [108.50456640575631, 15.979308865856641], [108.50476140575631, 15.979130865856641], [108.50477720391257, 15.979114926772354], [108.5047913324024, 15.979097490547892], [108.5050273324024, 15.978774490547892], [108.5050410955649, 15.978753233565078], [108.50505237808505, 15.978730562246207], [108.50527225629014, 15.978218176383677], [108.50528806864085, 15.978183761267413], [108.50529707055144, 15.978160965664616], [108.50530353483045, 15.978137324873641], [108.50533953483045, 15.977970324873642], [108.50534303957158, 15.977949239949533], [108.50534503957158, 15.977932239949533], [108.5053465471221, 15.97790971152267], [108.50534854278288, 15.97778897404549], [108.50534953782973, 15.977736236562874], [108.50534955783395, 15.977734994104445], [108.5053512524436, 15.97760789837998], [108.50539108984698, 15.977426882810258], [108.50559599447998, 15.977190066799992], [108.50578166631429, 15.976986011615745], [108.50597391085144, 15.976842269140722], [108.5060107685382, 15.976819834027038], [108.50601565409039, 15.976816773588551], [108.50604624396529, 15.97679706011362], [108.50697759123675, 15.97638105177589], [108.50700091643556, 15.976368949211668], [108.50853891643557, 15.975452949211668], [108.50855109226809, 15.975445155990556], [108.51003709226809, 15.974425155990556], [108.51005192470956, 15.974414047586201], [108.51064792470956, 15.9739280475862], [108.51066437815227, 15.973913221689257], [108.51067929123927, 15.97389684723252], [108.51069251892872, 15.973879083470836], [108.51070393257064, 15.973860103171164], [108.5107134211581, 15.973840090932281], [108.5109064211581, 15.973375090932281], [108.51091411881325, 15.97335349094225], [108.51091957374108, 15.973331218600062], [108.51092272907108, 15.973308506106655], [108.51092355190728, 15.973285590251777], [108.51092203367116, 15.973262709945327], [108.51091819019113, 15.973240103726592], [108.51071519019114, 15.972330103726593], [108.51070923479479, 15.97230852938388], [108.51070116156421, 15.972287654950785], [108.51038884596379, 15.97158619211663], [108.51007789919747, 15.97085865641335], [108.50983517489622, 15.970276490081638], [108.50984519173672, 15.969521584557132], [108.5100552831735, 15.968725104576798], [108.5107506657732, 15.967540704677738], [108.51075446440476, 15.967533971932298], [108.51148968552843, 15.96617679347967], [108.51187258921647, 15.965599636213305], [108.51233298094103, 15.965255912956955], [108.51389746552698, 15.964585419562974], [108.51391717783932, 15.964575806352853], [108.51393585848383, 15.964564316244628], [108.51500667874834, 15.963831284796218], [108.51597730689214, 15.963312903232447], [108.51659087652833, 15.963106553920275], [108.5177799862735, 15.963170256228052], [108.51780525656632, 15.96317018619247], [108.51783035900917, 15.963167277590056], [108.51852835900917, 15.963046277590056], [108.5185469282142, 15.963042242638247], [108.51856508983548, 15.963036652314074], [108.51858271384289, 15.96302954664207], [108.51936371384289, 15.962675546642071], [108.51937833741337, 15.96266826597562], [108.52127113462592, 15.961638347074585], [108.52514165057639, 15.960549795501137], [108.52685948770113, 15.960103357597209], [108.52688461614726, 15.960095222345728], [108.52848538052223, 15.959470775561687], [108.53021544979245, 15.959054607695997], [108.53224240147225, 15.958588071315242], [108.53315910094182, 15.958497279993974], [108.53380649693962, 15.958479887265675], [108.5346480336057, 15.95856640038088], [108.53467174987023, 15.958567576541826], [108.53469545775151, 15.958566242029724], [108.5355534577515, 15.958472242029725], [108.53557654745376, 15.958468486731], [108.53603354745375, 15.958369486731], [108.53605368240356, 15.958364136119538], [108.53607323487856, 15.958356942652458], [108.53715023487857, 15.957902942652458], [108.53716731698191, 15.957894879744392], [108.53718366108438, 15.95788540984177], [108.53826366108439, 15.95719740984177], [108.53828028711452, 15.957185728539166], [108.53829578927073, 15.957172592296889], [108.53831004064769, 15.957158108652205], [108.53877104064769, 15.956645108652205], [108.5387857923267, 15.956626858770653], [108.53879855912913, 15.956607169205746], [108.53880920166225, 15.956586254935516], [108.53881760372691, 15.956564344309783], [108.53882367358621, 15.956541676556949], [108.5389666735862, 15.955868676556948], [108.53897043478041, 15.955844629280778], [108.5389715714814, 15.955820316198212], [108.53897007033733, 15.955796022893793], [108.53896594898085, 15.955772034719754], [108.53878794898084, 15.954992034719755], [108.53878311210366, 15.954974241660944], [108.53877683187666, 15.95495690536746], [108.53770983187667, 15.95235090536746], [108.53770885407464, 15.952348555290301], [108.5368636026004, 15.950349077996192], [108.53670305182406, 15.948530475565953], [108.53684553310237, 15.94555518942778], [108.53735304690308, 15.942975163044064], [108.53842922501711, 15.939995283534214], [108.53843277210076, 15.939984636348008], [108.53889434150369, 15.938474311149811], [108.53924752817157, 15.938029365200569], [108.53971716693552, 15.937773448764748], [108.54001184688055, 15.937621643944578], [108.5400338236656, 15.93760869289743], [108.54005418999071, 15.937593333160951], [108.540072683092, 15.937575762904617], [108.54028968309201, 15.937344762904617], [108.54030301532605, 15.937329205498399], [108.54031487422888, 15.937312497782324], [108.54032516109666, 15.937294778817794], [108.54033379030989, 15.937276196083017], [108.54034069004604, 15.937256904245524], [108.54034580287733, 15.93723706387484], [108.54034908624871, 15.937216840106025], [108.5403790862487, 15.936957840106025], [108.54038056734586, 15.9369341662445], [108.54038356734587, 15.9366231662445], [108.54038256820604, 15.936599729299713], [108.54037912975629, 15.936576524435468], [108.54037328951287, 15.9365538048356], [108.54036511119756, 15.93653181838932], [108.54035468404241, 15.936510804986534], [108.5403421218161, 15.936490993900463], [108.54032756158267, 15.936472601286074], [108.54014356158267, 15.936263601286074], [108.54013319782898, 15.936252599145705], [108.53988187392932, 15.936003172030198], [108.5392610381543, 15.935129876137783], [108.5392596591037, 15.935127957751133], [108.5384615918578, 15.934030004771436], [108.53800682937322, 15.932759402293087], [108.53762414797774, 15.931654754965932], [108.53735310379818, 15.930312208796034], [108.53733734858042, 15.929567079673348], [108.53779000255071, 15.92820720379225], [108.5389246684626, 15.926349040103759], [108.53893063785993, 15.926338651121721], [108.53957062041006, 15.92515268345852], [108.53977694936819, 15.92477062935903], [108.54021105486426, 15.924054404959337], [108.5402219255823, 15.92403421015275], [108.54023067993242, 15.924013011943437], [108.54023722661302, 15.923991031413484], [108.54035022661301, 15.923526031413484], [108.54035419916836, 15.923505599310213], [108.54035626297205, 15.923484887169948], [108.54035640029548, 15.923464072915642], [108.54035460995897, 15.923443335347432], [108.54035090734202, 15.923422852606704], [108.54034532425112, 15.923402800645801], [108.54024232425112, 15.923089800645801], [108.54023429909226, 15.923068964467575], [108.54022424456127, 15.923049028171414], [108.54021226004674, 15.923030188826697], [108.54019846401505, 15.923012632659482], [108.54018299283932, 15.922996533211677], [108.54016599945143, 15.922982049625586], [108.53992699945142, 15.922798049625587], [108.53990900748398, 15.922785546845134], [108.53988988283089, 15.922774856753687], [108.53986980751614, 15.92276608109706], [108.53984897261195, 15.922759303399925], [108.5398275764201, 15.922754588170827], [108.53870418786943, 15.922563934761445], [108.538222130697, 15.922361013461586], [108.53820638897815, 15.922355070905597], [108.53819024652043, 15.922350323617668], [108.53733524652043, 15.922133323617668], [108.53731335460176, 15.922128912954037], [108.53544351821847, 15.921848087714213], [108.5350966799401, 15.921792274657925], [108.5350769453411, 15.921789988992366], [108.53505708596244, 15.921789456316601], [108.53503725721293, 15.921790680799065], [108.53501761426172, 15.921793652857614], [108.53499831082398, 15.921798349234514], [108.53456831082399, 15.921923349234513], [108.53454591134131, 15.921931165677506], [108.53452446140916, 15.921941301456492], [108.53450420039896, 15.921953643460816], [108.53448535441431, 15.92196805395935], [108.5344681337678, 15.921984372137521], [108.5342241337678, 15.922241372137522], [108.53421005394534, 15.922257705823743], [108.5341976056297, 15.922275314632431], [108.53418690359887, 15.922294036203992], [108.53417804652942, 15.922313697918737], [108.53398504652942, 15.922803697918736], [108.53397881468004, 15.92282173131777], [108.53375481468004, 15.92357173131777], [108.53374800218643, 15.923602056573323], [108.53366929468395, 15.924116821733303], [108.53317979477538, 15.924786852800793], [108.53266519886778, 15.925134454621979], [108.53234336716869, 15.925263358034611], [108.53205848721349, 15.925282821882481], [108.53165828429877, 15.925303728004893], [108.53163637651183, 15.925305953503772], [108.5316147919945, 15.925310313846163], [108.53159373826894, 15.925316767109994], [108.53124473826894, 15.925442767109994], [108.53122171778287, 15.925452559619721], [108.53119992926192, 15.925464851746447], [108.53117964307367, 15.925479490960635], [108.53080064307366, 15.925786490960634], [108.53078523211578, 15.925800192612353], [108.53077114291092, 15.92581525007527], [108.53075849424906, 15.925831536395783], [108.53054049424907, 15.926140536395785], [108.53052988557793, 15.926157062952976], [108.53052076127337, 15.926174453124386], [108.53051319110767, 15.926192573929745], [108.53050723296886, 15.92621128680172], [108.53028323296886, 15.92703828680172], [108.53027699071912, 15.927070503847812], [108.5301606795961, 15.928049455799831], [108.52973408032646, 15.929072907108834], [108.52909335156117, 15.930399992293916], [108.5286442633819, 15.930848160210516], [108.52708408737283, 15.931997506173326], [108.52699812707327, 15.93203390377764], [108.52664480796794, 15.93218072538978], [108.52623241193032, 15.932269160426292], [108.52581920495365, 15.932264619690285], [108.52514072997957, 15.932155282716046], [108.52511874469234, 15.932152843204706], [108.52509662605904, 15.932152578382153], [108.52456062605904, 15.932172578382152], [108.52453920567979, 15.932174407358774], [108.52451805832965, 15.93217827612918], [108.52449737779862, 15.932184149240745], [108.52447735359893, 15.932191972873468], [108.52391135359892, 15.93244497287347], [108.5238913647122, 15.932455134025643], [108.52387248875361, 15.932467237859472], [108.52385491390366, 15.932481163707937], [108.52236591390367, 15.933787163707937], [108.52234924621058, 15.933803384881765], [108.52233434557083, 15.933821242916613], [108.52232137180003, 15.933840546277585], [108.52101865721808, 15.936014054067135], [108.51964429920841, 15.937644244953074], [108.5196289536335, 15.937664706628414], [108.5192446406476, 15.938243050804752], [108.51887489144016, 15.938483558969777], [108.51842029134637, 15.938639243933402], [108.51802975240997, 15.938658361223995], [108.51705784543961, 15.938647573154697], [108.51590921424334, 15.938507901163995], [108.51509593396777, 15.93829475886955], [108.51506908887539, 15.938289446983793], [108.51504179701536, 15.93828743962471], [108.51447979701535, 15.93828043962471], [108.51445409673755, 15.938281593137944], [108.51442869700742, 15.938285678303963], [108.51375669700742, 15.938433678303964], [108.51373658328782, 15.938439097361075], [108.51371705820333, 15.938446356766768], [108.51369828974137, 15.938455394063483], [108.5136804393797, 15.938466131497266], [108.513663660697, 15.938478476686734], [108.513095660697, 15.938938476686735], [108.51308123600009, 15.93895122002047], [108.51306795544535, 15.938965151685887], [108.51305591658318, 15.938980169349934], [108.51281091658318, 15.939314169349933], [108.51279845709664, 15.939333086304575], [108.51278796657132, 15.939353162132234], [108.51277955172999, 15.9393741925964], [108.51258455173, 15.9399431925964], [108.51257813281413, 15.939965677635266], [108.51257408668779, 15.939988708230468], [108.51242618697137, 15.941196721350424], [108.51231804123617, 15.941723686023792], [108.51218350524678, 15.942374250465619], [108.51183451612133, 15.942791668831353], [108.51163640334752, 15.942915974885505], [108.5111084166495, 15.943068261204278], [108.51063116620729, 15.943111307322596], [108.51002655185563, 15.943104436704964], [108.51000644633322, 15.943105109280614], [108.5099864816588, 15.943107578321934], [108.50996681802594, 15.943111824017702], [108.50959081802594, 15.943210824017703], [108.50956805135475, 15.943218134806207], [108.50872483511819, 15.943539360039182], [108.50812550529075, 15.943657674341685], [108.50810764884902, 15.943661964767415], [108.50809020266264, 15.943667699821514], [108.50768720266265, 15.943818699821515], [108.50766451017724, 15.943828662780993], [108.50764305365455, 15.943841065485922], [108.50762309439625, 15.943855756893763], [108.50740609439625, 15.944034756893762], [108.50738531690799, 15.944054237095388], [108.507168316908, 15.944285237095388], [108.50715498467395, 15.944300794501602], [108.50714312577112, 15.944317502217675], [108.50713283890335, 15.944335221182204], [108.50712420969012, 15.944353803916977], [108.50711730995397, 15.944373095754466], [108.50711219712268, 15.94439293612515], [108.5071089137513, 15.944413159893962], [108.50707891375129, 15.944672159893964], [108.50707747054173, 15.94469334083533], [108.50707803384456, 15.944714563413424], [108.50710103384456, 15.945025563413424], [108.50710352587515, 15.945046207492094], [108.5071079166357, 15.945066532585507], [108.50711416848361, 15.945086364443675], [108.50712222782086, 15.945105533045183], [108.50713202555356, 15.945123874054817], [108.50714347768435, 15.945141230232425], [108.50715648603241, 15.945157452780965], [108.50734148603242, 15.945367452780964], [108.50735566411812, 15.94538214294656], [108.50737111770505, 15.945395484825395], [108.50738771907778, 15.945407368154177], [108.50740533103512, 15.945417694723725], [108.5074238080239, 15.945426379190616], [108.5077438080239, 15.945559379190616], [108.50776394674088, 15.945566644246146], [108.50778468574198, 15.945571958640352], [108.50780583655367, 15.945575274076656], [108.50782720695989, 15.945576560424767], [108.50818269168482, 15.945580981876569], [108.50833497711412, 15.945649159872115], [108.50845602594639, 15.94578591233668], [108.50858595347889, 15.946200842198552], [108.50858058287749, 15.946594686301227], [108.50852165615952, 15.947154490122056], [108.50852095217232, 15.947162580650023], [108.50845646655638, 15.948099576190616], [108.50823823296885, 15.94890528680172], [108.5082334490018, 15.948927253018581], [108.50823088515351, 15.948949587469679], [108.5081308851535, 15.950504587469679], [108.5081308421055, 15.950505273245899], [108.5080332181512, 15.952099472419926], [108.50766579499108, 15.952959014164943], [108.50761465851633, 15.953057568098089], [108.50761403149093, 15.953058785613397], [108.50733903149093, 15.953596785613398], [108.5073304071997, 15.953615788047074], [108.50732358395452, 15.953635508955015], [108.50723958395452, 15.953920508955015], [108.50723480692677, 15.95393983897698], [108.50723176083135, 15.953959516147656], [108.50723046961348, 15.953979385785287], [108.50723094342342, 15.953999291695146], [108.50725394342344, 15.954336291695146], [108.5072557245429, 15.95435307501544], [108.50725876104903, 15.954369677179672], [108.5073802218652, 15.954916729044694], [108.50737942962797, 15.955014174224623], [108.50737942336347, 15.955015279047718], [108.50737752045681, 15.955608034472037], [108.50711655283278, 15.956547517918555], [108.50661923850437, 15.957228245421303], [108.50613769765931, 15.95754898291558], [108.50573965860514, 15.957619031196332], [108.50513626120255, 15.957514705477193], [108.50512685557636, 15.957513283720493], [108.50403085557636, 15.957371283720493], [108.50400535153409, 15.957369447216308], [108.50380435153409, 15.957366447216309], [108.50378445204399, 15.95736703270195], [108.50376468259194, 15.957369378179513], [108.5037451985313, 15.95737346521764], [108.50372615297279, 15.95737926169935], [108.50351115297279, 15.95745526169935], [108.50349171321533, 15.9574631736335], [108.50347309696231, 15.957472865795067], [108.50345546680882, 15.957484253532337], [108.50306346680881, 15.957764253532337], [108.50304751028312, 15.95777677676923], [108.5030327487971, 15.957790688660006], [108.5030193027726, 15.95780587571369], [108.50300728190014, 15.957822214036726], [108.50299678424406, 15.957839570343689], [108.50272278424407, 15.958342570343687], [108.50271331041326, 15.958362167203292], [108.50270577823363, 15.958382589168101], [108.50270025846281, 15.958403644393265], [108.50269680295376, 15.95842513508506], [108.5026954441677, 15.958446859358974], [108.50269344416769, 15.958589859358975], [108.50269396175626, 15.958608557981611], [108.50269603366473, 15.95862714866696], [108.50270203366473, 15.958666148666959], [108.50270295454389, 15.958671674825515], [108.5027099545439, 15.958710674825516], [108.50271444567694, 15.95873049294588], [108.50273944567694, 15.95882149294588], [108.50274681648209, 15.958843715612213], [108.5027564608848, 15.958865050118625], [108.50276827406088, 15.958885264582214], [108.50278212761397, 15.958904139293722], [108.50279787097097, 15.958921469105544], [108.50291687097096, 15.959039469105544], [108.50293498739842, 15.959055589455389], [108.5029547363627, 15.959069662444856], [108.50297588759231, 15.959081523983903], [108.50299819446545, 15.95909103576784], [108.50324392837318, 15.959180469536978], [108.50357809648129, 15.959523669215583], [108.5035949876752, 15.95953932421696], [108.5036133933458, 15.959553167005316], [108.5039453933458, 15.959777167005315], [108.50396104935166, 15.959786821450242], [108.5039774429056, 15.959795162326428], [108.50399446403979, 15.959802133683336], [108.50407446403979, 15.959831133683336], [108.5040761053355, 15.959831721455398], [108.50418914161847, 15.959871707079301], [108.50436069066964, 15.960004333236514], [108.50441378989251, 15.960103451785871], [108.50439904930982, 15.960125562659906], [108.50437727246594, 15.960146277218717], [108.50434344747082, 15.960177627214204], [108.50412288459303, 15.960353562583647], [108.50399276119221, 15.960398954467655], [108.50396985662299, 15.960396282267912], [108.50396286769235, 15.960392267350315], [108.50395970943792, 15.960390486785306], [108.50393286995637, 15.960375639412533], [108.50366055567913, 15.960141692438963], [108.50331657688274, 15.95983758180495], [108.50313736593202, 15.95954010982077], [108.50312403988454, 15.959520427491029], [108.50310870822268, 15.959502263851787], [108.50292370822268, 15.959305263851787], [108.50290967456485, 15.959291570283156], [108.5028944999676, 15.959279152997913], [108.50287830010389, 15.959268106650551], [108.5026653001039, 15.95913610665055], [108.5026441508458, 15.959124523091177], [108.50262188153037, 15.959115273898975], [108.50259874890175, 15.959108465708383], [108.50257501965726, 15.959104177011392], [108.50224101965725, 15.959062177011392], [108.50221930838401, 15.959060510824903], [108.50219753780385, 15.959060955125175], [108.50217591258821, 15.959063505735216], [108.50196091258822, 15.959099505735216], [108.5019501912376, 15.959101570039232], [108.5017711912376, 15.959140570039233], [108.50174978245087, 15.959146355163094], [108.50172904861861, 15.959154223581452], [108.50072015219774, 15.959595244119058], [108.49981810539815, 15.95989786003361], [108.49936099030745, 15.959953947774801], [108.49904522556285, 15.959966056747307], [108.49872176261168, 15.959938566978083], [108.49860038793548, 15.959910751948124], [108.49819409599111, 15.959788959515153], [108.49793125528922, 15.959672334832852], [108.49756130889818, 15.959378501814138], [108.49721351293357, 15.958880973526888], [108.4963246846983, 15.9575903869933], [108.49617934544655, 15.957322808768234], [108.49616653905858, 15.957302013589375], [108.49615155032437, 15.957282731969014], [108.49557655032437, 15.956620731969014], [108.49555817804591, 15.956601926570823], [108.49553773396406, 15.956585397108215], [108.49493573396406, 15.956154397108214], [108.49491880920961, 15.95614339563731], [108.4949009649594, 15.956133958349069], [108.4942979649594, 15.955848958349069], [108.49427967151325, 15.9558412814164], [108.49426077193513, 15.955835248886771], [108.49424141371331, 15.955830907836756], [108.4936524137133, 15.955725907836756], [108.493634109666, 15.955723416531368], [108.49361566279059, 15.955722437992993], [108.49336266279059, 15.955719437992993], [108.49334092790046, 15.955720233513537], [108.4933193718901, 15.955723127769673], [108.49329819693615, 15.955728093615786], [108.49327760164137, 15.955735084476547], [108.49295560164137, 15.955862084476546], [108.49293705328388, 15.955870388569743], [108.49291933155062, 15.955880335413443], [108.49290258155987, 15.955891843555746], [108.49288694047259, 15.955904818759713], [108.49287253636923, 15.955919154775055], [108.49264953636923, 15.956162154775056], [108.4926350302051, 15.95617966438161], [108.49262236892572, 15.956198551073333], [108.49208836892574, 15.957089551073333], [108.49208224562574, 15.957100444349017], [108.49165824562573, 15.957906444349018], [108.4916544141334, 15.957914076565787], [108.49141043782146, 15.958424027053873], [108.49081863307346, 15.959659444372894], [108.49008547799191, 15.961029053058214], [108.48963842586558, 15.961639284038437], [108.48927984148659, 15.962038767961984], [108.48889388235867, 15.96235949456124], [108.48851130019072, 15.962511657923493], [108.48815008305495, 15.962565039766217], [108.48678719867125, 15.962533482385407], [108.48675780320089, 15.962534729535411], [108.48635180320089, 15.962578729535412], [108.48632739459411, 15.962582745125566], [108.48630357569259, 15.962589420826186], [108.4862806354792, 15.962598675644312], [108.4859416354792, 15.962757675644312], [108.48591796499592, 15.962770564044229], [108.4858960089376, 15.962786195235276], [108.4853170089376, 15.963253195235277], [108.48531233050996, 15.963257074328679], [108.48464233050996, 15.963828074328678], [108.48462542233389, 15.963844068763875], [108.4837744223339, 15.964737068763876], [108.48376086684874, 15.964752671975283], [108.48374880329995, 15.964769455365131], [108.48373833387186, 15.964787276769663], [108.48346633387186, 15.965303276769662], [108.48345778973106, 15.965321402714292], [108.48345089534611, 15.965340218124643], [108.4833248953461, 15.965738218124644], [108.48331886190134, 15.965761565745604], [108.48331536663214, 15.965785425690147], [108.4833144498387, 15.965809522854919], [108.48331612209158, 15.96583357940144], [108.48332036410982, 15.965857317959559], [108.48341636410983, 15.966266317959558], [108.48342331314447, 15.966289992403848], [108.48343281730536, 15.96631276166647], [108.48344476187435, 15.966334350915334], [108.48360976187435, 15.966597350915334], [108.48362259648634, 15.966615706858159], [108.48363719569278, 15.966632693060593], [108.48390419569277, 15.966913693060592], [108.4839193489001, 15.966928216837648], [108.48393579186451, 15.966941262477288], [108.48395338095396, 15.966952716023659], [108.48460638095396, 15.96733571602366], [108.48461186504468, 15.96733882991867], [108.4850978650447, 15.96760582991867], [108.48511941727477, 15.967616216353447], [108.48514195211114, 15.967624251140244], [108.48599895211113, 15.967879251140243], [108.48602037627411, 15.96788449581274], [108.4865583762741, 15.96798849581274], [108.48658859175323, 15.967992234744981], [108.48734759175323, 15.968034234744982], [108.48736180016496, 15.968034570578773], [108.48786077389789, 15.96803057078933], [108.48836797420202, 15.968026623705253], [108.4892131209381, 15.96807105427652], [108.48954563623192, 15.968158693966364], [108.49006193103997, 15.968476274252513], [108.49069176414297, 15.969131641129943], [108.49110116188547, 15.969789533781286], [108.49169773247644, 15.971128132043074], [108.49220444963757, 15.972613508819292], [108.49221118779863, 15.972630869478765], [108.49237318779863, 15.973001869478766], [108.49238387978747, 15.973023190323783], [108.4923967726865, 15.973043256968042], [108.4927907726865, 15.973590256968041], [108.4928048259277, 15.973607837719847], [108.49282056832735, 15.9736239235296], [108.4928378417671, 15.9736383528297], [108.4932558417671, 15.973953352829701], [108.49328046364846, 15.973969491433147], [108.49389946364846, 15.974319491433146], [108.49391746862959, 15.97432862925239], [108.49393622156285, 15.974336113006805], [108.49437322156284, 15.974488113006805], [108.49439342635458, 15.974494094130966], [108.49496742635458, 15.974635094130967], [108.49498349113767, 15.97463842328399], [108.49516106556752, 15.974668504198334], [108.4953825404744, 15.97471728721747], [108.49623993498724, 15.974907379303461], [108.49711497599884, 15.975173525335045], [108.49787957625934, 15.975467155092872], [108.49902868915038, 15.976136817298153], [108.4998781692466, 15.976720712812568], [108.50044866148177, 15.977251221831263], [108.50162630433786, 15.978412387379894], [108.50168142476632, 15.978558254855196], [108.50171712392097, 15.978846594181215], [108.50172008478154, 15.9788645245223], [108.50172448570902, 15.978882156755967], [108.50181619549929, 15.97919510459698], [108.50183898214846, 15.979387423916053], [108.50183905980697, 15.979388071309153], [108.50185605980697, 15.979528071309153], [108.50185958439755, 15.979548874615888], [108.50186504580849, 15.979569255324915], [108.5019170458085, 15.979732255324913], [108.50192610001491, 15.979755930308135], [108.50193776440022, 15.979778434210013], [108.50195189037422, 15.979799480357956], [108.50201089037421, 15.979877480357956], [108.50203119951914, 15.979900800480866], [108.50206419951914, 15.979933800480866], [108.50208130583069, 15.979949235323135], [108.50209990355744, 15.979962836235252], [108.50211979694728, 15.979974460059546], [108.50214077661049, 15.97998398444837], [108.50220177661049, 15.98000798444837], [108.50222174411273, 15.980014776249725], [108.50224226070127, 15.98001966494145], [108.50226314542327, 15.980022607406124], [108.50245614542327, 15.980040607406124], [108.50247836820257, 15.980041573625938], [108.50250057755937, 15.980040336705757], [108.50252255561269, 15.980036908780175], [108.50254408675067, 15.980031323478247], [108.50256495974592, 15.980023635593598], [108.50271295974592, 15.979960635593597], [108.50272988935062, 15.979952578472073], [108.50274608788594, 15.979943137276395], [108.50293508788594, 15.979822137276395], [108.50294927338794, 15.979812265992198], [108.50296265781824, 15.97980133311772], [108.50303927244327, 15.979733673448864], [108.50313269006458, 15.97965193303022], [108.5032494606832, 15.979601001164655], [108.50335282378391, 15.97959750916801]]], [[[108.47979995854638, 15.938172281759156], [108.47978089353491, 15.938161881120957], [108.47976091306565, 15.938153370610678], [108.47944191306566, 15.938035370610677], [108.47942046200534, 15.938028635726491], [108.47939844503219, 15.938024079461963], [108.47937608282002, 15.938021747484061], [108.47935359950301, 15.93802166316596], [108.4793312204291, 15.938023827352772], [108.4790262204291, 15.938068827352772], [108.47900295001772, 15.938073529117052], [108.47898030597092, 15.938080661141887], [108.47895854133839, 15.938090143726136], [108.47893789934223, 15.93810187090089], [108.47891861065897, 15.938115711613717], [108.47869761065895, 15.938292711613718], [108.47868354325686, 15.938304971475063], [108.47867054219803, 15.938318356857813], [108.47820854219803, 15.938835356857814], [108.47819415680736, 15.93885321138617], [108.47818166690425, 15.938872439645788], [108.47817120268029, 15.938892841206137], [108.4779372026803, 15.939412841206137], [108.47793476328025, 15.939418466033112], [108.47665076328023, 15.942493466033111], [108.47664342024446, 15.942513737537345], [108.4766380549603, 15.94253461977344], [108.47650105496031, 15.94319861977344], [108.47649822897567, 15.94321557015363], [108.47649670733114, 15.94323268699258], [108.47647370733114, 15.94368868699258], [108.47647364436142, 15.943709986635316], [108.4764755995341, 15.943731196445444], [108.4765375995341, 15.944173196445444], [108.47654249575804, 15.944197920391376], [108.4765501315141, 15.944221940002958], [108.47656041062763, 15.944244952745873], [108.47688641062763, 15.944876952745874], [108.47689593270316, 15.944893622774238], [108.47698593270316, 15.945036622774238], [108.47699745318677, 15.945053221220562], [108.4770104188551, 15.945068717071875], [108.4779734188551, 15.946119717071875], [108.47798943799806, 15.946135530274944], [108.47991943799806, 15.947858530274944], [108.47993487301197, 15.947871125335606], [108.47995136347309, 15.947882302987386], [108.47996877961776, 15.947891975273178], [108.48147277961776, 15.948641975273178], [108.48148787781695, 15.948648820594258], [108.48150343983461, 15.948654533530943], [108.48203143983461, 15.948826533530942], [108.48205596614511, 15.948833016220672], [108.4820810670985, 15.948836691450177], [108.48268706709851, 15.948890691450178], [108.48270427621095, 15.948891561275419], [108.48344627621094, 15.948900561275419], [108.48346077186153, 15.94890026905431], [108.48420377186153, 15.948861269054309], [108.48422719497427, 15.948858802838643], [108.48425023098598, 15.948853897067096], [108.48465623098599, 15.948744897067096], [108.48468017347068, 15.94873700408169], [108.48470308047439, 15.948726477402614], [108.48472466334233, 15.94871344967823], [108.48503066334233, 15.94850444967823], [108.48504869638072, 15.948490750233926], [108.48506525803073, 15.948475304296071], [108.4850801798803, 15.948458268931294], [108.48509331019213, 15.948439817368792], [108.48510451544672, 15.94842013723879], [108.48511368170011, 15.948399428664565], [108.4851207157425, 15.948377902227442], [108.48517371574249, 15.948182902227442], [108.48517790208636, 15.948164465462803], [108.48518052287261, 15.948145741914928], [108.48518155952739, 15.948126864279686], [108.48518655952739, 15.947734864279687], [108.48518478530548, 15.947703682282834], [108.48508678530548, 15.946932682282833], [108.48508408071714, 15.946916282404086], [108.48503308071714, 15.946665282404085], [108.48502942204125, 15.946650027627124], [108.48484542204125, 15.945986027627125], [108.48483813054304, 15.945964148907079], [108.48442913054303, 15.944919148907077], [108.4844258170969, 15.944911141733472], [108.4832828170969, 15.942293141733472], [108.48328073276258, 15.942288511128213], [108.48294773276258, 15.941570511128214], [108.48293707290884, 15.941550291511573], [108.4829244129849, 15.941531260176758], [108.4821364129849, 15.940468260176758], [108.48212917880188, 15.940459016476394], [108.48180717880189, 15.940069016476395], [108.48180355893486, 15.940064741882885], [108.48058855893485, 15.938665741882884], [108.48057258000469, 15.938649145285071], [108.48055498481872, 15.938634273072758], [108.48053595854638, 15.938621281759156], [108.47979995854638, 15.938172281759156]]], [[[108.47176829828508, 15.932070918843214], [108.47176623576966, 15.932078231929664], [108.47165623576966, 15.932552231929664], [108.47165306772662, 15.932568630660823], [108.4716511271816, 15.932585219487347], [108.4716291271816, 15.932862219487347], [108.47162842220625, 15.93288], [108.47162842220625, 15.932921], [108.47162848897533, 15.932926475878636], [108.47162948897532, 15.932967475878636], [108.47163229342577, 15.932997796373963], [108.47169429342577, 15.933381796373963], [108.4716982898401, 15.933401113262688], [108.47170396591449, 15.933420004945965], [108.47171127785732, 15.93343832567219], [108.47182627785733, 15.93369332567219], [108.47183040517453, 15.933701979708056], [108.47190440517453, 15.933848979708056], [108.47191719112116, 15.933871138176343], [108.47193241419191, 15.933891698727523], [108.47194987684281, 15.933910394555175], [108.47208387684282, 15.934038394555175], [108.47210135916994, 15.934053454747314], [108.47212029456283, 15.934066641560609], [108.47214048312172, 15.934077815782679], [108.47216171171723, 15.934086859447953], [108.47218375624038, 15.93409367708301], [108.47220638396851, 15.9340981967145], [108.47242438396852, 15.9341301967145], [108.47244477521019, 15.934132244821477], [108.47246526825343, 15.934132425536493], [108.47248569244304, 15.934130737354652], [108.47250587769722, 15.934127194334234], [108.47252565592383, 15.934121825979638], [108.47303695786049, 15.933957655531888], [108.47429166108606, 15.933627366066185], [108.47485703479826, 15.93350338060298], [108.47531896324834, 15.93340239624485], [108.47534089345922, 15.933396424670091], [108.47568289345921, 15.933284424670092], [108.47569863335572, 15.933278610485843], [108.47571389521309, 15.933271637338047], [108.47606189521309, 15.933096637338046], [108.47608531003328, 15.933083035293643], [108.476106917529, 15.93306671397183], [108.476285917529, 15.93291371397183], [108.47630241936487, 15.932898097180379], [108.47653363127026, 15.932655969691465], [108.47653480048068, 15.932654800481052], [108.47654854221412, 15.932639751068846], [108.47656086310931, 15.932623517905656], [108.47657166170704, 15.932606234667167], [108.47658084908377, 15.932588043676152], [108.47671384908377, 15.932292043676151], [108.4767215531914, 15.932272500525995], [108.47672739754238, 15.932252323024812], [108.47673133100095, 15.932231687717787], [108.4767333191509, 15.93221077515572], [108.4767443191509, 15.931981775155721], [108.47674435707181, 15.931961045615601], [108.47674248343715, 15.931940400888317], [108.47673871421055, 15.931920016870007], [108.4767330815064, 15.931900067235539], [108.47672563331615, 15.93188072195876], [108.47663563331615, 15.93167572195876], [108.47662474459013, 15.931654153095433], [108.47661160172268, 15.93163387884439], [108.4765963568407, 15.931615133877255], [108.47637235684071, 15.931368133877255], [108.47635843226391, 15.931354077016872], [108.47634332447387, 15.931341300325485], [108.47632715074062, 15.931329902978622], [108.47631003660828, 15.93131997344503], [108.47613403660827, 15.93122797344503], [108.47611691297426, 15.931219921946242], [108.47609917233456, 15.931213340519573], [108.47608094063209, 15.931208275887368], [108.47546694063209, 15.931065275887368], [108.47544793984774, 15.931061705079747], [108.47406293984774, 15.930862705079747], [108.47405334632566, 15.930861536743123], [108.47404334632566, 15.930860536743124], [108.474021, 15.930859422206252], [108.4740140851109, 15.930859422206252], [108.47338616751927, 15.930836570774911], [108.47335660353157, 15.93083744379547], [108.47305360353157, 15.93086644379547], [108.4730402085952, 15.930868133500509], [108.4726512085952, 15.93092913350051], [108.47262556081692, 15.930934707858222], [108.47260073856283, 15.930943236497965], [108.47238873856284, 15.931030236497966], [108.47236662808041, 15.931040752804005], [108.47234579380681, 15.931053613564838], [108.4722177938068, 15.931142613564838], [108.47219865780187, 15.931157514124202], [108.47218124021332, 15.931174391356292], [108.47216574417824, 15.931193048426033], [108.47200374417824, 15.931411048426034], [108.47199071295944, 15.931430652698346], [108.47197980541897, 15.931451513324351], [108.47186580541897, 15.931700513324351], [108.47185817205889, 15.931719407045858], [108.47185228271191, 15.931738914903011], [108.4717682827119, 15.932070914903012], [108.47176829828508, 15.932070918843214]]], [[[108.4478946961578, 15.967445158682494], [108.44787766501011, 15.967432881737354], [108.44785956181923, 15.96742224887068], [108.4478405447998, 15.967413353009484], [108.44782078015301, 15.967406271900035], [108.44780044061396, 15.967401067428407], [108.44743744061395, 15.967326067428408], [108.44741789368919, 15.967322919964353], [108.44739814551531, 15.967321506307247], [108.44737834957769, 15.967321837444217], [108.44735865973293, 15.967323910801623], [108.44694839749327, 15.967385499806124], [108.44692714455296, 15.967388156423663], [108.44690672179286, 15.967391672846736], [108.4468867101205, 15.967397056835114], [108.44686727993478, 15.967404262544271], [108.44684859668325, 15.967413228617772], [108.44633559668326, 15.967689228617772], [108.44630948644502, 15.96770568440997], [108.4447825778421, 15.968821617612875], [108.44447469383695, 15.969046157221744], [108.4435049965489, 15.969659172822892], [108.44348614188738, 15.969672496147341], [108.44346875470646, 15.969687684800183], [108.44276875470646, 15.970365684800184], [108.44275429190006, 15.97038107560157], [108.44274133883864, 15.970397756960521], [108.44257033883864, 15.97064075696052], [108.44255941373748, 15.970657877870659], [108.44255008005713, 15.970675915769931], [108.44254241413293, 15.97069472313565], [108.44253647866054, 15.970714146152064], [108.44253232218313, 15.970734025968325], [108.44249532218313, 15.970962025968324], [108.4424932763025, 15.970978432357807], [108.44249244298895, 15.970994944802568], [108.44248844298895, 15.971288944802568], [108.44249041496015, 15.971321851054906], [108.44253641496014, 15.971664851054905], [108.44253767641486, 15.97167309273034], [108.44261667641486, 15.972132092730341], [108.44262078636802, 15.972151038789718], [108.44262651500529, 15.972169559793908], [108.4426338196366, 15.972187517723697], [108.4428138196366, 15.972580517723696], [108.44282362833457, 15.972599493738148], [108.44283519556139, 15.972617451993743], [108.44313919556139, 15.973043451993744], [108.44315088534904, 15.97305844745331], [108.44364388534905, 15.97363844745331], [108.44365760193091, 15.973653190615483], [108.44428860193091, 15.974273190615483], [108.44430179185736, 15.97428516038174], [108.4461915325081, 15.975868079672214], [108.44760592277666, 15.977271643014586], [108.4491634591926, 15.97959505084014], [108.44917690574226, 15.979613085860178], [108.44919208913684, 15.979629685142518], [108.44955208913684, 15.979985685142518], [108.44956808040547, 15.980000051757056], [108.44958537203462, 15.980012823595109], [108.449603805587, 15.980023883632711], [108.44962321216235, 15.980033130530536], [108.44964341394484, 15.980040479562435], [108.44966422583248, 15.980045863391751], [108.44968545713311, 15.980049232688309], [108.4497069133116, 15.980050556580396], [108.4499979133116, 15.980054556580397], [108.45001762348615, 15.980053961704657], [108.45003720549705, 15.980051640130453], [108.45005650837105, 15.980047609756646], [108.45007538328699, 15.980041901656582], [108.45065938328699, 15.979836901656583], [108.45068238992955, 15.979827362019822], [108.45070419875807, 15.979815333500783], [108.45090219875807, 15.979691333500783], [108.45092812218746, 15.979672390595283], [108.45132612218747, 15.979335390595283], [108.45133973590964, 15.97932286502585], [108.45135227254386, 15.979309261492368], [108.45136364702397, 15.979294672300364], [108.45189664702396, 15.978549672300364], [108.45190949156043, 15.97852953612642], [108.45192012498785, 15.978508149732626], [108.45225012498786, 15.977745149732625], [108.45225833058029, 15.977723064057432], [108.452264177169, 15.977700240249767], [108.452480177169, 15.976625240249767], [108.45248367149858, 15.976601155549243], [108.45248453915285, 15.976576834153013], [108.45247460328676, 15.97604129097044], [108.45248156097894, 15.975472748123867], [108.4524802781966, 15.975445874653069], [108.45247579100005, 15.975419347421207], [108.45233179100005, 15.974797347421207], [108.45232655912099, 15.97477851843926], [108.45231971013884, 15.974760215582569], [108.45231129591515, 15.974742577443228], [108.45230138016376, 15.97472573757999], [108.45197038016376, 15.97421573757999], [108.45196746697067, 15.974211361979512], [108.45127694085633, 15.973200056005965], [108.45051179811811, 15.972061261956489], [108.45002343330464, 15.971144968693658], [108.44932575550729, 15.96924942873214], [108.44931822200097, 15.969231417555132], [108.44930915267543, 15.96921412872786], [108.44929861607066, 15.969197692907992], [108.44829861607066, 15.967777692907992], [108.44828547876801, 15.967760807746101], [108.44827079437697, 15.967745249273417], [108.4482546961578, 15.967731158682495], [108.4478946961578, 15.967445158682494]]], [[[108.42307836943081, 15.971646765210023], [108.42306062444258, 15.971641973517258], [108.42304254704027, 15.971638648994393], [108.42302425831708, 15.971636813911065], [108.42283825831709, 15.971625813911064], [108.42281906609553, 15.971625500614206], [108.42259206609552, 15.971631500614206], [108.42256849363038, 15.971633369005758], [108.42254524828897, 15.971637705606053], [108.42252258778183, 15.97164446233717], [108.42219158778184, 15.97176246233717], [108.42216780757612, 15.971772515388958], [108.42197280757611, 15.971868515388959], [108.42195141956863, 15.971880538803402], [108.42193147084501, 15.971894823682986], [108.42191319951914, 15.971911199519134], [108.42169619951913, 15.972128199519133], [108.42169228034903, 15.972132217893037], [108.42165388052939, 15.972172586934215], [108.42149473329918, 15.972337318277757], [108.42128280838534, 15.972501360575087], [108.42096891253203, 15.972672156848205], [108.42073468401681, 15.972769672393323], [108.42071605887165, 15.972778448885611], [108.42069831578813, 15.972788894259518], [108.42068160390218, 15.972800920718544], [108.42041760390218, 15.973009920718544], [108.4204000836611, 15.973025337471606], [108.42038425791462, 15.973042489173295], [108.42037029756044, 15.9730611906073], [108.42035835335244, 15.97308123982219], [108.42034855427268, 15.973102420312232], [108.42026555427267, 15.973309420312232], [108.42025968423337, 15.973325888617818], [108.4202551130548, 15.973342763651946], [108.4202411130548, 15.973403763651946], [108.4202370439361, 15.973427059713927], [108.42023544712617, 15.973450654510575], [108.42023634033168, 15.97347428640459], [108.42023971364807, 15.973497693347307], [108.42024552966942, 15.973520615784494], [108.42028652966941, 15.973652615784493], [108.4202942154517, 15.97367360899514], [108.42030395036002, 15.973693734046758], [108.42031563792658, 15.973712791510675], [108.42032916233372, 15.973730592537454], [108.42034438956168, 15.973746960728286], [108.42045538956168, 15.973854960728287], [108.42047213067904, 15.973869703609804], [108.42062413067904, 15.973990703609804], [108.42064614359982, 15.974006167608087], [108.42066984766417, 15.974018888506547], [108.42098384766416, 15.974163888506547], [108.4210008381735, 15.974170905756147], [108.42101834567235, 15.974176509922724], [108.4210362528593, 15.97418066345798], [108.4212212528593, 15.974215663457981], [108.42125254374295, 15.974219334242], [108.42148854374295, 15.974230334241998], [108.42151093947602, 15.974230260193428], [108.42153321647186, 15.974227955893136], [108.4215551531873, 15.974223444257225], [108.4219191531873, 15.974129444257226], [108.42193007273185, 15.974126327865866], [108.42263307273186, 15.973906327865866], [108.4226504001227, 15.973900114883493], [108.42266716048668, 15.973892503719114], [108.42299816048669, 15.973725503719114], [108.42301850258606, 15.973713871138678], [108.42303752181435, 15.973700182205542], [108.42305501109786, 15.973684585959289], [108.42335901109786, 15.973383585959288], [108.42336530290159, 15.973377100431007], [108.42340630290158, 15.973333100431006], [108.42344730290158, 15.97328910043101], [108.42345833609228, 15.973276329755167], [108.42346837911153, 15.973262766598335], [108.42356137911153, 15.973126766598336], [108.4235681263203, 15.973116286983334], [108.4236371263203, 15.973002286983334], [108.42364732866005, 15.972983459215907], [108.42365569136402, 15.97296374531865], [108.42366213839587, 15.972943324536512], [108.42369513839587, 15.972818324536512], [108.42369958985068, 15.972797511964032], [108.4237269113644, 15.972631698639399], [108.42376030535222, 15.972503688352747], [108.42376557388616, 15.972476934105066], [108.42376756109589, 15.972449738549983], [108.4237685610959, 15.972367738549982], [108.42376781427473, 15.972346497138773], [108.42376506271656, 15.972325421460383], [108.42376033106747, 15.972304700292728], [108.42375366170954, 15.972284519238324], [108.42374511438119, 15.972265059061806], [108.42373476564207, 15.972246494070811], [108.42369376564206, 15.97218049407081], [108.42368452445982, 15.972166772711093], [108.42367429827603, 15.972153768852943], [108.42351829827604, 15.971969768852944], [108.42350580048087, 15.971956199519134], [108.42347280048087, 15.971923199519134], [108.42346759798978, 15.971918162144233], [108.42345658105968, 15.971907833772264], [108.42345039969557, 15.971901288798497], [108.42334499403752, 15.971770243926333], [108.4233303630915, 15.971753777659567], [108.42331418940152, 15.971738823921717], [108.42329662856365, 15.971725526572493], [108.42327784951874, 15.971714013536626], [108.42325803292715, 15.97170439557318], [108.42323736943081, 15.971696765210023], [108.42307836943081, 15.971646765210023]]], [[[108.41779797664348, 15.971808120809996], [108.4177720451511, 15.971798353258912], [108.4175510451511, 15.971730353258911], [108.41753052172074, 15.971725084201601], [108.4175095930559, 15.97172177283533], [108.4174884454636, 15.97172044863789], [108.41746726719978, 15.97172112339729], [108.41736626719978, 15.971729123397289], [108.41734564669956, 15.971731721420399], [108.41732535467817, 15.971736214595344], [108.41730556492766, 15.971742564440095], [108.41719556492767, 15.971783564440097], [108.41718553447302, 15.971787580437024], [108.41707353447302, 15.971835580437023], [108.41705451031154, 15.971844816957326], [108.41703643931065, 15.97185580199052], [108.41701948171425, 15.971868438127252], [108.4168971152122, 15.971968917937877], [108.41680875249187, 15.972040402385778], [108.41680013537932, 15.972047740378711], [108.41667513537932, 15.97215974037871], [108.41665925606534, 15.972175460785369], [108.41664501753569, 15.972192681356523], [108.41663256074486, 15.972211231616898], [108.41662200900903, 15.972230927927939], [108.41656000900903, 15.972361927927938], [108.41655161071219, 15.972382172864735], [108.41654522587197, 15.972403140045543], [108.41654091530317, 15.972424629760582], [108.41651191530318, 15.972617629760583], [108.41650962865988, 15.97264137258219], [108.41650987310958, 15.972665224008976], [108.41651264589468, 15.97268891497726], [108.4165179157359, 15.972712178233458], [108.41652562318508, 15.972734751348938], [108.4165356812959, 15.97275637968041], [108.41667968129589, 15.97302737968041], [108.41668984763339, 15.973044612692604], [108.4167015074372, 15.973060872462067], [108.41671456815716, 15.973076029926288], [108.41672892612335, 15.973089964772338], [108.41674446736889, 15.973102566391871], [108.4170784673689, 15.973349566391871], [108.4170937668833, 15.973359934846373], [108.41710986714953, 15.97336901016549], [108.41715686714953, 15.97339301016549], [108.41717585384333, 15.973401619035748], [108.41719555701944, 15.97340843020601], [108.41721580689276, 15.973413384983452], [108.41723642896724, 15.973416440672047], [108.41725724553953, 15.97341757094049], [108.41738524553953, 15.97341857094049], [108.41740748127005, 15.973417641908018], [108.41742951586747, 15.973414516635332], [108.41745113294449, 15.973409225813684], [108.41784713294449, 15.973291225813686], [108.41786750254849, 15.973284073315792], [108.41788709125196, 15.97327499798168], [108.41795209125196, 15.973240997981678], [108.41796702599264, 15.973232441588213], [108.41828702599263, 15.973032441588213], [108.41830613545258, 15.973019069992331], [108.41832375504619, 15.973003788599817], [108.4183396947365, 15.97298676222884], [108.41841031492308, 15.972903003402909], [108.41841383583997, 15.97290017573602], [108.41842922014555, 15.97288518919427], [108.41844310251619, 15.97286880160515], [108.41845535598564, 15.972851162847306], [108.41846586848534, 15.972832434242397], [108.41846986848533, 15.972824434242396], [108.41847760864222, 15.972807172229935], [108.41848386851622, 15.972789320028937], [108.41852186851622, 15.972664320028938], [108.41852703854786, 15.972643924635747], [108.41853027716301, 15.972623134910819], [108.41853155593431, 15.972602133338626], [108.41853455593431, 15.972387133338625], [108.41853374185087, 15.972364641032595], [108.41853068052396, 15.972342343166329], [108.4185254027013, 15.972320463697631], [108.41851796139288, 15.972299222381963], [108.41850843133852, 15.972278832565225], [108.41849690825728, 15.972259499040945], [108.41848350788597, 15.972241415993336], [108.4184683648167, 15.972224765046938], [108.4182853648167, 15.972042765046938], [108.41827038208876, 15.97202915104262], [108.41825423427511, 15.972016941564146], [108.41823705258871, 15.972006235822576], [108.41821897664349, 15.971997120809995], [108.41779797664348, 15.971808120809996]]]]}, "properties": {"code": "20434", "name": "Tân Hiệp", "nameEn": "Tan Hiep", "fullName": "Xã Tân Hiệp", "fullNameEn": "Tan Hiep Commune", "codeName": "tan_hiep", "postalCode": "51318", "postalCodePrefix": "", "gisServerId": "diaphanhanhchinhcapxa_2025.3311", "areaKm2": 16.43, "ward_code": "20434", "source_member": "geojson/48_da_nang/wards/20434_tan_hiep.geojson", "requires_boat": true, "region": "cu_lao_cham", "search_name": "Hội An", "grid_km": 2, "coastal_precision_tolerance_m": 25}}]}