preference_match,place_quality,travel_cost,data_confidence,scenario_id,metric,poi_id
0.0,0.5,11.89676007245417,0.5,HN-DEV-01,geographic_distance,osm:node:10011953034
0.0,0.5,6.413748016544826,0.5,HN-DEV-01,geographic_distance,osm:node:10082412846
0.016948618711606894,0.8668968485204885,2.8834757325053513,0.5,HN-DEV-01,geographic_distance,osm:node:10098130619
0.026383404556980985,0.5,4.8797232417806535,0.5,HN-DEV-01,geographic_distance,osm:node:10098130620
0.026383404556980985,0.5,3.514413931678949,0.5,HN-DEV-01,geographic_distance,osm:node:10098130621
0.026383404556980985,0.5,7.52631277434172,0.5,HN-DEV-01,geographic_distance,osm:node:10098130622
0.0,0.8430865250831634,3.6673180521051583,0.5,HN-DEV-01,geographic_distance,osm:node:10114776452
0.01707907222692785,0.9186979459822741,1.0542736019252035,0.5,HN-DEV-01,geographic_distance,osm:node:10179892274
0.013426692504230817,0.8807097127665309,3.1202333783021294,0.5,HN-DEV-01,geographic_distance,osm:node:10245908053
0.0,0.9345212876676279,1.1501468727019248,0.5,HN-DEV-01,geographic_distance,osm:node:10715935205
0.7398465236212134,0.9173391089108911,12.059933715987116,0.25,HN-DEV-01,geographic_distance,osm:node:10855443206
0.024406628240999057,0.5,0.5093989790044611,0.5,HN-DEV-01,geographic_distance,osm:node:11371361970
0.027740593537331305,0.5,0.45584435644101756,0.25,HN-DEV-01,geographic_distance,osm:node:11451595757
0.034965904723650215,0.5,0.31510538514751346,0.25,HN-DEV-01,geographic_distance,osm:node:11652527569
0.0,0.5,0.5029909802360302,0.5,HN-DEV-01,geographic_distance,osm:node:11663157215
0.0,0.5,0.5187036822625649,0.5,HN-DEV-01,geographic_distance,osm:node:12054550970
0.4176737428173014,0.8863977005910453,1.6140707758703785,0.5,HN-DEV-01,geographic_distance,osm:node:12090398186
0.030762631207247534,0.5,0.5111417415291079,0.5,HN-DEV-01,geographic_distance,osm:node:12614290467
0.02604397096441642,0.5,0.44718067131405986,0.25,HN-DEV-01,geographic_distance,osm:node:12744754301
0.360447783147847,0.8593597951344429,7.857947015449325,0.5,HN-DEV-01,geographic_distance,osm:node:12814113704
0.7361096440448561,0.9288541666666668,6.881203423404294,0.5,HN-DEV-01,geographic_distance,osm:node:12876453886
0.0,0.5,0.3155942503200611,0.5,HN-DEV-01,geographic_distance,osm:node:13275273171
0.36869843152449927,0.5,4.262694991096289,0.5,HN-DEV-01,geographic_distance,osm:node:13323664905
0.7389836668271799,0.9179861111111111,12.489645920652316,0.25,HN-DEV-01,geographic_distance,osm:node:13352652760
0.36149670412615037,0.8423112480739601,10.43962910136271,0.5,HN-DEV-01,geographic_distance,osm:node:13449384383
0.027626380030946283,0.5,0.42858696407867564,0.5,HN-DEV-01,geographic_distance,osm:node:13516584409
0.0,0.5,0.4696838076840146,0.5,HN-DEV-01,geographic_distance,osm:node:13611295802
0.035179718976593236,0.5,0.510119845965813,0.5,HN-DEV-01,geographic_distance,osm:node:13647798301
0.028703077377690144,0.5,0.493734194797755,0.5,HN-DEV-01,geographic_distance,osm:node:13949063201
0.36118910576464897,0.8201708014859728,7.858363239501825,0.5,HN-DEV-01,geographic_distance,osm:node:2471647464
0.7413946288756865,0.90585,5.353843232429843,0.25,HN-DEV-01,geographic_distance,osm:node:3794435557
0.0,0.5,0.390293239025436,0.5,HN-DEV-01,geographic_distance,osm:node:4217845890
0.0,0.5,0.47118555316603405,0.5,HN-DEV-01,geographic_distance,osm:node:4217848289
0.0,0.5,0.4254555776552532,0.5,HN-DEV-01,geographic_distance,osm:node:4255651589
0.029564073816803912,0.5,0.529617727618848,0.5,HN-DEV-01,geographic_distance,osm:node:4327534896
0.026157862430190557,0.5,0.49968788936354774,0.5,HN-DEV-01,geographic_distance,osm:node:4383436892
0.030983010185300315,0.5,0.4732589710675836,0.5,HN-DEV-01,geographic_distance,osm:node:4437567193
0.0,0.5,0.4322188876250178,0.5,HN-DEV-01,geographic_distance,osm:node:4486828192
0.37229663044944494,0.5,0.6506571417035604,0.5,HN-DEV-01,geographic_distance,osm:node:4489385889
0.8415851047440596,0.5,0.72654987761443,0.25,HN-DEV-01,geographic_distance,osm:node:4499978190
0.03060029993364741,0.5,0.5420873584502388,0.5,HN-DEV-01,geographic_distance,osm:node:4759037451
0.031313701527101834,0.5,0.42888110812208474,0.5,HN-DEV-01,geographic_distance,osm:node:4789270528
0.026438729813111128,0.5,0.4605121491916201,0.25,HN-DEV-01,geographic_distance,osm:node:4790082725
0.0,0.5,0.41557472537344553,0.5,HN-DEV-01,geographic_distance,osm:node:4846983321
0.0,0.5,0.5151937377373046,0.5,HN-DEV-01,geographic_distance,osm:node:4878114221
0.03335466276671776,0.5,0.36563002723482707,0.5,HN-DEV-01,geographic_distance,osm:node:5340817221
0.009428850227150879,0.8801371787883102,4.365191541773744,0.5,HN-DEV-01,geographic_distance,osm:node:5406262022
0.762046784696556,0.5,4.103731011450205,0.5,HN-DEV-01,geographic_distance,osm:node:5441412622
0.007375219080714394,0.5,0.49625787498218066,0.5,HN-DEV-01,geographic_distance,osm:node:6324812247
0.03287618857265949,0.5,0.4493685100432679,0.5,HN-DEV-01,geographic_distance,osm:node:6533893985
0.030452034871639125,0.5,0.36266655132040726,0.5,HN-DEV-01,geographic_distance,osm:node:6602496036
0.360832679654124,0.8644939965694685,7.268817836217056,0.25,HN-DEV-01,geographic_distance,osm:node:6849181831
0.0263718195097627,0.5,0.49700673029712955,0.5,HN-DEV-01,geographic_distance,osm:node:6924855571
0.02796723863713027,0.5,0.5080293084270632,0.25,HN-DEV-01,geographic_distance,osm:node:6987030985
0.0,0.5,0.4914229506958254,0.25,HN-DEV-01,geographic_distance,osm:node:7040037486
0.0,0.5,0.3128515470727402,0.5,HN-DEV-01,geographic_distance,osm:node:7162750926
0.3629677423447741,0.8043557678797246,3.4223934045644806,0.5,HN-DEV-01,geographic_distance,osm:node:9237323772
0.7672234037120851,0.5,10.119841553788183,0.5,HN-DEV-01,geographic_distance,osm:node:9757095553
0.0,0.5,0.5149203043638374,0.5,HN-DEV-01,geographic_distance,osm:node:995391083
0.8470880447079228,0.5,7.1307712472596005,0.5,HN-DEV-01,geographic_distance,osm:way:1019050229
0.0,0.8867796610169492,2.5660992279956463,0.5,HN-DEV-01,geographic_distance,osm:way:1103182086
0.36245245635091505,0.842773497688752,5.939590498095689,0.5,HN-DEV-01,geographic_distance,osm:way:1114927597
0.02743435847618068,0.5,0.4348391557977367,0.5,HN-DEV-01,geographic_distance,osm:way:1117240270
0.8380987700308816,0.8998743870956565,10.496888264148469,0.5,HN-DEV-01,geographic_distance,osm:way:1148571536
0.36249840206323575,0.8586631016042782,10.759019856341956,0.5,HN-DEV-01,geographic_distance,osm:way:1185629560
0.36150084192609117,0.5,1.1822325804099885,0.5,HN-DEV-01,geographic_distance,osm:way:1212230635
0.0,0.5,0.3376529390653119,0.5,HN-DEV-01,geographic_distance,osm:way:1220299340
0.026103940875692722,0.5,0.3438781924254898,0.25,HN-DEV-01,geographic_distance,osm:way:1233838148
0.41758407493995914,0.8836301859144609,0.4878832474183118,0.5,HN-DEV-01,geographic_distance,osm:way:1234036432
0.3710794559679994,0.5,3.463267642777901,0.5,HN-DEV-01,geographic_distance,osm:way:1253565814
0.0,0.8284707778255264,10.782744750232498,0.5,HN-DEV-01,geographic_distance,osm:way:1296795442
0.03648134887772447,0.8862745098039216,5.539370954116609,0.5,HN-DEV-01,geographic_distance,osm:way:1307631429
0.769080498291536,0.5,5.128340652864961,0.5,HN-DEV-01,geographic_distance,osm:way:1481550721
0.0,0.8994545454545454,0.77185203895426,0.5,HN-DEV-01,geographic_distance,osm:way:1510802054
0.7422055661457321,0.9403682432432431,0.31170116812713716,0.25,HN-DEV-01,geographic_distance,osm:way:178995262
0.7845028882852906,0.8600783892136443,7.340521170103436,0.5,HN-DEV-01,geographic_distance,osm:way:208255133
0.7334178451144026,0.8800364780868101,2.8093738661421916,0.25,HN-DEV-01,geographic_distance,osm:way:220302249
0.40500762900726783,0.5,1.233971873329127,0.25,HN-DEV-01,geographic_distance,osm:way:228075195
0.736784805821221,0.9000300431388661,0.5548291601175557,0.25,HN-DEV-01,geographic_distance,osm:way:28912942
0.7732300469399382,0.919832621082621,5.887996936279576,0.5,HN-DEV-01,geographic_distance,osm:way:339936730
0.8008390236539374,0.8999311108260525,0.868498692130486,0.5,HN-DEV-01,geographic_distance,osm:way:340128580
0.7241644589469578,0.8999736963193211,2.2246249308444783,0.5,HN-DEV-01,geographic_distance,osm:way:37625751
0.8566424923913128,0.5,2.3744956998578637,0.5,HN-DEV-01,geographic_distance,osm:way:37629143
0.476436890076397,0.5,0.6088327704555292,0.25,HN-DEV-01,geographic_distance,osm:way:37933050
0.8565814292912628,0.5,0.7536933376697145,0.5,HN-DEV-01,geographic_distance,osm:way:37933256
0.8551162828202321,0.5,7.160261173797921,0.25,HN-DEV-01,geographic_distance,osm:way:409390951
0.8472411480461068,0.5,5.609082754385882,0.25,HN-DEV-01,geographic_distance,osm:way:480826771
0.37179318010283924,0.5,8.420463398553846,0.5,HN-DEV-01,geographic_distance,osm:way:570587788
0.3717294760778504,0.5,10.795956262426733,0.5,HN-DEV-01,geographic_distance,osm:way:660703679
0.37122039535832707,0.5,9.534036547345432,0.5,HN-DEV-01,geographic_distance,osm:way:675940105
0.8004731553148406,0.8800227687920767,1.787400177261705,0.5,HN-DEV-01,geographic_distance,osm:way:696913691
0.7387695891659393,0.8602533862139344,2.287724844033938,0.5,HN-DEV-01,geographic_distance,osm:way:697326496
0.848836261459577,0.5,1.7972793895113548,0.5,HN-DEV-01,geographic_distance,osm:way:700145152
0.7639082311452288,0.5,0.8913709087105094,0.5,HN-DEV-01,geographic_distance,osm:way:700840711
0.7918212970374243,0.8997635239819299,0.6331724641296815,0.5,HN-DEV-01,geographic_distance,osm:way:704147278
0.0012724333650928697,0.8003679735990706,13.14367109751124,0.5,HN-DEV-01,geographic_distance,osm:way:843085954
0.0034991359956164903,0.5,0.2906710023392236,0.5,HN-DEV-01,geographic_distance,osm:way:879841441
0.0,0.5,14.0918720848458,0.5,HN-DEV-02,geographic_distance,osm:node:10011953034
0.0,0.5,5.989845774789048,0.5,HN-DEV-02,geographic_distance,osm:node:10082412846
0.3930702326125814,0.8668968485204885,1.9517040485883763,0.5,HN-DEV-02,geographic_distance,osm:node:10098130619
0.4170461345975536,0.5,3.1220329062936965,0.5,HN-DEV-02,geographic_distance,osm:node:10098130620
0.4170461345975536,0.5,4.367760609712858,0.5,HN-DEV-02,geographic_distance,osm:node:10098130621
0.4170461345975536,0.5,6.670418606309617,0.5,HN-DEV-02,geographic_distance,osm:node:10098130622
0.0,0.8430865250831634,2.514172312546696,0.5,HN-DEV-02,geographic_distance,osm:node:10114776452
0.39340174418562507,0.9186979459822741,1.2318100726522219,0.5,HN-DEV-02,geographic_distance,osm:node:10179892274
0.0,0.5,1.1244265079011713,0.5,HN-DEV-02,geographic_distance,osm:node:10241471509
0.3841202300443985,0.8807097127665309,1.429466006953903,0.5,HN-DEV-02,geographic_distance,osm:node:10245908053
0.4391715113378414,0.5,7.77976077775247,0.5,HN-DEV-02,geographic_distance,osm:node:10257020088
0.43905753946400145,0.5,2.2540410873982233,0.5,HN-DEV-02,geographic_distance,osm:node:10621408642
0.0,0.9345212876676279,2.0543948302478134,0.5,HN-DEV-02,geographic_distance,osm:node:10715935205
0.016454301649048222,0.9173391089108911,13.564928222921194,0.25,HN-DEV-02,geographic_distance,osm:node:10855443206
0.4281553405572772,0.5,1.0152185307587107,0.5,HN-DEV-02,geographic_distance,osm:node:10860106677
0.4409115035552536,0.5,8.903260723504477,0.5,HN-DEV-02,geographic_distance,osm:node:11164095932
0.46060387173303363,0.5,1.8323024027083308,0.5,HN-DEV-02,geographic_distance,osm:node:11168787972
0.42164099315886844,0.5,0.9526668197352349,0.5,HN-DEV-02,geographic_distance,osm:node:11218013237
0.46060387173303363,0.5,2.271776310203264,0.5,HN-DEV-02,geographic_distance,osm:node:11301609147
0.3750977133604367,0.5,0.8574966185489041,0.25,HN-DEV-02,geographic_distance,osm:node:11430174834
0.46060387173303363,0.5,2.7882078284873986,0.5,HN-DEV-02,geographic_distance,osm:node:11591740420
0.46060387173303363,0.5,2.799323422157798,0.25,HN-DEV-02,geographic_distance,osm:node:11649693308
0.43885618796330755,0.5,2.3908980340171184,0.25,HN-DEV-02,geographic_distance,osm:node:11652527569
0.4031199542260718,0.5,0.4461335620707575,0.5,HN-DEV-02,geographic_distance,osm:node:11676661169
0.46060387173303363,0.5,1.2870185460053076,0.5,HN-DEV-02,geographic_distance,osm:node:11802021269
0.46060387173303363,0.5,3.0434437230802596,0.5,HN-DEV-02,geographic_distance,osm:node:11985320507
0.43844339279030886,0.8863977005910453,0.8055716820156269,0.5,HN-DEV-02,geographic_distance,osm:node:12090398186
0.444262658858758,0.5,3.1615677993633415,0.5,HN-DEV-02,geographic_distance,osm:node:12096567273
0.4407956497370539,0.5,3.3278969165023407,0.5,HN-DEV-02,geographic_distance,osm:node:12098955278
0.46060387173303363,0.5,3.8677700067183336,0.5,HN-DEV-02,geographic_distance,osm:node:12230139974
0.44391615763992975,0.5,2.5439113940119773,0.5,HN-DEV-02,geographic_distance,osm:node:12375798343
0.0,0.5,1.0338609997014878,0.5,HN-DEV-02,geographic_distance,osm:node:12434838529
0.0,0.5,1.1328890645596061,0.5,HN-DEV-02,geographic_distance,osm:node:12659358187
0.42486598547574483,0.5,0.5966282415341877,0.5,HN-DEV-02,geographic_distance,osm:node:12661290607
0.0,0.5,0.702966457272305,0.5,HN-DEV-02,geographic_distance,osm:node:12692502183
0.0,0.5,0.7694675440091466,0.5,HN-DEV-02,geographic_distance,osm:node:12805994070
0.004425025800238366,0.8593597951344429,6.1227519703961395,0.5,HN-DEV-02,geographic_distance,osm:node:12814113704
0.014911187264464481,0.9288541666666668,9.057823517249748,0.5,HN-DEV-02,geographic_distance,osm:node:12876453886
0.0,0.5,0.7294341475609477,0.25,HN-DEV-02,geographic_distance,osm:node:13041298732
0.4434346391766398,0.5,5.449112119015522,0.5,HN-DEV-02,geographic_distance,osm:node:13264733257
0.016097991871464518,0.9179861111111111,14.702867869159737,0.25,HN-DEV-02,geographic_distance,osm:node:13352652760
0.004869282952757866,0.8423112480739601,11.121437047093012,0.5,HN-DEV-02,geographic_distance,osm:node:13449384383
0.4290632510065837,0.5,0.9423438922660224,0.5,HN-DEV-02,geographic_distance,osm:node:13608814803
0.46060387173303363,0.5,2.873691526688945,0.5,HN-DEV-02,geographic_distance,osm:node:2399239575
0.004739003575162306,0.8201708014859728,6.955495158964413,0.5,HN-DEV-02,geographic_distance,osm:node:2471647464
0.4220204291498658,0.5,1.0200012297372265,0.25,HN-DEV-02,geographic_distance,osm:node:3496893646
0.43919228565108376,0.5,5.9344774885457285,0.5,HN-DEV-02,geographic_distance,osm:node:3711330943
0.01709357927044696,0.90585,3.6438400122449557,0.25,HN-DEV-02,geographic_distance,osm:node:3794435557
0.42578310786334517,0.5,1.104125216627311,0.5,HN-DEV-02,geographic_distance,osm:node:4090272750
0.0,0.5,1.0216115343501193,0.5,HN-DEV-02,geographic_distance,osm:node:4227974092
0.44590113302062484,0.5,1.7686027073777992,0.5,HN-DEV-02,geographic_distance,osm:node:4366361510
0.01378722032886427,0.5,0.8820705207682382,0.5,HN-DEV-02,geographic_distance,osm:node:4437978297
0.9147295920065642,0.5,2.8911705973715325,0.25,HN-DEV-02,geographic_distance,osm:node:4499978190
0.4227899885496452,0.5,0.5933494045898533,0.5,HN-DEV-02,geographic_distance,osm:node:4576672189
0.4210378492640104,0.5,1.082475359592533,0.5,HN-DEV-02,geographic_distance,osm:node:4806921821
0.0,0.5,1.1576818755986442,0.5,HN-DEV-02,geographic_distance,osm:node:5374427522
0.0,0.8801371787883102,2.3049085250583214,0.5,HN-DEV-02,geographic_distance,osm:node:5406262022
0.0,0.5,1.1626151689228548,0.5,HN-DEV-02,geographic_distance,osm:node:5418568322
0.44440666944636337,0.5,7.600613412300915,0.5,HN-DEV-02,geographic_distance,osm:node:5485660041
0.43919228565108376,0.5,4.610475978253751,0.5,HN-DEV-02,geographic_distance,osm:node:5485795483
0.43919228565108376,0.5,1.2087660080968887,0.25,HN-DEV-02,geographic_distance,osm:node:6036440285
0.0021962943559269196,0.5,0.9802482327771447,0.5,HN-DEV-02,geographic_distance,osm:node:6224180286
0.42255057276386454,0.5,0.6419554323699809,0.5,HN-DEV-02,geographic_distance,osm:node:6640901648
0.43905753946400145,0.5,7.904348454498797,0.5,HN-DEV-02,geographic_distance,osm:node:6846162969
0.004588043824884893,0.8644939965694685,7.778330024709833,0.25,HN-DEV-02,geographic_distance,osm:node:6849181831
0.4267332999449313,0.5,0.8092381369762115,0.5,HN-DEV-02,geographic_distance,osm:node:7106536485
0.0,0.5,1.1549092064411894,0.5,HN-DEV-02,geographic_distance,osm:node:7114209485
0.46060387173303363,0.5,1.4267866993020726,0.5,HN-DEV-02,geographic_distance,osm:node:7168561626
0.0054923224988924,0.8043557678797246,5.574852515944079,0.5,HN-DEV-02,geographic_distance,osm:node:9237323772
0.0,0.5,1.1284915812918033,0.5,HN-DEV-02,geographic_distance,osm:node:9805222044
0.43243495488312433,0.5,1.0377279781225321,0.5,HN-DEV-02,geographic_distance,osm:node:9912980443
0.4409115035552536,0.5,3.899639982493117,0.5,HN-DEV-02,geographic_distance,osm:node:9959263717
0.45361791319795364,0.5,1.2877033331822303,0.5,HN-DEV-02,geographic_distance,osm:node:9998849017
0.9199830922282544,0.5,4.970110603291452,0.5,HN-DEV-02,geographic_distance,osm:way:1019050229
0.0,0.8867796610169492,4.108491540022671,0.5,HN-DEV-02,geographic_distance,osm:way:1103182086
0.005274079663540506,0.842773497688752,6.964818107932395,0.5,HN-DEV-02,geographic_distance,osm:way:1114927597
0.8954261066827001,0.8998743870956565,8.679100846769282,0.5,HN-DEV-02,geographic_distance,osm:way:1148571536
0.41743825910276444,0.5,0.9454939438740044,0.25,HN-DEV-02,geographic_distance,osm:way:1163872123
0.0,0.5,0.9356878288107883,0.25,HN-DEV-02,geographic_distance,osm:way:1163872125
0.005293539386196743,0.8586631016042782,11.081714011387472,0.5,HN-DEV-02,geographic_distance,osm:way:1185629560
0.40843512034242047,0.5,0.4285208365184336,0.25,HN-DEV-02,geographic_distance,osm:way:1218337313
0.4273775204265189,0.5,0.439322189799933,0.25,HN-DEV-02,geographic_distance,osm:way:1218337314
0.4383262050751581,0.8836301859144609,2.672322794618261,0.5,HN-DEV-02,geographic_distance,osm:way:1234036432
0.46060387173303363,0.5,3.024446017974536,0.25,HN-DEV-02,geographic_distance,osm:way:1234955616
0.46060387173303363,0.5,3.1025854160012614,0.5,HN-DEV-02,geographic_distance,osm:way:1235566715
0.0,0.8284707778255264,13.005047071800108,0.5,HN-DEV-02,geographic_distance,osm:way:1296795442
0.0,0.5,0.19961474060569864,0.25,HN-DEV-02,geographic_distance,osm:way:1301715443
0.0,0.5,0.6969080835945438,0.5,HN-DEV-02,geographic_distance,osm:way:1302250723
0.04177200671451036,0.8862745098039216,7.760781831506007,0.5,HN-DEV-02,geographic_distance,osm:way:1307631429
0.42303217591017683,0.5,1.041935464841136,0.25,HN-DEV-02,geographic_distance,osm:way:1498073029
0.0,0.8994545454545454,1.8650342196089185,0.5,HN-DEV-02,geographic_distance,osm:way:1510802054
0.017332987141461555,0.9403682432432431,1.968979904624233,0.25,HN-DEV-02,geographic_distance,osm:way:178995262
0.8660614768352295,0.8600783892136443,5.738501051164983,0.5,HN-DEV-02,geographic_distance,osm:way:208255133
0.013724044777962676,0.8800364780868101,1.3712422533070228,0.25,HN-DEV-02,geographic_distance,osm:way:220302249
0.009253690376484122,0.5,0.8303487171516449,0.5,HN-DEV-02,geographic_distance,osm:way:223798542
0.022196797505023874,0.9000300431388661,1.716493693342488,0.25,HN-DEV-02,geographic_distance,osm:way:28912942
0.8416738451120751,0.919832621082621,3.7004337846567537,0.5,HN-DEV-02,geographic_distance,osm:way:339936730
0.828835443346739,0.8999311108260525,1.72156557955434,0.5,HN-DEV-02,geographic_distance,osm:way:340128580
0.0064511495182093676,0.8999736963193211,0.12051243438557795,0.5,HN-DEV-02,geographic_distance,osm:way:37625751
0.9375657986260677,0.5,0.16427254980810163,0.5,HN-DEV-02,geographic_distance,osm:way:37629143
0.5093802718213024,0.5,2.7713189779582645,0.25,HN-DEV-02,geographic_distance,osm:way:37933050
0.9252748376302845,0.5,2.9527092970700877,0.5,HN-DEV-02,geographic_distance,osm:way:37933256
0.8961201812392219,0.5,5.191345997640958,0.25,HN-DEV-02,geographic_distance,osm:way:409390951
0.9201216834151391,0.5,4.0031207429212685,0.25,HN-DEV-02,geographic_distance,osm:way:480826771
0.02931061436076109,0.8800227687920767,0.7262350648747842,0.5,HN-DEV-02,geographic_distance,osm:way:696913691
0.012578758505104272,0.8602533862139344,0.06109456704908215,0.5,HN-DEV-02,geographic_distance,osm:way:697326496
0.9237551154411202,0.5,0.6446851302458709,0.5,HN-DEV-02,geographic_distance,osm:way:700145152
0.8598502665467409,0.8997635239819299,2.2751038923750913,0.5,HN-DEV-02,geographic_distance,osm:way:704147278
0.017905719708773447,0.8003679735990706,11.422875706587462,0.5,HN-DEV-02,geographic_distance,osm:way:843085954
0.3952370365356882,0.5,17.223771863023554,0.5,HN-HOLD-01,geographic_distance,osm:node:10011953034
0.3984750875038565,0.5,8.33746513243076,0.5,HN-HOLD-01,geographic_distance,osm:node:10082412846
0.0,0.8668968485204885,4.987259361741358,0.5,HN-HOLD-01,geographic_distance,osm:node:10098130619
0.0,0.5,4.248142505547533,0.5,HN-HOLD-01,geographic_distance,osm:node:10098130620
0.0,0.5,7.874762781740632,0.5,HN-HOLD-01,geographic_distance,osm:node:10098130621
0.0,0.5,8.339811482978806,0.5,HN-HOLD-01,geographic_distance,osm:node:10098130622
0.37509580264286996,0.8430865250831634,5.025218959914225,0.5,HN-HOLD-01,geographic_distance,osm:node:10114776452
0.0,0.9186979459822741,4.9107325678844695,0.5,HN-HOLD-01,geographic_distance,osm:node:10179892274
0.40664134830139886,0.5,4.183811139086803,0.5,HN-HOLD-01,geographic_distance,osm:node:10214404094
0.0,0.8807097127665309,4.019862270101846,0.5,HN-HOLD-01,geographic_distance,osm:node:10245908053
0.0,0.5,1.781271992330414,0.5,HN-HOLD-01,geographic_distance,osm:node:10675781601
0.3649592120803656,0.9345212876676279,5.76340225274007,0.5,HN-HOLD-01,geographic_distance,osm:node:10715935205
0.0,0.5,1.4684595157520015,0.5,HN-HOLD-01,geographic_distance,osm:node:10756018605
0.0,0.9173391089108911,17.151780230854044,0.25,HN-HOLD-01,geographic_distance,osm:node:10855443206
0.4124806706661517,0.5,8.719841501025428,0.25,HN-HOLD-01,geographic_distance,osm:node:10965931530
0.3872571424765995,0.5,1.6899034133683213,0.5,HN-HOLD-01,geographic_distance,osm:node:11079144812
0.0,0.5,1.6851758836409314,0.25,HN-HOLD-01,geographic_distance,osm:node:11883463169
0.40413838375102895,0.5,3.7235489485892193,0.5,HN-HOLD-01,geographic_distance,osm:node:11886893369
0.0,0.5,1.4592310468371277,0.5,HN-HOLD-01,geographic_distance,osm:node:11888380369
0.3926676959461859,0.5,1.652299727160484,0.25,HN-HOLD-01,geographic_distance,osm:node:11923916098
0.0,0.8863977005910453,4.513818482025677,0.5,HN-HOLD-01,geographic_distance,osm:node:12090398186
0.0,0.5,1.3270518295275455,0.5,HN-HOLD-01,geographic_distance,osm:node:12096567273
0.4010561085875733,0.5,5.888282239034857,0.5,HN-HOLD-01,geographic_distance,osm:node:12230141269
0.38660051325522343,0.5,1.3305298002351467,0.5,HN-HOLD-01,geographic_distance,osm:node:12235167371
0.0,0.5,0.7830355139479929,0.5,HN-HOLD-01,geographic_distance,osm:node:12415047802
0.38959363470512376,0.5,2.06658620064103,0.25,HN-HOLD-01,geographic_distance,osm:node:12644596990
0.40137024766495366,0.5,2.3245465662414913,0.5,HN-HOLD-01,geographic_distance,osm:node:12645515452
0.40485249789934347,0.5,4.443082380340601,0.5,HN-HOLD-01,geographic_distance,osm:node:12805994070
0.0,0.8593597951344429,6.111338395200777,0.5,HN-HOLD-01,geographic_distance,osm:node:12814113704
0.01250090734376331,0.9288541666666668,12.662658690674643,0.5,HN-HOLD-01,geographic_distance,osm:node:12876453886
0.0037011789013078607,0.9179861111111111,17.918578222807795,0.25,HN-HOLD-01,geographic_distance,osm:node:13352652760
0.0,0.5,1.1848657023562452,0.5,HN-HOLD-01,geographic_distance,osm:node:13439951302
0.0,0.8423112480739601,14.184107170399226,0.5,HN-HOLD-01,geographic_distance,osm:node:13449384383
0.0,0.5,1.96009176679154,0.5,HN-HOLD-01,geographic_distance,osm:node:13580421901
0.4124806706661517,0.5,5.152196803525917,0.5,HN-HOLD-01,geographic_distance,osm:node:13638561208
0.0,0.5,1.782815660902413,0.5,HN-HOLD-01,geographic_distance,osm:node:13702979501
0.4124806706661517,0.5,3.736169293047647,0.5,HN-HOLD-01,geographic_distance,osm:node:13947176204
0.0,0.5,2.046583628918972,0.5,HN-HOLD-01,geographic_distance,osm:node:14019117023
0.4124806706661517,0.5,2.588692215354686,0.5,HN-HOLD-01,geographic_distance,osm:node:14144432502
0.3995257750720024,0.5,1.4679834513151473,0.5,HN-HOLD-01,geographic_distance,osm:node:14152839302
0.38932486234109454,0.5,1.7300916701764653,0.5,HN-HOLD-01,geographic_distance,osm:node:14156598403
0.0,0.5,1.4542181661746545,0.5,HN-HOLD-01,geographic_distance,osm:node:14157700401
0.38019831272822585,0.5,1.5484576164904496,0.5,HN-HOLD-01,geographic_distance,osm:node:14162347202
0.38672342730472964,0.5,1.5945829473318247,0.5,HN-HOLD-01,geographic_distance,osm:node:14169542101
0.0,0.5,1.793933811099458,0.5,HN-HOLD-01,geographic_distance,osm:node:14169580001
0.3826652482930076,0.5,1.5894334460047719,0.5,HN-HOLD-01,geographic_distance,osm:node:14183056101
0.0,0.8201708014859728,8.507361552494757,0.5,HN-HOLD-01,geographic_distance,osm:node:2471647464
0.4020796916529572,0.5,6.652926986383042,0.5,HN-HOLD-01,geographic_distance,osm:node:3712052430
0.003930079940949556,0.90585,1.4650299727750977,0.25,HN-HOLD-01,geographic_distance,osm:node:3794435557
0.4124806706661517,0.5,8.240274998908655,0.25,HN-HOLD-01,geographic_distance,osm:node:3851718801
0.40664134830139886,0.5,5.622422126808291,0.5,HN-HOLD-01,geographic_distance,osm:node:3883603836
0.0,0.5,1.9467323718611331,0.5,HN-HOLD-01,geographic_distance,osm:node:4226277399
0.4020796916529572,0.5,5.1919259812436085,0.5,HN-HOLD-01,geographic_distance,osm:node:4381918992
0.0,0.5,1.5713605499106207,0.25,HN-HOLD-01,geographic_distance,osm:node:443000681
0.40664134830139886,0.5,6.8091776372004675,0.5,HN-HOLD-01,geographic_distance,osm:node:4762107023
0.0,0.5,1.8905637967026556,0.5,HN-HOLD-01,geographic_distance,osm:node:5218038121
0.39083379926114664,0.5,0.30838333248519073,0.5,HN-HOLD-01,geographic_distance,osm:node:5239158923
0.4070778488942631,0.8801371787883102,3.185622069314739,0.5,HN-HOLD-01,geographic_distance,osm:node:5406262022
0.40485249789934347,0.5,3.196929351489626,0.5,HN-HOLD-01,geographic_distance,osm:node:5485825576
0.4021680773845826,0.5,3.071895707347814,0.5,HN-HOLD-01,geographic_distance,osm:node:5485875291
0.0,0.5,1.367587307808753,0.5,HN-HOLD-01,geographic_distance,osm:node:5751409631
0.0,0.5,2.116673819050365,0.25,HN-HOLD-01,geographic_distance,osm:node:5892138785
0.383136435770131,0.5,1.750596965623771,0.5,HN-HOLD-01,geographic_distance,osm:node:6009497185
0.398960435206404,0.5,1.7496336331052056,0.5,HN-HOLD-01,geographic_distance,osm:node:6429760086
0.0,0.5,1.9762369869194765,0.25,HN-HOLD-01,geographic_distance,osm:node:6606142441
0.0,0.5,1.8662581280877337,0.5,HN-HOLD-01,geographic_distance,osm:node:6610502429
0.0,0.5,1.8635551535070445,0.5,HN-HOLD-01,geographic_distance,osm:node:6698890634
0.0,0.8644939965694685,10.841484054666447,0.25,HN-HOLD-01,geographic_distance,osm:node:6849181831
0.0,0.5,2.117316432720829,0.5,HN-HOLD-01,geographic_distance,osm:node:6917372887
0.0,0.5,1.074522116036183,0.25,HN-HOLD-01,geographic_distance,osm:node:7222198618
0.3874117367102098,0.5,1.96965619625793,0.5,HN-HOLD-01,geographic_distance,osm:node:733355066
0.4124806706661517,0.5,4.144124166631657,0.5,HN-HOLD-01,geographic_distance,osm:node:8345292959
0.4020796916529572,0.5,7.015892786889588,0.5,HN-HOLD-01,geographic_distance,osm:node:8942732117
0.003499255336040464,0.8043557678797246,8.779731364359217,0.5,HN-HOLD-01,geographic_distance,osm:node:9237323772
0.40664134830139886,0.5,16.99278886763211,0.5,HN-HOLD-01,geographic_distance,osm:node:9367555791
0.40337417794134334,0.5,6.988678703260776,0.5,HN-HOLD-01,geographic_distance,osm:node:9805222035
0.40664134830139886,0.5,3.1233414275783837,0.5,HN-HOLD-01,geographic_distance,osm:node:9805222040
0.40664134830139886,0.5,5.184730972122294,0.5,HN-HOLD-01,geographic_distance,osm:node:9805222047
0.38360369831062746,0.5,0.7045552959009165,0.5,HN-HOLD-01,geographic_distance,osm:node:9869536950
0.0,0.5,1.815463008188964,0.5,HN-HOLD-01,geographic_distance,osm:node:9959263717
0.38456560043060417,0.5,1.642343592788588,0.5,HN-HOLD-01,geographic_distance,osm:way:1015725828
0.9007689499617669,0.5,6.559873132299705,0.5,HN-HOLD-01,geographic_distance,osm:way:1087731715
0.8139978229857119,0.8867796610169492,7.808019323695723,0.5,HN-HOLD-01,geographic_distance,osm:way:1103182086
0.0,0.842773497688752,8.374768038588805,0.5,HN-HOLD-01,geographic_distance,osm:way:1114927597
0.0,0.8998743870956565,7.967191948151344,0.5,HN-HOLD-01,geographic_distance,osm:way:1148571536
0.0,0.8586631016042782,10.861673683104689,0.5,HN-HOLD-01,geographic_distance,osm:way:1185629560
0.9169339917007905,0.5,10.246161366751366,0.5,HN-HOLD-01,geographic_distance,osm:way:1223384698
0.0,0.8836301859144609,6.2659622624618025,0.5,HN-HOLD-01,geographic_distance,osm:way:1234036432
0.8872316089222193,0.5,9.802117468732241,0.5,HN-HOLD-01,geographic_distance,osm:way:1253839879
0.4396366652344585,0.8284707778255264,16.482359211695552,0.5,HN-HOLD-01,geographic_distance,osm:way:1296795442
0.4124806706661517,0.5,3.8602086669114164,0.25,HN-HOLD-01,geographic_distance,osm:way:1301715443
0.8487426992003938,0.8862745098039216,11.105903451000566,0.5,HN-HOLD-01,geographic_distance,osm:way:1307631429
0.8834629251293884,0.5,9.637572296125686,0.5,HN-HOLD-01,geographic_distance,osm:way:136176176
0.8559759762233489,0.5,11.40577476793546,0.5,HN-HOLD-01,geographic_distance,osm:way:1365437934
0.47103825001450067,0.5,9.653167900874491,0.25,HN-HOLD-01,geographic_distance,osm:way:1474970180
0.798117401754743,0.8994545454545454,5.5648630140480355,0.5,HN-HOLD-01,geographic_distance,osm:way:1510802054
0.0,0.9403682432432431,5.483441591014164,0.25,HN-HOLD-01,geographic_distance,osm:way:178995262
0.0,0.8600783892136443,6.180195943754597,0.5,HN-HOLD-01,geographic_distance,osm:way:208255133
0.0,0.8800364780868101,3.087469662868524,0.25,HN-HOLD-01,geographic_distance,osm:way:220302249
0.8860260521238523,0.5,3.224406589121815,0.5,HN-HOLD-01,geographic_distance,osm:way:223798542
0.0,0.9000300431388661,5.350369178990339,0.25,HN-HOLD-01,geographic_distance,osm:way:28912942
0.47945828706461296,0.5,3.387715128832592,0.5,HN-HOLD-01,geographic_distance,osm:way:28945667
0.0,0.919832621082621,2.6026113962514064,0.5,HN-HOLD-01,geographic_distance,osm:way:339936730
0.0,0.8999311108260525,5.425902072278995,0.5,HN-HOLD-01,geographic_distance,osm:way:340128580
0.006068898869375049,0.8999736963193211,3.665104106765928,0.5,HN-HOLD-01,geographic_distance,osm:way:37625751
0.8901282342936063,0.5,6.402043734759578,0.5,HN-HOLD-01,geographic_distance,osm:way:37933849
0.0,0.5,1.8184985070630495,0.25,HN-HOLD-01,geographic_distance,osm:way:480826771
0.017272155783885156,0.8800227687920767,3.9977168059674755,0.5,HN-HOLD-01,geographic_distance,osm:way:696913691
0.006865270915965459,0.8602533862139344,3.6670457153960268,0.5,HN-HOLD-01,geographic_distance,osm:way:697326496
0.0,0.8997635239819299,5.960703844972823,0.5,HN-HOLD-01,geographic_distance,osm:way:704147278
0.041514232585516606,0.8003679735990706,10.738279666797165,0.5,HN-HOLD-01,geographic_distance,osm:way:843085954
0.8924545779854676,0.5,6.069385012064455,0.5,HN-HOLD-01,geographic_distance,osm:way:879841441
0.8933151183109631,0.5,9.733818132745606,0.5,HN-HOLD-01,geographic_distance,osm:way:908417669
0.8993367666878386,0.5,11.638024972272492,0.5,HN-HOLD-01,geographic_distance,osm:way:959984228
0.0,0.5,11.89676007245417,0.5,HN-HOLD-02,geographic_distance,osm:node:10011953034
0.0,0.5,6.413748016544826,0.5,HN-HOLD-02,geographic_distance,osm:node:10082412846
0.0,0.8668968485204885,2.8834757325053513,0.5,HN-HOLD-02,geographic_distance,osm:node:10098130619
0.0,0.5,4.8797232417806535,0.5,HN-HOLD-02,geographic_distance,osm:node:10098130620
0.0,0.5,3.514413931678949,0.5,HN-HOLD-02,geographic_distance,osm:node:10098130621
0.0,0.5,7.52631277434172,0.5,HN-HOLD-02,geographic_distance,osm:node:10098130622
0.0,0.8430865250831634,3.6673180521051583,0.5,HN-HOLD-02,geographic_distance,osm:node:10114776452
0.0,0.9186979459822741,1.0542736019252035,0.5,HN-HOLD-02,geographic_distance,osm:node:10179892274
0.0,0.8807097127665309,3.1202333783021294,0.5,HN-HOLD-02,geographic_distance,osm:node:10245908053
0.0,0.9345212876676279,1.1501468727019248,0.5,HN-HOLD-02,geographic_distance,osm:node:10715935205
0.7823959208762558,0.9173391089108911,12.059933715987116,0.25,HN-HOLD-02,geographic_distance,osm:node:10855443206
0.0,0.5,0.5093989790044611,0.5,HN-HOLD-02,geographic_distance,osm:node:11371361970
0.0,0.5,0.45584435644101756,0.25,HN-HOLD-02,geographic_distance,osm:node:11451595757
0.0,0.5,0.31510538514751346,0.25,HN-HOLD-02,geographic_distance,osm:node:11652527569
0.0,0.5,0.5029909802360302,0.5,HN-HOLD-02,geographic_distance,osm:node:11663157215
0.0,0.5,0.5187036822625649,0.5,HN-HOLD-02,geographic_distance,osm:node:12054550970
0.011446881885107228,0.8863977005910453,1.6140707758703785,0.5,HN-HOLD-02,geographic_distance,osm:node:12090398186
0.0,0.5,0.5111417415291079,0.5,HN-HOLD-02,geographic_distance,osm:node:12614290467
0.0,0.5,0.44718067131405986,0.25,HN-HOLD-02,geographic_distance,osm:node:12744754301
0.009891006084627847,0.8593597951344429,7.857947015449325,0.5,HN-HOLD-02,geographic_distance,osm:node:12814113704
0.7746686813101494,0.9288541666666668,6.881203423404294,0.5,HN-HOLD-02,geographic_distance,osm:node:12876453886
0.0,0.5,0.3155942503200611,0.5,HN-HOLD-02,geographic_distance,osm:node:13275273171
0.01770196580122658,0.5,4.262694991096289,0.5,HN-HOLD-02,geographic_distance,osm:node:13323664905
0.7806116778942438,0.9179861111111111,12.489645920652316,0.25,HN-HOLD-02,geographic_distance,osm:node:13352652760
0.010884028588241978,0.8423112480739601,10.43962910136271,0.5,HN-HOLD-02,geographic_distance,osm:node:13449384383
0.0,0.5,0.42858696407867564,0.5,HN-HOLD-02,geographic_distance,osm:node:13516584409
0.0,0.5,0.4696838076840146,0.5,HN-HOLD-02,geographic_distance,osm:node:13611295802
0.00489315702638124,0.5,0.510119845965813,0.5,HN-HOLD-02,geographic_distance,osm:node:13647798301
0.014510887163559392,0.5,6.2887410572733025,0.5,HN-HOLD-02,geographic_distance,osm:node:13852091302
0.0,0.5,0.493734194797755,0.5,HN-HOLD-02,geographic_distance,osm:node:13949063201
0.01059282257619346,0.8201708014859728,7.858363239501825,0.5,HN-HOLD-02,geographic_distance,osm:node:2471647464
0.7855971426256929,0.90585,5.353843232429843,0.25,HN-HOLD-02,geographic_distance,osm:node:3794435557
0.0,0.5,0.390293239025436,0.5,HN-HOLD-02,geographic_distance,osm:node:4217845890
0.0,0.5,0.47118555316603405,0.5,HN-HOLD-02,geographic_distance,osm:node:4217848289
0.0,0.5,0.4254555776552532,0.5,HN-HOLD-02,geographic_distance,osm:node:4255651589
0.0,0.5,0.529617727618848,0.5,HN-HOLD-02,geographic_distance,osm:node:4327534896
0.0,0.5,0.49968788936354774,0.5,HN-HOLD-02,geographic_distance,osm:node:4383436892
0.0,0.5,0.4732589710675836,0.5,HN-HOLD-02,geographic_distance,osm:node:4437567193
0.0,0.5,0.4322188876250178,0.5,HN-HOLD-02,geographic_distance,osm:node:4486828192
0.027232021648720656,0.5,0.6506571417035604,0.5,HN-HOLD-02,geographic_distance,osm:node:4489385889
0.4055864466403168,0.5,0.72654987761443,0.25,HN-HOLD-02,geographic_distance,osm:node:4499978190
0.016187572511755646,0.5,5.283326034710331,0.5,HN-HOLD-02,geographic_distance,osm:node:4594455097
0.0,0.5,0.5420873584502388,0.5,HN-HOLD-02,geographic_distance,osm:node:4759037451
0.0,0.5,0.42888110812208474,0.5,HN-HOLD-02,geographic_distance,osm:node:4789270528
0.0,0.5,0.4605121491916201,0.25,HN-HOLD-02,geographic_distance,osm:node:4790082725
0.0,0.5,0.41557472537344553,0.5,HN-HOLD-02,geographic_distance,osm:node:4846983321
0.0,0.5,0.5151937377373046,0.5,HN-HOLD-02,geographic_distance,osm:node:4878114221
0.0,0.5,0.36563002723482707,0.5,HN-HOLD-02,geographic_distance,osm:node:5340817221
0.013389560299260077,0.8801371787883102,4.365191541773744,0.5,HN-HOLD-02,geographic_distance,osm:node:5406262022
0.823885678841235,0.5,4.103731011450205,0.5,HN-HOLD-02,geographic_distance,osm:node:5441412622
0.0,0.5,0.49625787498218066,0.5,HN-HOLD-02,geographic_distance,osm:node:6324812247
0.0,0.5,0.4493685100432679,0.5,HN-HOLD-02,geographic_distance,osm:node:6533893985
0.0,0.5,0.36266655132040726,0.5,HN-HOLD-02,geographic_distance,osm:node:6602496036
0.015531309418505473,0.8644939965694685,7.268817836217056,0.25,HN-HOLD-02,geographic_distance,osm:node:6849181831
0.0,0.5,0.49700673029712955,0.5,HN-HOLD-02,geographic_distance,osm:node:6924855571
0.0,0.5,0.5080293084270632,0.25,HN-HOLD-02,geographic_distance,osm:node:6987030985
0.0,0.5,0.4914229506958254,0.25,HN-HOLD-02,geographic_distance,osm:node:7040037486
0.0,0.5,0.3128515470727402,0.5,HN-HOLD-02,geographic_distance,osm:node:7162750926
0.012276673110551542,0.8043557678797246,3.4223934045644806,0.5,HN-HOLD-02,geographic_distance,osm:node:9237323772
0.8342215723766959,0.5,10.119841553788183,0.5,HN-HOLD-02,geographic_distance,osm:node:9757095553
0.0,0.5,0.5149203043638374,0.5,HN-HOLD-02,geographic_distance,osm:node:995391083
0.4093144841062247,0.5,7.1307712472596005,0.5,HN-HOLD-02,geographic_distance,osm:way:1019050229
0.0,0.8867796610169492,2.5660992279956463,0.5,HN-HOLD-02,geographic_distance,osm:way:1103182086
0.011788847432275103,0.842773497688752,5.939590498095689,0.5,HN-HOLD-02,geographic_distance,osm:way:1114927597
0.0,0.5,0.4348391557977367,0.5,HN-HOLD-02,geographic_distance,osm:way:1117240270
0.41739245812971715,0.8998743870956565,10.496888264148469,0.5,HN-HOLD-02,geographic_distance,osm:way:1148571536
0.011832344632943997,0.8586631016042782,10.759019856341956,0.5,HN-HOLD-02,geographic_distance,osm:way:1185629560
0.0,0.5,0.3376529390653119,0.5,HN-HOLD-02,geographic_distance,osm:way:1220299340
0.0,0.5,0.3438781924254898,0.25,HN-HOLD-02,geographic_distance,osm:way:1233838148
0.011431714738174089,0.8836301859144609,0.4878832474183118,0.5,HN-HOLD-02,geographic_distance,osm:way:1234036432
0.019956102102204557,0.5,3.463267642777901,0.5,HN-HOLD-02,geographic_distance,osm:way:1253565814
0.0,0.8284707778255264,10.782744750232498,0.5,HN-HOLD-02,geographic_distance,osm:way:1296795442
0.005120525681834183,0.8862745098039216,5.539370954116609,0.5,HN-HOLD-02,geographic_distance,osm:way:1307631429
0.8379295392564112,0.5,5.128340652864961,0.5,HN-HOLD-02,geographic_distance,osm:way:1481550721
0.0,0.8994545454545454,0.77185203895426,0.5,HN-HOLD-02,geographic_distance,osm:way:1510802054
0.7842697206376417,0.9403682432432431,0.31170116812713716,0.25,HN-HOLD-02,geographic_distance,osm:way:178995262
0.3831759142256808,0.8600783892136443,7.340521170103436,0.5,HN-HOLD-02,geographic_distance,osm:way:208255133
0.7667237222308283,0.8800364780868101,2.8093738661421916,0.25,HN-HOLD-02,geographic_distance,osm:way:220302249
0.0645627535067569,0.5,1.233971873329127,0.25,HN-HOLD-02,geographic_distance,osm:way:228075195
0.7668019257741533,0.9000300431388661,0.5548291601175557,0.25,HN-HOLD-02,geographic_distance,osm:way:28912942
0.37955341740109566,0.919832621082621,5.887996936279576,0.5,HN-HOLD-02,geographic_distance,osm:way:339936730
0.3915892264977256,0.8999311108260525,0.868498692130486,0.5,HN-HOLD-02,geographic_distance,osm:way:340128580
0.7265033285271011,0.8999736963193211,2.2246249308444783,0.5,HN-HOLD-02,geographic_distance,osm:way:37625751
0.4114979913364175,0.5,2.3744956998578637,0.5,HN-HOLD-02,geographic_distance,osm:way:37629143
0.024953880715428887,0.5,0.6088327704555292,0.25,HN-HOLD-02,geographic_distance,osm:way:37933050
0.4229401588353071,0.5,0.7536933376697145,0.5,HN-HOLD-02,geographic_distance,osm:way:37933256
0.40910608012264105,0.5,7.160261173797921,0.25,HN-HOLD-02,geographic_distance,osm:way:409390951
0.4094220444839003,0.5,5.609082754385882,0.25,HN-HOLD-02,geographic_distance,osm:way:480826771
0.02063179087374083,0.5,8.420463398553846,0.5,HN-HOLD-02,geographic_distance,osm:way:570587788
0.02057148172587056,0.5,10.795956262426733,0.5,HN-HOLD-02,geographic_distance,osm:way:660703679
0.020089530634130173,0.5,9.534036547345432,0.5,HN-HOLD-02,geographic_distance,osm:way:675940105
0.7981932795689018,0.8800227687920767,1.787400177261705,0.5,HN-HOLD-02,geographic_distance,osm:way:696913691
0.7671213414288649,0.8602533862139344,2.287724844033938,0.5,HN-HOLD-02,geographic_distance,osm:way:697326496
0.4052865972414371,0.5,1.7972793895113548,0.5,HN-HOLD-02,geographic_distance,osm:way:700145152
0.8276023348782598,0.5,0.8913709087105094,0.5,HN-HOLD-02,geographic_distance,osm:way:700840711
0.3860491284548745,0.8997635239819299,0.6331724641296815,0.5,HN-HOLD-02,geographic_distance,osm:way:704147278
0.0,0.8003679735990706,13.14367109751124,0.5,HN-HOLD-02,geographic_distance,osm:way:843085954
0.003312662115380439,0.5,0.2906710023392236,0.5,HN-HOLD-02,geographic_distance,osm:way:879841441
0.0,0.5,6.691422211113886,0.5,HN-HOLD-03,geographic_distance,osm:node:10011953034
0.0,0.5,10.243525040829176,0.5,HN-HOLD-03,geographic_distance,osm:node:10082412846
0.0,0.8668968485204885,9.676449906167784,0.5,HN-HOLD-03,geographic_distance,osm:node:10098130619
0.0,0.5,11.782202206877802,0.5,HN-HOLD-03,geographic_distance,osm:node:10098130620
0.0,0.5,7.120732581330475,0.5,HN-HOLD-03,geographic_distance,osm:node:10098130621
0.0,0.8430865250831634,10.222817416813704,0.5,HN-HOLD-03,geographic_distance,osm:node:10114776452
0.0,0.9186979459822741,8.944661710972102,0.5,HN-HOLD-03,geographic_distance,osm:node:10179892274
0.0,0.8807097127665309,10.473090974444943,0.5,HN-HOLD-03,geographic_distance,osm:node:10245908053
0.5401020445235052,0.8858695652173912,12.871538862157703,0.25,HN-HOLD-03,geographic_distance,osm:node:10709724414
0.0,0.9345212876676279,8.190303964854651,0.5,HN-HOLD-03,geographic_distance,osm:node:10715935205
0.0,0.5,6.457623386403982,0.5,HN-HOLD-03,geographic_distance,osm:node:10733187892
0.25550453287083275,0.9173391089108911,6.437711689265988,0.25,HN-HOLD-03,geographic_distance,osm:node:10855443206
0.0,0.5,4.828080173060841,0.25,HN-HOLD-03,geographic_distance,osm:node:11173421913
0.0,0.5,3.857286895566178,0.25,HN-HOLD-03,geographic_distance,osm:node:11372720513
0.0,0.5,3.911860671394389,0.25,HN-HOLD-03,geographic_distance,osm:node:11372720517
0.0,0.5,4.480468447647609,0.5,HN-HOLD-03,geographic_distance,osm:node:11645156888
0.0,0.5,4.471306316963996,0.5,HN-HOLD-03,geographic_distance,osm:node:11652768539
0.0,0.5,7.122881770068419,0.25,HN-HOLD-03,geographic_distance,osm:node:11697674110
0.0,0.5,4.1433042493986765,0.25,HN-HOLD-03,geographic_distance,osm:node:11768045210
0.0,0.5,4.276843089704522,0.25,HN-HOLD-03,geographic_distance,osm:node:12067246576
0.4014212733560718,0.8863977005910453,9.399037602440238,0.5,HN-HOLD-03,geographic_distance,osm:node:12090398186
0.0033263763371057103,0.5,6.931902501269947,0.5,HN-HOLD-03,geographic_distance,osm:node:12393379604
0.24192227973508862,0.8593597951344429,14.11828030458573,0.5,HN-HOLD-03,geographic_distance,osm:node:12814113704
0.0,0.5,5.7133329494312095,0.5,HN-HOLD-03,geographic_distance,osm:node:12836900460
0.25342527738740295,0.9288541666666668,1.5239001680940722,0.5,HN-HOLD-03,geographic_distance,osm:node:12876453886
0.0,0.5,4.697872752606456,0.25,HN-HOLD-03,geographic_distance,osm:node:13033222658
0.2487049986797672,0.5,6.95861454642073,0.5,HN-HOLD-03,geographic_distance,osm:node:13323664905
0.2550244264923024,0.9179861111111111,6.69779734883862,0.25,HN-HOLD-03,geographic_distance,osm:node:13352652760
0.24278457998910769,0.8423112480739601,8.973760487926056,0.5,HN-HOLD-03,geographic_distance,osm:node:13449384383
0.0,0.5,1.8005472499447364,0.5,HN-HOLD-03,geographic_distance,osm:node:14021381656
0.24253170856147396,0.8201708014859728,12.19217886939394,0.5,HN-HOLD-03,geographic_distance,osm:node:2471647464
0.2678480962109648,0.90585,13.372676800143877,0.25,HN-HOLD-03,geographic_distance,osm:node:3794435557
0.0,0.5,6.6798234023432785,0.5,HN-HOLD-03,geographic_distance,osm:node:4005477934
0.0,0.5,4.854338778845257,0.5,HN-HOLD-03,geographic_distance,osm:node:4090279692
0.0,0.5,6.876466231593693,0.5,HN-HOLD-03,geographic_distance,osm:node:4091988292
0.0,0.5,7.105695130561458,0.5,HN-HOLD-03,geographic_distance,osm:node:4186819465
0.0,0.5,4.186978851906954,0.5,HN-HOLD-03,geographic_distance,osm:node:4258046056
0.0,0.5,6.637919044519337,0.5,HN-HOLD-03,geographic_distance,osm:node:4281628989
0.5070371757969385,0.5,8.693840378797834,0.5,HN-HOLD-03,geographic_distance,osm:node:4489385889
0.43260600179105596,0.5,7.3441635551507245,0.25,HN-HOLD-03,geographic_distance,osm:node:4499978190
0.014787385882942353,0.5,6.8154505197211686,0.5,HN-HOLD-03,geographic_distance,osm:node:4594455097
0.0,0.5,6.431942987922035,0.5,HN-HOLD-03,geographic_distance,osm:node:4714424789
0.0,0.5,6.076233170192741,0.5,HN-HOLD-03,geographic_distance,osm:node:4745160523
0.2565872298064428,0.8801371787883102,11.828254466214709,0.5,HN-HOLD-03,geographic_distance,osm:node:5406262022
0.26433819745529985,0.5,12.056966378760842,0.5,HN-HOLD-03,geographic_distance,osm:node:5441412622
0.24223869666448453,0.8644939965694685,8.104991943880673,0.25,HN-HOLD-03,geographic_distance,osm:node:6849181831
0.0,0.5,4.696164076720288,0.5,HN-HOLD-03,geographic_distance,osm:node:8938779418
0.0,0.5,5.078175212078691,0.5,HN-HOLD-03,geographic_distance,osm:node:9109491917
0.24399389571052907,0.8043557678797246,5.922677202377517,0.5,HN-HOLD-03,geographic_distance,osm:node:9237323772
0.2669249611364899,0.5,13.33209929589043,0.5,HN-HOLD-03,geographic_distance,osm:node:9757095553
0.0,0.5,6.134034841974008,0.5,HN-HOLD-03,geographic_distance,osm:node:9805222029
0.43649175398192724,0.5,14.555766202489758,0.5,HN-HOLD-03,geographic_distance,osm:way:1019050229
0.0,0.8867796610169492,6.340943789303544,0.5,HN-HOLD-03,geographic_distance,osm:way:1103182086
0.24357028778144002,0.842773497688752,10.302775480288526,0.5,HN-HOLD-03,geographic_distance,osm:way:1114927597
0.4266045071928862,0.8998743870956565,16.624992795093856,0.5,HN-HOLD-03,geographic_distance,osm:way:1148571536
0.2436080589770065,0.8586631016042782,15.421365023590134,0.5,HN-HOLD-03,geographic_distance,osm:way:1185629560
0.24408328018708392,0.8584326018808778,13.38964067449701,0.5,HN-HOLD-03,geographic_distance,osm:way:1192808464
0.40135314004113865,0.8836301859144609,7.580522160152378,0.5,HN-HOLD-03,geographic_distance,osm:way:1234036432
0.25066239873651575,0.5,4.82269822813543,0.5,HN-HOLD-03,geographic_distance,osm:way:1253565814
0.0,0.5,4.193966897727478,0.5,HN-HOLD-03,geographic_distance,osm:way:1253839879
0.0,0.5,7.128936828041551,0.5,HN-HOLD-03,geographic_distance,osm:way:1255503501
0.0,0.8284707778255264,3.853157689054351,0.5,HN-HOLD-03,geographic_distance,osm:way:1296795442
0.04235335788615269,0.8862745098039216,4.0320432964115405,0.5,HN-HOLD-03,geographic_distance,osm:way:1307631429
0.0,0.5,5.782251618378879,0.5,HN-HOLD-03,geographic_distance,osm:way:136176176
0.2678529538661552,0.5,12.396864048895743,0.5,HN-HOLD-03,geographic_distance,osm:way:1481550721
0.0,0.8994545454545454,8.307475793371548,0.5,HN-HOLD-03,geographic_distance,osm:way:1510802054
0.2544235131055614,0.9403682432432431,8.373554160256047,0.25,HN-HOLD-03,geographic_distance,osm:way:178995262
0.39930211941194327,0.8600783892136443,13.396044274161088,0.5,HN-HOLD-03,geographic_distance,osm:way:208255133
0.25003227675301526,0.8800364780868101,10.85949270060608,0.25,HN-HOLD-03,geographic_distance,osm:way:220302249
0.5568306167169066,0.5,8.439350412200284,0.25,HN-HOLD-03,geographic_distance,osm:way:228075195
0.25005184875082265,0.9000300431388661,8.490674517136817,0.25,HN-HOLD-03,geographic_distance,osm:way:28912942
0.393071065642838,0.919832621082621,13.478578734052173,0.5,HN-HOLD-03,geographic_distance,osm:way:339936730
0.4086131765030245,0.8999311108260525,8.453610506389566,0.5,HN-HOLD-03,geographic_distance,osm:way:340128580
0.7362709264531985,0.8999736963193211,10.199591024365022,0.5,HN-HOLD-03,geographic_distance,osm:way:37625751
0.4413910402540079,0.5,10.286634305435474,0.5,HN-HOLD-03,geographic_distance,osm:way:37629143
0.43890959159799525,0.5,7.464779610283615,0.25,HN-HOLD-03,geographic_distance,osm:way:37933050
0.4379025057944576,0.5,7.313483803886466,0.5,HN-HOLD-03,geographic_distance,osm:way:37933256
0.4572008654280233,0.5,14.067260444060114,0.25,HN-HOLD-03,geographic_distance,osm:way:409390951
0.43660151697051536,0.5,13.58139345798012,0.25,HN-HOLD-03,geographic_distance,osm:way:480826771
0.25124913931612297,0.5,15.840118022101842,0.5,HN-HOLD-03,geographic_distance,osm:way:570587788
0.2511967693110738,0.5,13.148394083045714,0.5,HN-HOLD-03,geographic_distance,osm:way:660703679
0.25077826263341046,0.5,5.437655558645266,0.5,HN-HOLD-03,geographic_distance,osm:way:675940105
0.789826621733843,0.8800227687920767,9.847776955118487,0.5,HN-HOLD-03,geographic_distance,osm:way:696913691
0.509828379097287,0.8602533862139344,10.222360585582758,0.5,HN-HOLD-03,geographic_distance,osm:way:697326496
0.4387493216683602,0.5,9.587717246898015,0.5,HN-HOLD-03,geographic_distance,osm:way:700145152
0.2652683648200339,0.5,8.881805523948719,0.5,HN-HOLD-03,geographic_distance,osm:way:700840711
0.4035719505328034,0.8997635239819299,7.896081613116478,0.5,HN-HOLD-03,geographic_distance,osm:way:704147278
0.0,0.8003679735990706,18.719682946566024,0.5,HN-HOLD-03,geographic_distance,osm:way:843085954
0.02006734267232798,0.5,17.87668575979509,0.5,HN-HOLD-04,geographic_distance,osm:node:10011953034
0.021503755915654236,0.5,6.26364573281632,0.5,HN-HOLD-04,geographic_distance,osm:node:10082412846
0.0,0.8668968485204885,3.940626445333723,0.5,HN-HOLD-04,geographic_distance,osm:node:10098130619
0.0,0.5,2.2166938566451058,0.5,HN-HOLD-04,geographic_distance,osm:node:10098130620
0.0,0.5,1.5720222852861205,0.5,HN-HOLD-04,geographic_distance,osm:node:10103088449
0.01113260526856756,0.8430865250831634,3.5757543909234237,0.5,HN-HOLD-04,geographic_distance,osm:node:10114776452
0.0,0.5,1.5530717391678088,0.5,HN-HOLD-04,geographic_distance,osm:node:10129864868
0.0,0.9186979459822741,4.934915389659267,0.5,HN-HOLD-04,geographic_distance,osm:node:10179892274
0.025126344093962433,0.5,4.67551351869426,0.5,HN-HOLD-04,geographic_distance,osm:node:10214404094
0.0,0.8807097127665309,3.105478265755018,0.5,HN-HOLD-04,geographic_distance,osm:node:10245908053
0.018364771781051826,0.5,1.6118001317106054,0.5,HN-HOLD-04,geographic_distance,osm:node:10248628290
0.01944988830830458,0.8858695652173912,23.32685858380753,0.25,HN-HOLD-04,geographic_distance,osm:node:10709724414
0.00663597038873001,0.9345212876676279,5.456563166723272,0.5,HN-HOLD-04,geographic_distance,osm:node:10715935205
0.0,0.9173391089108911,15.933293839933798,0.25,HN-HOLD-04,geographic_distance,osm:node:10855443206
0.027716692442162464,0.5,6.198775344708651,0.25,HN-HOLD-04,geographic_distance,osm:node:10965931530
0.018185003799214346,0.5,1.608855284366669,0.5,HN-HOLD-04,geographic_distance,osm:node:11242922596
0.019110782076524318,0.5,1.5284345293225001,0.5,HN-HOLD-04,geographic_distance,osm:node:11563157244
0.01818151356675935,0.5,1.470431247234654,0.5,HN-HOLD-04,geographic_distance,osm:node:11563281096
0.019502388591469744,0.5,1.2665370379247123,0.25,HN-HOLD-04,geographic_distance,osm:node:11568902933
0.0,0.5,1.3245250631904641,0.25,HN-HOLD-04,geographic_distance,osm:node:11569613664
0.0,0.5,0.5386275841329065,0.5,HN-HOLD-04,geographic_distance,osm:node:11644509069
0.015033876902346907,0.5,1.1453678748992389,0.5,HN-HOLD-04,geographic_distance,osm:node:11644514823
0.0,0.5,1.1671286546347348,0.5,HN-HOLD-04,geographic_distance,osm:node:11655061818
0.024016018326063454,0.5,4.560163205055227,0.5,HN-HOLD-04,geographic_distance,osm:node:11886893369
0.0,0.8863977005910453,4.3872802872013414,0.5,HN-HOLD-04,geographic_distance,osm:node:12090398186
0.034356350012259236,0.5,3.1254594188107094,0.5,HN-HOLD-04,geographic_distance,osm:node:12096628672
0.01623614404750436,0.5,1.2820030056732492,0.5,HN-HOLD-04,geographic_distance,osm:node:12235167371
0.0,0.5,1.2617600170741037,0.25,HN-HOLD-04,geographic_distance,osm:node:12589868470
0.02278806133203963,0.5,0.5878119169211201,0.5,HN-HOLD-04,geographic_distance,osm:node:12645515452
0.02433280241314838,0.5,4.521052752550859,0.5,HN-HOLD-04,geographic_distance,osm:node:12805994070
0.0,0.8593597951344429,3.5087611117430018,0.5,HN-HOLD-04,geographic_distance,osm:node:12814113704
0.00739394120668985,0.9288541666666668,12.613190641741104,0.5,HN-HOLD-04,geographic_distance,osm:node:12876453886
0.009851152638463418,0.9179861111111111,18.472310576494912,0.25,HN-HOLD-04,geographic_distance,osm:node:13352652760
0.0,0.8423112480739601,12.354987071572573,0.5,HN-HOLD-04,geographic_distance,osm:node:13449384383
0.027716692442162464,0.5,2.943622187743088,0.5,HN-HOLD-04,geographic_distance,osm:node:13638561208
0.032892870680357046,0.5,3.3057584482147115,0.5,HN-HOLD-04,geographic_distance,osm:node:13649628501
0.015125084806736425,0.5,1.0348340611360969,0.5,HN-HOLD-04,geographic_distance,osm:node:13654187301
0.0,0.5,1.5144625893318453,0.5,HN-HOLD-04,geographic_distance,osm:node:13668872401
0.02120308750423947,0.5,1.039437490931869,0.5,HN-HOLD-04,geographic_distance,osm:node:13852091302
0.027716692442162464,0.5,4.662174943898264,0.5,HN-HOLD-04,geographic_distance,osm:node:13947176204
0.027716692442162464,0.5,4.239404947766437,0.5,HN-HOLD-04,geographic_distance,osm:node:14144432502
0.0,0.5,1.5923589771954412,0.5,HN-HOLD-04,geographic_distance,osm:node:2399239575
0.0,0.8201708014859728,6.087263007315467,0.5,HN-HOLD-04,geographic_distance,osm:node:2471647464
0.023102773716058383,0.5,4.40382790639567,0.5,HN-HOLD-04,geographic_distance,osm:node:3712052430
0.0,0.5,0.573552703478844,0.25,HN-HOLD-04,geographic_distance,osm:node:3769973034
0.010460401513143994,0.90585,3.9171894613970664,0.25,HN-HOLD-04,geographic_distance,osm:node:3794435557
0.027716692442162464,0.5,5.863648352474012,0.25,HN-HOLD-04,geographic_distance,osm:node:3851718801
0.025126344093962433,0.5,3.7771345936769127,0.5,HN-HOLD-04,geographic_distance,osm:node:3883603836
0.016672169990543804,0.5,0.42788355019991153,0.5,HN-HOLD-04,geographic_distance,osm:node:423736651
0.023102773716058383,0.5,5.366075951640638,0.5,HN-HOLD-04,geographic_distance,osm:node:4381918992
0.025126344093962433,0.5,4.542017462848152,0.5,HN-HOLD-04,geographic_distance,osm:node:4762107023
0.3903566285542439,0.8801371787883102,1.7501025378031378,0.5,HN-HOLD-04,geographic_distance,osm:node:5406262022
0.0156300692193982,0.5,1.478934102471815,0.5,HN-HOLD-04,geographic_distance,osm:node:5485657726
0.0,0.5,1.5345990554769842,0.5,HN-HOLD-04,geographic_distance,osm:node:5485766230
0.0,0.5,0.792287558434973,0.5,HN-HOLD-04,geographic_distance,osm:node:5485802345
0.02433280241314838,0.5,0.7786207691102418,0.5,HN-HOLD-04,geographic_distance,osm:node:5485825576
0.0,0.5,0.6883176524350224,0.5,HN-HOLD-04,geographic_distance,osm:node:5485842830
0.023141982004215633,0.5,0.5616359041456271,0.5,HN-HOLD-04,geographic_distance,osm:node:5485875291
0.0,0.5,1.0551240746226844,0.5,HN-HOLD-04,geographic_distance,osm:node:5942412285
0.02026738239091577,0.5,0.8786421434362669,0.5,HN-HOLD-04,geographic_distance,osm:node:6743235675
0.0,0.8644939965694685,9.11276706700343,0.25,HN-HOLD-04,geographic_distance,osm:node:6849181831
0.0,0.5,1.2386313334053909,0.25,HN-HOLD-04,geographic_distance,osm:node:6946996147
0.020198124548731062,0.5,1.5739799359644813,0.5,HN-HOLD-04,geographic_distance,osm:node:7113800486
0.015238731855129636,0.5,1.6492260500955225,0.5,HN-HOLD-04,geographic_distance,osm:node:7117106185
0.016596006237906632,0.5,0.6731600657219109,0.5,HN-HOLD-04,geographic_distance,osm:node:733355066
0.027716692442162464,0.5,4.581337337499554,0.5,HN-HOLD-04,geographic_distance,osm:node:8345292959
0.0,0.5,1.172562226276154,0.25,HN-HOLD-04,geographic_distance,osm:node:8906129445
0.009313707701108741,0.8043557678797246,9.366946105258963,0.5,HN-HOLD-04,geographic_distance,osm:node:9237323772
0.025126344093962433,0.5,18.518047965144664,0.5,HN-HOLD-04,geographic_distance,osm:node:9367555791
0.02367701336398893,0.5,5.443030524815859,0.5,HN-HOLD-04,geographic_distance,osm:node:9805222035
0.025126344093962433,0.5,0.5241113019576532,0.5,HN-HOLD-04,geographic_distance,osm:node:9805222040
0.025126344093962433,0.5,3.3991066279887883,0.5,HN-HOLD-04,geographic_distance,osm:node:9805222047
0.017720154217217392,0.5,1.5026819828181712,0.5,HN-HOLD-04,geographic_distance,osm:node:9805222052
0.0,0.5,1.208986869803609,0.5,HN-HOLD-04,geographic_distance,osm:way:1019050229
0.9067221982400124,0.5,6.547303124604566,0.5,HN-HOLD-04,geographic_distance,osm:way:1087731715
0.817378113332116,0.8867796610169492,7.247832365049841,0.5,HN-HOLD-04,geographic_distance,osm:way:1103182086
0.0,0.842773497688752,10.146968422513545,0.5,HN-HOLD-04,geographic_distance,osm:way:1114927597
0.0,0.8998743870956565,5.52524190889886,0.5,HN-HOLD-04,geographic_distance,osm:way:1148571536
0.0,0.8586631016042782,13.267206329804596,0.5,HN-HOLD-04,geographic_distance,osm:way:1185629560
0.0,0.8584326018808778,20.739553692740415,0.5,HN-HOLD-04,geographic_distance,osm:way:1192808464
0.923366569611028,0.5,7.787196132040321,0.5,HN-HOLD-04,geographic_distance,osm:way:1223384698
0.0,0.8836301859144609,6.386500580124486,0.5,HN-HOLD-04,geographic_distance,osm:way:1234036432
0.8927834447696528,0.5,9.388440586287555,0.5,HN-HOLD-04,geographic_distance,osm:way:1253839879
0.0,0.5,0.7743882006978571,0.5,HN-HOLD-04,geographic_distance,osm:way:1264582880
0.8313117273929512,0.8284707778255264,16.66300170886123,0.5,HN-HOLD-04,geographic_distance,osm:way:1296795442
0.027716692442162464,0.5,3.8207641296151076,0.25,HN-HOLD-04,geographic_distance,osm:way:1301715443
0.8531532528148096,0.8862745098039216,11.519012634213558,0.5,HN-HOLD-04,geographic_distance,osm:way:1307631429
0.8889030110757281,0.5,8.592306700849276,0.5,HN-HOLD-04,geographic_distance,osm:way:136176176
0.8606010126748327,0.5,10.691670278950781,0.5,HN-HOLD-04,geographic_distance,osm:way:1365437934
0.877312951663825,0.5,11.078799101500456,0.25,HN-HOLD-04,geographic_distance,osm:way:1474970180
0.0,0.5,1.3632315967212432,0.5,HN-HOLD-04,geographic_distance,osm:way:1481550721
0.8010268021036195,0.8994545454545454,5.457014743816313,0.5,HN-HOLD-04,geographic_distance,osm:way:1510802054
0.0,0.9403682432432431,5.747099662045793,0.25,HN-HOLD-04,geographic_distance,osm:way:178995262
0.0,0.8600783892136443,3.6006197311881745,0.5,HN-HOLD-04,geographic_distance,osm:way:208255133
0.0,0.8800364780868101,4.11327207958459,0.25,HN-HOLD-04,geographic_distance,osm:way:220302249
0.8915421405166343,0.5,3.8724892646631535,0.5,HN-HOLD-04,geographic_distance,osm:way:223798542
0.0,0.9000300431388661,5.440206934724021,0.25,HN-HOLD-04,geographic_distance,osm:way:28912942
0.8854512022324351,0.5,1.4290217356800778,0.5,HN-HOLD-04,geographic_distance,osm:way:28945667
0.0,0.919832621082621,0.09905636454008951,0.5,HN-HOLD-04,geographic_distance,osm:way:339936730
0.0,0.8999311108260525,5.30642993288162,0.5,HN-HOLD-04,geographic_distance,osm:way:340128580
0.0,0.8999736963193211,3.830018967963428,0.5,HN-HOLD-04,geographic_distance,osm:way:37625751
0.8957659615600477,0.5,5.692048652324549,0.5,HN-HOLD-04,geographic_distance,osm:way:37933849
0.0,0.8800227687920767,4.429790763717125,0.5,HN-HOLD-04,geographic_distance,osm:way:696913691
0.0,0.8602533862139344,3.7320630553734255,0.5,HN-HOLD-04,geographic_distance,osm:way:697326496
0.0,0.8997635239819299,5.880340808148954,0.5,HN-HOLD-04,geographic_distance,osm:way:704147278
0.7630360909823345,0.8003679735990706,8.331800202631392,0.5,HN-HOLD-04,geographic_distance,osm:way:843085954
0.8981612865439903,0.5,6.215736734893625,0.5,HN-HOLD-04,geographic_distance,osm:way:879841441
0.8990473438142728,0.5,11.265240511972848,0.5,HN-HOLD-04,geographic_distance,osm:way:908417669
0.9052475475297037,0.5,13.720479598497633,0.5,HN-HOLD-04,geographic_distance,osm:way:959984228
0.0,0.5,11.89676007245417,0.5,HN-HOLD-05,geographic_distance,osm:node:10011953034
0.0,0.5,6.413748016544826,0.5,HN-HOLD-05,geographic_distance,osm:node:10082412846
0.02203857012781069,0.8668968485204885,2.8834757325053513,0.5,HN-HOLD-05,geographic_distance,osm:node:10098130619
0.03430677870764952,0.5,4.8797232417806535,0.5,HN-HOLD-05,geographic_distance,osm:node:10098130620
0.03430677870764952,0.5,3.514413931678949,0.5,HN-HOLD-05,geographic_distance,osm:node:10098130621
0.03430677870764952,0.5,7.52631277434172,0.5,HN-HOLD-05,geographic_distance,osm:node:10098130622
0.0,0.8430865250831634,3.6673180521051583,0.5,HN-HOLD-05,geographic_distance,osm:node:10114776452
0.022208200998310564,0.9186979459822741,1.0542736019252035,0.5,HN-HOLD-05,geographic_distance,osm:node:10179892274
0.017458951043390743,0.8807097127665309,3.1202333783021294,0.5,HN-HOLD-05,geographic_distance,osm:node:10245908053
0.0,0.9345212876676279,1.1501468727019248,0.5,HN-HOLD-05,geographic_distance,osm:node:10715935205
0.36367246863879327,0.9173391089108911,12.059933715987116,0.25,HN-HOLD-05,geographic_distance,osm:node:10855443206
0.031736343664649336,0.5,0.5093989790044611,0.5,HN-HOLD-05,geographic_distance,osm:node:11371361970
0.03607155405772916,0.5,0.45584435644101756,0.25,HN-HOLD-05,geographic_distance,osm:node:11451595757
0.04546674607806151,0.5,0.31510538514751346,0.25,HN-HOLD-05,geographic_distance,osm:node:11652527569
0.0,0.5,0.5029909802360302,0.5,HN-HOLD-05,geographic_distance,osm:node:11663157215
0.0,0.5,0.5187036822625649,0.5,HN-HOLD-05,geographic_distance,osm:node:12054550970
0.825660694650246,0.8863977005910453,1.6140707758703785,0.5,HN-HOLD-05,geographic_distance,osm:node:12090398186
0.0400011597825735,0.5,0.5111417415291079,0.5,HN-HOLD-05,geographic_distance,osm:node:12614290467
0.033865407575242965,0.5,0.44718067131405986,0.25,HN-HOLD-05,geographic_distance,osm:node:12744754301
0.35679271289011594,0.8593597951344429,7.857947015449325,0.5,HN-HOLD-05,geographic_distance,osm:node:12814113704
0.36239023962176825,0.9288541666666668,6.881203423404294,0.5,HN-HOLD-05,geographic_distance,osm:node:12876453886
0.0,0.5,0.3155942503200611,0.5,HN-HOLD-05,geographic_distance,osm:node:13275273171
0.36215694038094487,0.5,4.262694991096289,0.5,HN-HOLD-05,geographic_distance,osm:node:13323664905
0.3633763980814633,0.9179861111111111,12.489645920652316,0.25,HN-HOLD-05,geographic_distance,osm:node:13352652760
0.35747467756618245,0.8423112480739601,10.43962910136271,0.5,HN-HOLD-05,geographic_distance,osm:node:13449384383
0.035923040340308306,0.5,0.42858696407867564,0.5,HN-HOLD-05,geographic_distance,osm:node:13516584409
0.0,0.5,0.4696838076840146,0.5,HN-HOLD-05,geographic_distance,osm:node:13611295802
0.042384364821372734,0.5,0.510119845965813,0.5,HN-HOLD-05,geographic_distance,osm:node:13647798301
0.037323087765199166,0.5,0.493734194797755,0.5,HN-HOLD-05,geographic_distance,osm:node:13949063201
0.3572746899395652,0.8201708014859728,7.858363239501825,0.5,HN-HOLD-05,geographic_distance,osm:node:2471647464
0.3642036673135521,0.90585,5.353843232429843,0.25,HN-HOLD-05,geographic_distance,osm:node:3794435557
0.0,0.5,0.390293239025436,0.5,HN-HOLD-05,geographic_distance,osm:node:4217845890
0.0,0.5,0.47118555316603405,0.5,HN-HOLD-05,geographic_distance,osm:node:4217848289
0.0,0.5,0.4254555776552532,0.5,HN-HOLD-05,geographic_distance,osm:node:4255651589
0.038442655720917554,0.5,0.529617727618848,0.5,HN-HOLD-05,geographic_distance,osm:node:4327534896
0.034013502537914096,0.5,0.49968788936354774,0.5,HN-HOLD-05,geographic_distance,osm:node:4383436892
0.04028772222433671,0.5,0.4732589710675836,0.5,HN-HOLD-05,geographic_distance,osm:node:4437567193
0.0,0.5,0.4322188876250178,0.5,HN-HOLD-05,geographic_distance,osm:node:4486828192
0.8497948183489906,0.5,0.72654987761443,0.25,HN-HOLD-05,geographic_distance,osm:node:4499978190
0.03979007773405688,0.5,0.5420873584502388,0.5,HN-HOLD-05,geographic_distance,osm:node:4759037451
0.04071772566302174,0.5,0.42888110812208474,0.5,HN-HOLD-05,geographic_distance,osm:node:4789270528
0.03437871905617056,0.5,0.4605121491916201,0.25,HN-HOLD-05,geographic_distance,osm:node:4790082725
0.0,0.5,0.41557472537344553,0.5,HN-HOLD-05,geographic_distance,osm:node:4846983321
0.0,0.5,0.5151937377373046,0.5,HN-HOLD-05,geographic_distance,osm:node:4878114221
0.04337162142720077,0.5,0.36563002723482707,0.5,HN-HOLD-05,geographic_distance,osm:node:5340817221
0.0,0.8801371787883102,4.365191541773744,0.5,HN-HOLD-05,geographic_distance,osm:node:5406262022
0.36722325937961436,0.5,4.103731011450205,0.5,HN-HOLD-05,geographic_distance,osm:node:5441412622
0.009590119742736332,0.5,0.49625787498218066,0.5,HN-HOLD-05,geographic_distance,osm:node:6324812247
0.04274945349366414,0.5,0.4493685100432679,0.5,HN-HOLD-05,geographic_distance,osm:node:6533893985
0.03959728621386438,0.5,0.36266655132040726,0.5,HN-HOLD-05,geographic_distance,osm:node:6602496036
0.3570429565468372,0.8644939965694685,7.268817836217056,0.25,HN-HOLD-05,geographic_distance,osm:node:6849181831
0.034291714478528634,0.5,0.49700673029712955,0.5,HN-HOLD-05,geographic_distance,osm:node:6924855571
0.03636626444156849,0.5,0.5080293084270632,0.25,HN-HOLD-05,geographic_distance,osm:node:6987030985
0.0,0.5,0.4914229506958254,0.25,HN-HOLD-05,geographic_distance,osm:node:7040037486
0.0,0.5,0.3128515470727402,0.5,HN-HOLD-05,geographic_distance,osm:node:7162750926
0.3584310852679979,0.8043557678797246,3.4223934045644806,0.5,HN-HOLD-05,geographic_distance,osm:node:9237323772
0.3686602113901003,0.5,10.119841553788183,0.5,HN-HOLD-05,geographic_distance,osm:node:9757095553
0.0,0.5,0.5149203043638374,0.5,HN-HOLD-05,geographic_distance,osm:node:995391083
0.8544630971680053,0.5,7.1307712472596005,0.5,HN-HOLD-05,geographic_distance,osm:way:1019050229
0.0,0.8867796610169492,2.5660992279956463,0.5,HN-HOLD-05,geographic_distance,osm:way:1103182086
0.3580960678041923,0.842773497688752,5.939590498095689,0.5,HN-HOLD-05,geographic_distance,osm:way:1114927597
0.0356733515265612,0.5,0.4348391557977367,0.5,HN-HOLD-05,geographic_distance,osm:way:1117240270
0.8325402045949238,0.8998743870956565,10.496888264148469,0.5,HN-HOLD-05,geographic_distance,osm:way:1148571536
0.35812593979023083,0.8586631016042782,10.759019856341956,0.5,HN-HOLD-05,geographic_distance,osm:way:1185629560
0.3574773677911418,0.5,1.1822325804099885,0.5,HN-HOLD-05,geographic_distance,osm:way:1212230635
0.0,0.5,0.3376529390653119,0.5,HN-HOLD-05,geographic_distance,osm:way:1220299340
0.03394338744591621,0.5,0.3438781924254898,0.25,HN-HOLD-05,geographic_distance,osm:way:1233838148
0.825494193917679,0.8836301859144609,0.4878832474183118,0.5,HN-HOLD-05,geographic_distance,osm:way:1234036432
0.3637049831762605,0.5,3.463267642777901,0.5,HN-HOLD-05,geographic_distance,osm:way:1253565814
0.0,0.8284707778255264,10.782744750232498,0.5,HN-HOLD-05,geographic_distance,osm:way:1296795442
0.053697963512396626,0.8862745098039216,5.539370954116609,0.5,HN-HOLD-05,geographic_distance,osm:way:1307631429
0.36917571306824176,0.5,5.128340652864961,0.5,HN-HOLD-05,geographic_distance,osm:way:1481550721
0.0,0.8994545454545454,0.77185203895426,0.5,HN-HOLD-05,geographic_distance,osm:way:1510802054
0.36171563388089256,0.9403682432432431,0.31170116812713716,0.25,HN-HOLD-05,geographic_distance,osm:way:178995262
0.7894027293587269,0.8600783892136443,7.340521170103436,0.5,HN-HOLD-05,geographic_distance,osm:way:208255133
0.35927629396314364,0.8800364780868101,2.8093738661421916,0.25,HN-HOLD-05,geographic_distance,osm:way:220302249
0.3686132155783845,0.5,1.233971873329127,0.25,HN-HOLD-05,geographic_distance,osm:way:228075195
0.3636143511128194,0.9000300431388661,0.5548291601175557,0.25,HN-HOLD-05,geographic_distance,osm:way:28912942
0.7768850578249997,0.919832621082621,5.887996936279576,0.5,HN-HOLD-05,geographic_distance,osm:way:339936730
0.8050926208704602,0.8999311108260525,0.868498692130486,0.5,HN-HOLD-05,geographic_distance,osm:way:340128580
0.3539964864079264,0.8999736963193211,2.2246249308444783,0.5,HN-HOLD-05,geographic_distance,osm:way:37625751
0.8657252981230311,0.5,2.3744956998578637,0.5,HN-HOLD-05,geographic_distance,osm:way:37629143
0.8733451602010238,0.5,0.6088327704555292,0.25,HN-HOLD-05,geographic_distance,osm:way:37933050
0.8538539337473712,0.5,0.7536933376697145,0.5,HN-HOLD-05,geographic_distance,osm:way:37933256
0.8805092675070854,0.5,7.160261173797921,0.25,HN-HOLD-05,geographic_distance,osm:way:409390951
0.854590153288161,0.5,5.609082754385882,0.25,HN-HOLD-05,geographic_distance,osm:way:480826771
0.3641690168437005,0.5,8.420463398553846,0.5,HN-HOLD-05,geographic_distance,osm:way:570587788
0.3641275991433548,0.5,10.795956262426733,0.5,HN-HOLD-05,geographic_distance,osm:way:660703679
0.3637966160901386,0.5,9.534036547345432,0.5,HN-HOLD-05,geographic_distance,osm:way:675940105
0.3613740461509772,0.8800227687920767,1.787400177261705,0.5,HN-HOLD-05,geographic_distance,osm:way:696913691
0.36356273806481176,0.8602533862139344,2.287724844033938,0.5,HN-HOLD-05,geographic_distance,osm:way:697326496
0.8646196580820632,0.5,1.7972793895113548,0.5,HN-HOLD-05,geographic_distance,osm:way:700145152
0.3677399690715597,0.5,0.8913709087105094,0.5,HN-HOLD-05,geographic_distance,osm:way:700840711
0.7971454909409654,0.8997635239819299,0.6331724641296815,0.5,HN-HOLD-05,geographic_distance,osm:way:704147278
0.0016545662172670734,0.8003679735990706,13.14367109751124,0.5,HN-HOLD-05,geographic_distance,osm:way:843085954
0.002274992296963101,0.5,0.2906710023392236,0.5,HN-HOLD-05,geographic_distance,osm:way:879841441
1.0,0.5,11.89676007245417,0.5,HN-HOLD-06,geographic_distance,osm:node:10011953034
1.0,0.5,6.413748016544826,0.5,HN-HOLD-06,geographic_distance,osm:node:10082412846
1.0,0.8668968485204885,2.8834757325053513,0.5,HN-HOLD-06,geographic_distance,osm:node:10098130619
1.0,0.5,4.8797232417806535,0.5,HN-HOLD-06,geographic_distance,osm:node:10098130620
1.0,0.5,3.514413931678949,0.5,HN-HOLD-06,geographic_distance,osm:node:10098130621
1.0,0.5,7.52631277434172,0.5,HN-HOLD-06,geographic_distance,osm:node:10098130622
1.0,0.5,4.901122911687402,0.5,HN-HOLD-06,geographic_distance,osm:node:10103088449
1.0,0.8430865250831634,3.6673180521051583,0.5,HN-HOLD-06,geographic_distance,osm:node:10114776452
1.0,0.5,4.933768659954973,0.5,HN-HOLD-06,geographic_distance,osm:node:10129864868
1.0,0.5,1.9450130866065116,0.5,HN-HOLD-06,geographic_distance,osm:node:10158964415
1.0,0.9186979459822741,1.0542736019252035,0.5,HN-HOLD-06,geographic_distance,osm:node:10179892274
1.0,0.5,10.241888264577387,0.5,HN-HOLD-06,geographic_distance,osm:node:10213645392
1.0,0.5,10.211752579256455,0.5,HN-HOLD-06,geographic_distance,osm:node:10213648463
1.0,0.5,10.194149267011962,0.5,HN-HOLD-06,geographic_distance,osm:node:10213826362
1.0,0.5,9.887268181821815,0.5,HN-HOLD-06,geographic_distance,osm:node:10214404094
1.0,0.5,10.365077301224083,0.25,HN-HOLD-06,geographic_distance,osm:node:10219253935
1.0,0.5,10.296929982760682,0.5,HN-HOLD-06,geographic_distance,osm:node:10219253940
1.0,0.5,9.96546588542741,0.25,HN-HOLD-06,geographic_distance,osm:node:10219271549
1.0,0.5,9.856963937170933,0.5,HN-HOLD-06,geographic_distance,osm:node:10219271553
1.0,0.5,9.866143414302275,0.5,HN-HOLD-06,geographic_distance,osm:node:10219271554
1.0,0.5,5.448609467630208,0.25,HN-HOLD-06,geographic_distance,osm:node:10225121259
1.0,0.5,9.801351846336175,0.5,HN-HOLD-06,geographic_distance,osm:node:10240190081
1.0,0.5,9.849204300710776,0.5,HN-HOLD-06,geographic_distance,osm:node:10240244240
1.0,0.5,9.793689142669093,0.5,HN-HOLD-06,geographic_distance,osm:node:10240244241
1.0,0.5,9.810600300099095,0.5,HN-HOLD-06,geographic_distance,osm:node:10240244242
1.0,0.5,9.832013589385566,0.5,HN-HOLD-06,geographic_distance,osm:node:10240244243
1.0,0.5,9.474066745714088,0.5,HN-HOLD-06,geographic_distance,osm:node:10240244245
1.0,0.5,9.843161285352863,0.5,HN-HOLD-06,geographic_distance,osm:node:10240244248
1.0,0.5,9.807500598585829,0.5,HN-HOLD-06,geographic_distance,osm:node:10240244249
1.0,0.5,1.127591608562869,0.5,HN-HOLD-06,geographic_distance,osm:node:10241471509
1.0,0.8807097127665309,3.1202333783021294,0.5,HN-HOLD-06,geographic_distance,osm:node:10245908053
1.0,0.5,9.755821671867688,0.5,HN-HOLD-06,geographic_distance,osm:node:10247214097
1.0,0.5,9.667108833799439,0.5,HN-HOLD-06,geographic_distance,osm:node:10247214098
1.0,0.5,9.698539612103184,0.5,HN-HOLD-06,geographic_distance,osm:node:10247214103
1.0,0.5,7.581963344125297,0.5,HN-HOLD-06,geographic_distance,osm:node:10248628290
1.0,0.5,9.40556777135495,0.5,HN-HOLD-06,geographic_distance,osm:node:10254828318
1.0,0.5,9.772178749850056,0.5,HN-HOLD-06,geographic_distance,osm:node:10254828329
1.0,0.5,9.721669312429013,0.5,HN-HOLD-06,geographic_distance,osm:node:10255177796
1.0,0.5,9.717421066348109,0.5,HN-HOLD-06,geographic_distance,osm:node:10255177798
1.0,0.5,9.71004782663333,0.5,HN-HOLD-06,geographic_distance,osm:node:10255177799
1.0,0.9345212876676279,1.1501468727019248,0.5,HN-HOLD-06,geographic_distance,osm:node:10715935205
1.0,0.5,0.5093989790044611,0.5,HN-HOLD-06,geographic_distance,osm:node:11371361970
1.0,0.5,0.45584435644101756,0.25,HN-HOLD-06,geographic_distance,osm:node:11451595757
1.0,0.5,0.31510538514751346,0.25,HN-HOLD-06,geographic_distance,osm:node:11652527569
1.0,0.5,0.5029909802360302,0.5,HN-HOLD-06,geographic_distance,osm:node:11663157215
1.0,0.5,0.5187036822625649,0.5,HN-HOLD-06,geographic_distance,osm:node:12054550970
1.0,0.8863977005910453,1.6140707758703785,0.5,HN-HOLD-06,geographic_distance,osm:node:12090398186
1.0,0.5,0.5111417415291079,0.5,HN-HOLD-06,geographic_distance,osm:node:12614290467
1.0,0.5,0.44718067131405986,0.25,HN-HOLD-06,geographic_distance,osm:node:12744754301
1.0,0.8593597951344429,7.857947015449325,0.5,HN-HOLD-06,geographic_distance,osm:node:12814113704
1.0,0.9288541666666668,6.881203423404294,0.5,HN-HOLD-06,geographic_distance,osm:node:12876453886
1.0,0.5,0.3155942503200611,0.5,HN-HOLD-06,geographic_distance,osm:node:13275273171
1.0,0.8423112480739601,10.43962910136271,0.5,HN-HOLD-06,geographic_distance,osm:node:13449384383
1.0,0.5,0.42858696407867564,0.5,HN-HOLD-06,geographic_distance,osm:node:13516584409
1.0,0.5,0.4696838076840146,0.5,HN-HOLD-06,geographic_distance,osm:node:13611295802
1.0,0.5,0.510119845965813,0.5,HN-HOLD-06,geographic_distance,osm:node:13647798301
1.0,0.5,0.493734194797755,0.5,HN-HOLD-06,geographic_distance,osm:node:13949063201
1.0,0.8201708014859728,7.858363239501825,0.5,HN-HOLD-06,geographic_distance,osm:node:2471647464
1.0,0.90585,5.353843232429843,0.25,HN-HOLD-06,geographic_distance,osm:node:3794435557
1.0,0.5,0.390293239025436,0.5,HN-HOLD-06,geographic_distance,osm:node:4217845890
1.0,0.5,0.47118555316603405,0.5,HN-HOLD-06,geographic_distance,osm:node:4217848289
1.0,0.5,0.4254555776552532,0.5,HN-HOLD-06,geographic_distance,osm:node:4255651589
1.0,0.5,0.529617727618848,0.5,HN-HOLD-06,geographic_distance,osm:node:4327534896
1.0,0.5,0.49968788936354774,0.5,HN-HOLD-06,geographic_distance,osm:node:4383436892
1.0,0.5,0.4732589710675836,0.5,HN-HOLD-06,geographic_distance,osm:node:4437567193
1.0,0.5,0.4322188876250178,0.5,HN-HOLD-06,geographic_distance,osm:node:4486828192
1.0,0.5,0.5420873584502388,0.5,HN-HOLD-06,geographic_distance,osm:node:4759037451
1.0,0.5,0.42888110812208474,0.5,HN-HOLD-06,geographic_distance,osm:node:4789270528
1.0,0.5,0.4605121491916201,0.25,HN-HOLD-06,geographic_distance,osm:node:4790082725
1.0,0.5,0.41557472537344553,0.5,HN-HOLD-06,geographic_distance,osm:node:4846983321
1.0,0.5,0.5151937377373046,0.5,HN-HOLD-06,geographic_distance,osm:node:4878114221
1.0,0.5,0.36563002723482707,0.5,HN-HOLD-06,geographic_distance,osm:node:5340817221
1.0,0.8801371787883102,4.365191541773744,0.5,HN-HOLD-06,geographic_distance,osm:node:5406262022
1.0,0.5,0.49625787498218066,0.5,HN-HOLD-06,geographic_distance,osm:node:6324812247
1.0,0.5,0.4493685100432679,0.5,HN-HOLD-06,geographic_distance,osm:node:6533893985
1.0,0.5,0.36266655132040726,0.5,HN-HOLD-06,geographic_distance,osm:node:6602496036
1.0,0.8644939965694685,7.268817836217056,0.25,HN-HOLD-06,geographic_distance,osm:node:6849181831
1.0,0.5,0.49700673029712955,0.5,HN-HOLD-06,geographic_distance,osm:node:6924855571
1.0,0.5,0.5080293084270632,0.25,HN-HOLD-06,geographic_distance,osm:node:6987030985
1.0,0.5,0.4914229506958254,0.25,HN-HOLD-06,geographic_distance,osm:node:7040037486
1.0,0.5,0.3128515470727402,0.5,HN-HOLD-06,geographic_distance,osm:node:7162750926
1.0,0.8043557678797246,3.4223934045644806,0.5,HN-HOLD-06,geographic_distance,osm:node:9237323772
1.0,0.5,0.5149203043638374,0.5,HN-HOLD-06,geographic_distance,osm:node:995391083
1.0,0.8867796610169492,2.5660992279956463,0.5,HN-HOLD-06,geographic_distance,osm:way:1103182086
1.0,0.842773497688752,5.939590498095689,0.5,HN-HOLD-06,geographic_distance,osm:way:1114927597
1.0,0.5,0.4348391557977367,0.5,HN-HOLD-06,geographic_distance,osm:way:1117240270
1.0,0.8998743870956565,10.496888264148469,0.5,HN-HOLD-06,geographic_distance,osm:way:1148571536
1.0,0.8586631016042782,10.759019856341956,0.5,HN-HOLD-06,geographic_distance,osm:way:1185629560
1.0,0.5,0.3376529390653119,0.5,HN-HOLD-06,geographic_distance,osm:way:1220299340
1.0,0.5,0.3438781924254898,0.25,HN-HOLD-06,geographic_distance,osm:way:1233838148
1.0,0.8836301859144609,0.4878832474183118,0.5,HN-HOLD-06,geographic_distance,osm:way:1234036432
1.0,0.8284707778255264,10.782744750232498,0.5,HN-HOLD-06,geographic_distance,osm:way:1296795442
1.0,0.8862745098039216,5.539370954116609,0.5,HN-HOLD-06,geographic_distance,osm:way:1307631429
1.0,0.8994545454545454,0.77185203895426,0.5,HN-HOLD-06,geographic_distance,osm:way:1510802054
1.0,0.9403682432432431,0.31170116812713716,0.25,HN-HOLD-06,geographic_distance,osm:way:178995262
1.0,0.8600783892136443,7.340521170103436,0.5,HN-HOLD-06,geographic_distance,osm:way:208255133
1.0,0.8800364780868101,2.8093738661421916,0.25,HN-HOLD-06,geographic_distance,osm:way:220302249
1.0,0.9000300431388661,0.5548291601175557,0.25,HN-HOLD-06,geographic_distance,osm:way:28912942
1.0,0.919832621082621,5.887996936279576,0.5,HN-HOLD-06,geographic_distance,osm:way:339936730
1.0,0.8999311108260525,0.868498692130486,0.5,HN-HOLD-06,geographic_distance,osm:way:340128580
1.0,0.8999736963193211,2.2246249308444783,0.5,HN-HOLD-06,geographic_distance,osm:way:37625751
1.0,0.8800227687920767,1.787400177261705,0.5,HN-HOLD-06,geographic_distance,osm:way:696913691
1.0,0.8602533862139344,2.287724844033938,0.5,HN-HOLD-06,geographic_distance,osm:way:697326496
1.0,0.8997635239819299,0.6331724641296815,0.5,HN-HOLD-06,geographic_distance,osm:way:704147278
1.0,0.5,0.2906710023392236,0.5,HN-HOLD-06,geographic_distance,osm:way:879841441
0.0,0.9295569034317637,23.48068925741353,0.5,DN-DEV-01,geographic_distance,osm:node:10304609242
0.0,0.9583948765632757,4.9747236218753415,0.5,DN-DEV-01,geographic_distance,osm:node:10310109109
0.008515263532454066,0.9573223787364802,24.061727721177625,0.5,DN-DEV-01,geographic_distance,osm:node:10536187009
0.0,0.9758520849324679,24.718516805748276,0.5,DN-DEV-01,geographic_distance,osm:node:10652658505
0.006683869157337797,0.9393655941831843,4.92243172648664,0.5,DN-DEV-01,geographic_distance,osm:node:10749874405
0.011960717988727398,0.9715268426408592,4.545210638962335,0.5,DN-DEV-01,geographic_distance,osm:node:10773540605
0.00376731932524435,0.9578208458914771,22.405759130405926,0.5,DN-DEV-01,geographic_distance,osm:node:10959238968
0.2987471947313779,0.7850658561296859,2.0298688414887307,0.5,DN-DEV-01,geographic_distance,osm:node:11176025737
0.011560649971872729,0.9595321994663839,2.522631050749704,0.5,DN-DEV-01,geographic_distance,osm:node:11665246470
0.0,0.5,0.7518673509583867,0.5,DN-DEV-01,geographic_distance,osm:node:11715206469
0.018974680724551465,0.5,1.00355253570066,0.5,DN-DEV-01,geographic_distance,osm:node:12612220720
0.0,0.5,1.4272506305509391,0.5,DN-DEV-01,geographic_distance,osm:node:12690043401
0.7922713721705488,0.822908364804445,11.682912626086551,0.25,DN-DEV-01,geographic_distance,osm:node:13040467529
0.0,0.5,1.8354155998735637,0.5,DN-DEV-01,geographic_distance,osm:node:13288511161
0.0,0.5,2.0258461252029876,0.5,DN-DEV-01,geographic_distance,osm:node:13288674354
0.015664977220402172,0.5,0.35995632206938466,0.5,DN-DEV-01,geographic_distance,osm:node:13340074016
0.021269630668138348,0.5,2.0678196979116246,0.5,DN-DEV-01,geographic_distance,osm:node:13744719202
0.301253905486309,0.9140963687150838,24.796372817476477,0.25,DN-DEV-01,geographic_distance,osm:node:4171971289
0.0,0.9112500000000001,7.799223805326927,0.25,DN-DEV-01,geographic_distance,osm:node:4280016689
0.018136707216756497,0.5,0.8989082070687255,0.25,DN-DEV-01,geographic_distance,osm:node:4281489185
0.025320778495413098,0.5,1.7057558541323596,0.5,DN-DEV-01,geographic_distance,osm:node:4339674497
0.0,0.5,1.64072573406882,0.5,DN-DEV-01,geographic_distance,osm:node:4339674598
0.0,0.5,1.9349155326830954,0.5,DN-DEV-01,geographic_distance,osm:node:4464451389
0.0,0.5,1.5573320686124172,0.5,DN-DEV-01,geographic_distance,osm:node:4541527689
0.01740012693241999,0.5,1.3979588224556665,0.5,DN-DEV-01,geographic_distance,osm:node:4571159189
0.016418367115844563,0.5,1.721902735220843,0.5,DN-DEV-01,geographic_distance,osm:node:4652751790
0.01823738361166741,0.5,1.573195959323235,0.5,DN-DEV-01,geographic_distance,osm:node:4676094289
0.0,0.5,1.731030258416854,0.5,DN-DEV-01,geographic_distance,osm:node:5116302323
0.3217759775267134,0.919531530726257,2.942265486852479,0.5,DN-DEV-01,geographic_distance,osm:node:5273998823
0.0,0.5,0.9720978983043603,0.5,DN-DEV-01,geographic_distance,osm:node:5293335937
0.021802873476882326,0.5,1.7133859877412585,0.5,DN-DEV-01,geographic_distance,osm:node:5301723622
0.0,0.5,2.079137577450928,0.5,DN-DEV-01,geographic_distance,osm:node:5796473953
0.017881575253735415,0.5,1.514292811934883,0.5,DN-DEV-01,geographic_distance,osm:node:5913221638
0.0,0.5,1.1008454686827385,0.5,DN-DEV-01,geographic_distance,osm:node:5978084714
0.0,0.5,1.7204018281823197,0.5,DN-DEV-01,geographic_distance,osm:node:6152597685
0.0,0.5,1.9117907909994025,0.5,DN-DEV-01,geographic_distance,osm:node:6152603585
0.0,0.5,1.7551818096572498,0.5,DN-DEV-01,geographic_distance,osm:node:6152681085
0.0,0.5,2.08052230295416,0.5,DN-DEV-01,geographic_distance,osm:node:6152685685
0.0,0.5,1.9359599911399423,0.25,DN-DEV-01,geographic_distance,osm:node:6561782799
0.0,0.5,1.5859210215081831,0.5,DN-DEV-01,geographic_distance,osm:node:6911218676
0.0,0.5,1.0522049820383037,0.5,DN-DEV-01,geographic_distance,osm:node:7370362779
0.0,0.5,1.401316577501472,0.5,DN-DEV-01,geographic_distance,osm:node:8474743517
0.0,0.5,1.7400401595079054,0.5,DN-DEV-01,geographic_distance,osm:node:8552881467
0.013506168829879397,0.5,1.4182994528553796,0.5,DN-DEV-01,geographic_distance,osm:node:8616526719
0.0,0.5,1.3956695911463148,0.5,DN-DEV-01,geographic_distance,osm:node:8616536517
0.020316389848262038,0.5,1.1767170274774241,0.5,DN-DEV-01,geographic_distance,osm:node:8616537318
0.7695086878394274,0.9198595417364338,5.325543218311926,0.25,DN-DEV-01,geographic_distance,osm:relation:19000664
0.0,0.9194470164609052,22.725660604808155,0.5,DN-DEV-01,geographic_distance,osm:relation:2836882
0.6844931122323469,0.9378225032687508,10.072438507092777,0.25,DN-DEV-01,geographic_distance,osm:relation:7055216
0.6333162360138216,0.8800102950474773,8.561034878018015,0.5,DN-DEV-01,geographic_distance,osm:relation:8552348
0.0,0.903680387409201,3.242035335867819,0.5,DN-DEV-01,geographic_distance,osm:way:118672509
0.3839347304175227,0.8947322212467077,1.792548688512955,0.25,DN-DEV-01,geographic_distance,osm:way:1384907056
0.03315392239339351,0.9395148732159239,24.791538168371098,0.5,DN-DEV-01,geographic_distance,osm:way:14131302
0.0,0.5,1.530095736441877,0.5,DN-DEV-01,geographic_distance,osm:way:1535565789
0.0,0.859987618015787,2.0157782827826254,0.5,DN-DEV-01,geographic_distance,osm:way:204790989
0.0,0.9494509345794393,5.928074180097799,0.5,DN-DEV-01,geographic_distance,osm:way:302944359
0.8022696125309638,0.8111448834853091,8.034841142953344,0.25,DN-DEV-01,geographic_distance,osm:way:630377259
0.3758345247832535,0.8980392156862745,4.932449291374826,0.5,DN-DEV-01,geographic_distance,osm:way:962130353
0.3113771500822911,0.9116176208311039,2.2984991971606084,0.25,DN-DEV-01,geographic_distance,poi-google:06fd7684a756790c4e7cb15a
0.8013932221947452,0.8958907420836354,5.677497352816186,0.25,DN-DEV-01,geographic_distance,poi-google:097516ae1819b8c9e6ae899d
0.7050334233223322,0.9366771965464704,10.736167135033954,0.25,DN-DEV-01,geographic_distance,poi-google:0d78192558cd42efde612465
0.35720775435527097,0.851609907120743,3.5371997514283082,0.5,DN-DEV-01,geographic_distance,poi-google:14256836840dee41128344c8
0.8074439351069305,0.9057375145180023,8.00009301361518,0.5,DN-DEV-01,geographic_distance,poi-google:1c7f749f3ec420427df4f967
0.3789221972760973,0.9195424836601308,9.801831124378777,0.25,DN-DEV-01,geographic_distance,poi-google:3540cb76454a2dddabf74b4c
0.29972838671753205,0.9547974288607926,24.014639139478692,0.5,DN-DEV-01,geographic_distance,poi-google:3aac3427ee25b18a817027e9
0.8026961392726315,0.9197875984926345,4.829606894463799,0.25,DN-DEV-01,geographic_distance,poi-google:3f4a179ef8edb5fa07b7a1a3
0.7977584752728125,0.8802675227394328,6.361172903938774,0.25,DN-DEV-01,geographic_distance,poi-google:433657c5c0911e563865e7fc
0.8019211042966268,0.928806678049706,4.8307859360059275,0.5,DN-DEV-01,geographic_distance,poi-google:44589dd0fee354e42160f01b
0.8156461750791639,0.7333532784841685,13.542597540551872,0.25,DN-DEV-01,geographic_distance,poi-google:493f91c7d64272fd01a9b41b
0.38515861181972766,0.9267065470255899,3.361374672949444,0.25,DN-DEV-01,geographic_distance,poi-google:4be563d872732c20923e7dc5
0.0,0.8347985347985347,1.9690873047683328,0.25,DN-DEV-01,geographic_distance,poi-google:54f6c1d76c715ccf3460f85c
0.8113278656445695,0.8956223893065998,6.319723528724265,0.5,DN-DEV-01,geographic_distance,poi-google:554cc747f07be61990b2e682
0.018737442715604718,0.9161517070142766,7.440325038590678,0.5,DN-DEV-01,geographic_distance,poi-google:5d675953ee6379f755940b59
0.35685842511979815,0.9082034976152624,2.9052174303487943,0.25,DN-DEV-01,geographic_distance,poi-google:5f4830143ea064085bd78b52
0.3160280358228111,0.9196830909598989,3.286776985650318,0.5,DN-DEV-01,geographic_distance,poi-google:5fe82be03ab7e639f3ffa3cc
0.8003463338321214,0.9162123700054734,5.121747208621044,0.25,DN-DEV-01,geographic_distance,poi-google:65dd50a3316d5f4bbe68a58b
0.015336335311799593,0.9080180167597766,2.3376188098751935,0.25,DN-DEV-01,geographic_distance,poi-google:6d973efb974e368df3807632
0.8258219429737915,0.7875283446712018,2.9892491035120483,0.25,DN-DEV-01,geographic_distance,poi-google:6fe02f0d54698ccdc8e5fc46
0.7898771976211327,0.8806827103601298,10.075095170164516,0.25,DN-DEV-01,geographic_distance,poi-google:736d4e08506d80cd51320786
0.37856861857797247,0.8603388312741267,21.740679251619625,0.5,DN-DEV-01,geographic_distance,poi-google:77726493c07f4ffbb0a7434f
0.7598453084029144,0.8600581940749119,21.543487976087032,0.5,DN-DEV-01,geographic_distance,poi-google:778bc1f6ad86906ad361ea00
0.3081755875787412,0.9195045173260802,10.348110941676996,0.5,DN-DEV-01,geographic_distance,poi-google:82a88775641ea2336484d593
0.37940554331693493,0.93749703908409,2.306484541763972,0.25,DN-DEV-01,geographic_distance,poi-google:8617d848944c924d30b5c956
0.7946875429546061,0.8450240279598079,6.340340143066844,0.5,DN-DEV-01,geographic_distance,poi-google:998e9a8c14e1719dfcc113bb
0.7828769330177913,0.9609145880574452,5.453223609951558,0.25,DN-DEV-01,geographic_distance,poi-google:9c82e6c8558ba33b3f9ec70a
0.7923208434482176,0.917845804988662,5.210831614878026,0.25,DN-DEV-01,geographic_distance,poi-google:9f6b613e52c6d0f34461666b
0.3943322860213876,0.8573710965867829,5.1864829781009965,0.5,DN-DEV-01,geographic_distance,poi-google:a5e26a17b144b3122a2c0ffe
0.8128342977328739,0.8997415313507269,5.17377241632477,0.25,DN-DEV-01,geographic_distance,poi-google:a656101db03a62ca2415442f
0.30382989011130485,0.9123809523809523,5.157117064255481,0.5,DN-DEV-01,geographic_distance,poi-google:ad16e3c56ab01b415a3bce36
0.7977584752728125,0.8943722943722943,6.034850228027585,0.25,DN-DEV-01,geographic_distance,poi-google:af0d624892b6750e416557b8
0.3813104648770046,0.8371764705882352,5.5452734909712555,0.5,DN-DEV-01,geographic_distance,poi-google:b0df4ad36e2811bdabcf19b5
0.37829808636270723,0.9249170437405733,2.457852021818831,0.5,DN-DEV-01,geographic_distance,poi-google:b74ba86b934986c0af360ab1
0.01265842050938801,0.925210643588336,2.401325413954907,0.25,DN-DEV-01,geographic_distance,poi-google:b791504c992c0abe3b3e6c17
0.0,0.9182451051486584,4.353403995179528,0.5,DN-DEV-01,geographic_distance,poi-google:bcdc26372d6b4215d4917d47
0.816824270827919,0.9028729817668365,11.402854941937111,0.25,DN-DEV-01,geographic_distance,poi-google:bf2824fb0db1bbed8775e338
0.8575195785669087,0.8708225108225107,2.17477507532764,0.5,DN-DEV-01,geographic_distance,poi-google:c3bbfbd7bec3b184f49639b7
0.8148140436399984,0.8995368501996536,13.354598713994537,0.5,DN-DEV-01,geographic_distance,poi-google:c69f307ab4206664bf1a4923
0.3594613428000089,0.8815479876160991,0.9360065282189861,0.25,DN-DEV-01,geographic_distance,poi-google:c7cf76efd90a14e904ff03a1
0.37346454958444153,0.8803309763803219,2.2860890585135,0.25,DN-DEV-01,geographic_distance,poi-google:ce4ac990f49853c1a445272d
0.39228359580474625,0.9194849862289795,4.987386179688923,0.5,DN-DEV-01,geographic_distance,poi-google:d6565b2cea1890f2a4dca6c0
0.7979559139172985,0.8808855472013366,3.7822659040870406,0.25,DN-DEV-01,geographic_distance,poi-google:e961b3dee73a6dfbc87c86de
0.0,0.8597480854494156,1.7623276449351135,0.25,DN-DEV-01,geographic_distance,poi-google:f300365d20dfc26c09a203a2
0.6726781324702988,0.88350350270462,18.16604915745922,0.25,DN-DEV-01,geographic_distance,poi-google:fb65138477020d96c1ac1463
0.2547659937687129,0.5,2.1553680168312144,0.5,DN-DEV-02,geographic_distance,osm:node:10220920182
0.2580971445671669,0.5,0.4974239482464554,0.25,DN-DEV-02,geographic_distance,osm:node:10298273478
0.26318103556590383,0.5,2.983114613364069,0.5,DN-DEV-02,geographic_distance,osm:node:10304029313
0.24306577387630413,0.9295569034317637,0.3597304061745405,0.5,DN-DEV-02,geographic_distance,osm:node:10304609242
0.24690107314563567,0.9573223787364802,0.4731760548051897,0.5,DN-DEV-02,geographic_distance,osm:node:10536187009
0.2638774720678948,0.5,0.19958585448194746,0.5,DN-DEV-02,geographic_distance,osm:node:10635513085
0.24187509907835159,0.9758520849324679,1.789397143148748,0.5,DN-DEV-02,geographic_distance,osm:node:10652658505
0.02498217466364043,0.8941007655700393,15.014607654936755,0.5,DN-DEV-02,geographic_distance,osm:node:10709724107
0.25935565938268446,0.5,0.2680408366917033,0.5,DN-DEV-02,geographic_distance,osm:node:10736260563
0.23933596709798005,0.9578208458914771,3.8431650483179842,0.5,DN-DEV-02,geographic_distance,osm:node:10959238968
0.2600168100872181,0.5,0.11060584447610759,0.5,DN-DEV-02,geographic_distance,osm:node:11890992769
0.2638057734122066,0.5,0.18654838927845963,0.5,DN-DEV-02,geographic_distance,osm:node:11919603867
0.2759978101873318,0.5,0.3092201538790455,0.5,DN-DEV-02,geographic_distance,osm:node:11934034253
0.25766748366776665,0.5,0.08901429984280713,0.5,DN-DEV-02,geographic_distance,osm:node:12043189706
0.27703823420929385,0.5,0.7319556312531205,0.5,DN-DEV-02,geographic_distance,osm:node:12344125229
0.26963914889637547,0.5,3.861665977069964,0.5,DN-DEV-02,geographic_distance,osm:node:12635080558
0.2664276182899794,0.5,6.576046485449649,0.5,DN-DEV-02,geographic_distance,osm:node:12702443401
0.2664663396284981,0.5,15.391041222162112,0.5,DN-DEV-02,geographic_distance,osm:node:12909099601
0.26601216181260456,0.5,1.446688045157673,0.5,DN-DEV-02,geographic_distance,osm:node:13091349871
0.26386571274624493,0.5,0.2797446025391386,0.5,DN-DEV-02,geographic_distance,osm:node:13120808702
0.25617501474851273,0.5,0.2890220997450192,0.5,DN-DEV-02,geographic_distance,osm:node:13124286901
0.2599903425048913,0.5,0.08413901220793064,0.5,DN-DEV-02,geographic_distance,osm:node:13124293801
0.27932736167282074,0.5,0.7088039243521893,0.5,DN-DEV-02,geographic_distance,osm:node:13397525601
0.25871687087187684,0.5,0.0952742476971786,0.5,DN-DEV-02,geographic_distance,osm:node:13537125073
0.27810984213265433,0.5,4.031146090719385,0.5,DN-DEV-02,geographic_distance,osm:node:13881156000
0.2759978101873318,0.5,0.1700729598872836,0.5,DN-DEV-02,geographic_distance,osm:node:13888271701
0.01858455464347886,0.9614932392710172,4.3320132870893,0.25,DN-DEV-02,geographic_distance,osm:node:14078442086
0.03800296426102054,0.861689367543026,0.3015010230729009,0.5,DN-DEV-02,geographic_distance,osm:node:2076855954
0.2546284295837371,0.8261369509043925,0.30199297794358654,0.5,DN-DEV-02,geographic_distance,osm:node:2076856032
0.2615149496340101,0.5,0.1598352062336965,0.5,DN-DEV-02,geographic_distance,osm:node:2461400758
0.2735787222800874,0.5,0.26526231614721213,0.5,DN-DEV-02,geographic_distance,osm:node:2461400765
0.8801815988526687,0.5,0.2358911986911134,0.25,DN-DEV-02,geographic_distance,osm:node:2617007574
0.02052440041543457,0.8601381352506738,3.091922660379667,0.5,DN-DEV-02,geographic_distance,osm:node:4171964390
0.02991410956204706,0.9140963687150838,1.5528920191890827,0.25,DN-DEV-02,geographic_distance,osm:node:4171971289
0.2688323578766111,0.5,4.050666725480221,0.5,DN-DEV-02,geographic_distance,osm:node:4221031594
0.2753792685875109,0.5,0.26509399680414825,0.5,DN-DEV-02,geographic_distance,osm:node:4225643190
0.2588735129535706,0.5,0.0975539278487262,0.5,DN-DEV-02,geographic_distance,osm:node:4253896690
0.2592140683387043,0.9112500000000001,16.06746257226916,0.25,DN-DEV-02,geographic_distance,osm:node:4280016689
0.26874270192446664,0.5,1.1800705214460196,0.5,DN-DEV-02,geographic_distance,osm:node:4352229289
0.2792621456550387,0.5,0.23810957265504692,0.25,DN-DEV-02,geographic_distance,osm:node:4352265289
0.24934341786310754,0.5,0.21998190842661408,0.5,DN-DEV-02,geographic_distance,osm:node:4389441895
0.2726431443303728,0.5,0.2823886269774909,0.25,DN-DEV-02,geographic_distance,osm:node:4461175292
0.25934419942891795,0.5,0.2275304700152599,0.5,DN-DEV-02,geographic_distance,osm:node:4614061399
0.2664663396284981,0.5,0.8791000143961352,0.5,DN-DEV-02,geographic_distance,osm:node:4631365689
0.2759978101873318,0.5,1.0728601090360563,0.5,DN-DEV-02,geographic_distance,osm:node:4706534566
0.25980308294825455,0.5,0.22527480905865205,0.5,DN-DEV-02,geographic_distance,osm:node:4717672963
0.25781272085885304,0.5,0.301093227075764,0.5,DN-DEV-02,geographic_distance,osm:node:4770510721
0.2759978101873318,0.5,2.5876794464186523,0.5,DN-DEV-02,geographic_distance,osm:node:4821984428
0.25833477338132127,0.5,0.18743060614220017,0.5,DN-DEV-02,geographic_distance,osm:node:4844888422
0.26620030330350886,0.5,0.15962517658178077,0.5,DN-DEV-02,geographic_distance,osm:node:4905288121
0.2606642576853042,0.5,0.2968037351889074,0.5,DN-DEV-02,geographic_distance,osm:node:5107806021
0.2759978101873318,0.5,0.5841651202332452,0.5,DN-DEV-02,geographic_distance,osm:node:5250607284
0.2736349896984021,0.5,3.8753293271069893,0.5,DN-DEV-02,geographic_distance,osm:node:5265545321
0.262519784631854,0.5,0.09804926484489374,0.5,DN-DEV-02,geographic_distance,osm:node:5444164055
0.26590330751250296,0.5,0.17434978740069323,0.5,DN-DEV-02,geographic_distance,osm:node:5444645841
0.26305847911798014,0.5,0.28986501177115637,0.5,DN-DEV-02,geographic_distance,osm:node:5444674051
0.26228481804670445,0.5,0.2881510901411302,0.5,DN-DEV-02,geographic_distance,osm:node:5444684504
0.2564474673372763,0.5,0.28454794821106594,0.5,DN-DEV-02,geographic_distance,osm:node:5444685779
0.2758010865141098,0.5,0.19970451531279343,0.5,DN-DEV-02,geographic_distance,osm:node:5444693768
0.27135577841057723,0.5,19.99139595734398,0.5,DN-DEV-02,geographic_distance,osm:node:5485709524
0.257538783496093,0.8404618632884666,2.9633877259465904,0.5,DN-DEV-02,geographic_distance,osm:node:5513474821
0.2676852369882094,0.5,0.4658907427366056,0.5,DN-DEV-02,geographic_distance,osm:node:5611617221
0.2759978101873318,0.5,0.41334440348317253,0.25,DN-DEV-02,geographic_distance,osm:node:5613322622
0.2726431443303728,0.5,0.9617672786952384,0.25,DN-DEV-02,geographic_distance,osm:node:5677701323
0.2587637246678764,0.5,0.10343122489942154,0.5,DN-DEV-02,geographic_distance,osm:node:5809954055
0.26599000620305113,0.5,0.44440276343441176,0.5,DN-DEV-02,geographic_distance,osm:node:6034005613
0.2684016512721246,0.5,19.923491667880953,0.5,DN-DEV-02,geographic_distance,osm:node:6378039485
0.2631698912325708,0.5,0.2998351503389943,0.25,DN-DEV-02,geographic_distance,osm:node:6602487652
0.2694037118004572,0.5,0.7215564001616593,0.5,DN-DEV-02,geographic_distance,osm:node:7055486785
0.25041142615384204,0.7879471544715446,0.37561772847524777,0.5,DN-DEV-02,geographic_distance,osm:node:7127464285
0.26174587239649777,0.5,0.1881112075523457,0.5,DN-DEV-02,geographic_distance,osm:node:7208591085
0.26768690703249276,0.5,18.234177327755855,0.5,DN-DEV-02,geographic_distance,osm:node:7705144085
0.2695394832590668,0.5,6.405940656847144,0.5,DN-DEV-02,geographic_distance,osm:node:7721404199
0.2418189924027208,0.5,0.2641114344966479,0.5,DN-DEV-02,geographic_distance,osm:node:8178692401
0.2567805363788835,0.8857990867579908,15.473211914117345,0.5,DN-DEV-02,geographic_distance,osm:node:8474743417
0.007418479592551458,0.893104641168887,6.295841447306121,0.5,DN-DEV-02,geographic_distance,osm:node:8883385553
0.2604241694948814,0.9194470164609052,1.0677996675404182,0.5,DN-DEV-02,geographic_distance,osm:relation:2836882
0.013254583756222934,0.8800102950474773,15.503411645901146,0.5,DN-DEV-02,geographic_distance,osm:relation:8552348
0.2600875410760695,0.8588525530694204,18.287432125218196,0.5,DN-DEV-02,geographic_distance,osm:way:1076716243
0.0,0.9395148732159239,1.3891617778884162,0.5,DN-DEV-02,geographic_distance,osm:way:14131302
0.2684206224815559,0.5,0.06558599442266935,0.5,DN-DEV-02,geographic_distance,osm:way:212215308
0.26207287594899714,0.9494509345794393,18.233788991084968,0.5,DN-DEV-02,geographic_distance,osm:way:302944359
0.03996847343356136,0.8886054421768707,0.5810715256682271,0.5,DN-DEV-02,geographic_distance,osm:way:35952591
0.27184716323279057,0.8533258928571428,0.40390054278501974,0.5,DN-DEV-02,geographic_distance,osm:way:565186618
0.2759978101873318,0.5,0.13236914945961167,0.5,DN-DEV-02,geographic_distance,osm:way:565280048
0.2752878544123375,0.5,0.2045820992883363,0.5,DN-DEV-02,geographic_distance,osm:way:565592419
0.25048375454314936,0.5,0.1795779603423158,0.5,DN-DEV-02,geographic_distance,osm:way:631732355
0.2611745814098966,0.5,0.2689288366687641,0.25,DN-DEV-02,geographic_distance,osm:way:632030501
0.0,0.9797325417355541,13.429454571197331,0.5,DN-DEV-02,geographic_distance,osm:way:782381624
0.2806591746866341,0.5,9.317818103681454,0.5,DN-DEV-02,geographic_distance,osm:way:791093474
0.0,0.8958907420836354,19.548741798426533,0.25,DN-DEV-02,geographic_distance,poi-google:097516ae1819b8c9e6ae899d
0.2556372375618544,0.8745302445302444,18.287403776185435,0.25,DN-DEV-02,geographic_distance,poi-google:213a7020d00931869d51e9c1
0.7658582700069692,0.8600491875564164,0.3167820603682276,0.5,DN-DEV-02,geographic_distance,poi-google:270efa89c4fa1b1bdeb4cdcd
0.2521335614808268,0.8595177469135802,0.3817002937771925,0.5,DN-DEV-02,geographic_distance,poi-google:30d49ba30108437ac7f52313
0.8728932718073779,0.9547974288607926,0.5306071335297965,0.5,DN-DEV-02,geographic_distance,poi-google:3aac3427ee25b18a817027e9
0.037497672629584665,0.828937728937729,18.855384429512846,0.5,DN-DEV-02,geographic_distance,poi-google:3b5cd70d6b7f942685ca3c09
0.028274680545658914,0.840607433178336,19.806745195281113,0.5,DN-DEV-02,geographic_distance,poi-google:425da5752eae0ae37d75d144
0.0,0.8806827103601298,14.142604440247958,0.25,DN-DEV-02,geographic_distance,poi-google:736d4e08506d80cd51320786
0.0,0.8600581940749119,4.044257682950797,0.5,DN-DEV-02,geographic_distance,poi-google:778bc1f6ad86906ad361ea00
0.2563472604965978,0.8571428571428571,19.809848661290644,0.25,DN-DEV-02,geographic_distance,poi-google:842961083df2d09d44c6c919
0.7874743460597925,0.8932703775997846,15.436745938484135,0.25,DN-DEV-02,geographic_distance,poi-google:94fe56282cbce6151cb0f160
0.025627589359907745,0.8928389915484887,17.135232515103148,0.5,DN-DEV-02,geographic_distance,poi-google:96fd68df4dc2cab5e610d373
0.0,0.9609145880574452,19.87796727310983,0.25,DN-DEV-02,geographic_distance,poi-google:9c82e6c8558ba33b3f9ec70a
0.2571800377589295,0.9182451051486584,19.301472501027824,0.5,DN-DEV-02,geographic_distance,poi-google:bcdc26372d6b4215d4917d47
0.0,0.9295569034317637,15.32691306300204,0.5,DN-HOLD-01,geographic_distance,osm:node:10304609242
0.0,0.9583948765632757,4.964886154120874,0.5,DN-HOLD-01,geographic_distance,osm:node:10310109109
0.0,0.5,4.485253073342484,0.5,DN-HOLD-01,geographic_distance,osm:node:10312969476
0.0,0.9573223787364802,15.827482427544235,0.5,DN-HOLD-01,geographic_distance,osm:node:10536187009
0.0,0.9758520849324679,16.339978704586073,0.5,DN-HOLD-01,geographic_distance,osm:node:10652658505
0.31223431690146136,0.8941007655700393,0.4815694645334095,0.5,DN-HOLD-01,geographic_distance,osm:node:10709724107
0.0,0.9393655941831843,5.275296744618472,0.5,DN-HOLD-01,geographic_distance,osm:node:10749874405
0.0,0.9715268426408592,6.214844833133582,0.5,DN-HOLD-01,geographic_distance,osm:node:10773540605
0.0,0.9578208458914771,13.847438589558136,0.5,DN-HOLD-01,geographic_distance,osm:node:10959238968
0.3154326594397713,0.7850658561296859,7.846063529581318,0.5,DN-HOLD-01,geographic_distance,osm:node:11176025737
0.0,0.9595321994663839,8.365541057385078,0.5,DN-HOLD-01,geographic_distance,osm:node:11665246470
0.0,0.5,4.571466411673217,0.5,DN-HOLD-01,geographic_distance,osm:node:11684513272
0.3325638458863691,0.8769861362266426,5.935468758099892,0.5,DN-HOLD-01,geographic_distance,osm:node:11934169470
0.0,0.5,4.7426890588286135,0.5,DN-HOLD-01,geographic_distance,osm:node:13009347078
0.0,0.5,4.962429701744717,0.5,DN-HOLD-01,geographic_distance,osm:node:13026042501
0.0,0.5,4.357346821184283,0.5,DN-HOLD-01,geographic_distance,osm:node:13040636501
0.0,0.5,4.634432308595392,0.25,DN-HOLD-01,geographic_distance,osm:node:13294206501
0.0,0.5,4.87172704130166,0.5,DN-HOLD-01,geographic_distance,osm:node:13373374201
0.0,0.5,4.63828183179461,0.5,DN-HOLD-01,geographic_distance,osm:node:13563775401
0.0,0.5,2.8279365966410217,0.25,DN-HOLD-01,geographic_distance,osm:node:13784209321
0.35436311266661275,0.5,18.423181458181606,0.25,DN-HOLD-01,geographic_distance,osm:node:13797708575
0.0,0.5,4.637016592651262,0.5,DN-HOLD-01,geographic_distance,osm:node:13805547596
0.0,0.5,4.953087342510292,0.5,DN-HOLD-01,geographic_distance,osm:node:13808256915
0.0,0.5,2.900793463135374,0.25,DN-HOLD-01,geographic_distance,osm:node:14022626695
0.0,0.5,4.996372959607159,0.5,DN-HOLD-01,geographic_distance,osm:node:14041058901
0.0,0.5,4.976324235265898,0.5,DN-HOLD-01,geographic_distance,osm:node:14069782201
0.3023372375422282,0.9614932392710172,18.58178229464826,0.25,DN-HOLD-01,geographic_distance,osm:node:14078442086
0.0,0.5,4.878733006988341,0.5,DN-HOLD-01,geographic_distance,osm:node:14172705701
0.31439613788956944,0.861689367543026,15.741209237015527,0.5,DN-HOLD-01,geographic_distance,osm:node:2076855954
0.41887768464004316,0.5,15.651649817901209,0.25,DN-HOLD-01,geographic_distance,osm:node:2617007574
0.3185979563601189,0.9140963687150838,16.732494759133534,0.25,DN-HOLD-01,geographic_distance,osm:node:4171971289
0.7447554884998866,0.9112500000000001,0.9245770113507487,0.25,DN-HOLD-01,geographic_distance,osm:node:4280016689
0.0,0.5,4.534405153254915,0.5,DN-HOLD-01,geographic_distance,osm:node:4352266089
0.7701451657510562,0.5,9.055410538935723,0.5,DN-HOLD-01,geographic_distance,osm:node:5216168822
0.3292210144114315,0.919531530726257,6.312689510660425,0.5,DN-HOLD-01,geographic_distance,osm:node:5273998823
0.0,0.5,4.860312561143279,0.5,DN-HOLD-01,geographic_distance,osm:node:5432960921
0.0,0.5,4.647174785132134,0.5,DN-HOLD-01,geographic_distance,osm:node:5485445021
0.0,0.5,4.485316927540088,0.5,DN-HOLD-01,geographic_distance,osm:node:6378039485
0.0,0.5,5.1543122595542785,0.5,DN-HOLD-01,geographic_distance,osm:node:7705143985
0.011957290409050619,0.8857990867579908,1.0070306269402012,0.5,DN-HOLD-01,geographic_distance,osm:node:8474743417
0.0,0.5,4.02458364155783,0.5,DN-HOLD-01,geographic_distance,osm:node:8624261430
0.024280315661937932,0.9198595417364338,8.202944187984043,0.25,DN-HOLD-01,geographic_distance,osm:relation:19000664
0.746848113317835,0.9194470164609052,14.458445010328779,0.5,DN-HOLD-01,geographic_distance,osm:relation:2836882
0.799498122510458,0.9378225032687508,13.583737326469548,0.25,DN-HOLD-01,geographic_distance,osm:relation:7055216
0.771912721290454,0.8800102950474773,0.06264209301916557,0.5,DN-HOLD-01,geographic_distance,osm:relation:8552348
0.004762572189629385,0.8588525530694204,2.863224982996546,0.5,DN-HOLD-01,geographic_distance,osm:way:1076716243
0.0054262570689529365,0.903680387409201,5.52029563011724,0.5,DN-HOLD-01,geographic_distance,osm:way:118672509
0.7553064012368428,0.5,7.097947095448624,0.5,DN-HOLD-01,geographic_distance,osm:way:1386932720
0.016589803732849073,0.9395148732159239,16.483583490607423,0.5,DN-HOLD-01,geographic_distance,osm:way:14131302
0.748996389057885,0.8929066265060241,9.795178041359561,0.5,DN-HOLD-01,geographic_distance,osm:way:1422444084
0.0,0.5,4.7791499843055725,0.5,DN-HOLD-01,geographic_distance,osm:way:1463167266
0.7496992171497606,0.9494509345794393,5.107164691922899,0.5,DN-HOLD-01,geographic_distance,osm:way:302944359
0.32803910033964506,0.8886054421768707,15.920188885811585,0.5,DN-HOLD-01,geographic_distance,osm:way:35952591
0.7370142804431035,0.9000450193929692,10.873171431439626,0.5,DN-HOLD-01,geographic_distance,osm:way:486703049
0.7372508015947203,0.8533258928571428,15.379773290414294,0.5,DN-HOLD-01,geographic_distance,osm:way:565186618
0.31635809264268244,0.5,7.429176889961801,0.5,DN-HOLD-01,geographic_distance,osm:way:694831926
0.3369821800685675,0.9116176208311039,7.119365916893812,0.25,DN-HOLD-01,geographic_distance,poi-google:06fd7684a756790c4e7cb15a
0.04909168591732423,0.8958907420836354,4.180623001767059,0.25,DN-HOLD-01,geographic_distance,poi-google:097516ae1819b8c9e6ae899d
0.8129783219600191,0.9366771965464704,13.026333498815896,0.25,DN-HOLD-01,geographic_distance,poi-google:0d78192558cd42efde612465
0.3391192058522957,0.8847466810836787,7.294486961985893,0.5,DN-HOLD-01,geographic_distance,poi-google:183431090e55bb6426c6b964
0.0462416929818334,0.9057375145180023,10.914534086121984,0.5,DN-HOLD-01,geographic_distance,poi-google:1c7f749f3ec420427df4f967
0.01073144540833966,0.8745302445302444,3.0241735834057026,0.25,DN-HOLD-01,geographic_distance,poi-google:213a7020d00931869d51e9c1
0.33076125481850893,0.8600491875564164,15.59031162086428,0.5,DN-HOLD-01,geographic_distance,poi-google:270efa89c4fa1b1bdeb4cdcd
0.04537917332335208,0.9195424836601308,18.41818510738278,0.25,DN-HOLD-01,geographic_distance,poi-google:3540cb76454a2dddabf74b4c
0.34370331943612464,0.8953455066237022,15.039267381084894,0.25,DN-HOLD-01,geographic_distance,poi-google:394a5b600c264b6a13896254
0.321539172044432,0.9547974288607926,15.760136797025435,0.5,DN-HOLD-01,geographic_distance,poi-google:3aac3427ee25b18a817027e9
0.32394202762234336,0.828937728937729,8.106529570593999,0.5,DN-HOLD-01,geographic_distance,poi-google:3b5cd70d6b7f942685ca3c09
0.039335390127793274,0.9197875984926345,6.92895274953787,0.25,DN-HOLD-01,geographic_distance,poi-google:3f4a179ef8edb5fa07b7a1a3
0.34297623622326623,0.840607433178336,7.708690279859442,0.5,DN-HOLD-01,geographic_distance,poi-google:425da5752eae0ae37d75d144
0.04391780917539543,0.928806678049706,6.127014032785336,0.5,DN-HOLD-01,geographic_distance,poi-google:44589dd0fee354e42160f01b
0.048240041200172466,0.9267065470255899,5.753164248758301,0.25,DN-HOLD-01,geographic_distance,poi-google:4be563d872732c20923e7dc5
0.322773548124331,0.8663492063492064,9.212072912348864,0.25,DN-HOLD-01,geographic_distance,poi-google:526b2b20016eb1de5533d5fe
0.01887742550234837,0.9161517070142766,16.047423478020566,0.5,DN-HOLD-01,geographic_distance,poi-google:5d675953ee6379f755940b59
0.03525772668733425,0.9082034976152624,5.72574924865777,0.25,DN-HOLD-01,geographic_distance,poi-google:5f4830143ea064085bd78b52
0.32244871276360215,0.9196830909598989,8.558048753094203,0.5,DN-HOLD-01,geographic_distance,poi-google:5fe82be03ab7e639f3ffa3cc
0.04858481264141911,0.9162123700054734,5.05676241549751,0.25,DN-HOLD-01,geographic_distance,poi-google:65dd50a3316d5f4bbe68a58b
0.015450909268767209,0.9080180167597766,7.270115001063489,0.25,DN-HOLD-01,geographic_distance,poi-google:6d973efb974e368df3807632
0.03442538986431208,0.8806827103601298,1.4605995719440594,0.25,DN-HOLD-01,geographic_distance,poi-google:736d4e08506d80cd51320786
0.33421188236427946,0.8642094185740594,11.36681631409956,0.25,DN-HOLD-01,geographic_distance,poi-google:7f69b6e695dc5f4e6b42447a
0.3311680124147302,0.9195045173260802,12.871789729726665,0.5,DN-HOLD-01,geographic_distance,poi-google:82a88775641ea2336484d593
0.004096757061015112,0.8571428571428571,4.3705039927154985,0.25,DN-HOLD-01,geographic_distance,poi-google:842961083df2d09d44c6c919
0.0456009015538837,0.93749703908409,7.009503316360566,0.25,DN-HOLD-01,geographic_distance,poi-google:8617d848944c924d30b5c956
0.3338715359115255,0.8989480924060362,14.754907403292812,0.5,DN-HOLD-01,geographic_distance,poi-google:89740ab6d7ec7732c00fa5ef
0.3472806602734913,0.8932703775997846,0.05595358583661036,0.25,DN-HOLD-01,geographic_distance,poi-google:94fe56282cbce6151cb0f160
0.33708036625758464,0.8928389915484887,1.951117032756833,0.5,DN-HOLD-01,geographic_distance,poi-google:96fd68df4dc2cab5e610d373
0.040126630532424164,0.9609145880574452,4.502658558709799,0.25,DN-HOLD-01,geographic_distance,poi-google:9c82e6c8558ba33b3f9ec70a
0.046352050317397336,0.917845804988662,7.948984846947215,0.25,DN-HOLD-01,geographic_distance,poi-google:9f6b613e52c6d0f34461666b
0.3137159921508071,0.8614512471655329,16.405704436556363,0.5,DN-HOLD-01,geographic_distance,poi-google:9fcb3d12cf8dc2789dbd17be
0.04634173623484642,0.8573710965867829,4.9578388538018086,0.5,DN-HOLD-01,geographic_distance,poi-google:a5e26a17b144b3122a2c0ffe
0.0485615958536107,0.8997415313507269,5.0325631741626475,0.25,DN-HOLD-01,geographic_distance,poi-google:a656101db03a62ca2415442f
0.3232760491560041,0.9123809523809523,8.294581851689244,0.5,DN-HOLD-01,geographic_distance,poi-google:ad16e3c56ab01b415a3bce36
0.0469145322783844,0.9249170437405733,7.559119228739814,0.5,DN-HOLD-01,geographic_distance,poi-google:b74ba86b934986c0af360ab1
0.012752988429118138,0.925210643588336,7.499638054270497,0.25,DN-HOLD-01,geographic_distance,poi-google:b791504c992c0abe3b3e6c17
0.00520903671275293,0.9182451051486584,4.687386705021036,0.5,DN-HOLD-01,geographic_distance,poi-google:bcdc26372d6b4215d4917d47
0.3887870340067539,0.9028729817668365,16.269773198288362,0.25,DN-HOLD-01,geographic_distance,poi-google:bf2824fb0db1bbed8775e338
0.38691510575157356,0.8995368501996536,13.180543612804065,0.5,DN-HOLD-01,geographic_distance,poi-google:c69f307ab4206664bf1a4923
0.04551135082972347,0.9194849862289795,7.652801021411877,0.5,DN-HOLD-01,geographic_distance,poi-google:d6565b2cea1890f2a4dca6c0
0.7900552844068621,0.88350350270462,21.394509920032817,0.25,DN-HOLD-01,geographic_distance,poi-google:fb65138477020d96c1ac1463
0.012369858466461768,0.9583948765632757,4.9747236218753415,0.5,DN-HOLD-02,geographic_distance,osm:node:10310109109
0.41123318791411845,0.8941007655700393,9.096954559981581,0.5,DN-HOLD-02,geographic_distance,osm:node:10709724107
0.0,0.9393655941831843,4.92243172648664,0.5,DN-HOLD-02,geographic_distance,osm:node:10749874405
0.0,0.9715268426408592,4.545210638962335,0.5,DN-HOLD-02,geographic_distance,osm:node:10773540605
0.3607951146105799,0.7850658561296859,2.0298688414887307,0.5,DN-HOLD-02,geographic_distance,osm:node:11176025737
0.0,0.9595321994663839,2.522631050749704,0.5,DN-HOLD-02,geographic_distance,osm:node:11665246470
0.028677351009819073,0.5,0.7518673509583867,0.5,DN-HOLD-02,geographic_distance,osm:node:11715206469
0.3607989333963914,0.5,4.489408702344101,0.5,DN-HOLD-02,geographic_distance,osm:node:11888483369
0.3625804016191498,0.8769861362266426,2.8260737972173993,0.5,DN-HOLD-02,geographic_distance,osm:node:11934169470
0.0,0.5,1.00355253570066,0.5,DN-HOLD-02,geographic_distance,osm:node:12612220720
0.028468727735456625,0.5,1.4272506305509391,0.5,DN-HOLD-02,geographic_distance,osm:node:12690043401
0.03417582455037679,0.5,1.8354155998735637,0.5,DN-HOLD-02,geographic_distance,osm:node:13288511161
0.04450659519111379,0.5,2.0258461252029876,0.5,DN-HOLD-02,geographic_distance,osm:node:13288674354
0.0,0.5,0.35995632206938466,0.5,DN-HOLD-02,geographic_distance,osm:node:13340074016
0.0,0.5,2.0678196979116246,0.5,DN-HOLD-02,geographic_distance,osm:node:13744719202
0.37360151072495407,0.9112500000000001,7.799223805326927,0.25,DN-HOLD-02,geographic_distance,osm:node:4280016689
0.0,0.5,0.8989082070687255,0.25,DN-HOLD-02,geographic_distance,osm:node:4281489185
0.0,0.5,1.7057558541323596,0.5,DN-HOLD-02,geographic_distance,osm:node:4339674497
0.0339955981121612,0.5,1.64072573406882,0.5,DN-HOLD-02,geographic_distance,osm:node:4339674598
0.0339955981121612,0.5,1.9349155326830954,0.5,DN-HOLD-02,geographic_distance,osm:node:4464451389
0.02979036608902321,0.5,1.5573320686124172,0.5,DN-HOLD-02,geographic_distance,osm:node:4541527689
0.0,0.5,1.3979588224556665,0.5,DN-HOLD-02,geographic_distance,osm:node:4571159189
0.0,0.5,1.721902735220843,0.5,DN-HOLD-02,geographic_distance,osm:node:4652751790
0.0,0.5,1.573195959323235,0.5,DN-HOLD-02,geographic_distance,osm:node:4676094289
0.031119282846779835,0.5,1.731030258416854,0.5,DN-HOLD-02,geographic_distance,osm:node:5116302323
0.38837295190617604,0.5,2.5179568558041394,0.5,DN-HOLD-02,geographic_distance,osm:node:5216168822
0.0,0.919531530726257,2.942265486852479,0.5,DN-HOLD-02,geographic_distance,osm:node:5273998823
0.03199677762077823,0.5,0.9720978983043603,0.5,DN-HOLD-02,geographic_distance,osm:node:5293335937
0.0,0.5,1.7133859877412585,0.5,DN-HOLD-02,geographic_distance,osm:node:5301723622
0.0380586254241914,0.5,2.079137577450928,0.5,DN-HOLD-02,geographic_distance,osm:node:5796473953
0.0,0.5,1.514292811934883,0.5,DN-HOLD-02,geographic_distance,osm:node:5913221638
0.02459193177288784,0.5,1.1008454686827385,0.5,DN-HOLD-02,geographic_distance,osm:node:5978084714
0.02775028550453131,0.5,1.7204018281823197,0.5,DN-HOLD-02,geographic_distance,osm:node:6152597685
0.026134104452684256,0.5,1.9117907909994025,0.5,DN-HOLD-02,geographic_distance,osm:node:6152603585
0.028754917837798957,0.5,1.7551818096572498,0.5,DN-HOLD-02,geographic_distance,osm:node:6152681085
0.03343136834228909,0.5,2.08052230295416,0.5,DN-HOLD-02,geographic_distance,osm:node:6152685685
0.019976081846893572,0.5,1.9359599911399423,0.25,DN-HOLD-02,geographic_distance,osm:node:6561782799
0.030139651665787366,0.5,1.5859210215081831,0.5,DN-HOLD-02,geographic_distance,osm:node:6911218676
0.03222231596859495,0.5,1.0522049820383037,0.5,DN-HOLD-02,geographic_distance,osm:node:7370362779
0.8679278815392151,0.8857990867579908,8.288640991948565,0.5,DN-HOLD-02,geographic_distance,osm:node:8474743417
0.024667357284212606,0.5,1.401316577501472,0.5,DN-HOLD-02,geographic_distance,osm:node:8474743517
0.026170118227265875,0.5,1.7400401595079054,0.5,DN-HOLD-02,geographic_distance,osm:node:8552881467
0.0,0.5,1.4182994528553796,0.5,DN-HOLD-02,geographic_distance,osm:node:8616526719
0.02920082183647124,0.5,1.3956695911463148,0.5,DN-HOLD-02,geographic_distance,osm:node:8616536517
0.0,0.5,1.1767170274774241,0.5,DN-HOLD-02,geographic_distance,osm:node:8616537318
0.43115281938073075,0.893104641168887,17.346664265333608,0.5,DN-HOLD-02,geographic_distance,osm:node:8883385553
0.002404611809558202,0.9198595417364338,5.325543218311926,0.25,DN-HOLD-02,geographic_distance,osm:relation:19000664
0.0,0.9378225032687508,10.072438507092777,0.25,DN-HOLD-02,geographic_distance,osm:relation:7055216
0.35908833651181427,0.8588525530694204,5.908239362488273,0.5,DN-HOLD-02,geographic_distance,osm:way:1076716243
0.3603548352190107,0.903680387409201,3.242035335867819,0.5,DN-HOLD-02,geographic_distance,osm:way:118672509
0.3591594359507983,0.8245471769609699,2.347018971248956,0.5,DN-HOLD-02,geographic_distance,osm:way:1326219930
0.8391714251606798,0.8598886215806825,3.2629875548408784,0.5,DN-HOLD-02,geographic_distance,osm:way:1368599361
0.0,0.8947322212467077,1.792548688512955,0.25,DN-HOLD-02,geographic_distance,osm:way:1384907056
0.3802553975322681,0.5,4.4947904520318,0.5,DN-HOLD-02,geographic_distance,osm:way:1386932720
0.37583792157327534,0.8929066265060241,2.326134623399714,0.5,DN-HOLD-02,geographic_distance,osm:way:1422444084
0.03136047785171198,0.5,1.530095736441877,0.5,DN-HOLD-02,geographic_distance,osm:way:1535565789
0.35828615605513214,0.7424866343404204,3.2105143723569354,0.5,DN-HOLD-02,geographic_distance,osm:way:1556362196
0.36135709434952895,0.859987618015787,2.0157782827826254,0.5,DN-HOLD-02,geographic_distance,osm:way:204790989
0.3612687249939208,0.7800819677299352,2.8240046285087184,0.5,DN-HOLD-02,geographic_distance,osm:way:204885903
0.8007474202654249,0.8400707757016905,2.32049589233006,0.5,DN-HOLD-02,geographic_distance,osm:way:302872188
0.3762085533170947,0.9494509345794393,5.928074180097799,0.5,DN-HOLD-02,geographic_distance,osm:way:302944359
0.36614787463502163,0.9000450193929692,9.601717963432495,0.5,DN-HOLD-02,geographic_distance,osm:way:486703049
0.35870178731860664,0.5,2.8471330492102838,0.5,DN-HOLD-02,geographic_distance,osm:way:694831926
0.8382412026425193,0.8985767569689832,2.5094604854577667,0.5,DN-HOLD-02,geographic_distance,osm:way:759913076
0.0,0.8980392156862745,4.932449291374826,0.5,DN-HOLD-02,geographic_distance,osm:way:962130353
0.36363786645191404,0.9116176208311039,2.2984991971606084,0.25,DN-HOLD-02,geographic_distance,poi-google:06fd7684a756790c4e7cb15a
0.8473649991837584,0.8404812981298131,9.389487902841411,0.5,DN-HOLD-02,geographic_distance,poi-google:07808f89028d3f46a34ffa87
0.0,0.8958907420836354,5.677497352816186,0.25,DN-HOLD-02,geographic_distance,poi-google:097516ae1819b8c9e6ae899d
0.0,0.9366771965464704,10.736167135033954,0.25,DN-HOLD-02,geographic_distance,poi-google:0d78192558cd42efde612465
0.0,0.9057375145180023,8.00009301361518,0.5,DN-HOLD-02,geographic_distance,poi-google:1c7f749f3ec420427df4f967
0.7989310092864013,0.8745302445302444,5.593328551587737,0.25,DN-HOLD-02,geographic_distance,poi-google:213a7020d00931869d51e9c1
0.0,0.9195424836601308,9.801831124378777,0.25,DN-HOLD-02,geographic_distance,poi-google:3540cb76454a2dddabf74b4c
0.38590056012568125,0.8953455066237022,16.063224563731755,0.25,DN-HOLD-02,geographic_distance,poi-google:394a5b600c264b6a13896254
0.3633876268929456,0.828937728937729,7.850000079481455,0.5,DN-HOLD-02,geographic_distance,poi-google:3b5cd70d6b7f942685ca3c09
0.0,0.9197875984926345,4.829606894463799,0.25,DN-HOLD-02,geographic_distance,poi-google:3f4a179ef8edb5fa07b7a1a3
0.0,0.928806678049706,4.8307859360059275,0.5,DN-HOLD-02,geographic_distance,poi-google:44589dd0fee354e42160f01b
0.0,0.9267065470255899,3.361374672949444,0.25,DN-HOLD-02,geographic_distance,poi-google:4be563d872732c20923e7dc5
0.36023723445280964,0.8663492063492064,3.190113937208948,0.25,DN-HOLD-02,geographic_distance,poi-google:526b2b20016eb1de5533d5fe
0.35971464297321243,0.8347985347985347,1.9690873047683328,0.25,DN-HOLD-02,geographic_distance,poi-google:54f6c1d76c715ccf3460f85c
0.3606881385081602,0.8202946014288168,3.0587478652955187,0.5,DN-HOLD-02,geographic_distance,poi-google:58a9ee978ea54208647f7d40
0.35762803546216954,0.9161517070142766,7.440325038590678,0.5,DN-HOLD-02,geographic_distance,poi-google:5d675953ee6379f755940b59
0.0,0.9082034976152624,2.9052174303487943,0.25,DN-HOLD-02,geographic_distance,poi-google:5f4830143ea064085bd78b52
0.0,0.9196830909598989,3.286776985650318,0.5,DN-HOLD-02,geographic_distance,poi-google:5fe82be03ab7e639f3ffa3cc
0.0,0.9162123700054734,5.121747208621044,0.25,DN-HOLD-02,geographic_distance,poi-google:65dd50a3316d5f4bbe68a58b
0.3626485388680206,0.8768253968253967,16.900244420285546,0.5,DN-HOLD-02,geographic_distance,poi-google:6d698f62b590c54346ad832a
0.35624344054809054,0.9080180167597766,2.3376188098751935,0.25,DN-HOLD-02,geographic_distance,poi-google:6d973efb974e368df3807632
0.36297483548192194,0.8642094185740594,11.668853640169475,0.25,DN-HOLD-02,geographic_distance,poi-google:7f69b6e695dc5f4e6b42447a
0.36224632892392444,0.9195045173260802,10.348110941676996,0.5,DN-HOLD-02,geographic_distance,poi-google:82a88775641ea2336484d593
0.0,0.93749703908409,2.306484541763972,0.25,DN-HOLD-02,geographic_distance,poi-google:8617d848944c924d30b5c956
0.3673989534505247,0.8989480924060362,10.090476933084503,0.5,DN-HOLD-02,geographic_distance,poi-google:89740ab6d7ec7732c00fa5ef
0.3882735650205927,0.8932703775997846,8.64238688151027,0.25,DN-HOLD-02,geographic_distance,poi-google:94fe56282cbce6151cb0f160
0.0,0.9609145880574452,5.453223609951558,0.25,DN-HOLD-02,geographic_distance,poi-google:9c82e6c8558ba33b3f9ec70a
0.0031542959711733294,0.917845804988662,5.210831614878026,0.25,DN-HOLD-02,geographic_distance,poi-google:9f6b613e52c6d0f34461666b
0.0,0.8997415313507269,5.17377241632477,0.25,DN-HOLD-02,geographic_distance,poi-google:a656101db03a62ca2415442f
0.36035750085809043,0.9123809523809523,5.157117064255481,0.5,DN-HOLD-02,geographic_distance,poi-google:ad16e3c56ab01b415a3bce36
0.003476245279309218,0.9249170437405733,2.457852021818831,0.5,DN-HOLD-02,geographic_distance,poi-google:b74ba86b934986c0af360ab1
0.3551532582117116,0.925210643588336,2.401325413954907,0.25,DN-HOLD-02,geographic_distance,poi-google:b791504c992c0abe3b3e6c17
0.35994031726195785,0.9182451051486584,4.353403995179528,0.5,DN-HOLD-02,geographic_distance,poi-google:bcdc26372d6b4215d4917d47
0.0,0.9028729817668365,11.402854941937111,0.25,DN-HOLD-02,geographic_distance,poi-google:bf2824fb0db1bbed8775e338
0.0,0.8995368501996536,13.354598713994537,0.5,DN-HOLD-02,geographic_distance,poi-google:c69f307ab4206664bf1a4923
0.0,0.8815479876160991,0.9360065282189861,0.25,DN-HOLD-02,geographic_distance,poi-google:c7cf76efd90a14e904ff03a1
0.3604135873486628,0.8958030669895077,16.75078982824791,0.5,DN-HOLD-02,geographic_distance,poi-google:ca4f9cd188045f95668279fa
0.3737291993283416,0.8991645781119466,3.0988403806387637,0.5,DN-HOLD-02,geographic_distance,poi-google:cb408a9f9680098e49e55cfe
0.0,0.9194849862289795,4.987386179688923,0.5,DN-HOLD-02,geographic_distance,poi-google:d6565b2cea1890f2a4dca6c0
0.8366123727223205,0.8597480854494156,1.7623276449351135,0.25,DN-HOLD-02,geographic_distance,poi-google:f300365d20dfc26c09a203a2
0.0,0.9295569034317637,0.3597304061745405,0.5,DN-HOLD-03,geographic_distance,osm:node:10304609242
0.0,0.9583948765632757,20.3722494200301,0.5,DN-HOLD-03,geographic_distance,osm:node:10310109109
0.0,0.9573223787364802,0.4731760548051897,0.5,DN-HOLD-03,geographic_distance,osm:node:10536187009
0.0,0.5,0.19958585448194746,0.5,DN-HOLD-03,geographic_distance,osm:node:10635513085
0.0,0.9758520849324679,1.789397143148748,0.5,DN-HOLD-03,geographic_distance,osm:node:10652658505
0.8431172079732921,0.8941007655700393,15.014607654936755,0.5,DN-HOLD-03,geographic_distance,osm:node:10709724107
0.0,0.5,0.2680408366917033,0.5,DN-HOLD-03,geographic_distance,osm:node:10736260563
0.0,0.9393655941831843,20.669587103737506,0.5,DN-HOLD-03,geographic_distance,osm:node:10749874405
0.0,0.9715268426408592,21.609245882618662,0.5,DN-HOLD-03,geographic_distance,osm:node:10773540605
0.0,0.9578208458914771,3.8431650483179842,0.5,DN-HOLD-03,geographic_distance,osm:node:10959238968
0.31756972632648295,0.7850658561296859,23.220654780048452,0.5,DN-HOLD-03,geographic_distance,osm:node:11176025737
0.0,0.9595321994663839,23.783566426075424,0.5,DN-HOLD-03,geographic_distance,osm:node:11665246470
0.0031481738941092985,0.5,0.11060584447610759,0.5,DN-HOLD-03,geographic_distance,osm:node:11890992769
0.6938377012530553,0.5,2.530674818996729,0.5,DN-HOLD-03,geographic_distance,osm:node:11896339273
0.0,0.5,0.18654838927845963,0.5,DN-HOLD-03,geographic_distance,osm:node:11919603867
0.322581050344905,0.8769861362266426,21.227528320669588,0.5,DN-HOLD-03,geographic_distance,osm:node:11934169470
0.0,0.5,0.08901429984280713,0.5,DN-HOLD-03,geographic_distance,osm:node:12043189706
0.7011006171067691,0.5,0.7319556312531205,0.5,DN-HOLD-03,geographic_distance,osm:node:12344125229
0.0,0.5,0.2797446025391386,0.5,DN-HOLD-03,geographic_distance,osm:node:13120808702
0.0,0.5,0.2890220997450192,0.5,DN-HOLD-03,geographic_distance,osm:node:13124286901
0.0,0.5,0.08413901220793064,0.5,DN-HOLD-03,geographic_distance,osm:node:13124293801
0.0,0.5,0.0952742476971786,0.5,DN-HOLD-03,geographic_distance,osm:node:13537125073
0.34024025432054633,0.5,4.912516467610237,0.25,DN-HOLD-03,geographic_distance,osm:node:13797708575
0.0,0.5,0.1700729598872836,0.5,DN-HOLD-03,geographic_distance,osm:node:13888271701
0.29809500466171884,0.9614932392710172,4.3320132870893,0.25,DN-HOLD-03,geographic_distance,osm:node:14078442086
0.30786370849485073,0.861689367543026,0.3015010230729009,0.5,DN-HOLD-03,geographic_distance,osm:node:2076855954
0.6196824532885109,0.8261369509043925,0.30199297794358654,0.5,DN-HOLD-03,geographic_distance,osm:node:2076856032
0.0,0.5,0.1598352062336965,0.5,DN-HOLD-03,geographic_distance,osm:node:2461400758
0.0,0.5,0.26526231614721213,0.5,DN-HOLD-03,geographic_distance,osm:node:2461400765
0.8301523888972109,0.5,0.2358911986911134,0.25,DN-HOLD-03,geographic_distance,osm:node:2617007574
0.8040828080293729,0.8601381352506738,3.091922660379667,0.5,DN-HOLD-03,geographic_distance,osm:node:4171964390
0.8474695836715407,0.9140963687150838,1.5528920191890827,0.25,DN-HOLD-03,geographic_distance,osm:node:4171971289
0.0,0.5,0.26509399680414825,0.5,DN-HOLD-03,geographic_distance,osm:node:4225643190
0.0,0.5,0.0975539278487262,0.5,DN-HOLD-03,geographic_distance,osm:node:4253896690
0.2993370679366275,0.9112500000000001,16.06746257226916,0.25,DN-HOLD-03,geographic_distance,osm:node:4280016689
0.0,0.5,0.23810957265504692,0.25,DN-HOLD-03,geographic_distance,osm:node:4352265289
0.0,0.5,0.21998190842661408,0.5,DN-HOLD-03,geographic_distance,osm:node:4389441895
0.0,0.5,0.2823886269774909,0.25,DN-HOLD-03,geographic_distance,osm:node:4461175292
0.0,0.5,0.2275304700152599,0.5,DN-HOLD-03,geographic_distance,osm:node:4614061399
0.0,0.5,0.22527480905865205,0.5,DN-HOLD-03,geographic_distance,osm:node:4717672963
0.0,0.5,0.301093227075764,0.5,DN-HOLD-03,geographic_distance,osm:node:4770510721
0.0,0.5,0.18743060614220017,0.5,DN-HOLD-03,geographic_distance,osm:node:4844888422
0.007422252694422625,0.5,0.15962517658178077,0.5,DN-HOLD-03,geographic_distance,osm:node:4905288121
0.0,0.5,0.2968037351889074,0.5,DN-HOLD-03,geographic_distance,osm:node:5107806021
0.3099456275673811,0.5,24.463680549208068,0.5,DN-HOLD-03,geographic_distance,osm:node:5216168822
0.019493228676911434,0.919531530726257,21.70976954353226,0.5,DN-HOLD-03,geographic_distance,osm:node:5273998823
0.0,0.5,0.09804926484489374,0.5,DN-HOLD-03,geographic_distance,osm:node:5444164055
0.0,0.5,0.17434978740069323,0.5,DN-HOLD-03,geographic_distance,osm:node:5444645841
0.0,0.5,0.28986501177115637,0.5,DN-HOLD-03,geographic_distance,osm:node:5444674051
0.0,0.5,0.2881510901411302,0.5,DN-HOLD-03,geographic_distance,osm:node:5444684504
0.0,0.5,0.28454794821106594,0.5,DN-HOLD-03,geographic_distance,osm:node:5444685779
0.0,0.5,0.19970451531279343,0.5,DN-HOLD-03,geographic_distance,osm:node:5444693768
0.6381469328807275,0.8404618632884666,2.9633877259465904,0.5,DN-HOLD-03,geographic_distance,osm:node:5513474821
0.0,0.5,0.10343122489942154,0.5,DN-HOLD-03,geographic_distance,osm:node:5809954055
0.0,0.5,0.2998351503389943,0.25,DN-HOLD-03,geographic_distance,osm:node:6602487652
0.6151363665786488,0.7879471544715446,0.37561772847524777,0.5,DN-HOLD-03,geographic_distance,osm:node:7127464285
0.0,0.5,0.1881112075523457,0.5,DN-HOLD-03,geographic_distance,osm:node:7208591085
0.0,0.5,0.2641114344966479,0.5,DN-HOLD-03,geographic_distance,osm:node:8178692401
0.6304418128225915,0.8857990867579908,15.473211914117345,0.5,DN-HOLD-03,geographic_distance,osm:node:8474743417
0.6520007906796226,0.893104641168887,6.295841447306121,0.5,DN-HOLD-03,geographic_distance,osm:node:8883385553
0.0,0.9198595417364338,23.471496659238003,0.25,DN-HOLD-03,geographic_distance,osm:relation:19000664
0.3002412079566977,0.9194470164609052,1.0677996675404182,0.5,DN-HOLD-03,geographic_distance,osm:relation:2836882
0.02284193161010997,0.9378225032687508,28.311222273235988,0.25,DN-HOLD-03,geographic_distance,osm:relation:7055216
0.28988851832820756,0.903680387409201,20.400312264704954,0.5,DN-HOLD-03,geographic_distance,osm:way:118672509
0.6254337659395651,0.8598886215806825,24.42116043446866,0.5,DN-HOLD-03,geographic_distance,osm:way:1368599361
0.0,0.9395148732159239,1.3891617778884162,0.5,DN-HOLD-03,geographic_distance,osm:way:14131302
0.7520347075883156,0.904267974560339,25.263991823053473,0.5,DN-HOLD-03,geographic_distance,osm:way:198804483
0.0,0.5,0.06558599442266935,0.5,DN-HOLD-03,geographic_distance,osm:way:212215308
0.6075651756070455,0.8400707757016905,23.00294967819709,0.5,DN-HOLD-03,geographic_distance,osm:way:302872188
0.3014730566157167,0.9494509345794393,18.233788991084968,0.5,DN-HOLD-03,geographic_distance,osm:way:302944359
0.3189156332759286,0.8886054421768707,0.5810715256682271,0.5,DN-HOLD-03,geographic_distance,osm:way:35952591
0.0,0.5,0.13236914945961167,0.5,DN-HOLD-03,geographic_distance,osm:way:565280048
0.6954495421798927,0.5,0.2045820992883363,0.5,DN-HOLD-03,geographic_distance,osm:way:565592419
0.7056666333230452,0.5,26.23312589035284,0.5,DN-HOLD-03,geographic_distance,osm:way:627379326
0.0,0.5,0.1795779603423158,0.5,DN-HOLD-03,geographic_distance,osm:way:631732355
0.0,0.5,0.2689288366687641,0.25,DN-HOLD-03,geographic_distance,osm:way:632030501
0.309453053656111,0.5,22.859896483698236,0.5,DN-HOLD-03,geographic_distance,osm:way:694831926
0.6547220596300581,0.8985767569689832,24.376222020241194,0.5,DN-HOLD-03,geographic_distance,osm:way:759913076
0.0,0.9797325417355541,13.429454571197331,0.5,DN-HOLD-03,geographic_distance,osm:way:782381624
0.3261602654323914,0.9116176208311039,22.493574247364407,0.25,DN-HOLD-03,geographic_distance,poi-google:06fd7684a756790c4e7cb15a
0.667260933281858,0.8404812981298131,25.286553691558872,0.5,DN-HOLD-03,geographic_distance,poi-google:07808f89028d3f46a34ffa87
0.02593660099832029,0.9366771965464704,27.32009398250399,0.25,DN-HOLD-03,geographic_distance,poi-google:0d78192558cd42efde612465
0.0,0.9057375145180023,25.783768849438268,0.5,DN-HOLD-03,geographic_distance,poi-google:1c7f749f3ec420427df4f967
0.6320078203464279,0.8745302445302444,18.287403776185435,0.25,DN-HOLD-03,geographic_distance,poi-google:213a7020d00931869d51e9c1
0.7475720674287801,0.8600491875564164,0.3167820603682276,0.5,DN-HOLD-03,geographic_distance,poi-google:270efa89c4fa1b1bdeb4cdcd
0.6206962546577581,0.8595177469135802,0.3817002937771925,0.5,DN-HOLD-03,geographic_distance,poi-google:30d49ba30108437ac7f52313
0.3710528524579387,0.8953455066237022,26.618206100803878,0.25,DN-HOLD-03,geographic_distance,poi-google:394a5b600c264b6a13896254
0.3180268673306657,0.9547974288607926,0.5306071335297965,0.5,DN-HOLD-03,geographic_distance,poi-google:3aac3427ee25b18a817027e9
0.3173378471263767,0.828937728937729,18.855384429512846,0.5,DN-HOLD-03,geographic_distance,poi-google:3b5cd70d6b7f942685ca3c09
0.0,0.9197875984926345,22.268822759669376,0.25,DN-HOLD-03,geographic_distance,poi-google:3f4a179ef8edb5fa07b7a1a3
0.0,0.928806678049706,21.489608121911946,0.5,DN-HOLD-03,geographic_distance,poi-google:44589dd0fee354e42160f01b
0.0,0.9267065470255899,20.349819683565165,0.25,DN-HOLD-03,geographic_distance,poi-google:4be563d872732c20923e7dc5
0.31465010170773416,0.8663492063492064,24.64946484079624,0.25,DN-HOLD-03,geographic_distance,poi-google:526b2b20016eb1de5533d5fe
0.0,0.9082034976152624,20.914361769243047,0.25,DN-HOLD-03,geographic_distance,poi-google:5f4830143ea064085bd78b52
0.01681116236298553,0.9196830909598989,23.99893887142099,0.5,DN-HOLD-03,geographic_distance,poi-google:5fe82be03ab7e639f3ffa3cc
0.0,0.9162123700054734,20.438321009639367,0.25,DN-HOLD-03,geographic_distance,poi-google:65dd50a3316d5f4bbe68a58b
0.28596227510965316,0.9080180167597766,22.657929030438428,0.25,DN-HOLD-03,geographic_distance,poi-google:6d973efb974e368df3807632
0.323916095812998,0.8642094185740594,24.579136854221957,0.25,DN-HOLD-03,geographic_distance,poi-google:7f69b6e695dc5f4e6b42447a
0.32145031011220876,0.9195045173260802,27.29526902633552,0.5,DN-HOLD-03,geographic_distance,poi-google:82a88775641ea2336484d593
0.0,0.93749703908409,22.37633968037432,0.25,DN-HOLD-03,geographic_distance,poi-google:8617d848944c924d30b5c956
0.3236403871163636,0.8989480924060362,29.767062499445274,0.5,DN-HOLD-03,geographic_distance,poi-google:89740ab6d7ec7732c00fa5ef
0.7650880049586032,0.8932703775997846,15.436745938484135,0.25,DN-HOLD-03,geographic_distance,poi-google:94fe56282cbce6151cb0f160
0.0,0.9609145880574452,19.87796727310983,0.25,DN-HOLD-03,geographic_distance,poi-google:9c82e6c8558ba33b3f9ec70a
0.0030122462466881123,0.917845804988662,23.230849336950538,0.25,DN-HOLD-03,geographic_distance,poi-google:9f6b613e52c6d0f34461666b
0.31505716898691105,0.9123809523809523,23.592964716322463,0.5,DN-HOLD-03,geographic_distance,poi-google:ad16e3c56ab01b415a3bce36
0.0033196969754462707,0.9249170437405733,22.96773816886254,0.5,DN-HOLD-03,geographic_distance,poi-google:b74ba86b934986c0af360ab1
0.2849211877541944,0.925210643588336,22.902123403475994,0.25,DN-HOLD-03,geographic_distance,poi-google:b791504c992c0abe3b3e6c17
0.2894926676624082,0.9182451051486584,19.301472501027824,0.5,DN-HOLD-03,geographic_distance,poi-google:bcdc26372d6b4215d4917d47
0.3260453518395395,0.8991645781119466,22.936923438800154,0.5,DN-HOLD-03,geographic_distance,poi-google:cb408a9f9680098e49e55cfe
0.0,0.9194849862289795,22.966135518261588,0.5,DN-HOLD-03,geographic_distance,poi-google:d6565b2cea1890f2a4dca6c0
0.6594345378971108,0.8597480854494156,22.20712543914156,0.25,DN-HOLD-03,geographic_distance,poi-google:f300365d20dfc26c09a203a2
0.0,0.5,24.877187264077065,0.25,DN-HOLD-04,geographic_distance,osm:node:10298273478
0.0,0.9295569034317637,24.939363790154548,0.5,DN-HOLD-04,geographic_distance,osm:node:10304609242
0.0,0.9583948765632757,33.95960089971741,0.5,DN-HOLD-04,geographic_distance,osm:node:10310109109
0.0,0.9573223787364802,25.5247158455061,0.5,DN-HOLD-04,geographic_distance,osm:node:10536187009
0.0,0.9758520849324679,26.819925342898546,0.5,DN-HOLD-04,geographic_distance,osm:node:10652658505
0.025946802855843262,0.8941007655700393,30.397711524522656,0.5,DN-HOLD-04,geographic_distance,osm:node:10709724107
0.0,0.9393655941831843,34.26162974834493,0.5,DN-HOLD-04,geographic_distance,osm:node:10749874405
0.0,0.9715268426408592,34.94393806254873,0.5,DN-HOLD-04,geographic_distance,osm:node:10773540605
0.0,0.9578208458914771,28.734744329717795,0.5,DN-HOLD-04,geographic_distance,osm:node:10959238968
0.3193083259519707,0.5,25.746292693225183,0.5,DN-HOLD-04,geographic_distance,osm:node:12344125229
0.0,0.5,24.894275623869493,0.5,DN-HOLD-04,geographic_distance,osm:node:12647213526
0.0,0.5,18.85722726455821,0.5,DN-HOLD-04,geographic_distance,osm:node:12702443401
0.0,0.5,24.74357417399987,0.5,DN-HOLD-04,geographic_distance,osm:node:13146901701
0.010163694843119417,0.5,24.56449657859727,0.5,DN-HOLD-04,geographic_distance,osm:node:13397525601
0.019467950601619512,0.9614932392710172,28.504756948989055,0.25,DN-HOLD-04,geographic_distance,osm:node:14078442086
0.24818467771261343,0.8261369509043925,25.31389550468263,0.5,DN-HOLD-04,geographic_distance,osm:node:2076856032
0.0,0.5,24.95363557906636,0.25,DN-HOLD-04,geographic_distance,osm:node:2091401446
0.0,0.5,24.89805426414187,0.25,DN-HOLD-04,geographic_distance,osm:node:2091401457
0.0,0.5,24.903478843175602,0.25,DN-HOLD-04,geographic_distance,osm:node:2267838867
0.8631863855654988,0.5,25.151352414900394,0.25,DN-HOLD-04,geographic_distance,osm:node:2617007574
0.02131690209054305,0.8601381352506738,22.523278782248855,0.5,DN-HOLD-04,geographic_distance,osm:node:4171964390
0.03106917287485756,0.9140963687150838,24.323661752827082,0.25,DN-HOLD-04,geographic_distance,osm:node:4171971289
0.2512808652781403,0.9112500000000001,30.23268175373599,0.25,DN-HOLD-04,geographic_distance,osm:node:4280016689
0.0,0.5,24.991697164617005,0.25,DN-HOLD-04,geographic_distance,osm:node:4461175292
0.0,0.5,24.83205452741675,0.5,DN-HOLD-04,geographic_distance,osm:node:4580499791
0.0,0.5,24.882654661507594,0.25,DN-HOLD-04,geographic_distance,osm:node:4585476693
0.0,0.5,24.39154541691121,0.5,DN-HOLD-04,geographic_distance,osm:node:4631365689
0.0,0.5,24.656703536030243,0.25,DN-HOLD-04,geographic_distance,osm:node:4705995289
0.0,0.5,24.890729778295388,0.5,DN-HOLD-04,geographic_distance,osm:node:4887456421
0.03962013407022545,0.919531530726257,33.70572363049889,0.5,DN-HOLD-04,geographic_distance,osm:node:5273998823
0.0,0.5,24.869988114729537,0.25,DN-HOLD-04,geographic_distance,osm:node:5400164124
0.0,0.5,24.92375092039391,0.25,DN-HOLD-04,geographic_distance,osm:node:5425858521
0.0,0.5,24.918312298753964,0.5,DN-HOLD-04,geographic_distance,osm:node:5447215326
0.0,0.5,24.895692834683263,0.5,DN-HOLD-04,geographic_distance,osm:node:5447259721
0.24987808709463852,0.8404618632884666,22.673087280769952,0.5,DN-HOLD-04,geographic_distance,osm:node:5513474821
0.0,0.5,24.93561823172712,0.5,DN-HOLD-04,geographic_distance,osm:node:5611617221
0.0,0.5,24.97203229880604,0.25,DN-HOLD-04,geographic_distance,osm:node:5613322622
0.0,0.5,24.585230099075456,0.5,DN-HOLD-04,geographic_distance,osm:node:5798643153
0.0,0.5,24.84413931107074,0.5,DN-HOLD-04,geographic_distance,osm:node:6034005613
0.002755134270252512,0.5,18.934234985840373,0.5,DN-HOLD-04,geographic_distance,osm:node:6422678433
0.0,0.5,24.380111270900418,0.5,DN-HOLD-04,geographic_distance,osm:node:6483231385
0.0,0.5,24.858444730707077,0.5,DN-HOLD-04,geographic_distance,osm:node:7238341085
0.006804383617102267,0.5,10.082383380492336,0.5,DN-HOLD-04,geographic_distance,osm:node:7520823002
0.0,0.5,18.93279035024619,0.5,DN-HOLD-04,geographic_distance,osm:node:7721404199
0.0,0.5,18.064714658925492,0.5,DN-HOLD-04,geographic_distance,osm:node:8204536512
0.24908644997220955,0.8857990867579908,29.622005989709162,0.5,DN-HOLD-04,geographic_distance,osm:node:8474743417
0.0,0.5,18.899552915070572,0.5,DN-HOLD-04,geographic_distance,osm:node:8616536618
0.0043356368635402995,0.893104641168887,25.52604431219144,0.5,DN-HOLD-04,geographic_distance,osm:node:8883385553
0.25212003499849134,0.9194470164609052,25.755937101006747,0.5,DN-HOLD-04,geographic_distance,osm:relation:2836882
0.7614373259889946,0.8800102950474773,30.48962990066406,0.5,DN-HOLD-04,geographic_distance,osm:relation:8552348
0.2638937921396194,0.5,29.84047934851534,0.25,DN-HOLD-04,geographic_distance,osm:way:1109970004
0.2762779271561856,0.5,29.948377072379337,0.25,DN-HOLD-04,geographic_distance,osm:way:1109970072
0.004367830186805189,0.903680387409201,31.309678704693372,0.5,DN-HOLD-04,geographic_distance,osm:way:118672509
0.28927913102075753,0.8947322212467077,34.40668328572476,0.25,DN-HOLD-04,geographic_distance,osm:way:1384907056
0.013353854160745452,0.9395148732159239,26.17336559047178,0.5,DN-HOLD-04,geographic_distance,osm:way:14131302
0.7652416442544208,0.904267974560339,0.12764257383160016,0.5,DN-HOLD-04,geographic_distance,osm:way:198804483
0.2532633646507099,0.9494509345794393,28.21388808246263,0.5,DN-HOLD-04,geographic_distance,osm:way:302944359
0.010325896987424806,0.8999922181386903,29.496778271642963,0.5,DN-HOLD-04,geographic_distance,osm:way:359114064
0.041868329984423046,0.8886054421768707,25.577687015112385,0.5,DN-HOLD-04,geographic_distance,osm:way:35952591
0.2522332015509811,0.8533258928571428,24.877434519465073,0.5,DN-HOLD-04,geographic_distance,osm:way:565186618
0.2620098179993171,0.5,25.475141068973485,0.5,DN-HOLD-04,geographic_distance,osm:way:565592419
0.0,0.5,24.409519709591105,0.25,DN-HOLD-04,geographic_distance,osm:way:596494804
0.26417291322121494,0.5,1.8012987407420316,0.5,DN-HOLD-04,geographic_distance,osm:way:627379326
0.26712604660301964,0.5,29.39264367405011,0.25,DN-HOLD-04,geographic_distance,osm:way:746227054
0.016080932376055394,0.9797325417355541,30.80659519055176,0.5,DN-HOLD-04,geographic_distance,osm:way:782381624
0.006781303799750115,0.5,20.484894786875127,0.5,DN-HOLD-04,geographic_distance,osm:way:791093474
0.049662643585640154,0.9116176208311039,34.036263667764594,0.25,DN-HOLD-04,geographic_distance,poi-google:06fd7684a756790c4e7cb15a
0.2845374284650776,0.8958907420836354,33.59110452251437,0.25,DN-HOLD-04,geographic_distance,poi-google:097516ae1819b8c9e6ae899d
0.2485783546361945,0.8745302445302444,31.247069460942047,0.25,DN-HOLD-04,geographic_distance,poi-google:213a7020d00931869d51e9c1
0.7596463407499329,0.8600491875564164,24.981365921790438,0.5,DN-HOLD-04,geographic_distance,poi-google:270efa89c4fa1b1bdeb4cdcd
0.3072446199720663,0.9547974288607926,25.67995165490034,0.5,DN-HOLD-04,geographic_distance,poi-google:3aac3427ee25b18a817027e9
0.2899379196763503,0.9267065470255899,30.73882402780875,0.25,DN-HOLD-04,geographic_distance,poi-google:4be563d872732c20923e7dc5
0.27988218491113664,0.895057003015771,30.55104149630327,0.5,DN-HOLD-04,geographic_distance,poi-google:521000d0e66da73ae4f9b6ff
0.28177461133913584,0.8671006962600105,30.827898746443207,0.25,DN-HOLD-04,geographic_distance,poi-google:5607a70c46795183de00dbe0
0.274704546642425,0.9082034976152624,32.32940716769012,0.25,DN-HOLD-04,geographic_distance,poi-google:5f4830143ea064085bd78b52
0.28400874449437646,0.9162123700054734,34.16979341042858,0.25,DN-HOLD-04,geographic_distance,poi-google:65dd50a3316d5f4bbe68a58b
0.14156245337623946,0.9080180167597766,34.23502203856604,0.25,DN-HOLD-04,geographic_distance,poi-google:6d973efb974e368df3807632
0.2737278874109428,0.8806827103601298,30.279822348250946,0.25,DN-HOLD-04,geographic_distance,poi-google:736d4e08506d80cd51320786
0.28639067009785363,0.8603388312741267,25.208844891962862,0.5,DN-HOLD-04,geographic_distance,poi-google:77726493c07f4ffbb0a7434f
0.2575642820471643,0.8600581940749119,28.495673459192272,0.5,DN-HOLD-04,geographic_distance,poi-google:778bc1f6ad86906ad361ea00
0.27229337610310045,0.864504504189944,32.90225208660366,0.25,DN-HOLD-04,geographic_distance,poi-google:7a51b48e55ac4376c0224819
0.2868411684244236,0.93749703908409,33.91604147167771,0.25,DN-HOLD-04,geographic_distance,poi-google:8617d848944c924d30b5c956
0.7782066614791568,0.8932703775997846,30.494732110545293,0.25,DN-HOLD-04,geographic_distance,poi-google:94fe56282cbce6151cb0f160
0.045946468006515515,0.8928389915484887,30.601954454855523,0.5,DN-HOLD-04,geographic_distance,poi-google:96fd68df4dc2cab5e610d373
0.27518660784826554,0.9609145880574452,33.795860256984014,0.25,DN-HOLD-04,geographic_distance,poi-google:9c82e6c8558ba33b3f9ec70a
0.2877104595697285,0.8573710965867829,34.108784821856844,0.5,DN-HOLD-04,geographic_distance,poi-google:a5e26a17b144b3122a2c0ffe
0.2903152300536159,0.8997415313507269,34.18042716194121,0.25,DN-HOLD-04,geographic_distance,poi-google:a656101db03a62ca2415442f
0.287711382713871,0.9249170437405733,34.609984960967715,0.5,DN-HOLD-04,geographic_distance,poi-google:b74ba86b934986c0af360ab1
0.13721533951938786,0.925210643588336,34.510614142663165,0.25,DN-HOLD-04,geographic_distance,poi-google:b791504c992c0abe3b3e6c17
0.004192980079826744,0.9182451051486584,30.392881655250484,0.5,DN-HOLD-04,geographic_distance,poi-google:bcdc26372d6b4215d4917d47
0.012593375271134499,0.893793792675357,26.199876207502577,0.25,DN-HOLD-04,geographic_distance,poi-google:c65194808af589eb023098b0
0.2761056404380129,0.8815479876160991,34.238338350442284,0.25,DN-HOLD-04,geographic_distance,poi-google:c7cf76efd90a14e904ff03a1
0.2836432611215891,0.8803309763803219,34.32902529689792,0.25,DN-HOLD-04,geographic_distance,poi-google:ce4ac990f49853c1a445272d
0.25438495857610194,0.8597480854494156,33.14628158294936,0.25,DN-HOLD-04,geographic_distance,poi-google:f300365d20dfc26c09a203a2
0.7941784722239569,0.88350350270462,21.546941569327213,0.25,DN-HOLD-04,geographic_distance,poi-google:fb65138477020d96c1ac1463
0.8535957160298295,0.5,23.687724415017275,0.5,DN-HOLD-05,geographic_distance,osm:node:10154412164
0.0,0.9295569034317637,23.48068925741353,0.5,DN-HOLD-05,geographic_distance,osm:node:10304609242
0.0,0.9583948765632757,4.9747236218753415,0.5,DN-HOLD-05,geographic_distance,osm:node:10310109109
0.009415890464555616,0.9573223787364802,24.061727721177625,0.5,DN-HOLD-05,geographic_distance,osm:node:10536187009
0.0,0.9758520849324679,24.718516805748276,0.5,DN-HOLD-05,geographic_distance,osm:node:10652658505
0.007390796494442355,0.9393655941831843,4.92243172648664,0.5,DN-HOLD-05,geographic_distance,osm:node:10749874405
0.013225757491834226,0.9715268426408592,4.545210638962335,0.5,DN-HOLD-05,geographic_distance,osm:node:10773540605
0.0041657743152995865,0.9578208458914771,22.405759130405926,0.5,DN-HOLD-05,geographic_distance,osm:node:10959238968
0.0,0.7850658561296859,2.0298688414887307,0.5,DN-HOLD-05,geographic_distance,osm:node:11176025737
0.012783375807378015,0.9595321994663839,2.522631050749704,0.5,DN-HOLD-05,geographic_distance,osm:node:11665246470
0.0,0.5,0.7518673509583867,0.5,DN-HOLD-05,geographic_distance,osm:node:11715206469
0.020981560303019915,0.5,1.00355253570066,0.5,DN-HOLD-05,geographic_distance,osm:node:12612220720
0.0,0.5,1.4272506305509391,0.5,DN-HOLD-05,geographic_distance,osm:node:12690043401
0.8107723676007474,0.822908364804445,11.682912626086551,0.25,DN-HOLD-05,geographic_distance,osm:node:13040467529
0.0,0.5,1.8354155998735637,0.5,DN-HOLD-05,geographic_distance,osm:node:13288511161
0.0,0.5,2.0258461252029876,0.5,DN-HOLD-05,geographic_distance,osm:node:13288674354
0.01732180208808604,0.5,0.35995632206938466,0.5,DN-HOLD-05,geographic_distance,osm:node:13340074016
0.023519238345290037,0.5,2.0678196979116246,0.5,DN-HOLD-05,geographic_distance,osm:node:13744719202
0.0,0.9614932392710172,27.066504792773305,0.25,DN-HOLD-05,geographic_distance,osm:node:14078442086
0.0,0.9140963687150838,24.796372817476477,0.25,DN-HOLD-05,geographic_distance,osm:node:4171971289
0.0,0.9112500000000001,7.799223805326927,0.25,DN-HOLD-05,geographic_distance,osm:node:4280016689
0.02005495753476444,0.5,0.8989082070687255,0.25,DN-HOLD-05,geographic_distance,osm:node:4281489185
0.018649915631305802,0.5,1.7057558541323596,0.5,DN-HOLD-05,geographic_distance,osm:node:4339674497
0.0,0.5,1.64072573406882,0.5,DN-HOLD-05,geographic_distance,osm:node:4339674598
0.0,0.5,1.9349155326830954,0.5,DN-HOLD-05,geographic_distance,osm:node:4464451389
0.0,0.5,1.5573320686124172,0.5,DN-HOLD-05,geographic_distance,osm:node:4541527689
0.019240471964326086,0.5,1.3979588224556665,0.5,DN-HOLD-05,geographic_distance,osm:node:4571159189
0.018154875158056444,0.5,1.721902735220843,0.5,DN-HOLD-05,geographic_distance,osm:node:4652751790
0.02016628208781374,0.5,1.573195959323235,0.5,DN-HOLD-05,geographic_distance,osm:node:4676094289
0.8272235859958448,0.5,3.1221451401928197,0.25,DN-HOLD-05,geographic_distance,osm:node:4807957148
0.0,0.5,1.731030258416854,0.5,DN-HOLD-05,geographic_distance,osm:node:5116302323
0.385779466486646,0.919531530726257,2.942265486852479,0.5,DN-HOLD-05,geographic_distance,osm:node:5273998823
0.0,0.5,0.9720978983043603,0.5,DN-HOLD-05,geographic_distance,osm:node:5293335937
0.024108880211218087,0.5,1.7133859877412585,0.5,DN-HOLD-05,geographic_distance,osm:node:5301723622
0.7851401568997436,0.7832965900896259,14.995362788438374,0.25,DN-HOLD-05,geographic_distance,osm:node:5383428522
0.0,0.5,2.079137577450928,0.5,DN-HOLD-05,geographic_distance,osm:node:5796473953
0.0197728412375227,0.5,1.514292811934883,0.5,DN-HOLD-05,geographic_distance,osm:node:5913221638
0.0,0.5,1.1008454686827385,0.5,DN-HOLD-05,geographic_distance,osm:node:5978084714
0.0,0.5,1.7204018281823197,0.5,DN-HOLD-05,geographic_distance,osm:node:6152597685
0.0,0.5,1.9117907909994025,0.5,DN-HOLD-05,geographic_distance,osm:node:6152603585
0.0,0.5,1.7551818096572498,0.5,DN-HOLD-05,geographic_distance,osm:node:6152681085
0.0,0.5,2.08052230295416,0.5,DN-HOLD-05,geographic_distance,osm:node:6152685685
0.0,0.5,1.9359599911399423,0.25,DN-HOLD-05,geographic_distance,osm:node:6561782799
0.0,0.5,1.5859210215081831,0.5,DN-HOLD-05,geographic_distance,osm:node:6911218676
0.0,0.5,1.0522049820383037,0.5,DN-HOLD-05,geographic_distance,osm:node:7370362779
0.0,0.5,1.401316577501472,0.5,DN-HOLD-05,geographic_distance,osm:node:8474743517
0.0,0.5,1.7400401595079054,0.5,DN-HOLD-05,geographic_distance,osm:node:8552881467
0.014934664771471734,0.5,1.4182994528553796,0.5,DN-HOLD-05,geographic_distance,osm:node:8616526719
0.0,0.5,1.3956695911463148,0.5,DN-HOLD-05,geographic_distance,osm:node:8616536517
0.022465176881180333,0.5,1.1767170274774241,0.5,DN-HOLD-05,geographic_distance,osm:node:8616537318
0.7637442250382579,0.9198595417364338,5.325543218311926,0.25,DN-HOLD-05,geographic_distance,osm:relation:19000664
0.0,0.9194470164609052,22.725660604808155,0.5,DN-HOLD-05,geographic_distance,osm:relation:2836882
0.41742654988948585,0.9378225032687508,10.072438507092777,0.25,DN-HOLD-05,geographic_distance,osm:relation:7055216
0.8329952587307764,0.8947322212467077,1.792548688512955,0.25,DN-HOLD-05,geographic_distance,osm:way:1384907056
0.7796392175749112,0.9395148732159239,24.791538168371098,0.5,DN-HOLD-05,geographic_distance,osm:way:14131302
0.0,0.5,1.530095736441877,0.5,DN-HOLD-05,geographic_distance,osm:way:1535565789
0.0,0.859987618015787,2.0157782827826254,0.5,DN-HOLD-05,geographic_distance,osm:way:204790989
0.0,0.9494509345794393,5.928074180097799,0.5,DN-HOLD-05,geographic_distance,osm:way:302944359
0.8092668930623033,0.8111448834853091,8.034841142953344,0.25,DN-HOLD-05,geographic_distance,osm:way:630377259
0.8226302061658208,0.8980392156862745,4.932449291374826,0.5,DN-HOLD-05,geographic_distance,osm:way:962130353
0.0,0.9116176208311039,2.2984991971606084,0.25,DN-HOLD-05,geographic_distance,poi-google:06fd7684a756790c4e7cb15a
0.7809441052057684,0.8450863361266293,2.8730326474310766,0.5,DN-HOLD-05,geographic_distance,poi-google:086dbd4075f8029f486a6ded
0.8217232064179217,0.8958907420836354,5.677497352816186,0.25,DN-HOLD-05,geographic_distance,poi-google:097516ae1819b8c9e6ae899d
0.43874852838368505,0.9366771965464704,10.736167135033954,0.25,DN-HOLD-05,geographic_distance,poi-google:0d78192558cd42efde612465
0.7987953230383358,0.851609907120743,3.5371997514283082,0.5,DN-HOLD-05,geographic_distance,poi-google:14256836840dee41128344c8
0.8289871256508159,0.9057375145180023,8.00009301361518,0.5,DN-HOLD-05,geographic_distance,poi-google:1c7f749f3ec420427df4f967
0.8265812031079596,0.9195424836601308,9.801831124378777,0.25,DN-HOLD-05,geographic_distance,poi-google:3540cb76454a2dddabf74b4c
0.0,0.9547974288607926,24.014639139478692,0.5,DN-HOLD-05,geographic_distance,poi-google:3aac3427ee25b18a817027e9
0.809722602737119,0.9197875984926345,4.829606894463799,0.25,DN-HOLD-05,geographic_distance,poi-google:3f4a179ef8edb5fa07b7a1a3
0.8173596696816541,0.8802675227394328,6.361172903938774,0.25,DN-HOLD-05,geographic_distance,poi-google:433657c5c0911e563865e7fc
0.8088945399162394,0.928806678049706,4.8307859360059275,0.5,DN-HOLD-05,geographic_distance,poi-google:44589dd0fee354e42160f01b
0.8388339667671961,0.7333532784841685,13.542597540551872,0.25,DN-HOLD-05,geographic_distance,poi-google:493f91c7d64272fd01a9b41b
0.8345613418205017,0.9267065470255899,3.361374672949444,0.25,DN-HOLD-05,geographic_distance,poi-google:4be563d872732c20923e7dc5
0.0,0.8347985347985347,1.9690873047683328,0.25,DN-HOLD-05,geographic_distance,poi-google:54f6c1d76c715ccf3460f85c
0.8189449112907966,0.8956223893065998,6.319723528724265,0.5,DN-HOLD-05,geographic_distance,poi-google:554cc747f07be61990b2e682
0.38107884580264534,0.9161517070142766,7.440325038590678,0.5,DN-HOLD-05,geographic_distance,poi-google:5d675953ee6379f755940b59
0.798348320079197,0.9082034976152624,2.9052174303487943,0.25,DN-HOLD-05,geographic_distance,poi-google:5f4830143ea064085bd78b52
0.3808565825773357,0.9196830909598989,3.286776985650318,0.5,DN-HOLD-05,geographic_distance,poi-google:5fe82be03ab7e639f3ffa3cc
0.8204664102978081,0.9162123700054734,5.121747208621044,0.25,DN-HOLD-05,geographic_distance,poi-google:65dd50a3316d5f4bbe68a58b
0.37543760146821625,0.9080180167597766,2.3376188098751935,0.25,DN-HOLD-05,geographic_distance,poi-google:6d973efb974e368df3807632
0.8344306724897975,0.7875283446712018,2.9892491035120483,0.25,DN-HOLD-05,geographic_distance,poi-google:6fe02f0d54698ccdc8e5fc46
0.7960265898947692,0.8806827103601298,10.075095170164516,0.25,DN-HOLD-05,geographic_distance,poi-google:736d4e08506d80cd51320786
0.8589472705546168,0.9269153515064563,28.4734555220448,0.25,DN-HOLD-05,geographic_distance,poi-google:772c9aaffddae3fa546180eb
0.8261287625209691,0.8603388312741267,21.740679251619625,0.5,DN-HOLD-05,geographic_distance,poi-google:77726493c07f4ffbb0a7434f
0.0,0.9195045173260802,10.348110941676996,0.5,DN-HOLD-05,geographic_distance,poi-google:82a88775641ea2336484d593
0.8271996944582471,0.93749703908409,2.306484541763972,0.25,DN-HOLD-05,geographic_distance,poi-google:8617d848944c924d30b5c956
0.3977074152358863,0.9200161948402485,27.989578903778387,0.5,DN-HOLD-05,geographic_distance,poi-google:8d884d56ec6941a539ca5206
0.8136729959536355,0.8450240279598079,6.340340143066844,0.5,DN-HOLD-05,geographic_distance,poi-google:998e9a8c14e1719dfcc113bb
0.7994942838056064,0.9609145880574452,5.453223609951558,0.25,DN-HOLD-05,geographic_distance,poi-google:9c82e6c8558ba33b3f9ec70a
0.8108317581834028,0.917845804988662,5.210831614878026,0.25,DN-HOLD-05,geographic_distance,poi-google:9f6b613e52c6d0f34461666b
0.8292661874847321,0.8573710965867829,5.1864829781009965,0.5,DN-HOLD-05,geographic_distance,poi-google:a5e26a17b144b3122a2c0ffe
0.8354582901762406,0.8997415313507269,5.17377241632477,0.25,DN-HOLD-05,geographic_distance,poi-google:a656101db03a62ca2415442f
0.0,0.9123809523809523,5.157117064255481,0.5,DN-HOLD-05,geographic_distance,poi-google:ad16e3c56ab01b415a3bce36
0.8173596696816541,0.8943722943722943,6.034850228027585,0.25,DN-HOLD-05,geographic_distance,poi-google:af0d624892b6750e416557b8
0.8296372390088085,0.8371764705882352,5.5452734909712555,0.5,DN-HOLD-05,geographic_distance,poi-google:b0df4ad36e2811bdabcf19b5
0.8257825885152285,0.9249170437405733,2.457852021818831,0.5,DN-HOLD-05,geographic_distance,poi-google:b74ba86b934986c0af360ab1
0.37099588001881806,0.925210643588336,2.401325413954907,0.25,DN-HOLD-05,geographic_distance,poi-google:b791504c992c0abe3b3e6c17
0.0,0.9182451051486584,4.353403995179528,0.5,DN-HOLD-05,geographic_distance,poi-google:bcdc26372d6b4215d4917d47
0.8184521078563086,0.8708225108225107,2.17477507532764,0.5,DN-HOLD-05,geographic_distance,poi-google:c3bbfbd7bec3b184f49639b7
0.8016790230015396,0.8815479876160991,0.9360065282189861,0.25,DN-HOLD-05,geographic_distance,poi-google:c7cf76efd90a14e904ff03a1
0.8195975772891658,0.8803309763803219,2.2860890585135,0.25,DN-HOLD-05,geographic_distance,poi-google:ce4ac990f49853c1a445272d
0.8269499006084866,0.9194849862289795,4.987386179688923,0.5,DN-HOLD-05,geographic_distance,poi-google:d6565b2cea1890f2a4dca6c0
0.7824788105133289,0.8804342676667984,5.480343177337119,0.5,DN-HOLD-05,geographic_distance,poi-google:ddeb5e663c459ffe827f9b34
0.8046580514576706,0.8808855472013366,3.7822659040870406,0.25,DN-HOLD-05,geographic_distance,poi-google:e961b3dee73a6dfbc87c86de
0.0,0.8597480854494156,1.7623276449351135,0.25,DN-HOLD-05,geographic_distance,poi-google:f300365d20dfc26c09a203a2
0.7833620585530532,0.8604431113866529,3.1390174940500186,0.5,DN-HOLD-05,geographic_distance,poi-google:ffb47bfbdaad001797941c2e
1.0,0.5,2.27772839862287,0.5,DN-HOLD-06,geographic_distance,osm:node:10111546117
1.0,0.5,2.5003004951499412,0.25,DN-HOLD-06,geographic_distance,osm:node:10295139993
1.0,0.5,2.1764975789649728,0.25,DN-HOLD-06,geographic_distance,osm:node:10295259298
1.0,0.9583948765632757,4.9747236218753415,0.5,DN-HOLD-06,geographic_distance,osm:node:10310109109
1.0,0.5,2.839343138947032,0.5,DN-HOLD-06,geographic_distance,osm:node:10312895500
1.0,0.5,6.2008772260387595,0.5,DN-HOLD-06,geographic_distance,osm:node:10312969476
1.0,0.5,3.6619416328779195,0.5,DN-HOLD-06,geographic_distance,osm:node:10537046604
1.0,0.8941007655700393,9.096954559981581,0.5,DN-HOLD-06,geographic_distance,osm:node:10709724107
1.0,0.9393655941831843,4.92243172648664,0.5,DN-HOLD-06,geographic_distance,osm:node:10749874405
1.0,0.5,4.387592623133882,0.5,DN-HOLD-06,geographic_distance,osm:node:10768300006
1.0,0.5,4.138217002943414,0.5,DN-HOLD-06,geographic_distance,osm:node:10768346405
1.0,0.9715268426408592,4.545210638962335,0.5,DN-HOLD-06,geographic_distance,osm:node:10773540605
1.0,0.5,4.109859057291112,0.5,DN-HOLD-06,geographic_distance,osm:node:10775822705
1.0,0.5,4.091478222519292,0.5,DN-HOLD-06,geographic_distance,osm:node:10775883305
1.0,0.5,4.554506568748751,0.5,DN-HOLD-06,geographic_distance,osm:node:10777276806
1.0,0.5,4.142496182831727,0.5,DN-HOLD-06,geographic_distance,osm:node:10777962706
1.0,0.5,4.200044185921805,0.5,DN-HOLD-06,geographic_distance,osm:node:10779745505
1.0,0.5,4.051977084951908,0.5,DN-HOLD-06,geographic_distance,osm:node:10783641305
1.0,0.5,3.5654894253320424,0.25,DN-HOLD-06,geographic_distance,osm:node:10784775351
1.0,0.5,4.108835219824541,0.5,DN-HOLD-06,geographic_distance,osm:node:10796872105
1.0,0.5,4.5295464704810025,0.5,DN-HOLD-06,geographic_distance,osm:node:10798682806
1.0,0.5,4.445787910166115,0.5,DN-HOLD-06,geographic_distance,osm:node:11074810731
1.0,0.7850658561296859,2.0298688414887307,0.5,DN-HOLD-06,geographic_distance,osm:node:11176025737
1.0,0.5,4.766458408318295,0.25,DN-HOLD-06,geographic_distance,osm:node:11198985391
1.0,0.5,3.148928618026887,0.5,DN-HOLD-06,geographic_distance,osm:node:11276780187
1.0,0.5,4.390651831901012,0.5,DN-HOLD-06,geographic_distance,osm:node:11361153194
1.0,0.5,3.9143174293813923,0.5,DN-HOLD-06,geographic_distance,osm:node:11510069960
1.0,0.9595321994663839,2.522631050749704,0.5,DN-HOLD-06,geographic_distance,osm:node:11665246470
1.0,0.5,4.8492327382154565,0.5,DN-HOLD-06,geographic_distance,osm:node:11684513272
1.0,0.5,0.7518673509583867,0.5,DN-HOLD-06,geographic_distance,osm:node:11715206469
1.0,0.5,2.849191768263668,0.5,DN-HOLD-06,geographic_distance,osm:node:11758839350
1.0,0.5,4.489408702344101,0.5,DN-HOLD-06,geographic_distance,osm:node:11888483369
1.0,0.5,4.557717399686177,0.5,DN-HOLD-06,geographic_distance,osm:node:11888486669
1.0,0.5,4.517652440765781,0.5,DN-HOLD-06,geographic_distance,osm:node:11906556370
1.0,0.5,4.518816238510898,0.5,DN-HOLD-06,geographic_distance,osm:node:11906566069
1.0,0.5,4.52345873371775,0.5,DN-HOLD-06,geographic_distance,osm:node:11906566169
1.0,0.5,4.642142943935821,0.5,DN-HOLD-06,geographic_distance,osm:node:11906566170
1.0,0.5,3.713469611275559,0.5,DN-HOLD-06,geographic_distance,osm:node:11934061598
1.0,0.8769861362266426,2.8260737972173993,0.5,DN-HOLD-06,geographic_distance,osm:node:11934169470
1.0,0.5,2.1597366038821235,0.5,DN-HOLD-06,geographic_distance,osm:node:11951128766
1.0,0.5,1.00355253570066,0.5,DN-HOLD-06,geographic_distance,osm:node:12612220720
1.0,0.5,1.4272506305509391,0.5,DN-HOLD-06,geographic_distance,osm:node:12690043401
1.0,0.5,1.8354155998735637,0.5,DN-HOLD-06,geographic_distance,osm:node:13288511161
1.0,0.5,2.0258461252029876,0.5,DN-HOLD-06,geographic_distance,osm:node:13288674354
1.0,0.5,0.35995632206938466,0.5,DN-HOLD-06,geographic_distance,osm:node:13340074016
1.0,0.5,2.0678196979116246,0.5,DN-HOLD-06,geographic_distance,osm:node:13744719202
1.0,0.9112500000000001,7.799223805326927,0.25,DN-HOLD-06,geographic_distance,osm:node:4280016689
1.0,0.5,0.8989082070687255,0.25,DN-HOLD-06,geographic_distance,osm:node:4281489185
1.0,0.5,1.7057558541323596,0.5,DN-HOLD-06,geographic_distance,osm:node:4339674497
1.0,0.5,1.64072573406882,0.5,DN-HOLD-06,geographic_distance,osm:node:4339674598
1.0,0.5,1.9349155326830954,0.5,DN-HOLD-06,geographic_distance,osm:node:4464451389
1.0,0.5,1.5573320686124172,0.5,DN-HOLD-06,geographic_distance,osm:node:4541527689
1.0,0.5,1.3979588224556665,0.5,DN-HOLD-06,geographic_distance,osm:node:4571159189
1.0,0.5,1.721902735220843,0.5,DN-HOLD-06,geographic_distance,osm:node:4652751790
1.0,0.5,1.573195959323235,0.5,DN-HOLD-06,geographic_distance,osm:node:4676094289
1.0,0.5,1.731030258416854,0.5,DN-HOLD-06,geographic_distance,osm:node:5116302323
1.0,0.919531530726257,2.942265486852479,0.5,DN-HOLD-06,geographic_distance,osm:node:5273998823
1.0,0.5,0.9720978983043603,0.5,DN-HOLD-06,geographic_distance,osm:node:5293335937
1.0,0.5,1.7133859877412585,0.5,DN-HOLD-06,geographic_distance,osm:node:5301723622
1.0,0.5,2.079137577450928,0.5,DN-HOLD-06,geographic_distance,osm:node:5796473953
1.0,0.5,1.514292811934883,0.5,DN-HOLD-06,geographic_distance,osm:node:5913221638
1.0,0.5,1.1008454686827385,0.5,DN-HOLD-06,geographic_distance,osm:node:5978084714
1.0,0.5,1.7204018281823197,0.5,DN-HOLD-06,geographic_distance,osm:node:6152597685
1.0,0.5,1.9117907909994025,0.5,DN-HOLD-06,geographic_distance,osm:node:6152603585
1.0,0.5,1.7551818096572498,0.5,DN-HOLD-06,geographic_distance,osm:node:6152681085
1.0,0.5,2.08052230295416,0.5,DN-HOLD-06,geographic_distance,osm:node:6152685685
1.0,0.5,1.9359599911399423,0.25,DN-HOLD-06,geographic_distance,osm:node:6561782799
1.0,0.5,1.5859210215081831,0.5,DN-HOLD-06,geographic_distance,osm:node:6911218676
1.0,0.5,1.0522049820383037,0.5,DN-HOLD-06,geographic_distance,osm:node:7370362779
1.0,0.5,1.401316577501472,0.5,DN-HOLD-06,geographic_distance,osm:node:8474743517
1.0,0.5,1.7400401595079054,0.5,DN-HOLD-06,geographic_distance,osm:node:8552881467
1.0,0.5,1.4182994528553796,0.5,DN-HOLD-06,geographic_distance,osm:node:8616526719
1.0,0.5,1.3956695911463148,0.5,DN-HOLD-06,geographic_distance,osm:node:8616536517
1.0,0.5,1.1767170274774241,0.5,DN-HOLD-06,geographic_distance,osm:node:8616537318
1.0,0.9198595417364338,5.325543218311926,0.25,DN-HOLD-06,geographic_distance,osm:relation:19000664
1.0,0.9378225032687508,10.072438507092777,0.25,DN-HOLD-06,geographic_distance,osm:relation:7055216
1.0,0.903680387409201,3.242035335867819,0.5,DN-HOLD-06,geographic_distance,osm:way:118672509
1.0,0.8947322212467077,1.792548688512955,0.25,DN-HOLD-06,geographic_distance,osm:way:1384907056
1.0,0.5,1.530095736441877,0.5,DN-HOLD-06,geographic_distance,osm:way:1535565789
1.0,0.859987618015787,2.0157782827826254,0.5,DN-HOLD-06,geographic_distance,osm:way:204790989
1.0,0.9494509345794393,5.928074180097799,0.5,DN-HOLD-06,geographic_distance,osm:way:302944359
1.0,0.9000450193929692,9.601717963432495,0.5,DN-HOLD-06,geographic_distance,osm:way:486703049
1.0,0.8985767569689832,2.5094604854577667,0.5,DN-HOLD-06,geographic_distance,osm:way:759913076
1.0,0.8980392156862745,4.932449291374826,0.5,DN-HOLD-06,geographic_distance,osm:way:962130353
1.0,0.9116176208311039,2.2984991971606084,0.25,DN-HOLD-06,geographic_distance,poi-google:06fd7684a756790c4e7cb15a
1.0,0.8958907420836354,5.677497352816186,0.25,DN-HOLD-06,geographic_distance,poi-google:097516ae1819b8c9e6ae899d
1.0,0.9366771965464704,10.736167135033954,0.25,DN-HOLD-06,geographic_distance,poi-google:0d78192558cd42efde612465
1.0,0.9057375145180023,8.00009301361518,0.5,DN-HOLD-06,geographic_distance,poi-google:1c7f749f3ec420427df4f967
1.0,0.9195424836601308,9.801831124378777,0.25,DN-HOLD-06,geographic_distance,poi-google:3540cb76454a2dddabf74b4c
1.0,0.9197875984926345,4.829606894463799,0.25,DN-HOLD-06,geographic_distance,poi-google:3f4a179ef8edb5fa07b7a1a3
1.0,0.928806678049706,4.8307859360059275,0.5,DN-HOLD-06,geographic_distance,poi-google:44589dd0fee354e42160f01b
1.0,0.9267065470255899,3.361374672949444,0.25,DN-HOLD-06,geographic_distance,poi-google:4be563d872732c20923e7dc5
1.0,0.8347985347985347,1.9690873047683328,0.25,DN-HOLD-06,geographic_distance,poi-google:54f6c1d76c715ccf3460f85c
1.0,0.9161517070142766,7.440325038590678,0.5,DN-HOLD-06,geographic_distance,poi-google:5d675953ee6379f755940b59
1.0,0.9082034976152624,2.9052174303487943,0.25,DN-HOLD-06,geographic_distance,poi-google:5f4830143ea064085bd78b52
1.0,0.9196830909598989,3.286776985650318,0.5,DN-HOLD-06,geographic_distance,poi-google:5fe82be03ab7e639f3ffa3cc
1.0,0.9162123700054734,5.121747208621044,0.25,DN-HOLD-06,geographic_distance,poi-google:65dd50a3316d5f4bbe68a58b
1.0,0.9080180167597766,2.3376188098751935,0.25,DN-HOLD-06,geographic_distance,poi-google:6d973efb974e368df3807632
1.0,0.9195045173260802,10.348110941676996,0.5,DN-HOLD-06,geographic_distance,poi-google:82a88775641ea2336484d593
1.0,0.93749703908409,2.306484541763972,0.25,DN-HOLD-06,geographic_distance,poi-google:8617d848944c924d30b5c956
1.0,0.8989480924060362,10.090476933084503,0.5,DN-HOLD-06,geographic_distance,poi-google:89740ab6d7ec7732c00fa5ef
1.0,0.9609145880574452,5.453223609951558,0.25,DN-HOLD-06,geographic_distance,poi-google:9c82e6c8558ba33b3f9ec70a
1.0,0.917845804988662,5.210831614878026,0.25,DN-HOLD-06,geographic_distance,poi-google:9f6b613e52c6d0f34461666b
1.0,0.8997415313507269,5.17377241632477,0.25,DN-HOLD-06,geographic_distance,poi-google:a656101db03a62ca2415442f
1.0,0.9123809523809523,5.157117064255481,0.5,DN-HOLD-06,geographic_distance,poi-google:ad16e3c56ab01b415a3bce36
1.0,0.9249170437405733,2.457852021818831,0.5,DN-HOLD-06,geographic_distance,poi-google:b74ba86b934986c0af360ab1
1.0,0.925210643588336,2.401325413954907,0.25,DN-HOLD-06,geographic_distance,poi-google:b791504c992c0abe3b3e6c17
1.0,0.9182451051486584,4.353403995179528,0.5,DN-HOLD-06,geographic_distance,poi-google:bcdc26372d6b4215d4917d47
1.0,0.9028729817668365,11.402854941937111,0.25,DN-HOLD-06,geographic_distance,poi-google:bf2824fb0db1bbed8775e338
1.0,0.8995368501996536,13.354598713994537,0.5,DN-HOLD-06,geographic_distance,poi-google:c69f307ab4206664bf1a4923
1.0,0.8815479876160991,0.9360065282189861,0.25,DN-HOLD-06,geographic_distance,poi-google:c7cf76efd90a14e904ff03a1
1.0,0.8991645781119466,3.0988403806387637,0.5,DN-HOLD-06,geographic_distance,poi-google:cb408a9f9680098e49e55cfe
1.0,0.9194849862289795,4.987386179688923,0.5,DN-HOLD-06,geographic_distance,poi-google:d6565b2cea1890f2a4dca6c0
1.0,0.8597480854494156,1.7623276449351135,0.25,DN-HOLD-06,geographic_distance,poi-google:f300365d20dfc26c09a203a2
